ISO-10303-21;
HEADER;
FILE_DESCRIPTION (( 'STEP AP214' ),
    '1' );
FILE_NAME ('×óÓÒµç»úÖ§¼Ü.STEP',
    '2025-09-28T04:44:48',
    ( '' ),
    ( '' ),
    'SwSTEP 2.0',
    'SolidWorks 2025',
    '' );
FILE_SCHEMA (( 'AUTOMOTIVE_DESIGN' ));
ENDSEC;

DATA;
#1 = EDGE_LOOP ( 'NONE', ( #1970, #1759, #1212, #1253 ) ) ;
#2 = ORIENTED_EDGE ( 'NONE', *, *, #1989, .F. ) ;
#3 = FACE_OUTER_BOUND ( 'NONE', #1792, .T. ) ;
#4 = DIRECTION ( 'NONE',  ( 0.000000000000000000, 0.000000000000000000, -1.000000000000000000 ) ) ;
#5 = DIRECTION ( 'NONE',  ( 0.000000000000000000, -0.000000000000000000, 1.000000000000000000 ) ) ;
#6 = CARTESIAN_POINT ( 'NONE',  ( 15.82560655809940187, 11.97092039726019763, 7.918015312738729605 ) ) ;
#7 = VERTEX_POINT ( 'NONE', #2593 ) ;
#8 = VERTEX_POINT ( 'NONE', #1295 ) ;
#9 = ORIENTED_EDGE ( 'NONE', *, *, #1935, .T. ) ;
#10 = ADVANCED_FACE ( 'NONE', ( #1978 ), #881, .T. ) ;
#11 = CARTESIAN_POINT ( 'NONE',  ( 55.98528137423861750, 22.50000000000004974, -26.00000000000003197 ) ) ;
#12 = EDGE_CURVE ( 'NONE', #1341, #545, #1623, .T. ) ;
#13 = EDGE_LOOP ( 'NONE', ( #2155, #992, #1949, #2244 ) ) ;
#14 = CARTESIAN_POINT ( 'NONE',  ( -27.50000000000000711, -19.50000000000000355, 0.000000000000000000 ) ) ;
#15 = VERTEX_POINT ( 'NONE', #642 ) ;
#16 = CARTESIAN_POINT ( 'NONE',  ( -30.50000000000000711, 3.000000000000002665, -23.00000000000004974 ) ) ;
#17 = B_SPLINE_CURVE_WITH_KNOTS ( 'NONE', 3,
 ( #2705, #1867, #2513, #2312, #1878, #1849 ),
 .UNSPECIFIED., .F., .F.,
 ( 4, 2, 4 ),
 ( 0.01443484291753884853, 0.01478499234147184413, 0.01513514176540483799 ),
 .UNSPECIFIED. ) ;
#18 = CARTESIAN_POINT ( 'NONE',  ( 12.99999999999999289, 13.00000000000000000, 0.000000000000000000 ) ) ;
#19 = ORIENTED_EDGE ( 'NONE', *, *, #657, .T. ) ;
#20 = ORIENTED_EDGE ( 'NONE', *, *, #1989, .T. ) ;
#21 = CARTESIAN_POINT ( 'NONE',  ( 30.50000000000001066, 17.50000000000000000, -26.00000000000003553 ) ) ;
#22 = DIRECTION ( 'NONE',  ( 1.349221823327174429E-16, 1.967543734044216016E-16, -1.000000000000000000 ) ) ;
#23 = DIRECTION ( 'NONE',  ( 3.413144305457568632E-32, -1.000000000000000000, -1.967543734044216016E-16 ) ) ;
#24 = VERTEX_POINT ( 'NONE', #1483 ) ;
#25 = DIRECTION ( 'NONE',  ( -1.000000000000000000, -1.875376730785737226E-16, 0.000000000000000000 ) ) ;
#26 =( LENGTH_UNIT ( ) NAMED_UNIT ( * ) SI_UNIT ( .MILLI., .METRE. ) );
#27 = CARTESIAN_POINT ( 'NONE',  ( 11.42002119551446171, 15.56093370764664208, 7.820537620693837511 ) ) ;
#28 = VECTOR ( 'NONE', #1859, 1000.000000000000000 ) ;
#29 = CARTESIAN_POINT ( 'NONE',  ( 14.59999999999999254, 13.00000000000000000, 5.000000000000000000 ) ) ;
#30 = ORIENTED_EDGE ( 'NONE', *, *, #44, .T. ) ;
#31 = LINE ( 'NONE', #1723, #2396 ) ;
#32 = VECTOR ( 'NONE', #43, 1000.000000000000000 ) ;
#33 = VECTOR ( 'NONE', #1783, 999.9999999999998863 ) ;
#34 = EDGE_CURVE ( 'NONE', #1330, #1621, #786, .T. ) ;
#35 = DIRECTION ( 'NONE',  ( 3.413144305457568632E-32, -1.000000000000000000, -1.967543734044216016E-16 ) ) ;
#36 = AXIS2_PLACEMENT_3D ( 'NONE', #1208, #593, #962 ) ;
#37 = LINE ( 'NONE', #670, #834 ) ;
#38 = AXIS2_PLACEMENT_3D ( 'NONE', #1389, #1191, #833 ) ;
#39 = CARTESIAN_POINT ( 'NONE',  ( 27.50000000000001066, 9.014718625761419801, -20.00000000000003908 ) ) ;
#40 = ORIENTED_EDGE ( 'NONE', *, *, #738, .T. ) ;
#41 = CARTESIAN_POINT ( 'NONE',  ( 35.98528137423861040, 17.50000000000004263, -20.00000000000003908 ) ) ;
#42 = CARTESIAN_POINT ( 'NONE',  ( -13.00000000000000711, 13.00000000000000000, 5.000000000000000000 ) ) ;
#43 = DIRECTION ( 'NONE',  ( 0.000000000000000000, -0.000000000000000000, 1.000000000000000000 ) ) ;
#44 = EDGE_CURVE ( 'NONE', #2670, #916, #268, .T. ) ;
#45 = ORIENTED_EDGE ( 'NONE', *, *, #112, .T. ) ;
#46 = DIRECTION ( 'NONE',  ( -0.000000000000000000, 0.000000000000000000, 1.000000000000000000 ) ) ;
#47 = VERTEX_POINT ( 'NONE', #422 ) ;
#48 = CARTESIAN_POINT ( 'NONE',  ( 48.74264068711928388, 14.50000000000004796, -23.00000000000003553 ) ) ;
#49 = CARTESIAN_POINT ( 'NONE',  ( 15.99999999999999289, 13.00000000000000000, 5.000000000000000000 ) ) ;
#50 = LINE ( 'NONE', #2177, #2665 ) ;
#51 = ADVANCED_FACE ( 'NONE', ( #224 ), #2364, .F. ) ;
#52 = EDGE_LOOP ( 'NONE', ( #1401, #609 ) ) ;
#53 = LINE ( 'NONE', #2235, #1663 ) ;
#54 = CARTESIAN_POINT ( 'NONE',  ( 35.50000000000005684, 22.50000000000004263, 10.10628645568519346 ) ) ;
#55 = FACE_OUTER_BOUND ( 'NONE', #2035, .T. ) ;
#56 = CARTESIAN_POINT ( 'NONE',  ( 12.99999999999999822, 0.000000000000000000, 0.000000000000000000 ) ) ;
#57 = ORIENTED_EDGE ( 'NONE', *, *, #1832, .F. ) ;
#58 = DIRECTION ( 'NONE',  ( -0.7071067811865480168, -0.7071067811865470176, -4.906538933386744980E-16 ) ) ;
#59 = ORIENTED_EDGE ( 'NONE', *, *, #236, .T. ) ;
#60 = VERTEX_POINT ( 'NONE', #39 ) ;
#61 = CARTESIAN_POINT ( 'NONE',  ( -32.50000000000007816, 22.50000000000003908, 25.51609221829270169 ) ) ;
#62 = CARTESIAN_POINT ( 'NONE',  ( -55.98528137423859619, 22.50000000000004263, 25.51609221829269813 ) ) ;
#63 = EDGE_CURVE ( 'NONE', #1470, #2024, #1508, .T. ) ;
#64 = LINE ( 'NONE', #1120, #700 ) ;
#65 = CARTESIAN_POINT ( 'NONE',  ( 16.00000000000025935, -12.79065325435154676, 7.984404268791013948 ) ) ;
#66 = VERTEX_POINT ( 'NONE', #868 ) ;
#67 = CARTESIAN_POINT ( 'NONE',  ( -27.50000000000000711, -14.49999999999999822, 8.000000000000000000 ) ) ;
#68 = ORIENTED_EDGE ( 'NONE', *, *, #145, .T. ) ;
#69 = FACE_OUTER_BOUND ( 'NONE', #452, .T. ) ;
#70 = ORIENTED_EDGE ( 'NONE', *, *, #921, .T. ) ;
#71 = VECTOR ( 'NONE', #1618, 1000.000000000000000 ) ;
#72 = AXIS2_PLACEMENT_3D ( 'NONE', #1730, #1966, #644 ) ;
#73 = AXIS2_PLACEMENT_3D ( 'NONE', #1075, #1271, #2136 ) ;
#74 = LINE ( 'NONE', #1168, #1531 ) ;
#75 = AXIS2_PLACEMENT_3D ( 'NONE', #2191, #1770, #1116 ) ;
#76 = CARTESIAN_POINT ( 'NONE',  ( 30.50000000000000000, 17.50000000000000711, -20.00000000000003908 ) ) ;
#77 = EDGE_CURVE ( 'NONE', #1330, #1614, #2175, .T. ) ;
#78 = VECTOR ( 'NONE', #1754, 1000.000000000000000 ) ;
#79 = DIRECTION ( 'NONE',  ( 1.000000000000000000, 8.881784197001252323E-16, 0.000000000000000000 ) ) ;
#80 = DIRECTION ( 'NONE',  ( 0.7071067811865464625, 0.7071067811865486830, 0.000000000000000000 ) ) ;
#81 = ORIENTED_EDGE ( 'NONE', *, *, #2125, .T. ) ;
#82 = LINE ( 'NONE', #1804, #253 ) ;
#83 = DIRECTION ( 'NONE',  ( 3.413144305457568632E-32, -1.000000000000000000, -1.967543734044216016E-16 ) ) ;
#84 = VERTEX_POINT ( 'NONE', #1547 ) ;
#85 = ORIENTED_EDGE ( 'NONE', *, *, #1254, .T. ) ;
#86 = CARTESIAN_POINT ( 'NONE',  ( 50.98528137423861750, 22.50000000000006040, -16.00000000000003908 ) ) ;
#87 = DIRECTION ( 'NONE',  ( 3.413144305457568632E-32, -1.000000000000000000, -1.967543734044216016E-16 ) ) ;
#88 = DIRECTION ( 'NONE',  ( 0.000000000000000000, 0.000000000000000000, 1.000000000000000000 ) ) ;
#89 = EDGE_LOOP ( 'NONE', ( #2335, #1150, #468, #667 ) ) ;
#90 = ORIENTED_EDGE ( 'NONE', *, *, #2275, .F. ) ;
#91 = CARTESIAN_POINT ( 'NONE',  ( -19.50000000000000711, -2.999999999999988898, -63.85498646149545721 ) ) ;
#92 = DIRECTION ( 'NONE',  ( -1.000000000000000000, 1.477285665293037698E-16, -1.349221823327174182E-16 ) ) ;
#93 = ORIENTED_EDGE ( 'NONE', *, *, #1159, .F. ) ;
#94 = CARTESIAN_POINT ( 'NONE',  ( -11.22333519314923223, 15.42813814496372515, 7.769236842831206857 ) ) ;
#95 = ORIENTED_EDGE ( 'NONE', *, *, #1752, .T. ) ;
#96 = CARTESIAN_POINT ( 'NONE',  ( 12.75383885645598347, -15.99938394344044923, 7.983174310249974148 ) ) ;
#97 = DIRECTION ( 'NONE',  ( 0.000000000000000000, 0.000000000000000000, -1.000000000000000000 ) ) ;
#98 = DIRECTION ( 'NONE',  ( -1.000000000000000000, 0.000000000000000000, -2.201794655477298988E-16 ) ) ;
#99 = DIRECTION ( 'NONE',  ( -1.349221823327174429E-16, 0.000000000000000000, 1.000000000000000000 ) ) ;
#100 = VERTEX_POINT ( 'NONE', #2029 ) ;
#101 = DIRECTION ( 'NONE',  ( -0.000000000000000000, -0.000000000000000000, -1.000000000000000000 ) ) ;
#102 = EDGE_CURVE ( 'NONE', #2119, #2733, #2016, .T. ) ;
#103 = EDGE_LOOP ( 'NONE', ( #1992, #1009 ) ) ;
#104 = CARTESIAN_POINT ( 'NONE',  ( -37.85530313790587797, 23.50000000000004974, -6.000000000000043521 ) ) ;
#105 = CYLINDRICAL_SURFACE ( 'NONE', #380, 2.000000000000001776 ) ;
#106 = ORIENTED_EDGE ( 'NONE', *, *, #1721, .T. ) ;
#107 = CARTESIAN_POINT ( 'NONE',  ( 14.23132157045970381, 10.25795452888401371, 7.217307566969783927 ) ) ;
#108 = ADVANCED_FACE ( 'NONE', ( #1384 ), #1374, .F. ) ;
#109 = ORIENTED_EDGE ( 'NONE', *, *, #2269, .T. ) ;
#110 = VECTOR ( 'NONE', #2515, 1000.000000000000000 ) ;
#111 = CARTESIAN_POINT ( 'NONE',  ( 11.22644812991054231, -15.43067212968414914, 7.770276603561649509 ) ) ;
#112 = EDGE_CURVE ( 'NONE', #524, #344, #1564, .T. ) ;
#113 = AXIS2_PLACEMENT_3D ( 'NONE', #1931, #1674, #409 ) ;
#114 = CARTESIAN_POINT ( 'NONE',  ( 22.50000000000001066, 17.50000000000000000, -26.00000000000003553 ) ) ;
#115 = DIRECTION ( 'NONE',  ( 0.000000000000000000, 0.000000000000000000, -1.000000000000000000 ) ) ;
#116 = VECTOR ( 'NONE', #1726, 1000.000000000000000 ) ;
#117 = DIRECTION ( 'NONE',  ( 3.413144305457568632E-32, -1.000000000000000000, -1.967543734044216016E-16 ) ) ;
#118 = EDGE_LOOP ( 'NONE', ( #2634, #1218 ) ) ;
#119 = FACE_OUTER_BOUND ( 'NONE', #2019, .T. ) ;
#120 = AXIS2_PLACEMENT_3D ( 'NONE', #469, #196, #2381 ) ;
#121 = EDGE_CURVE ( 'NONE', #713, #1733, #1361, .T. ) ;
#122 = CARTESIAN_POINT ( 'NONE',  ( 19.50000000000000711, -19.50000000000001066, -26.00000000000004263 ) ) ;
#123 = ORIENTED_EDGE ( 'NONE', *, *, #381, .T. ) ;
#124 = AXIS2_PLACEMENT_3D ( 'NONE', #1257, #611, #1455 ) ;
#125 = FACE_OUTER_BOUND ( 'NONE', #2394, .T. ) ;
#126 = ORIENTED_EDGE ( 'NONE', *, *, #704, .F. ) ;
#127 = EDGE_CURVE ( 'NONE', #1080, #2151, #2677, .T. ) ;
#128 = DIRECTION ( 'NONE',  ( -0.000000000000000000, 0.000000000000000000, 1.000000000000000000 ) ) ;
#129 = DIRECTION ( 'NONE',  ( -0.000000000000000000, -0.000000000000000000, 1.000000000000000000 ) ) ;
#130 = EDGE_CURVE ( 'NONE', #397, #307, #1135, .T. ) ;
#131 = DIRECTION ( 'NONE',  ( 1.000000000000000000, 0.000000000000000000, 0.000000000000000000 ) ) ;
#132 = EDGE_CURVE ( 'NONE', #1044, #2055, #1853, .T. ) ;
#133 = ORIENTED_EDGE ( 'NONE', *, *, #1199, .F. ) ;
#134 = DIRECTION ( 'NONE',  ( 0.000000000000000000, 0.000000000000000000, -1.000000000000000000 ) ) ;
#135 = CARTESIAN_POINT ( 'NONE',  ( -37.24264068711929099, 3.000000000000003553, -23.00000000000004974 ) ) ;
#136 = CARTESIAN_POINT ( 'NONE',  ( -14.60000000000000675, -13.00000000000000000, 5.000000000000000000 ) ) ;
#137 = EDGE_LOOP ( 'NONE', ( #2, #198, #1981, #2739 ) ) ;
#138 = CARTESIAN_POINT ( 'NONE',  ( 14.40549265244297494, 10.34259582100509967, 7.305840404656181342 ) ) ;
#139 = VERTEX_POINT ( 'NONE', #2205 ) ;
#140 = DIRECTION ( 'NONE',  ( 0.000000000000000000, 0.000000000000000000, 1.000000000000000000 ) ) ;
#141 = CARTESIAN_POINT ( 'NONE',  ( 35.98528137423860329, 17.50000000000004263, -21.75735931288075165 ) ) ;
#142 = EDGE_CURVE ( 'NONE', #2625, #1498, #280, .T. ) ;
#143 = CARTESIAN_POINT ( 'NONE',  ( 27.50000000000000711, -6.742640687119288323, -26.00000000000003908 ) ) ;
#144 = CARTESIAN_POINT ( 'NONE',  ( -12.60758109396886795, -10.01998742060767711, 6.328526589316018303 ) ) ;
#145 = EDGE_CURVE ( 'NONE', #1765, #1029, #1145, .T. ) ;
#146 = CARTESIAN_POINT ( 'NONE',  ( 15.99999999999999289, 12.99999999998332889, 7.990755995505095299 ) ) ;
#147 = ORIENTED_EDGE ( 'NONE', *, *, #1458, .T. ) ;
#148 = CARTESIAN_POINT ( 'NONE',  ( -12.05678523712845163, -15.85780241044974836, 7.929001779362300439 ) ) ;
#149 = LINE ( 'NONE', #203, #1224 ) ;
#150 = ORIENTED_EDGE ( 'NONE', *, *, #1023, .T. ) ;
#151 = FACE_BOUND ( 'NONE', #231, .T. ) ;
#152 = CARTESIAN_POINT ( 'NONE',  ( -11.01646210672647541, 10.74690501642878537, 5.703208370658290782 ) ) ;
#153 = DIRECTION ( 'NONE',  ( 3.413144305457568632E-32, -1.000000000000000000, -1.967543734044216016E-16 ) ) ;
#154 = CARTESIAN_POINT ( 'NONE',  ( -10.08400402074549262, -12.27111423219936981, 6.150854723044328232 ) ) ;
#155 = CARTESIAN_POINT ( 'NONE',  ( 15.99309902562820440, -13.23466027042336535, 7.996618247252299305 ) ) ;
#156 = ADVANCED_FACE ( 'NONE', ( #934 ), #1785, .F. ) ;
#157 = AXIS2_PLACEMENT_3D ( 'NONE', #1701, #662, #2376 ) ;
#158 = AXIS2_PLACEMENT_3D ( 'NONE', #260, #504, #80 ) ;
#159 = FACE_OUTER_BOUND ( 'NONE', #434, .T. ) ;
#160 = ORIENTED_EDGE ( 'NONE', *, *, #2357, .F. ) ;
#161 = CARTESIAN_POINT ( 'NONE',  ( -11.40000000000000568, -13.00000000000000000, 5.000000000000000000 ) ) ;
#162 = CARTESIAN_POINT ( 'NONE',  ( -19.50000000000000711, -22.50000000000000355, 8.000000000000000000 ) ) ;
#163 = CIRCLE ( 'NONE', #1713, 20.99999999999999645 ) ;
#164 = DIRECTION ( 'NONE',  ( 0.000000000000000000, 1.967543734044216016E-16, -1.000000000000000000 ) ) ;
#165 = ORIENTED_EDGE ( 'NONE', *, *, #1743, .T. ) ;
#166 = AXIS2_PLACEMENT_3D ( 'NONE', #1123, #1098, #1540 ) ;
#167 = AXIS2_PLACEMENT_3D ( 'NONE', #2488, #2021, #546 ) ;
#168 = DIRECTION ( 'NONE',  ( -1.000000000000000000, 0.000000000000000000, 0.000000000000000000 ) ) ;
#169 = CARTESIAN_POINT ( 'NONE',  ( -10.01661216899756113, 12.63460278190667374, 6.343265189496569256 ) ) ;
#170 = DIRECTION ( 'NONE',  ( 1.000000000000000000, 0.000000000000000000, 0.000000000000000000 ) ) ;
#171 = CARTESIAN_POINT ( 'NONE',  ( -13.69762540848754817, -15.91775920689706503, 8.000000000000000000 ) ) ;
#172 = CARTESIAN_POINT ( 'NONE',  ( 27.50000000000000000, 17.50000000000000000, 8.000000000000000000 ) ) ;
#173 = DIRECTION ( 'NONE',  ( 3.413144305457568632E-32, -1.000000000000000000, -1.967543734044216016E-16 ) ) ;
#174 = ORIENTED_EDGE ( 'NONE', *, *, #2357, .T. ) ;
#175 = EDGE_CURVE ( 'NONE', #737, #735, #2663, .T. ) ;
#176 = DIRECTION ( 'NONE',  ( 1.000000000000000000, 0.000000000000000000, -0.000000000000000000 ) ) ;
#177 = EDGE_CURVE ( 'NONE', #509, #1058, #1894, .T. ) ;
#178 = CARTESIAN_POINT ( 'NONE',  ( 27.50000000000000711, -6.742640687119288323, -26.00000000000003908 ) ) ;
#179 = CARTESIAN_POINT ( 'NONE',  ( 39.26362404039937104, 20.77834266616081038, -7.359999686864140855 ) ) ;
#180 = FACE_OUTER_BOUND ( 'NONE', #263, .T. ) ;
#181 = VERTEX_POINT ( 'NONE', #171 ) ;
#182 = ADVANCED_FACE ( 'NONE', ( #1227 ), #2047, .T. ) ;
#183 = VERTEX_POINT ( 'NONE', #976 ) ;
#184 = CARTESIAN_POINT ( 'NONE',  ( 35.98528137423861040, 17.50000000000004619, -20.00000000000003908 ) ) ;
#185 = DIRECTION ( 'NONE',  ( 0.000000000000000000, 0.000000000000000000, 1.000000000000000000 ) ) ;
#186 = DIRECTION ( 'NONE',  ( -0.000000000000000000, -0.000000000000000000, -1.000000000000000000 ) ) ;
#187 = EDGE_LOOP ( 'NONE', ( #95, #756 ) ) ;
#188 = LINE ( 'NONE', #14, #2123 ) ;
#189 = ORIENTED_EDGE ( 'NONE', *, *, #1955, .F. ) ;
#190 = CARTESIAN_POINT ( 'NONE',  ( -10.34870636088497164, -14.42030009159271486, 7.313558846580963113 ) ) ;
#191 = CARTESIAN_POINT ( 'NONE',  ( -35.98528137423858198, 17.50000000000000000, -20.00000000000004619 ) ) ;
#192 = FACE_BOUND ( 'NONE', #890, .T. ) ;
#193 = EDGE_CURVE ( 'NONE', #24, #765, #2238, .T. ) ;
#194 = EDGE_LOOP ( 'NONE', ( #1281, #147 ) ) ;
#195 = DIRECTION ( 'NONE',  ( -0.000000000000000000, -0.000000000000000000, -1.000000000000000000 ) ) ;
#196 = DIRECTION ( 'NONE',  ( 3.413144305457568632E-32, -1.000000000000000000, -1.967543734044216016E-16 ) ) ;
#197 = DIRECTION ( 'NONE',  ( 0.000000000000000000, -1.000000000000000000, 0.000000000000000000 ) ) ;
#198 = ORIENTED_EDGE ( 'NONE', *, *, #2214, .F. ) ;
#199 = ORIENTED_EDGE ( 'NONE', *, *, #1649, .T. ) ;
#200 = VECTOR ( 'NONE', #710, 1000.000000000000000 ) ;
#201 = DIRECTION ( 'NONE',  ( -0.000000000000000000, -0.000000000000000000, -1.000000000000000000 ) ) ;
#202 = CARTESIAN_POINT ( 'NONE',  ( -19.50000000000001066, -19.50000000000000355, -63.85498646149545721 ) ) ;
#203 = CARTESIAN_POINT ( 'NONE',  ( -27.50000000000000711, -3.000000000000000000, -16.00000000000004974 ) ) ;
#204 = AXIS2_PLACEMENT_3D ( 'NONE', #1413, #2486, #980 ) ;
#205 = ORIENTED_EDGE ( 'NONE', *, *, #2718, .F. ) ;
#206 = AXIS2_PLACEMENT_3D ( 'NONE', #2734, #2051, #134 ) ;
#207 = EDGE_LOOP ( 'NONE', ( #2001, #2008, #2516, #19 ) ) ;
#208 = CIRCLE ( 'NONE', #876, 20.99999999999999645 ) ;
#209 = CARTESIAN_POINT ( 'NONE',  ( 51.74264068711926967, 17.50000000000004619, -20.00000000000004263 ) ) ;
#210 = VERTEX_POINT ( 'NONE', #640 ) ;
#211 = ADVANCED_FACE ( 'NONE', ( #1725 ), #437, .T. ) ;
#212 = AXIS2_PLACEMENT_3D ( 'NONE', #1409, #2084, #2519 ) ;
#213 = FACE_OUTER_BOUND ( 'NONE', #511, .T. ) ;
#214 = CARTESIAN_POINT ( 'NONE',  ( 35.98528137423860329, 17.50000000000003553, 25.51609221829270879 ) ) ;
#215 = VERTEX_POINT ( 'NONE', #449 ) ;
#216 = CARTESIAN_POINT ( 'NONE',  ( 27.50000000000000000, 17.50000000000000000, 8.000000000000000000 ) ) ;
#217 = EDGE_CURVE ( 'NONE', #1503, #1391, #2603, .T. ) ;
#218 = CARTESIAN_POINT ( 'NONE',  ( 9.999999999999992895, -13.00000000000000000, 6.546084143057011140 ) ) ;
#219 = ORIENTED_EDGE ( 'NONE', *, *, #485, .F. ) ;
#220 = ORIENTED_EDGE ( 'NONE', *, *, #1128, .F. ) ;
#221 = CARTESIAN_POINT ( 'NONE',  ( 27.50000000000000355, -6.742640687119290988, -21.75735931288075875 ) ) ;
#222 = EDGE_CURVE ( 'NONE', #2703, #1801, #2158, .T. ) ;
#223 = CARTESIAN_POINT ( 'NONE',  ( 50.98528137423861750, 22.50000000000006040, -14.00000000000003730 ) ) ;
#224 = FACE_OUTER_BOUND ( 'NONE', #1201, .T. ) ;
#225 = LINE ( 'NONE', #629, #2656 ) ;
#226 = ORIENTED_EDGE ( 'NONE', *, *, #1230, .T. ) ;
#227 = PLANE ( 'NONE',  #1990 ) ;
#228 = LINE ( 'NONE', #686, #1448 ) ;
#229 = UNCERTAINTY_MEASURE_WITH_UNIT (LENGTH_MEASURE( 1.000000000000000082E-05 ), #26, 'distance_accuracy_value', 'NONE');
#230 = CARTESIAN_POINT ( 'NONE',  ( 9.999999999999992895, 12.99999999998683187, 6.546084143049679227 ) ) ;
#231 = EDGE_LOOP ( 'NONE', ( #500, #1452 ) ) ;
#232 = EDGE_LOOP ( 'NONE', ( #1066, #1113, #1160, #622 ) ) ;
#233 = DIRECTION ( 'NONE',  ( 0.000000000000000000, 0.000000000000000000, -1.000000000000000000 ) ) ;
#234 = EDGE_LOOP ( 'NONE', ( #57, #488, #2341, #899 ) ) ;
#235 = FACE_OUTER_BOUND ( 'NONE', #2755, .T. ) ;
#236 = EDGE_CURVE ( 'NONE', #509, #84, #2114, .T. ) ;
#237 = CARTESIAN_POINT ( 'NONE',  ( -20.99999999999999645, 2.571758278209441267E-15, 0.000000000000000000 ) ) ;
#238 = VERTEX_POINT ( 'NONE', #681 ) ;
#239 = FACE_OUTER_BOUND ( 'NONE', #2063, .T. ) ;
#240 = TOROIDAL_SURFACE ( 'NONE', #1304, 20.99999999999999645, 8.000000000000000000 ) ;
#241 = CARTESIAN_POINT ( 'NONE',  ( -28.74264068711929099, 8.500000000000008882, -23.00000000000003908 ) ) ;
#242 = CARTESIAN_POINT ( 'NONE',  ( 11.52041844076795840, -10.38228106957368269, 5.816658200672510048 ) ) ;
#243 = EDGE_LOOP ( 'NONE', ( #1883, #875, #2609, #1153 ) ) ;
#244 = CARTESIAN_POINT ( 'NONE',  ( -27.50000000000000711, 5.902631202132645828E-16, -19.00000000000004974 ) ) ;
#245 = ORIENTED_EDGE ( 'NONE', *, *, #177, .T. ) ;
#246 = ORIENTED_EDGE ( 'NONE', *, *, #2105, .F. ) ;
#247 = AXIS2_PLACEMENT_3D ( 'NONE', #2594, #1522, #2405 ) ;
#248 = VECTOR ( 'NONE', #1960, 1000.000000000000000 ) ;
#249 = VECTOR ( 'NONE', #2206, 1000.000000000000000 ) ;
#250 = DIRECTION ( 'NONE',  ( 1.000000000000000000, 0.000000000000000000, 0.000000000000000000 ) ) ;
#251 = AXIS2_PLACEMENT_3D ( 'NONE', #364, #2468, #1241 ) ;
#252 = FACE_OUTER_BOUND ( 'NONE', #445, .T. ) ;
#253 = VECTOR ( 'NONE', #1777, 999.9999999999998863 ) ;
#254 = ORIENTED_EDGE ( 'NONE', *, *, #2627, .F. ) ;
#255 = DIRECTION ( 'NONE',  ( -0.5839517053348524112, 0.5839517053348509679, -0.5639156068713093717 ) ) ;
#256 = DIRECTION ( 'NONE',  ( -0.000000000000000000, 0.000000000000000000, 1.000000000000000000 ) ) ;
#257 = APPLICATION_PROTOCOL_DEFINITION ( 'draft international standard', 'automotive_design', 1998, #639 ) ;
#258 = DIRECTION ( 'NONE',  ( 3.413144305457568632E-32, -1.000000000000000000, -1.967543734044216016E-16 ) ) ;
#259 = EDGE_CURVE ( 'NONE', #1865, #568, #1578, .T. ) ;
#260 = CARTESIAN_POINT ( 'NONE',  ( 27.50000000000000711, -6.742640687119289211, -23.00000000000004263 ) ) ;
#261 = ORIENTED_EDGE ( 'NONE', *, *, #2460, .T. ) ;
#262 = CARTESIAN_POINT ( 'NONE',  ( -37.24264068711929099, 6.000000000000003553, -23.00000000000004974 ) ) ;
#263 = EDGE_LOOP ( 'NONE', ( #942, #1973, #1478, #1392, #2614, #1301 ) ) ;
#264 = EDGE_LOOP ( 'NONE', ( #1124, #2309, #355, #853, #1870, #539, #809, #20, #1320, #2011, #684 ) ) ;
#265 = CARTESIAN_POINT ( 'NONE',  ( 0.9306643375631289405, 17.49999999999999645, 7.192797070299944195 ) ) ;
#266 = EDGE_CURVE ( 'NONE', #1172, #1044, #625, .T. ) ;
#267 = CARTESIAN_POINT ( 'NONE',  ( -27.50000000000000711, 17.49999999999999645, -26.00000000000004263 ) ) ;
#268 = LINE ( 'NONE', #628, #913 ) ;
#269 = DIRECTION ( 'NONE',  ( 3.413144305457568632E-32, -1.000000000000000000, -1.967543734044216016E-16 ) ) ;
#270 = DIRECTION ( 'NONE',  ( 0.7193398003386547446, -2.429441099613009087E-16, 0.6946583704589935904 ) ) ;
#271 = CARTESIAN_POINT ( 'NONE',  ( 35.98528137423860329, 17.50000000000003553, 25.51609221829270879 ) ) ;
#272 = ORIENTED_EDGE ( 'NONE', *, *, #2520, .T. ) ;
#273 = FACE_OUTER_BOUND ( 'NONE', #1233, .T. ) ;
#274 = ORIENTED_EDGE ( 'NONE', *, *, #2105, .T. ) ;
#275 = CARTESIAN_POINT ( 'NONE',  ( 32.50000000000004263, 22.50000000000003908, 25.51609221829271235 ) ) ;
#276 = ORIENTED_EDGE ( 'NONE', *, *, #1334, .F. ) ;
#277 = CARTESIAN_POINT ( 'NONE',  ( 13.23090900258663005, -16.00059667087792903, 7.997871368906948497 ) ) ;
#278 = CARTESIAN_POINT ( 'NONE',  ( -55.98528137423859619, 22.50000000000004263, 25.51609221829269813 ) ) ;
#279 = EDGE_CURVE ( 'NONE', #346, #2733, #1986, .T. ) ;
#280 = LINE ( 'NONE', #1346, #2307 ) ;
#281 = LINE ( 'NONE', #905, #249 ) ;
#282 = EDGE_LOOP ( 'NONE', ( #391, #1927, #1238, #1543, #2382 ) ) ;
#283 = CARTESIAN_POINT ( 'NONE',  ( -27.50000000000000711, 5.902631202132645828E-16, -16.00000000000004974 ) ) ;
#284 = LINE ( 'NONE', #722, #823 ) ;
#285 =( GEOMETRIC_REPRESENTATION_CONTEXT ( 3 ) GLOBAL_UNCERTAINTY_ASSIGNED_CONTEXT ( ( #2165 ) ) GLOBAL_UNIT_ASSIGNED_CONTEXT ( ( #2450, #1340, #982 ) ) REPRESENTATION_CONTEXT ( 'NONE', 'WORKASPACE' ) );
#286 = EDGE_LOOP ( 'NONE', ( #2485, #941, #1459, #749 ) ) ;
#287 = DIRECTION ( 'NONE',  ( -0.000000000000000000, -0.000000000000000000, -1.000000000000000000 ) ) ;
#288 = VERTEX_POINT ( 'NONE', #2233 ) ;
#289 = AXIS2_PLACEMENT_3D ( 'NONE', #2632, #717, #2418 ) ;
#290 = AXIS2_PLACEMENT_3D ( 'NONE', #62, #2237, #99 ) ;
#291 = CARTESIAN_POINT ( 'NONE',  ( 9.999999999999992895, -13.20794801563643261, 6.661877353080612352 ) ) ;
#292 = ADVANCED_FACE ( 'NONE', ( #1154 ), #2014, .F. ) ;
#293 = ADVANCED_FACE ( 'NONE', ( #591 ), #569, .F. ) ;
#294 = FACE_OUTER_BOUND ( 'NONE', #2723, .T. ) ;
#295 = CIRCLE ( 'NONE', #2042, 2.999999999999999112 ) ;
#296 = DIRECTION ( 'NONE',  ( 0.000000000000000000, 0.000000000000000000, -1.000000000000000000 ) ) ;
#297 = AXIS2_PLACEMENT_3D ( 'NONE', #262, #1958, #2549 ) ;
#298 = ADVANCED_FACE ( 'NONE', ( #781 ), #552, .F. ) ;
#299 = DIRECTION ( 'NONE',  ( -1.000000000000000000, 0.000000000000000000, 0.000000000000000000 ) ) ;
#300 = AXIS2_PLACEMENT_3D ( 'NONE', #1403, #2342, #371 ) ;
#301 = ORIENTED_EDGE ( 'NONE', *, *, #1955, .T. ) ;
#302 = ORIENTED_EDGE ( 'NONE', *, *, #1743, .F. ) ;
#303 = CARTESIAN_POINT ( 'NONE',  ( -87.19707759714370354, 23.50000000000004974, -6.000000000000050626 ) ) ;
#304 = DIRECTION ( 'NONE',  ( 0.000000000000000000, -1.000000000000000000, 0.000000000000000000 ) ) ;
#305 = ORIENTED_EDGE ( 'NONE', *, *, #2249, .F. ) ;
#306 = CARTESIAN_POINT ( 'NONE',  ( -12.51331885431013013, 15.96964420194828271, 7.970390558346694299 ) ) ;
#307 = VERTEX_POINT ( 'NONE', #2302 ) ;
#308 = CARTESIAN_POINT ( 'NONE',  ( -15.65859692310426965, 11.59478455981939504, 7.857147841831722879 ) ) ;
#309 = PLANE ( 'NONE',  #917 ) ;
#310 = CYLINDRICAL_SURFACE ( 'NONE', #2531, 2.000000000000001776 ) ;
#311 = ORIENTED_EDGE ( 'NONE', *, *, #943, .T. ) ;
#312 = VERTEX_POINT ( 'NONE', #2044 ) ;
#313 = PLANE ( 'NONE',  #2324 ) ;
#314 = EDGE_CURVE ( 'NONE', #1587, #731, #1858, .T. ) ;
#315 = DIRECTION ( 'NONE',  ( 1.349221823327174429E-16, 1.967543734044216016E-16, -1.000000000000000000 ) ) ;
#316 = EDGE_LOOP ( 'NONE', ( #1139, #1076 ) ) ;
#317 = ORIENTED_EDGE ( 'NONE', *, *, #2217, .F. ) ;
#318 = CARTESIAN_POINT ( 'NONE',  ( 10.72205334629869355, -14.96457527102759144, 7.572549364039798725 ) ) ;
#319 = LINE ( 'NONE', #1579, #999 ) ;
#320 = CARTESIAN_POINT ( 'NONE',  ( 35.98528137423861040, 17.50000000000004619, -20.00000000000003908 ) ) ;
#321 = DIRECTION ( 'NONE',  ( -1.875376730785737226E-16, 1.000000000000000000, 2.201794655477296769E-16 ) ) ;
#322 = DIRECTION ( 'NONE',  ( 1.000000000000000000, 0.000000000000000000, 0.000000000000000000 ) ) ;
#323 = VERTEX_POINT ( 'NONE', #1240 ) ;
#324 = FACE_OUTER_BOUND ( 'NONE', #2533, .T. ) ;
#325 = VERTEX_POINT ( 'NONE', #2290 ) ;
#326 = ADVANCED_FACE ( 'NONE', ( #1032, #151 ), #794, .T. ) ;
#327 = DIRECTION ( 'NONE',  ( -1.249000902703300861E-16, -1.000000000000000000, -1.003808469612657354E-16 ) ) ;
#328 = SURFACE_SIDE_STYLE ('',( #2424 ) ) ;
#329 = ORIENTED_EDGE ( 'NONE', *, *, #102, .F. ) ;
#330 = CARTESIAN_POINT ( 'NONE',  ( 15.55483125857391968, 11.41433110559700381, 7.818391610895062627 ) ) ;
#331 = ORIENTED_EDGE ( 'NONE', *, *, #175, .F. ) ;
#332 = ADVANCED_FACE ( 'NONE', ( #2259 ), #240, .T. ) ;
#333 = STYLED_ITEM ( 'NONE', ( #1151 ), #1016 ) ;
#334 = EDGE_CURVE ( 'NONE', #66, #2524, #375, .T. ) ;
#335 = CARTESIAN_POINT ( 'NONE',  ( 14.59999999999999254, -13.00000000000000000, 0.000000000000000000 ) ) ;
#336 = AXIS2_PLACEMENT_3D ( 'NONE', #2563, #845, #1687 ) ;
#337 = AXIS2_PLACEMENT_3D ( 'NONE', #1299, #1732, #455 ) ;
#338 = CARTESIAN_POINT ( 'NONE',  ( -19.50000000000000711, 6.000000000000001776, -23.00000000000004619 ) ) ;
#339 = AXIS2_PLACEMENT_3D ( 'NONE', #2509, #797, #1423 ) ;
#340 = CARTESIAN_POINT ( 'NONE',  ( 9.999999999999994671, -12.81685838679653422, 6.444104063002726868 ) ) ;
#341 = ORIENTED_EDGE ( 'NONE', *, *, #843, .T. ) ;
#342 = PLANE ( 'NONE',  #877 ) ;
#343 = DIRECTION ( 'NONE',  ( 0.000000000000000000, 0.000000000000000000, -1.000000000000000000 ) ) ;
#344 = VERTEX_POINT ( 'NONE', #1181 ) ;
#345 = CARTESIAN_POINT ( 'NONE',  ( 10.58955301181484288, 11.20242545288842351, 5.727352854182435671 ) ) ;
#346 = VERTEX_POINT ( 'NONE', #1607 ) ;
#347 = ADVANCED_FACE ( 'NONE', ( #1000 ), #1638, .T. ) ;
#348 = CARTESIAN_POINT ( 'NONE',  ( 0.000000000000000000, 0.000000000000000000, 0.000000000000000000 ) ) ;
#349 = DIRECTION ( 'NONE',  ( 0.000000000000000000, 0.000000000000000000, -1.000000000000000000 ) ) ;
#350 = DIRECTION ( 'NONE',  ( -0.000000000000000000, -0.000000000000000000, -1.000000000000000000 ) ) ;
#351 = EDGE_CURVE ( 'NONE', #2530, #2667, #2724, .T. ) ;
#352 = DIRECTION ( 'NONE',  ( -0.000000000000000000, -0.000000000000000000, -1.000000000000000000 ) ) ;
#353 = FACE_BOUND ( 'NONE', #118, .T. ) ;
#354 = DIRECTION ( 'NONE',  ( 3.413144305457568632E-32, -1.000000000000000000, -1.967543734044216016E-16 ) ) ;
#355 = ORIENTED_EDGE ( 'NONE', *, *, #2636, .T. ) ;
#356 = CARTESIAN_POINT ( 'NONE',  ( 55.98528137423861750, 17.50000000000004263, -6.000000000000029310 ) ) ;
#357 = CARTESIAN_POINT ( 'NONE',  ( -38.98528137423858908, 22.50000000000006040, -18.00000000000003908 ) ) ;
#358 = CARTESIAN_POINT ( 'NONE',  ( 50.98528137423861750, 22.50000000000006040, -14.00000000000003730 ) ) ;
#359 = CARTESIAN_POINT ( 'NONE',  ( -16.00000000000000711, -13.00000000000000000, 5.000000000000000000 ) ) ;
#360 = VERTEX_POINT ( 'NONE', #2757 ) ;
#361 = EDGE_CURVE ( 'NONE', #2079, #325, #816, .T. ) ;
#362 = CARTESIAN_POINT ( 'NONE',  ( -13.00000000000000711, 13.00000000000000000, 5.000000000000000000 ) ) ;
#363 = LINE ( 'NONE', #804, #28 ) ;
#364 = CARTESIAN_POINT ( 'NONE',  ( -13.00000000000000711, 13.00000000000000000, 0.000000000000000000 ) ) ;
#365 = EDGE_CURVE ( 'NONE', #1024, #323, #31, .T. ) ;
#366 = CARTESIAN_POINT ( 'NONE',  ( -10.27688061080836412, -11.72639941411170383, 5.895970723218478149 ) ) ;
#367 = LINE ( 'NONE', #2048, #963 ) ;
#368 = DIRECTION ( 'NONE',  ( 3.413144305457568632E-32, -1.000000000000000000, -1.967543734044216016E-16 ) ) ;
#369 = ORIENTED_EDGE ( 'NONE', *, *, #1536, .T. ) ;
#370 = CARTESIAN_POINT ( 'NONE',  ( 22.50000000000001066, 17.50000000000000000, 8.000000000000000000 ) ) ;
#371 = DIRECTION ( 'NONE',  ( 1.000000000000000000, 0.000000000000000000, 0.000000000000000000 ) ) ;
#372 = CARTESIAN_POINT ( 'NONE',  ( -13.00000000000000711, 13.00000000000000000, 5.000000000000000000 ) ) ;
#373 = CARTESIAN_POINT ( 'NONE',  ( 13.88128595115251862, 10.12627397829085574, 7.033181486662416937 ) ) ;
#374 = EDGE_LOOP ( 'NONE', ( #2472, #2600, #2276, #1110, #2202 ) ) ;
#375 = LINE ( 'NONE', #1206, #592 ) ;
#376 = CARTESIAN_POINT ( 'NONE',  ( -11.51606607736187371, 10.38472705719285472, 5.815141963602873609 ) ) ;
#377 = AXIS2_PLACEMENT_3D ( 'NONE', #610, #2548, #2337 ) ;
#378 = LINE ( 'NONE', #143, #1998 ) ;
#379 = DIRECTION ( 'NONE',  ( 1.000000000000000000, 0.000000000000000000, 0.000000000000000000 ) ) ;
#380 = AXIS2_PLACEMENT_3D ( 'NONE', #1379, #1175, #2638 ) ;
#381 = EDGE_CURVE ( 'NONE', #1733, #1355, #2144, .T. ) ;
#382 = CIRCLE ( 'NONE', #337, 1.600000000000000755 ) ;
#383 = AXIS2_PLACEMENT_3D ( 'NONE', #741, #944, #1577 ) ;
#384 = ORIENTED_EDGE ( 'NONE', *, *, #832, .F. ) ;
#385 = CARTESIAN_POINT ( 'NONE',  ( -15.96570849231602729, -13.46720483102456711, 7.999456034678186001 ) ) ;
#386 = PLANE ( 'NONE',  #1280 ) ;
#387 = CIRCLE ( 'NONE', #2707, 3.000000000000000000 ) ;
#388 = ORIENTED_EDGE ( 'NONE', *, *, #1013, .F. ) ;
#389 = AXIS2_PLACEMENT_3D ( 'NONE', #583, #1198, #1420 ) ;
#390 = CIRCLE ( 'NONE', #1957, 3.000000000000000888 ) ;
#391 = ORIENTED_EDGE ( 'NONE', *, *, #279, .F. ) ;
#392 = DIRECTION ( 'NONE',  ( 0.7193398003386551887, 1.366770724097957955E-16, -0.6946583704589930353 ) ) ;
#393 = DIRECTION ( 'NONE',  ( 0.000000000000000000, 0.000000000000000000, 1.000000000000000000 ) ) ;
#394 = CARTESIAN_POINT ( 'NONE',  ( -10.00000000000000711, -13.00000000002290967, 6.546084143069776040 ) ) ;
#395 = DIRECTION ( 'NONE',  ( 0.7071067811865486830, -0.7071067811865464625, 5.916456789157589416E-31 ) ) ;
#396 = EDGE_CURVE ( 'NONE', #1776, #210, #1117, .T. ) ;
#397 = VERTEX_POINT ( 'NONE', #2574 ) ;
#398 = DIRECTION ( 'NONE',  ( 1.000000000000000000, 4.336808689942014655E-17, 0.000000000000000000 ) ) ;
#399 = ORIENTED_EDGE ( 'NONE', *, *, #2701, .T. ) ;
#400 = CARTESIAN_POINT ( 'NONE',  ( -13.22749855062273561, -16.00067952975595986, 7.997783157616388472 ) ) ;
#401 = DIRECTION ( 'NONE',  ( -0.000000000000000000, -0.000000000000000000, -1.000000000000000000 ) ) ;
#402 = EDGE_CURVE ( 'NONE', #840, #1262, #1856, .T. ) ;
#403 = CARTESIAN_POINT ( 'NONE',  ( -14.60000000000000675, 13.00000000000000000, 10.10628645568517214 ) ) ;
#404 = ORIENTED_EDGE ( 'NONE', *, *, #414, .T. ) ;
#405 = LINE ( 'NONE', #1047, #1940 ) ;
#406 = FACE_OUTER_BOUND ( 'NONE', #818, .T. ) ;
#407 = CARTESIAN_POINT ( 'NONE',  ( -19.50000000000000355, 17.49999999999999645, -26.00000000000004263 ) ) ;
#408 = ORIENTED_EDGE ( 'NONE', *, *, #1880, .F. ) ;
#409 = DIRECTION ( 'NONE',  ( 0.7071067811865477948, -0.7071067811865472397, 0.000000000000000000 ) ) ;
#410 = EDGE_LOOP ( 'NONE', ( #1205, #651, #719, #1762, #2652, #2560 ) ) ;
#411 = CARTESIAN_POINT ( 'NONE',  ( -20.99999999999999645, 2.571758278209441267E-15, 8.000000000000000000 ) ) ;
#412 = LINE ( 'NONE', #1264, #1580 ) ;
#413 = DIRECTION ( 'NONE',  ( 1.000000000000000000, 0.000000000000000000, 0.000000000000000000 ) ) ;
#414 = EDGE_CURVE ( 'NONE', #1503, #2075, #1083, .T. ) ;
#415 = ORIENTED_EDGE ( 'NONE', *, *, #2214, .T. ) ;
#416 = ORIENTED_EDGE ( 'NONE', *, *, #2655, .T. ) ;
#417 = CARTESIAN_POINT ( 'NONE',  ( -9.999999999999998224, 13.20838108945852518, 6.662118504735210500 ) ) ;
#418 = ADVANCED_FACE ( 'NONE', ( #668 ), #2173, .F. ) ;
#419 = DIRECTION ( 'NONE',  ( -0.000000000000000000, -0.000000000000000000, 1.000000000000000000 ) ) ;
#420 = LINE ( 'NONE', #223, #116 ) ;
#421 = AXIS2_PLACEMENT_3D ( 'NONE', #986, #1872, #2696 ) ;
#422 = CARTESIAN_POINT ( 'NONE',  ( 27.50000000000000711, -14.50000000000000000, -26.00000000000004263 ) ) ;
#423 = CARTESIAN_POINT ( 'NONE',  ( -50.98528137423859619, 22.50000000000006040, -14.00000000000003730 ) ) ;
#424 = ORIENTED_EDGE ( 'NONE', *, *, #2590, .F. ) ;
#425 = DIRECTION ( 'NONE',  ( 3.413144305457568632E-32, -1.000000000000000000, -1.967543734044216016E-16 ) ) ;
#426 = DIRECTION ( 'NONE',  ( -0.000000000000000000, -0.000000000000000000, -1.000000000000000000 ) ) ;
#427 = VECTOR ( 'NONE', #2608, 1000.000000000000000 ) ;
#428 = VECTOR ( 'NONE', #1596, 1000.000000000000000 ) ;
#429 = CARTESIAN_POINT ( 'NONE',  ( -37.22792206135787296, 14.50000000000000000, -23.00000000000004619 ) ) ;
#430 = EDGE_LOOP ( 'NONE', ( #126, #1266, #1244, #1810 ) ) ;
#431 = AXIS2_PLACEMENT_3D ( 'NONE', #726, #2643, #98 ) ;
#432 = EDGE_CURVE ( 'NONE', #238, #527, #405, .T. ) ;
#433 = EDGE_CURVE ( 'NONE', #1486, #1698, #2096, .T. ) ;
#434 = EDGE_LOOP ( 'NONE', ( #789, #59, #1722, #1590 ) ) ;
#435 = ORIENTED_EDGE ( 'NONE', *, *, #1554, .F. ) ;
#436 = AXIS2_PLACEMENT_3D ( 'NONE', #42, #1967, #1731 ) ;
#437 = CYLINDRICAL_SURFACE ( 'NONE', #960, 2.999999999999999112 ) ;
#438 = DIRECTION ( 'NONE',  ( -1.000000000000000000, 8.786684129385964350E-17, 0.000000000000000000 ) ) ;
#439 = EDGE_CURVE ( 'NONE', #505, #765, #930, .T. ) ;
#440 = EDGE_LOOP ( 'NONE', ( #865, #2753 ) ) ;
#441 = DIRECTION ( 'NONE',  ( 0.000000000000000000, 0.000000000000000000, -1.000000000000000000 ) ) ;
#442 = ORIENTED_EDGE ( 'NONE', *, *, #2487, .F. ) ;
#443 = DIRECTION ( 'NONE',  ( 0.000000000000000000, 1.967543734044216016E-16, -1.000000000000000000 ) ) ;
#444 = DIRECTION ( 'NONE',  ( 0.7071067811865465735, 0.7071067811865484609, 0.000000000000000000 ) ) ;
#445 = EDGE_LOOP ( 'NONE', ( #2731, #856, #678, #1132 ) ) ;
#446 = CARTESIAN_POINT ( 'NONE',  ( 28.74264068711928743, -5.500000000000001776, -23.00000000000004263 ) ) ;
#447 = VERTEX_POINT ( 'NONE', #1114 ) ;
#448 = ADVANCED_FACE ( 'NONE', ( #69, #891, #2201 ), #1354, .T. ) ;
#449 = CARTESIAN_POINT ( 'NONE',  ( 50.98528137423861750, 22.50000000000006040, -18.00000000000003908 ) ) ;
#450 = DIRECTION ( 'NONE',  ( -0.7071067811865464625, -0.7071067811865486830, -2.345307417223290386E-16 ) ) ;
#451 = ORIENTED_EDGE ( 'NONE', *, *, #1373, .T. ) ;
#452 = EDGE_LOOP ( 'NONE', ( #2089, #2588, #1064, #2737, #1735 ) ) ;
#453 = DIRECTION ( 'NONE',  ( 1.000000000000000000, 7.745271583493977455E-32, -2.201794655477302193E-16 ) ) ;
#454 = CYLINDRICAL_SURFACE ( 'NONE', #436, 2.999999999999999112 ) ;
#455 = DIRECTION ( 'NONE',  ( 1.000000000000000000, 0.000000000000000000, 0.000000000000000000 ) ) ;
#456 = CARTESIAN_POINT ( 'NONE',  ( -19.50000000000001066, -19.50000000000000355, -26.00000000000004263 ) ) ;
#457 = ORIENTED_EDGE ( 'NONE', *, *, #2627, .T. ) ;
#458 = DIRECTION ( 'NONE',  ( 0.000000000000000000, 0.000000000000000000, -1.000000000000000000 ) ) ;
#459 = ORIENTED_EDGE ( 'NONE', *, *, #846, .T. ) ;
#460 = VERTEX_POINT ( 'NONE', #1572 ) ;
#461 = CARTESIAN_POINT ( 'NONE',  ( -15.17943108273466812, -10.92891204164399177, 7.666371985666594391 ) ) ;
#462 = LINE ( 'NONE', #1305, #1764 ) ;
#463 = ORIENTED_EDGE ( 'NONE', *, *, #2308, .T. ) ;
#464 = DIRECTION ( 'NONE',  ( -1.000000000000000000, 0.000000000000000000, 0.000000000000000000 ) ) ;
#465 = CARTESIAN_POINT ( 'NONE',  ( -37.39314531791151097, 24.39314531791147544, -5.553699381042177308 ) ) ;
#466 = LINE ( 'NONE', #861, #1710 ) ;
#467 = AXIS2_PLACEMENT_3D ( 'NONE', #2328, #398, #1245 ) ;
#468 = ORIENTED_EDGE ( 'NONE', *, *, #361, .F. ) ;
#469 = CARTESIAN_POINT ( 'NONE',  ( -38.98528137423858908, 17.49999999999999645, -16.00000000000003908 ) ) ;
#470 = VERTEX_POINT ( 'NONE', #2452 ) ;
#471 = DIRECTION ( 'NONE',  ( 0.000000000000000000, -1.967543734044216262E-16, 1.000000000000000000 ) ) ;
#472 = EDGE_LOOP ( 'NONE', ( #331, #1274, #2212, #2197 ) ) ;
#473 = CIRCLE ( 'NONE', #206, 2.000000000000001776 ) ;
#474 = VECTOR ( 'NONE', #679, 1000.000000000000000 ) ;
#475 = AXIS2_PLACEMENT_3D ( 'NONE', #1063, #2591, #197 ) ;
#476 = AXIS2_PLACEMENT_3D ( 'NONE', #1397, #129, #1640 ) ;
#477 = DIRECTION ( 'NONE',  ( -1.349221823327174429E-16, -1.967543734044216016E-16, 1.000000000000000000 ) ) ;
#478 = AXIS2_PLACEMENT_3D ( 'NONE', #537, #2052, #2253 ) ;
#479 = ORIENTED_EDGE ( 'NONE', *, *, #1844, .T. ) ;
#480 = PLANE ( 'NONE',  #290 ) ;
#481 = EDGE_CURVE ( 'NONE', #1865, #15, #1767, .T. ) ;
#482 = CARTESIAN_POINT ( 'NONE',  ( 55.98528137423861040, 22.50000000000003908, 25.51609221829271235 ) ) ;
#483 = CARTESIAN_POINT ( 'NONE',  ( 10.72159330798583987, -11.03728912824219144, 5.699448933054970468 ) ) ;
#484 = ORIENTED_EDGE ( 'NONE', *, *, #2190, .F. ) ;
#485 = EDGE_CURVE ( 'NONE', #534, #1262, #1342, .T. ) ;
#486 = CARTESIAN_POINT ( 'NONE',  ( 51.74264068711926967, 17.50000000000004619, -23.00000000000003553 ) ) ;
#487 = ORIENTED_EDGE ( 'NONE', *, *, #738, .F. ) ;
#488 = ORIENTED_EDGE ( 'NONE', *, *, #2761, .F. ) ;
#489 = EDGE_CURVE ( 'NONE', #288, #2075, #1736, .T. ) ;
#490 = CARTESIAN_POINT ( 'NONE',  ( 12.05799307609856186, -15.85801856217256756, 7.929086602308277776 ) ) ;
#491 = CARTESIAN_POINT ( 'NONE',  ( -37.85530313790587797, 17.49999999999999645, -6.000000000000044409 ) ) ;
#492 = DIRECTION ( 'NONE',  ( 1.000000000000000000, 0.000000000000000000, 0.000000000000000000 ) ) ;
#493 = DIRECTION ( 'NONE',  ( 0.000000000000000000, 0.000000000000000000, -1.000000000000000000 ) ) ;
#494 = ORIENTED_EDGE ( 'NONE', *, *, #1600, .T. ) ;
#495 = ORIENTED_EDGE ( 'NONE', *, *, #236, .F. ) ;
#496 = LINE ( 'NONE', #486, #655 ) ;
#497 = ADVANCED_FACE ( 'NONE', ( #125 ), #984, .F. ) ;
#498 = ORIENTED_EDGE ( 'NONE', *, *, #1097, .F. ) ;
#499 = CARTESIAN_POINT ( 'NONE',  ( -12.05515867925865336, 15.85708244584485627, 7.928754743616655887 ) ) ;
#500 = ORIENTED_EDGE ( 'NONE', *, *, #1128, .T. ) ;
#501 = DIRECTION ( 'NONE',  ( 1.477285665293037452E-16, 1.000000000000000000, 1.967543734044216509E-16 ) ) ;
#502 = DIRECTION ( 'NONE',  ( 0.000000000000000000, 0.000000000000000000, 1.000000000000000000 ) ) ;
#503 = DIRECTION ( 'NONE',  ( 3.413144305457568632E-32, -1.000000000000000000, -1.967543734044216016E-16 ) ) ;
#504 = DIRECTION ( 'NONE',  ( 0.7071067811865486830, -0.7071067811865464625, -4.372196160242395736E-17 ) ) ;
#505 = VERTEX_POINT ( 'NONE', #359 ) ;
#506 = CARTESIAN_POINT ( 'NONE',  ( 19.50000000000000711, -19.50000000000000355, -63.85498646149545721 ) ) ;
#507 = LINE ( 'NONE', #2474, #1432 ) ;
#508 = CIRCLE ( 'NONE', #1897, 12.99999999999999822 ) ;
#509 = VERTEX_POINT ( 'NONE', #1620 ) ;
#510 = CARTESIAN_POINT ( 'NONE',  ( -10.34837056059334337, 14.41961740707975359, 7.313212543300754653 ) ) ;
#511 = EDGE_LOOP ( 'NONE', ( #1102, #1827, #528, #2679 ) ) ;
#512 = EDGE_CURVE ( 'NONE', #643, #590, #2054, .T. ) ;
#513 = AXIS2_PLACEMENT_3D ( 'NONE', #1091, #256, #1107 ) ;
#514 = CARTESIAN_POINT ( 'NONE',  ( 12.51627274781730392, -15.97012711712764244, 7.970583772429720604 ) ) ;
#515 = CYLINDRICAL_SURFACE ( 'NONE', #1615, 1.600000000000000755 ) ;
#516 = DIRECTION ( 'NONE',  ( 0.000000000000000000, -1.000000000000000000, 0.000000000000000000 ) ) ;
#517 = CIRCLE ( 'NONE', #1948, 1.600000000000000755 ) ;
#518 = VECTOR ( 'NONE', #58, 1000.000000000000000 ) ;
#519 = DIRECTION ( 'NONE',  ( 0.000000000000000000, 0.000000000000000000, -1.000000000000000000 ) ) ;
#520 = EDGE_CURVE ( 'NONE', #1839, #1801, #918, .T. ) ;
#521 = AXIS2_PLACEMENT_3D ( 'NONE', #2242, #2432, #2473 ) ;
#522 = ORIENTED_EDGE ( 'NONE', *, *, #2556, .T. ) ;
#523 = LINE ( 'NONE', #1802, #867 ) ;
#524 = VERTEX_POINT ( 'NONE', #621 ) ;
#525 = DIRECTION ( 'NONE',  ( 0.000000000000000000, -1.000000000000000000, -1.003808469612657108E-16 ) ) ;
#526 = LINE ( 'NONE', #1824, #1800 ) ;
#527 = VERTEX_POINT ( 'NONE', #429 ) ;
#528 = ORIENTED_EDGE ( 'NONE', *, *, #1972, .F. ) ;
#529 = ADVANCED_FACE ( 'NONE', ( #2154 ), #2558, .F. ) ;
#530 = CARTESIAN_POINT ( 'NONE',  ( -15.97795759806433225, 12.58163553808855184, 7.974040599486370340 ) ) ;
#531 = DIRECTION ( 'NONE',  ( -1.000000000000000000, 1.875376730785737226E-16, 0.000000000000000000 ) ) ;
#532 = CARTESIAN_POINT ( 'NONE',  ( -27.50000000000000711, 17.50000000000000000, 0.000000000000000000 ) ) ;
#533 = CARTESIAN_POINT ( 'NONE',  ( 12.99999999999999289, -13.00000000000000000, 0.000000000000000000 ) ) ;
#534 = VERTEX_POINT ( 'NONE', #29 ) ;
#535 = EDGE_CURVE ( 'NONE', #210, #60, #836, .T. ) ;
#536 = ORIENTED_EDGE ( 'NONE', *, *, #2160, .T. ) ;
#537 = CARTESIAN_POINT ( 'NONE',  ( -13.00000000000000711, 13.00000000000000000, 5.000000000000000000 ) ) ;
#538 = ADVANCED_FACE ( 'NONE', ( #180 ), #817, .F. ) ;
#539 = ORIENTED_EDGE ( 'NONE', *, *, #1832, .T. ) ;
#540 = VERTEX_POINT ( 'NONE', #2344 ) ;
#541 = DIRECTION ( 'NONE',  ( 0.000000000000000000, -1.000000000000000000, 0.000000000000000000 ) ) ;
#542 = LINE ( 'NONE', #1625, #2135 ) ;
#543 = CYLINDRICAL_SURFACE ( 'NONE', #1056, 2.999999999999999112 ) ;
#544 = ORIENTED_EDGE ( 'NONE', *, *, #1721, .F. ) ;
#545 = VERTEX_POINT ( 'NONE', #1070 ) ;
#546 = DIRECTION ( 'NONE',  ( 0.7071067811865481278, 0.7071067811865470176, 0.000000000000000000 ) ) ;
#547 = EDGE_CURVE ( 'NONE', #2447, #951, #2141, .T. ) ;
#548 = CARTESIAN_POINT ( 'NONE',  ( 20.99999999999999645, 0.000000000000000000, 0.000000000000000000 ) ) ;
#549 = ORIENTED_EDGE ( 'NONE', *, *, #1935, .F. ) ;
#550 = CARTESIAN_POINT ( 'NONE',  ( 13.15710331650715226, 9.998569506255046591, 6.633493106645660831 ) ) ;
#551 = EDGE_LOOP ( 'NONE', ( #2435, #1835 ) ) ;
#552 = PLANE ( 'NONE',  #1429 ) ;
#553 = CARTESIAN_POINT ( 'NONE',  ( -19.50000000000000711, -22.50000000000000355, -26.00000000000004263 ) ) ;
#554 = CYLINDRICAL_SURFACE ( 'NONE', #476, 3.000000000000000888 ) ;
#555 = VECTOR ( 'NONE', #885, 1000.000000000000000 ) ;
#556 = CARTESIAN_POINT ( 'NONE',  ( -11.52225842753902008, -10.38109179651209324, 5.817182539717158818 ) ) ;
#557 = VECTOR ( 'NONE', #2562, 1000.000000000000000 ) ;
#558 = LINE ( 'NONE', #2689, #603 ) ;
#559 = AXIS2_PLACEMENT_3D ( 'NONE', #2496, #824, #1038 ) ;
#560 = ORIENTED_EDGE ( 'NONE', *, *, #1362, .F. ) ;
#561 = CARTESIAN_POINT ( 'NONE',  ( -22.50000000000000355, 17.50000000000000000, -26.00000000000004263 ) ) ;
#562 = DIRECTION ( 'NONE',  ( 1.000000000000000000, 0.000000000000000000, 0.000000000000000000 ) ) ;
#563 = AXIS2_PLACEMENT_3D ( 'NONE', #86, #1559, #1581 ) ;
#564 = CYLINDRICAL_SURFACE ( 'NONE', #1619, 3.000000000000000888 ) ;
#565 = VECTOR ( 'NONE', #1055, 1000.000000000000000 ) ;
#566 = CARTESIAN_POINT ( 'NONE',  ( 12.06192058463029859, 10.14386370761387823, 6.045685921252895945 ) ) ;
#567 = EDGE_CURVE ( 'NONE', #1479, #238, #665, .T. ) ;
#568 = VERTEX_POINT ( 'NONE', #1502 ) ;
#569 = CYLINDRICAL_SURFACE ( 'NONE', #1313, 1.600000000000000755 ) ;
#570 = DIRECTION ( 'NONE',  ( 1.000000000000000000, 0.000000000000000000, -0.000000000000000000 ) ) ;
#571 = DIRECTION ( 'NONE',  ( 0.000000000000000000, 0.000000000000000000, -1.000000000000000000 ) ) ;
#572 = CARTESIAN_POINT ( 'NONE',  ( -9.999999999998612665, -12.81711335522978601, 6.444246038934736909 ) ) ;
#573 = CARTESIAN_POINT ( 'NONE',  ( 15.96570793933464749, -13.46720834570792569, 7.999456060013437231 ) ) ;
#574 = CARTESIAN_POINT ( 'NONE',  ( 10.01684759616984799, -12.63204842609559719, 6.341851018159594844 ) ) ;
#575 = ORIENTED_EDGE ( 'NONE', *, *, #991, .T. ) ;
#576 = FACE_BOUND ( 'NONE', #2461, .T. ) ;
#577 = CARTESIAN_POINT ( 'NONE',  ( -19.50000000000000355, 14.50000000000000178, 0.000000000000000000 ) ) ;
#578 = CARTESIAN_POINT ( 'NONE',  ( 12.51760428290711502, 15.97029136476398392, 7.970654384218083699 ) ) ;
#579 = CARTESIAN_POINT ( 'NONE',  ( 10.72216108046201377, 11.03618960616630851, 5.699006167643937637 ) ) ;
#580 = VERTEX_POINT ( 'NONE', #456 ) ;
#581 = ADVANCED_FACE ( 'NONE', ( #1252 ), #1881, .F. ) ;
#582 = CARTESIAN_POINT ( 'NONE',  ( -10.71659232475076706, 11.04293379270527353, 5.699984879200814092 ) ) ;
#583 = CARTESIAN_POINT ( 'NONE',  ( -30.50000000000000711, 3.000000000000002665, -20.00000000000004974 ) ) ;
#584 = CARTESIAN_POINT ( 'NONE',  ( 27.50000000000000711, -14.49999999999999822, 8.000000000000000000 ) ) ;
#585 = EDGE_CURVE ( 'NONE', #2524, #7, #2111, .T. ) ;
#586 = ORIENTED_EDGE ( 'NONE', *, *, #1817, .F. ) ;
#587 = DIRECTION ( 'NONE',  ( 0.000000000000000000, 0.000000000000000000, 1.000000000000000000 ) ) ;
#588 = LINE ( 'NONE', #2751, #2494 ) ;
#589 = CARTESIAN_POINT ( 'NONE',  ( 12.99999999999999289, 13.00000000000000000, 5.000000000000000000 ) ) ;
#590 = VERTEX_POINT ( 'NONE', #1121 ) ;
#591 = FACE_OUTER_BOUND ( 'NONE', #2459, .T. ) ;
#592 = VECTOR ( 'NONE', #973, 1000.000000000000000 ) ;
#593 = DIRECTION ( 'NONE',  ( 0.6946583704589931463, 5.806667596949144725E-17, 0.7193398003386551887 ) ) ;
#594 = DIRECTION ( 'NONE',  ( 0.000000000000000000, 0.000000000000000000, -1.000000000000000000 ) ) ;
#595 = ADVANCED_FACE ( 'NONE', ( #1314 ), #924, .T. ) ;
#596 = FACE_OUTER_BOUND ( 'NONE', #858, .T. ) ;
#597 = ORIENTED_EDGE ( 'NONE', *, *, #481, .F. ) ;
#598 = AXIS2_PLACEMENT_3D ( 'NONE', #1456, #2101, #2728 ) ;
#599 = FACE_OUTER_BOUND ( 'NONE', #1, .T. ) ;
#600 = ORIENTED_EDGE ( 'NONE', *, *, #2070, .F. ) ;
#601 = CARTESIAN_POINT ( 'NONE',  ( -13.69762540848754817, -15.91775920689706503, 8.000000000000000000 ) ) ;
#602 = CARTESIAN_POINT ( 'NONE',  ( -36.50000000000002132, 16.25735931288071612, -23.00000000000003908 ) ) ;
#603 = VECTOR ( 'NONE', #1874, 1000.000000000000000 ) ;
#604 = DIRECTION ( 'NONE',  ( 1.000000000000000000, 0.000000000000000000, 0.000000000000000000 ) ) ;
#605 = DIRECTION ( 'NONE',  ( 4.336808689942014655E-17, -1.000000000000000000, -1.967543734044216262E-16 ) ) ;
#606 = VERTEX_POINT ( 'NONE', #2647 ) ;
#607 = CIRCLE ( 'NONE', #120, 2.000000000000001776 ) ;
#608 = VECTOR ( 'NONE', #663, 1000.000000000000000 ) ;
#609 = ORIENTED_EDGE ( 'NONE', *, *, #1146, .T. ) ;
#610 = CARTESIAN_POINT ( 'NONE',  ( -27.50000000000000711, 17.50000000000000000, 8.000000000000000000 ) ) ;
#611 = DIRECTION ( 'NONE',  ( 1.349221823327174429E-16, 1.967543734044216016E-16, -1.000000000000000000 ) ) ;
#612 = CARTESIAN_POINT ( 'NONE',  ( -19.50000000000000355, 14.50000000000000178, -63.85498646149545721 ) ) ;
#613 = EDGE_CURVE ( 'NONE', #847, #1172, #1745, .T. ) ;
#614 = EDGE_CURVE ( 'NONE', #916, #1382, #2251, .T. ) ;
#615 = ORIENTED_EDGE ( 'NONE', *, *, #222, .F. ) ;
#616 = FACE_OUTER_BOUND ( 'NONE', #1161, .T. ) ;
#617 = ORIENTED_EDGE ( 'NONE', *, *, #2413, .T. ) ;
#618 = CARTESIAN_POINT ( 'NONE',  ( -16.00000000000081712, -13.11768139445723236, 7.994326531340150588 ) ) ;
#619 = CARTESIAN_POINT ( 'NONE',  ( -27.50000000000001066, 9.014718625761441118, 4.000000000000027534 ) ) ;
#620 = DIRECTION ( 'NONE',  ( -0.5839517053348516340, -0.5839517053348531883, 0.5639156068713079284 ) ) ;
#621 = CARTESIAN_POINT ( 'NONE',  ( -16.00000000000000711, 13.00000000000000000, 5.000000000000000000 ) ) ;
#622 = ORIENTED_EDGE ( 'NONE', *, *, #44, .F. ) ;
#623 = VERTEX_POINT ( 'NONE', #2074 ) ;
#624 = CARTESIAN_POINT ( 'NONE',  ( -10.00000000000000711, 12.99999999999993605, 6.546084143056977389 ) ) ;
#625 = B_SPLINE_CURVE_WITH_KNOTS ( 'NONE', 3,
 ( #2437, #291, #715, #757, #1769, #1545, #2025, #318, #932, #111, #2630, #1593, #490, #514, #96, #277, #1333, #2203 ),
 .UNSPECIFIED., .F., .F.,
 ( 4, 2, 2, 2, 2, 2, 2, 2, 4 ),
 ( 0.01918949648254605206, 0.01989797146179288906, 0.02060644644103972259, 0.02131492142028655959, 0.02202339639953339312, 0.02273187137878023012, 0.02344034635802706712, 0.02414882133727390412, 0.02485729631652074459 ),
 .UNSPECIFIED. ) ;
#626 = DIRECTION ( 'NONE',  ( 9.376883653928686131E-17, 1.000000000000000000, 1.967543734044216262E-16 ) ) ;
#627 = DIRECTION ( 'NONE',  ( 1.000000000000000000, 0.000000000000000000, 0.000000000000000000 ) ) ;
#628 = CARTESIAN_POINT ( 'NONE',  ( -19.50000000000000711, -22.50000000000000355, 0.000000000000000000 ) ) ;
#629 = CARTESIAN_POINT ( 'NONE',  ( -50.98528137423859619, 22.50000000000006040, -14.00000000000003730 ) ) ;
#630 = ORIENTED_EDGE ( 'NONE', *, *, #1774, .T. ) ;
#631 = LINE ( 'NONE', #673, #2661 ) ;
#632 = EDGE_CURVE ( 'NONE', #1024, #470, #2049, .T. ) ;
#633 = APPLICATION_PROTOCOL_DEFINITION ( 'draft international standard', 'automotive_design', 1998, #2504 ) ;
#634 = CARTESIAN_POINT ( 'NONE',  ( 50.98528137423861750, 22.50000000000006040, -18.00000000000003908 ) ) ;
#635 = VERTEX_POINT ( 'NONE', #1629 ) ;
#636 = EDGE_CURVE ( 'NONE', #735, #737, #648, .T. ) ;
#637 = ORIENTED_EDGE ( 'NONE', *, *, #1962, .F. ) ;
#638 = CARTESIAN_POINT ( 'NONE',  ( 19.50000000000001066, 14.49999999999999822, -63.85498646149545721 ) ) ;
#639 = APPLICATION_CONTEXT ( 'automotive_design' ) ;
#640 = CARTESIAN_POINT ( 'NONE',  ( 27.50000000000000711, -6.742640687119290099, -20.00000000000004619 ) ) ;
#641 = LINE ( 'NONE', #407, #1099 ) ;
#642 = CARTESIAN_POINT ( 'NONE',  ( -27.50000000000000711, 17.50000000000000000, 8.000000000000000000 ) ) ;
#643 = VERTEX_POINT ( 'NONE', #1613 ) ;
#644 = DIRECTION ( 'NONE',  ( 1.000000000000000000, 0.000000000000000000, 0.000000000000000000 ) ) ;
#645 = DIRECTION ( 'NONE',  ( -1.000000000000000000, 0.000000000000000000, 0.000000000000000000 ) ) ;
#646 = CARTESIAN_POINT ( 'NONE',  ( -32.50000000000007105, 22.50000000000004974, -26.00000000000004263 ) ) ;
#647 = VECTOR ( 'NONE', #2391, 1000.000000000000000 ) ;
#648 = CIRCLE ( 'NONE', #2317, 2.000000000000001776 ) ;
#649 = ADVANCED_FACE ( 'NONE', ( #159 ), #2484, .F. ) ;
#650 = CARTESIAN_POINT ( 'NONE',  ( -30.50000000000000711, 9.014718625761444670, -23.00000000000004619 ) ) ;
#651 = ORIENTED_EDGE ( 'NONE', *, *, #2522, .F. ) ;
#652 = CIRCLE ( 'NONE', #696, 2.000000000000001776 ) ;
#653 = EDGE_CURVE ( 'NONE', #100, #1825, #1008, .T. ) ;
#654 = ORIENTED_EDGE ( 'NONE', *, *, #433, .F. ) ;
#655 = VECTOR ( 'NONE', #1748, 1000.000000000000000 ) ;
#656 = PRODUCT_DEFINITION_FORMATION_WITH_SPECIFIED_SOURCE ( 'ä»', '', #2546, .NOT_KNOWN. ) ;
#657 = EDGE_CURVE ( 'NONE', #1530, #2023, #1864, .T. ) ;
#658 = CARTESIAN_POINT ( 'NONE',  ( -15.65640753042086430, -11.59043464137729273, 7.856340124646008505 ) ) ;
#659 = PLANE ( 'NONE',  #787 ) ;
#660 = ORIENTED_EDGE ( 'NONE', *, *, #1752, .F. ) ;
#661 = EDGE_LOOP ( 'NONE', ( #1353, #901, #2648, #2255 ) ) ;
#662 = DIRECTION ( 'NONE',  ( -0.000000000000000000, -0.000000000000000000, -1.000000000000000000 ) ) ;
#663 = DIRECTION ( 'NONE',  ( -0.000000000000000000, -0.000000000000000000, -1.000000000000000000 ) ) ;
#664 = CARTESIAN_POINT ( 'NONE',  ( 5.319899557242833718E-15, 14.50000000000000000, -23.00000000000003908 ) ) ;
#665 = LINE ( 'NONE', #650, #1086 ) ;
#666 = ORIENTED_EDGE ( 'NONE', *, *, #142, .T. ) ;
#667 = ORIENTED_EDGE ( 'NONE', *, *, #1472, .F. ) ;
#668 = FACE_OUTER_BOUND ( 'NONE', #1527, .T. ) ;
#669 = EDGE_CURVE ( 'NONE', #957, #937, #523, .T. ) ;
#670 = CARTESIAN_POINT ( 'NONE',  ( -27.50000000000000711, 3.000000000000002665, -20.00000000000004974 ) ) ;
#671 = EDGE_CURVE ( 'NONE', #2252, #7, #950, .T. ) ;
#672 = CARTESIAN_POINT ( 'NONE',  ( -27.50000000000000711, -6.742640687119279441, -23.00000000000004974 ) ) ;
#673 = CARTESIAN_POINT ( 'NONE',  ( 51.74264068711926967, 17.50000000000004619, -20.00000000000004263 ) ) ;
#674 = CARTESIAN_POINT ( 'NONE',  ( 10.34733989960978029, 14.41750890138697727, 7.312141904308518292 ) ) ;
#675 = CARTESIAN_POINT ( 'NONE',  ( 11.17967529671807192, -10.60666927405479321, 5.722672042361531375 ) ) ;
#676 = ORIENTED_EDGE ( 'NONE', *, *, #2392, .F. ) ;
#677 = FACE_OUTER_BOUND ( 'NONE', #2097, .T. ) ;
#678 = ORIENTED_EDGE ( 'NONE', *, *, #142, .F. ) ;
#679 = DIRECTION ( 'NONE',  ( 1.000000000000000000, 7.584913611344741827E-33, 1.349221823327174429E-16 ) ) ;
#680 = ORIENTED_EDGE ( 'NONE', *, *, #2332, .F. ) ;
#681 = CARTESIAN_POINT ( 'NONE',  ( -30.50000000000000711, 7.772077938642153683, -23.00000000000004619 ) ) ;
#682 = DIRECTION ( 'NONE',  ( 0.000000000000000000, -1.967543734044216262E-16, 1.000000000000000000 ) ) ;
#683 = B_SPLINE_CURVE_WITH_KNOTS ( 'NONE', 3,
 ( #2311, #618, #2526, #385, #2704, #1836 ),
 .UNSPECIFIED., .F., .F.,
 ( 4, 2, 4 ),
 ( 0.01732326078663775151, 0.01767389569542453590, 0.01802453060421132028 ),
 .UNSPECIFIED. ) ;
#684 = ORIENTED_EDGE ( 'NONE', *, *, #1778, .T. ) ;
#685 = PLANE ( 'NONE',  #247 ) ;
#686 = CARTESIAN_POINT ( 'NONE',  ( -37.85530313790587797, 22.50000000000004619, -6.000000000000043521 ) ) ;
#687 = LINE ( 'NONE', #646, #1052 ) ;
#688 = ADVANCED_FACE ( 'NONE', ( #324 ), #1171, .F. ) ;
#689 = PRESENTATION_LAYER_ASSIGNMENT (  '', '', ( #333 ) ) ;
#690 = VERTEX_POINT ( 'NONE', #1699 ) ;
#691 = LINE ( 'NONE', #1111, #1717 ) ;
#692 = ORIENTED_EDGE ( 'NONE', *, *, #2258, .T. ) ;
#693 = CARTESIAN_POINT ( 'NONE',  ( -11.41424935028590326, 15.55745861196658275, 7.819216550318227377 ) ) ;
#694 = EDGE_LOOP ( 'NONE', ( #1820, #1681 ) ) ;
#695 = AXIS2_PLACEMENT_3D ( 'NONE', #2299, #2122, #604 ) ;
#696 = AXIS2_PLACEMENT_3D ( 'NONE', #2363, #1283, #1087 ) ;
#697 = AXIS2_PLACEMENT_3D ( 'NONE', #2610, #46, #2395 ) ;
#698 = CARTESIAN_POINT ( 'NONE',  ( -38.98528137423858908, 22.50000000000006040, -16.00000000000003908 ) ) ;
#699 = ADVANCED_FACE ( 'NONE', ( #616 ), #1232, .F. ) ;
#700 = VECTOR ( 'NONE', #1108, 1000.000000000000000 ) ;
#701 = DIRECTION ( 'NONE',  ( 0.000000000000000000, 0.000000000000000000, 1.000000000000000000 ) ) ;
#702 = DIRECTION ( 'NONE',  ( 1.349221823327174675E-16, 1.967543734044216262E-16, -1.000000000000000000 ) ) ;
#703 = ADVANCED_FACE ( 'NONE', ( #599 ), #2552, .F. ) ;
#704 = EDGE_CURVE ( 'NONE', #737, #397, #225, .T. ) ;
#705 = ORIENTED_EDGE ( 'NONE', *, *, #127, .T. ) ;
#706 = CARTESIAN_POINT ( 'NONE',  ( 14.40569278117633267, -10.32335477431877813, 7.309061292973280111 ) ) ;
#707 = ORIENTED_EDGE ( 'NONE', *, *, #1812, .T. ) ;
#708 = CYLINDRICAL_SURFACE ( 'NONE', #297, 2.999999999999999112 ) ;
#709 = EDGE_CURVE ( 'NONE', #1058, #509, #1219, .T. ) ;
#710 = DIRECTION ( 'NONE',  ( -1.000000000000000000, 0.000000000000000000, -1.349221823327174429E-16 ) ) ;
#711 = EDGE_LOOP ( 'NONE', ( #811, #416, #776, #1996 ) ) ;
#712 = CARTESIAN_POINT ( 'NONE',  ( -27.50000000000000711, 17.50000000000000000, 8.000000000000000000 ) ) ;
#713 = VERTEX_POINT ( 'NONE', #2149 ) ;
#714 = EDGE_CURVE ( 'NONE', #1846, #2189, #1471, .T. ) ;
#715 = CARTESIAN_POINT ( 'NONE',  ( 10.02181332301893413, -13.41721980835553651, 6.779227635292662590 ) ) ;
#716 = CARTESIAN_POINT ( 'NONE',  ( 19.50000000000000711, -19.50000000000000355, 0.000000000000000000 ) ) ;
#717 = DIRECTION ( 'NONE',  ( 0.000000000000000000, -0.000000000000000000, -1.000000000000000000 ) ) ;
#718 = CARTESIAN_POINT ( 'NONE',  ( -15.91775920689707213, -13.69762540848753929, 8.000000000000000000 ) ) ;
#719 = ORIENTED_EDGE ( 'NONE', *, *, #222, .T. ) ;
#720 = ORIENTED_EDGE ( 'NONE', *, *, #822, .T. ) ;
#721 = CARTESIAN_POINT ( 'NONE',  ( -30.50000000000000711, 17.49999999999999645, -26.00000000000004263 ) ) ;
#722 = CARTESIAN_POINT ( 'NONE',  ( -37.85530313790587797, 17.49999999999998934, -6.000000000000040856 ) ) ;
#723 = ORIENTED_EDGE ( 'NONE', *, *, #843, .F. ) ;
#724 = ORIENTED_EDGE ( 'NONE', *, *, #432, .F. ) ;
#725 = CARTESIAN_POINT ( 'NONE',  ( -15.82626924853199668, 11.97288259304797720, 7.918248935844308889 ) ) ;
#726 = CARTESIAN_POINT ( 'NONE',  ( 5.319899557242834507E-15, 5.134402984027717322E-15, -23.00000000000004263 ) ) ;
#727 =( BOUNDED_CURVE ( )  B_SPLINE_CURVE ( 3, ( #1633, #602, #1447, #191 ),
 .UNSPECIFIED., .F., .T. ) 
 B_SPLINE_CURVE_WITH_KNOTS ( ( 4, 4 ),
 ( 4.712388980384689674, 6.283185307179586232 ),
 .UNSPECIFIED. ) 
 CURVE ( )  GEOMETRIC_REPRESENTATION_ITEM ( )  RATIONAL_B_SPLINE_CURVE ( ( 1.000000000000000000, 0.8047378541243649375, 0.8047378541243649375, 1.000000000000000000 ) ) 
 REPRESENTATION_ITEM ( '' )  );
#728 = DIRECTION ( 'NONE',  ( 0.000000000000000000, 0.000000000000000000, -1.000000000000000000 ) ) ;
#729 = VERTEX_POINT ( 'NONE', #1889 ) ;
#730 = CARTESIAN_POINT ( 'NONE',  ( 15.99999999999999289, -13.00000000000336975, 7.990755995505702813 ) ) ;
#731 = VERTEX_POINT ( 'NONE', #2510 ) ;
#732 = DIRECTION ( 'NONE',  ( 0.000000000000000000, 0.000000000000000000, 1.000000000000000000 ) ) ;
#733 = DIRECTION ( 'NONE',  ( -0.000000000000000000, 0.000000000000000000, 1.000000000000000000 ) ) ;
#734 = VECTOR ( 'NONE', #1586, 1000.000000000000000 ) ;
#735 = VERTEX_POINT ( 'NONE', #1261 ) ;
#736 = CARTESIAN_POINT ( 'NONE',  ( -16.00000000000000711, -13.00000000000000000, 5.000000000000000000 ) ) ;
#737 = VERTEX_POINT ( 'NONE', #423 ) ;
#738 = EDGE_CURVE ( 'NONE', #1925, #568, #1022, .T. ) ;
#739 = AXIS2_PLACEMENT_3D ( 'NONE', #18, #1069, #1311 ) ;
#740 = VECTOR ( 'NONE', #2295, 1000.000000000000000 ) ;
#741 = CARTESIAN_POINT ( 'NONE',  ( 12.99999999999999289, 13.00000000000000000, 10.10628645568517214 ) ) ;
#742 = CYLINDRICAL_SURFACE ( 'NONE', #563, 2.000000000000001776 ) ;
#743 = VECTOR ( 'NONE', #1073, 1000.000000000000000 ) ;
#744 = EDGE_CURVE ( 'NONE', #1473, #2023, #188, .T. ) ;
#745 = DIRECTION ( 'NONE',  ( 0.000000000000000000, 0.000000000000000000, 1.000000000000000000 ) ) ;
#746 = AXIS2_PLACEMENT_3D ( 'NONE', #2741, #820, #1666 ) ;
#747 = CARTESIAN_POINT ( 'NONE',  ( 0.000000000000000000, 0.000000000000000000, 8.000000000000000000 ) ) ;
#748 = CIRCLE ( 'NONE', #2671, 3.000000000000000888 ) ;
#749 = ORIENTED_EDGE ( 'NONE', *, *, #2020, .F. ) ;
#750 = CARTESIAN_POINT ( 'NONE',  ( -35.50000000000007816, 22.50000000000004263, 10.10628645568518280 ) ) ;
#751 = ORIENTED_EDGE ( 'NONE', *, *, #485, .T. ) ;
#752 = PLANE ( 'NONE',  #2230 ) ;
#753 = LINE ( 'NONE', #1603, #2525 ) ;
#754 = ORIENTED_EDGE ( 'NONE', *, *, #1247, .F. ) ;
#755 = CARTESIAN_POINT ( 'NONE',  ( 15.18017070030538918, 10.92974316300820981, 7.666680784866166221 ) ) ;
#756 = ORIENTED_EDGE ( 'NONE', *, *, #2392, .T. ) ;
#757 = CARTESIAN_POINT ( 'NONE',  ( 10.10841774867164844, -13.82608736537646443, 7.003456920344661718 ) ) ;
#758 = CARTESIAN_POINT ( 'NONE',  ( -14.40103521763175465, 10.34018660562938940, 7.303616101891257983 ) ) ;
#759 = ADVANCED_FACE ( 'NONE', ( #810 ), #857, .F. ) ;
#760 = ADVANCED_FACE ( 'NONE', ( #2747 ), #2118, .F. ) ;
#761 = DIRECTION ( 'NONE',  ( 0.000000000000000000, 0.000000000000000000, -1.000000000000000000 ) ) ;
#762 = CARTESIAN_POINT ( 'NONE',  ( 14.59999999999999254, -13.00000000000000000, 10.10628645568517214 ) ) ;
#763 = CARTESIAN_POINT ( 'NONE',  ( 9.999999999999992895, -13.00000000000000000, 5.000000000000000000 ) ) ;
#764 = ORIENTED_EDGE ( 'NONE', *, *, #972, .F. ) ;
#765 = VERTEX_POINT ( 'NONE', #2104 ) ;
#766 = DIRECTION ( 'NONE',  ( 9.376883653928686131E-17, 1.000000000000000000, 0.000000000000000000 ) ) ;
#767 = LINE ( 'NONE', #1790, #1519 ) ;
#768 = ORIENTED_EDGE ( 'NONE', *, *, #77, .T. ) ;
#769 = ORIENTED_EDGE ( 'NONE', *, *, #2520, .F. ) ;
#770 = DIRECTION ( 'NONE',  ( -1.000000000000000000, 1.875376730785737226E-16, 0.000000000000000000 ) ) ;
#771 = DIRECTION ( 'NONE',  ( 0.000000000000000000, 0.000000000000000000, -1.000000000000000000 ) ) ;
#772 = EDGE_CURVE ( 'NONE', #2475, #847, #319, .T. ) ;
#773 = CARTESIAN_POINT ( 'NONE',  ( 38.98528137423861750, 22.50000000000006040, -16.00000000000003908 ) ) ;
#774 = CARTESIAN_POINT ( 'NONE',  ( 15.94521832341020939, -13.58277997848354168, 8.000000000000101252 ) ) ;
#775 = DIRECTION ( 'NONE',  ( 0.000000000000000000, 0.000000000000000000, -1.000000000000000000 ) ) ;
#776 = ORIENTED_EDGE ( 'NONE', *, *, #744, .T. ) ;
#777 = DIRECTION ( 'NONE',  ( -1.000000000000000000, -7.745271583493977455E-32, 2.201794655477302193E-16 ) ) ;
#778 = CARTESIAN_POINT ( 'NONE',  ( -10.00000000000000711, -13.00000000000000000, 5.000000000000000000 ) ) ;
#779 = ORIENTED_EDGE ( 'NONE', *, *, #2370, .F. ) ;
#780 = AXIS2_PLACEMENT_3D ( 'NONE', #548, #304, #343 ) ;
#781 = FACE_OUTER_BOUND ( 'NONE', #925, .T. ) ;
#782 = CIRCLE ( 'NONE', #1988, 2.000000000000001776 ) ;
#783 = CARTESIAN_POINT ( 'NONE',  ( -27.50000000000000711, 3.000000000000003109, -20.00000000000004974 ) ) ;
#784 = DIRECTION ( 'NONE',  ( 3.413144305457568632E-32, -1.000000000000000000, -1.967543734044216016E-16 ) ) ;
#785 = AXIS2_PLACEMENT_3D ( 'NONE', #2193, #1363, #1772 ) ;
#786 = CIRCLE ( 'NONE', #2439, 8.000000000000000000 ) ;
#787 = AXIS2_PLACEMENT_3D ( 'NONE', #855, #1929, #2372 ) ;
#788 = DIRECTION ( 'NONE',  ( -1.000000000000000000, 0.000000000000000000, 0.000000000000000000 ) ) ;
#789 = ORIENTED_EDGE ( 'NONE', *, *, #177, .F. ) ;
#790 = LINE ( 'NONE', #370, #2316 ) ;
#791 = DIRECTION ( 'NONE',  ( 0.000000000000000000, 0.000000000000000000, 1.000000000000000000 ) ) ;
#792 = CARTESIAN_POINT ( 'NONE',  ( 13.23119841005571296, 16.00048289076701025, 7.997859222637378807 ) ) ;
#793 = ORIENTED_EDGE ( 'NONE', *, *, #489, .F. ) ;
#794 = PLANE ( 'NONE',  #1797 ) ;
#795 = CARTESIAN_POINT ( 'NONE',  ( -13.33043414028652407, 9.996112427829666913, 6.729881161409622337 ) ) ;
#796 = DIRECTION ( 'NONE',  ( 1.000000000000000000, 4.336808689942014655E-17, -0.000000000000000000 ) ) ;
#797 = DIRECTION ( 'NONE',  ( -0.000000000000000000, 0.000000000000000000, 1.000000000000000000 ) ) ;
#798 = CARTESIAN_POINT ( 'NONE',  ( 19.50000000000000711, -19.50000000000000355, -63.85498646149545721 ) ) ;
#799 = EDGE_LOOP ( 'NONE', ( #463, #1675 ) ) ;
#800 = CARTESIAN_POINT ( 'NONE',  ( 51.74264068711926967, 17.50000000000004619, -26.00000000000003197 ) ) ;
#801 = CARTESIAN_POINT ( 'NONE',  ( -37.85530313790587797, 22.50000000000004619, -6.000000000000047962 ) ) ;
#802 = FACE_OUTER_BOUND ( 'NONE', #1380, .T. ) ;
#803 = ORIENTED_EDGE ( 'NONE', *, *, #2326, .T. ) ;
#804 = CARTESIAN_POINT ( 'NONE',  ( 32.50000000000004974, 22.50000000000004619, -6.000000000000036415 ) ) ;
#805 = DIRECTION ( 'NONE',  ( -1.354360293642049904E-32, 1.000000000000000000, 1.003808469612657108E-16 ) ) ;
#806 = EDGE_CURVE ( 'NONE', #2625, #1503, #2387, .T. ) ;
#807 = CARTESIAN_POINT ( 'NONE',  ( -10.13583784413991928, -12.08675698463915005, 6.057721687850865955 ) ) ;
#808 = LINE ( 'NONE', #172, #1005 ) ;
#809 = ORIENTED_EDGE ( 'NONE', *, *, #2508, .T. ) ;
#810 = FACE_OUTER_BOUND ( 'NONE', #661, .T. ) ;
#811 = ORIENTED_EDGE ( 'NONE', *, *, #988, .F. ) ;
#812 = LINE ( 'NONE', #1426, #1394 ) ;
#813 = CARTESIAN_POINT ( 'NONE',  ( 9.999999999999991118, 13.00000000000000000, 5.000000000000000000 ) ) ;
#814 = FACE_OUTER_BOUND ( 'NONE', #1961, .T. ) ;
#815 = ADVANCED_BREP_SHAPE_REPRESENTATION ( '\X2\5de653f37535673a652f67b6\X0\', ( #1016, #1188 ), #2760 ) ;
#816 =( BOUNDED_CURVE ( )  B_SPLINE_CURVE ( 3, ( #209, #1059, #1255, #48 ),
 .UNSPECIFIED., .F., .T. ) 
 B_SPLINE_CURVE_WITH_KNOTS ( ( 4, 4 ),
 ( 3.141592653589792672, 4.712388980384687898 ),
 .UNSPECIFIED. ) 
 CURVE ( )  GEOMETRIC_REPRESENTATION_ITEM ( )  RATIONAL_B_SPLINE_CURVE ( ( 1.000000000000000000, 0.8047378541243652705, 0.8047378541243652705, 1.000000000000000000 ) ) 
 REPRESENTATION_ITEM ( '' )  );
#817 = CYLINDRICAL_SURFACE ( 'NONE', #1225, 3.000000000000000888 ) ;
#818 = EDGE_LOOP ( 'NONE', ( #1412, #1040, #1803, #1292 ) ) ;
#819 = VECTOR ( 'NONE', #35, 1000.000000000000000 ) ;
#821 = ADVANCED_FACE ( 'NONE', ( #2454 ), #515, .F. ) ;
#820 = DIRECTION ( 'NONE',  ( 0.000000000000000000, 0.000000000000000000, 1.000000000000000000 ) ) ;
#822 = EDGE_CURVE ( 'NONE', #2635, #1765, #2749, .T. ) ;
#823 = VECTOR ( 'NONE', #969, 999.9999999999998863 ) ;
#824 = DIRECTION ( 'NONE',  ( 0.000000000000000000, 0.000000000000000000, 1.000000000000000000 ) ) ;
#825 = VECTOR ( 'NONE', #2440, 1000.000000000000000 ) ;
#826 = PRODUCT_RELATED_PRODUCT_CATEGORY ( 'part', '', ( #2546 ) ) ;
#827 = EDGE_LOOP ( 'NONE', ( #1694, #2013, #2143, #498, #2605, #2365, #1959 ) ) ;
#828 = CIRCLE ( 'NONE', #2401, 2.000000000000001776 ) ;
#829 = DIRECTION ( 'NONE',  ( 3.413144305457568632E-32, -1.000000000000000000, -1.967543734044216016E-16 ) ) ;
#830 = ORIENTED_EDGE ( 'NONE', *, *, #402, .T. ) ;
#831 = CARTESIAN_POINT ( 'NONE',  ( -11.22593525065648734, -15.42996805158401230, 7.769955018145553893 ) ) ;
#832 = EDGE_CURVE ( 'NONE', #1239, #1621, #508, .T. ) ;
#833 = DIRECTION ( 'NONE',  ( 0.000000000000000000, -1.967543734044216262E-16, 1.000000000000000000 ) ) ;
#834 = VECTOR ( 'NONE', #1507, 1000.000000000000000 ) ;
#835 = DIRECTION ( 'NONE',  ( -1.249000902703300861E-16, -1.000000000000000000, -1.003808469612657354E-16 ) ) ;
#836 = LINE ( 'NONE', #874, #1660 ) ;
#837 = ORIENTED_EDGE ( 'NONE', *, *, #1901, .F. ) ;
#838 = CIRCLE ( 'NONE', #389, 2.999999999999999112 ) ;
#839 = CIRCLE ( 'NONE', #521, 20.99999999999999645 ) ;
#840 = VERTEX_POINT ( 'NONE', #1741 ) ;
#841 = DIRECTION ( 'NONE',  ( -0.000000000000000000, -0.000000000000000000, -1.000000000000000000 ) ) ;
#842 = EDGE_CURVE ( 'NONE', #2207, #2582, #53, .T. ) ;
#843 = EDGE_CURVE ( 'NONE', #2296, #1486, #1782, .T. ) ;
#844 = CARTESIAN_POINT ( 'NONE',  ( 22.50000000000001066, 14.50000000000000178, 8.000000000000000000 ) ) ;
#845 = DIRECTION ( 'NONE',  ( -0.000000000000000000, 0.000000000000000000, 1.000000000000000000 ) ) ;
#846 = EDGE_CURVE ( 'NONE', #568, #1406, #954, .T. ) ;
#847 = VERTEX_POINT ( 'NONE', #2726 ) ;
#848 = LINE ( 'NONE', #41, #959 ) ;
#849 = DIRECTION ( 'NONE',  ( 1.875376730785737226E-16, 1.000000000000000000, 1.967543734044216262E-16 ) ) ;
#850 = PLANE ( 'NONE',  #1180 ) ;
#851 = CARTESIAN_POINT ( 'NONE',  ( 15.99999999999883116, 12.78952749015401302, 7.984370112316816481 ) ) ;
#852 = ORIENTED_EDGE ( 'NONE', *, *, #1778, .F. ) ;
#853 = ORIENTED_EDGE ( 'NONE', *, *, #2655, .F. ) ;
#854 = CARTESIAN_POINT ( 'NONE',  ( -15.97755271753994677, -12.57865314348129537, 7.973866508433024691 ) ) ;
#855 = CARTESIAN_POINT ( 'NONE',  ( -87.19707759714370354, 23.50000000000005329, -26.00000000000004974 ) ) ;
#856 = ORIENTED_EDGE ( 'NONE', *, *, #1693, .T. ) ;
#857 = CYLINDRICAL_SURFACE ( 'NONE', #2310, 3.000000000000000888 ) ;
#858 = EDGE_LOOP ( 'NONE', ( #1539, #1704, #1822, #1768, #929, #2497 ) ) ;
#859 = DIRECTION ( 'NONE',  ( -0.5839517053348523001, 0.5839517053348510789, -0.5639156068713092607 ) ) ;
#860 = CARTESIAN_POINT ( 'NONE',  ( 11.39999999999999147, -13.00000000000000000, 10.10628645568517214 ) ) ;
#861 = CARTESIAN_POINT ( 'NONE',  ( -16.00000000000000711, 13.00000000000000000, 5.000000000000000000 ) ) ;
#862 = VERTEX_POINT ( 'NONE', #783 ) ;
#863 = ORIENTED_EDGE ( 'NONE', *, *, #439, .T. ) ;
#864 = CARTESIAN_POINT ( 'NONE',  ( 30.50000000000000355, -3.742640687119283882, -23.00000000000004263 ) ) ;
#865 = ORIENTED_EDGE ( 'NONE', *, *, #2150, .F. ) ;
#866 = FACE_OUTER_BOUND ( 'NONE', #1794, .T. ) ;
#867 = VECTOR ( 'NONE', #101, 1000.000000000000000 ) ;
#868 = CARTESIAN_POINT ( 'NONE',  ( -30.50000000000001066, 17.49999999999999289, 1.102933675578833261 ) ) ;
#869 = ORIENTED_EDGE ( 'NONE', *, *, #365, .T. ) ;
#870 = DIRECTION ( 'NONE',  ( 1.875376730785737226E-16, -1.000000000000000000, 0.000000000000000000 ) ) ;
#871 = CARTESIAN_POINT ( 'NONE',  ( 10.45867785671139494, 14.60963504646526268, 7.406695966547345300 ) ) ;
#872 = AXIS2_PLACEMENT_3D ( 'NONE', #372, #2694, #2288 ) ;
#873 = VECTOR ( 'NONE', #2245, 1000.000000000000000 ) ;
#874 = CARTESIAN_POINT ( 'NONE',  ( 27.50000000000000000, 17.50000000000000711, -20.00000000000003908 ) ) ;
#875 = ORIENTED_EDGE ( 'NONE', *, *, #1112, .T. ) ;
#876 = AXIS2_PLACEMENT_3D ( 'NONE', #2306, #1441, #2325 ) ;
#877 = AXIS2_PLACEMENT_3D ( 'NONE', #104, #1339, #525 ) ;
#878 = CARTESIAN_POINT ( 'NONE',  ( -14.23010461301339724, -10.25737306533513404, 7.216686780863677875 ) ) ;
#879 = EDGE_CURVE ( 'NONE', #2453, #731, #363, .T. ) ;
#880 = CYLINDRICAL_SURFACE ( 'NONE', #1185, 3.000000000000000000 ) ;
#881 = PLANE ( 'NONE',  #2130 ) ;
#882 = ORIENTED_EDGE ( 'NONE', *, *, #132, .F. ) ;
#883 = CARTESIAN_POINT ( 'NONE',  ( -55.98528137423859619, 17.49999999999999289, 25.51609221829269813 ) ) ;
#884 = LINE ( 'NONE', #2389, #1720 ) ;
#885 = DIRECTION ( 'NONE',  ( -1.000000000000000000, -4.336808689942012189E-17, -1.349221823327174429E-16 ) ) ;
#886 = CARTESIAN_POINT ( 'NONE',  ( 15.82696364950479584, -11.97447267312301555, 7.918501576307029666 ) ) ;
#887 = ORIENTED_EDGE ( 'NONE', *, *, #1195, .F. ) ;
#888 = CARTESIAN_POINT ( 'NONE',  ( 0.000000000000000000, 0.000000000000000000, 8.000000000000000000 ) ) ;
#889 = EDGE_CURVE ( 'NONE', #2024, #100, #2730, .T. ) ;
#890 = EDGE_LOOP ( 'NONE', ( #1084, #1563 ) ) ;
#891 = FACE_BOUND ( 'NONE', #694, .T. ) ;
#892 = ORIENTED_EDGE ( 'NONE', *, *, #2332, .T. ) ;
#893 = EDGE_CURVE ( 'NONE', #360, #1029, #1267, .T. ) ;
#894 = PLANE ( 'NONE',  #431 ) ;
#895 = ORIENTED_EDGE ( 'NONE', *, *, #1707, .F. ) ;
#896 = CARTESIAN_POINT ( 'NONE',  ( -10.00000000000000711, 12.99999999999993605, 6.546084143056977389 ) ) ;
#897 = CARTESIAN_POINT ( 'NONE',  ( 10.10763363628553968, 13.82362553415963191, 7.002134907348938953 ) ) ;
#898 = CARTESIAN_POINT ( 'NONE',  ( 10.36791544664564846, -11.54613701320301367, 5.825672054272246214 ) ) ;
#899 = ORIENTED_EDGE ( 'NONE', *, *, #1163, .F. ) ;
#900 = DIRECTION ( 'NONE',  ( 1.875376730785737226E-16, -1.000000000000000000, -2.201794655477296769E-16 ) ) ;
#901 = ORIENTED_EDGE ( 'NONE', *, *, #2712, .F. ) ;
#902 = ADVANCED_FACE ( 'NONE', ( #974 ), #2686, .F. ) ;
#903 = DIRECTION ( 'NONE',  ( 0.000000000000000000, -1.967543734044216509E-16, 1.000000000000000000 ) ) ;
#904 = DIRECTION ( 'NONE',  ( 3.413144305457568632E-32, -1.000000000000000000, -1.967543734044216016E-16 ) ) ;
#905 = CARTESIAN_POINT ( 'NONE',  ( 55.98528137423861750, 17.50000000000004619, -26.00000000000003197 ) ) ;
#906 = DIRECTION ( 'NONE',  ( 1.000000000000000000, 4.336808689942012189E-17, 1.349221823327174429E-16 ) ) ;
#907 = AXIS2_PLACEMENT_3D ( 'NONE', #2478, #770, #1608 ) ;
#908 = AXIS2_PLACEMENT_3D ( 'NONE', #2735, #1647, #164 ) ;
#909 = CARTESIAN_POINT ( 'NONE',  ( 13.69835710063804690, -10.07661808335098819, 6.933867186029154972 ) ) ;
#910 = ORIENTED_EDGE ( 'NONE', *, *, #193, .T. ) ;
#911 = CARTESIAN_POINT ( 'NONE',  ( 27.50000000000000711, -19.50000000000001066, -26.00000000000004263 ) ) ;
#912 = VECTOR ( 'NONE', #2076, 1000.000000000000000 ) ;
#913 = VECTOR ( 'NONE', #2148, 1000.000000000000000 ) ;
#914 = ORIENTED_EDGE ( 'NONE', *, *, #2126, .T. ) ;
#915 = CARTESIAN_POINT ( 'NONE',  ( -10.02164321995491569, 13.41559440243668000, 6.778317589287202516 ) ) ;
#916 = VERTEX_POINT ( 'NONE', #553 ) ;
#917 = AXIS2_PLACEMENT_3D ( 'NONE', #61, #501, #903 ) ;
#918 = B_SPLINE_CURVE_WITH_KNOTS ( 'NONE', 3,
 ( #1605, #1826, #2476, #2256, #1854, #997, #2502, #345, #579, #2684, #1430, #2709, #1416, #566, #2314, #2300, #1405, #550, #1217, #1635, #373, #107, #138, #1809, #2672, #755, #1591, #330, #1290, #6, #2544, #1079, #851, #2736 ),
 .UNSPECIFIED., .F., .F.,
 ( 4, 2, 2, 2, 2, 2, 2, 2, 2, 2, 2, 2, 2, 2, 2, 2, 4 ),
 ( 0.01711037300822461360, 0.01773453172427632424, 0.01835869044032803488, 0.01898284915637974551, 0.01960700787243145615, 0.02023116658848316332, 0.02085532530453487396, 0.02147948402058658460, 0.02210364273663829524, 0.02272780145269000587, 0.02335196016874171651, 0.02397611888479342368, 0.02460027760084513432, 0.02522443631689684496, 0.02584859503294855559, 0.02647275374900026623, 0.02709691246505197687 ),
 .UNSPECIFIED. ) ;
#919 = AXIS2_PLACEMENT_3D ( 'NONE', #1383, #2495, #1816 ) ;
#920 = FACE_OUTER_BOUND ( 'NONE', #374, .T. ) ;
#921 = EDGE_CURVE ( 'NONE', #323, #2434, #2480, .T. ) ;
#922 = CARTESIAN_POINT ( 'NONE',  ( -35.98528137423858198, 17.49999999999999645, -20.00000000000004619 ) ) ;
#923 = VERTEX_POINT ( 'NONE', #1624 ) ;
#924 = PLANE ( 'NONE',  #158 ) ;
#925 = EDGE_LOOP ( 'NONE', ( #1417, #123, #150, #1291, #1890, #2138, #597, #956, #487, #165, #764, #369, #2492, #1303 ) ) ;
#926 = PLANE ( 'NONE',  #167 ) ;
#927 = ADVANCED_FACE ( 'NONE', ( #2057 ), #1842, .F. ) ;
#928 = CARTESIAN_POINT ( 'NONE',  ( -32.50000000000007105, 22.50000000000004619, -6.000000000000047073 ) ) ;
#929 = ORIENTED_EDGE ( 'NONE', *, *, #2738, .F. ) ;
#930 = LINE ( 'NONE', #736, #1560 ) ;
#931 = ORIENTED_EDGE ( 'NONE', *, *, #2361, .T. ) ;
#932 = CARTESIAN_POINT ( 'NONE',  ( 10.87434600989377564, -15.12961225397173770, 7.645093836538311649 ) ) ;
#933 = LINE ( 'NONE', #2507, #2624 ) ;
#934 = FACE_OUTER_BOUND ( 'NONE', #1896, .T. ) ;
#935 = CARTESIAN_POINT ( 'NONE',  ( 19.50000000000000711, -19.50000000000000355, -26.00000000000004263 ) ) ;
#936 = ORIENTED_EDGE ( 'NONE', *, *, #439, .F. ) ;
#937 = VERTEX_POINT ( 'NONE', #1807 ) ;
#938 = EDGE_CURVE ( 'NONE', #139, #1179, #507, .T. ) ;
#939 = CARTESIAN_POINT ( 'NONE',  ( 15.99999999999999289, -13.00000000000000000, 5.000000000000000000 ) ) ;
#940 = DIRECTION ( 'NONE',  ( 1.000000000000000000, 0.000000000000000000, 0.000000000000000000 ) ) ;
#941 = ORIENTED_EDGE ( 'NONE', *, *, #2373, .T. ) ;
#942 = ORIENTED_EDGE ( 'NONE', *, *, #1146, .F. ) ;
#943 = EDGE_CURVE ( 'NONE', #447, #66, #284, .T. ) ;
#944 = DIRECTION ( 'NONE',  ( -0.000000000000000000, -0.000000000000000000, -1.000000000000000000 ) ) ;
#945 = CARTESIAN_POINT ( 'NONE',  ( -15.31730057440775283, 11.08370485152472007, 7.723884724528507384 ) ) ;
#946 = CARTESIAN_POINT ( 'NONE',  ( -37.85530313790587797, 17.49999999999999645, -6.000000000000040856 ) ) ;
#947 = CARTESIAN_POINT ( 'NONE',  ( -13.00000000000000711, 13.00000000000000000, 5.000000000000000000 ) ) ;
#948 = DIRECTION ( 'NONE',  ( 0.000000000000000000, 0.000000000000000000, -1.000000000000000000 ) ) ;
#949 = EDGE_LOOP ( 'NONE', ( #2431, #560, #1039, #1366 ) ) ;
#950 = LINE ( 'NONE', #750, #734 ) ;
#951 = VERTEX_POINT ( 'NONE', #1368 ) ;
#952 = FACE_OUTER_BOUND ( 'NONE', #243, .T. ) ;
#953 = FILL_AREA_STYLE_COLOUR ( '', #1480 ) ;
#954 = CIRCLE ( 'NONE', #421, 20.99999999999999645 ) ;
#955 = EDGE_CURVE ( 'NONE', #84, #1941, #1176, .T. ) ;
#956 = ORIENTED_EDGE ( 'NONE', *, *, #259, .T. ) ;
#957 = VERTEX_POINT ( 'NONE', #136 ) ;
#958 = EDGE_CURVE ( 'NONE', #1058, #1941, #767, .T. ) ;
#959 = VECTOR ( 'NONE', #1715, 1000.000000000000000 ) ;
#960 = AXIS2_PLACEMENT_3D ( 'NONE', #2146, #2371, #250 ) ;
#961 = DIRECTION ( 'NONE',  ( 1.000000000000000000, 0.000000000000000000, 0.000000000000000000 ) ) ;
#962 = DIRECTION ( 'NONE',  ( -1.875376730785737226E-16, 1.000000000000000000, 1.003808469612656861E-16 ) ) ;
#963 = VECTOR ( 'NONE', #1642, 1000.000000000000000 ) ;
#964 = AXIS2_PLACEMENT_3D ( 'NONE', #1900, #2170, #2100 ) ;
#965 = LINE ( 'NONE', #1561, #1805 ) ;
#966 = VECTOR ( 'NONE', #2527, 1000.000000000000000 ) ;
#967 = ORIENTED_EDGE ( 'NONE', *, *, #1636, .F. ) ;
#968 = CARTESIAN_POINT ( 'NONE',  ( 55.98528137423860329, 14.50000000000004619, -20.00000000000004263 ) ) ;
#969 = DIRECTION ( 'NONE',  ( -0.7193398003386547446, -6.952266868248270299E-16, -0.6946583704589935904 ) ) ;
#970 = ORIENTED_EDGE ( 'NONE', *, *, #1995, .T. ) ;
#971 = ORIENTED_EDGE ( 'NONE', *, *, #1249, .T. ) ;
#972 = EDGE_CURVE ( 'NONE', #623, #729, #526, .T. ) ;
#973 = DIRECTION ( 'NONE',  ( 1.349221823327174675E-16, 1.967543734044216262E-16, -1.000000000000000000 ) ) ;
#974 = FACE_OUTER_BOUND ( 'NONE', #264, .T. ) ;
#975 = CARTESIAN_POINT ( 'NONE',  ( 12.99999999999999289, 13.00000000000000000, 5.000000000000000000 ) ) ;
#976 = CARTESIAN_POINT ( 'NONE',  ( -11.40000000000000568, 13.00000000000000000, 0.000000000000000000 ) ) ;
#977 = DIRECTION ( 'NONE',  ( 0.000000000000000000, -1.000000000000000000, 0.000000000000000000 ) ) ;
#978 = EDGE_CURVE ( 'NONE', #2667, #1530, #2228, .T. ) ;
#979 = ORIENTED_EDGE ( 'NONE', *, *, #1254, .F. ) ;
#980 = DIRECTION ( 'NONE',  ( 0.000000000000000000, -1.000000000000000000, 0.000000000000000000 ) ) ;
#981 = CYLINDRICAL_SURFACE ( 'NONE', #1143, 2.999999999999999112 ) ;
#982 =( NAMED_UNIT ( * ) SI_UNIT ( $, .STERADIAN. ) SOLID_ANGLE_UNIT ( ) );
#983 = ORIENTED_EDGE ( 'NONE', *, *, #1724, .F. ) ;
#984 = CYLINDRICAL_SURFACE ( 'NONE', #1216, 2.999999999999999112 ) ;
#985 = ORIENTED_EDGE ( 'NONE', *, *, #669, .F. ) ;
#986 = CARTESIAN_POINT ( 'NONE',  ( 0.000000000000000000, 0.000000000000000000, 8.000000000000000000 ) ) ;
#987 = CARTESIAN_POINT ( 'NONE',  ( -14.60000000000000675, 13.00000000000000000, 0.000000000000000000 ) ) ;
#988 = EDGE_CURVE ( 'NONE', #580, #1530, #753, .T. ) ;
#989 = CARTESIAN_POINT ( 'NONE',  ( -12.78932375669890398, -10.00182921387488477, 6.428864253614212210 ) ) ;
#990 = CARTESIAN_POINT ( 'NONE',  ( 12.99999999999999289, -13.00000000000000000, 0.000000000000000000 ) ) ;
#991 = EDGE_CURVE ( 'NONE', #1453, #1239, #1387, .T. ) ;
#992 = ORIENTED_EDGE ( 'NONE', *, *, #2308, .F. ) ;
#993 = PRODUCT_DEFINITION_SHAPE ( 'NONE', 'NONE',  #1364 ) ;
#994 = PLANE ( 'NONE',  #1435 ) ;
#995 = CARTESIAN_POINT ( 'NONE',  ( 27.50000000000001066, 9.014718625761419801, -20.00000000000003908 ) ) ;
#996 = CARTESIAN_POINT ( 'NONE',  ( 13.69762540848755350, 15.91775920689705792, 8.000000000000000000 ) ) ;
#997 = CARTESIAN_POINT ( 'NONE',  ( 10.27773355396948318, 11.72452086699682283, 5.895188486529846728 ) ) ;
#998 = ORIENTED_EDGE ( 'NONE', *, *, #832, .T. ) ;
#999 = VECTOR ( 'NONE', #1307, 1000.000000000000000 ) ;
#1000 = FACE_OUTER_BOUND ( 'NONE', #232, .T. ) ;
#1001 = CARTESIAN_POINT ( 'NONE',  ( -12.23687577338808552, 10.09269816950093279, 6.133356843672688186 ) ) ;
#1002 = DIRECTION ( 'NONE',  ( -1.000000000000000000, 0.000000000000000000, 0.000000000000000000 ) ) ;
#1003 = CIRCLE ( 'NONE', #204, 3.000000000000000000 ) ;
#1004 = CARTESIAN_POINT ( 'NONE',  ( -13.70105817540281201, -10.07729987741204525, 6.935339691231394710 ) ) ;
#1005 = VECTOR ( 'NONE', #186, 1000.000000000000000 ) ;
#1006 = DIRECTION ( 'NONE',  ( 1.349221823327174429E-16, 1.967543734044216016E-16, -1.000000000000000000 ) ) ;
#1007 = VECTOR ( 'NONE', #682, 1000.000000000000000 ) ;
#1008 = LINE ( 'NONE', #2717, #2222 ) ;
#1009 = ORIENTED_EDGE ( 'NONE', *, *, #2269, .F. ) ;
#1010 = DIRECTION ( 'NONE',  ( 1.000000000000000000, 7.584913611344741827E-33, 1.349221823327174429E-16 ) ) ;
#1011 = LINE ( 'NONE', #2721, #1321 ) ;
#1012 = VECTOR ( 'NONE', #2209, 1000.000000000000000 ) ;
#1013 = EDGE_CURVE ( 'NONE', #2683, #635, #1589, .T. ) ;
#1014 = DIRECTION ( 'NONE',  ( 1.000000000000000000, 0.000000000000000000, 0.000000000000000000 ) ) ;
#1015 = EDGE_LOOP ( 'NONE', ( #2650, #160, #1152, #1706 ) ) ;
#1016 = MANIFOLD_SOLID_BREP ( '\X2\52079664\X0\-\X2\62c94f38\X0\5', #2033 ) ;
#1017 = CARTESIAN_POINT ( 'NONE',  ( -27.50000000000000711, 17.50000000000000000, 8.000000000000000000 ) ) ;
#1018 = CARTESIAN_POINT ( 'NONE',  ( -10.00000000000000711, 12.99999999999993605, 6.546084143056977389 ) ) ;
#1019 = CARTESIAN_POINT ( 'NONE',  ( -27.50000000000001066, -14.50000000000000533, -26.00000000000004974 ) ) ;
#1020 = DIRECTION ( 'NONE',  ( 0.000000000000000000, 0.000000000000000000, -1.000000000000000000 ) ) ;
#1021 = CARTESIAN_POINT ( 'NONE',  ( -87.19707759714370354, 6.000000000000008882, -26.00000000000005329 ) ) ;
#1022 = LINE ( 'NONE', #1273, #1088 ) ;
#1023 = EDGE_CURVE ( 'NONE', #1355, #2524, #2243, .T. ) ;
#1024 = VERTEX_POINT ( 'NONE', #2210 ) ;
#1025 = CARTESIAN_POINT ( 'NONE',  ( -10.00000000000000711, 13.00000000000000000, 5.000000000000000000 ) ) ;
#1026 = DIRECTION ( 'NONE',  ( 1.000000000000000000, 0.000000000000000000, -0.000000000000000000 ) ) ;
#1027 = LINE ( 'NONE', #2490, #2572 ) ;
#1028 = ADVANCED_FACE ( 'NONE', ( #1136 ), #105, .F. ) ;
#1029 = VERTEX_POINT ( 'NONE', #2010 ) ;
#1030 =( BOUNDED_CURVE ( )  B_SPLINE_CURVE ( 3, ( #1367, #1567, #2693, #2649 ),
 .UNSPECIFIED., .F., .T. ) 
 B_SPLINE_CURVE_WITH_KNOTS ( ( 4, 4 ),
 ( 1.570796326794897002, 3.141592653589793116 ),
 .UNSPECIFIED. ) 
 CURVE ( )  GEOMETRIC_REPRESENTATION_ITEM ( )  RATIONAL_B_SPLINE_CURVE ( ( 1.000000000000000000, 0.8047378541243650485, 0.8047378541243650485, 1.000000000000000000 ) ) 
 REPRESENTATION_ITEM ( '' )  );
#1031 = ORIENTED_EDGE ( 'NONE', *, *, #2249, .T. ) ;
#1032 = FACE_OUTER_BOUND ( 'NONE', #2673, .T. ) ;
#1033 = ADVANCED_FACE ( 'NONE', ( #1999 ), #1553, .T. ) ;
#1034 = CARTESIAN_POINT ( 'NONE',  ( -11.69548996046116152, 10.29156697536886256, 5.883455926273261305 ) ) ;
#1035 = DIRECTION ( 'NONE',  ( 0.000000000000000000, -0.000000000000000000, -1.000000000000000000 ) ) ;
#1036 = CARTESIAN_POINT ( 'NONE',  ( -50.98528137423859619, 22.50000000000006040, -16.00000000000003908 ) ) ;
#1037 = ADVANCED_FACE ( 'NONE', ( #2514 ), #1043, .F. ) ;
#1038 = DIRECTION ( 'NONE',  ( 1.000000000000000000, 0.000000000000000000, 0.000000000000000000 ) ) ;
#1039 = ORIENTED_EDGE ( 'NONE', *, *, #1199, .T. ) ;
#1040 = ORIENTED_EDGE ( 'NONE', *, *, #1756, .F. ) ;
#1041 = CARTESIAN_POINT ( 'NONE',  ( -19.50000000000000711, -2.999999999999997335, -19.00000000000004619 ) ) ;
#1042 = CARTESIAN_POINT ( 'NONE',  ( -37.24264068711928388, 3.000000000000003997, -24.75735931288076230 ) ) ;
#1043 = CYLINDRICAL_SURFACE ( 'NONE', #2616, 1.600000000000000755 ) ;
#1044 = VERTEX_POINT ( 'NONE', #2109 ) ;
#1045 = ADVANCED_FACE ( 'NONE', ( #802 ), #2267, .T. ) ;
#1046 = ORIENTED_EDGE ( 'NONE', *, *, #2370, .T. ) ;
#1047 = CARTESIAN_POINT ( 'NONE',  ( -11.36396103067888319, -11.36396103067891872, -23.00000000000004619 ) ) ;
#1048 = AXIS2_PLACEMENT_3D ( 'NONE', #1352, #1570, #1164 ) ;
#1049 = DIRECTION ( 'NONE',  ( 1.000000000000000000, 0.000000000000000000, 0.000000000000000000 ) ) ;
#1050 = FACE_OUTER_BOUND ( 'NONE', #2315, .T. ) ;
#1051 = VERTEX_POINT ( 'NONE', #358 ) ;
#1052 = VECTOR ( 'NONE', #1525, 1000.000000000000000 ) ;
#1053 = ORIENTED_EDGE ( 'NONE', *, *, #2056, .T. ) ;
#1054 = CARTESIAN_POINT ( 'NONE',  ( 15.99306160943462451, 13.23513688809634736, 7.996626427432692807 ) ) ;
#1055 = DIRECTION ( 'NONE',  ( -0.000000000000000000, -0.000000000000000000, 1.000000000000000000 ) ) ;
#1056 = AXIS2_PLACEMENT_3D ( 'NONE', #2265, #2729, #379 ) ;
#1057 = FACE_OUTER_BOUND ( 'NONE', #2327, .T. ) ;
#1058 = VERTEX_POINT ( 'NONE', #1265 ) ;
#1059 = CARTESIAN_POINT ( 'NONE',  ( 51.74264068711926257, 17.50000000000004619, -21.75735931288075165 ) ) ;
#1060 = ORIENTED_EDGE ( 'NONE', *, *, #822, .F. ) ;
#1061 = CARTESIAN_POINT ( 'NONE',  ( -15.31647697419203169, -11.08289751566991477, 7.723533548847594687 ) ) ;
#1062 = ADVANCED_FACE ( 'NONE', ( #1893, #192, #1057 ), #2543, .T. ) ;
#1063 = CARTESIAN_POINT ( 'NONE',  ( 22.50000000000001066, 14.50000000000000178, -26.00000000000003553 ) ) ;
#1064 = ORIENTED_EDGE ( 'NONE', *, *, #879, .F. ) ;
#1065 = ADVANCED_FACE ( 'NONE', ( #814 ), #564, .F. ) ;
#1066 = ORIENTED_EDGE ( 'NONE', *, *, #2369, .F. ) ;
#1067 = CARTESIAN_POINT ( 'NONE',  ( 20.99999999999999645, 0.000000000000000000, 8.000000000000000000 ) ) ;
#1068 = CYLINDRICAL_SURFACE ( 'NONE', #1862, 1.600000000000000755 ) ;
#1069 = DIRECTION ( 'NONE',  ( 0.000000000000000000, 0.000000000000000000, -1.000000000000000000 ) ) ;
#1070 = CARTESIAN_POINT ( 'NONE',  ( 27.50000000000000711, -14.49999999999999822, 8.000000000000000000 ) ) ;
#1071 = ORIENTED_EDGE ( 'NONE', *, *, #1081, .T. ) ;
#1072 = ORIENTED_EDGE ( 'NONE', *, *, #1282, .T. ) ;
#1073 = DIRECTION ( 'NONE',  ( 0.000000000000000000, -1.000000000000000000, 0.000000000000000000 ) ) ;
#1074 = EDGE_CURVE ( 'NONE', #1491, #24, #2066, .T. ) ;
#1075 = CARTESIAN_POINT ( 'NONE',  ( -35.50000000000007816, 22.50000000000004263, 10.10628645568518280 ) ) ;
#1076 = ORIENTED_EDGE ( 'NONE', *, *, #2199, .F. ) ;
#1077 = DIRECTION ( 'NONE',  ( 0.000000000000000000, 0.000000000000000000, 1.000000000000000000 ) ) ;
#1078 = CARTESIAN_POINT ( 'NONE',  ( -13.00000000000000711, -13.00000000000000000, 10.10628645568517214 ) ) ;
#1079 = CARTESIAN_POINT ( 'NONE',  ( 15.97764508872378109, 12.57934999324166725, 7.973906519458228814 ) ) ;
#1080 = VERTEX_POINT ( 'NONE', #2078 ) ;
#1081 = EDGE_CURVE ( 'NONE', #1765, #2635, #782, .T. ) ;
#1082 = ORIENTED_EDGE ( 'NONE', *, *, #1458, .F. ) ;
#1083 = LINE ( 'NONE', #2589, #1806 ) ;
#1084 = ORIENTED_EDGE ( 'NONE', *, *, #1850, .F. ) ;
#1085 = CARTESIAN_POINT ( 'NONE',  ( -14.88785344437116542, -10.66005672115472080, 7.537304800505048696 ) ) ;
#1086 = VECTOR ( 'NONE', #1661, 1000.000000000000000 ) ;
#1087 = DIRECTION ( 'NONE',  ( 0.000000000000000000, 0.000000000000000000, -1.000000000000000000 ) ) ;
#1088 = VECTOR ( 'NONE', #2732, 1000.000000000000000 ) ;
#1089 = DIRECTION ( 'NONE',  ( -1.000000000000000000, 1.224646799147353454E-16, 0.000000000000000000 ) ) ;
#1090 = ORIENTED_EDGE ( 'NONE', *, *, #1418, .T. ) ;
#1091 = CARTESIAN_POINT ( 'NONE',  ( -22.50000000000000355, 14.50000000000000178, 0.000000000000000000 ) ) ;
#1092 = ADVANCED_FACE ( 'NONE', ( #2343 ), #1237, .F. ) ;
#1093 = DIRECTION ( 'NONE',  ( 1.000000000000000000, 0.000000000000000000, 0.000000000000000000 ) ) ;
#1094 = CARTESIAN_POINT ( 'NONE',  ( 10.02106779609175113, 13.41243802805379026, 6.776576639983319161 ) ) ;
#1095 = CIRCLE ( 'NONE', #739, 1.600000000000000755 ) ;
#1096 = ORIENTED_EDGE ( 'NONE', *, *, #1597, .F. ) ;
#1097 = EDGE_CURVE ( 'NONE', #1470, #2540, #1415, .T. ) ;
#1098 = DIRECTION ( 'NONE',  ( -0.000000000000000000, 0.000000000000000000, 1.000000000000000000 ) ) ;
#1099 = VECTOR ( 'NONE', #2349, 1000.000000000000000 ) ;
#1100 = ORIENTED_EDGE ( 'NONE', *, *, #636, .T. ) ;
#1101 = AXIS2_PLACEMENT_3D ( 'NONE', #244, #2338, #458 ) ;
#1102 = ORIENTED_EDGE ( 'NONE', *, *, #365, .F. ) ;
#1103 = VECTOR ( 'NONE', #1837, 1000.000000000000000 ) ;
#1104 = DIRECTION ( 'NONE',  ( 0.000000000000000000, -1.000000000000000000, 0.000000000000000000 ) ) ;
#1105 = DIRECTION ( 'NONE',  ( -0.7071067811865479058, -0.7071067811865472397, -2.345307417223289400E-16 ) ) ;
#1106 = CARTESIAN_POINT ( 'NONE',  ( -16.00000000000000711, 12.99999999999999112, 7.990755995505600673 ) ) ;
#1107 = DIRECTION ( 'NONE',  ( 1.000000000000000000, 0.000000000000000000, 0.000000000000000000 ) ) ;
#1108 = DIRECTION ( 'NONE',  ( -0.7193398003386551887, -1.366770724097957955E-16, 0.6946583704589930353 ) ) ;
#1109 = CARTESIAN_POINT ( 'NONE',  ( 10.17276737868302661, 14.02600818645600889, 7.110594165352961404 ) ) ;
#1110 = ORIENTED_EDGE ( 'NONE', *, *, #2416, .T. ) ;
#1111 = CARTESIAN_POINT ( 'NONE',  ( -27.50000000000000711, 17.50000000000000000, 8.000000000000000000 ) ) ;
#1112 = EDGE_CURVE ( 'NONE', #731, #2523, #1027, .T. ) ;
#1113 = ORIENTED_EDGE ( 'NONE', *, *, #1196, .F. ) ;
#1114 = CARTESIAN_POINT ( 'NONE',  ( -27.50000000000001421, 17.49999999999999645, 4.000000000000017764 ) ) ;
#1115 = ORIENTED_EDGE ( 'NONE', *, *, #1554, .T. ) ;
#1116 = DIRECTION ( 'NONE',  ( 0.000000000000000000, 0.000000000000000000, 1.000000000000000000 ) ) ;
#1117 =( BOUNDED_CURVE ( )  B_SPLINE_CURVE ( 3, ( #864, #446, #221, #1926 ),
 .UNSPECIFIED., .F., .T. ) 
 B_SPLINE_CURVE_WITH_KNOTS ( ( 4, 4 ),
 ( 1.570796326794896780, 3.141592653589792672 ),
 .UNSPECIFIED. ) 
 CURVE ( )  GEOMETRIC_REPRESENTATION_ITEM ( )  RATIONAL_B_SPLINE_CURVE ( ( 1.000000000000000000, 0.8047378541243652705, 0.8047378541243652705, 1.000000000000000000 ) ) 
 REPRESENTATION_ITEM ( '' )  );
#1118 = EDGE_LOOP ( 'NONE', ( #1601, #2386, #1370, #30 ) ) ;
#1119 = CARTESIAN_POINT ( 'NONE',  ( 0.000000000000000000, 0.000000000000000000, 8.000000000000000000 ) ) ;
#1120 = CARTESIAN_POINT ( 'NONE',  ( 37.85530313790588508, 17.50000000000004263, -6.000000000000033751 ) ) ;
#1121 = CARTESIAN_POINT ( 'NONE',  ( -55.98528137423858908, 22.50000000000005329, -26.00000000000004619 ) ) ;
#1122 = ORIENTED_EDGE ( 'NONE', *, *, #1817, .T. ) ;
#1123 = CARTESIAN_POINT ( 'NONE',  ( -19.50000000000000711, -14.50000000000000178, 8.000000000000000000 ) ) ;
#1124 = ORIENTED_EDGE ( 'NONE', *, *, #2592, .T. ) ;
#1125 = ORIENTED_EDGE ( 'NONE', *, *, #381, .F. ) ;
#1126 = EDGE_CURVE ( 'NONE', #1190, #1406, #2754, .T. ) ;
#1127 = CARTESIAN_POINT ( 'NONE',  ( -51.74264068711926967, 17.50000000000000000, -20.00000000000004974 ) ) ;
#1128 = EDGE_CURVE ( 'NONE', #923, #460, #1902, .T. ) ;
#1129 = LINE ( 'NONE', #922, #1811 ) ;
#1130 = VECTOR ( 'NONE', #2022, 1000.000000000000000 ) ;
#1131 = ORIENTED_EDGE ( 'NONE', *, *, #1149, .T. ) ;
#1132 = ORIENTED_EDGE ( 'NONE', *, *, #806, .T. ) ;
#1133 = FACE_OUTER_BOUND ( 'NONE', #1714, .T. ) ;
#1134 = AXIS2_PLACEMENT_3D ( 'NONE', #216, #25, #870 ) ;
#1135 = CIRCLE ( 'NONE', #2268, 2.000000000000001776 ) ;
#1136 = FACE_OUTER_BOUND ( 'NONE', #472, .T. ) ;
#1137 = ORIENTED_EDGE ( 'NONE', *, *, #1707, .T. ) ;
#1138 = DIRECTION ( 'NONE',  ( -0.000000000000000000, -0.000000000000000000, 1.000000000000000000 ) ) ;
#1139 = ORIENTED_EDGE ( 'NONE', *, *, #2556, .F. ) ;
#1140 = VECTOR ( 'NONE', #2428, 1000.000000000000000 ) ;
#1141 = AXIS2_PLACEMENT_3D ( 'NONE', #698, #1534, #2417 ) ;
#1142 = CARTESIAN_POINT ( 'NONE',  ( 7.715598108667967914, 17.50000000000000000, 7.781827689344526178 ) ) ;
#1143 = AXIS2_PLACEMENT_3D ( 'NONE', #968, #777, #732 ) ;
#1144 = CARTESIAN_POINT ( 'NONE',  ( -87.19707759714370354, 23.50000000000005329, -26.00000000000004974 ) ) ;
#1145 = LINE ( 'NONE', #2004, #2532 ) ;
#1146 = EDGE_CURVE ( 'NONE', #1606, #2475, #2441, .T. ) ;
#1147 = CARTESIAN_POINT ( 'NONE',  ( 35.50000000000005684, 22.50000000000004619, -3.725510198456530198 ) ) ;
#1148 = ORIENTED_EDGE ( 'NONE', *, *, #489, .T. ) ;
#1149 = EDGE_CURVE ( 'NONE', #2346, #690, #149, .T. ) ;
#1150 = ORIENTED_EDGE ( 'NONE', *, *, #1388, .F. ) ;
#1151 = PRESENTATION_STYLE_ASSIGNMENT (( #1390 ) ) ;
#1152 = ORIENTED_EDGE ( 'NONE', *, *, #2688, .F. ) ;
#1153 = ORIENTED_EDGE ( 'NONE', *, *, #2134, .T. ) ;
#1154 = FACE_OUTER_BOUND ( 'NONE', #1662, .T. ) ;
#1155 = CARTESIAN_POINT ( 'NONE',  ( -15.55654943412603863, 11.41692576324094688, 7.819061168414704888 ) ) ;
#1156 = DIRECTION ( 'NONE',  ( -0.5839517053348524112, -0.5839517053348515230, 0.5639156068713087055 ) ) ;
#1157 = FACE_OUTER_BOUND ( 'NONE', #2422, .T. ) ;
#1158 = EDGE_CURVE ( 'NONE', #923, #2157, #2333, .T. ) ;
#1159 = EDGE_CURVE ( 'NONE', #1406, #1839, #2653, .T. ) ;
#1160 = ORIENTED_EDGE ( 'NONE', *, *, #1774, .F. ) ;
#1161 = EDGE_LOOP ( 'NONE', ( #495, #2112, #2174, #1840 ) ) ;
#1162 = CARTESIAN_POINT ( 'NONE',  ( 0.000000000000000000, 0.000000000000000000, 0.000000000000000000 ) ) ;
#1163 = EDGE_CURVE ( 'NONE', #2571, #690, #2567, .T. ) ;
#1164 = DIRECTION ( 'NONE',  ( 0.000000000000000000, 0.000000000000000000, -1.000000000000000000 ) ) ;
#1165 = ORIENTED_EDGE ( 'NONE', *, *, #1407, .F. ) ;
#1166 = CARTESIAN_POINT ( 'NONE',  ( -12.75358440974481944, 15.99925196689462936, 7.983142282826344527 ) ) ;
#1167 = ORIENTED_EDGE ( 'NONE', *, *, #1158, .T. ) ;
#1168 = CARTESIAN_POINT ( 'NONE',  ( -55.98528137423858908, 22.50000000000004619, -6.000000000000043521 ) ) ;
#1169 = DIRECTION ( 'NONE',  ( -1.000000000000000000, -0.000000000000000000, -0.000000000000000000 ) ) ;
#1170 = CARTESIAN_POINT ( 'NONE',  ( 27.50000000000000711, -6.742640687119289211, -23.00000000000004263 ) ) ;
#1171 = CYLINDRICAL_SURFACE ( 'NONE', #2266, 2.000000000000001776 ) ;
#1172 = VERTEX_POINT ( 'NONE', #218 ) ;
#1173 = VECTOR ( 'NONE', #195, 1000.000000000000000 ) ;
#1174 = DIRECTION ( 'NONE',  ( 1.000000000000000000, 0.000000000000000000, 0.000000000000000000 ) ) ;
#1175 = DIRECTION ( 'NONE',  ( 3.413144305457568632E-32, -1.000000000000000000, -1.967543734044216016E-16 ) ) ;
#1176 = CIRCLE ( 'NONE', #1048, 2.000000000000001776 ) ;
#1177 = ORIENTED_EDGE ( 'NONE', *, *, #1844, .F. ) ;
#1178 = EDGE_CURVE ( 'NONE', #527, #951, #1475, .T. ) ;
#1179 = VERTEX_POINT ( 'NONE', #1952 ) ;
#1180 = AXIS2_PLACEMENT_3D ( 'NONE', #271, #1490, #444 ) ;
#1181 = CARTESIAN_POINT ( 'NONE',  ( -10.00000000000000711, 13.00000000000000000, 5.000000000000000000 ) ) ;
#1182 = EDGE_CURVE ( 'NONE', #238, #1498, #1791, .T. ) ;
#1183 = DIRECTION ( 'NONE',  ( 3.413144305457568632E-32, -1.000000000000000000, -1.967543734044216016E-16 ) ) ;
#1184 = CARTESIAN_POINT ( 'NONE',  ( -27.50000000000000711, -5.999999999999998224, -23.00000000000004974 ) ) ;
#1185 = AXIS2_PLACEMENT_3D ( 'NONE', #1917, #438, #2159 ) ;
#1186 = AXIS2_PLACEMENT_3D ( 'NONE', #2423, #841, #1049 ) ;
#1187 = DIRECTION ( 'NONE',  ( -0.000000000000000000, -0.000000000000000000, -1.000000000000000000 ) ) ;
#1188 = AXIS2_PLACEMENT_3D ( 'NONE', #1288, #1934, #1309 ) ;
#1189 = CARTESIAN_POINT ( 'NONE',  ( 9.999999999999992895, -13.00000000000000000, 6.546084143057011140 ) ) ;
#1190 = VERTEX_POINT ( 'NONE', #2557 ) ;
#1191 = DIRECTION ( 'NONE',  ( 8.786684129385964350E-17, 1.000000000000000000, 1.967543734044216262E-16 ) ) ;
#1192 = EDGE_CURVE ( 'NONE', #1382, #1341, #1512, .T. ) ;
#1193 = ORIENTED_EDGE ( 'NONE', *, *, #1737, .T. ) ;
#1194 = ORIENTED_EDGE ( 'NONE', *, *, #1953, .F. ) ;
#1195 = EDGE_CURVE ( 'NONE', #1262, #840, #1095, .T. ) ;
#1196 = EDGE_CURVE ( 'NONE', #2172, #2403, #1923, .T. ) ;
#1197 = DIRECTION ( 'NONE',  ( 0.000000000000000000, 0.000000000000000000, -1.000000000000000000 ) ) ;
#1198 = DIRECTION ( 'NONE',  ( 8.786684129385964350E-17, 1.000000000000000000, 1.967543734044216262E-16 ) ) ;
#1199 = EDGE_CURVE ( 'NONE', #215, #1296, #1501, .T. ) ;
#1200 = CARTESIAN_POINT ( 'NONE',  ( 30.50000000000000355, -3.742640687119283882, -23.00000000000004263 ) ) ;
#1201 = EDGE_LOOP ( 'NONE', ( #1467, #2368, #1425, #1515 ) ) ;
#1202 = CARTESIAN_POINT ( 'NONE',  ( -13.46776563885098277, -15.97271782558928521, 8.000000000000000000 ) ) ;
#1203 = CARTESIAN_POINT ( 'NONE',  ( -40.24264068711928388, 6.000000000000004441, -26.00000000000004619 ) ) ;
#1204 = DIRECTION ( 'NONE',  ( -0.000000000000000000, -0.000000000000000000, -1.000000000000000000 ) ) ;
#1205 = ORIENTED_EDGE ( 'NONE', *, *, #2125, .F. ) ;
#1206 = CARTESIAN_POINT ( 'NONE',  ( -30.50000000000001066, 17.49999999999999289, 10.10628645568518280 ) ) ;
#1207 = CARTESIAN_POINT ( 'NONE',  ( -38.98528137423858908, 17.49999999999999645, -16.00000000000003908 ) ) ;
#1208 = CARTESIAN_POINT ( 'NONE',  ( 37.85530313790588508, 23.50000000000007461, -6.000000000000033751 ) ) ;
#1209 = CARTESIAN_POINT ( 'NONE',  ( -11.69968828858601917, -10.28952658055720271, 5.885129535705713621 ) ) ;
#1210 = CARTESIAN_POINT ( 'NONE',  ( -55.98528137423858908, 17.50000000000000000, -26.00000000000004619 ) ) ;
#1211 = DIRECTION ( 'NONE',  ( 0.000000000000000000, 0.000000000000000000, -1.000000000000000000 ) ) ;
#1212 = ORIENTED_EDGE ( 'NONE', *, *, #889, .F. ) ;
#1213 = CARTESIAN_POINT ( 'NONE',  ( -10.00000000000000711, -13.00000000002290967, 6.546084143069776040 ) ) ;
#1214 = CARTESIAN_POINT ( 'NONE',  ( 30.50000000000000000, 7.772077938642133255, -23.00000000000003908 ) ) ;
#1215 = CARTESIAN_POINT ( 'NONE',  ( -13.00000000000000711, 13.00000000000000000, 10.10628645568517214 ) ) ;
#1216 = AXIS2_PLACEMENT_3D ( 'NONE', #2274, #1869, #1381 ) ;
#1217 = CARTESIAN_POINT ( 'NONE',  ( 13.34178826519243621, 10.01387981936315086, 6.737061301618540554 ) ) ;
#1218 = ORIENTED_EDGE ( 'NONE', *, *, #1812, .F. ) ;
#1219 = CIRCLE ( 'NONE', #1708, 2.000000000000001776 ) ;
#1220 = DIRECTION ( 'NONE',  ( -0.000000000000000000, 0.000000000000000000, -1.000000000000000000 ) ) ;
#1221 = CARTESIAN_POINT ( 'NONE',  ( -12.60272978449322245, 10.02058077895431332, 6.325874573479113749 ) ) ;
#1222 = VECTOR ( 'NONE', #22, 1000.000000000000000 ) ;
#1223 = DIRECTION ( 'NONE',  ( -0.7071067811865464625, -0.7071067811865486830, -2.023929239686235922E-16 ) ) ;
#1224 = VECTOR ( 'NONE', #1868, 1000.000000000000000 ) ;
#1225 = AXIS2_PLACEMENT_3D ( 'NONE', #1703, #2334, #1278 ) ;
#1226 = EDGE_CURVE ( 'NONE', #524, #2296, #466, .T. ) ;
#1227 = FACE_OUTER_BOUND ( 'NONE', #711, .T. ) ;
#1228 = VECTOR ( 'NONE', #1324, 1000.000000000000000 ) ;
#1229 = CARTESIAN_POINT ( 'NONE',  ( 15.99999999999999289, -13.00000000000336975, 7.990755995505702813 ) ) ;
#1230 = EDGE_CURVE ( 'NONE', #2124, #534, #382, .T. ) ;
#1231 = AXIS2_PLACEMENT_3D ( 'NONE', #2304, #393, #1830 ) ;
#1232 = CYLINDRICAL_SURFACE ( 'NONE', #2215, 2.000000000000001776 ) ;
#1233 = EDGE_LOOP ( 'NONE', ( #2162, #895, #852, #544, #1386 ) ) ;
#1234 = CARTESIAN_POINT ( 'NONE',  ( 13.69762540848755350, 15.91775920689705792, 8.000000000000000000 ) ) ;
#1235 = CARTESIAN_POINT ( 'NONE',  ( -19.50000000000000355, 17.50000000000000000, 0.000000000000000000 ) ) ;
#1236 = AXIS2_PLACEMENT_3D ( 'NONE', #1892, #2091, #562 ) ;
#1237 = PLANE ( 'NONE',  #2356 ) ;
#1238 = ORIENTED_EDGE ( 'NONE', *, *, #547, .T. ) ;
#1239 = VERTEX_POINT ( 'NONE', #56 ) ;
#1240 = CARTESIAN_POINT ( 'NONE',  ( -27.50000000000000711, 3.000000000000002665, -19.00000000000004974 ) ) ;
#1241 = DIRECTION ( 'NONE',  ( -1.000000000000000000, 0.000000000000000000, 0.000000000000000000 ) ) ;
#1242 = DIRECTION ( 'NONE',  ( -1.000000000000000000, 0.000000000000000000, 0.000000000000000000 ) ) ;
#1243 = CARTESIAN_POINT ( 'NONE',  ( -13.69762540848754817, 15.91775920689706503, 8.000000000000000000 ) ) ;
#1244 = ORIENTED_EDGE ( 'NONE', *, *, #2195, .T. ) ;
#1245 = DIRECTION ( 'NONE',  ( -4.336808689942015271E-17, 1.000000000000000000, 0.000000000000000000 ) ) ;
#1246 = ORIENTED_EDGE ( 'NONE', *, *, #938, .F. ) ;
#1247 = EDGE_CURVE ( 'NONE', #2453, #2582, #1744, .T. ) ;
#1248 = CARTESIAN_POINT ( 'NONE',  ( -10.87887145721371063, -15.13374416731705807, 7.646840407813716212 ) ) ;
#1249 = EDGE_CURVE ( 'NONE', #288, #643, #2596, .T. ) ;
#1250 = CARTESIAN_POINT ( 'NONE',  ( -38.48528137423856776, 4.242640687119289211, -26.00000000000004619 ) ) ;
#1251 = DIRECTION ( 'NONE',  ( 1.000000000000000000, 0.000000000000000000, 0.000000000000000000 ) ) ;
#1252 = FACE_OUTER_BOUND ( 'NONE', #2680, .T. ) ;
#1253 = ORIENTED_EDGE ( 'NONE', *, *, #1509, .F. ) ;
#1254 = EDGE_CURVE ( 'NONE', #590, #7, #687, .T. ) ;
#1255 = CARTESIAN_POINT ( 'NONE',  ( 50.49999999999998579, 16.25735931288076586, -23.00000000000003908 ) ) ;
#1256 = ADVANCED_FACE ( 'NONE', ( #2194 ), #850, .T. ) ;
#1257 = CARTESIAN_POINT ( 'NONE',  ( 19.50000000000000711, -14.50000000000000178, -26.00000000000004263 ) ) ;
#1258 = CARTESIAN_POINT ( 'NONE',  ( -7.748877537573823915, 17.50000000000000000, 7.785545078315768031 ) ) ;
#1259 = CARTESIAN_POINT ( 'NONE',  ( 30.50000000000000000, 7.772077938642133255, -23.00000000000003908 ) ) ;
#1260 = ORIENTED_EDGE ( 'NONE', *, *, #1410, .F. ) ;
#1261 = CARTESIAN_POINT ( 'NONE',  ( -50.98528137423859619, 22.50000000000006040, -18.00000000000003908 ) ) ;
#1262 = VERTEX_POINT ( 'NONE', #1913 ) ;
#1263 = CARTESIAN_POINT ( 'NONE',  ( 15.91775920689705082, 13.69762540848756238, 8.000000000000000000 ) ) ;
#1264 = CARTESIAN_POINT ( 'NONE',  ( 11.39999999999999147, 13.00000000000000000, 10.10628645568517214 ) ) ;
#1265 = CARTESIAN_POINT ( 'NONE',  ( 38.98528137423861750, 22.50000000000006040, -18.00000000000003908 ) ) ;
#1266 = ORIENTED_EDGE ( 'NONE', *, *, #636, .F. ) ;
#1267 = CIRCLE ( 'NONE', #1562, 2.000000000000001776 ) ;
#1268 = CARTESIAN_POINT ( 'NONE',  ( -9.674734408263660157, 17.50000000000000355, 8.000000000000001776 ) ) ;
#1269 = PLANE ( 'NONE',  #2318 ) ;
#1270 = CIRCLE ( 'NONE', #513, 2.999999999999999112 ) ;
#1271 = DIRECTION ( 'NONE',  ( -0.7071067811865466846, -0.7071067811865484609, -2.345307417223289893E-16 ) ) ;
#1272 = VECTOR ( 'NONE', #2236, 1000.000000000000000 ) ;
#1273 = CARTESIAN_POINT ( 'NONE',  ( -27.50000000000000711, 17.50000000000000000, 8.000000000000000000 ) ) ;
#1274 = ORIENTED_EDGE ( 'NONE', *, *, #704, .T. ) ;
#1275 = FACE_BOUND ( 'NONE', #799, .T. ) ;
#1276 = AXIS2_PLACEMENT_3D ( 'NONE', #2687, #784, #571 ) ;
#1277 = CARTESIAN_POINT ( 'NONE',  ( 11.22826982488883552, 15.43192761346724318, 7.770765851847085237 ) ) ;
#1278 = DIRECTION ( 'NONE',  ( 1.000000000000000000, 0.000000000000000000, 0.000000000000000000 ) ) ;
#1279 = ORIENTED_EDGE ( 'NONE', *, *, #1195, .T. ) ;
#1280 = AXIS2_PLACEMENT_3D ( 'NONE', #1677, #791, #1026 ) ;
#1281 = ORIENTED_EDGE ( 'NONE', *, *, #2522, .T. ) ;
#1282 = EDGE_CURVE ( 'NONE', #1284, #8, #1691, .T. ) ;
#1283 = DIRECTION ( 'NONE',  ( 3.413144305457568632E-32, -1.000000000000000000, -1.967543734044216016E-16 ) ) ;
#1284 = VERTEX_POINT ( 'NONE', #161 ) ;
#1285 = DIRECTION ( 'NONE',  ( 0.000000000000000000, 0.000000000000000000, -1.000000000000000000 ) ) ;
#1286 = EDGE_LOOP ( 'NONE', ( #435, #1882, #1775, #1046, #2053, #1376, #1729, #261, #40, #459, #2380, #1695, #199, #882, #2746, #2232, #1193, #768 ) ) ;
#1287 = CARTESIAN_POINT ( 'NONE',  ( 16.00000000000065725, 13.11800591026634422, 7.994336377376470182 ) ) ;
#1288 = CARTESIAN_POINT ( 'NONE',  ( 0.000000000000000000, 0.000000000000000000, 0.000000000000000000 ) ) ;
#1289 = CARTESIAN_POINT ( 'NONE',  ( 10.87703318997230717, 15.13220816386786360, 7.646205605600701283 ) ) ;
#1290 = CARTESIAN_POINT ( 'NONE',  ( 15.65701925002904460, 11.59170104206367213, 7.856564953990471167 ) ) ;
#1291 = ORIENTED_EDGE ( 'NONE', *, *, #334, .F. ) ;
#1292 = ORIENTED_EDGE ( 'NONE', *, *, #1192, .F. ) ;
#1293 = EDGE_LOOP ( 'NONE', ( #1096, #1930, #494, #133 ) ) ;
#1294 = DIRECTION ( 'NONE',  ( 0.7071067811865486830, -0.7071067811865464625, 0.000000000000000000 ) ) ;
#1295 = CARTESIAN_POINT ( 'NONE',  ( -11.40000000000000568, -13.00000000000000000, 0.000000000000000000 ) ) ;
#1296 = VERTEX_POINT ( 'NONE', #1446 ) ;
#1297 = FACE_OUTER_BOUND ( 'NONE', #1431, .T. ) ;
#1298 = CARTESIAN_POINT ( 'NONE',  ( -51.74264068711926967, 17.50000000000000000, -26.00000000000004619 ) ) ;
#1299 = CARTESIAN_POINT ( 'NONE',  ( 12.99999999999999289, 13.00000000000000000, 5.000000000000000000 ) ) ;
#1300 = CARTESIAN_POINT ( 'NONE',  ( 13.15439751597954299, -9.998417144956196267, 6.631977942465844045 ) ) ;
#1301 = ORIENTED_EDGE ( 'NONE', *, *, #772, .F. ) ;
#1302 = CARTESIAN_POINT ( 'NONE',  ( -27.50000000000000711, 9.014718625761439341, 4.000000000000025757 ) ) ;
#1303 = ORIENTED_EDGE ( 'NONE', *, *, #1410, .T. ) ;
#1304 = AXIS2_PLACEMENT_3D ( 'NONE', #348, #128, #1828 ) ;
#1305 = CARTESIAN_POINT ( 'NONE',  ( -19.50000000000000711, 1.199677671795186334E-15, -16.00000000000004974 ) ) ;
#1306 = DIRECTION ( 'NONE',  ( 0.7071067811865472397, -0.7071067811865479058, 0.000000000000000000 ) ) ;
#1307 = DIRECTION ( 'NONE',  ( -0.000000000000000000, -0.000000000000000000, 1.000000000000000000 ) ) ;
#1308 = CARTESIAN_POINT ( 'NONE',  ( -27.50000000000000711, 9.014718625761446447, -20.00000000000004974 ) ) ;
#1309 = DIRECTION ( 'NONE',  ( 1.000000000000000000, 0.000000000000000000, 0.000000000000000000 ) ) ;
#1310 = EDGE_CURVE ( 'NONE', #2635, #360, #2330, .T. ) ;
#1311 = DIRECTION ( 'NONE',  ( -1.000000000000000000, 0.000000000000000000, 0.000000000000000000 ) ) ;
#1312 = AXIS2_PLACEMENT_3D ( 'NONE', #1598, #88, #1979 ) ;
#1313 = AXIS2_PLACEMENT_3D ( 'NONE', #2466, #2098, #2082 ) ;
#1314 = FACE_OUTER_BOUND ( 'NONE', #2629, .T. ) ;
#1315 = ORIENTED_EDGE ( 'NONE', *, *, #414, .F. ) ;
#1316 = LINE ( 'NONE', #2198, #2362 ) ;
#1317 = AXIS2_PLACEMENT_3D ( 'NONE', #1709, #2385, #2579 ) ;
#1318 = ORIENTED_EDGE ( 'NONE', *, *, #1023, .F. ) ;
#1319 = CIRCLE ( 'NONE', #2132, 2.999999999999999112 ) ;
#1320 = ORIENTED_EDGE ( 'NONE', *, *, #1393, .T. ) ;
#1321 = VECTOR ( 'NONE', #1511, 1000.000000000000000 ) ;
#1322 = CYLINDRICAL_SURFACE ( 'NONE', #1141, 2.000000000000001776 ) ;
#1323 = VERTEX_POINT ( 'NONE', #800 ) ;
#1324 = DIRECTION ( 'NONE',  ( -0.000000000000000000, -0.000000000000000000, 1.000000000000000000 ) ) ;
#1325 =( NAMED_UNIT ( * ) PLANE_ANGLE_UNIT ( ) SI_UNIT ( $, .RADIAN. ) );
#1326 = DIRECTION ( 'NONE',  ( -0.000000000000000000, -0.000000000000000000, 1.000000000000000000 ) ) ;
#1327 = CARTESIAN_POINT ( 'NONE',  ( 10.13614369235474832, -12.08585167080820710, 6.057290215394471211 ) ) ;
#1328 = ORIENTED_EDGE ( 'NONE', *, *, #130, .F. ) ;
#1329 = DIRECTION ( 'NONE',  ( 0.000000000000000000, -1.000000000000000000, -1.003808469612657108E-16 ) ) ;
#1330 = VERTEX_POINT ( 'NONE', #411 ) ;
#1331 = CARTESIAN_POINT ( 'NONE',  ( -10.17267136635635794, 14.02599467044946202, 7.110601965271264646 ) ) ;
#1332 = ORIENTED_EDGE ( 'NONE', *, *, #2326, .F. ) ;
#1333 = CARTESIAN_POINT ( 'NONE',  ( 13.46600074137171887, -15.97313980603305694, 8.000000000000261124 ) ) ;
#1334 = EDGE_CURVE ( 'NONE', #2523, #139, #1461, .T. ) ;
#1335 = FACE_OUTER_BOUND ( 'NONE', #2748, .T. ) ;
#1336 = LINE ( 'NONE', #763, #1228 ) ;
#1337 = CARTESIAN_POINT ( 'NONE',  ( -35.50000000000007105, 22.50000000000004974, -26.00000000000004263 ) ) ;
#1338 = ORIENTED_EDGE ( 'NONE', *, *, #1686, .F. ) ;
#1339 = DIRECTION ( 'NONE',  ( -0.6946583704589935904, -7.220793841094193300E-17, 0.7193398003386547446 ) ) ;
#1340 =( NAMED_UNIT ( * ) PLANE_ANGLE_UNIT ( ) SI_UNIT ( $, .RADIAN. ) );
#1341 = VERTEX_POINT ( 'NONE', #1616 ) ;
#1342 = LINE ( 'NONE', #2231, #1351 ) ;
#1343 = ORIENTED_EDGE ( 'NONE', *, *, #1310, .F. ) ;
#1344 = CARTESIAN_POINT ( 'NONE',  ( -1.002719433606884092, 17.50000000000000000, 7.194733585819323984 ) ) ;
#1345 = LINE ( 'NONE', #267, #1140 ) ;
#1346 = CARTESIAN_POINT ( 'NONE',  ( -27.50000000000001421, 9.014718625761437565, 25.51609221829269813 ) ) ;
#1347 = DIRECTION ( 'NONE',  ( 3.413144305457568632E-32, -1.000000000000000000, -1.967543734044216016E-16 ) ) ;
#1348 = ORIENTED_EDGE ( 'NONE', *, *, #2590, .T. ) ;
#1349 = CARTESIAN_POINT ( 'NONE',  ( 55.98528137423861750, 22.50000000000004974, -6.000000000000029310 ) ) ;
#1350 = VECTOR ( 'NONE', #201, 1000.000000000000000 ) ;
#1351 = VECTOR ( 'NONE', #287, 1000.000000000000000 ) ;
#1352 = CARTESIAN_POINT ( 'NONE',  ( 38.98528137423861750, 17.49999999999999645, -16.00000000000003908 ) ) ;
#1353 = ORIENTED_EDGE ( 'NONE', *, *, #1684, .F. ) ;
#1354 = PLANE ( 'NONE',  #2179 ) ;
#1355 = VERTEX_POINT ( 'NONE', #561 ) ;
#1356 = CIRCLE ( 'NONE', #1760, 1.600000000000000755 ) ;
#1357 = CIRCLE ( 'NONE', #2227, 1.600000000000000755 ) ;
#1358 = CARTESIAN_POINT ( 'NONE',  ( -38.98528137423858908, 22.50000000000006040, -16.00000000000003908 ) ) ;
#1359 = VECTOR ( 'NONE', #2164, 1000.000000000000000 ) ;
#1360 = CARTESIAN_POINT ( 'NONE',  ( -11.40000000000000568, 13.00000000000000000, 10.10628645568517214 ) ) ;
#1361 = LINE ( 'NONE', #532, #1899 ) ;
#1362 = EDGE_CURVE ( 'NONE', #215, #1051, #473, .T. ) ;
#1363 = DIRECTION ( 'NONE',  ( 0.7071067811865485719, -0.7071067811865464625, 5.916456789157588541E-31 ) ) ;
#1364 = PRODUCT_DEFINITION ( 'æœ', '', #656, #2390 ) ;
#1365 = VERTEX_POINT ( 'NONE', #1041 ) ;
#1366 = ORIENTED_EDGE ( 'NONE', *, *, #1584, .T. ) ;
#1367 = CARTESIAN_POINT ( 'NONE',  ( -48.74264068711926967, 14.49999999999999822, -23.00000000000004974 ) ) ;
#1368 = CARTESIAN_POINT ( 'NONE',  ( -48.74264068711926967, 14.49999999999999822, -23.00000000000004974 ) ) ;
#1369 = ORIENTED_EDGE ( 'NONE', *, *, #402, .F. ) ;
#1370 = ORIENTED_EDGE ( 'NONE', *, *, #1771, .T. ) ;
#1371 = DIRECTION ( 'NONE',  ( -0.000000000000000000, -0.000000000000000000, -1.000000000000000000 ) ) ;
#1372 = LINE ( 'NONE', #491, #1398 ) ;
#1373 = EDGE_CURVE ( 'NONE', #181, #24, #1781, .T. ) ;
#1374 = CYLINDRICAL_SURFACE ( 'NONE', #2617, 2.999999999999999112 ) ;
#1375 = PLANE ( 'NONE',  #1857 ) ;
#1376 = ORIENTED_EDGE ( 'NONE', *, *, #1771, .F. ) ;
#1377 = DIRECTION ( 'NONE',  ( 1.349221823327174429E-16, 1.003808469612657231E-16, -1.000000000000000000 ) ) ;
#1378 = ADVANCED_FACE ( 'NONE', ( #1676, #576 ), #994, .T. ) ;
#1379 = CARTESIAN_POINT ( 'NONE',  ( -50.98528137423859619, 22.50000000000006040, -16.00000000000003908 ) ) ;
#1380 = EDGE_LOOP ( 'NONE', ( #2350, #1918, #384, #1443, #967, #1493, #1747, #93, #1779, #2545, #90, #654, #723, #2032 ) ) ;
#1381 = DIRECTION ( 'NONE',  ( 1.000000000000000000, 0.000000000000000000, 0.000000000000000000 ) ) ;
#1382 = VERTEX_POINT ( 'NONE', #2297 ) ;
#1383 = CARTESIAN_POINT ( 'NONE',  ( -13.00000000000000711, -13.00000000000000000, 5.000000000000000000 ) ) ;
#1384 = FACE_OUTER_BOUND ( 'NONE', #1015, .T. ) ;
#1385 = FACE_BOUND ( 'NONE', #316, .T. ) ;
#1386 = ORIENTED_EDGE ( 'NONE', *, *, #2416, .F. ) ;
#1387 = CIRCLE ( 'NONE', #780, 8.000000000000000000 ) ;
#1388 = EDGE_CURVE ( 'NONE', #325, #100, #812, .T. ) ;
#1389 = CARTESIAN_POINT ( 'NONE',  ( -37.24264068711929099, 3.000000000000002220, -16.00000000000004974 ) ) ;
#1390 = SURFACE_STYLE_USAGE ( .BOTH. , #328 ) ;
#1391 = VERTEX_POINT ( 'NONE', #2541 ) ;
#1392 = ORIENTED_EDGE ( 'NONE', *, *, #132, .T. ) ;
#1393 = EDGE_CURVE ( 'NONE', #2169, #1024, #1003, .T. ) ;
#1394 = VECTOR ( 'NONE', #2750, 1000.000000000000000 ) ;
#1395 = VECTOR ( 'NONE', #426, 1000.000000000000000 ) ;
#1396 = CARTESIAN_POINT ( 'NONE',  ( -27.50000000000000711, 1.902612402146063679E-15, -19.00000000000004974 ) ) ;
#1397 = CARTESIAN_POINT ( 'NONE',  ( 12.99999999999999289, 13.00000000000000000, 5.000000000000000000 ) ) ;
#1398 = VECTOR ( 'NONE', #2631, 1000.000000000000000 ) ;
#1399 = CIRCLE ( 'NONE', #212, 1.600000000000000755 ) ;
#1400 = CARTESIAN_POINT ( 'NONE',  ( -38.98528137423858908, 22.50000000000006040, -14.00000000000003730 ) ) ;
#1401 = ORIENTED_EDGE ( 'NONE', *, *, #2712, .T. ) ;
#1402 = LINE ( 'NONE', #1025, #1757 ) ;
#1403 = CARTESIAN_POINT ( 'NONE',  ( -13.00000000000000711, -13.00000000000000000, 5.000000000000000000 ) ) ;
#1404 = CARTESIAN_POINT ( 'NONE',  ( 0.000000000000000000, 0.000000000000000000, 0.000000000000000000 ) ) ;
#1405 = CARTESIAN_POINT ( 'NONE',  ( 12.79233435722614054, 10.00164354326391880, 6.430530598673359854 ) ) ;
#1406 = VERTEX_POINT ( 'NONE', #1234 ) ;
#1407 = EDGE_CURVE ( 'NONE', #765, #1555, #683, .T. ) ;
#1408 = CARTESIAN_POINT ( 'NONE',  ( -11.26050018386290041, 10.55366222636921947, 5.745129727303021738 ) ) ;
#1409 = CARTESIAN_POINT ( 'NONE',  ( -13.00000000000000711, 13.00000000000000000, 0.000000000000000000 ) ) ;
#1410 = EDGE_CURVE ( 'NONE', #2189, #713, #790, .T. ) ;
#1411 = CARTESIAN_POINT ( 'NONE',  ( -19.50000000000000711, -14.50000000000000178, -26.00000000000004974 ) ) ;
#1412 = ORIENTED_EDGE ( 'NONE', *, *, #2413, .F. ) ;
#1413 = CARTESIAN_POINT ( 'NONE',  ( -19.50000000000000711, 1.199677671795186334E-15, -19.00000000000004974 ) ) ;
#1414 = CARTESIAN_POINT ( 'NONE',  ( 27.50000000000000000, 9.014718625761414472, -21.75735931288075165 ) ) ;
#1415 = LINE ( 'NONE', #179, #1852 ) ;
#1416 = CARTESIAN_POINT ( 'NONE',  ( 11.70247493801493377, 10.28818580582184161, 5.886247989528005320 ) ) ;
#1417 = ORIENTED_EDGE ( 'NONE', *, *, #121, .T. ) ;
#1418 = EDGE_CURVE ( 'NONE', #344, #1486, #1402, .T. ) ;
#1419 = CARTESIAN_POINT ( 'NONE',  ( -10.13537294228175156, 12.08818294217625677, 6.058409977254272327 ) ) ;
#1420 = DIRECTION ( 'NONE',  ( 0.000000000000000000, -1.445602896647339656E-16, 1.000000000000000000 ) ) ;
#1421 = EDGE_CURVE ( 'NONE', #1801, #1190, #1884, .T. ) ;
#1422 = CARTESIAN_POINT ( 'NONE',  ( -12.05883388618701346, -10.14488475704456683, 6.044201063125137274 ) ) ;
#1423 = DIRECTION ( 'NONE',  ( 1.000000000000000000, 0.000000000000000000, 0.000000000000000000 ) ) ;
#1424 = EDGE_CURVE ( 'NONE', #66, #2252, #2388, .T. ) ;
#1425 = ORIENTED_EDGE ( 'NONE', *, *, #671, .F. ) ;
#1426 = CARTESIAN_POINT ( 'NONE',  ( 35.98528137423861040, 14.50000000000004619, -23.00000000000003908 ) ) ;
#1427 = FACE_BOUND ( 'NONE', #2229, .T. ) ;
#1428 = DIRECTION ( 'NONE',  ( -0.000000000000000000, -0.000000000000000000, 1.000000000000000000 ) ) ;
#1429 = AXIS2_PLACEMENT_3D ( 'NONE', #1017, #541, #2740 ) ;
#1430 = CARTESIAN_POINT ( 'NONE',  ( 11.18223745238616651, 10.60474141175956042, 5.723198202122111056 ) ) ;
#1431 = EDGE_LOOP ( 'NONE', ( #329, #479, #2710, #404, #793, #971, #586 ) ) ;
#1432 = VECTOR ( 'NONE', #315, 1000.000000000000000 ) ;
#1433 = CARTESIAN_POINT ( 'NONE',  ( -12.05381652078419208, 10.14656475177212513, 6.041797605060385656 ) ) ;
#1434 = CARTESIAN_POINT ( 'NONE',  ( 12.99999999999999289, -13.00000000000000000, 5.000000000000000000 ) ) ;
#1435 = AXIS2_PLACEMENT_3D ( 'NONE', #2107, #587, #176 ) ;
#1436 = AXIS2_PLACEMENT_3D ( 'NONE', #2505, #1220, #168 ) ;
#1437 = ADVANCED_FACE ( 'NONE', ( #2183 ), #1474, .F. ) ;
#1438 = CARTESIAN_POINT ( 'NONE',  ( -11.01712274103583944, -10.73873361442773167, 5.696929196623586655 ) ) ;
#1439 = EDGE_CURVE ( 'NONE', #1587, #2207, #1922, .T. ) ;
#1440 = AXIS2_PLACEMENT_3D ( 'NONE', #533, #493, #299 ) ;
#1441 = DIRECTION ( 'NONE',  ( 0.000000000000000000, -0.000000000000000000, -1.000000000000000000 ) ) ;
#1442 = AXIS2_PLACEMENT_3D ( 'NONE', #975, #350, #2261 ) ;
#1443 = ORIENTED_EDGE ( 'NONE', *, *, #991, .F. ) ;
#1444 = DIRECTION ( 'NONE',  ( 0.000000000000000000, 0.000000000000000000, -1.000000000000000000 ) ) ;
#1445 = ORIENTED_EDGE ( 'NONE', *, *, #2258, .F. ) ;
#1446 = CARTESIAN_POINT ( 'NONE',  ( 50.98528137423861750, 17.49999999999999645, -18.00000000000003908 ) ) ;
#1447 = CARTESIAN_POINT ( 'NONE',  ( -35.98528137423858908, 17.50000000000000000, -21.75735931288075875 ) ) ;
#1448 = VECTOR ( 'NONE', #270, 999.9999999999998863 ) ;
#1449 = DIRECTION ( 'NONE',  ( 1.875376730785737226E-16, -1.000000000000000000, -1.003808469612656861E-16 ) ) ;
#1450 = ADVANCED_FACE ( 'NONE', ( #2353, #2120, #1297 ), #1909, .T. ) ;
#1451 = DIRECTION ( 'NONE',  ( 0.000000000000000000, 1.967543734044216262E-16, -1.000000000000000000 ) ) ;
#1452 = ORIENTED_EDGE ( 'NONE', *, *, #2674, .T. ) ;
#1453 = VERTEX_POINT ( 'NONE', #1067 ) ;
#1454 = DIRECTION ( 'NONE',  ( -1.000000000000000000, 0.000000000000000000, 0.000000000000000000 ) ) ;
#1455 = DIRECTION ( 'NONE',  ( 8.673617379884035472E-16, -1.000000000000000000, 0.000000000000000000 ) ) ;
#1456 = CARTESIAN_POINT ( 'NONE',  ( 0.000000000000000000, -19.50000000000000355, 0.000000000000000000 ) ) ;
#1457 = CYLINDRICAL_SURFACE ( 'NONE', #1317, 2.999999999999999112 ) ;
#1458 = EDGE_CURVE ( 'NONE', #2628, #2703, #2482, .T. ) ;
#1459 = ORIENTED_EDGE ( 'NONE', *, *, #1536, .F. ) ;
#1460 = ORIENTED_EDGE ( 'NONE', *, *, #2569, .T. ) ;
#1461 = LINE ( 'NONE', #356, #1945 ) ;
#1462 = CARTESIAN_POINT ( 'NONE',  ( 27.50000000000000000, 9.014718625761414472, 4.000000000000036415 ) ) ;
#1463 = DIRECTION ( 'NONE',  ( 1.349221823327174429E-16, 1.003808469612657231E-16, -1.000000000000000000 ) ) ;
#1464 = DIRECTION ( 'NONE',  ( -1.875376730785737226E-16, 1.000000000000000000, 2.201794655477296769E-16 ) ) ;
#1465 = ORIENTED_EDGE ( 'NONE', *, *, #1686, .T. ) ;
#1466 = EDGE_LOOP ( 'NONE', ( #305, #637, #2538, #2270 ) ) ;
#1467 = ORIENTED_EDGE ( 'NONE', *, *, #334, .T. ) ;
#1468 = CARTESIAN_POINT ( 'NONE',  ( -35.98528137423858908, 17.49999999999999289, 25.51609221829270169 ) ) ;
#1469 = DIRECTION ( 'NONE',  ( 0.000000000000000000, -1.000000000000000000, 1.156482317317871725E-15 ) ) ;
#1470 = VERTEX_POINT ( 'NONE', #2366 ) ;
#1471 = LINE ( 'NONE', #2351, #2398 ) ;
#1472 = EDGE_CURVE ( 'NONE', #2024, #2079, #631, .T. ) ;
#1473 = VERTEX_POINT ( 'NONE', #2163 ) ;
#1474 = CYLINDRICAL_SURFACE ( 'NONE', #157, 1.600000000000000755 ) ;
#1475 = LINE ( 'NONE', #664, #2272 ) ;
#1476 = EDGE_CURVE ( 'NONE', #2695, #1733, #1270, .T. ) ;
#1477 = ORIENTED_EDGE ( 'NONE', *, *, #1230, .F. ) ;
#1478 = ORIENTED_EDGE ( 'NONE', *, *, #266, .T. ) ;
#1479 = VERTEX_POINT ( 'NONE', #16 ) ;
#1480 = COLOUR_RGB ( '',0.8431372549019607865, 0.8156862745098039102, 0.7529411764705882248 ) ;
#1481 = DIRECTION ( 'NONE',  ( 1.000000000000000000, -1.875376730785737226E-16, -0.000000000000000000 ) ) ;
#1482 = AXIS2_PLACEMENT_3D ( 'NONE', #1548, #1347, #2429 ) ;
#1483 = CARTESIAN_POINT ( 'NONE',  ( -10.00000000000000711, -13.00000000002290967, 6.546084143069776040 ) ) ;
#1484 = AXIS2_PLACEMENT_3D ( 'NONE', #2550, #1481, #1469 ) ;
#1485 = DIRECTION ( 'NONE',  ( 1.000000000000000000, 0.000000000000000000, 0.000000000000000000 ) ) ;
#1486 = VERTEX_POINT ( 'NONE', #896 ) ;
#1487 = CARTESIAN_POINT ( 'NONE',  ( -27.50000000000000711, 17.50000000000000000, 8.000000000000000000 ) ) ;
#1488 = CARTESIAN_POINT ( 'NONE',  ( 19.50000000000000711, -19.50000000000000355, 0.000000000000000000 ) ) ;
#1489 = CIRCLE ( 'NONE', #1186, 1.600000000000000755 ) ;
#1490 = DIRECTION ( 'NONE',  ( 0.7071067811865484609, -0.7071067811865465735, -4.372196160242400050E-17 ) ) ;
#1491 = VERTEX_POINT ( 'NONE', #2583 ) ;
#1492 = EDGE_CURVE ( 'NONE', #15, #447, #1499, .T. ) ;
#1493 = ORIENTED_EDGE ( 'NONE', *, *, #1421, .F. ) ;
#1494 = ADVANCED_FACE ( 'NONE', ( #2152, #1275 ), #227, .T. ) ;
#1495 = DIRECTION ( 'NONE',  ( 1.000000000000000000, -9.189829725788341711E-33, 2.201794655477298988E-16 ) ) ;
#1496 =( BOUNDED_CURVE ( )  B_SPLINE_CURVE ( 3, ( #995, #1414, #2298, #1214 ),
 .UNSPECIFIED., .F., .T. ) 
 B_SPLINE_CURVE_WITH_KNOTS ( ( 4, 4 ),
 ( 3.113807863336593396E-16, 1.570796326794896780 ),
 .UNSPECIFIED. ) 
 CURVE ( )  GEOMETRIC_REPRESENTATION_ITEM ( )  RATIONAL_B_SPLINE_CURVE ( ( 1.000000000000000000, 0.8047378541243649375, 0.8047378541243649375, 1.000000000000000000 ) ) 
 REPRESENTATION_ITEM ( '' )  );
#1497 = ORIENTED_EDGE ( 'NONE', *, *, #2062, .F. ) ;
#1498 = VERTEX_POINT ( 'NONE', #1308 ) ;
#1499 = LINE ( 'NONE', #1487, #1350 ) ;
#1500 = FACE_OUTER_BOUND ( 'NONE', #2559, .T. ) ;
#1501 = LINE ( 'NONE', #634, #1568 ) ;
#1502 = CARTESIAN_POINT ( 'NONE',  ( 11.60818676624389845, 17.50000000000000000, 8.000000000000000000 ) ) ;
#1503 = VERTEX_POINT ( 'NONE', #1742 ) ;
#1504 = CARTESIAN_POINT ( 'NONE',  ( 30.50000000000000355, 1.085430201292421520E-14, -23.00000000000004263 ) ) ;
#1505 = CARTESIAN_POINT ( 'NONE',  ( -15.82569790751607997, -11.97101661657486105, 7.918050460572249705 ) ) ;
#1506 = ADVANCED_FACE ( 'NONE', ( #3 ), #2606, .F. ) ;
#1507 = DIRECTION ( 'NONE',  ( 0.000000000000000000, -1.000000000000000000, -2.201794655477297262E-16 ) ) ;
#1508 = LINE ( 'NONE', #214, #1222 ) ;
#1509 = EDGE_CURVE ( 'NONE', #60, #2024, #848, .T. ) ;
#1510 = CARTESIAN_POINT ( 'NONE',  ( 15.96563357997166399, 13.46768004379003436, 7.999459442586037916 ) ) ;
#1511 = DIRECTION ( 'NONE',  ( 1.349221823327174429E-16, 1.967543734044216016E-16, -1.000000000000000000 ) ) ;
#1512 = LINE ( 'NONE', #2140, #1622 ) ;
#1513 = ORIENTED_EDGE ( 'NONE', *, *, #175, .T. ) ;
#1514 = DIRECTION ( 'NONE',  ( 0.000000000000000000, -1.000000000000000000, 0.000000000000000000 ) ) ;
#1515 = ORIENTED_EDGE ( 'NONE', *, *, #1424, .F. ) ;
#1516 = CARTESIAN_POINT ( 'NONE',  ( -15.89079756849290703, -12.17136088843017028, 7.940869636406968191 ) ) ;
#1517 = AXIS2_PLACEMENT_3D ( 'NONE', #2644, #352, #1242 ) ;
#1518 = PLANE ( 'NONE',  #2408 ) ;
#1519 = VECTOR ( 'NONE', #83, 1000.000000000000000 ) ;
#1520 = ADVANCED_FACE ( 'NONE', ( #239 ), #685, .T. ) ;
#1521 = ORIENTED_EDGE ( 'NONE', *, *, #1081, .F. ) ;
#1522 = DIRECTION ( 'NONE',  ( 2.201794655477302193E-16, -2.201794655477296276E-16, 1.000000000000000000 ) ) ;
#1523 = DIRECTION ( 'NONE',  ( -0.000000000000000000, -0.000000000000000000, -1.000000000000000000 ) ) ;
#1524 = ADVANCED_FACE ( 'NONE', ( #1690 ), #2554, .F. ) ;
#1525 = DIRECTION ( 'NONE',  ( 1.000000000000000000, -1.477285665293037945E-16, 1.477285665293037945E-16 ) ) ;
#1526 = VECTOR ( 'NONE', #2566, 1000.000000000000000 ) ;
#1527 = EDGE_LOOP ( 'NONE', ( #1131, #2464, #2477, #2117, #779, #2250, #892, #666, #2691, #2000, #70, #2383 ) ) ;
#1528 = LINE ( 'NONE', #2412, #518 ) ;
#1529 = AXIS2_PLACEMENT_3D ( 'NONE', #1119, #2662, #79 ) ;
#1530 = VERTEX_POINT ( 'NONE', #935 ) ;
#1531 = VECTOR ( 'NONE', #1976, 1000.000000000000000 ) ;
#1532 = CARTESIAN_POINT ( 'NONE',  ( -13.69762540848754817, 15.91775920689706503, 8.000000000000000000 ) ) ;
#1533 = EDGE_LOOP ( 'NONE', ( #1907, #2301, #1165, #2397, #2106, #2200, #1749, #1855, #983, #2345, #575, #442 ) ) ;
#1534 = DIRECTION ( 'NONE',  ( 3.413144305457568632E-32, -1.000000000000000000, -1.967543734044216016E-16 ) ) ;
#1535 = DIRECTION ( 'NONE',  ( 3.413144305457568632E-32, -1.000000000000000000, -1.967543734044216016E-16 ) ) ;
#1536 = EDGE_CURVE ( 'NONE', #623, #1846, #965, .T. ) ;
#1537 = ORIENTED_EDGE ( 'NONE', *, *, #112, .F. ) ;
#1538 = CARTESIAN_POINT ( 'NONE',  ( 15.89133721923332132, -12.17339513858826017, 7.941065629254149272 ) ) ;
#1539 = ORIENTED_EDGE ( 'NONE', *, *, #2636, .F. ) ;
#1540 = DIRECTION ( 'NONE',  ( 1.000000000000000000, 0.000000000000000000, 0.000000000000000000 ) ) ;
#1541 = VERTEX_POINT ( 'NONE', #2633 ) ;
#1542 = CARTESIAN_POINT ( 'NONE',  ( -11.83171729173988496, 15.77314175414296749, 7.899413426301217456 ) ) ;
#1543 = ORIENTED_EDGE ( 'NONE', *, *, #2457, .T. ) ;
#1544 = ADVANCED_FACE ( 'NONE', ( #1758 ), #310, .F. ) ;
#1545 = CARTESIAN_POINT ( 'NONE',  ( 10.34799735598350701, -14.41882408539578897, 7.312807326244309181 ) ) ;
#1546 = CARTESIAN_POINT ( 'NONE',  ( 15.91775920689705082, -13.69762540848756238, 8.000000000000000000 ) ) ;
#1547 = CARTESIAN_POINT ( 'NONE',  ( 38.98528137423861750, 17.49999999999999645, -14.00000000000003730 ) ) ;
#1548 = CARTESIAN_POINT ( 'NONE',  ( -50.98528137423859619, 17.49999999999999645, -16.00000000000003908 ) ) ;
#1549 = ORIENTED_EDGE ( 'NONE', *, *, #2742, .T. ) ;
#1550 = CARTESIAN_POINT ( 'NONE',  ( 13.87953466720096785, -10.12571413495543027, 7.032244778020454667 ) ) ;
#1551 = ORIENTED_EDGE ( 'NONE', *, *, #2436, .T. ) ;
#1552 = DIRECTION ( 'NONE',  ( 1.000000000000000000, -8.786684129385969281E-17, 2.201794655477298742E-16 ) ) ;
#1553 = PLANE ( 'NONE',  #2700 ) ;
#1554 = EDGE_CURVE ( 'NONE', #1698, #1614, #2178, .T. ) ;
#1555 = VERTEX_POINT ( 'NONE', #718 ) ;
#1556 = CARTESIAN_POINT ( 'NONE',  ( -10.87552039355750466, 15.13048799309920867, 7.645444009757650150 ) ) ;
#1557 = ORIENTED_EDGE ( 'NONE', *, *, #1249, .F. ) ;
#1558 = CARTESIAN_POINT ( 'NONE',  ( 9.653326197472598125, 17.50000000000000000, 8.000000000000003553 ) ) ;
#1559 = DIRECTION ( 'NONE',  ( 3.413144305457568632E-32, -1.000000000000000000, -1.967543734044216016E-16 ) ) ;
#1560 = VECTOR ( 'NONE', #1138, 1000.000000000000000 ) ;
#1561 = CARTESIAN_POINT ( 'NONE',  ( 30.50000000000000711, 17.49999999999999645, 10.10628645568518991 ) ) ;
#1562 = AXIS2_PLACEMENT_3D ( 'NONE', #1207, #2099, #349 ) ;
#1563 = ORIENTED_EDGE ( 'NONE', *, *, #955, .F. ) ;
#1564 = CIRCLE ( 'NONE', #2483, 2.999999999999999112 ) ;
#1565 = CARTESIAN_POINT ( 'NONE',  ( 15.97764081738177033, -12.57956965512061487, 7.973909344760801154 ) ) ;
#1566 = ORIENTED_EDGE ( 'NONE', *, *, #535, .T. ) ;
#1567 = CARTESIAN_POINT ( 'NONE',  ( -50.49999999999999289, 16.25735931288071612, -23.00000000000004974 ) ) ;
#1568 = VECTOR ( 'NONE', #258, 1000.000000000000000 ) ;
#1569 = VECTOR ( 'NONE', #419, 1000.000000000000000 ) ;
#1570 = DIRECTION ( 'NONE',  ( 3.413144305457568632E-32, -1.000000000000000000, -1.967543734044216016E-16 ) ) ;
#1571 = VERTEX_POINT ( 'NONE', #2419 ) ;
#1572 = CARTESIAN_POINT ( 'NONE',  ( -11.40000000000000568, 13.00000000000000000, 5.000000000000000000 ) ) ;
#1573 = ORIENTED_EDGE ( 'NONE', *, *, #632, .F. ) ;
#1574 = VECTOR ( 'NONE', #2716, 1000.000000000000000 ) ;
#1575 = EDGE_CURVE ( 'NONE', #307, #397, #2702, .T. ) ;
#1576 = AXIS2_PLACEMENT_3D ( 'NONE', #1982, #185, #1886 ) ;
#1577 = DIRECTION ( 'NONE',  ( -1.000000000000000000, 0.000000000000000000, 0.000000000000000000 ) ) ;
#1578 = B_SPLINE_CURVE_WITH_KNOTS ( 'NONE', 3,
 ( #2399, #1268, #1258, #1903, #2131, #2618, #1344, #265, #1795, #2642, #1975, #1142, #1558, #1751 ),
 .UNSPECIFIED., .F., .F.,
 ( 4, 2, 2, 2, 2, 2, 4 ),
 ( 0.000000000000000000, 0.005796722482252260507, 0.008695083723378389459, 0.01159344496450451928, 0.01449180620563064910, 0.01739016744675677892, 0.02318688992900903856 ),
 .UNSPECIFIED. ) ;
#1579 = CARTESIAN_POINT ( 'NONE',  ( 15.99999999999999289, -13.00000000000000000, 5.000000000000000000 ) ) ;
#1580 = VECTOR ( 'NONE', #401, 1000.000000000000000 ) ;
#1581 = DIRECTION ( 'NONE',  ( 0.000000000000000000, 0.000000000000000000, -1.000000000000000000 ) ) ;
#1582 = ADVANCED_FACE ( 'NONE', ( #1157 ), #480, .T. ) ;
#1583 = DIRECTION ( 'NONE',  ( 0.000000000000000000, -0.000000000000000000, -1.000000000000000000 ) ) ;
#1584 = EDGE_CURVE ( 'NONE', #1296, #1541, #2220, .T. ) ;
#1585 = ORIENTED_EDGE ( 'NONE', *, *, #1652, .F. ) ;
#1586 = DIRECTION ( 'NONE',  ( 1.349221823327174675E-16, 1.967543734044216262E-16, -1.000000000000000000 ) ) ;
#1587 = VERTEX_POINT ( 'NONE', #1147 ) ;
#1588 = DIRECTION ( 'NONE',  ( 0.000000000000000000, 0.000000000000000000, 1.000000000000000000 ) ) ;
#1589 = LINE ( 'NONE', #928, #1847 ) ;
#1590 = ORIENTED_EDGE ( 'NONE', *, *, #958, .F. ) ;
#1591 = CARTESIAN_POINT ( 'NONE',  ( 15.31698956788268973, 11.08347503413433444, 7.723746926294559501 ) ) ;
#1592 = ORIENTED_EDGE ( 'NONE', *, *, #2487, .T. ) ;
#1593 = CARTESIAN_POINT ( 'NONE',  ( 11.83262764890448260, -15.77337268633147183, 7.899485188609389752 ) ) ;
#1594 = CARTESIAN_POINT ( 'NONE',  ( -14.23010872415957806, 10.25732574122710794, 7.216696590783978849 ) ) ;
#1595 = PLANE ( 'NONE',  #36 ) ;
#1596 = DIRECTION ( 'NONE',  ( -0.000000000000000000, -0.000000000000000000, -1.000000000000000000 ) ) ;
#1597 = EDGE_CURVE ( 'NONE', #1051, #215, #1667, .T. ) ;
#1598 = CARTESIAN_POINT ( 'NONE',  ( -13.00000000000000711, 13.00000000000000000, 8.000000000000000000 ) ) ;
#1599 = ORIENTED_EDGE ( 'NONE', *, *, #2150, .T. ) ;
#1600 = EDGE_CURVE ( 'NONE', #1541, #1296, #828, .T. ) ;
#1601 = ORIENTED_EDGE ( 'NONE', *, *, #614, .T. ) ;
#1602 = PLANE ( 'NONE',  #38 ) ;
#1603 = CARTESIAN_POINT ( 'NONE',  ( -27.50000000000000711, -19.50000000000000355, -26.00000000000004263 ) ) ;
#1604 = EDGE_LOOP ( 'NONE', ( #1537, #2664, #341, #2612 ) ) ;
#1605 = CARTESIAN_POINT ( 'NONE',  ( 9.999999999999992895, 12.99999999998683187, 6.546084143049679227 ) ) ;
#1606 = VERTEX_POINT ( 'NONE', #1799 ) ;
#1607 = CARTESIAN_POINT ( 'NONE',  ( -40.24264068711928388, 6.000000000000004441, -26.00000000000004619 ) ) ;
#1608 = DIRECTION ( 'NONE',  ( -1.875376730785737226E-16, -1.000000000000000000, 0.000000000000000000 ) ) ;
#1609 = CARTESIAN_POINT ( 'NONE',  ( -19.50000000000000711, -2.999999999999999112, -19.00000000000004974 ) ) ;
#1610 = CARTESIAN_POINT ( 'NONE',  ( -10.71826096059625044, -11.04071573101371229, 5.699527415062175528 ) ) ;
#1611 = CARTESIAN_POINT ( 'NONE',  ( 15.99999999999988987, -13.11768373994320491, 7.994326602503976531 ) ) ;
#1612 = EDGE_CURVE ( 'NONE', #312, #2151, #1993, .T. ) ;
#1613 = CARTESIAN_POINT ( 'NONE',  ( -55.98528137423858908, 17.50000000000000000, -26.00000000000004619 ) ) ;
#1614 = VERTEX_POINT ( 'NONE', #1991 ) ;
#1615 = AXIS2_PLACEMENT_3D ( 'NONE', #1728, #1371, #464 ) ;
#1616 = CARTESIAN_POINT ( 'NONE',  ( 19.50000000000000711, -22.50000000000000355, 8.000000000000000000 ) ) ;
#1617 = DIRECTION ( 'NONE',  ( 0.000000000000000000, 0.000000000000000000, 1.000000000000000000 ) ) ;
#1618 = DIRECTION ( 'NONE',  ( -0.000000000000000000, -0.000000000000000000, 1.000000000000000000 ) ) ;
#1619 = AXIS2_PLACEMENT_3D ( 'NONE', #589, #1428, #1251 ) ;
#1620 = CARTESIAN_POINT ( 'NONE',  ( 38.98528137423861750, 22.50000000000006040, -14.00000000000003730 ) ) ;
#1621 = VERTEX_POINT ( 'NONE', #2623 ) ;
#1622 = VECTOR ( 'NONE', #5, 1000.000000000000000 ) ;
#1623 = CIRCLE ( 'NONE', #336, 8.000000000000000000 ) ;
#1624 = CARTESIAN_POINT ( 'NONE',  ( -14.60000000000000675, 13.00000000000000000, 5.000000000000000000 ) ) ;
#1625 = CARTESIAN_POINT ( 'NONE',  ( -50.98528137423859619, 22.50000000000006040, -18.00000000000003908 ) ) ;
#1626 = VECTOR ( 'NONE', #796, 1000.000000000000000 ) ;
#1627 = CIRCLE ( 'NONE', #478, 2.999999999999999112 ) ;
#1628 = LINE ( 'NONE', #1210, #1574 ) ;
#1629 = CARTESIAN_POINT ( 'NONE',  ( -55.98528137423858908, 22.50000000000005329, -6.000000000000043521 ) ) ;
#1630 = ADVANCED_FACE ( 'NONE', ( #1786 ), #1375, .F. ) ;
#1631 = ORIENTED_EDGE ( 'NONE', *, *, #351, .F. ) ;
#1632 = CARTESIAN_POINT ( 'NONE',  ( -10.45800607464042287, -14.60863206414998849, 7.406216553536286717 ) ) ;
#1633 = CARTESIAN_POINT ( 'NONE',  ( -37.22792206135787296, 14.50000000000000000, -23.00000000000004619 ) ) ;
#1634 = CARTESIAN_POINT ( 'NONE',  ( 12.75643512916916400, 15.99950436510684604, 7.983275227762042903 ) ) ;
#1635 = CARTESIAN_POINT ( 'NONE',  ( 13.70350156309596024, 10.07787431787210330, 6.936675396032339513 ) ) ;
#1636 = EDGE_CURVE ( 'NONE', #1190, #1453, #2445, .T. ) ;
#1637 = ORIENTED_EDGE ( 'NONE', *, *, #1182, .T. ) ;
#1638 = CYLINDRICAL_SURFACE ( 'NONE', #1436, 8.000000000000000000 ) ;
#1639 = CARTESIAN_POINT ( 'NONE',  ( -12.78440394137423830, 10.00222579964207448, 6.426146769654158319 ) ) ;
#1640 = DIRECTION ( 'NONE',  ( 1.000000000000000000, 0.000000000000000000, 0.000000000000000000 ) ) ;
#1641 = CARTESIAN_POINT ( 'NONE',  ( -13.87901902613597294, -10.12554606692035897, 7.031969484386644709 ) ) ;
#1642 = DIRECTION ( 'NONE',  ( -1.000000000000000000, -0.000000000000000000, -0.000000000000000000 ) ) ;
#1643 = DIRECTION ( 'NONE',  ( -0.000000000000000000, -0.000000000000000000, 1.000000000000000000 ) ) ;
#1644 = ORIENTED_EDGE ( 'NONE', *, *, #653, .T. ) ;
#1645 = CARTESIAN_POINT ( 'NONE',  ( -38.98528137423858908, 22.50000000000006040, -18.00000000000003908 ) ) ;
#1646 = DIRECTION ( 'NONE',  ( -1.000000000000000000, 0.000000000000000000, 0.000000000000000000 ) ) ;
#1647 = DIRECTION ( 'NONE',  ( 3.413144305457568632E-32, -1.000000000000000000, -1.967543734044216016E-16 ) ) ;
#1648 = ORIENTED_EDGE ( 'NONE', *, *, #2092, .F. ) ;
#1649 = EDGE_CURVE ( 'NONE', #1453, #2055, #163, .T. ) ;
#1650 = CARTESIAN_POINT ( 'NONE',  ( -10.93767321602301479, 10.81875656473843428, 5.697406685567983686 ) ) ;
#1651 = CARTESIAN_POINT ( 'NONE',  ( -19.50000000000000711, 9.372078154086257059E-16, -16.00000000000004974 ) ) ;
#1652 = EDGE_CURVE ( 'NONE', #210, #2586, #2678, .T. ) ;
#1653 = CARTESIAN_POINT ( 'NONE',  ( 15.91775920689705082, -13.69762540848756238, 8.000000000000000000 ) ) ;
#1654 = ORIENTED_EDGE ( 'NONE', *, *, #2460, .F. ) ;
#1655 = CARTESIAN_POINT ( 'NONE',  ( 12.99999999999999289, -13.00000000000000000, 5.000000000000000000 ) ) ;
#1656 = ORIENTED_EDGE ( 'NONE', *, *, #1476, .F. ) ;
#1657 = CARTESIAN_POINT ( 'NONE',  ( -10.02165942242959140, -13.41589169357594358, 6.778485628636090610 ) ) ;
#1658 = CARTESIAN_POINT ( 'NONE',  ( -13.00000000000000711, -13.00000000000000000, 0.000000000000000000 ) ) ;
#1659 = CARTESIAN_POINT ( 'NONE',  ( 12.99999999999999289, 13.00000000000000000, 8.000000000000000000 ) ) ;
#1660 = VECTOR ( 'NONE', #1464, 1000.000000000000000 ) ;
#1661 = DIRECTION ( 'NONE',  ( -0.000000000000000000, 1.000000000000000000, 2.201794655477297262E-16 ) ) ;
#1662 = EDGE_LOOP ( 'NONE', ( #219, #1477, #1348, #830 ) ) ;
#1663 = VECTOR ( 'NONE', #2675, 1000.000000000000000 ) ;
#1664 = CARTESIAN_POINT ( 'NONE',  ( -22.50000000000000355, 17.50000000000000000, 8.000000000000000000 ) ) ;
#1665 =( BOUNDED_CURVE ( )  B_SPLINE_CURVE ( 3, ( #1203, #1250, #1042, #2286 ),
 .UNSPECIFIED., .F., .T. ) 
 B_SPLINE_CURVE_WITH_KNOTS ( ( 4, 4 ),
 ( 4.712388980384689674, 6.283185307179586232 ),
 .UNSPECIFIED. ) 
 CURVE ( )  GEOMETRIC_REPRESENTATION_ITEM ( )  RATIONAL_B_SPLINE_CURVE ( ( 1.000000000000000000, 0.8047378541243649375, 0.8047378541243649375, 1.000000000000000000 ) ) 
 REPRESENTATION_ITEM ( '' )  );
#1666 = DIRECTION ( 'NONE',  ( 1.000000000000000000, 0.000000000000000000, 0.000000000000000000 ) ) ;
#1667 = CIRCLE ( 'NONE', #2037, 2.000000000000001776 ) ;
#1668 = VECTOR ( 'NONE', #392, 1000.000000000000000 ) ;
#1669 = CARTESIAN_POINT ( 'NONE',  ( -10.01648873979690002, -12.63535280918113912, 6.343666268917746542 ) ) ;
#1670 = CIRCLE ( 'NONE', #475, 2.999999999999999112 ) ;
#1671 = CARTESIAN_POINT ( 'NONE',  ( 38.98528137423861750, 17.49999999999999645, -18.00000000000003908 ) ) ;
#1672 = AXIS2_PLACEMENT_3D ( 'NONE', #2727, #771, #1002 ) ;
#1673 = ORIENTED_EDGE ( 'NONE', *, *, #2592, .F. ) ;
#1674 = DIRECTION ( 'NONE',  ( -0.7071067811865465735, -0.7071067811865484609, 0.000000000000000000 ) ) ;
#1675 = ORIENTED_EDGE ( 'NONE', *, *, #2190, .T. ) ;
#1676 = FACE_OUTER_BOUND ( 'NONE', #194, .T. ) ;
#1677 = CARTESIAN_POINT ( 'NONE',  ( -13.00000000000000711, -13.00000000000000000, 5.000000000000000000 ) ) ;
#1678 = VECTOR ( 'NONE', #1552, 1000.000000000000000 ) ;
#1679 = DIRECTION ( 'NONE',  ( -0.000000000000000000, -0.000000000000000000, -1.000000000000000000 ) ) ;
#1680 = ORIENTED_EDGE ( 'NONE', *, *, #2436, .F. ) ;
#1681 = ORIENTED_EDGE ( 'NONE', *, *, #1597, .T. ) ;
#1682 = DIRECTION ( 'NONE',  ( -0.7193398003386547446, 1.366770724097958448E-16, -0.6946583704589935904 ) ) ;
#1683 = CYLINDRICAL_SURFACE ( 'NONE', #746, 8.000000000000000000 ) ;
#1684 = EDGE_CURVE ( 'NONE', #1606, #1172, #1336, .T. ) ;
#1685 = DIRECTION ( 'NONE',  ( 0.000000000000000000, 0.000000000000000000, 1.000000000000000000 ) ) ;
#1686 = EDGE_CURVE ( 'NONE', #1179, #1323, #281, .T. ) ;
#1687 = DIRECTION ( 'NONE',  ( 1.000000000000000000, 0.000000000000000000, 0.000000000000000000 ) ) ;
#1688 = CARTESIAN_POINT ( 'NONE',  ( 38.98528137423861750, 22.50000000000006040, -16.00000000000003908 ) ) ;
#1689 = ORIENTED_EDGE ( 'NONE', *, *, #1388, .T. ) ;
#1690 = FACE_OUTER_BOUND ( 'NONE', #2161, .T. ) ;
#1691 = LINE ( 'NONE', #2354, #1395 ) ;
#1692 = ORIENTED_EDGE ( 'NONE', *, *, #709, .T. ) ;
#1693 = EDGE_CURVE ( 'NONE', #1391, #1498, #1129, .T. ) ;
#1694 = ORIENTED_EDGE ( 'NONE', *, *, #2020, .T. ) ;
#1695 = ORIENTED_EDGE ( 'NONE', *, *, #1636, .T. ) ;
#1696 = CARTESIAN_POINT ( 'NONE',  ( -16.00000000000000711, -12.99999999997970157, 7.990755995504986053 ) ) ;
#1697 = LINE ( 'NONE', #612, #557 ) ;
#1698 = VERTEX_POINT ( 'NONE', #1243 ) ;
#1699 = CARTESIAN_POINT ( 'NONE',  ( -27.50000000000000711, -2.999999999999998668, -23.00000000000004974 ) ) ;
#1700 = EDGE_LOOP ( 'NONE', ( #2246, #1053, #2639, #2641 ) ) ;
#1701 = CARTESIAN_POINT ( 'NONE',  ( -13.00000000000000711, 13.00000000000000000, 10.10628645568517214 ) ) ;
#1702 = CARTESIAN_POINT ( 'NONE',  ( -55.98528137423859619, 17.49999999999999289, 25.51609221829269813 ) ) ;
#1703 = CARTESIAN_POINT ( 'NONE',  ( 12.99999999999999289, -13.00000000000000000, 5.000000000000000000 ) ) ;
#1704 = ORIENTED_EDGE ( 'NONE', *, *, #1476, .T. ) ;
#1705 = ORIENTED_EDGE ( 'NONE', *, *, #512, .T. ) ;
#1706 = ORIENTED_EDGE ( 'NONE', *, *, #535, .F. ) ;
#1707 = EDGE_CURVE ( 'NONE', #1780, #346, #2282, .T. ) ;
#1708 = AXIS2_PLACEMENT_3D ( 'NONE', #1920, #23, #1444 ) ;
#1709 = CARTESIAN_POINT ( 'NONE',  ( -55.98528137423858908, 14.50000000000000000, -20.00000000000004974 ) ) ;
#1710 = VECTOR ( 'NONE', #1326, 1000.000000000000000 ) ;
#1711 = AXIS2_PLACEMENT_3D ( 'NONE', #773, #2086, #594 ) ;
#1712 = EDGE_LOOP ( 'NONE', ( #189, #1125, #1656, #1194 ) ) ;
#1713 = AXIS2_PLACEMENT_3D ( 'NONE', #747, #1583, #322 ) ;
#1714 = EDGE_LOOP ( 'NONE', ( #680, #311, #1956, #205, #2451, #1315, #2426 ) ) ;
#1715 = DIRECTION ( 'NONE',  ( 0.7071067811865465735, 0.7071067811865484609, -3.081487911019578049E-33 ) ) ;
#1716 = CARTESIAN_POINT ( 'NONE',  ( 15.99999999999999289, 13.00000000000000000, 5.000000000000000000 ) ) ;
#1717 = VECTOR ( 'NONE', #1514, 1000.000000000000000 ) ;
#1718 = CARTESIAN_POINT ( 'NONE',  ( 10.72316764210253304, 14.96603093383834349, 7.573224487841747177 ) ) ;
#1719 = EDGE_LOOP ( 'NONE', ( #720, #1071 ) ) ;
#1720 = VECTOR ( 'NONE', #906, 1000.000000000000000 ) ;
#1721 = EDGE_CURVE ( 'NONE', #1479, #470, #558, .T. ) ;
#1722 = ORIENTED_EDGE ( 'NONE', *, *, #955, .T. ) ;
#1723 = CARTESIAN_POINT ( 'NONE',  ( -27.50000000000000711, 3.000000000000001776, -19.00000000000004974 ) ) ;
#1724 = EDGE_CURVE ( 'NONE', #2055, #847, #2262, .T. ) ;
#1725 = FACE_OUTER_BOUND ( 'NONE', #1712, .T. ) ;
#1726 = DIRECTION ( 'NONE',  ( 3.413144305457568632E-32, -1.000000000000000000, -1.967543734044216016E-16 ) ) ;
#1727 = ORIENTED_EDGE ( 'NONE', *, *, #714, .F. ) ;
#1728 = CARTESIAN_POINT ( 'NONE',  ( 12.99999999999999289, -13.00000000000000000, 10.10628645568517214 ) ) ;
#1729 = ORIENTED_EDGE ( 'NONE', *, *, #12, .T. ) ;
#1730 = CARTESIAN_POINT ( 'NONE',  ( 12.99999999999999289, 13.00000000000000000, 5.000000000000000000 ) ) ;
#1731 = DIRECTION ( 'NONE',  ( 1.000000000000000000, 0.000000000000000000, 0.000000000000000000 ) ) ;
#1732 = DIRECTION ( 'NONE',  ( -0.000000000000000000, -0.000000000000000000, -1.000000000000000000 ) ) ;
#1733 = VERTEX_POINT ( 'NONE', #2102 ) ;
#1734 = CARTESIAN_POINT ( 'NONE',  ( -16.00000000000000711, 12.99999999999999112, 7.990755995505600673 ) ) ;
#1735 = ORIENTED_EDGE ( 'NONE', *, *, #842, .F. ) ;
#1736 = LINE ( 'NONE', #2601, #474 ) ;
#1737 = EDGE_CURVE ( 'NONE', #1555, #1330, #208, .T. ) ;
#1738 = ADVANCED_FACE ( 'NONE', ( #1833 ), #543, .F. ) ;
#1739 = LINE ( 'NONE', #2247, #2360 ) ;
#1740 = ORIENTED_EDGE ( 'NONE', *, *, #1226, .F. ) ;
#1741 = CARTESIAN_POINT ( 'NONE',  ( 11.39999999999999147, 13.00000000000000000, 0.000000000000000000 ) ) ;
#1742 = CARTESIAN_POINT ( 'NONE',  ( -35.98528137423858198, 17.49999999999999645, -4.194140974181630455 ) ) ;
#1743 = EDGE_CURVE ( 'NONE', #1925, #729, #808, .T. ) ;
#1744 = LINE ( 'NONE', #482, #427 ) ;
#1745 = B_SPLINE_CURVE_WITH_KNOTS ( 'NONE', 3,
 ( #730, #65, #1565, #1538, #886, #2446, #2196, #2430, #2597, #1761, #706, #1550, #909, #2007, #1300, #2224, #1954, #2421, #2410, #2168, #242, #675, #2393, #483, #1969, #898, #1746, #1327, #2283, #574, #340, #1189 ),
 .UNSPECIFIED., .F., .F.,
 ( 4, 2, 2, 2, 2, 2, 2, 2, 2, 2, 2, 2, 2, 2, 2, 4 ),
 ( 0.009206135961103619272, 0.009830095993693770129, 0.01045405602628391925, 0.01107801605887407011, 0.01170197609146421923, 0.01294989615664452788, 0.01357385618923467874, 0.01419781622182483133, 0.01482177625441498392, 0.01544573628700513651, 0.01606969631959528910, 0.01669365635218544169, 0.01731761638477559428, 0.01794157641736574688, 0.01856553644995589947, 0.01918949648254605206 ),
 .UNSPECIFIED. ) ;
#1746 = CARTESIAN_POINT ( 'NONE',  ( 10.27708684390707639, -11.72599683556919459, 5.895815223381866588 ) ) ;
#1747 = ORIENTED_EDGE ( 'NONE', *, *, #520, .F. ) ;
#1748 = DIRECTION ( 'NONE',  ( 1.349221823327174429E-16, 1.967543734044215769E-16, -1.000000000000000000 ) ) ;
#1749 = ORIENTED_EDGE ( 'NONE', *, *, #266, .F. ) ;
#1750 = ORIENTED_EDGE ( 'NONE', *, *, #2217, .T. ) ;
#1751 = CARTESIAN_POINT ( 'NONE',  ( 11.60818676624389845, 17.50000000000000000, 8.000000000000000000 ) ) ;
#1752 = EDGE_CURVE ( 'NONE', #1491, #505, #2577, .T. ) ;
#1753 = AXIS2_PLACEMENT_3D ( 'NONE', #1358, #1183, #97 ) ;
#1754 = DIRECTION ( 'NONE',  ( 1.349221823327174429E-16, 1.967543734044216016E-16, -1.000000000000000000 ) ) ;
#1755 = CARTESIAN_POINT ( 'NONE',  ( 12.99999999999999289, -13.00000000000000000, 8.000000000000000000 ) ) ;
#1756 = EDGE_CURVE ( 'NONE', #545, #47, #2699, .T. ) ;
#1757 = VECTOR ( 'NONE', #2498, 1000.000000000000000 ) ;
#1758 = FACE_OUTER_BOUND ( 'NONE', #1293, .T. ) ;
#1759 = ORIENTED_EDGE ( 'NONE', *, *, #653, .F. ) ;
#1760 = AXIS2_PLACEMENT_3D ( 'NONE', #2294, #1187, #131 ) ;
#1761 = CARTESIAN_POINT ( 'NONE',  ( 14.74448398947919969, -10.52723012865031293, 7.473920605080101254 ) ) ;
#1762 = ORIENTED_EDGE ( 'NONE', *, *, #1421, .T. ) ;
#1763 = DIRECTION ( 'NONE',  ( -1.875376730785737226E-16, 1.000000000000000000, 1.003808469612656861E-16 ) ) ;
#1764 = VECTOR ( 'NONE', #1963, 1000.000000000000000 ) ;
#1765 = VERTEX_POINT ( 'NONE', #1400 ) ;
#1766 = CIRCLE ( 'NONE', #251, 1.600000000000000755 ) ;
#1767 = LINE ( 'NONE', #712, #873 ) ;
#1768 = ORIENTED_EDGE ( 'NONE', *, *, #2322, .T. ) ;
#1769 = CARTESIAN_POINT ( 'NONE',  ( 10.17284604733588793, -14.02634318680710024, 7.110778222834854390 ) ) ;
#1770 = DIRECTION ( 'NONE',  ( -1.000000000000000000, -4.336808689942012189E-17, -1.349221823327174429E-16 ) ) ;
#1771 = EDGE_CURVE ( 'NONE', #1341, #2670, #367, .T. ) ;
#1772 = DIRECTION ( 'NONE',  ( 0.7071067811865469066, 0.7071067811865481278, 0.000000000000000000 ) ) ;
#1773 = ADVANCED_FACE ( 'NONE', ( #2088, #353, #1887, #1385, #2521, #596 ), #2743, .F. ) ;
#1774 = EDGE_CURVE ( 'NONE', #916, #2172, #2081, .T. ) ;
#1775 = ORIENTED_EDGE ( 'NONE', *, *, #481, .T. ) ;
#1776 = VERTEX_POINT ( 'NONE', #1200 ) ;
#1777 = DIRECTION ( 'NONE',  ( -0.7071067811865464625, -0.7071067811865486830, -2.023929239686235922E-16 ) ) ;
#1778 = EDGE_CURVE ( 'NONE', #470, #1780, #387, .T. ) ;
#1779 = ORIENTED_EDGE ( 'NONE', *, *, #846, .F. ) ;
#1780 = VERTEX_POINT ( 'NONE', #1863 ) ;
#1781 = B_SPLINE_CURVE_WITH_KNOTS ( 'NONE', 3,
 ( #601, #1202, #400, #2064, #1891, #148, #1866, #1848, #831, #1248, #2720, #1632, #190, #2512, #2692, #1657, #2285, #1213 ),
 .UNSPECIFIED., .F., .F.,
 ( 4, 2, 2, 2, 2, 2, 2, 2, 4 ),
 ( 0.001644927662862457219, 0.002353250002483577453, 0.003061572342104697687, 0.003769894681725817921, 0.004478217021346937721, 0.005186539360968057955, 0.005894861700589178188, 0.006603184040210298422, 0.007311506379831418656 ),
 .UNSPECIFIED. ) ;
#1782 = B_SPLINE_CURVE_WITH_KNOTS ( 'NONE', 3,
 ( #1106, #2581, #530, #1965, #725, #308, #1155, #945, #2657, #2026, #1814, #758, #1594, #2467, #795, #1639, #1221, #1001, #1433, #1034, #376, #1408, #2518, #152, #1650, #582, #2506, #2303, #2291, #1419, #2083, #169, #2279, #1018 ),
 .UNSPECIFIED., .F., .F.,
 ( 4, 2, 2, 2, 2, 2, 2, 2, 2, 2, 2, 2, 2, 2, 2, 2, 4 ),
 ( 0.01513514176540483799, 0.01575955390766039382, 0.01638396604991594965, 0.01700837819217150201, 0.01763279033442705437, 0.01825720247668260673, 0.01888161461893815563, 0.02013043890344925341, 0.02075485104570480577, 0.02137926318796035813, 0.02200367533021591049, 0.02231588140134368667, 0.02262808747247145938, 0.02325249961472700827, 0.02387691175698256063, 0.02450132389923810605, 0.02512573604149365841 ),
 .UNSPECIFIED. ) ;
#1783 = DIRECTION ( 'NONE',  ( -0.7071067811865472397, 0.7071067811865479058, 0.000000000000000000 ) ) ;
#1784 = FACE_OUTER_BOUND ( 'NONE', #234, .T. ) ;
#1785 = CYLINDRICAL_SURFACE ( 'NONE', #1517, 1.600000000000000755 ) ;
#1786 = FACE_OUTER_BOUND ( 'NONE', #1118, .T. ) ;
#1787 = ORIENTED_EDGE ( 'NONE', *, *, #671, .T. ) ;
#1788 = EDGE_LOOP ( 'NONE', ( #1100, #1513 ) ) ;
#1789 = LINE ( 'NONE', #2271, #1103 ) ;
#1790 = CARTESIAN_POINT ( 'NONE',  ( 38.98528137423861750, 22.50000000000006040, -18.00000000000003908 ) ) ;
#1791 =( BOUNDED_CURVE ( )  B_SPLINE_CURVE ( 3, ( #2409, #241, #2378, #2367 ),
 .UNSPECIFIED., .F., .T. ) 
 B_SPLINE_CURVE_WITH_KNOTS ( ( 4, 4 ),
 ( 4.712388980384689674, 6.283185307179584456 ),
 .UNSPECIFIED. ) 
 CURVE ( )  GEOMETRIC_REPRESENTATION_ITEM ( )  RATIONAL_B_SPLINE_CURVE ( ( 1.000000000000000000, 0.8047378541243649375, 0.8047378541243649375, 1.000000000000000000 ) ) 
 REPRESENTATION_ITEM ( '' )  );
#1792 = EDGE_LOOP ( 'NONE', ( #1585, #1566, #1876, #1983, #302, #1654, #2565, #803 ) ) ;
#1793 = EDGE_CURVE ( 'NONE', #957, #1284, #1356, .T. ) ;
#1794 = EDGE_LOOP ( 'NONE', ( #2355, #2685, #457, #1177 ) ) ;
#1795 = CARTESIAN_POINT ( 'NONE',  ( 1.898800369577046565, 17.50000000000000000, 7.232603590704124841 ) ) ;
#1796 = LINE ( 'NONE', #1360, #1272 ) ;
#1797 = AXIS2_PLACEMENT_3D ( 'NONE', #362, #140, #1841 ) ;
#1798 = DIRECTION ( 'NONE',  ( 1.000000000000000000, 0.000000000000000000, 0.000000000000000000 ) ) ;
#1799 = CARTESIAN_POINT ( 'NONE',  ( 9.999999999999991118, -13.00000000000000000, 5.000000000000000000 ) ) ;
#1800 = VECTOR ( 'NONE', #2039, 1000.000000000000000 ) ;
#1801 = VERTEX_POINT ( 'NONE', #146 ) ;
#1802 = CARTESIAN_POINT ( 'NONE',  ( -14.60000000000000675, -13.00000000000000000, 10.10628645568517214 ) ) ;
#1803 = ORIENTED_EDGE ( 'NONE', *, *, #12, .F. ) ;
#1804 = CARTESIAN_POINT ( 'NONE',  ( 27.50000000000000711, -6.742640687119289211, -23.00000000000004263 ) ) ;
#1805 = VECTOR ( 'NONE', #702, 1000.000000000000000 ) ;
#1806 = VECTOR ( 'NONE', #1682, 999.9999999999998863 ) ;
#1807 = CARTESIAN_POINT ( 'NONE',  ( -14.60000000000000675, -13.00000000000000000, 0.000000000000000000 ) ) ;
#1808 = ORIENTED_EDGE ( 'NONE', *, *, #1509, .T. ) ;
#1809 = CARTESIAN_POINT ( 'NONE',  ( 14.73423733901917210, 10.54447003305550368, 7.465984403695234306 ) ) ;
#1810 = ORIENTED_EDGE ( 'NONE', *, *, #1575, .T. ) ;
#1811 = VECTOR ( 'NONE', #395, 999.9999999999998863 ) ;
#1812 = EDGE_CURVE ( 'NONE', #2151, #312, #517, .T. ) ;
#1813 = CIRCLE ( 'NONE', #1442, 1.600000000000000755 ) ;
#1814 = CARTESIAN_POINT ( 'NONE',  ( -14.73139336523538745, 10.54240280177229749, 7.464650756453835356 ) ) ;
#1815 = CIRCLE ( 'NONE', #1236, 1.600000000000000755 ) ;
#1816 = DIRECTION ( 'NONE',  ( 1.000000000000000000, 0.000000000000000000, 0.000000000000000000 ) ) ;
#1817 = EDGE_CURVE ( 'NONE', #2733, #643, #1628, .T. ) ;
#1818 = DIRECTION ( 'NONE',  ( 3.413144305457568632E-32, -1.000000000000000000, -1.967543734044216016E-16 ) ) ;
#1819 = ADVANCED_FACE ( 'NONE', ( #866 ), #1457, .F. ) ;
#1820 = ORIENTED_EDGE ( 'NONE', *, *, #1362, .T. ) ;
#1821 = CARTESIAN_POINT ( 'NONE',  ( 38.98528137423861750, 22.50000000000006040, -16.00000000000003908 ) ) ;
#1822 = ORIENTED_EDGE ( 'NONE', *, *, #121, .F. ) ;
#1823 = FACE_OUTER_BOUND ( 'NONE', #286, .T. ) ;
#1824 = CARTESIAN_POINT ( 'NONE',  ( 37.85530313790588508, 17.49999999999999645, -6.000000000000033751 ) ) ;
#1825 = VERTEX_POINT ( 'NONE', #1259 ) ;
#1826 = CARTESIAN_POINT ( 'NONE',  ( 10.00000000000079403, 12.81725549037622613, 6.444325185084957219 ) ) ;
#1827 = ORIENTED_EDGE ( 'NONE', *, *, #1393, .F. ) ;
#1828 = DIRECTION ( 'NONE',  ( 1.000000000000000000, 0.000000000000000000, 0.000000000000000000 ) ) ;
#1829 = CARTESIAN_POINT ( 'NONE',  ( 37.22792206135789428, 14.50000000000004619, -23.00000000000003908 ) ) ;
#1830 = DIRECTION ( 'NONE',  ( 1.000000000000000000, 0.000000000000000000, 0.000000000000000000 ) ) ;
#1831 = CARTESIAN_POINT ( 'NONE',  ( -10.36649309390810814, -11.54849772967532573, 5.826421535444303856 ) ) ;
#1832 = EDGE_CURVE ( 'NONE', #2239, #2571, #1904, .T. ) ;
#1833 = FACE_OUTER_BOUND ( 'NONE', #1604, .T. ) ;
#1834 = CARTESIAN_POINT ( 'NONE',  ( -19.50000000000000711, 3.000000000000009770, -63.85498646149545721 ) ) ;
#1835 = ORIENTED_EDGE ( 'NONE', *, *, #1600, .F. ) ;
#1836 = CARTESIAN_POINT ( 'NONE',  ( -15.91775920689707213, -13.69762540848753929, 8.000000000000000000 ) ) ;
#1837 = DIRECTION ( 'NONE',  ( -1.875376730785737226E-16, 1.000000000000000000, -0.000000000000000000 ) ) ;
#1838 = CARTESIAN_POINT ( 'NONE',  ( -27.50000000000001066, 17.50000000000000000, -26.00000000000004263 ) ) ;
#1839 = VERTEX_POINT ( 'NONE', #2537 ) ;
#1840 = ORIENTED_EDGE ( 'NONE', *, *, #1850, .T. ) ;
#1841 = DIRECTION ( 'NONE',  ( 1.000000000000000000, 0.000000000000000000, -0.000000000000000000 ) ) ;
#1842 = CYLINDRICAL_SURFACE ( 'NONE', #2611, 2.999999999999999112 ) ;
#1843 = FACE_OUTER_BOUND ( 'NONE', #827, .T. ) ;
#1844 = EDGE_CURVE ( 'NONE', #2119, #1391, #50, .T. ) ;
#1845 = DIRECTION ( 'NONE',  ( 0.000000000000000000, 0.000000000000000000, -1.000000000000000000 ) ) ;
#1846 = VERTEX_POINT ( 'NONE', #21 ) ;
#1847 = VECTOR ( 'NONE', #92, 1000.000000000000000 ) ;
#1848 = CARTESIAN_POINT ( 'NONE',  ( -11.42165302739112143, -15.56191505228312444, 7.820910543047508767 ) ) ;
#1849 = CARTESIAN_POINT ( 'NONE',  ( -16.00000000000000711, 12.99999999999999112, 7.990755995505600673 ) ) ;
#1850 = EDGE_CURVE ( 'NONE', #1941, #84, #652, .T. ) ;
#1851 = CARTESIAN_POINT ( 'NONE',  ( -38.98528137423858908, 22.50000000000006040, -16.00000000000003908 ) ) ;
#1852 = VECTOR ( 'NONE', #620, 1000.000000000000000 ) ;
#1853 = CIRCLE ( 'NONE', #2218, 3.000000000000000888 ) ;
#1854 = CARTESIAN_POINT ( 'NONE',  ( 10.13621666906008301, 12.08549103047546325, 6.057093004800829128 ) ) ;
#1855 = ORIENTED_EDGE ( 'NONE', *, *, #613, .F. ) ;
#1856 = CIRCLE ( 'NONE', #1946, 1.600000000000000755 ) ;
#1857 = AXIS2_PLACEMENT_3D ( 'NONE', #2248, #2442, #2005 ) ;
#1858 = LINE ( 'NONE', #2319, #1668 ) ;
#1859 = DIRECTION ( 'NONE',  ( -1.000000000000000000, 2.654652944323094449E-32, -1.349221823327174429E-16 ) ) ;
#1860 = CARTESIAN_POINT ( 'NONE',  ( 55.98528137423861750, 22.50000000000004263, -6.000000000000029310 ) ) ;
#1861 = VECTOR ( 'NONE', #900, 1000.000000000000000 ) ;
#1862 = AXIS2_PLACEMENT_3D ( 'NONE', #1078, #1523, #645 ) ;
#1863 = CARTESIAN_POINT ( 'NONE',  ( -19.50000000000000711, 6.000000000000001776, -26.00000000000004619 ) ) ;
#1864 = LINE ( 'NONE', #798, #2568 ) ;
#1865 = VERTEX_POINT ( 'NONE', #2147 ) ;
#1866 = CARTESIAN_POINT ( 'NONE',  ( -11.83732302879377229, -15.77538648870480742, 7.900209933170412313 ) ) ;
#1867 = CARTESIAN_POINT ( 'NONE',  ( -15.94498533391765882, 13.58375443731019061, 7.999999999999998224 ) ) ;
#1868 = DIRECTION ( 'NONE',  ( 1.349221823327174429E-16, 1.967543734044216262E-16, -1.000000000000000000 ) ) ;
#1869 = DIRECTION ( 'NONE',  ( -0.000000000000000000, -0.000000000000000000, 1.000000000000000000 ) ) ;
#1870 = ORIENTED_EDGE ( 'NONE', *, *, #1901, .T. ) ;
#1871 = EDGE_CURVE ( 'NONE', #1051, #1541, #420, .T. ) ;
#1872 = DIRECTION ( 'NONE',  ( 0.000000000000000000, -0.000000000000000000, -1.000000000000000000 ) ) ;
#1873 = CYLINDRICAL_SURFACE ( 'NONE', #1276, 2.000000000000001776 ) ;
#1874 = DIRECTION ( 'NONE',  ( 1.000000000000000000, -8.786684129385966815E-17, 1.349221823327174182E-16 ) ) ;
#1875 = DIRECTION ( 'NONE',  ( 1.000000000000000000, 0.000000000000000000, 0.000000000000000000 ) ) ;
#1876 = ORIENTED_EDGE ( 'NONE', *, *, #2701, .F. ) ;
#1877 = CARTESIAN_POINT ( 'NONE',  ( 15.99999999999999289, 12.99999999998332889, 7.990755995505095299 ) ) ;
#1878 = CARTESIAN_POINT ( 'NONE',  ( -16.00000000000001066, 13.11837025989228600, 7.994347431998824582 ) ) ;
#1879 = DIRECTION ( 'NONE',  ( 1.000000000000000000, 0.000000000000000000, 0.000000000000000000 ) ) ;
#1880 = EDGE_CURVE ( 'NONE', #2582, #1179, #1905, .T. ) ;
#1881 = PLANE ( 'NONE',  #2443 ) ;
#1882 = ORIENTED_EDGE ( 'NONE', *, *, #2275, .T. ) ;
#1883 = ORIENTED_EDGE ( 'NONE', *, *, #879, .T. ) ;
#1884 = B_SPLINE_CURVE_WITH_KNOTS ( 'NONE', 3,
 ( #1877, #1287, #1054, #1510, #1950, #1263 ),
 .UNSPECIFIED., .F., .F.,
 ( 4, 2, 4 ),
 ( 0.007480421682748553125, 0.007830369604728907793, 0.008180317526709262460 ),
 .UNSPECIFIED. ) ;
#1885 = CARTESIAN_POINT ( 'NONE',  ( 36.50000000000003553, 16.25735931288075520, -23.00000000000003553 ) ) ;
#1886 = DIRECTION ( 'NONE',  ( 1.000000000000000000, 0.000000000000000000, 0.000000000000000000 ) ) ;
#1887 = FACE_BOUND ( 'NONE', #2598, .T. ) ;
#1888 = EDGE_LOOP ( 'NONE', ( #998, #1592 ) ) ;
#1889 = CARTESIAN_POINT ( 'NONE',  ( 27.50000000000000355, 17.49999999999999645, 4.000000000000041744 ) ) ;
#1890 = ORIENTED_EDGE ( 'NONE', *, *, #943, .F. ) ;
#1891 = CARTESIAN_POINT ( 'NONE',  ( -12.51937055320021486, -15.97080528492531037, 7.970839631102731637 ) ) ;
#1892 = CARTESIAN_POINT ( 'NONE',  ( -13.00000000000000711, 13.00000000000000000, 5.000000000000000000 ) ) ;
#1893 = FACE_BOUND ( 'NONE', #551, .T. ) ;
#1894 = CIRCLE ( 'NONE', #1711, 2.000000000000001776 ) ;
#1895 = DIRECTION ( 'NONE',  ( -1.000000000000000000, 0.000000000000000000, 0.000000000000000000 ) ) ;
#1896 = EDGE_LOOP ( 'NONE', ( #2241, #2547, #2580, #522 ) ) ;
#1897 = AXIS2_PLACEMENT_3D ( 'NONE', #2045, #2182, #961 ) ;
#1898 = DIRECTION ( 'NONE',  ( -0.7071067811865486830, 0.7071067811865464625, -5.916456789157589416E-31 ) ) ;
#1899 = VECTOR ( 'NONE', #1169, 1000.000000000000000 ) ;
#1900 = CARTESIAN_POINT ( 'NONE',  ( 55.98528137423861040, 22.50000000000003908, 25.51609221829271235 ) ) ;
#1901 = EDGE_CURVE ( 'NONE', #580, #2239, #641, .T. ) ;
#1902 = CIRCLE ( 'NONE', #872, 1.600000000000000755 ) ;
#1903 = CARTESIAN_POINT ( 'NONE',  ( -4.859595533697728342, 17.50000000000000000, 7.477886719870332932 ) ) ;
#1904 = CIRCLE ( 'NONE', #1484, 2.999999999999999112 ) ;
#1905 = LINE ( 'NONE', #11, #743 ) ;
#1906 = VECTOR ( 'NONE', #626, 1000.000000000000000 ) ;
#1907 = ORIENTED_EDGE ( 'NONE', *, *, #34, .F. ) ;
#1908 = EDGE_LOOP ( 'NONE', ( #484, #705, #707, #2156 ) ) ;
#1909 = PLANE ( 'NONE',  #2359 ) ;
#1910 = ADVANCED_FACE ( 'NONE', ( #235 ), #659, .F. ) ;
#1911 = FACE_OUTER_BOUND ( 'NONE', #2340, .T. ) ;
#1912 = CIRCLE ( 'NONE', #2713, 1.600000000000000755 ) ;
#1913 = CARTESIAN_POINT ( 'NONE',  ( 14.59999999999999254, 13.00000000000000000, 0.000000000000000000 ) ) ;
#1914 = ORIENTED_EDGE ( 'NONE', *, *, #1880, .T. ) ;
#1915 = ORIENTED_EDGE ( 'NONE', *, *, #361, .T. ) ;
#1916 = EDGE_LOOP ( 'NONE', ( #399, #1808, #2465, #2225 ) ) ;
#1917 = CARTESIAN_POINT ( 'NONE',  ( -1.349221823327174231E-15, -5.137257334350773063E-16, -19.00000000000004974 ) ) ;
#1918 = ORIENTED_EDGE ( 'NONE', *, *, #34, .T. ) ;
#1919 = ADVANCED_FACE ( 'NONE', ( #252 ), #1269, .T. ) ;
#1920 = CARTESIAN_POINT ( 'NONE',  ( 38.98528137423861750, 22.50000000000006040, -16.00000000000003908 ) ) ;
#1921 = EDGE_LOOP ( 'NONE', ( #1692, #245 ) ) ;
#1922 = LINE ( 'NONE', #54, #1526 ) ;
#1923 = LINE ( 'NONE', #2186, #32 ) ;
#1924 = CARTESIAN_POINT ( 'NONE',  ( -27.50000000000000711, -6.742640687119279441, -23.00000000000004974 ) ) ;
#1925 = VERTEX_POINT ( 'NONE', #2133 ) ;
#1926 = CARTESIAN_POINT ( 'NONE',  ( 27.50000000000000711, -6.742640687119290099, -20.00000000000004619 ) ) ;
#1927 = ORIENTED_EDGE ( 'NONE', *, *, #2659, .T. ) ;
#1928 = CARTESIAN_POINT ( 'NONE',  ( -15.55398477550141401, -11.41301881741041768, 7.818064115341408105 ) ) ;
#1929 = DIRECTION ( 'NONE',  ( -1.349221823327174429E-16, -1.967543734044216016E-16, 1.000000000000000000 ) ) ;
#1930 = ORIENTED_EDGE ( 'NONE', *, *, #1871, .T. ) ;
#1931 = CARTESIAN_POINT ( 'NONE',  ( 38.10660171779824879, 15.37867965644039892, -20.00000000000003908 ) ) ;
#1932 = ORIENTED_EDGE ( 'NONE', *, *, #2761, .T. ) ;
#1933 = DIRECTION ( 'NONE',  ( 1.000000000000000000, 0.000000000000000000, -0.000000000000000000 ) ) ;
#1934 = DIRECTION ( 'NONE',  ( 0.000000000000000000, 0.000000000000000000, 1.000000000000000000 ) ) ;
#1935 = EDGE_CURVE ( 'NONE', #2667, #2189, #1670, .T. ) ;
#1936 = CARTESIAN_POINT ( 'NONE',  ( 9.999999999999086953, 13.20688459504337153, 6.661285200836664977 ) ) ;
#1937 = CARTESIAN_POINT ( 'NONE',  ( 12.99999999999999289, -13.00000000000000000, 10.10628645568517214 ) ) ;
#1938 = ORIENTED_EDGE ( 'NONE', *, *, #1163, .T. ) ;
#1939 = ADVANCED_FACE ( 'NONE', ( #213 ), #880, .F. ) ;
#1940 = VECTOR ( 'NONE', #1898, 999.9999999999998863 ) ;
#1941 = VERTEX_POINT ( 'NONE', #1671 ) ;
#1942 = AXIS2_PLACEMENT_3D ( 'NONE', #1396, #570, #1197 ) ;
#1943 = CARTESIAN_POINT ( 'NONE',  ( 38.98528137423861750, 22.50000000000006040, -14.00000000000003730 ) ) ;
#1944 = CARTESIAN_POINT ( 'NONE',  ( -22.50000000000000355, 14.50000000000000178, -26.00000000000004263 ) ) ;
#1945 = VECTOR ( 'NONE', #1010, 1000.000000000000000 ) ;
#1946 = AXIS2_PLACEMENT_3D ( 'NONE', #2534, #233, #1454 ) ;
#1947 = ORIENTED_EDGE ( 'NONE', *, *, #145, .F. ) ;
#1948 = AXIS2_PLACEMENT_3D ( 'NONE', #990, #1845, #788 ) ;
#1949 = ORIENTED_EDGE ( 'NONE', *, *, #2725, .T. ) ;
#1950 = CARTESIAN_POINT ( 'NONE',  ( 15.94514366817507245, 13.58309221768387509, 8.000000000000321521 ) ) ;
#1951 = CIRCLE ( 'NONE', #2759, 20.99999999999999645 ) ;
#1952 = CARTESIAN_POINT ( 'NONE',  ( 55.98528137423861750, 17.50000000000004619, -26.00000000000003197 ) ) ;
#1953 = EDGE_CURVE ( 'NONE', #1571, #2695, #1697, .T. ) ;
#1954 = CARTESIAN_POINT ( 'NONE',  ( 12.60417499751036985, -10.02043288250683162, 6.326672607595873465 ) ) ;
#1955 = EDGE_CURVE ( 'NONE', #1355, #1571, #295, .T. ) ;
#1956 = ORIENTED_EDGE ( 'NONE', *, *, #1424, .T. ) ;
#1957 = AXIS2_PLACEMENT_3D ( 'NONE', #2584, #2377, #1093 ) ;
#1958 = DIRECTION ( 'NONE',  ( 1.000000000000000000, -8.786684129385966815E-17, 1.349221823327174182E-16 ) ) ;
#1959 = ORIENTED_EDGE ( 'NONE', *, *, #314, .F. ) ;
#1960 = DIRECTION ( 'NONE',  ( -0.000000000000000000, -0.000000000000000000, -1.000000000000000000 ) ) ;
#1961 = EDGE_LOOP ( 'NONE', ( #1082, #81, #2329, #615 ) ) ;
#1962 = EDGE_CURVE ( 'NONE', #1498, #862, #37, .T. ) ;
#1963 = DIRECTION ( 'NONE',  ( 1.000000000000000000, -8.786684129385964350E-17, 0.000000000000000000 ) ) ;
#1964 = ORIENTED_EDGE ( 'NONE', *, *, #614, .F. ) ;
#1965 = CARTESIAN_POINT ( 'NONE',  ( -15.89173305929824842, 12.17468782111182612, 7.941205657534316842 ) ) ;
#1966 = DIRECTION ( 'NONE',  ( 0.000000000000000000, 0.000000000000000000, 1.000000000000000000 ) ) ;
#1967 = DIRECTION ( 'NONE',  ( -0.000000000000000000, -0.000000000000000000, 1.000000000000000000 ) ) ;
#1968 = CARTESIAN_POINT ( 'NONE',  ( 12.06053175995377025, 15.85879972110770098, 7.929366017037498438 ) ) ;
#1969 = CARTESIAN_POINT ( 'NONE',  ( 10.58887452284097286, -11.20331955713335681, 5.727532887029060937 ) ) ;
#1970 = ORIENTED_EDGE ( 'NONE', *, *, #2688, .T. ) ;
#1971 = DIRECTION ( 'NONE',  ( 1.000000000000000000, 1.421085471520200372E-14, 0.000000000000000000 ) ) ;
#1972 = EDGE_CURVE ( 'NONE', #2434, #2169, #462, .T. ) ;
#1973 = ORIENTED_EDGE ( 'NONE', *, *, #1684, .T. ) ;
#1974 = CARTESIAN_POINT ( 'NONE',  ( -10.71921521448864567, 14.96126762254260711, 7.571060770399855144 ) ) ;
#1975 = CARTESIAN_POINT ( 'NONE',  ( 4.807602611652747271, 17.50000000000000355, 7.472440256938161163 ) ) ;
#1976 = DIRECTION ( 'NONE',  ( 1.354360293642049904E-32, -1.000000000000000000, -1.003808469612657108E-16 ) ) ;
#1977 = ADVANCED_FACE ( 'NONE', ( #1050 ), #2762, .T. ) ;
#1978 = FACE_OUTER_BOUND ( 'NONE', #282, .T. ) ;
#1979 = DIRECTION ( 'NONE',  ( 1.000000000000000000, 0.000000000000000000, 0.000000000000000000 ) ) ;
#1980 = LINE ( 'NONE', #860, #608 ) ;
#1981 = ORIENTED_EDGE ( 'NONE', *, *, #2305, .F. ) ;
#1982 = CARTESIAN_POINT ( 'NONE',  ( -13.00000000000000711, -13.00000000000000000, 5.000000000000000000 ) ) ;
#1983 = ORIENTED_EDGE ( 'NONE', *, *, #2287, .T. ) ;
#1984 = DIRECTION ( 'NONE',  ( -0.000000000000000000, 1.000000000000000000, 1.967543734044216262E-16 ) ) ;
#1985 = ORIENTED_EDGE ( 'NONE', *, *, #1793, .T. ) ;
#1986 = LINE ( 'NONE', #2427, #33 ) ;
#1987 = CARTESIAN_POINT ( 'NONE',  ( 11.39999999999999147, 13.00000000000000000, 5.000000000000000000 ) ) ;
#1988 = AXIS2_PLACEMENT_3D ( 'NONE', #1851, #2752, #2313 ) ;
#1989 = EDGE_CURVE ( 'NONE', #1365, #2169, #2404, .T. ) ;
#1990 = AXIS2_PLACEMENT_3D ( 'NONE', #2139, #1077, #1933 ) ;
#1991 = CARTESIAN_POINT ( 'NONE',  ( -15.91775920689707213, 13.69762540848753929, 8.000000000000000000 ) ) ;
#1992 = ORIENTED_EDGE ( 'NONE', *, *, #893, .F. ) ;
#1993 = CIRCLE ( 'NONE', #1440, 1.600000000000000755 ) ;
#1994 = DIRECTION ( 'NONE',  ( -0.7071067811865484609, 0.7071067811865465735, -0.000000000000000000 ) ) ;
#1995 = EDGE_CURVE ( 'NONE', #2075, #2683, #1372, .T. ) ;
#1996 = ORIENTED_EDGE ( 'NONE', *, *, #657, .F. ) ;
#1997 = FACE_OUTER_BOUND ( 'NONE', #89, .T. ) ;
#1998 = VECTOR ( 'NONE', #1223, 999.9999999999998863 ) ;
#1999 = FACE_OUTER_BOUND ( 'NONE', #1286, .T. ) ;
#2000 = ORIENTED_EDGE ( 'NONE', *, *, #2092, .T. ) ;
#2001 = ORIENTED_EDGE ( 'NONE', *, *, #2738, .T. ) ;
#2002 = DIRECTION ( 'NONE',  ( 1.249000902703300615E-16, 1.000000000000000000, 1.967543734044216262E-16 ) ) ;
#2003 = ADVANCED_FACE ( 'NONE', ( #1784 ), #2438, .T. ) ;
#2004 = CARTESIAN_POINT ( 'NONE',  ( -38.98528137423858908, 22.50000000000006040, -14.00000000000003730 ) ) ;
#2005 = DIRECTION ( 'NONE',  ( 0.000000000000000000, -0.000000000000000000, 1.000000000000000000 ) ) ;
#2006 = ORIENTED_EDGE ( 'NONE', *, *, #2373, .F. ) ;
#2007 = CARTESIAN_POINT ( 'NONE',  ( 13.33581941261147996, -10.01318065616359831, 6.733735587579716686 ) ) ;
#2008 = ORIENTED_EDGE ( 'NONE', *, *, #351, .T. ) ;
#2009 = CARTESIAN_POINT ( 'NONE',  ( 19.50000000000001066, 14.49999999999999822, 0.000000000000000000 ) ) ;
#2010 = CARTESIAN_POINT ( 'NONE',  ( -38.98528137423858908, 17.49999999999999645, -14.00000000000003730 ) ) ;
#2011 = ORIENTED_EDGE ( 'NONE', *, *, #632, .T. ) ;
#2012 = CARTESIAN_POINT ( 'NONE',  ( -10.45713830717738801, 14.60698610330932823, 7.405394944562359250 ) ) ;
#2013 = ORIENTED_EDGE ( 'NONE', *, *, #972, .T. ) ;
#2014 = CYLINDRICAL_SURFACE ( 'NONE', #383, 1.600000000000000755 ) ;
#2015 = LINE ( 'NONE', #278, #78 ) ;
#2016 = LINE ( 'NONE', #2660, #825 ) ;
#2017 = CARTESIAN_POINT ( 'NONE',  ( 50.98528137423861750, 22.50000000000006040, -16.00000000000003908 ) ) ;
#2018 = CARTESIAN_POINT ( 'NONE',  ( -27.50000000000000711, -22.50000000000000355, -26.00000000000004263 ) ) ;
#2019 = EDGE_LOOP ( 'NONE', ( #1031, #106, #1573, #869, #1648 ) ) ;
#2020 = EDGE_CURVE ( 'NONE', #1587, #623, #1739, .T. ) ;
#2021 = DIRECTION ( 'NONE',  ( 0.7071067811865470176, -0.7071067811865481278, -4.372196160242447505E-17 ) ) ;
#2022 = DIRECTION ( 'NONE',  ( -9.376883653928686131E-17, -1.000000000000000000, -1.967543734044216262E-16 ) ) ;
#2023 = VERTEX_POINT ( 'NONE', #716 ) ;
#2024 = VERTEX_POINT ( 'NONE', #320 ) ;
#2025 = CARTESIAN_POINT ( 'NONE',  ( 10.45934877707222377, -14.61049319032329663, 7.407091886834352046 ) ) ;
#2026 = CARTESIAN_POINT ( 'NONE',  ( -14.89053834327389048, 10.66220555978611984, 7.538533992223944935 ) ) ;
#2027 = CARTESIAN_POINT ( 'NONE',  ( -19.50000000000000711, 9.372078154086257059E-16, -19.00000000000004974 ) ) ;
#2028 = AXIS2_PLACEMENT_3D ( 'NONE', #1036, #2071, #1020 ) ;
#2029 = CARTESIAN_POINT ( 'NONE',  ( 37.22792206135789428, 14.50000000000004619, -23.00000000000003908 ) ) ;
#2030 = DIRECTION ( 'NONE',  ( 1.349221823327174429E-16, 1.967543734044215769E-16, -1.000000000000000000 ) ) ;
#2031 = VECTOR ( 'NONE', #255, 1000.000000000000000 ) ;
#2032 = ORIENTED_EDGE ( 'NONE', *, *, #2569, .F. ) ;
#2033 = CLOSED_SHELL ( 'NONE', ( #497, #1065, #538, #1738, #1544, #649, #1028, #2115, #1045, #1037, #529, #293, #2744, #2095, #156, #292, #821, #1437, #1919, #418, #1506, #1773, #1033, #298, #2455, #902, #1910, #448, #1256, #1062, #2336, #2517, #2073, #1582, #1450, #1092, #1630, #182, #10, #2059, #595, #1520, #2166, #2501, #332, #2407, #347, #688, #2184, #699, #2110, #326, #2706, #1494, #759, #1378, #2234, #2621, #2587, #581, #2539, #108, #703, #2471, #2347, #2003, #927, #1524, #1819, #1939, #760, #211, #1977, #51, #2493 ) ) ;
#2034 = CARTESIAN_POINT ( 'NONE',  ( -38.98528137423858908, 22.50000000000006040, -16.00000000000003908 ) ) ;
#2035 = EDGE_LOOP ( 'NONE', ( #2415, #1072, #2374, #985 ) ) ;
#2036 = LINE ( 'NONE', #91, #1012 ) ;
#2037 = AXIS2_PLACEMENT_3D ( 'NONE', #2017, #503, #115 ) ;
#2038 = VECTOR ( 'NONE', #2561, 1000.000000000000000 ) ;
#2039 = DIRECTION ( 'NONE',  ( -0.7193398003386551887, -1.366770724097957462E-16, 0.6946583704589930353 ) ) ;
#2040 = ORIENTED_EDGE ( 'NONE', *, *, #2718, .T. ) ;
#2041 = ORIENTED_EDGE ( 'NONE', *, *, #1575, .F. ) ;
#2042 = AXIS2_PLACEMENT_3D ( 'NONE', #1944, #2339, #1104 ) ;
#2043 = CIRCLE ( 'NONE', #697, 2.999999999999999112 ) ;
#2044 = CARTESIAN_POINT ( 'NONE',  ( 11.39999999999999147, -13.00000000000000000, 0.000000000000000000 ) ) ;
#2045 = CARTESIAN_POINT ( 'NONE',  ( 0.000000000000000000, 0.000000000000000000, 0.000000000000000000 ) ) ;
#2046 = FACE_OUTER_BOUND ( 'NONE', #410, .T. ) ;
#2047 = PLANE ( 'NONE',  #598 ) ;
#2048 = CARTESIAN_POINT ( 'NONE',  ( -27.50000000000000711, -22.50000000000000355, 8.000000000000000000 ) ) ;
#2049 = LINE ( 'NONE', #1834, #740 ) ;
#2050 = ORIENTED_EDGE ( 'NONE', *, *, #1149, .F. ) ;
#2051 = DIRECTION ( 'NONE',  ( 3.413144305457568632E-32, -1.000000000000000000, -1.967543734044216016E-16 ) ) ;
#2052 = DIRECTION ( 'NONE',  ( 0.000000000000000000, 0.000000000000000000, 1.000000000000000000 ) ) ;
#2053 = ORIENTED_EDGE ( 'NONE', *, *, #2369, .T. ) ;
#2054 = LINE ( 'NONE', #2491, #110 ) ;
#2055 = VERTEX_POINT ( 'NONE', #1546 ) ;
#2056 = EDGE_CURVE ( 'NONE', #460, #183, #1796, .T. ) ;
#2057 = FACE_OUTER_BOUND ( 'NONE', #1466, .T. ) ;
#2058 = CARTESIAN_POINT ( 'NONE',  ( -35.50000000000007816, 22.50000000000004619, -3.725510198456555511 ) ) ;
#2059 = ADVANCED_FACE ( 'NONE', ( #920 ), #894, .F. ) ;
#2060 = CARTESIAN_POINT ( 'NONE',  ( -12.24314744878328476, -10.09110987026599560, 6.136560891913774185 ) ) ;
#2061 = DIRECTION ( 'NONE',  ( 0.000000000000000000, -1.000000000000000000, -1.156482317317871331E-15 ) ) ;
#2062 = EDGE_CURVE ( 'NONE', #606, #2172, #1345, .T. ) ;
#2063 = EDGE_LOOP ( 'NONE', ( #769, #1689, #1644, #174 ) ) ;
#2064 = CARTESIAN_POINT ( 'NONE',  ( -12.75491945078777789, -15.99929470963253486, 7.983190662534962456 ) ) ;
#2065 = CARTESIAN_POINT ( 'NONE',  ( 19.50000000000001066, 14.50000000000000533, -26.00000000000003553 ) ) ;
#2066 = LINE ( 'NONE', #778, #71 ) ;
#2067 = ORIENTED_EDGE ( 'NONE', *, *, #279, .T. ) ;
#2068 = CARTESIAN_POINT ( 'NONE',  ( -30.50000000000000711, 17.50000000000000711, -20.00000000000004619 ) ) ;
#2069 = DIRECTION ( 'NONE',  ( -0.000000000000000000, -0.000000000000000000, -1.000000000000000000 ) ) ;
#2070 = EDGE_CURVE ( 'NONE', #635, #288, #74, .T. ) ;
#2071 = DIRECTION ( 'NONE',  ( 3.413144305457568632E-32, -1.000000000000000000, -1.967543734044216016E-16 ) ) ;
#2072 = DIRECTION ( 'NONE',  ( -1.000000000000000000, 8.786684129385966815E-17, -1.349221823327174182E-16 ) ) ;
#2073 = ADVANCED_FACE ( 'NONE', ( #1335, #2204, #2604 ), #309, .T. ) ;
#2074 = CARTESIAN_POINT ( 'NONE',  ( 30.50000000000000711, 17.49999999999999645, 1.102933675578845030 ) ) ;
#2075 = VERTEX_POINT ( 'NONE', #946 ) ;
#2076 = DIRECTION ( 'NONE',  ( 3.413144305457568632E-32, -1.000000000000000000, -1.967543734044216016E-16 ) ) ;
#2077 = CARTESIAN_POINT ( 'NONE',  ( -19.50000000000000711, -2.999999999999996891, -23.00000000000004974 ) ) ;
#2078 = CARTESIAN_POINT ( 'NONE',  ( 14.59999999999999254, -13.00000000000000000, 5.000000000000000000 ) ) ;
#2079 = VERTEX_POINT ( 'NONE', #2456 ) ;
#2080 = VECTOR ( 'NONE', #1204, 1000.000000000000000 ) ;
#2081 = CIRCLE ( 'NONE', #2277, 8.000000000000000000 ) ;
#2082 = DIRECTION ( 'NONE',  ( -1.000000000000000000, 0.000000000000000000, 0.000000000000000000 ) ) ;
#2083 = CARTESIAN_POINT ( 'NONE',  ( -10.08397145824010899, 12.27137415582108027, 6.150996369066830560 ) ) ;
#2084 = DIRECTION ( 'NONE',  ( 0.000000000000000000, 0.000000000000000000, -1.000000000000000000 ) ) ;
#2085 = CIRCLE ( 'NONE', #1576, 2.999999999999999112 ) ;
#2086 = DIRECTION ( 'NONE',  ( 3.413144305457568632E-32, -1.000000000000000000, -1.967543734044216016E-16 ) ) ;
#2087 = AXIS2_PLACEMENT_3D ( 'NONE', #1162, #1617, #2448 ) ;
#2088 = FACE_BOUND ( 'NONE', #440, .T. ) ;
#2089 = ORIENTED_EDGE ( 'NONE', *, *, #1439, .F. ) ;
#2090 = DIRECTION ( 'NONE',  ( 0.000000000000000000, 0.000000000000000000, 1.000000000000000000 ) ) ;
#2091 = DIRECTION ( 'NONE',  ( -0.000000000000000000, -0.000000000000000000, -1.000000000000000000 ) ) ;
#2092 = EDGE_CURVE ( 'NONE', #862, #323, #2400, .T. ) ;
#2093 = DIRECTION ( 'NONE',  ( -0.000000000000000000, 0.000000000000000000, 1.000000000000000000 ) ) ;
#2094 = ORIENTED_EDGE ( 'NONE', *, *, #433, .T. ) ;
#2095 = ADVANCED_FACE ( 'NONE', ( #294 ), #1518, .F. ) ;
#2096 = B_SPLINE_CURVE_WITH_KNOTS ( 'NONE', 3,
 ( #624, #417, #915, #2640, #1331, #510, #2012, #1974, #1556, #94, #693, #1542, #499, #306, #1166, #2613, #2651, #1532 ),
 .UNSPECIFIED., .F., .F.,
 ( 4, 2, 2, 2, 2, 2, 2, 2, 4 ),
 ( 0.005480533948255162865, 0.006189429602878273110, 0.006898325257501383354, 0.007607220912124493598, 0.008316116566747603842, 0.009025012221370714086, 0.009733907875993820860, 0.01044280353061692937, 0.01115169918524003614 ),
 .UNSPECIFIED. ) ;
#2097 = EDGE_LOOP ( 'NONE', ( #2375, #2553, #408, #754 ) ) ;
#2098 = DIRECTION ( 'NONE',  ( -0.000000000000000000, -0.000000000000000000, -1.000000000000000000 ) ) ;
#2099 = DIRECTION ( 'NONE',  ( 3.413144305457568632E-32, -1.000000000000000000, -1.967543734044216016E-16 ) ) ;
#2100 = DIRECTION ( 'NONE',  ( 1.349221823327174429E-16, 0.000000000000000000, -1.000000000000000000 ) ) ;
#2101 = DIRECTION ( 'NONE',  ( 0.000000000000000000, 1.000000000000000000, 0.000000000000000000 ) ) ;
#2102 = CARTESIAN_POINT ( 'NONE',  ( -22.50000000000000355, 17.50000000000000000, 0.000000000000000000 ) ) ;
#2103 = ORIENTED_EDGE ( 'NONE', *, *, #2508, .F. ) ;
#2104 = CARTESIAN_POINT ( 'NONE',  ( -16.00000000000000711, -12.99999999997970157, 7.990755995504986053 ) ) ;
#2105 = EDGE_CURVE ( 'NONE', #635, #590, #2015, .T. ) ;
#2106 = ORIENTED_EDGE ( 'NONE', *, *, #1373, .F. ) ;
#2107 = CARTESIAN_POINT ( 'NONE',  ( 12.99999999999999289, 13.00000000000000000, 5.000000000000000000 ) ) ;
#2108 = CYLINDRICAL_SURFACE ( 'NONE', #300, 2.999999999999999112 ) ;
#2109 = CARTESIAN_POINT ( 'NONE',  ( 13.69762540848755350, -15.91775920689705792, 8.000000000000000000 ) ) ;
#2110 = ADVANCED_FACE ( 'NONE', ( #2658 ), #742, .F. ) ;
#2111 = LINE ( 'NONE', #1337, #2171 ) ;
#2112 = ORIENTED_EDGE ( 'NONE', *, *, #709, .F. ) ;
#2113 = LINE ( 'NONE', #2462, #1678 ) ;
#2114 = LINE ( 'NONE', #1943, #819 ) ;
#2115 = ADVANCED_FACE ( 'NONE', ( #2619 ), #1322, .F. ) ;
#2116 = CARTESIAN_POINT ( 'NONE',  ( -35.98528137423858908, 17.49999999999999289, 25.51609221829270169 ) ) ;
#2117 = ORIENTED_EDGE ( 'NONE', *, *, #1196, .T. ) ;
#2118 = CYLINDRICAL_SURFACE ( 'NONE', #467, 3.000000000000000000 ) ;
#2119 = VERTEX_POINT ( 'NONE', #1127 ) ;
#2120 = FACE_BOUND ( 'NONE', #103, .T. ) ;
#2121 = LINE ( 'NONE', #1235, #966 ) ;
#2122 = DIRECTION ( 'NONE',  ( 0.000000000000000000, 0.000000000000000000, 1.000000000000000000 ) ) ;
#2123 = VECTOR ( 'NONE', #1875, 1000.000000000000000 ) ;
#2124 = VERTEX_POINT ( 'NONE', #1987 ) ;
#2125 = EDGE_CURVE ( 'NONE', #2628, #1839, #933, .T. ) ;
#2126 = EDGE_CURVE ( 'NONE', #1555, #181, #2321, .T. ) ;
#2127 = DIRECTION ( 'NONE',  ( -1.000000000000000000, 8.786684129385964350E-17, -0.000000000000000000 ) ) ;
#2128 = ORIENTED_EDGE ( 'NONE', *, *, #1652, .T. ) ;
#2129 = VECTOR ( 'NONE', #859, 1000.000000000000114 ) ;
#2130 = AXIS2_PLACEMENT_3D ( 'NONE', #672, #1105, #1306 ) ;
#2131 = CARTESIAN_POINT ( 'NONE',  ( -3.896392965663875607, 17.50000000000000000, 7.378399263334602942 ) ) ;
#2132 = AXIS2_PLACEMENT_3D ( 'NONE', #1184, #2479, #761 ) ;
#2133 = CARTESIAN_POINT ( 'NONE',  ( 27.50000000000000000, 17.50000000000000000, 8.000000000000000000 ) ) ;
#2134 = EDGE_CURVE ( 'NONE', #139, #2453, #2676, .T. ) ;
#2135 = VECTOR ( 'NONE', #153, 1000.000000000000000 ) ;
#2136 = DIRECTION ( 'NONE',  ( 0.7071067811865483499, -0.7071067811865465735, 0.000000000000000000 ) ) ;
#2137 = DIRECTION ( 'NONE',  ( -1.000000000000000000, 0.000000000000000000, -1.349221823327174429E-16 ) ) ;
#2138 = ORIENTED_EDGE ( 'NONE', *, *, #1492, .F. ) ;
#2139 = CARTESIAN_POINT ( 'NONE',  ( 12.99999999999999289, -13.00000000000000000, 5.000000000000000000 ) ) ;
#2140 = CARTESIAN_POINT ( 'NONE',  ( 19.50000000000000711, -22.50000000000000355, 0.000000000000000000 ) ) ;
#2141 = LINE ( 'NONE', #1924, #2745 ) ;
#2142 = ORIENTED_EDGE ( 'NONE', *, *, #396, .T. ) ;
#2143 = ORIENTED_EDGE ( 'NONE', *, *, #2287, .F. ) ;
#2144 = LINE ( 'NONE', #1664, #1173 ) ;
#2145 = EDGE_CURVE ( 'NONE', #183, #2157, #1399, .T. ) ;
#2146 = CARTESIAN_POINT ( 'NONE',  ( -22.50000000000000355, 14.50000000000000178, -63.85498646149545721 ) ) ;
#2147 = CARTESIAN_POINT ( 'NONE',  ( -11.60818676624389489, 17.50000000000000000, 8.000000000000000000 ) ) ;
#2148 = DIRECTION ( 'NONE',  ( -0.000000000000000000, 0.000000000000000000, -1.000000000000000000 ) ) ;
#2149 = CARTESIAN_POINT ( 'NONE',  ( 22.50000000000001066, 17.50000000000000000, 0.000000000000000000 ) ) ;
#2150 = EDGE_CURVE ( 'NONE', #2157, #183, #1766, .T. ) ;
#2151 = VERTEX_POINT ( 'NONE', #335 ) ;
#2152 = FACE_OUTER_BOUND ( 'NONE', #52, .T. ) ;
#2153 = CARTESIAN_POINT ( 'NONE',  ( 11.83605671182487384, 15.77487846571636432, 7.900029533968067064 ) ) ;
#2154 = FACE_OUTER_BOUND ( 'NONE', #1908, .T. ) ;
#2155 = ORIENTED_EDGE ( 'NONE', *, *, #127, .F. ) ;
#2156 = ORIENTED_EDGE ( 'NONE', *, *, #2725, .F. ) ;
#2157 = VERTEX_POINT ( 'NONE', #987 ) ;
#2158 = LINE ( 'NONE', #49, #1569 ) ;
#2159 = DIRECTION ( 'NONE',  ( -8.786684129385964350E-17, -1.000000000000000000, 0.000000000000000000 ) ) ;
#2160 = EDGE_CURVE ( 'NONE', #1284, #957, #2669, .T. ) ;
#2161 = EDGE_LOOP ( 'NONE', ( #1637, #2420, #254, #724 ) ) ;
#2162 = ORIENTED_EDGE ( 'NONE', *, *, #2659, .F. ) ;
#2163 = CARTESIAN_POINT ( 'NONE',  ( -19.50000000000001066, -19.50000000000000355, 0.000000000000000000 ) ) ;
#2164 = DIRECTION ( 'NONE',  ( 9.376883653928686131E-17, 1.000000000000000000, 0.000000000000000000 ) ) ;
#2165 = UNCERTAINTY_MEASURE_WITH_UNIT (LENGTH_MEASURE( 1.000000000000000082E-05 ), #2450, 'distance_accuracy_value', 'NONE');
#2166 = ADVANCED_FACE ( 'NONE', ( #1843 ), #1595, .T. ) ;
#2167 = DIRECTION ( 'NONE',  ( -1.000000000000000000, 9.189829725788341711E-33, -2.201794655477298988E-16 ) ) ;
#2168 = CARTESIAN_POINT ( 'NONE',  ( 11.69888118381677344, -10.28986531075872080, 5.884779315276301048 ) ) ;
#2169 = VERTEX_POINT ( 'NONE', #1651 ) ;
#2170 = DIRECTION ( 'NONE',  ( 1.000000000000000000, 0.000000000000000000, 1.349221823327174429E-16 ) ) ;
#2171 = VECTOR ( 'NONE', #1994, 1000.000000000000000 ) ;
#2172 = VERTEX_POINT ( 'NONE', #1019 ) ;
#2173 = PLANE ( 'NONE',  #377 ) ;
#2174 = ORIENTED_EDGE ( 'NONE', *, *, #958, .T. ) ;
#2175 = CIRCLE ( 'NONE', #289, 20.99999999999999645 ) ;
#2176 = CARTESIAN_POINT ( 'NONE',  ( -15.99999999999860556, -12.78998860525073411, 7.984384102871716848 ) ) ;
#2177 = CARTESIAN_POINT ( 'NONE',  ( -55.98528137423858908, 17.50000000000000000, -20.00000000000004974 ) ) ;
#2178 = CIRCLE ( 'NONE', #1312, 2.999999999999999112 ) ;
#2179 = AXIS2_PLACEMENT_3D ( 'NONE', #275, #1984, #471 ) ;
#2180 = ORIENTED_EDGE ( 'NONE', *, *, #1407, .T. ) ;
#2181 = VECTOR ( 'NONE', #2481, 1000.000000000000000 ) ;
#2182 = DIRECTION ( 'NONE',  ( 0.000000000000000000, 0.000000000000000000, 1.000000000000000000 ) ) ;
#2183 = FACE_OUTER_BOUND ( 'NONE', #2289, .T. ) ;
#2184 = ADVANCED_FACE ( 'NONE', ( #2697 ), #1873, .F. ) ;
#2185 = VECTOR ( 'NONE', #805, 1000.000000000000000 ) ;
#2186 = CARTESIAN_POINT ( 'NONE',  ( -27.50000000000000711, -14.49999999999999822, 8.000000000000000000 ) ) ;
#2187 = ORIENTED_EDGE ( 'NONE', *, *, #988, .T. ) ;
#2188 = PLANE ( 'NONE',  #964 ) ;
#2189 = VERTEX_POINT ( 'NONE', #114 ) ;
#2190 = EDGE_CURVE ( 'NONE', #1080, #540, #1357, .T. ) ;
#2191 = CARTESIAN_POINT ( 'NONE',  ( -17.49999999999999645, -5.999999999999998224, -23.00000000000004974 ) ) ;
#2192 = DIRECTION ( 'NONE',  ( 1.224646799147353207E-16, 1.000000000000000000, 0.000000000000000000 ) ) ;
#2193 = CARTESIAN_POINT ( 'NONE',  ( -38.10660171779822747, 15.37867965644035273, -20.00000000000004619 ) ) ;
#2194 = FACE_OUTER_BOUND ( 'NONE', #1916, .T. ) ;
#2195 = EDGE_CURVE ( 'NONE', #735, #307, #542, .T. ) ;
#2196 = CARTESIAN_POINT ( 'NONE',  ( 15.55573584253325592, -11.41582800684781418, 7.818735063793205597 ) ) ;
#2197 = ORIENTED_EDGE ( 'NONE', *, *, #2195, .F. ) ;
#2198 = CARTESIAN_POINT ( 'NONE',  ( 27.50000000000000000, 17.49999999999999645, 4.000000000000037303 ) ) ;
#2199 = EDGE_CURVE ( 'NONE', #8, #937, #2536, .T. ) ;
#2200 = ORIENTED_EDGE ( 'NONE', *, *, #2469, .F. ) ;
#2201 = FACE_BOUND ( 'NONE', #1921, .T. ) ;
#2202 = ORIENTED_EDGE ( 'NONE', *, *, #567, .T. ) ;
#2203 = CARTESIAN_POINT ( 'NONE',  ( 13.69762540848755350, -15.91775920689705792, 8.000000000000000000 ) ) ;
#2204 = FACE_BOUND ( 'NONE', #1788, .T. ) ;
#2205 = CARTESIAN_POINT ( 'NONE',  ( 55.98528137423861750, 17.50000000000004263, -6.000000000000029310 ) ) ;
#2206 = DIRECTION ( 'NONE',  ( -1.000000000000000000, 0.000000000000000000, -1.734723475976806848E-16 ) ) ;
#2207 = VERTEX_POINT ( 'NONE', #2320 ) ;
#2208 = ORIENTED_EDGE ( 'NONE', *, *, #2056, .F. ) ;
#2209 = DIRECTION ( 'NONE',  ( -3.689885735629804459E-32, -1.967543734044216262E-16, 1.000000000000000000 ) ) ;
#2210 = CARTESIAN_POINT ( 'NONE',  ( -19.50000000000000711, 3.000000000000000888, -19.00000000000004619 ) ) ;
#2211 = ORIENTED_EDGE ( 'NONE', *, *, #1472, .T. ) ;
#2212 = ORIENTED_EDGE ( 'NONE', *, *, #130, .T. ) ;
#2213 = EDGE_CURVE ( 'NONE', #690, #606, #1319, .T. ) ;
#2214 = EDGE_CURVE ( 'NONE', #2346, #1365, #2714, .T. ) ;
#2215 = AXIS2_PLACEMENT_3D ( 'NONE', #1688, #829, #441 ) ;
#2216 = CARTESIAN_POINT ( 'NONE',  ( -27.50000000000000711, 2.999999999999997335, 7.999999999999996447 ) ) ;
#2217 = EDGE_CURVE ( 'NONE', #534, #2124, #1813, .T. ) ;
#2218 = AXIS2_PLACEMENT_3D ( 'NONE', #1755, #701, #492 ) ;
#2219 = DIRECTION ( 'NONE',  ( 1.349221823327174429E-16, 1.967543734044216016E-16, -1.000000000000000000 ) ) ;
#2220 = CIRCLE ( 'NONE', #2575, 2.000000000000001776 ) ;
#2221 = CARTESIAN_POINT ( 'NONE',  ( 50.98528137423861750, 17.49999999999999645, -16.00000000000003908 ) ) ;
#2222 = VECTOR ( 'NONE', #2666, 1000.000000000000000 ) ;
#2223 = VECTOR ( 'NONE', #2072, 1000.000000000000000 ) ;
#2224 = CARTESIAN_POINT ( 'NONE',  ( 12.78923844585780323, -10.00184760295125841, 6.428817763488702930 ) ) ;
#2225 = ORIENTED_EDGE ( 'NONE', *, *, #1097, .T. ) ;
#2226 = DIRECTION ( 'NONE',  ( 1.000000000000000000, -9.376883653928686131E-17, 0.000000000000000000 ) ) ;
#2227 = AXIS2_PLACEMENT_3D ( 'NONE', #1434, #2069, #170 ) ;
#2228 = LINE ( 'NONE', #122, #1130 ) ;
#2229 = EDGE_LOOP ( 'NONE', ( #1985, #536 ) ) ;
#2230 = AXIS2_PLACEMENT_3D ( 'NONE', #303, #1377, #327 ) ;
#2231 = CARTESIAN_POINT ( 'NONE',  ( 14.59999999999999254, 13.00000000000000000, 10.10628645568517214 ) ) ;
#2232 = ORIENTED_EDGE ( 'NONE', *, *, #2126, .F. ) ;
#2233 = CARTESIAN_POINT ( 'NONE',  ( -55.98528137423859619, 17.49999999999999645, -6.000000000000043521 ) ) ;
#2234 = ADVANCED_FACE ( 'NONE', ( #2046 ), #554, .F. ) ;
#2235 = CARTESIAN_POINT ( 'NONE',  ( 32.50000000000004974, 22.50000000000004974, -26.00000000000003197 ) ) ;
#2236 = DIRECTION ( 'NONE',  ( -0.000000000000000000, -0.000000000000000000, -1.000000000000000000 ) ) ;
#2237 = DIRECTION ( 'NONE',  ( -1.000000000000000000, 0.000000000000000000, -1.349221823327174429E-16 ) ) ;
#2238 = B_SPLINE_CURVE_WITH_KNOTS ( 'NONE', 3,
 ( #394, #572, #1669, #154, #807, #366, #1831, #2715, #1610, #1438, #2323, #556, #1209, #1422, #2060, #144, #989, #2698, #2293, #1004, #1641, #878, #2384, #2348, #1085, #461, #1061, #1928, #658, #1505, #1516, #854, #2176, #1696 ),
 .UNSPECIFIED., .F., .F.,
 ( 4, 2, 2, 2, 2, 2, 2, 2, 2, 2, 2, 2, 2, 2, 2, 2, 4 ),
 ( 0.007311506379831419523, 0.007937241030256815544, 0.008562975680682212432, 0.009188710331107607585, 0.009814444981533004472, 0.01044017963195839963, 0.01106591428238379651, 0.01169164893280919340, 0.01231738358323458855, 0.01294311823365998371, 0.01356885288408538059, 0.01419458753451077748, 0.01482032218493617264, 0.01544605683536156779, 0.01607179148578696468, 0.01669752613621235809, 0.01732326078663775151 ),
 .UNSPECIFIED. ) ;
#2239 = VERTEX_POINT ( 'NONE', #2281 ) ;
#2240 = DIRECTION ( 'NONE',  ( 1.000000000000000000, 0.000000000000000000, 0.000000000000000000 ) ) ;
#2241 = ORIENTED_EDGE ( 'NONE', *, *, #1282, .F. ) ;
#2242 = CARTESIAN_POINT ( 'NONE',  ( 0.000000000000000000, 0.000000000000000000, 8.000000000000000000 ) ) ;
#2243 = LINE ( 'NONE', #1838, #200 ) ;
#2244 = ORIENTED_EDGE ( 'NONE', *, *, #1612, .T. ) ;
#2245 = DIRECTION ( 'NONE',  ( -1.000000000000000000, -0.000000000000000000, -0.000000000000000000 ) ) ;
#2246 = ORIENTED_EDGE ( 'NONE', *, *, #2674, .F. ) ;
#2247 = CARTESIAN_POINT ( 'NONE',  ( 37.39314531791151808, 24.39314531791149676, -5.553699381042168426 ) ) ;
#2248 = CARTESIAN_POINT ( 'NONE',  ( 0.000000000000000000, -22.50000000000000355, 0.000000000000000000 ) ) ;
#2249 = EDGE_CURVE ( 'NONE', #862, #1479, #838, .T. ) ;
#2250 = ORIENTED_EDGE ( 'NONE', *, *, #1492, .T. ) ;
#2251 = LINE ( 'NONE', #2018, #2654 ) ;
#2252 = VERTEX_POINT ( 'NONE', #2058 ) ;
#2253 = DIRECTION ( 'NONE',  ( 1.000000000000000000, 0.000000000000000000, 0.000000000000000000 ) ) ;
#2254 = DIRECTION ( 'NONE',  ( 0.000000000000000000, 1.000000000000000000, 2.201794655477297262E-16 ) ) ;
#2255 = ORIENTED_EDGE ( 'NONE', *, *, #613, .T. ) ;
#2256 = CARTESIAN_POINT ( 'NONE',  ( 10.08515990522919914, 12.26631339590813852, 6.148382657207820401 ) ) ;
#2257 = EDGE_LOOP ( 'NONE', ( #2041, #1328 ) ) ;
#2258 = EDGE_CURVE ( 'NONE', #1323, #2586, #378, .T. ) ;
#2259 = FACE_OUTER_BOUND ( 'NONE', #1533, .T. ) ;
#2260 = CARTESIAN_POINT ( 'NONE',  ( -39.26362404039936393, 20.77834266616076420, -7.359999686864155066 ) ) ;
#2261 = DIRECTION ( 'NONE',  ( 1.000000000000000000, 0.000000000000000000, 0.000000000000000000 ) ) ;
#2262 = B_SPLINE_CURVE_WITH_KNOTS ( 'NONE', 3,
 ( #1653, #774, #573, #155, #1611, #1229 ),
 .UNSPECIFIED., .F., .F.,
 ( 4, 2, 4 ),
 ( 0.008504620874450951815, 0.008855378417777285543, 0.009206135961103619272 ),
 .UNSPECIFIED. ) ;
#2263 = MECHANICAL_DESIGN_GEOMETRIC_PRESENTATION_REPRESENTATION (  '', ( #333 ), #285 ) ;
#2264 = CARTESIAN_POINT ( 'NONE',  ( -50.98528137423859619, 17.49999999999999645, -16.00000000000003908 ) ) ;
#2265 = CARTESIAN_POINT ( 'NONE',  ( -13.00000000000000711, 13.00000000000000000, 5.000000000000000000 ) ) ;
#2266 = AXIS2_PLACEMENT_3D ( 'NONE', #2034, #117, #1285 ) ;
#2267 = TOROIDAL_SURFACE ( 'NONE', #2615, 20.99999999999999645, 8.000000000000000000 ) ;
#2268 = AXIS2_PLACEMENT_3D ( 'NONE', #2264, #904, #296 ) ;
#2269 = EDGE_CURVE ( 'NONE', #1029, #360, #607, .T. ) ;
#2270 = ORIENTED_EDGE ( 'NONE', *, *, #567, .F. ) ;
#2271 = CARTESIAN_POINT ( 'NONE',  ( 27.50000000000000000, 17.50000000000000000, 8.000000000000000000 ) ) ;
#2272 = VECTOR ( 'NONE', #2167, 1000.000000000000000 ) ;
#2273 = ORIENTED_EDGE ( 'NONE', *, *, #978, .F. ) ;
#2274 = CARTESIAN_POINT ( 'NONE',  ( -13.00000000000000711, -13.00000000000000000, 5.000000000000000000 ) ) ;
#2275 = EDGE_CURVE ( 'NONE', #1698, #1865, #1951, .T. ) ;
#2276 = ORIENTED_EDGE ( 'NONE', *, *, #547, .F. ) ;
#2277 = AXIS2_PLACEMENT_3D ( 'NONE', #1411, #1006, #977 ) ;
#2278 = VECTOR ( 'NONE', #1329, 1000.000000000000000 ) ;
#2279 = CARTESIAN_POINT ( 'NONE',  ( -10.00000000000001066, 12.81645298341740080, 6.443878319282710265 ) ) ;
#2280 = CIRCLE ( 'NONE', #2087, 12.99999999999999822 ) ;
#2281 = CARTESIAN_POINT ( 'NONE',  ( -19.50000000000000711, -5.999999999999998224, -26.00000000000004619 ) ) ;
#2282 = LINE ( 'NONE', #1021, #2223 ) ;
#2283 = CARTESIAN_POINT ( 'NONE',  ( 10.08513325106994252, -12.26642078737311969, 6.148437741954492886 ) ) ;
#2284 = ORIENTED_EDGE ( 'NONE', *, *, #2361, .F. ) ;
#2285 = CARTESIAN_POINT ( 'NONE',  ( -10.00000000000158806, -13.20702496825386696, 6.661363365875267561 ) ) ;
#2286 = CARTESIAN_POINT ( 'NONE',  ( -37.24264068711929099, 3.000000000000003553, -23.00000000000004974 ) ) ;
#2287 = EDGE_CURVE ( 'NONE', #2540, #729, #1316, .T. ) ;
#2288 = DIRECTION ( 'NONE',  ( 1.000000000000000000, 0.000000000000000000, 0.000000000000000000 ) ) ;
#2289 = EDGE_LOOP ( 'NONE', ( #2208, #220, #1167, #1599 ) ) ;
#2290 = CARTESIAN_POINT ( 'NONE',  ( 48.74264068711928388, 14.50000000000004796, -23.00000000000003553 ) ) ;
#2291 = CARTESIAN_POINT ( 'NONE',  ( -10.27636919891151379, 11.72746953430890215, 5.896403161952997962 ) ) ;
#2292 = DIRECTION ( 'NONE',  ( -0.000000000000000000, -0.000000000000000000, 1.000000000000000000 ) ) ;
#2293 = CARTESIAN_POINT ( 'NONE',  ( -13.33969490262748181, -10.01365341177490720, 6.735893207496123303 ) ) ;
#2294 = CARTESIAN_POINT ( 'NONE',  ( -13.00000000000000711, -13.00000000000000000, 5.000000000000000000 ) ) ;
#2295 = DIRECTION ( 'NONE',  ( 3.689885735629804459E-32, 1.967543734044216262E-16, -1.000000000000000000 ) ) ;
#2296 = VERTEX_POINT ( 'NONE', #1734 ) ;
#2297 = CARTESIAN_POINT ( 'NONE',  ( 19.50000000000000711, -22.50000000000000355, -26.00000000000004263 ) ) ;
#2298 = CARTESIAN_POINT ( 'NONE',  ( 28.74264068711927678, 8.499999999999987566, -23.00000000000003908 ) ) ;
#2299 = CARTESIAN_POINT ( 'NONE',  ( 12.99999999999999289, -13.00000000000000000, 5.000000000000000000 ) ) ;
#2300 = CARTESIAN_POINT ( 'NONE',  ( 12.61072353119448231, 10.01956797383179065, 6.330234467144833843 ) ) ;
#2301 = ORIENTED_EDGE ( 'NONE', *, *, #1737, .F. ) ;
#2302 = CARTESIAN_POINT ( 'NONE',  ( -50.98528137423859619, 17.49999999999999645, -18.00000000000003908 ) ) ;
#2303 = CARTESIAN_POINT ( 'NONE',  ( -10.36492017542144595, 11.55143669109886240, 5.827501263812470356 ) ) ;
#2304 = CARTESIAN_POINT ( 'NONE',  ( -13.00000000000000711, -13.00000000000000000, 8.000000000000000000 ) ) ;
#2305 = EDGE_CURVE ( 'NONE', #2434, #2346, #2711, .T. ) ;
#2306 = CARTESIAN_POINT ( 'NONE',  ( 0.000000000000000000, 0.000000000000000000, 8.000000000000000000 ) ) ;
#2307 = VECTOR ( 'NONE', #2219, 1000.000000000000000 ) ;
#2308 = EDGE_CURVE ( 'NONE', #540, #1080, #1489, .T. ) ;
#2309 = ORIENTED_EDGE ( 'NONE', *, *, #1953, .T. ) ;
#2310 = AXIS2_PLACEMENT_3D ( 'NONE', #1655, #2564, #1485 ) ;
#2311 = CARTESIAN_POINT ( 'NONE',  ( -16.00000000000000711, -12.99999999997970157, 7.990755995504986053 ) ) ;
#2312 = CARTESIAN_POINT ( 'NONE',  ( -15.99298241337786308, 13.23614406577164360, 7.996643692835836426 ) ) ;
#2313 = DIRECTION ( 'NONE',  ( 0.000000000000000000, 0.000000000000000000, -1.000000000000000000 ) ) ;
#2314 = CARTESIAN_POINT ( 'NONE',  ( 12.24598704438439967, 10.09036502383225731, 6.138004910792258961 ) ) ;
#2315 = EDGE_LOOP ( 'NONE', ( #549, #1631, #2511, #1260 ) ) ;
#2316 = VECTOR ( 'NONE', #2090, 1000.000000000000000 ) ;
#2317 = AXIS2_PLACEMENT_3D ( 'NONE', #2690, #354, #775 ) ;
#2318 = AXIS2_PLACEMENT_3D ( 'NONE', #2116, #450, #1294 ) ;
#2319 = CARTESIAN_POINT ( 'NONE',  ( 37.85530313790588508, 22.50000000000004619, -6.000000000000033751 ) ) ;
#2320 = CARTESIAN_POINT ( 'NONE',  ( 35.50000000000006395, 22.50000000000004974, -26.00000000000003197 ) ) ;
#2321 = CIRCLE ( 'NONE', #1231, 2.999999999999999112 ) ;
#2322 = EDGE_CURVE ( 'NONE', #713, #2530, #2043, .T. ) ;
#2323 = CARTESIAN_POINT ( 'NONE',  ( -11.17829041465477502, -10.60755887848059942, 5.722273255724231511 ) ) ;
#2324 = AXIS2_PLACEMENT_3D ( 'NONE', #506, #2226, #766 ) ;
#2325 = DIRECTION ( 'NONE',  ( 1.000000000000000000, 1.776356839400250465E-15, 0.000000000000000000 ) ) ;
#2326 = EDGE_CURVE ( 'NONE', #47, #2586, #2758, .T. ) ;
#2327 = EDGE_LOOP ( 'NONE', ( #2573, #2211, #931, #1338, #1246, #276, #1549 ) ) ;
#2328 = CARTESIAN_POINT ( 'NONE',  ( -1.349221823327174626E-15, 1.782885509947318770E-15, -19.00000000000004974 ) ) ;
#2329 = ORIENTED_EDGE ( 'NONE', *, *, #520, .T. ) ;
#2330 = LINE ( 'NONE', #1645, #912 ) ;
#2331 = LINE ( 'NONE', #202, #565 ) ;
#2332 = EDGE_CURVE ( 'NONE', #447, #2625, #2535, .T. ) ;
#2333 = LINE ( 'NONE', #403, #2080 ) ;
#2334 = DIRECTION ( 'NONE',  ( -0.000000000000000000, -0.000000000000000000, 1.000000000000000000 ) ) ;
#2335 = ORIENTED_EDGE ( 'NONE', *, *, #889, .T. ) ;
#2336 = ADVANCED_FACE ( 'NONE', ( #677 ), #2188, .T. ) ;
#2337 = DIRECTION ( 'NONE',  ( -0.000000000000000000, 0.000000000000000000, -1.000000000000000000 ) ) ;
#2338 = DIRECTION ( 'NONE',  ( 1.000000000000000000, 0.000000000000000000, -0.000000000000000000 ) ) ;
#2339 = DIRECTION ( 'NONE',  ( 1.349221823327174429E-16, 1.967543734044216016E-16, -1.000000000000000000 ) ) ;
#2340 = EDGE_LOOP ( 'NONE', ( #936, #660, #2551, #910 ) ) ;
#2341 = ORIENTED_EDGE ( 'NONE', *, *, #2213, .F. ) ;
#2342 = DIRECTION ( 'NONE',  ( -0.000000000000000000, -0.000000000000000000, 1.000000000000000000 ) ) ;
#2343 = FACE_OUTER_BOUND ( 'NONE', #2646, .T. ) ;
#2344 = CARTESIAN_POINT ( 'NONE',  ( 11.39999999999999147, -13.00000000000000000, 5.000000000000000000 ) ) ;
#2345 = ORIENTED_EDGE ( 'NONE', *, *, #1649, .F. ) ;
#2346 = VERTEX_POINT ( 'NONE', #2626 ) ;
#2347 = ADVANCED_FACE ( 'NONE', ( #273 ), #708, .T. ) ;
#2348 = CARTESIAN_POINT ( 'NONE',  ( -14.73243143709866665, -10.54323561582880586, 7.465124915802333838 ) ) ;
#2349 = DIRECTION ( 'NONE',  ( 1.875376730785737226E-16, 1.000000000000000000, 1.967543734044216262E-16 ) ) ;
#2350 = ORIENTED_EDGE ( 'NONE', *, *, #77, .F. ) ;
#2351 = CARTESIAN_POINT ( 'NONE',  ( 27.50000000000000711, 17.50000000000000000, -26.00000000000003553 ) ) ;
#2352 = ORIENTED_EDGE ( 'NONE', *, *, #1310, .T. ) ;
#2353 = FACE_BOUND ( 'NONE', #2257, .T. ) ;
#2354 = CARTESIAN_POINT ( 'NONE',  ( -11.40000000000000568, -13.00000000000000000, 10.10628645568517214 ) ) ;
#2355 = ORIENTED_EDGE ( 'NONE', *, *, #2457, .F. ) ;
#2356 = AXIS2_PLACEMENT_3D ( 'NONE', #2500, #1463, #835 ) ;
#2357 = EDGE_CURVE ( 'NONE', #1825, #1776, #2599, .T. ) ;
#2358 = ORIENTED_EDGE ( 'NONE', *, *, #893, .T. ) ;
#2359 = AXIS2_PLACEMENT_3D ( 'NONE', #883, #425, #443 ) ;
#2360 = VECTOR ( 'NONE', #1156, 1000.000000000000114 ) ;
#2361 = EDGE_CURVE ( 'NONE', #2079, #1323, #496, .T. ) ;
#2362 = VECTOR ( 'NONE', #1763, 1000.000000000000000 ) ;
#2363 = CARTESIAN_POINT ( 'NONE',  ( 38.98528137423861750, 17.49999999999999645, -16.00000000000003908 ) ) ;
#2364 = PLANE ( 'NONE',  #73 ) ;
#2365 = ORIENTED_EDGE ( 'NONE', *, *, #1112, .F. ) ;
#2366 = CARTESIAN_POINT ( 'NONE',  ( 35.98528137423861040, 17.50000000000004263, -4.194140974181637560 ) ) ;
#2367 = CARTESIAN_POINT ( 'NONE',  ( -27.50000000000000711, 9.014718625761446447, -20.00000000000004974 ) ) ;
#2368 = ORIENTED_EDGE ( 'NONE', *, *, #585, .T. ) ;
#2369 = EDGE_CURVE ( 'NONE', #2403, #2670, #2578, .T. ) ;
#2370 = EDGE_CURVE ( 'NONE', #15, #2403, #691, .T. ) ;
#2371 = DIRECTION ( 'NONE',  ( 0.000000000000000000, 0.000000000000000000, 1.000000000000000000 ) ) ;
#2372 = DIRECTION ( 'NONE',  ( 1.249000902703300615E-16, 1.000000000000000000, 1.967543734044216262E-16 ) ) ;
#2373 = EDGE_CURVE ( 'NONE', #2207, #1846, #1528, .T. ) ;
#2374 = ORIENTED_EDGE ( 'NONE', *, *, #2199, .T. ) ;
#2375 = ORIENTED_EDGE ( 'NONE', *, *, #2134, .F. ) ;
#2376 = DIRECTION ( 'NONE',  ( -1.000000000000000000, 0.000000000000000000, 0.000000000000000000 ) ) ;
#2377 = DIRECTION ( 'NONE',  ( 0.000000000000000000, 0.000000000000000000, 1.000000000000000000 ) ) ;
#2378 = CARTESIAN_POINT ( 'NONE',  ( -27.50000000000000000, 9.014718625761441118, -21.75735931288075875 ) ) ;
#2379 = DIRECTION ( 'NONE',  ( -0.000000000000000000, -0.000000000000000000, -1.000000000000000000 ) ) ;
#2380 = ORIENTED_EDGE ( 'NONE', *, *, #1126, .F. ) ;
#2381 = DIRECTION ( 'NONE',  ( 0.000000000000000000, 0.000000000000000000, -1.000000000000000000 ) ) ;
#2382 = ORIENTED_EDGE ( 'NONE', *, *, #102, .T. ) ;
#2383 = ORIENTED_EDGE ( 'NONE', *, *, #2305, .T. ) ;
#2384 = CARTESIAN_POINT ( 'NONE',  ( -14.40444431153060556, -10.34207861301558751, 7.305309305781379159 ) ) ;
#2385 = DIRECTION ( 'NONE',  ( 1.000000000000000000, -9.189829725788341711E-33, 2.201794655477298988E-16 ) ) ;
#2386 = ORIENTED_EDGE ( 'NONE', *, *, #1192, .T. ) ;
#2387 = LINE ( 'NONE', #2260, #2031 ) ;
#2388 = LINE ( 'NONE', #465, #2129 ) ;
#2389 = CARTESIAN_POINT ( 'NONE',  ( -87.19707759714370354, -6.000000000000001776, -26.00000000000005684 ) ) ;
#2390 = PRODUCT_DEFINITION_CONTEXT ( 'detailed design', #2504, 'design' ) ;
#2391 = DIRECTION ( 'NONE',  ( 1.349221823327174429E-16, 1.967543734044216016E-16, -1.000000000000000000 ) ) ;
#2392 = EDGE_CURVE ( 'NONE', #505, #1491, #2085, .T. ) ;
#2393 = CARTESIAN_POINT ( 'NONE',  ( 11.01463939705421957, -10.74130252211546299, 5.697000441304895801 ) ) ;
#2394 = EDGE_LOOP ( 'NONE', ( #676, #863, #2180, #914, #451, #2602 ) ) ;
#2395 = DIRECTION ( 'NONE',  ( 1.000000000000000000, 0.000000000000000000, 0.000000000000000000 ) ) ;
#2396 = VECTOR ( 'NONE', #2127, 1000.000000000000000 ) ;
#2397 = ORIENTED_EDGE ( 'NONE', *, *, #193, .F. ) ;
#2398 = VECTOR ( 'NONE', #2137, 1000.000000000000000 ) ;
#2399 = CARTESIAN_POINT ( 'NONE',  ( -11.60818676624389489, 17.50000000000000000, 8.000000000000000000 ) ) ;
#2400 = LINE ( 'NONE', #2216, #1007 ) ;
#2401 = AXIS2_PLACEMENT_3D ( 'NONE', #2221, #269, #948 ) ;
#2402 = AXIS2_PLACEMENT_3D ( 'NONE', #1937, #2379, #1895 ) ;
#2403 = VERTEX_POINT ( 'NONE', #67 ) ;
#2404 = CIRCLE ( 'NONE', #2622, 3.000000000000000000 ) ;
#2405 = DIRECTION ( 'NONE',  ( 1.000000000000000000, 0.000000000000000000, -2.201794655477302193E-16 ) ) ;
#2406 = SHAPE_DEFINITION_REPRESENTATION ( #993, #815 ) ;
#2407 = ADVANCED_FACE ( 'NONE', ( #406 ), #1683, .T. ) ;
#2408 = AXIS2_PLACEMENT_3D ( 'NONE', #1144, #477, #2002 ) ;
#2409 = CARTESIAN_POINT ( 'NONE',  ( -30.50000000000000711, 7.772077938642153683, -23.00000000000004619 ) ) ;
#2410 = CARTESIAN_POINT ( 'NONE',  ( 12.05927769256490301, -10.14469235493809585, 6.044390380000146834 ) ) ;
#2411 = ORIENTED_EDGE ( 'NONE', *, *, #842, .T. ) ;
#2412 = CARTESIAN_POINT ( 'NONE',  ( 30.50000000000001066, 17.50000000000000000, -26.00000000000003553 ) ) ;
#2413 = EDGE_CURVE ( 'NONE', #47, #1382, #2449, .T. ) ;
#2414 = ORIENTED_EDGE ( 'NONE', *, *, #2070, .T. ) ;
#2415 = ORIENTED_EDGE ( 'NONE', *, *, #2160, .F. ) ;
#2416 = EDGE_CURVE ( 'NONE', #2447, #1479, #2113, .T. ) ;
#2417 = DIRECTION ( 'NONE',  ( 0.000000000000000000, 0.000000000000000000, -1.000000000000000000 ) ) ;
#2418 = DIRECTION ( 'NONE',  ( 1.000000000000000000, 0.000000000000000000, 0.000000000000000000 ) ) ;
#2419 = CARTESIAN_POINT ( 'NONE',  ( -19.50000000000000355, 14.50000000000000178, -26.00000000000004263 ) ) ;
#2420 = ORIENTED_EDGE ( 'NONE', *, *, #1693, .F. ) ;
#2421 = CARTESIAN_POINT ( 'NONE',  ( 12.23966590301303370, -10.09201277492463866, 6.134787942751353640 ) ) ;
#2422 = EDGE_LOOP ( 'NONE', ( #600, #274, #2425, #1557 ) ) ;
#2423 = CARTESIAN_POINT ( 'NONE',  ( 12.99999999999999289, -13.00000000000000000, 5.000000000000000000 ) ) ;
#2424 = SURFACE_STYLE_FILL_AREA ( #2463 ) ;
#2425 = ORIENTED_EDGE ( 'NONE', *, *, #512, .F. ) ;
#2426 = ORIENTED_EDGE ( 'NONE', *, *, #806, .F. ) ;
#2427 = CARTESIAN_POINT ( 'NONE',  ( -27.50000000000000711, -6.742640687119278553, -26.00000000000004619 ) ) ;
#2428 = DIRECTION ( 'NONE',  ( -9.376883653928686131E-17, -1.000000000000000000, -1.967543734044216262E-16 ) ) ;
#2429 = DIRECTION ( 'NONE',  ( 0.000000000000000000, 0.000000000000000000, -1.000000000000000000 ) ) ;
#2430 = CARTESIAN_POINT ( 'NONE',  ( 15.31846899041391907, -11.08529685298580958, 7.724351979461494544 ) ) ;
#2431 = ORIENTED_EDGE ( 'NONE', *, *, #1871, .F. ) ;
#2432 = DIRECTION ( 'NONE',  ( 0.000000000000000000, -0.000000000000000000, -1.000000000000000000 ) ) ;
#2433 = CARTESIAN_POINT ( 'NONE',  ( 0.000000000000000000, 0.000000000000000000, 8.000000000000000000 ) ) ;
#2434 = VERTEX_POINT ( 'NONE', #283 ) ;
#2435 = ORIENTED_EDGE ( 'NONE', *, *, #1584, .F. ) ;
#2436 = EDGE_CURVE ( 'NONE', #344, #524, #1627, .T. ) ;
#2437 = CARTESIAN_POINT ( 'NONE',  ( 9.999999999999992895, -13.00000000000000000, 6.546084143057011140 ) ) ;
#2438 = CYLINDRICAL_SURFACE ( 'NONE', #75, 2.999999999999999112 ) ;
#2439 = AXIS2_PLACEMENT_3D ( 'NONE', #237, #2192, #1089 ) ;
#2440 = DIRECTION ( 'NONE',  ( 1.349221823327174429E-16, 1.967543734044215769E-16, -1.000000000000000000 ) ) ;
#2441 = CIRCLE ( 'NONE', #695, 3.000000000000000888 ) ;
#2442 = DIRECTION ( 'NONE',  ( 0.000000000000000000, 1.000000000000000000, 0.000000000000000000 ) ) ;
#2443 = AXIS2_PLACEMENT_3D ( 'NONE', #2529, #605, #1451 ) ;
#2444 = ORIENTED_EDGE ( 'NONE', *, *, #1013, .T. ) ;
#2445 = CIRCLE ( 'NONE', #1529, 20.99999999999999645 ) ;
#2446 = CARTESIAN_POINT ( 'NONE',  ( 15.65801706788063541, -11.59345279473165746, 7.856936942452902528 ) ) ;
#2447 = VERTEX_POINT ( 'NONE', #135 ) ;
#2448 = DIRECTION ( 'NONE',  ( 1.000000000000000000, 0.000000000000000000, 0.000000000000000000 ) ) ;
#2449 = CIRCLE ( 'NONE', #124, 8.000000000000000000 ) ;
#2450 =( LENGTH_UNIT ( ) NAMED_UNIT ( * ) SI_UNIT ( .MILLI., .METRE. ) );
#2451 = ORIENTED_EDGE ( 'NONE', *, *, #1995, .F. ) ;
#2452 = CARTESIAN_POINT ( 'NONE',  ( -19.50000000000000711, 3.000000000000001332, -23.00000000000004974 ) ) ;
#2453 = VERTEX_POINT ( 'NONE', #1349 ) ;
#2454 = FACE_OUTER_BOUND ( 'NONE', #13, .T. ) ;
#2455 = ADVANCED_FACE ( 'NONE', ( #2681 ), #313, .F. ) ;
#2456 = CARTESIAN_POINT ( 'NONE',  ( 51.74264068711926967, 17.50000000000004619, -20.00000000000004263 ) ) ;
#2457 = EDGE_CURVE ( 'NONE', #951, #2119, #1030, .T. ) ;
#2458 = CARTESIAN_POINT ( 'NONE',  ( 50.98528137423861750, 17.49999999999999645, -16.00000000000003908 ) ) ;
#2459 = EDGE_LOOP ( 'NONE', ( #317, #751, #1279, #424 ) ) ;
#2460 = EDGE_CURVE ( 'NONE', #545, #1925, #1789, .T. ) ;
#2461 = EDGE_LOOP ( 'NONE', ( #226, #1750 ) ) ;
#2462 = CARTESIAN_POINT ( 'NONE',  ( 5.583500081124412451E-15, 3.000000000000000000, -23.00000000000004263 ) ) ;
#2463 = FILL_AREA_STYLE ('',( #953 ) ) ;
#2464 = ORIENTED_EDGE ( 'NONE', *, *, #2213, .T. ) ;
#2465 = ORIENTED_EDGE ( 'NONE', *, *, #63, .F. ) ;
#2466 = CARTESIAN_POINT ( 'NONE',  ( 12.99999999999999289, 13.00000000000000000, 10.10628645568517214 ) ) ;
#2467 = CARTESIAN_POINT ( 'NONE',  ( -13.70141607093321845, 10.05895703067904634, 6.938511581063597333 ) ) ;
#2468 = DIRECTION ( 'NONE',  ( 0.000000000000000000, 0.000000000000000000, -1.000000000000000000 ) ) ;
#2469 = EDGE_CURVE ( 'NONE', #1044, #181, #839, .T. ) ;
#2470 = DIRECTION ( 'NONE',  ( 1.000000000000000000, -1.875376730785737226E-16, -0.000000000000000000 ) ) ;
#2471 = ADVANCED_FACE ( 'NONE', ( #1997 ), #981, .F. ) ;
#2472 = ORIENTED_EDGE ( 'NONE', *, *, #432, .T. ) ;
#2473 = DIRECTION ( 'NONE',  ( 1.000000000000000000, 0.000000000000000000, 0.000000000000000000 ) ) ;
#2474 = CARTESIAN_POINT ( 'NONE',  ( 55.98528137423861040, 17.50000000000003553, 25.51609221829271235 ) ) ;
#2475 = VERTEX_POINT ( 'NONE', #939 ) ;
#2476 = CARTESIAN_POINT ( 'NONE',  ( 10.01685934602496353, 12.63195020756877973, 6.341797338294989927 ) ) ;
#2477 = ORIENTED_EDGE ( 'NONE', *, *, #2062, .T. ) ;
#2478 = CARTESIAN_POINT ( 'NONE',  ( -19.50000000000000355, 17.50000000000000000, -63.85498646149545721 ) ) ;
#2479 = DIRECTION ( 'NONE',  ( -1.000000000000000000, -0.000000000000000000, 0.000000000000000000 ) ) ;
#2480 = CIRCLE ( 'NONE', #1942, 2.999999999999999112 ) ;
#2481 = DIRECTION ( 'NONE',  ( -0.000000000000000000, -0.000000000000000000, -1.000000000000000000 ) ) ;
#2482 = CIRCLE ( 'NONE', #72, 3.000000000000000888 ) ;
#2483 = AXIS2_PLACEMENT_3D ( 'NONE', #947, #745, #1798 ) ;
#2484 = CYLINDRICAL_SURFACE ( 'NONE', #2576, 2.000000000000001776 ) ;
#2485 = ORIENTED_EDGE ( 'NONE', *, *, #1439, .T. ) ;
#2486 = DIRECTION ( 'NONE',  ( -1.000000000000000000, 1.875376730785737226E-16, 0.000000000000000000 ) ) ;
#2487 = EDGE_CURVE ( 'NONE', #1621, #1239, #2280, .T. ) ;
#2488 = CARTESIAN_POINT ( 'NONE',  ( 30.50000000000000711, 17.49999999999999645, 10.10628645568518991 ) ) ;
#2489 = VECTOR ( 'NONE', #2030, 1000.000000000000000 ) ;
#2490 = CARTESIAN_POINT ( 'NONE',  ( 37.85530313790588508, 9.014718625761414472, -6.000000000000034639 ) ) ;
#2491 = CARTESIAN_POINT ( 'NONE',  ( -55.98528137423858908, 22.50000000000005329, -26.00000000000004619 ) ) ;
#2492 = ORIENTED_EDGE ( 'NONE', *, *, #714, .T. ) ;
#2493 = ADVANCED_FACE ( 'NONE', ( #1823 ), #926, .F. ) ;
#2494 = VECTOR ( 'NONE', #849, 1000.000000000000000 ) ;
#2495 = DIRECTION ( 'NONE',  ( -0.000000000000000000, -0.000000000000000000, -1.000000000000000000 ) ) ;
#2496 = CARTESIAN_POINT ( 'NONE',  ( -13.00000000000000711, -13.00000000000000000, 5.000000000000000000 ) ) ;
#2497 = ORIENTED_EDGE ( 'NONE', *, *, #744, .F. ) ;
#2498 = DIRECTION ( 'NONE',  ( -0.000000000000000000, -0.000000000000000000, 1.000000000000000000 ) ) ;
#2499 = FACE_OUTER_BOUND ( 'NONE', #187, .T. ) ;
#2500 = CARTESIAN_POINT ( 'NONE',  ( -87.19707759714370354, 23.50000000000004974, -6.000000000000050626 ) ) ;
#2501 = ADVANCED_FACE ( 'NONE', ( #1133 ), #342, .T. ) ;
#2502 = CARTESIAN_POINT ( 'NONE',  ( 10.36860344543214296, 11.54491199307990357, 5.825245908584957277 ) ) ;
#2503 = EDGE_LOOP ( 'NONE', ( #1521, #68, #109, #1343 ) ) ;
#2504 = APPLICATION_CONTEXT ( 'automotive_design' ) ;
#2505 = CARTESIAN_POINT ( 'NONE',  ( -19.50000000000000711, -14.50000000000000178, 0.000000000000000000 ) ) ;
#2506 = CARTESIAN_POINT ( 'NONE',  ( -10.58633796422565254, 11.20661857964983632, 5.728172940424891557 ) ) ;
#2507 = CARTESIAN_POINT ( 'NONE',  ( 9.999999999999992895, 13.00000000000000000, 5.000000000000000000 ) ) ;
#2508 = EDGE_CURVE ( 'NONE', #2571, #1365, #2036, .T. ) ;
#2509 = CARTESIAN_POINT ( 'NONE',  ( 0.000000000000000000, 0.000000000000000000, 0.000000000000000000 ) ) ;
#2510 = CARTESIAN_POINT ( 'NONE',  ( 37.85530313790588508, 22.50000000000004619, -6.000000000000035527 ) ) ;
#2511 = ORIENTED_EDGE ( 'NONE', *, *, #2322, .F. ) ;
#2512 = CARTESIAN_POINT ( 'NONE',  ( -10.17265675535639780, -14.02603142639894429, 7.110625972384764459 ) ) ;
#2513 = CARTESIAN_POINT ( 'NONE',  ( -15.96547534288236392, 13.46868298171058953, 7.999466622543812022 ) ) ;
#2514 = FACE_OUTER_BOUND ( 'NONE', #1700, .T. ) ;
#2515 = DIRECTION ( 'NONE',  ( -0.000000000000000000, 1.000000000000000000, -0.000000000000000000 ) ) ;
#2516 = ORIENTED_EDGE ( 'NONE', *, *, #978, .T. ) ;
#2517 = ADVANCED_FACE ( 'NONE', ( #952 ), #752, .F. ) ;
#2518 = CARTESIAN_POINT ( 'NONE',  ( -11.17758342053746290, 10.61469972750897028, 5.727114148388334769 ) ) ;
#2519 = DIRECTION ( 'NONE',  ( -1.000000000000000000, 0.000000000000000000, 0.000000000000000000 ) ) ;
#2520 = EDGE_CURVE ( 'NONE', #325, #1776, #82, .T. ) ;
#2521 = FACE_BOUND ( 'NONE', #1888, .T. ) ;
#2522 = EDGE_CURVE ( 'NONE', #2703, #2628, #748, .T. ) ;
#2523 = VERTEX_POINT ( 'NONE', #2637 ) ;
#2524 = VERTEX_POINT ( 'NONE', #721 ) ;
#2525 = VECTOR ( 'NONE', #940, 1000.000000000000000 ) ;
#2526 = CARTESIAN_POINT ( 'NONE',  ( -15.99309930021308013, -13.23465675910165373, 7.996618186847822329 ) ) ;
#2527 = DIRECTION ( 'NONE',  ( -1.875376730785737226E-16, -1.000000000000000000, 0.000000000000000000 ) ) ;
#2528 = DIRECTION ( 'NONE',  ( 0.000000000000000000, 0.000000000000000000, 1.000000000000000000 ) ) ;
#2529 = CARTESIAN_POINT ( 'NONE',  ( -17.49999999999999645, -2.999999999999999556, -16.00000000000004974 ) ) ;
#2530 = VERTEX_POINT ( 'NONE', #2009 ) ;
#2531 = AXIS2_PLACEMENT_3D ( 'NONE', #2645, #1535, #519 ) ;
#2532 = VECTOR ( 'NONE', #87, 1000.000000000000000 ) ;
#2533 = EDGE_LOOP ( 'NONE', ( #1947, #1060, #2352, #2358 ) ) ;
#2534 = CARTESIAN_POINT ( 'NONE',  ( 12.99999999999999289, 13.00000000000000000, 0.000000000000000000 ) ) ;
#2535 = LINE ( 'NONE', #1302, #2278 ) ;
#2536 = CIRCLE ( 'NONE', #1672, 1.600000000000000755 ) ;
#2537 = CARTESIAN_POINT ( 'NONE',  ( 9.999999999999992895, 12.99999999998683187, 6.546084143049679227 ) ) ;
#2538 = ORIENTED_EDGE ( 'NONE', *, *, #1182, .F. ) ;
#2539 = ADVANCED_FACE ( 'NONE', ( #119 ), #1602, .F. ) ;
#2540 = VERTEX_POINT ( 'NONE', #1462 ) ;
#2541 = CARTESIAN_POINT ( 'NONE',  ( -35.98528137423858198, 17.50000000000000000, -20.00000000000004619 ) ) ;
#2542 = CARTESIAN_POINT ( 'NONE',  ( 55.98528137423861750, 22.50000000000004974, -26.00000000000003197 ) ) ;
#2543 = PLANE ( 'NONE',  #908 ) ;
#2544 = CARTESIAN_POINT ( 'NONE',  ( 15.89103368049208598, 12.17220717516578965, 7.940954580710116950 ) ) ;
#2545 = ORIENTED_EDGE ( 'NONE', *, *, #259, .F. ) ;
#2546 = PRODUCT ( '\X2\5de653f37535673a652f67b6\X0\', '\X2\5de653f37535673a652f67b6\X0\', '', ( #2607 ) ) ;
#2547 = ORIENTED_EDGE ( 'NONE', *, *, #1793, .F. ) ;
#2548 = DIRECTION ( 'NONE',  ( 1.000000000000000000, 0.000000000000000000, -0.000000000000000000 ) ) ;
#2549 = DIRECTION ( 'NONE',  ( 0.000000000000000000, 0.000000000000000000, -1.000000000000000000 ) ) ;
#2550 = CARTESIAN_POINT ( 'NONE',  ( -19.50000000000000711, -5.999999999999998224, -23.00000000000004974 ) ) ;
#2551 = ORIENTED_EDGE ( 'NONE', *, *, #1074, .T. ) ;
#2552 = CYLINDRICAL_SURFACE ( 'NONE', #113, 2.999999999999997780 ) ;
#2553 = ORIENTED_EDGE ( 'NONE', *, *, #938, .T. ) ;
#2554 = CYLINDRICAL_SURFACE ( 'NONE', #785, 3.000000000000001776 ) ;
#2555 = LINE ( 'NONE', #1488, #1359 ) ;
#2556 = EDGE_CURVE ( 'NONE', #937, #8, #1912, .T. ) ;
#2557 = CARTESIAN_POINT ( 'NONE',  ( 15.91775920689705082, 13.69762540848756238, 8.000000000000000000 ) ) ;
#2558 = CYLINDRICAL_SURFACE ( 'NONE', #2402, 1.600000000000000755 ) ;
#2559 = EDGE_LOOP ( 'NONE', ( #1740, #1680, #1090, #2094, #1115, #1460 ) ) ;
#2560 = ORIENTED_EDGE ( 'NONE', *, *, #1159, .T. ) ;
#2561 = DIRECTION ( 'NONE',  ( 1.349221823327174429E-16, 1.967543734044216016E-16, -1.000000000000000000 ) ) ;
#2562 = DIRECTION ( 'NONE',  ( 0.000000000000000000, 0.000000000000000000, 1.000000000000000000 ) ) ;
#2563 = CARTESIAN_POINT ( 'NONE',  ( 19.50000000000000711, -14.50000000000000178, 8.000000000000000000 ) ) ;
#2564 = DIRECTION ( 'NONE',  ( -0.000000000000000000, -0.000000000000000000, 1.000000000000000000 ) ) ;
#2565 = ORIENTED_EDGE ( 'NONE', *, *, #1756, .T. ) ;
#2566 = DIRECTION ( 'NONE',  ( 1.349221823327174675E-16, 1.967543734044216262E-16, -1.000000000000000000 ) ) ;
#2567 = LINE ( 'NONE', #2585, #555 ) ;
#2568 = VECTOR ( 'NONE', #1643, 1000.000000000000000 ) ;
#2569 = EDGE_CURVE ( 'NONE', #1614, #2296, #17, .T. ) ;
#2570 = DIRECTION ( 'NONE',  ( -0.7071067811865472397, 0.7071067811865479058, 0.000000000000000000 ) ) ;
#2571 = VERTEX_POINT ( 'NONE', #2077 ) ;
#2572 = VECTOR ( 'NONE', #1449, 1000.000000000000000 ) ;
#2573 = ORIENTED_EDGE ( 'NONE', *, *, #63, .T. ) ;
#2574 = CARTESIAN_POINT ( 'NONE',  ( -50.98528137423859619, 17.49999999999999645, -14.00000000000003730 ) ) ;
#2575 = AXIS2_PLACEMENT_3D ( 'NONE', #2458, #1818, #728 ) ;
#2576 = AXIS2_PLACEMENT_3D ( 'NONE', #1821, #368, #1211 ) ;
#2577 = CIRCLE ( 'NONE', #559, 2.999999999999999112 ) ;
#2578 = CIRCLE ( 'NONE', #166, 8.000000000000000000 ) ;
#2579 = DIRECTION ( 'NONE',  ( 0.000000000000000000, 0.000000000000000000, -1.000000000000000000 ) ) ;
#2580 = ORIENTED_EDGE ( 'NONE', *, *, #669, .T. ) ;
#2581 = CARTESIAN_POINT ( 'NONE',  ( -16.00000000000000711, 12.78891346806030782, 7.984351482457092253 ) ) ;
#2582 = VERTEX_POINT ( 'NONE', #2542 ) ;
#2583 = CARTESIAN_POINT ( 'NONE',  ( -10.00000000000000711, -13.00000000000000000, 5.000000000000000000 ) ) ;
#2584 = CARTESIAN_POINT ( 'NONE',  ( 12.99999999999999289, -13.00000000000000000, 5.000000000000000000 ) ) ;
#2585 = CARTESIAN_POINT ( 'NONE',  ( -17.49999999999999645, -2.999999999999998224, -23.00000000000004974 ) ) ;
#2586 = VERTEX_POINT ( 'NONE', #178 ) ;
#2587 = ADVANCED_FACE ( 'NONE', ( #1911 ), #2108, .F. ) ;
#2588 = ORIENTED_EDGE ( 'NONE', *, *, #314, .T. ) ;
#2589 = CARTESIAN_POINT ( 'NONE',  ( -37.85530313790587797, 17.49999999999999645, -6.000000000000044409 ) ) ;
#2590 = EDGE_CURVE ( 'NONE', #2124, #840, #412, .T. ) ;
#2591 = DIRECTION ( 'NONE',  ( 1.349221823327174429E-16, 1.967543734044216016E-16, -1.000000000000000000 ) ) ;
#2592 = EDGE_CURVE ( 'NONE', #1780, #1571, #588, .T. ) ;
#2593 = CARTESIAN_POINT ( 'NONE',  ( -35.50000000000007105, 22.50000000000004974, -26.00000000000004263 ) ) ;
#2594 = CARTESIAN_POINT ( 'NONE',  ( -6.129432651239146066E-15, 5.134402984027713378E-15, -23.00000000000003553 ) ) ;
#2595 =( NAMED_UNIT ( * ) SI_UNIT ( $, .STERADIAN. ) SOLID_ANGLE_UNIT ( ) );
#2596 = LINE ( 'NONE', #1702, #647 ) ;
#2597 = CARTESIAN_POINT ( 'NONE',  ( 15.18209200763484645, -10.93168467665902455, 7.667510093126191251 ) ) ;
#2598 = EDGE_LOOP ( 'NONE', ( #1369, #887 ) ) ;
#2599 = LINE ( 'NONE', #1504, #1861 ) ;
#2600 = ORIENTED_EDGE ( 'NONE', *, *, #1178, .T. ) ;
#2601 = CARTESIAN_POINT ( 'NONE',  ( -55.98528137423858908, 17.49999999999999645, -6.000000000000043521 ) ) ;
#2602 = ORIENTED_EDGE ( 'NONE', *, *, #1074, .F. ) ;
#2603 = LINE ( 'NONE', #1468, #2038 ) ;
#2604 = FACE_BOUND ( 'NONE', #1719, .T. ) ;
#2605 = ORIENTED_EDGE ( 'NONE', *, *, #2742, .F. ) ;
#2606 = PLANE ( 'NONE',  #1134 ) ;
#2607 = PRODUCT_CONTEXT ( 'NONE', #639, 'mechanical' ) ;
#2608 = DIRECTION ( 'NONE',  ( 1.349221823327174429E-16, 1.967543734044216016E-16, -1.000000000000000000 ) ) ;
#2609 = ORIENTED_EDGE ( 'NONE', *, *, #1334, .T. ) ;
#2610 = CARTESIAN_POINT ( 'NONE',  ( 22.50000000000001066, 14.50000000000000178, 0.000000000000000000 ) ) ;
#2611 = AXIS2_PLACEMENT_3D ( 'NONE', #2068, #2254, #2682 ) ;
#2612 = ORIENTED_EDGE ( 'NONE', *, *, #1418, .F. ) ;
#2613 = CARTESIAN_POINT ( 'NONE',  ( -13.22785212217576500, 16.00071931617438636, 7.997801216307637517 ) ) ;
#2614 = ORIENTED_EDGE ( 'NONE', *, *, #1724, .T. ) ;
#2615 = AXIS2_PLACEMENT_3D ( 'NONE', #1404, #2093, #413 ) ;
#2616 = AXIS2_PLACEMENT_3D ( 'NONE', #1215, #1679, #2722 ) ;
#2617 = AXIS2_PLACEMENT_3D ( 'NONE', #76, #321, #502 ) ;
#2618 = CARTESIAN_POINT ( 'NONE',  ( -1.967969714915156931, 17.50000000000000355, 7.236404845301787958 ) ) ;
#2619 = FACE_OUTER_BOUND ( 'NONE', #2503, .T. ) ;
#2620 = AXIS2_PLACEMENT_3D ( 'NONE', #1659, #2528, #1014 ) ;
#2621 = ADVANCED_FACE ( 'NONE', ( #2499, #1427 ), #386, .T. ) ;
#2622 = AXIS2_PLACEMENT_3D ( 'NONE', #2027, #531, #516 ) ;
#2623 = CARTESIAN_POINT ( 'NONE',  ( -12.99999999999999822, 2.081899558550500280E-15, 0.000000000000000000 ) ) ;
#2624 = VECTOR ( 'NONE', #2292, 1000.000000000000000 ) ;
#2625 = VERTEX_POINT ( 'NONE', #619 ) ;
#2626 = CARTESIAN_POINT ( 'NONE',  ( -27.50000000000000711, -2.999999999999999556, -19.00000000000004974 ) ) ;
#2627 = EDGE_CURVE ( 'NONE', #527, #1391, #727, .T. ) ;
#2628 = VERTEX_POINT ( 'NONE', #813 ) ;
#2629 = EDGE_LOOP ( 'NONE', ( #1445, #2284, #1915, #272, #2142, #2128 ) ) ;
#2630 = CARTESIAN_POINT ( 'NONE',  ( 11.41817496169967683, -15.55972338575828928, 7.820072595717517672 ) ) ;
#2631 = DIRECTION ( 'NONE',  ( 0.000000000000000000, 1.000000000000000000, 1.003808469612657108E-16 ) ) ;
#2632 = CARTESIAN_POINT ( 'NONE',  ( 0.000000000000000000, 0.000000000000000000, 8.000000000000000000 ) ) ;
#2633 = CARTESIAN_POINT ( 'NONE',  ( 50.98528137423861750, 17.49999999999999645, -14.00000000000003730 ) ) ;
#2634 = ORIENTED_EDGE ( 'NONE', *, *, #1612, .F. ) ;
#2635 = VERTEX_POINT ( 'NONE', #357 ) ;
#2636 = EDGE_CURVE ( 'NONE', #2695, #1473, #2121, .T. ) ;
#2637 = CARTESIAN_POINT ( 'NONE',  ( 37.85530313790588508, 17.50000000000004263, -6.000000000000031974 ) ) ;
#2638 = DIRECTION ( 'NONE',  ( 0.000000000000000000, 0.000000000000000000, -1.000000000000000000 ) ) ;
#2639 = ORIENTED_EDGE ( 'NONE', *, *, #2145, .T. ) ;
#2640 = CARTESIAN_POINT ( 'NONE',  ( -10.10757791210802914, 13.82293516272660661, 7.001746634400491942 ) ) ;
#2641 = ORIENTED_EDGE ( 'NONE', *, *, #1158, .F. ) ;
#2642 = CARTESIAN_POINT ( 'NONE',  ( 3.837219318710695770, 17.50000000000000000, 7.372832897412100017 ) ) ;
#2643 = DIRECTION ( 'NONE',  ( 2.201794655477298988E-16, 2.201794655477297262E-16, -1.000000000000000000 ) ) ;
#2644 = CARTESIAN_POINT ( 'NONE',  ( -13.00000000000000711, -13.00000000000000000, 10.10628645568517214 ) ) ;
#2645 = CARTESIAN_POINT ( 'NONE',  ( 50.98528137423861750, 22.50000000000006040, -16.00000000000003908 ) ) ;
#2646 = EDGE_LOOP ( 'NONE', ( #1148, #970, #2444, #2414 ) ) ;
#2647 = CARTESIAN_POINT ( 'NONE',  ( -27.50000000000001066, -5.999999999999998224, -26.00000000000004619 ) ) ;
#2648 = ORIENTED_EDGE ( 'NONE', *, *, #772, .T. ) ;
#2649 = CARTESIAN_POINT ( 'NONE',  ( -51.74264068711926967, 17.50000000000000000, -20.00000000000004974 ) ) ;
#2650 = ORIENTED_EDGE ( 'NONE', *, *, #396, .F. ) ;
#2651 = CARTESIAN_POINT ( 'NONE',  ( -13.46477364128434573, 15.97343320111433229, 8.000000000000003553 ) ) ;
#2652 = ORIENTED_EDGE ( 'NONE', *, *, #1126, .T. ) ;
#2653 = B_SPLINE_CURVE_WITH_KNOTS ( 'NONE', 3,
 ( #996, #2708, #792, #1634, #578, #1968, #2153, #27, #1277, #1289, #1718, #871, #674, #1109, #897, #1094, #1936, #230 ),
 .UNSPECIFIED., .F., .F.,
 ( 4, 2, 2, 2, 2, 2, 2, 2, 4 ),
 ( 0.01145750503439545327, 0.01216411353112409680, 0.01287072202785274032, 0.01357733052458138384, 0.01428393902131002910, 0.01499054751803867436, 0.01569715601476732308, 0.01640376451149596834, 0.01711037300822461360 ),
 .UNSPECIFIED. ) ;
#2654 = VECTOR ( 'NONE', #2240, 1000.000000000000000 ) ;
#2655 = EDGE_CURVE ( 'NONE', #580, #1473, #2331, .T. ) ;
#2656 = VECTOR ( 'NONE', #173, 1000.000000000000000 ) ;
#2657 = CARTESIAN_POINT ( 'NONE',  ( -15.18213116176676181, 10.93173462415236230, 7.667525701926607873 ) ) ;
#2658 = FACE_OUTER_BOUND ( 'NONE', #949, .T. ) ;
#2659 = EDGE_CURVE ( 'NONE', #346, #2447, #1665, .T. ) ;
#2660 = CARTESIAN_POINT ( 'NONE',  ( -51.74264068711926967, 17.50000000000000000, -23.00000000000004974 ) ) ;
#2661 = VECTOR ( 'NONE', #453, 1000.000000000000000 ) ;
#2662 = DIRECTION ( 'NONE',  ( 0.000000000000000000, -0.000000000000000000, -1.000000000000000000 ) ) ;
#2663 = CIRCLE ( 'NONE', #2028, 2.000000000000001776 ) ;
#2664 = ORIENTED_EDGE ( 'NONE', *, *, #1226, .T. ) ;
#2665 = VECTOR ( 'NONE', #1495, 1000.000000000000000 ) ;
#2666 = DIRECTION ( 'NONE',  ( -0.7071067811865465735, -0.7071067811865484609, -0.000000000000000000 ) ) ;
#2667 = VERTEX_POINT ( 'NONE', #2065 ) ;
#2668 = CARTESIAN_POINT ( 'NONE',  ( 12.99999999999999289, 13.00000000000000000, 5.000000000000000000 ) ) ;
#2669 = CIRCLE ( 'NONE', #919, 1.600000000000000755 ) ;
#2670 = VERTEX_POINT ( 'NONE', #162 ) ;
#2671 = AXIS2_PLACEMENT_3D ( 'NONE', #2668, #1588, #1174 ) ;
#2672 = CARTESIAN_POINT ( 'NONE',  ( 14.88954866813370437, 10.66147194065679571, 7.538073631574986777 ) ) ;
#2673 = EDGE_LOOP ( 'NONE', ( #1551, #45 ) ) ;
#2674 = EDGE_CURVE ( 'NONE', #460, #923, #1815, .T. ) ;
#2675 = DIRECTION ( 'NONE',  ( 1.000000000000000000, 0.000000000000000000, 0.000000000000000000 ) ) ;
#2676 = LINE ( 'NONE', #1860, #2185 ) ;
#2677 = LINE ( 'NONE', #762, #428 ) ;
#2678 = LINE ( 'NONE', #1170, #2489 ) ;
#2679 = ORIENTED_EDGE ( 'NONE', *, *, #921, .F. ) ;
#2680 = EDGE_LOOP ( 'NONE', ( #2103, #1938, #2050, #415 ) ) ;
#2681 = FACE_OUTER_BOUND ( 'NONE', #207, .T. ) ;
#2682 = DIRECTION ( 'NONE',  ( 0.000000000000000000, 0.000000000000000000, 1.000000000000000000 ) ) ;
#2683 = VERTEX_POINT ( 'NONE', #801 ) ;
#2684 = CARTESIAN_POINT ( 'NONE',  ( 11.02152806793603013, 10.73488406029044562, 5.697391963236088763 ) ) ;
#2685 = ORIENTED_EDGE ( 'NONE', *, *, #1178, .F. ) ;
#2686 = PLANE ( 'NONE',  #907 ) ;
#2687 = CARTESIAN_POINT ( 'NONE',  ( -50.98528137423859619, 22.50000000000006040, -16.00000000000003908 ) ) ;
#2688 = EDGE_CURVE ( 'NONE', #60, #1825, #1496, .T. ) ;
#2689 = CARTESIAN_POINT ( 'NONE',  ( -37.24264068711929099, 3.000000000000003553, -23.00000000000004974 ) ) ;
#2690 = CARTESIAN_POINT ( 'NONE',  ( -50.98528137423859619, 22.50000000000006040, -16.00000000000003908 ) ) ;
#2691 = ORIENTED_EDGE ( 'NONE', *, *, #1962, .T. ) ;
#2692 = CARTESIAN_POINT ( 'NONE',  ( -10.10783261686790446, -13.82392130979527423, 7.002282553555953193 ) ) ;
#2693 = CARTESIAN_POINT ( 'NONE',  ( -51.74264068711925546, 17.49999999999999645, -21.75735931288075520 ) ) ;
#2694 = DIRECTION ( 'NONE',  ( -0.000000000000000000, -0.000000000000000000, -1.000000000000000000 ) ) ;
#2695 = VERTEX_POINT ( 'NONE', #577 ) ;
#2696 = DIRECTION ( 'NONE',  ( 1.000000000000000000, -5.329070518200752183E-15, 0.000000000000000000 ) ) ;
#2697 = FACE_OUTER_BOUND ( 'NONE', #430, .T. ) ;
#2698 = CARTESIAN_POINT ( 'NONE',  ( -13.15488991394307128, -9.998430134608849329, 6.632252868391908862 ) ) ;
#2699 = LINE ( 'NONE', #584, #2181 ) ;
#2700 = AXIS2_PLACEMENT_3D ( 'NONE', #2433, #733, #1879 ) ;
#2701 = EDGE_CURVE ( 'NONE', #2540, #60, #1011, .T. ) ;
#2702 = CIRCLE ( 'NONE', #1482, 2.000000000000001776 ) ;
#2703 = VERTEX_POINT ( 'NONE', #1716 ) ;
#2704 = CARTESIAN_POINT ( 'NONE',  ( -15.94521888576204738, -13.58277762649460207, 8.000000000000044409 ) ) ;
#2705 = CARTESIAN_POINT ( 'NONE',  ( -15.91775920689707213, 13.69762540848753929, 8.000000000000000000 ) ) ;
#2706 = ADVANCED_FACE ( 'NONE', ( #1500 ), #454, .F. ) ;
#2707 = AXIS2_PLACEMENT_3D ( 'NONE', #338, #2470, #2061 ) ;
#2708 = CARTESIAN_POINT ( 'NONE',  ( 13.46582898349950952, 15.97318087270348563, 8.000000000000072831 ) ) ;
#2709 = CARTESIAN_POINT ( 'NONE',  ( 11.52283605360332608, 10.38093317009417582, 5.817508256082455809 ) ) ;
#2710 = ORIENTED_EDGE ( 'NONE', *, *, #217, .F. ) ;
#2711 = CIRCLE ( 'NONE', #1101, 2.999999999999999112 ) ;
#2712 = EDGE_CURVE ( 'NONE', #2475, #1606, #390, .T. ) ;
#2713 = AXIS2_PLACEMENT_3D ( 'NONE', #1658, #4, #1646 ) ;
#2714 = LINE ( 'NONE', #1609, #1626 ) ;
#2715 = CARTESIAN_POINT ( 'NONE',  ( -10.58898180877348416, -11.20300007046016333, 5.727368187634419350 ) ) ;
#2716 = DIRECTION ( 'NONE',  ( -1.000000000000000000, -0.000000000000000000, -1.734723475976806848E-16 ) ) ;
#2717 = CARTESIAN_POINT ( 'NONE',  ( 29.62132034355965260, 6.893398282201784077, -23.00000000000003908 ) ) ;
#2718 = EDGE_CURVE ( 'NONE', #2683, #2252, #228, .T. ) ;
#2719 = ORIENTED_EDGE ( 'NONE', *, *, #585, .F. ) ;
#2720 = CARTESIAN_POINT ( 'NONE',  ( -10.72290420483474982, -14.96577337809249997, 7.573114867528918381 ) ) ;
#2721 = CARTESIAN_POINT ( 'NONE',  ( 27.50000000000000355, 9.014718625761410919, 25.51609221829270879 ) ) ;
#2722 = DIRECTION ( 'NONE',  ( -1.000000000000000000, 0.000000000000000000, 0.000000000000000000 ) ) ;
#2723 = EDGE_LOOP ( 'NONE', ( #2719, #1318, #301, #1673, #1137, #2067, #1122, #1705, #85 ) ) ;
#2724 = LINE ( 'NONE', #638, #248 ) ;
#2725 = EDGE_CURVE ( 'NONE', #540, #312, #1980, .T. ) ;
#2726 = CARTESIAN_POINT ( 'NONE',  ( 15.99999999999999289, -13.00000000000336975, 7.990755995505702813 ) ) ;
#2727 = CARTESIAN_POINT ( 'NONE',  ( -13.00000000000000711, -13.00000000000000000, 0.000000000000000000 ) ) ;
#2728 = DIRECTION ( 'NONE',  ( 0.000000000000000000, -0.000000000000000000, 1.000000000000000000 ) ) ;
#2729 = DIRECTION ( 'NONE',  ( -0.000000000000000000, -0.000000000000000000, 1.000000000000000000 ) ) ;
#2730 =( BOUNDED_CURVE ( )  B_SPLINE_CURVE ( 3, ( #184, #141, #1885, #1829 ),
 .UNSPECIFIED., .F., .T. ) 
 B_SPLINE_CURVE_WITH_KNOTS ( ( 4, 4 ),
 ( 3.113807863336590437E-16, 1.570796326794896336 ),
 .UNSPECIFIED. ) 
 CURVE ( )  GEOMETRIC_REPRESENTATION_ITEM ( )  RATIONAL_B_SPLINE_CURVE ( ( 1.000000000000000000, 0.8047378541243650485, 0.8047378541243650485, 1.000000000000000000 ) ) 
 REPRESENTATION_ITEM ( '' )  );
#2731 = ORIENTED_EDGE ( 'NONE', *, *, #217, .T. ) ;
#2732 = DIRECTION ( 'NONE',  ( -1.000000000000000000, -0.000000000000000000, -0.000000000000000000 ) ) ;
#2733 = VERTEX_POINT ( 'NONE', #1298 ) ;
#2734 = CARTESIAN_POINT ( 'NONE',  ( 50.98528137423861750, 22.50000000000006040, -16.00000000000003908 ) ) ;
#2735 = CARTESIAN_POINT ( 'NONE',  ( 55.98528137423861040, 17.50000000000003553, 25.51609221829271235 ) ) ;
#2736 = CARTESIAN_POINT ( 'NONE',  ( 15.99999999999999289, 12.99999999998332889, 7.990755995505095299 ) ) ;
#2737 = ORIENTED_EDGE ( 'NONE', *, *, #1247, .T. ) ;
#2738 = EDGE_CURVE ( 'NONE', #2023, #2530, #2555, .T. ) ;
#2739 = ORIENTED_EDGE ( 'NONE', *, *, #1972, .T. ) ;
#2740 = DIRECTION ( 'NONE',  ( 0.000000000000000000, -0.000000000000000000, -1.000000000000000000 ) ) ;
#2741 = CARTESIAN_POINT ( 'NONE',  ( 19.50000000000000711, -14.50000000000000178, 0.000000000000000000 ) ) ;
#2742 = EDGE_CURVE ( 'NONE', #2523, #1470, #64, .T. ) ;
#2743 = PLANE ( 'NONE',  #339 ) ;
#2744 = ADVANCED_FACE ( 'NONE', ( #55 ), #1068, .F. ) ;
#2745 = VECTOR ( 'NONE', #2570, 999.9999999999998863 ) ;
#2746 = ORIENTED_EDGE ( 'NONE', *, *, #2469, .T. ) ;
#2747 = FACE_OUTER_BOUND ( 'NONE', #137, .T. ) ;
#2748 = EDGE_LOOP ( 'NONE', ( #1787, #979, #246, #388, #2040 ) ) ;
#2749 = CIRCLE ( 'NONE', #1753, 2.000000000000001776 ) ;
#2750 = DIRECTION ( 'NONE',  ( -1.000000000000000000, -7.745271583493977455E-32, 2.201794655477302193E-16 ) ) ;
#2751 = CARTESIAN_POINT ( 'NONE',  ( -19.50000000000000355, 17.49999999999999645, -26.00000000000004263 ) ) ;
#2752 = DIRECTION ( 'NONE',  ( 3.413144305457568632E-32, -1.000000000000000000, -1.967543734044216016E-16 ) ) ;
#2753 = ORIENTED_EDGE ( 'NONE', *, *, #2145, .F. ) ;
#2754 = CIRCLE ( 'NONE', #2620, 3.000000000000000888 ) ;
#2755 = EDGE_LOOP ( 'NONE', ( #1727, #2006, #2411, #1914, #1465, #692, #1332, #617, #1964, #630, #1497, #1932, #837, #2187, #2273, #9 ) ) ;
#2756 = AXIS2_PLACEMENT_3D ( 'NONE', #844, #1685, #627 ) ;
#2757 = CARTESIAN_POINT ( 'NONE',  ( -38.98528137423858908, 17.49999999999999645, -18.00000000000003908 ) ) ;
#2758 = LINE ( 'NONE', #911, #1906 ) ;
#2759 = AXIS2_PLACEMENT_3D ( 'NONE', #888, #1035, #1971 ) ;
#2760 =( GEOMETRIC_REPRESENTATION_CONTEXT ( 3 ) GLOBAL_UNCERTAINTY_ASSIGNED_CONTEXT ( ( #229 ) ) GLOBAL_UNIT_ASSIGNED_CONTEXT ( ( #26, #1325, #2595 ) ) REPRESENTATION_CONTEXT ( 'NONE', 'WORKASPACE' ) );
#2761 = EDGE_CURVE ( 'NONE', #606, #2239, #884, .T. ) ;
#2762 = CYLINDRICAL_SURFACE ( 'NONE', #2756, 2.999999999999999112 ) ;
ENDSEC;
END-ISO-10303-21;
