ISO-10303-21;
HEADER;
FILE_DESCRIPTION (( 'STEP AP214' ),
    '1' );
FILE_NAME ('×óµç»úÖ§¼Ü.STEP',
    '2025-09-28T06:30:42',
    ( '' ),
    ( '' ),
    'SwSTEP 2.0',
    'SolidWorks 2025',
    '' );
FILE_SCHEMA (( 'AUTOMOTIVE_DESIGN' ));
ENDSEC;

DATA;
#1 = VERTEX_POINT ( 'NONE', #365 ) ;
#2 = DIRECTION ( 'NONE',  ( 4.336808689942014655E-17, 1.000000000000000000, -1.967543734044216262E-16 ) ) ;
#3 = FACE_OUTER_BOUND ( 'NONE', #2732, .T. ) ;
#4 = CARTESIAN_POINT ( 'NONE',  ( 15.91775920689705082, -31.30237459151244295, 8.000000000000000000 ) ) ;
#5 = ORIENTED_EDGE ( 'NONE', *, *, #2379, .F. ) ;
#6 = LINE ( 'NONE', #2363, #1328 ) ;
#7 = CARTESIAN_POINT ( 'NONE',  ( 27.50000000000000711, -38.25735931288070901, -20.00000000000004619 ) ) ;
#8 = CARTESIAN_POINT ( 'NONE',  ( -55.98528137423859619, -62.50000000000000000, 25.51609221829269813 ) ) ;
#9 = EDGE_LOOP ( 'NONE', ( #217, #448, #781, #2668, #1007, #2301, #1870 ) ) ;
#10 = FACE_OUTER_BOUND ( 'NONE', #255, .T. ) ;
#11 = AXIS2_PLACEMENT_3D ( 'NONE', #1830, #143, #1045 ) ;
#12 = ORIENTED_EDGE ( 'NONE', *, *, #675, .T. ) ;
#13 = LINE ( 'NONE', #1245, #1681 ) ;
#14 = AXIS2_PLACEMENT_3D ( 'NONE', #1680, #347, #607 ) ;
#15 = VECTOR ( 'NONE', #316, 1000.000000000000000 ) ;
#16 = DIRECTION ( 'NONE',  ( -1.000000000000000000, 7.745271583493977455E-32, 2.201794655477302193E-16 ) ) ;
#17 = CARTESIAN_POINT ( 'NONE',  ( 12.61072353119443079, -55.01956797383181197, 6.330234467144803645 ) ) ;
#18 = CIRCLE ( 'NONE', #2127, 20.99999999999999645 ) ;
#19 = AXIS2_PLACEMENT_3D ( 'NONE', #2604, #2619, #733 ) ;
#20 = EDGE_LOOP ( 'NONE', ( #2386, #2276, #2746, #1737 ) ) ;
#21 = DIRECTION ( 'NONE',  ( -9.376883653928686131E-17, 1.000000000000000000, -1.967543734044216262E-16 ) ) ;
#22 = VECTOR ( 'NONE', #2653, 1000.000000000000000 ) ;
#23 = DIRECTION ( 'NONE',  ( -0.000000000000000000, -0.000000000000000000, -1.000000000000000000 ) ) ;
#24 = DIRECTION ( 'NONE',  ( -3.413144305457568632E-32, -1.000000000000000000, 1.967543734044216016E-16 ) ) ;
#25 = ORIENTED_EDGE ( 'NONE', *, *, #2328, .T. ) ;
#26 = FACE_OUTER_BOUND ( 'NONE', #628, .T. ) ;
#27 = PLANE ( 'NONE',  #1190 ) ;
#28 = EDGE_CURVE ( 'NONE', #1828, #1353, #2134, .T. ) ;
#29 = EDGE_CURVE ( 'NONE', #1862, #2462, #1236, .T. ) ;
#30 = ORIENTED_EDGE ( 'NONE', *, *, #1125, .T. ) ;
#31 = DIRECTION ( 'NONE',  ( 0.000000000000000000, 0.000000000000000000, -1.000000000000000000 ) ) ;
#32 = FACE_OUTER_BOUND ( 'NONE', #1479, .T. ) ;
#33 = DIRECTION ( 'NONE',  ( 3.413144305457568632E-32, 1.000000000000000000, -1.967543734044216016E-16 ) ) ;
#34 = EDGE_CURVE ( 'NONE', #801, #2244, #2302, .T. ) ;
#35 = CARTESIAN_POINT ( 'NONE',  ( -50.98528137423859619, -62.50000000000000000, -18.00000000000003908 ) ) ;
#36 = ORIENTED_EDGE ( 'NONE', *, *, #1166, .F. ) ;
#37 = LINE ( 'NONE', #1128, #439 ) ;
#38 = CYLINDRICAL_SURFACE ( 'NONE', #1724, 2.999999999999999112 ) ;
#39 = CARTESIAN_POINT ( 'NONE',  ( 55.98528137423861750, -62.50000000000005684, -6.000000000000029310 ) ) ;
#40 = PRODUCT_DEFINITION_CONTEXT ( 'detailed design', #1388, 'design' ) ;
#41 = ORIENTED_EDGE ( 'NONE', *, *, #1682, .T. ) ;
#42 = FACE_BOUND ( 'NONE', #1602, .T. ) ;
#43 = FACE_OUTER_BOUND ( 'NONE', #2073, .T. ) ;
#44 = VERTEX_POINT ( 'NONE', #2095 ) ;
#45 = FACE_OUTER_BOUND ( 'NONE', #1155, .T. ) ;
#46 = DIRECTION ( 'NONE',  ( -0.000000000000000000, 0.000000000000000000, -1.000000000000000000 ) ) ;
#47 = ORIENTED_EDGE ( 'NONE', *, *, #1524, .F. ) ;
#48 = CARTESIAN_POINT ( 'NONE',  ( -15.91775920689707213, -31.30237459151246426, 8.000000000000000000 ) ) ;
#49 = LINE ( 'NONE', #292, #58 ) ;
#50 = ADVANCED_FACE ( 'NONE', ( #225 ), #2437, .F. ) ;
#51 = ORIENTED_EDGE ( 'NONE', *, *, #986, .T. ) ;
#52 = DIRECTION ( 'NONE',  ( 1.000000000000000000, 0.000000000000000000, 0.000000000000000000 ) ) ;
#53 = CARTESIAN_POINT ( 'NONE',  ( 55.98528137423861040, -62.50000000000004263, 25.51609221829271235 ) ) ;
#54 = ORIENTED_EDGE ( 'NONE', *, *, #2643, .T. ) ;
#55 = CARTESIAN_POINT ( 'NONE',  ( 19.50000000000000711, -22.50000000000000355, 8.000000000000000000 ) ) ;
#56 = CARTESIAN_POINT ( 'NONE',  ( -16.00000000000000711, -58.00000000000000000, 5.000000000000000000 ) ) ;
#57 = EDGE_LOOP ( 'NONE', ( #177, #2752 ) ) ;
#58 = VECTOR ( 'NONE', #1556, 1000.000000000000000 ) ;
#59 = DIRECTION ( 'NONE',  ( -0.000000000000000000, -0.000000000000000000, 1.000000000000000000 ) ) ;
#60 = DIRECTION ( 'NONE',  ( 0.000000000000000000, 0.000000000000000000, 1.000000000000000000 ) ) ;
#61 = EDGE_CURVE ( 'NONE', #1535, #1742, #1772, .T. ) ;
#62 = AXIS2_PLACEMENT_3D ( 'NONE', #1480, #2320, #424 ) ;
#63 = EDGE_CURVE ( 'NONE', #509, #1272, #612, .T. ) ;
#64 = AXIS2_PLACEMENT_3D ( 'NONE', #2547, #1493, #1706 ) ;
#65 = AXIS2_PLACEMENT_3D ( 'NONE', #2576, #23, #271 ) ;
#66 = AXIS2_PLACEMENT_3D ( 'NONE', #878, #1886, #2727 ) ;
#67 = VECTOR ( 'NONE', #1209, 1000.000000000000000 ) ;
#68 = EDGE_LOOP ( 'NONE', ( #1746, #1916, #1893, #163 ) ) ;
#69 = CARTESIAN_POINT ( 'NONE',  ( 19.50000000000000711, -25.50000000000000355, -63.85498646149545721 ) ) ;
#70 = PLANE ( 'NONE',  #1545 ) ;
#71 = ORIENTED_EDGE ( 'NONE', *, *, #484, .T. ) ;
#72 = CYLINDRICAL_SURFACE ( 'NONE', #442, 2.999999999999999112 ) ;
#73 = EDGE_LOOP ( 'NONE', ( #169, #533, #1949, #1142 ) ) ;
#74 = CARTESIAN_POINT ( 'NONE',  ( -19.50000000000000355, -62.50000000000000000, -26.00000000000004263 ) ) ;
#75 = ADVANCED_FACE ( 'NONE', ( #279 ), #38, .F. ) ;
#76 = VERTEX_POINT ( 'NONE', #2554 ) ;
#77 = CARTESIAN_POINT ( 'NONE',  ( -48.74264068711926967, -59.50000000000000711, -23.00000000000004974 ) ) ;
#78 = DIRECTION ( 'NONE',  ( -1.000000000000000000, 0.000000000000000000, 0.000000000000000000 ) ) ;
#79 = PLANE ( 'NONE',  #1638 ) ;
#80 = DIRECTION ( 'NONE',  ( 3.413144305457568632E-32, 1.000000000000000000, -1.967543734044216016E-16 ) ) ;
#81 = ORIENTED_EDGE ( 'NONE', *, *, #795, .F. ) ;
#82 = DIRECTION ( 'NONE',  ( -0.000000000000000000, 0.000000000000000000, -1.000000000000000000 ) ) ;
#83 = PLANE ( 'NONE',  #1688 ) ;
#84 = ORIENTED_EDGE ( 'NONE', *, *, #970, .F. ) ;
#85 = CYLINDRICAL_SURFACE ( 'NONE', #149, 1.600000000000000755 ) ;
#86 = CYLINDRICAL_SURFACE ( 'NONE', #1808, 2.000000000000001776 ) ;
#87 = ORIENTED_EDGE ( 'NONE', *, *, #1089, .F. ) ;
#88 = CARTESIAN_POINT ( 'NONE',  ( -51.74264068711926967, -62.50000000000000000, -20.00000000000004974 ) ) ;
#89 = DIRECTION ( 'NONE',  ( -0.000000000000000000, -0.000000000000000000, -1.000000000000000000 ) ) ;
#90 = CARTESIAN_POINT ( 'NONE',  ( -13.33969490262662738, -34.98634658822520294, 6.735893207495648127 ) ) ;
#91 = CARTESIAN_POINT ( 'NONE',  ( 36.50000000000004263, -61.25735931288075165, -23.00000000000003908 ) ) ;
#92 = ADVANCED_FACE ( 'NONE', ( #897, #460, #2353, #1136, #682, #1979 ), #1942, .F. ) ;
#93 = EDGE_CURVE ( 'NONE', #203, #2707, #1758, .T. ) ;
#94 = ORIENTED_EDGE ( 'NONE', *, *, #1040, .F. ) ;
#95 = EDGE_CURVE ( 'NONE', #522, #1495, #2375, .T. ) ;
#96 = CARTESIAN_POINT ( 'NONE',  ( -12.99999999999999822, -45.00000000000000711, 0.000000000000000000 ) ) ;
#97 = ORIENTED_EDGE ( 'NONE', *, *, #2329, .F. ) ;
#98 = CARTESIAN_POINT ( 'NONE',  ( -10.34870636088559692, -30.57969990840614471, 7.313558846581535100 ) ) ;
#99 = DIRECTION ( 'NONE',  ( 0.000000000000000000, -1.983092367326398450E-16, 1.000000000000000000 ) ) ;
#100 = FACE_OUTER_BOUND ( 'NONE', #956, .T. ) ;
#101 = AXIS2_PLACEMENT_3D ( 'NONE', #1611, #1385, #2354 ) ;
#102 = AXIS2_PLACEMENT_3D ( 'NONE', #672, #433, #2521 ) ;
#103 = TOROIDAL_SURFACE ( 'NONE', #1500, 20.99999999999999645, 8.000000000000000000 ) ;
#104 = AXIS2_PLACEMENT_3D ( 'NONE', #811, #309, #1198 ) ;
#105 = AXIS2_PLACEMENT_3D ( 'NONE', #1383, #291, #1354 ) ;
#106 = ORIENTED_EDGE ( 'NONE', *, *, #920, .F. ) ;
#107 = CARTESIAN_POINT ( 'NONE',  ( -15.82569790751597871, -33.02898338342542672, 7.918050460572213289 ) ) ;
#108 = CIRCLE ( 'NONE', #340, 2.999999999999999112 ) ;
#109 = VERTEX_POINT ( 'NONE', #936 ) ;
#110 = EDGE_CURVE ( 'NONE', #2462, #2477, #331, .T. ) ;
#111 = DIRECTION ( 'NONE',  ( 0.000000000000000000, 0.000000000000000000, 1.000000000000000000 ) ) ;
#112 = DIRECTION ( 'NONE',  ( 1.875376730785737226E-16, 1.000000000000000000, -2.201794655477296769E-16 ) ) ;
#113 = ORIENTED_EDGE ( 'NONE', *, *, #1438, .F. ) ;
#114 = DIRECTION ( 'NONE',  ( 3.413144305457568632E-32, 1.000000000000000000, -1.967543734044216016E-16 ) ) ;
#115 = CARTESIAN_POINT ( 'NONE',  ( -11.69548996046115796, -55.29156697536887322, 5.883455926273257752 ) ) ;
#116 = DIRECTION ( 'NONE',  ( 1.875376730785737226E-16, -1.000000000000000000, 1.967543734044216262E-16 ) ) ;
#117 = CARTESIAN_POINT ( 'NONE',  ( 50.98528137423861750, -67.50000000000005684, -16.00000000000003908 ) ) ;
#118 = DIRECTION ( 'NONE',  ( -3.413144305457568632E-32, -1.000000000000000000, 1.967543734044216016E-16 ) ) ;
#119 = ORIENTED_EDGE ( 'NONE', *, *, #239, .F. ) ;
#120 = CARTESIAN_POINT ( 'NONE',  ( 10.36791544664565379, -33.45386298679700587, 5.825672054272243550 ) ) ;
#121 = CARTESIAN_POINT ( 'NONE',  ( 12.99999999999999289, -32.00000000000000711, 5.000000000000000000 ) ) ;
#122 = CARTESIAN_POINT ( 'NONE',  ( 12.99999999999999289, -32.00000000000000711, 5.000000000000000000 ) ) ;
#123 = DIRECTION ( 'NONE',  ( 1.000000000000000000, 0.000000000000000000, 0.000000000000000000 ) ) ;
#124 = CARTESIAN_POINT ( 'NONE',  ( -15.31647697419172260, -33.91710248433046360, 7.723533548847467678 ) ) ;
#125 = ORIENTED_EDGE ( 'NONE', *, *, #348, .F. ) ;
#126 = FACE_OUTER_BOUND ( 'NONE', #1673, .T. ) ;
#127 = DIRECTION ( 'NONE',  ( 1.000000000000000000, 1.875376730785737226E-16, -0.000000000000000000 ) ) ;
#128 = VERTEX_POINT ( 'NONE', #1784 ) ;
#129 = CARTESIAN_POINT ( 'NONE',  ( -11.83732302879439047, -29.22461351129495455, 7.900209933170499355 ) ) ;
#130 = EDGE_CURVE ( 'NONE', #2477, #2462, #2246, .T. ) ;
#131 = EDGE_CURVE ( 'NONE', #1220, #1207, #879, .T. ) ;
#132 = CARTESIAN_POINT ( 'NONE',  ( 15.18209200763485534, -34.06831532334098256, 7.667510093126193027 ) ) ;
#133 = EDGE_CURVE ( 'NONE', #2089, #2323, #882, .T. ) ;
#134 = ORIENTED_EDGE ( 'NONE', *, *, #2216, .F. ) ;
#135 = CARTESIAN_POINT ( 'NONE',  ( -14.60000000000000675, -58.00000000000000000, 5.000000000000000000 ) ) ;
#136 = CARTESIAN_POINT ( 'NONE',  ( -13.00000000000000711, -32.00000000000000711, 8.000000000000000000 ) ) ;
#137 = VERTEX_POINT ( 'NONE', #2376 ) ;
#138 = CARTESIAN_POINT ( 'NONE',  ( -17.49999999999999645, -42.00000000000000711, -23.00000000000004974 ) ) ;
#139 = CARTESIAN_POINT ( 'NONE',  ( -19.50000000000000711, -45.00000000000000711, -19.00000000000004974 ) ) ;
#140 = VERTEX_POINT ( 'NONE', #493 ) ;
#141 = CARTESIAN_POINT ( 'NONE',  ( -10.02165942242981700, -31.58410830642245770, 6.778485628636982341 ) ) ;
#142 = CARTESIAN_POINT ( 'NONE',  ( -37.24264068711929099, -48.00000000000000711, -23.00000000000004974 ) ) ;
#143 = DIRECTION ( 'NONE',  ( -8.786684129385964350E-17, 1.000000000000000000, -1.967543734044216262E-16 ) ) ;
#144 = ORIENTED_EDGE ( 'NONE', *, *, #1103, .T. ) ;
#145 = CARTESIAN_POINT ( 'NONE',  ( 12.60417499751037695, -34.97956711749317549, 6.326672607595870801 ) ) ;
#146 = AXIS2_PLACEMENT_3D ( 'NONE', #2424, #1667, #1227 ) ;
#147 = VERTEX_POINT ( 'NONE', #1769 ) ;
#148 = AXIS2_PLACEMENT_3D ( 'NONE', #1819, #373, #2433 ) ;
#149 = AXIS2_PLACEMENT_3D ( 'NONE', #1371, #958, #1176 ) ;
#150 = EDGE_CURVE ( 'NONE', #1993, #1024, #1567, .T. ) ;
#151 = CARTESIAN_POINT ( 'NONE',  ( -10.71826096059522193, -33.95928426898510111, 5.699527415062314972 ) ) ;
#152 = DIRECTION ( 'NONE',  ( -1.349221823327174429E-16, 1.967543734044216016E-16, 1.000000000000000000 ) ) ;
#153 = AXIS2_PLACEMENT_3D ( 'NONE', #2750, #2342, #228 ) ;
#154 = AXIS2_PLACEMENT_3D ( 'NONE', #2349, #1288, #453 ) ;
#155 =( BOUNDED_CURVE ( )  B_SPLINE_CURVE ( 3, ( #1643, #767, #1217, #1847 ),
 .UNSPECIFIED., .F., .T. ) 
 B_SPLINE_CURVE_WITH_KNOTS ( ( 4, 4 ),
 ( 4.712388980384689674, 6.283185307179584456 ),
 .UNSPECIFIED. ) 
 CURVE ( )  GEOMETRIC_REPRESENTATION_ITEM ( )  RATIONAL_B_SPLINE_CURVE ( ( 1.000000000000000000, 0.8047378541243649375, 0.8047378541243649375, 1.000000000000000000 ) ) 
 REPRESENTATION_ITEM ( '' )  );
#156 = ORIENTED_EDGE ( 'NONE', *, *, #1165, .F. ) ;
#157 = VECTOR ( 'NONE', #2405, 1000.000000000000000 ) ;
#158 = AXIS2_PLACEMENT_3D ( 'NONE', #2625, #59, #957 ) ;
#159 = LINE ( 'NONE', #2238, #845 ) ;
#160 = ORIENTED_EDGE ( 'NONE', *, *, #1122, .T. ) ;
#161 = CYLINDRICAL_SURFACE ( 'NONE', #1416, 2.000000000000001776 ) ;
#162 = DIRECTION ( 'NONE',  ( -1.000000000000000000, 7.745271583493977455E-32, 2.201794655477302193E-16 ) ) ;
#163 = ORIENTED_EDGE ( 'NONE', *, *, #1601, .T. ) ;
#164 = ORIENTED_EDGE ( 'NONE', *, *, #2192, .T. ) ;
#165 = DIRECTION ( 'NONE',  ( 3.413144305457568632E-32, 1.000000000000000000, -1.967543734044216016E-16 ) ) ;
#166 = CARTESIAN_POINT ( 'NONE',  ( -27.50000000000000711, -45.00000000000000711, -19.00000000000004974 ) ) ;
#167 = FACE_OUTER_BOUND ( 'NONE', #2608, .T. ) ;
#168 = ADVANCED_FACE ( 'NONE', ( #1129 ), #238, .F. ) ;
#169 = ORIENTED_EDGE ( 'NONE', *, *, #2329, .T. ) ;
#170 = CARTESIAN_POINT ( 'NONE',  ( -55.98528137423858908, -62.50000000000000000, -26.00000000000004619 ) ) ;
#171 = DIRECTION ( 'NONE',  ( 1.000000000000000000, 0.000000000000000000, 0.000000000000000000 ) ) ;
#172 = EDGE_CURVE ( 'NONE', #648, #1404, #1355, .T. ) ;
#173 = VERTEX_POINT ( 'NONE', #1527 ) ;
#174 = LINE ( 'NONE', #1883, #2736 ) ;
#175 = CARTESIAN_POINT ( 'NONE',  ( 55.98528137423860329, -59.50000000000004974, -20.00000000000004263 ) ) ;
#176 = VERTEX_POINT ( 'NONE', #7 ) ;
#177 = ORIENTED_EDGE ( 'NONE', *, *, #1237, .F. ) ;
#178 = LINE ( 'NONE', #1077, #1319 ) ;
#179 = CARTESIAN_POINT ( 'NONE',  ( -37.85530313790587797, -67.50000000000005684, -6.000000000000043521 ) ) ;
#180 = VERTEX_POINT ( 'NONE', #1150 ) ;
#181 = CARTESIAN_POINT ( 'NONE',  ( 10.34799735598350523, -30.58117591460421636, 7.312807326244305628 ) ) ;
#182 = DIRECTION ( 'NONE',  ( 1.000000000000000000, 0.000000000000000000, 0.000000000000000000 ) ) ;
#183 = EDGE_CURVE ( 'NONE', #1, #522, #49, .T. ) ;
#184 = EDGE_CURVE ( 'NONE', #1913, #1130, #1345, .T. ) ;
#185 = ORIENTED_EDGE ( 'NONE', *, *, #2602, .F. ) ;
#186 = CARTESIAN_POINT ( 'NONE',  ( 38.98528137423861750, -67.50000000000005684, -16.00000000000003908 ) ) ;
#187 = DIRECTION ( 'NONE',  ( 0.000000000000000000, 0.000000000000000000, 1.000000000000000000 ) ) ;
#188 = DIRECTION ( 'NONE',  ( 0.000000000000000000, 0.000000000000000000, -1.000000000000000000 ) ) ;
#189 = DIRECTION ( 'NONE',  ( 3.413144305457568632E-32, 1.000000000000000000, -1.967543734044216016E-16 ) ) ;
#190 = CARTESIAN_POINT ( 'NONE',  ( 10.08515990522919203, -57.26631339590817760, 6.148382657207829283 ) ) ;
#191 = VERTEX_POINT ( 'NONE', #549 ) ;
#192 = DIRECTION ( 'NONE',  ( 0.000000000000000000, 0.000000000000000000, 1.000000000000000000 ) ) ;
#193 = DIRECTION ( 'NONE',  ( 2.201794655477302193E-16, 2.201794655477296276E-16, 1.000000000000000000 ) ) ;
#194 = LINE ( 'NONE', #429, #330 ) ;
#195 = VECTOR ( 'NONE', #495, 1000.000000000000000 ) ;
#196 = VERTEX_POINT ( 'NONE', #1163 ) ;
#197 = CARTESIAN_POINT ( 'NONE',  ( 10.17284604733588615, -30.97365681319291397, 7.110778222834854390 ) ) ;
#198 = FACE_OUTER_BOUND ( 'NONE', #280, .T. ) ;
#199 = DIRECTION ( 'NONE',  ( 0.000000000000000000, 0.000000000000000000, -1.000000000000000000 ) ) ;
#200 = VECTOR ( 'NONE', #990, 999.9999999999998863 ) ;
#201 = CIRCLE ( 'NONE', #516, 2.000000000000001776 ) ;
#202 = EDGE_CURVE ( 'NONE', #2318, #1608, #1192, .T. ) ;
#203 = VERTEX_POINT ( 'NONE', #2434 ) ;
#204 = VECTOR ( 'NONE', #1951, 999.9999999999998863 ) ;
#205 = ADVANCED_FACE ( 'NONE', ( #968 ), #1995, .T. ) ;
#206 = CARTESIAN_POINT ( 'NONE',  ( 11.39999999999999147, -32.00000000000000711, 5.000000000000000000 ) ) ;
#207 = CARTESIAN_POINT ( 'NONE',  ( -19.50000000000000711, -30.50000000000000355, -26.00000000000004974 ) ) ;
#208 = AXIS2_PLACEMENT_3D ( 'NONE', #1242, #2706, #1451 ) ;
#209 = CARTESIAN_POINT ( 'NONE',  ( -50.98528137423859619, -62.50000000000000000, -14.00000000000003730 ) ) ;
#210 = ADVANCED_FACE ( 'NONE', ( #759 ), #85, .F. ) ;
#211 = VERTEX_POINT ( 'NONE', #2038 ) ;
#212 = EDGE_CURVE ( 'NONE', #2557, #891, #303, .T. ) ;
#213 = CARTESIAN_POINT ( 'NONE',  ( 27.50000000000000000, -62.50000000000001421, -20.00000000000003908 ) ) ;
#214 = EDGE_CURVE ( 'NONE', #1631, #1487, #2018, .T. ) ;
#215 = PLANE ( 'NONE',  #2510 ) ;
#216 = DIRECTION ( 'NONE',  ( 1.000000000000000000, 0.000000000000000000, 0.000000000000000000 ) ) ;
#217 = ORIENTED_EDGE ( 'NONE', *, *, #1468, .T. ) ;
#218 = CARTESIAN_POINT ( 'NONE',  ( 30.50000000000000000, -52.77207793864213414, -23.00000000000003908 ) ) ;
#219 = CYLINDRICAL_SURFACE ( 'NONE', #334, 2.999999999999999112 ) ;
#220 = CARTESIAN_POINT ( 'NONE',  ( -20.99999999999999645, -45.00000000000000711, 8.000000000000000000 ) ) ;
#221 = ORIENTED_EDGE ( 'NONE', *, *, #2532, .F. ) ;
#222 = CARTESIAN_POINT ( 'NONE',  ( -11.41424935028589971, -60.55745861196658097, 7.819216550318225600 ) ) ;
#223 = CARTESIAN_POINT ( 'NONE',  ( 15.89103368049205756, -57.17220717516569550, 7.940954580710107180 ) ) ;
#224 = ORIENTED_EDGE ( 'NONE', *, *, #110, .F. ) ;
#225 = FACE_OUTER_BOUND ( 'NONE', #848, .T. ) ;
#226 = ADVANCED_FACE ( 'NONE', ( #1829 ), #2660, .T. ) ;
#227 = ADVANCED_FACE ( 'NONE', ( #947 ), #1795, .F. ) ;
#228 = DIRECTION ( 'NONE',  ( 1.000000000000000000, 0.000000000000000000, 0.000000000000000000 ) ) ;
#229 = DIRECTION ( 'NONE',  ( -1.000000000000000000, 0.000000000000000000, 0.000000000000000000 ) ) ;
#230 = ADVANCED_FACE ( 'NONE', ( #2646 ), #744, .F. ) ;
#231 = ORIENTED_EDGE ( 'NONE', *, *, #1528, .T. ) ;
#232 = CARTESIAN_POINT ( 'NONE',  ( 13.69762540848755350, -29.08224079310294741, 8.000000000000000000 ) ) ;
#233 = CARTESIAN_POINT ( 'NONE',  ( 27.50000000000000711, -38.25735931288071612, -26.00000000000003908 ) ) ;
#234 = EDGE_LOOP ( 'NONE', ( #1779, #1343 ) ) ;
#235 = CARTESIAN_POINT ( 'NONE',  ( -13.00000000000000711, -32.00000000000000711, 5.000000000000000000 ) ) ;
#236 = VERTEX_POINT ( 'NONE', #728 ) ;
#237 = CARTESIAN_POINT ( 'NONE',  ( -19.50000000000000355, -59.50000000000001421, -63.85498646149545721 ) ) ;
#238 = CYLINDRICAL_SURFACE ( 'NONE', #290, 2.000000000000001776 ) ;
#239 = EDGE_CURVE ( 'NONE', #648, #709, #2423, .T. ) ;
#240 = EDGE_CURVE ( 'NONE', #801, #140, #2226, .T. ) ;
#241 = CARTESIAN_POINT ( 'NONE',  ( 14.59999999999999254, -58.00000000000000000, 0.000000000000000000 ) ) ;
#242 = ORIENTED_EDGE ( 'NONE', *, *, #2315, .F. ) ;
#243 = ADVANCED_FACE ( 'NONE', ( #43 ), #70, .T. ) ;
#244 = CARTESIAN_POINT ( 'NONE',  ( -27.50000000000001066, -30.50000000000000000, -26.00000000000004974 ) ) ;
#245 = CARTESIAN_POINT ( 'NONE',  ( -27.50000000000000711, -62.50000000000000000, 8.000000000000000000 ) ) ;
#246 = VECTOR ( 'NONE', #670, 1000.000000000000000 ) ;
#247 = VERTEX_POINT ( 'NONE', #2173 ) ;
#248 = LINE ( 'NONE', #2617, #477 ) ;
#249 = AXIS2_PLACEMENT_3D ( 'NONE', #414, #193, #2085 ) ;
#250 = CIRCLE ( 'NONE', #1984, 3.000000000000002665 ) ;
#251 = FACE_OUTER_BOUND ( 'NONE', #717, .T. ) ;
#252 = CARTESIAN_POINT ( 'NONE',  ( 11.02152806793599460, -55.73488406029049713, 5.697391963236086099 ) ) ;
#253 = AXIS2_PLACEMENT_3D ( 'NONE', #1934, #2305, #182 ) ;
#254 = VECTOR ( 'NONE', #1794, 1000.000000000000000 ) ;
#255 = EDGE_LOOP ( 'NONE', ( #763, #1790, #2583, #973 ) ) ;
#256 = DIRECTION ( 'NONE',  ( 1.000000000000000000, 0.000000000000000000, 0.000000000000000000 ) ) ;
#257 = CARTESIAN_POINT ( 'NONE',  ( -27.50000000000000711, -62.50000000000000000, -26.00000000000004263 ) ) ;
#258 = AXIS2_PLACEMENT_3D ( 'NONE', #993, #1041, #1620 ) ;
#259 = AXIS2_PLACEMENT_3D ( 'NONE', #2429, #2232, #1434 ) ;
#260 = CARTESIAN_POINT ( 'NONE',  ( 39.26362404039937104, -65.77834266616081038, -7.359999686864140855 ) ) ;
#261 = ORIENTED_EDGE ( 'NONE', *, *, #1464, .F. ) ;
#262 = CARTESIAN_POINT ( 'NONE',  ( 19.50000000000000711, -25.49999999999999645, -26.00000000000004263 ) ) ;
#263 = EDGE_CURVE ( 'NONE', #307, #2373, #1411, .T. ) ;
#264 = ADVANCED_FACE ( 'NONE', ( #1551 ), #508, .F. ) ;
#265 = DIRECTION ( 'NONE',  ( 0.000000000000000000, 0.000000000000000000, 1.000000000000000000 ) ) ;
#266 = EDGE_LOOP ( 'NONE', ( #2523, #2432, #1466, #1695 ) ) ;
#267 = EDGE_CURVE ( 'NONE', #1704, #319, #1065, .T. ) ;
#268 = CARTESIAN_POINT ( 'NONE',  ( 9.999999999999992895, -58.00000000000000000, 5.000000000000000000 ) ) ;
#269 = ORIENTED_EDGE ( 'NONE', *, *, #441, .F. ) ;
#270 = DIRECTION ( 'NONE',  ( -3.413144305457568632E-32, -1.000000000000000000, 1.967543734044216016E-16 ) ) ;
#271 = DIRECTION ( 'NONE',  ( 1.000000000000000000, 0.000000000000000000, 0.000000000000000000 ) ) ;
#272 = EDGE_LOOP ( 'NONE', ( #1793, #2135, #965, #1033 ) ) ;
#273 = DIRECTION ( 'NONE',  ( 1.000000000000000000, 0.000000000000000000, 0.000000000000000000 ) ) ;
#274 = ORIENTED_EDGE ( 'NONE', *, *, #1367, .F. ) ;
#275 = EDGE_CURVE ( 'NONE', #307, #1704, #1158, .T. ) ;
#276 = CARTESIAN_POINT ( 'NONE',  ( -16.00000000000000711, -57.99999999999999289, 7.990755995505600673 ) ) ;
#277 = DIRECTION ( 'NONE',  ( 1.000000000000000000, 0.000000000000000000, 0.000000000000000000 ) ) ;
#278 = VERTEX_POINT ( 'NONE', #1736 ) ;
#279 = FACE_OUTER_BOUND ( 'NONE', #896, .T. ) ;
#280 = EDGE_LOOP ( 'NONE', ( #1091, #2573, #417, #2705, #641, #185, #929, #804, #751, #1884, #1849, #2726 ) ) ;
#281 = DIRECTION ( 'NONE',  ( 0.000000000000000000, 0.000000000000000000, 1.000000000000000000 ) ) ;
#282 = CARTESIAN_POINT ( 'NONE',  ( -35.98528137423858908, -62.50000000000000000, 25.51609221829270169 ) ) ;
#283 = ORIENTED_EDGE ( 'NONE', *, *, #552, .T. ) ;
#284 = DIRECTION ( 'NONE',  ( 1.000000000000000000, -7.745271583493977455E-32, -2.201794655477302193E-16 ) ) ;
#285 = LINE ( 'NONE', #1332, #2129 ) ;
#286 = EDGE_CURVE ( 'NONE', #2143, #1836, #488, .T. ) ;
#287 = ADVANCED_FACE ( 'NONE', ( #2358 ), #1954, .F. ) ;
#288 = EDGE_LOOP ( 'NONE', ( #2659, #1148, #962, #586 ) ) ;
#289 = AXIS2_PLACEMENT_3D ( 'NONE', #166, #1021, #1875 ) ;
#290 = AXIS2_PLACEMENT_3D ( 'NONE', #2191, #2564, #2397 ) ;
#291 = DIRECTION ( 'NONE',  ( -1.000000000000000000, 1.875376730785737226E-16, 0.000000000000000000 ) ) ;
#292 = CARTESIAN_POINT ( 'NONE',  ( 11.39999999999999147, -58.00000000000000000, 10.10628645568517214 ) ) ;
#293 = AXIS2_PLACEMENT_3D ( 'NONE', #1349, #265, #1749 ) ;
#294 = EDGE_CURVE ( 'NONE', #196, #2455, #1534, .T. ) ;
#295 = AXIS2_PLACEMENT_3D ( 'NONE', #2233, #152, #2702 ) ;
#296 = ORIENTED_EDGE ( 'NONE', *, *, #1717, .T. ) ;
#297 = DIRECTION ( 'NONE',  ( 1.349221823327174429E-16, -1.967543734044216016E-16, -1.000000000000000000 ) ) ;
#298 = CARTESIAN_POINT ( 'NONE',  ( 37.85530313790588508, -67.50000000000005684, -6.000000000000035527 ) ) ;
#299 = FACE_OUTER_BOUND ( 'NONE', #1617, .T. ) ;
#300 = ORIENTED_EDGE ( 'NONE', *, *, #1754, .F. ) ;
#301 = DIRECTION ( 'NONE',  ( 0.000000000000000000, 0.000000000000000000, 1.000000000000000000 ) ) ;
#302 = VERTEX_POINT ( 'NONE', #206 ) ;
#303 = LINE ( 'NONE', #74, #1013 ) ;
#304 = FACE_OUTER_BOUND ( 'NONE', #1117, .T. ) ;
#305 = DIRECTION ( 'NONE',  ( -1.000000000000000000, 0.000000000000000000, 0.000000000000000000 ) ) ;
#306 = EDGE_CURVE ( 'NONE', #278, #247, #1154, .T. ) ;
#307 = VERTEX_POINT ( 'NONE', #2118 ) ;
#308 = LINE ( 'NONE', #1034, #1585 ) ;
#309 = DIRECTION ( 'NONE',  ( -0.000000000000000000, -0.000000000000000000, -1.000000000000000000 ) ) ;
#310 = CARTESIAN_POINT ( 'NONE',  ( -14.88785344437071601, -34.33994327884565934, 7.537304800504843527 ) ) ;
#311 = DIRECTION ( 'NONE',  ( 1.000000000000000000, 8.786684129385964350E-17, 0.000000000000000000 ) ) ;
#312 = DIRECTION ( 'NONE',  ( -0.7071067811865472397, -0.7071067811865479058, 0.000000000000000000 ) ) ;
#313 = ORIENTED_EDGE ( 'NONE', *, *, #1966, .T. ) ;
#314 = CARTESIAN_POINT ( 'NONE',  ( -16.00000000000000711, -32.00000000000000711, 5.000000000000000000 ) ) ;
#315 = VERTEX_POINT ( 'NONE', #2724 ) ;
#316 = DIRECTION ( 'NONE',  ( -0.000000000000000000, -1.000000000000000000, 2.201794655477297262E-16 ) ) ;
#317 = CARTESIAN_POINT ( 'NONE',  ( 10.17276737868303549, -59.02600818645603908, 7.110594165352967622 ) ) ;
#318 = EDGE_CURVE ( 'NONE', #2005, #2020, #1472, .T. ) ;
#319 = VERTEX_POINT ( 'NONE', #2507 ) ;
#320 = CARTESIAN_POINT ( 'NONE',  ( -10.13583784413941480, -32.91324301535928498, 6.057721687851632453 ) ) ;
#321 = DIRECTION ( 'NONE',  ( 0.000000000000000000, 0.000000000000000000, 1.000000000000000000 ) ) ;
#322 = EDGE_CURVE ( 'NONE', #2430, #147, #615, .T. ) ;
#323 = ORIENTED_EDGE ( 'NONE', *, *, #1662, .F. ) ;
#324 = CARTESIAN_POINT ( 'NONE',  ( -27.50000000000000711, -62.50000000000000000, 8.000000000000000000 ) ) ;
#325 = CARTESIAN_POINT ( 'NONE',  ( -22.50000000000000355, -62.50000000000000000, 0.000000000000000000 ) ) ;
#326 = ORIENTED_EDGE ( 'NONE', *, *, #2150, .F. ) ;
#327 = CARTESIAN_POINT ( 'NONE',  ( -14.89053834327388692, -55.66220555978612339, 7.538533992223944935 ) ) ;
#328 = CARTESIAN_POINT ( 'NONE',  ( 55.98528137423861040, -67.50000000000004263, 25.51609221829271235 ) ) ;
#329 = CARTESIAN_POINT ( 'NONE',  ( 22.50000000000001066, -62.50000000000000000, -26.00000000000003553 ) ) ;
#330 = VECTOR ( 'NONE', #1930, 1000.000000000000000 ) ;
#331 = CIRCLE ( 'NONE', #1897, 2.000000000000001776 ) ;
#332 = ORIENTED_EDGE ( 'NONE', *, *, #736, .F. ) ;
#333 = VECTOR ( 'NONE', #1390, 1000.000000000000000 ) ;
#334 = AXIS2_PLACEMENT_3D ( 'NONE', #1093, #434, #1308 ) ;
#335 = AXIS2_PLACEMENT_3D ( 'NONE', #235, #1098, #2372 ) ;
#336 = CIRCLE ( 'NONE', #2253, 1.600000000000000755 ) ;
#337 = CARTESIAN_POINT ( 'NONE',  ( -50.98528137423859619, -67.50000000000005684, -18.00000000000003908 ) ) ;
#338 = CYLINDRICAL_SURFACE ( 'NONE', #2374, 2.999999999999999112 ) ;
#339 = CARTESIAN_POINT ( 'NONE',  ( 15.99999999999999289, -58.00000000000000000, 5.000000000000000000 ) ) ;
#340 = AXIS2_PLACEMENT_3D ( 'NONE', #1854, #589, #818 ) ;
#341 = EDGE_LOOP ( 'NONE', ( #463, #844, #269, #2344, #2196, #748 ) ) ;
#342 = DIRECTION ( 'NONE',  ( 0.000000000000000000, 0.000000000000000000, 1.000000000000000000 ) ) ;
#343 = EDGE_CURVE ( 'NONE', #469, #1483, #2009, .T. ) ;
#344 = ORIENTED_EDGE ( 'NONE', *, *, #348, .T. ) ;
#345 = DIRECTION ( 'NONE',  ( 0.000000000000000000, 0.000000000000000000, -1.000000000000000000 ) ) ;
#346 = CARTESIAN_POINT ( 'NONE',  ( -14.23010872415957628, -55.25732574122709906, 7.216696590783977960 ) ) ;
#347 = DIRECTION ( 'NONE',  ( -1.000000000000000000, -0.000000000000000000, -0.000000000000000000 ) ) ;
#348 = EDGE_CURVE ( 'NONE', #2638, #1913, #1791, .T. ) ;
#349 = DIRECTION ( 'NONE',  ( -1.349221823327174429E-16, -1.967543734044216016E-16, 1.000000000000000000 ) ) ;
#350 = VERTEX_POINT ( 'NONE', #1442 ) ;
#351 = CARTESIAN_POINT ( 'NONE',  ( 9.999999999999992895, -32.00000000000000711, 6.546084143057011140 ) ) ;
#352 = VERTEX_POINT ( 'NONE', #409 ) ;
#353 = FACE_BOUND ( 'NONE', #2371, .T. ) ;
#354 = CARTESIAN_POINT ( 'NONE',  ( 38.10660171779824879, -60.37867965644040424, -20.00000000000003908 ) ) ;
#355 = LINE ( 'NONE', #2054, #1814 ) ;
#356 = ORIENTED_EDGE ( 'NONE', *, *, #294, .T. ) ;
#357 = CARTESIAN_POINT ( 'NONE',  ( -10.00000000000000711, -32.00000000000000711, 5.000000000000000000 ) ) ;
#358 = ORIENTED_EDGE ( 'NONE', *, *, #1000, .F. ) ;
#359 = EDGE_CURVE ( 'NONE', #1546, #1836, #2123, .T. ) ;
#360 = CARTESIAN_POINT ( 'NONE',  ( -11.01646210672647896, -55.74690501642879070, 5.703208370658292559 ) ) ;
#361 =( LENGTH_UNIT ( ) NAMED_UNIT ( * ) SI_UNIT ( .MILLI., .METRE. ) );
#362 = EDGE_LOOP ( 'NONE', ( #916, #2487 ) ) ;
#363 = EDGE_CURVE ( 'NONE', #1764, #2738, #2693, .T. ) ;
#364 = CARTESIAN_POINT ( 'NONE',  ( 13.69835710063804868, -34.92338191664900648, 6.933867186029154084 ) ) ;
#365 = CARTESIAN_POINT ( 'NONE',  ( 11.39999999999999147, -58.00000000000000000, 5.000000000000000000 ) ) ;
#366 = PLANE ( 'NONE',  #249 ) ;
#367 = CARTESIAN_POINT ( 'NONE',  ( -11.52225842753783702, -34.61890820348725839, 5.817182539716743150 ) ) ;
#368 = VERTEX_POINT ( 'NONE', #2710 ) ;
#369 = DIRECTION ( 'NONE',  ( 3.413144305457568632E-32, 1.000000000000000000, -1.967543734044216016E-16 ) ) ;
#370 = LINE ( 'NONE', #1222, #1418 ) ;
#371 = VERTEX_POINT ( 'NONE', #820 ) ;
#372 = CARTESIAN_POINT ( 'NONE',  ( -12.05678523712900585, -29.14219758955007578, 7.929001779362360836 ) ) ;
#373 = DIRECTION ( 'NONE',  ( -0.000000000000000000, -0.000000000000000000, -1.000000000000000000 ) ) ;
#374 = DIRECTION ( 'NONE',  ( -1.000000000000000000, 0.000000000000000000, 0.000000000000000000 ) ) ;
#375 = EDGE_CURVE ( 'NONE', #1079, #2633, #201, .T. ) ;
#376 = ORIENTED_EDGE ( 'NONE', *, *, #133, .F. ) ;
#377 = CARTESIAN_POINT ( 'NONE',  ( 10.58887452284097641, -33.79668044286665918, 5.727532887029060049 ) ) ;
#378 = AXIS2_PLACEMENT_3D ( 'NONE', #1253, #856, #616 ) ;
#379 = EDGE_CURVE ( 'NONE', #1509, #2206, #1083, .T. ) ;
#380 = CARTESIAN_POINT ( 'NONE',  ( 9.653326197472598125, -62.50000000000000000, 8.000000000000003553 ) ) ;
#381 = CIRCLE ( 'NONE', #289, 2.999999999999999112 ) ;
#382 = VECTOR ( 'NONE', #284, 1000.000000000000000 ) ;
#383 = CARTESIAN_POINT ( 'NONE',  ( 20.99999999999999645, -45.00000000000000711, 0.000000000000000000 ) ) ;
#384 = CARTESIAN_POINT ( 'NONE',  ( -30.50000000000000711, -48.00000000000000711, -23.00000000000004974 ) ) ;
#385 = LINE ( 'NONE', #339, #1544 ) ;
#386 = EDGE_CURVE ( 'NONE', #2633, #128, #1937, .T. ) ;
#387 = VECTOR ( 'NONE', #1022, 1000.000000000000000 ) ;
#388 = AXIS2_PLACEMENT_3D ( 'NONE', #2201, #710, #1149 ) ;
#389 = ORIENTED_EDGE ( 'NONE', *, *, #2102, .T. ) ;
#390 = CIRCLE ( 'NONE', #892, 1.600000000000000755 ) ;
#391 = VECTOR ( 'NONE', #1476, 1000.000000000000000 ) ;
#392 = LINE ( 'NONE', #1240, #2164 ) ;
#393 = LINE ( 'NONE', #1187, #1907 ) ;
#394 = ORIENTED_EDGE ( 'NONE', *, *, #911, .F. ) ;
#395 = CARTESIAN_POINT ( 'NONE',  ( -11.83171729173988673, -60.77314175414296926, 7.899413426301217456 ) ) ;
#396 = DIRECTION ( 'NONE',  ( 0.000000000000000000, 0.000000000000000000, -1.000000000000000000 ) ) ;
#397 = SURFACE_STYLE_USAGE ( .BOTH. , #2509 ) ;
#398 = VERTEX_POINT ( 'NONE', #677 ) ;
#399 = ORIENTED_EDGE ( 'NONE', *, *, #1717, .F. ) ;
#400 = ADVANCED_FACE ( 'NONE', ( #1957 ), #425, .F. ) ;
#401 = CARTESIAN_POINT ( 'NONE',  ( -37.24264068711929099, -48.00000000000000711, -23.00000000000004974 ) ) ;
#402 = CARTESIAN_POINT ( 'NONE',  ( -38.98528137423858908, -62.50000000000000000, -18.00000000000003908 ) ) ;
#403 = EDGE_LOOP ( 'NONE', ( #2642, #2304 ) ) ;
#404 = DIRECTION ( 'NONE',  ( 0.000000000000000000, 0.000000000000000000, 1.000000000000000000 ) ) ;
#405 = FACE_OUTER_BOUND ( 'NONE', #2109, .T. ) ;
#406 = LINE ( 'NONE', #1762, #520 ) ;
#407 = ORIENTED_EDGE ( 'NONE', *, *, #564, .T. ) ;
#408 = CARTESIAN_POINT ( 'NONE',  ( -10.58633796422565432, -56.20661857964983454, 5.728172940424887116 ) ) ;
#409 = CARTESIAN_POINT ( 'NONE',  ( 35.98528137423861040, -62.50000000000005684, -20.00000000000003908 ) ) ;
#410 = CARTESIAN_POINT ( 'NONE',  ( 15.99999999999999289, -32.00000000000000711, 5.000000000000000000 ) ) ;
#411 = CARTESIAN_POINT ( 'NONE',  ( -35.50000000000007105, -67.50000000000005684, -26.00000000000004263 ) ) ;
#412 = ORIENTED_EDGE ( 'NONE', *, *, #1917, .T. ) ;
#413 = DIRECTION ( 'NONE',  ( 9.376883653928686131E-17, -1.000000000000000000, 0.000000000000000000 ) ) ;
#414 = CARTESIAN_POINT ( 'NONE',  ( -6.129432651239146066E-15, -45.00000000000001421, -23.00000000000003553 ) ) ;
#415 = FACE_BOUND ( 'NONE', #2753, .T. ) ;
#416 = EDGE_CURVE ( 'NONE', #371, #1552, #2137, .T. ) ;
#417 = ORIENTED_EDGE ( 'NONE', *, *, #2063, .F. ) ;
#418 = LINE ( 'NONE', #659, #1410 ) ;
#419 = DIRECTION ( 'NONE',  ( -0.7071067811865480168, 0.7071067811865470176, -4.906538933386744980E-16 ) ) ;
#420 = CARTESIAN_POINT ( 'NONE',  ( 35.98528137423860329, -62.50000000000004263, 25.51609221829270879 ) ) ;
#421 = ADVANCED_FACE ( 'NONE', ( #1312 ), #2333, .F. ) ;
#422 = ADVANCED_FACE ( 'NONE', ( #251 ), #1740, .F. ) ;
#423 = ORIENTED_EDGE ( 'NONE', *, *, #997, .F. ) ;
#424 = DIRECTION ( 'NONE',  ( 1.000000000000000000, 0.000000000000000000, 0.000000000000000000 ) ) ;
#425 = CYLINDRICAL_SURFACE ( 'NONE', #64, 3.000000000000000888 ) ;
#426 = ADVANCED_FACE ( 'NONE', ( #3 ), #1898, .F. ) ;
#427 = CARTESIAN_POINT ( 'NONE',  ( 10.00000000000079403, -57.81725549037626166, 6.444325185084967877 ) ) ;
#428 = ORIENTED_EDGE ( 'NONE', *, *, #1324, .F. ) ;
#429 = CARTESIAN_POINT ( 'NONE',  ( -32.50000000000007105, -67.50000000000005684, -26.00000000000004263 ) ) ;
#430 = CARTESIAN_POINT ( 'NONE',  ( -27.50000000000000711, -30.50000000000000711, 8.000000000000000000 ) ) ;
#431 = VECTOR ( 'NONE', #923, 1000.000000000000000 ) ;
#432 = ORIENTED_EDGE ( 'NONE', *, *, #2184, .F. ) ;
#433 = DIRECTION ( 'NONE',  ( -3.413144305457568632E-32, -1.000000000000000000, 1.967543734044216016E-16 ) ) ;
#434 = DIRECTION ( 'NONE',  ( 1.000000000000000000, 9.189829725788341711E-33, 2.201794655477298988E-16 ) ) ;
#435 = CIRCLE ( 'NONE', #2028, 8.000000000000000000 ) ;
#436 = VECTOR ( 'NONE', #80, 1000.000000000000000 ) ;
#437 = VERTEX_POINT ( 'NONE', #2404 ) ;
#438 = AXIS2_PLACEMENT_3D ( 'NONE', #121, #2677, #790 ) ;
#439 = VECTOR ( 'NONE', #2586, 1000.000000000000000 ) ;
#440 = EDGE_CURVE ( 'NONE', #2651, #885, #1780, .T. ) ;
#441 = EDGE_CURVE ( 'NONE', #530, #758, #1845, .T. ) ;
#442 = AXIS2_PLACEMENT_3D ( 'NONE', #944, #1792, #2610 ) ;
#443 = CARTESIAN_POINT ( 'NONE',  ( -55.98528137423858908, -67.50000000000005684, -26.00000000000004619 ) ) ;
#444 = ORIENTED_EDGE ( 'NONE', *, *, #2515, .F. ) ;
#445 = EDGE_CURVE ( 'NONE', #891, #173, #250, .T. ) ;
#446 = LINE ( 'NONE', #2730, #1541 ) ;
#447 = DIRECTION ( 'NONE',  ( -0.000000000000000000, 0.000000000000000000, 1.000000000000000000 ) ) ;
#448 = ORIENTED_EDGE ( 'NONE', *, *, #1057, .T. ) ;
#449 = CARTESIAN_POINT ( 'NONE',  ( 12.75383885645597992, -29.00061605655956498, 7.983174310249974148 ) ) ;
#450 = DIRECTION ( 'NONE',  ( 9.376883653928686131E-17, -1.000000000000000000, 0.000000000000000000 ) ) ;
#451 = ORIENTED_EDGE ( 'NONE', *, *, #1456, .T. ) ;
#452 = CYLINDRICAL_SURFACE ( 'NONE', #966, 2.000000000000001776 ) ;
#453 = DIRECTION ( 'NONE',  ( 0.7071067811865481278, -0.7071067811865470176, 0.000000000000000000 ) ) ;
#454 = CARTESIAN_POINT ( 'NONE',  ( 12.99999999999999289, -58.00000000000000000, 0.000000000000000000 ) ) ;
#455 = CARTESIAN_POINT ( 'NONE',  ( 15.94521832341020584, -31.41722002151647075, 8.000000000000101252 ) ) ;
#456 = EDGE_CURVE ( 'NONE', #2479, #2359, #1563, .T. ) ;
#457 = ADVANCED_FACE ( 'NONE', ( #45 ), #103, .T. ) ;
#458 =( BOUNDED_CURVE ( )  B_SPLINE_CURVE ( 3, ( #2401, #507, #1132, #734 ),
 .UNSPECIFIED., .F., .T. ) 
 B_SPLINE_CURVE_WITH_KNOTS ( ( 4, 4 ),
 ( 3.141592653589792672, 4.712388980384687009 ),
 .UNSPECIFIED. ) 
 CURVE ( )  GEOMETRIC_REPRESENTATION_ITEM ( )  RATIONAL_B_SPLINE_CURVE ( ( 1.000000000000000000, 0.8047378541243654926, 0.8047378541243654926, 1.000000000000000000 ) ) 
 REPRESENTATION_ITEM ( '' )  );
#459 = ORIENTED_EDGE ( 'NONE', *, *, #762, .F. ) ;
#460 = FACE_BOUND ( 'NONE', #1955, .T. ) ;
#461 = EDGE_CURVE ( 'NONE', #1350, #128, #2205, .T. ) ;
#462 = CARTESIAN_POINT ( 'NONE',  ( 10.10763363628554501, -58.82362553415965323, 7.002134907348945170 ) ) ;
#463 = ORIENTED_EDGE ( 'NONE', *, *, #2649, .T. ) ;
#464 = CARTESIAN_POINT ( 'NONE',  ( 12.51627274781730748, -29.02987288287237178, 7.970583772429720604 ) ) ;
#465 = DIRECTION ( 'NONE',  ( 1.349221823327174429E-16, -1.967543734044216016E-16, -1.000000000000000000 ) ) ;
#466 = ORIENTED_EDGE ( 'NONE', *, *, #483, .F. ) ;
#467 = DIRECTION ( 'NONE',  ( -1.875376730785737226E-16, 1.000000000000000000, 0.000000000000000000 ) ) ;
#468 = CARTESIAN_POINT ( 'NONE',  ( 15.99999999999988987, -31.88231626005679686, 7.994326602503976531 ) ) ;
#469 = VERTEX_POINT ( 'NONE', #55 ) ;
#470 = DIRECTION ( 'NONE',  ( -0.000000000000000000, -0.000000000000000000, -1.000000000000000000 ) ) ;
#471 = EDGE_CURVE ( 'NONE', #352, #950, #931, .T. ) ;
#472 = FACE_OUTER_BOUND ( 'NONE', #2117, .T. ) ;
#473 = ORIENTED_EDGE ( 'NONE', *, *, #61, .T. ) ;
#474 = APPLICATION_PROTOCOL_DEFINITION ( 'draft international standard', 'automotive_design', 1998, #1249 ) ;
#475 = LINE ( 'NONE', #69, #1989 ) ;
#476 = ORIENTED_EDGE ( 'NONE', *, *, #2703, .F. ) ;
#477 = VECTOR ( 'NONE', #2042, 1000.000000000000114 ) ;
#478 = VECTOR ( 'NONE', #419, 1000.000000000000000 ) ;
#479 = CARTESIAN_POINT ( 'NONE',  ( 12.79233435722609080, -55.00164354326393834, 6.430530598673330545 ) ) ;
#480 = CIRCLE ( 'NONE', #2381, 2.999999999999999112 ) ;
#481 = ORIENTED_EDGE ( 'NONE', *, *, #2514, .T. ) ;
#482 = DIRECTION ( 'NONE',  ( 1.000000000000000000, 0.000000000000000000, 0.000000000000000000 ) ) ;
#483 = EDGE_CURVE ( 'NONE', #2243, #1495, #1145, .T. ) ;
#484 = EDGE_CURVE ( 'NONE', #2687, #1276, #2111, .T. ) ;
#485 = ORIENTED_EDGE ( 'NONE', *, *, #267, .F. ) ;
#486 = FACE_OUTER_BOUND ( 'NONE', #2174, .T. ) ;
#487 = CARTESIAN_POINT ( 'NONE',  ( -37.85530313790587797, -62.50000000000000000, -6.000000000000044409 ) ) ;
#488 = LINE ( 'NONE', #716, #2589 ) ;
#489 = ORIENTED_EDGE ( 'NONE', *, *, #596, .F. ) ;
#490 = DIRECTION ( 'NONE',  ( -0.7193398003386547446, 6.952266868248270299E-16, -0.6946583704589935904 ) ) ;
#491 = FACE_OUTER_BOUND ( 'NONE', #288, .T. ) ;
#492 = ORIENTED_EDGE ( 'NONE', *, *, #2745, .F. ) ;
#493 = CARTESIAN_POINT ( 'NONE',  ( -30.50000000000000711, -52.77207793864215546, -23.00000000000004619 ) ) ;
#494 = ORIENTED_EDGE ( 'NONE', *, *, #2515, .T. ) ;
#495 = DIRECTION ( 'NONE',  ( 1.349221823327174429E-16, -1.967543734044216016E-16, -1.000000000000000000 ) ) ;
#496 = EDGE_CURVE ( 'NONE', #173, #1866, #1405, .T. ) ;
#497 = EDGE_LOOP ( 'NONE', ( #1530, #2094, #548, #2036 ) ) ;
#498 = CARTESIAN_POINT ( 'NONE',  ( -15.96547534288236392, -58.46868298171059308, 7.999466622543812022 ) ) ;
#499 = EDGE_CURVE ( 'NONE', #147, #180, #587, .T. ) ;
#500 = CARTESIAN_POINT ( 'NONE',  ( 12.99999999999999289, -58.00000000000000000, 5.000000000000000000 ) ) ;
#501 = VERTEX_POINT ( 'NONE', #2484 ) ;
#502 = DIRECTION ( 'NONE',  ( -0.000000000000000000, -0.000000000000000000, -1.000000000000000000 ) ) ;
#503 = DIRECTION ( 'NONE',  ( -0.000000000000000000, -0.000000000000000000, 1.000000000000000000 ) ) ;
#504 = ORIENTED_EDGE ( 'NONE', *, *, #2314, .T. ) ;
#505 = CARTESIAN_POINT ( 'NONE',  ( -13.00000000000000711, -58.00000000000000000, 5.000000000000000000 ) ) ;
#506 = DIRECTION ( 'NONE',  ( -0.000000000000000000, -0.000000000000000000, -1.000000000000000000 ) ) ;
#507 = CARTESIAN_POINT ( 'NONE',  ( 51.74264068711924835, -62.50000000000004974, -21.75735931288075165 ) ) ;
#508 = PLANE ( 'NONE',  #1730 ) ;
#509 = VERTEX_POINT ( 'NONE', #2254 ) ;
#510 = CARTESIAN_POINT ( 'NONE',  ( 0.000000000000000000, -45.00000000000000711, 0.000000000000000000 ) ) ;
#511 = AXIS2_PLACEMENT_3D ( 'NONE', #1066, #2142, #229 ) ;
#512 = FACE_OUTER_BOUND ( 'NONE', #68, .T. ) ;
#513 = EDGE_CURVE ( 'NONE', #1828, #1764, #2689, .T. ) ;
#514 = ORIENTED_EDGE ( 'NONE', *, *, #997, .T. ) ;
#515 = ADVANCED_FACE ( 'NONE', ( #126 ), #2070, .F. ) ;
#516 = AXIS2_PLACEMENT_3D ( 'NONE', #1666, #2525, #188 ) ;
#517 = DIRECTION ( 'NONE',  ( 1.000000000000000000, 0.000000000000000000, 0.000000000000000000 ) ) ;
#518 = CARTESIAN_POINT ( 'NONE',  ( 12.99999999999999289, -58.00000000000000000, 5.000000000000000000 ) ) ;
#519 = DIRECTION ( 'NONE',  ( 0.000000000000000000, 0.000000000000000000, -1.000000000000000000 ) ) ;
#520 = VECTOR ( 'NONE', #1533, 1000.000000000000000 ) ;
#521 = AXIS2_PLACEMENT_3D ( 'NONE', #850, #1481, #1273 ) ;
#522 = VERTEX_POINT ( 'NONE', #815 ) ;
#523 = AXIS2_PLACEMENT_3D ( 'NONE', #547, #1869, #1027 ) ;
#524 = AXIS2_PLACEMENT_3D ( 'NONE', #577, #1008, #2644 ) ;
#525 = ORIENTED_EDGE ( 'NONE', *, *, #1475, .T. ) ;
#526 = FACE_OUTER_BOUND ( 'NONE', #1337, .T. ) ;
#527 = CARTESIAN_POINT ( 'NONE',  ( -27.50000000000000711, -42.00000000000000711, -23.00000000000004974 ) ) ;
#528 = CARTESIAN_POINT ( 'NONE',  ( -19.50000000000000711, -30.50000000000000355, 0.000000000000000000 ) ) ;
#529 = LINE ( 'NONE', #2182, #2380 ) ;
#530 = VERTEX_POINT ( 'NONE', #1618 ) ;
#531 = DIRECTION ( 'NONE',  ( -0.000000000000000000, -0.000000000000000000, -1.000000000000000000 ) ) ;
#532 = LINE ( 'NONE', #2014, #1732 ) ;
#533 = ORIENTED_EDGE ( 'NONE', *, *, #2607, .T. ) ;
#534 = PLANE ( 'NONE',  #105 ) ;
#535 = DIRECTION ( 'NONE',  ( 1.000000000000000000, 0.000000000000000000, 1.349221823327174429E-16 ) ) ;
#536 = DIRECTION ( 'NONE',  ( 1.000000000000000000, -7.584913611344741827E-33, 1.349221823327174429E-16 ) ) ;
#537 = EDGE_CURVE ( 'NONE', #1993, #109, #1837, .T. ) ;
#538 = EDGE_CURVE ( 'NONE', #1353, #1677, #743, .T. ) ;
#539 = VERTEX_POINT ( 'NONE', #1450 ) ;
#540 = CARTESIAN_POINT ( 'NONE',  ( -19.50000000000000711, -42.00000000000000711, -19.00000000000004974 ) ) ;
#541 = LINE ( 'NONE', #2469, #387 ) ;
#542 = CYLINDRICAL_SURFACE ( 'NONE', #2291, 2.000000000000001776 ) ;
#543 = LINE ( 'NONE', #857, #2080 ) ;
#544 = ORIENTED_EDGE ( 'NONE', *, *, #1202, .T. ) ;
#545 = CARTESIAN_POINT ( 'NONE',  ( -19.50000000000000711, -42.00000000000001421, -63.85498646149545721 ) ) ;
#546 = LINE ( 'NONE', #2458, #1905 ) ;
#547 = CARTESIAN_POINT ( 'NONE',  ( -37.85530313790587797, -68.50000000000005684, -6.000000000000043521 ) ) ;
#548 = ORIENTED_EDGE ( 'NONE', *, *, #1368, .F. ) ;
#549 = CARTESIAN_POINT ( 'NONE',  ( -50.98528137423859619, -67.50000000000005684, -14.00000000000003730 ) ) ;
#550 = CARTESIAN_POINT ( 'NONE',  ( 13.23119841005571651, -61.00048289076701735, 7.997859222637378807 ) ) ;
#551 = CARTESIAN_POINT ( 'NONE',  ( -13.00000000000000711, -58.00000000000000000, 10.10628645568517214 ) ) ;
#552 = EDGE_CURVE ( 'NONE', #1024, #709, #392, .T. ) ;
#553 = CARTESIAN_POINT ( 'NONE',  ( -15.89079756849284131, -32.82863911157009085, 7.940869636406944210 ) ) ;
#554 = CARTESIAN_POINT ( 'NONE',  ( -55.98528137423858908, -62.50000000000000000, -20.00000000000004974 ) ) ;
#555 = VERTEX_POINT ( 'NONE', #2522 ) ;
#556 = ORIENTED_EDGE ( 'NONE', *, *, #1977, .F. ) ;
#557 = CARTESIAN_POINT ( 'NONE',  ( -13.33043414028652229, -54.99611242782965803, 6.729881161409621448 ) ) ;
#558 = DIRECTION ( 'NONE',  ( 1.000000000000000000, 0.000000000000000000, 0.000000000000000000 ) ) ;
#559 = CIRCLE ( 'NONE', #2120, 1.600000000000000755 ) ;
#560 = ORIENTED_EDGE ( 'NONE', *, *, #1089, .T. ) ;
#561 = CARTESIAN_POINT ( 'NONE',  ( 10.27708684390707639, -33.27400316443081607, 5.895815223381864811 ) ) ;
#562 = MECHANICAL_DESIGN_GEOMETRIC_PRESENTATION_REPRESENTATION (  '', ( #787 ), #2249 ) ;
#563 = AXIS2_PLACEMENT_3D ( 'NONE', #1112, #927, #2606 ) ;
#564 = EDGE_CURVE ( 'NONE', #137, #2362, #2378, .T. ) ;
#565 = VECTOR ( 'NONE', #2033, 1000.000000000000000 ) ;
#566 = VECTOR ( 'NONE', #951, 1000.000000000000000 ) ;
#567 = ORIENTED_EDGE ( 'NONE', *, *, #1917, .F. ) ;
#568 = CARTESIAN_POINT ( 'NONE',  ( -15.65640753042068312, -33.40956535862304833, 7.856340124645946332 ) ) ;
#569 = CARTESIAN_POINT ( 'NONE',  ( 12.99999999999999289, -32.00000000000000711, 10.10628645568517214 ) ) ;
#570 = AXIS2_PLACEMENT_3D ( 'NONE', #706, #2395, #932 ) ;
#571 = EDGE_LOOP ( 'NONE', ( #2284, #1718, #412, #2664, #985 ) ) ;
#572 = DIRECTION ( 'NONE',  ( 3.413144305457568632E-32, 1.000000000000000000, -1.967543734044216016E-16 ) ) ;
#573 = PLANE ( 'NONE',  #707 ) ;
#574 = ADVANCED_FACE ( 'NONE', ( #405 ), #219, .F. ) ;
#575 = CARTESIAN_POINT ( 'NONE',  ( -27.50000000000001421, -62.50000000000000000, 4.000000000000017764 ) ) ;
#576 = ORIENTED_EDGE ( 'NONE', *, *, #2473, .F. ) ;
#577 = CARTESIAN_POINT ( 'NONE',  ( 12.99999999999999289, -32.00000000000000711, 5.000000000000000000 ) ) ;
#578 = CARTESIAN_POINT ( 'NONE',  ( -12.23687577338808730, -55.09269816950094878, 6.133356843672687297 ) ) ;
#579 = LINE ( 'NONE', #2444, #1104 ) ;
#580 = ORIENTED_EDGE ( 'NONE', *, *, #1785, .F. ) ;
#581 = ORIENTED_EDGE ( 'NONE', *, *, #1702, .F. ) ;
#582 = CARTESIAN_POINT ( 'NONE',  ( 12.05927769256490123, -34.85530764506189882, 6.044390380000143281 ) ) ;
#583 = ORIENTED_EDGE ( 'NONE', *, *, #375, .F. ) ;
#584 = DIRECTION ( 'NONE',  ( 1.349221823327174429E-16, -1.003808469612657231E-16, -1.000000000000000000 ) ) ;
#585 = CARTESIAN_POINT ( 'NONE',  ( -10.27688061080767490, -33.27360058588683245, 5.895970723219078558 ) ) ;
#586 = ORIENTED_EDGE ( 'NONE', *, *, #456, .T. ) ;
#587 = LINE ( 'NONE', #2236, #884 ) ;
#588 = DIRECTION ( 'NONE',  ( 1.000000000000000000, 0.000000000000000000, 0.000000000000000000 ) ) ;
#589 = DIRECTION ( 'NONE',  ( -0.000000000000000000, -0.000000000000000000, -1.000000000000000000 ) ) ;
#590 = VERTEX_POINT ( 'NONE', #673 ) ;
#591 = CARTESIAN_POINT ( 'NONE',  ( -50.98528137423859619, -67.50000000000005684, -14.00000000000003730 ) ) ;
#592 = CARTESIAN_POINT ( 'NONE',  ( 27.50000000000000000, -62.50000000000000000, 8.000000000000000000 ) ) ;
#593 = EDGE_CURVE ( 'NONE', #950, #2113, #1489, .T. ) ;
#594 = CARTESIAN_POINT ( 'NONE',  ( -13.00000000000000711, -32.00000000000000711, 5.000000000000000000 ) ) ;
#595 = ORIENTED_EDGE ( 'NONE', *, *, #513, .F. ) ;
#596 = EDGE_CURVE ( 'NONE', #1404, #1631, #2115, .T. ) ;
#597 = ORIENTED_EDGE ( 'NONE', *, *, #1152, .F. ) ;
#598 = CARTESIAN_POINT ( 'NONE',  ( 19.50000000000000711, -30.50000000000000355, 8.000000000000000000 ) ) ;
#599 = CARTESIAN_POINT ( 'NONE',  ( 11.60818676624389845, -62.50000000000000000, 8.000000000000000000 ) ) ;
#600 = LINE ( 'NONE', #554, #742 ) ;
#601 = ORIENTED_EDGE ( 'NONE', *, *, #1234, .T. ) ;
#602 = DIRECTION ( 'NONE',  ( 0.000000000000000000, 0.000000000000000000, 1.000000000000000000 ) ) ;
#603 = CARTESIAN_POINT ( 'NONE',  ( 27.50000000000000000, -54.01471862576141802, -21.75735931288075165 ) ) ;
#604 = EDGE_LOOP ( 'NONE', ( #1799, #51, #2218, #2421 ) ) ;
#605 = CARTESIAN_POINT ( 'NONE',  ( -10.72290420483549056, -30.03422662190666870, 7.573114867529302963 ) ) ;
#606 = CARTESIAN_POINT ( 'NONE',  ( -16.00000000000001066, -57.78891346806031493, 7.984351482457092253 ) ) ;
#607 = DIRECTION ( 'NONE',  ( 0.000000000000000000, 0.000000000000000000, -1.000000000000000000 ) ) ;
#608 = CARTESIAN_POINT ( 'NONE',  ( 38.98528137423861750, -67.50000000000005684, -16.00000000000003908 ) ) ;
#609 = ORIENTED_EDGE ( 'NONE', *, *, #1426, .T. ) ;
#610 = ORIENTED_EDGE ( 'NONE', *, *, #1626, .F. ) ;
#611 = AXIS2_PLACEMENT_3D ( 'NONE', #2194, #281, #1138 ) ;
#612 = CIRCLE ( 'NONE', #2161, 1.600000000000000755 ) ;
#613 = EDGE_LOOP ( 'NONE', ( #1213, #921, #627, #2611 ) ) ;
#614 = DIRECTION ( 'NONE',  ( 1.000000000000000000, 0.000000000000000000, 0.000000000000000000 ) ) ;
#615 = CIRCLE ( 'NONE', #1459, 2.000000000000001776 ) ;
#616 = DIRECTION ( 'NONE',  ( 0.000000000000000000, 0.000000000000000000, -1.000000000000000000 ) ) ;
#617 = CARTESIAN_POINT ( 'NONE',  ( 30.50000000000000355, -41.25735931288072322, -23.00000000000004263 ) ) ;
#618 = AXIS2_PLACEMENT_3D ( 'NONE', #925, #2596, #715 ) ;
#619 = VECTOR ( 'NONE', #827, 999.9999999999998863 ) ;
#620 = ORIENTED_EDGE ( 'NONE', *, *, #661, .T. ) ;
#621 = LINE ( 'NONE', #2533, #1012 ) ;
#622 = VECTOR ( 'NONE', #1378, 1000.000000000000000 ) ;
#623 = ORIENTED_EDGE ( 'NONE', *, *, #1340, .T. ) ;
#624 = CARTESIAN_POINT ( 'NONE',  ( -10.87552039355749756, -60.13048799309920867, 7.645444009757644821 ) ) ;
#625 = CARTESIAN_POINT ( 'NONE',  ( -19.50000000000000711, -48.00000000000000711, -19.00000000000004619 ) ) ;
#626 = FILL_AREA_STYLE_COLOUR ( '', #1943 ) ;
#627 = ORIENTED_EDGE ( 'NONE', *, *, #725, .T. ) ;
#628 = EDGE_LOOP ( 'NONE', ( #36, #323, #231, #2499, #872, #1409, #1356 ) ) ;
#629 = FACE_OUTER_BOUND ( 'NONE', #1968, .T. ) ;
#630 = ADVANCED_FACE ( 'NONE', ( #198 ), #2327, .F. ) ;
#631 = CARTESIAN_POINT ( 'NONE',  ( -13.00000000000000711, -58.00000000000000000, 0.000000000000000000 ) ) ;
#632 = CARTESIAN_POINT ( 'NONE',  ( 16.00000000000025935, -32.20934674564846034, 7.984404268791008619 ) ) ;
#633 = VERTEX_POINT ( 'NONE', #1081 ) ;
#634 = CARTESIAN_POINT ( 'NONE',  ( -55.98528137423859619, -67.50000000000004263, 25.51609221829269813 ) ) ;
#635 = ORIENTED_EDGE ( 'NONE', *, *, #1088, .T. ) ;
#636 = CARTESIAN_POINT ( 'NONE',  ( -12.75358440974481944, -60.99925196689463291, 7.983142282826344527 ) ) ;
#637 = CARTESIAN_POINT ( 'NONE',  ( -37.24264068711929099, -48.00000000000000711, -23.00000000000004974 ) ) ;
#638 = CARTESIAN_POINT ( 'NONE',  ( -27.50000000000000711, -45.00000000000000711, -16.00000000000004974 ) ) ;
#639 = CARTESIAN_POINT ( 'NONE',  ( 14.23132157045963986, -55.25795452888399950, 7.217307566969748400 ) ) ;
#640 = EDGE_LOOP ( 'NONE', ( #1768, #835 ) ) ;
#641 = ORIENTED_EDGE ( 'NONE', *, *, #1601, .F. ) ;
#642 = DIRECTION ( 'NONE',  ( 0.000000000000000000, -1.000000000000000000, 1.003808469612657108E-16 ) ) ;
#643 = DIRECTION ( 'NONE',  ( 0.000000000000000000, 1.000000000000000000, -1.003808469612657108E-16 ) ) ;
#644 = DIRECTION ( 'NONE',  ( 0.000000000000000000, 0.000000000000000000, 1.000000000000000000 ) ) ;
#645 = ORIENTED_EDGE ( 'NONE', *, *, #822, .T. ) ;
#646 = CARTESIAN_POINT ( 'NONE',  ( 50.98528137423861750, -62.50000000000000000, -14.00000000000003730 ) ) ;
#647 = ADVANCED_FACE ( 'NONE', ( #1950 ), #27, .F. ) ;
#648 = VERTEX_POINT ( 'NONE', #2100 ) ;
#649 = B_SPLINE_CURVE_WITH_KNOTS ( 'NONE', 3,
 ( #4, #455, #1300, #678, #468, #876 ),
 .UNSPECIFIED., .F., .F.,
 ( 4, 2, 4 ),
 ( 0.008504620874450951815, 0.008855378417777282074, 0.009206135961103614068 ),
 .UNSPECIFIED. ) ;
#650 = DIRECTION ( 'NONE',  ( -1.000000000000000000, -1.477285665293037698E-16, -1.349221823327174182E-16 ) ) ;
#651 = CARTESIAN_POINT ( 'NONE',  ( -19.50000000000000355, -62.50000000000000000, 0.000000000000000000 ) ) ;
#652 = DIRECTION ( 'NONE',  ( 0.000000000000000000, -1.000000000000000000, 0.000000000000000000 ) ) ;
#653 = EDGE_LOOP ( 'NONE', ( #344, #1658, #2428, #1269, #296 ) ) ;
#654 = CARTESIAN_POINT ( 'NONE',  ( 27.50000000000000711, -38.25735931288071612, -23.00000000000004263 ) ) ;
#655 = LINE ( 'NONE', #1268, #1679 ) ;
#656 = CARTESIAN_POINT ( 'NONE',  ( 15.89133721923331777, -32.82660486141173806, 7.941065629254147495 ) ) ;
#657 = AXIS2_PLACEMENT_3D ( 'NONE', #207, #1707, #2742 ) ;
#658 = ORIENTED_EDGE ( 'NONE', *, *, #2662, .F. ) ;
#659 = CARTESIAN_POINT ( 'NONE',  ( -11.40000000000000568, -32.00000000000000711, 10.10628645568517214 ) ) ;
#660 = CARTESIAN_POINT ( 'NONE',  ( -38.98528137423858908, -67.50000000000005684, -16.00000000000003908 ) ) ;
#661 = EDGE_CURVE ( 'NONE', #2624, #1295, #1507, .T. ) ;
#662 = VECTOR ( 'NONE', #1352, 1000.000000000000000 ) ;
#663 = VECTOR ( 'NONE', #531, 1000.000000000000000 ) ;
#664 = ORIENTED_EDGE ( 'NONE', *, *, #1892, .T. ) ;
#665 = VECTOR ( 'NONE', #1605, 1000.000000000000000 ) ;
#666 = CARTESIAN_POINT ( 'NONE',  ( -10.17267136635635616, -59.02599467044945669, 7.110601965271260205 ) ) ;
#667 = CARTESIAN_POINT ( 'NONE',  ( 12.99999999999999289, -32.00000000000000711, 5.000000000000000000 ) ) ;
#668 = ORIENTED_EDGE ( 'NONE', *, *, #2681, .T. ) ;
#669 = DIRECTION ( 'NONE',  ( -0.7071067811865472397, -0.7071067811865479058, 0.000000000000000000 ) ) ;
#670 = DIRECTION ( 'NONE',  ( -0.5839517053348516340, 0.5839517053348531883, 0.5639156068713079284 ) ) ;
#671 = ORIENTED_EDGE ( 'NONE', *, *, #1373, .F. ) ;
#672 = CARTESIAN_POINT ( 'NONE',  ( 50.98528137423861750, -67.50000000000005684, -16.00000000000003908 ) ) ;
#673 = CARTESIAN_POINT ( 'NONE',  ( 9.999999999999992895, -57.99999999998685496, 6.546084143049686332 ) ) ;
#674 = LINE ( 'NONE', #1891, #2297 ) ;
#675 = EDGE_CURVE ( 'NONE', #2051, #1877, #2062, .T. ) ;
#676 = ORIENTED_EDGE ( 'NONE', *, *, #2539, .F. ) ;
#677 = CARTESIAN_POINT ( 'NONE',  ( 27.50000000000000000, -54.01471862576141802, 4.000000000000036415 ) ) ;
#678 = CARTESIAN_POINT ( 'NONE',  ( 15.99309902562820085, -31.76533972957663821, 7.996618247252299305 ) ) ;
#679 = EDGE_CURVE ( 'NONE', #352, #1552, #2346, .T. ) ;
#680 = ORIENTED_EDGE ( 'NONE', *, *, #939, .T. ) ;
#681 = ADVANCED_FACE ( 'NONE', ( #2400 ), #1139, .T. ) ;
#682 = FACE_BOUND ( 'NONE', #403, .T. ) ;
#683 = DIRECTION ( 'NONE',  ( 0.000000000000000000, 0.000000000000000000, 1.000000000000000000 ) ) ;
#684 = EDGE_LOOP ( 'NONE', ( #2265, #2256, #1929, #1846 ) ) ;
#685 = DIRECTION ( 'NONE',  ( -8.786684129385956955E-17, 1.000000000000000000, 0.000000000000000000 ) ) ;
#686 = CARTESIAN_POINT ( 'NONE',  ( -27.50000000000000711, -54.01471862576145355, -20.00000000000004974 ) ) ;
#687 = CARTESIAN_POINT ( 'NONE',  ( 50.98528137423861750, -67.50000000000005684, -18.00000000000003908 ) ) ;
#688 = ORIENTED_EDGE ( 'NONE', *, *, #2271, .T. ) ;
#689 = DIRECTION ( 'NONE',  ( -1.000000000000000000, 0.000000000000000000, 0.000000000000000000 ) ) ;
#690 = CARTESIAN_POINT ( 'NONE',  ( 11.18223745238612743, -55.60474141175959772, 5.723198202122103950 ) ) ;
#691 = EDGE_LOOP ( 'NONE', ( #1656, #156, #2581, #2140 ) ) ;
#692 = PLANE ( 'NONE',  #524 ) ;
#693 = CARTESIAN_POINT ( 'NONE',  ( -13.00000000000000711, -58.00000000000000000, 5.000000000000000000 ) ) ;
#694 = EDGE_CURVE ( 'NONE', #709, #211, #1359, .T. ) ;
#695 = CARTESIAN_POINT ( 'NONE',  ( 11.42002119551446881, -60.56093370764664741, 7.820537620693841063 ) ) ;
#696 = ADVANCED_FACE ( 'NONE', ( #941 ), #2032, .T. ) ;
#697 = VERTEX_POINT ( 'NONE', #915 ) ;
#698 = DIRECTION ( 'NONE',  ( 0.000000000000000000, 0.000000000000000000, 1.000000000000000000 ) ) ;
#699 = DIRECTION ( 'NONE',  ( 0.000000000000000000, -0.000000000000000000, -1.000000000000000000 ) ) ;
#700 = CARTESIAN_POINT ( 'NONE',  ( 27.50000000000000711, -30.50000000000000711, -26.00000000000004263 ) ) ;
#701 = VECTOR ( 'NONE', #1293, 1000.000000000000000 ) ;
#702 = CARTESIAN_POINT ( 'NONE',  ( -55.98528137423858908, -62.50000000000000000, -6.000000000000043521 ) ) ;
#703 = AXIS2_PLACEMENT_3D ( 'NONE', #551, #1196, #2041 ) ;
#704 = ORIENTED_EDGE ( 'NONE', *, *, #183, .F. ) ;
#705 = PRESENTATION_LAYER_ASSIGNMENT (  '', '', ( #787 ) ) ;
#706 = CARTESIAN_POINT ( 'NONE',  ( -13.00000000000000711, -58.00000000000000000, 5.000000000000000000 ) ) ;
#707 = AXIS2_PLACEMENT_3D ( 'NONE', #769, #342, #588 ) ;
#708 = CIRCLE ( 'NONE', #158, 1.600000000000000755 ) ;
#709 = VERTEX_POINT ( 'NONE', #298 ) ;
#710 = DIRECTION ( 'NONE',  ( 1.224646799147353207E-16, 1.000000000000000000, -0.000000000000000000 ) ) ;
#711 = DIRECTION ( 'NONE',  ( 0.000000000000000000, 0.000000000000000000, -1.000000000000000000 ) ) ;
#712 = AXIS2_PLACEMENT_3D ( 'NONE', #2072, #2442, #171 ) ;
#713 = ORIENTED_EDGE ( 'NONE', *, *, #499, .F. ) ;
#714 = DIRECTION ( 'NONE',  ( 3.413144305457568632E-32, 1.000000000000000000, -1.967543734044216016E-16 ) ) ;
#715 = DIRECTION ( 'NONE',  ( -1.000000000000000000, 0.000000000000000000, 0.000000000000000000 ) ) ;
#716 = CARTESIAN_POINT ( 'NONE',  ( -14.60000000000000675, -32.00000000000000711, 10.10628645568517214 ) ) ;
#717 = EDGE_LOOP ( 'NONE', ( #991, #2467, #975, #704 ) ) ;
#718 = CARTESIAN_POINT ( 'NONE',  ( -15.99298241337786308, -58.23614406577165425, 7.996643692835836426 ) ) ;
#719 = FACE_OUTER_BOUND ( 'NONE', #604, .T. ) ;
#720 = ORIENTED_EDGE ( 'NONE', *, *, #2379, .T. ) ;
#721 = DIRECTION ( 'NONE',  ( -0.000000000000000000, -0.000000000000000000, 1.000000000000000000 ) ) ;
#722 = ORIENTED_EDGE ( 'NONE', *, *, #2492, .F. ) ;
#723 = FACE_BOUND ( 'NONE', #808, .T. ) ;
#724 = VERTEX_POINT ( 'NONE', #686 ) ;
#725 = EDGE_CURVE ( 'NONE', #1696, #633, #1584, .T. ) ;
#726 = DIRECTION ( 'NONE',  ( 1.000000000000000000, 0.000000000000000000, 0.000000000000000000 ) ) ;
#727 = ORIENTED_EDGE ( 'NONE', *, *, #318, .F. ) ;
#728 = CARTESIAN_POINT ( 'NONE',  ( 14.59999999999999254, -32.00000000000000711, 5.000000000000000000 ) ) ;
#729 = ORIENTED_EDGE ( 'NONE', *, *, #2184, .T. ) ;
#730 =( BOUNDED_CURVE ( )  B_SPLINE_CURVE ( 3, ( #782, #603, #2295, #770 ),
 .UNSPECIFIED., .F., .T. ) 
 B_SPLINE_CURVE_WITH_KNOTS ( ( 4, 4 ),
 ( 3.113807863336592903E-16, 1.570796326794896780 ),
 .UNSPECIFIED. ) 
 CURVE ( )  GEOMETRIC_REPRESENTATION_ITEM ( )  RATIONAL_B_SPLINE_CURVE ( ( 1.000000000000000000, 0.8047378541243649375, 0.8047378541243649375, 1.000000000000000000 ) ) 
 REPRESENTATION_ITEM ( '' )  );
#731 = ORIENTED_EDGE ( 'NONE', *, *, #456, .F. ) ;
#732 = LINE ( 'NONE', #2181, #796 ) ;
#733 = DIRECTION ( 'NONE',  ( 1.000000000000000000, 0.000000000000000000, 0.000000000000000000 ) ) ;
#734 = CARTESIAN_POINT ( 'NONE',  ( 48.74264068711928388, -59.50000000000004974, -23.00000000000003553 ) ) ;
#735 = EDGE_LOOP ( 'NONE', ( #2228, #2048 ) ) ;
#736 = EDGE_CURVE ( 'NONE', #2390, #2455, #1532, .T. ) ;
#737 = CARTESIAN_POINT ( 'NONE',  ( -15.94498533391765882, -58.58375443731019061, 7.999999999999998224 ) ) ;
#738 = CIRCLE ( 'NONE', #14, 2.999999999999999112 ) ;
#739 = CLOSED_SHELL ( 'NONE', ( #1613, #400, #1980, #2575, #1561, #515, #1572, #1932, #696, #50, #210, #422, #1539, #1953, #2436, #647, #1573, #2719, #761, #2393, #243, #630, #1051, #92, #2098, #905, #2548, #2067, #2268, #1172, #205, #2047, #2215, #1756, #1375, #264, #1490, #1392, #230, #949, #2060, #1714, #2663, #457, #2529, #681, #1087, #1290, #1649, #168, #1998, #1105, #1074, #1403, #2519, #227, #2263, #287, #1894, #2352, #2572, #1305, #1597, #2200, #2561, #2593, #75, #574, #1232, #426, #2119, #1478, #2012, #421, #226 ) ) ;
#740 = CYLINDRICAL_SURFACE ( 'NONE', #2636, 2.999999999999999112 ) ;
#741 = ORIENTED_EDGE ( 'NONE', *, *, #2641, .F. ) ;
#742 = VECTOR ( 'NONE', #1835, 1000.000000000000000 ) ;
#743 = CIRCLE ( 'NONE', #2029, 20.99999999999999645 ) ;
#744 = PLANE ( 'NONE',  #1106 ) ;
#745 = CYLINDRICAL_SURFACE ( 'NONE', #146, 2.000000000000001776 ) ;
#746 = VECTOR ( 'NONE', #1258, 999.9999999999998863 ) ;
#747 = AXIS2_PLACEMENT_3D ( 'NONE', #1325, #698, #2391 ) ;
#748 = ORIENTED_EDGE ( 'NONE', *, *, #1796, .F. ) ;
#749 = CIRCLE ( 'NONE', #880, 2.000000000000001776 ) ;
#750 = B_SPLINE_CURVE_WITH_KNOTS ( 'NONE', 3,
 ( #1609, #2049, #1652, #2016, #1818, #372, #129, #1440, #995, #2708, #605, #1453, #98, #2672, #2058, #141, #784, #1428 ),
 .UNSPECIFIED., .F., .F.,
 ( 4, 2, 2, 2, 2, 2, 2, 2, 4 ),
 ( 0.001644927662862457219, 0.002353250002483327653, 0.003061572342104198086, 0.003769894681725068520, 0.004478217021345938520, 0.005186539360966809821, 0.005894861700587679387, 0.006603184040208549821, 0.007311506379829411581 ),
 .UNSPECIFIED. ) ;
#751 = ORIENTED_EDGE ( 'NONE', *, *, #363, .T. ) ;
#752 = CARTESIAN_POINT ( 'NONE',  ( -27.50000000000000711, -48.00000000000000711, -19.00000000000004974 ) ) ;
#753 = LINE ( 'NONE', #2248, #972 ) ;
#754 = ORIENTED_EDGE ( 'NONE', *, *, #2588, .T. ) ;
#755 = CARTESIAN_POINT ( 'NONE',  ( -19.50000000000000711, -39.00000000000000711, -23.00000000000004974 ) ) ;
#756 = CARTESIAN_POINT ( 'NONE',  ( 55.98528137423861750, -67.50000000000005684, -26.00000000000003197 ) ) ;
#757 = EDGE_CURVE ( 'NONE', #196, #1786, #1644, .T. ) ;
#758 = VERTEX_POINT ( 'NONE', #2481 ) ;
#759 = FACE_OUTER_BOUND ( 'NONE', #73, .T. ) ;
#760 = PLANE ( 'NONE',  #101 ) ;
#761 = ADVANCED_FACE ( 'NONE', ( #780 ), #1435, .F. ) ;
#762 = EDGE_CURVE ( 'NONE', #1220, #891, #1630, .T. ) ;
#763 = ORIENTED_EDGE ( 'NONE', *, *, #2229, .T. ) ;
#764 = VERTEX_POINT ( 'NONE', #2635 ) ;
#765 = CARTESIAN_POINT ( 'NONE',  ( 35.98528137423861040, -62.50000000000005684, -4.194140974181637560 ) ) ;
#766 = CYLINDRICAL_SURFACE ( 'NONE', #842, 2.999999999999999112 ) ;
#767 = CARTESIAN_POINT ( 'NONE',  ( -28.74264068711929099, -53.50000000000001421, -23.00000000000003908 ) ) ;
#768 = ORIENTED_EDGE ( 'NONE', *, *, #1880, .F. ) ;
#769 = CARTESIAN_POINT ( 'NONE',  ( -13.00000000000000711, -32.00000000000000711, 5.000000000000000000 ) ) ;
#770 = CARTESIAN_POINT ( 'NONE',  ( 30.50000000000000000, -52.77207793864213414, -23.00000000000003908 ) ) ;
#771 = ORIENTED_EDGE ( 'NONE', *, *, #1646, .F. ) ;
#772 = CARTESIAN_POINT ( 'NONE',  ( 0.000000000000000000, -22.50000000000000355, -4.391988976714578121E-15 ) ) ;
#773 = VERTEX_POINT ( 'NONE', #2683 ) ;
#774 = EDGE_CURVE ( 'NONE', #109, #2113, #753, .T. ) ;
#775 = B_SPLINE_CURVE_WITH_KNOTS ( 'NONE', 3,
 ( #2692, #606, #1029, #2673, #2240, #1622, #805, #2645, #981, #327, #2077, #2017, #346, #1191, #557, #1429, #1225, #578, #2037, #115, #1441, #2267, #1871, #360, #2709, #1413, #408, #1287, #1261, #1739, #1097, #834, #1925, #1719 ),
 .UNSPECIFIED., .F., .F.,
 ( 4, 2, 2, 2, 2, 2, 2, 2, 2, 2, 2, 2, 2, 2, 2, 2, 4 ),
 ( 0.01513514176540483973, 0.01575955390766039035, 0.01638396604991594271, 0.01700837819217149507, 0.01763279033442704744, 0.01825720247668259980, 0.01888161461893815216, 0.02013043890344924994, 0.02075485104570479883, 0.02137926318796035119, 0.02200367533021590355, 0.02231588140134367626, 0.02262808747247145244, 0.02325249961472700133, 0.02387691175698255369, 0.02450132389923810258, 0.02512573604149365147 ),
 .UNSPECIFIED. ) ;
#776 = ORIENTED_EDGE ( 'NONE', *, *, #131, .T. ) ;
#777 = CARTESIAN_POINT ( 'NONE',  ( -55.98528137423858908, -67.50000000000005684, -26.00000000000004619 ) ) ;
#778 = EDGE_CURVE ( 'NONE', #1206, #2148, #355, .T. ) ;
#779 = CARTESIAN_POINT ( 'NONE',  ( -12.60758109396787496, -34.98001257939220920, 6.328526589315475626 ) ) ;
#780 = FACE_OUTER_BOUND ( 'NONE', #1928, .T. ) ;
#781 = ORIENTED_EDGE ( 'NONE', *, *, #736, .T. ) ;
#782 = CARTESIAN_POINT ( 'NONE',  ( 27.50000000000001066, -54.01471862576142513, -20.00000000000003908 ) ) ;
#783 = ORIENTED_EDGE ( 'NONE', *, *, #2473, .T. ) ;
#784 = CARTESIAN_POINT ( 'NONE',  ( -10.00000000000171241, -31.79297503174444728, 6.661363365876217024 ) ) ;
#785 = DIRECTION ( 'NONE',  ( -0.000000000000000000, -0.000000000000000000, 1.000000000000000000 ) ) ;
#786 = PRESENTATION_STYLE_ASSIGNMENT (( #397 ) ) ;
#787 = STYLED_ITEM ( 'NONE', ( #786 ), #1600 ) ;
#788 = VECTOR ( 'NONE', #669, 999.9999999999998863 ) ;
#789 = CARTESIAN_POINT ( 'NONE',  ( 9.999999999999989342, -32.18314161320348177, 6.444104063002727756 ) ) ;
#790 = DIRECTION ( 'NONE',  ( 1.000000000000000000, 0.000000000000000000, 0.000000000000000000 ) ) ;
#791 = AXIS2_PLACEMENT_3D ( 'NONE', #1275, #1494, #1511 ) ;
#792 = AXIS2_PLACEMENT_3D ( 'NONE', #983, #785, #1009 ) ;
#793 = EDGE_CURVE ( 'NONE', #1399, #819, #1235, .T. ) ;
#794 = CIRCLE ( 'NONE', #1233, 2.000000000000001776 ) ;
#795 = EDGE_CURVE ( 'NONE', #2145, #1487, #1589, .T. ) ;
#796 = VECTOR ( 'NONE', #297, 1000.000000000000000 ) ;
#797 = ORIENTED_EDGE ( 'NONE', *, *, #379, .F. ) ;
#798 = CARTESIAN_POINT ( 'NONE',  ( 15.91775920689705082, -58.69762540848756771, 8.000000000000000000 ) ) ;
#799 = DIRECTION ( 'NONE',  ( -0.000000000000000000, -0.000000000000000000, -1.000000000000000000 ) ) ;
#800 = AXIS2_PLACEMENT_3D ( 'NONE', #900, #187, #52 ) ;
#801 = VERTEX_POINT ( 'NONE', #384 ) ;
#802 = DIRECTION ( 'NONE',  ( 0.7071067811865486830, 0.7071067811865464625, 5.916456789157589416E-31 ) ) ;
#803 = EDGE_CURVE ( 'NONE', #1079, #1350, #813, .T. ) ;
#804 = ORIENTED_EDGE ( 'NONE', *, *, #1340, .F. ) ;
#805 = CARTESIAN_POINT ( 'NONE',  ( -15.55654943412603330, -56.41692576324093977, 7.819061168414699559 ) ) ;
#806 = SURFACE_STYLE_FILL_AREA ( #2476 ) ;
#807 = DIRECTION ( 'NONE',  ( -1.349221823327174429E-16, 1.967543734044216016E-16, 1.000000000000000000 ) ) ;
#808 = EDGE_LOOP ( 'NONE', ( #2388, #680 ) ) ;
#809 = ORIENTED_EDGE ( 'NONE', *, *, #183, .T. ) ;
#810 = ORIENTED_EDGE ( 'NONE', *, *, #1037, .F. ) ;
#811 = CARTESIAN_POINT ( 'NONE',  ( 0.000000000000000000, -45.00000000000000711, 0.000000000000000000 ) ) ;
#812 = CARTESIAN_POINT ( 'NONE',  ( 11.39999999999999147, -32.00000000000000711, 10.10628645568517214 ) ) ;
#813 = LINE ( 'NONE', #2087, #665 ) ;
#814 = ORIENTED_EDGE ( 'NONE', *, *, #1387, .F. ) ;
#815 = CARTESIAN_POINT ( 'NONE',  ( 11.39999999999999147, -58.00000000000000000, 0.000000000000000000 ) ) ;
#816 = EDGE_CURVE ( 'NONE', #2051, #1130, #543, .T. ) ;
#817 = EDGE_CURVE ( 'NONE', #2535, #1903, #2097, .T. ) ;
#818 = DIRECTION ( 'NONE',  ( 1.000000000000000000, 0.000000000000000000, 0.000000000000000000 ) ) ;
#819 = VERTEX_POINT ( 'NONE', #1700 ) ;
#820 = CARTESIAN_POINT ( 'NONE',  ( 48.74264068711928388, -59.50000000000004974, -23.00000000000003553 ) ) ;
#821 = DIRECTION ( 'NONE',  ( 0.000000000000000000, 0.000000000000000000, 1.000000000000000000 ) ) ;
#822 = EDGE_CURVE ( 'NONE', #1487, #203, #1690, .T. ) ;
#823 = EDGE_LOOP ( 'NONE', ( #2015, #1183, #54, #877 ) ) ;
#824 = DIRECTION ( 'NONE',  ( 1.000000000000000000, 0.000000000000000000, 0.000000000000000000 ) ) ;
#825 = CARTESIAN_POINT ( 'NONE',  ( 11.60818676624389845, -62.50000000000000000, 8.000000000000000000 ) ) ;
#826 = CARTESIAN_POINT ( 'NONE',  ( 27.50000000000001066, -54.01471862576142513, -20.00000000000003908 ) ) ;
#827 = DIRECTION ( 'NONE',  ( 0.7193398003386547446, 2.429441099613009087E-16, 0.6946583704589935904 ) ) ;
#828 = ORIENTED_EDGE ( 'NONE', *, *, #214, .T. ) ;
#829 = CARTESIAN_POINT ( 'NONE',  ( -10.00000000000000711, -58.00000000000000000, 5.000000000000000000 ) ) ;
#830 = DIRECTION ( 'NONE',  ( -1.000000000000000000, 4.336808689942012189E-17, -1.349221823327174429E-16 ) ) ;
#831 = DIRECTION ( 'NONE',  ( -0.000000000000000000, -0.000000000000000000, -1.000000000000000000 ) ) ;
#832 = ORIENTED_EDGE ( 'NONE', *, *, #2427, .F. ) ;
#833 = CARTESIAN_POINT ( 'NONE',  ( -51.74264068711926967, -62.50000000000000000, -23.00000000000004974 ) ) ;
#834 = CARTESIAN_POINT ( 'NONE',  ( -10.01661216899755935, -57.63460278190667196, 6.343265189496565704 ) ) ;
#835 = ORIENTED_EDGE ( 'NONE', *, *, #1125, .F. ) ;
#836 = CIRCLE ( 'NONE', #259, 1.600000000000000755 ) ;
#837 = AXIS2_PLACEMENT_3D ( 'NONE', #1744, #60, #2149 ) ;
#838 = AXIS2_PLACEMENT_3D ( 'NONE', #839, #584, #2516 ) ;
#839 = CARTESIAN_POINT ( 'NONE',  ( -87.19707759714370354, -68.50000000000005684, -6.000000000000050626 ) ) ;
#840 = VECTOR ( 'NONE', #82, 1000.000000000000000 ) ;
#841 = DIRECTION ( 'NONE',  ( -1.000000000000000000, 2.675631499670326082E-32, -1.349221823327174429E-16 ) ) ;
#842 = AXIS2_PLACEMENT_3D ( 'NONE', #2450, #1421, #2260 ) ;
#843 = VECTOR ( 'NONE', #1526, 1000.000000000000000 ) ;
#844 = ORIENTED_EDGE ( 'NONE', *, *, #2539, .T. ) ;
#845 = VECTOR ( 'NONE', #112, 1000.000000000000000 ) ;
#846 = CARTESIAN_POINT ( 'NONE',  ( 10.10841774867164666, -31.17391263462353734, 7.003456920344662606 ) ) ;
#847 = LINE ( 'NONE', #1520, #2412 ) ;
#848 = EDGE_LOOP ( 'NONE', ( #1299, #1565, #113, #1665 ) ) ;
#849 = CARTESIAN_POINT ( 'NONE',  ( -10.00000000000000000, -58.20838108945852696, 6.662118504735208724 ) ) ;
#850 = CARTESIAN_POINT ( 'NONE',  ( -1.349221823327174626E-15, -45.00000000000000711, -19.00000000000004974 ) ) ;
#851 = LINE ( 'NONE', #443, #887 ) ;
#852 = ORIENTED_EDGE ( 'NONE', *, *, #63, .T. ) ;
#853 = ORIENTED_EDGE ( 'NONE', *, *, #1165, .T. ) ;
#854 = DIRECTION ( 'NONE',  ( -1.875376730785737226E-16, -1.000000000000000000, 2.201794655477296769E-16 ) ) ;
#855 = EDGE_CURVE ( 'NONE', #1207, #2738, #1910, .T. ) ;
#856 = DIRECTION ( 'NONE',  ( 1.000000000000000000, 0.000000000000000000, 0.000000000000000000 ) ) ;
#857 = CARTESIAN_POINT ( 'NONE',  ( 5.319899557242833718E-15, -59.50000000000000711, -23.00000000000003908 ) ) ;
#858 = EDGE_CURVE ( 'NONE', #1587, #44, #2208, .T. ) ;
#859 = ORIENTED_EDGE ( 'NONE', *, *, #890, .F. ) ;
#860 = DIRECTION ( 'NONE',  ( 0.7071067811865484609, 0.7071067811865465735, -4.372196160242400050E-17 ) ) ;
#861 = ORIENTED_EDGE ( 'NONE', *, *, #1168, .F. ) ;
#862 = CARTESIAN_POINT ( 'NONE',  ( -17.49999999999999645, -42.00000000000000000, -16.00000000000004974 ) ) ;
#863 = CARTESIAN_POINT ( 'NONE',  ( -38.98528137423858908, -67.50000000000005684, -14.00000000000003730 ) ) ;
#864 = CARTESIAN_POINT ( 'NONE',  ( 14.73423733901910992, -55.54447003305546104, 7.465984403695206773 ) ) ;
#865 = ORIENTED_EDGE ( 'NONE', *, *, #359, .F. ) ;
#866 = CARTESIAN_POINT ( 'NONE',  ( -50.98528137423859619, -67.50000000000005684, -16.00000000000003908 ) ) ;
#867 = EDGE_CURVE ( 'NONE', #539, #176, #1591, .T. ) ;
#868 = LINE ( 'NONE', #2324, #1771 ) ;
#869 = ORIENTED_EDGE ( 'NONE', *, *, #202, .T. ) ;
#870 = DIRECTION ( 'NONE',  ( 0.6946583704589931463, -5.806667596949144725E-17, 0.7193398003386551887 ) ) ;
#871 = DIRECTION ( 'NONE',  ( 0.7071067811865465735, -0.7071067811865484609, 0.000000000000000000 ) ) ;
#872 = ORIENTED_EDGE ( 'NONE', *, *, #774, .T. ) ;
#873 = CARTESIAN_POINT ( 'NONE',  ( -12.05515867925865514, -60.85708244584485271, 7.928754743616654110 ) ) ;
#874 = FACE_OUTER_BOUND ( 'NONE', #1346, .T. ) ;
#875 = CARTESIAN_POINT ( 'NONE',  ( 37.85530313790588508, -62.50000000000005684, -6.000000000000033751 ) ) ;
#876 = CARTESIAN_POINT ( 'NONE',  ( 15.99999999999999289, -31.99999999999663558, 7.990755995505704590 ) ) ;
#877 = ORIENTED_EDGE ( 'NONE', *, *, #2745, .T. ) ;
#878 = CARTESIAN_POINT ( 'NONE',  ( 38.98528137423861750, -62.50000000000000000, -16.00000000000003908 ) ) ;
#879 = LINE ( 'NONE', #257, #1062 ) ;
#880 = AXIS2_PLACEMENT_3D ( 'NONE', #1177, #969, #519 ) ;
#881 = LINE ( 'NONE', #1909, #701 ) ;
#882 = CIRCLE ( 'NONE', #1498, 1.600000000000000755 ) ;
#883 = VECTOR ( 'NONE', #1720, 1000.000000000000000 ) ;
#884 = VECTOR ( 'NONE', #369, 1000.000000000000000 ) ;
#885 = VERTEX_POINT ( 'NONE', #1919 ) ;
#886 = DIRECTION ( 'NONE',  ( -3.413144305457568632E-32, -1.000000000000000000, 1.967543734044216016E-16 ) ) ;
#887 = VECTOR ( 'NONE', #652, 1000.000000000000000 ) ;
#888 = VECTOR ( 'NONE', #854, 1000.000000000000000 ) ;
#889 = EDGE_CURVE ( 'NONE', #764, #1517, #1789, .T. ) ;
#890 = EDGE_CURVE ( 'NONE', #1, #2243, #1639, .T. ) ;
#891 = VERTEX_POINT ( 'NONE', #1669 ) ;
#892 = AXIS2_PLACEMENT_3D ( 'NONE', #2035, #2090, #1633 ) ;
#893 = CIRCLE ( 'NONE', #2555, 2.000000000000001776 ) ;
#894 = CARTESIAN_POINT ( 'NONE',  ( -38.98528137423858908, -67.50000000000005684, -16.00000000000003908 ) ) ;
#895 = CARTESIAN_POINT ( 'NONE',  ( 13.34178826519237759, -55.01387981936315441, 6.737061301618508580 ) ) ;
#896 = EDGE_LOOP ( 'NONE', ( #2083, #1028, #12, #668 ) ) ;
#897 = FACE_BOUND ( 'NONE', #234, .T. ) ;
#898 = DIRECTION ( 'NONE',  ( -0.000000000000000000, 0.000000000000000000, -1.000000000000000000 ) ) ;
#899 = ORIENTED_EDGE ( 'NONE', *, *, #513, .T. ) ;
#900 = CARTESIAN_POINT ( 'NONE',  ( 0.000000000000000000, 0.000000000000000000, 0.000000000000000000 ) ) ;
#901 = CARTESIAN_POINT ( 'NONE',  ( -1.349221823327174231E-15, -45.00000000000000711, -19.00000000000004974 ) ) ;
#902 = DIRECTION ( 'NONE',  ( -1.000000000000000000, -2.654652944323094449E-32, -1.349221823327174429E-16 ) ) ;
#903 = ORIENTED_EDGE ( 'NONE', *, *, #130, .F. ) ;
#904 = CARTESIAN_POINT ( 'NONE',  ( -35.50000000000007816, -67.50000000000004263, 10.10628645568518280 ) ) ;
#905 = ADVANCED_FACE ( 'NONE', ( #2493 ), #1904, .F. ) ;
#906 = DIRECTION ( 'NONE',  ( -0.000000000000000000, 0.000000000000000000, -1.000000000000000000 ) ) ;
#907 = CARTESIAN_POINT ( 'NONE',  ( 11.70247493801488581, -55.28818580582186826, 5.886247989527984004 ) ) ;
#908 = ORIENTED_EDGE ( 'NONE', *, *, #2102, .F. ) ;
#909 = CARTESIAN_POINT ( 'NONE',  ( -15.99309930021309079, -31.76534324089842087, 7.996618186847822329 ) ) ;
#910 = CARTESIAN_POINT ( 'NONE',  ( -13.00000000000000711, -58.00000000000000000, 0.000000000000000000 ) ) ;
#911 = EDGE_CURVE ( 'NONE', #2310, #530, #1147, .T. ) ;
#912 = CYLINDRICAL_SURFACE ( 'NONE', #2300, 2.999999999999999112 ) ;
#913 = ORIENTED_EDGE ( 'NONE', *, *, #1702, .T. ) ;
#914 = LINE ( 'NONE', #2153, #195 ) ;
#915 = CARTESIAN_POINT ( 'NONE',  ( -16.00000000000000711, -32.00000000000000711, 5.000000000000000000 ) ) ;
#916 = ORIENTED_EDGE ( 'NONE', *, *, #2649, .F. ) ;
#917 = DIRECTION ( 'NONE',  ( 0.000000000000000000, 0.000000000000000000, -1.000000000000000000 ) ) ;
#918 = CARTESIAN_POINT ( 'NONE',  ( -27.50000000000000711, -48.00000000000000711, -20.00000000000004974 ) ) ;
#919 = EDGE_CURVE ( 'NONE', #2013, #1509, #2125, .T. ) ;
#920 = EDGE_CURVE ( 'NONE', #2557, #1223, #6, .T. ) ;
#921 = ORIENTED_EDGE ( 'NONE', *, *, #2063, .T. ) ;
#922 = CARTESIAN_POINT ( 'NONE',  ( -19.50000000000000355, -62.50000000000000000, -26.00000000000004263 ) ) ;
#923 = DIRECTION ( 'NONE',  ( -1.000000000000000000, 0.000000000000000000, -0.000000000000000000 ) ) ;
#924 = ORIENTED_EDGE ( 'NONE', *, *, #1088, .F. ) ;
#925 = CARTESIAN_POINT ( 'NONE',  ( -13.00000000000000711, -58.00000000000000000, 10.10628645568517214 ) ) ;
#926 = AXIS2_PLACEMENT_3D ( 'NONE', #53, #714, #2594 ) ;
#927 = DIRECTION ( 'NONE',  ( -3.413144305457568632E-32, -1.000000000000000000, 1.967543734044216016E-16 ) ) ;
#928 = VECTOR ( 'NONE', #1252, 1000.000000000000000 ) ;
#929 = ORIENTED_EDGE ( 'NONE', *, *, #1468, .F. ) ;
#930 = VECTOR ( 'NONE', #1678, 1000.000000000000000 ) ;
#931 = LINE ( 'NONE', #1380, #382 ) ;
#932 = DIRECTION ( 'NONE',  ( 1.000000000000000000, 0.000000000000000000, 0.000000000000000000 ) ) ;
#933 = VECTOR ( 'NONE', #450, 1000.000000000000000 ) ;
#934 = AXIS2_PLACEMENT_3D ( 'NONE', #1344, #1804, #1578 ) ;
#935 = ORIENTED_EDGE ( 'NONE', *, *, #1612, .F. ) ;
#936 = CARTESIAN_POINT ( 'NONE',  ( 55.98528137423861750, -62.50000000000005684, -26.00000000000003197 ) ) ;
#937 = CIRCLE ( 'NONE', #712, 12.99999999999999822 ) ;
#938 = ORIENTED_EDGE ( 'NONE', *, *, #593, .T. ) ;
#939 = EDGE_CURVE ( 'NONE', #368, #180, #1068, .T. ) ;
#940 = CARTESIAN_POINT ( 'NONE',  ( 19.50000000000000711, -25.50000000000000355, -26.00000000000004263 ) ) ;
#941 = FACE_OUTER_BOUND ( 'NONE', #1999, .T. ) ;
#942 = ORIENTED_EDGE ( 'NONE', *, *, #471, .T. ) ;
#943 = DIRECTION ( 'NONE',  ( -3.413144305457568632E-32, -1.000000000000000000, 1.967543734044216016E-16 ) ) ;
#944 = CARTESIAN_POINT ( 'NONE',  ( -17.49999999999999645, -39.00000000000000711, -23.00000000000004974 ) ) ;
#945 = EDGE_LOOP ( 'NONE', ( #221, #1701, #1394, #87, #2347, #810 ) ) ;
#946 = CARTESIAN_POINT ( 'NONE',  ( 55.98528137423861750, -67.50000000000005684, -6.000000000000029310 ) ) ;
#947 = FACE_OUTER_BOUND ( 'NONE', #20, .T. ) ;
#948 = ORIENTED_EDGE ( 'NONE', *, *, #1057, .F. ) ;
#949 = ADVANCED_FACE ( 'NONE', ( #629 ), #1061, .T. ) ;
#950 = VERTEX_POINT ( 'NONE', #2748 ) ;
#951 = DIRECTION ( 'NONE',  ( 1.000000000000000000, 0.000000000000000000, 0.000000000000000000 ) ) ;
#952 = CARTESIAN_POINT ( 'NONE',  ( 35.98528137423861040, -62.50000000000005684, -20.00000000000003908 ) ) ;
#953 = ORIENTED_EDGE ( 'NONE', *, *, #2425, .F. ) ;
#954 = CARTESIAN_POINT ( 'NONE',  ( 15.99999999999999289, -57.99999999998321698, 7.990755995505091747 ) ) ;
#955 = FACE_OUTER_BOUND ( 'NONE', #341, .T. ) ;
#956 = EDGE_LOOP ( 'NONE', ( #25, #1178, #274, #1920 ) ) ;
#957 = DIRECTION ( 'NONE',  ( -1.000000000000000000, 0.000000000000000000, 0.000000000000000000 ) ) ;
#958 = DIRECTION ( 'NONE',  ( -0.000000000000000000, 0.000000000000000000, -1.000000000000000000 ) ) ;
#959 = DIRECTION ( 'NONE',  ( 3.413144305457568632E-32, 1.000000000000000000, -1.967543734044216016E-16 ) ) ;
#960 = ORIENTED_EDGE ( 'NONE', *, *, #858, .T. ) ;
#961 = FACE_OUTER_BOUND ( 'NONE', #2170, .T. ) ;
#962 = ORIENTED_EDGE ( 'NONE', *, *, #2034, .T. ) ;
#963 = AXIS2_PLACEMENT_3D ( 'NONE', #901, #1747, #685 ) ;
#964 = DIRECTION ( 'NONE',  ( -1.000000000000000000, -1.875376730785737226E-16, 0.000000000000000000 ) ) ;
#965 = ORIENTED_EDGE ( 'NONE', *, *, #1166, .T. ) ;
#966 = AXIS2_PLACEMENT_3D ( 'NONE', #894, #1056, #396 ) ;
#967 = VECTOR ( 'NONE', #2154, 1000.000000000000000 ) ;
#968 = FACE_OUTER_BOUND ( 'NONE', #266, .T. ) ;
#969 = DIRECTION ( 'NONE',  ( -3.413144305457568632E-32, -1.000000000000000000, 1.967543734044216016E-16 ) ) ;
#970 = EDGE_CURVE ( 'NONE', #2455, #2535, #1513, .T. ) ;
#971 = CIRCLE ( 'NONE', #2031, 2.000000000000001776 ) ;
#972 = VECTOR ( 'NONE', #1200, 1000.000000000000000 ) ;
#973 = ORIENTED_EDGE ( 'NONE', *, *, #778, .F. ) ;
#974 = VECTOR ( 'NONE', #536, 1000.000000000000000 ) ;
#975 = ORIENTED_EDGE ( 'NONE', *, *, #95, .F. ) ;
#976 = LINE ( 'NONE', #812, #22 ) ;
#977 = ORIENTED_EDGE ( 'NONE', *, *, #2229, .F. ) ;
#978 = FACE_OUTER_BOUND ( 'NONE', #2541, .T. ) ;
#979 = CARTESIAN_POINT ( 'NONE',  ( 19.50000000000000711, -22.49999999999999645, -26.00000000000004263 ) ) ;
#980 = EDGE_LOOP ( 'NONE', ( #722, #1661 ) ) ;
#981 = CARTESIAN_POINT ( 'NONE',  ( -15.18213116176676003, -55.93173462415236230, 7.667525701926605208 ) ) ;
#982 = CARTESIAN_POINT ( 'NONE',  ( 37.85530313790588508, -62.50000000000000000, -6.000000000000033751 ) ) ;
#983 = CARTESIAN_POINT ( 'NONE',  ( -13.00000000000000711, -32.00000000000000711, 0.000000000000000000 ) ) ;
#984 = CARTESIAN_POINT ( 'NONE',  ( 9.999999999999088729, -58.20688459504339818, 6.661285200836672082 ) ) ;
#985 = ORIENTED_EDGE ( 'NONE', *, *, #1373, .T. ) ;
#986 = EDGE_CURVE ( 'NONE', #176, #1444, #1485, .T. ) ;
#987 = ORIENTED_EDGE ( 'NONE', *, *, #461, .F. ) ;
#988 = CARTESIAN_POINT ( 'NONE',  ( 55.98528137423861750, -62.50000000000005684, -6.000000000000029310 ) ) ;
#989 = CARTESIAN_POINT ( 'NONE',  ( 12.99999999999999289, -58.00000000000000000, 5.000000000000000000 ) ) ;
#990 = DIRECTION ( 'NONE',  ( -0.7071067811865486830, -0.7071067811865464625, -5.916456789157589416E-31 ) ) ;
#991 = ORIENTED_EDGE ( 'NONE', *, *, #890, .T. ) ;
#992 = CARTESIAN_POINT ( 'NONE',  ( 16.00000000000066436, -58.11800591026624829, 7.994336377376468405 ) ) ;
#993 = CARTESIAN_POINT ( 'NONE',  ( -19.50000000000000711, -51.00000000000000711, -23.00000000000004619 ) ) ;
#994 = ORIENTED_EDGE ( 'NONE', *, *, #2760, .T. ) ;
#995 = CARTESIAN_POINT ( 'NONE',  ( -11.22593525065721920, -29.57003194841547611, 7.769955018145760839 ) ) ;
#996 = DIRECTION ( 'NONE',  ( 0.000000000000000000, 0.000000000000000000, 1.000000000000000000 ) ) ;
#997 = EDGE_CURVE ( 'NONE', #191, #1862, #893, .T. ) ;
#998 = ORIENTED_EDGE ( 'NONE', *, *, #538, .F. ) ;
#999 = CARTESIAN_POINT ( 'NONE',  ( 11.01463939705421957, -34.25869747788453878, 5.697000441304894025 ) ) ;
#1000 = EDGE_CURVE ( 'NONE', #2339, #697, #2418, .T. ) ;
#1001 = ORIENTED_EDGE ( 'NONE', *, *, #538, .T. ) ;
#1002 = CARTESIAN_POINT ( 'NONE',  ( -10.01648873979669396, -32.36464719081718044, 6.343666268918664919 ) ) ;
#1003 = ORIENTED_EDGE ( 'NONE', *, *, #2461, .T. ) ;
#1004 = CARTESIAN_POINT ( 'NONE',  ( 15.99306160943462629, -58.23513688809629230, 7.996626427432688367 ) ) ;
#1005 = LINE ( 'NONE', #138, #1415 ) ;
#1006 = LINE ( 'NONE', #357, #67 ) ;
#1007 = ORIENTED_EDGE ( 'NONE', *, *, #817, .T. ) ;
#1008 = DIRECTION ( 'NONE',  ( 0.000000000000000000, 0.000000000000000000, 1.000000000000000000 ) ) ;
#1009 = DIRECTION ( 'NONE',  ( -1.000000000000000000, 0.000000000000000000, 0.000000000000000000 ) ) ;
#1010 = DIRECTION ( 'NONE',  ( -1.000000000000000000, -0.000000000000000000, -1.349221823327174429E-16 ) ) ;
#1011 = DIRECTION ( 'NONE',  ( -0.7071067811865484609, -0.7071067811865465735, 0.000000000000000000 ) ) ;
#1012 = VECTOR ( 'NONE', #1716, 1000.000000000000000 ) ;
#1013 = VECTOR ( 'NONE', #116, 1000.000000000000000 ) ;
#1014 = ORIENTED_EDGE ( 'NONE', *, *, #679, .T. ) ;
#1015 = CARTESIAN_POINT ( 'NONE',  ( 10.72159330798583987, -33.96271087175782100, 5.699448933054972244 ) ) ;
#1016 = VECTOR ( 'NONE', #1781, 1000.000000000000000 ) ;
#1017 = VECTOR ( 'NONE', #1030, 1000.000000000000000 ) ;
#1018 = AXIS2_PLACEMENT_3D ( 'NONE', #1316, #1743, #413 ) ;
#1019 = EDGE_CURVE ( 'NONE', #2362, #137, #708, .T. ) ;
#1020 = CARTESIAN_POINT ( 'NONE',  ( -7.748877537573823915, -62.49999999999999289, 7.785545078315767142 ) ) ;
#1021 = DIRECTION ( 'NONE',  ( -1.000000000000000000, -0.000000000000000000, -0.000000000000000000 ) ) ;
#1022 = DIRECTION ( 'NONE',  ( 9.376883653928686131E-17, -1.000000000000000000, 1.967543734044216262E-16 ) ) ;
#1023 = CARTESIAN_POINT ( 'NONE',  ( -12.24314744878222072, -34.90889012973374861, 6.136560891913228843 ) ) ;
#1024 = VERTEX_POINT ( 'NONE', #946 ) ;
#1025 = EDGE_CURVE ( 'NONE', #2132, #1685, #1733, .T. ) ;
#1026 = DIRECTION ( 'NONE',  ( 1.477285665293037452E-16, -1.000000000000000000, 1.967543734044216509E-16 ) ) ;
#1027 = DIRECTION ( 'NONE',  ( 0.000000000000000000, 1.000000000000000000, -1.003808469612657108E-16 ) ) ;
#1028 = ORIENTED_EDGE ( 'NONE', *, *, #1801, .T. ) ;
#1029 = CARTESIAN_POINT ( 'NONE',  ( -15.97795759806433225, -57.58163553808855539, 7.974040599486372116 ) ) ;
#1030 = DIRECTION ( 'NONE',  ( 0.000000000000000000, 1.000000000000000000, 0.000000000000000000 ) ) ;
#1031 = ORIENTED_EDGE ( 'NONE', *, *, #1025, .F. ) ;
#1032 = CARTESIAN_POINT ( 'NONE',  ( 14.40569278117634155, -34.67664522568123431, 7.309061292973283663 ) ) ;
#1033 = ORIENTED_EDGE ( 'NONE', *, *, #1204, .F. ) ;
#1034 = CARTESIAN_POINT ( 'NONE',  ( 9.999999999999992895, -32.00000000000000711, 5.000000000000000000 ) ) ;
#1035 = DIRECTION ( 'NONE',  ( 3.413144305457568632E-32, 1.000000000000000000, -1.967543734044216016E-16 ) ) ;
#1036 = CARTESIAN_POINT ( 'NONE',  ( 28.74264068711928743, -39.50000000000000000, -23.00000000000004263 ) ) ;
#1037 = EDGE_CURVE ( 'NONE', #1691, #1399, #1648, .T. ) ;
#1038 = ORIENTED_EDGE ( 'NONE', *, *, #1626, .T. ) ;
#1039 = LINE ( 'NONE', #829, #1361 ) ;
#1040 = EDGE_CURVE ( 'NONE', #501, #2013, #2190, .T. ) ;
#1041 = DIRECTION ( 'NONE',  ( -1.000000000000000000, -1.875376730785737226E-16, 0.000000000000000000 ) ) ;
#1042 = ORIENTED_EDGE ( 'NONE', *, *, #343, .T. ) ;
#1043 = CARTESIAN_POINT ( 'NONE',  ( -13.69762540848754817, -60.91775920689707391, 8.000000000000000000 ) ) ;
#1044 = CARTESIAN_POINT ( 'NONE',  ( -40.24264068711928388, -51.00000000000000711, -26.00000000000004619 ) ) ;
#1045 = DIRECTION ( 'NONE',  ( 0.000000000000000000, 0.000000000000000000, 1.000000000000000000 ) ) ;
#1046 = EDGE_LOOP ( 'NONE', ( #2419, #1379, #1581, #1047, #869, #581, #783, #1861, #899, #623, #2528, #994, #935, #492 ) ) ;
#1047 = ORIENTED_EDGE ( 'NONE', *, *, #1697, .F. ) ;
#1048 = FACE_OUTER_BOUND ( 'NONE', #1655, .T. ) ;
#1049 = DIRECTION ( 'NONE',  ( -0.000000000000000000, -0.000000000000000000, -1.000000000000000000 ) ) ;
#1050 = ORIENTED_EDGE ( 'NONE', *, *, #1464, .T. ) ;
#1051 = ADVANCED_FACE ( 'NONE', ( #1334 ), #534, .F. ) ;
#1052 = CARTESIAN_POINT ( 'NONE',  ( -27.50000000000000711, -62.50000000000000000, 8.000000000000000000 ) ) ;
#1053 = CARTESIAN_POINT ( 'NONE',  ( 30.50000000000001066, -62.50000000000000000, -26.00000000000003553 ) ) ;
#1054 = CARTESIAN_POINT ( 'NONE',  ( 27.50000000000000711, -38.25735931288071612, -23.00000000000004263 ) ) ;
#1055 = ORIENTED_EDGE ( 'NONE', *, *, #1214, .T. ) ;
#1056 = DIRECTION ( 'NONE',  ( 3.413144305457568632E-32, 1.000000000000000000, -1.967543734044216016E-16 ) ) ;
#1057 = EDGE_CURVE ( 'NONE', #2466, #2390, #37, .T. ) ;
#1058 = EDGE_CURVE ( 'NONE', #2310, #2616, #2591, .T. ) ;
#1059 = CARTESIAN_POINT ( 'NONE',  ( 15.99999999999999289, -57.99999999998321698, 7.990755995505091747 ) ) ;
#1060 = ORIENTED_EDGE ( 'NONE', *, *, #461, .T. ) ;
#1061 = PLANE ( 'NONE',  #1194 ) ;
#1062 = VECTOR ( 'NONE', #21, 1000.000000000000000 ) ;
#1063 = VECTOR ( 'NONE', #996, 1000.000000000000000 ) ;
#1064 = PLANE ( 'NONE',  #1901 ) ;
#1065 = CIRCLE ( 'NONE', #2686, 2.000000000000001776 ) ;
#1066 = CARTESIAN_POINT ( 'NONE',  ( -13.00000000000000711, -32.00000000000000711, 0.000000000000000000 ) ) ;
#1067 = VECTOR ( 'NONE', #111, 1000.000000000000000 ) ;
#1068 = CIRCLE ( 'NONE', #66, 2.000000000000001776 ) ;
#1069 = ORIENTED_EDGE ( 'NONE', *, *, #1214, .F. ) ;
#1070 = CARTESIAN_POINT ( 'NONE',  ( -19.50000000000001066, -25.50000000000000355, -63.85498646149545721 ) ) ;
#1071 = EDGE_LOOP ( 'NONE', ( #1751, #2309, #1477, #768, #2368, #1755 ) ) ;
#1072 = CARTESIAN_POINT ( 'NONE',  ( -10.10757791210802381, -58.82293516272660128, 7.001746634400489278 ) ) ;
#1073 = CARTESIAN_POINT ( 'NONE',  ( 10.72216108046198002, -56.03618960616635292, 5.699006167643941190 ) ) ;
#1074 = ADVANCED_FACE ( 'NONE', ( #1994, #1757 ), #692, .T. ) ;
#1075 = EDGE_LOOP ( 'NONE', ( #2064, #977, #567, #84 ) ) ;
#1076 = FACE_OUTER_BOUND ( 'NONE', #823, .T. ) ;
#1077 = CARTESIAN_POINT ( 'NONE',  ( -27.50000000000000711, -62.50000000000000000, 8.000000000000000000 ) ) ;
#1078 = CARTESIAN_POINT ( 'NONE',  ( 27.50000000000000711, -38.25735931288070901, -20.00000000000004619 ) ) ;
#1079 = VERTEX_POINT ( 'NONE', #1412 ) ;
#1080 = DIRECTION ( 'NONE',  ( -1.875376730785737226E-16, -1.000000000000000000, 1.003808469612656861E-16 ) ) ;
#1081 = CARTESIAN_POINT ( 'NONE',  ( -19.50000000000000711, -45.00000000000000711, -16.00000000000004974 ) ) ;
#1082 = ORIENTED_EDGE ( 'NONE', *, *, #375, .T. ) ;
#1083 = LINE ( 'NONE', #651, #1365 ) ;
#1084 = CARTESIAN_POINT ( 'NONE',  ( 12.06192058463025063, -55.14386370761391731, 6.045685921252869299 ) ) ;
#1085 = ORIENTED_EDGE ( 'NONE', *, *, #920, .T. ) ;
#1086 = VERTEX_POINT ( 'NONE', #1224 ) ;
#1087 = ADVANCED_FACE ( 'NONE', ( #2076 ), #161, .F. ) ;
#1088 = EDGE_CURVE ( 'NONE', #191, #2477, #2488, .T. ) ;
#1089 = EDGE_CURVE ( 'NONE', #819, #1568, #750, .T. ) ;
#1090 = PLANE ( 'NONE',  #2628 ) ;
#1091 = ORIENTED_EDGE ( 'NONE', *, *, #1456, .F. ) ;
#1092 = CARTESIAN_POINT ( 'NONE',  ( 37.85530313790588508, -68.50000000000007105, -6.000000000000033751 ) ) ;
#1093 = CARTESIAN_POINT ( 'NONE',  ( -55.98528137423858908, -59.50000000000000711, -20.00000000000004974 ) ) ;
#1094 = CARTESIAN_POINT ( 'NONE',  ( 30.50000000000000711, -62.50000000000000000, 1.102933675578845030 ) ) ;
#1095 = ORIENTED_EDGE ( 'NONE', *, *, #95, .T. ) ;
#1096 = CARTESIAN_POINT ( 'NONE',  ( -10.34837056059333804, -59.41961740707976247, 7.313212543300753765 ) ) ;
#1097 = CARTESIAN_POINT ( 'NONE',  ( -10.08397145824010721, -57.27137415582107849, 6.150996369066823455 ) ) ;
#1098 = DIRECTION ( 'NONE',  ( -0.000000000000000000, -0.000000000000000000, -1.000000000000000000 ) ) ;
#1099 = ORIENTED_EDGE ( 'NONE', *, *, #363, .F. ) ;
#1100 = DIRECTION ( 'NONE',  ( 0.000000000000000000, 0.000000000000000000, 1.000000000000000000 ) ) ;
#1101 = CIRCLE ( 'NONE', #1278, 2.000000000000001776 ) ;
#1102 = CARTESIAN_POINT ( 'NONE',  ( 11.83605671182487740, -60.77487846571636965, 7.900029533968067064 ) ) ;
#1103 = EDGE_CURVE ( 'NONE', #773, #437, #480, .T. ) ;
#1104 = VECTOR ( 'NONE', #1205, 1000.000000000000000 ) ;
#1105 = ADVANCED_FACE ( 'NONE', ( #486 ), #1761, .F. ) ;
#1106 = AXIS2_PLACEMENT_3D ( 'NONE', #1598, #2407, #1610 ) ;
#1107 = ORIENTED_EDGE ( 'NONE', *, *, #2540, .F. ) ;
#1108 = CARTESIAN_POINT ( 'NONE',  ( -27.50000000000001066, -39.00000000000000711, -26.00000000000004619 ) ) ;
#1109 = DIRECTION ( 'NONE',  ( 1.000000000000000000, 0.000000000000000000, 0.000000000000000000 ) ) ;
#1110 = VECTOR ( 'NONE', #2172, 1000.000000000000000 ) ;
#1111 = AXIS2_PLACEMENT_3D ( 'NONE', #136, #799, #1218 ) ;
#1112 = CARTESIAN_POINT ( 'NONE',  ( 50.98528137423861750, -67.50000000000005684, -16.00000000000003908 ) ) ;
#1113 = EDGE_CURVE ( 'NONE', #2145, #1223, #1548, .T. ) ;
#1114 = ORIENTED_EDGE ( 'NONE', *, *, #2187, .T. ) ;
#1115 = PRODUCT_DEFINITION_FORMATION_WITH_SPECIFIED_SOURCE ( 'ä»', '', #1628, .NOT_KNOWN. ) ;
#1116 = CARTESIAN_POINT ( 'NONE',  ( 15.31698956788263466, -56.08347503413427404, 7.723746926294536408 ) ) ;
#1117 = EDGE_LOOP ( 'NONE', ( #1085, #853, #1107, #2003 ) ) ;
#1118 = CARTESIAN_POINT ( 'NONE',  ( -38.10660171779822747, -60.37867965644035451, -20.00000000000004619 ) ) ;
#1119 = CARTESIAN_POINT ( 'NONE',  ( 9.999999999999992895, -57.99999999998685496, 6.546084143049686332 ) ) ;
#1120 = ORIENTED_EDGE ( 'NONE', *, *, #2027, .F. ) ;
#1121 = CARTESIAN_POINT ( 'NONE',  ( -50.49999999999999289, -61.25735931288072322, -23.00000000000004974 ) ) ;
#1122 = EDGE_CURVE ( 'NONE', #1130, #2005, #2614, .T. ) ;
#1123 = ORIENTED_EDGE ( 'NONE', *, *, #1204, .T. ) ;
#1124 = DIRECTION ( 'NONE',  ( -1.000000000000000000, -1.875376730785737226E-16, 0.000000000000000000 ) ) ;
#1125 = EDGE_CURVE ( 'NONE', #350, #2143, #336, .T. ) ;
#1126 = PLANE ( 'NONE',  #2685 ) ;
#1127 = ORIENTED_EDGE ( 'NONE', *, *, #2216, .T. ) ;
#1128 = CARTESIAN_POINT ( 'NONE',  ( -39.26362404039936393, -65.77834266616076775, -7.359999686864155066 ) ) ;
#1129 = FACE_OUTER_BOUND ( 'NONE', #1291, .T. ) ;
#1130 = VERTEX_POINT ( 'NONE', #1131 ) ;
#1131 = CARTESIAN_POINT ( 'NONE',  ( -48.74264068711926967, -59.50000000000000711, -23.00000000000004974 ) ) ;
#1132 = CARTESIAN_POINT ( 'NONE',  ( 50.50000000000000000, -61.25735931288076586, -23.00000000000003908 ) ) ;
#1133 = EDGE_LOOP ( 'NONE', ( #2210, #1248, #451, #134 ) ) ;
#1134 = FACE_OUTER_BOUND ( 'NONE', #1484, .T. ) ;
#1135 = ORIENTED_EDGE ( 'NONE', *, *, #2756, .F. ) ;
#1136 = FACE_BOUND ( 'NONE', #2718, .T. ) ;
#1137 = ORIENTED_EDGE ( 'NONE', *, *, #2139, .F. ) ;
#1138 = DIRECTION ( 'NONE',  ( 1.000000000000000000, 0.000000000000000000, 0.000000000000000000 ) ) ;
#1139 = CYLINDRICAL_SURFACE ( 'NONE', #1550, 8.000000000000000000 ) ;
#1140 = CARTESIAN_POINT ( 'NONE',  ( 19.50000000000001066, -59.50000000000000711, 0.000000000000000000 ) ) ;
#1141 = VECTOR ( 'NONE', #1010, 1000.000000000000000 ) ;
#1142 = ORIENTED_EDGE ( 'NONE', *, *, #1251, .F. ) ;
#1143 = AXIS2_PLACEMENT_3D ( 'NONE', #2158, #2322, #1721 ) ;
#1144 = VECTOR ( 'NONE', #490, 999.9999999999998863 ) ;
#1145 = LINE ( 'NONE', #2609, #840 ) ;
#1146 = CARTESIAN_POINT ( 'NONE',  ( 19.50000000000000711, -30.50000000000000355, 0.000000000000000000 ) ) ;
#1147 = CIRCLE ( 'NONE', #2166, 20.99999999999999645 ) ;
#1148 = ORIENTED_EDGE ( 'NONE', *, *, #2235, .T. ) ;
#1149 = DIRECTION ( 'NONE',  ( -1.000000000000000000, 0.000000000000000000, 0.000000000000000000 ) ) ;
#1150 = CARTESIAN_POINT ( 'NONE',  ( 38.98528137423861750, -62.50000000000000000, -18.00000000000003908 ) ) ;
#1151 = EDGE_CURVE ( 'NONE', #1399, #2310, #1281, .T. ) ;
#1152 = EDGE_CURVE ( 'NONE', #1404, #2621, #2415, .T. ) ;
#1153 = EDGE_LOOP ( 'NONE', ( #1935, #1469, #2396, #356, #332, #544, #2537 ) ) ;
#1154 = B_SPLINE_CURVE_WITH_KNOTS ( 'NONE', 3,
 ( #2136, #849, #1895, #1072, #666, #1096, #1738, #1705, #624, #1260, #222, #395, #873, #1924, #636, #1244, #2319, #1043 ),
 .UNSPECIFIED., .F., .F.,
 ( 4, 2, 2, 2, 2, 2, 2, 2, 4 ),
 ( 0.005480533948255155927, 0.006189429602878266171, 0.006898325257501376415, 0.007607220912124485791, 0.008316116566747595168, 0.009025012221370705412, 0.009733907875993815656, 0.01044280353061692590, 0.01115169918524003614 ),
 .UNSPECIFIED. ) ;
#1155 = EDGE_LOOP ( 'NONE', ( #2292, #1215, #1171, #664, #2478, #1055, #2316, #1001, #1577, #2212, #71, #2712, #2124, #1114 ) ) ;
#1156 = DIRECTION ( 'NONE',  ( 0.7071067811865465735, -0.7071067811865484609, -3.081487911019578049E-33 ) ) ;
#1157 = CARTESIAN_POINT ( 'NONE',  ( -37.22792206135787296, -59.50000000000000711, -23.00000000000004619 ) ) ;
#1158 = LINE ( 'NONE', #2002, #436 ) ;
#1159 = ORIENTED_EDGE ( 'NONE', *, *, #1575, .F. ) ;
#1160 = CARTESIAN_POINT ( 'NONE',  ( -38.98528137423858908, -62.50000000000000000, -16.00000000000003908 ) ) ;
#1161 = DIRECTION ( 'NONE',  ( 1.000000000000000000, 0.000000000000000000, 0.000000000000000000 ) ) ;
#1162 = VERTEX_POINT ( 'NONE', #527 ) ;
#1163 = CARTESIAN_POINT ( 'NONE',  ( -55.98528137423859619, -62.50000000000000000, -6.000000000000043521 ) ) ;
#1164 = DIRECTION ( 'NONE',  ( 3.413144305457568632E-32, 1.000000000000000000, -1.967543734044216016E-16 ) ) ;
#1165 = EDGE_CURVE ( 'NONE', #1223, #76, #475, .T. ) ;
#1166 = EDGE_CURVE ( 'NONE', #1978, #352, #732, .T. ) ;
#1167 = ORIENTED_EDGE ( 'NONE', *, *, #2461, .F. ) ;
#1168 = EDGE_CURVE ( 'NONE', #1276, #1587, #2637, .T. ) ;
#1169 = CARTESIAN_POINT ( 'NONE',  ( -13.00000000000000711, -58.00000000000000000, 8.000000000000000000 ) ) ;
#1170 = CARTESIAN_POINT ( 'NONE',  ( -15.17943108273431640, -34.07108795835638659, 7.666371985666439848 ) ) ;
#1171 = ORIENTED_EDGE ( 'NONE', *, *, #441, .T. ) ;
#1172 = ADVANCED_FACE ( 'NONE', ( #42, #723, #26 ), #1775, .T. ) ;
#1173 = DIRECTION ( 'NONE',  ( -1.875376730785737226E-16, -1.000000000000000000, 2.201794655477296769E-16 ) ) ;
#1174 = ORIENTED_EDGE ( 'NONE', *, *, #2704, .T. ) ;
#1175 = CARTESIAN_POINT ( 'NONE',  ( -38.98528137423858908, -67.50000000000005684, -16.00000000000003908 ) ) ;
#1176 = DIRECTION ( 'NONE',  ( -1.000000000000000000, 0.000000000000000000, 0.000000000000000000 ) ) ;
#1177 = CARTESIAN_POINT ( 'NONE',  ( 50.98528137423861750, -62.50000000000000000, -16.00000000000003908 ) ) ;
#1178 = ORIENTED_EDGE ( 'NONE', *, *, #1770, .T. ) ;
#1179 = ORIENTED_EDGE ( 'NONE', *, *, #867, .F. ) ;
#1180 = B_SPLINE_CURVE_WITH_KNOTS ( 'NONE', 3,
 ( #1193, #1516, #550, #2227, #1745, #2242, #1102, #695, #1320, #1529, #2167, #1398, #2039, #317, #462, #1542, #984, #1119 ),
 .UNSPECIFIED., .F., .F.,
 ( 4, 2, 2, 2, 2, 2, 2, 2, 4 ),
 ( 0.01145750503439545501, 0.01216411353112409680, 0.01287072202785273858, 0.01357733052458138211, 0.01428393902131002390, 0.01499054751803866568, 0.01569715601476730921, 0.01640376451149595100, 0.01711037300822459278 ),
 .UNSPECIFIED. ) ;
#1181 = CARTESIAN_POINT ( 'NONE',  ( 55.98528137423861750, -67.50000000000005684, -26.00000000000003197 ) ) ;
#1182 = CARTESIAN_POINT ( 'NONE',  ( -10.36649309390730522, -33.45150227032323187, 5.826421535444821664 ) ) ;
#1183 = ORIENTED_EDGE ( 'NONE', *, *, #919, .T. ) ;
#1184 = CARTESIAN_POINT ( 'NONE',  ( 38.98528137423861750, -67.50000000000005684, -16.00000000000003908 ) ) ;
#1185 = DIRECTION ( 'NONE',  ( 0.000000000000000000, 1.967543734044216509E-16, 1.000000000000000000 ) ) ;
#1186 = CIRCLE ( 'NONE', #2409, 8.000000000000000000 ) ;
#1187 = CARTESIAN_POINT ( 'NONE',  ( -11.40000000000000568, -58.00000000000000000, 10.10628645568517214 ) ) ;
#1188 = ORIENTED_EDGE ( 'NONE', *, *, #2426, .F. ) ;
#1189 = AXIS2_PLACEMENT_3D ( 'NONE', #1092, #870, #1080 ) ;
#1190 = AXIS2_PLACEMENT_3D ( 'NONE', #1257, #2762, #2543 ) ;
#1191 = CARTESIAN_POINT ( 'NONE',  ( -13.70141607093321667, -55.05895703067904634, 6.938511581063598221 ) ) ;
#1192 = LINE ( 'NONE', #982, #1982 ) ;
#1193 = CARTESIAN_POINT ( 'NONE',  ( 13.69762540848755350, -60.91775920689706680, 8.000000000000000000 ) ) ;
#1194 = AXIS2_PLACEMENT_3D ( 'NONE', #654, #1725, #2141 ) ;
#1195 = CARTESIAN_POINT ( 'NONE',  ( 13.33581941261148174, -34.98681934383642300, 6.733735587579719351 ) ) ;
#1196 = DIRECTION ( 'NONE',  ( -0.000000000000000000, 0.000000000000000000, -1.000000000000000000 ) ) ;
#1197 = DIRECTION ( 'NONE',  ( 0.000000000000000000, 0.000000000000000000, 1.000000000000000000 ) ) ;
#1198 = DIRECTION ( 'NONE',  ( 1.000000000000000000, 0.000000000000000000, 0.000000000000000000 ) ) ;
#1199 = CARTESIAN_POINT ( 'NONE',  ( -15.99999999999858780, -32.21001139474942221, 7.984384102871703526 ) ) ;
#1200 = DIRECTION ( 'NONE',  ( -1.000000000000000000, -0.000000000000000000, -1.734723475976806848E-16 ) ) ;
#1201 = ORIENTED_EDGE ( 'NONE', *, *, #416, .T. ) ;
#1202 = EDGE_CURVE ( 'NONE', #2390, #1877, #914, .T. ) ;
#1203 = ORIENTED_EDGE ( 'NONE', *, *, #29, .F. ) ;
#1204 = EDGE_CURVE ( 'NONE', #1444, #352, #2383, .T. ) ;
#1205 = DIRECTION ( 'NONE',  ( 0.000000000000000000, 1.000000000000000000, -2.201794655477297262E-16 ) ) ;
#1206 = VERTEX_POINT ( 'NONE', #1798 ) ;
#1207 = VERTEX_POINT ( 'NONE', #244 ) ;
#1208 = CARTESIAN_POINT ( 'NONE',  ( 0.000000000000000000, -45.00000000000000711, 8.000000000000000000 ) ) ;
#1209 = DIRECTION ( 'NONE',  ( 0.000000000000000000, 0.000000000000000000, 1.000000000000000000 ) ) ;
#1210 = PRODUCT_DEFINITION ( 'æœ', '', #1115, #40 ) ;
#1211 = EDGE_LOOP ( 'NONE', ( #924, #514, #2648, #903 ) ) ;
#1212 = DIRECTION ( 'NONE',  ( -0.000000000000000000, 0.000000000000000000, -1.000000000000000000 ) ) ;
#1213 = ORIENTED_EDGE ( 'NONE', *, *, #1387, .T. ) ;
#1214 = EDGE_CURVE ( 'NONE', #247, #1828, #2160, .T. ) ;
#1215 = ORIENTED_EDGE ( 'NONE', *, *, #911, .T. ) ;
#1216 = PLANE ( 'NONE',  #2165 ) ;
#1217 = CARTESIAN_POINT ( 'NONE',  ( -27.50000000000000000, -54.01471862576144645, -21.75735931288075875 ) ) ;
#1218 = DIRECTION ( 'NONE',  ( 1.000000000000000000, 0.000000000000000000, 0.000000000000000000 ) ) ;
#1219 = CARTESIAN_POINT ( 'NONE',  ( -14.60000000000000675, -32.00000000000000711, 0.000000000000000000 ) ) ;
#1220 = VERTEX_POINT ( 'NONE', #1108 ) ;
#1221 = CARTESIAN_POINT ( 'NONE',  ( 15.91775920689705082, -58.69762540848756771, 8.000000000000000000 ) ) ;
#1222 = CARTESIAN_POINT ( 'NONE',  ( -22.50000000000000355, -62.50000000000000000, 8.000000000000000000 ) ) ;
#1223 = VERTEX_POINT ( 'NONE', #940 ) ;
#1224 = CARTESIAN_POINT ( 'NONE',  ( -30.50000000000000711, -62.50000000000000000, -26.00000000000004263 ) ) ;
#1225 = CARTESIAN_POINT ( 'NONE',  ( -12.60272978449322778, -55.02058077895431865, 6.325874573479111973 ) ) ;
#1226 = CIRCLE ( 'NONE', #11, 2.999999999999999112 ) ;
#1227 = DIRECTION ( 'NONE',  ( 0.000000000000000000, 0.000000000000000000, -1.000000000000000000 ) ) ;
#1228 = VECTOR ( 'NONE', #2652, 1000.000000000000000 ) ;
#1229 = EDGE_LOOP ( 'NONE', ( #2355, #942, #2176, #1201 ) ) ;
#1230 = VECTOR ( 'NONE', #1825, 1000.000000000000000 ) ;
#1231 = ORIENTED_EDGE ( 'NONE', *, *, #1612, .T. ) ;
#1232 = ADVANCED_FACE ( 'NONE', ( #2618 ), #1787, .F. ) ;
#1233 = AXIS2_PLACEMENT_3D ( 'NONE', #608, #2081, #2695 ) ;
#1234 = EDGE_CURVE ( 'NONE', #1866, #633, #2022, .T. ) ;
#1235 = CIRCLE ( 'NONE', #1111, 2.999999999999999112 ) ;
#1236 = LINE ( 'NONE', #337, #2332 ) ;
#1237 = EDGE_CURVE ( 'NONE', #1272, #509, #836, .T. ) ;
#1238 = FACE_BOUND ( 'NONE', #735, .T. ) ;
#1239 = ORIENTED_EDGE ( 'NONE', *, *, #2335, .T. ) ;
#1240 = CARTESIAN_POINT ( 'NONE',  ( 32.50000000000004974, -67.50000000000005684, -6.000000000000036415 ) ) ;
#1241 = PLANE ( 'NONE',  #1327 ) ;
#1242 = CARTESIAN_POINT ( 'NONE',  ( 12.99999999999999289, -58.00000000000000000, 10.10628645568517214 ) ) ;
#1243 = ORIENTED_EDGE ( 'NONE', *, *, #855, .T. ) ;
#1244 = CARTESIAN_POINT ( 'NONE',  ( -13.22785212217576856, -61.00071931617440413, 7.997801216307639294 ) ) ;
#1245 = CARTESIAN_POINT ( 'NONE',  ( -32.50000000000007105, -67.50000000000005684, -6.000000000000047073 ) ) ;
#1246 = DIRECTION ( 'NONE',  ( -0.000000000000000000, -0.000000000000000000, -1.000000000000000000 ) ) ;
#1247 = DIRECTION ( 'NONE',  ( 0.000000000000000000, 0.000000000000000000, -1.000000000000000000 ) ) ;
#1248 = ORIENTED_EDGE ( 'NONE', *, *, #1966, .F. ) ;
#1249 = APPLICATION_CONTEXT ( 'automotive_design' ) ;
#1250 = CARTESIAN_POINT ( 'NONE',  ( 10.08513325106994252, -32.73357921262687853, 6.148437741954489333 ) ) ;
#1251 = EDGE_CURVE ( 'NONE', #302, #137, #976, .T. ) ;
#1252 = DIRECTION ( 'NONE',  ( 1.000000000000000000, 8.786684129385966815E-17, 1.349221823327174182E-16 ) ) ;
#1253 = CARTESIAN_POINT ( 'NONE',  ( -27.50000000000000711, -39.00000000000000711, -23.00000000000004974 ) ) ;
#1254 = DIRECTION ( 'NONE',  ( -1.000000000000000000, -9.189829725788341711E-33, -2.201794655477298988E-16 ) ) ;
#1255 = ORIENTED_EDGE ( 'NONE', *, *, #1547, .T. ) ;
#1256 = LINE ( 'NONE', #2500, #200 ) ;
#1257 = CARTESIAN_POINT ( 'NONE',  ( -87.19707759714370354, -68.50000000000005684, -26.00000000000004974 ) ) ;
#1258 = DIRECTION ( 'NONE',  ( -0.7071067811865464625, 0.7071067811865486830, -2.023929239686235922E-16 ) ) ;
#1259 = ORIENTED_EDGE ( 'NONE', *, *, #596, .T. ) ;
#1260 = CARTESIAN_POINT ( 'NONE',  ( -11.22333519314922867, -60.42813814496372515, 7.769236842831206857 ) ) ;
#1261 = CARTESIAN_POINT ( 'NONE',  ( -10.27636919891152090, -56.72746953430890215, 5.896403161952992633 ) ) ;
#1262 = SHAPE_DEFINITION_REPRESENTATION ( #1956, #2615 ) ;
#1263 = CYLINDRICAL_SURFACE ( 'NONE', #1727, 2.000000000000001776 ) ;
#1264 = CARTESIAN_POINT ( 'NONE',  ( -87.19707759714370354, 23.50000000000005329, -26.00000000000004974 ) ) ;
#1265 = EDGE_LOOP ( 'NONE', ( #2296, #1042, #1167, #1099, #595, #1069, #164, #394, #2567, #1432, #432, #389, #2406, #861, #2199, #998, #576, #1525 ) ) ;
#1266 = ORIENTED_EDGE ( 'NONE', *, *, #2757, .T. ) ;
#1267 = DIRECTION ( 'NONE',  ( 0.000000000000000000, 0.000000000000000000, 1.000000000000000000 ) ) ;
#1268 = CARTESIAN_POINT ( 'NONE',  ( -27.50000000000000711, -54.01471862576144645, 4.000000000000025757 ) ) ;
#1269 = ORIENTED_EDGE ( 'NONE', *, *, #2662, .T. ) ;
#1270 = CARTESIAN_POINT ( 'NONE',  ( 10.02181332301893590, -31.58278019164448125, 6.779227635292660814 ) ) ;
#1271 = EDGE_CURVE ( 'NONE', #1024, #2621, #2667, .T. ) ;
#1272 = VERTEX_POINT ( 'NONE', #135 ) ;
#1273 = DIRECTION ( 'NONE',  ( -4.336808689942011573E-17, -1.000000000000000000, 0.000000000000000000 ) ) ;
#1274 = EDGE_CURVE ( 'NONE', #140, #724, #155, .T. ) ;
#1275 = CARTESIAN_POINT ( 'NONE',  ( -19.50000000000000711, -30.50000000000000355, 8.000000000000000000 ) ) ;
#1276 = VERTEX_POINT ( 'NONE', #798 ) ;
#1277 = DIRECTION ( 'NONE',  ( 1.000000000000000000, 0.000000000000000000, 0.000000000000000000 ) ) ;
#1278 = AXIS2_PLACEMENT_3D ( 'NONE', #1486, #24, #2556 ) ;
#1279 = VECTOR ( 'NONE', #1703, 1000.000000000000000 ) ;
#1280 = DIRECTION ( 'NONE',  ( 1.000000000000000000, 0.000000000000000000, 0.000000000000000000 ) ) ;
#1281 = CIRCLE ( 'NONE', #1778, 20.99999999999999645 ) ;
#1282 = ORIENTED_EDGE ( 'NONE', *, *, #694, .T. ) ;
#1283 = AXIS2_PLACEMENT_3D ( 'NONE', #139, #127, #1650 ) ;
#1284 = DIRECTION ( 'NONE',  ( -1.349221823327174429E-16, 0.000000000000000000, 1.000000000000000000 ) ) ;
#1285 = DIRECTION ( 'NONE',  ( 0.000000000000000000, -0.000000000000000000, -1.000000000000000000 ) ) ;
#1286 = ORIENTED_EDGE ( 'NONE', *, *, #2760, .F. ) ;
#1287 = CARTESIAN_POINT ( 'NONE',  ( -10.36492017542144950, -56.55143669109885707, 5.827501263812467691 ) ) ;
#1288 = DIRECTION ( 'NONE',  ( 0.7071067811865470176, 0.7071067811865481278, -4.372196160242447505E-17 ) ) ;
#1289 = CARTESIAN_POINT ( 'NONE',  ( 27.50000000000000711, -30.50000000000000711, 8.000000000000000000 ) ) ;
#1290 = ADVANCED_FACE ( 'NONE', ( #2261 ), #542, .F. ) ;
#1291 = EDGE_LOOP ( 'NONE', ( #2755, #2082, #609, #485 ) ) ;
#1292 = CARTESIAN_POINT ( 'NONE',  ( -13.00000000000000711, -32.00000000000000711, 5.000000000000000000 ) ) ;
#1293 = DIRECTION ( 'NONE',  ( -1.000000000000000000, -8.786684129385964350E-17, -0.000000000000000000 ) ) ;
#1294 = CARTESIAN_POINT ( 'NONE',  ( 15.65801706788064607, -33.40654720526835320, 7.856936942452904304 ) ) ;
#1295 = VERTEX_POINT ( 'NONE', #752 ) ;
#1296 = CARTESIAN_POINT ( 'NONE',  ( 13.23090900258662472, -28.99940332912207452, 7.997871368906948497 ) ) ;
#1297 = DIRECTION ( 'NONE',  ( -0.000000000000000000, -0.000000000000000000, 1.000000000000000000 ) ) ;
#1298 = LINE ( 'NONE', #233, #204 ) ;
#1299 = ORIENTED_EDGE ( 'NONE', *, *, #1237, .T. ) ;
#1300 = CARTESIAN_POINT ( 'NONE',  ( 15.96570793933464749, -31.53279165429209030, 7.999456060013437231 ) ) ;
#1301 = ORIENTED_EDGE ( 'NONE', *, *, #1271, .F. ) ;
#1302 = CARTESIAN_POINT ( 'NONE',  ( 55.98528137423861750, -67.50000000000004263, -6.000000000000029310 ) ) ;
#1303 = CARTESIAN_POINT ( 'NONE',  ( 9.999999999999991118, -32.00000000000000711, 5.000000000000000000 ) ) ;
#1304 = UNCERTAINTY_MEASURE_WITH_UNIT (LENGTH_MEASURE( 1.000000000000000082E-05 ), #361, 'distance_accuracy_value', 'NONE');
#1305 = ADVANCED_FACE ( 'NONE', ( #961 ), #338, .F. ) ;
#1306 = ORIENTED_EDGE ( 'NONE', *, *, #1510, .T. ) ;
#1307 = CARTESIAN_POINT ( 'NONE',  ( 11.83262764890447727, -29.22662731366853350, 7.899485188609386199 ) ) ;
#1308 = DIRECTION ( 'NONE',  ( 0.000000000000000000, 0.000000000000000000, -1.000000000000000000 ) ) ;
#1309 = CARTESIAN_POINT ( 'NONE',  ( -10.00000000000000711, -32.00000000000000711, 5.000000000000000000 ) ) ;
#1310 = EDGE_LOOP ( 'NONE', ( #1537, #1997, #2306, #444 ) ) ;
#1311 = CARTESIAN_POINT ( 'NONE',  ( -19.50000000000000711, -22.50000000000000355, -26.00000000000004263 ) ) ;
#1312 = FACE_OUTER_BOUND ( 'NONE', #2679, .T. ) ;
#1313 = DIRECTION ( 'NONE',  ( 1.349221823327174675E-16, -1.967543734044216262E-16, -1.000000000000000000 ) ) ;
#1314 = CARTESIAN_POINT ( 'NONE',  ( 10.27773355396946897, -56.72452086699686902, 5.895188486529859162 ) ) ;
#1315 = ORIENTED_EDGE ( 'NONE', *, *, #2749, .F. ) ;
#1316 = CARTESIAN_POINT ( 'NONE',  ( 19.50000000000000711, -25.50000000000000355, -63.85498646149545721 ) ) ;
#1317 = CARTESIAN_POINT ( 'NONE',  ( -50.98528137423859619, -62.50000000000000000, -16.00000000000003908 ) ) ;
#1318 = EDGE_CURVE ( 'NONE', #1568, #1691, #1712, .T. ) ;
#1319 = VECTOR ( 'NONE', #1501, 1000.000000000000000 ) ;
#1320 = CARTESIAN_POINT ( 'NONE',  ( 11.22826982488884440, -60.43192761346725916, 7.770765851847085237 ) ) ;
#1321 = VECTOR ( 'NONE', #1313, 1000.000000000000000 ) ;
#1322 = VECTOR ( 'NONE', #305, 1000.000000000000000 ) ;
#1323 = ORIENTED_EDGE ( 'NONE', *, *, #2607, .F. ) ;
#1324 = EDGE_CURVE ( 'NONE', #1685, #2132, #1941, .T. ) ;
#1325 = CARTESIAN_POINT ( 'NONE',  ( -13.00000000000000711, -58.00000000000000000, 5.000000000000000000 ) ) ;
#1326 = FACE_OUTER_BOUND ( 'NONE', #2398, .T. ) ;
#1327 = AXIS2_PLACEMENT_3D ( 'NONE', #1879, #1026, #1185 ) ;
#1328 = VECTOR ( 'NONE', #256, 1000.000000000000000 ) ;
#1329 = ORIENTED_EDGE ( 'NONE', *, *, #1580, .F. ) ;
#1330 = VECTOR ( 'NONE', #2489, 1000.000000000000000 ) ;
#1331 = DIRECTION ( 'NONE',  ( -0.000000000000000000, -0.000000000000000000, 1.000000000000000000 ) ) ;
#1332 = CARTESIAN_POINT ( 'NONE',  ( -27.50000000000000711, -25.50000000000000355, 0.000000000000000000 ) ) ;
#1333 = ORIENTED_EDGE ( 'NONE', *, *, #2678, .F. ) ;
#1334 = FACE_OUTER_BOUND ( 'NONE', #1473, .T. ) ;
#1335 = DIRECTION ( 'NONE',  ( -1.000000000000000000, 0.000000000000000000, 0.000000000000000000 ) ) ;
#1336 = CARTESIAN_POINT ( 'NONE',  ( 51.74264068711926967, -62.50000000000005684, -26.00000000000003197 ) ) ;
#1337 = EDGE_LOOP ( 'NONE', ( #2234, #1436, #2527, #610 ) ) ;
#1338 = CARTESIAN_POINT ( 'NONE',  ( 32.50000000000004974, -67.50000000000005684, -26.00000000000003197 ) ) ;
#1339 = EDGE_CURVE ( 'NONE', #1587, #315, #1186, .T. ) ;
#1340 = EDGE_CURVE ( 'NONE', #1764, #2651, #178, .T. ) ;
#1341 = ORIENTED_EDGE ( 'NONE', *, *, #239, .T. ) ;
#1342 = CARTESIAN_POINT ( 'NONE',  ( -19.50000000000000355, -62.50000000000000000, -63.85498646149545721 ) ) ;
#1343 = ORIENTED_EDGE ( 'NONE', *, *, #133, .T. ) ;
#1344 = CARTESIAN_POINT ( 'NONE',  ( 12.99999999999999289, -58.00000000000000000, 5.000000000000000000 ) ) ;
#1345 = LINE ( 'NONE', #1726, #788 ) ;
#1346 = EDGE_LOOP ( 'NONE', ( #1082, #1974, #987, #2099 ) ) ;
#1347 = EDGE_CURVE ( 'NONE', #1162, #1220, #2731, .T. ) ;
#1348 = CARTESIAN_POINT ( 'NONE',  ( 35.98528137423861040, -62.50000000000005684, -20.00000000000003908 ) ) ;
#1349 = CARTESIAN_POINT ( 'NONE',  ( -13.00000000000000711, -32.00000000000000711, 5.000000000000000000 ) ) ;
#1350 = VERTEX_POINT ( 'NONE', #402 ) ;
#1351 = DIRECTION ( 'NONE',  ( 0.000000000000000000, 1.000000000000000000, 0.000000000000000000 ) ) ;
#1352 = DIRECTION ( 'NONE',  ( 0.000000000000000000, 0.000000000000000000, 1.000000000000000000 ) ) ;
#1353 = VERTEX_POINT ( 'NONE', #599 ) ;
#1354 = DIRECTION ( 'NONE',  ( 1.875376730785737226E-16, 1.000000000000000000, 0.000000000000000000 ) ) ;
#1355 = LINE ( 'NONE', #1969, #1407 ) ;
#1356 = ORIENTED_EDGE ( 'NONE', *, *, #471, .F. ) ;
#1357 = PLANE ( 'NONE',  #1811 ) ;
#1358 = DIRECTION ( 'NONE',  ( -9.376883653928686131E-17, 1.000000000000000000, -1.967543734044216262E-16 ) ) ;
#1359 = LINE ( 'NONE', #2384, #2688 ) ;
#1360 = DIRECTION ( 'NONE',  ( 8.786684129385964350E-17, -1.000000000000000000, 1.967543734044216262E-16 ) ) ;
#1361 = VECTOR ( 'NONE', #404, 1000.000000000000000 ) ;
#1362 = DIRECTION ( 'NONE',  ( 0.000000000000000000, 0.000000000000000000, -1.000000000000000000 ) ) ;
#1363 = ORIENTED_EDGE ( 'NONE', *, *, #1339, .F. ) ;
#1364 = CIRCLE ( 'NONE', #253, 1.600000000000000755 ) ;
#1365 = VECTOR ( 'NONE', #467, 1000.000000000000000 ) ;
#1366 = DIRECTION ( 'NONE',  ( 0.000000000000000000, -1.000000000000000000, 2.201794655477297262E-16 ) ) ;
#1367 = EDGE_CURVE ( 'NONE', #1836, #1546, #1594, .T. ) ;
#1368 = EDGE_CURVE ( 'NONE', #1483, #1963, #446, .T. ) ;
#1369 = AXIS2_PLACEMENT_3D ( 'NONE', #1292, #502, #517 ) ;
#1370 = ORIENTED_EDGE ( 'NONE', *, *, #1557, .T. ) ;
#1371 = CARTESIAN_POINT ( 'NONE',  ( 12.99999999999999289, -32.00000000000000711, 10.10628645568517214 ) ) ;
#1372 = CARTESIAN_POINT ( 'NONE',  ( 37.22792206135789428, -59.50000000000004974, -23.00000000000003908 ) ) ;
#1373 = EDGE_CURVE ( 'NONE', #2148, #1812, #194, .T. ) ;
#1374 = ORIENTED_EDGE ( 'NONE', *, *, #2366, .T. ) ;
#1375 = ADVANCED_FACE ( 'NONE', ( #1238, #415, #2303 ), #1090, .T. ) ;
#1376 = ORIENTED_EDGE ( 'NONE', *, *, #263, .F. ) ;
#1377 = DIRECTION ( 'NONE',  ( -0.7071067811865466846, 0.7071067811865484609, -2.345307417223289893E-16 ) ) ;
#1378 = DIRECTION ( 'NONE',  ( 1.349221823327174429E-16, -1.967543734044216016E-16, -1.000000000000000000 ) ) ;
#1379 = ORIENTED_EDGE ( 'NONE', *, *, #822, .F. ) ;
#1380 = CARTESIAN_POINT ( 'NONE',  ( 51.74264068711926967, -62.50000000000005684, -20.00000000000004263 ) ) ;
#1381 = DIRECTION ( 'NONE',  ( 1.349221823327174429E-16, -1.967543734044216016E-16, -1.000000000000000000 ) ) ;
#1382 = ORIENTED_EDGE ( 'NONE', *, *, #2728, .F. ) ;
#1383 = CARTESIAN_POINT ( 'NONE',  ( 27.50000000000000000, -62.50000000000000000, 8.000000000000000000 ) ) ;
#1384 = CARTESIAN_POINT ( 'NONE',  ( 37.85530313790588508, -67.50000000000005684, -6.000000000000033751 ) ) ;
#1385 = DIRECTION ( 'NONE',  ( 0.000000000000000000, -1.000000000000000000, 0.000000000000000000 ) ) ;
#1386 = ORIENTED_EDGE ( 'NONE', *, *, #202, .F. ) ;
#1387 = EDGE_CURVE ( 'NONE', #1931, #1295, #881, .T. ) ;
#1388 = APPLICATION_CONTEXT ( 'automotive_design' ) ;
#1389 = ORIENTED_EDGE ( 'NONE', *, *, #1976, .T. ) ;
#1390 = DIRECTION ( 'NONE',  ( -0.000000000000000000, -0.000000000000000000, -1.000000000000000000 ) ) ;
#1391 = DIRECTION ( 'NONE',  ( 0.000000000000000000, 0.000000000000000000, 1.000000000000000000 ) ) ;
#1392 = ADVANCED_FACE ( 'NONE', ( #1448 ), #215, .T. ) ;
#1393 = CARTESIAN_POINT ( 'NONE',  ( -50.98528137423859619, -67.50000000000005684, -16.00000000000003908 ) ) ;
#1394 = ORIENTED_EDGE ( 'NONE', *, *, #2641, .T. ) ;
#1395 = CARTESIAN_POINT ( 'NONE',  ( -35.98528137423858198, -62.50000000000000000, -20.00000000000004619 ) ) ;
#1396 = ORIENTED_EDGE ( 'NONE', *, *, #1019, .F. ) ;
#1397 = DIRECTION ( 'NONE',  ( 1.349221823327174429E-16, 0.000000000000000000, -1.000000000000000000 ) ) ;
#1398 = CARTESIAN_POINT ( 'NONE',  ( 10.45867785671139671, -59.60963504646526445, 7.406695966547347965 ) ) ;
#1399 = VERTEX_POINT ( 'NONE', #2289 ) ;
#1400 = CARTESIAN_POINT ( 'NONE',  ( 12.99999999999999289, -32.00000000000000711, 5.000000000000000000 ) ) ;
#1401 = CARTESIAN_POINT ( 'NONE',  ( -11.69968828858488052, -34.71047341944225906, 5.885129535705253545 ) ) ;
#1402 = DIRECTION ( 'NONE',  ( 1.349221823327174429E-16, -1.967543734044216016E-16, -1.000000000000000000 ) ) ;
#1403 = ADVANCED_FACE ( 'NONE', ( #167 ), #1671, .F. ) ;
#1404 = VERTEX_POINT ( 'NONE', #2538 ) ;
#1405 = LINE ( 'NONE', #545, #1944 ) ;
#1406 = AXIS2_PLACEMENT_3D ( 'NONE', #2758, #2496, #1467 ) ;
#1407 = VECTOR ( 'NONE', #2202, 1000.000000000000000 ) ;
#1408 =( LENGTH_UNIT ( ) NAMED_UNIT ( * ) SI_UNIT ( .MILLI., .METRE. ) );
#1409 = ORIENTED_EDGE ( 'NONE', *, *, #593, .F. ) ;
#1410 = VECTOR ( 'NONE', #2345, 1000.000000000000000 ) ;
#1411 = CIRCLE ( 'NONE', #563, 2.000000000000001776 ) ;
#1412 = CARTESIAN_POINT ( 'NONE',  ( -38.98528137423858908, -67.50000000000005684, -18.00000000000003908 ) ) ;
#1413 = CARTESIAN_POINT ( 'NONE',  ( -10.71659232475076706, -56.04293379270527709, 5.699984879200813204 ) ) ;
#1414 =( NAMED_UNIT ( * ) PLANE_ANGLE_UNIT ( ) SI_UNIT ( $, .RADIAN. ) );
#1415 = VECTOR ( 'NONE', #830, 1000.000000000000000 ) ;
#1416 = AXIS2_PLACEMENT_3D ( 'NONE', #1175, #114, #345 ) ;
#1417 = ORIENTED_EDGE ( 'NONE', *, *, #1844, .F. ) ;
#1418 = VECTOR ( 'NONE', #831, 1000.000000000000000 ) ;
#1419 = CARTESIAN_POINT ( 'NONE',  ( -9.674734408263660157, -62.50000000000001421, 8.000000000000000000 ) ) ;
#1420 = FACE_OUTER_BOUND ( 'NONE', #2152, .T. ) ;
#1421 = DIRECTION ( 'NONE',  ( 1.000000000000000000, 8.786684129385966815E-17, 1.349221823327174182E-16 ) ) ;
#1422 = DIRECTION ( 'NONE',  ( 3.413144305457568632E-32, 1.000000000000000000, -1.967543734044216016E-16 ) ) ;
#1423 = CARTESIAN_POINT ( 'NONE',  ( -87.19707759714370354, -39.00000000000000711, -26.00000000000005684 ) ) ;
#1424 = ORIENTED_EDGE ( 'NONE', *, *, #172, .T. ) ;
#1425 = DIRECTION ( 'NONE',  ( 1.349221823327174429E-16, -1.967543734044216016E-16, -1.000000000000000000 ) ) ;
#1426 = EDGE_CURVE ( 'NONE', #2373, #319, #2096, .T. ) ;
#1427 = ORIENTED_EDGE ( 'NONE', *, *, #1801, .F. ) ;
#1428 = CARTESIAN_POINT ( 'NONE',  ( -10.00000000000000711, -31.99999999997533351, 6.546084143070757477 ) ) ;
#1429 = CARTESIAN_POINT ( 'NONE',  ( -12.78440394137423652, -55.00222579964207625, 6.426146769654158319 ) ) ;
#1430 = CARTESIAN_POINT ( 'NONE',  ( -27.50000000000001066, -62.50000000000000000, -26.00000000000004263 ) ) ;
#1431 = EDGE_CURVE ( 'NONE', #2696, #1963, #868, .T. ) ;
#1432 = ORIENTED_EDGE ( 'NONE', *, *, #793, .T. ) ;
#1433 = DIRECTION ( 'NONE',  ( 0.000000000000000000, 1.967543734044216262E-16, 1.000000000000000000 ) ) ;
#1434 = DIRECTION ( 'NONE',  ( 1.000000000000000000, 0.000000000000000000, 0.000000000000000000 ) ) ;
#1435 = CYLINDRICAL_SURFACE ( 'NONE', #2298, 1.600000000000000755 ) ;
#1436 = ORIENTED_EDGE ( 'NONE', *, *, #2027, .T. ) ;
#1437 = FACE_OUTER_BOUND ( 'NONE', #9, .T. ) ;
#1438 = EDGE_CURVE ( 'NONE', #2323, #2089, #559, .T. ) ;
#1439 = ORIENTED_EDGE ( 'NONE', *, *, #496, .F. ) ;
#1440 = CARTESIAN_POINT ( 'NONE',  ( -11.42165302739183197, -29.43808494771644746, 7.820910543047671304 ) ) ;
#1441 = CARTESIAN_POINT ( 'NONE',  ( -11.51606607736187371, -55.38472705719284761, 5.815141963602872721 ) ) ;
#1442 = CARTESIAN_POINT ( 'NONE',  ( -11.40000000000000568, -32.00000000000000711, 5.000000000000000000 ) ) ;
#1443 = LINE ( 'NONE', #410, #1063 ) ;
#1444 = VERTEX_POINT ( 'NONE', #826 ) ;
#1445 = CARTESIAN_POINT ( 'NONE',  ( 13.87953466720097317, -34.87428586504457684, 7.032244778020457332 ) ) ;
#1446 = CARTESIAN_POINT ( 'NONE',  ( -4.859595533697728342, -62.49999999999998579, 7.477886719870329379 ) ) ;
#1447 = DIRECTION ( 'NONE',  ( 0.000000000000000000, 1.000000000000000000, 0.000000000000000000 ) ) ;
#1448 = FACE_OUTER_BOUND ( 'NONE', #1803, .T. ) ;
#1449 = ORIENTED_EDGE ( 'NONE', *, *, #184, .F. ) ;
#1450 = CARTESIAN_POINT ( 'NONE',  ( 30.50000000000000355, -41.25735931288072322, -23.00000000000004263 ) ) ;
#1451 = DIRECTION ( 'NONE',  ( -1.000000000000000000, 0.000000000000000000, 0.000000000000000000 ) ) ;
#1452 = ORIENTED_EDGE ( 'NONE', *, *, #694, .F. ) ;
#1453 = CARTESIAN_POINT ( 'NONE',  ( -10.45800607464109255, -30.39136793584896168, 7.406216553536792091 ) ) ;
#1454 = AXIS2_PLACEMENT_3D ( 'NONE', #1986, #1570, #273 ) ;
#1455 = DIRECTION ( 'NONE',  ( 1.000000000000000000, 0.000000000000000000, 0.000000000000000000 ) ) ;
#1456 = EDGE_CURVE ( 'NONE', #2491, #1162, #1713, .T. ) ;
#1457 = DIRECTION ( 'NONE',  ( 1.249000902703300615E-16, 1.000000000000000000, 1.967543734044216262E-16 ) ) ;
#1458 = AXIS2_PLACEMENT_3D ( 'NONE', #505, #2360, #2157 ) ;
#1459 = AXIS2_PLACEMENT_3D ( 'NONE', #186, #1765, #31 ) ;
#1460 = EDGE_LOOP ( 'NONE', ( #1427, #1959, #1159, #2279, #2103 ) ) ;
#1461 = CARTESIAN_POINT ( 'NONE',  ( 11.69888118381677700, -34.71013468924129342, 5.884779315276301048 ) ) ;
#1462 = CIRCLE ( 'NONE', #335, 2.999999999999999112 ) ;
#1463 = VECTOR ( 'NONE', #644, 1000.000000000000000 ) ;
#1464 = EDGE_CURVE ( 'NONE', #1931, #2244, #2312, .T. ) ;
#1465 = CIRCLE ( 'NONE', #258, 3.000000000000002665 ) ;
#1466 = ORIENTED_EDGE ( 'NONE', *, *, #2183, .T. ) ;
#1467 = DIRECTION ( 'NONE',  ( 1.000000000000000000, 0.000000000000000000, 0.000000000000000000 ) ) ;
#1468 = EDGE_CURVE ( 'NONE', #2651, #2466, #655, .T. ) ;
#1469 = ORIENTED_EDGE ( 'NONE', *, *, #2348, .T. ) ;
#1470 = CARTESIAN_POINT ( 'NONE',  ( 9.999999999999991118, -31.79205198436357804, 6.661877353080615016 ) ) ;
#1471 = ORIENTED_EDGE ( 'NONE', *, *, #1892, .F. ) ;
#1472 = LINE ( 'NONE', #833, #930 ) ;
#1473 = EDGE_LOOP ( 'NONE', ( #2272, #326, #731, #2093, #913, #1382, #1239, #2570 ) ) ;
#1474 = FACE_OUTER_BOUND ( 'NONE', #1562, .T. ) ;
#1475 = EDGE_CURVE ( 'NONE', #1862, #191, #1101, .T. ) ;
#1476 = DIRECTION ( 'NONE',  ( 1.349221823327174429E-16, -1.967543734044216262E-16, -1.000000000000000000 ) ) ;
#1477 = ORIENTED_EDGE ( 'NONE', *, *, #2311, .T. ) ;
#1478 = ADVANCED_FACE ( 'NONE', ( #472 ), #912, .T. ) ;
#1479 = EDGE_LOOP ( 'NONE', ( #1286, #2504, #1374, #2629 ) ) ;
#1480 = CARTESIAN_POINT ( 'NONE',  ( 0.000000000000000000, 0.000000000000000000, 8.000000000000000000 ) ) ;
#1481 = DIRECTION ( 'NONE',  ( 1.000000000000000000, -4.336808689942014655E-17, 0.000000000000000000 ) ) ;
#1482 = CARTESIAN_POINT ( 'NONE',  ( 10.36860344543212165, -56.54491199307993554, 5.825245908584968824 ) ) ;
#1483 = VERTEX_POINT ( 'NONE', #2577 ) ;
#1484 = EDGE_LOOP ( 'NONE', ( #94, #658, #261, #476, #2251, #1439, #2325, #1606, #1621, #797, #2512 ) ) ;
#1485 = LINE ( 'NONE', #213, #888 ) ;
#1486 = CARTESIAN_POINT ( 'NONE',  ( -50.98528137423859619, -67.50000000000005684, -16.00000000000003908 ) ) ;
#1487 = VERTEX_POINT ( 'NONE', #329 ) ;
#1488 = LINE ( 'NONE', #2761, #1279 ) ;
#1489 = LINE ( 'NONE', #1519, #967 ) ;
#1490 = ADVANCED_FACE ( 'NONE', ( #304 ), #760, .T. ) ;
#1491 = ORIENTED_EDGE ( 'NONE', *, *, #212, .T. ) ;
#1492 = CARTESIAN_POINT ( 'NONE',  ( -35.50000000000007816, -67.50000000000005684, -3.725510198456555511 ) ) ;
#1493 = DIRECTION ( 'NONE',  ( 0.000000000000000000, 0.000000000000000000, 1.000000000000000000 ) ) ;
#1494 = DIRECTION ( 'NONE',  ( -0.000000000000000000, -0.000000000000000000, -1.000000000000000000 ) ) ;
#1495 = VERTEX_POINT ( 'NONE', #241 ) ;
#1496 = DIRECTION ( 'NONE',  ( 0.000000000000000000, 0.000000000000000000, -1.000000000000000000 ) ) ;
#1497 = CIRCLE ( 'NONE', #148, 2.999999999999999112 ) ;
#1498 = AXIS2_PLACEMENT_3D ( 'NONE', #910, #721, #1538 ) ;
#1499 = CIRCLE ( 'NONE', #2074, 2.000000000000001776 ) ;
#1500 = AXIS2_PLACEMENT_3D ( 'NONE', #510, #2197, #1766 ) ;
#1501 = DIRECTION ( 'NONE',  ( -0.000000000000000000, 0.000000000000000000, -1.000000000000000000 ) ) ;
#1502 = CARTESIAN_POINT ( 'NONE',  ( 15.99999999999999289, -31.99999999999663558, 7.990755995505704590 ) ) ;
#1503 = VECTOR ( 'NONE', #1381, 1000.000000000000000 ) ;
#1504 = VECTOR ( 'NONE', #311, 1000.000000000000000 ) ;
#1505 = EDGE_LOOP ( 'NONE', ( #2471, #423 ) ) ;
#1506 = DIRECTION ( 'NONE',  ( 0.000000000000000000, 0.000000000000000000, 1.000000000000000000 ) ) ;
#1507 = LINE ( 'NONE', #2734, #2737 ) ;
#1508 = CARTESIAN_POINT ( 'NONE',  ( 19.50000000000000711, -25.50000000000000355, 0.000000000000000000 ) ) ;
#1509 = VERTEX_POINT ( 'NONE', #2151 ) ;
#1510 = EDGE_CURVE ( 'NONE', #1978, #398, #2435, .T. ) ;
#1511 = DIRECTION ( 'NONE',  ( 1.000000000000000000, 0.000000000000000000, 0.000000000000000000 ) ) ;
#1512 = ORIENTED_EDGE ( 'NONE', *, *, #1318, .T. ) ;
#1513 = LINE ( 'NONE', #2553, #2457 ) ;
#1514 = DIRECTION ( 'NONE',  ( -1.354360293642049904E-32, -1.000000000000000000, 1.003808469612657108E-16 ) ) ;
#1515 = FACE_OUTER_BOUND ( 'NONE', #571, .T. ) ;
#1516 = CARTESIAN_POINT ( 'NONE',  ( 13.46582898349950952, -60.97318087270348741, 8.000000000000074607 ) ) ;
#1517 = VERTEX_POINT ( 'NONE', #1759 ) ;
#1518 = CARTESIAN_POINT ( 'NONE',  ( 10.45934877707222022, -30.38950680967671758, 7.407091886834350269 ) ) ;
#1519 = CARTESIAN_POINT ( 'NONE',  ( 51.74264068711926967, -62.50000000000005684, -23.00000000000003553 ) ) ;
#1520 = CARTESIAN_POINT ( 'NONE',  ( 27.50000000000000355, -54.01471862576141802, 25.51609221829270879 ) ) ;
#1521 = EDGE_LOOP ( 'NONE', ( #583, #1889 ) ) ;
#1522 = LINE ( 'NONE', #875, #883 ) ;
#1523 = CARTESIAN_POINT ( 'NONE',  ( 10.58955301181481801, -56.20242545288847680, 5.727352854182445441 ) ) ;
#1524 = EDGE_CURVE ( 'NONE', #1677, #590, #1180, .T. ) ;
#1525 = ORIENTED_EDGE ( 'NONE', *, *, #1750, .F. ) ;
#1526 = DIRECTION ( 'NONE',  ( 0.000000000000000000, 0.000000000000000000, 1.000000000000000000 ) ) ;
#1527 = CARTESIAN_POINT ( 'NONE',  ( -19.50000000000000711, -42.00000000000000711, -23.00000000000004974 ) ) ;
#1528 = EDGE_CURVE ( 'NONE', #211, #1993, #1962, .T. ) ;
#1529 = CARTESIAN_POINT ( 'NONE',  ( 10.87703318997231605, -60.13220816386787959, 7.646205605600703947 ) ) ;
#1530 = ORIENTED_EDGE ( 'NONE', *, *, #2235, .F. ) ;
#1531 = DIRECTION ( 'NONE',  ( 1.000000000000000000, 0.000000000000000000, 0.000000000000000000 ) ) ;
#1532 = LINE ( 'NONE', #487, #2506 ) ;
#1533 = DIRECTION ( 'NONE',  ( -1.000000000000000000, 0.000000000000000000, -1.734723475976806848E-16 ) ) ;
#1534 = LINE ( 'NONE', #702, #2551 ) ;
#1535 = VERTEX_POINT ( 'NONE', #1303 ) ;
#1536 = CARTESIAN_POINT ( 'NONE',  ( 11.52283605360328522, -55.38093317009422378, 5.817508256082439821 ) ) ;
#1537 = ORIENTED_EDGE ( 'NONE', *, *, #386, .F. ) ;
#1538 = DIRECTION ( 'NONE',  ( -1.000000000000000000, 0.000000000000000000, 0.000000000000000000 ) ) ;
#1539 = ADVANCED_FACE ( 'NONE', ( #100 ), #1946, .F. ) ;
#1540 = B_SPLINE_CURVE_WITH_KNOTS ( 'NONE', 3,
 ( #2558, #1470, #1270, #846, #197, #181, #1518, #2356, #2542, #2720, #1912, #1307, #1921, #464, #449, #1296, #2144, #232 ),
 .UNSPECIFIED., .F., .F.,
 ( 4, 2, 2, 2, 2, 2, 2, 2, 4 ),
 ( 0.01918949648254604859, 0.01989797146179289253, 0.02060644644103972953, 0.02131492142028656306, 0.02202339639953340006, 0.02273187137878023706, 0.02344034635802707406, 0.02414882133727390759, 0.02485729631652074459 ),
 .UNSPECIFIED. ) ;
#1541 = VECTOR ( 'NONE', #2343, 1000.000000000000000 ) ;
#1542 = CARTESIAN_POINT ( 'NONE',  ( 10.02106779609175469, -58.41243802805379914, 6.776576639983325379 ) ) ;
#1543 = AXIS2_PLACEMENT_3D ( 'NONE', #2364, #503, #1335 ) ;
#1544 = VECTOR ( 'NONE', #321, 1000.000000000000000 ) ;
#1545 = AXIS2_PLACEMENT_3D ( 'NONE', #282, #1788, #2155 ) ;
#1546 = VERTEX_POINT ( 'NONE', #2408 ) ;
#1547 = EDGE_CURVE ( 'NONE', #319, #1704, #749, .T. ) ;
#1548 = LINE ( 'NONE', #262, #2740 ) ;
#1549 = CIRCLE ( 'NONE', #2252, 3.000000000000000888 ) ;
#1550 = AXIS2_PLACEMENT_3D ( 'NONE', #528, #699, #78 ) ;
#1551 = FACE_OUTER_BOUND ( 'NONE', #1075, .T. ) ;
#1552 = VERTEX_POINT ( 'NONE', #1372 ) ;
#1553 = VECTOR ( 'NONE', #1967, 1000.000000000000000 ) ;
#1554 = CARTESIAN_POINT ( 'NONE',  ( -40.24264068711928388, -51.00000000000000711, -26.00000000000004619 ) ) ;
#1555 = ORIENTED_EDGE ( 'NONE', *, *, #2602, .T. ) ;
#1556 = DIRECTION ( 'NONE',  ( -0.000000000000000000, 0.000000000000000000, -1.000000000000000000 ) ) ;
#1557 = EDGE_CURVE ( 'NONE', #2430, #368, #2214, .T. ) ;
#1558 = EDGE_LOOP ( 'NONE', ( #556, #1341, #1282, #2723, #1306, #2186, #1386 ) ) ;
#1559 = DIRECTION ( 'NONE',  ( 1.000000000000000000, 0.000000000000000000, 0.000000000000000000 ) ) ;
#1560 = DIRECTION ( 'NONE',  ( -0.000000000000000000, 0.000000000000000000, -1.000000000000000000 ) ) ;
#1561 = ADVANCED_FACE ( 'NONE', ( #2007 ), #86, .F. ) ;
#1562 = EDGE_LOOP ( 'NONE', ( #688, #1315, #2714, #1940 ) ) ;
#1563 = LINE ( 'NONE', #1590, #663 ) ;
#1564 = LINE ( 'NONE', #1576, #157 ) ;
#1565 = ORIENTED_EDGE ( 'NONE', *, *, #2678, .T. ) ;
#1566 = CARTESIAN_POINT ( 'NONE',  ( -15.96570849231603439, -31.53279516897546841, 7.999456034678186001 ) ) ;
#1567 = LINE ( 'NONE', #1302, #2585 ) ;
#1568 = VERTEX_POINT ( 'NONE', #2627 ) ;
#1569 = CARTESIAN_POINT ( 'NONE',  ( -51.74264068711926967, -62.50000000000000000, -26.00000000000004619 ) ) ;
#1570 = DIRECTION ( 'NONE',  ( 0.000000000000000000, 0.000000000000000000, 1.000000000000000000 ) ) ;
#1571 = DIRECTION ( 'NONE',  ( 0.000000000000000000, 1.967543734044216262E-16, 1.000000000000000000 ) ) ;
#1572 = ADVANCED_FACE ( 'NONE', ( #1599 ), #745, .F. ) ;
#1573 = ADVANCED_FACE ( 'NONE', ( #2078 ), #2269, .F. ) ;
#1574 = EDGE_LOOP ( 'NONE', ( #1624, #1127, #1885, #2091 ) ) ;
#1575 = EDGE_CURVE ( 'NONE', #1913, #801, #2059, .T. ) ;
#1576 = CARTESIAN_POINT ( 'NONE',  ( 29.62132034355965260, -51.89339828220178674, -23.00000000000003908 ) ) ;
#1577 = ORIENTED_EDGE ( 'NONE', *, *, #1524, .T. ) ;
#1578 = DIRECTION ( 'NONE',  ( 1.000000000000000000, 0.000000000000000000, 0.000000000000000000 ) ) ;
#1579 = CARTESIAN_POINT ( 'NONE',  ( -30.50000000000000711, -54.01471862576144645, -23.00000000000004619 ) ) ;
#1580 = EDGE_CURVE ( 'NONE', #2624, #801, #1226, .T. ) ;
#1581 = ORIENTED_EDGE ( 'NONE', *, *, #214, .F. ) ;
#1582 = VECTOR ( 'NONE', #1164, 1000.000000000000000 ) ;
#1583 = DIRECTION ( 'NONE',  ( 0.000000000000000000, 0.000000000000000000, 1.000000000000000000 ) ) ;
#1584 = LINE ( 'NONE', #2222, #1504 ) ;
#1585 = VECTOR ( 'NONE', #1267, 1000.000000000000000 ) ;
#1586 = VECTOR ( 'NONE', #1425, 1000.000000000000000 ) ;
#1587 = VERTEX_POINT ( 'NONE', #1637 ) ;
#1588 = CIRCLE ( 'NONE', #2590, 2.999999999999999112 ) ;
#1589 = CIRCLE ( 'NONE', #295, 3.000000000000002665 ) ;
#1590 = CARTESIAN_POINT ( 'NONE',  ( 27.50000000000000711, -30.50000000000000711, 8.000000000000000000 ) ) ;
#1591 =( BOUNDED_CURVE ( )  B_SPLINE_CURVE ( 3, ( #617, #1036, #1672, #1078 ),
 .UNSPECIFIED., .F., .T. ) 
 B_SPLINE_CURVE_WITH_KNOTS ( ( 4, 4 ),
 ( 1.570796326794896780, 3.141592653589792672 ),
 .UNSPECIFIED. ) 
 CURVE ( )  GEOMETRIC_REPRESENTATION_ITEM ( )  RATIONAL_B_SPLINE_CURVE ( ( 1.000000000000000000, 0.8047378541243652705, 0.8047378541243652705, 1.000000000000000000 ) ) 
 REPRESENTATION_ITEM ( '' )  );
#1592 = CARTESIAN_POINT ( 'NONE',  ( -27.50000000000001421, -54.01471862576144645, 25.51609221829269813 ) ) ;
#1593 = AXIS2_PLACEMENT_3D ( 'NONE', #2623, #1366, #2211 ) ;
#1594 = CIRCLE ( 'NONE', #511, 1.600000000000000755 ) ;
#1595 = EDGE_CURVE ( 'NONE', #1696, #2491, #738, .T. ) ;
#1596 = EDGE_LOOP ( 'NONE', ( #1095, #2225 ) ) ;
#1597 = ADVANCED_FACE ( 'NONE', ( #1623 ), #2661, .F. ) ;
#1598 = CARTESIAN_POINT ( 'NONE',  ( 5.319899557242834507E-15, -45.00000000000001421, -23.00000000000004263 ) ) ;
#1599 = FACE_OUTER_BOUND ( 'NONE', #2156, .T. ) ;
#1600 = MANIFOLD_SOLID_BREP ( '\X2\52079664\X0\-\X2\62c94f38\X0\6', #739 ) ;
#1601 = EDGE_CURVE ( 'NONE', #724, #2624, #579, .T. ) ;
#1602 = EDGE_LOOP ( 'NONE', ( #1255, #2414 ) ) ;
#1603 = CARTESIAN_POINT ( 'NONE',  ( 19.50000000000001066, -59.50000000000000711, -63.85498646149545721 ) ) ;
#1604 = CARTESIAN_POINT ( 'NONE',  ( -14.40444431153000515, -34.65792138698474645, 7.305309305781078955 ) ) ;
#1605 = DIRECTION ( 'NONE',  ( 3.413144305457568632E-32, 1.000000000000000000, -1.967543734044216016E-16 ) ) ;
#1606 = ORIENTED_EDGE ( 'NONE', *, *, #212, .F. ) ;
#1607 = LINE ( 'NONE', #268, #1553 ) ;
#1608 = VERTEX_POINT ( 'NONE', #2711 ) ;
#1609 = CARTESIAN_POINT ( 'NONE',  ( -13.69762540848754817, -29.08224079310294030, 8.000000000000000000 ) ) ;
#1610 = DIRECTION ( 'NONE',  ( -1.000000000000000000, -0.000000000000000000, -2.201794655477298988E-16 ) ) ;
#1611 = CARTESIAN_POINT ( 'NONE',  ( 0.000000000000000000, -25.50000000000000355, 0.000000000000000000 ) ) ;
#1612 = EDGE_CURVE ( 'NONE', #1797, #1086, #1859, .T. ) ;
#1613 = ADVANCED_FACE ( 'NONE', ( #2307 ), #2694, .F. ) ;
#1614 = CARTESIAN_POINT ( 'NONE',  ( 3.837219318710695770, -62.49999999999999289, 7.372832897412102682 ) ) ;
#1615 = LINE ( 'NONE', #540, #1228 ) ;
#1616 = CARTESIAN_POINT ( 'NONE',  ( -13.87901902613524285, -34.87445393307987729, 7.031969484386250357 ) ) ;
#1617 = EDGE_LOOP ( 'NONE', ( #1329, #620, #814, #1050, #1817 ) ) ;
#1618 = CARTESIAN_POINT ( 'NONE',  ( -15.91775920689707213, -58.69762540848754639, 8.000000000000000000 ) ) ;
#1619 = CARTESIAN_POINT ( 'NONE',  ( -55.98528137423858908, -67.50000000000005684, -6.000000000000043521 ) ) ;
#1620 = DIRECTION ( 'NONE',  ( 0.000000000000000000, 1.000000000000000000, -1.156482317317870344E-15 ) ) ;
#1621 = ORIENTED_EDGE ( 'NONE', *, *, #1698, .T. ) ;
#1622 = CARTESIAN_POINT ( 'NONE',  ( -15.65859692310426077, -56.59478455981938794, 7.857147841831719326 ) ) ;
#1623 = FACE_OUTER_BOUND ( 'NONE', #1229, .T. ) ;
#1624 = ORIENTED_EDGE ( 'NONE', *, *, #445, .T. ) ;
#1625 = CARTESIAN_POINT ( 'NONE',  ( 15.31846899041391552, -33.91470314701418687, 7.724351979461494544 ) ) ;
#1626 = EDGE_CURVE ( 'NONE', #1742, #764, #1443, .T. ) ;
#1627 = CARTESIAN_POINT ( 'NONE',  ( -11.60818676624389489, -62.50000000000000000, 8.000000000000000000 ) ) ;
#1628 = PRODUCT ( '\X2\5de67535673a652f67b6\X0\', '\X2\5de67535673a652f67b6\X0\', '', ( #2180 ) ) ;
#1629 = CARTESIAN_POINT ( 'NONE',  ( -14.73243143709817460, -34.45676438417156362, 7.465124915802102024 ) ) ;
#1630 = LINE ( 'NONE', #1423, #1906 ) ;
#1631 = VERTEX_POINT ( 'NONE', #2050 ) ;
#1632 = CARTESIAN_POINT ( 'NONE',  ( 55.98528137423861040, -62.50000000000004263, 25.51609221829271235 ) ) ;
#1633 = DIRECTION ( 'NONE',  ( 1.000000000000000000, 0.000000000000000000, 0.000000000000000000 ) ) ;
#1634 = EDGE_LOOP ( 'NONE', ( #2475, #30, #1923, #865 ) ) ;
#1635 = AXIS2_PLACEMENT_3D ( 'NONE', #1400, #1197, #123 ) ;
#1636 = CARTESIAN_POINT ( 'NONE',  ( -38.48528137423856776, -49.24264068711929809, -26.00000000000004619 ) ) ;
#1637 = CARTESIAN_POINT ( 'NONE',  ( 20.99999999999999645, -45.00000000000000711, 8.000000000000000000 ) ) ;
#1638 = AXIS2_PLACEMENT_3D ( 'NONE', #2605, #1360, #2620 ) ;
#1639 = CIRCLE ( 'NONE', #2632, 1.600000000000000755 ) ;
#1640 = CARTESIAN_POINT ( 'NONE',  ( 12.99999999999999289, -58.00000000000000000, 5.000000000000000000 ) ) ;
#1641 = ORIENTED_EDGE ( 'NONE', *, *, #1595, .T. ) ;
#1642 = CARTESIAN_POINT ( 'NONE',  ( -37.22792206135787296, -59.50000000000000711, -23.00000000000004619 ) ) ;
#1643 = CARTESIAN_POINT ( 'NONE',  ( -30.50000000000000711, -52.77207793864215546, -23.00000000000004619 ) ) ;
#1644 = LINE ( 'NONE', #2026, #1687 ) ;
#1645 = CARTESIAN_POINT ( 'NONE',  ( -50.98528137423859619, -67.50000000000005684, -18.00000000000003908 ) ) ;
#1646 = EDGE_CURVE ( 'NONE', #1276, #1677, #2453, .T. ) ;
#1647 = ORIENTED_EDGE ( 'NONE', *, *, #675, .F. ) ;
#1648 = B_SPLINE_CURVE_WITH_KNOTS ( 'NONE', 3,
 ( #2422, #2612, #909, #1566, #1960, #48 ),
 .UNSPECIFIED., .F., .F.,
 ( 4, 2, 4 ),
 ( 0.01732326078663764743, 0.01767389569542448385, 0.01802453060421131681 ),
 .UNSPECIFIED. ) ;
#1649 = ADVANCED_FACE ( 'NONE', ( #2092 ), #1263, .F. ) ;
#1650 = DIRECTION ( 'NONE',  ( 0.000000000000000000, 1.000000000000000000, 0.000000000000000000 ) ) ;
#1651 = ORIENTED_EDGE ( 'NONE', *, *, #1796, .T. ) ;
#1652 = CARTESIAN_POINT ( 'NONE',  ( -13.22749855062290258, -28.99932047024406856, 7.997783157616388472 ) ) ;
#1653 =( NAMED_UNIT ( * ) SI_UNIT ( $, .STERADIAN. ) SOLID_ANGLE_UNIT ( ) );
#1654 = DIRECTION ( 'NONE',  ( 0.000000000000000000, 1.000000000000000000, 0.000000000000000000 ) ) ;
#1655 = EDGE_LOOP ( 'NONE', ( #2483, #2382, #2603, #1452 ) ) ;
#1656 = ORIENTED_EDGE ( 'NONE', *, *, #2311, .F. ) ;
#1657 = CARTESIAN_POINT ( 'NONE',  ( 10.13614369235474832, -32.91414832919180355, 6.057290215394470323 ) ) ;
#1658 = ORIENTED_EDGE ( 'NONE', *, *, #1575, .T. ) ;
#1659 = FACE_OUTER_BOUND ( 'NONE', #1046, .T. ) ;
#1660 = DIRECTION ( 'NONE',  ( 0.7071067811865475727, 0.7071067811865475727, 0.000000000000000000 ) ) ;
#1661 = ORIENTED_EDGE ( 'NONE', *, *, #61, .F. ) ;
#1662 = EDGE_CURVE ( 'NONE', #211, #1978, #1522, .T. ) ;
#1663 = CARTESIAN_POINT ( 'NONE',  ( -19.50000000000000711, -48.00000000000000711, -23.00000000000004974 ) ) ;
#1664 = DIRECTION ( 'NONE',  ( -0.000000000000000000, 0.000000000000000000, -1.000000000000000000 ) ) ;
#1665 = ORIENTED_EDGE ( 'NONE', *, *, #2314, .F. ) ;
#1666 = CARTESIAN_POINT ( 'NONE',  ( -38.98528137423858908, -67.50000000000005684, -16.00000000000003908 ) ) ;
#1667 = DIRECTION ( 'NONE',  ( 3.413144305457568632E-32, 1.000000000000000000, -1.967543734044216016E-16 ) ) ;
#1668 = ORIENTED_EDGE ( 'NONE', *, *, #2348, .F. ) ;
#1669 = CARTESIAN_POINT ( 'NONE',  ( -19.50000000000000711, -39.00000000000000711, -26.00000000000004619 ) ) ;
#1670 = CARTESIAN_POINT ( 'NONE',  ( 0.9306643375631289405, -62.49999999999999289, 7.192797070299943307 ) ) ;
#1671 = CYLINDRICAL_SURFACE ( 'NONE', #1406, 3.000000000000000888 ) ;
#1672 = CARTESIAN_POINT ( 'NONE',  ( 27.50000000000000355, -38.25735931288070901, -21.75735931288075875 ) ) ;
#1673 = EDGE_LOOP ( 'NONE', ( #2189, #1370, #953, #713 ) ) ;
#1674 = CARTESIAN_POINT ( 'NONE',  ( -22.50000000000000355, -62.50000000000000000, -26.00000000000004263 ) ) ;
#1675 = LINE ( 'NONE', #2658, #2460 ) ;
#1676 = EDGE_CURVE ( 'NONE', #1495, #522, #1852, .T. ) ;
#1677 = VERTEX_POINT ( 'NONE', #1914 ) ;
#1678 = DIRECTION ( 'NONE',  ( 1.349221823327174429E-16, -1.967543734044215769E-16, -1.000000000000000000 ) ) ;
#1679 = VECTOR ( 'NONE', #643, 1000.000000000000000 ) ;
#1680 = CARTESIAN_POINT ( 'NONE',  ( -27.50000000000000711, -45.00000000000000711, -19.00000000000004974 ) ) ;
#1681 = VECTOR ( 'NONE', #650, 1000.000000000000000 ) ;
#1682 = EDGE_CURVE ( 'NONE', #1963, #1207, #2377, .T. ) ;
#1683 = ORIENTED_EDGE ( 'NONE', *, *, #1152, .T. ) ;
#1684 = AXIS2_PLACEMENT_3D ( 'NONE', #1184, #572, #2657 ) ;
#1685 = VERTEX_POINT ( 'NONE', #1938 ) ;
#1686 = CIRCLE ( 'NONE', #65, 3.000000000000000888 ) ;
#1687 = VECTOR ( 'NONE', #1402, 1000.000000000000000 ) ;
#1688 = AXIS2_PLACEMENT_3D ( 'NONE', #1342, #964, #2582 ) ;
#1689 = CARTESIAN_POINT ( 'NONE',  ( -27.50000000000000711, -42.00000000000000000, -16.00000000000004974 ) ) ;
#1690 = LINE ( 'NONE', #1888, #1463 ) ;
#1691 = VERTEX_POINT ( 'NONE', #2334 ) ;
#1692 = DIRECTION ( 'NONE',  ( -1.000000000000000000, 0.000000000000000000, -1.349221823327174429E-16 ) ) ;
#1693 = ORIENTED_EDGE ( 'NONE', *, *, #2150, .T. ) ;
#1694 = CARTESIAN_POINT ( 'NONE',  ( 10.13621666906007235, -57.08549103047549522, 6.057093004800842451 ) ) ;
#1695 = ORIENTED_EDGE ( 'NONE', *, *, #537, .F. ) ;
#1696 = VERTEX_POINT ( 'NONE', #638 ) ;
#1697 = EDGE_CURVE ( 'NONE', #2318, #1631, #2146, .T. ) ;
#1698 = EDGE_CURVE ( 'NONE', #2557, #2206, #2114, .T. ) ;
#1699 = CARTESIAN_POINT ( 'NONE',  ( -19.50000000000000711, -48.00000000000001421, -63.85498646149545721 ) ) ;
#1700 = CARTESIAN_POINT ( 'NONE',  ( -13.69762540848754817, -29.08224079310294030, 8.000000000000000000 ) ) ;
#1701 = ORIENTED_EDGE ( 'NONE', *, *, #2438, .T. ) ;
#1702 = EDGE_CURVE ( 'NONE', #1872, #1608, #1488, .T. ) ;
#1703 = DIRECTION ( 'NONE',  ( -0.000000000000000000, 0.000000000000000000, -1.000000000000000000 ) ) ;
#1704 = VERTEX_POINT ( 'NONE', #646 ) ;
#1705 = CARTESIAN_POINT ( 'NONE',  ( -10.71921521448864389, -59.96126762254261422, 7.571060770399856032 ) ) ;
#1706 = DIRECTION ( 'NONE',  ( 1.000000000000000000, 0.000000000000000000, 0.000000000000000000 ) ) ;
#1707 = DIRECTION ( 'NONE',  ( -1.349221823327174429E-16, 1.967543734044216016E-16, 1.000000000000000000 ) ) ;
#1708 = CARTESIAN_POINT ( 'NONE',  ( 14.88954866813364397, -55.66147194065675308, 7.538073631574958355 ) ) ;
#1709 = EDGE_LOOP ( 'NONE', ( #1003, #2030, #41, #1243 ) ) ;
#1710 = DIRECTION ( 'NONE',  ( -3.413144305457568632E-32, -1.000000000000000000, 1.967543734044216016E-16 ) ) ;
#1711 = FACE_BOUND ( 'NONE', #1521, .T. ) ;
#1712 = B_SPLINE_CURVE_WITH_KNOTS ( 'NONE', 3,
 ( #2065, #2451, #1002, #2682, #320, #585, #1182, #2480, #151, #2634, #2274, #367, #1401, #2439, #1023, #779, #1865, #2701, #90, #1810, #1616, #2025, #1604, #1629, #310, #1170, #124, #2011, #568, #107, #553, #2247, #1199, #2043 ),
 .UNSPECIFIED., .F., .F.,
 ( 4, 2, 2, 2, 2, 2, 2, 2, 2, 2, 2, 2, 2, 2, 2, 2, 4 ),
 ( 0.007311506379829411581, 0.007937241030254926430, 0.008562975680680441279, 0.009188710331105956128, 0.009814444981531470977, 0.01044017963195698583, 0.01106591428238250067, 0.01169164893280801552, 0.01231738358323353037, 0.01294311823365904522, 0.01356885288408456007, 0.01419458753451007492, 0.01482032218493559150, 0.01544605683536110462, 0.01607179148578662120, 0.01669752613621213605, 0.01732326078663764743 ),
 .UNSPECIFIED. ) ;
#1713 = LINE ( 'NONE', #1689, #391 ) ;
#1714 = ADVANCED_FACE ( 'NONE', ( #2317 ), #1878, .T. ) ;
#1715 = EDGE_LOOP ( 'NONE', ( #2598, #1734, #47, #771, #2552, #2747 ) ) ;
#1716 = DIRECTION ( 'NONE',  ( -1.000000000000000000, -8.786684129385966815E-17, -1.349221823327174182E-16 ) ) ;
#1717 = EDGE_CURVE ( 'NONE', #501, #2638, #621, .T. ) ;
#1718 = ORIENTED_EDGE ( 'NONE', *, *, #817, .F. ) ;
#1719 = CARTESIAN_POINT ( 'NONE',  ( -10.00000000000000711, -57.99999999999993605, 6.546084143056976501 ) ) ;
#1720 = DIRECTION ( 'NONE',  ( -0.7193398003386551887, 1.366770724097957955E-16, 0.6946583704589930353 ) ) ;
#1721 = DIRECTION ( 'NONE',  ( 0.000000000000000000, 0.000000000000000000, -1.000000000000000000 ) ) ;
#1722 = ORIENTED_EDGE ( 'NONE', *, *, #816, .T. ) ;
#1723 = AXIS2_PLACEMENT_3D ( 'NONE', #989, #1049, #1280 ) ;
#1724 = AXIS2_PLACEMENT_3D ( 'NONE', #1118, #2587, #2177 ) ;
#1725 = DIRECTION ( 'NONE',  ( 0.7071067811865486830, 0.7071067811865464625, -4.372196160242395736E-17 ) ) ;
#1726 = CARTESIAN_POINT ( 'NONE',  ( -27.50000000000000711, -38.25735931288072322, -23.00000000000004974 ) ) ;
#1727 = AXIS2_PLACEMENT_3D ( 'NONE', #2107, #189, #2257 ) ;
#1728 = AXIS2_PLACEMENT_3D ( 'NONE', #772, #2626, #99 ) ;
#1729 = CIRCLE ( 'NONE', #2456, 1.600000000000000755 ) ;
#1730 = AXIS2_PLACEMENT_3D ( 'NONE', #1763, #2195, #2185 ) ;
#1731 = DIRECTION ( 'NONE',  ( 0.000000000000000000, 0.000000000000000000, -1.000000000000000000 ) ) ;
#1732 = VECTOR ( 'NONE', #46, 1000.000000000000000 ) ;
#1733 = CIRCLE ( 'NONE', #934, 3.000000000000000888 ) ;
#1734 = ORIENTED_EDGE ( 'NONE', *, *, #2622, .T. ) ;
#1735 = CARTESIAN_POINT ( 'NONE',  ( -14.60000000000000675, -58.00000000000000000, 0.000000000000000000 ) ) ;
#1736 = CARTESIAN_POINT ( 'NONE',  ( -10.00000000000000711, -57.99999999999993605, 6.546084143056976501 ) ) ;
#1737 = ORIENTED_EDGE ( 'NONE', *, *, #2486, .F. ) ;
#1738 = CARTESIAN_POINT ( 'NONE',  ( -10.45713830717738269, -59.60698610330932468, 7.405394944562355697 ) ) ;
#1739 = CARTESIAN_POINT ( 'NONE',  ( -10.13537294228175156, -57.08818294217624612, 6.058409977254265222 ) ) ;
#1740 = CYLINDRICAL_SURFACE ( 'NONE', #2338, 1.600000000000000755 ) ;
#1741 = CARTESIAN_POINT ( 'NONE',  ( 10.01685934602495998, -57.63195020756881348, 6.341797338294996145 ) ) ;
#1742 = VERTEX_POINT ( 'NONE', #1933 ) ;
#1743 = DIRECTION ( 'NONE',  ( 1.000000000000000000, 9.376883653928686131E-17, 0.000000000000000000 ) ) ;
#1744 = CARTESIAN_POINT ( 'NONE',  ( 0.000000000000000000, -45.00000000000000711, 0.000000000000000000 ) ) ;
#1745 = CARTESIAN_POINT ( 'NONE',  ( 12.51760428290711857, -60.97029136476398747, 7.970654384218081923 ) ) ;
#1746 = ORIENTED_EDGE ( 'NONE', *, *, #1580, .T. ) ;
#1747 = DIRECTION ( 'NONE',  ( -1.000000000000000000, -8.786684129385964350E-17, 0.000000000000000000 ) ) ;
#1748 = DIRECTION ( 'NONE',  ( 1.875376730785737226E-16, 1.000000000000000000, -1.003808469612656861E-16 ) ) ;
#1749 = DIRECTION ( 'NONE',  ( 1.000000000000000000, 0.000000000000000000, 0.000000000000000000 ) ) ;
#1750 = EDGE_CURVE ( 'NONE', #2479, #1872, #1890, .T. ) ;
#1751 = ORIENTED_EDGE ( 'NONE', *, *, #379, .T. ) ;
#1752 = DIRECTION ( 'NONE',  ( 0.7071067811865483499, 0.7071067811865465735, 0.000000000000000000 ) ) ;
#1753 = CARTESIAN_POINT ( 'NONE',  ( 13.15710331650709364, -54.99856950625505903, 6.633493106645623527 ) ) ;
#1754 = EDGE_CURVE ( 'NONE', #2373, #307, #2411, .T. ) ;
#1755 = ORIENTED_EDGE ( 'NONE', *, *, #2643, .F. ) ;
#1756 = ADVANCED_FACE ( 'NONE', ( #10 ), #2133, .T. ) ;
#1757 = FACE_BOUND ( 'NONE', #1807, .T. ) ;
#1758 = LINE ( 'NONE', #2389, #431 ) ;
#1759 = CARTESIAN_POINT ( 'NONE',  ( 9.999999999999992895, -32.00000000000000711, 6.546084143057011140 ) ) ;
#1760 = ORIENTED_EDGE ( 'NONE', *, *, #2438, .F. ) ;
#1761 = CYLINDRICAL_SURFACE ( 'NONE', #747, 2.999999999999999112 ) ;
#1762 = CARTESIAN_POINT ( 'NONE',  ( -55.98528137423858908, -62.50000000000000000, -26.00000000000004619 ) ) ;
#1763 = CARTESIAN_POINT ( 'NONE',  ( -87.19707759714370354, -68.50000000000005684, -6.000000000000050626 ) ) ;
#1764 = VERTEX_POINT ( 'NONE', #1052 ) ;
#1765 = DIRECTION ( 'NONE',  ( -3.413144305457568632E-32, -1.000000000000000000, 1.967543734044216016E-16 ) ) ;
#1766 = DIRECTION ( 'NONE',  ( 1.000000000000000000, 0.000000000000000000, 0.000000000000000000 ) ) ;
#1767 = CARTESIAN_POINT ( 'NONE',  ( -38.98528137423858908, -67.50000000000005684, -14.00000000000003730 ) ) ;
#1768 = ORIENTED_EDGE ( 'NONE', *, *, #2328, .F. ) ;
#1769 = CARTESIAN_POINT ( 'NONE',  ( 38.98528137423861750, -67.50000000000005684, -18.00000000000003908 ) ) ;
#1770 = EDGE_CURVE ( 'NONE', #350, #1546, #418, .T. ) ;
#1771 = VECTOR ( 'NONE', #841, 1000.000000000000000 ) ;
#1772 = CIRCLE ( 'NONE', #1809, 3.000000000000000888 ) ;
#1773 = AXIS2_PLACEMENT_3D ( 'NONE', #518, #2613, #1820 ) ;
#1774 = ORIENTED_EDGE ( 'NONE', *, *, #1019, .T. ) ;
#1775 = PLANE ( 'NONE',  #926 ) ;
#1776 = CARTESIAN_POINT ( 'NONE',  ( -35.98528137423858908, -62.50000000000000000, -21.75735931288075875 ) ) ;
#1777 = CIRCLE ( 'NONE', #438, 1.600000000000000755 ) ;
#1778 = AXIS2_PLACEMENT_3D ( 'NONE', #2171, #1583, #2000 ) ;
#1779 = ORIENTED_EDGE ( 'NONE', *, *, #1438, .T. ) ;
#1780 = LINE ( 'NONE', #1815, #1144 ) ;
#1781 = DIRECTION ( 'NONE',  ( 0.000000000000000000, 0.000000000000000000, 1.000000000000000000 ) ) ;
#1782 = B_SPLINE_CURVE_WITH_KNOTS ( 'NONE', 3,
 ( #2526, #427, #1741, #190, #1694, #1314, #1482, #1523, #1073, #252, #690, #1536, #907, #1084, #1939, #17, #479, #1753, #895, #2350, #2571, #639, #2138, #864, #1708, #2122, #1116, #1958, #2562, #2744, #223, #2108, #2536, #1059 ),
 .UNSPECIFIED., .F., .F.,
 ( 4, 2, 2, 2, 2, 2, 2, 2, 2, 2, 2, 2, 2, 2, 2, 2, 4 ),
 ( 0.01711037300822459278, 0.01773453172427629648, 0.01835869044032800018, 0.01898284915637970388, 0.01960700787243140758, 0.02023116658848311128, 0.02085532530453481498, 0.02147948402058651868, 0.02210364273663822238, 0.02272780145268992608, 0.02335196016874162978, 0.02397611888479333347, 0.02460027760084503717, 0.02522443631689674087, 0.02584859503294844457, 0.02647275374900015521, 0.02709691246505186238 ),
 .UNSPECIFIED. ) ;
#1783 = VERTEX_POINT ( 'NONE', #218 ) ;
#1784 = CARTESIAN_POINT ( 'NONE',  ( -38.98528137423858908, -62.50000000000000000, -14.00000000000003730 ) ) ;
#1785 = EDGE_CURVE ( 'NONE', #1517, #555, #1540, .T. ) ;
#1786 = VERTEX_POINT ( 'NONE', #170 ) ;
#1787 = CYLINDRICAL_SURFACE ( 'NONE', #963, 3.000000000000002665 ) ;
#1788 = DIRECTION ( 'NONE',  ( -0.7071067811865464625, 0.7071067811865486830, -2.345307417223290386E-16 ) ) ;
#1789 = B_SPLINE_CURVE_WITH_KNOTS ( 'NONE', 3,
 ( #1502, #632, #2313, #656, #2717, #1294, #2497, #1625, #132, #2258, #1032, #1445, #364, #1195, #2285, #1843, #145, #1873, #582, #1461, #2446, #2040, #999, #1015, #377, #120, #561, #1657, #1250, #2650, #789, #351 ),
 .UNSPECIFIED., .F., .F.,
 ( 4, 2, 2, 2, 2, 2, 2, 2, 2, 2, 2, 2, 2, 2, 2, 4 ),
 ( 0.009206135961103614068, 0.009830095993693768394, 0.01045405602628392445, 0.01107801605887407531, 0.01170197609146422443, 0.01294989615664452962, 0.01357385618923468221, 0.01419781622182483480, 0.01482177625441498739, 0.01544573628700513998, 0.01606969631959528910, 0.01669365635218544169, 0.01731761638477559428, 0.01794157641736574688, 0.01856553644995589947, 0.01918949648254604859 ),
 .UNSPECIFIED. ) ;
#1790 = ORIENTED_EDGE ( 'NONE', *, *, #757, .T. ) ;
#1791 =( BOUNDED_CURVE ( )  B_SPLINE_CURVE ( 3, ( #1044, #1636, #2465, #142 ),
 .UNSPECIFIED., .F., .T. ) 
 B_SPLINE_CURVE_WITH_KNOTS ( ( 4, 4 ),
 ( 4.712388980384689674, 6.283185307179586232 ),
 .UNSPECIFIED. ) 
 CURVE ( )  GEOMETRIC_REPRESENTATION_ITEM ( )  RATIONAL_B_SPLINE_CURVE ( ( 1.000000000000000000, 0.8047378541243649375, 0.8047378541243649375, 1.000000000000000000 ) ) 
 REPRESENTATION_ITEM ( '' )  );
#1792 = DIRECTION ( 'NONE',  ( -1.000000000000000000, 4.336808689942012189E-17, -1.349221823327174429E-16 ) ) ;
#1793 = ORIENTED_EDGE ( 'NONE', *, *, #2335, .F. ) ;
#1794 = DIRECTION ( 'NONE',  ( 1.875376730785737226E-16, -1.000000000000000000, 1.967543734044216262E-16 ) ) ;
#1795 = CYLINDRICAL_SURFACE ( 'NONE', #1773, 3.000000000000000888 ) ;
#1796 = EDGE_CURVE ( 'NONE', #437, #278, #1039, .T. ) ;
#1797 = VERTEX_POINT ( 'NONE', #1674 ) ;
#1798 = CARTESIAN_POINT ( 'NONE',  ( -55.98528137423858908, -67.50000000000005684, -6.000000000000043521 ) ) ;
#1799 = ORIENTED_EDGE ( 'NONE', *, *, #867, .T. ) ;
#1800 = CARTESIAN_POINT ( 'NONE',  ( -15.91775920689707213, -58.69762540848754639, 8.000000000000000000 ) ) ;
#1801 = EDGE_CURVE ( 'NONE', #140, #2051, #1256, .T. ) ;
#1802 = LINE ( 'NONE', #314, #662 ) ;
#1803 = EDGE_LOOP ( 'NONE', ( #720, #727, #2179, #1449, #125 ) ) ;
#1804 = DIRECTION ( 'NONE',  ( -0.000000000000000000, -0.000000000000000000, -1.000000000000000000 ) ) ;
#1805 = CARTESIAN_POINT ( 'NONE',  ( 27.50000000000000711, -62.50000000000000000, -26.00000000000003553 ) ) ;
#1806 = DIRECTION ( 'NONE',  ( 0.000000000000000000, 0.000000000000000000, -1.000000000000000000 ) ) ;
#1807 = EDGE_LOOP ( 'NONE', ( #97, #1137 ) ) ;
#1808 = AXIS2_PLACEMENT_3D ( 'NONE', #117, #959, #1806 ) ;
#1809 = AXIS2_PLACEMENT_3D ( 'NONE', #122, #470, #2601 ) ;
#1810 = CARTESIAN_POINT ( 'NONE',  ( -13.70105817540204463, -34.92270012258813949, 6.935339691230973713 ) ) ;
#1811 = AXIS2_PLACEMENT_3D ( 'NONE', #904, #1377, #1752 ) ;
#1812 = VERTEX_POINT ( 'NONE', #2655 ) ;
#1813 = VECTOR ( 'NONE', #1864, 1000.000000000000000 ) ;
#1814 = VECTOR ( 'NONE', #2066, 1000.000000000000000 ) ;
#1815 = CARTESIAN_POINT ( 'NONE',  ( -37.85530313790587797, -62.49999999999999289, -6.000000000000040856 ) ) ;
#1816 = CYLINDRICAL_SURFACE ( 'NONE', #570, 2.999999999999999112 ) ;
#1817 = ORIENTED_EDGE ( 'NONE', *, *, #34, .F. ) ;
#1818 = CARTESIAN_POINT ( 'NONE',  ( -12.51937055320064118, -29.02919471507462745, 7.970839631102753842 ) ) ;
#1819 = CARTESIAN_POINT ( 'NONE',  ( 22.50000000000001066, -59.50000000000001421, 0.000000000000000000 ) ) ;
#1820 = DIRECTION ( 'NONE',  ( 1.000000000000000000, 0.000000000000000000, 0.000000000000000000 ) ) ;
#1821 = CARTESIAN_POINT ( 'NONE',  ( -13.00000000000000711, -32.00000000000000711, 10.10628645568517214 ) ) ;
#1822 = ORIENTED_EDGE ( 'NONE', *, *, #1040, .T. ) ;
#1823 = CARTESIAN_POINT ( 'NONE',  ( 55.98528137423861040, -67.50000000000004263, 25.51609221829271235 ) ) ;
#1824 = ORIENTED_EDGE ( 'NONE', *, *, #1367, .T. ) ;
#1825 = DIRECTION ( 'NONE',  ( -1.000000000000000000, 0.000000000000000000, -0.000000000000000000 ) ) ;
#1826 = LINE ( 'NONE', #1881, #1991 ) ;
#1827 = EDGE_CURVE ( 'NONE', #1685, #2687, #385, .T. ) ;
#1828 = VERTEX_POINT ( 'NONE', #2440 ) ;
#1829 = FACE_OUTER_BOUND ( 'NONE', #497, .T. ) ;
#1830 = CARTESIAN_POINT ( 'NONE',  ( -30.50000000000000711, -48.00000000000000711, -20.00000000000004974 ) ) ;
#1831 = EDGE_CURVE ( 'NONE', #2005, #1877, #600, .T. ) ;
#1832 = ORIENTED_EDGE ( 'NONE', *, *, #1058, .T. ) ;
#1833 = FACE_OUTER_BOUND ( 'NONE', #362, .T. ) ;
#1834 = DIRECTION ( 'NONE',  ( 0.000000000000000000, 1.000000000000000000, 0.000000000000000000 ) ) ;
#1835 = DIRECTION ( 'NONE',  ( 1.000000000000000000, 9.189829725788341711E-33, 2.201794655477298988E-16 ) ) ;
#1836 = VERTEX_POINT ( 'NONE', #1219 ) ;
#1837 = LINE ( 'NONE', #1632, #1586 ) ;
#1838 = PLANE ( 'NONE',  #1988 ) ;
#1839 = CYLINDRICAL_SURFACE ( 'NONE', #208, 1.600000000000000755 ) ;
#1840 = VERTEX_POINT ( 'NONE', #2482 ) ;
#1841 = CARTESIAN_POINT ( 'NONE',  ( -35.98528137423858198, -62.50000000000000000, -20.00000000000004619 ) ) ;
#1842 = DIRECTION ( 'NONE',  ( 0.000000000000000000, 0.000000000000000000, 1.000000000000000000 ) ) ;
#1843 = CARTESIAN_POINT ( 'NONE',  ( 12.78923844585780856, -34.99815239704877001, 6.428817763488705594 ) ) ;
#1844 = EDGE_CURVE ( 'NONE', #2359, #2696, #2293, .T. ) ;
#1845 = B_SPLINE_CURVE_WITH_KNOTS ( 'NONE', 3,
 ( #1800, #737, #498, #718, #2639, #276 ),
 .UNSPECIFIED., .F., .F.,
 ( 4, 2, 4 ),
 ( 0.01443484291753884506, 0.01478499234147184239, 0.01513514176540483973 ),
 .UNSPECIFIED. ) ;
#1846 = ORIENTED_EDGE ( 'NONE', *, *, #1426, .F. ) ;
#1847 = CARTESIAN_POINT ( 'NONE',  ( -27.50000000000000711, -54.01471862576145355, -20.00000000000004974 ) ) ;
#1848 = DIRECTION ( 'NONE',  ( -0.000000000000000000, 0.000000000000000000, -1.000000000000000000 ) ) ;
#1849 = ORIENTED_EDGE ( 'NONE', *, *, #131, .F. ) ;
#1850 = CARTESIAN_POINT ( 'NONE',  ( 15.94514366817507600, -58.58309221768386976, 8.000000000000319744 ) ) ;
#1851 = CARTESIAN_POINT ( 'NONE',  ( 19.50000000000000711, -22.50000000000000355, 0.000000000000000000 ) ) ;
#1852 = CIRCLE ( 'NONE', #2502, 1.600000000000000755 ) ;
#1853 = AXIS2_PLACEMENT_3D ( 'NONE', #328, #535, #1397 ) ;
#1854 = CARTESIAN_POINT ( 'NONE',  ( -22.50000000000000355, -59.50000000000001421, 0.000000000000000000 ) ) ;
#1855 = ORIENTED_EDGE ( 'NONE', *, *, #1977, .T. ) ;
#1856 = VECTOR ( 'NONE', #2336, 1000.000000000000000 ) ;
#1857 = VECTOR ( 'NONE', #16, 1000.000000000000000 ) ;
#1858 = DIRECTION ( 'NONE',  ( 3.413144305457568632E-32, 1.000000000000000000, -1.967543734044216016E-16 ) ) ;
#1859 = LINE ( 'NONE', #1430, #1141 ) ;
#1860 = CARTESIAN_POINT ( 'NONE',  ( 38.98528137423861750, -62.50000000000000000, -16.00000000000003908 ) ) ;
#1861 = ORIENTED_EDGE ( 'NONE', *, *, #28, .F. ) ;
#1862 = VERTEX_POINT ( 'NONE', #1645 ) ;
#1863 = CARTESIAN_POINT ( 'NONE',  ( -3.896392965663875607, -62.49999999999999289, 7.378399263334605607 ) ) ;
#1864 = DIRECTION ( 'NONE',  ( 0.000000000000000000, 1.000000000000000000, 0.000000000000000000 ) ) ;
#1865 = CARTESIAN_POINT ( 'NONE',  ( -12.78932375669794652, -34.99817078612506549, 6.428864253613680191 ) ) ;
#1866 = VERTEX_POINT ( 'NONE', #2463 ) ;
#1867 = DIRECTION ( 'NONE',  ( 1.000000000000000000, 1.420821132704813648E-14, 0.000000000000000000 ) ) ;
#1868 = CARTESIAN_POINT ( 'NONE',  ( 14.59999999999999254, -58.00000000000000000, 5.000000000000000000 ) ) ;
#1869 = DIRECTION ( 'NONE',  ( -0.6946583704589935904, 7.220793841094193300E-17, 0.7193398003386547446 ) ) ;
#1870 = ORIENTED_EDGE ( 'NONE', *, *, #440, .F. ) ;
#1871 = CARTESIAN_POINT ( 'NONE',  ( -11.17758342053746290, -55.61469972750897739, 5.727114148388333881 ) ) ;
#1872 = VERTEX_POINT ( 'NONE', #592 ) ;
#1873 = CARTESIAN_POINT ( 'NONE',  ( 12.23966590301304080, -34.90798722507536667, 6.134787942751350087 ) ) ;
#1874 = EDGE_LOOP ( 'NONE', ( #2159, #2021, #2193, #1911 ) ) ;
#1875 = DIRECTION ( 'NONE',  ( 0.000000000000000000, 0.000000000000000000, -1.000000000000000000 ) ) ;
#1876 = DIRECTION ( 'NONE',  ( -0.000000000000000000, -0.000000000000000000, 1.000000000000000000 ) ) ;
#1877 = VERTEX_POINT ( 'NONE', #1841 ) ;
#1878 = PLANE ( 'NONE',  #1189 ) ;
#1879 = CARTESIAN_POINT ( 'NONE',  ( -32.50000000000007816, -67.50000000000004263, 25.51609221829270169 ) ) ;
#1880 = EDGE_CURVE ( 'NONE', #203, #2351, #1497, .T. ) ;
#1881 = CARTESIAN_POINT ( 'NONE',  ( 27.50000000000000000, -62.50000000000000000, 4.000000000000037303 ) ) ;
#1882 = ORIENTED_EDGE ( 'NONE', *, *, #889, .T. ) ;
#1883 = CARTESIAN_POINT ( 'NONE',  ( -37.39314531791151097, -69.39314531791147544, -5.553699381042177308 ) ) ;
#1884 = ORIENTED_EDGE ( 'NONE', *, *, #855, .F. ) ;
#1885 = ORIENTED_EDGE ( 'NONE', *, *, #1347, .T. ) ;
#1886 = DIRECTION ( 'NONE',  ( -3.413144305457568632E-32, -1.000000000000000000, 1.967543734044216016E-16 ) ) ;
#1887 = CARTESIAN_POINT ( 'NONE',  ( 50.98528137423861750, -67.50000000000005684, -18.00000000000003908 ) ) ;
#1888 = CARTESIAN_POINT ( 'NONE',  ( 22.50000000000001066, -62.50000000000000000, 8.000000000000000000 ) ) ;
#1889 = ORIENTED_EDGE ( 'NONE', *, *, #2286, .F. ) ;
#1890 = LINE ( 'NONE', #2326, #2331 ) ;
#1891 = CARTESIAN_POINT ( 'NONE',  ( -14.60000000000000675, -58.00000000000000000, 10.10628645568517214 ) ) ;
#1892 = EDGE_CURVE ( 'NONE', #758, #278, #775, .T. ) ;
#1893 = ORIENTED_EDGE ( 'NONE', *, *, #1274, .T. ) ;
#1894 = ADVANCED_FACE ( 'NONE', ( #1936 ), #2524, .F. ) ;
#1895 = CARTESIAN_POINT ( 'NONE',  ( -10.02164321995491747, -58.41559440243668178, 6.778317589287200740 ) ) ;
#1896 = FACE_OUTER_BOUND ( 'NONE', #1265, .T. ) ;
#1897 = AXIS2_PLACEMENT_3D ( 'NONE', #1317, #270, #711 ) ;
#1898 = CYLINDRICAL_SURFACE ( 'NONE', #521, 3.000000000000002665 ) ;
#1899 = DIRECTION ( 'NONE',  ( -1.000000000000000000, 0.000000000000000000, 0.000000000000000000 ) ) ;
#1900 = LINE ( 'NONE', #2361, #1856 ) ;
#1901 = AXIS2_PLACEMENT_3D ( 'NONE', #1908, #2468, #1433 ) ;
#1902 = EDGE_LOOP ( 'NONE', ( #2223, #671, #2443, #1668, #5, #399, #1822, #832, #1231 ) ) ;
#1903 = VERTEX_POINT ( 'NONE', #1492 ) ;
#1904 = PLANE ( 'NONE',  #1018 ) ;
#1905 = VECTOR ( 'NONE', #2237, 1000.000000000000000 ) ;
#1906 = VECTOR ( 'NONE', #2275, 1000.000000000000000 ) ;
#1907 = VECTOR ( 'NONE', #1664, 1000.000000000000000 ) ;
#1908 = CARTESIAN_POINT ( 'NONE',  ( 32.50000000000004263, -67.50000000000004263, 25.51609221829271235 ) ) ;
#1909 = CARTESIAN_POINT ( 'NONE',  ( -27.50000000000000711, -48.00000000000000711, -19.00000000000004974 ) ) ;
#1910 = LINE ( 'NONE', #430, #2340 ) ;
#1911 = ORIENTED_EDGE ( 'NONE', *, *, #939, .F. ) ;
#1912 = CARTESIAN_POINT ( 'NONE',  ( 11.41817496169967328, -29.44027661424172493, 7.820072595717523001 ) ) ;
#1913 = VERTEX_POINT ( 'NONE', #637 ) ;
#1914 = CARTESIAN_POINT ( 'NONE',  ( 13.69762540848755350, -60.91775920689706680, 8.000000000000000000 ) ) ;
#1915 = CARTESIAN_POINT ( 'NONE',  ( -37.85530313790587797, -62.50000000000000000, -6.000000000000040856 ) ) ;
#1916 = ORIENTED_EDGE ( 'NONE', *, *, #240, .T. ) ;
#1917 = EDGE_CURVE ( 'NONE', #2535, #1206, #13, .T. ) ;
#1918 = DIRECTION ( 'NONE',  ( 0.7071067811865472397, 0.7071067811865479058, 0.000000000000000000 ) ) ;
#1919 = CARTESIAN_POINT ( 'NONE',  ( -30.50000000000001066, -62.50000000000000000, 1.102933675578833261 ) ) ;
#1920 = ORIENTED_EDGE ( 'NONE', *, *, #286, .F. ) ;
#1921 = CARTESIAN_POINT ( 'NONE',  ( 12.05799307609855298, -29.14198143782743244, 7.929086602308275999 ) ) ;
#1922 = DIRECTION ( 'NONE',  ( -1.000000000000000000, 0.000000000000000000, 0.000000000000000000 ) ) ;
#1923 = ORIENTED_EDGE ( 'NONE', *, *, #286, .T. ) ;
#1924 = CARTESIAN_POINT ( 'NONE',  ( -12.51331885431012481, -60.96964420194827738, 7.970390558346692522 ) ) ;
#1925 = CARTESIAN_POINT ( 'NONE',  ( -10.00000000000001776, -57.81645298341744166, 6.443878319282712930 ) ) ;
#1926 = CARTESIAN_POINT ( 'NONE',  ( 12.99999999999999289, -58.00000000000000000, 10.10628645568517214 ) ) ;
#1927 = CARTESIAN_POINT ( 'NONE',  ( -27.50000000000000711, -42.00000000000000000, -19.00000000000004974 ) ) ;
#1928 = EDGE_LOOP ( 'NONE', ( #1323, #1971, #2592, #1396 ) ) ;
#1929 = ORIENTED_EDGE ( 'NONE', *, *, #1547, .F. ) ;
#1930 = DIRECTION ( 'NONE',  ( 1.000000000000000000, 1.477285665293037945E-16, 1.477285665293037945E-16 ) ) ;
#1931 = VERTEX_POINT ( 'NONE', #625 ) ;
#1932 = ADVANCED_FACE ( 'NONE', ( #874 ), #452, .F. ) ;
#1933 = CARTESIAN_POINT ( 'NONE',  ( 15.99999999999999289, -32.00000000000000711, 5.000000000000000000 ) ) ;
#1934 = CARTESIAN_POINT ( 'NONE',  ( -13.00000000000000711, -32.00000000000000711, 5.000000000000000000 ) ) ;
#1935 = ORIENTED_EDGE ( 'NONE', *, *, #318, .T. ) ;
#1936 = FACE_OUTER_BOUND ( 'NONE', #1133, .T. ) ;
#1937 = LINE ( 'NONE', #863, #2454 ) ;
#1938 = CARTESIAN_POINT ( 'NONE',  ( 15.99999999999999289, -58.00000000000000000, 5.000000000000000000 ) ) ;
#1939 = CARTESIAN_POINT ( 'NONE',  ( 12.24598704438434815, -55.09036502383226264, 6.138004910792231428 ) ) ;
#1940 = ORIENTED_EDGE ( 'NONE', *, *, #416, .F. ) ;
#1941 = CIRCLE ( 'NONE', #1723, 3.000000000000000888 ) ;
#1942 = PLANE ( 'NONE',  #837 ) ;
#1943 = COLOUR_RGB ( '',0.8431372549019607865, 0.8156862745098039102, 0.7529411764705882248 ) ;
#1944 = VECTOR ( 'NONE', #2721, 1000.000000000000000 ) ;
#1945 = AXIS2_PLACEMENT_3D ( 'NONE', #1264, #349, #1457 ) ;
#1946 = CYLINDRICAL_SURFACE ( 'NONE', #1948, 1.600000000000000755 ) ;
#1947 =( GEOMETRIC_REPRESENTATION_CONTEXT ( 3 ) GLOBAL_UNCERTAINTY_ASSIGNED_CONTEXT ( ( #2168 ) ) GLOBAL_UNIT_ASSIGNED_CONTEXT ( ( #1408, #1414, #2464 ) ) REPRESENTATION_CONTEXT ( 'NONE', 'WORKASPACE' ) );
#1948 = AXIS2_PLACEMENT_3D ( 'NONE', #1821, #898, #2019 ) ;
#1949 = ORIENTED_EDGE ( 'NONE', *, *, #564, .F. ) ;
#1950 = FACE_OUTER_BOUND ( 'NONE', #1902, .T. ) ;
#1951 = DIRECTION ( 'NONE',  ( -0.7071067811865464625, 0.7071067811865486830, -2.023929239686235922E-16 ) ) ;
#1952 = EDGE_CURVE ( 'NONE', #885, #1903, #174, .T. ) ;
#1953 = ADVANCED_FACE ( 'NONE', ( #1896 ), #2741, .T. ) ;
#1954 = CYLINDRICAL_SURFACE ( 'NONE', #293, 2.999999999999999112 ) ;
#1955 = EDGE_LOOP ( 'NONE', ( #407, #1774 ) ) ;
#1956 = PRODUCT_DEFINITION_SHAPE ( 'NONE', 'NONE',  #1210 ) ;
#1957 = FACE_OUTER_BOUND ( 'NONE', #1715, .T. ) ;
#1958 = CARTESIAN_POINT ( 'NONE',  ( 15.55483125857386106, -56.41433110559691499, 7.818391610895042199 ) ) ;
#1959 = ORIENTED_EDGE ( 'NONE', *, *, #240, .F. ) ;
#1960 = CARTESIAN_POINT ( 'NONE',  ( -15.94521888576205093, -31.41722237350541747, 8.000000000000044409 ) ) ;
#1961 = CARTESIAN_POINT ( 'NONE',  ( -50.98528137423859619, -62.50000000000000000, -16.00000000000003908 ) ) ;
#1962 = LINE ( 'NONE', #39, #974 ) ;
#1963 = VERTEX_POINT ( 'NONE', #1311 ) ;
#1964 = CARTESIAN_POINT ( 'NONE',  ( -13.00000000000000711, -32.00000000000000711, 5.000000000000000000 ) ) ;
#1965 = ORIENTED_EDGE ( 'NONE', *, *, #1000, .T. ) ;
#1966 = EDGE_CURVE ( 'NONE', #2491, #1866, #1615, .T. ) ;
#1967 = DIRECTION ( 'NONE',  ( 0.000000000000000000, 0.000000000000000000, 1.000000000000000000 ) ) ;
#1968 = EDGE_LOOP ( 'NONE', ( #2044, #2759, #1179, #2410, #2671, #938 ) ) ;
#1969 = CARTESIAN_POINT ( 'NONE',  ( 35.50000000000005684, -67.50000000000004263, 10.10628645568519346 ) ) ;
#1970 = CARTESIAN_POINT ( 'NONE',  ( 9.999999999999991118, -58.00000000000000000, 5.000000000000000000 ) ) ;
#1971 = ORIENTED_EDGE ( 'NONE', *, *, #2139, .T. ) ;
#1972 = CARTESIAN_POINT ( 'NONE',  ( -35.98528137423858198, -62.50000000000000000, -20.00000000000004619 ) ) ;
#1973 = CYLINDRICAL_SURFACE ( 'NONE', #618, 1.600000000000000755 ) ;
#1974 = ORIENTED_EDGE ( 'NONE', *, *, #386, .T. ) ;
#1975 = CYLINDRICAL_SURFACE ( 'NONE', #2204, 8.000000000000000000 ) ;
#1976 = EDGE_CURVE ( 'NONE', #2351, #2145, #2245, .T. ) ;
#1977 = EDGE_CURVE ( 'NONE', #648, #2318, #248, .T. ) ;
#1978 = VERTEX_POINT ( 'NONE', #765 ) ;
#1979 = FACE_OUTER_BOUND ( 'NONE', #1071, .T. ) ;
#1980 = ADVANCED_FACE ( 'NONE', ( #526 ), #2219, .F. ) ;
#1981 = AXIS2_PLACEMENT_3D ( 'NONE', #2299, #1246, #558 ) ;
#1982 = VECTOR ( 'NONE', #2241, 1000.000000000000000 ) ;
#1983 = CIRCLE ( 'NONE', #2739, 3.000000000000002665 ) ;
#1984 = AXIS2_PLACEMENT_3D ( 'NONE', #755, #1124, #1351 ) ;
#1985 = EDGE_LOOP ( 'NONE', ( #859, #2691 ) ) ;
#1986 = CARTESIAN_POINT ( 'NONE',  ( 0.000000000000000000, -45.00000000000000711, 8.000000000000000000 ) ) ;
#1987 = CARTESIAN_POINT ( 'NONE',  ( 14.59999999999999254, -32.00000000000000711, 0.000000000000000000 ) ) ;
#1988 = AXIS2_PLACEMENT_3D ( 'NONE', #420, #860, #871 ) ;
#1989 = VECTOR ( 'NONE', #2579, 1000.000000000000000 ) ;
#1990 = ORIENTED_EDGE ( 'NONE', *, *, #1037, .T. ) ;
#1991 = VECTOR ( 'NONE', #2485, 1000.000000000000000 ) ;
#1992 = FACE_OUTER_BOUND ( 'NONE', #1574, .T. ) ;
#1993 = VERTEX_POINT ( 'NONE', #988 ) ;
#1994 = FACE_OUTER_BOUND ( 'NONE', #980, .T. ) ;
#1995 = PLANE ( 'NONE',  #1853 ) ;
#1996 = PRODUCT_RELATED_PRODUCT_CATEGORY ( 'part', '', ( #1628 ) ) ;
#1997 = ORIENTED_EDGE ( 'NONE', *, *, #2286, .T. ) ;
#1998 = ADVANCED_FACE ( 'NONE', ( #1833, #2010 ), #2665, .T. ) ;
#1999 = EDGE_LOOP ( 'NONE', ( #2262, #1832, #1174, #1363, #960, #481, #1882, #2084, #729, #560, #1512, #1990 ) ) ;
#2000 = DIRECTION ( 'NONE',  ( 1.000000000000000000, -1.652117596168387953E-15, 0.000000000000000000 ) ) ;
#2001 = CARTESIAN_POINT ( 'NONE',  ( -36.50000000000002132, -61.25735931288072322, -23.00000000000003908 ) ) ;
#2002 = CARTESIAN_POINT ( 'NONE',  ( 50.98528137423861750, -67.50000000000005684, -14.00000000000003730 ) ) ;
#2003 = ORIENTED_EDGE ( 'NONE', *, *, #1698, .F. ) ;
#2004 = CARTESIAN_POINT ( 'NONE',  ( -19.50000000000001066, -25.50000000000000355, -26.00000000000004263 ) ) ;
#2005 = VERTEX_POINT ( 'NONE', #88 ) ;
#2006 = DIRECTION ( 'NONE',  ( -1.000000000000000000, -0.000000000000000000, -1.349221823327174429E-16 ) ) ;
#2007 = FACE_OUTER_BOUND ( 'NONE', #684, .T. ) ;
#2008 = ORIENTED_EDGE ( 'NONE', *, *, #1682, .F. ) ;
#2009 = LINE ( 'NONE', #2110, #1322 ) ;
#2010 = FACE_BOUND ( 'NONE', #57, .T. ) ;
#2011 = CARTESIAN_POINT ( 'NONE',  ( -15.55398477550120262, -33.58698118258995180, 7.818064115341329945 ) ) ;
#2012 = ADVANCED_FACE ( 'NONE', ( #32 ), #1357, .F. ) ;
#2013 = VERTEX_POINT ( 'NONE', #2023 ) ;
#2014 = CARTESIAN_POINT ( 'NONE',  ( 14.59999999999999254, -32.00000000000000711, 10.10628645568517214 ) ) ;
#2015 = ORIENTED_EDGE ( 'NONE', *, *, #2427, .T. ) ;
#2016 = CARTESIAN_POINT ( 'NONE',  ( -12.75491945078811540, -29.00070529036744205, 7.983190662534975779 ) ) ;
#2017 = CARTESIAN_POINT ( 'NONE',  ( -14.40103521763174932, -55.34018660562937697, 7.303616101891256207 ) ) ;
#2018 = LINE ( 'NONE', #1805, #2546 ) ;
#2019 = DIRECTION ( 'NONE',  ( -1.000000000000000000, 0.000000000000000000, 0.000000000000000000 ) ) ;
#2020 = VERTEX_POINT ( 'NONE', #1569 ) ;
#2021 = ORIENTED_EDGE ( 'NONE', *, *, #322, .T. ) ;
#2022 = CIRCLE ( 'NONE', #2498, 3.000000000000002665 ) ;
#2023 = CARTESIAN_POINT ( 'NONE',  ( -19.50000000000000355, -59.50000000000001421, -26.00000000000004263 ) ) ;
#2024 = FACE_OUTER_BOUND ( 'NONE', #653, .T. ) ;
#2025 = CARTESIAN_POINT ( 'NONE',  ( -14.23010461301275065, -34.74262693466516083, 7.216686780863338591 ) ) ;
#2026 = CARTESIAN_POINT ( 'NONE',  ( -55.98528137423859619, -62.50000000000000000, 25.51609221829269813 ) ) ;
#2027 = EDGE_CURVE ( 'NONE', #1535, #1517, #308, .T. ) ;
#2028 = AXIS2_PLACEMENT_3D ( 'NONE', #598, #2495, #614 ) ;
#2029 = AXIS2_PLACEMENT_3D ( 'NONE', #1208, #602, #1867 ) ;
#2030 = ORIENTED_EDGE ( 'NONE', *, *, #1368, .T. ) ;
#2031 = AXIS2_PLACEMENT_3D ( 'NONE', #660, #886, #199 ) ;
#2032 = TOROIDAL_SURFACE ( 'NONE', #19, 20.99999999999999645, 8.000000000000000000 ) ;
#2033 = DIRECTION ( 'NONE',  ( 1.354360293642049904E-32, 1.000000000000000000, -1.003808469612657108E-16 ) ) ;
#2034 = EDGE_CURVE ( 'NONE', #469, #2479, #435, .T. ) ;
#2035 = CARTESIAN_POINT ( 'NONE',  ( 12.99999999999999289, -58.00000000000000000, 5.000000000000000000 ) ) ;
#2036 = ORIENTED_EDGE ( 'NONE', *, *, #343, .F. ) ;
#2037 = CARTESIAN_POINT ( 'NONE',  ( -12.05381652078419386, -55.14656475177213224, 6.041797605060382104 ) ) ;
#2038 = CARTESIAN_POINT ( 'NONE',  ( 37.85530313790588508, -62.50000000000005684, -6.000000000000031974 ) ) ;
#2039 = CARTESIAN_POINT ( 'NONE',  ( 10.34733989960978562, -59.41750890138700214, 7.312141904308523621 ) ) ;
#2040 = CARTESIAN_POINT ( 'NONE',  ( 11.17967529671807547, -34.39333072594521923, 5.722672042361526934 ) ) ;
#2041 = DIRECTION ( 'NONE',  ( -1.000000000000000000, 0.000000000000000000, 0.000000000000000000 ) ) ;
#2042 = DIRECTION ( 'NONE',  ( -0.5839517053348524112, 0.5839517053348515230, 0.5639156068713087055 ) ) ;
#2043 = CARTESIAN_POINT ( 'NONE',  ( -16.00000000000000711, -32.00000000002040679, 7.990755995504984277 ) ) ;
#2044 = ORIENTED_EDGE ( 'NONE', *, *, #2315, .T. ) ;
#2045 = FACE_OUTER_BOUND ( 'NONE', #272, .T. ) ;
#2046 = DIRECTION ( 'NONE',  ( 1.000000000000000000, 0.000000000000000000, 0.000000000000000000 ) ) ;
#2047 = ADVANCED_FACE ( 'NONE', ( #1048 ), #2729, .F. ) ;
#2048 = ORIENTED_EDGE ( 'NONE', *, *, #130, .T. ) ;
#2049 = CARTESIAN_POINT ( 'NONE',  ( -13.46776563885106626, -29.02728217441074321, 8.000000000000000000 ) ) ;
#2050 = CARTESIAN_POINT ( 'NONE',  ( 30.50000000000001066, -62.50000000000000000, -26.00000000000003553 ) ) ;
#2051 = VERTEX_POINT ( 'NONE', #1642 ) ;
#2052 = DIRECTION ( 'NONE',  ( 1.000000000000000000, 0.000000000000000000, 0.000000000000000000 ) ) ;
#2053 = DIRECTION ( 'NONE',  ( -0.7071067811865465735, 0.7071067811865484609, 0.000000000000000000 ) ) ;
#2054 = CARTESIAN_POINT ( 'NONE',  ( -55.98528137423859619, -67.50000000000004263, 25.51609221829269813 ) ) ;
#2055 = ORIENTED_EDGE ( 'NONE', *, *, #1431, .F. ) ;
#2056 = DIRECTION ( 'NONE',  ( -0.000000000000000000, -0.000000000000000000, -1.000000000000000000 ) ) ;
#2057 = ORIENTED_EDGE ( 'NONE', *, *, #2681, .F. ) ;
#2058 = CARTESIAN_POINT ( 'NONE',  ( -10.10783261686831835, -31.17607869020331179, 7.002282553556726796 ) ) ;
#2059 = LINE ( 'NONE', #2674, #1330 ) ;
#2060 = ADVANCED_FACE ( 'NONE', ( #1474 ), #366, .T. ) ;
#2061 = ORIENTED_EDGE ( 'NONE', *, *, #1676, .F. ) ;
#2062 =( BOUNDED_CURVE ( )  B_SPLINE_CURVE ( 3, ( #1157, #2001, #1776, #1972 ),
 .UNSPECIFIED., .F., .F. ) 
 B_SPLINE_CURVE_WITH_KNOTS ( ( 4, 4 ),
 ( 4.712388980384689674, 6.283185307179586232 ),
 .UNSPECIFIED. ) 
 CURVE ( )  GEOMETRIC_REPRESENTATION_ITEM ( )  RATIONAL_B_SPLINE_CURVE ( ( 1.000000000000000000, 0.8047378541243649375, 0.8047378541243649375, 1.000000000000000000 ) ) 
 REPRESENTATION_ITEM ( '' )  );
#2063 = EDGE_CURVE ( 'NONE', #1295, #1696, #381, .T. ) ;
#2064 = ORIENTED_EDGE ( 'NONE', *, *, #294, .F. ) ;
#2065 = CARTESIAN_POINT ( 'NONE',  ( -10.00000000000000711, -31.99999999997533351, 6.546084143070757477 ) ) ;
#2066 = DIRECTION ( 'NONE',  ( 1.349221823327174429E-16, -1.967543734044216016E-16, -1.000000000000000000 ) ) ;
#2067 = ADVANCED_FACE ( 'NONE', ( #1420, #353, #2715 ), #1064, .T. ) ;
#2068 = AXIS2_PLACEMENT_3D ( 'NONE', #2281, #1212, #374 ) ;
#2069 = ORIENTED_EDGE ( 'NONE', *, *, #322, .F. ) ;
#2070 = CYLINDRICAL_SURFACE ( 'NONE', #1684, 2.000000000000001776 ) ;
#2071 = AXIS2_PLACEMENT_3D ( 'NONE', #862, #2, #2508 ) ;
#2072 = CARTESIAN_POINT ( 'NONE',  ( 0.000000000000000000, -45.00000000000000711, 0.000000000000000000 ) ) ;
#2073 = EDGE_LOOP ( 'NONE', ( #2330, #948, #1555, #2057 ) ) ;
#2074 = AXIS2_PLACEMENT_3D ( 'NONE', #1860, #118, #1247 ) ;
#2075 = AXIS2_PLACEMENT_3D ( 'NONE', #1160, #943, #917 ) ;
#2076 = FACE_OUTER_BOUND ( 'NONE', #1310, .T. ) ;
#2077 = CARTESIAN_POINT ( 'NONE',  ( -14.73139336523538212, -55.54240280177229749, 7.464650756453836244 ) ) ;
#2078 = FACE_OUTER_BOUND ( 'NONE', #1634, .T. ) ;
#2079 = VECTOR ( 'NONE', #802, 999.9999999999998863 ) ;
#2080 = VECTOR ( 'NONE', #1254, 1000.000000000000000 ) ;
#2081 = DIRECTION ( 'NONE',  ( -3.413144305457568632E-32, -1.000000000000000000, 1.967543734044216016E-16 ) ) ;
#2082 = ORIENTED_EDGE ( 'NONE', *, *, #263, .T. ) ;
#2083 = ORIENTED_EDGE ( 'NONE', *, *, #1274, .F. ) ;
#2084 = ORIENTED_EDGE ( 'NONE', *, *, #1785, .T. ) ;
#2085 = DIRECTION ( 'NONE',  ( 1.000000000000000000, 0.000000000000000000, -2.201794655477302193E-16 ) ) ;
#2086 = DIRECTION ( 'NONE',  ( -0.7071067811865479058, 0.7071067811865472397, -2.345307417223289400E-16 ) ) ;
#2087 = CARTESIAN_POINT ( 'NONE',  ( -38.98528137423858908, -67.50000000000005684, -18.00000000000003908 ) ) ;
#2088 = DIRECTION ( 'NONE',  ( -1.349221823327174429E-16, 1.967543734044216016E-16, 1.000000000000000000 ) ) ;
#2089 = VERTEX_POINT ( 'NONE', #2273 ) ;
#2090 = DIRECTION ( 'NONE',  ( 0.000000000000000000, 0.000000000000000000, 1.000000000000000000 ) ) ;
#2091 = ORIENTED_EDGE ( 'NONE', *, *, #762, .T. ) ;
#2092 = FACE_OUTER_BOUND ( 'NONE', #1874, .T. ) ;
#2093 = ORIENTED_EDGE ( 'NONE', *, *, #1750, .T. ) ;
#2094 = ORIENTED_EDGE ( 'NONE', *, *, #1431, .T. ) ;
#2095 = CARTESIAN_POINT ( 'NONE',  ( 15.91775920689705082, -31.30237459151244295, 8.000000000000000000 ) ) ;
#2096 = LINE ( 'NONE', #1887, #2584 ) ;
#2097 = LINE ( 'NONE', #179, #619 ) ;
#2098 = ADVANCED_FACE ( 'NONE', ( #1659 ), #1216, .F. ) ;
#2099 = ORIENTED_EDGE ( 'NONE', *, *, #803, .F. ) ;
#2100 = CARTESIAN_POINT ( 'NONE',  ( 35.50000000000005684, -67.50000000000005684, -3.725510198456530198 ) ) ;
#2101 = DIRECTION ( 'NONE',  ( -0.000000000000000000, 0.000000000000000000, -1.000000000000000000 ) ) ;
#2102 = EDGE_CURVE ( 'NONE', #555, #44, #1686, .T. ) ;
#2103 = ORIENTED_EDGE ( 'NONE', *, *, #816, .F. ) ;
#2104 = DIRECTION ( 'NONE',  ( -0.5839517053348523001, -0.5839517053348510789, -0.5639156068713092607 ) ) ;
#2105 = APPLICATION_PROTOCOL_DEFINITION ( 'draft international standard', 'automotive_design', 1998, #1388 ) ;
#2106 = CARTESIAN_POINT ( 'NONE',  ( 35.98528137423861040, -59.50000000000004974, -23.00000000000003908 ) ) ;
#2107 = CARTESIAN_POINT ( 'NONE',  ( 38.98528137423861750, -67.50000000000005684, -16.00000000000003908 ) ) ;
#2108 = CARTESIAN_POINT ( 'NONE',  ( 15.97764508872376332, -57.57934999324157843, 7.973906519458220821 ) ) ;
#2109 = EDGE_LOOP ( 'NONE', ( #160, #2531, #1647, #1722 ) ) ;
#2110 = CARTESIAN_POINT ( 'NONE',  ( 0.000000000000000000, -22.50000000000000355, 8.000000000000000000 ) ) ;
#2111 = B_SPLINE_CURVE_WITH_KNOTS ( 'NONE', 3,
 ( #954, #992, #1004, #2669, #1850, #1221 ),
 .UNSPECIFIED., .F., .F.,
 ( 4, 2, 4 ),
 ( 0.007480421682748438633, 0.007830369604728848812, 0.008180317526709258991 ),
 .UNSPECIFIED. ) ;
#2112 = DIRECTION ( 'NONE',  ( 3.413144305457568632E-32, 1.000000000000000000, -1.967543734044216016E-16 ) ) ;
#2113 = VERTEX_POINT ( 'NONE', #1336 ) ;
#2114 = LINE ( 'NONE', #1070, #2630 ) ;
#2115 = LINE ( 'NONE', #1053, #478 ) ;
#2116 = LINE ( 'NONE', #1508, #933 ) ;
#2117 = EDGE_LOOP ( 'NONE', ( #2600, #645, #2402, #1389 ) ) ;
#2118 = CARTESIAN_POINT ( 'NONE',  ( 50.98528137423861750, -67.50000000000005684, -14.00000000000003730 ) ) ;
#2119 = ADVANCED_FACE ( 'NONE', ( #1076 ), #2565, .T. ) ;
#2120 = AXIS2_PLACEMENT_3D ( 'NONE', #631, #1876, #2716 ) ;
#2121 = AXIS2_PLACEMENT_3D ( 'NONE', #1961, #2162, #2574 ) ;
#2122 = CARTESIAN_POINT ( 'NONE',  ( 15.18017070030533411, -55.92974316300816184, 7.666680784866142240 ) ) ;
#2123 = CIRCLE ( 'NONE', #792, 1.600000000000000755 ) ;
#2124 = ORIENTED_EDGE ( 'NONE', *, *, #1339, .T. ) ;
#2125 = LINE ( 'NONE', #237, #843 ) ;
#2126 = CARTESIAN_POINT ( 'NONE',  ( -19.50000000000001066, -25.50000000000000355, 0.000000000000000000 ) ) ;
#2127 = AXIS2_PLACEMENT_3D ( 'NONE', #2700, #1391, #2052 ) ;
#2128 = AXIS2_PLACEMENT_3D ( 'NONE', #2518, #2131, #216 ) ;
#2129 = VECTOR ( 'NONE', #1161, 1000.000000000000000 ) ;
#2130 = DIRECTION ( 'NONE',  ( 0.000000000000000000, -1.967543734044216016E-16, -1.000000000000000000 ) ) ;
#2131 = DIRECTION ( 'NONE',  ( 0.000000000000000000, 0.000000000000000000, 1.000000000000000000 ) ) ;
#2132 = VERTEX_POINT ( 'NONE', #1970 ) ;
#2133 = PLANE ( 'NONE',  #2680 ) ;
#2134 = B_SPLINE_CURVE_WITH_KNOTS ( 'NONE', 3,
 ( #1627, #1419, #1020, #1446, #1863, #2698, #2287, #1670, #2494, #1614, #2448, #2259, #380, #825 ),
 .UNSPECIFIED., .F., .F.,
 ( 4, 2, 2, 2, 2, 2, 4 ),
 ( 0.000000000000000000, 0.005796722482252260507, 0.008695083723378389459, 0.01159344496450451928, 0.01449180620563064910, 0.01739016744675677892, 0.02318688992900903856 ),
 .UNSPECIFIED. ) ;
#2135 = ORIENTED_EDGE ( 'NONE', *, *, #1510, .F. ) ;
#2136 = CARTESIAN_POINT ( 'NONE',  ( -10.00000000000000711, -57.99999999999993605, 6.546084143056976501 ) ) ;
#2137 = LINE ( 'NONE', #2106, #1857 ) ;
#2138 = CARTESIAN_POINT ( 'NONE',  ( 14.40549265244290567, -55.34259582100506236, 7.305840404656149367 ) ) ;
#2139 = EDGE_CURVE ( 'NONE', #236, #302, #1777, .T. ) ;
#2140 = ORIENTED_EDGE ( 'NONE', *, *, #1976, .F. ) ;
#2141 = DIRECTION ( 'NONE',  ( 0.7071067811865464625, -0.7071067811865486830, 0.000000000000000000 ) ) ;
#2142 = DIRECTION ( 'NONE',  ( -0.000000000000000000, -0.000000000000000000, 1.000000000000000000 ) ) ;
#2143 = VERTEX_POINT ( 'NONE', #2697 ) ;
#2144 = CARTESIAN_POINT ( 'NONE',  ( 13.46600074137171354, -29.02686019396693951, 8.000000000000255795 ) ) ;
#2145 = VERTEX_POINT ( 'NONE', #2666 ) ;
#2146 = LINE ( 'NONE', #2321, #1321 ) ;
#2147 = DIRECTION ( 'NONE',  ( 1.000000000000000000, 0.000000000000000000, 0.000000000000000000 ) ) ;
#2148 = VERTEX_POINT ( 'NONE', #777 ) ;
#2149 = DIRECTION ( 'NONE',  ( 1.000000000000000000, 0.000000000000000000, 0.000000000000000000 ) ) ;
#2150 = EDGE_CURVE ( 'NONE', #2359, #1840, #541, .T. ) ;
#2151 = CARTESIAN_POINT ( 'NONE',  ( -19.50000000000000355, -59.50000000000001421, 0.000000000000000000 ) ) ;
#2152 = EDGE_LOOP ( 'NONE', ( #1424, #1683, #1301, #283, #119 ) ) ;
#2153 = CARTESIAN_POINT ( 'NONE',  ( -35.98528137423858908, -62.50000000000000000, 25.51609221829270169 ) ) ;
#2154 = DIRECTION ( 'NONE',  ( 1.349221823327174429E-16, -1.967543734044215769E-16, -1.000000000000000000 ) ) ;
#2155 = DIRECTION ( 'NONE',  ( 0.7071067811865486830, 0.7071067811865464625, 0.000000000000000000 ) ) ;
#2156 = EDGE_LOOP ( 'NONE', ( #525, #635, #224, #1203 ) ) ;
#2157 = DIRECTION ( 'NONE',  ( 1.000000000000000000, 0.000000000000000000, 0.000000000000000000 ) ) ;
#2158 = CARTESIAN_POINT ( 'NONE',  ( -38.98528137423858908, -62.50000000000000000, -16.00000000000003908 ) ) ;
#2159 = ORIENTED_EDGE ( 'NONE', *, *, #1557, .F. ) ;
#2160 = CIRCLE ( 'NONE', #611, 20.99999999999999645 ) ;
#2161 = AXIS2_PLACEMENT_3D ( 'NONE', #693, #1100, #482 ) ;
#2162 = DIRECTION ( 'NONE',  ( -3.413144305457568632E-32, -1.000000000000000000, 1.967543734044216016E-16 ) ) ;
#2163 = AXIS2_PLACEMENT_3D ( 'NONE', #2452, #2088, #2684 ) ;
#2164 = VECTOR ( 'NONE', #902, 1000.000000000000000 ) ;
#2165 = AXIS2_PLACEMENT_3D ( 'NONE', #2699, #1447, #2288 ) ;
#2166 = AXIS2_PLACEMENT_3D ( 'NONE', #2513, #192, #1277 ) ;
#2167 = CARTESIAN_POINT ( 'NONE',  ( 10.72316764210254014, -59.96603093383835414, 7.573224487841746289 ) ) ;
#2168 = UNCERTAINTY_MEASURE_WITH_UNIT (LENGTH_MEASURE( 1.000000000000000082E-05 ), #1408, 'distance_accuracy_value', 'NONE');
#2169 = VECTOR ( 'NONE', #1156, 1000.000000000000000 ) ;
#2170 = EDGE_LOOP ( 'NONE', ( #1135, #1123, #1014, #754 ) ) ;
#2171 = CARTESIAN_POINT ( 'NONE',  ( 0.000000000000000000, -45.00000000000000711, 8.000000000000000000 ) ) ;
#2172 = DIRECTION ( 'NONE',  ( 1.349221823327174675E-16, -1.967543734044216262E-16, -1.000000000000000000 ) ) ;
#2173 = CARTESIAN_POINT ( 'NONE',  ( -13.69762540848754817, -60.91775920689707391, 8.000000000000000000 ) ) ;
#2174 = EDGE_LOOP ( 'NONE', ( #676, #144, #1651, #1471 ) ) ;
#2175 = CARTESIAN_POINT ( 'NONE',  ( -37.85530313790587797, -67.50000000000005684, -6.000000000000047962 ) ) ;
#2176 = ORIENTED_EDGE ( 'NONE', *, *, #2365, .T. ) ;
#2177 = DIRECTION ( 'NONE',  ( 0.7071067811865475727, -0.7071067811865475727, 0.000000000000000000 ) ) ;
#2178 = FACE_BOUND ( 'NONE', #1505, .T. ) ;
#2179 = ORIENTED_EDGE ( 'NONE', *, *, #1122, .F. ) ;
#2180 = PRODUCT_CONTEXT ( 'NONE', #1249, 'mechanical' ) ;
#2181 = CARTESIAN_POINT ( 'NONE',  ( 35.98528137423860329, -62.50000000000004263, 25.51609221829270879 ) ) ;
#2182 = CARTESIAN_POINT ( 'NONE',  ( -27.50000000000000711, -38.25735931288072322, -26.00000000000004619 ) ) ;
#2183 = EDGE_CURVE ( 'NONE', #2621, #109, #2220, .T. ) ;
#2184 = EDGE_CURVE ( 'NONE', #555, #819, #18, .T. ) ;
#2185 = DIRECTION ( 'NONE',  ( -1.249000902703300861E-16, 1.000000000000000000, -1.003808469612657354E-16 ) ) ;
#2186 = ORIENTED_EDGE ( 'NONE', *, *, #2728, .T. ) ;
#2187 = EDGE_CURVE ( 'NONE', #315, #2616, #2550, .T. ) ;
#2188 = CARTESIAN_POINT ( 'NONE',  ( 30.50000000000000000, -62.50000000000001421, -20.00000000000003908 ) ) ;
#2189 = ORIENTED_EDGE ( 'NONE', *, *, #2426, .T. ) ;
#2190 = LINE ( 'NONE', #922, #254 ) ;
#2191 = CARTESIAN_POINT ( 'NONE',  ( 50.98528137423861750, -67.50000000000005684, -16.00000000000003908 ) ) ;
#2192 = EDGE_CURVE ( 'NONE', #247, #530, #1588, .T. ) ;
#2193 = ORIENTED_EDGE ( 'NONE', *, *, #499, .T. ) ;
#2194 = CARTESIAN_POINT ( 'NONE',  ( 0.000000000000000000, -45.00000000000000711, 8.000000000000000000 ) ) ;
#2195 = DIRECTION ( 'NONE',  ( 1.349221823327174429E-16, -1.003808469612657231E-16, -1.000000000000000000 ) ) ;
#2196 = ORIENTED_EDGE ( 'NONE', *, *, #306, .F. ) ;
#2197 = DIRECTION ( 'NONE',  ( 0.000000000000000000, 0.000000000000000000, 1.000000000000000000 ) ) ;
#2198 = LINE ( 'NONE', #56, #1016 ) ;
#2199 = ORIENTED_EDGE ( 'NONE', *, *, #1646, .T. ) ;
#2200 = ADVANCED_FACE ( 'NONE', ( #2024 ), #766, .T. ) ;
#2201 = CARTESIAN_POINT ( 'NONE',  ( -20.99999999999999645, -45.00000000000000711, 0.000000000000000000 ) ) ;
#2202 = DIRECTION ( 'NONE',  ( 1.349221823327174675E-16, -1.967543734044216262E-16, -1.000000000000000000 ) ) ;
#2203 = AXIS2_PLACEMENT_3D ( 'NONE', #594, #821, #1455 ) ;
#2204 = AXIS2_PLACEMENT_3D ( 'NONE', #1146, #301, #726 ) ;
#2205 = CIRCLE ( 'NONE', #2075, 2.000000000000001776 ) ;
#2206 = VERTEX_POINT ( 'NONE', #2126 ) ;
#2207 = DIRECTION ( 'NONE',  ( 0.000000000000000000, 0.000000000000000000, 1.000000000000000000 ) ) ;
#2208 = CIRCLE ( 'NONE', #2128, 20.99999999999999645 ) ;
#2209 = CARTESIAN_POINT ( 'NONE',  ( 50.98528137423861750, -62.50000000000000000, -16.00000000000003908 ) ) ;
#2210 = ORIENTED_EDGE ( 'NONE', *, *, #496, .T. ) ;
#2211 = DIRECTION ( 'NONE',  ( 0.000000000000000000, 0.000000000000000000, 1.000000000000000000 ) ) ;
#2212 = ORIENTED_EDGE ( 'NONE', *, *, #2486, .T. ) ;
#2213 = DIRECTION ( 'NONE',  ( 0.7193398003386551887, -1.366770724097957955E-16, -0.6946583704589930353 ) ) ;
#2214 = LINE ( 'NONE', #2647, #1582 ) ;
#2215 = ADVANCED_FACE ( 'NONE', ( #1515, #2178, #1711 ), #1241, .T. ) ;
#2216 = EDGE_CURVE ( 'NONE', #173, #1162, #1005, .T. ) ;
#2217 = EDGE_CURVE ( 'NONE', #176, #1840, #546, .T. ) ;
#2218 = ORIENTED_EDGE ( 'NONE', *, *, #2756, .T. ) ;
#2219 = CYLINDRICAL_SURFACE ( 'NONE', #1635, 3.000000000000000888 ) ;
#2220 = LINE ( 'NONE', #1181, #1813 ) ;
#2221 = DIRECTION ( 'NONE',  ( 1.000000000000000000, 1.875376730785737226E-16, -0.000000000000000000 ) ) ;
#2222 = CARTESIAN_POINT ( 'NONE',  ( -19.50000000000000711, -45.00000000000000711, -16.00000000000004974 ) ) ;
#2223 = ORIENTED_EDGE ( 'NONE', *, *, #2403, .T. ) ;
#2224 = FACE_OUTER_BOUND ( 'NONE', #2511, .T. ) ;
#2225 = ORIENTED_EDGE ( 'NONE', *, *, #1676, .T. ) ;
#2226 = LINE ( 'NONE', #1579, #15 ) ;
#2227 = CARTESIAN_POINT ( 'NONE',  ( 12.75643512916916755, -60.99950436510682295, 7.983275227762044679 ) ) ;
#2228 = ORIENTED_EDGE ( 'NONE', *, *, #110, .T. ) ;
#2229 = EDGE_CURVE ( 'NONE', #1206, #196, #2255, .T. ) ;
#2230 = ORIENTED_EDGE ( 'NONE', *, *, #172, .F. ) ;
#2231 = DIRECTION ( 'NONE',  ( 1.000000000000000000, 0.000000000000000000, 0.000000000000000000 ) ) ;
#2232 = DIRECTION ( 'NONE',  ( 0.000000000000000000, 0.000000000000000000, 1.000000000000000000 ) ) ;
#2233 = CARTESIAN_POINT ( 'NONE',  ( 22.50000000000001066, -59.50000000000001421, -26.00000000000003553 ) ) ;
#2234 = ORIENTED_EDGE ( 'NONE', *, *, #2492, .T. ) ;
#2235 = EDGE_CURVE ( 'NONE', #2696, #469, #2277, .T. ) ;
#2236 = CARTESIAN_POINT ( 'NONE',  ( 38.98528137423861750, -67.50000000000005684, -18.00000000000003908 ) ) ;
#2237 = DIRECTION ( 'NONE',  ( 1.349221823327174429E-16, -1.967543734044215769E-16, -1.000000000000000000 ) ) ;
#2238 = CARTESIAN_POINT ( 'NONE',  ( 30.50000000000000355, -45.00000000000002132, -23.00000000000004263 ) ) ;
#2239 = ORIENTED_EDGE ( 'NONE', *, *, #774, .F. ) ;
#2240 = CARTESIAN_POINT ( 'NONE',  ( -15.82626924853200023, -56.97288259304797720, 7.918248935844310665 ) ) ;
#2241 = DIRECTION ( 'NONE',  ( -0.7193398003386551887, 1.366770724097957462E-16, 0.6946583704589930353 ) ) ;
#2242 = CARTESIAN_POINT ( 'NONE',  ( 12.06053175995377735, -60.85879972110771519, 7.929366017037498438 ) ) ;
#2243 = VERTEX_POINT ( 'NONE', #1868 ) ;
#2244 = VERTEX_POINT ( 'NONE', #1663 ) ;
#2245 = LINE ( 'NONE', #1603, #333 ) ;
#2246 = CIRCLE ( 'NONE', #2121, 2.000000000000001776 ) ;
#2247 = CARTESIAN_POINT ( 'NONE',  ( -15.97755271753992545, -32.42134685651889470, 7.973866508433010480 ) ) ;
#2248 = CARTESIAN_POINT ( 'NONE',  ( 55.98528137423861750, -62.50000000000005684, -26.00000000000003197 ) ) ;
#2249 =( GEOMETRIC_REPRESENTATION_CONTEXT ( 3 ) GLOBAL_UNCERTAINTY_ASSIGNED_CONTEXT ( ( #1304 ) ) GLOBAL_UNIT_ASSIGNED_CONTEXT ( ( #361, #2725, #1653 ) ) REPRESENTATION_CONTEXT ( 'NONE', 'WORKASPACE' ) );
#2250 = VECTOR ( 'NONE', #2213, 1000.000000000000000 ) ;
#2251 = ORIENTED_EDGE ( 'NONE', *, *, #1234, .F. ) ;
#2252 = AXIS2_PLACEMENT_3D ( 'NONE', #667, #2549, #2147 ) ;
#2253 = AXIS2_PLACEMENT_3D ( 'NONE', #1964, #2207, #1531 ) ;
#2254 = CARTESIAN_POINT ( 'NONE',  ( -11.40000000000000568, -58.00000000000000000, 5.000000000000000000 ) ) ;
#2255 = LINE ( 'NONE', #1619, #565 ) ;
#2256 = ORIENTED_EDGE ( 'NONE', *, *, #275, .T. ) ;
#2257 = DIRECTION ( 'NONE',  ( 0.000000000000000000, 0.000000000000000000, -1.000000000000000000 ) ) ;
#2258 = CARTESIAN_POINT ( 'NONE',  ( 14.74448398947919969, -34.47276987134969062, 7.473920605080102142 ) ) ;
#2259 = CARTESIAN_POINT ( 'NONE',  ( 7.715598108667967914, -62.50000000000000000, 7.781827689344526178 ) ) ;
#2260 = DIRECTION ( 'NONE',  ( 0.000000000000000000, 0.000000000000000000, -1.000000000000000000 ) ) ;
#2261 = FACE_OUTER_BOUND ( 'NONE', #1211, .T. ) ;
#2262 = ORIENTED_EDGE ( 'NONE', *, *, #1151, .T. ) ;
#2263 = ADVANCED_FACE ( 'NONE', ( #978, #2472 ), #573, .T. ) ;
#2264 = CARTESIAN_POINT ( 'NONE',  ( 15.99999999999999289, -57.99999999998321698, 7.990755995505091747 ) ) ;
#2265 = ORIENTED_EDGE ( 'NONE', *, *, #1754, .T. ) ;
#2266 = CARTESIAN_POINT ( 'NONE',  ( -13.00000000000000711, -58.00000000000000000, 5.000000000000000000 ) ) ;
#2267 = CARTESIAN_POINT ( 'NONE',  ( -11.26050018386290219, -55.55366222636921236, 5.745129727303019962 ) ) ;
#2268 = ADVANCED_FACE ( 'NONE', ( #2045 ), #1838, .T. ) ;
#2269 = CYLINDRICAL_SURFACE ( 'NONE', #2068, 1.600000000000000755 ) ;
#2270 = EDGE_LOOP ( 'NONE', ( #2055, #1417, #1693, #242, #2239, #2394, #597, #1259, #828, #81, #2520, #106, #1491, #459, #776, #2008 ) ) ;
#2271 = EDGE_CURVE ( 'NONE', #371, #539, #2559, .T. ) ;
#2272 = ORIENTED_EDGE ( 'NONE', *, *, #2217, .T. ) ;
#2273 = CARTESIAN_POINT ( 'NONE',  ( -11.40000000000000568, -58.00000000000000000, 0.000000000000000000 ) ) ;
#2274 = CARTESIAN_POINT ( 'NONE',  ( -11.17829041465362216, -34.39244112151853727, 5.722273255723997920 ) ) ;
#2275 = DIRECTION ( 'NONE',  ( 1.000000000000000000, -4.336808689942012189E-17, 1.349221823327174429E-16 ) ) ;
#2276 = ORIENTED_EDGE ( 'NONE', *, *, #1025, .T. ) ;
#2277 = LINE ( 'NONE', #1851, #1067 ) ;
#2278 = CARTESIAN_POINT ( 'NONE',  ( -13.00000000000000711, -58.00000000000000000, 5.000000000000000000 ) ) ;
#2279 = ORIENTED_EDGE ( 'NONE', *, *, #184, .T. ) ;
#2280 = CARTESIAN_POINT ( 'NONE',  ( -27.50000000000000711, -62.50000000000000000, 8.000000000000000000 ) ) ;
#2281 = CARTESIAN_POINT ( 'NONE',  ( -13.00000000000000711, -32.00000000000000711, 10.10628645568517214 ) ) ;
#2282 = CARTESIAN_POINT ( 'NONE',  ( 38.98528137423861750, -67.50000000000005684, -14.00000000000003730 ) ) ;
#2283 = ORIENTED_EDGE ( 'NONE', *, *, #2514, .F. ) ;
#2284 = ORIENTED_EDGE ( 'NONE', *, *, #2366, .F. ) ;
#2285 = CARTESIAN_POINT ( 'NONE',  ( 13.15439751597954832, -35.00158285504380018, 6.631977942465844045 ) ) ;
#2286 = EDGE_CURVE ( 'NONE', #2633, #1079, #971, .T. ) ;
#2287 = CARTESIAN_POINT ( 'NONE',  ( -1.002719433606884536, -62.50000000000000000, 7.194733585819320432 ) ) ;
#2288 = DIRECTION ( 'NONE',  ( 0.000000000000000000, 0.000000000000000000, -1.000000000000000000 ) ) ;
#2289 = CARTESIAN_POINT ( 'NONE',  ( -15.91775920689707213, -31.30237459151246426, 8.000000000000000000 ) ) ;
#2290 = DIRECTION ( 'NONE',  ( -1.000000000000000000, 0.000000000000000000, 0.000000000000000000 ) ) ;
#2291 = AXIS2_PLACEMENT_3D ( 'NONE', #1393, #1422, #2470 ) ;
#2292 = ORIENTED_EDGE ( 'NONE', *, *, #1058, .F. ) ;
#2293 = CIRCLE ( 'NONE', #2163, 8.000000000000000000 ) ;
#2294 = AXIS2_PLACEMENT_3D ( 'NONE', #2534, #1297, #1922 ) ;
#2295 = CARTESIAN_POINT ( 'NONE',  ( 28.74264068711927678, -53.49999999999999289, -23.00000000000003908 ) ) ;
#2296 = ORIENTED_EDGE ( 'NONE', *, *, #2034, .F. ) ;
#2297 = VECTOR ( 'NONE', #2101, 1000.000000000000000 ) ;
#2298 = AXIS2_PLACEMENT_3D ( 'NONE', #569, #1848, #2290 ) ;
#2299 = CARTESIAN_POINT ( 'NONE',  ( 12.99999999999999289, -58.00000000000000000, 8.000000000000000000 ) ) ;
#2300 = AXIS2_PLACEMENT_3D ( 'NONE', #2367, #683, #2566 ) ;
#2301 = ORIENTED_EDGE ( 'NONE', *, *, #1952, .F. ) ;
#2302 = LINE ( 'NONE', #401, #928 ) ;
#2303 = FACE_OUTER_BOUND ( 'NONE', #1153, .T. ) ;
#2304 = ORIENTED_EDGE ( 'NONE', *, *, #2704, .F. ) ;
#2305 = DIRECTION ( 'NONE',  ( 0.000000000000000000, 0.000000000000000000, 1.000000000000000000 ) ) ;
#2306 = ORIENTED_EDGE ( 'NONE', *, *, #803, .T. ) ;
#2307 = FACE_OUTER_BOUND ( 'NONE', #2563, .T. ) ;
#2308 = CARTESIAN_POINT ( 'NONE',  ( -22.50000000000000355, -59.50000000000001421, -26.00000000000004263 ) ) ;
#2309 = ORIENTED_EDGE ( 'NONE', *, *, #2540, .T. ) ;
#2310 = VERTEX_POINT ( 'NONE', #220 ) ;
#2311 = EDGE_CURVE ( 'NONE', #76, #2351, #2116, .T. ) ;
#2312 = LINE ( 'NONE', #1699, #2449 ) ;
#2313 = CARTESIAN_POINT ( 'NONE',  ( 15.97764081738176856, -32.42043034487939224, 7.973909344760801154 ) ) ;
#2314 = EDGE_CURVE ( 'NONE', #1272, #2323, #674, .T. ) ;
#2315 = EDGE_CURVE ( 'NONE', #2113, #1840, #1298, .T. ) ;
#2316 = ORIENTED_EDGE ( 'NONE', *, *, #28, .T. ) ;
#2317 = FACE_OUTER_BOUND ( 'NONE', #1558, .T. ) ;
#2318 = VERTEX_POINT ( 'NONE', #1094 ) ;
#2319 = CARTESIAN_POINT ( 'NONE',  ( -13.46477364128435106, -60.97343320111433940, 8.000000000000005329 ) ) ;
#2320 = DIRECTION ( 'NONE',  ( -0.000000000000000000, 0.000000000000000000, 1.000000000000000000 ) ) ;
#2321 = CARTESIAN_POINT ( 'NONE',  ( 30.50000000000000711, -62.50000000000000000, 10.10628645568518991 ) ) ;
#2322 = DIRECTION ( 'NONE',  ( -3.413144305457568632E-32, -1.000000000000000000, 1.967543734044216016E-16 ) ) ;
#2323 = VERTEX_POINT ( 'NONE', #1735 ) ;
#2324 = CARTESIAN_POINT ( 'NONE',  ( -87.19707759714370354, -22.49999999999999645, -26.00000000000006040 ) ) ;
#2325 = ORIENTED_EDGE ( 'NONE', *, *, #445, .F. ) ;
#2326 = CARTESIAN_POINT ( 'NONE',  ( 27.50000000000000000, -62.50000000000000000, 8.000000000000000000 ) ) ;
#2327 = PLANE ( 'NONE',  #2503 ) ;
#2328 = EDGE_CURVE ( 'NONE', #2143, #350, #1364, .T. ) ;
#2329 = EDGE_CURVE ( 'NONE', #302, #236, #1729, .T. ) ;
#2330 = ORIENTED_EDGE ( 'NONE', *, *, #1202, .F. ) ;
#2331 = VECTOR ( 'NONE', #2733, 1000.000000000000000 ) ;
#2332 = VECTOR ( 'NONE', #165, 1000.000000000000000 ) ;
#2333 = PLANE ( 'NONE',  #154 ) ;
#2334 = CARTESIAN_POINT ( 'NONE',  ( -16.00000000000000711, -32.00000000002040679, 7.990755995504984277 ) ) ;
#2335 = EDGE_CURVE ( 'NONE', #398, #1444, #847, .T. ) ;
#2336 = DIRECTION ( 'NONE',  ( -1.000000000000000000, 0.000000000000000000, -0.000000000000000000 ) ) ;
#2337 = CIRCLE ( 'NONE', #1143, 2.000000000000001776 ) ;
#2338 = AXIS2_PLACEMENT_3D ( 'NONE', #1926, #906, #689 ) ;
#2339 = VERTEX_POINT ( 'NONE', #1309 ) ;
#2340 = VECTOR ( 'NONE', #447, 1000.000000000000000 ) ;
#2341 = AXIS2_PLACEMENT_3D ( 'NONE', #2278, #2056, #2046 ) ;
#2342 = DIRECTION ( 'NONE',  ( 0.000000000000000000, 0.000000000000000000, 1.000000000000000000 ) ) ;
#2343 = DIRECTION ( 'NONE',  ( 0.000000000000000000, -0.000000000000000000, -1.000000000000000000 ) ) ;
#2344 = ORIENTED_EDGE ( 'NONE', *, *, #2192, .F. ) ;
#2345 = DIRECTION ( 'NONE',  ( -0.000000000000000000, 0.000000000000000000, -1.000000000000000000 ) ) ;
#2346 =( BOUNDED_CURVE ( )  B_SPLINE_CURVE ( 3, ( #952, #2595, #91, #2580 ),
 .UNSPECIFIED., .F., .T. ) 
 B_SPLINE_CURVE_WITH_KNOTS ( ( 4, 4 ),
 ( 3.113807863336590437E-16, 1.570796326794896780 ),
 .UNSPECIFIED. ) 
 CURVE ( )  GEOMETRIC_REPRESENTATION_ITEM ( )  RATIONAL_B_SPLINE_CURVE ( ( 1.000000000000000000, 0.8047378541243649375, 0.8047378541243649375, 1.000000000000000000 ) ) 
 REPRESENTATION_ITEM ( '' )  );
#2347 = ORIENTED_EDGE ( 'NONE', *, *, #793, .F. ) ;
#2348 = EDGE_CURVE ( 'NONE', #2020, #1786, #406, .T. ) ;
#2349 = CARTESIAN_POINT ( 'NONE',  ( 30.50000000000000711, -62.50000000000000000, 10.10628645568518991 ) ) ;
#2350 = CARTESIAN_POINT ( 'NONE',  ( 13.70350156309589629, -55.07787431787208732, 6.936675396032305763 ) ) ;
#2351 = VERTEX_POINT ( 'NONE', #1140 ) ;
#2352 = ADVANCED_FACE ( 'NONE', ( #299 ), #79, .F. ) ;
#2353 = FACE_BOUND ( 'NONE', #1596, .T. ) ;
#2354 = DIRECTION ( 'NONE',  ( 0.000000000000000000, 0.000000000000000000, 1.000000000000000000 ) ) ;
#2355 = ORIENTED_EDGE ( 'NONE', *, *, #679, .F. ) ;
#2356 = CARTESIAN_POINT ( 'NONE',  ( 10.72205334629869000, -30.03542472897241922, 7.572549364039796949 ) ) ;
#2357 = DIRECTION ( 'NONE',  ( 0.000000000000000000, 0.000000000000000000, 1.000000000000000000 ) ) ;
#2358 = FACE_OUTER_BOUND ( 'NONE', #945, .T. ) ;
#2359 = VERTEX_POINT ( 'NONE', #700 ) ;
#2360 = DIRECTION ( 'NONE',  ( 0.000000000000000000, 0.000000000000000000, 1.000000000000000000 ) ) ;
#2361 = CARTESIAN_POINT ( 'NONE',  ( -27.50000000000000711, -62.50000000000000000, 8.000000000000000000 ) ) ;
#2362 = VERTEX_POINT ( 'NONE', #1987 ) ;
#2363 = CARTESIAN_POINT ( 'NONE',  ( -27.50000000000000711, -25.50000000000000355, -26.00000000000004263 ) ) ;
#2364 = CARTESIAN_POINT ( 'NONE',  ( 12.99999999999999289, -58.00000000000000000, 0.000000000000000000 ) ) ;
#2365 = EDGE_CURVE ( 'NONE', #950, #371, #458, .T. ) ;
#2366 = EDGE_CURVE ( 'NONE', #1903, #1812, #2416, .T. ) ;
#2367 = CARTESIAN_POINT ( 'NONE',  ( 22.50000000000001066, -59.50000000000001421, 8.000000000000000000 ) ) ;
#2368 = ORIENTED_EDGE ( 'NONE', *, *, #93, .T. ) ;
#2369 = CARTESIAN_POINT ( 'NONE',  ( -19.50000000000000711, -45.00000000000000711, -19.00000000000004974 ) ) ;
#2370 = CARTESIAN_POINT ( 'NONE',  ( -35.98528137423858198, -62.50000000000000000, -4.194140974181630455 ) ) ;
#2371 = EDGE_LOOP ( 'NONE', ( #300, #1376 ) ) ;
#2372 = DIRECTION ( 'NONE',  ( 1.000000000000000000, 0.000000000000000000, 0.000000000000000000 ) ) ;
#2373 = VERTEX_POINT ( 'NONE', #687 ) ;
#2374 = AXIS2_PLACEMENT_3D ( 'NONE', #354, #2053, #1660 ) ;
#2375 = CIRCLE ( 'NONE', #1543, 1.600000000000000755 ) ;
#2376 = CARTESIAN_POINT ( 'NONE',  ( 11.39999999999999147, -32.00000000000000711, 0.000000000000000000 ) ) ;
#2377 = CIRCLE ( 'NONE', #657, 8.000000000000000000 ) ;
#2378 = CIRCLE ( 'NONE', #2294, 1.600000000000000755 ) ;
#2379 = EDGE_CURVE ( 'NONE', #2638, #2020, #529, .T. ) ;
#2380 = VECTOR ( 'NONE', #312, 999.9999999999998863 ) ;
#2381 = AXIS2_PLACEMENT_3D ( 'NONE', #2266, #506, #1559 ) ;
#2382 = ORIENTED_EDGE ( 'NONE', *, *, #150, .F. ) ;
#2383 = LINE ( 'NONE', #1348, #2169 ) ;
#2384 = CARTESIAN_POINT ( 'NONE',  ( 37.85530313790588508, -54.01471862576141802, -6.000000000000034639 ) ) ;
#2385 = DIRECTION ( 'NONE',  ( 1.000000000000000000, -7.584913611344741827E-33, 1.349221823327174429E-16 ) ) ;
#2386 = ORIENTED_EDGE ( 'NONE', *, *, #2622, .F. ) ;
#2387 = LINE ( 'NONE', #1592, #1503 ) ;
#2388 = ORIENTED_EDGE ( 'NONE', *, *, #2425, .T. ) ;
#2389 = CARTESIAN_POINT ( 'NONE',  ( -27.50000000000000711, -62.50000000000000000, 0.000000000000000000 ) ) ;
#2390 = VERTEX_POINT ( 'NONE', #2370 ) ;
#2391 = DIRECTION ( 'NONE',  ( 1.000000000000000000, 0.000000000000000000, 0.000000000000000000 ) ) ;
#2392 = LINE ( 'NONE', #411, #2631 ) ;
#2393 = ADVANCED_FACE ( 'NONE', ( #1326 ), #1973, .F. ) ;
#2394 = ORIENTED_EDGE ( 'NONE', *, *, #2183, .F. ) ;
#2395 = DIRECTION ( 'NONE',  ( 0.000000000000000000, 0.000000000000000000, 1.000000000000000000 ) ) ;
#2396 = ORIENTED_EDGE ( 'NONE', *, *, #757, .F. ) ;
#2397 = DIRECTION ( 'NONE',  ( 0.000000000000000000, 0.000000000000000000, -1.000000000000000000 ) ) ;
#2398 = EDGE_LOOP ( 'NONE', ( #1333, #852, #504, #376 ) ) ;
#2399 = CARTESIAN_POINT ( 'NONE',  ( -51.74264068711925546, -62.49999999999999289, -21.75735931288075520 ) ) ;
#2400 = FACE_OUTER_BOUND ( 'NONE', #1709, .T. ) ;
#2401 = CARTESIAN_POINT ( 'NONE',  ( 51.74264068711926967, -62.50000000000005684, -20.00000000000004263 ) ) ;
#2402 = ORIENTED_EDGE ( 'NONE', *, *, #1880, .T. ) ;
#2403 = EDGE_CURVE ( 'NONE', #1086, #1812, #2392, .T. ) ;
#2404 = CARTESIAN_POINT ( 'NONE',  ( -10.00000000000000711, -58.00000000000000000, 5.000000000000000000 ) ) ;
#2405 = DIRECTION ( 'NONE',  ( -0.7071067811865465735, 0.7071067811865484609, -0.000000000000000000 ) ) ;
#2406 = ORIENTED_EDGE ( 'NONE', *, *, #858, .F. ) ;
#2407 = DIRECTION ( 'NONE',  ( 2.201794655477298988E-16, -2.201794655477297262E-16, -1.000000000000000000 ) ) ;
#2408 = CARTESIAN_POINT ( 'NONE',  ( -11.40000000000000568, -32.00000000000000711, 0.000000000000000000 ) ) ;
#2409 = AXIS2_PLACEMENT_3D ( 'NONE', #383, #2517, #1731 ) ;
#2410 = ORIENTED_EDGE ( 'NONE', *, *, #2271, .F. ) ;
#2411 = CIRCLE ( 'NONE', #102, 2.000000000000001776 ) ;
#2412 = VECTOR ( 'NONE', #465, 1000.000000000000000 ) ;
#2413 = VECTOR ( 'NONE', #1858, 1000.000000000000000 ) ;
#2414 = ORIENTED_EDGE ( 'NONE', *, *, #267, .T. ) ;
#2415 = LINE ( 'NONE', #1338, #566 ) ;
#2416 = LINE ( 'NONE', #2569, #1110 ) ;
#2417 = CIRCLE ( 'NONE', #2341, 2.999999999999999112 ) ;
#2418 = CIRCLE ( 'NONE', #1369, 2.999999999999999112 ) ;
#2419 = ORIENTED_EDGE ( 'NONE', *, *, #93, .F. ) ;
#2420 = CYLINDRICAL_SURFACE ( 'NONE', #1593, 2.999999999999999112 ) ;
#2421 = ORIENTED_EDGE ( 'NONE', *, *, #2749, .T. ) ;
#2422 = CARTESIAN_POINT ( 'NONE',  ( -16.00000000000000711, -32.00000000002040679, 7.990755995504984277 ) ) ;
#2423 = LINE ( 'NONE', #1384, #2250 ) ;
#2424 = CARTESIAN_POINT ( 'NONE',  ( -50.98528137423859619, -67.50000000000005684, -16.00000000000003908 ) ) ;
#2425 = EDGE_CURVE ( 'NONE', #180, #368, #1499, .T. ) ;
#2426 = EDGE_CURVE ( 'NONE', #147, #2430, #794, .T. ) ;
#2427 = EDGE_CURVE ( 'NONE', #1797, #2013, #1983, .T. ) ;
#2428 = ORIENTED_EDGE ( 'NONE', *, *, #34, .T. ) ;
#2429 = CARTESIAN_POINT ( 'NONE',  ( -13.00000000000000711, -58.00000000000000000, 5.000000000000000000 ) ) ;
#2430 = VERTEX_POINT ( 'NONE', #2282 ) ;
#2431 = DIRECTION ( 'NONE',  ( 0.000000000000000000, 0.000000000000000000, 1.000000000000000000 ) ) ;
#2432 = ORIENTED_EDGE ( 'NONE', *, *, #1271, .T. ) ;
#2433 = DIRECTION ( 'NONE',  ( 1.000000000000000000, 0.000000000000000000, 0.000000000000000000 ) ) ;
#2434 = CARTESIAN_POINT ( 'NONE',  ( 22.50000000000001066, -62.50000000000000000, 0.000000000000000000 ) ) ;
#2435 = LINE ( 'NONE', #260, #246 ) ;
#2436 = ADVANCED_FACE ( 'NONE', ( #2675 ), #2490, .F. ) ;
#2437 = CYLINDRICAL_SURFACE ( 'NONE', #703, 1.600000000000000755 ) ;
#2438 = EDGE_CURVE ( 'NONE', #697, #2339, #1462, .T. ) ;
#2439 = CARTESIAN_POINT ( 'NONE',  ( -12.05883388618592100, -34.85511524295507968, 6.044201063124609696 ) ) ;
#2440 = CARTESIAN_POINT ( 'NONE',  ( -11.60818676624389489, -62.50000000000000000, 8.000000000000000000 ) ) ;
#2441 = ORIENTED_EDGE ( 'NONE', *, *, #725, .F. ) ;
#2442 = DIRECTION ( 'NONE',  ( -0.000000000000000000, -0.000000000000000000, -1.000000000000000000 ) ) ;
#2443 = ORIENTED_EDGE ( 'NONE', *, *, #2447, .F. ) ;
#2444 = CARTESIAN_POINT ( 'NONE',  ( -27.50000000000000711, -48.00000000000000711, -20.00000000000004974 ) ) ;
#2445 = ORIENTED_EDGE ( 'NONE', *, *, #1318, .F. ) ;
#2446 = CARTESIAN_POINT ( 'NONE',  ( 11.52041844076796018, -34.61771893042633508, 5.816658200672508272 ) ) ;
#2447 = EDGE_CURVE ( 'NONE', #1786, #2148, #851, .T. ) ;
#2448 = CARTESIAN_POINT ( 'NONE',  ( 4.807602611652747271, -62.50000000000001421, 7.472440256938161163 ) ) ;
#2449 = VECTOR ( 'NONE', #2530, 1000.000000000000000 ) ;
#2450 = CARTESIAN_POINT ( 'NONE',  ( -37.24264068711929099, -51.00000000000000711, -23.00000000000004974 ) ) ;
#2451 = CARTESIAN_POINT ( 'NONE',  ( -9.999999999998502531, -32.18288664476849448, 6.444246038935690812 ) ) ;
#2452 = CARTESIAN_POINT ( 'NONE',  ( 19.50000000000000711, -30.50000000000000355, -26.00000000000004263 ) ) ;
#2453 = CIRCLE ( 'NONE', #1981, 3.000000000000000888 ) ;
#2454 = VECTOR ( 'NONE', #33, 1000.000000000000000 ) ;
#2455 = VERTEX_POINT ( 'NONE', #1915 ) ;
#2456 = AXIS2_PLACEMENT_3D ( 'NONE', #2501, #2357, #2735 ) ;
#2457 = VECTOR ( 'NONE', #642, 1000.000000000000000 ) ;
#2458 = CARTESIAN_POINT ( 'NONE',  ( 27.50000000000000711, -38.25735931288071612, -23.00000000000004263 ) ) ;
#2459 = DIRECTION ( 'NONE',  ( 1.349221823327174675E-16, -1.967543734044216262E-16, -1.000000000000000000 ) ) ;
#2460 = VECTOR ( 'NONE', #2459, 1000.000000000000000 ) ;
#2461 = EDGE_CURVE ( 'NONE', #2738, #1483, #2505, .T. ) ;
#2462 = VERTEX_POINT ( 'NONE', #35 ) ;
#2463 = CARTESIAN_POINT ( 'NONE',  ( -19.50000000000000711, -42.00000000000000711, -19.00000000000004619 ) ) ;
#2464 =( NAMED_UNIT ( * ) SI_UNIT ( $, .STERADIAN. ) SOLID_ANGLE_UNIT ( ) );
#2465 = CARTESIAN_POINT ( 'NONE',  ( -37.24264068711928388, -48.00000000000001421, -24.75735931288076230 ) ) ;
#2466 = VERTEX_POINT ( 'NONE', #2754 ) ;
#2467 = ORIENTED_EDGE ( 'NONE', *, *, #483, .T. ) ;
#2468 = DIRECTION ( 'NONE',  ( 0.000000000000000000, -1.000000000000000000, 1.967543734044216262E-16 ) ) ;
#2469 = CARTESIAN_POINT ( 'NONE',  ( 27.50000000000000711, -25.49999999999999645, -26.00000000000004263 ) ) ;
#2470 = DIRECTION ( 'NONE',  ( 0.000000000000000000, 0.000000000000000000, -1.000000000000000000 ) ) ;
#2471 = ORIENTED_EDGE ( 'NONE', *, *, #1475, .F. ) ;
#2472 = FACE_BOUND ( 'NONE', #640, .T. ) ;
#2473 = EDGE_CURVE ( 'NONE', #1872, #1353, #1900, .T. ) ;
#2474 = FACE_OUTER_BOUND ( 'NONE', #2656, .T. ) ;
#2475 = ORIENTED_EDGE ( 'NONE', *, *, #1770, .F. ) ;
#2476 = FILL_AREA_STYLE ('',( #626 ) ) ;
#2477 = VERTEX_POINT ( 'NONE', #209 ) ;
#2478 = ORIENTED_EDGE ( 'NONE', *, *, #306, .T. ) ;
#2479 = VERTEX_POINT ( 'NONE', #1289 ) ;
#2480 = CARTESIAN_POINT ( 'NONE',  ( -10.58898180877252670, -33.79699992953855769, 5.727368187634686691 ) ) ;
#2481 = CARTESIAN_POINT ( 'NONE',  ( -16.00000000000000711, -57.99999999999999289, 7.990755995505600673 ) ) ;
#2482 = CARTESIAN_POINT ( 'NONE',  ( 27.50000000000000711, -38.25735931288071612, -26.00000000000003908 ) ) ;
#2483 = ORIENTED_EDGE ( 'NONE', *, *, #552, .F. ) ;
#2484 = CARTESIAN_POINT ( 'NONE',  ( -19.50000000000000711, -51.00000000000000711, -26.00000000000004619 ) ) ;
#2485 = DIRECTION ( 'NONE',  ( -1.875376730785737226E-16, -1.000000000000000000, 1.003808469612656861E-16 ) ) ;
#2486 = EDGE_CURVE ( 'NONE', #590, #2687, #1782, .T. ) ;
#2487 = ORIENTED_EDGE ( 'NONE', *, *, #1103, .F. ) ;
#2488 = LINE ( 'NONE', #591, #2413 ) ;
#2489 = DIRECTION ( 'NONE',  ( 1.000000000000000000, 8.786684129385969281E-17, 2.201794655477298742E-16 ) ) ;
#2490 = PLANE ( 'NONE',  #1945 ) ;
#2491 = VERTEX_POINT ( 'NONE', #1927 ) ;
#2492 = EDGE_CURVE ( 'NONE', #1742, #1535, #1549, .T. ) ;
#2493 = FACE_OUTER_BOUND ( 'NONE', #691, .T. ) ;
#2494 = CARTESIAN_POINT ( 'NONE',  ( 1.898800369577046565, -62.50000000000000000, 7.232603590704125729 ) ) ;
#2495 = DIRECTION ( 'NONE',  ( -0.000000000000000000, -0.000000000000000000, -1.000000000000000000 ) ) ;
#2496 = DIRECTION ( 'NONE',  ( 0.000000000000000000, 0.000000000000000000, 1.000000000000000000 ) ) ;
#2497 = CARTESIAN_POINT ( 'NONE',  ( 15.55573584253326302, -33.58417199315218937, 7.818735063793207374 ) ) ;
#2498 = AXIS2_PLACEMENT_3D ( 'NONE', #2369, #2221, #1834 ) ;
#2499 = ORIENTED_EDGE ( 'NONE', *, *, #537, .T. ) ;
#2500 = CARTESIAN_POINT ( 'NONE',  ( -11.36396103067888319, -33.63603896932109194, -23.00000000000004619 ) ) ;
#2501 = CARTESIAN_POINT ( 'NONE',  ( 12.99999999999999289, -32.00000000000000711, 5.000000000000000000 ) ) ;
#2502 = AXIS2_PLACEMENT_3D ( 'NONE', #454, #1331, #1899 ) ;
#2503 = AXIS2_PLACEMENT_3D ( 'NONE', #245, #1109, #1285 ) ;
#2504 = ORIENTED_EDGE ( 'NONE', *, *, #1952, .T. ) ;
#2505 = CIRCLE ( 'NONE', #791, 8.000000000000000000 ) ;
#2506 = VECTOR ( 'NONE', #2654, 999.9999999999998863 ) ;
#2507 = CARTESIAN_POINT ( 'NONE',  ( 50.98528137423861750, -62.50000000000000000, -18.00000000000003908 ) ) ;
#2508 = DIRECTION ( 'NONE',  ( 0.000000000000000000, -1.967543734044216262E-16, -1.000000000000000000 ) ) ;
#2509 = SURFACE_SIDE_STYLE ('',( #806 ) ) ;
#2510 = AXIS2_PLACEMENT_3D ( 'NONE', #2751, #2086, #1918 ) ;
#2511 = EDGE_LOOP ( 'NONE', ( #428, #1031 ) ) ;
#2512 = ORIENTED_EDGE ( 'NONE', *, *, #919, .F. ) ;
#2513 = CARTESIAN_POINT ( 'NONE',  ( 0.000000000000000000, -45.00000000000000711, 8.000000000000000000 ) ) ;
#2514 = EDGE_CURVE ( 'NONE', #44, #764, #649, .T. ) ;
#2515 = EDGE_CURVE ( 'NONE', #128, #1350, #2337, .T. ) ;
#2516 = DIRECTION ( 'NONE',  ( -1.249000902703300861E-16, 1.000000000000000000, -1.003808469612657354E-16 ) ) ;
#2517 = DIRECTION ( 'NONE',  ( 0.000000000000000000, -1.000000000000000000, 0.000000000000000000 ) ) ;
#2518 = CARTESIAN_POINT ( 'NONE',  ( 0.000000000000000000, -45.00000000000000711, 8.000000000000000000 ) ) ;
#2519 = ADVANCED_FACE ( 'NONE', ( #2224, #2599 ), #1126, .T. ) ;
#2520 = ORIENTED_EDGE ( 'NONE', *, *, #1113, .T. ) ;
#2521 = DIRECTION ( 'NONE',  ( 0.000000000000000000, 0.000000000000000000, -1.000000000000000000 ) ) ;
#2522 = CARTESIAN_POINT ( 'NONE',  ( 13.69762540848755350, -29.08224079310294741, 8.000000000000000000 ) ) ;
#2523 = ORIENTED_EDGE ( 'NONE', *, *, #150, .T. ) ;
#2524 = PLANE ( 'NONE',  #2071 ) ;
#2525 = DIRECTION ( 'NONE',  ( -3.413144305457568632E-32, -1.000000000000000000, 1.967543734044216016E-16 ) ) ;
#2526 = CARTESIAN_POINT ( 'NONE',  ( 9.999999999999992895, -57.99999999998685496, 6.546084143049686332 ) ) ;
#2527 = ORIENTED_EDGE ( 'NONE', *, *, #889, .F. ) ;
#2528 = ORIENTED_EDGE ( 'NONE', *, *, #440, .T. ) ;
#2529 = ADVANCED_FACE ( 'NONE', ( #491 ), #1975, .T. ) ;
#2530 = DIRECTION ( 'NONE',  ( 3.689885735629804459E-32, -1.967543734044216262E-16, -1.000000000000000000 ) ) ;
#2531 = ORIENTED_EDGE ( 'NONE', *, *, #1831, .T. ) ;
#2532 = EDGE_CURVE ( 'NONE', #697, #1691, #1802, .T. ) ;
#2533 = CARTESIAN_POINT ( 'NONE',  ( -87.19707759714370354, -51.00000000000001421, -26.00000000000005329 ) ) ;
#2534 = CARTESIAN_POINT ( 'NONE',  ( 12.99999999999999289, -32.00000000000000711, 0.000000000000000000 ) ) ;
#2535 = VERTEX_POINT ( 'NONE', #2175 ) ;
#2536 = CARTESIAN_POINT ( 'NONE',  ( 15.99999999999882405, -57.78952749015393664, 7.984370112316812929 ) ) ;
#2537 = ORIENTED_EDGE ( 'NONE', *, *, #1831, .F. ) ;
#2538 = CARTESIAN_POINT ( 'NONE',  ( 35.50000000000006395, -67.50000000000005684, -26.00000000000003197 ) ) ;
#2539 = EDGE_CURVE ( 'NONE', #773, #758, #2198, .T. ) ;
#2540 = EDGE_CURVE ( 'NONE', #2206, #76, #285, .T. ) ;
#2541 = EDGE_LOOP ( 'NONE', ( #358, #1760 ) ) ;
#2542 = CARTESIAN_POINT ( 'NONE',  ( 10.87434600989377209, -29.87038774602827473, 7.645093836538310761 ) ) ;
#2543 = DIRECTION ( 'NONE',  ( 1.249000902703300615E-16, -1.000000000000000000, 1.967543734044216262E-16 ) ) ;
#2544 = ORIENTED_EDGE ( 'NONE', *, *, #2532, .T. ) ;
#2545 = AXIS2_PLACEMENT_3D ( 'NONE', #175, #162, #1842 ) ;
#2546 = VECTOR ( 'NONE', #2006, 1000.000000000000000 ) ;
#2547 = CARTESIAN_POINT ( 'NONE',  ( 12.99999999999999289, -58.00000000000000000, 5.000000000000000000 ) ) ;
#2548 = ADVANCED_FACE ( 'NONE', ( #1134 ), #83, .F. ) ;
#2549 = DIRECTION ( 'NONE',  ( -0.000000000000000000, -0.000000000000000000, -1.000000000000000000 ) ) ;
#2550 = CIRCLE ( 'NONE', #104, 12.99999999999999822 ) ;
#2551 = VECTOR ( 'NONE', #2385, 1000.000000000000000 ) ;
#2552 = ORIENTED_EDGE ( 'NONE', *, *, #484, .F. ) ;
#2553 = CARTESIAN_POINT ( 'NONE',  ( -37.85530313790587797, -62.50000000000000000, -6.000000000000044409 ) ) ;
#2554 = CARTESIAN_POINT ( 'NONE',  ( 19.50000000000000711, -25.50000000000000355, 0.000000000000000000 ) ) ;
#2555 = AXIS2_PLACEMENT_3D ( 'NONE', #866, #1710, #1496 ) ;
#2556 = DIRECTION ( 'NONE',  ( 0.000000000000000000, 0.000000000000000000, -1.000000000000000000 ) ) ;
#2557 = VERTEX_POINT ( 'NONE', #2004 ) ;
#2558 = CARTESIAN_POINT ( 'NONE',  ( 9.999999999999992895, -32.00000000000000711, 6.546084143057011140 ) ) ;
#2559 = LINE ( 'NONE', #1054, #746 ) ;
#2560 = EDGE_LOOP ( 'NONE', ( #1188, #2069 ) ) ;
#2561 = ADVANCED_FACE ( 'NONE', ( #1992 ), #72, .T. ) ;
#2562 = CARTESIAN_POINT ( 'NONE',  ( 15.65701925002900197, -56.59170104206356200, 7.856564953990452516 ) ) ;
#2563 = EDGE_LOOP ( 'NONE', ( #1965, #2544, #2445, #741 ) ) ;
#2564 = DIRECTION ( 'NONE',  ( 3.413144305457568632E-32, 1.000000000000000000, -1.967543734044216016E-16 ) ) ;
#2565 = CYLINDRICAL_SURFACE ( 'NONE', #153, 2.999999999999999112 ) ;
#2566 = DIRECTION ( 'NONE',  ( 1.000000000000000000, 0.000000000000000000, 0.000000000000000000 ) ) ;
#2567 = ORIENTED_EDGE ( 'NONE', *, *, #1151, .F. ) ;
#2568 = CARTESIAN_POINT ( 'NONE',  ( -51.74264068711926967, -62.50000000000000000, -20.00000000000004974 ) ) ;
#2569 = CARTESIAN_POINT ( 'NONE',  ( -35.50000000000007816, -67.50000000000004263, 10.10628645568518280 ) ) ;
#2570 = ORIENTED_EDGE ( 'NONE', *, *, #986, .F. ) ;
#2571 = CARTESIAN_POINT ( 'NONE',  ( 13.88128595115245645, -55.12627397829084686, 7.033181486662378745 ) ) ;
#2572 = ADVANCED_FACE ( 'NONE', ( #719 ), #740, .F. ) ;
#2573 = ORIENTED_EDGE ( 'NONE', *, *, #1595, .F. ) ;
#2574 = DIRECTION ( 'NONE',  ( 0.000000000000000000, 0.000000000000000000, -1.000000000000000000 ) ) ;
#2575 = ADVANCED_FACE ( 'NONE', ( #955 ), #1816, .F. ) ;
#2576 = CARTESIAN_POINT ( 'NONE',  ( 12.99999999999999289, -32.00000000000000711, 8.000000000000000000 ) ) ;
#2577 = CARTESIAN_POINT ( 'NONE',  ( -19.50000000000000711, -22.50000000000000355, 8.000000000000000000 ) ) ;
#2578 = ORIENTED_EDGE ( 'NONE', *, *, #359, .T. ) ;
#2579 = DIRECTION ( 'NONE',  ( 0.000000000000000000, 0.000000000000000000, 1.000000000000000000 ) ) ;
#2580 = CARTESIAN_POINT ( 'NONE',  ( 37.22792206135789428, -59.50000000000004974, -23.00000000000003908 ) ) ;
#2581 = ORIENTED_EDGE ( 'NONE', *, *, #1113, .F. ) ;
#2582 = DIRECTION ( 'NONE',  ( -1.875376730785737226E-16, 1.000000000000000000, 0.000000000000000000 ) ) ;
#2583 = ORIENTED_EDGE ( 'NONE', *, *, #2447, .T. ) ;
#2584 = VECTOR ( 'NONE', #1035, 1000.000000000000000 ) ;
#2585 = VECTOR ( 'NONE', #1514, 1000.000000000000000 ) ;
#2586 = DIRECTION ( 'NONE',  ( -0.5839517053348524112, -0.5839517053348509679, -0.5639156068713093717 ) ) ;
#2587 = DIRECTION ( 'NONE',  ( 0.7071067811865485719, 0.7071067811865464625, 5.916456789157588541E-31 ) ) ;
#2588 = EDGE_CURVE ( 'NONE', #1552, #1783, #1564, .T. ) ;
#2589 = VECTOR ( 'NONE', #1560, 1000.000000000000000 ) ;
#2590 = AXIS2_PLACEMENT_3D ( 'NONE', #1169, #89, #2231 ) ;
#2591 = CIRCLE ( 'NONE', #388, 8.000000000000000000 ) ;
#2592 = ORIENTED_EDGE ( 'NONE', *, *, #1251, .T. ) ;
#2593 = ADVANCED_FACE ( 'NONE', ( #512 ), #2420, .F. ) ;
#2594 = DIRECTION ( 'NONE',  ( 0.000000000000000000, -1.967543734044216016E-16, -1.000000000000000000 ) ) ;
#2595 = CARTESIAN_POINT ( 'NONE',  ( 35.98528137423860329, -62.50000000000005684, -21.75735931288075165 ) ) ;
#2596 = DIRECTION ( 'NONE',  ( -0.000000000000000000, 0.000000000000000000, -1.000000000000000000 ) ) ;
#2597 = DIRECTION ( 'NONE',  ( -3.413144305457568632E-32, -1.000000000000000000, 1.967543734044216016E-16 ) ) ;
#2598 = ORIENTED_EDGE ( 'NONE', *, *, #1324, .T. ) ;
#2599 = FACE_BOUND ( 'NONE', #1985, .T. ) ;
#2600 = ORIENTED_EDGE ( 'NONE', *, *, #795, .T. ) ;
#2601 = DIRECTION ( 'NONE',  ( 1.000000000000000000, 0.000000000000000000, 0.000000000000000000 ) ) ;
#2602 = EDGE_CURVE ( 'NONE', #2466, #724, #2387, .T. ) ;
#2603 = ORIENTED_EDGE ( 'NONE', *, *, #1528, .F. ) ;
#2604 = CARTESIAN_POINT ( 'NONE',  ( 0.000000000000000000, -45.00000000000000711, 0.000000000000000000 ) ) ;
#2605 = CARTESIAN_POINT ( 'NONE',  ( -37.24264068711929099, -48.00000000000000711, -16.00000000000004974 ) ) ;
#2606 = DIRECTION ( 'NONE',  ( 0.000000000000000000, 0.000000000000000000, -1.000000000000000000 ) ) ;
#2607 = EDGE_CURVE ( 'NONE', #236, #2362, #532, .T. ) ;
#2608 = EDGE_LOOP ( 'NONE', ( #1120, #473, #1038, #2283, #908, #580 ) ) ;
#2609 = CARTESIAN_POINT ( 'NONE',  ( 14.59999999999999254, -58.00000000000000000, 10.10628645568517214 ) ) ;
#2610 = DIRECTION ( 'NONE',  ( 0.000000000000000000, 0.000000000000000000, 1.000000000000000000 ) ) ;
#2611 = ORIENTED_EDGE ( 'NONE', *, *, #2703, .T. ) ;
#2612 = CARTESIAN_POINT ( 'NONE',  ( -16.00000000000081712, -31.88231860554286712, 7.994326531340148811 ) ) ;
#2613 = DIRECTION ( 'NONE',  ( 0.000000000000000000, 0.000000000000000000, 1.000000000000000000 ) ) ;
#2614 =( BOUNDED_CURVE ( )  B_SPLINE_CURVE ( 3, ( #77, #1121, #2399, #2568 ),
 .UNSPECIFIED., .F., .F. ) 
 B_SPLINE_CURVE_WITH_KNOTS ( ( 4, 4 ),
 ( 1.570796326794896780, 3.141592653589793116 ),
 .UNSPECIFIED. ) 
 CURVE ( )  GEOMETRIC_REPRESENTATION_ITEM ( )  RATIONAL_B_SPLINE_CURVE ( ( 1.000000000000000000, 0.8047378541243650485, 0.8047378541243650485, 1.000000000000000000 ) ) 
 REPRESENTATION_ITEM ( '' )  );
#2615 = ADVANCED_BREP_SHAPE_REPRESENTATION ( '\X2\5de67535673a652f67b6\X0\', ( #1600, #800 ), #1947 ) ;
#2616 = VERTEX_POINT ( 'NONE', #96 ) ;
#2617 = CARTESIAN_POINT ( 'NONE',  ( 37.39314531791151808, -69.39314531791150387, -5.553699381042168426 ) ) ;
#2618 = FACE_OUTER_BOUND ( 'NONE', #613, .T. ) ;
#2619 = DIRECTION ( 'NONE',  ( 0.000000000000000000, 0.000000000000000000, 1.000000000000000000 ) ) ;
#2620 = DIRECTION ( 'NONE',  ( 0.000000000000000000, 1.967543734044216262E-16, 1.000000000000000000 ) ) ;
#2621 = VERTEX_POINT ( 'NONE', #756 ) ;
#2622 = EDGE_CURVE ( 'NONE', #2132, #590, #1607, .T. ) ;
#2623 = CARTESIAN_POINT ( 'NONE',  ( -30.50000000000000711, -62.50000000000001421, -20.00000000000004619 ) ) ;
#2624 = VERTEX_POINT ( 'NONE', #918 ) ;
#2625 = CARTESIAN_POINT ( 'NONE',  ( 12.99999999999999289, -32.00000000000000711, 0.000000000000000000 ) ) ;
#2626 = DIRECTION ( 'NONE',  ( -0.000000000000000000, 1.000000000000000000, 1.983092367326398450E-16 ) ) ;
#2627 = CARTESIAN_POINT ( 'NONE',  ( -10.00000000000000711, -31.99999999997533351, 6.546084143070757477 ) ) ;
#2628 = AXIS2_PLACEMENT_3D ( 'NONE', #8, #2112, #2130 ) ;
#2629 = ORIENTED_EDGE ( 'NONE', *, *, #2403, .F. ) ;
#2630 = VECTOR ( 'NONE', #1506, 1000.000000000000000 ) ;
#2631 = VECTOR ( 'NONE', #1011, 1000.000000000000000 ) ;
#2632 = AXIS2_PLACEMENT_3D ( 'NONE', #1640, #2713, #824 ) ;
#2633 = VERTEX_POINT ( 'NONE', #1767 ) ;
#2634 = CARTESIAN_POINT ( 'NONE',  ( -11.01712274103467415, -34.26126638557124693, 5.696929196623466751 ) ) ;
#2635 = CARTESIAN_POINT ( 'NONE',  ( 15.99999999999999289, -31.99999999999663558, 7.990755995505704590 ) ) ;
#2636 = AXIS2_PLACEMENT_3D ( 'NONE', #2188, #1173, #2640 ) ;
#2637 = CIRCLE ( 'NONE', #1454, 20.99999999999999645 ) ;
#2638 = VERTEX_POINT ( 'NONE', #1554 ) ;
#2639 = CARTESIAN_POINT ( 'NONE',  ( -16.00000000000001066, -58.11837025989230199, 7.994347431998824582 ) ) ;
#2640 = DIRECTION ( 'NONE',  ( 0.000000000000000000, 0.000000000000000000, 1.000000000000000000 ) ) ;
#2641 = EDGE_CURVE ( 'NONE', #2339, #1568, #1006, .T. ) ;
#2642 = ORIENTED_EDGE ( 'NONE', *, *, #2187, .F. ) ;
#2643 = EDGE_CURVE ( 'NONE', #1509, #2707, #108, .T. ) ;
#2644 = DIRECTION ( 'NONE',  ( 1.000000000000000000, 0.000000000000000000, 0.000000000000000000 ) ) ;
#2645 = CARTESIAN_POINT ( 'NONE',  ( -15.31730057440775283, -56.08370485152473606, 7.723884724528510048 ) ) ;
#2646 = FACE_OUTER_BOUND ( 'NONE', #1460, .T. ) ;
#2647 = CARTESIAN_POINT ( 'NONE',  ( 38.98528137423861750, -67.50000000000005684, -14.00000000000003730 ) ) ;
#2648 = ORIENTED_EDGE ( 'NONE', *, *, #29, .T. ) ;
#2649 = EDGE_CURVE ( 'NONE', #437, #773, #2417, .T. ) ;
#2650 = CARTESIAN_POINT ( 'NONE',  ( 10.01684759616984799, -32.36795157390440636, 6.341851018159594844 ) ) ;
#2651 = VERTEX_POINT ( 'NONE', #575 ) ;
#2652 = DIRECTION ( 'NONE',  ( 1.000000000000000000, -4.336808689942014655E-17, -0.000000000000000000 ) ) ;
#2653 = DIRECTION ( 'NONE',  ( -0.000000000000000000, 0.000000000000000000, -1.000000000000000000 ) ) ;
#2654 = DIRECTION ( 'NONE',  ( -0.7193398003386547446, -1.366770724097958448E-16, -0.6946583704589935904 ) ) ;
#2655 = CARTESIAN_POINT ( 'NONE',  ( -35.50000000000007105, -67.50000000000005684, -26.00000000000004263 ) ) ;
#2656 = EDGE_LOOP ( 'NONE', ( #466, #1266, #809, #2061 ) ) ;
#2657 = DIRECTION ( 'NONE',  ( 0.000000000000000000, 0.000000000000000000, -1.000000000000000000 ) ) ;
#2658 = CARTESIAN_POINT ( 'NONE',  ( -30.50000000000001066, -62.50000000000000000, 10.10628645568518280 ) ) ;
#2659 = ORIENTED_EDGE ( 'NONE', *, *, #1844, .T. ) ;
#2660 = PLANE ( 'NONE',  #1728 ) ;
#2661 = CYLINDRICAL_SURFACE ( 'NONE', #2545, 2.999999999999999112 ) ;
#2662 = EDGE_CURVE ( 'NONE', #2244, #501, #1465, .T. ) ;
#2663 = ADVANCED_FACE ( 'NONE', ( #1437 ), #2722, .T. ) ;
#2664 = ORIENTED_EDGE ( 'NONE', *, *, #778, .T. ) ;
#2665 = PLANE ( 'NONE',  #1458 ) ;
#2666 = CARTESIAN_POINT ( 'NONE',  ( 19.50000000000001066, -59.50000000000001421, -26.00000000000003553 ) ) ;
#2667 = LINE ( 'NONE', #1823, #622 ) ;
#2668 = ORIENTED_EDGE ( 'NONE', *, *, #970, .T. ) ;
#2669 = CARTESIAN_POINT ( 'NONE',  ( 15.96563357997167110, -58.46768004378999706, 7.999459442586036140 ) ) ;
#2670 = CARTESIAN_POINT ( 'NONE',  ( -27.50000000000000711, -30.50000000000000711, 8.000000000000000000 ) ) ;
#2671 = ORIENTED_EDGE ( 'NONE', *, *, #2365, .F. ) ;
#2672 = CARTESIAN_POINT ( 'NONE',  ( -10.17265675535690050, -30.97396857359969857, 7.110625972385486548 ) ) ;
#2673 = CARTESIAN_POINT ( 'NONE',  ( -15.89173305929824132, -57.17468782111181724, 7.941205657534315066 ) ) ;
#2674 = CARTESIAN_POINT ( 'NONE',  ( 5.583500081124412451E-15, -48.00000000000000711, -23.00000000000004263 ) ) ;
#2675 = FACE_OUTER_BOUND ( 'NONE', #2270, .T. ) ;
#2676 = ORIENTED_EDGE ( 'NONE', *, *, #1697, .T. ) ;
#2677 = DIRECTION ( 'NONE',  ( 0.000000000000000000, 0.000000000000000000, 1.000000000000000000 ) ) ;
#2678 = EDGE_CURVE ( 'NONE', #509, #2089, #393, .T. ) ;
#2679 = EDGE_LOOP ( 'NONE', ( #2230, #1855, #2676, #489 ) ) ;
#2680 = AXIS2_PLACEMENT_3D ( 'NONE', #634, #1692, #1284 ) ;
#2681 = EDGE_CURVE ( 'NONE', #1877, #724, #2690, .T. ) ;
#2682 = CARTESIAN_POINT ( 'NONE',  ( -10.08400402074508584, -32.72888576779902792, 6.150854723045159567 ) ) ;
#2683 = CARTESIAN_POINT ( 'NONE',  ( -16.00000000000000711, -58.00000000000000000, 5.000000000000000000 ) ) ;
#2684 = DIRECTION ( 'NONE',  ( 1.734723475976807094E-15, 1.000000000000000000, 0.000000000000000000 ) ) ;
#2685 = AXIS2_PLACEMENT_3D ( 'NONE', #500, #2431, #277 ) ;
#2686 = AXIS2_PLACEMENT_3D ( 'NONE', #2209, #2597, #1362 ) ;
#2687 = VERTEX_POINT ( 'NONE', #2264 ) ;
#2688 = VECTOR ( 'NONE', #1748, 1000.000000000000000 ) ;
#2689 = LINE ( 'NONE', #324, #1230 ) ;
#2690 = LINE ( 'NONE', #1395, #2079 ) ;
#2691 = ORIENTED_EDGE ( 'NONE', *, *, #2757, .F. ) ;
#2692 = CARTESIAN_POINT ( 'NONE',  ( -16.00000000000000711, -57.99999999999999289, 7.990755995505600673 ) ) ;
#2693 = LINE ( 'NONE', #2280, #1017 ) ;
#2694 = CYLINDRICAL_SURFACE ( 'NONE', #2203, 2.999999999999999112 ) ;
#2695 = DIRECTION ( 'NONE',  ( 0.000000000000000000, 0.000000000000000000, -1.000000000000000000 ) ) ;
#2696 = VERTEX_POINT ( 'NONE', #979 ) ;
#2697 = CARTESIAN_POINT ( 'NONE',  ( -14.60000000000000675, -32.00000000000000711, 5.000000000000000000 ) ) ;
#2698 = CARTESIAN_POINT ( 'NONE',  ( -1.967969714915156931, -62.50000000000000000, 7.236404845301787958 ) ) ;
#2699 = CARTESIAN_POINT ( 'NONE',  ( -27.50000000000000711, -62.50000000000000000, 8.000000000000000000 ) ) ;
#2700 = CARTESIAN_POINT ( 'NONE',  ( 0.000000000000000000, -45.00000000000000711, 8.000000000000000000 ) ) ;
#2701 = CARTESIAN_POINT ( 'NONE',  ( -13.15488991394217244, -35.00156986539120396, 6.632252868391404377 ) ) ;
#2702 = DIRECTION ( 'NONE',  ( 0.000000000000000000, 1.000000000000000000, 0.000000000000000000 ) ) ;
#2703 = EDGE_CURVE ( 'NONE', #633, #1931, #2743, .T. ) ;
#2704 = EDGE_CURVE ( 'NONE', #2616, #315, #937, .T. ) ;
#2705 = ORIENTED_EDGE ( 'NONE', *, *, #661, .F. ) ;
#2706 = DIRECTION ( 'NONE',  ( -0.000000000000000000, 0.000000000000000000, -1.000000000000000000 ) ) ;
#2707 = VERTEX_POINT ( 'NONE', #325 ) ;
#2708 = CARTESIAN_POINT ( 'NONE',  ( -10.87887145721445847, -29.86625583268222428, 7.646840407814029739 ) ) ;
#2709 = CARTESIAN_POINT ( 'NONE',  ( -10.93767321602301479, -55.81875656473845027, 5.697406685567982798 ) ) ;
#2710 = CARTESIAN_POINT ( 'NONE',  ( 38.98528137423861750, -62.50000000000000000, -14.00000000000003730 ) ) ;
#2711 = CARTESIAN_POINT ( 'NONE',  ( 27.50000000000000355, -62.50000000000000000, 4.000000000000041744 ) ) ;
#2712 = ORIENTED_EDGE ( 'NONE', *, *, #1168, .T. ) ;
#2713 = DIRECTION ( 'NONE',  ( 0.000000000000000000, 0.000000000000000000, 1.000000000000000000 ) ) ;
#2714 = ORIENTED_EDGE ( 'NONE', *, *, #2588, .F. ) ;
#2715 = FACE_BOUND ( 'NONE', #2560, .T. ) ;
#2716 = DIRECTION ( 'NONE',  ( -1.000000000000000000, 0.000000000000000000, 0.000000000000000000 ) ) ;
#2717 = CARTESIAN_POINT ( 'NONE',  ( 15.82696364950480650, -33.02552732687698267, 7.918501576307031442 ) ) ;
#2718 = EDGE_LOOP ( 'NONE', ( #1824, #2578 ) ) ;
#2719 = ADVANCED_FACE ( 'NONE', ( #2474 ), #1839, .F. ) ;
#2720 = CARTESIAN_POINT ( 'NONE',  ( 11.22644812991053698, -29.56932787031585264, 7.770276603561646844 ) ) ;
#2721 = DIRECTION ( 'NONE',  ( -3.689885735629804459E-32, 1.967543734044216262E-16, 1.000000000000000000 ) ) ;
#2722 = PLANE ( 'NONE',  #523 ) ;
#2723 = ORIENTED_EDGE ( 'NONE', *, *, #1662, .T. ) ;
#2724 = CARTESIAN_POINT ( 'NONE',  ( 12.99999999999999822, -45.00000000000000711, 0.000000000000000000 ) ) ;
#2725 =( NAMED_UNIT ( * ) PLANE_ANGLE_UNIT ( ) SI_UNIT ( $, .RADIAN. ) );
#2726 = ORIENTED_EDGE ( 'NONE', *, *, #1347, .F. ) ;
#2727 = DIRECTION ( 'NONE',  ( 0.000000000000000000, 0.000000000000000000, -1.000000000000000000 ) ) ;
#2728 = EDGE_CURVE ( 'NONE', #398, #1608, #1826, .T. ) ;
#2729 = PLANE ( 'NONE',  #838 ) ;
#2730 = CARTESIAN_POINT ( 'NONE',  ( -19.50000000000000711, -22.50000000000000355, 0.000000000000000000 ) ) ;
#2731 = CIRCLE ( 'NONE', #378, 2.999999999999999112 ) ;
#2732 = EDGE_LOOP ( 'NONE', ( #601, #2441, #1641, #313 ) ) ;
#2733 = DIRECTION ( 'NONE',  ( -1.875376730785737226E-16, -1.000000000000000000, 0.000000000000000000 ) ) ;
#2734 = CARTESIAN_POINT ( 'NONE',  ( -27.50000000000000711, -48.00000000000000000, 7.999999999999996447 ) ) ;
#2735 = DIRECTION ( 'NONE',  ( 1.000000000000000000, 0.000000000000000000, 0.000000000000000000 ) ) ;
#2736 = VECTOR ( 'NONE', #2104, 1000.000000000000114 ) ;
#2737 = VECTOR ( 'NONE', #1571, 1000.000000000000000 ) ;
#2738 = VERTEX_POINT ( 'NONE', #2670 ) ;
#2739 = AXIS2_PLACEMENT_3D ( 'NONE', #2308, #807, #1654 ) ;
#2740 = VECTOR ( 'NONE', #1358, 1000.000000000000000 ) ;
#2741 = PLANE ( 'NONE',  #62 ) ;
#2742 = DIRECTION ( 'NONE',  ( 0.000000000000000000, 1.000000000000000000, 0.000000000000000000 ) ) ;
#2743 = CIRCLE ( 'NONE', #1283, 3.000000000000002665 ) ;
#2744 = CARTESIAN_POINT ( 'NONE',  ( 15.82560655809936812, -56.97092039726010881, 7.918015312738720723 ) ) ;
#2745 = EDGE_CURVE ( 'NONE', #2707, #1797, #370, .T. ) ;
#2746 = ORIENTED_EDGE ( 'NONE', *, *, #1827, .T. ) ;
#2747 = ORIENTED_EDGE ( 'NONE', *, *, #1827, .F. ) ;
#2748 = CARTESIAN_POINT ( 'NONE',  ( 51.74264068711926967, -62.50000000000005684, -20.00000000000004263 ) ) ;
#2749 = EDGE_CURVE ( 'NONE', #1783, #539, #159, .T. ) ;
#2750 = CARTESIAN_POINT ( 'NONE',  ( -22.50000000000000355, -59.50000000000001421, -63.85498646149545721 ) ) ;
#2751 = CARTESIAN_POINT ( 'NONE',  ( -27.50000000000000711, -38.25735931288072322, -23.00000000000004974 ) ) ;
#2752 = ORIENTED_EDGE ( 'NONE', *, *, #63, .F. ) ;
#2753 = EDGE_LOOP ( 'NONE', ( #1060, #494 ) ) ;
#2754 = CARTESIAN_POINT ( 'NONE',  ( -27.50000000000001066, -54.01471862576144645, 4.000000000000027534 ) ) ;
#2755 = ORIENTED_EDGE ( 'NONE', *, *, #275, .F. ) ;
#2756 = EDGE_CURVE ( 'NONE', #1444, #1783, #730, .T. ) ;
#2757 = EDGE_CURVE ( 'NONE', #2243, #1, #390, .T. ) ;
#2758 = CARTESIAN_POINT ( 'NONE',  ( 12.99999999999999289, -32.00000000000000711, 5.000000000000000000 ) ) ;
#2759 = ORIENTED_EDGE ( 'NONE', *, *, #2217, .F. ) ;
#2760 = EDGE_CURVE ( 'NONE', #885, #1086, #1675, .T. ) ;
#2761 = CARTESIAN_POINT ( 'NONE',  ( 27.50000000000000000, -62.50000000000000000, 8.000000000000000000 ) ) ;
#2762 = DIRECTION ( 'NONE',  ( -1.349221823327174429E-16, 1.967543734044216016E-16, 1.000000000000000000 ) ) ;
ENDSEC;
END-ISO-10303-21;
