ISO-10303-21;
HEADER;
FILE_DESCRIPTION (( 'STEP AP214' ),
    '1' );
FILE_NAME ('ÃΩ’Î÷ßº‹_”“.STEP',
    '2025-09-27T02:11:07',
    ( '' ),
    ( '' ),
    'SwSTEP 2.0',
    'SolidWorks 2025',
    '' );
FILE_SCHEMA (( 'AUTOMOTIVE_DESIGN' ));
ENDSEC;

DATA;
#1 = CIRCLE ( 'NONE', #1271, 2.749999999999999112 ) ;
#2 = VERTEX_POINT ( 'NONE', #1376 ) ;
#3 = DIRECTION ( 'NONE',  ( -0.000000000000000000, -0.000000000000000000, 1.000000000000000000 ) ) ;
#4 = EDGE_CURVE ( 'NONE', #1184, #1024, #2033, .T. ) ;
#5 = ORIENTED_EDGE ( 'NONE', *, *, #1990, .T. ) ;
#6 = CARTESIAN_POINT ( 'NONE',  ( -41.69422218353249576, 22.50738567903754728, -14.51255469152708599 ) ) ;
#7 = ORIENTED_EDGE ( 'NONE', *, *, #988, .T. ) ;
#8 = CARTESIAN_POINT ( 'NONE',  ( -7.625000000000000000, 9.337931843498568852E-16, 0.000000000000000000 ) ) ;
#9 = CARTESIAN_POINT ( 'NONE',  ( -67.61104967953383493, 27.38326503237007259, -18.70828690487630652 ) ) ;
#10 = CARTESIAN_POINT ( 'NONE',  ( 6.908665363245517277, 13.31429092737162279, 0.000000000000000000 ) ) ;
#11 = ORIENTED_EDGE ( 'NONE', *, *, #1400, .F. ) ;
#12 = CARTESIAN_POINT ( 'NONE',  ( 15.08594314413133120, 1.662207580040860000, -10.62987013184181784 ) ) ;
#13 = LINE ( 'NONE', #2396, #651 ) ;
#14 = ADVANCED_FACE ( 'NONE', ( #576 ), #1574, .F. ) ;
#15 = CARTESIAN_POINT ( 'NONE',  ( 11.20619486387112573, -5.814793347398375722, -22.50000000000000711 ) ) ;
#16 = ORIENTED_EDGE ( 'NONE', *, *, #640, .T. ) ;
#17 = CARTESIAN_POINT ( 'NONE',  ( -3.329133806602640355, 38.74470900830328191, 0.000000000000000000 ) ) ;
#18 = ORIENTED_EDGE ( 'NONE', *, *, #943, .F. ) ;
#19 = VECTOR ( 'NONE', #910, 999.9999999999998863 ) ;
#20 = CARTESIAN_POINT ( 'NONE',  ( -15.55789820165604276, -43.45477767509814981, -11.74999789305273801 ) ) ;
#21 = DIRECTION ( 'NONE',  ( -0.000000000000000000, -0.000000000000000000, -1.000000000000000000 ) ) ;
#22 = CARTESIAN_POINT ( 'NONE',  ( -6.600417955040788875, 14.69098729897943478, -10.23644571196259001 ) ) ;
#23 = EDGE_LOOP ( 'NONE', ( #1052, #636, #1038, #1045, #90, #52, #580, #253, #72, #2316, #1145, #1765 ) ) ;
#24 = CIRCLE ( 'NONE', #2260, 1.600000000000004086 ) ;
#25 = CARTESIAN_POINT ( 'NONE',  ( 0.000000000000000000, 0.000000000000000000, 0.000000000000000000 ) ) ;
#26 = CARTESIAN_POINT ( 'NONE',  ( -78.18714636753847458, -7.768527946086711822, -8.633863813264992970 ) ) ;
#27 = EDGE_CURVE ( 'NONE', #1826, #378, #1727, .T. ) ;
#28 = EDGE_LOOP ( 'NONE', ( #542, #1930, #1992, #489 ) ) ;
#29 = CARTESIAN_POINT ( 'NONE',  ( -80.75125768730389098, -8.796306436149690100, -11.74999789305273801 ) ) ;
#30 = VECTOR ( 'NONE', #1174, 999.9999999999998863 ) ;
#31 = EDGE_CURVE ( 'NONE', #1998, #2508, #1006, .T. ) ;
#32 = CIRCLE ( 'NONE', #286, 1.600000000000000755 ) ;
#33 = EDGE_LOOP ( 'NONE', ( #2610, #1535, #1620, #415 ) ) ;
#34 = CARTESIAN_POINT ( 'NONE',  ( 21.18657378061964991, 40.83049217727307223, 0.000000000000000000 ) ) ;
#35 = DIRECTION ( 'NONE',  ( 1.000000000000000000, 0.000000000000000000, 0.000000000000000000 ) ) ;
#36 = AXIS2_PLACEMENT_3D ( 'NONE', #248, #888, #1694 ) ;
#37 = CARTESIAN_POINT ( 'NONE',  ( -11.22292796649585611, -43.74189753297605421, -8.749997893052738007 ) ) ;
#38 = ORIENTED_EDGE ( 'NONE', *, *, #1802, .T. ) ;
#39 = COLOUR_RGB ( '',1.000000000000000000, 1.000000000000000000, 1.000000000000000000 ) ;
#40 = DIRECTION ( 'NONE',  ( -0.8876193951581107244, 0.4605776908830363503, 2.924120400772497515E-17 ) ) ;
#41 = AXIS2_PLACEMENT_3D ( 'NONE', #2318, #510, #644 ) ;
#42 = CARTESIAN_POINT ( 'NONE',  ( -78.57964096856592562, -7.088845477031624043, -8.518169337432949462 ) ) ;
#43 = DIRECTION ( 'NONE',  ( 0.000000000000000000, 0.000000000000000000, 1.000000000000000000 ) ) ;
#44 = VERTEX_POINT ( 'NONE', #2594 ) ;
#45 = FACE_OUTER_BOUND ( 'NONE', #1237, .T. ) ;
#46 = EDGE_CURVE ( 'NONE', #1749, #348, #2186, .T. ) ;
#47 = ORIENTED_EDGE ( 'NONE', *, *, #372, .T. ) ;
#48 = FACE_OUTER_BOUND ( 'NONE', #2298, .T. ) ;
#49 = CARTESIAN_POINT ( 'NONE',  ( 11.20619486387114883, -5.814793347398333978, -8.749997893052738007 ) ) ;
#50 = EDGE_CURVE ( 'NONE', #851, #200, #2415, .T. ) ;
#51 = DIRECTION ( 'NONE',  ( -0.000000000000000000, 0.000000000000000000, 1.000000000000000000 ) ) ;
#52 = ORIENTED_EDGE ( 'NONE', *, *, #1977, .T. ) ;
#53 = CYLINDRICAL_SURFACE ( 'NONE', #2176, 2.050000000000018474 ) ;
#54 = DIRECTION ( 'NONE',  ( 0.000000000000000000, 0.000000000000000000, 1.000000000000000000 ) ) ;
#55 = CYLINDRICAL_SURFACE ( 'NONE', #1759, 5.000000000000001776 ) ;
#56 = CARTESIAN_POINT ( 'NONE',  ( -88.41339849927570071, -12.70675374784126888, -94.52950056003933810 ) ) ;
#57 = DIRECTION ( 'NONE',  ( -1.000000000000000000, -8.433108977865632733E-35, 1.740655977457631713E-16 ) ) ;
#58 = ORIENTED_EDGE ( 'NONE', *, *, #2577, .T. ) ;
#59 = DIRECTION ( 'NONE',  ( 1.740655977457631713E-16, -4.070057625873862687E-18, 1.000000000000000000 ) ) ;
#60 = CARTESIAN_POINT ( 'NONE',  ( -16.70789820165604311, -43.45477767509814981, -8.749997893052738007 ) ) ;
#61 = CARTESIAN_POINT ( 'NONE',  ( -18.69766322255830815, 39.75478068979062840, -129.4945880568757559 ) ) ;
#62 = EDGE_CURVE ( 'NONE', #781, #174, #968, .T. ) ;
#63 = ORIENTED_EDGE ( 'NONE', *, *, #345, .F. ) ;
#64 = CARTESIAN_POINT ( 'NONE',  ( -24.75912374265703875, -36.71808774700975420, -8.749997893052738007 ) ) ;
#65 = CARTESIAN_POINT ( 'NONE',  ( -78.01060921460796749, -8.534523290326832878, -8.727104157117169692 ) ) ;
#66 = DIRECTION ( 'NONE',  ( 0.8876193951581107244, -0.4605776908830363503, 0.000000000000000000 ) ) ;
#67 = DIRECTION ( 'NONE',  ( 0.000000000000000000, -0.000000000000000000, -1.000000000000000000 ) ) ;
#68 = EDGE_LOOP ( 'NONE', ( #458, #1375, #704, #300 ) ) ;
#69 = CARTESIAN_POINT ( 'NONE',  ( -30.70420650657944250, 32.83127057854027697, 0.000000000000000000 ) ) ;
#70 = CARTESIAN_POINT ( 'NONE',  ( -66.00100877153339241, -24.33634044263791196, -8.749997893052738007 ) ) ;
#71 = CARTESIAN_POINT ( 'NONE',  ( -27.49409397781722220, -36.43096788913185691, -11.74999789305273801 ) ) ;
#72 = ORIENTED_EDGE ( 'NONE', *, *, #706, .F. ) ;
#73 = DIRECTION ( 'NONE',  ( 1.000000000000000000, 0.000000000000000000, 0.000000000000000000 ) ) ;
#74 = VECTOR ( 'NONE', #891, 999.9999999999998863 ) ;
#75 = CARTESIAN_POINT ( 'NONE',  ( -46.30681225006799906, -37.93530822488555287, -8.749997893052738007 ) ) ;
#76 = AXIS2_PLACEMENT_3D ( 'NONE', #95, #906, #1712 ) ;
#77 = FACE_OUTER_BOUND ( 'NONE', #2251, .T. ) ;
#78 = LINE ( 'NONE', #291, #2493 ) ;
#79 = EDGE_CURVE ( 'NONE', #1316, #1570, #2161, .T. ) ;
#80 = AXIS2_PLACEMENT_3D ( 'NONE', #243, #51, #1703 ) ;
#81 = CIRCLE ( 'NONE', #759, 5.000000000000001776 ) ;
#82 = CYLINDRICAL_SURFACE ( 'NONE', #76, 5.499999999999998224 ) ;
#83 = ORIENTED_EDGE ( 'NONE', *, *, #1644, .T. ) ;
#84 = CARTESIAN_POINT ( 'NONE',  ( -85.75054031380136621, -14.08848682049037393, -8.749997893052738007 ) ) ;
#85 = FACE_OUTER_BOUND ( 'NONE', #1608, .T. ) ;
#86 = VERTEX_POINT ( 'NONE', #2401 ) ;
#87 = ORIENTED_EDGE ( 'NONE', *, *, #607, .F. ) ;
#88 = DIRECTION ( 'NONE',  ( -0.000000000000000000, -0.000000000000000000, 1.000000000000000000 ) ) ;
#89 = CARTESIAN_POINT ( 'NONE',  ( 10.76899623615618040, -6.657356913063595449, -21.90262012594525842 ) ) ;
#90 = ORIENTED_EDGE ( 'NONE', *, *, #2312, .T. ) ;
#91 = CARTESIAN_POINT ( 'NONE',  ( -84.72656015607535096, -5.601526367064204592, -3.749997893052738451 ) ) ;
#92 = B_SPLINE_CURVE_WITH_KNOTS ( 'NONE', 3,
 ( #144, #914, #1751, #713, #1125, #2556, #1937, #1553, #118, #2355, #957, #751 ),
 .UNSPECIFIED., .F., .F.,
 ( 4, 2, 2, 2, 2, 4 ),
 ( 0.000000000000000000, 0.003364696538085161417, 0.005047044807127728031, 0.006729393076170295945, 0.01009408961425541443, 0.01345878615234053464 ),
 .UNSPECIFIED. ) ;
#93 = CARTESIAN_POINT ( 'NONE',  ( -66.00100877153340662, -24.33634044263791907, -17.49999464960961859 ) ) ;
#94 = ADVANCED_FACE ( 'NONE', ( #1187 ), #2620, .F. ) ;
#95 = CARTESIAN_POINT ( 'NONE',  ( -10.50836267383679967, 44.88400955702481809, -129.4945880568757559 ) ) ;
#96 = EDGE_CURVE ( 'NONE', #473, #1560, #1995, .T. ) ;
#97 = VERTEX_POINT ( 'NONE', #2605 ) ;
#98 = DIRECTION ( 'NONE',  ( 0.9999999999999952260, 0.000000000000000000, 9.773064302276437322E-08 ) ) ;
#99 = CARTESIAN_POINT ( 'NONE',  ( -78.00125768730289622, -8.796306436150997499, -8.743140547978237365 ) ) ;
#100 = CARTESIAN_POINT ( 'NONE',  ( -53.25716370948666167, 27.63466145298217214, 0.000000000000000000 ) ) ;
#101 = VERTEX_POINT ( 'NONE', #1404 ) ;
#102 = ORIENTED_EDGE ( 'NONE', *, *, #859, .T. ) ;
#103 = CARTESIAN_POINT ( 'NONE',  ( -16.87055181274428506, -5.101482426356461097, -17.49999512162121462 ) ) ;
#104 = CARTESIAN_POINT ( 'NONE',  ( -0.8426345337928520252, -29.03514221365230341, 0.000000000000000000 ) ) ;
#105 = CARTESIAN_POINT ( 'NONE',  ( -64.46335857335780872, 33.44945480038050079, -94.52950056003933810 ) ) ;
#106 = ORIENTED_EDGE ( 'NONE', *, *, #486, .F. ) ;
#107 = VECTOR ( 'NONE', #2510, 1000.000000000000000 ) ;
#108 = CARTESIAN_POINT ( 'NONE',  ( -53.25716419813987557, 27.63466146031165493, -17.49999348032962132 ) ) ;
#109 = CIRCLE ( 'NONE', #2305, 12.62500000000000000 ) ;
#110 = EDGE_CURVE ( 'NONE', #348, #2326, #1415, .T. ) ;
#111 = ORIENTED_EDGE ( 'NONE', *, *, #2472, .T. ) ;
#112 = DIRECTION ( 'NONE',  ( 1.000000000000000000, 0.000000000000000000, 0.000000000000000000 ) ) ;
#113 = CARTESIAN_POINT ( 'NONE',  ( -16.64766322255828968, 39.75478068979062840, -9.999999999999994671 ) ) ;
#114 = EDGE_CURVE ( 'NONE', #2127, #2394, #392, .T. ) ;
#115 = DIRECTION ( 'NONE',  ( 1.000000000000000000, 0.000000000000000000, -0.000000000000000000 ) ) ;
#116 = ORIENTED_EDGE ( 'NONE', *, *, #270, .F. ) ;
#117 = ORIENTED_EDGE ( 'NONE', *, *, #306, .F. ) ;
#118 = CARTESIAN_POINT ( 'NONE',  ( -62.70265297029632734, 36.84266396655744558, -12.67451395847026596 ) ) ;
#119 = AXIS2_PLACEMENT_3D ( 'NONE', #405, #1811, #155 ) ;
#120 = CARTESIAN_POINT ( 'NONE',  ( -13.95789820165604311, -43.45477767509814981, -11.74999789305273801 ) ) ;
#121 = ORIENTED_EDGE ( 'NONE', *, *, #2103, .T. ) ;
#122 = CIRCLE ( 'NONE', #333, 1.600000000000004086 ) ;
#123 = DIRECTION ( 'NONE',  ( -9.773064322865735686E-08, 1.465896626999272621E-09, 0.9999999999999953371 ) ) ;
#124 = AXIS2_PLACEMENT_3D ( 'NONE', #2270, #2484, #1446 ) ;
#125 = CIRCLE ( 'NONE', #337, 2.050000000000018918 ) ;
#126 = ORIENTED_EDGE ( 'NONE', *, *, #1070, .T. ) ;
#127 = CARTESIAN_POINT ( 'NONE',  ( -11.64272229864733177, 4.973523296121882709, -21.90353743675731479 ) ) ;
#128 = EDGE_CURVE ( 'NONE', #575, #1936, #879, .T. ) ;
#129 = DIRECTION ( 'NONE',  ( -0.4605776908830359617, -0.8876193951581108355, -0.000000000000000000 ) ) ;
#130 = ORIENTED_EDGE ( 'NONE', *, *, #1596, .T. ) ;
#131 = ORIENTED_EDGE ( 'NONE', *, *, #554, .F. ) ;
#132 = EDGE_CURVE ( 'NONE', #936, #1366, #1388, .T. ) ;
#133 = FACE_OUTER_BOUND ( 'NONE', #509, .T. ) ;
#134 = CARTESIAN_POINT ( 'NONE',  ( 8.058484433954170356, -11.88102035587346883, -18.70826702523874729 ) ) ;
#135 = LINE ( 'NONE', #1141, #2259 ) ;
#136 = ORIENTED_EDGE ( 'NONE', *, *, #46, .T. ) ;
#137 = DIRECTION ( 'NONE',  ( 0.000000000000000000, 0.000000000000000000, 1.000000000000000000 ) ) ;
#138 = DIRECTION ( 'NONE',  ( 0.8876193951581107244, -0.4605776908830361838, 0.000000000000000000 ) ) ;
#139 = EDGE_LOOP ( 'NONE', ( #370, #1484 ) ) ;
#140 = CARTESIAN_POINT ( 'NONE',  ( -11.42373026063014407, 5.395561931898078534, -22.20276281074485780 ) ) ;
#141 = CARTESIAN_POINT ( 'NONE',  ( -78.01628745214370042, -9.083426294027583836, -8.749997893052738007 ) ) ;
#142 = VERTEX_POINT ( 'NONE', #8 ) ;
#143 = ORIENTED_EDGE ( 'NONE', *, *, #1196, .T. ) ;
#144 = CARTESIAN_POINT ( 'NONE',  ( -58.79900193181885015, 44.36572998184481520, -9.999999999999982236 ) ) ;
#145 = ADVANCED_FACE ( 'NONE', ( #1621 ), #612, .T. ) ;
#146 = FACE_OUTER_BOUND ( 'NONE', #1057, .T. ) ;
#147 = VERTEX_POINT ( 'NONE', #1228 ) ;
#148 = CARTESIAN_POINT ( 'NONE',  ( -12.74384506204673428, -51.97100189562008410, -94.52950056003933810 ) ) ;
#149 = ADVANCED_FACE ( 'NONE', ( #1068, #2284 ), #1280, .T. ) ;
#150 = AXIS2_PLACEMENT_3D ( 'NONE', #2478, #2107, #2448 ) ;
#151 = CARTESIAN_POINT ( 'NONE',  ( -64.65095059137729550, -14.79233773205300118, -8.633863813264987641 ) ) ;
#152 = ORIENTED_EDGE ( 'NONE', *, *, #2262, .T. ) ;
#153 = CARTESIAN_POINT ( 'NONE',  ( -28.14924815535323077, -33.74752469186617532, -8.635511708649696416 ) ) ;
#154 = ORIENTED_EDGE ( 'NONE', *, *, #235, .F. ) ;
#155 = DIRECTION ( 'NONE',  ( -1.000000000000000000, 0.000000000000000000, 0.000000000000000000 ) ) ;
#156 = FACE_OUTER_BOUND ( 'NONE', #68, .T. ) ;
#157 = DIRECTION ( 'NONE',  ( -0.000000000000000000, 0.000000000000000000, 1.000000000000000000 ) ) ;
#158 = ORIENTED_EDGE ( 'NONE', *, *, #1459, .F. ) ;
#159 = FACE_OUTER_BOUND ( 'NONE', #1770, .T. ) ;
#160 = AXIS2_PLACEMENT_3D ( 'NONE', #1254, #825, #2043 ) ;
#161 = EDGE_CURVE ( 'NONE', #1969, #1227, #2269, .T. ) ;
#162 = AXIS2_PLACEMENT_3D ( 'NONE', #1606, #2013, #2413 ) ;
#163 = AXIS2_PLACEMENT_3D ( 'NONE', #437, #1893, #1464 ) ;
#164 = ORIENTED_EDGE ( 'NONE', *, *, #727, .T. ) ;
#165 = CARTESIAN_POINT ( 'NONE',  ( -39.50258886930108559, 26.73107318126278642, -11.78361600875823534 ) ) ;
#166 = STYLED_ITEM ( 'NONE', ( #2309 ), #1252 ) ;
#167 = ORIENTED_EDGE ( 'NONE', *, *, #536, .T. ) ;
#168 = ORIENTED_EDGE ( 'NONE', *, *, #1298, .T. ) ;
#169 = CARTESIAN_POINT ( 'NONE',  ( 0.000000000000000000, 0.000000000000000000, -22.50000000000000711 ) ) ;
#170 = CARTESIAN_POINT ( 'NONE',  ( -7.024297732054954224, 13.87409165088211083, -10.41870985422176688 ) ) ;
#171 = ORIENTED_EDGE ( 'NONE', *, *, #1542, .T. ) ;
#172 = CARTESIAN_POINT ( 'NONE',  ( -14.09854576691691008, -40.69609816278060777, -8.558607257543780378 ) ) ;
#173 = EDGE_CURVE ( 'NONE', #1253, #721, #2105, .T. ) ;
#174 = VERTEX_POINT ( 'NONE', #20 ) ;
#175 = CARTESIAN_POINT ( 'NONE',  ( -26.47404844669601331, -33.87375350293455512, -8.439391886912593677 ) ) ;
#176 = EDGE_LOOP ( 'NONE', ( #668, #1548, #158, #1745, #2357, #1552, #2593, #1173, #2245, #1582 ) ) ;
#177 = DIRECTION ( 'NONE',  ( -0.000000000000000000, -0.000000000000000000, 1.000000000000000000 ) ) ;
#178 = CARTESIAN_POINT ( 'NONE',  ( -41.23824083421853715, -28.16722265863415231, -3.749997893052738451 ) ) ;
#179 = FACE_BOUND ( 'NONE', #695, .T. ) ;
#180 = ORIENTED_EDGE ( 'NONE', *, *, #1892, .T. ) ;
#181 = CARTESIAN_POINT ( 'NONE',  ( 16.34668950198797432, 4.091901726674390005, -10.00000000000000178 ) ) ;
#182 = DIRECTION ( 'NONE',  ( 0.3988719807210857060, 0.7687009450987016823, 0.5000000000000007772 ) ) ;
#183 = EDGE_LOOP ( 'NONE', ( #1563, #1700, #1950, #2055 ) ) ;
#184 = DIRECTION ( 'NONE',  ( 0.4605776908830357397, 0.8876193951581100583, 4.371139570934759309E-08 ) ) ;
#185 = CIRCLE ( 'NONE', #1668, 5.499999999999998224 ) ;
#186 = EDGE_CURVE ( 'NONE', #647, #2191, #923, .T. ) ;
#187 = ORIENTED_EDGE ( 'NONE', *, *, #1558, .F. ) ;
#188 = DIRECTION ( 'NONE',  ( -0.000000000000000000, -0.000000000000000000, 1.000000000000000000 ) ) ;
#189 = CARTESIAN_POINT ( 'NONE',  ( -65.61506191114270337, -15.82011622211598123, -22.50000000000000711 ) ) ;
#190 = ADVANCED_FACE ( 'NONE', ( #459 ), #2452, .F. ) ;
#191 = CIRCLE ( 'NONE', #1208, 1.600000000000004974 ) ;
#192 = LINE ( 'NONE', #971, #1943 ) ;
#193 = ORIENTED_EDGE ( 'NONE', *, *, #1615, .T. ) ;
#194 = CYLINDRICAL_SURFACE ( 'NONE', #1569, 1.600000000000004086 ) ;
#195 = CARTESIAN_POINT ( 'NONE',  ( 23.91960578319928743, 39.41234654444432550, -10.00000000000000888 ) ) ;
#196 = ORIENTED_EDGE ( 'NONE', *, *, #62, .T. ) ;
#197 = CARTESIAN_POINT ( 'NONE',  ( -24.75344550512132713, -36.16918474330898903, -8.727104157117171468 ) ) ;
#198 = CIRCLE ( 'NONE', #1219, 2.750000000000002665 ) ;
#199 = AXIS2_PLACEMENT_3D ( 'NONE', #567, #1379, #2181 ) ;
#200 = VERTEX_POINT ( 'NONE', #2498 ) ;
#201 = DIRECTION ( 'NONE',  ( -0.000000000000000000, -0.000000000000000000, 1.000000000000000000 ) ) ;
#202 = LINE ( 'NONE', #2607, #1385 ) ;
#203 = CIRCLE ( 'NONE', #1686, 17.62500000000000000 ) ;
#204 = CARTESIAN_POINT ( 'NONE',  ( -69.02444313226470740, -13.74921313489748620, -8.749997893052738007 ) ) ;
#205 = EDGE_CURVE ( 'NONE', #1211, #1833, #1304, .T. ) ;
#206 = AXIS2_PLACEMENT_3D ( 'NONE', #560, #2331, #1976 ) ;
#207 = ORIENTED_EDGE ( 'NONE', *, *, #706, .T. ) ;
#208 = DIRECTION ( 'NONE',  ( -0.3019640849423639861, 0.9533193019156386283, 0.000000000000000000 ) ) ;
#209 = CARTESIAN_POINT ( 'NONE',  ( -53.25716370948666167, 27.63466145298217214, -58.20889244992065414 ) ) ;
#210 = VERTEX_POINT ( 'NONE', #867 ) ;
#211 = CARTESIAN_POINT ( 'NONE',  ( -64.46506191114271189, -15.82011622211598123, -11.74999789305273801 ) ) ;
#212 = ORIENTED_EDGE ( 'NONE', *, *, #744, .F. ) ;
#213 = DIRECTION ( 'NONE',  ( 1.000000000000000000, 0.000000000000000000, 0.000000000000000000 ) ) ;
#214 = CARTESIAN_POINT ( 'NONE',  ( -68.09483059237140878, 26.45092868664163888, -18.30914951692450288 ) ) ;
#215 = DIRECTION ( 'NONE',  ( 0.000000000000000000, 0.000000000000000000, 1.000000000000000000 ) ) ;
#216 = EDGE_LOOP ( 'NONE', ( #527, #903, #2115, #2597 ) ) ;
#217 = LINE ( 'NONE', #2395, #1487 ) ;
#218 = ADVANCED_FACE ( 'NONE', ( #1042 ), #2465, .T. ) ;
#219 = CARTESIAN_POINT ( 'NONE',  ( -82.35996626168197565, -6.550072440955714725, -8.749997893052739784 ) ) ;
#220 = LINE ( 'NONE', #875, #2603 ) ;
#221 = ADVANCED_FACE ( 'NONE', ( #1658 ), #2483, .F. ) ;
#222 = VERTEX_POINT ( 'NONE', #2072 ) ;
#223 = DIRECTION ( 'NONE',  ( 1.000000000000000000, 0.000000000000000000, 0.000000000000000000 ) ) ;
#224 = EDGE_LOOP ( 'NONE', ( #2434, #2130, #1632, #1960 ) ) ;
#225 = CARTESIAN_POINT ( 'NONE',  ( 27.99612092992120438, 26.54253596858319497, -129.4945880568757559 ) ) ;
#226 = DIRECTION ( 'NONE',  ( -1.740655977457631466E-16, 4.070057625873838035E-18, -1.000000000000000000 ) ) ;
#227 = VECTOR ( 'NONE', #426, 1000.000000000000114 ) ;
#228 = VECTOR ( 'NONE', #40, 999.9999999999998863 ) ;
#229 = CARTESIAN_POINT ( 'NONE',  ( 0.000000000000000000, 0.000000000000000000, -22.50000000000000711 ) ) ;
#230 = ORIENTED_EDGE ( 'NONE', *, *, #2098, .F. ) ;
#231 = DIRECTION ( 'NONE',  ( -0.000000000000000000, -0.000000000000000000, 1.000000000000000000 ) ) ;
#232 = CYLINDRICAL_SURFACE ( 'NONE', #837, 1.600000000000004086 ) ;
#233 = DIRECTION ( 'NONE',  ( 0.000000000000000000, 0.000000000000000000, 1.000000000000000000 ) ) ;
#234 = EDGE_CURVE ( 'NONE', #1560, #1588, #1680, .T. ) ;
#235 = EDGE_CURVE ( 'NONE', #1754, #561, #500, .T. ) ;
#236 = ORIENTED_EDGE ( 'NONE', *, *, #2037, .F. ) ;
#237 = DIRECTION ( 'NONE',  ( 1.740655977457631713E-16, -4.070057625873862687E-18, 1.000000000000000000 ) ) ;
#238 = CARTESIAN_POINT ( 'NONE',  ( 0.000000000000000000, 0.000000000000000000, 0.000000000000000000 ) ) ;
#239 = AXIS2_PLACEMENT_3D ( 'NONE', #1746, #1957, #909 ) ;
#240 = ORIENTED_EDGE ( 'NONE', *, *, #252, .T. ) ;
#241 = CARTESIAN_POINT ( 'NONE',  ( -27.49409397781722220, -36.43096788913185691, -17.49999611394102672 ) ) ;
#242 = CIRCLE ( 'NONE', #375, 2.750000000000002665 ) ;
#243 = CARTESIAN_POINT ( 'NONE',  ( -16.64766322255828968, 39.75478068979062840, 0.000000000000000000 ) ) ;
#244 = ORIENTED_EDGE ( 'NONE', *, *, #1425, .T. ) ;
#245 = CIRCLE ( 'NONE', #977, 5.000000000000001776 ) ;
#246 = FACE_OUTER_BOUND ( 'NONE', #1153, .T. ) ;
#247 = CIRCLE ( 'NONE', #2113, 7.625000000000000000 ) ;
#248 = CARTESIAN_POINT ( 'NONE',  ( -8.893313454599001133, 21.51379507859518014, -129.4945880568757559 ) ) ;
#249 = CARTESIAN_POINT ( 'NONE',  ( -9.057006718846384530, -44.86577451484303936, -3.749997893052738451 ) ) ;
#250 = ORIENTED_EDGE ( 'NONE', *, *, #1214, .F. ) ;
#251 = CARTESIAN_POINT ( 'NONE',  ( -29.09409397781722717, -36.43096788913185691, -22.50000000000000711 ) ) ;
#252 = EDGE_CURVE ( 'NONE', #1513, #2587, #2481, .T. ) ;
#253 = ORIENTED_EDGE ( 'NONE', *, *, #2037, .T. ) ;
#254 = CARTESIAN_POINT ( 'NONE',  ( -53.25716370948666167, 27.63466145298217214, -58.20889244992065414 ) ) ;
#255 = FACE_OUTER_BOUND ( 'NONE', #1886, .T. ) ;
#256 = DIRECTION ( 'NONE',  ( -1.000000000000000000, 0.000000000000000000, 0.000000000000000000 ) ) ;
#257 = VERTEX_POINT ( 'NONE', #2082 ) ;
#258 = FACE_OUTER_BOUND ( 'NONE', #918, .T. ) ;
#259 = DIRECTION ( 'NONE',  ( -0.000000000000000000, -0.000000000000000000, 1.000000000000000000 ) ) ;
#260 = CARTESIAN_POINT ( 'NONE',  ( -6.600417955040787987, 14.69098729897943478, 0.000000000000000000 ) ) ;
#261 = DIRECTION ( 'NONE',  ( 9.773064322865735686E-08, -1.465896626999272621E-09, -0.9999999999999953371 ) ) ;
#262 = CARTESIAN_POINT ( 'NONE',  ( 7.934415964630500362, -205.7298404504566349, -17.49999240331531780 ) ) ;
#263 = DIRECTION ( 'NONE',  ( -0.000000000000000000, -0.000000000000000000, 1.000000000000000000 ) ) ;
#264 = ORIENTED_EDGE ( 'NONE', *, *, #1086, .T. ) ;
#265 = CARTESIAN_POINT ( 'NONE',  ( -13.95789820165604311, -43.45477767509814981, -22.50000000000000711 ) ) ;
#266 = EDGE_CURVE ( 'NONE', #796, #1617, #1887, .T. ) ;
#267 = CARTESIAN_POINT ( 'NONE',  ( 6.950351459418663502, -65.56996967786773212, -8.749997893052738007 ) ) ;
#268 = DIRECTION ( 'NONE',  ( -0.8876193951581107244, 0.4605776908830363503, 0.000000000000000000 ) ) ;
#269 = ORIENTED_EDGE ( 'NONE', *, *, #963, .F. ) ;
#270 = EDGE_CURVE ( 'NONE', #851, #2326, #2441, .T. ) ;
#271 = DIRECTION ( 'NONE',  ( 1.000000000000000000, 0.000000000000000000, 0.000000000000000000 ) ) ;
#272 = PLANE ( 'NONE',  #793 ) ;
#273 = CARTESIAN_POINT ( 'NONE',  ( -27.49409397781722220, -36.43096788913185691, -22.50000000000000711 ) ) ;
#274 = CIRCLE ( 'NONE', #610, 2.750000000000002665 ) ;
#275 = CIRCLE ( 'NONE', #1933, 5.499999999999998224 ) ;
#276 = DIRECTION ( 'NONE',  ( -0.8876193951581107244, 0.4605776908830363503, -0.000000000000000000 ) ) ;
#277 = CARTESIAN_POINT ( 'NONE',  ( -87.13227338645046416, -16.75134500596470133, -94.52950056003933810 ) ) ;
#278 = VERTEX_POINT ( 'NONE', #2294 ) ;
#279 = FACE_OUTER_BOUND ( 'NONE', #2558, .T. ) ;
#280 = DIRECTION ( 'NONE',  ( -0.000000000000000000, -0.000000000000000000, -1.000000000000000000 ) ) ;
#281 = VECTOR ( 'NONE', #1198, 1000.000000000000000 ) ;
#282 = CARTESIAN_POINT ( 'NONE',  ( -35.15623478978903194, -40.34141520082344101, -94.52950056003933810 ) ) ;
#283 = VERTEX_POINT ( 'NONE', #1646 ) ;
#284 = VERTEX_POINT ( 'NONE', #69 ) ;
#285 = FACE_OUTER_BOUND ( 'NONE', #1136, .T. ) ;
#286 = AXIS2_PLACEMENT_3D ( 'NONE', #2241, #1836, #1633 ) ;
#287 = ADVANCED_FACE ( 'NONE', ( #48 ), #484, .F. ) ;
#288 = PLANE ( 'NONE',  #2276 ) ;
#289 = CIRCLE ( 'NONE', #1266, 3.000000000000002665 ) ;
#290 =( NAMED_UNIT ( * ) PLANE_ANGLE_UNIT ( ) SI_UNIT ( $, .RADIAN. ) );
#291 = CARTESIAN_POINT ( 'NONE',  ( -23.29065351145452212, 73.53003437788495944, -9.999999999999994671 ) ) ;
#292 = AXIS2_PLACEMENT_3D ( 'NONE', #1649, #1044, #2254 ) ;
#293 = EDGE_CURVE ( 'NONE', #680, #174, #32, .T. ) ;
#294 = FACE_OUTER_BOUND ( 'NONE', #517, .T. ) ;
#295 = VECTOR ( 'NONE', #334, 1000.000000000000000 ) ;
#296 = LINE ( 'NONE', #1896, #2019 ) ;
#297 = ORIENTED_EDGE ( 'NONE', *, *, #1990, .F. ) ;
#298 = CARTESIAN_POINT ( 'NONE',  ( -15.83702296932964693, -3.109678947748284905, -17.68280811434526001 ) ) ;
#299 = CARTESIAN_POINT ( 'NONE',  ( -5.008362673836801449, 44.88400955702481809, 0.000000000000000000 ) ) ;
#300 = ORIENTED_EDGE ( 'NONE', *, *, #1026, .T. ) ;
#301 = EDGE_LOOP ( 'NONE', ( #1423, #427 ) ) ;
#302 = DIRECTION ( 'NONE',  ( 1.000000000000000000, 0.000000000000000000, 0.000000000000000000 ) ) ;
#303 = CARTESIAN_POINT ( 'NONE',  ( -11.20619486387114883, 5.814793347398332202, -22.50000000000000711 ) ) ;
#304 = ORIENTED_EDGE ( 'NONE', *, *, #712, .T. ) ;
#305 = CYLINDRICAL_SURFACE ( 'NONE', #2403, 5.000000000000001776 ) ;
#306 = EDGE_CURVE ( 'NONE', #1544, #2272, #1090, .T. ) ;
#307 = ADVANCED_FACE ( 'NONE', ( #279 ), #2323, .F. ) ;
#308 = VERTEX_POINT ( 'NONE', #2150 ) ;
#309 = LINE ( 'NONE', #722, #1774 ) ;
#310 = CARTESIAN_POINT ( 'NONE',  ( -45.68245669717113344, 14.82131147957388428, -18.30913506672485980 ) ) ;
#311 = DIRECTION ( 'NONE',  ( -0.000000000000000000, -0.000000000000000000, 1.000000000000000000 ) ) ;
#312 = ORIENTED_EDGE ( 'NONE', *, *, #2453, .F. ) ;
#313 = ORIENTED_EDGE ( 'NONE', *, *, #2166, .F. ) ;
#314 = DIRECTION ( 'NONE',  ( 0.9999999999999952260, 0.000000000000000000, 9.773064302276425410E-08 ) ) ;
#315 = LINE ( 'NONE', #1938, #1897 ) ;
#316 = VERTEX_POINT ( 'NONE', #1522 ) ;
#317 = AXIS2_PLACEMENT_3D ( 'NONE', #1294, #2096, #1850 ) ;
#318 = CARTESIAN_POINT ( 'NONE',  ( -30.85233934496919161, -32.04700331945227276, -8.749997893052738007 ) ) ;
#319 = VECTOR ( 'NONE', #2569, 1000.000000000000000 ) ;
#320 = EDGE_CURVE ( 'NONE', #1347, #308, #1981, .T. ) ;
#321 = CARTESIAN_POINT ( 'NONE',  ( -68.82377048552085341, -13.57388222692201118, -8.749997893052743336 ) ) ;
#322 = EDGE_CURVE ( 'NONE', #2238, #1279, #2349, .T. ) ;
#323 = VERTEX_POINT ( 'NONE', #1758 ) ;
#324 = CARTESIAN_POINT ( 'NONE',  ( -2.319062125115290307, 50.01323842425892252, -9.999999999999994671 ) ) ;
#325 = CARTESIAN_POINT ( 'NONE',  ( -36.53796786243815120, -43.00427338629776841, -8.749997893052738007 ) ) ;
#326 = EDGE_LOOP ( 'NONE', ( #799, #587, #2539, #2429 ) ) ;
#327 = ORIENTED_EDGE ( 'NONE', *, *, #554, .T. ) ;
#328 = DIRECTION ( 'NONE',  ( -1.000000000000000000, 0.000000000000000000, 1.374038396813313031E-16 ) ) ;
#329 = VECTOR ( 'NONE', #1790, 1000.000000000000000 ) ;
#330 = CARTESIAN_POINT ( 'NONE',  ( -82.56063890842588648, -6.725403348931190628, -8.749997893052738007 ) ) ;
#331 = DIRECTION ( 'NONE',  ( -1.000000000000000000, 0.000000000000000000, 0.000000000000000000 ) ) ;
#332 = ORIENTED_EDGE ( 'NONE', *, *, #1977, .F. ) ;
#333 = AXIS2_PLACEMENT_3D ( 'NONE', #29, #1265, #2291 ) ;
#334 = DIRECTION ( 'NONE',  ( -0.000000000000000000, -0.000000000000000000, -1.000000000000000000 ) ) ;
#335 = AXIS2_PLACEMENT_3D ( 'NONE', #120, #1753, #2315 ) ;
#336 = CIRCLE ( 'NONE', #716, 1.600000000000004086 ) ;
#337 = AXIS2_PLACEMENT_3D ( 'NONE', #845, #2299, #271 ) ;
#338 = ORIENTED_EDGE ( 'NONE', *, *, #1086, .F. ) ;
#339 = CARTESIAN_POINT ( 'NONE',  ( -24.74409397781722575, -36.43096788913185691, -11.74999789305273801 ) ) ;
#340 = CARTESIAN_POINT ( 'NONE',  ( -64.46335857335779451, 33.44945480038052210, -9.999999999999980460 ) ) ;
#341 = ADVANCED_FACE ( 'NONE', ( #1146 ), #954, .F. ) ;
#342 = ORIENTED_EDGE ( 'NONE', *, *, #1082, .T. ) ;
#343 = ORIENTED_EDGE ( 'NONE', *, *, #535, .F. ) ;
#344 = DIRECTION ( 'NONE',  ( -1.000000000000000000, 0.000000000000000000, 1.374038396813312538E-16 ) ) ;
#345 = EDGE_CURVE ( 'NONE', #822, #1810, #1351, .T. ) ;
#346 = CYLINDRICAL_SURFACE ( 'NONE', #2489, 12.62500000000000000 ) ;
#347 =( NAMED_UNIT ( * ) SI_UNIT ( $, .STERADIAN. ) SOLID_ANGLE_UNIT ( ) );
#348 = VERTEX_POINT ( 'NONE', #705 ) ;
#349 = CARTESIAN_POINT ( 'NONE',  ( -80.75125768730389098, -8.796306436149690100, -17.49999611394102672 ) ) ;
#350 = CARTESIAN_POINT ( 'NONE',  ( -64.46506191114265505, -15.68882390822214390, -8.737030830089599576 ) ) ;
#351 = ORIENTED_EDGE ( 'NONE', *, *, #1963, .T. ) ;
#352 = CARTESIAN_POINT ( 'NONE',  ( -27.63474154307809272, -33.67228837681433617, -8.558607257543783930 ) ) ;
#353 = PRODUCT_RELATED_PRODUCT_CATEGORY ( 'part', '', ( #2412 ) ) ;
#354 = ORIENTED_EDGE ( 'NONE', *, *, #423, .T. ) ;
#355 = ORIENTED_EDGE ( 'NONE', *, *, #1767, .F. ) ;
#356 = PLANE ( 'NONE',  #915 ) ;
#357 = CARTESIAN_POINT ( 'NONE',  ( -10.75259860017922264, 6.688958225971336269, -14.38165571886078986 ) ) ;
#358 = EDGE_CURVE ( 'NONE', #516, #561, #309, .T. ) ;
#359 = EDGE_LOOP ( 'NONE', ( #989, #559, #1687, #332, #2371, #2339 ) ) ;
#360 = CARTESIAN_POINT ( 'NONE',  ( -13.95789820165604311, -43.45477767509814981, -17.49999478074373016 ) ) ;
#361 = CARTESIAN_POINT ( 'NONE',  ( -65.61271529166356231, -13.56961177518098793, -8.441338549548294878 ) ) ;
#362 = AXIS2_PLACEMENT_3D ( 'NONE', #975, #596, #2599 ) ;
#363 = ORIENTED_EDGE ( 'NONE', *, *, #320, .T. ) ;
#364 = CARTESIAN_POINT ( 'NONE',  ( -24.74409397781622744, -36.43096788913317141, -8.743140547978237365 ) ) ;
#365 = AXIS2_PLACEMENT_3D ( 'NONE', #178, #1199, #1801 ) ;
#366 = EDGE_LOOP ( 'NONE', ( #63, #212, #1496, #1650 ) ) ;
#367 = CARTESIAN_POINT ( 'NONE',  ( -64.48009167598252134, -16.10723607999388207, -8.749997893052738007 ) ) ;
#368 = DIRECTION ( 'NONE',  ( 0.000000000000000000, 0.000000000000000000, 1.000000000000000000 ) ) ;
#369 = LINE ( 'NONE', #1792, #2063 ) ;
#370 = ORIENTED_EDGE ( 'NONE', *, *, #27, .T. ) ;
#371 = CARTESIAN_POINT ( 'NONE',  ( -13.83256096191322193, -40.69521327930483778, -8.519831260615989166 ) ) ;
#372 = EDGE_CURVE ( 'NONE', #1570, #524, #1050, .T. ) ;
#373 = VECTOR ( 'NONE', #2053, 1000.000000000000000 ) ;
#374 = CARTESIAN_POINT ( 'NONE',  ( -69.02444313226470740, -13.74921313489748620, -8.749997893052738007 ) ) ;
#375 = AXIS2_PLACEMENT_3D ( 'NONE', #1114, #1922, #916 ) ;
#376 = CARTESIAN_POINT ( 'NONE',  ( -63.39713105215778910, -16.66917457092737820, -8.749997893052738007 ) ) ;
#377 = CIRCLE ( 'NONE', #1780, 7.625000000000000000 ) ;
#378 = VERTEX_POINT ( 'NONE', #2363 ) ;
#379 = CARTESIAN_POINT ( 'NONE',  ( -26.11455633022502809, -34.03749152847670700, -8.431872125855319311 ) ) ;
#380 = AXIS2_PLACEMENT_3D ( 'NONE', #435, #2256, #2273 ) ;
#381 = VERTEX_POINT ( 'NONE', #1945 ) ;
#382 = CARTESIAN_POINT ( 'NONE',  ( -15.55789820165604276, -43.45477767509814981, -22.50000000000000711 ) ) ;
#383 = DIRECTION ( 'NONE',  ( -0.000000000000000000, -0.000000000000000000, 1.000000000000000000 ) ) ;
#384 = LINE ( 'NONE', #1997, #1221 ) ;
#385 = ORIENTED_EDGE ( 'NONE', *, *, #2467, .T. ) ;
#386 = DIRECTION ( 'NONE',  ( 0.000000000000000000, 0.8899450633366660091, 0.4560677408485470097 ) ) ;
#387 = EDGE_CURVE ( 'NONE', #936, #1908, #1410, .T. ) ;
#388 = ADVANCED_FACE ( 'NONE', ( #940 ), #1292, .F. ) ;
#389 = VERTEX_POINT ( 'NONE', #1900 ) ;
#390 = CARTESIAN_POINT ( 'NONE',  ( -37.52701428619524648, 30.53837507898203185, -10.27283726740023972 ) ) ;
#391 = ORIENTED_EDGE ( 'NONE', *, *, #1863, .T. ) ;
#392 = LINE ( 'NONE', #564, #281 ) ;
#393 = CARTESIAN_POINT ( 'NONE',  ( -66.67501600077680735, 29.18717708506423136, -19.63832712064577635 ) ) ;
#394 = DIRECTION ( 'NONE',  ( 1.000000000000000000, 0.000000000000000000, 0.000000000000000000 ) ) ;
#395 = VERTEX_POINT ( 'NONE', #2307 ) ;
#396 = DIRECTION ( 'NONE',  ( 0.2302888454415184527, 0.4438096975790558618, -0.8660254037844382635 ) ) ;
#397 = CARTESIAN_POINT ( 'NONE',  ( -40.63216370948666167, 27.63466145298217214, -22.50000000000000711 ) ) ;
#398 = VERTEX_POINT ( 'NONE', #1715 ) ;
#399 = FACE_OUTER_BOUND ( 'NONE', #1845, .T. ) ;
#400 = AXIS2_PLACEMENT_3D ( 'NONE', #2295, #226, #485 ) ;
#401 = EDGE_CURVE ( 'NONE', #781, #278, #832, .T. ) ;
#402 = VECTOR ( 'NONE', #368, 1000.000000000000000 ) ;
#403 = SHAPE_DEFINITION_REPRESENTATION ( #2431, #811 ) ;
#404 = VERTEX_POINT ( 'NONE', #324 ) ;
#405 = CARTESIAN_POINT ( 'NONE',  ( -53.25716370948666167, 27.63466145298217214, -22.50000000000000711 ) ) ;
#406 = DIRECTION ( 'NONE',  ( -1.000000000000000000, 0.000000000000000000, 0.000000000000000000 ) ) ;
#407 = CIRCLE ( 'NONE', #746, 2.999999999999999556 ) ;
#408 = CARTESIAN_POINT ( 'NONE',  ( -64.46506191114171713, -15.82011622211728863, -8.743140547978237365 ) ) ;
#409 = VERTEX_POINT ( 'NONE', #2509 ) ;
#410 = PLANE ( 'NONE',  #380 ) ;
#411 = CARTESIAN_POINT ( 'NONE',  ( -10.81286132342869521, -48.24963489921564985, -11.72452583797384307 ) ) ;
#412 = ORIENTED_EDGE ( 'NONE', *, *, #2292, .T. ) ;
#413 = LINE ( 'NONE', #251, #1392 ) ;
#414 = VECTOR ( 'NONE', #1413, 1000.000000000000000 ) ;
#415 = ORIENTED_EDGE ( 'NONE', *, *, #2592, .F. ) ;
#416 = DIRECTION ( 'NONE',  ( 0.4605776908830362948, 0.8876193951581106134, 0.000000000000000000 ) ) ;
#417 = EDGE_CURVE ( 'NONE', #2326, #2005, #198, .T. ) ;
#418 = CARTESIAN_POINT ( 'NONE',  ( -30.24409397781722220, -36.43096788913185691, -11.74999789305273801 ) ) ;
#419 = VECTOR ( 'NONE', #1691, 1000.000000000000000 ) ;
#420 = LINE ( 'NONE', #446, #1818 ) ;
#421 = VECTOR ( 'NONE', #642, 1000.000000000000000 ) ;
#422 = VERTEX_POINT ( 'NONE', #2111 ) ;
#423 = EDGE_CURVE ( 'NONE', #1899, #1908, #1808, .T. ) ;
#424 = CARTESIAN_POINT ( 'NONE',  ( -14.61305237919206235, -40.77133447783248243, -8.635511708649694640 ) ) ;
#425 = CARTESIAN_POINT ( 'NONE',  ( -80.23745487863605774, -6.091568381669342003, -8.476167425312683079 ) ) ;
#426 = DIRECTION ( 'NONE',  ( -0.4605776908830358507, -0.8876193951581098363, -4.371139570934761294E-08 ) ) ;
#427 = ORIENTED_EDGE ( 'NONE', *, *, #836, .T. ) ;
#428 = DIRECTION ( 'NONE',  ( -0.000000000000000000, -0.000000000000000000, 1.000000000000000000 ) ) ;
#429 = EDGE_LOOP ( 'NONE', ( #152, #244 ) ) ;
#430 = DIRECTION ( 'NONE',  ( 0.000000000000000000, 0.000000000000000000, 1.000000000000000000 ) ) ;
#431 = LINE ( 'NONE', #49, #871 ) ;
#432 = ADVANCED_FACE ( 'NONE', ( #399, #797 ), #1571, .T. ) ;
#433 = CARTESIAN_POINT ( 'NONE',  ( -67.21506191114271189, -15.82011622211598123, -11.74999789305273801 ) ) ;
#434 = VERTEX_POINT ( 'NONE', #1821 ) ;
#435 = CARTESIAN_POINT ( 'NONE',  ( -42.05096884561550041, 21.81986810558384349, -129.4945880568757559 ) ) ;
#436 = EDGE_CURVE ( 'NONE', #2414, #1316, #1722, .T. ) ;
#437 = CARTESIAN_POINT ( 'NONE',  ( -16.64766322255828968, 39.75478068979062840, -129.4945880568757559 ) ) ;
#438 = DIRECTION ( 'NONE',  ( -0.4605776908830363503, -0.8876193951581106134, 0.000000000000000000 ) ) ;
#439 = ORIENTED_EDGE ( 'NONE', *, *, #2103, .F. ) ;
#440 = PRODUCT_CONTEXT ( 'NONE', #2445, 'mechanical' ) ;
#441 = ORIENTED_EDGE ( 'NONE', *, *, #128, .F. ) ;
#442 = CARTESIAN_POINT ( 'NONE',  ( -64.46335857335779451, 33.44945480038051500, -129.4945880568757559 ) ) ;
#443 = CARTESIAN_POINT ( 'NONE',  ( -24.74409397781722575, -36.43096788913185691, -11.74999789305273801 ) ) ;
#444 = CIRCLE ( 'NONE', #2347, 5.499999999999998224 ) ;
#445 = CIRCLE ( 'NONE', #2304, 12.62499999999999645 ) ;
#446 = CARTESIAN_POINT ( 'NONE',  ( -34.80362193144664928, 69.88329926308399820, -129.4945880568757559 ) ) ;
#447 = ORIENTED_EDGE ( 'NONE', *, *, #2589, .T. ) ;
#448 = DIRECTION ( 'NONE',  ( -0.9533193019156376291, -0.3019640849423672613, 0.000000000000000000 ) ) ;
#449 = DIRECTION ( 'NONE',  ( 0.000000000000000000, 0.000000000000000000, -1.000000000000000000 ) ) ;
#450 = FACE_OUTER_BOUND ( 'NONE', #2338, .T. ) ;
#451 = DIRECTION ( 'NONE',  ( 1.000000000000000000, 0.000000000000000000, 0.000000000000000000 ) ) ;
#452 = ADVANCED_FACE ( 'NONE', ( #2203 ), #1980, .F. ) ;
#453 = PLANE ( 'NONE',  #648 ) ;
#454 = ORIENTED_EDGE ( 'NONE', *, *, #1963, .F. ) ;
#455 = CYLINDRICAL_SURFACE ( 'NONE', #1595, 3.000000000000002665 ) ;
#456 = EDGE_CURVE ( 'NONE', #1826, #828, #2173, .T. ) ;
#457 = AXIS2_PLACEMENT_3D ( 'NONE', #1876, #649, #2030 ) ;
#458 = ORIENTED_EDGE ( 'NONE', *, *, #2280, .F. ) ;
#459 = FACE_OUTER_BOUND ( 'NONE', #2397, .T. ) ;
#460 = DIRECTION ( 'NONE',  ( 0.000000000000000000, 0.000000000000000000, 1.000000000000000000 ) ) ;
#461 = CIRCLE ( 'NONE', #1565, 2.999999999999999112 ) ;
#462 = DIRECTION ( 'NONE',  ( 0.000000000000000000, 0.000000000000000000, 1.000000000000000000 ) ) ;
#463 = VERTEX_POINT ( 'NONE', #1185 ) ;
#464 = CIRCLE ( 'NONE', #1948, 4.999999999999998224 ) ;
#465 = DIRECTION ( 'NONE',  ( 1.000000000000000000, 0.000000000000000000, 0.000000000000000000 ) ) ;
#466 = CIRCLE ( 'NONE', #671, 5.000000000000001776 ) ;
#467 = CARTESIAN_POINT ( 'NONE',  ( -78.00125768730289622, -8.796306436150997499, -8.743140547978237365 ) ) ;
#468 = DIRECTION ( 'NONE',  ( -0.8876193951581107244, 0.4605776908830361283, 0.000000000000000000 ) ) ;
#469 = CARTESIAN_POINT ( 'NONE',  ( -42.05096884561550752, 21.81986810558383638, -8.749997893052738007 ) ) ;
#470 = CARTESIAN_POINT ( 'NONE',  ( -62.31417042833305686, -17.23111306186087432, -8.749997893052738007 ) ) ;
#471 = CARTESIAN_POINT ( 'NONE',  ( -82.35125768730388529, -8.796306436149690100, -22.50000000000000711 ) ) ;
#472 = ADVANCED_FACE ( 'NONE', ( #1993 ), #1402, .F. ) ;
#473 = VERTEX_POINT ( 'NONE', #2601 ) ;
#474 = CARTESIAN_POINT ( 'NONE',  ( 0.000000000000000000, 0.000000000000000000, -15.00000000000000000 ) ) ;
#475 = DIRECTION ( 'NONE',  ( -9.773064322865735686E-08, 1.465896626999272621E-09, 0.9999999999999953371 ) ) ;
#476 = CARTESIAN_POINT ( 'NONE',  ( -6.758577579069338093, 15.16161176200054328, -10.07884520788561744 ) ) ;
#477 = ORIENTED_EDGE ( 'NONE', *, *, #978, .F. ) ;
#478 = CYLINDRICAL_SURFACE ( 'NONE', #1971, 1.600000000000004086 ) ;
#479 = CARTESIAN_POINT ( 'NONE',  ( -82.56063890842588648, -6.725403348931190628, -8.749997893052738007 ) ) ;
#480 = FACE_OUTER_BOUND ( 'NONE', #1329, .T. ) ;
#481 = CARTESIAN_POINT ( 'NONE',  ( -27.49409397781722220, -36.43096788913185691, -22.50000000000000711 ) ) ;
#482 = DIRECTION ( 'NONE',  ( -0.000000000000000000, -0.000000000000000000, -1.000000000000000000 ) ) ;
#483 = ORIENTED_EDGE ( 'NONE', *, *, #2332, .T. ) ;
#484 = CYLINDRICAL_SURFACE ( 'NONE', #2061, 7.625000000000000000 ) ;
#485 = DIRECTION ( 'NONE',  ( -0.6411536084042677164, 0.7674125685901860283, 1.147261994707237216E-16 ) ) ;
#486 = EDGE_CURVE ( 'NONE', #2110, #434, #782, .T. ) ;
#487 = VECTOR ( 'NONE', #129, 1000.000000000000114 ) ;
#488 = DIRECTION ( 'NONE',  ( -0.8876193951581109465, 0.4605776908830362393, 0.000000000000000000 ) ) ;
#489 = ORIENTED_EDGE ( 'NONE', *, *, #1235, .T. ) ;
#490 = EDGE_LOOP ( 'NONE', ( #2155, #1148 ) ) ;
#491 = CARTESIAN_POINT ( 'NONE',  ( -4.369062125115308781, 50.01323842425892252, 0.000000000000000000 ) ) ;
#492 = CARTESIAN_POINT ( 'NONE',  ( -11.20789820165505013, -43.45477767509946432, -8.743140547978237365 ) ) ;
#493 = DIRECTION ( 'NONE',  ( 0.4605776908830362948, 0.8876193951581106134, 0.000000000000000000 ) ) ;
#494 = VECTOR ( 'NONE', #2390, 1000.000000000000000 ) ;
#495 = DIRECTION ( 'NONE',  ( 0.000000000000000000, 0.000000000000000000, 1.000000000000000000 ) ) ;
#496 = CARTESIAN_POINT ( 'NONE',  ( -16.00836267383679612, 44.88400955702481809, -9.999999999999992895 ) ) ;
#497 = EDGE_LOOP ( 'NONE', ( #1207, #167, #2169, #2100 ) ) ;
#498 = DIRECTION ( 'NONE',  ( 1.000000000000000000, 0.000000000000000000, 0.000000000000000000 ) ) ;
#499 = CARTESIAN_POINT ( 'NONE',  ( -24.74902915107363199, -36.62193136228330559, -8.749997893052738007 ) ) ;
#500 = CIRCLE ( 'NONE', #544, 1.600000000000004086 ) ;
#501 = EDGE_CURVE ( 'NONE', #2191, #2, #600, .T. ) ;
#502 = ORIENTED_EDGE ( 'NONE', *, *, #2050, .F. ) ;
#503 = ORIENTED_EDGE ( 'NONE', *, *, #925, .T. ) ;
#504 = CARTESIAN_POINT ( 'NONE',  ( -67.21506191114271189, -15.82011622211598123, -22.50000000000000711 ) ) ;
#505 = AXIS2_PLACEMENT_3D ( 'NONE', #84, #692, #1334 ) ;
#506 = CARTESIAN_POINT ( 'NONE',  ( -6.419062125115327255, 50.01323842425892252, 0.000000000000000000 ) ) ;
#507 = EDGE_CURVE ( 'NONE', #1279, #1796, #1377, .T. ) ;
#508 = CIRCLE ( 'NONE', #1015, 2.050000000000017142 ) ;
#509 = EDGE_LOOP ( 'NONE', ( #1657, #1112, #1839, #106 ) ) ;
#510 = DIRECTION ( 'NONE',  ( 0.000000000000000000, 0.000000000000000000, 1.000000000000000000 ) ) ;
#511 = FACE_OUTER_BOUND ( 'NONE', #2225, .T. ) ;
#512 = VERTEX_POINT ( 'NONE', #588 ) ;
#513 = CARTESIAN_POINT ( 'NONE',  ( -14.35388597004724609, -0.2513964206121994116, -18.70828690487624968 ) ) ;
#514 = CARTESIAN_POINT ( 'NONE',  ( -47.67343250730773008, 65.80678411636203862, 0.000000000000000000 ) ) ;
#515 = FACE_BOUND ( 'NONE', #630, .T. ) ;
#516 = VERTEX_POINT ( 'NONE', #1480 ) ;
#517 = EDGE_LOOP ( 'NONE', ( #385, #193, #1966, #2297 ) ) ;
#518 = DIRECTION ( 'NONE',  ( -0.000000000000000000, -0.000000000000000000, 1.000000000000000000 ) ) ;
#519 = EDGE_CURVE ( 'NONE', #1253, #2325, #1077, .T. ) ;
#520 = DIRECTION ( 'NONE',  ( -0.8876193951581109465, 0.4605776908830359062, 1.563785783320152193E-16 ) ) ;
#521 = ORIENTED_EDGE ( 'NONE', *, *, #679, .T. ) ;
#522 = CARTESIAN_POINT ( 'NONE',  ( -67.38274782152961961, -26.99919552652079702, -17.49999478074441939 ) ) ;
#523 = ADVANCED_FACE ( 'NONE', ( #852 ), #1683, .F. ) ;
#524 = VERTEX_POINT ( 'NONE', #1670 ) ;
#525 = DIRECTION ( 'NONE',  ( -9.773064322865735686E-08, 1.465896626999272621E-09, 0.9999999999999953371 ) ) ;
#526 = LINE ( 'NONE', #2524, #1586 ) ;
#527 = ORIENTED_EDGE ( 'NONE', *, *, #1369, .F. ) ;
#528 = EDGE_LOOP ( 'NONE', ( #1412, #2141, #885, #601 ) ) ;
#529 = DIRECTION ( 'NONE',  ( 0.000000000000000000, 0.000000000000000000, 1.000000000000000000 ) ) ;
#530 = DIRECTION ( 'NONE',  ( 1.740655977457631713E-16, -4.070057625873862687E-18, 1.000000000000000000 ) ) ;
#531 = LINE ( 'NONE', #917, #1341 ) ;
#532 = ORIENTED_EDGE ( 'NONE', *, *, #565, .T. ) ;
#533 = LINE ( 'NONE', #2145, #295 ) ;
#534 = AXIS2_PLACEMENT_3D ( 'NONE', #618, #1436, #2000 ) ;
#535 = EDGE_CURVE ( 'NONE', #777, #2587, #2069, .T. ) ;
#536 = EDGE_CURVE ( 'NONE', #1636, #1629, #864, .T. ) ;
#537 = ORIENTED_EDGE ( 'NONE', *, *, #1917, .F. ) ;
#538 = CARTESIAN_POINT ( 'NONE',  ( -85.75054031380136621, -14.08848682049037393, -17.49999659476635117 ) ) ;
#539 = LINE ( 'NONE', #2308, #107 ) ;
#540 = CARTESIAN_POINT ( 'NONE',  ( -8.893313454599001133, 21.51379507859518014, 0.000000000000000000 ) ) ;
#541 = ORIENTED_EDGE ( 'NONE', *, *, #2135, .T. ) ;
#542 = ORIENTED_EDGE ( 'NONE', *, *, #1154, .F. ) ;
#543 = CARTESIAN_POINT ( 'NONE',  ( -37.52701428619524648, 30.53837507898203185, 0.000000000000000000 ) ) ;
#544 = AXIS2_PLACEMENT_3D ( 'NONE', #2216, #1443, #1673 ) ;
#545 = DIRECTION ( 'NONE',  ( -0.000000000000000000, -0.000000000000000000, 1.000000000000000000 ) ) ;
#546 = DIRECTION ( 'NONE',  ( 0.000000000000000000, 0.000000000000000000, 1.000000000000000000 ) ) ;
#547 = ORIENTED_EDGE ( 'NONE', *, *, #694, .T. ) ;
#548 = AXIS2_PLACEMENT_3D ( 'NONE', #2463, #661, #57 ) ;
#549 = DIRECTION ( 'NONE',  ( 0.4605776908830361838, 0.8876193951581107244, 0.000000000000000000 ) ) ;
#550 = VECTOR ( 'NONE', #1492, 1000.000000000000227 ) ;
#551 = AXIS2_PLACEMENT_3D ( 'NONE', #360, #123, #743 ) ;
#552 = ORIENTED_EDGE ( 'NONE', *, *, #1314, .F. ) ;
#553 = CARTESIAN_POINT ( 'NONE',  ( -25.32247725907927105, -34.72350693001380506, -8.518169337432951238 ) ) ;
#554 = EDGE_CURVE ( 'NONE', #717, #404, #880, .T. ) ;
#555 = ORIENTED_EDGE ( 'NONE', *, *, #1929, .F. ) ;
#556 = EDGE_LOOP ( 'NONE', ( #1551, #102 ) ) ;
#557 = CYLINDRICAL_SURFACE ( 'NONE', #1205, 2.999999999999999112 ) ;
#558 = DIRECTION ( 'NONE',  ( 0.8876193951581072827, -0.4605776908830344074, 8.742277371457054533E-08 ) ) ;
#559 = ORIENTED_EDGE ( 'NONE', *, *, #1210, .F. ) ;
#560 = CARTESIAN_POINT ( 'NONE',  ( -5.379133806602656165, 38.74470900830328191, -129.4945880568757559 ) ) ;
#561 = VERTEX_POINT ( 'NONE', #2028 ) ;
#562 = DIRECTION ( 'NONE',  ( 0.000000000000000000, 0.000000000000000000, 1.000000000000000000 ) ) ;
#563 = ORIENTED_EDGE ( 'NONE', *, *, #358, .F. ) ;
#564 = CARTESIAN_POINT ( 'NONE',  ( -66.00100877153339241, -24.33634044263791196, -94.52950056003933810 ) ) ;
#565 = EDGE_CURVE ( 'NONE', #1936, #575, #1854, .T. ) ;
#566 = CARTESIAN_POINT ( 'NONE',  ( -67.37419285645229650, 27.83973245188324697, -18.92889263958050705 ) ) ;
#567 = CARTESIAN_POINT ( 'NONE',  ( -67.21506191114271189, -15.82011622211598123, -17.49999478074373016 ) ) ;
#568 = EDGE_LOOP ( 'NONE', ( #521, #1005 ) ) ;
#569 = EDGE_CURVE ( 'NONE', #1969, #1936, #1874, .T. ) ;
#570 = CARTESIAN_POINT ( 'NONE',  ( -55.25124247048709947, -3.619529248565410917, -0.6698729810778042415 ) ) ;
#571 = AXIS2_PLACEMENT_3D ( 'NONE', #2327, #930, #2340 ) ;
#572 = ORIENTED_EDGE ( 'NONE', *, *, #2211, .F. ) ;
#573 = AXIS2_PLACEMENT_3D ( 'NONE', #1428, #613, #1229 ) ;
#574 = CARTESIAN_POINT ( 'NONE',  ( -69.96506191114271189, -15.82011622211598123, -11.74999789305273801 ) ) ;
#575 = VERTEX_POINT ( 'NONE', #17 ) ;
#576 = FACE_OUTER_BOUND ( 'NONE', #1159, .T. ) ;
#577 = DIRECTION ( 'NONE',  ( 1.000000000000000000, 0.000000000000000000, 0.000000000000000000 ) ) ;
#578 = EDGE_CURVE ( 'NONE', #1544, #210, #2282, .T. ) ;
#579 = CARTESIAN_POINT ( 'NONE',  ( -8.226771101677408993, 11.55670045681086044, -11.34860958793454522 ) ) ;
#580 = ORIENTED_EDGE ( 'NONE', *, *, #2577, .F. ) ;
#581 = FACE_OUTER_BOUND ( 'NONE', #1864, .T. ) ;
#582 = AXIS2_PLACEMENT_3D ( 'NONE', #2426, #201, #764 ) ;
#583 = EDGE_CURVE ( 'NONE', #2587, #796, #1053, .T. ) ;
#584 = VECTOR ( 'NONE', #2250, 1000.000000000000000 ) ;
#585 = VECTOR ( 'NONE', #2117, 999.9999999999998863 ) ;
#586 = VECTOR ( 'NONE', #889, 1000.000000000000114 ) ;
#587 = ORIENTED_EDGE ( 'NONE', *, *, #173, .F. ) ;
#588 = CARTESIAN_POINT ( 'NONE',  ( -29.09409397781722717, -36.43096788913185691, -11.74999789305273801 ) ) ;
#589 = AXIS2_PLACEMENT_3D ( 'NONE', #804, #396, #386 ) ;
#590 = ORIENTED_EDGE ( 'NONE', *, *, #1180, .F. ) ;
#591 = CARTESIAN_POINT ( 'NONE',  ( -11.20619486387114705, 5.814793347398331314, 0.000000000000000000 ) ) ;
#592 = DIRECTION ( 'NONE',  ( 0.000000000000000000, 0.000000000000000000, 1.000000000000000000 ) ) ;
#593 = CARTESIAN_POINT ( 'NONE',  ( -70.12771552223094318, 22.53317902662571726, -17.49999512162121462 ) ) ;
#594 = ORIENTED_EDGE ( 'NONE', *, *, #583, .T. ) ;
#595 = FACE_OUTER_BOUND ( 'NONE', #1539, .T. ) ;
#596 = DIRECTION ( 'NONE',  ( 0.3185558102711779083, -0.9479041068285722904, 0.000000000000000000 ) ) ;
#597 = EDGE_CURVE ( 'NONE', #1852, #512, #413, .T. ) ;
#598 = CARTESIAN_POINT ( 'NONE',  ( -4.369062125115308781, 50.01323842425892252, -9.999999999999994671 ) ) ;
#599 = ORIENTED_EDGE ( 'NONE', *, *, #2472, .F. ) ;
#600 = LINE ( 'NONE', #574, #414 ) ;
#601 = ORIENTED_EDGE ( 'NONE', *, *, #456, .F. ) ;
#602 = CARTESIAN_POINT ( 'NONE',  ( -64.46999708439911103, -16.01107969526742991, -8.749997893052738007 ) ) ;
#603 = CARTESIAN_POINT ( 'NONE',  ( -66.22403488838209284, 30.05630207773167939, -20.17454456420932019 ) ) ;
#604 = FACE_BOUND ( 'NONE', #767, .T. ) ;
#605 = ORIENTED_EDGE ( 'NONE', *, *, #417, .T. ) ;
#606 = CARTESIAN_POINT ( 'NONE',  ( -11.39378688189060895, -42.42699918503516443, -8.633863813264989417 ) ) ;
#607 = EDGE_CURVE ( 'NONE', #1749, #608, #2435, .T. ) ;
#608 = VERTEX_POINT ( 'NONE', #2450 ) ;
#609 = CARTESIAN_POINT ( 'NONE',  ( -83.57511592886775986, -3.382477879168913848, -8.080124911974930768 ) ) ;
#610 = AXIS2_PLACEMENT_3D ( 'NONE', #2229, #2031, #577 ) ;
#611 = ORIENTED_EDGE ( 'NONE', *, *, #1282, .T. ) ;
#612 = CYLINDRICAL_SURFACE ( 'NONE', #619, 5.000000000000001776 ) ;
#613 = DIRECTION ( 'NONE',  ( 0.000000000000000000, 0.000000000000000000, 1.000000000000000000 ) ) ;
#614 = VECTOR ( 'NONE', #2268, 1000.000000000000114 ) ;
#615 = CARTESIAN_POINT ( 'NONE',  ( -2.319062125115290307, 50.01323842425892252, -129.4945880568757559 ) ) ;
#616 = ORIENTED_EDGE ( 'NONE', *, *, #387, .T. ) ;
#617 = CARTESIAN_POINT ( 'NONE',  ( 11.64272226867744564, -4.973523353879476083, -14.40354240198044344 ) ) ;
#618 = CARTESIAN_POINT ( 'NONE',  ( -16.64766322255828968, 39.75478068979062840, 0.000000000000000000 ) ) ;
#619 = AXIS2_PLACEMENT_3D ( 'NONE', #1427, #2228, #416 ) ;
#620 = ORIENTED_EDGE ( 'NONE', *, *, #1991, .T. ) ;
#621 = CARTESIAN_POINT ( 'NONE',  ( -65.61506191114271758, -15.82011622211598123, -17.49999462437470399 ) ) ;
#622 = AXIS2_PLACEMENT_3D ( 'NONE', #1931, #525, #2137 ) ;
#623 = AXIS2_PLACEMENT_3D ( 'NONE', #814, #1283, #2045 ) ;
#624 = EDGE_LOOP ( 'NONE', ( #136, #1869 ) ) ;
#625 = DIRECTION ( 'NONE',  ( -0.000000000000000000, -0.000000000000000000, 1.000000000000000000 ) ) ;
#626 = CYLINDRICAL_SURFACE ( 'NONE', #2608, 1.600000000000004086 ) ;
#627 = EDGE_CURVE ( 'NONE', #284, #2604, #635, .T. ) ;
#628 = VECTOR ( 'NONE', #1422, 1000.000000000000000 ) ;
#629 = DIRECTION ( 'NONE',  ( -0.000000000000000000, -0.000000000000000000, 1.000000000000000000 ) ) ;
#630 = EDGE_LOOP ( 'NONE', ( #1264, #1248 ) ) ;
#631 = CARTESIAN_POINT ( 'NONE',  ( -12.57836055406385434, -41.06130131444299991, -8.431872125855313982 ) ) ;
#632 = CARTESIAN_POINT ( 'NONE',  ( -78.74979366335412578, -6.891988522705308817, -8.485057677815053268 ) ) ;
#633 = DIRECTION ( 'NONE',  ( 0.2302888454415184527, 0.4438096975790558618, -0.8660254037844382635 ) ) ;
#634 = ORIENTED_EDGE ( 'NONE', *, *, #1619, .T. ) ;
#635 = LINE ( 'NONE', #1885, #926 ) ;
#636 = ORIENTED_EDGE ( 'NONE', *, *, #2530, .T. ) ;
#637 = DIRECTION ( 'NONE',  ( 0.000000000000000000, 0.000000000000000000, 1.000000000000000000 ) ) ;
#638 = CARTESIAN_POINT ( 'NONE',  ( -80.75125768730389098, -8.796306436149690100, -11.74999789305273801 ) ) ;
#639 = CARTESIAN_POINT ( 'NONE',  ( -64.48009167598252134, -16.10723607999388207, -8.749997893052738007 ) ) ;
#640 = EDGE_CURVE ( 'NONE', #1617, #2330, #1424, .T. ) ;
#641 = ORIENTED_EDGE ( 'NONE', *, *, #1331, .T. ) ;
#642 = DIRECTION ( 'NONE',  ( 0.8876193951581107244, -0.4605776908830363503, 0.000000000000000000 ) ) ;
#643 = CARTESIAN_POINT ( 'NONE',  ( 23.91960578319928743, 39.41234654444432550, 0.000000000000000000 ) ) ;
#644 = DIRECTION ( 'NONE',  ( 1.000000000000000000, 0.000000000000000000, 0.000000000000000000 ) ) ;
#645 = ORIENTED_EDGE ( 'NONE', *, *, #1526, .T. ) ;
#646 = DIRECTION ( 'NONE',  ( 1.000000000000000000, 0.000000000000000000, 0.000000000000000000 ) ) ;
#647 = VERTEX_POINT ( 'NONE', #211 ) ;
#648 = AXIS2_PLACEMENT_3D ( 'NONE', #850, #633, #863 ) ;
#649 = DIRECTION ( 'NONE',  ( -0.000000000000000000, 0.000000000000000000, -1.000000000000000000 ) ) ;
#650 = LINE ( 'NONE', #2044, #964 ) ;
#651 = VECTOR ( 'NONE', #818, 1000.000000000000227 ) ;
#652 = AXIS2_PLACEMENT_3D ( 'NONE', #1721, #2585, #344 ) ;
#653 = CARTESIAN_POINT ( 'NONE',  ( -46.30681225006799906, -37.93530822488555287, -8.749997893052738007 ) ) ;
#654 = VERTEX_POINT ( 'NONE', #609 ) ;
#655 = DIRECTION ( 'NONE',  ( -0.3019640849423673168, 0.9533193019156377401, 0.000000000000000000 ) ) ;
#656 = EDGE_CURVE ( 'NONE', #422, #398, #1225, .T. ) ;
#657 = FACE_OUTER_BOUND ( 'NONE', #929, .T. ) ;
#658 = DIRECTION ( 'NONE',  ( 1.000000000000000000, 0.000000000000000000, 0.000000000000000000 ) ) ;
#659 = CARTESIAN_POINT ( 'NONE',  ( -8.893313454598999357, 21.51379507859517304, -9.999999999999994671 ) ) ;
#660 = ADVANCED_FACE ( 'NONE', ( #1834 ), #1862, .F. ) ;
#661 = DIRECTION ( 'NONE',  ( -1.740655977457631713E-16, 4.070057625873862687E-18, -1.000000000000000000 ) ) ;
#662 = AXIS2_PLACEMENT_3D ( 'NONE', #1030, #1497, #1471 ) ;
#663 = CIRCLE ( 'NONE', #2147, 12.62500000000000000 ) ;
#664 = VERTEX_POINT ( 'NONE', #621 ) ;
#665 = DIRECTION ( 'NONE',  ( -0.8876193951581108355, 0.4605776908830361838, 0.000000000000000000 ) ) ;
#666 = CARTESIAN_POINT ( 'NONE',  ( -15.40670324752106346, -50.58926882297097904, -17.49999491187795186 ) ) ;
#667 = DIRECTION ( 'NONE',  ( 0.000000000000000000, 0.000000000000000000, 1.000000000000000000 ) ) ;
#668 = ORIENTED_EDGE ( 'NONE', *, *, #1319, .F. ) ;
#669 = CIRCLE ( 'NONE', #1140, 2.050000000000018918 ) ;
#670 = LINE ( 'NONE', #2060, #1361 ) ;
#671 = AXIS2_PLACEMENT_3D ( 'NONE', #2514, #1881, #2486 ) ;
#672 = CARTESIAN_POINT ( 'NONE',  ( -81.66199135386140995, -6.188423988967409528, -8.674435604778532038 ) ) ;
#673 = CARTESIAN_POINT ( 'NONE',  ( -10.50836267383679967, 44.88400955702481809, -129.4945880568757559 ) ) ;
#674 = DIRECTION ( 'NONE',  ( -1.000000000000000000, 1.776356839400250465E-15, 1.968480540115525664E-16 ) ) ;
#675 = UNCERTAINTY_MEASURE_WITH_UNIT (LENGTH_MEASURE( 1.000000000000000082E-05 ), #1724, 'distance_accuracy_value', 'NONE');
#676 = FACE_OUTER_BOUND ( 'NONE', #1020, .T. ) ;
#677 = ADVANCED_FACE ( 'NONE', ( #45 ), #455, .T. ) ;
#678 = DIRECTION ( 'NONE',  ( 0.8876193951581107244, -0.4605776908830363503, -2.924120400772497515E-17 ) ) ;
#679 = EDGE_CURVE ( 'NONE', #913, #210, #122, .T. ) ;
#680 = VERTEX_POINT ( 'NONE', #1106 ) ;
#681 = DIRECTION ( 'NONE',  ( 1.000000000000000000, 0.000000000000000000, 0.000000000000000000 ) ) ;
#682 = CARTESIAN_POINT ( 'NONE',  ( 11.20619486387115415, -5.814793347398325984, -9.999999999999994671 ) ) ;
#683 = CARTESIAN_POINT ( 'NONE',  ( -62.31417042833304265, -17.23111306186087432, -3.749997893052738451 ) ) ;
#684 = ORIENTED_EDGE ( 'NONE', *, *, #322, .T. ) ;
#685 = DIRECTION ( 'NONE',  ( -0.000000000000000000, 0.000000000000000000, 1.000000000000000000 ) ) ;
#686 = CARTESIAN_POINT ( 'NONE',  ( 9.445489278755706763, -9.208002478989900652, -20.17450620749994172 ) ) ;
#687 = DIRECTION ( 'NONE',  ( 0.4605776908830361838, 0.8876193951581108355, -0.000000000000000000 ) ) ;
#688 = CARTESIAN_POINT ( 'NONE',  ( 12.01892287526812275, -55.80188411161632445, -3.749997893052738451 ) ) ;
#689 = DIRECTION ( 'NONE',  ( -1.000000000000000000, 0.000000000000000000, 1.374038396813312538E-16 ) ) ;
#690 = EDGE_CURVE ( 'NONE', #2310, #1629, #663, .T. ) ;
#691 = EDGE_LOOP ( 'NONE', ( #18, #761, #605, #965, #87 ) ) ;
#692 = DIRECTION ( 'NONE',  ( -0.000000000000000000, -0.000000000000000000, 1.000000000000000000 ) ) ;
#693 = LINE ( 'NONE', #340, #19 ) ;
#694 = EDGE_CURVE ( 'NONE', #897, #2394, #1303, .T. ) ;
#695 = EDGE_LOOP ( 'NONE', ( #2388, #454 ) ) ;
#696 = ORIENTED_EDGE ( 'NONE', *, *, #519, .F. ) ;
#697 = DIRECTION ( 'NONE',  ( -0.3988719807210857060, -0.7687009450987016823, -0.5000000000000006661 ) ) ;
#698 = CARTESIAN_POINT ( 'NONE',  ( 6.065696022857127723, -15.72149652124042696, -17.49999286447911118 ) ) ;
#699 = AXIS2_PLACEMENT_3D ( 'NONE', #1188, #2018, #406 ) ;
#700 = ORIENTED_EDGE ( 'NONE', *, *, #1040, .F. ) ;
#701 = CARTESIAN_POINT ( 'NONE',  ( -40.63216370948666167, 27.63466145298217214, -14.99999999999999467 ) ) ;
#702 = CIRCLE ( 'NONE', #699, 2.050000000000016254 ) ;
#703 = CARTESIAN_POINT ( 'NONE',  ( 11.20619486387114883, -5.814793347398333978, -15.00000000000000000 ) ) ;
#704 = ORIENTED_EDGE ( 'NONE', *, *, #976, .T. ) ;
#705 = CARTESIAN_POINT ( 'NONE',  ( -83.50125768730389098, -8.796306436149690100, -11.74999789305273801 ) ) ;
#706 = EDGE_CURVE ( 'NONE', #1810, #996, #1504, .T. ) ;
#707 = AXIS2_PLACEMENT_3D ( 'NONE', #2252, #59, #1865 ) ;
#708 = CARTESIAN_POINT ( 'NONE',  ( -78.00125768730393361, -8.891576846650847799, -8.747573978343815781 ) ) ;
#709 = AXIS2_PLACEMENT_3D ( 'NONE', #1277, #1656, #646 ) ;
#710 =( NAMED_UNIT ( * ) PLANE_ANGLE_UNIT ( ) SI_UNIT ( $, .RADIAN. ) );
#711 = ORIENTED_EDGE ( 'NONE', *, *, #1448, .T. ) ;
#712 = EDGE_CURVE ( 'NONE', #2136, #1820, #2108, .T. ) ;
#713 = CARTESIAN_POINT ( 'NONE',  ( -60.58359603344805322, 40.92648320883272817, -10.62986062171259327 ) ) ;
#714 = CIRCLE ( 'NONE', #756, 2.050000000000018918 ) ;
#715 = CARTESIAN_POINT ( 'NONE',  ( 7.326432366873673274, -13.29182167315057939, -18.12985327817373005 ) ) ;
#716 = AXIS2_PLACEMENT_3D ( 'NONE', #1538, #1324, #2553 ) ;
#717 = VERTEX_POINT ( 'NONE', #2093 ) ;
#718 = LINE ( 'NONE', #1384, #2281 ) ;
#719 = CIRCLE ( 'NONE', #2405, 2.050000000000018474 ) ;
#720 = CARTESIAN_POINT ( 'NONE',  ( -67.87021608867873113, -13.13667302485030142, -8.635511708649694640 ) ) ;
#721 = VERTEX_POINT ( 'NONE', #496 ) ;
#722 = CARTESIAN_POINT ( 'NONE',  ( -68.81506191114272042, -15.82011622211598123, -22.50000000000000711 ) ) ;
#723 = DIRECTION ( 'NONE',  ( 1.740655977457631713E-16, -4.070057625873862687E-18, 1.000000000000000000 ) ) ;
#724 = ORIENTED_EDGE ( 'NONE', *, *, #96, .F. ) ;
#725 = VERTEX_POINT ( 'NONE', #2496 ) ;
#726 = CARTESIAN_POINT ( 'NONE',  ( -27.49409397781722220, -36.43096788913185691, -11.74999789305273801 ) ) ;
#727 = EDGE_CURVE ( 'NONE', #654, #1760, #296, .T. ) ;
#728 = CARTESIAN_POINT ( 'NONE',  ( 11.20619486387112573, -5.814793347398375722, -22.50000000000000711 ) ) ;
#729 = LINE ( 'NONE', #105, #1250 ) ;
#730 = ORIENTED_EDGE ( 'NONE', *, *, #2054, .T. ) ;
#731 = CARTESIAN_POINT ( 'NONE',  ( -10.13996734267112743, -44.30383602390954678, -8.749997893052738007 ) ) ;
#732 = ADVANCED_FACE ( 'NONE', ( #2521 ), #82, .F. ) ;
#733 = PLANE ( 'NONE',  #1336 ) ;
#734 = VERTEX_POINT ( 'NONE', #703 ) ;
#735 = DIRECTION ( 'NONE',  ( -9.773064322865735686E-08, 1.465896626999272621E-09, 0.9999999999999953371 ) ) ;
#736 = FACE_BOUND ( 'NONE', #568, .T. ) ;
#737 = B_SPLINE_CURVE_WITH_KNOTS ( 'NONE', 3,
 ( #2356, #698, #1953, #715, #1139, #134, #1300, #1101, #686, #1907, #89, #728 ),
 .UNSPECIFIED., .F., .F.,
 ( 4, 2, 2, 2, 2, 4 ),
 ( 3.878959614448864246E-18, 0.003364696386460786903, 0.005047044579691179270, 0.006729392772921572938, 0.01009408915938235854, 0.01345878554584314761 ),
 .UNSPECIFIED. ) ;
#738 = LINE ( 'NONE', #282, #419 ) ;
#739 = ORIENTED_EDGE ( 'NONE', *, *, #873, .T. ) ;
#740 = ORIENTED_EDGE ( 'NONE', *, *, #855, .T. ) ;
#741 = DIRECTION ( 'NONE',  ( 0.000000000000000000, 0.000000000000000000, 1.000000000000000000 ) ) ;
#742 = ORIENTED_EDGE ( 'NONE', *, *, #2257, .T. ) ;
#743 = DIRECTION ( 'NONE',  ( 0.9999999999999951150, 0.000000000000000000, 9.773064302276413499E-08 ) ) ;
#744 = EDGE_CURVE ( 'NONE', #308, #822, #1685, .T. ) ;
#745 = ADVANCED_FACE ( 'NONE', ( #1679 ), #1841, .F. ) ;
#746 = AXIS2_PLACEMENT_3D ( 'NONE', #666, #2285, #1255 ) ;
#747 = EDGE_LOOP ( 'NONE', ( #1944, #2437 ) ) ;
#748 = CARTESIAN_POINT ( 'NONE',  ( -12.30116796669456924, 3.704575283255612916, -21.02387528997967436 ) ) ;
#749 = ORIENTED_EDGE ( 'NONE', *, *, #96, .T. ) ;
#750 = ORIENTED_EDGE ( 'NONE', *, *, #161, .F. ) ;
#751 = CARTESIAN_POINT ( 'NONE',  ( -64.46335857335780872, 33.44945480038050079, -14.99999999999998579 ) ) ;
#752 = CARTESIAN_POINT ( 'NONE',  ( 0.000000000000000000, 0.000000000000000000, 0.000000000000000000 ) ) ;
#753 = ORIENTED_EDGE ( 'NONE', *, *, #1559, .F. ) ;
#754 = VECTOR ( 'NONE', #665, 999.9999999999998863 ) ;
#755 = DIRECTION ( 'NONE',  ( -0.000000000000000000, -0.000000000000000000, -1.000000000000000000 ) ) ;
#756 = AXIS2_PLACEMENT_3D ( 'NONE', #1587, #2586, #787 ) ;
#757 = VECTOR ( 'NONE', #1604, 1000.000000000000000 ) ;
#758 = EDGE_CURVE ( 'NONE', #2508, #1835, #1450, .T. ) ;
#759 = AXIS2_PLACEMENT_3D ( 'NONE', #2549, #2572, #1965 ) ;
#760 = B_SPLINE_CURVE_WITH_KNOTS ( 'NONE', 3,
 ( #37, #1272, #1488, #1230 ),
 .UNSPECIFIED., .F., .F.,
 ( 4, 4 ),
 ( 0.000000000000000000, 0.0002855766609339530798 ),
 .UNSPECIFIED. ) ;
#761 = ORIENTED_EDGE ( 'NONE', *, *, #110, .T. ) ;
#762 = CARTESIAN_POINT ( 'NONE',  ( -41.33738259375486734, 23.19508234154766058, -14.02493617987044416 ) ) ;
#763 = EDGE_LOOP ( 'NONE', ( #2571, #1232, #1190, #2590 ) ) ;
#764 = DIRECTION ( 'NONE',  ( -1.000000000000000000, -1.776356839400250465E-15, 0.000000000000000000 ) ) ;
#765 = DIRECTION ( 'NONE',  ( -9.773064322865735686E-08, 1.465896626999272621E-09, 0.9999999999999953371 ) ) ;
#766 = CARTESIAN_POINT ( 'NONE',  ( -11.11621065727874580, 5.988209751645349854, -14.87704894260986066 ) ) ;
#767 = EDGE_LOOP ( 'NONE', ( #1257, #1605 ) ) ;
#768 = DIRECTION ( 'NONE',  ( -9.773064322865735686E-08, 1.465896626999272621E-09, 0.9999999999999953371 ) ) ;
#769 = EDGE_LOOP ( 'NONE', ( #1612, #950, #1920, #810 ) ) ;
#770 = CARTESIAN_POINT ( 'NONE',  ( -24.79077381799901048, -35.90967662712208153, -8.701496228464600691 ) ) ;
#771 = ADVANCED_FACE ( 'NONE', ( #1234 ), #272, .F. ) ;
#772 = ORIENTED_EDGE ( 'NONE', *, *, #1644, .F. ) ;
#773 = DIRECTION ( 'NONE',  ( -0.8876193951581107244, 0.4605776908830363503, -0.000000000000000000 ) ) ;
#774 = DIRECTION ( 'NONE',  ( -0.000000000000000000, -0.000000000000000000, 1.000000000000000000 ) ) ;
#775 = ADVANCED_FACE ( 'NONE', ( #1638 ), #2062, .T. ) ;
#776 = CARTESIAN_POINT ( 'NONE',  ( -6.600417955040788875, 14.69098729897943478, -10.23644571196259001 ) ) ;
#777 = VERTEX_POINT ( 'NONE', #830 ) ;
#778 = PLANE ( 'NONE',  #1144 ) ;
#779 = AXIS2_PLACEMENT_3D ( 'NONE', #481, #1895, #1696 ) ;
#780 = AXIS2_PLACEMENT_3D ( 'NONE', #2104, #1127, #331 ) ;
#781 = VERTEX_POINT ( 'NONE', #2275 ) ;
#782 = LINE ( 'NONE', #2385, #2617 ) ;
#783 = EDGE_CURVE ( 'NONE', #278, #680, #1259, .T. ) ;
#784 = EDGE_LOOP ( 'NONE', ( #2366, #1655 ) ) ;
#785 = DIRECTION ( 'NONE',  ( 0.000000000000000000, 0.000000000000000000, 1.000000000000000000 ) ) ;
#786 = CARTESIAN_POINT ( 'NONE',  ( -14.59766322255827298, 39.75478068979062840, -129.4945880568757559 ) ) ;
#787 = DIRECTION ( 'NONE',  ( 1.000000000000000000, 0.000000000000000000, 0.000000000000000000 ) ) ;
#788 = EDGE_CURVE ( 'NONE', #2, #1184, #2148, .T. ) ;
#789 = EDGE_LOOP ( 'NONE', ( #1692, #1757, #2615, #1935 ) ) ;
#790 = CARTESIAN_POINT ( 'NONE',  ( -15.56660677603415444, -41.20854367990419576, -8.749997893052741560 ) ) ;
#791 = AXIS2_PLACEMENT_3D ( 'NONE', #2123, #1131, #112 ) ;
#792 = CARTESIAN_POINT ( 'NONE',  ( 11.20619331307505995, -5.814796336072586058, -17.49999237661718610 ) ) ;
#793 = AXIS2_PLACEMENT_3D ( 'NONE', #75, #2048, #2447 ) ;
#794 = CARTESIAN_POINT ( 'NONE',  ( -47.67343250730773008, 65.80678411636203862, -129.4945880568757559 ) ) ;
#795 = VECTOR ( 'NONE', #1301, 1000.000000000000000 ) ;
#796 = VERTEX_POINT ( 'NONE', #643 ) ;
#797 = FACE_BOUND ( 'NONE', #1111, .T. ) ;
#798 = CIRCLE ( 'NONE', #1784, 12.62499999999999645 ) ;
#799 = ORIENTED_EDGE ( 'NONE', *, *, #2017, .F. ) ;
#800 = CARTESIAN_POINT ( 'NONE',  ( -42.05096884561550041, 21.81986810558384349, 0.000000000000000000 ) ) ;
#801 = CARTESIAN_POINT ( 'NONE',  ( -69.09418667881629972, 24.52498250523394674, -17.68280811434528133 ) ) ;
#802 = LINE ( 'NONE', #1393, #1778 ) ;
#803 = ORIENTED_EDGE ( 'NONE', *, *, #2365, .F. ) ;
#804 = CARTESIAN_POINT ( 'NONE',  ( -40.62118373259903592, -26.97803815804006433, -8.749997893052738007 ) ) ;
#805 = ADVANCED_FACE ( 'NONE', ( #1275 ), #874, .F. ) ;
#806 = DIRECTION ( 'NONE',  ( 1.740655977457631713E-16, -4.070057625873862687E-18, 1.000000000000000000 ) ) ;
#807 = EDGE_CURVE ( 'NONE', #608, #851, #900, .T. ) ;
#808 = ORIENTED_EDGE ( 'NONE', *, *, #890, .T. ) ;
#809 = DIRECTION ( 'NONE',  ( 0.000000000000000000, 0.000000000000000000, 1.000000000000000000 ) ) ;
#810 = ORIENTED_EDGE ( 'NONE', *, *, #266, .F. ) ;
#811 = ADVANCED_BREP_SHAPE_REPRESENTATION ( '\X2\63a29488652f67b6\X0\_\X2\53f3\X0\', ( #1252, #1843 ), #2563 ) ;
#812 = CARTESIAN_POINT ( 'NONE',  ( -64.46506191114275452, -15.91538663261714248, -8.747573978343815781 ) ) ;
#813 = FACE_OUTER_BOUND ( 'NONE', #366, .T. ) ;
#814 = CARTESIAN_POINT ( 'NONE',  ( -53.25716370948666167, 27.63466145298217214, -22.50000000000000711 ) ) ;
#815 = ORIENTED_EDGE ( 'NONE', *, *, #569, .T. ) ;
#816 = CARTESIAN_POINT ( 'NONE',  ( -12.35555158217689886, -41.20427322816315296, -8.441338549548296655 ) ) ;
#817 = B_SPLINE_CURVE_WITH_KNOTS ( 'NONE', 3,
 ( #983, #1837, #2217, #1594, #2206, #603, #393, #566, #9, #214, #1812, #801, #2179, #2595 ),
 .UNSPECIFIED., .F., .F.,
 ( 4, 2, 2, 2, 2, 2, 4 ),
 ( -2.247220506398656809E-05, 0.001651688043963039703, 0.003325848292990065975, 0.006674168791044121987, 0.008348329040071156282, 0.01002248928909818537, 0.01337080978715224008 ),
 .UNSPECIFIED. ) ;
#818 = DIRECTION ( 'NONE',  ( 0.3185558102711766315, -0.9479041068285726235, -0.000000000000000000 ) ) ;
#819 = ADVANCED_FACE ( 'NONE', ( #1286 ), #2247, .F. ) ;
#820 = LINE ( 'NONE', #1628, #586 ) ;
#821 = ADVANCED_FACE ( 'NONE', ( #657 ), #232, .F. ) ;
#822 = VERTEX_POINT ( 'NONE', #1723 ) ;
#823 = DIRECTION ( 'NONE',  ( 0.000000000000000000, 0.000000000000000000, 1.000000000000000000 ) ) ;
#824 = EDGE_LOOP ( 'NONE', ( #117, #2548, #979, #2240 ) ) ;
#825 = DIRECTION ( 'NONE',  ( 0.8876193951581109465, -0.4605776908830362393, -0.000000000000000000 ) ) ;
#826 = DIRECTION ( 'NONE',  ( 1.000000000000000000, 0.000000000000000000, 0.000000000000000000 ) ) ;
#827 = CARTESIAN_POINT ( 'NONE',  ( 0.000000000000000000, 0.000000000000000000, 0.000000000000000000 ) ) ;
#828 = VERTEX_POINT ( 'NONE', #1126 ) ;
#829 = CARTESIAN_POINT ( 'NONE',  ( 16.87055150541009496, 5.101481834065975995, -9.999999999999996447 ) ) ;
#830 = CARTESIAN_POINT ( 'NONE',  ( -0.8426345337928468071, -29.03514221365230696, 0.000000000000000000 ) ) ;
#831 = CYLINDRICAL_SURFACE ( 'NONE', #2175, 5.499999999999998224 ) ;
#832 = CIRCLE ( 'NONE', #622, 1.600000000000001643 ) ;
#833 = EDGE_LOOP ( 'NONE', ( #355, #2233, #1956, #2382, #391 ) ) ;
#834 = DIRECTION ( 'NONE',  ( -1.000000000000000000, 0.000000000000000000, 0.000000000000000000 ) ) ;
#835 = AXIS2_PLACEMENT_3D ( 'NONE', #1847, #237, #834 ) ;
#836 = EDGE_CURVE ( 'NONE', #174, #680, #1138, .T. ) ;
#837 = AXIS2_PLACEMENT_3D ( 'NONE', #1047, #1476, #846 ) ;
#838 = ORIENTED_EDGE ( 'NONE', *, *, #2332, .F. ) ;
#839 = DIRECTION ( 'NONE',  ( 1.000000000000000000, 0.000000000000000000, 0.000000000000000000 ) ) ;
#840 = CARTESIAN_POINT ( 'NONE',  ( -27.49409397781722220, -36.43096788913185691, -11.74999789305273801 ) ) ;
#841 = AXIS2_PLACEMENT_3D ( 'NONE', #1518, #1883, #2302 ) ;
#842 = ADVANCED_FACE ( 'NONE', ( #146 ), #288, .T. ) ;
#843 = LINE ( 'NONE', #10, #1094 ) ;
#844 = ORIENTED_EDGE ( 'NONE', *, *, #758, .T. ) ;
#845 = CARTESIAN_POINT ( 'NONE',  ( -15.63759154107094140, 51.02331010574626902, 0.000000000000000000 ) ) ;
#846 = DIRECTION ( 'NONE',  ( 1.000000000000000000, 0.000000000000000000, 0.000000000000000000 ) ) ;
#847 = CYLINDRICAL_SURFACE ( 'NONE', #2220, 1.600000000000004086 ) ;
#848 = B_SPLINE_CURVE_WITH_KNOTS ( 'NONE', 3,
 ( #141, #1901, #708, #99 ),
 .UNSPECIFIED., .F., .F.,
 ( 4, 4 ),
 ( 0.000000000000000000, 0.0002855766609339474419 ),
 .UNSPECIFIED. ) ;
#849 = CYLINDRICAL_SURFACE ( 'NONE', #841, 2.999999999999999112 ) ;
#850 = CARTESIAN_POINT ( 'NONE',  ( 12.63597997688762575, -54.61269961102223647, -8.749997893052738007 ) ) ;
#851 = VERTEX_POINT ( 'NONE', #330 ) ;
#852 = FACE_OUTER_BOUND ( 'NONE', #359, .T. ) ;
#853 = VERTEX_POINT ( 'NONE', #506 ) ;
#854 = CARTESIAN_POINT ( 'NONE',  ( -67.21506191114271189, -15.82011622211598123, -11.74999789305273801 ) ) ;
#855 = EDGE_CURVE ( 'NONE', #1998, #777, #1554, .T. ) ;
#856 = DIRECTION ( 'NONE',  ( 0.8876193951581109465, -0.4605776908830357397, 0.000000000000000000 ) ) ;
#857 = CARTESIAN_POINT ( 'NONE',  ( -3.329133806602640355, 38.74470900830328191, -129.4945880568757559 ) ) ;
#858 = ORIENTED_EDGE ( 'NONE', *, *, #2135, .F. ) ;
#859 = EDGE_CURVE ( 'NONE', #1861, #1512, #508, .T. ) ;
#860 = CARTESIAN_POINT ( 'NONE',  ( -4.369062125115308781, 50.01323842425892252, -129.4945880568757559 ) ) ;
#861 = CARTESIAN_POINT ( 'NONE',  ( -80.89190525256475439, -6.037626923832148940, -8.558607257543782154 ) ) ;
#862 = LINE ( 'NONE', #2491, #2278 ) ;
#863 = DIRECTION ( 'NONE',  ( 0.000000000000000000, 0.8899450633366660091, 0.4560677408485470097 ) ) ;
#864 = LINE ( 'NONE', #1249, #373 ) ;
#865 = ORIENTED_EDGE ( 'NONE', *, *, #1444, .T. ) ;
#866 = CIRCLE ( 'NONE', #2561, 2.749999999999999112 ) ;
#867 = CARTESIAN_POINT ( 'NONE',  ( -82.35125768730388529, -8.796306436149690100, -11.74999789305273801 ) ) ;
#868 = DIRECTION ( 'NONE',  ( -0.4605776908830357952, -0.8876193951581110575, 0.000000000000000000 ) ) ;
#869 = LINE ( 'NONE', #1473, #1438 ) ;
#870 = ORIENTED_EDGE ( 'NONE', *, *, #1397, .T. ) ;
#871 = VECTOR ( 'NONE', #2242, 1000.000000000000000 ) ;
#872 = FACE_OUTER_BOUND ( 'NONE', #2183, .T. ) ;
#873 = EDGE_CURVE ( 'NONE', #2544, #1366, #737, .T. ) ;
#874 = CYLINDRICAL_SURFACE ( 'NONE', #2443, 2.750000000000002665 ) ;
#875 = CARTESIAN_POINT ( 'NONE',  ( -60.88216370948666167, 27.63466145298217214, -58.20889244992065414 ) ) ;
#876 = CYLINDRICAL_SURFACE ( 'NONE', #2066, 2.749999999999999112 ) ;
#877 = LINE ( 'NONE', #1088, #1505 ) ;
#878 = CARTESIAN_POINT ( 'NONE',  ( -23.29065351145453988, 73.53003437788495944, 0.000000000000000000 ) ) ;
#879 = CIRCLE ( 'NONE', #1772, 2.050000000000016254 ) ;
#880 = CIRCLE ( 'NONE', #835, 2.050000000000018918 ) ;
#881 = EDGE_LOOP ( 'NONE', ( #143, #447 ) ) ;
#882 = DIRECTION ( 'NONE',  ( -1.740655977457631713E-16, 4.070057625873862687E-18, -1.000000000000000000 ) ) ;
#883 = FACE_BOUND ( 'NONE', #944, .T. ) ;
#884 = CIRCLE ( 'NONE', #1729, 7.625000000000000000 ) ;
#885 = ORIENTED_EDGE ( 'NONE', *, *, #1278, .T. ) ;
#886 = CIRCLE ( 'NONE', #1483, 7.625000000000000000 ) ;
#887 = CARTESIAN_POINT ( 'NONE',  ( -78.00125768730389098, -8.796306436149690100, -11.74999789305273801 ) ) ;
#888 = DIRECTION ( 'NONE',  ( -0.9479041068285727345, -0.3185558102711766870, -0.000000000000000000 ) ) ;
#889 = DIRECTION ( 'NONE',  ( -0.8876193951581075048, 0.4605776908830339633, -8.742277371457059827E-08 ) ) ;
#890 = EDGE_CURVE ( 'NONE', #1363, #796, #947, .T. ) ;
#891 = DIRECTION ( 'NONE',  ( 0.4605776908830357397, 0.8876193951581100583, 4.371139570934759309E-08 ) ) ;
#892 = ADVANCED_FACE ( 'NONE', ( #2557 ), #2532, .F. ) ;
#893 = ORIENTED_EDGE ( 'NONE', *, *, #925, .F. ) ;
#894 = DIRECTION ( 'NONE',  ( 0.9999999999999952260, -1.734723475976805319E-15, 9.773064302276413499E-08 ) ) ;
#895 = DIRECTION ( 'NONE',  ( 0.8876193951581108355, -0.4605776908830361838, 0.000000000000000000 ) ) ;
#896 = FACE_OUTER_BOUND ( 'NONE', #429, .T. ) ;
#897 = VERTEX_POINT ( 'NONE', #1357 ) ;
#898 = ORIENTED_EDGE ( 'NONE', *, *, #1193, .F. ) ;
#899 = DIRECTION ( 'NONE',  ( 0.000000000000000000, 0.000000000000000000, 1.000000000000000000 ) ) ;
#900 = B_SPLINE_CURVE_WITH_KNOTS ( 'NONE', 3,
 ( #467, #1035, #65, #1855, #2289, #26, #1085, #42, #632, #2077, #2038, #2473, #1491, #2488, #425, #1074, #861, #1652, #672, #1664, #219, #479 ),
 .UNSPECIFIED., .F., .F.,
 ( 4, 2, 2, 2, 2, 2, 2, 2, 2, 2, 4 ),
 ( 0.0002855766609339474419, 0.0006791303405266914915, 0.001072684020119435378, 0.001859791379304917515, 0.002646898738490399434, 0.003434006097675881136, 0.003827559777268603122, 0.004221113456861324241, 0.005008220816046767346, 0.005795328175232211318, 0.006582435534417654423 ),
 .UNSPECIFIED. ) ;
#901 = DIRECTION ( 'NONE',  ( 0.000000000000000000, 0.000000000000000000, 1.000000000000000000 ) ) ;
#902 = CARTESIAN_POINT ( 'NONE',  ( 7.625000000000000000, 0.000000000000000000, -58.20889244992065414 ) ) ;
#903 = ORIENTED_EDGE ( 'NONE', *, *, #486, .T. ) ;
#904 = DIRECTION ( 'NONE',  ( 0.8876193951581108355, -0.4605776908830364058, -0.000000000000000000 ) ) ;
#905 = CARTESIAN_POINT ( 'NONE',  ( -66.19501638002149946, -13.26290183591867589, -8.439391886912593677 ) ) ;
#906 = DIRECTION ( 'NONE',  ( 0.000000000000000000, 0.000000000000000000, 1.000000000000000000 ) ) ;
#907 = ADVANCED_FACE ( 'NONE', ( #2158 ), #346, .T. ) ;
#908 = EDGE_LOOP ( 'NONE', ( #749, #1540, #1742, #1822, #1157, #1107, #1577, #483, #2118, #2517, #180 ) ) ;
#909 = DIRECTION ( 'NONE',  ( -1.000000000000000000, 0.000000000000000000, 1.968480540115525664E-16 ) ) ;
#910 = DIRECTION ( 'NONE',  ( -0.4605776908830362948, -0.8876193951581107244, 7.655806898378222841E-17 ) ) ;
#911 =( NAMED_UNIT ( * ) SI_UNIT ( $, .STERADIAN. ) SOLID_ANGLE_UNIT ( ) );
#912 = ORIENTED_EDGE ( 'NONE', *, *, #1495, .T. ) ;
#913 = VERTEX_POINT ( 'NONE', #959 ) ;
#914 = CARTESIAN_POINT ( 'NONE',  ( -59.32285965006968098, 43.35615813278016617, -9.999999999999985789 ) ) ;
#915 = AXIS2_PLACEMENT_3D ( 'NONE', #1564, #1739, #1327 ) ;
#916 = DIRECTION ( 'NONE',  ( 1.000000000000000000, 0.000000000000000000, 0.000000000000000000 ) ) ;
#917 = CARTESIAN_POINT ( 'NONE',  ( -40.63216370948666167, 27.63466145298217214, -58.20889244992065414 ) ) ;
#918 = EDGE_LOOP ( 'NONE', ( #250, #870, #967, #2162 ) ) ;
#919 = CARTESIAN_POINT ( 'NONE',  ( -35.96863123035794274, 31.06209047750061458, -9.999999999999994671 ) ) ;
#920 = CARTESIAN_POINT ( 'NONE',  ( -67.35570947640358952, -13.06143670979843385, -8.558607257543780378 ) ) ;
#921 = EDGE_LOOP ( 'NONE', ( #131, #865, #351, #898 ) ) ;
#922 = DIRECTION ( 'NONE',  ( -0.000000000000000000, -0.000000000000000000, 1.000000000000000000 ) ) ;
#923 = CIRCLE ( 'NONE', #1941, 2.750000000000002665 ) ;
#924 = CARTESIAN_POINT ( 'NONE',  ( -42.92407675379504184, 20.13722578767165317, -21.30693476158176836 ) ) ;
#925 = EDGE_CURVE ( 'NONE', #828, #2165, #2320, .T. ) ;
#926 = VECTOR ( 'NONE', #67, 1000.000000000000000 ) ;
#927 = FILL_AREA_STYLE ('',( #1110 ) ) ;
#928 = VERTEX_POINT ( 'NONE', #492 ) ;
#929 = EDGE_LOOP ( 'NONE', ( #2154, #1128, #154, #1456 ) ) ;
#930 = DIRECTION ( 'NONE',  ( 0.000000000000000000, 0.000000000000000000, 1.000000000000000000 ) ) ;
#931 = EDGE_CURVE ( 'NONE', #1760, #1588, #1516, .T. ) ;
#932 = VECTOR ( 'NONE', #1986, 1000.000000000000114 ) ;
#933 = CARTESIAN_POINT ( 'NONE',  ( -53.25716370948666167, 27.63466145298217214, 0.000000000000000000 ) ) ;
#934 = CIRCLE ( 'NONE', #1602, 2.749999999999999112 ) ;
#935 = DIRECTION ( 'NONE',  ( 0.000000000000000000, 0.000000000000000000, 1.000000000000000000 ) ) ;
#936 = VERTEX_POINT ( 'NONE', #303 ) ;
#937 = DIRECTION ( 'NONE',  ( -1.000000000000000000, 2.748076793626625963E-15, 0.000000000000000000 ) ) ;
#938 = AXIS2_PLACEMENT_3D ( 'NONE', #2047, #899, #1258 ) ;
#939 = ORIENTED_EDGE ( 'NONE', *, *, #2230, .F. ) ;
#940 = FACE_OUTER_BOUND ( 'NONE', #833, .T. ) ;
#941 = FACE_OUTER_BOUND ( 'NONE', #624, .T. ) ;
#942 = DIRECTION ( 'NONE',  ( 1.740655977457631713E-16, -4.070057625873862687E-18, 1.000000000000000000 ) ) ;
#943 = EDGE_CURVE ( 'NONE', #348, #1749, #242, .T. ) ;
#944 = EDGE_LOOP ( 'NONE', ( #2293, #1787 ) ) ;
#945 = ORIENTED_EDGE ( 'NONE', *, *, #1231, .T. ) ;
#946 = CARTESIAN_POINT ( 'NONE',  ( -15.40670324752106346, -50.58926882297097904, -94.52950056003933810 ) ) ;
#947 = LINE ( 'NONE', #2515, #1520 ) ;
#948 = EDGE_CURVE ( 'NONE', #381, #2604, #2329, .T. ) ;
#949 = DIRECTION ( 'NONE',  ( 0.000000000000000000, 0.000000000000000000, 1.000000000000000000 ) ) ;
#950 = ORIENTED_EDGE ( 'NONE', *, *, #963, .T. ) ;
#951 = DIRECTION ( 'NONE',  ( -0.8876193951581075048, 0.4605776908830339633, -8.742277371457059827E-08 ) ) ;
#952 = DIRECTION ( 'NONE',  ( 0.4605776908830361838, 0.8876193951581107244, 0.000000000000000000 ) ) ;
#953 = ORIENTED_EDGE ( 'NONE', *, *, #578, .F. ) ;
#954 = CYLINDRICAL_SURFACE ( 'NONE', #2231, 2.750000000000002665 ) ;
#955 = ORIENTED_EDGE ( 'NONE', *, *, #31, .T. ) ;
#956 = ORIENTED_EDGE ( 'NONE', *, *, #1380, .T. ) ;
#957 = CARTESIAN_POINT ( 'NONE',  ( -64.02615993764777613, 34.29201838145386461, -14.40262811913428109 ) ) ;
#958 = VECTOR ( 'NONE', #276, 1000.000000000000000 ) ;
#959 = CARTESIAN_POINT ( 'NONE',  ( -79.15125768730388245, -8.796306436149690100, -11.74999789305273801 ) ) ;
#960 = EDGE_LOOP ( 'NONE', ( #2418, #47, #2406, #1389, #269, #753, #230, #912, #1414, #1339 ) ) ;
#961 = AXIS2_PLACEMENT_3D ( 'NONE', #2039, #1087, #1260 ) ;
#962 = CARTESIAN_POINT ( 'NONE',  ( 0.000000000000000000, 0.000000000000000000, -22.49999348032960000 ) ) ;
#963 = EDGE_CURVE ( 'NONE', #1363, #222, #315, .T. ) ;
#964 = VECTOR ( 'NONE', #460, 1000.000000000000000 ) ;
#965 = ORIENTED_EDGE ( 'NONE', *, *, #2328, .T. ) ;
#966 = CARTESIAN_POINT ( 'NONE',  ( -27.36875673807439568, -33.67140349333854488, -8.519831260615989166 ) ) ;
#967 = ORIENTED_EDGE ( 'NONE', *, *, #1332, .T. ) ;
#968 = LINE ( 'NONE', #382, #1049 ) ;
#969 = DIRECTION ( 'NONE',  ( -0.000000000000000000, 0.000000000000000000, 1.000000000000000000 ) ) ;
#970 = AXIS2_PLACEMENT_3D ( 'NONE', #442, #1240, #2267 ) ;
#971 = CARTESIAN_POINT ( 'NONE',  ( -37.52701428619524648, 30.53837507898203185, 0.000000000000000000 ) ) ;
#972 = ORIENTED_EDGE ( 'NONE', *, *, #2166, .T. ) ;
#973 = FACE_OUTER_BOUND ( 'NONE', #2501, .T. ) ;
#974 = AXIS2_PLACEMENT_3D ( 'NONE', #1871, #54, #2503 ) ;
#975 = CARTESIAN_POINT ( 'NONE',  ( -37.52701428619524648, 30.53837507898203185, -129.4945880568757559 ) ) ;
#976 = EDGE_CURVE ( 'NONE', #1512, #1590, #2546, .T. ) ;
#977 = AXIS2_PLACEMENT_3D ( 'NONE', #683, #488, #2026 ) ;
#978 = EDGE_CURVE ( 'NONE', #2528, #1029, #289, .T. ) ;
#979 = ORIENTED_EDGE ( 'NONE', *, *, #679, .F. ) ;
#980 = CARTESIAN_POINT ( 'NONE',  ( -25.49262995386743924, -34.52664997568749072, -8.485057677815055044 ) ) ;
#981 = ORIENTED_EDGE ( 'NONE', *, *, #507, .T. ) ;
#982 = DIRECTION ( 'NONE',  ( 0.000000000000000000, 0.000000000000000000, 1.000000000000000000 ) ) ;
#983 = CARTESIAN_POINT ( 'NONE',  ( -64.46335857335780872, 33.44945480038050079, -22.50000000000000711 ) ) ;
#984 = CARTESIAN_POINT ( 'NONE',  ( -14.59766322255827298, 39.75478068979062840, -9.999999999999994671 ) ) ;
#985 = ORIENTED_EDGE ( 'NONE', *, *, #1526, .F. ) ;
#986 = CARTESIAN_POINT ( 'NONE',  ( 12.08108486707211959, -4.128716598908284574, -13.81458857170214749 ) ) ;
#987 = CARTESIAN_POINT ( 'NONE',  ( -10.50836267383679967, 44.88400955702481809, 0.000000000000000000 ) ) ;
#988 = EDGE_CURVE ( 'NONE', #2272, #913, #384, .T. ) ;
#989 = ORIENTED_EDGE ( 'NONE', *, *, #436, .F. ) ;
#990 = CARTESIAN_POINT ( 'NONE',  ( -26.85236618375850881, -33.75365355141600077, -8.463936946693978669 ) ) ;
#991 = ADVANCED_FACE ( 'NONE', ( #2370, #2417, #1164 ), #995, .F. ) ;
#992 = ORIENTED_EDGE ( 'NONE', *, *, #2017, .T. ) ;
#993 = DIRECTION ( 'NONE',  ( -0.4605776908830361838, -0.8876193951581107244, 0.000000000000000000 ) ) ;
#994 = CYLINDRICAL_SURFACE ( 'NONE', #2566, 12.62499999999999645 ) ;
#995 = PLANE ( 'NONE',  #1856 ) ;
#996 = VERTEX_POINT ( 'NONE', #593 ) ;
#997 = CARTESIAN_POINT ( 'NONE',  ( -13.44409539298819567, -40.75003962061781237, -8.476167425312677750 ) ) ;
#998 = FACE_OUTER_BOUND ( 'NONE', #1401, .T. ) ;
#999 = VECTOR ( 'NONE', #182, 999.9999999999998863 ) ;
#1000 = CIRCLE ( 'NONE', #2476, 2.999999999999999556 ) ;
#1001 = CARTESIAN_POINT ( 'NONE',  ( -12.74384506204674139, -51.97100189562009120, -17.49999464960961859 ) ) ;
#1002 = ORIENTED_EDGE ( 'NONE', *, *, #2292, .F. ) ;
#1003 = CIRCLE ( 'NONE', #2477, 1.599999999999997868 ) ;
#1004 = CARTESIAN_POINT ( 'NONE',  ( -40.61491890088430523, 24.58740506751376032, -13.08168361222383069 ) ) ;
#1005 = ORIENTED_EDGE ( 'NONE', *, *, #2211, .T. ) ;
#1006 = LINE ( 'NONE', #591, #30 ) ;
#1007 = EDGE_CURVE ( 'NONE', #200, #1347, #2218, .T. ) ;
#1008 = DIRECTION ( 'NONE',  ( 1.000000000000000000, 0.000000000000000000, 0.000000000000000000 ) ) ;
#1009 = DIRECTION ( 'NONE',  ( 0.9479041068285722904, 0.3185558102711778528, -0.000000000000000000 ) ) ;
#1010 = ORIENTED_EDGE ( 'NONE', *, *, #2244, .F. ) ;
#1011 = EDGE_CURVE ( 'NONE', #473, #284, #192, .T. ) ;
#1012 = CARTESIAN_POINT ( 'NONE',  ( 14.83766667603242873, 1.183732367697355903, -10.80915447790662398 ) ) ;
#1013 = AXIS2_PLACEMENT_3D ( 'NONE', #265, #625, #1688 ) ;
#1014 = VECTOR ( 'NONE', #1089, 1000.000000000000114 ) ;
#1015 = AXIS2_PLACEMENT_3D ( 'NONE', #2102, #530, #1502 ) ;
#1016 = CIRCLE ( 'NONE', #1358, 2.749999999999999112 ) ;
#1017 = ORIENTED_EDGE ( 'NONE', *, *, #2344, .T. ) ;
#1018 = CARTESIAN_POINT ( 'NONE',  ( -25.03877857821090913, -35.16496299638038892, -8.593189866874793026 ) ) ;
#1019 = CIRCLE ( 'NONE', #551, 1.600000000000001643 ) ;
#1020 = EDGE_LOOP ( 'NONE', ( #1426, #1359, #2071, #939 ) ) ;
#1021 = EDGE_LOOP ( 'NONE', ( #2480, #2009, #808, #1939 ) ) ;
#1022 = DIRECTION ( 'NONE',  ( 0.000000000000000000, 0.000000000000000000, 1.000000000000000000 ) ) ;
#1023 = FACE_BOUND ( 'NONE', #1528, .T. ) ;
#1024 = VERTEX_POINT ( 'NONE', #408 ) ;
#1025 = CARTESIAN_POINT ( 'NONE',  ( 13.41785215505961482, -1.552515894623789361, -12.13833207855145879 ) ) ;
#1026 = EDGE_CURVE ( 'NONE', #1590, #147, #714, .T. ) ;
#1027 = VERTEX_POINT ( 'NONE', #204 ) ;
#1028 = CARTESIAN_POINT ( 'NONE',  ( -13.61934571190673005, -39.68189549693384777, -8.080124911974927215 ) ) ;
#1029 = VERTEX_POINT ( 'NONE', #2392 ) ;
#1030 = CARTESIAN_POINT ( 'NONE',  ( -10.50836267383679967, 44.88400955702481809, -9.999999999999994671 ) ) ;
#1031 = DIRECTION ( 'NONE',  ( -0.000000000000000000, 0.000000000000000000, 1.000000000000000000 ) ) ;
#1032 = DIRECTION ( 'NONE',  ( 1.000000000000000000, 0.000000000000000000, 0.000000000000000000 ) ) ;
#1033 = ORIENTED_EDGE ( 'NONE', *, *, #783, .T. ) ;
#1034 = CARTESIAN_POINT ( 'NONE',  ( -11.20789820165598094, -43.32348536120433380, -8.737030830089603128 ) ) ;
#1035 = CARTESIAN_POINT ( 'NONE',  ( -78.00125768730381992, -8.665014122255850992, -8.737030830089599576 ) ) ;
#1036 = PLANE ( 'NONE',  #2386 ) ;
#1037 = EDGE_CURVE ( 'NONE', #1835, #2310, #1302, .T. ) ;
#1038 = ORIENTED_EDGE ( 'NONE', *, *, #2547, .F. ) ;
#1039 = DIRECTION ( 'NONE',  ( 0.8876193951581107244, -0.4605776908830363503, -2.924120400772497515E-17 ) ) ;
#1040 = EDGE_CURVE ( 'NONE', #381, #1311, #802, .T. ) ;
#1041 = ORIENTED_EDGE ( 'NONE', *, *, #1767, .T. ) ;
#1042 = FACE_OUTER_BOUND ( 'NONE', #23, .T. ) ;
#1043 = PLANE ( 'NONE',  #2351 ) ;
#1044 = DIRECTION ( 'NONE',  ( -1.740655977457631713E-16, 4.070057625873862687E-18, -1.000000000000000000 ) ) ;
#1045 = ORIENTED_EDGE ( 'NONE', *, *, #1332, .F. ) ;
#1046 = LINE ( 'NONE', #1475, #228 ) ;
#1047 = CARTESIAN_POINT ( 'NONE',  ( -67.21506191114271189, -15.82011622211598123, -22.50000000000000711 ) ) ;
#1048 = DIRECTION ( 'NONE',  ( 1.000000000000000000, 0.000000000000000000, 0.000000000000000000 ) ) ;
#1049 = VECTOR ( 'NONE', #177, 1000.000000000000000 ) ;
#1050 = CIRCLE ( 'NONE', #239, 17.62500000000000000 ) ;
#1051 = ADVANCED_FACE ( 'NONE', ( #1023, #2195, #179, #604, #1972, #2596, #2381, #1406 ), #2570, .T. ) ;
#1052 = ORIENTED_EDGE ( 'NONE', *, *, #1809, .F. ) ;
#1053 = LINE ( 'NONE', #2080, #1134 ) ;
#1054 = AXIS2_PLACEMENT_3D ( 'NONE', #1838, #462, #1851 ) ;
#1055 = EDGE_CURVE ( 'NONE', #664, #516, #1356, .T. ) ;
#1056 = CIRCLE ( 'NONE', #2153, 17.62500000000000000 ) ;
#1057 = EDGE_LOOP ( 'NONE', ( #1186, #972, #1964, #1580 ) ) ;
#1058 = DIRECTION ( 'NONE',  ( 1.000000000000000000, 0.000000000000000000, 0.000000000000000000 ) ) ;
#1059 = CARTESIAN_POINT ( 'NONE',  ( -67.21506191114271189, -15.82011622211598123, -17.49999478074373016 ) ) ;
#1060 = VECTOR ( 'NONE', #1360, 1000.000000000000000 ) ;
#1061 = CARTESIAN_POINT ( 'NONE',  ( -70.04560002965683907, -25.61746555546316628, -8.749997893052738007 ) ) ;
#1062 = EDGE_LOOP ( 'NONE', ( #312, #992, #2600, #696 ) ) ;
#1063 = DIRECTION ( 'NONE',  ( 1.000000000000000000, 0.000000000000000000, 0.000000000000000000 ) ) ;
#1064 = CARTESIAN_POINT ( 'NONE',  ( -12.35789820165604169, -43.45477767509814981, -22.50000000000000711 ) ) ;
#1065 = DIRECTION ( 'NONE',  ( 0.9999999999999952260, 0.000000000000000000, 9.773064302276413499E-08 ) ) ;
#1066 = CARTESIAN_POINT ( 'NONE',  ( -78.00125768730389098, -8.796306436149690100, -11.74999789305273801 ) ) ;
#1067 = VERTEX_POINT ( 'NONE', #984 ) ;
#1068 = FACE_OUTER_BOUND ( 'NONE', #1326, .T. ) ;
#1069 = FACE_OUTER_BOUND ( 'NONE', #960, .T. ) ;
#1070 = EDGE_CURVE ( 'NONE', #1366, #734, #369, .T. ) ;
#1071 = DIRECTION ( 'NONE',  ( -1.000000000000000000, 0.000000000000000000, 0.000000000000000000 ) ) ;
#1072 = ORIENTED_EDGE ( 'NONE', *, *, #565, .F. ) ;
#1073 = LINE ( 'NONE', #2502, #421 ) ;
#1074 = CARTESIAN_POINT ( 'NONE',  ( -80.62592044756105736, -6.036742040356379846, -8.519831260615990942 ) ) ;
#1075 = DIRECTION ( 'NONE',  ( -0.000000000000000000, -0.000000000000000000, 1.000000000000000000 ) ) ;
#1076 = FACE_BOUND ( 'NONE', #747, .T. ) ;
#1077 = LINE ( 'NONE', #2226, #1982 ) ;
#1078 = ORIENTED_EDGE ( 'NONE', *, *, #1380, .F. ) ;
#1079 = CARTESIAN_POINT ( 'NONE',  ( -80.75125768730389098, -8.796306436149690100, -8.749997893052738007 ) ) ;
#1080 = CARTESIAN_POINT ( 'NONE',  ( -69.96506191114271189, -15.82011622211598123, -11.74999789305273801 ) ) ;
#1081 = CARTESIAN_POINT ( 'NONE',  ( 7.625000000000000000, 0.000000000000000000, -22.50000000000000711 ) ) ;
#1082 = EDGE_CURVE ( 'NONE', #1636, #936, #1395, .T. ) ;
#1083 = VERTEX_POINT ( 'NONE', #1878 ) ;
#1084 = CYLINDRICAL_SURFACE ( 'NONE', #1819, 2.749999999999999112 ) ;
#1085 = CARTESIAN_POINT ( 'NONE',  ( -78.29594228769757080, -7.530301543398222108, -8.593189866874800131 ) ) ;
#1086 = EDGE_CURVE ( 'NONE', #2208, #1224, #1178, .T. ) ;
#1087 = DIRECTION ( 'NONE',  ( -0.8876193951581108355, 0.4605776908830364058, 0.000000000000000000 ) ) ;
#1088 = CARTESIAN_POINT ( 'NONE',  ( -25.89409397781722078, -36.43096788913185691, -22.50000000000000711 ) ) ;
#1089 = DIRECTION ( 'NONE',  ( -0.4605776908830358507, -0.8876193951581098363, -4.371139570934761294E-08 ) ) ;
#1090 = CIRCLE ( 'NONE', #1813, 1.599999999999997868 ) ;
#1091 = ORIENTED_EDGE ( 'NONE', *, *, #1282, .F. ) ;
#1092 = DIRECTION ( 'NONE',  ( -0.000000000000000000, -0.000000000000000000, 1.000000000000000000 ) ) ;
#1093 = CARTESIAN_POINT ( 'NONE',  ( -12.74384506204673428, -51.97100189562008410, -8.749997893052738007 ) ) ;
#1094 = VECTOR ( 'NONE', #2286, 1000.000000000000114 ) ;
#1095 = DIRECTION ( 'NONE',  ( -1.000000000000000000, 0.000000000000000000, 0.000000000000000000 ) ) ;
#1096 = ORIENTED_EDGE ( 'NONE', *, *, #597, .T. ) ;
#1097 = ORIENTED_EDGE ( 'NONE', *, *, #535, .T. ) ;
#1098 = AXIS2_PLACEMENT_3D ( 'NONE', #249, #1695, #2078 ) ;
#1099 = CARTESIAN_POINT ( 'NONE',  ( -13.95789820165604311, -43.45477767509814981, -11.74999789305273801 ) ) ;
#1100 = AXIS2_PLACEMENT_3D ( 'NONE', #108, #768, #1344 ) ;
#1101 = CARTESIAN_POINT ( 'NONE',  ( 8.994511403737746491, -10.07712123262659709, -19.63829524664572190 ) ) ;
#1102 = ORIENTED_EDGE ( 'NONE', *, *, #1150, .T. ) ;
#1103 = DIRECTION ( 'NONE',  ( -0.9533193019156376291, -0.3019640849423672613, 1.647110829038594315E-16 ) ) ;
#1104 = EDGE_CURVE ( 'NONE', #1227, #575, #1825, .T. ) ;
#1105 = LINE ( 'NONE', #2279, #958 ) ;
#1106 = CARTESIAN_POINT ( 'NONE',  ( -12.35789820165604169, -43.45477767509814981, -11.74999789305273801 ) ) ;
#1107 = ORIENTED_EDGE ( 'NONE', *, *, #114, .T. ) ;
#1108 = CARTESIAN_POINT ( 'NONE',  ( -13.95789820165604311, -43.45477767509814981, -11.74999789305273801 ) ) ;
#1109 = CARTESIAN_POINT ( 'NONE',  ( -83.50125768730389098, -8.796306436149690100, -8.749997893052738007 ) ) ;
#1110 = FILL_AREA_STYLE_COLOUR ( '', #39 ) ;
#1111 = EDGE_LOOP ( 'NONE', ( #2367, #611 ) ) ;
#1112 = ORIENTED_EDGE ( 'NONE', *, *, #1631, .F. ) ;
#1113 = DIRECTION ( 'NONE',  ( -1.740655977457631713E-16, 4.070057625873862687E-18, -1.000000000000000000 ) ) ;
#1114 = CARTESIAN_POINT ( 'NONE',  ( -80.75125768730389098, -8.796306436149690100, -11.74999789305273801 ) ) ;
#1115 = VERTEX_POINT ( 'NONE', #1460 ) ;
#1116 = DIRECTION ( 'NONE',  ( 0.9999999999999952260, -3.536541461361867682E-26, 9.773064322865734362E-08 ) ) ;
#1117 = EDGE_CURVE ( 'NONE', #1447, #1835, #1781, .T. ) ;
#1118 = EDGE_LOOP ( 'NONE', ( #1735, #1848 ) ) ;
#1119 = CARTESIAN_POINT ( 'NONE',  ( -12.96687117889545071, 2.421640624749507698, -20.17454456420930597 ) ) ;
#1120 = CARTESIAN_POINT ( 'NONE',  ( -44.26265230574892229, 17.55754022035555195, -19.63829524664570769 ) ) ;
#1121 = AXIS2_PLACEMENT_3D ( 'NONE', #1452, #1912, #2505 ) ;
#1122 = CARTESIAN_POINT ( 'NONE',  ( -24.74409397781622744, -36.43096788913317141, -8.743140547978237365 ) ) ;
#1123 = VERTEX_POINT ( 'NONE', #1061 ) ;
#1124 = ORIENTED_EDGE ( 'NONE', *, *, #1007, .T. ) ;
#1125 = CARTESIAN_POINT ( 'NONE',  ( -60.83187068368971495, 40.44801149984027688, -10.80914245578365396 ) ) ;
#1126 = CARTESIAN_POINT ( 'NONE',  ( -45.63216370948666167, 27.63466145298217214, 0.000000000000000000 ) ) ;
#1127 = DIRECTION ( 'NONE',  ( -0.000000000000000000, -0.000000000000000000, 1.000000000000000000 ) ) ;
#1128 = ORIENTED_EDGE ( 'NONE', *, *, #358, .T. ) ;
#1129 = CYLINDRICAL_SURFACE ( 'NONE', #1226, 12.62500000000000000 ) ;
#1130 = ORIENTED_EDGE ( 'NONE', *, *, #2248, .T. ) ;
#1131 = DIRECTION ( 'NONE',  ( -0.000000000000000000, -0.000000000000000000, 1.000000000000000000 ) ) ;
#1132 = CARTESIAN_POINT ( 'NONE',  ( -45.19867927553252684, 15.75364109710867488, -18.70826702523873664 ) ) ;
#1133 = EDGE_CURVE ( 'NONE', #1224, #928, #760, .T. ) ;
#1134 = VECTOR ( 'NONE', #1630, 1000.000000000000114 ) ;
#1135 = ORIENTED_EDGE ( 'NONE', *, *, #1867, .F. ) ;
#1136 = EDGE_LOOP ( 'NONE', ( #2249, #1041, #264, #1799, #1197 ) ) ;
#1137 = DIRECTION ( 'NONE',  ( 1.000000000000000000, 0.000000000000000000, 0.000000000000000000 ) ) ;
#1138 = CIRCLE ( 'NONE', #335, 1.600000000000000755 ) ;
#1139 = CARTESIAN_POINT ( 'NONE',  ( 7.574707012315536225, -12.81334997340825410, -18.30913506672487046 ) ) ;
#1140 = AXIS2_PLACEMENT_3D ( 'NONE', #598, #2421, #1222 ) ;
#1141 = CARTESIAN_POINT ( 'NONE',  ( -42.05096884561550752, 21.81986810558383638, -94.52950056003933810 ) ) ;
#1142 = VERTEX_POINT ( 'NONE', #1675 ) ;
#1143 = CARTESIAN_POINT ( 'NONE',  ( 11.20619486387114883, -5.814793347398333978, -15.00000000000000000 ) ) ;
#1144 = AXIS2_PLACEMENT_3D ( 'NONE', #1827, #1191, #208 ) ;
#1145 = ORIENTED_EDGE ( 'NONE', *, *, #1007, .F. ) ;
#1146 = FACE_OUTER_BOUND ( 'NONE', #691, .T. ) ;
#1147 = LINE ( 'NONE', #325, #487 ) ;
#1148 = ORIENTED_EDGE ( 'NONE', *, *, #2152, .T. ) ;
#1149 = ORIENTED_EDGE ( 'NONE', *, *, #1037, .T. ) ;
#1150 = EDGE_CURVE ( 'NONE', #2046, #142, #884, .T. ) ;
#1151 = CARTESIAN_POINT ( 'NONE',  ( -7.429133806602672863, 38.74470900830328191, 0.000000000000000000 ) ) ;
#1152 = CARTESIAN_POINT ( 'NONE',  ( 0.000000000000000000, 0.000000000000000000, -58.20889244992065414 ) ) ;
#1153 = EDGE_LOOP ( 'NONE', ( #2040, #1474, #2462, #2512, #5 ) ) ;
#1154 = EDGE_CURVE ( 'NONE', #2451, #323, #2074, .T. ) ;
#1155 = CARTESIAN_POINT ( 'NONE',  ( -82.35125768730387108, -8.796306436149690100, -17.49999627031005645 ) ) ;
#1156 = CARTESIAN_POINT ( 'NONE',  ( -64.54007065789522812, -15.16892833352644487, -8.685664599903628158 ) ) ;
#1157 = ORIENTED_EDGE ( 'NONE', *, *, #1515, .F. ) ;
#1158 = CARTESIAN_POINT ( 'NONE',  ( -28.40482764437473406, -33.82308544194957278, -8.674435604778530262 ) ) ;
#1159 = EDGE_LOOP ( 'NONE', ( #2306, #187, #1033, #1202 ) ) ;
#1160 = ORIENTED_EDGE ( 'NONE', *, *, #690, .F. ) ;
#1161 = DIRECTION ( 'NONE',  ( 0.000000000000000000, 0.000000000000000000, 1.000000000000000000 ) ) ;
#1162 = CIRCLE ( 'NONE', #1466, 5.000000000000000888 ) ;
#1163 = EDGE_CURVE ( 'NONE', #1123, #308, #1635, .T. ) ;
#1164 = FACE_OUTER_BOUND ( 'NONE', #1705, .T. ) ;
#1165 = ORIENTED_EDGE ( 'NONE', *, *, #417, .F. ) ;
#1166 = CIRCLE ( 'NONE', #961, 4.999999999999997335 ) ;
#1167 = FACE_OUTER_BOUND ( 'NONE', #1310, .T. ) ;
#1168 = EDGE_CURVE ( 'NONE', #434, #2219, #461, .T. ) ;
#1169 = CARTESIAN_POINT ( 'NONE',  ( -65.83552426355053910, -13.42663986146082600, -8.431872125855317535 ) ) ;
#1170 = ORIENTED_EDGE ( 'NONE', *, *, #1448, .F. ) ;
#1171 = CARTESIAN_POINT ( 'NONE',  ( -24.92998265805178804, -35.40318939906888573, -8.633863813264989417 ) ) ;
#1172 = AXIS2_PLACEMENT_3D ( 'NONE', #2178, #188, #2192 ) ;
#1173 = ORIENTED_EDGE ( 'NONE', *, *, #2420, .F. ) ;
#1174 = DIRECTION ( 'NONE',  ( 0.4605776908830362393, 0.8876193951581108355, 0.000000000000000000 ) ) ;
#1175 = LINE ( 'NONE', #786, #402 ) ;
#1176 = DIRECTION ( 'NONE',  ( 0.000000000000000000, 0.000000000000000000, 1.000000000000000000 ) ) ;
#1177 = ORIENTED_EDGE ( 'NONE', *, *, #1278, .F. ) ;
#1178 = CIRCLE ( 'NONE', #1054, 2.749999999999999112 ) ;
#1179 = CARTESIAN_POINT ( 'NONE',  ( -14.86863186821356031, -40.84689522791587990, -8.674435604778532038 ) ) ;
#1180 = EDGE_CURVE ( 'NONE', #1311, #284, #843, .T. ) ;
#1181 = AXIS2_PLACEMENT_3D ( 'NONE', #933, #1764, #2300 ) ;
#1182 = EDGE_CURVE ( 'NONE', #378, #1826, #2578, .T. ) ;
#1183 = PRESENTATION_LAYER_ASSIGNMENT (  '', '', ( #166 ) ) ;
#1184 = VERTEX_POINT ( 'NONE', #639 ) ;
#1185 = CARTESIAN_POINT ( 'NONE',  ( -16.00836267383679612, 44.88400955702481809, 0.000000000000000000 ) ) ;
#1186 = ORIENTED_EDGE ( 'NONE', *, *, #1601, .F. ) ;
#1187 = FACE_OUTER_BOUND ( 'NONE', #1407, .T. ) ;
#1188 = CARTESIAN_POINT ( 'NONE',  ( -5.379133806602656165, 38.74470900830328191, -9.999999999999994671 ) ) ;
#1189 = DIRECTION ( 'NONE',  ( -0.000000000000000000, -0.000000000000000000, 1.000000000000000000 ) ) ;
#1190 = ORIENTED_EDGE ( 'NONE', *, *, #1104, .T. ) ;
#1191 = DIRECTION ( 'NONE',  ( 0.9533193019156387393, 0.3019640849423640416, -0.000000000000000000 ) ) ;
#1192 = B_SPLINE_CURVE_WITH_KNOTS ( 'NONE', 3,
 ( #1946, #499, #2350, #1537 ),
 .UNSPECIFIED., .F., .F.,
 ( 4, 4 ),
 ( 0.000000000000000000, 0.0002855766609339460325 ),
 .UNSPECIFIED. ) ;
#1193 = EDGE_CURVE ( 'NONE', #404, #257, #2455, .T. ) ;
#1194 = ORIENTED_EDGE ( 'NONE', *, *, #205, .T. ) ;
#1195 = CARTESIAN_POINT ( 'NONE',  ( -24.74409397781715825, -36.29967557523803379, -8.737030830089597799 ) ) ;
#1196 = EDGE_CURVE ( 'NONE', #1243, #1338, #886, .T. ) ;
#1197 = ORIENTED_EDGE ( 'NONE', *, *, #1365, .F. ) ;
#1198 = DIRECTION ( 'NONE',  ( -0.000000000000000000, -0.000000000000000000, -1.000000000000000000 ) ) ;
#1199 = DIRECTION ( 'NONE',  ( 0.8876193951581107244, -0.4605776908830363503, 0.000000000000000000 ) ) ;
#1200 = EDGE_CURVE ( 'NONE', #1027, #2005, #869, .T. ) ;
#1201 = CARTESIAN_POINT ( 'NONE',  ( -11.20619486387114705, 5.814793347398331314, -15.00000000000000000 ) ) ;
#1202 = ORIENTED_EDGE ( 'NONE', *, *, #836, .F. ) ;
#1203 = CARTESIAN_POINT ( 'NONE',  ( -11.20789820165505013, -43.45477767509946432, -8.743140547978237365 ) ) ;
#1204 = CIRCLE ( 'NONE', #317, 12.62499999999999645 ) ;
#1205 = AXIS2_PLACEMENT_3D ( 'NONE', #946, #1161, #302 ) ;
#1206 = DIRECTION ( 'NONE',  ( -0.8876193951581107244, 0.4605776908830363503, -0.000000000000000000 ) ) ;
#1207 = ORIENTED_EDGE ( 'NONE', *, *, #2050, .T. ) ;
#1208 = AXIS2_PLACEMENT_3D ( 'NONE', #1996, #765, #1575 ) ;
#1209 = CARTESIAN_POINT ( 'NONE',  ( -40.24851640565687205, 25.29353123826830441, -12.62508971492128040 ) ) ;
#1210 = EDGE_CURVE ( 'NONE', #1381, #2414, #1524, .T. ) ;
#1211 = VERTEX_POINT ( 'NONE', #2243 ) ;
#1212 = DIRECTION ( 'NONE',  ( 1.000000000000000000, 0.000000000000000000, 0.000000000000000000 ) ) ;
#1213 = CYLINDRICAL_SURFACE ( 'NONE', #573, 3.000000000000002665 ) ;
#1214 = EDGE_CURVE ( 'NONE', #222, #1617, #420, .T. ) ;
#1215 = CARTESIAN_POINT ( 'NONE',  ( -9.746200948660089125, 8.628474820918203392, -13.05117541479293841 ) ) ;
#1216 = ORIENTED_EDGE ( 'NONE', *, *, #110, .F. ) ;
#1217 = DIRECTION ( 'NONE',  ( 1.000000000000000000, 0.000000000000000000, 0.000000000000000000 ) ) ;
#1218 = VECTOR ( 'NONE', #637, 1000.000000000000000 ) ;
#1219 = AXIS2_PLACEMENT_3D ( 'NONE', #1508, #2523, #498 ) ;
#1220 = LINE ( 'NONE', #792, #227 ) ;
#1221 = VECTOR ( 'NONE', #1189, 1000.000000000000000 ) ;
#1222 = DIRECTION ( 'NONE',  ( -1.000000000000000000, 0.000000000000000000, 0.000000000000000000 ) ) ;
#1223 = CIRCLE ( 'NONE', #80, 2.050000000000018918 ) ;
#1224 = VERTEX_POINT ( 'NONE', #2058 ) ;
#1225 = LINE ( 'NONE', #1028, #2359 ) ;
#1226 = AXIS2_PLACEMENT_3D ( 'NONE', #2588, #137, #2372 ) ;
#1227 = VERTEX_POINT ( 'NONE', #2034 ) ;
#1228 = CARTESIAN_POINT ( 'NONE',  ( -17.68759154107095810, 51.02331010574626902, 0.000000000000000000 ) ) ;
#1229 = DIRECTION ( 'NONE',  ( 1.000000000000000000, 0.000000000000000000, 0.000000000000000000 ) ) ;
#1230 = CARTESIAN_POINT ( 'NONE',  ( -11.20789820165505013, -43.45477767509946432, -8.743140547978237365 ) ) ;
#1231 = EDGE_CURVE ( 'NONE', #2191, #647, #2321, .T. ) ;
#1232 = ORIENTED_EDGE ( 'NONE', *, *, #2070, .F. ) ;
#1233 = FACE_OUTER_BOUND ( 'NONE', #824, .T. ) ;
#1234 = FACE_OUTER_BOUND ( 'NONE', #1915, .T. ) ;
#1235 = EDGE_CURVE ( 'NONE', #2354, #323, #1223, .T. ) ;
#1236 = DIRECTION ( 'NONE',  ( 0.000000000000000000, 0.000000000000000000, 1.000000000000000000 ) ) ;
#1237 = EDGE_LOOP ( 'NONE', ( #11, #1725, #2052, #313 ) ) ;
#1238 = CARTESIAN_POINT ( 'NONE',  ( 0.000000000000000000, 0.000000000000000000, -58.20889244992065414 ) ) ;
#1239 = ORIENTED_EDGE ( 'NONE', *, *, #27, .F. ) ;
#1240 = DIRECTION ( 'NONE',  ( -0.8876193951581107244, 0.4605776908830363503, 0.000000000000000000 ) ) ;
#1241 = DIRECTION ( 'NONE',  ( -1.000000000000000000, 0.000000000000000000, -0.000000000000000000 ) ) ;
#1242 = CARTESIAN_POINT ( 'NONE',  ( -7.086562331006770243, 16.13757290700048586, -9.999999999999994671 ) ) ;
#1243 = VERTEX_POINT ( 'NONE', #1081 ) ;
#1244 = CARTESIAN_POINT ( 'NONE',  ( -67.21506191114271189, -15.82011622211598123, -11.74999789305273801 ) ) ;
#1245 = ADVANCED_FACE ( 'NONE', ( #896, #515 ), #2526, .T. ) ;
#1246 = DIRECTION ( 'NONE',  ( 1.000000000000000000, 0.000000000000000000, 0.000000000000000000 ) ) ;
#1247 = EDGE_CURVE ( 'NONE', #2451, #1067, #2194, .T. ) ;
#1248 = ORIENTED_EDGE ( 'NONE', *, *, #2230, .T. ) ;
#1249 = CARTESIAN_POINT ( 'NONE',  ( 12.62500000000000000, 0.000000000000000000, -58.20889244992065414 ) ) ;
#1250 = VECTOR ( 'NONE', #935, 1000.000000000000000 ) ;
#1251 = CIRCLE ( 'NONE', #652, 12.62500000000000000 ) ;
#1252 = MANIFOLD_SOLID_BREP ( '\X2\570689d2\X0\1', #2314 ) ;
#1253 = VERTEX_POINT ( 'NONE', #1295 ) ;
#1254 = CARTESIAN_POINT ( 'NONE',  ( -54.09979824327950837, -1.400480760670138825, -5.000000000000000888 ) ) ;
#1255 = DIRECTION ( 'NONE',  ( 0.9999999999999952260, 0.000000000000000000, 9.773064302276425410E-08 ) ) ;
#1256 = DIRECTION ( 'NONE',  ( -0.000000000000000000, -0.000000000000000000, 1.000000000000000000 ) ) ;
#1257 = ORIENTED_EDGE ( 'NONE', *, *, #1026, .F. ) ;
#1258 = DIRECTION ( 'NONE',  ( 1.000000000000000000, 0.000000000000000000, 0.000000000000000000 ) ) ;
#1259 = LINE ( 'NONE', #1064, #2399 ) ;
#1260 = DIRECTION ( 'NONE',  ( -0.4605776908830352401, -0.8876193951581112795, 0.000000000000000000 ) ) ;
#1261 = CARTESIAN_POINT ( 'NONE',  ( 8.703279887288163742E-16, -2.035028812936932576E-17, -9.999999999999996447 ) ) ;
#1262 = AXIS2_PLACEMENT_3D ( 'NONE', #1238, #2265, #1469 ) ;
#1263 = EDGE_CURVE ( 'NONE', #1123, #2127, #1641, .T. ) ;
#1264 = ORIENTED_EDGE ( 'NONE', *, *, #1917, .T. ) ;
#1265 = DIRECTION ( 'NONE',  ( -0.000000000000000000, -0.000000000000000000, -1.000000000000000000 ) ) ;
#1266 = AXIS2_PLACEMENT_3D ( 'NONE', #2404, #1417, #2623 ) ;
#1267 = AXIS2_PLACEMENT_3D ( 'NONE', #71, #1499, #115 ) ;
#1268 = ORIENTED_EDGE ( 'NONE', *, *, #50, .T. ) ;
#1269 = DIRECTION ( 'NONE',  ( -1.000000000000000000, -8.433108977865620972E-35, 1.740655977457631713E-16 ) ) ;
#1270 = FACE_OUTER_BOUND ( 'NONE', #2425, .T. ) ;
#1271 = AXIS2_PLACEMENT_3D ( 'NONE', #2101, #1891, #73 ) ;
#1272 = CARTESIAN_POINT ( 'NONE',  ( -11.21283337491244936, -43.64574114824959850, -8.749997893052738007 ) ) ;
#1273 = ORIENTED_EDGE ( 'NONE', *, *, #1117, .F. ) ;
#1274 = PLANE ( 'NONE',  #2156 ) ;
#1275 = FACE_OUTER_BOUND ( 'NONE', #2579, .T. ) ;
#1276 = LINE ( 'NONE', #56, #795 ) ;
#1277 = CARTESIAN_POINT ( 'NONE',  ( -5.379133806602656165, 38.74470900830328191, 0.000000000000000000 ) ) ;
#1278 = EDGE_CURVE ( 'NONE', #2165, #828, #377, .T. ) ;
#1279 = VERTEX_POINT ( 'NONE', #1122 ) ;
#1280 = PLANE ( 'NONE',  #457 ) ;
#1281 = DIRECTION ( 'NONE',  ( -9.773064322865735686E-08, 1.465896626999272621E-09, 0.9999999999999953371 ) ) ;
#1282 = EDGE_CURVE ( 'NONE', #561, #1754, #336, .T. ) ;
#1283 = DIRECTION ( 'NONE',  ( -0.000000000000000000, -0.000000000000000000, 1.000000000000000000 ) ) ;
#1284 = EDGE_LOOP ( 'NONE', ( #1373, #1879, #724, #1959, #590, #2464, #1720, #740, #1097, #594, #1305, #16 ) ) ;
#1285 = FACE_OUTER_BOUND ( 'NONE', #789, .T. ) ;
#1286 = FACE_OUTER_BOUND ( 'NONE', #183, .T. ) ;
#1287 = CARTESIAN_POINT ( 'NONE',  ( 21.18657378061964991, 40.83049217727307223, -129.4945880568757559 ) ) ;
#1288 = LINE ( 'NONE', #659, #550 ) ;
#1289 = CARTESIAN_POINT ( 'NONE',  ( -42.05097039641159995, 21.81986511690958253, -17.49999237661718610 ) ) ;
#1290 = CIRCLE ( 'NONE', #2091, 2.050000000000017142 ) ;
#1291 = ORIENTED_EDGE ( 'NONE', *, *, #627, .F. ) ;
#1292 = CYLINDRICAL_SURFACE ( 'NONE', #1942, 2.749999999999999112 ) ;
#1293 = EDGE_CURVE ( 'NONE', #1908, #2544, #1056, .T. ) ;
#1294 = CARTESIAN_POINT ( 'NONE',  ( -53.25716370948666167, 27.63466145298217214, -22.50000000000000711 ) ) ;
#1295 = CARTESIAN_POINT ( 'NONE',  ( -5.008362673836801449, 44.88400955702481809, -9.999999999999996447 ) ) ;
#1296 = ORIENTED_EDGE ( 'NONE', *, *, #1117, .T. ) ;
#1297 = ORIENTED_EDGE ( 'NONE', *, *, #2592, .T. ) ;
#1298 = EDGE_CURVE ( 'NONE', #1899, #2528, #738, .T. ) ;
#1299 = CARTESIAN_POINT ( 'NONE',  ( -16.70789820165604311, -43.45477767509814981, -11.74999789305273801 ) ) ;
#1300 = CARTESIAN_POINT ( 'NONE',  ( 8.295339560364315190, -11.42455620616358303, -18.92886984189423316 ) ) ;
#1301 = DIRECTION ( 'NONE',  ( 0.000000000000000000, 0.000000000000000000, 1.000000000000000000 ) ) ;
#1302 = B_SPLINE_CURVE_WITH_KNOTS ( 'NONE', 3,
 ( #776, #170, #1597, #579, #2168, #1814, #1215, #1803, #2609, #357, #1779, #1611, #766, #1201 ),
 .UNSPECIFIED., .F., .F.,
 ( 4, 2, 2, 2, 2, 2, 4 ),
 ( 1.939479807224432123E-18, 0.002770086851786267550, 0.005540173703572533366, 0.008310260555358798748, 0.009695303981251934475, 0.01038782569419850060, 0.01108034740714506673 ),
 .UNSPECIFIED. ) ;
#1303 = LINE ( 'NONE', #1289, #1014 ) ;
#1304 = CIRCLE ( 'NONE', #2613, 2.749999999999999112 ) ;
#1305 = ORIENTED_EDGE ( 'NONE', *, *, #266, .T. ) ;
#1306 = CARTESIAN_POINT ( 'NONE',  ( -12.08108492537332346, 4.128716486550951359, -21.31458361389108092 ) ) ;
#1307 = DIRECTION ( 'NONE',  ( 0.000000000000000000, 0.000000000000000000, 1.000000000000000000 ) ) ;
#1308 = VECTOR ( 'NONE', #449, 1000.000000000000000 ) ;
#1309 = CARTESIAN_POINT ( 'NONE',  ( -37.52701428619524648, 30.53837507898203185, -10.27283726740023972 ) ) ;
#1310 = EDGE_LOOP ( 'NONE', ( #750, #815, #532, #1949 ) ) ;
#1311 = VERTEX_POINT ( 'NONE', #540 ) ;
#1312 = VECTOR ( 'NONE', #2500, 1000.000000000000000 ) ;
#1313 = FACE_OUTER_BOUND ( 'NONE', #2377, .T. ) ;
#1314 = EDGE_CURVE ( 'NONE', #1338, #142, #1352, .T. ) ;
#1315 = CARTESIAN_POINT ( 'NONE',  ( -64.07002503291535334, -20.61497344623348127, -11.72452583797384307 ) ) ;
#1316 = VERTEX_POINT ( 'NONE', #1309 ) ;
#1317 = LINE ( 'NONE', #2119, #1529 ) ;
#1318 = PRODUCT_DEFINITION_CONTEXT ( 'detailed design', #1911, 'design' ) ;
#1319 = EDGE_CURVE ( 'NONE', #1760, #2374, #245, .T. ) ;
#1320 = CARTESIAN_POINT ( 'NONE',  ( -66.57333411708401627, -13.14280188440012331, -8.463936946693980445 ) ) ;
#1321 = VERTEX_POINT ( 'NONE', #1001 ) ;
#1322 = CARTESIAN_POINT ( 'NONE',  ( -16.87055181274428506, -5.101482426356461097, -17.49999512162121462 ) ) ;
#1323 = CARTESIAN_POINT ( 'NONE',  ( -47.19146768662955083, 11.91316493174173452, -17.49999286447911473 ) ) ;
#1324 = DIRECTION ( 'NONE',  ( -0.000000000000000000, -0.000000000000000000, -1.000000000000000000 ) ) ;
#1325 = ORIENTED_EDGE ( 'NONE', *, *, #788, .F. ) ;
#1326 = EDGE_LOOP ( 'NONE', ( #502, #1624, #2027 ) ) ;
#1327 = DIRECTION ( 'NONE',  ( -1.000000000000000000, -5.551115123125781470E-17, 0.000000000000000000 ) ) ;
#1328 = CARTESIAN_POINT ( 'NONE',  ( 6.908665363245534152, 13.31429092737161390, -9.999999999999994671 ) ) ;
#1329 = EDGE_LOOP ( 'NONE', ( #1078, #2012, #1431, #803, #2068, #1010, #2114, #2187, #1804, #772 ) ) ;
#1330 = LINE ( 'NONE', #731, #2584 ) ;
#1331 = EDGE_CURVE ( 'NONE', #2374, #1184, #1806, .T. ) ;
#1332 = EDGE_CURVE ( 'NONE', #2204, #2330, #2614, .T. ) ;
#1333 = ORIENTED_EDGE ( 'NONE', *, *, #2467, .F. ) ;
#1334 = DIRECTION ( 'NONE',  ( -1.000000000000000000, 3.469446951953611033E-15, 0.000000000000000000 ) ) ;
#1335 = CARTESIAN_POINT ( 'NONE',  ( -44.96182414912236425, 16.21010524681856424, -18.92886984189422250 ) ) ;
#1336 = AXIS2_PLACEMENT_3D ( 'NONE', #1927, #2562, #549 ) ;
#1337 = DIRECTION ( 'NONE',  ( 0.9999999999999953371, 0.000000000000000000, 9.773064331803632639E-08 ) ) ;
#1338 = VERTEX_POINT ( 'NONE', #2410 ) ;
#1339 = ORIENTED_EDGE ( 'NONE', *, *, #948, .T. ) ;
#1340 = LINE ( 'NONE', #543, #319 ) ;
#1341 = VECTOR ( 'NONE', #1708, 1000.000000000000000 ) ;
#1342 = CARTESIAN_POINT ( 'NONE',  ( -67.38274184418250456, -26.99919862811224647, -94.52950056003933810 ) ) ;
#1343 = ORIENTED_EDGE ( 'NONE', *, *, #1786, .T. ) ;
#1344 = DIRECTION ( 'NONE',  ( 0.9999999999999953371, 0.000000000000000000, 9.773064331803632639E-08 ) ) ;
#1345 = CARTESIAN_POINT ( 'NONE',  ( 11.20619486387115060, -5.814793347398333978, -129.4945880568757559 ) ) ;
#1346 = EDGE_CURVE ( 'NONE', #404, #717, #669, .T. ) ;
#1347 = VERTEX_POINT ( 'NONE', #2212 ) ;
#1348 = CARTESIAN_POINT ( 'NONE',  ( -13.41785229129016876, 1.552515632082007935, -19.63832712064573016 ) ) ;
#1349 = AXIS2_PLACEMENT_3D ( 'NONE', #474, #882, #1269 ) ;
#1350 = CARTESIAN_POINT ( 'NONE',  ( -27.49409397781722220, -36.43096788913185691, -11.74999789305273801 ) ) ;
#1351 = CIRCLE ( 'NONE', #1435, 3.000000000000003109 ) ;
#1352 = LINE ( 'NONE', #1889, #1312 ) ;
#1353 = ORIENTED_EDGE ( 'NONE', *, *, #2606, .F. ) ;
#1354 = ORIENTED_EDGE ( 'NONE', *, *, #306, .T. ) ;
#1355 = DIRECTION ( 'NONE',  ( 1.000000000000000000, 0.000000000000000000, 0.000000000000000000 ) ) ;
#1356 = CIRCLE ( 'NONE', #199, 1.599999999999997868 ) ;
#1357 = CARTESIAN_POINT ( 'NONE',  ( -47.71532538114513500, 10.90359312841933459, -17.49999291419611680 ) ) ;
#1358 = AXIS2_PLACEMENT_3D ( 'NONE', #2460, #2065, #2261 ) ;
#1359 = ORIENTED_EDGE ( 'NONE', *, *, #2084, .F. ) ;
#1360 = DIRECTION ( 'NONE',  ( 0.4605776908830362948, 0.8876193951581107244, 0.000000000000000000 ) ) ;
#1361 = VECTOR ( 'NONE', #697, 1000.000000000000114 ) ;
#1362 = CARTESIAN_POINT ( 'NONE',  ( -64.47441343844681683, -15.55833307629312223, -8.727104157117169692 ) ) ;
#1363 = VERTEX_POINT ( 'NONE', #195 ) ;
#1364 = CARTESIAN_POINT ( 'NONE',  ( -26.59958292146015069, -33.82718667815017000, -8.445530660949305712 ) ) ;
#1365 = EDGE_CURVE ( 'NONE', #1833, #928, #1832, .T. ) ;
#1366 = VERTEX_POINT ( 'NONE', #15 ) ;
#1367 = ORIENTED_EDGE ( 'NONE', *, *, #1425, .F. ) ;
#1368 = CARTESIAN_POINT ( 'NONE',  ( -29.09409397781722006, -36.43096788913185691, -17.49999627031005645 ) ) ;
#1369 = EDGE_CURVE ( 'NONE', #2110, #1761, #820, .T. ) ;
#1370 = CARTESIAN_POINT ( 'NONE',  ( -89.79513157192481287, -15.36961193331559627, -8.749997893052738007 ) ) ;
#1371 = EDGE_LOOP ( 'NONE', ( #2527, #1291, #1924, #1709, #1489 ) ) ;
#1372 = CARTESIAN_POINT ( 'NONE',  ( -37.52701428619522517, 30.53837507898203896, -9.999999999999994671 ) ) ;
#1373 = ORIENTED_EDGE ( 'NONE', *, *, #2547, .T. ) ;
#1374 = CARTESIAN_POINT ( 'NONE',  ( -39.12300618941004871, 27.46260003418396067, -11.39831198506669807 ) ) ;
#1375 = ORIENTED_EDGE ( 'NONE', *, *, #2393, .F. ) ;
#1376 = CARTESIAN_POINT ( 'NONE',  ( -69.96506191114271189, -15.82011622211598123, -8.749997893052738007 ) ) ;
#1377 = B_SPLINE_CURVE_WITH_KNOTS ( 'NONE', 3,
 ( #364, #1195, #197, #770, #1618, #1171, #1018, #553, #980, #2188, #379, #175, #1364, #990, #2163, #966, #352, #153, #1158, #1797, #1967, #2580 ),
 .UNSPECIFIED., .F., .F.,
 ( 4, 2, 2, 2, 2, 2, 2, 2, 2, 2, 4 ),
 ( 0.0002855766609339460325, 0.0006791303405266908410, 0.001072684020119435595, 0.001859791379304903420, 0.002646898738490371245, 0.003434006097675839069, 0.003827559777268568861, 0.004221113456861298220, 0.005008220816046748264, 0.005795328175232200042, 0.006582435534417650953 ),
 .UNSPECIFIED. ) ;
#1378 = FACE_OUTER_BOUND ( 'NONE', #921, .T. ) ;
#1379 = DIRECTION ( 'NONE',  ( -9.773064322865735686E-08, 1.465896626999272621E-09, 0.9999999999999953371 ) ) ;
#1380 = EDGE_CURVE ( 'NONE', #398, #283, #2235, .T. ) ;
#1381 = VERTEX_POINT ( 'NONE', #701 ) ;
#1382 = CIRCLE ( 'NONE', #534, 2.050000000000018918 ) ;
#1383 = CIRCLE ( 'NONE', #571, 2.749999999999999112 ) ;
#1384 = CARTESIAN_POINT ( 'NONE',  ( -24.40646848874273900, -19.62460400675091776, -0.6698729810778082383 ) ) ;
#1385 = VECTOR ( 'NONE', #1022, 1000.000000000000000 ) ;
#1386 = ORIENTED_EDGE ( 'NONE', *, *, #1055, .F. ) ;
#1387 = CARTESIAN_POINT ( 'NONE',  ( -37.94287954895811055, 29.73692489954947504, -10.46391078546726305 ) ) ;
#1388 = CIRCLE ( 'NONE', #582, 12.62500000000000000 ) ;
#1389 = ORIENTED_EDGE ( 'NONE', *, *, #1397, .F. ) ;
#1390 = CARTESIAN_POINT ( 'NONE',  ( -80.75125768730389098, -8.796306436149690100, -11.74999789305273801 ) ) ;
#1391 = FACE_OUTER_BOUND ( 'NONE', #1983, .T. ) ;
#1392 = VECTOR ( 'NONE', #263, 1000.000000000000000 ) ;
#1393 = CARTESIAN_POINT ( 'NONE',  ( -8.893313454599001133, 21.51379507859518014, 0.000000000000000000 ) ) ;
#1394 = EDGE_LOOP ( 'NONE', ( #1793, #2353, #2322, #1562, #1567 ) ) ;
#1395 = CIRCLE ( 'NONE', #124, 12.62500000000000000 ) ;
#1396 = DIRECTION ( 'NONE',  ( 1.000000000000000000, 0.000000000000000000, 0.000000000000000000 ) ) ;
#1397 = EDGE_CURVE ( 'NONE', #222, #2204, #78, .T. ) ;
#1398 =( GEOMETRIC_REPRESENTATION_CONTEXT ( 3 ) GLOBAL_UNCERTAINTY_ASSIGNED_CONTEXT ( ( #2051 ) ) GLOBAL_UNIT_ASSIGNED_CONTEXT ( ( #2511, #710, #911 ) ) REPRESENTATION_CONTEXT ( 'NONE', 'WORKASPACE' ) );
#1399 = VECTOR ( 'NONE', #755, 1000.000000000000000 ) ;
#1400 = EDGE_CURVE ( 'NONE', #2394, #409, #2622, .T. ) ;
#1401 = EDGE_LOOP ( 'NONE', ( #634, #2021, #1592, #1353 ) ) ;
#1402 = CYLINDRICAL_SURFACE ( 'NONE', #1639, 2.050000000000018918 ) ;
#1403 = ORIENTED_EDGE ( 'NONE', *, *, #2201, .F. ) ;
#1404 = CARTESIAN_POINT ( 'NONE',  ( -64.46335857335780872, 33.44945480038050079, -14.99999999999998579 ) ) ;
#1405 = CARTESIAN_POINT ( 'NONE',  ( -4.369062125115308781, 50.01323842425892252, -129.4945880568757559 ) ) ;
#1406 = FACE_BOUND ( 'NONE', #2122, .T. ) ;
#1407 = EDGE_LOOP ( 'NONE', ( #552, #2513, #1297, #1102 ) ) ;
#1408 = PLANE ( 'NONE',  #1738 ) ;
#1409 = ADVANCED_FACE ( 'NONE', ( #1503 ), #876, .F. ) ;
#1410 = B_SPLINE_CURVE_WITH_KNOTS ( 'NONE', 3,
 ( #2551, #140, #127, #1306, #748, #1119, #1348, #1536, #513, #2335, #1561, #298, #1731, #1322 ),
 .UNSPECIFIED., .F., .F.,
 ( 4, 2, 2, 2, 2, 2, 4 ),
 ( -2.247220506400091005E-05, 0.001651688043963101503, 0.003325848292990203885, 0.006674168791044414288, 0.008348329040071517104, 0.01002248928909862079, 0.01337080978715282642 ),
 .UNSPECIFIED. ) ;
#1411 = ADVANCED_FACE ( 'NONE', ( #1873 ), #849, .T. ) ;
#1412 = ORIENTED_EDGE ( 'NONE', *, *, #1182, .F. ) ;
#1413 = DIRECTION ( 'NONE',  ( -0.000000000000000000, -0.000000000000000000, 1.000000000000000000 ) ) ;
#1414 = ORIENTED_EDGE ( 'NONE', *, *, #1510, .T. ) ;
#1415 = LINE ( 'NONE', #2205, #329 ) ;
#1416 = CARTESIAN_POINT ( 'NONE',  ( 7.625000000000000000, 0.000000000000000000, 0.000000000000000000 ) ) ;
#1417 = DIRECTION ( 'NONE',  ( -0.000000000000000000, -0.000000000000000000, 1.000000000000000000 ) ) ;
#1418 = ORIENTED_EDGE ( 'NONE', *, *, #1661, .T. ) ;
#1419 = CARTESIAN_POINT ( 'NONE',  ( -13.31617040759733328, -40.77746333738229367, -8.463936946693978669 ) ) ;
#1420 = CARTESIAN_POINT ( 'NONE',  ( -18.69766322255830815, 39.75478068979062840, -9.999999999999994671 ) ) ;
#1421 = AXIS2_PLACEMENT_3D ( 'NONE', #2529, #2157, #1541 ) ;
#1422 = DIRECTION ( 'NONE',  ( -0.000000000000000000, -0.000000000000000000, 1.000000000000000000 ) ) ;
#1423 = ORIENTED_EDGE ( 'NONE', *, *, #293, .T. ) ;
#1424 = LINE ( 'NONE', #878, #1479 ) ;
#1425 = EDGE_CURVE ( 'NONE', #725, #2238, #2446, .T. ) ;
#1426 = ORIENTED_EDGE ( 'NONE', *, *, #597, .F. ) ;
#1427 = CARTESIAN_POINT ( 'NONE',  ( -33.02386864916499576, -12.33659035744341992, -5.000000000000000888 ) ) ;
#1428 = CARTESIAN_POINT ( 'NONE',  ( -85.75054031380136621, -14.08848682049037393, -94.52950056003933810 ) ) ;
#1429 = ADVANCED_FACE ( 'NONE', ( #480 ), #305, .F. ) ;
#1430 = DIRECTION ( 'NONE',  ( 1.000000000000000000, 0.000000000000000000, 0.000000000000000000 ) ) ;
#1431 = ORIENTED_EDGE ( 'NONE', *, *, #1596, .F. ) ;
#1432 = CARTESIAN_POINT ( 'NONE',  ( 14.35388578643622637, 0.2513960667594036802, -11.20829186706978042 ) ) ;
#1433 = VECTOR ( 'NONE', #993, 1000.000000000000114 ) ;
#1434 = DIRECTION ( 'NONE',  ( 0.000000000000000000, 0.000000000000000000, 1.000000000000000000 ) ) ;
#1435 = AXIS2_PLACEMENT_3D ( 'NONE', #538, #1549, #894 ) ;
#1436 = DIRECTION ( 'NONE',  ( -0.000000000000000000, 0.000000000000000000, 1.000000000000000000 ) ) ;
#1437 = VECTOR ( 'NONE', #520, 999.9999999999998863 ) ;
#1438 = VECTOR ( 'NONE', #268, 1000.000000000000000 ) ;
#1439 = ORIENTED_EDGE ( 'NONE', *, *, #2542, .F. ) ;
#1440 = CARTESIAN_POINT ( 'NONE',  ( -68.66386695700772691, -22.95460736998880691, -94.52950056003933810 ) ) ;
#1441 = VECTOR ( 'NONE', #1568, 1000.000000000000114 ) ;
#1442 = ORIENTED_EDGE ( 'NONE', *, *, #1037, .F. ) ;
#1443 = DIRECTION ( 'NONE',  ( -0.000000000000000000, -0.000000000000000000, -1.000000000000000000 ) ) ;
#1444 = EDGE_CURVE ( 'NONE', #717, #853, #1317, .T. ) ;
#1445 = DIRECTION ( 'NONE',  ( 0.000000000000000000, 0.000000000000000000, -1.000000000000000000 ) ) ;
#1446 = DIRECTION ( 'NONE',  ( -1.000000000000000000, 0.000000000000000000, 0.000000000000000000 ) ) ;
#1447 = VERTEX_POINT ( 'NONE', #1909 ) ;
#1448 = EDGE_CURVE ( 'NONE', #389, #1820, #934, .T. ) ;
#1449 = CARTESIAN_POINT ( 'NONE',  ( -13.06338714529897516, -40.85099646411644869, -8.445530660949305712 ) ) ;
#1450 = LINE ( 'NONE', #1882, #1308 ) ;
#1451 = CARTESIAN_POINT ( 'NONE',  ( -64.46335857335779451, 33.44945480038051500, 0.000000000000000000 ) ) ;
#1452 = CARTESIAN_POINT ( 'NONE',  ( -15.63759154107094140, 51.02331010574626902, -9.999999999999994671 ) ) ;
#1453 = ORIENTED_EDGE ( 'NONE', *, *, #536, .F. ) ;
#1454 = CARTESIAN_POINT ( 'NONE',  ( 11.20619486387115060, -5.814793347398333978, 0.000000000000000000 ) ) ;
#1455 = DIRECTION ( 'NONE',  ( 1.000000000000000000, 0.000000000000000000, 0.000000000000000000 ) ) ;
#1456 = ORIENTED_EDGE ( 'NONE', *, *, #2054, .F. ) ;
#1457 = DIRECTION ( 'NONE',  ( 0.000000000000000000, 0.000000000000000000, 1.000000000000000000 ) ) ;
#1458 = DIRECTION ( 'NONE',  ( -0.000000000000000000, -0.000000000000000000, 1.000000000000000000 ) ) ;
#1459 = EDGE_CURVE ( 'NONE', #200, #654, #464, .T. ) ;
#1460 = CARTESIAN_POINT ( 'NONE',  ( -64.46335857335780872, 33.44945480038050079, -22.50000000000000711 ) ) ;
#1461 = ORIENTED_EDGE ( 'NONE', *, *, #1293, .T. ) ;
#1462 = CARTESIAN_POINT ( 'NONE',  ( -61.16272620112546576, -15.01206457396558847, -8.080124911974927215 ) ) ;
#1463 = EDGE_CURVE ( 'NONE', #1810, #1347, #1276, .T. ) ;
#1464 = DIRECTION ( 'NONE',  ( 1.000000000000000000, 0.000000000000000000, 0.000000000000000000 ) ) ;
#1465 = DIRECTION ( 'NONE',  ( 1.000000000000000000, 0.000000000000000000, 0.000000000000000000 ) ) ;
#1466 = AXIS2_PLACEMENT_3D ( 'NONE', #2112, #895, #1918 ) ;
#1467 = CARTESIAN_POINT ( 'NONE',  ( -14.59766322255827298, 39.75478068979062840, 0.000000000000000000 ) ) ;
#1468 = ORIENTED_EDGE ( 'NONE', *, *, #1481, .T. ) ;
#1469 = DIRECTION ( 'NONE',  ( 1.000000000000000000, 0.000000000000000000, 0.000000000000000000 ) ) ;
#1470 = ORIENTED_EDGE ( 'NONE', *, *, #2262, .F. ) ;
#1471 = DIRECTION ( 'NONE',  ( -1.000000000000000000, 0.000000000000000000, 3.154042683594195614E-16 ) ) ;
#1472 = DIRECTION ( 'NONE',  ( -0.000000000000000000, -0.000000000000000000, 1.000000000000000000 ) ) ;
#1473 = CARTESIAN_POINT ( 'NONE',  ( -79.01277693580740902, -8.566356897078110322, -8.749997893052738007 ) ) ;
#1474 = ORIENTED_EDGE ( 'NONE', *, *, #186, .F. ) ;
#1475 = CARTESIAN_POINT ( 'NONE',  ( -77.66363219822939357, 8.010057446231249045, -0.6698729810778104587 ) ) ;
#1476 = DIRECTION ( 'NONE',  ( -0.000000000000000000, -0.000000000000000000, 1.000000000000000000 ) ) ;
#1477 = CARTESIAN_POINT ( 'NONE',  ( 27.99612092992120438, 26.54253596858319497, -9.999999999999994671 ) ) ;
#1478 = EDGE_CURVE ( 'NONE', #434, #1029, #862, .T. ) ;
#1479 = VECTOR ( 'NONE', #2424, 1000.000000000000114 ) ;
#1480 = CARTESIAN_POINT ( 'NONE',  ( -68.81506191114270621, -15.82011622211598123, -17.49999493711275989 ) ) ;
#1481 = EDGE_CURVE ( 'NONE', #1833, #1211, #1016, .T. ) ;
#1482 = AXIS2_PLACEMENT_3D ( 'NONE', #1531, #545, #2129 ) ;
#1483 = AXIS2_PLACEMENT_3D ( 'NONE', #229, #1256, #1071 ) ;
#1484 = ORIENTED_EDGE ( 'NONE', *, *, #1182, .T. ) ;
#1485 = DIRECTION ( 'NONE',  ( 0.000000000000000000, 0.000000000000000000, 1.000000000000000000 ) ) ;
#1486 = DIRECTION ( 'NONE',  ( 1.000000000000000000, 0.000000000000000000, 0.000000000000000000 ) ) ;
#1487 = VECTOR ( 'NONE', #2598, 1000.000000000000000 ) ;
#1488 = CARTESIAN_POINT ( 'NONE',  ( -11.20789820165609285, -43.55004808559932172, -8.747573978343815781 ) ) ;
#1489 = ORIENTED_EDGE ( 'NONE', *, *, #79, .T. ) ;
#1490 = DIRECTION ( 'NONE',  ( -0.000000000000000000, -0.000000000000000000, 1.000000000000000000 ) ) ;
#1491 = CARTESIAN_POINT ( 'NONE',  ( -79.85674663094684433, -6.192525225167987202, -8.445530660949311041 ) ) ;
#1492 = DIRECTION ( 'NONE',  ( -0.3185558102711766315, 0.9479041068285726235, 5.930763186883307123E-17 ) ) ;
#1493 = CYLINDRICAL_SURFACE ( 'NONE', #779, 1.600000000000004086 ) ;
#1494 = DIRECTION ( 'NONE',  ( -0.8876193951581107244, 0.4605776908830363503, 0.000000000000000000 ) ) ;
#1495 = EDGE_CURVE ( 'NONE', #86, #1447, #203, .T. ) ;
#1496 = ORIENTED_EDGE ( 'NONE', *, *, #320, .F. ) ;
#1497 = DIRECTION ( 'NONE',  ( 1.740655977457631713E-16, -4.070057625873862687E-18, 1.000000000000000000 ) ) ;
#1498 = PLANE ( 'NONE',  #400 ) ;
#1499 = DIRECTION ( 'NONE',  ( 0.000000000000000000, 0.000000000000000000, 1.000000000000000000 ) ) ;
#1500 = ORIENTED_EDGE ( 'NONE', *, *, #1619, .F. ) ;
#1501 = CARTESIAN_POINT ( 'NONE',  ( -23.29065351145453988, 73.53003437788495944, -129.4945880568757559 ) ) ;
#1502 = DIRECTION ( 'NONE',  ( -1.000000000000000000, 0.000000000000000000, 0.000000000000000000 ) ) ;
#1503 = FACE_OUTER_BOUND ( 'NONE', #2550, .T. ) ;
#1504 = LINE ( 'NONE', #1913, #74 ) ;
#1505 = VECTOR ( 'NONE', #1684, 1000.000000000000000 ) ;
#1506 = ORIENTED_EDGE ( 'NONE', *, *, #46, .F. ) ;
#1507 = VECTOR ( 'NONE', #546, 1000.000000000000000 ) ;
#1508 = CARTESIAN_POINT ( 'NONE',  ( -80.75125768730389098, -8.796306436149690100, -8.749997893052738007 ) ) ;
#1509 = CARTESIAN_POINT ( 'NONE',  ( -11.20619486387114705, 5.814793347398331314, -15.00000000000000000 ) ) ;
#1510 = EDGE_CURVE ( 'NONE', #1447, #381, #1288, .T. ) ;
#1511 = DIRECTION ( 'NONE',  ( -9.773064322865735686E-08, 1.465896626999272621E-09, 0.9999999999999953371 ) ) ;
#1512 = VERTEX_POINT ( 'NONE', #2092 ) ;
#1513 = VERTEX_POINT ( 'NONE', #1477 ) ;
#1514 = DIRECTION ( 'NONE',  ( 1.000000000000000000, 0.000000000000000000, 0.000000000000000000 ) ) ;
#1515 = EDGE_CURVE ( 'NONE', #2127, #2374, #2277, .T. ) ;
#1516 = LINE ( 'NONE', #1315, #585 ) ;
#1517 = ORIENTED_EDGE ( 'NONE', *, *, #1247, .T. ) ;
#1518 = CARTESIAN_POINT ( 'NONE',  ( -32.49337660431469743, -41.72314827347254607, -94.52950056003933810 ) ) ;
#1519 = AXIS2_PLACEMENT_3D ( 'NONE', #2214, #562, #2616 ) ;
#1520 = VECTOR ( 'NONE', #741, 1000.000000000000000 ) ;
#1521 = ORIENTED_EDGE ( 'NONE', *, *, #807, .T. ) ;
#1522 = CARTESIAN_POINT ( 'NONE',  ( -24.40646848874274610, -19.62460400675091421, -0.6698729810778129012 ) ) ;
#1523 = CARTESIAN_POINT ( 'NONE',  ( -46.68180497147901775, 12.89538035361598389, -17.68280292830764822 ) ) ;
#1524 = CIRCLE ( 'NONE', #292, 12.62499999999999645 ) ;
#1525 = DIRECTION ( 'NONE',  ( 1.000000000000000000, 0.000000000000000000, 0.000000000000000000 ) ) ;
#1526 = EDGE_CURVE ( 'NONE', #2272, #1544, #2025, .T. ) ;
#1527 = ORIENTED_EDGE ( 'NONE', *, *, #2280, .T. ) ;
#1528 = EDGE_LOOP ( 'NONE', ( #2177, #2035 ) ) ;
#1529 = VECTOR ( 'NONE', #495, 1000.000000000000000 ) ;
#1530 = CYLINDRICAL_SURFACE ( 'NONE', #2348, 2.050000000000018918 ) ;
#1531 = CARTESIAN_POINT ( 'NONE',  ( -67.21506191114271189, -15.82011622211598123, -11.74999789305273801 ) ) ;
#1532 = ADVANCED_FACE ( 'NONE', ( #973 ), #1129, .T. ) ;
#1533 = ORIENTED_EDGE ( 'NONE', *, *, #2611, .F. ) ;
#1534 = CARTESIAN_POINT ( 'NONE',  ( 12.62500000000000000, 8.944269795531375805E-33, -15.00000000000000178 ) ) ;
#1535 = ORIENTED_EDGE ( 'NONE', *, *, #1314, .T. ) ;
#1536 = CARTESIAN_POINT ( 'NONE',  ( -14.11702914696568278, 0.2050709989009943390, -18.92889263958045731 ) ) ;
#1537 = CARTESIAN_POINT ( 'NONE',  ( -24.74409397781622744, -36.43096788913317141, -8.743140547978237365 ) ) ;
#1538 = CARTESIAN_POINT ( 'NONE',  ( -67.21506191114271189, -15.82011622211598123, -11.74999789305273801 ) ) ;
#1539 = EDGE_LOOP ( 'NONE', ( #2497, #1736, #1642, #164 ) ) ;
#1540 = ORIENTED_EDGE ( 'NONE', *, *, #234, .T. ) ;
#1541 = DIRECTION ( 'NONE',  ( 0.9999999999999952260, -3.536541461361867682E-26, 9.773064322865734362E-08 ) ) ;
#1542 = EDGE_CURVE ( 'NONE', #996, #897, #2538, .T. ) ;
#1543 = CARTESIAN_POINT ( 'NONE',  ( -13.58759154107092115, 51.02331010574626902, -129.4945880568757559 ) ) ;
#1544 = VERTEX_POINT ( 'NONE', #1155 ) ;
#1545 = DIRECTION ( 'NONE',  ( -0.8876193951581107244, 0.4605776908830363503, 2.924120400772497515E-17 ) ) ;
#1546 = EDGE_CURVE ( 'NONE', #2604, #1570, #1578, .T. ) ;
#1547 = CARTESIAN_POINT ( 'NONE',  ( -64.46506191114171713, -15.82011622211728863, -8.743140547978237365 ) ) ;
#1548 = ORIENTED_EDGE ( 'NONE', *, *, #727, .F. ) ;
#1549 = DIRECTION ( 'NONE',  ( 9.773064322865735686E-08, -1.465896626999272621E-09, -0.9999999999999953371 ) ) ;
#1550 = PLANE ( 'NONE',  #150 ) ;
#1551 = ORIENTED_EDGE ( 'NONE', *, *, #2393, .T. ) ;
#1552 = ORIENTED_EDGE ( 'NONE', *, *, #2328, .F. ) ;
#1553 = CARTESIAN_POINT ( 'NONE',  ( -62.25167509221118678, 37.71178272610514881, -12.13830290827027802 ) ) ;
#1554 = LINE ( 'NONE', #104, #1640 ) ;
#1555 = AXIS2_PLACEMENT_3D ( 'NONE', #1647, #1472, #1659 ) ;
#1556 = ORIENTED_EDGE ( 'NONE', *, *, #322, .F. ) ;
#1557 = LINE ( 'NONE', #522, #2368 ) ;
#1558 = EDGE_CURVE ( 'NONE', #278, #781, #1019, .T. ) ;
#1559 = EDGE_CURVE ( 'NONE', #1513, #1363, #2160, .T. ) ;
#1560 = VERTEX_POINT ( 'NONE', #2383 ) ;
#1561 = CARTESIAN_POINT ( 'NONE',  ( -15.08594336300275174, -1.662208001847046424, -18.12986517246442730 ) ) ;
#1562 = ORIENTED_EDGE ( 'NONE', *, *, #4, .T. ) ;
#1563 = ORIENTED_EDGE ( 'NONE', *, *, #1247, .F. ) ;
#1564 = CARTESIAN_POINT ( 'NONE',  ( -53.25716370948666167, 27.63466145298217214, -22.50000000000000355 ) ) ;
#1565 = AXIS2_PLACEMENT_3D ( 'NONE', #2428, #629, #256 ) ;
#1566 = APPLICATION_PROTOCOL_DEFINITION ( 'draft international standard', 'automotive_design', 1998, #2445 ) ;
#1567 = ORIENTED_EDGE ( 'NONE', *, *, #1678, .F. ) ;
#1568 = DIRECTION ( 'NONE',  ( -0.3988719807210857060, -0.7687009450987016823, -0.5000000000000006661 ) ) ;
#1569 = AXIS2_PLACEMENT_3D ( 'NONE', #1817, #3, #1217 ) ;
#1570 = VERTEX_POINT ( 'NONE', #919 ) ;
#1571 = PLANE ( 'NONE',  #1519 ) ;
#1572 = ADVANCED_FACE ( 'NONE', ( #1167 ), #1940, .F. ) ;
#1573 = ORIENTED_EDGE ( 'NONE', *, *, #2248, .F. ) ;
#1574 = CYLINDRICAL_SURFACE ( 'NONE', #1172, 1.600000000000000755 ) ;
#1575 = DIRECTION ( 'NONE',  ( 0.9999999999999951150, 0.000000000000000000, 9.773064302276393647E-08 ) ) ;
#1576 = CARTESIAN_POINT ( 'NONE',  ( -45.32274774485615865, -178.0951789974744486, -17.49999240331531780 ) ) ;
#1577 = ORIENTED_EDGE ( 'NONE', *, *, #694, .F. ) ;
#1578 = LINE ( 'NONE', #1372, #2196 ) ;
#1579 = LINE ( 'NONE', #411, #999 ) ;
#1580 = ORIENTED_EDGE ( 'NONE', *, *, #744, .T. ) ;
#1581 = CARTESIAN_POINT ( 'NONE',  ( -38.34307955369313703, 28.96566460367164453, -10.73884467803497422 ) ) ;
#1582 = ORIENTED_EDGE ( 'NONE', *, *, #1331, .F. ) ;
#1583 = CARTESIAN_POINT ( 'NONE',  ( -37.02184872524627224, 30.70814269938785657, -10.09101748325893055 ) ) ;
#1584 = ADVANCED_FACE ( 'NONE', ( #159 ), #1902, .F. ) ;
#1585 = CARTESIAN_POINT ( 'NONE',  ( -10.50836267383679967, 44.88400955702481809, 0.000000000000000000 ) ) ;
#1586 = VECTOR ( 'NONE', #1702, 1000.000000000000000 ) ;
#1587 = CARTESIAN_POINT ( 'NONE',  ( -15.63759154107094140, 51.02331010574626902, 0.000000000000000000 ) ) ;
#1588 = VERTEX_POINT ( 'NONE', #570 ) ;
#1589 = CARTESIAN_POINT ( 'NONE',  ( -11.50258280204972827, -42.18877278234669603, -8.593189866874794802 ) ) ;
#1590 = VERTEX_POINT ( 'NONE', #1766 ) ;
#1591 = DIRECTION ( 'NONE',  ( 0.000000000000000000, 0.000000000000000000, 1.000000000000000000 ) ) ;
#1592 = ORIENTED_EDGE ( 'NONE', *, *, #1210, .T. ) ;
#1593 = CARTESIAN_POINT ( 'NONE',  ( -37.52701428619524648, 30.53837507898203185, -10.27283726740023972 ) ) ;
#1594 = CARTESIAN_POINT ( 'NONE',  ( -65.33824863486003665, 31.76337793953300093, -21.31458361389103473 ) ) ;
#1595 = AXIS2_PLACEMENT_3D ( 'NONE', #1440, #2041, #223 ) ;
#1596 = EDGE_CURVE ( 'NONE', #97, #422, #81, .T. ) ;
#1597 = CARTESIAN_POINT ( 'NONE',  ( -7.432097667609813385, 13.08818486619017740, -10.69003955171856113 ) ) ;
#1598 = ORIENTED_EDGE ( 'NONE', *, *, #873, .F. ) ;
#1599 = VECTOR ( 'NONE', #667, 1000.000000000000000 ) ;
#1600 = DIRECTION ( 'NONE',  ( 0.000000000000000000, 0.000000000000000000, 1.000000000000000000 ) ) ;
#1601 = EDGE_CURVE ( 'NONE', #409, #822, #1557, .T. ) ;
#1602 = AXIS2_PLACEMENT_3D ( 'NONE', #1858, #43, #1465 ) ;
#1603 = CYLINDRICAL_SURFACE ( 'NONE', #1626, 12.62499999999999645 ) ;
#1604 = DIRECTION ( 'NONE',  ( 0.000000000000000000, 0.000000000000000000, 1.000000000000000000 ) ) ;
#1605 = ORIENTED_EDGE ( 'NONE', *, *, #1786, .F. ) ;
#1606 = CARTESIAN_POINT ( 'NONE',  ( 6.908665363245517277, 13.31429092737162279, -129.4945880568757559 ) ) ;
#1607 = DIRECTION ( 'NONE',  ( 0.000000000000000000, 0.000000000000000000, 1.000000000000000000 ) ) ;
#1608 = EDGE_LOOP ( 'NONE', ( #1662, #1527, #1343, #1645 ) ) ;
#1609 = CARTESIAN_POINT ( 'NONE',  ( -5.379133806602656165, 38.74470900830328191, 0.000000000000000000 ) ) ;
#1610 = CYLINDRICAL_SURFACE ( 'NONE', #365, 5.000000000000001776 ) ;
#1611 = CARTESIAN_POINT ( 'NONE',  ( -11.02491200717876119, 6.164159334494508258, -14.75230149859614492 ) ) ;
#1612 = ORIENTED_EDGE ( 'NONE', *, *, #890, .F. ) ;
#1613 = FACE_OUTER_BOUND ( 'NONE', #908, .T. ) ;
#1614 = DIRECTION ( 'NONE',  ( -1.000000000000000000, 0.000000000000000000, 3.154042683594195614E-16 ) ) ;
#1615 = EDGE_CURVE ( 'NONE', #395, #316, #718, .T. ) ;
#1616 = CARTESIAN_POINT ( 'NONE',  ( -11.20789820165604311, -43.45477767509814981, -11.74999789305273801 ) ) ;
#1617 = VERTEX_POINT ( 'NONE', #2184 ) ;
#1618 = CARTESIAN_POINT ( 'NONE',  ( -24.81910272456971711, -35.77978000054232410, -8.685664599903624605 ) ) ;
#1619 = EDGE_CURVE ( 'NONE', #1083, #2469, #798, .T. ) ;
#1620 = ORIENTED_EDGE ( 'NONE', *, *, #1665, .T. ) ;
#1621 = FACE_OUTER_BOUND ( 'NONE', #2442, .T. ) ;
#1622 = DIRECTION ( 'NONE',  ( -1.000000000000000000, 2.664535259100376091E-15, 0.000000000000000000 ) ) ;
#1623 = CARTESIAN_POINT ( 'NONE',  ( -6.920624225173396482, 15.64380256306950656, -9.999999999999994671 ) ) ;
#1624 = ORIENTED_EDGE ( 'NONE', *, *, #132, .F. ) ;
#1625 = CARTESIAN_POINT ( 'NONE',  ( -12.93785267053483956, -40.89756328890084802, -8.439391886912595453 ) ) ;
#1626 = AXIS2_PLACEMENT_3D ( 'NONE', #209, #1236, #1785 ) ;
#1627 = EDGE_CURVE ( 'NONE', #316, #422, #2535, .T. ) ;
#1628 = CARTESIAN_POINT ( 'NONE',  ( -14.12558411204295084, -54.63385697950296560, -17.49999478074441939 ) ) ;
#1629 = VERTEX_POINT ( 'NONE', #1534 ) ;
#1630 = DIRECTION ( 'NONE',  ( -0.3019640849423639861, 0.9533193019156386283, 0.000000000000000000 ) ) ;
#1631 = EDGE_CURVE ( 'NONE', #2219, #1321, #1955, .T. ) ;
#1632 = ORIENTED_EDGE ( 'NONE', *, *, #948, .F. ) ;
#1633 = DIRECTION ( 'NONE',  ( 1.000000000000000000, 0.000000000000000000, 0.000000000000000000 ) ) ;
#1634 = CARTESIAN_POINT ( 'NONE',  ( -60.88216370948666167, 27.63466145298217214, 0.000000000000000000 ) ) ;
#1635 = LINE ( 'NONE', #653, #2361 ) ;
#1636 = VERTEX_POINT ( 'NONE', #1743 ) ;
#1637 = CARTESIAN_POINT ( 'NONE',  ( -11.21724972896014094, -43.19299452927528193, -8.727104157117169692 ) ) ;
#1638 = FACE_OUTER_BOUND ( 'NONE', #1789, .T. ) ;
#1639 = AXIS2_PLACEMENT_3D ( 'NONE', #2591, #809, #2375 ) ;
#1640 = VECTOR ( 'NONE', #2143, 1000.000000000000000 ) ;
#1641 = CIRCLE ( 'NONE', #1987, 3.000000000000002665 ) ;
#1642 = ORIENTED_EDGE ( 'NONE', *, *, #1809, .T. ) ;
#1643 = CARTESIAN_POINT ( 'NONE',  ( -7.429133806602672863, 38.74470900830328191, -129.4945880568757559 ) ) ;
#1644 = EDGE_CURVE ( 'NONE', #283, #1224, #1330, .T. ) ;
#1645 = ORIENTED_EDGE ( 'NONE', *, *, #976, .F. ) ;
#1646 = CARTESIAN_POINT ( 'NONE',  ( -9.057006718846400517, -44.86577451484303936, -8.749997893052738007 ) ) ;
#1647 = CARTESIAN_POINT ( 'NONE',  ( -53.25716370948666167, 27.63466145298217214, -22.50000000000000711 ) ) ;
#1648 = EDGE_CURVE ( 'NONE', #1029, #1761, #533, .T. ) ;
#1649 = CARTESIAN_POINT ( 'NONE',  ( -53.25716370948666167, 27.63466145298217214, -14.99999999999999289 ) ) ;
#1650 = ORIENTED_EDGE ( 'NONE', *, *, #1463, .F. ) ;
#1651 = CYLINDRICAL_SURFACE ( 'NONE', #2519, 2.750000000000002665 ) ;
#1652 = CARTESIAN_POINT ( 'NONE',  ( -81.40641186483993863, -6.112863238884011174, -8.635511708649698193 ) ) ;
#1653 = DIRECTION ( 'NONE',  ( -0.8876193951581106134, 0.4605776908830362948, -0.000000000000000000 ) ) ;
#1654 = PLANE ( 'NONE',  #2134 ) ;
#1655 = ORIENTED_EDGE ( 'NONE', *, *, #2453, .T. ) ;
#1656 = DIRECTION ( 'NONE',  ( -0.000000000000000000, 0.000000000000000000, 1.000000000000000000 ) ) ;
#1657 = ORIENTED_EDGE ( 'NONE', *, *, #2180, .F. ) ;
#1658 = FACE_OUTER_BOUND ( 'NONE', #2342, .T. ) ;
#1659 = DIRECTION ( 'NONE',  ( -1.000000000000000000, 0.000000000000000000, 0.000000000000000000 ) ) ;
#1660 = DIRECTION ( 'NONE',  ( 0.000000000000000000, 0.000000000000000000, 1.000000000000000000 ) ) ;
#1661 = EDGE_CURVE ( 'NONE', #734, #86, #2271, .T. ) ;
#1662 = ORIENTED_EDGE ( 'NONE', *, *, #859, .F. ) ;
#1663 = CYLINDRICAL_SURFACE ( 'NONE', #938, 7.625000000000000000 ) ;
#1664 = CARTESIAN_POINT ( 'NONE',  ( -82.13589125100916988, -6.406060305730582272, -8.731323938666866624 ) ) ;
#1665 = EDGE_CURVE ( 'NONE', #142, #2046, #247, .T. ) ;
#1666 = CARTESIAN_POINT ( 'NONE',  ( 20.23329506032166236, -39.97125181042558495, -5.000000000000000888 ) ) ;
#1667 = DIRECTION ( 'NONE',  ( 1.740655977457631713E-16, -4.070057625873862687E-18, 1.000000000000000000 ) ) ;
#1668 = AXIS2_PLACEMENT_3D ( 'NONE', #987, #2224, #1795 ) ;
#1669 = ADVANCED_FACE ( 'NONE', ( #581, #2036 ), #1408, .T. ) ;
#1670 = CARTESIAN_POINT ( 'NONE',  ( -58.79900193181885015, 44.36572998184481520, -9.999999999999982236 ) ) ;
#1671 = VECTOR ( 'NONE', #438, 1000.000000000000114 ) ;
#1672 = ORIENTED_EDGE ( 'NONE', *, *, #1346, .T. ) ;
#1673 = DIRECTION ( 'NONE',  ( 1.000000000000000000, 0.000000000000000000, 0.000000000000000000 ) ) ;
#1674 = FACE_OUTER_BOUND ( 'NONE', #216, .T. ) ;
#1675 = CARTESIAN_POINT ( 'NONE',  ( -25.89409397781722078, -36.43096788913185691, -11.74999789305273801 ) ) ;
#1676 = ORIENTED_EDGE ( 'NONE', *, *, #2530, .F. ) ;
#1677 = CARTESIAN_POINT ( 'NONE',  ( -29.30347519893921060, -34.36006480191336721, -8.749997893052738007 ) ) ;
#1678 = EDGE_CURVE ( 'NONE', #647, #1024, #217, .T. ) ;
#1679 = FACE_OUTER_BOUND ( 'NONE', #763, .T. ) ;
#1680 = CIRCLE ( 'NONE', #160, 5.000000000000001776 ) ;
#1681 = DIRECTION ( 'NONE',  ( 0.4605776908830362948, 0.8876193951581106134, 0.000000000000000000 ) ) ;
#1682 = ADVANCED_FACE ( 'NONE', ( #595 ), #2209, .F. ) ;
#1683 = TOROIDAL_SURFACE ( 'NONE', #548, 17.62500000000000000, 5.000000000000000000 ) ;
#1684 = DIRECTION ( 'NONE',  ( -0.000000000000000000, -0.000000000000000000, 1.000000000000000000 ) ) ;
#1685 = LINE ( 'NONE', #277, #2536 ) ;
#1686 = AXIS2_PLACEMENT_3D ( 'NONE', #1261, #1667, #674 ) ;
#1687 = ORIENTED_EDGE ( 'NONE', *, *, #1910, .F. ) ;
#1688 = DIRECTION ( 'NONE',  ( 1.000000000000000000, 0.000000000000000000, 0.000000000000000000 ) ) ;
#1689 = FACE_BOUND ( 'NONE', #2554, .T. ) ;
#1690 = VECTOR ( 'NONE', #231, 1000.000000000000000 ) ;
#1691 = DIRECTION ( 'NONE',  ( 0.000000000000000000, 0.000000000000000000, 1.000000000000000000 ) ) ;
#1692 = ORIENTED_EDGE ( 'NONE', *, *, #1444, .F. ) ;
#1693 = LINE ( 'NONE', #1299, #1690 ) ;
#1694 = DIRECTION ( 'NONE',  ( 0.000000000000000000, 0.000000000000000000, -1.000000000000000000 ) ) ;
#1695 = DIRECTION ( 'NONE',  ( -0.8876193951581108355, 0.4605776908830361838, -0.000000000000000000 ) ) ;
#1696 = DIRECTION ( 'NONE',  ( 1.000000000000000000, 0.000000000000000000, 0.000000000000000000 ) ) ;
#1697 = ADVANCED_FACE ( 'NONE', ( #2444 ), #778, .T. ) ;
#1698 = CARTESIAN_POINT ( 'NONE',  ( 0.000000000000000000, 0.000000000000000000, -15.00000000000000000 ) ) ;
#1699 = EDGE_CURVE ( 'NONE', #928, #2136, #1773, .T. ) ;
#1700 = ORIENTED_EDGE ( 'NONE', *, *, #1154, .T. ) ;
#1701 = CARTESIAN_POINT ( 'NONE',  ( -80.75125768730389098, -8.796306436149690100, -11.74999789305273801 ) ) ;
#1702 = DIRECTION ( 'NONE',  ( 0.000000000000000000, 0.000000000000000000, 1.000000000000000000 ) ) ;
#1703 = DIRECTION ( 'NONE',  ( 1.000000000000000000, 0.000000000000000000, 0.000000000000000000 ) ) ;
#1704 = ORIENTED_EDGE ( 'NONE', *, *, #1601, .T. ) ;
#1705 = EDGE_LOOP ( 'NONE', ( #207, #171, #547, #1968, #1704, #1994 ) ) ;
#1706 = DIRECTION ( 'NONE',  ( 1.000000000000000000, 0.000000000000000000, 0.000000000000000000 ) ) ;
#1707 = DIRECTION ( 'NONE',  ( -0.4605776908830357952, -0.8876193951581110575, 0.000000000000000000 ) ) ;
#1708 = DIRECTION ( 'NONE',  ( 0.000000000000000000, 0.000000000000000000, 1.000000000000000000 ) ) ;
#1709 = ORIENTED_EDGE ( 'NONE', *, *, #1892, .F. ) ;
#1710 = CARTESIAN_POINT ( 'NONE',  ( -27.49409397781722220, -36.43096788913185691, -11.74999789305273801 ) ) ;
#1711 = CARTESIAN_POINT ( 'NONE',  ( -66.70125910247489287, -13.11537816763563136, -8.476167425312683079 ) ) ;
#1712 = DIRECTION ( 'NONE',  ( 1.000000000000000000, 0.000000000000000000, 0.000000000000000000 ) ) ;
#1713 = ADVANCED_FACE ( 'NONE', ( #1233 ), #194, .F. ) ;
#1714 = ORIENTED_EDGE ( 'NONE', *, *, #2098, .T. ) ;
#1715 = CARTESIAN_POINT ( 'NONE',  ( -7.905562491638802314, -42.64672602694775350, -8.080124911974920110 ) ) ;
#1716 = CARTESIAN_POINT ( 'NONE',  ( -47.71532538114513500, 10.90359312841933459, -17.49999291419611680 ) ) ;
#1717 = ADVANCED_FACE ( 'NONE', ( #1613 ), #410, .F. ) ;
#1718 = DIRECTION ( 'NONE',  ( 0.000000000000000000, 0.000000000000000000, 1.000000000000000000 ) ) ;
#1719 = ORIENTED_EDGE ( 'NONE', *, *, #270, .T. ) ;
#1720 = ORIENTED_EDGE ( 'NONE', *, *, #31, .F. ) ;
#1721 = CARTESIAN_POINT ( 'NONE',  ( 0.000000000000000000, 0.000000000000000000, -15.00000000000000000 ) ) ;
#1722 = B_SPLINE_CURVE_WITH_KNOTS ( 'NONE', 3,
 ( #1788, #6, #762, #1004, #1209, #165, #1374, #1581, #1387, #390 ),
 .UNSPECIFIED., .F., .F.,
 ( 4, 2, 2, 2, 4 ),
 ( -2.247220505427741227E-05, 0.002723063027137378675, 0.005468598259329034671, 0.008214133491520690666, 0.01095966872371234579 ),
 .UNSPECIFIED. ) ;
#1723 = CARTESIAN_POINT ( 'NONE',  ( -87.13227338645046416, -16.75134500596470133, -17.49999672590054445 ) ) ;
#1724 =( LENGTH_UNIT ( ) NAMED_UNIT ( * ) SI_UNIT ( .MILLI., .METRE. ) );
#1725 = ORIENTED_EDGE ( 'NONE', *, *, #114, .F. ) ;
#1726 = CARTESIAN_POINT ( 'NONE',  ( -53.25716370948666167, 27.63466145298217214, -22.50000000000000711 ) ) ;
#1727 = CIRCLE ( 'NONE', #119, 7.625000000000000000 ) ;
#1728 = VECTOR ( 'NONE', #2239, 999.9999999999998863 ) ;
#1729 = AXIS2_PLACEMENT_3D ( 'NONE', #827, #1868, #1430 ) ;
#1730 = ORIENTED_EDGE ( 'NONE', *, *, #1756, .F. ) ;
#1731 = CARTESIAN_POINT ( 'NONE',  ( -16.34668978558565300, -4.091902273220187958, -17.49999507190377201 ) ) ;
#1732 = EDGE_CURVE ( 'NONE', #1796, #389, #1, .T. ) ;
#1733 = DIRECTION ( 'NONE',  ( 0.000000000000000000, 0.000000000000000000, 1.000000000000000000 ) ) ;
#1734 = AXIS2_PLACEMENT_3D ( 'NONE', #2290, #261, #1065 ) ;
#1735 = ORIENTED_EDGE ( 'NONE', *, *, #2084, .T. ) ;
#1736 = ORIENTED_EDGE ( 'NONE', *, *, #1828, .T. ) ;
#1737 = ADVANCED_FACE ( 'NONE', ( #258 ), #1274, .T. ) ;
#1738 = AXIS2_PLACEMENT_3D ( 'NONE', #1794, #2198, #2407 ) ;
#1739 = DIRECTION ( 'NONE',  ( -0.000000000000000000, 0.000000000000000000, -1.000000000000000000 ) ) ;
#1740 = DIRECTION ( 'NONE',  ( -0.8876193951581107244, 0.4605776908830361283, 1.563785783320151700E-16 ) ) ;
#1741 = LINE ( 'NONE', #902, #1507 ) ;
#1742 = ORIENTED_EDGE ( 'NONE', *, *, #931, .F. ) ;
#1743 = CARTESIAN_POINT ( 'NONE',  ( 12.62500000000000000, 0.000000000000000000, -22.50000000000000711 ) ) ;
#1744 = FACE_OUTER_BOUND ( 'NONE', #2567, .T. ) ;
#1745 = ORIENTED_EDGE ( 'NONE', *, *, #50, .F. ) ;
#1746 = CARTESIAN_POINT ( 'NONE',  ( -53.25716370948666167, 27.63466145298217214, -9.999999999999987566 ) ) ;
#1747 = DIRECTION ( 'NONE',  ( 1.000000000000000000, 0.000000000000000000, 0.000000000000000000 ) ) ;
#1748 = DIRECTION ( 'NONE',  ( -1.000000000000000000, 0.000000000000000000, 0.000000000000000000 ) ) ;
#1749 = VERTEX_POINT ( 'NONE', #887 ) ;
#1750 = ORIENTED_EDGE ( 'NONE', *, *, #1168, .T. ) ;
#1751 = CARTESIAN_POINT ( 'NONE',  ( -59.83252238291731118, 42.37394267680032556, -10.18281014094007197 ) ) ;
#1752 = ADVANCED_FACE ( 'NONE', ( #1906 ), #1663, .F. ) ;
#1753 = DIRECTION ( 'NONE',  ( -0.000000000000000000, -0.000000000000000000, -1.000000000000000000 ) ) ;
#1754 = VERTEX_POINT ( 'NONE', #2458 ) ;
#1755 = DIRECTION ( 'NONE',  ( 0.9999999999999952260, 0.000000000000000000, 9.773064302276437322E-08 ) ) ;
#1756 = EDGE_CURVE ( 'NONE', #1890, #1560, #1073, .T. ) ;
#1757 = ORIENTED_EDGE ( 'NONE', *, *, #1346, .F. ) ;
#1758 = CARTESIAN_POINT ( 'NONE',  ( -18.69766322255830815, 39.75478068979062840, 0.000000000000000000 ) ) ;
#1759 = AXIS2_PLACEMENT_3D ( 'NONE', #1666, #2301, #493 ) ;
#1760 = VERTEX_POINT ( 'NONE', #1462 ) ;
#1761 = VERTEX_POINT ( 'NONE', #1853 ) ;
#1762 = DIRECTION ( 'NONE',  ( 1.000000000000000000, 0.000000000000000000, 0.000000000000000000 ) ) ;
#1763 = CIRCLE ( 'NONE', #2010, 2.050000000000018474 ) ;
#1764 = DIRECTION ( 'NONE',  ( 0.000000000000000000, 0.000000000000000000, 1.000000000000000000 ) ) ;
#1765 = ORIENTED_EDGE ( 'NONE', *, *, #1459, .T. ) ;
#1766 = CARTESIAN_POINT ( 'NONE',  ( -13.58759154107092115, 51.02331010574626902, 0.000000000000000000 ) ) ;
#1767 = EDGE_CURVE ( 'NONE', #1211, #2208, #1693, .T. ) ;
#1768 = PLANE ( 'NONE',  #2602 ) ;
#1769 = EDGE_CURVE ( 'NONE', #257, #853, #719, .T. ) ;
#1770 = EDGE_LOOP ( 'NONE', ( #2002, #2582, #1598, #2099 ) ) ;
#1771 = DIRECTION ( 'NONE',  ( 0.000000000000000000, 0.000000000000000000, 1.000000000000000000 ) ) ;
#1772 = AXIS2_PLACEMENT_3D ( 'NONE', #1609, #2583, #2016 ) ;
#1773 = B_SPLINE_CURVE_WITH_KNOTS ( 'NONE', 3,
 ( #1203, #1034, #1637, #1999, #2234, #606, #1589, #1840, #2612, #816, #631, #1625, #1449, #1419, #997, #371, #172, #424, #1179, #1989, #790, #2011 ),
 .UNSPECIFIED., .F., .F.,
 ( 4, 2, 2, 2, 2, 2, 2, 2, 2, 2, 4 ),
 ( 0.0002855766609339530798, 0.0006791303405266747948, 0.001072684020119396564, 0.001859791379304857450, 0.002646898738490317902, 0.003434006097675779221, 0.003827559777268516386, 0.004221113456861253985, 0.005008220816046725712, 0.005795328175232197440, 0.006582435534417670035 ),
 .UNSPECIFIED. ) ;
#1774 = VECTOR ( 'NONE', #922, 1000.000000000000000 ) ;
#1775 = ORIENTED_EDGE ( 'NONE', *, *, #855, .F. ) ;
#1776 = CARTESIAN_POINT ( 'NONE',  ( -35.96863123035794274, 31.06209047750061458, -9.999999999999994671 ) ) ;
#1777 = CARTESIAN_POINT ( 'NONE',  ( -7.429133806602672863, 38.74470900830328191, -9.999999999999994671 ) ) ;
#1778 = VECTOR ( 'NONE', #2008, 1000.000000000000000 ) ;
#1779 = CARTESIAN_POINT ( 'NONE',  ( -10.84341777248017635, 6.513932686562383445, -14.50503101821836260 ) ) ;
#1780 = AXIS2_PLACEMENT_3D ( 'NONE', #100, #1718, #1525 ) ;
#1781 = B_SPLINE_CURVE_WITH_KNOTS ( 'NONE', 3,
 ( #1242, #1623, #476, #22 ),
 .UNSPECIFIED., .F., .F.,
 ( 4, 4 ),
 ( 3.576224061345498009E-18, 0.001544296878946038254 ),
 .UNSPECIFIED. ) ;
#1782 = ORIENTED_EDGE ( 'NONE', *, *, #2365, .T. ) ;
#1783 = DIRECTION ( 'NONE',  ( -0.3019640849423639861, 0.9533193019156386283, 5.644162343789948621E-17 ) ) ;
#1784 = AXIS2_PLACEMENT_3D ( 'NONE', #1726, #1925, #937 ) ;
#1785 = DIRECTION ( 'NONE',  ( 1.000000000000000000, 0.000000000000000000, 0.000000000000000000 ) ) ;
#1786 = EDGE_CURVE ( 'NONE', #147, #1590, #125, .T. ) ;
#1787 = ORIENTED_EDGE ( 'NONE', *, *, #161, .T. ) ;
#1788 = CARTESIAN_POINT ( 'NONE',  ( -42.05096884561550752, 21.81986810558383638, -15.00000000000000000 ) ) ;
#1789 = EDGE_LOOP ( 'NONE', ( #1875, #1296, #2255, #2059, #700 ) ) ;
#1790 = DIRECTION ( 'NONE',  ( -0.000000000000000000, -0.000000000000000000, 1.000000000000000000 ) ) ;
#1791 = LINE ( 'NONE', #418, #494 ) ;
#1792 = CARTESIAN_POINT ( 'NONE',  ( 11.20619486387114883, -5.814793347398333978, -94.52950056003933810 ) ) ;
#1793 = ORIENTED_EDGE ( 'NONE', *, *, #1231, .F. ) ;
#1794 = CARTESIAN_POINT ( 'NONE',  ( -13.95789820165604311, -43.45477767509814981, -11.74999789305273801 ) ) ;
#1795 = DIRECTION ( 'NONE',  ( 1.000000000000000000, 0.000000000000000000, 0.000000000000000000 ) ) ;
#1796 = VERTEX_POINT ( 'NONE', #1677 ) ;
#1797 = CARTESIAN_POINT ( 'NONE',  ( -28.87872754152250820, -34.04072175871276329, -8.731323938666868401 ) ) ;
#1798 = ADVANCED_FACE ( 'NONE', ( #285 ), #1084, .F. ) ;
#1799 = ORIENTED_EDGE ( 'NONE', *, *, #1133, .T. ) ;
#1800 = CARTESIAN_POINT ( 'NONE',  ( -83.64359953225061872, -6.163464857997690949, -8.749997893052738007 ) ) ;
#1801 = DIRECTION ( 'NONE',  ( 0.4605776908830362948, 0.8876193951581106134, 0.000000000000000000 ) ) ;
#1802 = EDGE_CURVE ( 'NONE', #316, #1998, #466, .T. ) ;
#1803 = CARTESIAN_POINT ( 'NONE',  ( -10.29720389777506817, 7.566589032472633924, -13.76946483736158555 ) ) ;
#1804 = ORIENTED_EDGE ( 'NONE', *, *, #1133, .F. ) ;
#1805 = CARTESIAN_POINT ( 'NONE',  ( 12.96687106732412431, -2.421640839768341102, -12.67454951836771038 ) ) ;
#1806 = LINE ( 'NONE', #376, #1898 ) ;
#1807 = ORIENTED_EDGE ( 'NONE', *, *, #1732, .T. ) ;
#1808 = LINE ( 'NONE', #2003, #2106 ) ;
#1809 = EDGE_CURVE ( 'NONE', #44, #654, #670, .T. ) ;
#1810 = VERTEX_POINT ( 'NONE', #2246 ) ;
#1811 = DIRECTION ( 'NONE',  ( -0.000000000000000000, -0.000000000000000000, 1.000000000000000000 ) ) ;
#1812 = CARTESIAN_POINT ( 'NONE',  ( -68.34310707248937433, 25.97245345113521608, -18.12986517246446994 ) ) ;
#1813 = AXIS2_PLACEMENT_3D ( 'NONE', #2438, #735, #98 ) ;
#1814 = CARTESIAN_POINT ( 'NONE',  ( -9.373367909432806400, 9.346993853265169960, -12.58800721191283323 ) ) ;
#1815 = ADVANCED_FACE ( 'NONE', ( #246 ), #1651, .F. ) ;
#1816 = ORIENTED_EDGE ( 'NONE', *, *, #2257, .F. ) ;
#1817 = CARTESIAN_POINT ( 'NONE',  ( -80.75125768730389098, -8.796306436149690100, -22.50000000000000711 ) ) ;
#1818 = VECTOR ( 'NONE', #2468, 1000.000000000000000 ) ;
#1819 = AXIS2_PLACEMENT_3D ( 'NONE', #1099, #88, #1706 ) ;
#1820 = VERTEX_POINT ( 'NONE', #64 ) ;
#1821 = CARTESIAN_POINT ( 'NONE',  ( -16.78843632017017740, -53.25212700844533487, -8.749997893052738007 ) ) ;
#1822 = ORIENTED_EDGE ( 'NONE', *, *, #1319, .T. ) ;
#1823 = DIRECTION ( 'NONE',  ( 1.000000000000000000, 0.000000000000000000, 0.000000000000000000 ) ) ;
#1824 = FACE_OUTER_BOUND ( 'NONE', #176, .T. ) ;
#1825 = LINE ( 'NONE', #857, #2023 ) ;
#1826 = VERTEX_POINT ( 'NONE', #1870 ) ;
#1827 = CARTESIAN_POINT ( 'NONE',  ( 33.08412179665052122, 10.47940238320209083, -129.4945880568757559 ) ) ;
#1828 = EDGE_CURVE ( 'NONE', #1588, #44, #1046, .T. ) ;
#1829 = FACE_OUTER_BOUND ( 'NONE', #1371, .T. ) ;
#1830 = B_SPLINE_CURVE_WITH_KNOTS ( 'NONE', 3,
 ( #1547, #350, #1362, #2146, #1156, #151, #2537, #2574, #2171, #361, #1169, #905, #2121, #1320, #1711, #2520, #920, #720, #2333, #2132, #321, #374 ),
 .UNSPECIFIED., .F., .F.,
 ( 4, 2, 2, 2, 2, 2, 2, 2, 2, 2, 4 ),
 ( 0.0002855766609339562240, 0.0006791303405266951778, 0.001072684020119434077, 0.001859791379304918165, 0.002646898738490401602, 0.003434006097675885907, 0.003827559777268607893, 0.004221113456861330313, 0.005008220816046775152, 0.005795328175232219992, 0.006582435534417664831 ),
 .UNSPECIFIED. ) ;
#1831 = ADVANCED_FACE ( 'NONE', ( #1285 ), #53, .F. ) ;
#1832 = LINE ( 'NONE', #1616, #628 ) ;
#1833 = VERTEX_POINT ( 'NONE', #2470 ) ;
#1834 = FACE_OUTER_BOUND ( 'NONE', #33, .T. ) ;
#1835 = VERTEX_POINT ( 'NONE', #2076 ) ;
#1836 = DIRECTION ( 'NONE',  ( -0.000000000000000000, -0.000000000000000000, -1.000000000000000000 ) ) ;
#1837 = CARTESIAN_POINT ( 'NONE',  ( -64.68089397013984865, 33.03022338483582132, -22.20276281082446346 ) ) ;
#1838 = CARTESIAN_POINT ( 'NONE',  ( -13.95789820165604311, -43.45477767509814981, -8.749997893052738007 ) ) ;
#1839 = ORIENTED_EDGE ( 'NONE', *, *, #1168, .F. ) ;
#1840 = CARTESIAN_POINT ( 'NONE',  ( -11.78628148291808841, -41.74731671598009086, -8.518169337432945909 ) ) ;
#1841 = CYLINDRICAL_SURFACE ( 'NONE', #2618, 2.050000000000016254 ) ;
#1842 = CARTESIAN_POINT ( 'NONE',  ( 5.541838328341523123, -16.73106832456283755, -17.49999291419611680 ) ) ;
#1843 = AXIS2_PLACEMENT_3D ( 'NONE', #238, #1607, #1455 ) ;
#1844 = ADVANCED_FACE ( 'NONE', ( #872 ), #478, .F. ) ;
#1845 = EDGE_LOOP ( 'NONE', ( #2264, #945 ) ) ;
#1846 = AXIS2_PLACEMENT_3D ( 'NONE', #1405, #1985, #2402 ) ;
#1847 = CARTESIAN_POINT ( 'NONE',  ( -4.369062125115308781, 50.01323842425892252, -9.999999999999994671 ) ) ;
#1848 = ORIENTED_EDGE ( 'NONE', *, *, #2120, .T. ) ;
#1849 = CARTESIAN_POINT ( 'NONE',  ( -13.95789820165604311, -43.45477767509814981, -11.74999789305273801 ) ) ;
#1850 = DIRECTION ( 'NONE',  ( -1.000000000000000000, 0.000000000000000000, 0.000000000000000000 ) ) ;
#1851 = DIRECTION ( 'NONE',  ( 1.000000000000000000, 0.000000000000000000, 0.000000000000000000 ) ) ;
#1852 = VERTEX_POINT ( 'NONE', #1368 ) ;
#1853 = CARTESIAN_POINT ( 'NONE',  ( -33.87510967696380249, -44.38600645894687347, -17.49999672590054445 ) ) ;
#1854 = CIRCLE ( 'NONE', #709, 2.050000000000016254 ) ;
#1855 = CARTESIAN_POINT ( 'NONE',  ( -78.04793752748567215, -8.275015174139928931, -8.701496228464600691 ) ) ;
#1856 = AXIS2_PLACEMENT_3D ( 'NONE', #1576, #2020, #558 ) ;
#1857 = CARTESIAN_POINT ( 'NONE',  ( -35.15623478978904615, -40.34141520082343391, -8.749997893052738007 ) ) ;
#1858 = CARTESIAN_POINT ( 'NONE',  ( -27.49409397781722220, -36.43096788913185691, -8.749997893052738007 ) ) ;
#1859 = AXIS2_PLACEMENT_3D ( 'NONE', #433, #215, #1032 ) ;
#1860 = FACE_BOUND ( 'NONE', #1118, .T. ) ;
#1861 = VERTEX_POINT ( 'NONE', #1970 ) ;
#1862 = CYLINDRICAL_SURFACE ( 'NONE', #1262, 7.625000000000000000 ) ;
#1863 = EDGE_CURVE ( 'NONE', #2136, #2208, #1383, .T. ) ;
#1864 = EDGE_LOOP ( 'NONE', ( #1468, #1194 ) ) ;
#1865 = DIRECTION ( 'NONE',  ( -1.000000000000000000, 0.000000000000000000, 0.000000000000000000 ) ) ;
#1866 = DIRECTION ( 'NONE',  ( 0.9999999999999952260, 0.000000000000000000, 9.773064302276437322E-08 ) ) ;
#1867 = EDGE_CURVE ( 'NONE', #1629, #734, #1251, .T. ) ;
#1868 = DIRECTION ( 'NONE',  ( 0.000000000000000000, 0.000000000000000000, 1.000000000000000000 ) ) ;
#1869 = ORIENTED_EDGE ( 'NONE', *, *, #943, .T. ) ;
#1870 = CARTESIAN_POINT ( 'NONE',  ( -45.63216370948666167, 27.63466145298217214, -22.50000000000000711 ) ) ;
#1871 = CARTESIAN_POINT ( 'NONE',  ( -67.21506191114271189, -15.82011622211598123, -8.749997893052738007 ) ) ;
#1872 = FACE_OUTER_BOUND ( 'NONE', #769, .T. ) ;
#1873 = FACE_OUTER_BOUND ( 'NONE', #1905, .T. ) ;
#1874 = LINE ( 'NONE', #1643, #2189 ) ;
#1875 = ORIENTED_EDGE ( 'NONE', *, *, #1510, .F. ) ;
#1876 = CARTESIAN_POINT ( 'NONE',  ( 6.888638245203861944E-17, 3.823962394069380495E-33, -22.50000000000000355 ) ) ;
#1877 = CARTESIAN_POINT ( 'NONE',  ( -47.67343250730773008, 65.80678411636203862, -9.999999999999994671 ) ) ;
#1878 = CARTESIAN_POINT ( 'NONE',  ( -42.05096884561553594, 21.81986810558379375, -22.50000000000000711 ) ) ;
#1879 = ORIENTED_EDGE ( 'NONE', *, *, #1756, .T. ) ;
#1880 = ADVANCED_FACE ( 'NONE', ( #156 ), #1530, .F. ) ;
#1881 = DIRECTION ( 'NONE',  ( -0.8876193951581108355, 0.4605776908830361838, -0.000000000000000000 ) ) ;
#1882 = CARTESIAN_POINT ( 'NONE',  ( -6.600417955040788875, 14.69098729897943478, -9.999999999999994671 ) ) ;
#1883 = DIRECTION ( 'NONE',  ( 0.000000000000000000, 0.000000000000000000, 1.000000000000000000 ) ) ;
#1884 = CIRCLE ( 'NONE', #2174, 1.600000000000004086 ) ;
#1885 = CARTESIAN_POINT ( 'NONE',  ( -30.70420650657943895, 32.83127057854027697, -9.999999999999994671 ) ) ;
#1886 = EDGE_LOOP ( 'NONE', ( #953, #985, #7, #572 ) ) ;
#1887 = LINE ( 'NONE', #34, #754 ) ;
#1888 = FACE_BOUND ( 'NONE', #556, .T. ) ;
#1889 = CARTESIAN_POINT ( 'NONE',  ( -7.625000000000000000, 9.337931843498568852E-16, -58.20889244992065414 ) ) ;
#1890 = VERTEX_POINT ( 'NONE', #2313 ) ;
#1891 = DIRECTION ( 'NONE',  ( 0.000000000000000000, 0.000000000000000000, 1.000000000000000000 ) ) ;
#1892 = EDGE_CURVE ( 'NONE', #1316, #473, #1340, .T. ) ;
#1893 = DIRECTION ( 'NONE',  ( 0.000000000000000000, 0.000000000000000000, 1.000000000000000000 ) ) ;
#1894 = ADVANCED_FACE ( 'NONE', ( #1313, #2116 ), #356, .T. ) ;
#1895 = DIRECTION ( 'NONE',  ( -0.000000000000000000, -0.000000000000000000, 1.000000000000000000 ) ) ;
#1896 = CARTESIAN_POINT ( 'NONE',  ( -66.87650942139339350, -12.04723404395168451, -8.080124911974930768 ) ) ;
#1897 = VECTOR ( 'NONE', #1740, 1000.000000000000114 ) ;
#1898 = VECTOR ( 'NONE', #1206, 1000.000000000000000 ) ;
#1899 = VERTEX_POINT ( 'NONE', #2128 ) ;
#1900 = CARTESIAN_POINT ( 'NONE',  ( -30.24409397781722220, -36.43096788913185691, -8.749997893052738007 ) ) ;
#1901 = CARTESIAN_POINT ( 'NONE',  ( -78.00619286056029011, -8.987269909301133453, -8.749997893052738007 ) ) ;
#1902 = TOROIDAL_SURFACE ( 'NONE', #1951, 17.62500000000000000, 5.000000000000000000 ) ;
#1903 = SURFACE_STYLE_FILL_AREA ( #927 ) ;
#1904 = ORIENTED_EDGE ( 'NONE', *, *, #1478, .F. ) ;
#1905 = EDGE_LOOP ( 'NONE', ( #555, #2144, #477, #2029 ) ) ;
#1906 = FACE_OUTER_BOUND ( 'NONE', #528, .T. ) ;
#1907 = CARTESIAN_POINT ( 'NONE',  ( 10.33308695569160385, -7.497435665310558939, -21.30693476158174349 ) ) ;
#1908 = VERTEX_POINT ( 'NONE', #103 ) ;
#1909 = CARTESIAN_POINT ( 'NONE',  ( -7.086562331006770243, 16.13757290700048586, -9.999999999999994671 ) ) ;
#1910 = EDGE_CURVE ( 'NONE', #101, #1381, #445, .T. ) ;
#1911 = APPLICATION_CONTEXT ( 'automotive_design' ) ;
#1912 = DIRECTION ( 'NONE',  ( 1.740655977457631713E-16, -4.070057625873862687E-18, 1.000000000000000000 ) ) ;
#1913 = CARTESIAN_POINT ( 'NONE',  ( -89.79513312272079872, -15.36961492198966894, -17.49999698816900917 ) ) ;
#1914 = ADVANCED_FACE ( 'NONE', ( #2167 ), #2221, .F. ) ;
#1915 = EDGE_LOOP ( 'NONE', ( #297, #2081, #1165, #116, #1268, #1124, #363, #2215, #2213, #2042, #641, #1325 ) ) ;
#1916 = DIRECTION ( 'NONE',  ( -0.000000000000000000, -0.000000000000000000, 1.000000000000000000 ) ) ;
#1917 = EDGE_CURVE ( 'NONE', #1142, #512, #24, .T. ) ;
#1918 = DIRECTION ( 'NONE',  ( 0.4605776908830361838, 0.8876193951581108355, 0.000000000000000000 ) ) ;
#1919 = ORIENTED_EDGE ( 'NONE', *, *, #1542, .F. ) ;
#1920 = ORIENTED_EDGE ( 'NONE', *, *, #1214, .T. ) ;
#1921 = CARTESIAN_POINT ( 'NONE',  ( -4.369062125115308781, 50.01323842425892252, 0.000000000000000000 ) ) ;
#1922 = DIRECTION ( 'NONE',  ( 0.000000000000000000, 0.000000000000000000, 1.000000000000000000 ) ) ;
#1923 = CARTESIAN_POINT ( 'NONE',  ( 27.99612092992120438, 26.54253596858319497, 0.000000000000000000 ) ) ;
#1924 = ORIENTED_EDGE ( 'NONE', *, *, #1011, .F. ) ;
#1925 = DIRECTION ( 'NONE',  ( -0.000000000000000000, -0.000000000000000000, 1.000000000000000000 ) ) ;
#1926 = PRODUCT_DEFINITION ( 'Êú', '', #2391, #1318 ) ;
#1927 = CARTESIAN_POINT ( 'NONE',  ( -11.20619486387114705, 5.814793347398331314, -129.4945880568757559 ) ) ;
#1928 = CIRCLE ( 'NONE', #1121, 2.050000000000017142 ) ;
#1929 = EDGE_CURVE ( 'NONE', #1761, #1899, #1000, .T. ) ;
#1930 = ORIENTED_EDGE ( 'NONE', *, *, #2344, .F. ) ;
#1931 = CARTESIAN_POINT ( 'NONE',  ( -13.95789820165604311, -43.45477767509814981, -17.49999478074373016 ) ) ;
#1932 = CARTESIAN_POINT ( 'NONE',  ( -42.48816747331503052, 20.97730453994836353, -21.90262012589195351 ) ) ;
#1933 = AXIS2_PLACEMENT_3D ( 'NONE', #1585, #1031, #1008 ) ;
#1934 = SURFACE_SIDE_STYLE ('',( #1903 ) ) ;
#1935 = ORIENTED_EDGE ( 'NONE', *, *, #1769, .T. ) ;
#1936 = VERTEX_POINT ( 'NONE', #1151 ) ;
#1937 = CARTESIAN_POINT ( 'NONE',  ( -61.55250324171012721, 39.05921771337843040, -11.42887736731606729 ) ) ;
#1938 = CARTESIAN_POINT ( 'NONE',  ( 21.18657378061966767, 40.83049217727306512, -9.999999999999994671 ) ) ;
#1939 = ORIENTED_EDGE ( 'NONE', *, *, #583, .F. ) ;
#1940 = CYLINDRICAL_SURFACE ( 'NONE', #206, 2.050000000000016254 ) ;
#1941 = AXIS2_PLACEMENT_3D ( 'NONE', #854, #2056, #1058 ) ;
#1942 = AXIS2_PLACEMENT_3D ( 'NONE', #1108, #2095, #2540 ) ;
#1943 = VECTOR ( 'NONE', #1009, 1000.000000000000114 ) ;
#1944 = ORIENTED_EDGE ( 'NONE', *, *, #1558, .T. ) ;
#1945 = CARTESIAN_POINT ( 'NONE',  ( -8.893313454599006462, 21.51379507859518014, -9.999999999999991118 ) ) ;
#1946 = CARTESIAN_POINT ( 'NONE',  ( -24.75912374265703875, -36.71808774700975420, -8.749997893052738007 ) ) ;
#1947 = ADVANCED_FACE ( 'NONE', ( #133 ), #557, .T. ) ;
#1948 = AXIS2_PLACEMENT_3D ( 'NONE', #91, #904, #2504 ) ;
#1949 = ORIENTED_EDGE ( 'NONE', *, *, #1104, .F. ) ;
#1950 = ORIENTED_EDGE ( 'NONE', *, *, #2457, .T. ) ;
#1951 = AXIS2_PLACEMENT_3D ( 'NONE', #962, #2358, #1116 ) ;
#1952 = DIRECTION ( 'NONE',  ( 9.773064322865735686E-08, -1.465896626999272621E-09, -0.9999999999999953371 ) ) ;
#1953 = CARTESIAN_POINT ( 'NONE',  ( 6.575358738007655468, -14.73928109936617226, -17.68280292830765532 ) ) ;
#1954 = ORIENTED_EDGE ( 'NONE', *, *, #690, .T. ) ;
#1955 = LINE ( 'NONE', #148, #1399 ) ;
#1956 = ORIENTED_EDGE ( 'NONE', *, *, #1365, .T. ) ;
#1957 = DIRECTION ( 'NONE',  ( 1.740655977457631713E-16, -4.070057625873862687E-18, 1.000000000000000000 ) ) ;
#1958 = CARTESIAN_POINT ( 'NONE',  ( -42.05096884561553594, 21.81986810558379375, -22.50000000000000711 ) ) ;
#1959 = ORIENTED_EDGE ( 'NONE', *, *, #1011, .T. ) ;
#1960 = ORIENTED_EDGE ( 'NONE', *, *, #1040, .T. ) ;
#1961 = DIRECTION ( 'NONE',  ( -0.000000000000000000, -0.000000000000000000, -1.000000000000000000 ) ) ;
#1962 = DIRECTION ( 'NONE',  ( 1.000000000000000000, 0.000000000000000000, 0.000000000000000000 ) ) ;
#1963 = EDGE_CURVE ( 'NONE', #853, #257, #1763, .T. ) ;
#1964 = ORIENTED_EDGE ( 'NONE', *, *, #1163, .T. ) ;
#1965 = DIRECTION ( 'NONE',  ( 0.4605776908830362948, 0.8876193951581106134, 0.000000000000000000 ) ) ;
#1966 = ORIENTED_EDGE ( 'NONE', *, *, #1627, .T. ) ;
#1967 = CARTESIAN_POINT ( 'NONE',  ( -29.10280255219532464, -34.18473389393788153, -8.749997893052738007 ) ) ;
#1968 = ORIENTED_EDGE ( 'NONE', *, *, #1400, .T. ) ;
#1969 = VERTEX_POINT ( 'NONE', #1777 ) ;
#1970 = CARTESIAN_POINT ( 'NONE',  ( -17.68759154107095810, 51.02331010574626902, -9.999999999999994671 ) ) ;
#1971 = AXIS2_PLACEMENT_3D ( 'NONE', #504, #518, #1762 ) ;
#1972 = FACE_BOUND ( 'NONE', #2094, .T. ) ;
#1973 = APPLICATION_PROTOCOL_DEFINITION ( 'draft international standard', 'automotive_design', 1998, #1911 ) ;
#1974 = VECTOR ( 'NONE', #774, 1000.000000000000000 ) ;
#1975 = ORIENTED_EDGE ( 'NONE', *, *, #1150, .F. ) ;
#1976 = DIRECTION ( 'NONE',  ( 1.000000000000000000, 0.000000000000000000, 0.000000000000000000 ) ) ;
#1977 = EDGE_CURVE ( 'NONE', #524, #101, #92, .T. ) ;
#1978 = EDGE_CURVE ( 'NONE', #1067, #2354, #1175, .T. ) ;
#1979 = ORIENTED_EDGE ( 'NONE', *, *, #2201, .T. ) ;
#1980 = PLANE ( 'NONE',  #162 ) ;
#1981 = CIRCLE ( 'NONE', #505, 3.000000000000002665 ) ;
#1982 = VECTOR ( 'NONE', #823, 1000.000000000000000 ) ;
#1983 = EDGE_LOOP ( 'NONE', ( #1533, #1979, #58, #2334 ) ) ;
#1984 = CARTESIAN_POINT ( 'NONE',  ( -36.50239899013110545, 30.88271070692438869, -9.999999999999994671 ) ) ;
#1985 = DIRECTION ( 'NONE',  ( 0.000000000000000000, 0.000000000000000000, 1.000000000000000000 ) ) ;
#1986 = DIRECTION ( 'NONE',  ( -0.4605776908830359617, -0.8876193951581108355, -0.000000000000000000 ) ) ;
#1987 = AXIS2_PLACEMENT_3D ( 'NONE', #2352, #311, #1748 ) ;
#1988 = ORIENTED_EDGE ( 'NONE', *, *, #2120, .F. ) ;
#1989 = CARTESIAN_POINT ( 'NONE',  ( -15.34253176536134866, -41.06453154467907751, -8.731323938666870177 ) ) ;
#1990 = EDGE_CURVE ( 'NONE', #1027, #2, #274, .T. ) ;
#1991 = EDGE_CURVE ( 'NONE', #725, #389, #1791, .T. ) ;
#1992 = ORIENTED_EDGE ( 'NONE', *, *, #1978, .T. ) ;
#1993 = FACE_OUTER_BOUND ( 'NONE', #28, .T. ) ;
#1994 = ORIENTED_EDGE ( 'NONE', *, *, #345, .T. ) ;
#1995 = LINE ( 'NONE', #800, #1433 ) ;
#1996 = CARTESIAN_POINT ( 'NONE',  ( -27.49409397781722220, -36.43096788913185691, -17.49999611394102672 ) ) ;
#1997 = CARTESIAN_POINT ( 'NONE',  ( -79.15125768730388245, -8.796306436149690100, -22.50000000000000711 ) ) ;
#1998 = VERTEX_POINT ( 'NONE', #2621 ) ;
#1999 = CARTESIAN_POINT ( 'NONE',  ( -11.25457804183783139, -42.93348641308838864, -8.701496228464602467 ) ) ;
#2000 = DIRECTION ( 'NONE',  ( 1.000000000000000000, 0.000000000000000000, 0.000000000000000000 ) ) ;
#2001 = ADVANCED_FACE ( 'NONE', ( #1824 ), #1610, .F. ) ;
#2002 = ORIENTED_EDGE ( 'NONE', *, *, #387, .F. ) ;
#2003 = CARTESIAN_POINT ( 'NONE',  ( -36.53796941323413705, -43.00427637497183753, -17.49999698816900917 ) ) ;
#2004 = ADVANCED_FACE ( 'NONE', ( #1391 ), #994, .T. ) ;
#2005 = VERTEX_POINT ( 'NONE', #2427 ) ;
#2006 = ORIENTED_EDGE ( 'NONE', *, *, #978, .T. ) ;
#2007 = LINE ( 'NONE', #189, #1974 ) ;
#2008 = DIRECTION ( 'NONE',  ( 0.000000000000000000, 0.000000000000000000, 1.000000000000000000 ) ) ;
#2009 = ORIENTED_EDGE ( 'NONE', *, *, #1559, .T. ) ;
#2010 = AXIS2_PLACEMENT_3D ( 'NONE', #1921, #969, #1514 ) ;
#2011 = CARTESIAN_POINT ( 'NONE',  ( -15.76727942277803685, -41.38387458787966011, -8.749997893052738007 ) ) ;
#2012 = ORIENTED_EDGE ( 'NONE', *, *, #656, .F. ) ;
#2013 = DIRECTION ( 'NONE',  ( 0.4605776908830359062, 0.8876193951581109465, -0.000000000000000000 ) ) ;
#2014 = AXIS2_PLACEMENT_3D ( 'NONE', #1390, #785, #1212 ) ;
#2015 = ORIENTED_EDGE ( 'NONE', *, *, #2422, .F. ) ;
#2016 = DIRECTION ( 'NONE',  ( 1.000000000000000000, 0.000000000000000000, 0.000000000000000000 ) ) ;
#2017 = EDGE_CURVE ( 'NONE', #721, #463, #202, .T. ) ;
#2018 = DIRECTION ( 'NONE',  ( 1.740655977457631713E-16, -4.070057625873862687E-18, 1.000000000000000000 ) ) ;
#2019 = VECTOR ( 'NONE', #678, 999.9999999999998863 ) ;
#2020 = DIRECTION ( 'NONE',  ( -9.773064322865733039E-08, 1.465896626999246358E-09, 0.9999999999999952260 ) ) ;
#2021 = ORIENTED_EDGE ( 'NONE', *, *, #2611, .T. ) ;
#2022 = ADVANCED_FACE ( 'NONE', ( #813 ), #1213, .T. ) ;
#2023 = VECTOR ( 'NONE', #1660, 1000.000000000000000 ) ;
#2024 = CARTESIAN_POINT ( 'NONE',  ( 11.42373024535218384, -5.395561961341645230, -14.70276778235620263 ) ) ;
#2025 = CIRCLE ( 'NONE', #2495, 1.599999999999997868 ) ;
#2026 = DIRECTION ( 'NONE',  ( -0.4605776908830362948, -0.8876193951581106134, 0.000000000000000000 ) ) ;
#2027 = ORIENTED_EDGE ( 'NONE', *, *, #1082, .F. ) ;
#2028 = CARTESIAN_POINT ( 'NONE',  ( -68.81506191114272042, -15.82011622211598123, -11.74999789305273801 ) ) ;
#2029 = ORIENTED_EDGE ( 'NONE', *, *, #1298, .F. ) ;
#2030 = DIRECTION ( 'NONE',  ( -1.000000000000000000, -5.551115123125781470E-17, 0.000000000000000000 ) ) ;
#2031 = DIRECTION ( 'NONE',  ( 0.000000000000000000, 0.000000000000000000, 1.000000000000000000 ) ) ;
#2032 = ADVANCED_FACE ( 'NONE', ( #1378 ), #2193, .F. ) ;
#2033 = B_SPLINE_CURVE_WITH_KNOTS ( 'NONE', 3,
 ( #367, #602, #812, #2389 ),
 .UNSPECIFIED., .F., .F.,
 ( 4, 4 ),
 ( 0.000000000000000000, 0.0002855766609339562240 ),
 .UNSPECIFIED. ) ;
#2034 = CARTESIAN_POINT ( 'NONE',  ( -3.329133806602640355, 38.74470900830328191, -9.999999999999994671 ) ) ;
#2035 = ORIENTED_EDGE ( 'NONE', *, *, #2457, .F. ) ;
#2036 = FACE_BOUND ( 'NONE', #301, .T. ) ;
#2037 = EDGE_CURVE ( 'NONE', #1115, #996, #817, .T. ) ;
#2038 = CARTESIAN_POINT ( 'NONE',  ( -79.37172003971168976, -6.402830075494538420, -8.431872125855317535 ) ) ;
#2039 = CARTESIAN_POINT ( 'NONE',  ( -76.51218797102180247, 10.22910593412652780, -5.000000000000000888 ) ) ;
#2040 = ORIENTED_EDGE ( 'NONE', *, *, #501, .F. ) ;
#2041 = DIRECTION ( 'NONE',  ( 0.000000000000000000, 0.000000000000000000, 1.000000000000000000 ) ) ;
#2042 = ORIENTED_EDGE ( 'NONE', *, *, #1515, .T. ) ;
#2043 = DIRECTION ( 'NONE',  ( -0.4605776908830362948, -0.8876193951581106134, 0.000000000000000000 ) ) ;
#2044 = CARTESIAN_POINT ( 'NONE',  ( -70.04560002965683907, -25.61746555546314141, -94.52950056003933810 ) ) ;
#2045 = DIRECTION ( 'NONE',  ( -1.000000000000000000, 0.000000000000000000, 0.000000000000000000 ) ) ;
#2046 = VERTEX_POINT ( 'NONE', #1416 ) ;
#2047 = CARTESIAN_POINT ( 'NONE',  ( -53.25716370948666167, 27.63466145298217214, -58.20889244992065414 ) ) ;
#2048 = DIRECTION ( 'NONE',  ( 0.000000000000000000, 0.000000000000000000, -1.000000000000000000 ) ) ;
#2049 = FACE_OUTER_BOUND ( 'NONE', #1062, .T. ) ;
#2050 = EDGE_CURVE ( 'NONE', #1366, #1636, #109, .T. ) ;
#2051 = UNCERTAINTY_MEASURE_WITH_UNIT (LENGTH_MEASURE( 1.000000000000000082E-05 ), #2511, 'distance_accuracy_value', 'NONE');
#2052 = ORIENTED_EDGE ( 'NONE', *, *, #1263, .F. ) ;
#2053 = DIRECTION ( 'NONE',  ( 0.000000000000000000, 0.000000000000000000, 1.000000000000000000 ) ) ;
#2054 = EDGE_CURVE ( 'NONE', #664, #1754, #2007, .T. ) ;
#2055 = ORIENTED_EDGE ( 'NONE', *, *, #1978, .F. ) ;
#2056 = DIRECTION ( 'NONE',  ( 0.000000000000000000, 0.000000000000000000, 1.000000000000000000 ) ) ;
#2057 = DIRECTION ( 'NONE',  ( 0.9999999999999951150, 0.000000000000000000, 9.773064302276393647E-08 ) ) ;
#2058 = CARTESIAN_POINT ( 'NONE',  ( -11.22292796649585611, -43.74189753297605421, -8.749997893052738007 ) ) ;
#2059 = ORIENTED_EDGE ( 'NONE', *, *, #2440, .F. ) ;
#2060 = CARTESIAN_POINT ( 'NONE',  ( -84.10950305445585684, -4.412341866470104179, -8.749997893052738007 ) ) ;
#2061 = AXIS2_PLACEMENT_3D ( 'NONE', #254, #1485, #213 ) ;
#2062 = PLANE ( 'NONE',  #36 ) ;
#2063 = VECTOR ( 'NONE', #1176, 1000.000000000000000 ) ;
#2064 = LINE ( 'NONE', #1451, #1671 ) ;
#2065 = DIRECTION ( 'NONE',  ( 0.000000000000000000, 0.000000000000000000, 1.000000000000000000 ) ) ;
#2066 = AXIS2_PLACEMENT_3D ( 'NONE', #1710, #1075, #451 ) ;
#2067 = EDGE_CURVE ( 'NONE', #463, #2325, #275, .T. ) ;
#2068 = ORIENTED_EDGE ( 'NONE', *, *, #507, .F. ) ;
#2069 = LINE ( 'NONE', #1454, #1728 ) ;
#2070 = EDGE_CURVE ( 'NONE', #1227, #1969, #702, .T. ) ;
#2071 = ORIENTED_EDGE ( 'NONE', *, *, #2380, .T. ) ;
#2072 = CARTESIAN_POINT ( 'NONE',  ( -34.80362193144664928, 69.88329926308399820, -9.999999999999994671 ) ) ;
#2073 = CARTESIAN_POINT ( 'NONE',  ( -14.12557813469584467, -54.63386008109441860, -94.52950056003933810 ) ) ;
#2074 = LINE ( 'NONE', #61, #1599 ) ;
#2075 = ORIENTED_EDGE ( 'NONE', *, *, #1631, .T. ) ;
#2076 = CARTESIAN_POINT ( 'NONE',  ( -6.600417955040788875, 14.69098729897943478, -10.23644571196259001 ) ) ;
#2077 = CARTESIAN_POINT ( 'NONE',  ( -79.14891106782474139, -6.545801989214697691, -8.441338549548298431 ) ) ;
#2078 = DIRECTION ( 'NONE',  ( 0.4605776908830361838, 0.8876193951581108355, 3.556183125752453755E-15 ) ) ;
#2079 = FACE_OUTER_BOUND ( 'NONE', #2287, .T. ) ;
#2080 = CARTESIAN_POINT ( 'NONE',  ( 33.08412179665052122, 10.47940238320209083, 0.000000000000000000 ) ) ;
#2081 = ORIENTED_EDGE ( 'NONE', *, *, #1200, .T. ) ;
#2082 = CARTESIAN_POINT ( 'NONE',  ( -2.319062125115290307, 50.01323842425892252, 0.000000000000000000 ) ) ;
#2083 = PLANE ( 'NONE',  #2223 ) ;
#2084 = EDGE_CURVE ( 'NONE', #2449, #1852, #191, .T. ) ;
#2085 = DIRECTION ( 'NONE',  ( 0.000000000000000000, 0.000000000000000000, 1.000000000000000000 ) ) ;
#2086 = ORIENTED_EDGE ( 'NONE', *, *, #1929, .T. ) ;
#2087 = DIRECTION ( 'NONE',  ( 1.000000000000000000, 0.000000000000000000, 0.000000000000000000 ) ) ;
#2088 = ADVANCED_FACE ( 'NONE', ( #255 ), #626, .F. ) ;
#2089 = CARTESIAN_POINT ( 'NONE',  ( -5.379133806602656165, 38.74470900830328191, -129.4945880568757559 ) ) ;
#2090 = DIRECTION ( 'NONE',  ( 0.000000000000000000, 0.000000000000000000, 1.000000000000000000 ) ) ;
#2091 = AXIS2_PLACEMENT_3D ( 'NONE', #113, #723, #2138 ) ;
#2092 = CARTESIAN_POINT ( 'NONE',  ( -13.58759154107092115, 51.02331010574626902, -9.999999999999994671 ) ) ;
#2093 = CARTESIAN_POINT ( 'NONE',  ( -6.419062125115327255, 50.01323842425892252, -9.999999999999994671 ) ) ;
#2094 = EDGE_LOOP ( 'NONE', ( #2015, #2619 ) ) ;
#2095 = DIRECTION ( 'NONE',  ( -0.000000000000000000, -0.000000000000000000, 1.000000000000000000 ) ) ;
#2096 = DIRECTION ( 'NONE',  ( -0.000000000000000000, -0.000000000000000000, 1.000000000000000000 ) ) ;
#2097 = CARTESIAN_POINT ( 'NONE',  ( -16.64766322255828968, 39.75478068979062840, -9.999999999999994671 ) ) ;
#2098 = EDGE_CURVE ( 'NONE', #86, #1513, #2454, .T. ) ;
#2099 = ORIENTED_EDGE ( 'NONE', *, *, #1293, .F. ) ;
#2100 = ORIENTED_EDGE ( 'NONE', *, *, #1070, .F. ) ;
#2101 = CARTESIAN_POINT ( 'NONE',  ( -27.49409397781722220, -36.43096788913185691, -8.749997893052738007 ) ) ;
#2102 = CARTESIAN_POINT ( 'NONE',  ( -15.63759154107094140, 51.02331010574626902, -9.999999999999994671 ) ) ;
#2103 = EDGE_CURVE ( 'NONE', #2219, #283, #431, .T. ) ;
#2104 = CARTESIAN_POINT ( 'NONE',  ( 0.000000000000000000, 0.000000000000000000, -22.50000000000000711 ) ) ;
#2105 = CIRCLE ( 'NONE', #662, 5.499999999999998224 ) ;
#2106 = VECTOR ( 'NONE', #184, 999.9999999999998863 ) ;
#2107 = DIRECTION ( 'NONE',  ( 0.000000000000000000, 0.000000000000000000, 1.000000000000000000 ) ) ;
#2108 = LINE ( 'NONE', #2303, #2487 ) ;
#2109 = VECTOR ( 'NONE', #2085, 1000.000000000000000 ) ;
#2110 = VERTEX_POINT ( 'NONE', #2466 ) ;
#2111 = CARTESIAN_POINT ( 'NONE',  ( -30.31795221938110174, -31.01713933215108199, -8.080124911974928992 ) ) ;
#2112 = CARTESIAN_POINT ( 'NONE',  ( -0.8426345337928415891, -29.03514221365231052, -5.000000000000000888 ) ) ;
#2113 = AXIS2_PLACEMENT_3D ( 'NONE', #25, #1600, #1396 ) ;
#2114 = ORIENTED_EDGE ( 'NONE', *, *, #712, .F. ) ;
#2115 = ORIENTED_EDGE ( 'NONE', *, *, #1478, .T. ) ;
#2116 = FACE_BOUND ( 'NONE', #139, .T. ) ;
#2117 = DIRECTION ( 'NONE',  ( 0.3988719807210857060, 0.7687009450987016823, 0.5000000000000007772 ) ) ;
#2118 = ORIENTED_EDGE ( 'NONE', *, *, #2606, .T. ) ;
#2119 = CARTESIAN_POINT ( 'NONE',  ( -6.419062125115327255, 50.01323842425892252, -129.4945880568757559 ) ) ;
#2120 = EDGE_CURVE ( 'NONE', #1852, #2449, #2263, .T. ) ;
#2121 = CARTESIAN_POINT ( 'NONE',  ( -66.32055085478565104, -13.21633501113427833, -8.445530660949305712 ) ) ;
#2122 = EDGE_LOOP ( 'NONE', ( #1975, #2423 ) ) ;
#2123 = CARTESIAN_POINT ( 'NONE',  ( -27.49409397781722220, -36.43096788913185691, -11.74999789305273801 ) ) ;
#2124 = CARTESIAN_POINT ( 'NONE',  ( -45.93073134261299373, 14.34283977983156610, -18.12985327817371939 ) ) ;
#2125 = CARTESIAN_POINT ( 'NONE',  ( -4.886532161432869431E-07, 7.329483134996366415E-09, -17.49999348032962132 ) ) ;
#2126 = ORIENTED_EDGE ( 'NONE', *, *, #1495, .F. ) ;
#2127 = VERTEX_POINT ( 'NONE', #70 ) ;
#2128 = CARTESIAN_POINT ( 'NONE',  ( -35.15623478978903194, -40.34141520082344101, -17.49999685703467378 ) ) ;
#2129 = DIRECTION ( 'NONE',  ( 1.000000000000000000, 0.000000000000000000, 0.000000000000000000 ) ) ;
#2130 = ORIENTED_EDGE ( 'NONE', *, *, #627, .T. ) ;
#2131 = CARTESIAN_POINT ( 'NONE',  ( 33.08412179665052122, 10.47940238320208373, -10.00000000000000888 ) ) ;
#2132 = CARTESIAN_POINT ( 'NONE',  ( -68.59969547484800501, -13.42987009169687873, -8.731323938666868401 ) ) ;
#2133 = ADVANCED_FACE ( 'NONE', ( #1674 ), #1043, .T. ) ;
#2134 = AXIS2_PLACEMENT_3D ( 'NONE', #262, #2461, #2494 ) ;
#2135 = EDGE_CURVE ( 'NONE', #1115, #1083, #2432, .T. ) ;
#2136 = VERTEX_POINT ( 'NONE', #2482 ) ;
#2137 = DIRECTION ( 'NONE',  ( 0.9999999999999951150, 0.000000000000000000, 9.773064302276413499E-08 ) ) ;
#2138 = DIRECTION ( 'NONE',  ( -1.000000000000000000, 0.000000000000000000, 0.000000000000000000 ) ) ;
#2139 = AXIS2_PLACEMENT_3D ( 'NONE', #241, #475, #2057 ) ;
#2140 = ORIENTED_EDGE ( 'NONE', *, *, #293, .F. ) ;
#2141 = ORIENTED_EDGE ( 'NONE', *, *, #2542, .T. ) ;
#2142 = CARTESIAN_POINT ( 'NONE',  ( -53.25716370948666167, 27.63466145298217214, -14.99999999999999289 ) ) ;
#2143 = DIRECTION ( 'NONE',  ( 0.8876193951581107244, -0.4605776908830363503, 0.000000000000000000 ) ) ;
#2144 = ORIENTED_EDGE ( 'NONE', *, *, #1648, .F. ) ;
#2145 = CARTESIAN_POINT ( 'NONE',  ( -33.87510967696380249, -44.38600645894687347, -94.52950056003933810 ) ) ;
#2146 = CARTESIAN_POINT ( 'NONE',  ( -64.51174175132449307, -15.29882496010622184, -8.701496228464606020 ) ) ;
#2147 = AXIS2_PLACEMENT_3D ( 'NONE', #1698, #2506, #689 ) ;
#2148 = CIRCLE ( 'NONE', #974, 2.750000000000002665 ) ;
#2149 = EDGE_LOOP ( 'NONE', ( #645, #1354 ) ) ;
#2150 = CARTESIAN_POINT ( 'NONE',  ( -87.13227338645046416, -16.75134500596471554, -8.749997893052738007 ) ) ;
#2151 = CARTESIAN_POINT ( 'NONE',  ( -79.15125768730389666, -8.796306436149690100, -17.49999595757199700 ) ) ;
#2152 = EDGE_CURVE ( 'NONE', #516, #664, #1003, .T. ) ;
#2153 = AXIS2_PLACEMENT_3D ( 'NONE', #2125, #1511, #1337 ) ;
#2154 = ORIENTED_EDGE ( 'NONE', *, *, #2152, .F. ) ;
#2155 = ORIENTED_EDGE ( 'NONE', *, *, #1055, .T. ) ;
#2156 = AXIS2_PLACEMENT_3D ( 'NONE', #1501, #655, #448 ) ;
#2157 = DIRECTION ( 'NONE',  ( -9.773064322865735686E-08, 1.465896626999272621E-09, 0.9999999999999953371 ) ) ;
#2158 = FACE_OUTER_BOUND ( 'NONE', #497, .T. ) ;
#2159 = ORIENTED_EDGE ( 'NONE', *, *, #783, .F. ) ;
#2160 = LINE ( 'NONE', #2131, #2237 ) ;
#2161 = B_SPLINE_CURVE_WITH_KNOTS ( 'NONE', 3,
 ( #1593, #1583, #1984, #1776 ),
 .UNSPECIFIED., .F., .F.,
 ( 4, 4 ),
 ( 0.000000000000000000, 0.001666516049082253283 ),
 .UNSPECIFIED. ) ;
#2162 = ORIENTED_EDGE ( 'NONE', *, *, #640, .F. ) ;
#2163 = CARTESIAN_POINT ( 'NONE',  ( -26.98029116914935699, -33.72622983465150526, -8.476167425312677750 ) ) ;
#2164 = ORIENTED_EDGE ( 'NONE', *, *, #1863, .F. ) ;
#2165 = VERTEX_POINT ( 'NONE', #1634 ) ;
#2166 = EDGE_CURVE ( 'NONE', #409, #1123, #650, .T. ) ;
#2167 = FACE_OUTER_BOUND ( 'NONE', #2172, .T. ) ;
#2168 = CARTESIAN_POINT ( 'NONE',  ( -8.613487725382711346, 10.81142515923231961, -11.73671884951354727 ) ) ;
#2169 = ORIENTED_EDGE ( 'NONE', *, *, #1867, .T. ) ;
#2170 = DIRECTION ( 'NONE',  ( -9.773064322865735686E-08, 1.465896626999272621E-09, 0.9999999999999953371 ) ) ;
#2171 = CARTESIAN_POINT ( 'NONE',  ( -65.21359788719296091, -13.91579830867160439, -8.485057677815055044 ) ) ;
#2172 = EDGE_LOOP ( 'NONE', ( #236, #541, #838, #1919 ) ) ;
#2173 = LINE ( 'NONE', #2398, #2274 ) ;
#2174 = AXIS2_PLACEMENT_3D ( 'NONE', #840, #21, #826 ) ;
#2175 = AXIS2_PLACEMENT_3D ( 'NONE', #673, #233, #1048 ) ;
#2176 = AXIS2_PLACEMENT_3D ( 'NONE', #860, #2288, #465 ) ;
#2177 = ORIENTED_EDGE ( 'NONE', *, *, #1235, .F. ) ;
#2178 = CARTESIAN_POINT ( 'NONE',  ( -13.95789820165604311, -43.45477767509814981, -22.50000000000000711 ) ) ;
#2179 = CARTESIAN_POINT ( 'NONE',  ( -69.60385349507230046, 23.54275917976201882, -17.49999507190377201 ) ) ;
#2180 = EDGE_CURVE ( 'NONE', #1321, #2110, #407, .T. ) ;
#2181 = DIRECTION ( 'NONE',  ( 0.9999999999999952260, 0.000000000000000000, 9.773064302276437322E-08 ) ) ;
#2182 = CIRCLE ( 'NONE', #2471, 1.600000000000004086 ) ;
#2183 = EDGE_LOOP ( 'NONE', ( #563, #1386, #730, #1091 ) ) ;
#2184 = CARTESIAN_POINT ( 'NONE',  ( -34.80362193144664928, 69.88329926308399820, 0.000000000000000000 ) ) ;
#2185 = ADVANCED_FACE ( 'NONE', ( #1270 ), #2083, .F. ) ;
#2186 = CIRCLE ( 'NONE', #2014, 2.750000000000002665 ) ;
#2187 = ORIENTED_EDGE ( 'NONE', *, *, #1699, .F. ) ;
#2188 = CARTESIAN_POINT ( 'NONE',  ( -25.89174735833806551, -34.18046344219686716, -8.441338549548296655 ) ) ;
#2189 = VECTOR ( 'NONE', #2479, 1000.000000000000000 ) ;
#2190 = AXIS2_PLACEMENT_3D ( 'NONE', #752, #157, #394 ) ;
#2191 = VERTEX_POINT ( 'NONE', #1080 ) ;
#2192 = DIRECTION ( 'NONE',  ( 1.000000000000000000, 0.000000000000000000, 0.000000000000000000 ) ) ;
#2193 = CYLINDRICAL_SURFACE ( 'NONE', #1846, 2.050000000000018474 ) ;
#2194 = CIRCLE ( 'NONE', #2364, 2.050000000000017142 ) ;
#2195 = FACE_BOUND ( 'NONE', #2564, .T. ) ;
#2196 = VECTOR ( 'NONE', #2559, 1000.000000000000114 ) ;
#2197 = ORIENTED_EDGE ( 'NONE', *, *, #1661, .F. ) ;
#2198 = DIRECTION ( 'NONE',  ( 0.000000000000000000, 0.000000000000000000, 1.000000000000000000 ) ) ;
#2199 = ADVANCED_FACE ( 'NONE', ( #1888, #883, #1069, #2253, #1689, #2439 ), #1498, .T. ) ;
#2200 = CARTESIAN_POINT ( 'NONE',  ( -10.50836267383679967, 44.88400955702481809, -9.999999999999994671 ) ) ;
#2201 = EDGE_CURVE ( 'NONE', #2469, #1115, #1204, .T. ) ;
#2202 = EDGE_LOOP ( 'NONE', ( #1017, #1517 ) ) ;
#2203 = FACE_OUTER_BOUND ( 'NONE', #224, .T. ) ;
#2204 = VERTEX_POINT ( 'NONE', #1877 ) ;
#2205 = CARTESIAN_POINT ( 'NONE',  ( -83.50125768730389098, -8.796306436149690100, -11.74999789305273801 ) ) ;
#2206 = CARTESIAN_POINT ( 'NONE',  ( -65.55833167618126822, 31.33923673623769446, -21.02387528997963528 ) ) ;
#2207 = DIRECTION ( 'NONE',  ( 0.000000000000000000, 0.000000000000000000, 1.000000000000000000 ) ) ;
#2208 = VERTEX_POINT ( 'NONE', #60 ) ;
#2209 = PLANE ( 'NONE',  #589 ) ;
#2210 = PLANE ( 'NONE',  #362 ) ;
#2211 = EDGE_CURVE ( 'NONE', #210, #913, #2182, .T. ) ;
#2212 = CARTESIAN_POINT ( 'NONE',  ( -88.41339849927571493, -12.70675374784126177, -8.749997893052738007 ) ) ;
#2213 = ORIENTED_EDGE ( 'NONE', *, *, #1263, .T. ) ;
#2214 = CARTESIAN_POINT ( 'NONE',  ( -67.21506191114271189, -15.82011622211598123, -11.74999789305273801 ) ) ;
#2215 = ORIENTED_EDGE ( 'NONE', *, *, #1163, .F. ) ;
#2216 = CARTESIAN_POINT ( 'NONE',  ( -67.21506191114271189, -15.82011622211598123, -11.74999789305273801 ) ) ;
#2217 = CARTESIAN_POINT ( 'NONE',  ( -64.89988600813408937, 32.60818474910387010, -21.90353743675725084 ) ) ;
#2218 = LINE ( 'NONE', #1370, #932 ) ;
#2219 = VERTEX_POINT ( 'NONE', #1093 ) ;
#2220 = AXIS2_PLACEMENT_3D ( 'NONE', #273, #2475, #658 ) ;
#2221 = TOROIDAL_SURFACE ( 'NONE', #1421, 17.62500000000000000, 5.000000000000000000 ) ;
#2222 = CARTESIAN_POINT ( 'NONE',  ( 14.11702897504041054, -0.2050713302331851340, -11.42889760098117513 ) ) ;
#2223 = AXIS2_PLACEMENT_3D ( 'NONE', #267, #1445, #1241 ) ;
#2224 = DIRECTION ( 'NONE',  ( -0.000000000000000000, 0.000000000000000000, 1.000000000000000000 ) ) ;
#2225 = EDGE_LOOP ( 'NONE', ( #343, #412, #1333, #956, #439, #2075, #599, #739, #126, #1418, #1714, #240 ) ) ;
#2226 = CARTESIAN_POINT ( 'NONE',  ( -5.008362673836801449, 44.88400955702481809, -129.4945880568757559 ) ) ;
#2227 = ORIENTED_EDGE ( 'NONE', *, *, #1828, .F. ) ;
#2228 = DIRECTION ( 'NONE',  ( 0.8876193951581107244, -0.4605776908830363503, 0.000000000000000000 ) ) ;
#2229 = CARTESIAN_POINT ( 'NONE',  ( -67.21506191114271189, -15.82011622211598123, -8.749997893052738007 ) ) ;
#2230 = EDGE_CURVE ( 'NONE', #512, #1142, #1884, .T. ) ;
#2231 = AXIS2_PLACEMENT_3D ( 'NONE', #1701, #1092, #2565 ) ;
#2232 = DIRECTION ( 'NONE',  ( -0.8876193951581106134, 0.4605776908830362948, -0.000000000000000000 ) ) ;
#2233 = ORIENTED_EDGE ( 'NONE', *, *, #1481, .F. ) ;
#2234 = CARTESIAN_POINT ( 'NONE',  ( -11.28290694840853980, -42.80358978650860990, -8.685664599903626382 ) ) ;
#2235 = CIRCLE ( 'NONE', #1098, 5.000000000000000888 ) ;
#2236 = CARTESIAN_POINT ( 'NONE',  ( -80.75125768730389098, -8.796306436149690100, -11.74999789305273801 ) ) ;
#2237 = VECTOR ( 'NONE', #1783, 1000.000000000000114 ) ;
#2238 = VERTEX_POINT ( 'NONE', #443 ) ;
#2239 = DIRECTION ( 'NONE',  ( 0.4605776908830362393, 0.8876193951581108355, 0.000000000000000000 ) ) ;
#2240 = ORIENTED_EDGE ( 'NONE', *, *, #988, .F. ) ;
#2241 = CARTESIAN_POINT ( 'NONE',  ( -13.95789820165604311, -43.45477767509814981, -11.74999789305273801 ) ) ;
#2242 = DIRECTION ( 'NONE',  ( 0.4605776908830362948, 0.8876193951581107244, 0.000000000000000000 ) ) ;
#2243 = CARTESIAN_POINT ( 'NONE',  ( -16.70789820165604311, -43.45477767509814981, -11.74999789305273801 ) ) ;
#2244 = EDGE_CURVE ( 'NONE', #1820, #1279, #1192, .T. ) ;
#2245 = ORIENTED_EDGE ( 'NONE', *, *, #4, .F. ) ;
#2246 = CARTESIAN_POINT ( 'NONE',  ( -88.41339849927570071, -12.70675374784126888, -17.49999685703467378 ) ) ;
#2247 = CYLINDRICAL_SURFACE ( 'NONE', #163, 2.050000000000018918 ) ;
#2248 = EDGE_CURVE ( 'NONE', #936, #2310, #539, .T. ) ;
#2249 = ORIENTED_EDGE ( 'NONE', *, *, #205, .F. ) ;
#2250 = DIRECTION ( 'NONE',  ( -0.000000000000000000, -0.000000000000000000, 1.000000000000000000 ) ) ;
#2251 = EDGE_LOOP ( 'NONE', ( #1988, #1096, #537, #2533 ) ) ;
#2252 = CARTESIAN_POINT ( 'NONE',  ( -5.379133806602656165, 38.74470900830328191, -9.999999999999994671 ) ) ;
#2253 = FACE_BOUND ( 'NONE', #2202, .T. ) ;
#2254 = DIRECTION ( 'NONE',  ( -1.000000000000000000, 0.000000000000000000, 1.374038396813313031E-16 ) ) ;
#2255 = ORIENTED_EDGE ( 'NONE', *, *, #758, .F. ) ;
#2256 = DIRECTION ( 'NONE',  ( -0.8876193951581108355, 0.4605776908830361838, 0.000000000000000000 ) ) ;
#2257 = EDGE_CURVE ( 'NONE', #97, #2528, #1147, .T. ) ;
#2258 = DIRECTION ( 'NONE',  ( 1.000000000000000000, 0.000000000000000000, 0.000000000000000000 ) ) ;
#2259 = VECTOR ( 'NONE', #949, 1000.000000000000000 ) ;
#2260 = AXIS2_PLACEMENT_3D ( 'NONE', #726, #1961, #1137 ) ;
#2261 = DIRECTION ( 'NONE',  ( 1.000000000000000000, 0.000000000000000000, 0.000000000000000000 ) ) ;
#2262 = EDGE_CURVE ( 'NONE', #2238, #725, #866, .T. ) ;
#2263 = CIRCLE ( 'NONE', #2139, 1.600000000000004974 ) ;
#2264 = ORIENTED_EDGE ( 'NONE', *, *, #186, .T. ) ;
#2265 = DIRECTION ( 'NONE',  ( 0.000000000000000000, 0.000000000000000000, 1.000000000000000000 ) ) ;
#2266 = EDGE_LOOP ( 'NONE', ( #893, #1177 ) ) ;
#2267 = DIRECTION ( 'NONE',  ( -0.4605776908830362948, -0.8876193951581106134, 0.000000000000000000 ) ) ;
#2268 = DIRECTION ( 'NONE',  ( 0.4605776908830361838, 0.8876193951581107244, -7.655806898378220376E-17 ) ) ;
#2269 = CIRCLE ( 'NONE', #707, 2.050000000000016254 ) ;
#2270 = CARTESIAN_POINT ( 'NONE',  ( 0.000000000000000000, 0.000000000000000000, -22.50000000000000711 ) ) ;
#2271 = B_SPLINE_CURVE_WITH_KNOTS ( 'NONE', 3,
 ( #1143, #2024, #617, #986, #2430, #1805, #1025, #2222, #1432, #1012, #12, #2419, #181, #829 ),
 .UNSPECIFIED., .F., .F.,
 ( 4, 2, 2, 2, 2, 2, 4 ),
 ( -2.247220506409204063E-05, 0.001651687971295711819, 0.003325848147655515591, 0.006674168500375122701, 0.008348328676734927123, 0.01002248885309473328, 0.01337080920581434386 ),
 .UNSPECIFIED. ) ;
#2272 = VERTEX_POINT ( 'NONE', #2151 ) ;
#2273 = DIRECTION ( 'NONE',  ( -0.4605776908830361283, -0.8876193951581107244, 0.000000000000000000 ) ) ;
#2274 = VECTOR ( 'NONE', #1771, 1000.000000000000000 ) ;
#2275 = CARTESIAN_POINT ( 'NONE',  ( -15.55789820165603565, -43.45477767509814981, -17.49999493711275989 ) ) ;
#2276 = AXIS2_PLACEMENT_3D ( 'NONE', #1342, #1707, #2341 ) ;
#2277 = LINE ( 'NONE', #469, #1060 ) ;
#2278 = VECTOR ( 'NONE', #1653, 1000.000000000000227 ) ;
#2279 = CARTESIAN_POINT ( 'NONE',  ( -30.38643582276395705, -33.79812631097986753, -8.749997893052738007 ) ) ;
#2280 = EDGE_CURVE ( 'NONE', #1861, #147, #526, .T. ) ;
#2281 = VECTOR ( 'NONE', #1545, 999.9999999999998863 ) ;
#2282 = LINE ( 'NONE', #471, #2534 ) ;
#2283 = ORIENTED_EDGE ( 'NONE', *, *, #423, .F. ) ;
#2284 = FACE_BOUND ( 'NONE', #881, .T. ) ;
#2285 = DIRECTION ( 'NONE',  ( 9.773064322865735686E-08, -1.465896626999272621E-09, -0.9999999999999953371 ) ) ;
#2286 = DIRECTION ( 'NONE',  ( -0.8876193951581108355, 0.4605776908830358507, 0.000000000000000000 ) ) ;
#2287 = EDGE_LOOP ( 'NONE', ( #354, #1461, #111, #2311, #2522, #2086 ) ) ;
#2288 = DIRECTION ( 'NONE',  ( 0.000000000000000000, 0.000000000000000000, 1.000000000000000000 ) ) ;
#2289 = CARTESIAN_POINT ( 'NONE',  ( -78.07626643405639300, -8.145118547560151967, -8.685664599903629934 ) ) ;
#2290 = CARTESIAN_POINT ( 'NONE',  ( -68.66386695700772691, -22.95460736998880691, -17.49999491187795186 ) ) ;
#2291 = DIRECTION ( 'NONE',  ( 1.000000000000000000, 0.000000000000000000, 0.000000000000000000 ) ) ;
#2292 = EDGE_CURVE ( 'NONE', #777, #395, #1162, .T. ) ;
#2293 = ORIENTED_EDGE ( 'NONE', *, *, #2070, .T. ) ;
#2294 = CARTESIAN_POINT ( 'NONE',  ( -12.35789820165604880, -43.45477767509814981, -17.49999462437470399 ) ) ;
#2295 = CARTESIAN_POINT ( 'NONE',  ( -10.50836267383680322, 44.88400955702477546, -9.999999999999994671 ) ) ;
#2296 = ADVANCED_FACE ( 'NONE', ( #85 ), #2541, .F. ) ;
#2297 = ORIENTED_EDGE ( 'NONE', *, *, #656, .T. ) ;
#2298 = EDGE_LOOP ( 'NONE', ( #1439, #1239, #2400, #503 ) ) ;
#2299 = DIRECTION ( 'NONE',  ( -0.000000000000000000, 0.000000000000000000, 1.000000000000000000 ) ) ;
#2300 = DIRECTION ( 'NONE',  ( 1.000000000000000000, 0.000000000000000000, 0.000000000000000000 ) ) ;
#2301 = DIRECTION ( 'NONE',  ( 0.8876193951581107244, -0.4605776908830363503, 0.000000000000000000 ) ) ;
#2302 = DIRECTION ( 'NONE',  ( 1.000000000000000000, 0.000000000000000000, 0.000000000000000000 ) ) ;
#2303 = CARTESIAN_POINT ( 'NONE',  ( -25.75561322632075090, -36.20101835006028068, -8.749997893052738007 ) ) ;
#2304 = AXIS2_PLACEMENT_3D ( 'NONE', #2142, #1113, #328 ) ;
#2305 = AXIS2_PLACEMENT_3D ( 'NONE', #169, #383, #1622 ) ;
#2306 = ORIENTED_EDGE ( 'NONE', *, *, #62, .F. ) ;
#2307 = CARTESIAN_POINT ( 'NONE',  ( -1.994078761000441347, -31.25419070154757861, -0.6698729810778007998 ) ) ;
#2308 = CARTESIAN_POINT ( 'NONE',  ( -11.20619486387114705, 5.814793347398331314, -94.52950056003933810 ) ) ;
#2309 = PRESENTATION_STYLE_ASSIGNMENT (( #2337 ) ) ;
#2310 = VERTEX_POINT ( 'NONE', #1509 ) ;
#2311 = ORIENTED_EDGE ( 'NONE', *, *, #2180, .T. ) ;
#2312 = EDGE_CURVE ( 'NONE', #2204, #524, #693, .T. ) ;
#2313 = CARTESIAN_POINT ( 'NONE',  ( -76.51218797102180247, 10.22910593412652780, 0.000000000000000000 ) ) ;
#2314 = CLOSED_SHELL ( 'NONE', ( #307, #1798, #660, #907, #190, #2575, #341, #892, #1752, #2492, #821, #1713, #819, #1572, #2032, #2296, #2560, #218, #1737, #2507, #1697, #2408, #2409, #452, #732, #1880, #1831, #745, #472, #1717, #1051, #2199, #2436, #775, #2088, #1844, #2004, #287, #1894, #842, #991, #771, #1682, #677, #2022, #432, #1815, #2345, #805, #2387, #14, #1532, #94, #149, #2133, #2376, #2185, #2360, #1947, #1411, #1669, #388, #1245, #1409, #145, #2001, #2525, #1429, #1914, #1584, #523, #221 ) ) ;
#2315 = DIRECTION ( 'NONE',  ( 1.000000000000000000, 0.000000000000000000, 0.000000000000000000 ) ) ;
#2316 = ORIENTED_EDGE ( 'NONE', *, *, #1463, .T. ) ;
#2317 = AXIS2_PLACEMENT_3D ( 'NONE', #1079, #1457, #839 ) ;
#2318 = CARTESIAN_POINT ( 'NONE',  ( -27.49409397781722220, -36.43096788913185691, -11.74999789305273801 ) ) ;
#2319 = VECTOR ( 'NONE', #2207, 1000.000000000000000 ) ;
#2320 = CIRCLE ( 'NONE', #1181, 7.625000000000000000 ) ;
#2321 = CIRCLE ( 'NONE', #1859, 2.750000000000002665 ) ;
#2322 = ORIENTED_EDGE ( 'NONE', *, *, #788, .T. ) ;
#2323 = CYLINDRICAL_SURFACE ( 'NONE', #791, 2.749999999999999112 ) ;
#2324 = CARTESIAN_POINT ( 'NONE',  ( -15.63759154107094140, 51.02331010574626902, -129.4945880568757559 ) ) ;
#2325 = VERTEX_POINT ( 'NONE', #299 ) ;
#2326 = VERTEX_POINT ( 'NONE', #1109 ) ;
#2327 = CARTESIAN_POINT ( 'NONE',  ( -13.95789820165604311, -43.45477767509814981, -8.749997893052738007 ) ) ;
#2328 = EDGE_CURVE ( 'NONE', #2005, #608, #848, .T. ) ;
#2329 = LINE ( 'NONE', #1328, #1437 ) ;
#2330 = VERTEX_POINT ( 'NONE', #514 ) ;
#2331 = DIRECTION ( 'NONE',  ( 0.000000000000000000, 0.000000000000000000, 1.000000000000000000 ) ) ;
#2332 = EDGE_CURVE ( 'NONE', #897, #1083, #2490, .T. ) ;
#2333 = CARTESIAN_POINT ( 'NONE',  ( -68.12579557770023087, -13.21223377493370243, -8.674435604778530262 ) ) ;
#2334 = ORIENTED_EDGE ( 'NONE', *, *, #1910, .T. ) ;
#2335 = CARTESIAN_POINT ( 'NONE',  ( -14.83766688288481994, -1.183732766340629849, -18.30914951692446380 ) ) ;
#2336 = CARTESIAN_POINT ( 'NONE',  ( -43.81167443073094603, 18.42665897399226793, -20.17450620749993107 ) ) ;
#2337 = SURFACE_STYLE_USAGE ( .BOTH. , #1934 ) ;
#2338 = EDGE_LOOP ( 'NONE', ( #1002, #1775, #2384, #2555 ) ) ;
#2339 = ORIENTED_EDGE ( 'NONE', *, *, #79, .F. ) ;
#2340 = DIRECTION ( 'NONE',  ( 1.000000000000000000, 0.000000000000000000, 0.000000000000000000 ) ) ;
#2341 = DIRECTION ( 'NONE',  ( 0.8876193951581109465, -0.4605776908830357397, 0.000000000000000000 ) ) ;
#2342 = EDGE_LOOP ( 'NONE', ( #2197, #1135, #1160, #1442, #1273, #2126 ) ) ;
#2343 = DIRECTION ( 'NONE',  ( -0.8876193951581107244, 0.4605776908830363503, -0.000000000000000000 ) ) ;
#2344 = EDGE_CURVE ( 'NONE', #1067, #2451, #1290, .T. ) ;
#2345 = ADVANCED_FACE ( 'NONE', ( #941, #736 ), #1550, .T. ) ;
#2346 = ORIENTED_EDGE ( 'NONE', *, *, #234, .F. ) ;
#2347 = AXIS2_PLACEMENT_3D ( 'NONE', #2200, #806, #1614 ) ;
#2348 = AXIS2_PLACEMENT_3D ( 'NONE', #2545, #529, #1355 ) ;
#2349 = LINE ( 'NONE', #339, #2576 ) ;
#2350 = CARTESIAN_POINT ( 'NONE',  ( -24.74409397781727193, -36.52623829963302171, -8.747573978343815781 ) ) ;
#2351 = AXIS2_PLACEMENT_3D ( 'NONE', #2073, #868, #856 ) ;
#2352 = CARTESIAN_POINT ( 'NONE',  ( -68.66386695700772691, -22.95460736998880691, -8.749997893052738007 ) ) ;
#2353 = ORIENTED_EDGE ( 'NONE', *, *, #501, .T. ) ;
#2354 = VERTEX_POINT ( 'NONE', #1467 ) ;
#2355 = CARTESIAN_POINT ( 'NONE',  ( -63.59025065446637370, 35.13209713893648001, -13.80694267858771696 ) ) ;
#2356 = CARTESIAN_POINT ( 'NONE',  ( 5.541838328341523123, -16.73106832456283755, -17.49999291419611680 ) ) ;
#2357 = ORIENTED_EDGE ( 'NONE', *, *, #807, .F. ) ;
#2358 = DIRECTION ( 'NONE',  ( -9.773064322865735686E-08, 1.465896626999272621E-09, 0.9999999999999953371 ) ) ;
#2359 = VECTOR ( 'NONE', #1039, 999.9999999999998863 ) ;
#2360 = ADVANCED_FACE ( 'NONE', ( #294 ), #453, .F. ) ;
#2361 = VECTOR ( 'NONE', #2232, 1000.000000000000227 ) ;
#2362 = ORIENTED_EDGE ( 'NONE', *, *, #607, .T. ) ;
#2363 = CARTESIAN_POINT ( 'NONE',  ( -60.88216370948666167, 27.63466145298217214, -22.50000000000000711 ) ) ;
#2364 = AXIS2_PLACEMENT_3D ( 'NONE', #2097, #942, #1095 ) ;
#2365 = EDGE_CURVE ( 'NONE', #1796, #97, #1105, .T. ) ;
#2366 = ORIENTED_EDGE ( 'NONE', *, *, #173, .T. ) ;
#2367 = ORIENTED_EDGE ( 'NONE', *, *, #235, .T. ) ;
#2368 = VECTOR ( 'NONE', #951, 1000.000000000000114 ) ;
#2369 = CARTESIAN_POINT ( 'NONE',  ( -32.49337660431469743, -41.72314827347254607, -17.49999659476635117 ) ) ;
#2370 = FACE_BOUND ( 'NONE', #490, .T. ) ;
#2371 = ORIENTED_EDGE ( 'NONE', *, *, #372, .F. ) ;
#2372 = DIRECTION ( 'NONE',  ( 1.000000000000000000, 0.000000000000000000, 0.000000000000000000 ) ) ;
#2373 = CARTESIAN_POINT ( 'NONE',  ( -42.05096884561550752, 21.81986810558383638, -15.00000000000000000 ) ) ;
#2374 = VERTEX_POINT ( 'NONE', #470 ) ;
#2375 = DIRECTION ( 'NONE',  ( 1.000000000000000000, 0.000000000000000000, 0.000000000000000000 ) ) ;
#2376 = ADVANCED_FACE ( 'NONE', ( #1076, #1860, #2079 ), #1654, .F. ) ;
#2377 = EDGE_LOOP ( 'NONE', ( #1500, #858, #1403 ) ) ;
#2378 = CARTESIAN_POINT ( 'NONE',  ( 0.000000000000000000, 0.000000000000000000, -58.20889244992065414 ) ) ;
#2379 = DIRECTION ( 'NONE',  ( 1.000000000000000000, 0.000000000000000000, 0.000000000000000000 ) ) ;
#2380 = EDGE_CURVE ( 'NONE', #2449, #1142, #877, .T. ) ;
#2381 = FACE_BOUND ( 'NONE', #2266, .T. ) ;
#2382 = ORIENTED_EDGE ( 'NONE', *, *, #1699, .T. ) ;
#2383 = CARTESIAN_POINT ( 'NONE',  ( -54.09979824327951548, -1.400480760670143932, 0.000000000000000000 ) ) ;
#2384 = ORIENTED_EDGE ( 'NONE', *, *, #1802, .F. ) ;
#2385 = CARTESIAN_POINT ( 'NONE',  ( -16.78843632017017029, -53.25212700844531355, -94.52950056003933810 ) ) ;
#2386 = AXIS2_PLACEMENT_3D ( 'NONE', #1287, #687, #468 ) ;
#2387 = ADVANCED_FACE ( 'NONE', ( #676 ), #1493, .F. ) ;
#2388 = ORIENTED_EDGE ( 'NONE', *, *, #1769, .F. ) ;
#2389 = CARTESIAN_POINT ( 'NONE',  ( -64.46506191114171713, -15.82011622211728863, -8.743140547978237365 ) ) ;
#2390 = DIRECTION ( 'NONE',  ( -0.000000000000000000, -0.000000000000000000, 1.000000000000000000 ) ) ;
#2391 = PRODUCT_DEFINITION_FORMATION_WITH_SPECIFIED_SOURCE ( '‰ª', '', #2412, .NOT_KNOWN. ) ;
#2392 = CARTESIAN_POINT ( 'NONE',  ( -33.87510967696380249, -44.38600645894688768, -8.749997893052738007 ) ) ;
#2393 = EDGE_CURVE ( 'NONE', #1512, #1861, #1928, .T. ) ;
#2394 = VERTEX_POINT ( 'NONE', #93 ) ;
#2395 = CARTESIAN_POINT ( 'NONE',  ( -64.46506191114271189, -15.82011622211598123, -11.74999789305273801 ) ) ;
#2396 = CARTESIAN_POINT ( 'NONE',  ( -8.893313454599001133, 21.51379507859518014, 0.000000000000000000 ) ) ;
#2397 = EDGE_LOOP ( 'NONE', ( #2411, #196, #2140, #2159 ) ) ;
#2398 = CARTESIAN_POINT ( 'NONE',  ( -45.63216370948666167, 27.63466145298217214, -58.20889244992065414 ) ) ;
#2399 = VECTOR ( 'NONE', #2459, 1000.000000000000000 ) ;
#2400 = ORIENTED_EDGE ( 'NONE', *, *, #456, .T. ) ;
#2401 = CARTESIAN_POINT ( 'NONE',  ( 16.87055150541009496, 5.101481834065975995, -9.999999999999996447 ) ) ;
#2402 = DIRECTION ( 'NONE',  ( 1.000000000000000000, 0.000000000000000000, 0.000000000000000000 ) ) ;
#2403 = AXIS2_PLACEMENT_3D ( 'NONE', #688, #66, #1681 ) ;
#2404 = CARTESIAN_POINT ( 'NONE',  ( -32.49337660431469743, -41.72314827347254607, -8.749997893052738007 ) ) ;
#2405 = AXIS2_PLACEMENT_3D ( 'NONE', #491, #685, #2087 ) ;
#2406 = ORIENTED_EDGE ( 'NONE', *, *, #2312, .F. ) ;
#2407 = DIRECTION ( 'NONE',  ( 1.000000000000000000, 0.000000000000000000, -0.000000000000000000 ) ) ;
#2408 = ADVANCED_FACE ( 'NONE', ( #511 ), #1768, .T. ) ;
#2409 = ADVANCED_FACE ( 'NONE', ( #1744 ), #733, .F. ) ;
#2410 = CARTESIAN_POINT ( 'NONE',  ( -7.625000000000000000, 9.337931843498568852E-16, -22.50000000000000711 ) ) ;
#2411 = ORIENTED_EDGE ( 'NONE', *, *, #401, .F. ) ;
#2412 = PRODUCT ( '\X2\63a29488652f67b6\X0\_\X2\53f3\X0\', '\X2\63a29488652f67b6\X0\_\X2\53f3\X0\', '', ( #440 ) ) ;
#2413 = DIRECTION ( 'NONE',  ( -0.8876193951581109465, 0.4605776908830359062, 0.000000000000000000 ) ) ;
#2414 = VERTEX_POINT ( 'NONE', #2373 ) ;
#2415 = LINE ( 'NONE', #1800, #2531 ) ;
#2416 = CARTESIAN_POINT ( 'NONE',  ( -53.25716370948666167, 27.63466145298217214, -58.20889244992065414 ) ) ;
#2417 = FACE_BOUND ( 'NONE', #2149, .T. ) ;
#2418 = ORIENTED_EDGE ( 'NONE', *, *, #1546, .T. ) ;
#2419 = CARTESIAN_POINT ( 'NONE',  ( 15.83702271079115498, 3.109678449496216857, -10.18281306206882775 ) ) ;
#2420 = EDGE_CURVE ( 'NONE', #1024, #1027, #1830, .T. ) ;
#2421 = DIRECTION ( 'NONE',  ( 1.740655977457631713E-16, -4.070057625873862687E-18, 1.000000000000000000 ) ) ;
#2422 = EDGE_CURVE ( 'NONE', #2325, #463, #185, .T. ) ;
#2423 = ORIENTED_EDGE ( 'NONE', *, *, #1665, .F. ) ;
#2424 = DIRECTION ( 'NONE',  ( -0.9533193019156376291, -0.3019640849423672613, 0.000000000000000000 ) ) ;
#2425 = EDGE_LOOP ( 'NONE', ( #2164, #304, #1170, #2568, #1782, #742, #2006, #1904, #1750, #121, #83, #338 ) ) ;
#2426 = CARTESIAN_POINT ( 'NONE',  ( 0.000000000000000000, 0.000000000000000000, -22.50000000000000711 ) ) ;
#2427 = CARTESIAN_POINT ( 'NONE',  ( -78.01628745214370042, -9.083426294027583836, -8.749997893052738007 ) ) ;
#2428 = CARTESIAN_POINT ( 'NONE',  ( -15.40670324752106346, -50.58926882297097904, -8.749997893052738007 ) ) ;
#2429 = ORIENTED_EDGE ( 'NONE', *, *, #2422, .T. ) ;
#2430 = CARTESIAN_POINT ( 'NONE',  ( 12.30116789474929995, -3.704575421907611243, -13.52388024596536553 ) ) ;
#2431 = PRODUCT_DEFINITION_SHAPE ( 'NONE', 'NONE',  #1926 ) ;
#2432 = CIRCLE ( 'NONE', #1555, 12.62499999999999645 ) ;
#2433 = CARTESIAN_POINT ( 'NONE',  ( -25.89409397781722788, -36.43096788913185691, -17.49999595757199700 ) ) ;
#2434 = ORIENTED_EDGE ( 'NONE', *, *, #1180, .T. ) ;
#2435 = LINE ( 'NONE', #1066, #584 ) ;
#2436 = ADVANCED_FACE ( 'NONE', ( #1829 ), #2210, .T. ) ;
#2437 = ORIENTED_EDGE ( 'NONE', *, *, #401, .T. ) ;
#2438 = CARTESIAN_POINT ( 'NONE',  ( -80.75125768730389098, -8.796306436149690100, -17.49999611394102672 ) ) ;
#2439 = FACE_BOUND ( 'NONE', #784, .T. ) ;
#2440 = EDGE_CURVE ( 'NONE', #1311, #2508, #13, .T. ) ;
#2441 = CIRCLE ( 'NONE', #2317, 2.750000000000002665 ) ;
#2442 = EDGE_LOOP ( 'NONE', ( #2346, #1730, #1676, #2227 ) ) ;
#2443 = AXIS2_PLACEMENT_3D ( 'NONE', #2236, #259, #2258 ) ;
#2444 = FACE_OUTER_BOUND ( 'NONE', #1021, .T. ) ;
#2445 = APPLICATION_CONTEXT ( 'automotive_design' ) ;
#2446 = CIRCLE ( 'NONE', #41, 2.749999999999999112 ) ;
#2447 = DIRECTION ( 'NONE',  ( -1.000000000000000000, 0.000000000000000000, -0.000000000000000000 ) ) ;
#2448 = DIRECTION ( 'NONE',  ( 1.000000000000000000, 0.000000000000000000, -0.000000000000000000 ) ) ;
#2449 = VERTEX_POINT ( 'NONE', #2433 ) ;
#2450 = CARTESIAN_POINT ( 'NONE',  ( -78.00125768730289622, -8.796306436150997499, -8.743140547978237365 ) ) ;
#2451 = VERTEX_POINT ( 'NONE', #1420 ) ;
#2452 = CYLINDRICAL_SURFACE ( 'NONE', #1013, 1.600000000000000755 ) ;
#2453 = EDGE_CURVE ( 'NONE', #721, #1253, #444, .T. ) ;
#2454 = LINE ( 'NONE', #682, #614 ) ;
#2455 = LINE ( 'NONE', #615, #2109 ) ;
#2456 = ORIENTED_EDGE ( 'NONE', *, *, #1627, .F. ) ;
#2457 = EDGE_CURVE ( 'NONE', #323, #2354, #1382, .T. ) ;
#2458 = CARTESIAN_POINT ( 'NONE',  ( -65.61506191114270337, -15.82011622211598123, -11.74999789305273801 ) ) ;
#2459 = DIRECTION ( 'NONE',  ( -0.000000000000000000, -0.000000000000000000, 1.000000000000000000 ) ) ;
#2460 = CARTESIAN_POINT ( 'NONE',  ( -13.95789820165604311, -43.45477767509814981, -11.74999789305273801 ) ) ;
#2461 = DIRECTION ( 'NONE',  ( -9.773064322865733039E-08, 1.465896626999246358E-09, 0.9999999999999952260 ) ) ;
#2462 = ORIENTED_EDGE ( 'NONE', *, *, #1678, .T. ) ;
#2463 = CARTESIAN_POINT ( 'NONE',  ( -53.25716370948666167, 27.63466145298217214, -14.99999999999999289 ) ) ;
#2464 = ORIENTED_EDGE ( 'NONE', *, *, #2440, .T. ) ;
#2465 = PLANE ( 'NONE',  #970 ) ;
#2466 = CARTESIAN_POINT ( 'NONE',  ( -16.78843632017017029, -53.25212700844531355, -17.49999504301214870 ) ) ;
#2467 = EDGE_CURVE ( 'NONE', #398, #395, #1579, .T. ) ;
#2468 = DIRECTION ( 'NONE',  ( 0.000000000000000000, 0.000000000000000000, 1.000000000000000000 ) ) ;
#2469 = VERTEX_POINT ( 'NONE', #397 ) ;
#2470 = CARTESIAN_POINT ( 'NONE',  ( -11.20789820165604311, -43.45477767509814981, -11.74999789305273801 ) ) ;
#2471 = AXIS2_PLACEMENT_3D ( 'NONE', #638, #280, #35 ) ;
#2472 = EDGE_CURVE ( 'NONE', #2544, #1321, #1220, .T. ) ;
#2473 = CARTESIAN_POINT ( 'NONE',  ( -79.73121215618272117, -6.239092049952390973, -8.439391886912595453 ) ) ;
#2474 = CIRCLE ( 'NONE', #780, 7.625000000000000000 ) ;
#2475 = DIRECTION ( 'NONE',  ( -0.000000000000000000, -0.000000000000000000, 1.000000000000000000 ) ) ;
#2476 = AXIS2_PLACEMENT_3D ( 'NONE', #2369, #1952, #314 ) ;
#2477 = AXIS2_PLACEMENT_3D ( 'NONE', #1059, #1281, #1866 ) ;
#2478 = CARTESIAN_POINT ( 'NONE',  ( -80.75125768730389098, -8.796306436149690100, -11.74999789305273801 ) ) ;
#2479 = DIRECTION ( 'NONE',  ( 0.000000000000000000, 0.000000000000000000, 1.000000000000000000 ) ) ;
#2480 = ORIENTED_EDGE ( 'NONE', *, *, #252, .F. ) ;
#2481 = LINE ( 'NONE', #225, #1218 ) ;
#2482 = CARTESIAN_POINT ( 'NONE',  ( -15.76727942277803685, -41.38387458787966011, -8.749997893052738007 ) ) ;
#2483 = TOROIDAL_SURFACE ( 'NONE', #1349, 17.62500000000000000, 5.000000000000000000 ) ;
#2484 = DIRECTION ( 'NONE',  ( -0.000000000000000000, -0.000000000000000000, 1.000000000000000000 ) ) ;
#2485 = ORIENTED_EDGE ( 'NONE', *, *, #2244, .T. ) ;
#2486 = DIRECTION ( 'NONE',  ( 0.4605776908830362948, 0.8876193951581106134, -3.469446951953613006E-15 ) ) ;
#2487 = VECTOR ( 'NONE', #1494, 1000.000000000000000 ) ;
#2488 = CARTESIAN_POINT ( 'NONE',  ( -80.10952989324518114, -6.118992098433827742, -8.463936946693980445 ) ) ;
#2489 = AXIS2_PLACEMENT_3D ( 'NONE', #1152, #901, #1962 ) ;
#2490 = B_SPLINE_CURVE_WITH_KNOTS ( 'NONE', 3,
 ( #1716, #1323, #1523, #2124, #310, #1132, #1335, #1120, #2336, #924, #1932, #1958 ),
 .UNSPECIFIED., .F., .F.,
 ( 4, 2, 2, 2, 2, 4 ),
 ( 3.469446951953614189E-18, 0.003364696386460759581, 0.005047044579691138504, 0.006729392772921518294, 0.01009408915938227701, 0.01345878554584303659 ),
 .UNSPECIFIED. ) ;
#2491 = CARTESIAN_POINT ( 'NONE',  ( 6.950351459418663502, -65.56996967786773212, -8.749997893052738007 ) ) ;
#2492 = ADVANCED_FACE ( 'NONE', ( #998 ), #1603, .T. ) ;
#2493 = VECTOR ( 'NONE', #1103, 1000.000000000000114 ) ;
#2494 = DIRECTION ( 'NONE',  ( 0.8876193951581072827, -0.4605776908830344074, 8.742277371457054533E-08 ) ) ;
#2495 = AXIS2_PLACEMENT_3D ( 'NONE', #349, #2170, #1755 ) ;
#2496 = CARTESIAN_POINT ( 'NONE',  ( -30.24409397781722220, -36.43096788913185691, -11.74999789305273801 ) ) ;
#2497 = ORIENTED_EDGE ( 'NONE', *, *, #931, .T. ) ;
#2498 = CARTESIAN_POINT ( 'NONE',  ( -84.72656015607535096, -5.601526367064193934, -8.749997893052738007 ) ) ;
#2499 = CARTESIAN_POINT ( 'NONE',  ( -80.75125768730389098, -8.796306436149690100, -22.50000000000000711 ) ) ;
#2500 = DIRECTION ( 'NONE',  ( 0.000000000000000000, 0.000000000000000000, 1.000000000000000000 ) ) ;
#2501 = EDGE_LOOP ( 'NONE', ( #1453, #342, #1130, #1954 ) ) ;
#2502 = CARTESIAN_POINT ( 'NONE',  ( -54.09979824327951548, -1.400480760670133495, 0.000000000000000000 ) ) ;
#2503 = DIRECTION ( 'NONE',  ( 1.000000000000000000, 0.000000000000000000, 0.000000000000000000 ) ) ;
#2504 = DIRECTION ( 'NONE',  ( -0.4605776908830351846, -0.8876193951581112795, -5.290906601729263216E-15 ) ) ;
#2505 = DIRECTION ( 'NONE',  ( -1.000000000000000000, 0.000000000000000000, 0.000000000000000000 ) ) ;
#2506 = DIRECTION ( 'NONE',  ( -1.740655977457631713E-16, 4.070057625873862687E-18, -1.000000000000000000 ) ) ;
#2507 = ADVANCED_FACE ( 'NONE', ( #1872 ), #1036, .T. ) ;
#2508 = VERTEX_POINT ( 'NONE', #260 ) ;
#2509 = CARTESIAN_POINT ( 'NONE',  ( -70.04560002965683907, -25.61746555546314141, -17.49999504301214870 ) ) ;
#2510 = DIRECTION ( 'NONE',  ( 0.000000000000000000, 0.000000000000000000, 1.000000000000000000 ) ) ;
#2511 =( LENGTH_UNIT ( ) NAMED_UNIT ( * ) SI_UNIT ( .MILLI., .METRE. ) );
#2512 = ORIENTED_EDGE ( 'NONE', *, *, #2420, .T. ) ;
#2513 = ORIENTED_EDGE ( 'NONE', *, *, #1196, .F. ) ;
#2514 = CARTESIAN_POINT ( 'NONE',  ( -23.25502426153513369, -17.40555551885564256, -5.000000000000000888 ) ) ;
#2515 = CARTESIAN_POINT ( 'NONE',  ( 23.91960578319928743, 39.41234654444432550, -129.4945880568757559 ) ) ;
#2516 = CARTESIAN_POINT ( 'NONE',  ( -30.70420650657944961, 32.83127057854028408, -9.999999999999987566 ) ) ;
#2517 = ORIENTED_EDGE ( 'NONE', *, *, #436, .T. ) ;
#2518 = AXIS2_PLACEMENT_3D ( 'NONE', #2324, #1733, #2552 ) ;
#2519 = AXIS2_PLACEMENT_3D ( 'NONE', #1244, #1490, #1063 ) ;
#2520 = CARTESIAN_POINT ( 'NONE',  ( -67.08972467139990670, -13.06055182632267098, -8.519831260615994495 ) ) ;
#2521 = FACE_OUTER_BOUND ( 'NONE', #326, .T. ) ;
#2522 = ORIENTED_EDGE ( 'NONE', *, *, #1369, .T. ) ;
#2523 = DIRECTION ( 'NONE',  ( 0.000000000000000000, 0.000000000000000000, 1.000000000000000000 ) ) ;
#2524 = CARTESIAN_POINT ( 'NONE',  ( -17.68759154107095810, 51.02331010574626902, -129.4945880568757559 ) ) ;
#2525 = ADVANCED_FACE ( 'NONE', ( #450 ), #55, .T. ) ;
#2526 = PLANE ( 'NONE',  #1267 ) ;
#2527 = ORIENTED_EDGE ( 'NONE', *, *, #1546, .F. ) ;
#2528 = VERTEX_POINT ( 'NONE', #1857 ) ;
#2529 = CARTESIAN_POINT ( 'NONE',  ( -53.25716370948666167, 27.63466145298217214, -22.49999348032960000 ) ) ;
#2530 = EDGE_CURVE ( 'NONE', #44, #1890, #1166, .T. ) ;
#2531 = VECTOR ( 'NONE', #773, 1000.000000000000000 ) ;
#2532 = CYLINDRICAL_SURFACE ( 'NONE', #1482, 2.750000000000002665 ) ;
#2533 = ORIENTED_EDGE ( 'NONE', *, *, #2380, .F. ) ;
#2534 = VECTOR ( 'NONE', #428, 1000.000000000000000 ) ;
#2535 = LINE ( 'NONE', #318, #1441 ) ;
#2536 = VECTOR ( 'NONE', #482, 1000.000000000000000 ) ;
#2537 = CARTESIAN_POINT ( 'NONE',  ( -64.75974651153640593, -14.55411132936451857, -8.593189866874796579 ) ) ;
#2538 = CIRCLE ( 'NONE', #1100, 17.62500000000000000 ) ;
#2539 = ORIENTED_EDGE ( 'NONE', *, *, #519, .T. ) ;
#2540 = DIRECTION ( 'NONE',  ( 1.000000000000000000, 0.000000000000000000, 0.000000000000000000 ) ) ;
#2541 = CYLINDRICAL_SURFACE ( 'NONE', #2518, 2.050000000000018918 ) ;
#2542 = EDGE_CURVE ( 'NONE', #378, #2165, #220, .T. ) ;
#2543 = ORIENTED_EDGE ( 'NONE', *, *, #1991, .F. ) ;
#2544 = VERTEX_POINT ( 'NONE', #1842 ) ;
#2545 = CARTESIAN_POINT ( 'NONE',  ( -15.63759154107094140, 51.02331010574626902, -129.4945880568757559 ) ) ;
#2546 = LINE ( 'NONE', #1543, #2319 ) ;
#2547 = EDGE_CURVE ( 'NONE', #2330, #1890, #2064, .T. ) ;
#2548 = ORIENTED_EDGE ( 'NONE', *, *, #578, .T. ) ;
#2549 = CARTESIAN_POINT ( 'NONE',  ( -31.46939644658867863, -33.23618782004637495, -3.749997893052738451 ) ) ;
#2550 = EDGE_LOOP ( 'NONE', ( #2543, #1470, #684, #981, #1807 ) ) ;
#2551 = CARTESIAN_POINT ( 'NONE',  ( -11.20619486387114883, 5.814793347398332202, -22.50000000000000711 ) ) ;
#2552 = DIRECTION ( 'NONE',  ( 1.000000000000000000, 0.000000000000000000, 0.000000000000000000 ) ) ;
#2553 = DIRECTION ( 'NONE',  ( 1.000000000000000000, 0.000000000000000000, 0.000000000000000000 ) ) ;
#2554 = EDGE_LOOP ( 'NONE', ( #1672, #327 ) ) ;
#2555 = ORIENTED_EDGE ( 'NONE', *, *, #1615, .F. ) ;
#2556 = CARTESIAN_POINT ( 'NONE',  ( -61.31564811249748459, 39.51568186848928832, -11.20827450491092137 ) ) ;
#2557 = FACE_OUTER_BOUND ( 'NONE', #1394, .T. ) ;
#2558 = EDGE_LOOP ( 'NONE', ( #1367, #620, #711, #2485, #1556 ) ) ;
#2559 = DIRECTION ( 'NONE',  ( -0.9479041068285722904, -0.3185558102711778528, 1.637009544559185693E-16 ) ) ;
#2560 = ADVANCED_FACE ( 'NONE', ( #2049 ), #831, .F. ) ;
#2561 = AXIS2_PLACEMENT_3D ( 'NONE', #1350, #1307, #1747 ) ;
#2562 = DIRECTION ( 'NONE',  ( 0.8876193951581107244, -0.4605776908830361838, 0.000000000000000000 ) ) ;
#2563 =( GEOMETRIC_REPRESENTATION_CONTEXT ( 3 ) GLOBAL_UNCERTAINTY_ASSIGNED_CONTEXT ( ( #675 ) ) GLOBAL_UNIT_ASSIGNED_CONTEXT ( ( #1724, #290, #347 ) ) REPRESENTATION_CONTEXT ( 'NONE', 'WORKASPACE' ) );
#2564 = EDGE_LOOP ( 'NONE', ( #441, #1072 ) ) ;
#2565 = DIRECTION ( 'NONE',  ( 1.000000000000000000, 0.000000000000000000, 0.000000000000000000 ) ) ;
#2566 = AXIS2_PLACEMENT_3D ( 'NONE', #2416, #592, #2379 ) ;
#2567 = EDGE_LOOP ( 'NONE', ( #2456, #38, #955, #844, #1149, #1573, #616, #2283, #168, #1816, #130 ) ) ;
#2568 = ORIENTED_EDGE ( 'NONE', *, *, #1732, .F. ) ;
#2569 = DIRECTION ( 'NONE',  ( 0.000000000000000000, 0.000000000000000000, 1.000000000000000000 ) ) ;
#2570 = PLANE ( 'NONE',  #2190 ) ;
#2571 = ORIENTED_EDGE ( 'NONE', *, *, #569, .F. ) ;
#2572 = DIRECTION ( 'NONE',  ( 0.8876193951581108355, -0.4605776908830361838, 0.000000000000000000 ) ) ;
#2573 = AXIS2_PLACEMENT_3D ( 'NONE', #2378, #982, #1823 ) ;
#2574 = CARTESIAN_POINT ( 'NONE',  ( -65.04344519240474654, -14.11265526299791873, -8.518169337432947685 ) ) ;
#2575 = ADVANCED_FACE ( 'NONE', ( #77 ), #847, .F. ) ;
#2576 = VECTOR ( 'NONE', #1916, 1000.000000000000000 ) ;
#2577 = EDGE_CURVE ( 'NONE', #1115, #101, #729, .T. ) ;
#2578 = CIRCLE ( 'NONE', #623, 7.625000000000000000 ) ;
#2579 = EDGE_LOOP ( 'NONE', ( #1216, #1506, #2362, #1521, #1719 ) ) ;
#2580 = CARTESIAN_POINT ( 'NONE',  ( -29.30347519893921060, -34.36006480191336721, -8.749997893052738007 ) ) ;
#2581 = MECHANICAL_DESIGN_GEOMETRIC_PRESENTATION_REPRESENTATION (  '', ( #166 ), #1398 ) ;
#2582 = ORIENTED_EDGE ( 'NONE', *, *, #132, .T. ) ;
#2583 = DIRECTION ( 'NONE',  ( -0.000000000000000000, 0.000000000000000000, 1.000000000000000000 ) ) ;
#2584 = VECTOR ( 'NONE', #2343, 1000.000000000000000 ) ;
#2585 = DIRECTION ( 'NONE',  ( -1.740655977457631713E-16, 4.070057625873862687E-18, -1.000000000000000000 ) ) ;
#2586 = DIRECTION ( 'NONE',  ( -0.000000000000000000, 0.000000000000000000, 1.000000000000000000 ) ) ;
#2587 = VERTEX_POINT ( 'NONE', #1923 ) ;
#2588 = CARTESIAN_POINT ( 'NONE',  ( 0.000000000000000000, 0.000000000000000000, -58.20889244992065414 ) ) ;
#2589 = EDGE_CURVE ( 'NONE', #1338, #1243, #2474, .T. ) ;
#2590 = ORIENTED_EDGE ( 'NONE', *, *, #128, .T. ) ;
#2591 = CARTESIAN_POINT ( 'NONE',  ( -16.64766322255828968, 39.75478068979062840, -129.4945880568757559 ) ) ;
#2592 = EDGE_CURVE ( 'NONE', #1243, #2046, #1741, .T. ) ;
#2593 = ORIENTED_EDGE ( 'NONE', *, *, #1200, .F. ) ;
#2594 = CARTESIAN_POINT ( 'NONE',  ( -77.66363219822942199, 8.010057446231256151, -0.6698729810778146776 ) ) ;
#2595 = CARTESIAN_POINT ( 'NONE',  ( -70.12771552223094318, 22.53317902662571726, -17.49999512162121462 ) ) ;
#2596 = FACE_OUTER_BOUND ( 'NONE', #1284, .T. ) ;
#2597 = ORIENTED_EDGE ( 'NONE', *, *, #1648, .T. ) ;
#2598 = DIRECTION ( 'NONE',  ( -0.000000000000000000, -0.000000000000000000, 1.000000000000000000 ) ) ;
#2599 = DIRECTION ( 'NONE',  ( 0.000000000000000000, 0.000000000000000000, -1.000000000000000000 ) ) ;
#2600 = ORIENTED_EDGE ( 'NONE', *, *, #2067, .T. ) ;
#2601 = CARTESIAN_POINT ( 'NONE',  ( -37.52701428619524648, 30.53837507898203185, 0.000000000000000000 ) ) ;
#2602 = AXIS2_PLACEMENT_3D ( 'NONE', #1345, #138, #952 ) ;
#2603 = VECTOR ( 'NONE', #2090, 1000.000000000000000 ) ;
#2604 = VERTEX_POINT ( 'NONE', #2516 ) ;
#2605 = CARTESIAN_POINT ( 'NONE',  ( -31.46939644658869284, -33.23618782004636785, -8.749997893052738007 ) ) ;
#2606 = EDGE_CURVE ( 'NONE', #1083, #2414, #135, .T. ) ;
#2607 = CARTESIAN_POINT ( 'NONE',  ( -16.00836267383679612, 44.88400955702481809, -129.4945880568757559 ) ) ;
#2608 = AXIS2_PLACEMENT_3D ( 'NONE', #2499, #1458, #1486 ) ;
#2609 = CARTESIAN_POINT ( 'NONE',  ( -10.47970780948549852, 7.214869843868821242, -14.01309287158175465 ) ) ;
#2610 = ORIENTED_EDGE ( 'NONE', *, *, #2589, .F. ) ;
#2611 = EDGE_CURVE ( 'NONE', #2469, #1381, #531, .T. ) ;
#2612 = CARTESIAN_POINT ( 'NONE',  ( -11.95643417770626371, -41.55045976165377652, -8.485057677815051491 ) ) ;
#2613 = AXIS2_PLACEMENT_3D ( 'NONE', #1849, #430, #681 ) ;
#2614 = LINE ( 'NONE', #794, #757 ) ;
#2615 = ORIENTED_EDGE ( 'NONE', *, *, #1193, .T. ) ;
#2616 = DIRECTION ( 'NONE',  ( 1.000000000000000000, 0.000000000000000000, -0.000000000000000000 ) ) ;
#2617 = VECTOR ( 'NONE', #1591, 1000.000000000000000 ) ;
#2618 = AXIS2_PLACEMENT_3D ( 'NONE', #2089, #1434, #1246 ) ;
#2619 = ORIENTED_EDGE ( 'NONE', *, *, #2067, .F. ) ;
#2620 = CYLINDRICAL_SURFACE ( 'NONE', #2573, 7.625000000000000000 ) ;
#2621 = CARTESIAN_POINT ( 'NONE',  ( -23.25502426153514435, -17.40555551885563901, 0.000000000000000000 ) ) ;
#2622 = CIRCLE ( 'NONE', #1734, 3.000000000000003109 ) ;
#2623 = DIRECTION ( 'NONE',  ( -1.000000000000000000, -4.625929269271481378E-15, 0.000000000000000000 ) ) ;
ENDSEC;
END-ISO-10303-21;
