ISO-10303-21;
HEADER;
FILE_DESCRIPTION (( 'STEP AP214' ),
    '1' );
FILE_NAME ('Ö§¼Ü_Ö±Á¢ _×óÓÒ.STEP',
    '2025-09-21T07:35:06',
    ( '' ),
    ( '' ),
    'SwSTEP 2.0',
    'SolidWorks 2025',
    '' );
FILE_SCHEMA (( 'AUTOMOTIVE_DESIGN' ));
ENDSEC;

DATA;
#1 =( GEOMETRIC_REPRESENTATION_CONTEXT ( 3 ) GLOBAL_UNCERTAINTY_ASSIGNED_CONTEXT ( ( #3121 ) ) GLOBAL_UNIT_ASSIGNED_CONTEXT ( ( #140, #4487, #4147 ) ) REPRESENTATION_CONTEXT ( 'NONE', 'WORKASPACE' ) );
#2 = DIRECTION ( 'NONE',  ( 0.000000000000000000, -1.000000000000000000, 0.000000000000000000 ) ) ;
#3 = EDGE_CURVE ( 'NONE', #1475, #3604, #2912, .T. ) ;
#4 = ORIENTED_EDGE ( 'NONE', *, *, #1913, .T. ) ;
#5 = SURFACE_SIDE_STYLE ('',( #1195 ) ) ;
#6 = DIRECTION ( 'NONE',  ( 0.000000000000000000, -1.000000000000000000, 0.000000000000000000 ) ) ;
#7 = ADVANCED_FACE ( 'NONE', ( #1091 ), #4073, .F. ) ;
#8 =( GEOMETRIC_REPRESENTATION_CONTEXT ( 3 ) GLOBAL_UNCERTAINTY_ASSIGNED_CONTEXT ( ( #4217 ) ) GLOBAL_UNIT_ASSIGNED_CONTEXT ( ( #2042, #4184, #2090 ) ) REPRESENTATION_CONTEXT ( 'NONE', 'WORKASPACE' ) );
#9 = VERTEX_POINT ( 'NONE', #1965 ) ;
#10 = FILL_AREA_STYLE ('',( #2226 ) ) ;
#11 = CARTESIAN_POINT ( 'NONE',  ( -8.349999999999999645, 160.0000000000000000, -5.000000000000000000 ) ) ;
#12 =( LENGTH_UNIT ( ) NAMED_UNIT ( * ) SI_UNIT ( .MILLI., .METRE. ) );
#13 = DIRECTION ( 'NONE',  ( 0.000000000000000000, 1.000000000000000000, 0.000000000000000000 ) ) ;
#14 = CIRCLE ( 'NONE', #2193, 2.600000000000000089 ) ;
#15 = ORIENTED_EDGE ( 'NONE', *, *, #4663, .F. ) ;
#16 = PRESENTATION_STYLE_ASSIGNMENT (( #3239 ) ) ;
#17 = FILL_AREA_STYLE_COLOUR ( '', #3307 ) ;
#18 =( GEOMETRIC_REPRESENTATION_CONTEXT ( 3 ) GLOBAL_UNCERTAINTY_ASSIGNED_CONTEXT ( ( #376 ) ) GLOBAL_UNIT_ASSIGNED_CONTEXT ( ( #416, #2298, #2790 ) ) REPRESENTATION_CONTEXT ( 'NONE', 'WORKASPACE' ) );
#19 = CYLINDRICAL_SURFACE ( 'NONE', #4522, 0.4999999999999995559 ) ;
#20 = CARTESIAN_POINT ( 'NONE',  ( -2.773654403270999769, -14.38999999999998636, 4.400000000000000355 ) ) ;
#21 = EDGE_LOOP ( 'NONE', ( #1763, #3900, #1595, #3626 ) ) ;
#22 = FILL_AREA_STYLE ('',( #4399 ) ) ;
#23 = AXIS2_PLACEMENT_3D ( 'NONE', #807, #3412, #1932 ) ;
#24 = DIRECTION ( 'NONE',  ( 0.000000000000000000, 1.000000000000000000, 0.000000000000000000 ) ) ;
#25 =( NAMED_UNIT ( * ) PLANE_ANGLE_UNIT ( ) SI_UNIT ( $, .RADIAN. ) );
#26 = STYLED_ITEM ( 'NONE', ( #4661 ), #4580 ) ;
#27 = AXIS2_PLACEMENT_3D ( 'NONE', #906, #3122, #3760 ) ;
#28 =( NAMED_UNIT ( * ) PLANE_ANGLE_UNIT ( ) SI_UNIT ( $, .RADIAN. ) );
#29 = FILL_AREA_STYLE_COLOUR ( '', #2170 ) ;
#30 = CARTESIAN_POINT ( 'NONE',  ( 5.000000000000000000, 160.0000000000000000, -8.349999999999999645 ) ) ;
#31 = ORIENTED_EDGE ( 'NONE', *, *, #3939, .F. ) ;
#32 = UNCERTAINTY_MEASURE_WITH_UNIT (LENGTH_MEASURE( 1.000000000000000082E-05 ), #1443, 'distance_accuracy_value', 'NONE');
#33 = CARTESIAN_POINT ( 'NONE',  ( -9.500000000000000000, 160.0000000000000000, 3.100000000000000089 ) ) ;
#34 = PRESENTATION_STYLE_ASSIGNMENT (( #2199 ) ) ;
#35 = ADVANCED_FACE ( 'NONE', ( #3266 ), #2296, .T. ) ;
#36 = SURFACE_STYLE_FILL_AREA ( #3971 ) ;
#37 = DIRECTION ( 'NONE',  ( 0.000000000000000000, 1.000000000000000000, 0.000000000000000000 ) ) ;
#38 = ORIENTED_EDGE ( 'NONE', *, *, #3178, .F. ) ;
#39 = UNCERTAINTY_MEASURE_WITH_UNIT (LENGTH_MEASURE( 1.000000000000000082E-05 ), #2789, 'distance_accuracy_value', 'NONE');
#40 = CARTESIAN_POINT ( 'NONE',  ( 5.000000000000000000, -14.38999999999998636, -8.349999999999999645 ) ) ;
#41 = LINE ( 'NONE', #4385, #815 ) ;
#42 = EDGE_CURVE ( 'NONE', #3891, #871, #570, .T. ) ;
#43 = DIRECTION ( 'NONE',  ( -1.000000000000000000, 0.000000000000000000, -6.672013369141570147E-16 ) ) ;
#44 = CARTESIAN_POINT ( 'NONE',  ( 1.065891202461304628E-14, -4.390000000000112479, 2.599999999999547562 ) ) ;
#45 = EDGE_LOOP ( 'NONE', ( #2576, #3830, #1347, #2332 ) ) ;
#46 = FACE_OUTER_BOUND ( 'NONE', #2827, .T. ) ;
#47 = SURFACE_STYLE_USAGE ( .BOTH. , #524 ) ;
#48 = DIRECTION ( 'NONE',  ( -0.7071067811865431318, 0.000000000000000000, 0.7071067811865520136 ) ) ;
#49 = PRESENTATION_STYLE_ASSIGNMENT (( #4419 ) ) ;
#50 = CARTESIAN_POINT ( 'NONE',  ( -8.349999999999999645, 160.0000000000000000, -3.100000000000000089 ) ) ;
#51 = EDGE_LOOP ( 'NONE', ( #3675, #1381, #1050, #449 ) ) ;
#52 = FILL_AREA_STYLE ('',( #4349 ) ) ;
#53 =( LENGTH_UNIT ( ) NAMED_UNIT ( * ) SI_UNIT ( .MILLI., .METRE. ) );
#54 = PRESENTATION_LAYER_ASSIGNMENT (  '', '', ( #213 ) ) ;
#55 = CARTESIAN_POINT ( 'NONE',  ( 7.849999999999999645, -14.38999999999998636, -5.500000000000000000 ) ) ;
#56 = ORIENTED_EDGE ( 'NONE', *, *, #3348, .T. ) ;
#57 = PRESENTATION_STYLE_ASSIGNMENT (( #3318 ) ) ;
#58 = PRESENTATION_STYLE_ASSIGNMENT (( #1914 ) ) ;
#59 = CARTESIAN_POINT ( 'NONE',  ( -3.900000000000049649, -160.0000000000000000, -2.773654403270995328 ) ) ;
#60 = CARTESIAN_POINT ( 'NONE',  ( 8.849999999999999645, 160.0000000000000000, -3.600000000000000089 ) ) ;
#61 = VERTEX_POINT ( 'NONE', #2836 ) ;
#62 = EDGE_CURVE ( 'NONE', #806, #1386, #4470, .T. ) ;
#63 = FILL_AREA_STYLE_COLOUR ( '', #2877 ) ;
#64 = MECHANICAL_DESIGN_GEOMETRIC_PRESENTATION_REPRESENTATION (  '', ( #4694 ), #1300 ) ;
#65 = CARTESIAN_POINT ( 'NONE',  ( -4.046446609406774364, 160.0000000000000000, -3.127207793864264840 ) ) ;
#66 = FILL_AREA_STYLE ('',( #2228 ) ) ;
#67 = SURFACE_STYLE_FILL_AREA ( #2268 ) ;
#68 = AXIS2_PLACEMENT_3D ( 'NONE', #2183, #4249, #361 ) ;
#69 = VECTOR ( 'NONE', #1538, 1000.000000000000000 ) ;
#70 = DIRECTION ( 'NONE',  ( 0.7071067811865520136, 0.000000000000000000, -0.7071067811865431318 ) ) ;
#71 = VECTOR ( 'NONE', #4035, 1000.000000000000000 ) ;
#72 = ORIENTED_EDGE ( 'NONE', *, *, #4387, .T. ) ;
#73 = SURFACE_STYLE_USAGE ( .BOTH. , #4413 ) ;
#74 = EDGE_CURVE ( 'NONE', #3534, #3891, #4155, .T. ) ;
#75 =( NAMED_UNIT ( * ) PLANE_ANGLE_UNIT ( ) SI_UNIT ( $, .RADIAN. ) );
#76 = CARTESIAN_POINT ( 'NONE',  ( 5.500000000000000000, 160.0000000000000000, 8.349999999999999645 ) ) ;
#77 = SURFACE_STYLE_USAGE ( .BOTH. , #1991 ) ;
#78 = FILL_AREA_STYLE ('',( #17 ) ) ;
#79 = CIRCLE ( 'NONE', #307, 0.5000000000000004441 ) ;
#80 =( LENGTH_UNIT ( ) NAMED_UNIT ( * ) SI_UNIT ( .MILLI., .METRE. ) );
#81 =( LENGTH_UNIT ( ) NAMED_UNIT ( * ) SI_UNIT ( .MILLI., .METRE. ) );
#82 = ORIENTED_EDGE ( 'NONE', *, *, #282, .T. ) ;
#83 = ADVANCED_FACE ( 'NONE', ( #3888 ), #932, .T. ) ;
#84 = PRESENTATION_LAYER_ASSIGNMENT (  '', '', ( #1563 ) ) ;
#85 = STYLED_ITEM ( 'NONE', ( #194 ), #2116 ) ;
#86 = SURFACE_STYLE_FILL_AREA ( #1972 ) ;
#87 = FACE_OUTER_BOUND ( 'NONE', #4593, .T. ) ;
#88 = PRESENTATION_STYLE_ASSIGNMENT (( #895 ) ) ;
#89 = ORIENTED_EDGE ( 'NONE', *, *, #1350, .F. ) ;
#90 = DIRECTION ( 'NONE',  ( -6.672013369141570147E-16, 0.000000000000000000, 1.000000000000000000 ) ) ;
#91 = ORIENTED_EDGE ( 'NONE', *, *, #1165, .F. ) ;
#92 = UNCERTAINTY_MEASURE_WITH_UNIT (LENGTH_MEASURE( 1.000000000000000082E-05 ), #3443, 'distance_accuracy_value', 'NONE');
#93 = LINE ( 'NONE', #3665, #4161 ) ;
#94 = CARTESIAN_POINT ( 'NONE',  ( -6.626345596729049880, 160.0000000000000000, 5.500000000000000000 ) ) ;
#95 = DIRECTION ( 'NONE',  ( 0.000000000000000000, -1.000000000000000000, 0.000000000000000000 ) ) ;
#96 = CARTESIAN_POINT ( 'NONE',  ( -3.099999999999999645, -14.38999999999998636, -9.500000000000000000 ) ) ;
#97 =( BOUNDED_CURVE ( )  B_SPLINE_CURVE ( 3, ( #3936, #4345, #2250, #1138 ),
 .UNSPECIFIED., .F., .T. ) 
 B_SPLINE_CURVE_WITH_KNOTS ( ( 4, 4 ),
 ( 1.570796326794896780, 4.712388980384689674 ),
 .UNSPECIFIED. ) 
 CURVE ( )  GEOMETRIC_REPRESENTATION_ITEM ( )  RATIONAL_B_SPLINE_CURVE ( ( 1.000000000000000000, 0.3333333333333333703, 0.3333333333333333703, 1.000000000000000000 ) ) 
 REPRESENTATION_ITEM ( '' )  );
#98 = ORIENTED_EDGE ( 'NONE', *, *, #1134, .F. ) ;
#99 =( LENGTH_UNIT ( ) NAMED_UNIT ( * ) SI_UNIT ( .MILLI., .METRE. ) );
#100 = VERTEX_POINT ( 'NONE', #196 ) ;
#101 = VECTOR ( 'NONE', #320, 1000.000000000000000 ) ;
#102 = CARTESIAN_POINT ( 'NONE',  ( -3.100000000000000089, 160.0000000000000000, -8.349999999999999645 ) ) ;
#103 = EDGE_CURVE ( 'NONE', #3968, #4087, #613, .T. ) ;
#104 = CIRCLE ( 'NONE', #3828, 0.5000000000000004441 ) ;
#105 = ORIENTED_EDGE ( 'NONE', *, *, #535, .T. ) ;
#106 = CIRCLE ( 'NONE', #2640, 0.5000000000000004441 ) ;
#107 =( NAMED_UNIT ( * ) PLANE_ANGLE_UNIT ( ) SI_UNIT ( $, .RADIAN. ) );
#108 = EDGE_CURVE ( 'NONE', #4506, #2457, #3813, .T. ) ;
#109 = VECTOR ( 'NONE', #2984, 1000.000000000000000 ) ;
#110 = DIRECTION ( 'NONE',  ( 1.000000000000000000, 0.000000000000000000, -1.454933294406559718E-16 ) ) ;
#111 = EDGE_LOOP ( 'NONE', ( #1007, #1542, #4436, #2632 ) ) ;
#112 = CARTESIAN_POINT ( 'NONE',  ( -6.626345596729059650, 160.0000000000000000, -5.500000000000000000 ) ) ;
#113 = DIRECTION ( 'NONE',  ( 0.000000000000000000, 0.000000000000000000, -1.000000000000000000 ) ) ;
#114 = CIRCLE ( 'NONE', #3177, 0.5000000000000004441 ) ;
#115 = LINE ( 'NONE', #1915, #4484 ) ;
#116 = CARTESIAN_POINT ( 'NONE',  ( -5.000000000000000000, -14.38999999999998636, 6.626345596729049880 ) ) ;
#117 = ORIENTED_EDGE ( 'NONE', *, *, #168, .F. ) ;
#118 = STYLED_ITEM ( 'NONE', ( #1358 ), #1508 ) ;
#119 = PLANE ( 'NONE',  #2792 ) ;
#120 = DIRECTION ( 'NONE',  ( -1.000000000000000000, 0.000000000000000000, -2.891205793294685327E-15 ) ) ;
#121 = CIRCLE ( 'NONE', #2806, 0.5000000000000004441 ) ;
#122 = CARTESIAN_POINT ( 'NONE',  ( 8.849999999999999645, -14.38999999999998636, -3.100000000000000089 ) ) ;
#123 = ORIENTED_EDGE ( 'NONE', *, *, #1879, .F. ) ;
#124 = PRESENTATION_STYLE_ASSIGNMENT (( #47 ) ) ;
#125 = DIRECTION ( 'NONE',  ( 0.000000000000000000, -1.000000000000000000, 0.000000000000000000 ) ) ;
#126 = PRESENTATION_STYLE_ASSIGNMENT (( #2533 ) ) ;
#127 = SURFACE_SIDE_STYLE ('',( #4682 ) ) ;
#128 = FILL_AREA_STYLE_COLOUR ( '', #1771 ) ;
#129 = SURFACE_STYLE_FILL_AREA ( #3795 ) ;
#130 = VERTEX_POINT ( 'NONE', #639 ) ;
#131 = ADVANCED_FACE ( 'NONE', ( #955 ), #912, .T. ) ;
#132 = PLANE ( 'NONE',  #1433 ) ;
#133 =( LENGTH_UNIT ( ) NAMED_UNIT ( * ) SI_UNIT ( .MILLI., .METRE. ) );
#134 = ORIENTED_EDGE ( 'NONE', *, *, #2596, .F. ) ;
#135 = AXIS2_PLACEMENT_3D ( 'NONE', #2867, #1409, #269 ) ;
#136 = EDGE_CURVE ( 'NONE', #304, #1445, #1927, .T. ) ;
#137 = DIRECTION ( 'NONE',  ( 0.000000000000000000, 0.000000000000000000, -1.000000000000000000 ) ) ;
#138 = CARTESIAN_POINT ( 'NONE',  ( 2.773654403270995328, -160.0000000000000000, -3.899999999999999911 ) ) ;
#139 = CARTESIAN_POINT ( 'NONE',  ( 8.849999999999999645, 160.0000000000000000, 3.600000000000000089 ) ) ;
#140 =( LENGTH_UNIT ( ) NAMED_UNIT ( * ) SI_UNIT ( .MILLI., .METRE. ) );
#141 = ORIENTED_EDGE ( 'NONE', *, *, #4520, .T. ) ;
#142 = UNCERTAINTY_MEASURE_WITH_UNIT (LENGTH_MEASURE( 1.000000000000000082E-05 ), #1034, 'distance_accuracy_value', 'NONE');
#143 = EDGE_CURVE ( 'NONE', #4135, #1503, #2938, .T. ) ;
#144 = DIRECTION ( 'NONE',  ( 1.000000000000000000, 0.000000000000000000, 0.000000000000000000 ) ) ;
#145 = SURFACE_STYLE_FILL_AREA ( #3033 ) ;
#146 = DIRECTION ( 'NONE',  ( -0.000000000000000000, 1.000000000000000000, -0.000000000000000000 ) ) ;
#147 = STYLED_ITEM ( 'NONE', ( #844 ), #7 ) ;
#148 = ORIENTED_EDGE ( 'NONE', *, *, #1076, .T. ) ;
#149 = VERTEX_POINT ( 'NONE', #4338 ) ;
#150 = VECTOR ( 'NONE', #4165, 1000.000000000000000 ) ;
#151 = LINE ( 'NONE', #4497, #1258 ) ;
#152 = PRESENTATION_LAYER_ASSIGNMENT (  '', '', ( #380 ) ) ;
#153 = EDGE_LOOP ( 'NONE', ( #3138, #4270, #2118, #2208 ) ) ;
#154 = CARTESIAN_POINT ( 'NONE',  ( -3.900000000000023448, -4.390000000000108926, -9.116409927201818560E-13 ) ) ;
#155 = PRESENTATION_LAYER_ASSIGNMENT (  '', '', ( #700 ) ) ;
#156 = VECTOR ( 'NONE', #913, 1000.000000000000000 ) ;
#157 = DIRECTION ( 'NONE',  ( 0.000000000000000000, 1.000000000000000000, 0.000000000000000000 ) ) ;
#158 = ORIENTED_EDGE ( 'NONE', *, *, #3515, .F. ) ;
#159 = DIRECTION ( 'NONE',  ( -0.000000000000000000, 1.000000000000000000, -0.000000000000000000 ) ) ;
#160 = SURFACE_SIDE_STYLE ('',( #2434 ) ) ;
#161 = EDGE_CURVE ( 'NONE', #3183, #4164, #1843, .T. ) ;
#162 = SURFACE_SIDE_STYLE ('',( #902 ) ) ;
#163 = EDGE_LOOP ( 'NONE', ( #1958, #3721, #428, #469 ) ) ;
#164 = SURFACE_SIDE_STYLE ('',( #3715 ) ) ;
#165 = LINE ( 'NONE', #1658, #824 ) ;
#166 = CARTESIAN_POINT ( 'NONE',  ( -2.773654403270995328, 160.0000000000000000, -3.899999999999999911 ) ) ;
#167 = AXIS2_PLACEMENT_3D ( 'NONE', #1222, #1957, #459 ) ;
#168 = EDGE_CURVE ( 'NONE', #629, #806, #3949, .T. ) ;
#169 = FACE_OUTER_BOUND ( 'NONE', #3157, .T. ) ;
#170 = VERTEX_POINT ( 'NONE', #313 ) ;
#171 = CARTESIAN_POINT ( 'NONE',  ( -8.849999999999999645, 160.0000000000000000, -3.600000000000000089 ) ) ;
#172 = CARTESIAN_POINT ( 'NONE',  ( -3.600000000000000089, -14.38999999999998636, -8.349999999999999645 ) ) ;
#173 = CARTESIAN_POINT ( 'NONE',  ( 7.849999999999999645, 160.0000000000000000, -5.500000000000000000 ) ) ;
#174 = CARTESIAN_POINT ( 'NONE',  ( -5.500000000000000000, -14.38999999999998636, -7.849999999999999645 ) ) ;
#175 = ORIENTED_EDGE ( 'NONE', *, *, #1345, .F. ) ;
#176 = MECHANICAL_DESIGN_GEOMETRIC_PRESENTATION_REPRESENTATION (  '', ( #1092 ), #1878 ) ;
#177 =( GEOMETRIC_REPRESENTATION_CONTEXT ( 3 ) GLOBAL_UNCERTAINTY_ASSIGNED_CONTEXT ( ( #683 ) ) GLOBAL_UNIT_ASSIGNED_CONTEXT ( ( #3694, #3904, #4174 ) ) REPRESENTATION_CONTEXT ( 'NONE', 'WORKASPACE' ) );
#178 = DIRECTION ( 'NONE',  ( 0.000000000000000000, 0.000000000000000000, -1.000000000000000000 ) ) ;
#179 = CARTESIAN_POINT ( 'NONE',  ( 6.626345596729049880, 160.0000000000000000, -5.000000000000000000 ) ) ;
#180 = AXIS2_PLACEMENT_3D ( 'NONE', #4535, #950, #2808 ) ;
#181 = ORIENTED_EDGE ( 'NONE', *, *, #2685, .T. ) ;
#182 = DIRECTION ( 'NONE',  ( 0.000000000000000000, 0.000000000000000000, -1.000000000000000000 ) ) ;
#183 = DIRECTION ( 'NONE',  ( 0.000000000000000000, 0.000000000000000000, -1.000000000000000000 ) ) ;
#184 = STYLED_ITEM ( 'NONE', ( #4406 ), #3881 ) ;
#185 = PRESENTATION_STYLE_ASSIGNMENT (( #3477 ) ) ;
#186 = LINE ( 'NONE', #3118, #1014 ) ;
#187 = ORIENTED_EDGE ( 'NONE', *, *, #3436, .T. ) ;
#188 = UNCERTAINTY_MEASURE_WITH_UNIT (LENGTH_MEASURE( 1.000000000000000082E-05 ), #133, 'distance_accuracy_value', 'NONE');
#189 = AXIS2_PLACEMENT_3D ( 'NONE', #631, #2004, #2051 ) ;
#190 = CIRCLE ( 'NONE', #4132, 0.4999999999999978351 ) ;
#191 = ADVANCED_FACE ( 'NONE', ( #1485, #1104 ), #337, .F. ) ;
#192 = CARTESIAN_POINT ( 'NONE',  ( -5.500000000000000000, 160.0000000000000000, -6.419238815542509968 ) ) ;
#193 = DIRECTION ( 'NONE',  ( 0.000000000000000000, 0.000000000000000000, 1.000000000000000000 ) ) ;
#194 = PRESENTATION_STYLE_ASSIGNMENT (( #3208 ) ) ;
#195 = ORIENTED_EDGE ( 'NONE', *, *, #1623, .T. ) ;
#196 = CARTESIAN_POINT ( 'NONE',  ( -5.353553390593270400, 160.0000000000000000, 6.272792206135780368 ) ) ;
#197 = DIRECTION ( 'NONE',  ( -0.000000000000000000, 1.000000000000000000, -0.000000000000000000 ) ) ;
#198 = EDGE_CURVE ( 'NONE', #2750, #4466, #4240, .T. ) ;
#199 = SURFACE_STYLE_USAGE ( .BOTH. , #3814 ) ;
#200 =( GEOMETRIC_REPRESENTATION_CONTEXT ( 3 ) GLOBAL_UNCERTAINTY_ASSIGNED_CONTEXT ( ( #3028 ) ) GLOBAL_UNIT_ASSIGNED_CONTEXT ( ( #779, #28, #3290 ) ) REPRESENTATION_CONTEXT ( 'NONE', 'WORKASPACE' ) );
#201 = CARTESIAN_POINT ( 'NONE',  ( -3.100000000000000089, -160.0000000000000000, 9.500000000000000000 ) ) ;
#202 = VECTOR ( 'NONE', #321, 1000.000000000000000 ) ;
#203 = FILL_AREA_STYLE ('',( #577 ) ) ;
#204 = ORIENTED_EDGE ( 'NONE', *, *, #3078, .T. ) ;
#205 = PRESENTATION_STYLE_ASSIGNMENT (( #1268 ) ) ;
#206 = VERTEX_POINT ( 'NONE', #2132 ) ;
#207 =( LENGTH_UNIT ( ) NAMED_UNIT ( * ) SI_UNIT ( .MILLI., .METRE. ) );
#208 = MECHANICAL_DESIGN_GEOMETRIC_PRESENTATION_REPRESENTATION (  '', ( #2291 ), #4224 ) ;
#209 = DIRECTION ( 'NONE',  ( 0.000000000000000000, 0.000000000000000000, 1.000000000000000000 ) ) ;
#210 = LINE ( 'NONE', #2455, #1314 ) ;
#211 = ORIENTED_EDGE ( 'NONE', *, *, #315, .T. ) ;
#212 = CARTESIAN_POINT ( 'NONE',  ( 6.272792206135780368, -160.0000000000000000, 5.353553390593270400 ) ) ;
#213 = STYLED_ITEM ( 'NONE', ( #3623 ), #1359 ) ;
#214 = EDGE_CURVE ( 'NONE', #3604, #891, #3556, .T. ) ;
#215 =( NAMED_UNIT ( * ) PLANE_ANGLE_UNIT ( ) SI_UNIT ( $, .RADIAN. ) );
#216 = DIRECTION ( 'NONE',  ( 0.000000000000000000, 0.000000000000000000, -1.000000000000000000 ) ) ;
#217 = ORIENTED_EDGE ( 'NONE', *, *, #3264, .T. ) ;
#218 = FILL_AREA_STYLE ('',( #3839 ) ) ;
#219 = SURFACE_STYLE_USAGE ( .BOTH. , #2447 ) ;
#220 = EDGE_CURVE ( 'NONE', #2079, #170, #276, .T. ) ;
#221 = VERTEX_POINT ( 'NONE', #3930 ) ;
#222 = AXIS2_PLACEMENT_3D ( 'NONE', #3434, #3381, #3023 ) ;
#223 = CARTESIAN_POINT ( 'NONE',  ( 4.046446609406742390, -14.38999999999998636, 3.127207793864281715 ) ) ;
#224 = DIRECTION ( 'NONE',  ( 0.000000000000000000, 0.000000000000000000, -1.000000000000000000 ) ) ;
#225 = AXIS2_PLACEMENT_3D ( 'NONE', #1819, #689, #382 ) ;
#226 = CARTESIAN_POINT ( 'NONE',  ( 3.100000000000000089, 160.0000000000000000, 9.500000000000000000 ) ) ;
#227 = DIRECTION ( 'NONE',  ( 0.000000000000000000, 0.000000000000000000, -1.000000000000000000 ) ) ;
#228 = ORIENTED_EDGE ( 'NONE', *, *, #309, .F. ) ;
#229 =( NAMED_UNIT ( * ) PLANE_ANGLE_UNIT ( ) SI_UNIT ( $, .RADIAN. ) );
#230 = SURFACE_STYLE_USAGE ( .BOTH. , #401 ) ;
#231 = DIRECTION ( 'NONE',  ( 0.000000000000000000, -1.000000000000000000, 0.000000000000000000 ) ) ;
#232 = APPLICATION_CONTEXT ( 'automotive_design' ) ;
#233 = MECHANICAL_DESIGN_GEOMETRIC_PRESENTATION_REPRESENTATION (  '', ( #1639 ), #3141 ) ;
#234 = CARTESIAN_POINT ( 'NONE',  ( 5.200000000000007283, -9.590000000000106439, -2.600000000000453060 ) ) ;
#235 = VERTEX_POINT ( 'NONE', #1429 ) ;
#236 = UNCERTAINTY_MEASURE_WITH_UNIT (LENGTH_MEASURE( 1.000000000000000082E-05 ), #3242, 'distance_accuracy_value', 'NONE');
#237 = CARTESIAN_POINT ( 'NONE',  ( -3.600000000000000089, -14.38999999999998636, 8.849999999999999645 ) ) ;
#238 = DIRECTION ( 'NONE',  ( -0.7071067811865421326, 0.000000000000000000, -0.7071067811865530128 ) ) ;
#239 = STYLED_ITEM ( 'NONE', ( #3199 ), #2282 ) ;
#240 = LINE ( 'NONE', #2461, #3674 ) ;
#241 = CARTESIAN_POINT ( 'NONE',  ( -5.499999999999997335, -14.38999999999998636, 6.626345596729049880 ) ) ;
#242 = CYLINDRICAL_SURFACE ( 'NONE', #4110, 0.5000000000000004441 ) ;
#243 = CARTESIAN_POINT ( 'NONE',  ( 9.500000000000000000, -14.38999999999998636, -3.600000000000000089 ) ) ;
#244 = EDGE_LOOP ( 'NONE', ( #3210, #1988, #228, #2026 ) ) ;
#245 = VERTEX_POINT ( 'NONE', #2887 ) ;
#246 = LINE ( 'NONE', #1740, #1871 ) ;
#247 = SURFACE_SIDE_STYLE ('',( #1390 ) ) ;
#248 = EDGE_CURVE ( 'NONE', #3475, #761, #785, .T. ) ;
#249 = CIRCLE ( 'NONE', #1024, 1.000000000000000888 ) ;
#250 = EDGE_LOOP ( 'NONE', ( #3577, #3164, #3279, #3735 ) ) ;
#251 = DIRECTION ( 'NONE',  ( -2.628368902995180761E-16, 0.000000000000000000, 1.000000000000000000 ) ) ;
#252 = EDGE_CURVE ( 'NONE', #1964, #3172, #3973, .T. ) ;
#253 = CARTESIAN_POINT ( 'NONE',  ( 7.849999999999999645, -14.38999999999998636, 5.000000000000000000 ) ) ;
#254 = CIRCLE ( 'NONE', #581, 0.5000000000000004441 ) ;
#255 = FILL_AREA_STYLE_COLOUR ( '', #4325 ) ;
#256 = PLANE ( 'NONE',  #4562 ) ;
#257 = VERTEX_POINT ( 'NONE', #4089 ) ;
#258 = CARTESIAN_POINT ( 'NONE',  ( -5.500000000000000000, 160.0000000000000000, -7.849999999999999645 ) ) ;
#259 =( LENGTH_UNIT ( ) NAMED_UNIT ( * ) SI_UNIT ( .MILLI., .METRE. ) );
#260 = AXIS2_PLACEMENT_3D ( 'NONE', #4364, #4339, #1107 ) ;
#261 = DIRECTION ( 'NONE',  ( 0.000000000000000000, 0.000000000000000000, 1.000000000000000000 ) ) ;
#262 = VECTOR ( 'NONE', #1215, 1000.000000000000000 ) ;
#263 = ORIENTED_EDGE ( 'NONE', *, *, #4370, .T. ) ;
#264 = FILL_AREA_STYLE_COLOUR ( '', #1022 ) ;
#265 = PRESENTATION_LAYER_ASSIGNMENT (  '', '', ( #1750 ) ) ;
#266 = DIRECTION ( 'NONE',  ( 0.000000000000000000, -1.000000000000000000, 0.000000000000000000 ) ) ;
#267 = CARTESIAN_POINT ( 'NONE',  ( -3.600000000000000089, -14.38999999999998636, -10.00000000000000000 ) ) ;
#268 = ORIENTED_EDGE ( 'NONE', *, *, #463, .T. ) ;
#269 = DIRECTION ( 'NONE',  ( 0.000000000000000000, 0.000000000000000000, -1.000000000000000000 ) ) ;
#270 = EDGE_CURVE ( 'NONE', #4065, #1372, #2683, .T. ) ;
#271 = FILL_AREA_STYLE ('',( #1827 ) ) ;
#272 = CIRCLE ( 'NONE', #592, 0.5000000000000000000 ) ;
#273 = STYLED_ITEM ( 'NONE', ( #4075 ), #1720 ) ;
#274 = EDGE_CURVE ( 'NONE', #1577, #1057, #4068, .T. ) ;
#275 = VERTEX_POINT ( 'NONE', #2611 ) ;
#276 =( BOUNDED_CURVE ( )  B_SPLINE_CURVE ( 3, ( #1798, #3232, #4654, #4316 ),
 .UNSPECIFIED., .F., .T. ) 
 B_SPLINE_CURVE_WITH_KNOTS ( ( 4, 4 ),
 ( 4.712388980384689674, 7.853981633974482790 ),
 .UNSPECIFIED. ) 
 CURVE ( )  GEOMETRIC_REPRESENTATION_ITEM ( )  RATIONAL_B_SPLINE_CURVE ( ( 1.000000000000000000, 0.3333333333333333703, 0.3333333333333333703, 1.000000000000000000 ) ) 
 REPRESENTATION_ITEM ( '' )  );
#277 = EDGE_CURVE ( 'NONE', #1882, #4141, #1781, .T. ) ;
#278 = ORIENTED_EDGE ( 'NONE', *, *, #2210, .F. ) ;
#279 = UNCERTAINTY_MEASURE_WITH_UNIT (LENGTH_MEASURE( 1.000000000000000082E-05 ), #1551, 'distance_accuracy_value', 'NONE');
#280 = DIRECTION ( 'NONE',  ( 0.000000000000000000, -1.000000000000000000, 0.000000000000000000 ) ) ;
#281 = DIRECTION ( 'NONE',  ( 0.000000000000000000, 0.000000000000000000, -1.000000000000000000 ) ) ;
#282 = EDGE_CURVE ( 'NONE', #2891, #2201, #93, .T. ) ;
#283 = DIRECTION ( 'NONE',  ( 0.000000000000000000, 0.000000000000000000, -1.000000000000000000 ) ) ;
#284 = FILL_AREA_STYLE_COLOUR ( '', #3593 ) ;
#285 = EDGE_LOOP ( 'NONE', ( #4561, #3928, #3657, #3013 ) ) ;
#286 =( NAMED_UNIT ( * ) PLANE_ANGLE_UNIT ( ) SI_UNIT ( $, .RADIAN. ) );
#287 = SURFACE_STYLE_USAGE ( .BOTH. , #1059 ) ;
#288 =( NAMED_UNIT ( * ) SI_UNIT ( $, .STERADIAN. ) SOLID_ANGLE_UNIT ( ) );
#289 = FILL_AREA_STYLE_COLOUR ( '', #3313 ) ;
#290 = AXIS2_PLACEMENT_3D ( 'NONE', #2621, #2672, #4119 ) ;
#291 = DIRECTION ( 'NONE',  ( 0.000000000000000000, -1.000000000000000000, 0.000000000000000000 ) ) ;
#292 = CARTESIAN_POINT ( 'NONE',  ( -10.00000000000000000, -14.38999999999998636, -3.600000000000000089 ) ) ;
#293 = ORIENTED_EDGE ( 'NONE', *, *, #1692, .T. ) ;
#294 =( NAMED_UNIT ( * ) SI_UNIT ( $, .STERADIAN. ) SOLID_ANGLE_UNIT ( ) );
#295 = LINE ( 'NONE', #1043, #310 ) ;
#296 =( NAMED_UNIT ( * ) SI_UNIT ( $, .STERADIAN. ) SOLID_ANGLE_UNIT ( ) );
#297 = CARTESIAN_POINT ( 'NONE',  ( 8.349999999999999645, -160.0000000000000000, -5.000000000000000000 ) ) ;
#298 = ORIENTED_EDGE ( 'NONE', *, *, #2596, .T. ) ;
#299 =( GEOMETRIC_REPRESENTATION_CONTEXT ( 3 ) GLOBAL_UNCERTAINTY_ASSIGNED_CONTEXT ( ( #3386 ) ) GLOBAL_UNIT_ASSIGNED_CONTEXT ( ( #4097, #75, #1590 ) ) REPRESENTATION_CONTEXT ( 'NONE', 'WORKASPACE' ) );
#300 = ORIENTED_EDGE ( 'NONE', *, *, #2865, .F. ) ;
#301 = SURFACE_SIDE_STYLE ('',( #2192 ) ) ;
#302 =( GEOMETRIC_REPRESENTATION_CONTEXT ( 3 ) GLOBAL_UNCERTAINTY_ASSIGNED_CONTEXT ( ( #2828 ) ) GLOBAL_UNIT_ASSIGNED_CONTEXT ( ( #3526, #663, #4216 ) ) REPRESENTATION_CONTEXT ( 'NONE', 'WORKASPACE' ) );
#303 = CIRCLE ( 'NONE', #2997, 0.5000000000000004441 ) ;
#304 = VERTEX_POINT ( 'NONE', #3030 ) ;
#305 = CYLINDRICAL_SURFACE ( 'NONE', #222, 2.600000000000000089 ) ;
#306 = SURFACE_STYLE_USAGE ( .BOTH. , #1010 ) ;
#307 = AXIS2_PLACEMENT_3D ( 'NONE', #4077, #1953, #2018 ) ;
#308 = CARTESIAN_POINT ( 'NONE',  ( -3.100000000000000089, 160.0000000000000000, -8.849999999999999645 ) ) ;
#309 = EDGE_CURVE ( 'NONE', #3772, #1127, #2165, .T. ) ;
#310 = VECTOR ( 'NONE', #4635, 1000.000000000000000 ) ;
#311 = VECTOR ( 'NONE', #2735, 1000.000000000000000 ) ;
#312 = ORIENTED_EDGE ( 'NONE', *, *, #641, .F. ) ;
#313 = CARTESIAN_POINT ( 'NONE',  ( 1.015776968710863569E-14, -4.390000000000112479, -2.600000000000452172 ) ) ;
#314 = CARTESIAN_POINT ( 'NONE',  ( 6.626345596729049880, -14.38999999999998636, -5.000000000000000000 ) ) ;
#315 = EDGE_CURVE ( 'NONE', #2271, #1577, #3283, .T. ) ;
#316 =( NAMED_UNIT ( * ) SI_UNIT ( $, .STERADIAN. ) SOLID_ANGLE_UNIT ( ) );
#317 = VERTEX_POINT ( 'NONE', #4039 ) ;
#318 = CARTESIAN_POINT ( 'NONE',  ( 5.353553390593270400, -14.38999999999998636, -6.272792206135779480 ) ) ;
#319 =( NAMED_UNIT ( * ) SI_UNIT ( $, .STERADIAN. ) SOLID_ANGLE_UNIT ( ) );
#320 = DIRECTION ( 'NONE',  ( 1.000000000000000000, 0.000000000000000000, 2.246165255886149975E-15 ) ) ;
#321 = DIRECTION ( 'NONE',  ( 0.000000000000000000, -1.000000000000000000, 0.000000000000000000 ) ) ;
#322 = VERTEX_POINT ( 'NONE', #4015 ) ;
#323 = ORIENTED_EDGE ( 'NONE', *, *, #2592, .T. ) ;
#324 = DIRECTION ( 'NONE',  ( -1.000000000000000000, -0.000000000000000000, 9.637352644315589080E-17 ) ) ;
#325 =( GEOMETRIC_REPRESENTATION_CONTEXT ( 3 ) GLOBAL_UNCERTAINTY_ASSIGNED_CONTEXT ( ( #2545 ) ) GLOBAL_UNIT_ASSIGNED_CONTEXT ( ( #4523, #819, #3091 ) ) REPRESENTATION_CONTEXT ( 'NONE', 'WORKASPACE' ) );
#326 = ORIENTED_EDGE ( 'NONE', *, *, #1594, .F. ) ;
#327 = UNCERTAINTY_MEASURE_WITH_UNIT (LENGTH_MEASURE( 1.000000000000000082E-05 ), #3927, 'distance_accuracy_value', 'NONE');
#328 = SURFACE_SIDE_STYLE ('',( #3572 ) ) ;
#329 = CARTESIAN_POINT ( 'NONE',  ( 3.600000000000000089, -14.38999999999998636, -10.00000000000000000 ) ) ;
#330 = SURFACE_STYLE_FILL_AREA ( #378 ) ;
#331 = LINE ( 'NONE', #1099, #2531 ) ;
#332 = AXIS2_PLACEMENT_3D ( 'NONE', #1794, #4650, #1424 ) ;
#333 = DIRECTION ( 'NONE',  ( 0.7071067811865425767, 0.000000000000000000, 0.7071067811865525687 ) ) ;
#334 = ORIENTED_EDGE ( 'NONE', *, *, #252, .T. ) ;
#335 = EDGE_CURVE ( 'NONE', #1530, #4466, #3389, .T. ) ;
#336 = PRESENTATION_STYLE_ASSIGNMENT (( #1484 ) ) ;
#337 = PLANE ( 'NONE',  #790 ) ;
#338 = SURFACE_SIDE_STYLE ('',( #1845 ) ) ;
#339 = ORIENTED_EDGE ( 'NONE', *, *, #3053, .F. ) ;
#340 = EDGE_CURVE ( 'NONE', #2271, #3179, #812, .T. ) ;
#341 = DIRECTION ( 'NONE',  ( 0.000000000000000000, -1.000000000000000000, 0.000000000000000000 ) ) ;
#342 = CARTESIAN_POINT ( 'NONE',  ( 3.899999999999999911, -4.390000000000108926, -9.123927062264385397E-13 ) ) ;
#343 = FILL_AREA_STYLE ('',( #3917 ) ) ;
#344 = DIRECTION ( 'NONE',  ( -0.000000000000000000, 1.000000000000000000, -0.000000000000000000 ) ) ;
#345 = VERTEX_POINT ( 'NONE', #3341 ) ;
#346 = CIRCLE ( 'NONE', #1681, 0.5000000000000000000 ) ;
#347 = STYLED_ITEM ( 'NONE', ( #3047 ), #1952 ) ;
#348 = CARTESIAN_POINT ( 'NONE',  ( -6.272792206135780368, 160.0000000000000000, 5.353553390593279282 ) ) ;
#349 = FILL_AREA_STYLE ('',( #1945 ) ) ;
#350 = CARTESIAN_POINT ( 'NONE',  ( 6.626345596729049880, 160.0000000000000000, 5.000000000000000000 ) ) ;
#351 =( NAMED_UNIT ( * ) SI_UNIT ( $, .STERADIAN. ) SOLID_ANGLE_UNIT ( ) );
#352 = STYLED_ITEM ( 'NONE', ( #1238 ), #4657 ) ;
#353 = CIRCLE ( 'NONE', #981, 0.4999999999999965583 ) ;
#354 =( GEOMETRIC_REPRESENTATION_CONTEXT ( 3 ) GLOBAL_UNCERTAINTY_ASSIGNED_CONTEXT ( ( #2220 ) ) GLOBAL_UNIT_ASSIGNED_CONTEXT ( ( #2140, #2870, #3542 ) ) REPRESENTATION_CONTEXT ( 'NONE', 'WORKASPACE' ) );
#355 = EDGE_LOOP ( 'NONE', ( #3191, #3131, #1415, #407 ) ) ;
#356 = SURFACE_STYLE_FILL_AREA ( #728 ) ;
#357 =( NAMED_UNIT ( * ) SI_UNIT ( $, .STERADIAN. ) SOLID_ANGLE_UNIT ( ) );
#358 = VERTEX_POINT ( 'NONE', #3324 ) ;
#359 = EDGE_CURVE ( 'NONE', #4652, #2271, #4440, .T. ) ;
#360 = CARTESIAN_POINT ( 'NONE',  ( 7.849999999999999645, 160.0000000000000000, 5.000000000000000000 ) ) ;
#361 = DIRECTION ( 'NONE',  ( 0.000000000000000000, 0.000000000000000000, -1.000000000000000000 ) ) ;
#362 =( NAMED_UNIT ( * ) SI_UNIT ( $, .STERADIAN. ) SOLID_ANGLE_UNIT ( ) );
#363 = CARTESIAN_POINT ( 'NONE',  ( 3.100000000000000089, 160.0000000000000000, 8.849999999999999645 ) ) ;
#364 = PRESENTATION_LAYER_ASSIGNMENT (  '', '', ( #2291 ) ) ;
#365 = ORIENTED_EDGE ( 'NONE', *, *, #3078, .F. ) ;
#366 = DIRECTION ( 'NONE',  ( 0.000000000000000000, 0.000000000000000000, -1.000000000000000000 ) ) ;
#367 = SURFACE_STYLE_FILL_AREA ( #749 ) ;
#368 = FILL_AREA_STYLE_COLOUR ( '', #3553 ) ;
#369 = EDGE_CURVE ( 'NONE', #149, #3979, #3692, .T. ) ;
#370 = ORIENTED_EDGE ( 'NONE', *, *, #3406, .T. ) ;
#371 = CARTESIAN_POINT ( 'NONE',  ( 6.626345596729049880, -160.0000000000000000, -5.500000000000000000 ) ) ;
#372 = PRESENTATION_STYLE_ASSIGNMENT (( #2172 ) ) ;
#373 = EDGE_CURVE ( 'NONE', #3979, #2522, #4112, .T. ) ;
#374 =( LENGTH_UNIT ( ) NAMED_UNIT ( * ) SI_UNIT ( .MILLI., .METRE. ) );
#375 = ORIENTED_EDGE ( 'NONE', *, *, #433, .F. ) ;
#376 = UNCERTAINTY_MEASURE_WITH_UNIT (LENGTH_MEASURE( 1.000000000000000082E-05 ), #416, 'distance_accuracy_value', 'NONE');
#377 =( GEOMETRIC_REPRESENTATION_CONTEXT ( 3 ) GLOBAL_UNCERTAINTY_ASSIGNED_CONTEXT ( ( #1200 ) ) GLOBAL_UNIT_ASSIGNED_CONTEXT ( ( #867, #2925, #1281 ) ) REPRESENTATION_CONTEXT ( 'NONE', 'WORKASPACE' ) );
#378 = FILL_AREA_STYLE ('',( #2934 ) ) ;
#379 = CARTESIAN_POINT ( 'NONE',  ( 5.000000000000000000, -14.38999999999998636, -7.849999999999999645 ) ) ;
#380 = STYLED_ITEM ( 'NONE', ( #3591 ), #3368 ) ;
#381 = ORIENTED_EDGE ( 'NONE', *, *, #804, .T. ) ;
#382 = DIRECTION ( 'NONE',  ( 0.000000000000000000, 0.000000000000000000, 1.000000000000000000 ) ) ;
#383 = PRESENTATION_LAYER_ASSIGNMENT (  '', '', ( #707 ) ) ;
#384 = VECTOR ( 'NONE', #4415, 1000.000000000000000 ) ;
#385 = VECTOR ( 'NONE', #4529, 1000.000000000000000 ) ;
#386 =( NAMED_UNIT ( * ) PLANE_ANGLE_UNIT ( ) SI_UNIT ( $, .RADIAN. ) );
#387 = ORIENTED_EDGE ( 'NONE', *, *, #2626, .T. ) ;
#388 = DIRECTION ( 'NONE',  ( 0.000000000000000000, -1.000000000000000000, 0.000000000000000000 ) ) ;
#389 = DIRECTION ( 'NONE',  ( 1.668003342285391304E-16, 0.000000000000000000, -1.000000000000000000 ) ) ;
#390 = PRESENTATION_LAYER_ASSIGNMENT (  '', '', ( #3732 ) ) ;
#391 = EDGE_CURVE ( 'NONE', #697, #1475, #2267, .T. ) ;
#392 = VERTEX_POINT ( 'NONE', #65 ) ;
#393 = CARTESIAN_POINT ( 'NONE',  ( 5.500000000000000000, 160.0000000000000000, -8.349999999999999645 ) ) ;
#394 = COLOUR_RGB ( '',0.8941176470588234615, 0.9137254901960784048, 0.9294117647058823817 ) ;
#395 = EDGE_CURVE ( 'NONE', #1376, #2750, #840, .T. ) ;
#396 = FILL_AREA_STYLE ('',( #1119 ) ) ;
#397 = CYLINDRICAL_SURFACE ( 'NONE', #2733, 0.5000000000000000000 ) ;
#398 =( NAMED_UNIT ( * ) PLANE_ANGLE_UNIT ( ) SI_UNIT ( $, .RADIAN. ) );
#399 = VERTEX_POINT ( 'NONE', #4410 ) ;
#400 = EDGE_CURVE ( 'NONE', #946, #1808, #1939, .T. ) ;
#401 = SURFACE_SIDE_STYLE ('',( #4107 ) ) ;
#402 = FILL_AREA_STYLE ('',( #3730 ) ) ;
#403 = DIRECTION ( 'NONE',  ( -1.000000000000000000, 0.000000000000000000, 1.454933294406559718E-16 ) ) ;
#404 = CARTESIAN_POINT ( 'NONE',  ( -3.600000000000000089, 160.0000000000000000, 8.349999999999999645 ) ) ;
#405 = AXIS2_PLACEMENT_3D ( 'NONE', #2740, #1759, #3144 ) ;
#406 = DIRECTION ( 'NONE',  ( 0.000000000000000000, 0.000000000000000000, 1.000000000000000000 ) ) ;
#407 = ORIENTED_EDGE ( 'NONE', *, *, #993, .T. ) ;
#408 = DIRECTION ( 'NONE',  ( 0.000000000000000000, -1.000000000000000000, 0.000000000000000000 ) ) ;
#409 = DIRECTION ( 'NONE',  ( 8.173216377198417070E-15, 0.000000000000000000, 1.000000000000000000 ) ) ;
#410 = PRESENTATION_STYLE_ASSIGNMENT (( #2641 ) ) ;
#411 = SURFACE_STYLE_USAGE ( .BOTH. , #1037 ) ;
#412 = STYLED_ITEM ( 'NONE', ( #3117 ), #4309 ) ;
#413 = CARTESIAN_POINT ( 'NONE',  ( 3.600000000000000089, 160.0000000000000000, -9.500000000000000000 ) ) ;
#414 = CARTESIAN_POINT ( 'NONE',  ( -8.349999999999999645, 160.0000000000000000, 5.500000000000000000 ) ) ;
#415 = ORIENTED_EDGE ( 'NONE', *, *, #1692, .F. ) ;
#416 =( LENGTH_UNIT ( ) NAMED_UNIT ( * ) SI_UNIT ( .MILLI., .METRE. ) );
#417 = AXIS2_PLACEMENT_3D ( 'NONE', #1334, #1363, #543 ) ;
#418 = PRESENTATION_STYLE_ASSIGNMENT (( #2970 ) ) ;
#419 = ORIENTED_EDGE ( 'NONE', *, *, #2703, .F. ) ;
#420 = VECTOR ( 'NONE', #3664, 1000.000000000000114 ) ;
#421 =( LENGTH_UNIT ( ) NAMED_UNIT ( * ) SI_UNIT ( .MILLI., .METRE. ) );
#422 = DIRECTION ( 'NONE',  ( -1.000000000000000000, 0.000000000000000000, -2.168404344971010446E-15 ) ) ;
#423 = COLOUR_RGB ( '',0.8941176470588234615, 0.9137254901960784048, 0.9294117647058823817 ) ;
#424 =( GEOMETRIC_REPRESENTATION_CONTEXT ( 3 ) GLOBAL_UNCERTAINTY_ASSIGNED_CONTEXT ( ( #4556 ) ) GLOBAL_UNIT_ASSIGNED_CONTEXT ( ( #53, #4051, #2358 ) ) REPRESENTATION_CONTEXT ( 'NONE', 'WORKASPACE' ) );
#425 = ADVANCED_FACE ( 'NONE', ( #4384 ), #2961, .T. ) ;
#426 = FILL_AREA_STYLE_COLOUR ( '', #3843 ) ;
#427 = CARTESIAN_POINT ( 'NONE',  ( 4.046446609406749495, 160.0000000000000000, -3.127207793864275054 ) ) ;
#428 = ORIENTED_EDGE ( 'NONE', *, *, #2373, .F. ) ;
#429 = PLANE ( 'NONE',  #1464 ) ;
#430 = UNCERTAINTY_MEASURE_WITH_UNIT (LENGTH_MEASURE( 1.000000000000000082E-05 ), #598, 'distance_accuracy_value', 'NONE');
#431 = VECTOR ( 'NONE', #193, 1000.000000000000000 ) ;
#432 = DIRECTION ( 'NONE',  ( 0.000000000000000000, -1.000000000000000000, 0.000000000000000000 ) ) ;
#433 = EDGE_CURVE ( 'NONE', #3143, #4606, #2075, .T. ) ;
#434 = VECTOR ( 'NONE', #2793, 1000.000000000000000 ) ;
#435 = FACE_OUTER_BOUND ( 'NONE', #3997, .T. ) ;
#436 = CARTESIAN_POINT ( 'NONE',  ( -2.773654403270995328, -14.38999999999998636, -3.900000000000008793 ) ) ;
#437 = CARTESIAN_POINT ( 'NONE',  ( -9.000000000000000000, 160.0000000000000000, -9.000000000000000000 ) ) ;
#438 = ORIENTED_EDGE ( 'NONE', *, *, #2024, .F. ) ;
#439 = UNCERTAINTY_MEASURE_WITH_UNIT (LENGTH_MEASURE( 1.000000000000000082E-05 ), #2379, 'distance_accuracy_value', 'NONE');
#440 = PRESENTATION_STYLE_ASSIGNMENT (( #3691 ) ) ;
#441 = SURFACE_STYLE_FILL_AREA ( #793 ) ;
#442 = EDGE_CURVE ( 'NONE', #275, #2811, #3506, .T. ) ;
#443 = CARTESIAN_POINT ( 'NONE',  ( 1.015776968710863569E-14, -4.390000000000112479, -2.600000000000452172 ) ) ;
#444 = LINE ( 'NONE', #3713, #826 ) ;
#445 = ORIENTED_EDGE ( 'NONE', *, *, #964, .T. ) ;
#446 = DIRECTION ( 'NONE',  ( 0.000000000000000000, -1.000000000000000000, 0.000000000000000000 ) ) ;
#447 = AXIS2_PLACEMENT_3D ( 'NONE', #4510, #2294, #3301 ) ;
#448 = FACE_OUTER_BOUND ( 'NONE', #2824, .T. ) ;
#449 = ORIENTED_EDGE ( 'NONE', *, *, #2109, .F. ) ;
#450 = PRESENTATION_STYLE_ASSIGNMENT (( #4475 ) ) ;
#451 = CARTESIAN_POINT ( 'NONE',  ( -5.500000000000000000, 160.0000000000000000, -8.349999999999999645 ) ) ;
#452 = AXIS2_PLACEMENT_3D ( 'NONE', #1086, #2553, #1437 ) ;
#453 = PRESENTATION_STYLE_ASSIGNMENT (( #828 ) ) ;
#454 = ORIENTED_EDGE ( 'NONE', *, *, #1100, .F. ) ;
#455 = CARTESIAN_POINT ( 'NONE',  ( -3.100000000000000089, 160.0000000000000000, 8.349999999999999645 ) ) ;
#456 = FACE_BOUND ( 'NONE', #4006, .T. ) ;
#457 = DIRECTION ( 'NONE',  ( 0.000000000000000000, -1.000000000000000000, 0.000000000000000000 ) ) ;
#458 = COLOUR_RGB ( '',0.8941176470588234615, 0.9137254901960784048, 0.9294117647058823817 ) ;
#459 = DIRECTION ( 'NONE',  ( 0.000000000000000000, 0.000000000000000000, -1.000000000000000000 ) ) ;
#460 = VERTEX_POINT ( 'NONE', #538 ) ;
#461 =( NAMED_UNIT ( * ) SI_UNIT ( $, .STERADIAN. ) SOLID_ANGLE_UNIT ( ) );
#462 = PRESENTATION_STYLE_ASSIGNMENT (( #4069 ) ) ;
#463 = EDGE_CURVE ( 'NONE', #4081, #3566, #1354, .T. ) ;
#464 = VECTOR ( 'NONE', #403, 1000.000000000000000 ) ;
#465 = VECTOR ( 'NONE', #2052, 1000.000000000000000 ) ;
#466 = DIRECTION ( 'NONE',  ( 0.000000000000000000, 0.000000000000000000, -1.000000000000000000 ) ) ;
#467 = AXIS2_PLACEMENT_3D ( 'NONE', #2473, #3893, #224 ) ;
#468 = DIRECTION ( 'NONE',  ( -0.7071067811865594521, 0.000000000000000000, 0.7071067811865354713 ) ) ;
#469 = ORIENTED_EDGE ( 'NONE', *, *, #2203, .T. ) ;
#470 = ORIENTED_EDGE ( 'NONE', *, *, #2929, .F. ) ;
#471 = CARTESIAN_POINT ( 'NONE',  ( -9.000000000000000000, 160.0000000000000000, 10.00000000000000000 ) ) ;
#472 = EDGE_CURVE ( 'NONE', #1246, #3179, #2005, .T. ) ;
#473 = PRESENTATION_STYLE_ASSIGNMENT (( #4416 ) ) ;
#474 = STYLED_ITEM ( 'NONE', ( #4186 ), #2921 ) ;
#475 = STYLED_ITEM ( 'NONE', ( #755 ), #2384 ) ;
#476 = ORIENTED_EDGE ( 'NONE', *, *, #3343, .F. ) ;
#477 = VECTOR ( 'NONE', #2712, 1000.000000000000000 ) ;
#478 = DIRECTION ( 'NONE',  ( 0.000000000000000000, 1.000000000000000000, 0.000000000000000000 ) ) ;
#479 = FILL_AREA_STYLE ('',( #3726 ) ) ;
#480 = CARTESIAN_POINT ( 'NONE',  ( 8.849999999999999645, 160.0000000000000000, 3.100000000000000089 ) ) ;
#481 = AXIS2_PLACEMENT_3D ( 'NONE', #60, #3384, #4361 ) ;
#482 = DIRECTION ( 'NONE',  ( -0.000000000000000000, 1.000000000000000000, -0.000000000000000000 ) ) ;
#483 = EDGE_LOOP ( 'NONE', ( #3525, #4328, #1825, #2513 ) ) ;
#484 =( NAMED_UNIT ( * ) SI_UNIT ( $, .STERADIAN. ) SOLID_ANGLE_UNIT ( ) );
#485 = UNCERTAINTY_MEASURE_WITH_UNIT (LENGTH_MEASURE( 1.000000000000000082E-05 ), #958, 'distance_accuracy_value', 'NONE');
#486 = CARTESIAN_POINT ( 'NONE',  ( -7.849999999999999645, 160.0000000000000000, -5.500000000000000000 ) ) ;
#487 = DIRECTION ( 'NONE',  ( 0.000000000000000000, -1.000000000000000000, 0.000000000000000000 ) ) ;
#488 = LINE ( 'NONE', #3383, #1082 ) ;
#489 = DIRECTION ( 'NONE',  ( 0.000000000000000000, 0.000000000000000000, 1.000000000000000000 ) ) ;
#490 = EDGE_LOOP ( 'NONE', ( #3663, #3716, #3329, #2876 ) ) ;
#491 = EDGE_CURVE ( 'NONE', #392, #2453, #2459, .T. ) ;
#492 = DIRECTION ( 'NONE',  ( -1.000000000000000000, 0.000000000000000000, -1.094500482604936889E-15 ) ) ;
#493 = DIRECTION ( 'NONE',  ( 0.000000000000000000, 0.000000000000000000, 1.000000000000000000 ) ) ;
#494 = EDGE_CURVE ( 'NONE', #2201, #4352, #3878, .T. ) ;
#495 = DIRECTION ( 'NONE',  ( 0.000000000000000000, -1.000000000000000000, 0.000000000000000000 ) ) ;
#496 = ORIENTED_EDGE ( 'NONE', *, *, #3659, .T. ) ;
#497 =( NAMED_UNIT ( * ) SI_UNIT ( $, .STERADIAN. ) SOLID_ANGLE_UNIT ( ) );
#498 = ORIENTED_EDGE ( 'NONE', *, *, #1193, .F. ) ;
#499 = PRESENTATION_LAYER_ASSIGNMENT (  '', '', ( #4194 ) ) ;
#500 = DIRECTION ( 'NONE',  ( 0.000000000000000000, 0.000000000000000000, -1.000000000000000000 ) ) ;
#501 = CARTESIAN_POINT ( 'NONE',  ( 3.900000000000007461, -14.38999999999998636, -2.773654403270999769 ) ) ;
#502 = STYLED_ITEM ( 'NONE', ( #3453 ), #4285 ) ;
#503 = CARTESIAN_POINT ( 'NONE',  ( 1.040834085586083941E-14, -14.38999999999998636, 6.938893903907229955E-15 ) ) ;
#504 = EDGE_CURVE ( 'NONE', #4352, #257, #3100, .T. ) ;
#505 = CARTESIAN_POINT ( 'NONE',  ( -5.000000000000000000, 160.0000000000000000, -8.349999999999999645 ) ) ;
#506 = ORIENTED_EDGE ( 'NONE', *, *, #3413, .T. ) ;
#507 =( NAMED_UNIT ( * ) SI_UNIT ( $, .STERADIAN. ) SOLID_ANGLE_UNIT ( ) );
#508 = EDGE_CURVE ( 'NONE', #2571, #761, #2807, .T. ) ;
#509 = STYLED_ITEM ( 'NONE', ( #3614 ), #1161 ) ;
#510 = PLANE ( 'NONE',  #1640 ) ;
#511 = EDGE_LOOP ( 'NONE', ( #3248, #2617, #1026, #2492 ) ) ;
#512 = CARTESIAN_POINT ( 'NONE',  ( 3.600000000000000089, 160.0000000000000000, 8.849999999999999645 ) ) ;
#513 = FILL_AREA_STYLE ('',( #786 ) ) ;
#514 = LINE ( 'NONE', #2589, #3150 ) ;
#515 = ORIENTED_EDGE ( 'NONE', *, *, #3343, .T. ) ;
#516 = VECTOR ( 'NONE', #1371, 1000.000000000000114 ) ;
#517 = CARTESIAN_POINT ( 'NONE',  ( -10.00000000000000000, 160.0000000000000000, -3.600000000000000089 ) ) ;
#518 =( LENGTH_UNIT ( ) NAMED_UNIT ( * ) SI_UNIT ( .MILLI., .METRE. ) );
#519 = DIRECTION ( 'NONE',  ( 1.000000000000000000, 0.000000000000000000, 6.672013369141570147E-16 ) ) ;
#520 = AXIS2_PLACEMENT_3D ( 'NONE', #2354, #4397, #1641 ) ;
#521 = SURFACE_STYLE_USAGE ( .BOTH. , #3790 ) ;
#522 = PRESENTATION_STYLE_ASSIGNMENT (( #2616 ) ) ;
#523 = VERTEX_POINT ( 'NONE', #1632 ) ;
#524 = SURFACE_SIDE_STYLE ('',( #3397 ) ) ;
#525 = SURFACE_STYLE_FILL_AREA ( #349 ) ;
#526 = ORIENTED_EDGE ( 'NONE', *, *, #4331, .F. ) ;
#527 = CARTESIAN_POINT ( 'NONE',  ( 10.00000000000000000, 160.0000000000000000, 9.000000000000000000 ) ) ;
#528 = DIRECTION ( 'NONE',  ( 0.000000000000000000, 0.000000000000000000, 1.000000000000000000 ) ) ;
#529 = EDGE_CURVE ( 'NONE', #4141, #1133, #905, .T. ) ;
#530 = SURFACE_SIDE_STYLE ('',( #2094 ) ) ;
#531 = ORIENTED_EDGE ( 'NONE', *, *, #529, .T. ) ;
#532 = AXIS2_PLACEMENT_3D ( 'NONE', #4322, #2556, #3892 ) ;
#533 =( NAMED_UNIT ( * ) SI_UNIT ( $, .STERADIAN. ) SOLID_ANGLE_UNIT ( ) );
#534 = AXIS2_PLACEMENT_3D ( 'NONE', #2743, #575, #3128 ) ;
#535 = EDGE_CURVE ( 'NONE', #4606, #1517, #303, .T. ) ;
#536 = ORIENTED_EDGE ( 'NONE', *, *, #948, .F. ) ;
#537 = UNCERTAINTY_MEASURE_WITH_UNIT (LENGTH_MEASURE( 1.000000000000000082E-05 ), #698, 'distance_accuracy_value', 'NONE');
#538 = CARTESIAN_POINT ( 'NONE',  ( -8.349999999999999645, 160.0000000000000000, 3.600000000000000089 ) ) ;
#539 = DIRECTION ( 'NONE',  ( -6.672013369141570147E-16, 0.000000000000000000, 1.000000000000000000 ) ) ;
#540 = FILL_AREA_STYLE ('',( #4584 ) ) ;
#541 = EDGE_LOOP ( 'NONE', ( #2713, #2327, #4056, #2355 ) ) ;
#542 = SURFACE_STYLE_FILL_AREA ( #3105 ) ;
#543 = DIRECTION ( 'NONE',  ( -1.000000000000000000, 0.000000000000000000, 0.000000000000000000 ) ) ;
#544 = VECTOR ( 'NONE', #1531, 1000.000000000000000 ) ;
#545 = VECTOR ( 'NONE', #4701, 1000.000000000000000 ) ;
#546 = ORIENTED_EDGE ( 'NONE', *, *, #4485, .F. ) ;
#547 = CARTESIAN_POINT ( 'NONE',  ( 1.040834085586083941E-14, 160.0000000000000000, 6.938893903907229955E-15 ) ) ;
#548 = AXIS2_PLACEMENT_3D ( 'NONE', #599, #3194, #1694 ) ;
#549 =( NAMED_UNIT ( * ) SI_UNIT ( $, .STERADIAN. ) SOLID_ANGLE_UNIT ( ) );
#550 = CIRCLE ( 'NONE', #1396, 0.5000000000000000000 ) ;
#551 = VECTOR ( 'NONE', #2190, 1000.000000000000000 ) ;
#552 = ADVANCED_FACE ( 'NONE', ( #1703 ), #2885, .T. ) ;
#553 = LINE ( 'NONE', #3870, #3509 ) ;
#554 = ORIENTED_EDGE ( 'NONE', *, *, #3231, .F. ) ;
#555 =( LENGTH_UNIT ( ) NAMED_UNIT ( * ) SI_UNIT ( .MILLI., .METRE. ) );
#556 = DIRECTION ( 'NONE',  ( 0.000000000000000000, 0.000000000000000000, -1.000000000000000000 ) ) ;
#557 = ADVANCED_FACE ( 'NONE', ( #4699 ), #710, .T. ) ;
#558 = CARTESIAN_POINT ( 'NONE',  ( -5.500000000000000000, 160.0000000000000000, 8.349999999999999645 ) ) ;
#559 = ORIENTED_EDGE ( 'NONE', *, *, #3053, .T. ) ;
#560 = CYLINDRICAL_SURFACE ( 'NONE', #447, 2.600000000000000089 ) ;
#561 = DIRECTION ( 'NONE',  ( -0.000000000000000000, 1.000000000000000000, -0.000000000000000000 ) ) ;
#562 = FILL_AREA_STYLE_COLOUR ( '', #1074 ) ;
#563 =( NAMED_UNIT ( * ) SI_UNIT ( $, .STERADIAN. ) SOLID_ANGLE_UNIT ( ) );
#564 = STYLED_ITEM ( 'NONE', ( #3218 ), #837 ) ;
#565 = CARTESIAN_POINT ( 'NONE',  ( -8.349999999999999645, 160.0000000000000000, 3.100000000000000089 ) ) ;
#566 = CARTESIAN_POINT ( 'NONE',  ( 4.046446609406749495, -14.38999999999998636, -3.127207793864275498 ) ) ;
#567 =( LENGTH_UNIT ( ) NAMED_UNIT ( * ) SI_UNIT ( .MILLI., .METRE. ) );
#568 = CARTESIAN_POINT ( 'NONE',  ( 2.773654403270995328, -14.38999999999998636, -4.400000000000000355 ) ) ;
#569 = VERTEX_POINT ( 'NONE', #3026 ) ;
#570 = LINE ( 'NONE', #1362, #2992 ) ;
#571 = DIRECTION ( 'NONE',  ( 0.000000000000000000, -1.000000000000000000, 0.000000000000000000 ) ) ;
#572 = LINE ( 'NONE', #1735, #3835 ) ;
#573 = CARTESIAN_POINT ( 'NONE',  ( 10.00000000000000000, 160.0000000000000000, -9.000000000000000000 ) ) ;
#574 = SURFACE_SIDE_STYLE ('',( #935 ) ) ;
#575 = DIRECTION ( 'NONE',  ( 1.000000000000000000, 0.000000000000000000, -9.637352644315589080E-17 ) ) ;
#576 = COLOUR_RGB ( '',0.8941176470588234615, 0.9137254901960784048, 0.9294117647058823817 ) ;
#577 = FILL_AREA_STYLE_COLOUR ( '', #4441 ) ;
#578 = ORIENTED_EDGE ( 'NONE', *, *, #772, .F. ) ;
#579 = DIRECTION ( 'NONE',  ( 6.672013369141570147E-16, 0.000000000000000000, -1.000000000000000000 ) ) ;
#580 = VECTOR ( 'NONE', #4072, 1000.000000000000000 ) ;
#581 = AXIS2_PLACEMENT_3D ( 'NONE', #2784, #3484, #1705 ) ;
#582 = FILL_AREA_STYLE ('',( #3823 ) ) ;
#583 = ORIENTED_EDGE ( 'NONE', *, *, #2983, .F. ) ;
#584 = FILL_AREA_STYLE_COLOUR ( '', #1853 ) ;
#585 = EDGE_CURVE ( 'NONE', #3374, #4135, #2777, .T. ) ;
#586 = ORIENTED_EDGE ( 'NONE', *, *, #1100, .T. ) ;
#587 = UNCERTAINTY_MEASURE_WITH_UNIT (LENGTH_MEASURE( 1.000000000000000082E-05 ), #1332, 'distance_accuracy_value', 'NONE');
#588 = CARTESIAN_POINT ( 'NONE',  ( -3.600000000000000089, -14.38999999999998636, 9.500000000000000000 ) ) ;
#589 = SURFACE_STYLE_USAGE ( .BOTH. , #1328 ) ;
#590 = VECTOR ( 'NONE', #2375, 1000.000000000000114 ) ;
#591 = EDGE_CURVE ( 'NONE', #3986, #1280, #3282, .T. ) ;
#592 = AXIS2_PLACEMENT_3D ( 'NONE', #788, #6, #2263 ) ;
#593 = DIRECTION ( 'NONE',  ( 2.126487026900388118E-15, 0.000000000000000000, -1.000000000000000000 ) ) ;
#594 = ORIENTED_EDGE ( 'NONE', *, *, #2286, .T. ) ;
#595 = CARTESIAN_POINT ( 'NONE',  ( -6.626345596729059650, 160.0000000000000000, -5.000000000000000000 ) ) ;
#596 = COLOUR_RGB ( '',0.8941176470588234615, 0.9137254901960784048, 0.9294117647058823817 ) ;
#597 = ORIENTED_EDGE ( 'NONE', *, *, #1913, .F. ) ;
#598 =( LENGTH_UNIT ( ) NAMED_UNIT ( * ) SI_UNIT ( .MILLI., .METRE. ) );
#599 = CARTESIAN_POINT ( 'NONE',  ( 5.000000000000000000, 160.0000000000000000, 6.626345596729049880 ) ) ;
#600 = LINE ( 'NONE', #2068, #1117 ) ;
#601 = ORIENTED_EDGE ( 'NONE', *, *, #2360, .T. ) ;
#602 = FILL_AREA_STYLE_COLOUR ( '', #1061 ) ;
#603 = ORIENTED_EDGE ( 'NONE', *, *, #975, .T. ) ;
#604 = DIRECTION ( 'NONE',  ( 0.000000000000000000, 0.000000000000000000, -1.000000000000000000 ) ) ;
#605 = DIRECTION ( 'NONE',  ( 1.000000000000000000, 0.000000000000000000, 2.628368902995180761E-16 ) ) ;
#606 =( NAMED_UNIT ( * ) PLANE_ANGLE_UNIT ( ) SI_UNIT ( $, .RADIAN. ) );
#607 = CARTESIAN_POINT ( 'NONE',  ( -8.349999999999999645, 160.0000000000000000, -5.500000000000000000 ) ) ;
#608 =( GEOMETRIC_REPRESENTATION_CONTEXT ( 3 ) GLOBAL_UNCERTAINTY_ASSIGNED_CONTEXT ( ( #2982 ) ) GLOBAL_UNIT_ASSIGNED_CONTEXT ( ( #3372, #2993, #2595 ) ) REPRESENTATION_CONTEXT ( 'NONE', 'WORKASPACE' ) );
#609 = SURFACE_STYLE_FILL_AREA ( #540 ) ;
#610 = ORIENTED_EDGE ( 'NONE', *, *, #2184, .F. ) ;
#611 = EDGE_CURVE ( 'NONE', #3437, #1214, #3321, .T. ) ;
#612 = CARTESIAN_POINT ( 'NONE',  ( 8.349999999999999645, 160.0000000000000000, 3.100000000000000089 ) ) ;
#613 = LINE ( 'NONE', #1687, #2392 ) ;
#614 = LINE ( 'NONE', #3168, #735 ) ;
#615 = FILL_AREA_STYLE ('',( #4565 ) ) ;
#616 = EDGE_LOOP ( 'NONE', ( #1642, #897, #1834, #3629 ) ) ;
#617 = LINE ( 'NONE', #2089, #4008 ) ;
#618 = EDGE_CURVE ( 'NONE', #2866, #721, #2705, .T. ) ;
#619 = VECTOR ( 'NONE', #655, 1000.000000000000000 ) ;
#620 = DIRECTION ( 'NONE',  ( 0.7071067811865475727, 0.000000000000000000, 0.7071067811865475727 ) ) ;
#621 = SURFACE_SIDE_STYLE ('',( #3472 ) ) ;
#622 = DIRECTION ( 'NONE',  ( 1.000000000000000000, 0.000000000000000000, -9.637352644315589080E-17 ) ) ;
#623 = AXIS2_PLACEMENT_3D ( 'NONE', #1917, #1959, #1225 ) ;
#624 = SURFACE_STYLE_USAGE ( .BOTH. , #2452 ) ;
#625 = AXIS2_PLACEMENT_3D ( 'NONE', #2383, #3724, #2301 ) ;
#626 = ORIENTED_EDGE ( 'NONE', *, *, #3495, .F. ) ;
#627 = STYLED_ITEM ( 'NONE', ( #1785 ), #2497 ) ;
#628 = DIRECTION ( 'NONE',  ( -0.000000000000000000, 1.000000000000000000, -0.000000000000000000 ) ) ;
#629 = VERTEX_POINT ( 'NONE', #2980 ) ;
#630 = UNCERTAINTY_MEASURE_WITH_UNIT (LENGTH_MEASURE( 1.000000000000000082E-05 ), #3953, 'distance_accuracy_value', 'NONE');
#631 = CARTESIAN_POINT ( 'NONE',  ( 3.600000000000000089, -14.38999999999998636, 8.849999999999999645 ) ) ;
#632 = VECTOR ( 'NONE', #1081, 1000.000000000000000 ) ;
#633 = SURFACE_STYLE_FILL_AREA ( #3879 ) ;
#634 = CARTESIAN_POINT ( 'NONE',  ( 1.072674902363915143E-14, 160.0000000000000000, 2.600000000000006750 ) ) ;
#635 = FILL_AREA_STYLE_COLOUR ( '', #1942 ) ;
#636 =( NAMED_UNIT ( * ) SI_UNIT ( $, .STERADIAN. ) SOLID_ANGLE_UNIT ( ) );
#637 = ORIENTED_EDGE ( 'NONE', *, *, #74, .F. ) ;
#638 = COLOUR_RGB ( '',0.8941176470588234615, 0.9137254901960784048, 0.9294117647058823817 ) ;
#639 = CARTESIAN_POINT ( 'NONE',  ( 3.100000000000000089, 160.0000000000000000, -8.849999999999999645 ) ) ;
#640 = FACE_OUTER_BOUND ( 'NONE', #250, .T. ) ;
#641 = EDGE_CURVE ( 'NONE', #871, #3352, #4491, .T. ) ;
#642 =( NAMED_UNIT ( * ) SI_UNIT ( $, .STERADIAN. ) SOLID_ANGLE_UNIT ( ) );
#643 = CARTESIAN_POINT ( 'NONE',  ( -3.600000000000000089, 160.0000000000000000, 10.00000000000000000 ) ) ;
#644 = ORIENTED_EDGE ( 'NONE', *, *, #2654, .F. ) ;
#645 = DIRECTION ( 'NONE',  ( 1.000000000000000000, 0.000000000000000000, -3.416879573893714972E-15 ) ) ;
#646 =( LENGTH_UNIT ( ) NAMED_UNIT ( * ) SI_UNIT ( .MILLI., .METRE. ) );
#647 = SURFACE_SIDE_STYLE ('',( #4483 ) ) ;
#648 = PRESENTATION_STYLE_ASSIGNMENT (( #1001 ) ) ;
#649 = PLANE ( 'NONE',  #671 ) ;
#650 = EDGE_CURVE ( 'NONE', #3808, #4141, #514, .T. ) ;
#651 = PRESENTATION_LAYER_ASSIGNMENT (  '', '', ( #1092 ) ) ;
#652 = PRESENTATION_STYLE_ASSIGNMENT (( #624 ) ) ;
#653 = DIRECTION ( 'NONE',  ( -0.000000000000000000, 1.000000000000000000, -0.000000000000000000 ) ) ;
#654 = ORIENTED_EDGE ( 'NONE', *, *, #1752, .T. ) ;
#655 = DIRECTION ( 'NONE',  ( 0.000000000000000000, -1.000000000000000000, 0.000000000000000000 ) ) ;
#656 = STYLED_ITEM ( 'NONE', ( #3541 ), #3920 ) ;
#657 = SURFACE_SIDE_STYLE ('',( #3269 ) ) ;
#658 = EDGE_CURVE ( 'NONE', #1127, #2049, #4064, .T. ) ;
#659 = VECTOR ( 'NONE', #4609, 1000.000000000000000 ) ;
#660 = DIRECTION ( 'NONE',  ( 0.000000000000000000, 1.000000000000000000, 0.000000000000000000 ) ) ;
#661 = CARTESIAN_POINT ( 'NONE',  ( 3.600000000000000089, 160.0000000000000000, 8.349999999999999645 ) ) ;
#662 = ORIENTED_EDGE ( 'NONE', *, *, #618, .T. ) ;
#663 =( NAMED_UNIT ( * ) PLANE_ANGLE_UNIT ( ) SI_UNIT ( $, .RADIAN. ) );
#664 = VECTOR ( 'NONE', #2764, 1000.000000000000000 ) ;
#665 =( NAMED_UNIT ( * ) SI_UNIT ( $, .STERADIAN. ) SOLID_ANGLE_UNIT ( ) );
#666 = VECTOR ( 'NONE', #3831, 1000.000000000000000 ) ;
#667 = ORIENTED_EDGE ( 'NONE', *, *, #161, .F. ) ;
#668 = COLOUR_RGB ( '',0.8941176470588234615, 0.9137254901960784048, 0.9294117647058823817 ) ;
#669 = DIRECTION ( 'NONE',  ( -0.000000000000000000, 1.000000000000000000, -0.000000000000000000 ) ) ;
#670 =( NAMED_UNIT ( * ) PLANE_ANGLE_UNIT ( ) SI_UNIT ( $, .RADIAN. ) );
#671 = AXIS2_PLACEMENT_3D ( 'NONE', #2648, #4446, #1522 ) ;
#672 = AXIS2_PLACEMENT_3D ( 'NONE', #1730, #2757, #4463 ) ;
#673 = VERTEX_POINT ( 'NONE', #2287 ) ;
#674 = PRODUCT_DEFINITION_FORMATION_WITH_SPECIFIED_SOURCE ( 'ä»', '', #3256, .NOT_KNOWN. ) ;
#675 = AXIS2_PLACEMENT_3D ( 'NONE', #2642, #862, #1962 ) ;
#676 = MECHANICAL_DESIGN_GEOMETRIC_PRESENTATION_REPRESENTATION (  '', ( #4071 ), #354 ) ;
#677 = CARTESIAN_POINT ( 'NONE',  ( 3.100000000000000089, 160.0000000000000000, -8.349999999999999645 ) ) ;
#678 = ORIENTED_EDGE ( 'NONE', *, *, #4278, .F. ) ;
#679 = VERTEX_POINT ( 'NONE', #1936 ) ;
#680 = EDGE_CURVE ( 'NONE', #170, #2079, #1245, .T. ) ;
#681 =( LENGTH_UNIT ( ) NAMED_UNIT ( * ) SI_UNIT ( .MILLI., .METRE. ) );
#682 = ORIENTED_EDGE ( 'NONE', *, *, #2095, .T. ) ;
#683 = UNCERTAINTY_MEASURE_WITH_UNIT (LENGTH_MEASURE( 1.000000000000000082E-05 ), #3694, 'distance_accuracy_value', 'NONE');
#684 = ADVANCED_FACE ( 'NONE', ( #2803 ), #3807, .T. ) ;
#685 = FILL_AREA_STYLE_COLOUR ( '', #2569 ) ;
#686 = PRESENTATION_STYLE_ASSIGNMENT (( #1796 ) ) ;
#687 = ORIENTED_EDGE ( 'NONE', *, *, #2054, .T. ) ;
#688 = CARTESIAN_POINT ( 'NONE',  ( 6.272792206135780368, 160.0000000000000000, -5.353553390593270400 ) ) ;
#689 = DIRECTION ( 'NONE',  ( 0.000000000000000000, 1.000000000000000000, 0.000000000000000000 ) ) ;
#690 = CARTESIAN_POINT ( 'NONE',  ( -5.500000000000000000, 160.0000000000000000, -8.349999999999999645 ) ) ;
#691 = CARTESIAN_POINT ( 'NONE',  ( -10.00000000000000000, 160.0000000000000000, 9.000000000000000000 ) ) ;
#692 = DIRECTION ( 'NONE',  ( 0.000000000000000000, -1.000000000000000000, 0.000000000000000000 ) ) ;
#693 = DIRECTION ( 'NONE',  ( -1.000000000000000000, 0.000000000000000000, -7.274666472032798588E-17 ) ) ;
#694 = ORIENTED_EDGE ( 'NONE', *, *, #3862, .F. ) ;
#695 = CARTESIAN_POINT ( 'NONE',  ( 5.500000000000000000, 160.0000000000000000, 8.349999999999999645 ) ) ;
#696 = ORIENTED_EDGE ( 'NONE', *, *, #2346, .T. ) ;
#697 = VERTEX_POINT ( 'NONE', #3457 ) ;
#698 =( LENGTH_UNIT ( ) NAMED_UNIT ( * ) SI_UNIT ( .MILLI., .METRE. ) );
#699 = VECTOR ( 'NONE', #4060, 1000.000000000000000 ) ;
#700 = STYLED_ITEM ( 'NONE', ( #2246 ), #425 ) ;
#701 = EDGE_CURVE ( 'NONE', #871, #750, #186, .T. ) ;
#702 = VECTOR ( 'NONE', #999, 999.9999999999998863 ) ;
#703 =( NAMED_UNIT ( * ) PLANE_ANGLE_UNIT ( ) SI_UNIT ( $, .RADIAN. ) );
#704 = ORIENTED_EDGE ( 'NONE', *, *, #1219, .F. ) ;
#705 = DIRECTION ( 'NONE',  ( -0.000000000000000000, 1.000000000000000000, -0.000000000000000000 ) ) ;
#706 = DIRECTION ( 'NONE',  ( 0.000000000000000000, -1.000000000000000000, 0.000000000000000000 ) ) ;
#707 = STYLED_ITEM ( 'NONE', ( #985 ), #3455 ) ;
#708 = EDGE_CURVE ( 'NONE', #3237, #673, #1325, .T. ) ;
#709 = AXIS2_PLACEMENT_3D ( 'NONE', #2675, #2625, #4049 ) ;
#710 = CYLINDRICAL_SURFACE ( 'NONE', #1801, 0.4999999999999995559 ) ;
#711 = VERTEX_POINT ( 'NONE', #1375 ) ;
#712 = PRESENTATION_STYLE_ASSIGNMENT (( #287 ) ) ;
#713 = DIRECTION ( 'NONE',  ( 0.000000000000000000, 0.000000000000000000, -1.000000000000000000 ) ) ;
#714 = VECTOR ( 'NONE', #2500, 1000.000000000000000 ) ;
#715 = SURFACE_SIDE_STYLE ('',( #2966 ) ) ;
#716 = ORIENTED_EDGE ( 'NONE', *, *, #885, .T. ) ;
#717 = SURFACE_STYLE_FILL_AREA ( #3280 ) ;
#718 = FILL_AREA_STYLE_COLOUR ( '', #3805 ) ;
#719 = FACE_OUTER_BOUND ( 'NONE', #4600, .T. ) ;
#720 = DIRECTION ( 'NONE',  ( 8.147626448676700103E-15, 0.000000000000000000, 1.000000000000000000 ) ) ;
#721 = VERTEX_POINT ( 'NONE', #4625 ) ;
#722 = ORIENTED_EDGE ( 'NONE', *, *, #2810, .F. ) ;
#723 = FACE_OUTER_BOUND ( 'NONE', #798, .T. ) ;
#724 = EDGE_CURVE ( 'NONE', #206, #2866, #4332, .T. ) ;
#725 = CARTESIAN_POINT ( 'NONE',  ( 9.000000000000000000, 160.0000000000000000, 10.00000000000000000 ) ) ;
#726 = STYLED_ITEM ( 'NONE', ( #2511 ), #4086 ) ;
#727 = ORIENTED_EDGE ( 'NONE', *, *, #3574, .F. ) ;
#728 = FILL_AREA_STYLE ('',( #1792 ) ) ;
#729 = PLANE ( 'NONE',  #2043 ) ;
#730 = ADVANCED_FACE ( 'NONE', ( #1448 ), #256, .T. ) ;
#731 = SURFACE_SIDE_STYLE ('',( #1426 ) ) ;
#732 = AXIS2_PLACEMENT_3D ( 'NONE', #3811, #2809, #1754 ) ;
#733 = ORIENTED_EDGE ( 'NONE', *, *, #2720, .T. ) ;
#734 = DIRECTION ( 'NONE',  ( -1.000000000000000000, 0.000000000000000000, -2.126487026900388118E-15 ) ) ;
#735 = VECTOR ( 'NONE', #956, 1000.000000000000000 ) ;
#736 = LINE ( 'NONE', #2838, #3349 ) ;
#737 = EDGE_CURVE ( 'NONE', #2971, #1090, #4238, .T. ) ;
#738 = SURFACE_STYLE_FILL_AREA ( #3974 ) ;
#739 =( LENGTH_UNIT ( ) NAMED_UNIT ( * ) SI_UNIT ( .MILLI., .METRE. ) );
#740 = CIRCLE ( 'NONE', #3387, 0.5000000000000004441 ) ;
#741 = CARTESIAN_POINT ( 'NONE',  ( -3.900000000000044320, -4.390000000000108926, -2.600000000000911360 ) ) ;
#742 = DIRECTION ( 'NONE',  ( 7.274666472032798588E-17, 0.000000000000000000, -1.000000000000000000 ) ) ;
#743 = ORIENTED_EDGE ( 'NONE', *, *, #2210, .T. ) ;
#744 = CARTESIAN_POINT ( 'NONE',  ( 10.00000000000000000, -14.38999999999998636, -9.000000000000000000 ) ) ;
#745 = DIRECTION ( 'NONE',  ( 0.000000000000000000, 0.000000000000000000, -1.000000000000000000 ) ) ;
#746 = EDGE_CURVE ( 'NONE', #2886, #3257, #2614, .T. ) ;
#747 = LINE ( 'NONE', #2213, #101 ) ;
#748 =( GEOMETRIC_REPRESENTATION_CONTEXT ( 3 ) GLOBAL_UNCERTAINTY_ASSIGNED_CONTEXT ( ( #3481 ) ) GLOBAL_UNIT_ASSIGNED_CONTEXT ( ( #518, #606, #972 ) ) REPRESENTATION_CONTEXT ( 'NONE', 'WORKASPACE' ) );
#749 = FILL_AREA_STYLE ('',( #3419 ) ) ;
#750 = VERTEX_POINT ( 'NONE', #1861 ) ;
#751 = FILL_AREA_STYLE_COLOUR ( '', #3204 ) ;
#752 = CARTESIAN_POINT ( 'NONE',  ( -9.000000000000000000, -14.38999999999998636, -10.00000000000000000 ) ) ;
#753 = COLOUR_RGB ( '',0.8941176470588234615, 0.9137254901960784048, 0.9294117647058823817 ) ;
#754 = PRESENTATION_LAYER_ASSIGNMENT (  '', '', ( #2441 ) ) ;
#755 = PRESENTATION_STYLE_ASSIGNMENT (( #3922 ) ) ;
#756 = STYLED_ITEM ( 'NONE', ( #859 ), #4451 ) ;
#757 = VERTEX_POINT ( 'NONE', #30 ) ;
#758 = SURFACE_STYLE_USAGE ( .BOTH. , #328 ) ;
#759 = FILL_AREA_STYLE ('',( #4608 ) ) ;
#760 = FACE_OUTER_BOUND ( 'NONE', #4202, .T. ) ;
#761 = VERTEX_POINT ( 'NONE', #427 ) ;
#762 = LINE ( 'NONE', #688, #2198 ) ;
#763 = CARTESIAN_POINT ( 'NONE',  ( -3.127207793864281271, -14.38999999999998636, 4.046446609406744166 ) ) ;
#764 = DIRECTION ( 'NONE',  ( -0.7071067811865441310, 0.000000000000000000, 0.7071067811865510144 ) ) ;
#765 = PRESENTATION_STYLE_ASSIGNMENT (( #4340 ) ) ;
#766 = EDGE_CURVE ( 'NONE', #245, #399, #4330, .T. ) ;
#767 = PRESENTATION_LAYER_ASSIGNMENT (  '', '', ( #989 ) ) ;
#768 = VERTEX_POINT ( 'NONE', #55 ) ;
#769 = CARTESIAN_POINT ( 'NONE',  ( -8.349999999999999645, -14.38999999999998636, -5.000000000000000000 ) ) ;
#770 = CARTESIAN_POINT ( 'NONE',  ( -9.000000000000000000, -14.38999999999998636, 10.00000000000000000 ) ) ;
#771 = CARTESIAN_POINT ( 'NONE',  ( -9.000000000000000000, 160.0000000000000000, -10.00000000000000000 ) ) ;
#772 = EDGE_CURVE ( 'NONE', #3611, #4634, #2954, .T. ) ;
#773 = ORIENTED_EDGE ( 'NONE', *, *, #2054, .F. ) ;
#774 = CARTESIAN_POINT ( 'NONE',  ( 6.272792206135780368, 160.0000000000000000, -5.353553390593270400 ) ) ;
#775 = DIRECTION ( 'NONE',  ( 0.000000000000000000, 0.000000000000000000, 1.000000000000000000 ) ) ;
#776 = SURFACE_STYLE_FILL_AREA ( #52 ) ;
#777 = CARTESIAN_POINT ( 'NONE',  ( -9.500000000000000000, 160.0000000000000000, -3.600000000000000089 ) ) ;
#778 = COLOUR_RGB ( '',0.8941176470588234615, 0.9137254901960784048, 0.9294117647058823817 ) ;
#779 =( LENGTH_UNIT ( ) NAMED_UNIT ( * ) SI_UNIT ( .MILLI., .METRE. ) );
#780 = CARTESIAN_POINT ( 'NONE',  ( -5.000000000000000000, 160.0000000000000000, 8.349999999999999645 ) ) ;
#781 = EDGE_LOOP ( 'NONE', ( #3480, #1041, #2284, #3744 ) ) ;
#782 = UNCERTAINTY_MEASURE_WITH_UNIT (LENGTH_MEASURE( 1.000000000000000082E-05 ), #3167, 'distance_accuracy_value', 'NONE');
#783 = STYLED_ITEM ( 'NONE', ( #3849 ), #2872 ) ;
#784 = FILL_AREA_STYLE ('',( #2634 ) ) ;
#785 = CIRCLE ( 'NONE', #2308, 0.5000000000000000000 ) ;
#786 = FILL_AREA_STYLE_COLOUR ( '', #2037 ) ;
#787 = MECHANICAL_DESIGN_GEOMETRIC_PRESENTATION_REPRESENTATION (  '', ( #380 ), #3725 ) ;
#788 = CARTESIAN_POINT ( 'NONE',  ( -4.400000000000000355, 160.0000000000000000, 2.773654403271025082 ) ) ;
#789 = DIRECTION ( 'NONE',  ( 0.000000000000000000, 0.000000000000000000, -1.000000000000000000 ) ) ;
#790 = AXIS2_PLACEMENT_3D ( 'NONE', #1036, #2485, #4248 ) ;
#791 = ORIENTED_EDGE ( 'NONE', *, *, #1219, .T. ) ;
#792 = CARTESIAN_POINT ( 'NONE',  ( -3.899999999999999911, 160.0000000000000000, 2.980761184457580093 ) ) ;
#793 = FILL_AREA_STYLE ('',( #2591 ) ) ;
#794 = VECTOR ( 'NONE', #4045, 1000.000000000000000 ) ;
#795 = PRESENTATION_LAYER_ASSIGNMENT (  '', '', ( #474 ) ) ;
#796 = DIRECTION ( 'NONE',  ( 0.000000000000000000, 0.000000000000000000, -1.000000000000000000 ) ) ;
#797 = SURFACE_SIDE_STYLE ('',( #2554 ) ) ;
#798 = EDGE_LOOP ( 'NONE', ( #1416, #72, #2239, #4519 ) ) ;
#799 = SURFACE_STYLE_FILL_AREA ( #2027 ) ;
#800 = ADVANCED_FACE ( 'NONE', ( #1529 ), #3020, .F. ) ;
#801 = VERTEX_POINT ( 'NONE', #223 ) ;
#802 = MECHANICAL_DESIGN_GEOMETRIC_PRESENTATION_REPRESENTATION (  '', ( #3738 ), #1647 ) ;
#803 = CARTESIAN_POINT ( 'NONE',  ( 8.849999999999999645, 160.0000000000000000, 3.100000000000000089 ) ) ;
#804 = EDGE_CURVE ( 'NONE', #1943, #1019, #246, .T. ) ;
#805 = FILL_AREA_STYLE_COLOUR ( '', #638 ) ;
#806 = VERTEX_POINT ( 'NONE', #2817 ) ;
#807 = CARTESIAN_POINT ( 'NONE',  ( 8.349999999999999645, 160.0000000000000000, 5.500000000000000000 ) ) ;
#808 = DIRECTION ( 'NONE',  ( 0.000000000000000000, -1.000000000000000000, 0.000000000000000000 ) ) ;
#809 = VECTOR ( 'NONE', #4542, 1000.000000000000000 ) ;
#810 = AXIS2_PLACEMENT_3D ( 'NONE', #612, #3511, #3555 ) ;
#811 = EDGE_LOOP ( 'NONE', ( #4259, #4295, #773, #4023 ) ) ;
#812 = LINE ( 'NONE', #4462, #3723 ) ;
#813 = FILL_AREA_STYLE_COLOUR ( '', #4052 ) ;
#814 = VECTOR ( 'NONE', #951, 1000.000000000000000 ) ;
#815 = VECTOR ( 'NONE', #519, 1000.000000000000000 ) ;
#816 = ORIENTED_EDGE ( 'NONE', *, *, #585, .F. ) ;
#817 =( LENGTH_UNIT ( ) NAMED_UNIT ( * ) SI_UNIT ( .MILLI., .METRE. ) );
#818 = CARTESIAN_POINT ( 'NONE',  ( -3.127207793864275054, -160.0000000000000000, -4.046446609406749495 ) ) ;
#819 =( NAMED_UNIT ( * ) PLANE_ANGLE_UNIT ( ) SI_UNIT ( $, .RADIAN. ) );
#820 = MECHANICAL_DESIGN_GEOMETRIC_PRESENTATION_REPRESENTATION (  '', ( #184 ), #1425 ) ;
#821 =( LENGTH_UNIT ( ) NAMED_UNIT ( * ) SI_UNIT ( .MILLI., .METRE. ) );
#822 =( NAMED_UNIT ( * ) SI_UNIT ( $, .STERADIAN. ) SOLID_ANGLE_UNIT ( ) );
#823 = ORIENTED_EDGE ( 'NONE', *, *, #2830, .F. ) ;
#824 = VECTOR ( 'NONE', #3853, 1000.000000000000000 ) ;
#825 = FACE_OUTER_BOUND ( 'NONE', #2854, .T. ) ;
#826 = VECTOR ( 'NONE', #495, 1000.000000000000000 ) ;
#827 = PRESENTATION_STYLE_ASSIGNMENT (( #4427 ) ) ;
#828 = SURFACE_STYLE_USAGE ( .BOTH. , #4053 ) ;
#829 =( GEOMETRIC_REPRESENTATION_CONTEXT ( 3 ) GLOBAL_UNCERTAINTY_ASSIGNED_CONTEXT ( ( #188 ) ) GLOBAL_UNIT_ASSIGNED_CONTEXT ( ( #133, #2653, #4079 ) ) REPRESENTATION_CONTEXT ( 'NONE', 'WORKASPACE' ) );
#830 = COLOUR_RGB ( '',0.8941176470588234615, 0.9137254901960784048, 0.9294117647058823817 ) ;
#831 = FILL_AREA_STYLE ('',( #1011 ) ) ;
#832 = EDGE_CURVE ( 'NONE', #801, #3808, #1339, .T. ) ;
#833 = VERTEX_POINT ( 'NONE', #1717 ) ;
#834 = UNCERTAINTY_MEASURE_WITH_UNIT (LENGTH_MEASURE( 1.000000000000000082E-05 ), #1905, 'distance_accuracy_value', 'NONE');
#835 = PRESENTATION_LAYER_ASSIGNMENT (  '', '', ( #1525 ) ) ;
#836 = AXIS2_PLACEMENT_3D ( 'NONE', #2999, #2281, #2253 ) ;
#837 = ADVANCED_FACE ( 'NONE', ( #961 ), #3193, .F. ) ;
#838 = VERTEX_POINT ( 'NONE', #318 ) ;
#839 = UNCERTAINTY_MEASURE_WITH_UNIT (LENGTH_MEASURE( 1.000000000000000082E-05 ), #207, 'distance_accuracy_value', 'NONE');
#840 = LINE ( 'NONE', #517, #2238 ) ;
#841 = DIRECTION ( 'NONE',  ( -0.000000000000000000, 1.000000000000000000, -0.000000000000000000 ) ) ;
#842 = DIRECTION ( 'NONE',  ( 0.000000000000000000, 0.000000000000000000, -1.000000000000000000 ) ) ;
#843 = VERTEX_POINT ( 'NONE', #744 ) ;
#844 = PRESENTATION_STYLE_ASSIGNMENT (( #3630 ) ) ;
#845 = STYLED_ITEM ( 'NONE', ( #1971 ), #2579 ) ;
#846 = VERTEX_POINT ( 'NONE', #769 ) ;
#847 = CARTESIAN_POINT ( 'NONE',  ( 2.773654403270995328, 160.0000000000000000, 4.400000000000000355 ) ) ;
#848 = AXIS2_PLACEMENT_3D ( 'NONE', #3682, #3024, #3336 ) ;
#849 = ORIENTED_EDGE ( 'NONE', *, *, #4527, .F. ) ;
#850 = LINE ( 'NONE', #33, #4348 ) ;
#851 = CARTESIAN_POINT ( 'NONE',  ( 8.849999999999999645, 160.0000000000000000, -3.100000000000000089 ) ) ;
#852 = EDGE_CURVE ( 'NONE', #3243, #3703, #4297, .T. ) ;
#853 = DIRECTION ( 'NONE',  ( 0.000000000000000000, -1.000000000000000000, 0.000000000000000000 ) ) ;
#854 = COLOUR_RGB ( '',0.8941176470588234615, 0.9137254901960784048, 0.9294117647058823817 ) ;
#855 = DIRECTION ( 'NONE',  ( 0.000000000000000000, -1.000000000000000000, 0.000000000000000000 ) ) ;
#856 = ORIENTED_EDGE ( 'NONE', *, *, #1851, .F. ) ;
#857 = CARTESIAN_POINT ( 'NONE',  ( 6.626345596729049880, 160.0000000000000000, 5.000000000000000000 ) ) ;
#858 = COLOUR_RGB ( '',0.8941176470588234615, 0.9137254901960784048, 0.9294117647058823817 ) ;
#859 = PRESENTATION_STYLE_ASSIGNMENT (( #1204 ) ) ;
#860 = EDGE_CURVE ( 'NONE', #2432, #1925, #2034, .T. ) ;
#861 = APPLICATION_PROTOCOL_DEFINITION ( 'draft international standard', 'automotive_design', 1998, #1876 ) ;
#862 = DIRECTION ( 'NONE',  ( -0.000000000000000000, 1.000000000000000000, -0.000000000000000000 ) ) ;
#863 = LINE ( 'NONE', #3036, #3844 ) ;
#864 = MECHANICAL_DESIGN_GEOMETRIC_PRESENTATION_REPRESENTATION (  '', ( #2918 ), #18 ) ;
#865 = ORIENTED_EDGE ( 'NONE', *, *, #3231, .T. ) ;
#866 = CARTESIAN_POINT ( 'NONE',  ( -9.000000000000000000, -14.38999999999998636, 9.000000000000000000 ) ) ;
#867 =( LENGTH_UNIT ( ) NAMED_UNIT ( * ) SI_UNIT ( .MILLI., .METRE. ) );
#868 = DIRECTION ( 'NONE',  ( 0.000000000000000000, -1.000000000000000000, 0.000000000000000000 ) ) ;
#869 = CIRCLE ( 'NONE', #2408, 0.4999999999999995559 ) ;
#870 = PLANE ( 'NONE',  #534 ) ;
#871 = VERTEX_POINT ( 'NONE', #2594 ) ;
#872 = DIRECTION ( 'NONE',  ( 0.000000000000000000, 0.000000000000000000, -1.000000000000000000 ) ) ;
#873 =( NAMED_UNIT ( * ) PLANE_ANGLE_UNIT ( ) SI_UNIT ( $, .RADIAN. ) );
#874 = EDGE_LOOP ( 'NONE', ( #339, #3669, #1408, #1980, #4301, #4158, #4369, #187, #2967, #3991, #1013, #1456, #2251, #3364, #2797, #3260, #2167, #2368, #4013, #211, #1811, #1301, #3051, #1223, #2131, #1240, #1116, #2299, #722, #4233, #998, #1624, #38, #4176, #4333, #2215, #1361, #2843, #4182, #2245, #1072, #662, #2532, #1207, #597, #1830, #1894, #2976, #1621, #3781, #2483, #4642, #4123, #2567, #2739, #1055, #1398, #2429, #2507, #903, #3751, #2955, #4120, #2727, #1873, #965, #2920, #3010, #687, #2699, #3859, #3824, #4197, #1559, #1111, #3265, #3792, #3271, #3522, #1573, #2646, #181, #4578, #1166, #4002, #476, #3136 ) ) ;
#875 = SURFACE_STYLE_FILL_AREA ( #3752 ) ;
#876 = UNCERTAINTY_MEASURE_WITH_UNIT (LENGTH_MEASURE( 1.000000000000000082E-05 ), #646, 'distance_accuracy_value', 'NONE');
#877 = DIRECTION ( 'NONE',  ( 0.000000000000000000, -1.000000000000000000, 0.000000000000000000 ) ) ;
#878 = CYLINDRICAL_SURFACE ( 'NONE', #1562, 2.600000000000000089 ) ;
#879 = ORIENTED_EDGE ( 'NONE', *, *, #4520, .F. ) ;
#880 = UNCERTAINTY_MEASURE_WITH_UNIT (LENGTH_MEASURE( 1.000000000000000082E-05 ), #3627, 'distance_accuracy_value', 'NONE');
#881 = CARTESIAN_POINT ( 'NONE',  ( -6.626345596729059650, -14.38999999999998636, -5.500000000000000888 ) ) ;
#882 = FACE_OUTER_BOUND ( 'NONE', #4619, .T. ) ;
#883 = DIRECTION ( 'NONE',  ( 1.000000000000000000, 0.000000000000000000, 0.000000000000000000 ) ) ;
#884 = ORIENTED_EDGE ( 'NONE', *, *, #136, .F. ) ;
#885 = EDGE_CURVE ( 'NONE', #843, #931, #249, .T. ) ;
#886 = AXIS2_PLACEMENT_3D ( 'NONE', #3127, #1335, #3911 ) ;
#887 = CARTESIAN_POINT ( 'NONE',  ( 2.980761184457545010, 160.0000000000000000, -3.899999999999999911 ) ) ;
#888 = FACE_OUTER_BOUND ( 'NONE', #4690, .T. ) ;
#889 = CIRCLE ( 'NONE', #2117, 0.5000000000000004441 ) ;
#890 = SURFACE_STYLE_USAGE ( .BOTH. , #1901 ) ;
#891 = VERTEX_POINT ( 'NONE', #3302 ) ;
#892 = ADVANCED_FACE ( 'NONE', ( #3934, #1491 ), #2943, .T. ) ;
#893 = VECTOR ( 'NONE', #2962, 1000.000000000000000 ) ;
#894 = VECTOR ( 'NONE', #408, 1000.000000000000000 ) ;
#895 = SURFACE_STYLE_USAGE ( .BOTH. , #3749 ) ;
#896 = DIRECTION ( 'NONE',  ( 1.000000000000000000, 0.000000000000000000, 0.000000000000000000 ) ) ;
#897 = ORIENTED_EDGE ( 'NONE', *, *, #3941, .T. ) ;
#898 =( NAMED_UNIT ( * ) SI_UNIT ( $, .STERADIAN. ) SOLID_ANGLE_UNIT ( ) );
#899 =( NAMED_UNIT ( * ) PLANE_ANGLE_UNIT ( ) SI_UNIT ( $, .RADIAN. ) );
#900 = AXIS2_PLACEMENT_3D ( 'NONE', #1497, #24, #3676 ) ;
#901 = FILL_AREA_STYLE ('',( #2366 ) ) ;
#902 = SURFACE_STYLE_FILL_AREA ( #3875 ) ;
#903 = ORIENTED_EDGE ( 'NONE', *, *, #248, .T. ) ;
#904 = VECTOR ( 'NONE', #4153, 1000.000000000000000 ) ;
#905 = LINE ( 'NONE', #212, #2916 ) ;
#906 = CARTESIAN_POINT ( 'NONE',  ( 9.500000000000000000, 160.0000000000000000, -3.600000000000000089 ) ) ;
#907 = FILL_AREA_STYLE ('',( #3880 ) ) ;
#908 = AXIS2_PLACEMENT_3D ( 'NONE', #2661, #4036, #3296 ) ;
#909 = CARTESIAN_POINT ( 'NONE',  ( 3.127207793864275054, -14.38999999999998636, 4.046446609406749495 ) ) ;
#910 = VERTEX_POINT ( 'NONE', #3066 ) ;
#911 =( GEOMETRIC_REPRESENTATION_CONTEXT ( 3 ) GLOBAL_UNCERTAINTY_ASSIGNED_CONTEXT ( ( #1883 ) ) GLOBAL_UNIT_ASSIGNED_CONTEXT ( ( #3520, #4189, #2067 ) ) REPRESENTATION_CONTEXT ( 'NONE', 'WORKASPACE' ) );
#912 = CYLINDRICAL_SURFACE ( 'NONE', #225, 0.5000000000000004441 ) ;
#913 = DIRECTION ( 'NONE',  ( 0.000000000000000000, -1.000000000000000000, 0.000000000000000000 ) ) ;
#914 = SURFACE_SIDE_STYLE ('',( #1947 ) ) ;
#915 = EDGE_CURVE ( 'NONE', #2349, #4081, #4096, .T. ) ;
#916 = ORIENTED_EDGE ( 'NONE', *, *, #3287, .T. ) ;
#917 = DIRECTION ( 'NONE',  ( 0.000000000000000000, -1.000000000000000000, 0.000000000000000000 ) ) ;
#918 =( NAMED_UNIT ( * ) SI_UNIT ( $, .STERADIAN. ) SOLID_ANGLE_UNIT ( ) );
#919 = EDGE_CURVE ( 'NONE', #4488, #275, #3096, .T. ) ;
#920 = LINE ( 'NONE', #2772, #1564 ) ;
#921 = ORIENTED_EDGE ( 'NONE', *, *, #4331, .T. ) ;
#922 = CARTESIAN_POINT ( 'NONE',  ( -6.626345596729059650, 160.0000000000000000, -5.500000000000000000 ) ) ;
#923 = STYLED_ITEM ( 'NONE', ( #4372 ), #1278 ) ;
#924 = SURFACE_STYLE_FILL_AREA ( #1323 ) ;
#925 = SURFACE_STYLE_USAGE ( .BOTH. , #2098 ) ;
#926 = ORIENTED_EDGE ( 'NONE', *, *, #3214, .T. ) ;
#927 = UNCERTAINTY_MEASURE_WITH_UNIT (LENGTH_MEASURE( 1.000000000000000082E-05 ), #2512, 'distance_accuracy_value', 'NONE');
#928 = CARTESIAN_POINT ( 'NONE',  ( -3.600000000000000089, 160.0000000000000000, -8.349999999999999645 ) ) ;
#929 = DIRECTION ( 'NONE',  ( -0.000000000000000000, 1.000000000000000000, -0.000000000000000000 ) ) ;
#930 = CYLINDRICAL_SURFACE ( 'NONE', #1188, 0.4999999999999995559 ) ;
#931 = VERTEX_POINT ( 'NONE', #2377 ) ;
#932 = CYLINDRICAL_SURFACE ( 'NONE', #4618, 0.4999999999999995559 ) ;
#933 = FACE_OUTER_BOUND ( 'NONE', #3838, .T. ) ;
#934 = STYLED_ITEM ( 'NONE', ( #3832 ), #552 ) ;
#935 = SURFACE_STYLE_FILL_AREA ( #1284 ) ;
#936 = CARTESIAN_POINT ( 'NONE',  ( 4.400000000000000355, 160.0000000000000000, 2.773654403270995328 ) ) ;
#937 = DIRECTION ( 'NONE',  ( 0.000000000000000000, -1.000000000000000000, 0.000000000000000000 ) ) ;
#938 = EDGE_LOOP ( 'NONE', ( #536, #1733, #2011, #1674 ) ) ;
#939 = ADVANCED_FACE ( 'NONE', ( #1180 ), #3793, .T. ) ;
#940 = CIRCLE ( 'NONE', #2758, 0.4999999999999995559 ) ;
#941 = MECHANICAL_DESIGN_GEOMETRIC_PRESENTATION_REPRESENTATION (  '', ( #2924 ), #2093 ) ;
#942 = FACE_OUTER_BOUND ( 'NONE', #2518, .T. ) ;
#943 = ORIENTED_EDGE ( 'NONE', *, *, #4247, .F. ) ;
#944 = ADVANCED_FACE ( 'NONE', ( #4613 ), #4563, .T. ) ;
#945 = PLANE ( 'NONE',  #2802 ) ;
#946 = VERTEX_POINT ( 'NONE', #1058 ) ;
#947 = SURFACE_SIDE_STYLE ('',( #1296 ) ) ;
#948 = EDGE_CURVE ( 'NONE', #1925, #170, #2573, .T. ) ;
#949 = DIRECTION ( 'NONE',  ( -0.7071067811865474617, 0.000000000000000000, -0.7071067811865474617 ) ) ;
#950 = DIRECTION ( 'NONE',  ( 0.000000000000000000, 1.000000000000000000, 0.000000000000000000 ) ) ;
#951 = DIRECTION ( 'NONE',  ( 0.000000000000000000, -1.000000000000000000, 0.000000000000000000 ) ) ;
#952 = DIRECTION ( 'NONE',  ( 0.000000000000000000, 0.000000000000000000, -1.000000000000000000 ) ) ;
#953 = DIRECTION ( 'NONE',  ( 0.000000000000000000, 1.000000000000000000, 0.000000000000000000 ) ) ;
#954 = ORIENTED_EDGE ( 'NONE', *, *, #1677, .T. ) ;
#955 = FACE_OUTER_BOUND ( 'NONE', #2218, .T. ) ;
#956 = DIRECTION ( 'NONE',  ( -8.147626448676700103E-15, 0.000000000000000000, -1.000000000000000000 ) ) ;
#957 = MANIFOLD_SOLID_BREP ( '\X2\52079664\X0\-\X2\62c94f38\X0\2', #2232 ) ;
#958 =( LENGTH_UNIT ( ) NAMED_UNIT ( * ) SI_UNIT ( .MILLI., .METRE. ) );
#959 = MECHANICAL_DESIGN_GEOMETRIC_PRESENTATION_REPRESENTATION (  '', ( #4194 ), #325 ) ;
#960 = ORIENTED_EDGE ( 'NONE', *, *, #252, .F. ) ;
#961 = FACE_OUTER_BOUND ( 'NONE', #1140, .T. ) ;
#962 = AXIS2_PLACEMENT_3D ( 'NONE', #866, #3766, #1256 ) ;
#963 = CARTESIAN_POINT ( 'NONE',  ( 3.899999999999999911, 160.0000000000000000, -2.773654403270999769 ) ) ;
#964 = EDGE_CURVE ( 'NONE', #2196, #523, #2861, .T. ) ;
#965 = ORIENTED_EDGE ( 'NONE', *, *, #641, .T. ) ;
#966 = CARTESIAN_POINT ( 'NONE',  ( 3.600000000000000089, -14.38999999999998636, -9.500000000000000000 ) ) ;
#967 = PRESENTATION_LAYER_ASSIGNMENT (  '', '', ( #509 ) ) ;
#968 = EDGE_CURVE ( 'NONE', #2453, #3604, #3273, .T. ) ;
#969 = ORIENTED_EDGE ( 'NONE', *, *, #2619, .T. ) ;
#970 =( LENGTH_UNIT ( ) NAMED_UNIT ( * ) SI_UNIT ( .MILLI., .METRE. ) );
#971 = DIRECTION ( 'NONE',  ( 0.000000000000000000, -1.000000000000000000, 0.000000000000000000 ) ) ;
#972 =( NAMED_UNIT ( * ) SI_UNIT ( $, .STERADIAN. ) SOLID_ANGLE_UNIT ( ) );
#973 = PLANE ( 'NONE',  #2039 ) ;
#974 = DIRECTION ( 'NONE',  ( 0.000000000000000000, 0.000000000000000000, 1.000000000000000000 ) ) ;
#975 = EDGE_CURVE ( 'NONE', #4362, #2571, #762, .T. ) ;
#976 = CIRCLE ( 'NONE', #3616, 0.4999999999999995559 ) ;
#977 = VECTOR ( 'NONE', #1206, 1000.000000000000000 ) ;
#978 = ORIENTED_EDGE ( 'NONE', *, *, #2317, .T. ) ;
#979 = DIRECTION ( 'NONE',  ( 0.000000000000000000, -1.000000000000000000, 0.000000000000000000 ) ) ;
#980 = CIRCLE ( 'NONE', #2505, 1.000000000000000888 ) ;
#981 = AXIS2_PLACEMENT_3D ( 'NONE', #20, #1806, #1523 ) ;
#982 = AXIS2_PLACEMENT_3D ( 'NONE', #3981, #3562, #4277 ) ;
#983 = EDGE_LOOP ( 'NONE', ( #2035, #323, #2788, #2161 ) ) ;
#984 = DIRECTION ( 'NONE',  ( 0.000000000000000000, 1.000000000000000000, 0.000000000000000000 ) ) ;
#985 = PRESENTATION_STYLE_ASSIGNMENT (( #4187 ) ) ;
#986 = DIRECTION ( 'NONE',  ( -2.126487026900388118E-15, 0.000000000000000000, 1.000000000000000000 ) ) ;
#987 = SURFACE_STYLE_FILL_AREA ( #1344 ) ;
#988 = VERTEX_POINT ( 'NONE', #2689 ) ;
#989 = STYLED_ITEM ( 'NONE', ( #2073 ), #2742 ) ;
#990 = LINE ( 'NONE', #3548, #4553 ) ;
#991 = VERTEX_POINT ( 'NONE', #2610 ) ;
#992 = CARTESIAN_POINT ( 'NONE',  ( 9.000000000000000000, 160.0000000000000000, 9.000000000000000000 ) ) ;
#993 = EDGE_CURVE ( 'NONE', #304, #4506, #3059, .T. ) ;
#994 = LINE ( 'NONE', #2401, #431 ) ;
#995 = ORIENTED_EDGE ( 'NONE', *, *, #2184, .T. ) ;
#996 = EDGE_CURVE ( 'NONE', #1246, #4373, #4489, .T. ) ;
#997 = CARTESIAN_POINT ( 'NONE',  ( 3.899999999999999911, -160.0000000000000000, 2.773654403270995328 ) ) ;
#998 = ORIENTED_EDGE ( 'NONE', *, *, #3653, .F. ) ;
#999 = DIRECTION ( 'NONE',  ( 0.7071067811865431318, 0.000000000000000000, 0.7071067811865520136 ) ) ;
#1000 = EDGE_CURVE ( 'NONE', #3119, #931, #3388, .T. ) ;
#1001 = SURFACE_STYLE_USAGE ( .BOTH. , #3937 ) ;
#1002 = CIRCLE ( 'NONE', #68, 0.4999999999999978351 ) ;
#1003 = FACE_OUTER_BOUND ( 'NONE', #3510, .T. ) ;
#1004 = VECTOR ( 'NONE', #120, 1000.000000000000000 ) ;
#1005 = AXIS2_PLACEMENT_3D ( 'NONE', #3011, #2351, #2701 ) ;
#1006 = ORIENTED_EDGE ( 'NONE', *, *, #4115, .T. ) ;
#1007 = ORIENTED_EDGE ( 'NONE', *, *, #3259, .T. ) ;
#1008 = UNCERTAINTY_MEASURE_WITH_UNIT (LENGTH_MEASURE( 1.000000000000000082E-05 ), #2600, 'distance_accuracy_value', 'NONE');
#1009 = PRESENTATION_LAYER_ASSIGNMENT (  '', '', ( #239 ) ) ;
#1010 = SURFACE_SIDE_STYLE ('',( #2197 ) ) ;
#1011 = FILL_AREA_STYLE_COLOUR ( '', #4138 ) ;
#1012 = LINE ( 'NONE', #4585, #1481 ) ;
#1013 = ORIENTED_EDGE ( 'NONE', *, *, #4196, .F. ) ;
#1014 = VECTOR ( 'NONE', #4554, 1000.000000000000000 ) ;
#1015 =( LENGTH_UNIT ( ) NAMED_UNIT ( * ) SI_UNIT ( .MILLI., .METRE. ) );
#1016 = DIRECTION ( 'NONE',  ( 0.000000000000000000, -1.000000000000000000, 0.000000000000000000 ) ) ;
#1017 = FILL_AREA_STYLE_COLOUR ( '', #858 ) ;
#1018 = ADVANCED_FACE ( 'NONE', ( #2289 ), #119, .T. ) ;
#1019 = VERTEX_POINT ( 'NONE', #1275 ) ;
#1020 = CARTESIAN_POINT ( 'NONE',  ( 1.040834085586083941E-14, 160.0000000000000000, -2.599999999999992983 ) ) ;
#1021 = DIRECTION ( 'NONE',  ( 0.000000000000000000, 0.000000000000000000, -1.000000000000000000 ) ) ;
#1022 = COLOUR_RGB ( '',0.8941176470588234615, 0.9137254901960784048, 0.9294117647058823817 ) ;
#1023 = EDGE_CURVE ( 'NONE', #4526, #2791, #1890, .T. ) ;
#1024 = AXIS2_PLACEMENT_3D ( 'NONE', #3644, #1874, #4272 ) ;
#1025 = CARTESIAN_POINT ( 'NONE',  ( 9.000000000000000000, 160.0000000000000000, -10.00000000000000000 ) ) ;
#1026 = ORIENTED_EDGE ( 'NONE', *, *, #4365, .T. ) ;
#1027 = PRESENTATION_STYLE_ASSIGNMENT (( #3567 ) ) ;
#1028 = STYLED_ITEM ( 'NONE', ( #462 ), #3827 ) ;
#1029 = EDGE_LOOP ( 'NONE', ( #4280, #3559, #3006, #2293 ) ) ;
#1030 = CARTESIAN_POINT ( 'NONE',  ( -3.600000000000000089, 160.0000000000000000, -8.849999999999999645 ) ) ;
#1031 = STYLED_ITEM ( 'NONE', ( #3951 ), #3746 ) ;
#1032 = CARTESIAN_POINT ( 'NONE',  ( 1.065891202461304628E-14, -4.390000000000112479, 2.599999999999547562 ) ) ;
#1033 = AXIS2_PLACEMENT_3D ( 'NONE', #2396, #1298, #604 ) ;
#1034 =( LENGTH_UNIT ( ) NAMED_UNIT ( * ) SI_UNIT ( .MILLI., .METRE. ) );
#1035 = VERTEX_POINT ( 'NONE', #258 ) ;
#1036 = CARTESIAN_POINT ( 'NONE',  ( -9.000000000000000000, 160.0000000000000000, 9.000000000000000000 ) ) ;
#1037 = SURFACE_SIDE_STYLE ('',( #2963 ) ) ;
#1038 = AXIS2_PLACEMENT_3D ( 'NONE', #3587, #2214, #2919 ) ;
#1039 = AXIS2_PLACEMENT_3D ( 'NONE', #847, #3701, #528 ) ;
#1040 = SURFACE_SIDE_STYLE ('',( #3216 ) ) ;
#1041 = ORIENTED_EDGE ( 'NONE', *, *, #1470, .T. ) ;
#1042 = CARTESIAN_POINT ( 'NONE',  ( -3.600000000000000089, 160.0000000000000000, 9.500000000000000000 ) ) ;
#1043 = CARTESIAN_POINT ( 'NONE',  ( -5.353553390593270400, -160.0000000000000000, 6.272792206135780368 ) ) ;
#1044 = DIRECTION ( 'NONE',  ( 0.000000000000000000, -1.000000000000000000, 0.000000000000000000 ) ) ;
#1045 = AXIS2_PLACEMENT_3D ( 'NONE', #413, #841, #466 ) ;
#1046 = EDGE_CURVE ( 'NONE', #2849, #4459, #4586, .T. ) ;
#1047 = SURFACE_STYLE_USAGE ( .BOTH. , #2873 ) ;
#1048 = ORIENTED_EDGE ( 'NONE', *, *, #3413, .F. ) ;
#1049 = DIRECTION ( 'NONE',  ( -0.000000000000000000, 1.000000000000000000, -0.000000000000000000 ) ) ;
#1050 = ORIENTED_EDGE ( 'NONE', *, *, #2252, .F. ) ;
#1051 =( NAMED_UNIT ( * ) SI_UNIT ( $, .STERADIAN. ) SOLID_ANGLE_UNIT ( ) );
#1052 = EDGE_CURVE ( 'NONE', #2971, #2746, #3107, .T. ) ;
#1053 =( NAMED_UNIT ( * ) SI_UNIT ( $, .STERADIAN. ) SOLID_ANGLE_UNIT ( ) );
#1054 =( NAMED_UNIT ( * ) SI_UNIT ( $, .STERADIAN. ) SOLID_ANGLE_UNIT ( ) );
#1055 = ORIENTED_EDGE ( 'NONE', *, *, #277, .T. ) ;
#1056 = UNCERTAINTY_MEASURE_WITH_UNIT (LENGTH_MEASURE( 1.000000000000000082E-05 ), #3032, 'distance_accuracy_value', 'NONE');
#1057 = VERTEX_POINT ( 'NONE', #4149 ) ;
#1058 = CARTESIAN_POINT ( 'NONE',  ( 3.599999999999999201, -14.38999999999998636, 10.00000000000000000 ) ) ;
#1059 = SURFACE_SIDE_STYLE ('',( #2227 ) ) ;
#1060 = DIRECTION ( 'NONE',  ( -0.000000000000000000, 1.000000000000000000, -0.000000000000000000 ) ) ;
#1061 = COLOUR_RGB ( '',0.8941176470588234615, 0.9137254901960784048, 0.9294117647058823817 ) ;
#1062 = CARTESIAN_POINT ( 'NONE',  ( 9.000000000000000000, -14.38999999999998636, 9.000000000000000000 ) ) ;
#1063 = EDGE_LOOP ( 'NONE', ( #2590, #1352, #704, #31 ) ) ;
#1064 = SURFACE_SIDE_STYLE ('',( #1441 ) ) ;
#1065 = EDGE_CURVE ( 'NONE', #1210, #3913, #2783, .T. ) ;
#1066 = CARTESIAN_POINT ( 'NONE',  ( 3.100000000000000089, 160.0000000000000000, -8.849999999999999645 ) ) ;
#1067 = PRESENTATION_LAYER_ASSIGNMENT (  '', '', ( #4621 ) ) ;
#1068 = EDGE_LOOP ( 'NONE', ( #1170, #268, #2362, #2656 ) ) ;
#1069 = EDGE_CURVE ( 'NONE', #3065, #1331, #4581, .T. ) ;
#1070 = SURFACE_STYLE_USAGE ( .BOTH. , #1696 ) ;
#1071 = MECHANICAL_DESIGN_GEOMETRIC_PRESENTATION_REPRESENTATION (  '', ( #3799 ), #377 ) ;
#1072 = ORIENTED_EDGE ( 'NONE', *, *, #2353, .F. ) ;
#1073 = COLOUR_RGB ( '',0.8941176470588234615, 0.9137254901960784048, 0.9294117647058823817 ) ;
#1074 = COLOUR_RGB ( '',0.8941176470588234615, 0.9137254901960784048, 0.9294117647058823817 ) ;
#1075 =( GEOMETRIC_REPRESENTATION_CONTEXT ( 3 ) GLOBAL_UNCERTAINTY_ASSIGNED_CONTEXT ( ( #4083 ) ) GLOBAL_UNIT_ASSIGNED_CONTEXT ( ( #4680, #4636, #319 ) ) REPRESENTATION_CONTEXT ( 'NONE', 'WORKASPACE' ) );
#1076 = EDGE_CURVE ( 'NONE', #2650, #3065, #165, .T. ) ;
#1077 = ORIENTED_EDGE ( 'NONE', *, *, #1141, .T. ) ;
#1078 = PRESENTATION_LAYER_ASSIGNMENT (  '', '', ( #475 ) ) ;
#1079 = FILL_AREA_STYLE_COLOUR ( '', #2400 ) ;
#1080 = EDGE_CURVE ( 'NONE', #3380, #946, #4274, .T. ) ;
#1081 = DIRECTION ( 'NONE',  ( -1.000000000000000000, -0.000000000000000000, 9.637352644315589080E-17 ) ) ;
#1082 = VECTOR ( 'NONE', #2338, 1000.000000000000000 ) ;
#1083 = EDGE_LOOP ( 'NONE', ( #3044, #2942, #1428, #3292 ) ) ;
#1084 = DIRECTION ( 'NONE',  ( 0.000000000000000000, 0.000000000000000000, -1.000000000000000000 ) ) ;
#1085 = SURFACE_STYLE_FILL_AREA ( #1844 ) ;
#1086 = CARTESIAN_POINT ( 'NONE',  ( -8.349999999999999645, 160.0000000000000000, 3.100000000000000089 ) ) ;
#1087 = ORIENTED_EDGE ( 'NONE', *, *, #766, .F. ) ;
#1088 = LINE ( 'NONE', #4298, #3508 ) ;
#1089 = DIRECTION ( 'NONE',  ( 1.796932204708914853E-15, 0.000000000000000000, 1.000000000000000000 ) ) ;
#1090 = VERTEX_POINT ( 'NONE', #4171 ) ;
#1091 = FACE_OUTER_BOUND ( 'NONE', #3841, .T. ) ;
#1092 = STYLED_ITEM ( 'NONE', ( #124 ), #939 ) ;
#1093 = CARTESIAN_POINT ( 'NONE',  ( -8.849999999999999645, 160.0000000000000000, -3.100000000000000089 ) ) ;
#1094 = LINE ( 'NONE', #4643, #1788 ) ;
#1095 = AXIS2_PLACEMENT_3D ( 'NONE', #695, #4709, #1089 ) ;
#1096 = ORIENTED_EDGE ( 'NONE', *, *, #4160, .F. ) ;
#1097 = UNCERTAINTY_MEASURE_WITH_UNIT (LENGTH_MEASURE( 1.000000000000000082E-05 ), #12, 'distance_accuracy_value', 'NONE');
#1098 = CARTESIAN_POINT ( 'NONE',  ( 5.353553390593270400, 160.0000000000000000, -6.272792206135780368 ) ) ;
#1099 = CARTESIAN_POINT ( 'NONE',  ( 2.773654403270995328, 160.0000000000000000, 3.899999999999999911 ) ) ;
#1100 = EDGE_CURVE ( 'NONE', #629, #4041, #740, .T. ) ;
#1101 = CARTESIAN_POINT ( 'NONE',  ( 5.353553390593272177, -14.38999999999998636, 6.272792206135777704 ) ) ;
#1102 =( LENGTH_UNIT ( ) NAMED_UNIT ( * ) SI_UNIT ( .MILLI., .METRE. ) );
#1103 = ORIENTED_EDGE ( 'NONE', *, *, #1023, .F. ) ;
#1104 = FACE_OUTER_BOUND ( 'NONE', #874, .T. ) ;
#1105 =( GEOMETRIC_REPRESENTATION_CONTEXT ( 3 ) GLOBAL_UNCERTAINTY_ASSIGNED_CONTEXT ( ( #3613 ) ) GLOBAL_UNIT_ASSIGNED_CONTEXT ( ( #1423, #4693, #2126 ) ) REPRESENTATION_CONTEXT ( 'NONE', 'WORKASPACE' ) );
#1106 = CARTESIAN_POINT ( 'NONE',  ( -8.849999999999999645, 160.0000000000000000, 3.600000000000000089 ) ) ;
#1107 = DIRECTION ( 'NONE',  ( 0.000000000000000000, 0.000000000000000000, -1.000000000000000000 ) ) ;
#1108 = EDGE_CURVE ( 'NONE', #2425, #3425, #1514, .T. ) ;
#1109 = PRESENTATION_LAYER_ASSIGNMENT (  '', '', ( #2498 ) ) ;
#1110 = PLANE ( 'NONE',  #3043 ) ;
#1111 = ORIENTED_EDGE ( 'NONE', *, *, #2626, .F. ) ;
#1112 =( NAMED_UNIT ( * ) PLANE_ANGLE_UNIT ( ) SI_UNIT ( $, .RADIAN. ) );
#1113 = COLOUR_RGB ( '',0.8941176470588234615, 0.9137254901960784048, 0.9294117647058823817 ) ;
#1114 = DIRECTION ( 'NONE',  ( 0.000000000000000000, 1.000000000000000000, 0.000000000000000000 ) ) ;
#1115 = VECTOR ( 'NONE', #3142, 1000.000000000000000 ) ;
#1116 = ORIENTED_EDGE ( 'NONE', *, *, #3515, .T. ) ;
#1117 = VECTOR ( 'NONE', #3543, 1000.000000000000000 ) ;
#1118 =( LENGTH_UNIT ( ) NAMED_UNIT ( * ) SI_UNIT ( .MILLI., .METRE. ) );
#1119 = FILL_AREA_STYLE_COLOUR ( '', #668 ) ;
#1120 = PRESENTATION_LAYER_ASSIGNMENT (  '', '', ( #3114 ) ) ;
#1121 = STYLED_ITEM ( 'NONE', ( #827 ), #4342 ) ;
#1122 = ORIENTED_EDGE ( 'NONE', *, *, #1470, .F. ) ;
#1123 = DIRECTION ( 'NONE',  ( -0.000000000000000000, 1.000000000000000000, -0.000000000000000000 ) ) ;
#1124 = SURFACE_STYLE_USAGE ( .BOTH. , #4108 ) ;
#1125 = CARTESIAN_POINT ( 'NONE',  ( 2.980761184457545010, 160.0000000000000000, 3.899999999999999911 ) ) ;
#1126 = CARTESIAN_POINT ( 'NONE',  ( 8.349999999999999645, 160.0000000000000000, 3.600000000000000089 ) ) ;
#1127 = VERTEX_POINT ( 'NONE', #2125 ) ;
#1128 = EDGE_CURVE ( 'NONE', #1548, #838, #1427, .T. ) ;
#1129 = DIRECTION ( 'NONE',  ( 0.000000000000000000, 0.000000000000000000, -1.000000000000000000 ) ) ;
#1130 =( NAMED_UNIT ( * ) PLANE_ANGLE_UNIT ( ) SI_UNIT ( $, .RADIAN. ) );
#1131 = CARTESIAN_POINT ( 'NONE',  ( 3.127207793864275054, 160.0000000000000000, -4.046446609406749495 ) ) ;
#1132 = LINE ( 'NONE', #4019, #3401 ) ;
#1133 = VERTEX_POINT ( 'NONE', #3250 ) ;
#1134 = EDGE_CURVE ( 'NONE', #1723, #2650, #2121, .T. ) ;
#1135 = VECTOR ( 'NONE', #3864, 1000.000000000000000 ) ;
#1136 = CARTESIAN_POINT ( 'NONE',  ( 3.099999999999999645, -14.38999999999998636, -8.849999999999999645 ) ) ;
#1137 = SURFACE_STYLE_FILL_AREA ( #4344 ) ;
#1138 = CARTESIAN_POINT ( 'NONE',  ( 1.065891202461304628E-14, -4.390000000000112479, 2.599999999999547562 ) ) ;
#1139 =( NAMED_UNIT ( * ) PLANE_ANGLE_UNIT ( ) SI_UNIT ( $, .RADIAN. ) );
#1140 = EDGE_LOOP ( 'NONE', ( #4481, #3098, #1649, #578 ) ) ;
#1141 = EDGE_CURVE ( 'NONE', #2201, #4081, #2352, .T. ) ;
#1142 = SURFACE_SIDE_STYLE ('',( #86 ) ) ;
#1143 = FILL_AREA_STYLE ('',( #3049 ) ) ;
#1144 =( LENGTH_UNIT ( ) NAMED_UNIT ( * ) SI_UNIT ( .MILLI., .METRE. ) );
#1145 = ORIENTED_EDGE ( 'NONE', *, *, #1229, .F. ) ;
#1146 = MECHANICAL_DESIGN_GEOMETRIC_PRESENTATION_REPRESENTATION (  '', ( #2677 ), #3639 ) ;
#1147 =( GEOMETRIC_REPRESENTATION_CONTEXT ( 3 ) GLOBAL_UNCERTAINTY_ASSIGNED_CONTEXT ( ( #2124 ) ) GLOBAL_UNIT_ASSIGNED_CONTEXT ( ( #4218, #3836, #665 ) ) REPRESENTATION_CONTEXT ( 'NONE', 'WORKASPACE' ) );
#1148 = DIRECTION ( 'NONE',  ( 0.000000000000000000, -1.000000000000000000, 0.000000000000000000 ) ) ;
#1149 = ORIENTED_EDGE ( 'NONE', *, *, #766, .T. ) ;
#1150 = UNCERTAINTY_MEASURE_WITH_UNIT (LENGTH_MEASURE( 1.000000000000000082E-05 ), #1192, 'distance_accuracy_value', 'NONE');
#1151 = CARTESIAN_POINT ( 'NONE',  ( -7.849999999999999645, 160.0000000000000000, 5.500000000000000000 ) ) ;
#1152 = CIRCLE ( 'NONE', #1232, 0.4999999999999995559 ) ;
#1153 = FACE_OUTER_BOUND ( 'NONE', #51, .T. ) ;
#1154 = AXIS2_PLACEMENT_3D ( 'NONE', #3132, #3174, #620 ) ;
#1155 = VECTOR ( 'NONE', #2950, 1000.000000000000000 ) ;
#1156 = CARTESIAN_POINT ( 'NONE',  ( -3.600000000000000089, 160.0000000000000000, 8.349999999999999645 ) ) ;
#1157 = SURFACE_SIDE_STYLE ('',( #4388 ) ) ;
#1158 = ORIENTED_EDGE ( 'NONE', *, *, #4370, .F. ) ;
#1159 = DIRECTION ( 'NONE',  ( -0.7071067811865520136, 0.000000000000000000, -0.7071067811865431318 ) ) ;
#1160 = LINE ( 'NONE', #2618, #156 ) ;
#1161 = ADVANCED_FACE ( 'NONE', ( #3202 ), #4261, .T. ) ;
#1162 = DIRECTION ( 'NONE',  ( 0.000000000000000000, -1.000000000000000000, 0.000000000000000000 ) ) ;
#1163 = ORIENTED_EDGE ( 'NONE', *, *, #3312, .T. ) ;
#1164 = COLOUR_RGB ( '',0.8941176470588234615, 0.9137254901960784048, 0.9294117647058823817 ) ;
#1165 = EDGE_CURVE ( 'NONE', #1249, #697, #1911, .T. ) ;
#1166 = ORIENTED_EDGE ( 'NONE', *, *, #3736, .F. ) ;
#1167 = CARTESIAN_POINT ( 'NONE',  ( 10.00000000000000000, 160.0000000000000000, -3.600000000000000089 ) ) ;
#1168 =( LENGTH_UNIT ( ) NAMED_UNIT ( * ) SI_UNIT ( .MILLI., .METRE. ) );
#1169 =( GEOMETRIC_REPRESENTATION_CONTEXT ( 3 ) GLOBAL_UNCERTAINTY_ASSIGNED_CONTEXT ( ( #4128 ) ) GLOBAL_UNIT_ASSIGNED_CONTEXT ( ( #1518, #4444, #497 ) ) REPRESENTATION_CONTEXT ( 'NONE', 'WORKASPACE' ) );
#1170 = ORIENTED_EDGE ( 'NONE', *, *, #915, .T. ) ;
#1171 = SURFACE_STYLE_USAGE ( .BOTH. , #2290 ) ;
#1172 = SURFACE_SIDE_STYLE ('',( #67 ) ) ;
#1173 = CYLINDRICAL_SURFACE ( 'NONE', #732, 0.4999999999999995559 ) ;
#1174 = AXIS2_PLACEMENT_3D ( 'NONE', #1986, #1633, #3418 ) ;
#1175 = LINE ( 'NONE', #1231, #2965 ) ;
#1176 = DIRECTION ( 'NONE',  ( 6.672013369141570147E-16, 0.000000000000000000, -1.000000000000000000 ) ) ;
#1177 = MECHANICAL_DESIGN_GEOMETRIC_PRESENTATION_REPRESENTATION (  '', ( #1028 ), #4267 ) ;
#1178 = SURFACE_STYLE_FILL_AREA ( #3421 ) ;
#1179 = VERTEX_POINT ( 'NONE', #112 ) ;
#1180 = FACE_OUTER_BOUND ( 'NONE', #1083, .T. ) ;
#1181 = LINE ( 'NONE', #471, #1940 ) ;
#1182 = ORIENTED_EDGE ( 'NONE', *, *, #1260, .T. ) ;
#1183 = SURFACE_SIDE_STYLE ('',( #4103 ) ) ;
#1184 = CARTESIAN_POINT ( 'NONE',  ( -5.499999999999995559, -14.38999999999998636, 6.626345596729049880 ) ) ;
#1185 =( GEOMETRIC_REPRESENTATION_CONTEXT ( 3 ) GLOBAL_UNCERTAINTY_ASSIGNED_CONTEXT ( ( #2638 ) ) GLOBAL_UNIT_ASSIGNED_CONTEXT ( ( #4001, #1438, #1516 ) ) REPRESENTATION_CONTEXT ( 'NONE', 'WORKASPACE' ) );
#1186 = EDGE_CURVE ( 'NONE', #2123, #1707, #1194, .T. ) ;
#1187 = PRESENTATION_LAYER_ASSIGNMENT (  '', '', ( #2880 ) ) ;
#1188 = AXIS2_PLACEMENT_3D ( 'NONE', #4538, #953, #4010 ) ;
#1189 = VECTOR ( 'NONE', #1176, 1000.000000000000000 ) ;
#1190 = FILL_AREA_STYLE ('',( #805 ) ) ;
#1191 = ORIENTED_EDGE ( 'NONE', *, *, #491, .T. ) ;
#1192 =( LENGTH_UNIT ( ) NAMED_UNIT ( * ) SI_UNIT ( .MILLI., .METRE. ) );
#1193 = EDGE_CURVE ( 'NONE', #358, #2849, #850, .T. ) ;
#1194 = LINE ( 'NONE', #1578, #3757 ) ;
#1195 = SURFACE_STYLE_FILL_AREA ( #3054 ) ;
#1196 = DIRECTION ( 'NONE',  ( 0.000000000000000000, 0.000000000000000000, -1.000000000000000000 ) ) ;
#1197 =( GEOMETRIC_REPRESENTATION_CONTEXT ( 3 ) GLOBAL_UNCERTAINTY_ASSIGNED_CONTEXT ( ( #834 ) ) GLOBAL_UNIT_ASSIGNED_CONTEXT ( ( #1905, #873, #507 ) ) REPRESENTATION_CONTEXT ( 'NONE', 'WORKASPACE' ) );
#1198 = LINE ( 'NONE', #2367, #2320 ) ;
#1199 = ORIENTED_EDGE ( 'NONE', *, *, #4681, .T. ) ;
#1200 = UNCERTAINTY_MEASURE_WITH_UNIT (LENGTH_MEASURE( 1.000000000000000082E-05 ), #867, 'distance_accuracy_value', 'NONE');
#1201 = DIRECTION ( 'NONE',  ( 1.000000000000000000, 0.000000000000000000, 0.000000000000000000 ) ) ;
#1202 = CYLINDRICAL_SURFACE ( 'NONE', #4696, 0.5000000000000000000 ) ;
#1203 = FILL_AREA_STYLE_COLOUR ( '', #1664 ) ;
#1204 = SURFACE_STYLE_USAGE ( .BOTH. , #3034 ) ;
#1205 = DIRECTION ( 'NONE',  ( 0.000000000000000000, 0.000000000000000000, 1.000000000000000000 ) ) ;
#1206 = DIRECTION ( 'NONE',  ( -1.000000000000000000, 0.000000000000000000, 0.000000000000000000 ) ) ;
#1207 = ORIENTED_EDGE ( 'NONE', *, *, #3916, .T. ) ;
#1208 = FILL_AREA_STYLE_COLOUR ( '', #423 ) ;
#1209 = MECHANICAL_DESIGN_GEOMETRIC_PRESENTATION_REPRESENTATION (  '', ( #989 ), #302 ) ;
#1210 = VERTEX_POINT ( 'NONE', #1167 ) ;
#1211 =( NAMED_UNIT ( * ) PLANE_ANGLE_UNIT ( ) SI_UNIT ( $, .RADIAN. ) );
#1212 = PRESENTATION_STYLE_ASSIGNMENT (( #4403 ) ) ;
#1213 = EDGE_CURVE ( 'NONE', #931, #3866, #3359, .T. ) ;
#1214 = VERTEX_POINT ( 'NONE', #1506 ) ;
#1215 = DIRECTION ( 'NONE',  ( -1.000000000000000000, 0.000000000000000000, 0.000000000000000000 ) ) ;
#1216 = SURFACE_STYLE_FILL_AREA ( #4455 ) ;
#1217 = FACE_OUTER_BOUND ( 'NONE', #2550, .T. ) ;
#1218 = CARTESIAN_POINT ( 'NONE',  ( -5.500000000000000000, 160.0000000000000000, -8.349999999999999645 ) ) ;
#1219 = EDGE_CURVE ( 'NONE', #1019, #275, #1532, .T. ) ;
#1220 = DIRECTION ( 'NONE',  ( -1.000000000000000000, 0.000000000000000000, 0.000000000000000000 ) ) ;
#1221 = AXIS2_PLACEMENT_3D ( 'NONE', #1698, #2825, #2798 ) ;
#1222 = CARTESIAN_POINT ( 'NONE',  ( 5.000000000000000000, 160.0000000000000000, 7.849999999999999645 ) ) ;
#1223 = ORIENTED_EDGE ( 'NONE', *, *, #1046, .T. ) ;
#1224 = AXIS2_PLACEMENT_3D ( 'NONE', #4136, #125, #2216 ) ;
#1225 = DIRECTION ( 'NONE',  ( 0.000000000000000000, 0.000000000000000000, -1.000000000000000000 ) ) ;
#1226 = LINE ( 'NONE', #4411, #1744 ) ;
#1227 =( NAMED_UNIT ( * ) SI_UNIT ( $, .STERADIAN. ) SOLID_ANGLE_UNIT ( ) );
#1228 = VECTOR ( 'NONE', #1196, 1000.000000000000000 ) ;
#1229 = EDGE_CURVE ( 'NONE', #3703, #2932, #3317, .T. ) ;
#1230 = VECTOR ( 'NONE', #1201, 1000.000000000000000 ) ;
#1231 = CARTESIAN_POINT ( 'NONE',  ( -10.00000000000000000, 160.0000000000000000, 9.000000000000000000 ) ) ;
#1232 = AXIS2_PLACEMENT_3D ( 'NONE', #3584, #1493, #1411 ) ;
#1233 = ORIENTED_EDGE ( 'NONE', *, *, #369, .T. ) ;
#1234 = ORIENTED_EDGE ( 'NONE', *, *, #1572, .F. ) ;
#1235 = FILL_AREA_STYLE ('',( #2724 ) ) ;
#1236 = VECTOR ( 'NONE', #446, 1000.000000000000000 ) ;
#1237 = AXIS2_PLACEMENT_3D ( 'NONE', #3182, #1726, #2752 ) ;
#1238 = PRESENTATION_STYLE_ASSIGNMENT (( #2038 ) ) ;
#1239 = PRESENTATION_STYLE_ASSIGNMENT (( #3069 ) ) ;
#1240 = ORIENTED_EDGE ( 'NONE', *, *, #3976, .T. ) ;
#1241 = PRESENTATION_STYLE_ASSIGNMENT (( #1596 ) ) ;
#1242 = AXIS2_PLACEMENT_3D ( 'NONE', #139, #3097, #3338 ) ;
#1243 =( NAMED_UNIT ( * ) PLANE_ANGLE_UNIT ( ) SI_UNIT ( $, .RADIAN. ) );
#1244 = FACE_OUTER_BOUND ( 'NONE', #2387, .T. ) ;
#1245 =( BOUNDED_CURVE ( )  B_SPLINE_CURVE ( 3, ( #1655, #234, #1351, #2394 ),
 .UNSPECIFIED., .F., .F. ) 
 B_SPLINE_CURVE_WITH_KNOTS ( ( 4, 4 ),
 ( 4.712388980384689674, 7.853981633974482790 ),
 .UNSPECIFIED. ) 
 CURVE ( )  GEOMETRIC_REPRESENTATION_ITEM ( )  RATIONAL_B_SPLINE_CURVE ( ( 1.000000000000000000, 0.3333333333333333703, 0.3333333333333333703, 1.000000000000000000 ) ) 
 REPRESENTATION_ITEM ( '' )  );
#1246 = VERTEX_POINT ( 'NONE', #2307 ) ;
#1247 = SURFACE_STYLE_FILL_AREA ( #513 ) ;
#1248 = CYLINDRICAL_SURFACE ( 'NONE', #3249, 0.5000000000000004441 ) ;
#1249 = VERTEX_POINT ( 'NONE', #486 ) ;
#1250 = UNCERTAINTY_MEASURE_WITH_UNIT (LENGTH_MEASURE( 1.000000000000000082E-05 ), #1835, 'distance_accuracy_value', 'NONE');
#1251 = FILL_AREA_STYLE ('',( #4490 ) ) ;
#1252 = ADVANCED_FACE ( 'NONE', ( #1554 ), #4355, .F. ) ;
#1253 = FACE_OUTER_BOUND ( 'NONE', #2804, .T. ) ;
#1254 = CARTESIAN_POINT ( 'NONE',  ( 3.600000000000000089, -14.38999999999998636, 8.349999999999999645 ) ) ;
#1255 = ORIENTED_EDGE ( 'NONE', *, *, #3431, .F. ) ;
#1256 = DIRECTION ( 'NONE',  ( 0.000000000000000000, 0.000000000000000000, -1.000000000000000000 ) ) ;
#1257 = VERTEX_POINT ( 'NONE', #1724 ) ;
#1258 = VECTOR ( 'NONE', #1593, 1000.000000000000000 ) ;
#1259 = DIRECTION ( 'NONE',  ( 0.000000000000000000, -1.000000000000000000, 0.000000000000000000 ) ) ;
#1260 = EDGE_CURVE ( 'NONE', #3866, #910, #4009, .T. ) ;
#1261 = CYLINDRICAL_SURFACE ( 'NONE', #3612, 0.4999999999999995559 ) ;
#1262 = COLOUR_RGB ( '',0.8941176470588234615, 0.9137254901960784048, 0.9294117647058823817 ) ;
#1263 = EDGE_LOOP ( 'NONE', ( #682, #1006, #2909, #1909 ) ) ;
#1264 = DIRECTION ( 'NONE',  ( -1.000000000000000000, 0.000000000000000000, 2.168404344971010446E-15 ) ) ;
#1265 =( NAMED_UNIT ( * ) PLANE_ANGLE_UNIT ( ) SI_UNIT ( $, .RADIAN. ) );
#1266 = DIRECTION ( 'NONE',  ( -5.390796614126760730E-15, 0.000000000000000000, -1.000000000000000000 ) ) ;
#1267 = VECTOR ( 'NONE', #2247, 1000.000000000000000 ) ;
#1268 = SURFACE_STYLE_USAGE ( .BOTH. , #621 ) ;
#1269 = CARTESIAN_POINT ( 'NONE',  ( 7.849999999999999645, -14.38999999999998636, -5.000000000000000000 ) ) ;
#1270 = ORIENTED_EDGE ( 'NONE', *, *, #3659, .F. ) ;
#1271 = STYLED_ITEM ( 'NONE', ( #185 ), #4543 ) ;
#1272 = VECTOR ( 'NONE', #3883, 1000.000000000000000 ) ;
#1273 = CARTESIAN_POINT ( 'NONE',  ( 7.849999999999999645, -14.38999999999998636, 5.500000000000000000 ) ) ;
#1274 = ORIENTED_EDGE ( 'NONE', *, *, #746, .F. ) ;
#1275 = CARTESIAN_POINT ( 'NONE',  ( 9.500000000000000000, 160.0000000000000000, 3.100000000000000089 ) ) ;
#1276 = CARTESIAN_POINT ( 'NONE',  ( -8.849999999999999645, -14.38999999999998636, -3.600000000000000089 ) ) ;
#1277 = CARTESIAN_POINT ( 'NONE',  ( 6.272792206135780368, 160.0000000000000000, 5.353553390593270400 ) ) ;
#1278 = ADVANCED_FACE ( 'NONE', ( #3451 ), #3783, .T. ) ;
#1279 = DIRECTION ( 'NONE',  ( 0.000000000000000000, -1.000000000000000000, 0.000000000000000000 ) ) ;
#1280 = VERTEX_POINT ( 'NONE', #4047 ) ;
#1281 =( NAMED_UNIT ( * ) SI_UNIT ( $, .STERADIAN. ) SOLID_ANGLE_UNIT ( ) );
#1282 =( NAMED_UNIT ( * ) PLANE_ANGLE_UNIT ( ) SI_UNIT ( $, .RADIAN. ) );
#1283 = CARTESIAN_POINT ( 'NONE',  ( -3.900000000000002132, -4.390000000000108926, 2.599999999999088374 ) ) ;
#1284 = FILL_AREA_STYLE ('',( #4180 ) ) ;
#1285 = EDGE_CURVE ( 'NONE', #2311, #991, #3196, .T. ) ;
#1286 = LINE ( 'NONE', #3109, #3474 ) ;
#1287 = ORIENTED_EDGE ( 'NONE', *, *, #1128, .F. ) ;
#1288 = LINE ( 'NONE', #1739, #1374 ) ;
#1289 =( NAMED_UNIT ( * ) PLANE_ANGLE_UNIT ( ) SI_UNIT ( $, .RADIAN. ) );
#1290 = MECHANICAL_DESIGN_GEOMETRIC_PRESENTATION_REPRESENTATION (  '', ( #845 ), #4376 ) ;
#1291 = EDGE_CURVE ( 'NONE', #3172, #3968, #1923, .T. ) ;
#1292 = ORIENTED_EDGE ( 'NONE', *, *, #2233, .F. ) ;
#1293 = AXIS2_PLACEMENT_3D ( 'NONE', #503, #1162, #2649 ) ;
#1294 = FILL_AREA_STYLE_COLOUR ( '', #2493 ) ;
#1295 = ORIENTED_EDGE ( 'NONE', *, *, #772, .T. ) ;
#1296 = SURFACE_STYLE_FILL_AREA ( #2050 ) ;
#1297 = UNCERTAINTY_MEASURE_WITH_UNIT (LENGTH_MEASURE( 1.000000000000000082E-05 ), #4011, 'distance_accuracy_value', 'NONE');
#1298 = DIRECTION ( 'NONE',  ( -0.000000000000000000, 1.000000000000000000, -0.000000000000000000 ) ) ;
#1299 = SURFACE_SIDE_STYLE ('',( #1682 ) ) ;
#1300 =( GEOMETRIC_REPRESENTATION_CONTEXT ( 3 ) GLOBAL_UNCERTAINTY_ASSIGNED_CONTEXT ( ( #39 ) ) GLOBAL_UNIT_ASSIGNED_CONTEXT ( ( #2789, #3165, #2527 ) ) REPRESENTATION_CONTEXT ( 'NONE', 'WORKASPACE' ) );
#1301 = ORIENTED_EDGE ( 'NONE', *, *, #1444, .T. ) ;
#1302 = SURFACE_STYLE_USAGE ( .BOTH. , #2080 ) ;
#1303 = DIRECTION ( 'NONE',  ( -0.000000000000000000, 1.000000000000000000, -0.000000000000000000 ) ) ;
#1304 =( NAMED_UNIT ( * ) SI_UNIT ( $, .STERADIAN. ) SOLID_ANGLE_UNIT ( ) );
#1305 = CARTESIAN_POINT ( 'NONE',  ( -3.127207793864275498, -14.38999999999998636, -4.046446609406749495 ) ) ;
#1306 = AXIS2_PLACEMENT_3D ( 'NONE', #1327, #605, #3787 ) ;
#1307 = CIRCLE ( 'NONE', #3284, 2.600000000000000089 ) ;
#1308 = FACE_OUTER_BOUND ( 'NONE', #3009, .T. ) ;
#1309 = SURFACE_SIDE_STYLE ('',( #3130 ) ) ;
#1310 = ORIENTED_EDGE ( 'NONE', *, *, #3106, .F. ) ;
#1311 = FILL_AREA_STYLE ('',( #3914 ) ) ;
#1312 = SURFACE_STYLE_FILL_AREA ( #3539 ) ;
#1313 =( GEOMETRIC_REPRESENTATION_CONTEXT ( 3 ) GLOBAL_UNCERTAINTY_ASSIGNED_CONTEXT ( ( #4691 ) ) GLOBAL_UNIT_ASSIGNED_CONTEXT ( ( #3698, #4467, #1896 ) ) REPRESENTATION_CONTEXT ( 'NONE', 'WORKASPACE' ) );
#1314 = VECTOR ( 'NONE', #3137, 1000.000000000000000 ) ;
#1315 = ADVANCED_FACE ( 'NONE', ( #448 ), #870, .F. ) ;
#1316 = CARTESIAN_POINT ( 'NONE',  ( -4.046446609406734396, 160.0000000000000000, 3.127207793864305252 ) ) ;
#1317 = CIRCLE ( 'NONE', #1242, 0.5000000000000000000 ) ;
#1318 = LINE ( 'NONE', #2848, #516 ) ;
#1319 = CARTESIAN_POINT ( 'NONE',  ( 9.000000000000000000, 160.0000000000000000, 10.00000000000000000 ) ) ;
#1320 = EDGE_LOOP ( 'NONE', ( #496, #954, #2439, #217 ) ) ;
#1321 = EDGE_CURVE ( 'NONE', #4428, #9, #2063, .T. ) ;
#1322 = MECHANICAL_DESIGN_GEOMETRIC_PRESENTATION_REPRESENTATION (  '', ( #564 ), #8 ) ;
#1323 = FILL_AREA_STYLE ('',( #2417 ) ) ;
#1324 = CARTESIAN_POINT ( 'NONE',  ( 9.000000000000000000, 160.0000000000000000, -9.000000000000000000 ) ) ;
#1325 = LINE ( 'NONE', #3899, #714 ) ;
#1326 = VERTEX_POINT ( 'NONE', #4206 ) ;
#1327 = CARTESIAN_POINT ( 'NONE',  ( -3.100000000000000089, 160.0000000000000000, 8.349999999999999645 ) ) ;
#1328 = SURFACE_SIDE_STYLE ('',( #3833 ) ) ;
#1329 = MECHANICAL_DESIGN_GEOMETRIC_PRESENTATION_REPRESENTATION (  '', ( #3229 ), #4185 ) ;
#1330 = SURFACE_SIDE_STYLE ('',( #2403 ) ) ;
#1331 = VERTEX_POINT ( 'NONE', #4157 ) ;
#1332 =( LENGTH_UNIT ( ) NAMED_UNIT ( * ) SI_UNIT ( .MILLI., .METRE. ) );
#1333 = FILL_AREA_STYLE ('',( #1665 ) ) ;
#1334 = CARTESIAN_POINT ( 'NONE',  ( 9.000000000000000000, 160.0000000000000000, 10.00000000000000000 ) ) ;
#1335 = DIRECTION ( 'NONE',  ( 0.000000000000000000, 1.000000000000000000, 0.000000000000000000 ) ) ;
#1336 =( NAMED_UNIT ( * ) SI_UNIT ( $, .STERADIAN. ) SOLID_ANGLE_UNIT ( ) );
#1337 = CIRCLE ( 'NONE', #1737, 0.5000000000000000000 ) ;
#1338 = ORIENTED_EDGE ( 'NONE', *, *, #3487, .T. ) ;
#1339 = LINE ( 'NONE', #4228, #2770 ) ;
#1340 = SURFACE_STYLE_USAGE ( .BOTH. , #4568 ) ;
#1341 = LINE ( 'NONE', #2411, #3476 ) ;
#1342 = STYLED_ITEM ( 'NONE', ( #4492 ), #4139 ) ;
#1343 = CARTESIAN_POINT ( 'NONE',  ( 9.000000000000000000, 160.0000000000000000, -10.00000000000000000 ) ) ;
#1344 = FILL_AREA_STYLE ('',( #3822 ) ) ;
#1345 = EDGE_CURVE ( 'NONE', #3808, #4428, #3420, .T. ) ;
#1346 = CIRCLE ( 'NONE', #260, 0.5000000000000004441 ) ;
#1347 = ORIENTED_EDGE ( 'NONE', *, *, #618, .F. ) ;
#1348 = SURFACE_STYLE_USAGE ( .BOTH. , #3156 ) ;
#1349 = AXIS2_PLACEMENT_3D ( 'NONE', #3228, #280, #1863 ) ;
#1350 = EDGE_CURVE ( 'NONE', #4539, #2791, #2040, .T. ) ;
#1351 = CARTESIAN_POINT ( 'NONE',  ( 5.200000000000008171, -9.590000000000109992, 2.599999999999546230 ) ) ;
#1352 = ORIENTED_EDGE ( 'NONE', *, *, #919, .T. ) ;
#1353 = DIRECTION ( 'NONE',  ( 0.000000000000000000, 0.000000000000000000, -1.000000000000000000 ) ) ;
#1354 = LINE ( 'NONE', #1729, #4018 ) ;
#1355 = AXIS2_PLACEMENT_3D ( 'NONE', #4320, #742, #693 ) ;
#1356 = LINE ( 'NONE', #607, #4122 ) ;
#1357 = FILL_AREA_STYLE ('',( #4243 ) ) ;
#1358 = PRESENTATION_STYLE_ASSIGNMENT (( #521 ) ) ;
#1359 = ADVANCED_FACE ( 'NONE', ( #1308 ), #2766, .T. ) ;
#1360 = DIRECTION ( 'NONE',  ( 0.000000000000000000, -1.000000000000000000, 0.000000000000000000 ) ) ;
#1361 = ORIENTED_EDGE ( 'NONE', *, *, #3264, .F. ) ;
#1362 = CARTESIAN_POINT ( 'NONE',  ( 8.349999999999999645, 160.0000000000000000, -3.600000000000000089 ) ) ;
#1363 = DIRECTION ( 'NONE',  ( 0.000000000000000000, 0.000000000000000000, -1.000000000000000000 ) ) ;
#1364 = PRESENTATION_LAYER_ASSIGNMENT (  '', '', ( #412 ) ) ;
#1365 = DIRECTION ( 'NONE',  ( 0.000000000000000000, -1.000000000000000000, 0.000000000000000000 ) ) ;
#1366 = VECTOR ( 'NONE', #937, 1000.000000000000000 ) ;
#1367 =( NAMED_UNIT ( * ) PLANE_ANGLE_UNIT ( ) SI_UNIT ( $, .RADIAN. ) );
#1368 = DIRECTION ( 'NONE',  ( -1.000000000000000000, -0.000000000000000000, 9.637352644315589080E-17 ) ) ;
#1369 = ORIENTED_EDGE ( 'NONE', *, *, #3327, .F. ) ;
#1370 = DIRECTION ( 'NONE',  ( -1.000000000000000000, -0.000000000000000000, 9.637352644315589080E-17 ) ) ;
#1371 = DIRECTION ( 'NONE',  ( -0.7071067811865588970, 0.000000000000000000, 0.7071067811865360264 ) ) ;
#1372 = VERTEX_POINT ( 'NONE', #741 ) ;
#1373 = CARTESIAN_POINT ( 'NONE',  ( 3.600000000000000089, -14.38999999999998636, -8.849999999999999645 ) ) ;
#1374 = VECTOR ( 'NONE', #4501, 1000.000000000000000 ) ;
#1375 = CARTESIAN_POINT ( 'NONE',  ( 3.100000000000000089, 160.0000000000000000, 8.849999999999999645 ) ) ;
#1376 = VERTEX_POINT ( 'NONE', #292 ) ;
#1377 = COLOUR_RGB ( '',0.8941176470588234615, 0.9137254901960784048, 0.9294117647058823817 ) ;
#1378 = DIRECTION ( 'NONE',  ( 0.000000000000000000, 1.000000000000000000, 0.000000000000000000 ) ) ;
#1379 = ADVANCED_FACE ( 'NONE', ( #2530 ), #1777, .F. ) ;
#1380 = FACE_OUTER_BOUND ( 'NONE', #1569, .T. ) ;
#1381 = ORIENTED_EDGE ( 'NONE', *, *, #4426, .F. ) ;
#1382 = DIRECTION ( 'NONE',  ( 0.000000000000000000, -1.000000000000000000, 0.000000000000000000 ) ) ;
#1383 = CARTESIAN_POINT ( 'NONE',  ( -8.849999999999999645, 160.0000000000000000, -3.100000000000000089 ) ) ;
#1384 = EDGE_CURVE ( 'NONE', #1280, #2750, #1175, .T. ) ;
#1385 = FACE_OUTER_BOUND ( 'NONE', #3848, .T. ) ;
#1386 = VERTEX_POINT ( 'NONE', #1156 ) ;
#1387 = SURFACE_STYLE_USAGE ( .BOTH. , #3192 ) ;
#1388 = MECHANICAL_DESIGN_GEOMETRIC_PRESENTATION_REPRESENTATION (  '', ( #783 ), #2393 ) ;
#1389 = LINE ( 'NONE', #4679, #4318 ) ;
#1390 = SURFACE_STYLE_FILL_AREA ( #2091 ) ;
#1391 = CIRCLE ( 'NONE', #4624, 0.5000000000000004441 ) ;
#1392 = AXIS2_PLACEMENT_3D ( 'NONE', #2200, #3576, #2181 ) ;
#1393 = CARTESIAN_POINT ( 'NONE',  ( -9.000000000000000000, 160.0000000000000000, -9.000000000000000000 ) ) ;
#1394 = AXIS2_PLACEMENT_3D ( 'NONE', #547, #478, #3376 ) ;
#1395 = ORIENTED_EDGE ( 'NONE', *, *, #214, .F. ) ;
#1396 = AXIS2_PLACEMENT_3D ( 'NONE', #1492, #2557, #1021 ) ;
#1397 =( GEOMETRIC_REPRESENTATION_CONTEXT ( 3 ) GLOBAL_UNCERTAINTY_ASSIGNED_CONTEXT ( ( #1560 ) ) GLOBAL_UNIT_ASSIGNED_CONTEXT ( ( #4667, #2143, #3565 ) ) REPRESENTATION_CONTEXT ( 'NONE', 'WORKASPACE' ) );
#1398 = ORIENTED_EDGE ( 'NONE', *, *, #650, .F. ) ;
#1399 = UNCERTAINTY_MEASURE_WITH_UNIT (LENGTH_MEASURE( 1.000000000000000082E-05 ), #1494, 'distance_accuracy_value', 'NONE');
#1400 = SURFACE_SIDE_STYLE ('',( #330 ) ) ;
#1401 = FILL_AREA_STYLE ('',( #635 ) ) ;
#1402 = ORIENTED_EDGE ( 'NONE', *, *, #2465, .F. ) ;
#1403 =( GEOMETRIC_REPRESENTATION_CONTEXT ( 3 ) GLOBAL_UNCERTAINTY_ASSIGNED_CONTEXT ( ( #1297 ) ) GLOBAL_UNIT_ASSIGNED_CONTEXT ( ( #4011, #398, #2604 ) ) REPRESENTATION_CONTEXT ( 'NONE', 'WORKASPACE' ) );
#1404 = EDGE_CURVE ( 'NONE', #1057, #3450, #1132, .T. ) ;
#1405 = SURFACE_STYLE_FILL_AREA ( #10 ) ;
#1406 = FILL_AREA_STYLE_COLOUR ( '', #2470 ) ;
#1407 = DIRECTION ( 'NONE',  ( -1.927470528863119788E-16, 0.000000000000000000, -1.000000000000000000 ) ) ;
#1408 = ORIENTED_EDGE ( 'NONE', *, *, #1513, .T. ) ;
#1409 = DIRECTION ( 'NONE',  ( 0.000000000000000000, -1.000000000000000000, 0.000000000000000000 ) ) ;
#1410 = EDGE_CURVE ( 'NONE', #392, #3433, #346, .T. ) ;
#1411 = DIRECTION ( 'NONE',  ( 0.000000000000000000, 0.000000000000000000, -1.000000000000000000 ) ) ;
#1412 = CARTESIAN_POINT ( 'NONE',  ( 10.00000000000000000, -14.38999999999998636, -3.599999999999999201 ) ) ;
#1413 = FACE_OUTER_BOUND ( 'NONE', #3588, .T. ) ;
#1414 = MECHANICAL_DESIGN_GEOMETRIC_PRESENTATION_REPRESENTATION (  '', ( #2629 ), #1169 ) ;
#1415 = ORIENTED_EDGE ( 'NONE', *, *, #2261, .T. ) ;
#1416 = ORIENTED_EDGE ( 'NONE', *, *, #4628, .T. ) ;
#1417 =( NAMED_UNIT ( * ) PLANE_ANGLE_UNIT ( ) SI_UNIT ( $, .RADIAN. ) );
#1418 = MECHANICAL_DESIGN_GEOMETRIC_PRESENTATION_REPRESENTATION (  '', ( #1810 ), #2257 ) ;
#1419 =( GEOMETRIC_REPRESENTATION_CONTEXT ( 3 ) GLOBAL_UNCERTAINTY_ASSIGNED_CONTEXT ( ( #2933 ) ) GLOBAL_UNIT_ASSIGNED_CONTEXT ( ( #259, #2007, #1704 ) ) REPRESENTATION_CONTEXT ( 'NONE', 'WORKASPACE' ) );
#1420 = SURFACE_STYLE_USAGE ( .BOTH. , #4305 ) ;
#1421 = ORIENTED_EDGE ( 'NONE', *, *, #724, .T. ) ;
#1422 = SURFACE_STYLE_USAGE ( .BOTH. , #4646 ) ;
#1423 =( LENGTH_UNIT ( ) NAMED_UNIT ( * ) SI_UNIT ( .MILLI., .METRE. ) );
#1424 = DIRECTION ( 'NONE',  ( 1.000000000000000000, 0.000000000000000000, 1.796932204708914853E-15 ) ) ;
#1425 =( GEOMETRIC_REPRESENTATION_CONTEXT ( 3 ) GLOBAL_UNCERTAINTY_ASSIGNED_CONTEXT ( ( #2633 ) ) GLOBAL_UNIT_ASSIGNED_CONTEXT ( ( #1168, #3316, #3705 ) ) REPRESENTATION_CONTEXT ( 'NONE', 'WORKASPACE' ) );
#1426 = SURFACE_STYLE_FILL_AREA ( #2548 ) ;
#1427 = CIRCLE ( 'NONE', #1349, 0.4999999999999952260 ) ;
#1428 = ORIENTED_EDGE ( 'NONE', *, *, #42, .T. ) ;
#1429 = CARTESIAN_POINT ( 'NONE',  ( 3.127207793864281715, -14.38999999999998636, -4.046446609406742390 ) ) ;
#1430 = CARTESIAN_POINT ( 'NONE',  ( -9.500000000000000000, -14.38999999999998636, -3.100000000000000089 ) ) ;
#1431 = DIRECTION ( 'NONE',  ( 0.000000000000000000, -1.000000000000000000, 0.000000000000000000 ) ) ;
#1432 = CARTESIAN_POINT ( 'NONE',  ( 10.00000000000000000, 160.0000000000000000, 3.600000000000000089 ) ) ;
#1433 = AXIS2_PLACEMENT_3D ( 'NONE', #4528, #2794, #2385 ) ;
#1434 = AXIS2_PLACEMENT_3D ( 'NONE', #4367, #1587, #1205 ) ;
#1435 = PRESENTATION_LAYER_ASSIGNMENT (  '', '', ( #4067 ) ) ;
#1436 = EDGE_CURVE ( 'NONE', #3681, #1745, #3042, .T. ) ;
#1437 = DIRECTION ( 'NONE',  ( -1.000000000000000000, 0.000000000000000000, -2.891205793294685327E-15 ) ) ;
#1438 =( NAMED_UNIT ( * ) PLANE_ANGLE_UNIT ( ) SI_UNIT ( $, .RADIAN. ) );
#1439 = ORIENTED_EDGE ( 'NONE', *, *, #277, .F. ) ;
#1440 = DIRECTION ( 'NONE',  ( 0.000000000000000000, -1.000000000000000000, 0.000000000000000000 ) ) ;
#1441 = SURFACE_STYLE_FILL_AREA ( #1803 ) ;
#1442 = FILL_AREA_STYLE_COLOUR ( '', #4366 ) ;
#1443 =( LENGTH_UNIT ( ) NAMED_UNIT ( * ) SI_UNIT ( .MILLI., .METRE. ) );
#1444 = EDGE_CURVE ( 'NONE', #460, #4148, #3326, .T. ) ;
#1445 = VERTEX_POINT ( 'NONE', #3393 ) ;
#1446 = ORIENTED_EDGE ( 'NONE', *, *, #4387, .F. ) ;
#1447 = LINE ( 'NONE', #780, #2538 ) ;
#1448 = FACE_OUTER_BOUND ( 'NONE', #3335, .T. ) ;
#1449 = ORIENTED_EDGE ( 'NONE', *, *, #4304, .T. ) ;
#1450 = DIRECTION ( 'NONE',  ( 0.000000000000000000, 0.000000000000000000, 1.000000000000000000 ) ) ;
#1451 = UNCERTAINTY_MEASURE_WITH_UNIT (LENGTH_MEASURE( 1.000000000000000082E-05 ), #1689, 'distance_accuracy_value', 'NONE');
#1452 = CARTESIAN_POINT ( 'NONE',  ( -2.773654403270995328, -14.38999999999998636, -4.400000000000000355 ) ) ;
#1453 = CYLINDRICAL_SURFACE ( 'NONE', #3278, 0.4999999999999995559 ) ;
#1454 = VECTOR ( 'NONE', #1264, 1000.000000000000000 ) ;
#1455 = SURFACE_STYLE_USAGE ( .BOTH. , #3661 ) ;
#1456 = ORIENTED_EDGE ( 'NONE', *, *, #3688, .T. ) ;
#1457 = FACE_OUTER_BOUND ( 'NONE', #3027, .T. ) ;
#1458 = FILL_AREA_STYLE_COLOUR ( '', #576 ) ;
#1459 = DIRECTION ( 'NONE',  ( -0.000000000000000000, 1.000000000000000000, -0.000000000000000000 ) ) ;
#1460 = EDGE_CURVE ( 'NONE', #2834, #358, #1891, .T. ) ;
#1461 =( NAMED_UNIT ( * ) SI_UNIT ( $, .STERADIAN. ) SOLID_ANGLE_UNIT ( ) );
#1462 = ORIENTED_EDGE ( 'NONE', *, *, #391, .T. ) ;
#1463 = DIRECTION ( 'NONE',  ( 0.000000000000000000, -1.000000000000000000, 0.000000000000000000 ) ) ;
#1464 = AXIS2_PLACEMENT_3D ( 'NONE', #3782, #4482, #2363 ) ;
#1465 = SURFACE_STYLE_FILL_AREA ( #3607 ) ;
#1466 = VERTEX_POINT ( 'NONE', #122 ) ;
#1467 = LINE ( 'NONE', #2922, #3221 ) ;
#1468 = PRESENTATION_STYLE_ASSIGNMENT (( #4686 ) ) ;
#1469 = FACE_OUTER_BOUND ( 'NONE', #3642, .T. ) ;
#1470 = EDGE_CURVE ( 'NONE', #399, #3374, #2987, .T. ) ;
#1471 = CIRCLE ( 'NONE', #4389, 0.4999999999999995559 ) ;
#1472 = CARTESIAN_POINT ( 'NONE',  ( 10.00000000000000000, 160.0000000000000000, 9.000000000000000000 ) ) ;
#1473 = VECTOR ( 'NONE', #1776, 1000.000000000000000 ) ;
#1474 = DIRECTION ( 'NONE',  ( -1.000000000000000000, 0.000000000000000000, 9.637352644315589080E-17 ) ) ;
#1475 = VERTEX_POINT ( 'NONE', #1732 ) ;
#1476 = EDGE_CURVE ( 'NONE', #523, #1882, #3857, .T. ) ;
#1477 = LINE ( 'NONE', #1814, #3021 ) ;
#1478 = AXIS2_PLACEMENT_3D ( 'NONE', #4211, #4191, #4232 ) ;
#1479 =( NAMED_UNIT ( * ) SI_UNIT ( $, .STERADIAN. ) SOLID_ANGLE_UNIT ( ) );
#1480 = LINE ( 'NONE', #4672, #632 ) ;
#1481 = VECTOR ( 'NONE', #4244, 1000.000000000000000 ) ;
#1482 =( NAMED_UNIT ( * ) PLANE_ANGLE_UNIT ( ) SI_UNIT ( $, .RADIAN. ) );
#1483 = EDGE_LOOP ( 'NONE', ( #2981, #3223, #2897, #2097 ) ) ;
#1484 = SURFACE_STYLE_USAGE ( .BOTH. , #4653 ) ;
#1485 = FACE_BOUND ( 'NONE', #2059, .T. ) ;
#1486 = SURFACE_SIDE_STYLE ('',( #1085 ) ) ;
#1487 = CARTESIAN_POINT ( 'NONE',  ( 5.500000000000000000, -14.38999999999998636, 6.626345596729049880 ) ) ;
#1488 = MECHANICAL_DESIGN_GEOMETRIC_PRESENTATION_REPRESENTATION (  '', ( #2852 ), #1 ) ;
#1489 = SURFACE_STYLE_USAGE ( .BOTH. , #715 ) ;
#1490 = ORIENTED_EDGE ( 'NONE', *, *, #2095, .F. ) ;
#1491 = FACE_OUTER_BOUND ( 'NONE', #3765, .T. ) ;
#1492 = CARTESIAN_POINT ( 'NONE',  ( -2.773654403270999769, 160.0000000000000000, 4.400000000000000355 ) ) ;
#1493 = DIRECTION ( 'NONE',  ( -0.000000000000000000, 1.000000000000000000, -0.000000000000000000 ) ) ;
#1494 =( LENGTH_UNIT ( ) NAMED_UNIT ( * ) SI_UNIT ( .MILLI., .METRE. ) );
#1495 = ORIENTED_EDGE ( 'NONE', *, *, #2720, .F. ) ;
#1496 = FILL_AREA_STYLE ('',( #2145 ) ) ;
#1497 = CARTESIAN_POINT ( 'NONE',  ( 5.000000000000000000, 160.0000000000000000, -7.849999999999999645 ) ) ;
#1498 = EDGE_CURVE ( 'NONE', #4087, #206, #994, .T. ) ;
#1499 = FILL_AREA_STYLE ('',( #426 ) ) ;
#1500 = CARTESIAN_POINT ( 'NONE',  ( -3.127207793864275054, 160.0000000000000000, -4.046446609406749495 ) ) ;
#1501 = CARTESIAN_POINT ( 'NONE',  ( -9.000000000000000000, -14.38999999999998636, -9.000000000000000000 ) ) ;
#1502 =( GEOMETRIC_REPRESENTATION_CONTEXT ( 3 ) GLOBAL_UNCERTAINTY_ASSIGNED_CONTEXT ( ( #1097 ) ) GLOBAL_UNIT_ASSIGNED_CONTEXT ( ( #12, #3666, #1820 ) ) REPRESENTATION_CONTEXT ( 'NONE', 'WORKASPACE' ) );
#1503 = VERTEX_POINT ( 'NONE', #2374 ) ;
#1504 = CARTESIAN_POINT ( 'NONE',  ( 8.349999999999999645, -14.38999999999998636, 5.000000000000000000 ) ) ;
#1505 = UNCERTAINTY_MEASURE_WITH_UNIT (LENGTH_MEASURE( 1.000000000000000082E-05 ), #1533, 'distance_accuracy_value', 'NONE');
#1506 = CARTESIAN_POINT ( 'NONE',  ( 5.500000000000000000, 160.0000000000000000, -7.849999999999999645 ) ) ;
#1507 = PRESENTATION_STYLE_ASSIGNMENT (( #2858 ) ) ;
#1508 = ADVANCED_FACE ( 'NONE', ( #1253 ), #930, .F. ) ;
#1509 = CARTESIAN_POINT ( 'NONE',  ( -3.600000000000000089, -14.38999999999998636, 10.00000000000000000 ) ) ;
#1510 = ORIENTED_EDGE ( 'NONE', *, *, #1859, .F. ) ;
#1511 =( NAMED_UNIT ( * ) PLANE_ANGLE_UNIT ( ) SI_UNIT ( $, .RADIAN. ) );
#1512 = VECTOR ( 'NONE', #1407, 1000.000000000000000 ) ;
#1513 = EDGE_CURVE ( 'NONE', #3396, #3986, #4688, .T. ) ;
#1514 = CIRCLE ( 'NONE', #3466, 0.9999999999999991118 ) ;
#1515 = DIRECTION ( 'NONE',  ( 0.000000000000000000, 0.000000000000000000, 1.000000000000000000 ) ) ;
#1516 =( NAMED_UNIT ( * ) SI_UNIT ( $, .STERADIAN. ) SOLID_ANGLE_UNIT ( ) );
#1517 = VERTEX_POINT ( 'NONE', #2194 ) ;
#1518 =( LENGTH_UNIT ( ) NAMED_UNIT ( * ) SI_UNIT ( .MILLI., .METRE. ) );
#1519 = LINE ( 'NONE', #3039, #2691 ) ;
#1520 = DIRECTION ( 'NONE',  ( 1.000000000000000000, 0.000000000000000000, 0.000000000000000000 ) ) ;
#1521 = COLOUR_RGB ( '',0.8941176470588234615, 0.9137254901960784048, 0.9294117647058823817 ) ;
#1522 = DIRECTION ( 'NONE',  ( 0.7071067811865431318, 0.000000000000000000, 0.7071067811865520136 ) ) ;
#1523 = DIRECTION ( 'NONE',  ( 0.000000000000000000, 0.000000000000000000, -1.000000000000000000 ) ) ;
#1524 = ORIENTED_EDGE ( 'NONE', *, *, #359, .T. ) ;
#1525 = STYLED_ITEM ( 'NONE', ( #2603 ), #1539 ) ;
#1526 = MECHANICAL_DESIGN_GEOMETRIC_PRESENTATION_REPRESENTATION (  '', ( #3618 ), #2510 ) ;
#1527 = FILL_AREA_STYLE ('',( #4404 ) ) ;
#1528 = PRESENTATION_LAYER_ASSIGNMENT (  '', '', ( #3468 ) ) ;
#1529 = FACE_OUTER_BOUND ( 'NONE', #938, .T. ) ;
#1530 = VERTEX_POINT ( 'NONE', #1093 ) ;
#1531 = DIRECTION ( 'NONE',  ( 0.000000000000000000, 0.000000000000000000, 1.000000000000000000 ) ) ;
#1532 = LINE ( 'NONE', #2682, #2725 ) ;
#1533 =( LENGTH_UNIT ( ) NAMED_UNIT ( * ) SI_UNIT ( .MILLI., .METRE. ) );
#1534 =( NAMED_UNIT ( * ) SI_UNIT ( $, .STERADIAN. ) SOLID_ANGLE_UNIT ( ) );
#1535 = PRESENTATION_STYLE_ASSIGNMENT (( #1455 ) ) ;
#1536 = CARTESIAN_POINT ( 'NONE',  ( 5.500000000000000000, 160.0000000000000000, -8.349999999999999645 ) ) ;
#1537 = EDGE_LOOP ( 'NONE', ( #2046, #644, #3590, #1749 ) ) ;
#1538 = DIRECTION ( 'NONE',  ( -0.000000000000000000, 1.000000000000000000, -0.000000000000000000 ) ) ;
#1539 = ADVANCED_FACE ( 'NONE', ( #2565 ), #397, .F. ) ;
#1540 = CARTESIAN_POINT ( 'NONE',  ( -9.500000000000000000, -14.38999999999998636, 3.099999999999999645 ) ) ;
#1541 = SURFACE_SIDE_STYLE ('',( #1178 ) ) ;
#1542 = ORIENTED_EDGE ( 'NONE', *, *, #4628, .F. ) ;
#1543 = FACE_OUTER_BOUND ( 'NONE', #3410, .T. ) ;
#1544 =( GEOMETRIC_REPRESENTATION_CONTEXT ( 3 ) GLOBAL_UNCERTAINTY_ASSIGNED_CONTEXT ( ( #439 ) ) GLOBAL_UNIT_ASSIGNED_CONTEXT ( ( #2379, #1367, #642 ) ) REPRESENTATION_CONTEXT ( 'NONE', 'WORKASPACE' ) );
#1545 = CARTESIAN_POINT ( 'NONE',  ( -4.400000000000000355, -14.38999999999998636, 2.773654403271025082 ) ) ;
#1546 = ADVANCED_FACE ( 'NONE', ( #1380 ), #1756, .F. ) ;
#1547 = SURFACE_STYLE_USAGE ( .BOTH. , #160 ) ;
#1548 = VERTEX_POINT ( 'NONE', #3727 ) ;
#1549 = DIRECTION ( 'NONE',  ( -1.000000000000000000, 0.000000000000000000, 5.840029665304000586E-15 ) ) ;
#1550 = CARTESIAN_POINT ( 'NONE',  ( 6.272792206135776816, -14.38999999999998636, -5.353553390593272177 ) ) ;
#1551 =( LENGTH_UNIT ( ) NAMED_UNIT ( * ) SI_UNIT ( .MILLI., .METRE. ) );
#1552 = STYLED_ITEM ( 'NONE', ( #2012 ), #83 ) ;
#1553 = ORIENTED_EDGE ( 'NONE', *, *, #4457, .F. ) ;
#1554 = FACE_OUTER_BOUND ( 'NONE', #2753, .T. ) ;
#1555 = PRESENTATION_LAYER_ASSIGNMENT (  '', '', ( #2084 ) ) ;
#1556 =( NAMED_UNIT ( * ) PLANE_ANGLE_UNIT ( ) SI_UNIT ( $, .RADIAN. ) );
#1557 = LINE ( 'NONE', #2336, #699 ) ;
#1558 = DIRECTION ( 'NONE',  ( 0.7071067811865520136, 0.000000000000000000, 0.7071067811865431318 ) ) ;
#1559 = ORIENTED_EDGE ( 'NONE', *, *, #2830, .T. ) ;
#1560 = UNCERTAINTY_MEASURE_WITH_UNIT (LENGTH_MEASURE( 1.000000000000000082E-05 ), #4667, 'distance_accuracy_value', 'NONE');
#1561 = CARTESIAN_POINT ( 'NONE',  ( 3.600000000000000089, 160.0000000000000000, -8.349999999999999645 ) ) ;
#1562 = AXIS2_PLACEMENT_3D ( 'NONE', #4029, #324, #1857 ) ;
#1563 = STYLED_ITEM ( 'NONE', ( #126 ), #2991 ) ;
#1564 = VECTOR ( 'NONE', #3153, 1000.000000000000000 ) ;
#1565 = EDGE_CURVE ( 'NONE', #2811, #1943, #2734, .T. ) ;
#1566 = LINE ( 'NONE', #1635, #3253 ) ;
#1567 = LINE ( 'NONE', #4465, #2270 ) ;
#1568 = ORIENTED_EDGE ( 'NONE', *, *, #1659, .F. ) ;
#1569 = EDGE_LOOP ( 'NONE', ( #2147, #2249, #2762, #3115 ) ) ;
#1570 = DIRECTION ( 'NONE',  ( 1.000000000000000000, 0.000000000000000000, -3.416879573893720099E-15 ) ) ;
#1571 = DIRECTION ( 'NONE',  ( 1.000000000000000000, 0.000000000000000000, 2.891205793294685327E-15 ) ) ;
#1572 = EDGE_CURVE ( 'NONE', #2932, #4526, #3050, .T. ) ;
#1573 = ORIENTED_EDGE ( 'NONE', *, *, #3085, .T. ) ;
#1574 = CYLINDRICAL_SURFACE ( 'NONE', #3471, 0.5000000000000004441 ) ;
#1575 = CYLINDRICAL_SURFACE ( 'NONE', #836, 2.600000000000000089 ) ;
#1576 = PRESENTATION_LAYER_ASSIGNMENT (  '', '', ( #3229 ) ) ;
#1577 = VERTEX_POINT ( 'NONE', #1646 ) ;
#1578 = CARTESIAN_POINT ( 'NONE',  ( 8.349999999999999645, 160.0000000000000000, -5.500000000000000000 ) ) ;
#1579 = PLANE ( 'NONE',  #2337 ) ;
#1580 = CIRCLE ( 'NONE', #2559, 2.600000000000000089 ) ;
#1581 = DIRECTION ( 'NONE',  ( 0.000000000000000000, -1.000000000000000000, 0.000000000000000000 ) ) ;
#1582 = PRESENTATION_LAYER_ASSIGNMENT (  '', '', ( #3235 ) ) ;
#1583 = VERTEX_POINT ( 'NONE', #1997 ) ;
#1584 = CARTESIAN_POINT ( 'NONE',  ( -8.349999999999999645, 160.0000000000000000, -3.100000000000000089 ) ) ;
#1585 = DIRECTION ( 'NONE',  ( 0.000000000000000000, 0.000000000000000000, -1.000000000000000000 ) ) ;
#1586 = VECTOR ( 'NONE', #90, 1000.000000000000000 ) ;
#1587 = DIRECTION ( 'NONE',  ( 0.000000000000000000, 1.000000000000000000, 0.000000000000000000 ) ) ;
#1588 = AXIS2_PLACEMENT_3D ( 'NONE', #4223, #197, #2467 ) ;
#1589 = ORIENTED_EDGE ( 'NONE', *, *, #2317, .F. ) ;
#1590 =( NAMED_UNIT ( * ) SI_UNIT ( $, .STERADIAN. ) SOLID_ANGLE_UNIT ( ) );
#1591 = DIRECTION ( 'NONE',  ( 0.000000000000000000, 0.000000000000000000, 1.000000000000000000 ) ) ;
#1592 = LINE ( 'NONE', #1638, #2842 ) ;
#1593 = DIRECTION ( 'NONE',  ( 0.000000000000000000, -1.000000000000000000, 0.000000000000000000 ) ) ;
#1594 = EDGE_CURVE ( 'NONE', #768, #3534, #976, .T. ) ;
#1595 = ORIENTED_EDGE ( 'NONE', *, *, #680, .T. ) ;
#1596 = SURFACE_STYLE_USAGE ( .BOTH. , #3071 ) ;
#1597 =( NAMED_UNIT ( * ) PLANE_ANGLE_UNIT ( ) SI_UNIT ( $, .RADIAN. ) );
#1598 = COLOUR_RGB ( '',0.8941176470588234615, 0.9137254901960784048, 0.9294117647058823817 ) ;
#1599 = EDGE_CURVE ( 'NONE', #1661, #399, #3176, .T. ) ;
#1600 = FACE_OUTER_BOUND ( 'NONE', #21, .T. ) ;
#1601 = PRESENTATION_LAYER_ASSIGNMENT (  '', '', ( #2904 ) ) ;
#1602 = PRESENTATION_LAYER_ASSIGNMENT (  '', '', ( #347 ) ) ;
#1603 = DIRECTION ( 'NONE',  ( 0.000000000000000000, 0.000000000000000000, -1.000000000000000000 ) ) ;
#1604 = ORIENTED_EDGE ( 'NONE', *, *, #1069, .T. ) ;
#1605 =( GEOMETRIC_REPRESENTATION_CONTEXT ( 3 ) GLOBAL_UNCERTAINTY_ASSIGNED_CONTEXT ( ( #4308 ) ) GLOBAL_UNIT_ASSIGNED_CONTEXT ( ( #3180, #2927, #3966 ) ) REPRESENTATION_CONTEXT ( 'NONE', 'WORKASPACE' ) );
#1606 = CARTESIAN_POINT ( 'NONE',  ( -7.849999999999999645, -160.0000000000000000, -5.500000000000000000 ) ) ;
#1607 = FACE_OUTER_BOUND ( 'NONE', #4378, .T. ) ;
#1608 = EDGE_CURVE ( 'NONE', #3119, #3681, #2430, .T. ) ;
#1609 = SURFACE_STYLE_FILL_AREA ( #402 ) ;
#1610 =( GEOMETRIC_REPRESENTATION_CONTEXT ( 3 ) GLOBAL_UNCERTAINTY_ASSIGNED_CONTEXT ( ( #2881 ) ) GLOBAL_UNIT_ASSIGNED_CONTEXT ( ( #2707, #1645, #549 ) ) REPRESENTATION_CONTEXT ( 'NONE', 'WORKASPACE' ) );
#1611 = CARTESIAN_POINT ( 'NONE',  ( 3.127207793864275054, -160.0000000000000000, 4.046446609406749495 ) ) ;
#1612 = ORIENTED_EDGE ( 'NONE', *, *, #2519, .T. ) ;
#1613 = UNCERTAINTY_MEASURE_WITH_UNIT (LENGTH_MEASURE( 1.000000000000000082E-05 ), #3203, 'distance_accuracy_value', 'NONE');
#1614 = DIRECTION ( 'NONE',  ( 0.000000000000000000, 0.000000000000000000, -1.000000000000000000 ) ) ;
#1615 = DIRECTION ( 'NONE',  ( 1.000000000000000000, 0.000000000000000000, 7.228014483236679792E-16 ) ) ;
#1616 = DIRECTION ( 'NONE',  ( 0.000000000000000000, -1.000000000000000000, 0.000000000000000000 ) ) ;
#1617 = LINE ( 'NONE', #96, #1189 ) ;
#1618 = ORIENTED_EDGE ( 'NONE', *, *, #3106, .T. ) ;
#1619 = ORIENTED_EDGE ( 'NONE', *, *, #591, .F. ) ;
#1620 = COLOUR_RGB ( '',0.8941176470588234615, 0.9137254901960784048, 0.9294117647058823817 ) ;
#1621 = ORIENTED_EDGE ( 'NONE', *, *, #3706, .T. ) ;
#1622 = CARTESIAN_POINT ( 'NONE',  ( 3.099999999999999645, -14.38999999999998636, 9.500000000000000000 ) ) ;
#1623 = EDGE_CURVE ( 'NONE', #2258, #3093, #1318, .T. ) ;
#1624 = ORIENTED_EDGE ( 'NONE', *, *, #2857, .T. ) ;
#1625 = DIRECTION ( 'NONE',  ( 0.000000000000000000, 0.000000000000000000, -1.000000000000000000 ) ) ;
#1626 = LINE ( 'NONE', #2241, #1586 ) ;
#1627 = LINE ( 'NONE', #4379, #71 ) ;
#1628 = EDGE_CURVE ( 'NONE', #750, #3534, #4162, .T. ) ;
#1629 = DIRECTION ( 'NONE',  ( -0.7071067811865431318, 0.000000000000000000, -0.7071067811865520136 ) ) ;
#1630 = STYLED_ITEM ( 'NONE', ( #2333 ), #2801 ) ;
#1631 = ORIENTED_EDGE ( 'NONE', *, *, #2694, .F. ) ;
#1632 = CARTESIAN_POINT ( 'NONE',  ( 6.626345596729049880, -14.38999999999998636, 5.499999999999995559 ) ) ;
#1633 = DIRECTION ( 'NONE',  ( 0.000000000000000000, -1.000000000000000000, 0.000000000000000000 ) ) ;
#1634 = VECTOR ( 'NONE', #1983, 1000.000000000000000 ) ;
#1635 = CARTESIAN_POINT ( 'NONE',  ( 6.272792206135778592, -14.38999999999998636, -5.353553390593272177 ) ) ;
#1636 = ORIENTED_EDGE ( 'NONE', *, *, #1080, .F. ) ;
#1637 = ORIENTED_EDGE ( 'NONE', *, *, #3294, .F. ) ;
#1638 = CARTESIAN_POINT ( 'NONE',  ( 7.849999999999999645, -14.38999999999998636, -5.500000000000000000 ) ) ;
#1639 = STYLED_ITEM ( 'NONE', ( #1670 ), #2907 ) ;
#1640 = AXIS2_PLACEMENT_3D ( 'NONE', #2655, #3002, #110 ) ;
#1641 = DIRECTION ( 'NONE',  ( 0.000000000000000000, 0.000000000000000000, -1.000000000000000000 ) ) ;
#1642 = ORIENTED_EDGE ( 'NONE', *, *, #2146, .F. ) ;
#1643 = DIRECTION ( 'NONE',  ( 8.173216377198417070E-15, 0.000000000000000000, 1.000000000000000000 ) ) ;
#1644 = COLOUR_RGB ( '',0.8941176470588234615, 0.9137254901960784048, 0.9294117647058823817 ) ;
#1645 =( NAMED_UNIT ( * ) PLANE_ANGLE_UNIT ( ) SI_UNIT ( $, .RADIAN. ) );
#1646 = CARTESIAN_POINT ( 'NONE',  ( -8.349999999999999645, 160.0000000000000000, 5.000000000000000000 ) ) ;
#1647 =( GEOMETRIC_REPRESENTATION_CONTEXT ( 3 ) GLOBAL_UNCERTAINTY_ASSIGNED_CONTEXT ( ( #3852 ) ) GLOBAL_UNIT_ASSIGNED_CONTEXT ( ( #1769, #703, #2931 ) ) REPRESENTATION_CONTEXT ( 'NONE', 'WORKASPACE' ) );
#1648 = CARTESIAN_POINT ( 'NONE',  ( 7.849999999999999645, 160.0000000000000000, -5.000000000000000000 ) ) ;
#1649 = ORIENTED_EDGE ( 'NONE', *, *, #4498, .F. ) ;
#1650 = FACE_OUTER_BOUND ( 'NONE', #3322, .T. ) ;
#1651 = DIRECTION ( 'NONE',  ( 0.000000000000000000, -1.000000000000000000, 0.000000000000000000 ) ) ;
#1652 = EDGE_CURVE ( 'NONE', #130, #1745, #2495, .T. ) ;
#1653 = SURFACE_STYLE_FILL_AREA ( #901 ) ;
#1654 = DIRECTION ( 'NONE',  ( 0.000000000000000000, -1.000000000000000000, 0.000000000000000000 ) ) ;
#1655 = CARTESIAN_POINT ( 'NONE',  ( 1.015776968710863569E-14, -4.390000000000112479, -2.600000000000452172 ) ) ;
#1656 = ORIENTED_EDGE ( 'NONE', *, *, #1410, .F. ) ;
#1657 = UNCERTAINTY_MEASURE_WITH_UNIT (LENGTH_MEASURE( 1.000000000000000082E-05 ), #567, 'distance_accuracy_value', 'NONE');
#1658 = CARTESIAN_POINT ( 'NONE',  ( -3.600000000000000089, -14.38999999999998636, -8.349999999999999645 ) ) ;
#1659 = EDGE_CURVE ( 'NONE', #4459, #1326, #600, .T. ) ;
#1660 = DIRECTION ( 'NONE',  ( -1.927470528863119788E-16, 0.000000000000000000, -1.000000000000000000 ) ) ;
#1661 = VERTEX_POINT ( 'NONE', #3498 ) ;
#1662 =( NAMED_UNIT ( * ) PLANE_ANGLE_UNIT ( ) SI_UNIT ( $, .RADIAN. ) );
#1663 = DIRECTION ( 'NONE',  ( 0.000000000000000000, 0.000000000000000000, -1.000000000000000000 ) ) ;
#1664 = COLOUR_RGB ( '',0.8941176470588234615, 0.9137254901960784048, 0.9294117647058823817 ) ;
#1665 = FILL_AREA_STYLE_COLOUR ( '', #2319 ) ;
#1666 = DIRECTION ( 'NONE',  ( -0.000000000000000000, 1.000000000000000000, -0.000000000000000000 ) ) ;
#1667 =( NAMED_UNIT ( * ) SI_UNIT ( $, .STERADIAN. ) SOLID_ANGLE_UNIT ( ) );
#1668 = AXIS2_PLACEMENT_3D ( 'NONE', #314, #1431, #4293 ) ;
#1669 = ORIENTED_EDGE ( 'NONE', *, *, #1046, .F. ) ;
#1670 = PRESENTATION_STYLE_ASSIGNMENT (( #4448 ) ) ;
#1671 = DIRECTION ( 'NONE',  ( -0.000000000000000000, 1.000000000000000000, -0.000000000000000000 ) ) ;
#1672 = AXIS2_PLACEMENT_3D ( 'NONE', #588, #4533, #2754 ) ;
#1673 = STYLED_ITEM ( 'NONE', ( #3764 ), #1829 ) ;
#1674 = ORIENTED_EDGE ( 'NONE', *, *, #1995, .T. ) ;
#1675 = STYLED_ITEM ( 'NONE', ( #418 ), #4633 ) ;
#1676 = FACE_OUTER_BOUND ( 'NONE', #811, .T. ) ;
#1677 = EDGE_CURVE ( 'NONE', #221, #317, #2822, .T. ) ;
#1678 = MECHANICAL_DESIGN_GEOMETRIC_PRESENTATION_REPRESENTATION (  '', ( #4067 ), #4438 ) ;
#1679 = ORIENTED_EDGE ( 'NONE', *, *, #1193, .T. ) ;
#1680 = DIRECTION ( 'NONE',  ( 0.000000000000000000, 0.000000000000000000, -1.000000000000000000 ) ) ;
#1681 = AXIS2_PLACEMENT_3D ( 'NONE', #2696, #3667, #2615 ) ;
#1682 = SURFACE_STYLE_FILL_AREA ( #2029 ) ;
#1683 = CYLINDRICAL_SURFACE ( 'NONE', #27, 0.5000000000000000000 ) ;
#1684 = PRESENTATION_LAYER_ASSIGNMENT (  '', '', ( #1121 ) ) ;
#1685 = ORIENTED_EDGE ( 'NONE', *, *, #1851, .T. ) ;
#1686 = ADVANCED_FACE ( 'NONE', ( #2477, #2141 ), #3897, .T. ) ;
#1687 = CARTESIAN_POINT ( 'NONE',  ( 5.500000000000000000, -160.0000000000000000, 6.626345596729049880 ) ) ;
#1688 = CARTESIAN_POINT ( 'NONE',  ( -3.600000000000000089, 160.0000000000000000, 10.00000000000000000 ) ) ;
#1689 =( LENGTH_UNIT ( ) NAMED_UNIT ( * ) SI_UNIT ( .MILLI., .METRE. ) );
#1690 = VERTEX_POINT ( 'NONE', #1854 ) ;
#1691 = CARTESIAN_POINT ( 'NONE',  ( 5.500000000000000000, 160.0000000000000000, -8.349999999999999645 ) ) ;
#1692 = EDGE_CURVE ( 'NONE', #1503, #221, #353, .T. ) ;
#1693 =( NAMED_UNIT ( * ) SI_UNIT ( $, .STERADIAN. ) SOLID_ANGLE_UNIT ( ) );
#1694 = DIRECTION ( 'NONE',  ( 0.000000000000000000, 0.000000000000000000, 1.000000000000000000 ) ) ;
#1695 = CIRCLE ( 'NONE', #1839, 2.600000000000000089 ) ;
#1696 = SURFACE_SIDE_STYLE ('',( #2045 ) ) ;
#1697 = ORIENTED_EDGE ( 'NONE', *, *, #2142, .F. ) ;
#1698 = CARTESIAN_POINT ( 'NONE',  ( 3.600000000000000089, 160.0000000000000000, -8.849999999999999645 ) ) ;
#1699 = FILL_AREA_STYLE ('',( #602 ) ) ;
#1700 = AXIS2_PLACEMENT_3D ( 'NONE', #2415, #3435, #2022 ) ;
#1701 = EDGE_LOOP ( 'NONE', ( #1685, #3517, #603, #3943 ) ) ;
#1702 = UNCERTAINTY_MEASURE_WITH_UNIT (LENGTH_MEASURE( 1.000000000000000082E-05 ), #1868, 'distance_accuracy_value', 'NONE');
#1703 = FACE_OUTER_BOUND ( 'NONE', #2914, .T. ) ;
#1704 =( NAMED_UNIT ( * ) SI_UNIT ( $, .STERADIAN. ) SOLID_ANGLE_UNIT ( ) );
#1705 = DIRECTION ( 'NONE',  ( 0.000000000000000000, 0.000000000000000000, -1.000000000000000000 ) ) ;
#1706 = MECHANICAL_DESIGN_GEOMETRIC_PRESENTATION_REPRESENTATION (  '', ( #147 ), #299 ) ;
#1707 = VERTEX_POINT ( 'NONE', #4005 ) ;
#1708 = PRESENTATION_STYLE_ASSIGNMENT (( #219 ) ) ;
#1709 = VECTOR ( 'NONE', #1755, 1000.000000000000000 ) ;
#1710 = DIRECTION ( 'NONE',  ( 0.000000000000000000, 0.000000000000000000, -1.000000000000000000 ) ) ;
#1711 = VECTOR ( 'NONE', #3759, 1000.000000000000000 ) ;
#1712 = ADVANCED_FACE ( 'NONE', ( #3222 ), #2895, .T. ) ;
#1713 = CIRCLE ( 'NONE', #4317, 0.4999999999999991673 ) ;
#1714 = DIRECTION ( 'NONE',  ( 0.000000000000000000, 0.000000000000000000, -1.000000000000000000 ) ) ;
#1715 = VERTEX_POINT ( 'NONE', #505 ) ;
#1716 =( LENGTH_UNIT ( ) NAMED_UNIT ( * ) SI_UNIT ( .MILLI., .METRE. ) );
#1717 = CARTESIAN_POINT ( 'NONE',  ( 9.500000000000000000, 160.0000000000000000, -3.100000000000000089 ) ) ;
#1718 = MECHANICAL_DESIGN_GEOMETRIC_PRESENTATION_REPRESENTATION (  '', ( #474 ), #2014 ) ;
#1719 = PLANE ( 'NONE',  #4516 ) ;
#1720 = ADVANCED_FACE ( 'NONE', ( #2726 ), #1950, .F. ) ;
#1721 = STYLED_ITEM ( 'NONE', ( #2448 ), #3102 ) ;
#1722 = CARTESIAN_POINT ( 'NONE',  ( 2.773654403270995328, -14.38999999999998636, 3.900000000000005684 ) ) ;
#1723 = VERTEX_POINT ( 'NONE', #174 ) ;
#1724 = CARTESIAN_POINT ( 'NONE',  ( 3.900000000000011458, -14.38999999999998636, -2.773654403270999769 ) ) ;
#1725 = VECTOR ( 'NONE', #1929, 1000.000000000000000 ) ;
#1726 = DIRECTION ( 'NONE',  ( 0.000000000000000000, 1.000000000000000000, 0.000000000000000000 ) ) ;
#1727 = ORIENTED_EDGE ( 'NONE', *, *, #463, .F. ) ;
#1728 = DIRECTION ( 'NONE',  ( -0.000000000000000000, 1.000000000000000000, -0.000000000000000000 ) ) ;
#1729 = CARTESIAN_POINT ( 'NONE',  ( -5.500000000000000000, -14.38999999999998636, -6.419238815542509968 ) ) ;
#1730 = CARTESIAN_POINT ( 'NONE',  ( -2.773654403270995328, 160.0000000000000000, -4.400000000000000355 ) ) ;
#1731 = DIRECTION ( 'NONE',  ( -1.000000000000000000, 0.000000000000000000, -1.796932204708914853E-15 ) ) ;
#1732 = CARTESIAN_POINT ( 'NONE',  ( -6.626345596729059650, -14.38999999999998636, -5.500000000000001776 ) ) ;
#1733 = ORIENTED_EDGE ( 'NONE', *, *, #3495, .T. ) ;
#1734 = DIRECTION ( 'NONE',  ( 0.000000000000000000, 0.000000000000000000, -1.000000000000000000 ) ) ;
#1735 = CARTESIAN_POINT ( 'NONE',  ( -2.773654403270999769, -160.0000000000000000, 3.899999999999999911 ) ) ;
#1736 = CARTESIAN_POINT ( 'NONE',  ( 7.849999999999999645, 160.0000000000000000, -5.000000000000000000 ) ) ;
#1737 = AXIS2_PLACEMENT_3D ( 'NONE', #1898, #2558, #2945 ) ;
#1738 = ORIENTED_EDGE ( 'NONE', *, *, #4167, .F. ) ;
#1739 = CARTESIAN_POINT ( 'NONE',  ( 3.899999999999999911, 160.0000000000000000, -2.773654403270999769 ) ) ;
#1740 = CARTESIAN_POINT ( 'NONE',  ( 8.349999999999999645, 160.0000000000000000, 3.100000000000000089 ) ) ;
#1741 = FILL_AREA_STYLE ('',( #1442 ) ) ;
#1742 =( GEOMETRIC_REPRESENTATION_CONTEXT ( 3 ) GLOBAL_UNCERTAINTY_ASSIGNED_CONTEXT ( ( #3901 ) ) GLOBAL_UNIT_ASSIGNED_CONTEXT ( ( #4575, #899, #2391 ) ) REPRESENTATION_CONTEXT ( 'NONE', 'WORKASPACE' ) );
#1743 = FILL_AREA_STYLE ('',( #2019 ) ) ;
#1744 = VECTOR ( 'NONE', #95, 1000.000000000000000 ) ;
#1745 = VERTEX_POINT ( 'NONE', #4592 ) ;
#1746 = EDGE_CURVE ( 'NONE', #2079, #4065, #3148, .T. ) ;
#1747 = VECTOR ( 'NONE', #971, 1000.000000000000000 ) ;
#1748 = CARTESIAN_POINT ( 'NONE',  ( -2.980761184457545010, 160.0000000000000000, 3.899999999999999911 ) ) ;
#1749 = ORIENTED_EDGE ( 'NONE', *, *, #2542, .F. ) ;
#1750 = STYLED_ITEM ( 'NONE', ( #49 ), #4610 ) ;
#1751 = UNCERTAINTY_MEASURE_WITH_UNIT (LENGTH_MEASURE( 1.000000000000000082E-05 ), #3532, 'distance_accuracy_value', 'NONE');
#1752 = EDGE_CURVE ( 'NONE', #3396, #1775, #4566, .T. ) ;
#1753 = VECTOR ( 'NONE', #2, 1000.000000000000000 ) ;
#1754 = DIRECTION ( 'NONE',  ( 0.000000000000000000, 0.000000000000000000, 1.000000000000000000 ) ) ;
#1755 = DIRECTION ( 'NONE',  ( 0.000000000000000000, -1.000000000000000000, 0.000000000000000000 ) ) ;
#1756 = CYLINDRICAL_SURFACE ( 'NONE', #4594, 0.4999999999999995559 ) ;
#1757 = SURFACE_SIDE_STYLE ('',( #3462 ) ) ;
#1758 = ORIENTED_EDGE ( 'NONE', *, *, #832, .F. ) ;
#1759 = DIRECTION ( 'NONE',  ( -1.000000000000000000, 0.000000000000000000, -7.228014483236679792E-16 ) ) ;
#1760 = COLOUR_RGB ( '',0.8941176470588234615, 0.9137254901960784048, 0.9294117647058823817 ) ;
#1761 =( NAMED_UNIT ( * ) PLANE_ANGLE_UNIT ( ) SI_UNIT ( $, .RADIAN. ) );
#1762 = CARTESIAN_POINT ( 'NONE',  ( 1.072674902363915143E-14, 160.0000000000000000, 2.600000000000006750 ) ) ;
#1763 = ORIENTED_EDGE ( 'NONE', *, *, #860, .T. ) ;
#1764 =( NAMED_UNIT ( * ) PLANE_ANGLE_UNIT ( ) SI_UNIT ( $, .RADIAN. ) );
#1765 = DIRECTION ( 'NONE',  ( -0.000000000000000000, 1.000000000000000000, -0.000000000000000000 ) ) ;
#1766 = ORIENTED_EDGE ( 'NONE', *, *, #1498, .F. ) ;
#1767 = DIRECTION ( 'NONE',  ( -1.000000000000000000, 0.000000000000000000, 1.927470528863119788E-16 ) ) ;
#1768 = EDGE_CURVE ( 'NONE', #4526, #3095, #4207, .T. ) ;
#1769 =( LENGTH_UNIT ( ) NAMED_UNIT ( * ) SI_UNIT ( .MILLI., .METRE. ) );
#1770 = ORIENTED_EDGE ( 'NONE', *, *, #2865, .T. ) ;
#1771 = COLOUR_RGB ( '',0.8941176470588234615, 0.9137254901960784048, 0.9294117647058823817 ) ;
#1772 = DIRECTION ( 'NONE',  ( 0.000000000000000000, 0.000000000000000000, -1.000000000000000000 ) ) ;
#1773 = PRESENTATION_STYLE_ASSIGNMENT (( #3903 ) ) ;
#1774 = EDGE_CURVE ( 'NONE', #3475, #4428, #1286, .T. ) ;
#1775 = VERTEX_POINT ( 'NONE', #267 ) ;
#1776 = DIRECTION ( 'NONE',  ( 0.7071067811865474617, 0.000000000000000000, 0.7071067811865475727 ) ) ;
#1777 = CYLINDRICAL_SURFACE ( 'NONE', #1434, 0.4999999999999995559 ) ;
#1778 = VERTEX_POINT ( 'NONE', #1762 ) ;
#1779 = CARTESIAN_POINT ( 'NONE',  ( 10.00000000000000000, -4.390000000000108926, -9.129805847377417686E-13 ) ) ;
#1780 = PRESENTATION_STYLE_ASSIGNMENT (( #2516 ) ) ;
#1781 = CIRCLE ( 'NONE', #2534, 0.4999999999999995559 ) ;
#1782 = DIRECTION ( 'NONE',  ( 1.000000000000000000, 0.000000000000000000, 1.454933294406559718E-16 ) ) ;
#1783 = AXIS2_PLACEMENT_3D ( 'NONE', #3552, #2103, #974 ) ;
#1784 = EDGE_LOOP ( 'NONE', ( #4227, #3089, #2903, #312 ) ) ;
#1785 = PRESENTATION_STYLE_ASSIGNMENT (( #1070 ) ) ;
#1786 = MECHANICAL_DESIGN_GEOMETRIC_PRESENTATION_REPRESENTATION (  '', ( #1860 ), #1075 ) ;
#1787 = ORIENTED_EDGE ( 'NONE', *, *, #2592, .F. ) ;
#1788 = VECTOR ( 'NONE', #2543, 1000.000000000000000 ) ;
#1789 =( NAMED_UNIT ( * ) PLANE_ANGLE_UNIT ( ) SI_UNIT ( $, .RADIAN. ) );
#1790 = DIRECTION ( 'NONE',  ( 0.7071067811865510144, 0.000000000000000000, 0.7071067811865441310 ) ) ;
#1791 = ORIENTED_EDGE ( 'NONE', *, *, #4196, .T. ) ;
#1792 = FILL_AREA_STYLE_COLOUR ( '', #4692 ) ;
#1793 = EDGE_CURVE ( 'NONE', #3871, #2496, #121, .T. ) ;
#1794 = CARTESIAN_POINT ( 'NONE',  ( -8.349999999999999645, 160.0000000000000000, -5.500000000000000000 ) ) ;
#1795 = DIRECTION ( 'NONE',  ( -0.000000000000000000, 1.000000000000000000, -0.000000000000000000 ) ) ;
#1796 = SURFACE_STYLE_USAGE ( .BOTH. , #4289 ) ;
#1797 = ORIENTED_EDGE ( 'NONE', *, *, #535, .F. ) ;
#1798 = CARTESIAN_POINT ( 'NONE',  ( 1.065891202461304628E-14, -4.390000000000112479, 2.599999999999547562 ) ) ;
#1799 = ADVANCED_FACE ( 'NONE', ( #1385 ), #2491, .T. ) ;
#1800 = LINE ( 'NONE', #1432, #2628 ) ;
#1801 = AXIS2_PLACEMENT_3D ( 'NONE', #2244, #4458, #489 ) ;
#1802 = ORIENTED_EDGE ( 'NONE', *, *, #220, .F. ) ;
#1803 = FILL_AREA_STYLE ('',( #2892 ) ) ;
#1804 = CARTESIAN_POINT ( 'NONE',  ( 3.899999999999999911, 160.0000000000000000, 2.773654403270995328 ) ) ;
#1805 = VECTOR ( 'NONE', #1818, 1000.000000000000000 ) ;
#1806 = DIRECTION ( 'NONE',  ( 0.000000000000000000, -1.000000000000000000, 0.000000000000000000 ) ) ;
#1807 = ORIENTED_EDGE ( 'NONE', *, *, #915, .F. ) ;
#1808 = VERTEX_POINT ( 'NONE', #3603 ) ;
#1809 = SURFACE_STYLE_USAGE ( .BOTH. , #4329 ) ;
#1810 = STYLED_ITEM ( 'NONE', ( #1507 ), #4219 ) ;
#1811 = ORIENTED_EDGE ( 'NONE', *, *, #2523, .F. ) ;
#1812 = DIRECTION ( 'NONE',  ( 0.000000000000000000, 1.000000000000000000, 0.000000000000000000 ) ) ;
#1813 = ADVANCED_FACE ( 'NONE', ( #2160 ), #3625, .T. ) ;
#1814 = CARTESIAN_POINT ( 'NONE',  ( 1.040834085586083941E-14, 160.0000000000000000, -2.599999999999992983 ) ) ;
#1815 = DIRECTION ( 'NONE',  ( 0.000000000000000000, 0.000000000000000000, -1.000000000000000000 ) ) ;
#1816 = EDGE_LOOP ( 'NONE', ( #3369, #2736, #1295, #4246 ) ) ;
#1817 = STYLED_ITEM ( 'NONE', ( #1773 ), #1938 ) ;
#1818 = DIRECTION ( 'NONE',  ( -1.000000000000000000, -0.000000000000000000, 9.637352644315589080E-17 ) ) ;
#1819 = CARTESIAN_POINT ( 'NONE',  ( -3.600000000000000089, 160.0000000000000000, -9.500000000000000000 ) ) ;
#1820 =( NAMED_UNIT ( * ) SI_UNIT ( $, .STERADIAN. ) SOLID_ANGLE_UNIT ( ) );
#1821 = MECHANICAL_DESIGN_GEOMETRIC_PRESENTATION_REPRESENTATION (  '', ( #1271 ), #2135 ) ;
#1822 = PRESENTATION_LAYER_ASSIGNMENT (  '', '', ( #2206 ) ) ;
#1823 = EDGE_CURVE ( 'NONE', #1280, #3257, #444, .T. ) ;
#1824 = FILL_AREA_STYLE_COLOUR ( '', #1598 ) ;
#1825 = ORIENTED_EDGE ( 'NONE', *, *, #315, .F. ) ;
#1826 = VECTOR ( 'NONE', #2111, 1000.000000000000000 ) ;
#1827 = FILL_AREA_STYLE_COLOUR ( '', #4591 ) ;
#1828 = PRESENTATION_LAYER_ASSIGNMENT (  '', '', ( #4071 ) ) ;
#1829 = ADVANCED_FACE ( 'NONE', ( #2698 ), #3395, .T. ) ;
#1830 = ORIENTED_EDGE ( 'NONE', *, *, #1793, .T. ) ;
#1831 = DIRECTION ( 'NONE',  ( 0.000000000000000000, 0.000000000000000000, 1.000000000000000000 ) ) ;
#1832 = PLANE ( 'NONE',  #2169 ) ;
#1833 = PLANE ( 'NONE',  #3885 ) ;
#1834 = ORIENTED_EDGE ( 'NONE', *, *, #1746, .T. ) ;
#1835 =( LENGTH_UNIT ( ) NAMED_UNIT ( * ) SI_UNIT ( .MILLI., .METRE. ) );
#1836 = UNCERTAINTY_MEASURE_WITH_UNIT (LENGTH_MEASURE( 1.000000000000000082E-05 ), #4358, 'distance_accuracy_value', 'NONE');
#1837 = PRESENTATION_STYLE_ASSIGNMENT (( #306 ) ) ;
#1838 = CARTESIAN_POINT ( 'NONE',  ( -4.046446609406734396, -160.0000000000000000, 3.127207793864305252 ) ) ;
#1839 = AXIS2_PLACEMENT_3D ( 'NONE', #154, #3818, #1643 ) ;
#1840 = ADVANCED_BREP_SHAPE_REPRESENTATION ( '\X2\652f67b6\X0\_\X2\76f47acb\X0\ _\X2\5de653f3\X0\', ( #957, #3473 ), #2205 ) ;
#1841 = LINE ( 'NONE', #3080, #477 ) ;
#1842 = ORIENTED_EDGE ( 'NONE', *, *, #3941, .F. ) ;
#1843 = LINE ( 'NONE', #3274, #545 ) ;
#1844 = FILL_AREA_STYLE ('',( #1017 ) ) ;
#1845 = SURFACE_STYLE_FILL_AREA ( #3910 ) ;
#1846 = CARTESIAN_POINT ( 'NONE',  ( 0.000000000000000000, 0.000000000000000000, 0.000000000000000000 ) ) ;
#1847 = CARTESIAN_POINT ( 'NONE',  ( 3.600000000000000089, 160.0000000000000000, -9.500000000000000000 ) ) ;
#1848 = EDGE_LOOP ( 'NONE', ( #3919, #91, #4707, #2099 ) ) ;
#1849 = CARTESIAN_POINT ( 'NONE',  ( 3.899999999999999911, -4.390000000000108926, -9.123927062264385397E-13 ) ) ;
#1850 = CARTESIAN_POINT ( 'NONE',  ( -4.400000000000050981, -14.38999999999998636, -2.773654403270989999 ) ) ;
#1851 = EDGE_CURVE ( 'NONE', #761, #3187, #1567, .T. ) ;
#1852 =( NAMED_UNIT ( * ) PLANE_ANGLE_UNIT ( ) SI_UNIT ( $, .RADIAN. ) );
#1853 = COLOUR_RGB ( '',0.8941176470588234615, 0.9137254901960784048, 0.9294117647058823817 ) ;
#1854 = CARTESIAN_POINT ( 'NONE',  ( 5.500000000000000000, -14.38999999999998636, -7.849999999999999645 ) ) ;
#1855 = ORIENTED_EDGE ( 'NONE', *, *, #3431, .T. ) ;
#1856 = AXIS2_PLACEMENT_3D ( 'NONE', #2562, #2700, #1831 ) ;
#1857 = DIRECTION ( 'NONE',  ( 0.000000000000000000, 0.000000000000000000, 1.000000000000000000 ) ) ;
#1858 = STYLED_ITEM ( 'NONE', ( #2888 ), #3151 ) ;
#1859 = EDGE_CURVE ( 'NONE', #988, #3913, #114, .T. ) ;
#1860 = STYLED_ITEM ( 'NONE', ( #1780 ), #3546 ) ;
#1861 = CARTESIAN_POINT ( 'NONE',  ( 8.349999999999999645, 160.0000000000000000, -5.000000000000000000 ) ) ;
#1862 = ORIENTED_EDGE ( 'NONE', *, *, #2494, .F. ) ;
#1863 = DIRECTION ( 'NONE',  ( 0.000000000000000000, 0.000000000000000000, -1.000000000000000000 ) ) ;
#1864 = AXIS2_PLACEMENT_3D ( 'NONE', #2723, #2814, #3840 ) ;
#1865 = PRESENTATION_LAYER_ASSIGNMENT (  '', '', ( #627 ) ) ;
#1866 = VECTOR ( 'NONE', #1654, 1000.000000000000000 ) ;
#1867 = ORIENTED_EDGE ( 'NONE', *, *, #4152, .T. ) ;
#1868 =( LENGTH_UNIT ( ) NAMED_UNIT ( * ) SI_UNIT ( .MILLI., .METRE. ) );
#1869 = CARTESIAN_POINT ( 'NONE',  ( 10.00000000000000000, 160.0000000000000000, 9.000000000000000000 ) ) ;
#1870 = DIRECTION ( 'NONE',  ( 1.000000000000000000, 0.000000000000000000, 0.000000000000000000 ) ) ;
#1871 = VECTOR ( 'NONE', #645, 1000.000000000000000 ) ;
#1872 = PRESENTATION_STYLE_ASSIGNMENT (( #1489 ) ) ;
#1873 = ORIENTED_EDGE ( 'NONE', *, *, #701, .F. ) ;
#1874 = DIRECTION ( 'NONE',  ( -0.000000000000000000, 1.000000000000000000, -0.000000000000000000 ) ) ;
#1875 = PLANE ( 'NONE',  #3161 ) ;
#1876 = APPLICATION_CONTEXT ( 'automotive_design' ) ;
#1877 = DIRECTION ( 'NONE',  ( 2.168404344971010446E-15, 0.000000000000000000, -1.000000000000000000 ) ) ;
#1878 =( GEOMETRIC_REPRESENTATION_CONTEXT ( 3 ) GLOBAL_UNCERTAINTY_ASSIGNED_CONTEXT ( ( #2458 ) ) GLOBAL_UNIT_ASSIGNED_CONTEXT ( ( #99, #4589, #2812 ) ) REPRESENTATION_CONTEXT ( 'NONE', 'WORKASPACE' ) );
#1879 = EDGE_CURVE ( 'NONE', #1133, #801, #3444, .T. ) ;
#1880 = DIRECTION ( 'NONE',  ( 1.000000000000000000, 0.000000000000000000, 0.000000000000000000 ) ) ;
#1881 = PRESENTATION_LAYER_ASSIGNMENT (  '', '', ( #4656 ) ) ;
#1882 = VERTEX_POINT ( 'NONE', #3858 ) ;
#1883 = UNCERTAINTY_MEASURE_WITH_UNIT (LENGTH_MEASURE( 1.000000000000000082E-05 ), #3520, 'distance_accuracy_value', 'NONE');
#1884 = EDGE_CURVE ( 'NONE', #235, #2891, #190, .T. ) ;
#1885 = ORIENTED_EDGE ( 'NONE', *, *, #3771, .F. ) ;
#1886 = UNCERTAINTY_MEASURE_WITH_UNIT (LENGTH_MEASURE( 1.000000000000000082E-05 ), #3366, 'distance_accuracy_value', 'NONE');
#1887 = DIRECTION ( 'NONE',  ( -1.000000000000000000, 0.000000000000000000, 8.147626448676700103E-15 ) ) ;
#1888 = COLOUR_RGB ( '',0.8941176470588234615, 0.9137254901960784048, 0.9294117647058823817 ) ;
#1889 = DIRECTION ( 'NONE',  ( 0.000000000000000000, 0.000000000000000000, 1.000000000000000000 ) ) ;
#1890 = CIRCLE ( 'NONE', #1672, 0.5000000000000004441 ) ;
#1891 = LINE ( 'NONE', #1540, #2359 ) ;
#1892 =( NAMED_UNIT ( * ) SI_UNIT ( $, .STERADIAN. ) SOLID_ANGLE_UNIT ( ) );
#1893 =( NAMED_UNIT ( * ) SI_UNIT ( $, .STERADIAN. ) SOLID_ANGLE_UNIT ( ) );
#1894 = ORIENTED_EDGE ( 'NONE', *, *, #2373, .T. ) ;
#1895 = DIRECTION ( 'NONE',  ( 1.668003342285391304E-16, 0.000000000000000000, -1.000000000000000000 ) ) ;
#1896 =( NAMED_UNIT ( * ) SI_UNIT ( $, .STERADIAN. ) SOLID_ANGLE_UNIT ( ) );
#1897 = COLOUR_RGB ( '',0.8941176470588234615, 0.9137254901960784048, 0.9294117647058823817 ) ;
#1898 = CARTESIAN_POINT ( 'NONE',  ( 9.500000000000000000, 160.0000000000000000, 3.600000000000000089 ) ) ;
#1899 = VECTOR ( 'NONE', #283, 1000.000000000000000 ) ;
#1900 =( GEOMETRIC_REPRESENTATION_CONTEXT ( 3 ) GLOBAL_UNCERTAINTY_ASSIGNED_CONTEXT ( ( #2584 ) ) GLOBAL_UNIT_ASSIGNED_CONTEXT ( ( #821, #3770, #1667 ) ) REPRESENTATION_CONTEXT ( 'NONE', 'WORKASPACE' ) );
#1901 = SURFACE_SIDE_STYLE ('',( #129 ) ) ;
#1902 = ORIENTED_EDGE ( 'NONE', *, *, #3574, .T. ) ;
#1903 = VECTOR ( 'NONE', #2749, 1000.000000000000000 ) ;
#1904 = DIRECTION ( 'NONE',  ( 8.834182466739800244E-15, 0.000000000000000000, 1.000000000000000000 ) ) ;
#1905 =( LENGTH_UNIT ( ) NAMED_UNIT ( * ) SI_UNIT ( .MILLI., .METRE. ) );
#1906 =( LENGTH_UNIT ( ) NAMED_UNIT ( * ) SI_UNIT ( .MILLI., .METRE. ) );
#1907 =( NAMED_UNIT ( * ) SI_UNIT ( $, .STERADIAN. ) SOLID_ANGLE_UNIT ( ) );
#1908 = DIRECTION ( 'NONE',  ( 0.000000000000000000, 0.000000000000000000, -1.000000000000000000 ) ) ;
#1909 = ORIENTED_EDGE ( 'NONE', *, *, #2839, .T. ) ;
#1910 = LINE ( 'NONE', #455, #2529 ) ;
#1911 = LINE ( 'NONE', #1606, #2956 ) ;
#1912 = LINE ( 'NONE', #1218, #2751 ) ;
#1913 = EDGE_CURVE ( 'NONE', #3871, #711, #2058, .T. ) ;
#1914 = SURFACE_STYLE_USAGE ( .BOTH. , #4062 ) ;
#1915 = CARTESIAN_POINT ( 'NONE',  ( -5.000000000000000000, -14.38999999999998636, 8.349999999999999645 ) ) ;
#1916 = ORIENTED_EDGE ( 'NONE', *, *, #161, .T. ) ;
#1917 = CARTESIAN_POINT ( 'NONE',  ( 2.773654403270995328, 160.0000000000000000, 4.400000000000000355 ) ) ;
#1918 = DIRECTION ( 'NONE',  ( 0.000000000000000000, 0.000000000000000000, 1.000000000000000000 ) ) ;
#1919 = VECTOR ( 'NONE', #1440, 1000.000000000000000 ) ;
#1920 = ADVANCED_FACE ( 'NONE', ( #169 ), #1683, .T. ) ;
#1921 = EDGE_LOOP ( 'NONE', ( #1149, #3486, #3608, #3564 ) ) ;
#1922 = ORIENTED_EDGE ( 'NONE', *, *, #4160, .T. ) ;
#1923 = CIRCLE ( 'NONE', #290, 0.4999999999999995559 ) ;
#1924 = CARTESIAN_POINT ( 'NONE',  ( 5.500000000000000000, -160.0000000000000000, -7.849999999999999645 ) ) ;
#1925 = VERTEX_POINT ( 'NONE', #1984 ) ;
#1926 = CARTESIAN_POINT ( 'NONE',  ( 8.349999999999999645, -14.38999999999998636, 5.000000000000000000 ) ) ;
#1927 = CIRCLE ( 'NONE', #4698, 0.4999999999999995559 ) ;
#1928 =( GEOMETRIC_REPRESENTATION_CONTEXT ( 3 ) GLOBAL_UNCERTAINTY_ASSIGNED_CONTEXT ( ( #4454 ) ) GLOBAL_UNIT_ASSIGNED_CONTEXT ( ( #3061, #1130, #461 ) ) REPRESENTATION_CONTEXT ( 'NONE', 'WORKASPACE' ) );
#1929 = DIRECTION ( 'NONE',  ( -0.000000000000000000, 1.000000000000000000, -0.000000000000000000 ) ) ;
#1930 = ORIENTED_EDGE ( 'NONE', *, *, #1752, .F. ) ;
#1931 = SURFACE_SIDE_STYLE ('',( #875 ) ) ;
#1932 = DIRECTION ( 'NONE',  ( 2.168404344971010446E-15, 0.000000000000000000, 1.000000000000000000 ) ) ;
#1933 = ADVANCED_FACE ( 'NONE', ( #3855 ), #3101, .F. ) ;
#1934 = VECTOR ( 'NONE', #2314, 1000.000000000000000 ) ;
#1935 = CIRCLE ( 'NONE', #3140, 0.4999999999999995559 ) ;
#1936 = CARTESIAN_POINT ( 'NONE',  ( -5.000000000000000000, 160.0000000000000000, 8.349999999999999645 ) ) ;
#1937 = ORIENTED_EDGE ( 'NONE', *, *, #1285, .F. ) ;
#1938 = ADVANCED_FACE ( 'NONE', ( #4113 ), #2342, .F. ) ;
#1939 = LINE ( 'NONE', #3417, #3877 ) ;
#1940 = VECTOR ( 'NONE', #388, 1000.000000000000000 ) ;
#1941 = CIRCLE ( 'NONE', #3356, 0.9999999999999991118 ) ;
#1942 = COLOUR_RGB ( '',0.8941176470588234615, 0.9137254901960784048, 0.9294117647058823817 ) ;
#1943 = VERTEX_POINT ( 'NONE', #803 ) ;
#1944 = EDGE_CURVE ( 'NONE', #4148, #2834, #2829, .T. ) ;
#1945 = FILL_AREA_STYLE_COLOUR ( '', #778 ) ;
#1946 = LINE ( 'NONE', #102, #4552 ) ;
#1947 = SURFACE_STYLE_FILL_AREA ( #78 ) ;
#1948 =( NAMED_UNIT ( * ) SI_UNIT ( $, .STERADIAN. ) SOLID_ANGLE_UNIT ( ) );
#1949 = AXIS2_PLACEMENT_3D ( 'NONE', #1779, #1370, #3750 ) ;
#1950 = CYLINDRICAL_SURFACE ( 'NONE', #4210, 2.600000000000000089 ) ;
#1951 = ORIENTED_EDGE ( 'NONE', *, *, #1968, .T. ) ;
#1952 = ADVANCED_FACE ( 'NONE', ( #4627 ), #2952, .F. ) ;
#1953 = DIRECTION ( 'NONE',  ( -0.000000000000000000, 1.000000000000000000, -0.000000000000000000 ) ) ;
#1954 = DIRECTION ( 'NONE',  ( 0.000000000000000000, -1.000000000000000000, 0.000000000000000000 ) ) ;
#1955 = ORIENTED_EDGE ( 'NONE', *, *, #1884, .F. ) ;
#1956 = LINE ( 'NONE', #3055, #3874 ) ;
#1957 = DIRECTION ( 'NONE',  ( 0.000000000000000000, -1.000000000000000000, 0.000000000000000000 ) ) ;
#1958 = ORIENTED_EDGE ( 'NONE', *, *, #400, .T. ) ;
#1959 = DIRECTION ( 'NONE',  ( 0.000000000000000000, -1.000000000000000000, 0.000000000000000000 ) ) ;
#1960 = DIRECTION ( 'NONE',  ( 0.000000000000000000, 1.000000000000000000, 0.000000000000000000 ) ) ;
#1961 = PRESENTATION_LAYER_ASSIGNMENT (  '', '', ( #3978 ) ) ;
#1962 = DIRECTION ( 'NONE',  ( 0.000000000000000000, 0.000000000000000000, -1.000000000000000000 ) ) ;
#1963 = CARTESIAN_POINT ( 'NONE',  ( -7.849999999999999645, -14.38999999999998636, 5.500000000000000000 ) ) ;
#1964 = VERTEX_POINT ( 'NONE', #4449 ) ;
#1965 = CARTESIAN_POINT ( 'NONE',  ( 3.899999999999999911, -14.38999999999998636, 2.773654403270995772 ) ) ;
#1966 = FACE_OUTER_BOUND ( 'NONE', #163, .T. ) ;
#1967 = DIRECTION ( 'NONE',  ( 1.407214906206346161E-15, 0.000000000000000000, -1.000000000000000000 ) ) ;
#1968 = EDGE_CURVE ( 'NONE', #721, #4645, #3776, .T. ) ;
#1969 = ORIENTED_EDGE ( 'NONE', *, *, #650, .T. ) ;
#1970 = VECTOR ( 'NONE', #344, 1000.000000000000000 ) ;
#1971 = PRESENTATION_STYLE_ASSIGNMENT (( #4374 ) ) ;
#1972 = FILL_AREA_STYLE ('',( #4375 ) ) ;
#1973 = VECTOR ( 'NONE', #291, 1000.000000000000000 ) ;
#1974 = EDGE_CURVE ( 'NONE', #3494, #3611, #2302, .T. ) ;
#1975 = VERTEX_POINT ( 'NONE', #1926 ) ;
#1976 = CARTESIAN_POINT ( 'NONE',  ( 3.600000000000000089, -14.38999999999998636, -10.00000000000000000 ) ) ;
#1977 = PRESENTATION_LAYER_ASSIGNMENT (  '', '', ( #4360 ) ) ;
#1978 = CARTESIAN_POINT ( 'NONE',  ( -3.600000000000000089, 160.0000000000000000, -8.849999999999999645 ) ) ;
#1979 = SURFACE_STYLE_USAGE ( .BOTH. , #162 ) ;
#1980 = ORIENTED_EDGE ( 'NONE', *, *, #591, .T. ) ;
#1981 = UNCERTAINTY_MEASURE_WITH_UNIT (LENGTH_MEASURE( 1.000000000000000082E-05 ), #3650, 'distance_accuracy_value', 'NONE');
#1982 =( NAMED_UNIT ( * ) SI_UNIT ( $, .STERADIAN. ) SOLID_ANGLE_UNIT ( ) );
#1983 = DIRECTION ( 'NONE',  ( 0.000000000000000000, -1.000000000000000000, 0.000000000000000000 ) ) ;
#1984 = CARTESIAN_POINT ( 'NONE',  ( 3.900000000000000355, -4.390000000000108926, -2.600000000000912248 ) ) ;
#1985 = CARTESIAN_POINT ( 'NONE',  ( 4.400000000000000355, 160.0000000000000000, -2.773654403270999769 ) ) ;
#1986 = CARTESIAN_POINT ( 'NONE',  ( 3.600000000000000089, 160.0000000000000000, -8.849999999999999645 ) ) ;
#1987 = FACE_OUTER_BOUND ( 'NONE', #1537, .T. ) ;
#1988 = ORIENTED_EDGE ( 'NONE', *, *, #658, .F. ) ;
#1989 = SURFACE_SIDE_STYLE ('',( #525 ) ) ;
#1990 = CYLINDRICAL_SURFACE ( 'NONE', #3146, 2.600000000000000089 ) ;
#1991 = SURFACE_SIDE_STYLE ('',( #3768 ) ) ;
#1992 = ADVANCED_FACE ( 'NONE', ( #87 ), #1574, .T. ) ;
#1993 = ORIENTED_EDGE ( 'NONE', *, *, #737, .F. ) ;
#1994 = CARTESIAN_POINT ( 'NONE',  ( -8.849999999999999645, 160.0000000000000000, -3.600000000000000089 ) ) ;
#1995 = EDGE_CURVE ( 'NONE', #2079, #170, #4188, .T. ) ;
#1996 = DIRECTION ( 'NONE',  ( 0.000000000000000000, -1.000000000000000000, 0.000000000000000000 ) ) ;
#1997 = CARTESIAN_POINT ( 'NONE',  ( -3.127207793864275054, 160.0000000000000000, 4.046446609406749495 ) ) ;
#1998 = ORIENTED_EDGE ( 'NONE', *, *, #1476, .F. ) ;
#1999 = ADVANCED_FACE ( 'NONE', ( #4706 ), #1110, .T. ) ;
#2000 = PRESENTATION_STYLE_ASSIGNMENT (( #230 ) ) ;
#2001 = DIRECTION ( 'NONE',  ( 0.000000000000000000, 1.000000000000000000, 0.000000000000000000 ) ) ;
#2002 = FACE_OUTER_BOUND ( 'NONE', #4070, .T. ) ;
#2003 = ORIENTED_EDGE ( 'NONE', *, *, #3436, .F. ) ;
#2004 = DIRECTION ( 'NONE',  ( -0.000000000000000000, 1.000000000000000000, -0.000000000000000000 ) ) ;
#2005 = CIRCLE ( 'NONE', #4623, 0.4999999999999995559 ) ;
#2006 = CARTESIAN_POINT ( 'NONE',  ( -6.626345596729049880, 160.0000000000000000, 5.000000000000000000 ) ) ;
#2007 =( NAMED_UNIT ( * ) PLANE_ANGLE_UNIT ( ) SI_UNIT ( $, .RADIAN. ) );
#2008 = LINE ( 'NONE', #565, #659 ) ;
#2009 =( NAMED_UNIT ( * ) PLANE_ANGLE_UNIT ( ) SI_UNIT ( $, .RADIAN. ) );
#2010 = CIRCLE ( 'NONE', #625, 0.5000000000000004441 ) ;
#2011 = ORIENTED_EDGE ( 'NONE', *, *, #2087, .T. ) ;
#2012 = PRESENTATION_STYLE_ASSIGNMENT (( #4540 ) ) ;
#2013 = CARTESIAN_POINT ( 'NONE',  ( -6.272792206135779480, -14.38999999999998636, -5.353553390593270400 ) ) ;
#2014 =( GEOMETRIC_REPRESENTATION_CONTEXT ( 3 ) GLOBAL_UNCERTAINTY_ASSIGNED_CONTEXT ( ( #430 ) ) GLOBAL_UNIT_ASSIGNED_CONTEXT ( ( #598, #1265, #3980 ) ) REPRESENTATION_CONTEXT ( 'NONE', 'WORKASPACE' ) );
#2015 = VECTOR ( 'NONE', #1049, 1000.000000000000000 ) ;
#2016 = DIRECTION ( 'NONE',  ( 0.000000000000000000, 0.000000000000000000, -1.000000000000000000 ) ) ;
#2017 = ORIENTED_EDGE ( 'NONE', *, *, #658, .T. ) ;
#2018 = DIRECTION ( 'NONE',  ( 0.000000000000000000, 0.000000000000000000, -1.000000000000000000 ) ) ;
#2019 = FILL_AREA_STYLE_COLOUR ( '', #2570 ) ;
#2020 = VECTOR ( 'NONE', #628, 1000.000000000000000 ) ;
#2021 = ORIENTED_EDGE ( 'NONE', *, *, #2549, .T. ) ;
#2022 = DIRECTION ( 'NONE',  ( 0.000000000000000000, 0.000000000000000000, 1.000000000000000000 ) ) ;
#2023 = LINE ( 'NONE', #4637, #3377 ) ;
#2024 = EDGE_CURVE ( 'NONE', #3187, #4362, #1566, .T. ) ;
#2025 = DIRECTION ( 'NONE',  ( -2.168404344971010446E-15, 0.000000000000000000, -1.000000000000000000 ) ) ;
#2026 = ORIENTED_EDGE ( 'NONE', *, *, #3238, .F. ) ;
#2027 = FILL_AREA_STYLE ('',( #2272 ) ) ;
#2028 = UNCERTAINTY_MEASURE_WITH_UNIT (LENGTH_MEASURE( 1.000000000000000082E-05 ), #2066, 'distance_accuracy_value', 'NONE');
#2029 = FILL_AREA_STYLE ('',( #562 ) ) ;
#2030 = CARTESIAN_POINT ( 'NONE',  ( -8.849999999999999645, 160.0000000000000000, 3.100000000000000089 ) ) ;
#2031 = SURFACE_SIDE_STYLE ('',( #3507 ) ) ;
#2032 = AXIS2_PLACEMENT_3D ( 'NONE', #512, #2869, #137 ) ;
#2033 = EDGE_CURVE ( 'NONE', #673, #3183, #1617, .T. ) ;
#2034 = CIRCLE ( 'NONE', #4502, 2.600000000000000089 ) ;
#2035 = ORIENTED_EDGE ( 'NONE', *, *, #1350, .T. ) ;
#2036 = CARTESIAN_POINT ( 'NONE',  ( -3.600000000000000089, 160.0000000000000000, 8.849999999999999645 ) ) ;
#2037 = COLOUR_RGB ( '',0.8941176470588234615, 0.9137254901960784048, 0.9294117647058823817 ) ;
#2038 = SURFACE_STYLE_USAGE ( .BOTH. , #574 ) ;
#2039 = AXIS2_PLACEMENT_3D ( 'NONE', #2716, #2568, #3994 ) ;
#2040 = LINE ( 'NONE', #201, #1135 ) ;
#2041 = ORIENTED_EDGE ( 'NONE', *, *, #4278, .T. ) ;
#2042 =( LENGTH_UNIT ( ) NAMED_UNIT ( * ) SI_UNIT ( .MILLI., .METRE. ) );
#2043 = AXIS2_PLACEMENT_3D ( 'NONE', #4058, #4356, #2658 ) ;
#2044 = STYLED_ITEM ( 'NONE', ( #3483 ), #1933 ) ;
#2045 = SURFACE_STYLE_FILL_AREA ( #582 ) ;
#2046 = ORIENTED_EDGE ( 'NONE', *, *, #1134, .T. ) ;
#2047 = SURFACE_STYLE_FILL_AREA ( #2850 ) ;
#2048 =( GEOMETRIC_REPRESENTATION_CONTEXT ( 3 ) GLOBAL_UNCERTAINTY_ASSIGNED_CONTEXT ( ( #279 ) ) GLOBAL_UNIT_ASSIGNED_CONTEXT ( ( #1551, #25, #3702 ) ) REPRESENTATION_CONTEXT ( 'NONE', 'WORKASPACE' ) );
#2049 = VERTEX_POINT ( 'NONE', #909 ) ;
#2050 = FILL_AREA_STYLE ('',( #4198 ) ) ;
#2051 = DIRECTION ( 'NONE',  ( 0.000000000000000000, 0.000000000000000000, -1.000000000000000000 ) ) ;
#2052 = DIRECTION ( 'NONE',  ( -0.000000000000000000, 1.000000000000000000, -0.000000000000000000 ) ) ;
#2053 = SURFACE_STYLE_FILL_AREA ( #1251 ) ;
#2054 = EDGE_CURVE ( 'NONE', #1210, #322, #863, .T. ) ;
#2055 = CARTESIAN_POINT ( 'NONE',  ( -3.100000000000000089, 160.0000000000000000, -9.500000000000000000 ) ) ;
#2056 =( GEOMETRIC_REPRESENTATION_CONTEXT ( 3 ) GLOBAL_UNCERTAINTY_ASSIGNED_CONTEXT ( ( #1399 ) ) GLOBAL_UNIT_ASSIGNED_CONTEXT ( ( #1494, #4515, #2947 ) ) REPRESENTATION_CONTEXT ( 'NONE', 'WORKASPACE' ) );
#2057 = LINE ( 'NONE', #2786, #1899 ) ;
#2058 = LINE ( 'NONE', #4518, #1115 ) ;
#2059 = EDGE_LOOP ( 'NONE', ( #1096, #1255 ) ) ;
#2060 = FILL_AREA_STYLE ('',( #4221 ) ) ;
#2061 = EDGE_CURVE ( 'NONE', #2874, #4652, #2644, .T. ) ;
#2062 = FILL_AREA_STYLE_COLOUR ( '', #2487 ) ;
#2063 = LINE ( 'NONE', #997, #2381 ) ;
#2064 =( LENGTH_UNIT ( ) NAMED_UNIT ( * ) SI_UNIT ( .MILLI., .METRE. ) );
#2065 = ORIENTED_EDGE ( 'NONE', *, *, #1460, .T. ) ;
#2066 =( LENGTH_UNIT ( ) NAMED_UNIT ( * ) SI_UNIT ( .MILLI., .METRE. ) );
#2067 =( NAMED_UNIT ( * ) SI_UNIT ( $, .STERADIAN. ) SOLID_ANGLE_UNIT ( ) );
#2068 = CARTESIAN_POINT ( 'NONE',  ( -10.00000000000000000, 160.0000000000000000, 9.000000000000000000 ) ) ;
#2069 = ORIENTED_EDGE ( 'NONE', *, *, #3312, .F. ) ;
#2070 = PRESENTATION_LAYER_ASSIGNMENT (  '', '', ( #923 ) ) ;
#2071 =( LENGTH_UNIT ( ) NAMED_UNIT ( * ) SI_UNIT ( .MILLI., .METRE. ) );
#2072 = ORIENTED_EDGE ( 'NONE', *, *, #4003, .F. ) ;
#2073 = PRESENTATION_STYLE_ASSIGNMENT (( #3099 ) ) ;
#2074 = UNCERTAINTY_MEASURE_WITH_UNIT (LENGTH_MEASURE( 1.000000000000000082E-05 ), #2204, 'distance_accuracy_value', 'NONE');
#2075 = LINE ( 'NONE', #4150, #3430 ) ;
#2076 = CARTESIAN_POINT ( 'NONE',  ( -3.099999999999999645, -14.38999999999998636, -9.500000000000000000 ) ) ;
#2077 = EDGE_CURVE ( 'NONE', #4645, #2971, #3088, .T. ) ;
#2078 = PRESENTATION_LAYER_ASSIGNMENT (  '', '', ( #1552 ) ) ;
#2079 = VERTEX_POINT ( 'NONE', #1032 ) ;
#2080 = SURFACE_SIDE_STYLE ('',( #3887 ) ) ;
#2081 =( GEOMETRIC_REPRESENTATION_CONTEXT ( 3 ) GLOBAL_UNCERTAINTY_ASSIGNED_CONTEXT ( ( #4260 ) ) GLOBAL_UNIT_ASSIGNED_CONTEXT ( ( #2939, #670, #288 ) ) REPRESENTATION_CONTEXT ( 'NONE', 'WORKASPACE' ) );
#2082 = SURFACE_STYLE_FILL_AREA ( #1333 ) ;
#2083 = CARTESIAN_POINT ( 'NONE',  ( -5.500000000000000000, 160.0000000000000000, 8.349999999999999645 ) ) ;
#2084 = STYLED_ITEM ( 'NONE', ( #712 ), #191 ) ;
#2085 = AXIS2_PLACEMENT_3D ( 'NONE', #1994, #1671, #872 ) ;
#2086 = SURFACE_STYLE_FILL_AREA ( #615 ) ;
#2087 = EDGE_CURVE ( 'NONE', #2432, #2079, #4560, .T. ) ;
#2088 = ORIENTED_EDGE ( 'NONE', *, *, #2077, .F. ) ;
#2089 = CARTESIAN_POINT ( 'NONE',  ( -5.000000000000000000, -160.0000000000000000, -8.349999999999999645 ) ) ;
#2090 =( NAMED_UNIT ( * ) SI_UNIT ( $, .STERADIAN. ) SOLID_ANGLE_UNIT ( ) );
#2091 = FILL_AREA_STYLE ('',( #3868 ) ) ;
#2092 = COLOUR_RGB ( '',0.8941176470588234615, 0.9137254901960784048, 0.9294117647058823817 ) ;
#2093 =( GEOMETRIC_REPRESENTATION_CONTEXT ( 3 ) GLOBAL_UNCERTAINTY_ASSIGNED_CONTEXT ( ( #3158 ) ) GLOBAL_UNIT_ASSIGNED_CONTEXT ( ( #1144, #4055, #1907 ) ) REPRESENTATION_CONTEXT ( 'NONE', 'WORKASPACE' ) );
#2094 = SURFACE_STYLE_FILL_AREA ( #1743 ) ;
#2095 = EDGE_CURVE ( 'NONE', #2937, #4488, #2057, .T. ) ;
#2096 = CARTESIAN_POINT ( 'NONE',  ( -6.272792206135780368, 160.0000000000000000, -5.353553390593270400 ) ) ;
#2097 = ORIENTED_EDGE ( 'NONE', *, *, #3804, .F. ) ;
#2098 = SURFACE_SIDE_STYLE ('',( #4577 ) ) ;
#2099 = ORIENTED_EDGE ( 'NONE', *, *, #2152, .F. ) ;
#2100 = DIRECTION ( 'NONE',  ( 0.000000000000000000, 1.000000000000000000, 0.000000000000000000 ) ) ;
#2101 =( NAMED_UNIT ( * ) SI_UNIT ( $, .STERADIAN. ) SOLID_ANGLE_UNIT ( ) );
#2102 = FACE_OUTER_BOUND ( 'NONE', #4500, .T. ) ;
#2103 = DIRECTION ( 'NONE',  ( 0.000000000000000000, 1.000000000000000000, 0.000000000000000000 ) ) ;
#2104 = SURFACE_SIDE_STYLE ('',( #3314 ) ) ;
#2105 = ORIENTED_EDGE ( 'NONE', *, *, #2180, .F. ) ;
#2106 = CARTESIAN_POINT ( 'NONE',  ( -9.000000000000000000, 160.0000000000000000, 9.000000000000000000 ) ) ;
#2107 = PLANE ( 'NONE',  #4644 ) ;
#2108 = COLOUR_RGB ( '',0.8941176470588234615, 0.9137254901960784048, 0.9294117647058823817 ) ;
#2109 = EDGE_CURVE ( 'NONE', #1548, #3437, #1012, .T. ) ;
#2110 = CIRCLE ( 'NONE', #2032, 0.5000000000000004441 ) ;
#2111 = DIRECTION ( 'NONE',  ( -0.000000000000000000, 1.000000000000000000, -0.000000000000000000 ) ) ;
#2112 = EDGE_LOOP ( 'NONE', ( #995, #3550, #1618, #3544 ) ) ;
#2113 = PRESENTATION_STYLE_ASSIGNMENT (( #1387 ) ) ;
#2114 = CYLINDRICAL_SURFACE ( 'NONE', #2537, 0.9999999999999991118 ) ;
#2115 = SURFACE_STYLE_USAGE ( .BOTH. , #647 ) ;
#2116 = ADVANCED_FACE ( 'NONE', ( #3485 ), #242, .T. ) ;
#2117 = AXIS2_PLACEMENT_3D ( 'NONE', #2883, #706, #2179 ) ;
#2118 = ORIENTED_EDGE ( 'NONE', *, *, #3976, .F. ) ;
#2119 = CARTESIAN_POINT ( 'NONE',  ( -5.000000000000000000, 160.0000000000000000, 7.849999999999999645 ) ) ;
#2120 = ADVANCED_FACE ( 'NONE', ( #760 ), #2884, .T. ) ;
#2121 = CIRCLE ( 'NONE', #3684, 0.5000000000000004441 ) ;
#2122 = FILL_AREA_STYLE ('',( #255 ) ) ;
#2123 = VERTEX_POINT ( 'NONE', #2588 ) ;
#2124 = UNCERTAINTY_MEASURE_WITH_UNIT (LENGTH_MEASURE( 1.000000000000000082E-05 ), #4218, 'distance_accuracy_value', 'NONE');
#2125 = CARTESIAN_POINT ( 'NONE',  ( 3.127207793864275054, 160.0000000000000000, 4.046446609406749495 ) ) ;
#2126 =( NAMED_UNIT ( * ) SI_UNIT ( $, .STERADIAN. ) SOLID_ANGLE_UNIT ( ) );
#2127 = COLOUR_RGB ( '',0.8941176470588234615, 0.9137254901960784048, 0.9294117647058823817 ) ;
#2128 = PRESENTATION_STYLE_ASSIGNMENT (( #2423 ) ) ;
#2129 = PRESENTATION_LAYER_ASSIGNMENT (  '', '', ( #352 ) ) ;
#2130 = COLOUR_RGB ( '',0.8941176470588234615, 0.9137254901960784048, 0.9294117647058823817 ) ;
#2131 = ORIENTED_EDGE ( 'NONE', *, *, #1659, .T. ) ;
#2132 = CARTESIAN_POINT ( 'NONE',  ( 5.500000000000000000, -14.38999999999998636, 7.849999999999999645 ) ) ;
#2133 = LINE ( 'NONE', #3579, #893 ) ;
#2134 = PRESENTATION_LAYER_ASSIGNMENT (  '', '', ( #3850 ) ) ;
#2135 =( GEOMETRIC_REPRESENTATION_CONTEXT ( 3 ) GLOBAL_UNCERTAINTY_ASSIGNED_CONTEXT ( ( #3753 ) ) GLOBAL_UNIT_ASSIGNED_CONTEXT ( ( #3806, #2778, #3079 ) ) REPRESENTATION_CONTEXT ( 'NONE', 'WORKASPACE' ) );
#2136 = ORIENTED_EDGE ( 'NONE', *, *, #2152, .T. ) ;
#2137 = SURFACE_SIDE_STYLE ('',( #2844 ) ) ;
#2138 = CARTESIAN_POINT ( 'NONE',  ( 3.600000000000000089, -14.38999999999998636, 8.349999999999999645 ) ) ;
#2139 =( NAMED_UNIT ( * ) PLANE_ANGLE_UNIT ( ) SI_UNIT ( $, .RADIAN. ) );
#2140 =( LENGTH_UNIT ( ) NAMED_UNIT ( * ) SI_UNIT ( .MILLI., .METRE. ) );
#2141 = FACE_OUTER_BOUND ( 'NONE', #1816, .T. ) ;
#2142 = EDGE_CURVE ( 'NONE', #2049, #1964, #3619, .T. ) ;
#2143 =( NAMED_UNIT ( * ) PLANE_ANGLE_UNIT ( ) SI_UNIT ( $, .RADIAN. ) );
#2144 = ORIENTED_EDGE ( 'NONE', *, *, #103, .F. ) ;
#2145 = FILL_AREA_STYLE_COLOUR ( '', #2092 ) ;
#2146 = EDGE_CURVE ( 'NONE', #170, #1372, #1480, .T. ) ;
#2147 = ORIENTED_EDGE ( 'NONE', *, *, #3, .T. ) ;
#2148 =( GEOMETRIC_REPRESENTATION_CONTEXT ( 3 ) GLOBAL_UNCERTAINTY_ASSIGNED_CONTEXT ( ( #839 ) ) GLOBAL_UNIT_ASSIGNED_CONTEXT ( ( #207, #4166, #898 ) ) REPRESENTATION_CONTEXT ( 'NONE', 'WORKASPACE' ) );
#2149 = FILL_AREA_STYLE ('',( #685 ) ) ;
#2150 =( NAMED_UNIT ( * ) PLANE_ANGLE_UNIT ( ) SI_UNIT ( $, .RADIAN. ) );
#2151 =( NAMED_UNIT ( * ) SI_UNIT ( $, .STERADIAN. ) SOLID_ANGLE_UNIT ( ) );
#2152 = EDGE_CURVE ( 'NONE', #846, #3709, #1841, .T. ) ;
#2153 = ORIENTED_EDGE ( 'NONE', *, *, #1141, .F. ) ;
#2154 = DIRECTION ( 'NONE',  ( -0.000000000000000000, 1.000000000000000000, -0.000000000000000000 ) ) ;
#2155 = DIRECTION ( 'NONE',  ( 0.000000000000000000, 0.000000000000000000, -1.000000000000000000 ) ) ;
#2156 = DIRECTION ( 'NONE',  ( 0.000000000000000000, -1.000000000000000000, 0.000000000000000000 ) ) ;
#2157 = COLOUR_RGB ( '',0.8941176470588234615, 0.9137254901960784048, 0.9294117647058823817 ) ;
#2158 = SURFACE_STYLE_USAGE ( .BOTH. , #1040 ) ;
#2159 = CIRCLE ( 'NONE', #4237, 0.4999999999999995559 ) ;
#2160 = FACE_OUTER_BOUND ( 'NONE', #511, .T. ) ;
#2161 = ORIENTED_EDGE ( 'NONE', *, *, #2810, .T. ) ;
#2162 = LINE ( 'NONE', #2968, #2223 ) ;
#2163 = DIRECTION ( 'NONE',  ( 0.000000000000000000, 0.000000000000000000, 1.000000000000000000 ) ) ;
#2164 = PLANE ( 'NONE',  #3952 ) ;
#2165 = CIRCLE ( 'NONE', #623, 0.5000000000000000000 ) ;
#2166 = LINE ( 'NONE', #3519, #202 ) ;
#2167 = ORIENTED_EDGE ( 'NONE', *, *, #996, .F. ) ;
#2168 = CARTESIAN_POINT ( 'NONE',  ( 5.000000000000000000, -14.38999999999998636, -8.349999999999999645 ) ) ;
#2169 = AXIS2_PLACEMENT_3D ( 'NONE', #451, #4424, #1266 ) ;
#2170 = COLOUR_RGB ( '',0.8941176470588234615, 0.9137254901960784048, 0.9294117647058823817 ) ;
#2171 = ORIENTED_EDGE ( 'NONE', *, *, #340, .T. ) ;
#2172 = SURFACE_STYLE_USAGE ( .BOTH. , #301 ) ;
#2173 = SURFACE_STYLE_FILL_AREA ( #2926 ) ;
#2174 = FACE_OUTER_BOUND ( 'NONE', #2623, .T. ) ;
#2175 = STYLED_ITEM ( 'NONE', ( #450 ), #2900 ) ;
#2176 = MECHANICAL_DESIGN_GEOMETRIC_PRESENTATION_REPRESENTATION (  '', ( #2760 ), #3704 ) ;
#2177 = ORIENTED_EDGE ( 'NONE', *, *, #2983, .T. ) ;
#2178 = DIRECTION ( 'NONE',  ( 0.000000000000000000, 0.000000000000000000, -1.000000000000000000 ) ) ;
#2179 = DIRECTION ( 'NONE',  ( 0.000000000000000000, 0.000000000000000000, -1.000000000000000000 ) ) ;
#2180 = EDGE_CURVE ( 'NONE', #1943, #4506, #1317, .T. ) ;
#2181 = DIRECTION ( 'NONE',  ( 1.000000000000000000, 0.000000000000000000, -5.840029665303990330E-15 ) ) ;
#2182 = EDGE_LOOP ( 'NONE', ( #3632, #195, #1612, #2609 ) ) ;
#2183 = CARTESIAN_POINT ( 'NONE',  ( 5.000000000000000000, -14.38999999999998636, 6.626345596729049880 ) ) ;
#2184 = EDGE_CURVE ( 'NONE', #4466, #3143, #4063, .T. ) ;
#2185 = ORIENTED_EDGE ( 'NONE', *, *, #1186, .T. ) ;
#2186 = DIRECTION ( 'NONE',  ( 0.000000000000000000, 0.000000000000000000, 1.000000000000000000 ) ) ;
#2187 = PRESENTATION_LAYER_ASSIGNMENT (  '', '', ( #656 ) ) ;
#2188 = PRESENTATION_STYLE_ASSIGNMENT (( #1047 ) ) ;
#2189 = ORIENTED_EDGE ( 'NONE', *, *, #2542, .T. ) ;
#2190 = DIRECTION ( 'NONE',  ( 0.000000000000000000, 0.000000000000000000, 1.000000000000000000 ) ) ;
#2191 = SURFACE_SIDE_STYLE ('',( #3067 ) ) ;
#2192 = SURFACE_STYLE_FILL_AREA ( #1496 ) ;
#2193 = AXIS2_PLACEMENT_3D ( 'NONE', #2422, #1378, #3834 ) ;
#2194 = CARTESIAN_POINT ( 'NONE',  ( -8.349999999999999645, -14.38999999999998636, -3.600000000000000089 ) ) ;
#2195 = FILL_AREA_STYLE_COLOUR ( '', #394 ) ;
#2196 = VERTEX_POINT ( 'NONE', #1273 ) ;
#2197 = SURFACE_STYLE_FILL_AREA ( #759 ) ;
#2198 = VECTOR ( 'NONE', #2154, 1000.000000000000000 ) ;
#2199 = SURFACE_STYLE_USAGE ( .BOTH. , #731 ) ;
#2200 = CARTESIAN_POINT ( 'NONE',  ( 8.349999999999999645, 160.0000000000000000, -5.500000000000000000 ) ) ;
#2201 = VERTEX_POINT ( 'NONE', #436 ) ;
#2202 =( GEOMETRIC_REPRESENTATION_CONTEXT ( 3 ) GLOBAL_UNCERTAINTY_ASSIGNED_CONTEXT ( ( #2781 ) ) GLOBAL_UNIT_ASSIGNED_CONTEXT ( ( #4022, #2645, #1893 ) ) REPRESENTATION_CONTEXT ( 'NONE', 'WORKASPACE' ) );
#2203 = EDGE_CURVE ( 'NONE', #2496, #946, #4486, .T. ) ;
#2204 =( LENGTH_UNIT ( ) NAMED_UNIT ( * ) SI_UNIT ( .MILLI., .METRE. ) );
#2205 =( GEOMETRIC_REPRESENTATION_CONTEXT ( 3 ) GLOBAL_UNCERTAINTY_ASSIGNED_CONTEXT ( ( #3658 ) ) GLOBAL_UNIT_ASSIGNED_CONTEXT ( ( #739, #2841, #316 ) ) REPRESENTATION_CONTEXT ( 'NONE', 'WORKASPACE' ) );
#2206 = STYLED_ITEM ( 'NONE', ( #88 ), #1546 ) ;
#2207 = MECHANICAL_DESIGN_GEOMETRIC_PRESENTATION_REPRESENTATION (  '', ( #4666 ), #3918 ) ;
#2208 = ORIENTED_EDGE ( 'NONE', *, *, #3568, .T. ) ;
#2209 = AXIS2_PLACEMENT_3D ( 'NONE', #1373, #2826, #2481 ) ;
#2210 = EDGE_CURVE ( 'NONE', #4041, #245, #115, .T. ) ;
#2211 = FILL_AREA_STYLE_COLOUR ( '', #2488 ) ;
#2212 = VECTOR ( 'NONE', #1368, 1000.000000000000000 ) ;
#2213 = CARTESIAN_POINT ( 'NONE',  ( 8.349999999999999645, 160.0000000000000000, 5.500000000000000000 ) ) ;
#2214 = DIRECTION ( 'NONE',  ( 2.246165255886149975E-15, 0.000000000000000000, -1.000000000000000000 ) ) ;
#2215 = ORIENTED_EDGE ( 'NONE', *, *, #2964, .T. ) ;
#2216 = DIRECTION ( 'NONE',  ( 0.000000000000000000, 0.000000000000000000, -1.000000000000000000 ) ) ;
#2217 = CARTESIAN_POINT ( 'NONE',  ( -3.899999999999999911, 160.0000000000000000, 2.773654403271025082 ) ) ;
#2218 = EDGE_LOOP ( 'NONE', ( #667, #1338, #1930, #2706 ) ) ;
#2219 = PRESENTATION_STYLE_ASSIGNMENT (( #1422 ) ) ;
#2220 = UNCERTAINTY_MEASURE_WITH_UNIT (LENGTH_MEASURE( 1.000000000000000082E-05 ), #2140, 'distance_accuracy_value', 'NONE');
#2221 = DIRECTION ( 'NONE',  ( 0.000000000000000000, 0.000000000000000000, -1.000000000000000000 ) ) ;
#2222 = FACE_OUTER_BOUND ( 'NONE', #2719, .T. ) ;
#2223 = VECTOR ( 'NONE', #4042, 1000.000000000000114 ) ;
#2224 =( LENGTH_UNIT ( ) NAMED_UNIT ( * ) SI_UNIT ( .MILLI., .METRE. ) );
#2225 = ORIENTED_EDGE ( 'NONE', *, *, #3123, .F. ) ;
#2226 = FILL_AREA_STYLE_COLOUR ( '', #2255 ) ;
#2227 = SURFACE_STYLE_FILL_AREA ( #2551 ) ;
#2228 = FILL_AREA_STYLE_COLOUR ( '', #3641 ) ;
#2229 = CARTESIAN_POINT ( 'NONE',  ( -10.00000000000000000, -14.38999999999998636, 9.000000000000000000 ) ) ;
#2230 = ORIENTED_EDGE ( 'NONE', *, *, #3970, .T. ) ;
#2231 = FACE_OUTER_BOUND ( 'NONE', #541, .T. ) ;
#2232 = CLOSED_SHELL ( 'NONE', ( #4342, #3368, #3102, #2730, #1720, #4086, #1315, #3881, #3598, #4418, #4309, #4573, #3837, #35, #4396, #2921, #2497, #4285, #3151, #3373, #1018, #1799, #2991, #2893, #4569, #2662, #1712, #939, #552, #1999, #3890, #2120, #4580, #1161, #944, #3998, #4550, #3920, #4610, #2390, #730, #2384, #684, #425, #3856, #1813, #2575, #1829, #1686, #2907, #4219, #2801, #1278, #1359, #1379, #4493, #131, #3827, #3746, #7, #1933, #1539, #837, #1252, #2748, #3181, #2282, #4050, #1546, #83, #4336, #4268, #1992, #4118, #1938, #4139, #4633, #1920, #3270, #2872, #4657, #2742, #557, #4543, #2116, #2579, #4451, #2900, #1508, #3546, #3455, #1952, #3206, #191, #892, #2775, #800 ) ) ;
#2233 = EDGE_CURVE ( 'NONE', #3433, #3494, #2686, .T. ) ;
#2234 = VERTEX_POINT ( 'NONE', #4434 ) ;
#2235 = PLANE ( 'NONE',  #3490 ) ;
#2236 = COLOUR_RGB ( '',0.8941176470588234615, 0.9137254901960784048, 0.9294117647058823817 ) ;
#2237 = EDGE_CURVE ( 'NONE', #3172, #1127, #1198, .T. ) ;
#2238 = VECTOR ( 'NONE', #3007, 1000.000000000000000 ) ;
#2239 = ORIENTED_EDGE ( 'NONE', *, *, #2109, .T. ) ;
#2240 = SURFACE_STYLE_USAGE ( .BOTH. , #5 ) ;
#2241 = CARTESIAN_POINT ( 'NONE',  ( 3.099999999999999645, -14.38999999999998636, 9.500000000000000000 ) ) ;
#2242 = COLOUR_RGB ( '',0.8941176470588234615, 0.9137254901960784048, 0.9294117647058823817 ) ;
#2243 = DIRECTION ( 'NONE',  ( 0.000000000000000000, 0.000000000000000000, -1.000000000000000000 ) ) ;
#2244 = CARTESIAN_POINT ( 'NONE',  ( 9.500000000000000000, 160.0000000000000000, 3.600000000000000089 ) ) ;
#2245 = ORIENTED_EDGE ( 'NONE', *, *, #1291, .T. ) ;
#2246 = PRESENTATION_STYLE_ASSIGNMENT (( #1171 ) ) ;
#2247 = DIRECTION ( 'NONE',  ( -0.000000000000000000, 1.000000000000000000, -0.000000000000000000 ) ) ;
#2248 = SURFACE_STYLE_USAGE ( .BOTH. , #797 ) ;
#2249 = ORIENTED_EDGE ( 'NONE', *, *, #968, .F. ) ;
#2250 = CARTESIAN_POINT ( 'NONE',  ( -5.199999999999987743, 0.8099999999998865885, 2.599999999999546674 ) ) ;
#2251 = ORIENTED_EDGE ( 'NONE', *, *, #491, .F. ) ;
#2252 = EDGE_CURVE ( 'NONE', #3437, #4265, #2476, .T. ) ;
#2253 = DIRECTION ( 'NONE',  ( 0.000000000000000000, 0.000000000000000000, 1.000000000000000000 ) ) ;
#2254 = MECHANICAL_DESIGN_GEOMETRIC_PRESENTATION_REPRESENTATION (  '', ( #2785 ), #4414 ) ;
#2255 = COLOUR_RGB ( '',0.8941176470588234615, 0.9137254901960784048, 0.9294117647058823817 ) ;
#2256 = CARTESIAN_POINT ( 'NONE',  ( -5.500000000000000000, 160.0000000000000000, 8.349999999999999645 ) ) ;
#2257 =( GEOMETRIC_REPRESENTATION_CONTEXT ( 3 ) GLOBAL_UNCERTAINTY_ASSIGNED_CONTEXT ( ( #1836 ) ) GLOBAL_UNIT_ASSIGNED_CONTEXT ( ( #4358, #2908, #2151 ) ) REPRESENTATION_CONTEXT ( 'NONE', 'WORKASPACE' ) );
#2258 = VERTEX_POINT ( 'NONE', #3056 ) ;
#2259 = FACE_OUTER_BOUND ( 'NONE', #616, .T. ) ;
#2260 = UNCERTAINTY_MEASURE_WITH_UNIT (LENGTH_MEASURE( 1.000000000000000082E-05 ), #4616, 'distance_accuracy_value', 'NONE');
#2261 = EDGE_CURVE ( 'NONE', #1975, #304, #488, .T. ) ;
#2262 = DIRECTION ( 'NONE',  ( 0.000000000000000000, 0.000000000000000000, -1.000000000000000000 ) ) ;
#2263 = DIRECTION ( 'NONE',  ( 0.000000000000000000, 0.000000000000000000, -1.000000000000000000 ) ) ;
#2264 = EDGE_LOOP ( 'NONE', ( #1449, #4250, #884, #4588 ) ) ;
#2265 = UNCERTAINTY_MEASURE_WITH_UNIT (LENGTH_MEASURE( 1.000000000000000082E-05 ), #1716, 'distance_accuracy_value', 'NONE');
#2266 = SURFACE_STYLE_FILL_AREA ( #4382 ) ;
#2267 = LINE ( 'NONE', #881, #1711 ) ;
#2268 = FILL_AREA_STYLE ('',( #813 ) ) ;
#2269 =( LENGTH_UNIT ( ) NAMED_UNIT ( * ) SI_UNIT ( .MILLI., .METRE. ) );
#2270 = VECTOR ( 'NONE', #1279, 1000.000000000000000 ) ;
#2271 = VERTEX_POINT ( 'NONE', #3785 ) ;
#2272 = FILL_AREA_STYLE_COLOUR ( '', #3062 ) ;
#2273 = DIRECTION ( 'NONE',  ( 0.000000000000000000, 0.000000000000000000, -1.000000000000000000 ) ) ;
#2274 = AXIS2_PLACEMENT_3D ( 'NONE', #4380, #853, #2243 ) ;
#2275 = MECHANICAL_DESIGN_GEOMETRIC_PRESENTATION_REPRESENTATION (  '', ( #347 ), #424 ) ;
#2276 = MECHANICAL_DESIGN_GEOMETRIC_PRESENTATION_REPRESENTATION (  '', ( #1675 ), #1900 ) ;
#2277 = ORIENTED_EDGE ( 'NONE', *, *, #373, .T. ) ;
#2278 =( GEOMETRIC_REPRESENTATION_CONTEXT ( 3 ) GLOBAL_UNCERTAINTY_ASSIGNED_CONTEXT ( ( #92 ) ) GLOBAL_UNIT_ASSIGNED_CONTEXT ( ( #3443, #2009, #4559 ) ) REPRESENTATION_CONTEXT ( 'NONE', 'WORKASPACE' ) );
#2279 = CARTESIAN_POINT ( 'NONE',  ( -8.349999999999999645, 160.0000000000000000, 5.500000000000000000 ) ) ;
#2280 = MECHANICAL_DESIGN_GEOMETRIC_PRESENTATION_REPRESENTATION (  '', ( #1121 ), #1197 ) ;
#2281 = DIRECTION ( 'NONE',  ( -1.000000000000000000, -0.000000000000000000, 9.637352644315589080E-17 ) ) ;
#2282 = ADVANCED_FACE ( 'NONE', ( #2002 ), #4214, .T. ) ;
#2283 = CARTESIAN_POINT ( 'NONE',  ( -5.000000000000000000, -14.38999999999998636, 7.849999999999999645 ) ) ;
#2284 = ORIENTED_EDGE ( 'NONE', *, *, #2929, .T. ) ;
#2285 =( NAMED_UNIT ( * ) SI_UNIT ( $, .STERADIAN. ) SOLID_ANGLE_UNIT ( ) );
#2286 = EDGE_CURVE ( 'NONE', #3709, #2395, #990, .T. ) ;
#2287 = CARTESIAN_POINT ( 'NONE',  ( -3.100000000000000089, -14.38999999999998636, -8.849999999999999645 ) ) ;
#2288 = ORIENTED_EDGE ( 'NONE', *, *, #3319, .F. ) ;
#2289 = FACE_OUTER_BOUND ( 'NONE', #1068, .T. ) ;
#2290 = SURFACE_SIDE_STYLE ('',( #441 ) ) ;
#2291 = STYLED_ITEM ( 'NONE', ( #3643 ), #2730 ) ;
#2292 = DIRECTION ( 'NONE',  ( 9.637352644315589080E-17, 0.000000000000000000, 1.000000000000000000 ) ) ;
#2293 = ORIENTED_EDGE ( 'NONE', *, *, #1444, .F. ) ;
#2294 = DIRECTION ( 'NONE',  ( 0.000000000000000000, -1.000000000000000000, 0.000000000000000000 ) ) ;
#2295 = FILL_AREA_STYLE ('',( #4043 ) ) ;
#2296 = CYLINDRICAL_SURFACE ( 'NONE', #3501, 0.9999999999999991118 ) ;
#2297 =( GEOMETRIC_REPRESENTATION_CONTEXT ( 3 ) GLOBAL_UNCERTAINTY_ASSIGNED_CONTEXT ( ( #927 ) ) GLOBAL_UNIT_ASSIGNED_CONTEXT ( ( #2512, #1761, #1461 ) ) REPRESENTATION_CONTEXT ( 'NONE', 'WORKASPACE' ) );
#2298 =( NAMED_UNIT ( * ) PLANE_ANGLE_UNIT ( ) SI_UNIT ( $, .RADIAN. ) );
#2299 = ORIENTED_EDGE ( 'NONE', *, *, #2703, .T. ) ;
#2300 = FACE_OUTER_BOUND ( 'NONE', #1921, .T. ) ;
#2301 = DIRECTION ( 'NONE',  ( 0.000000000000000000, 0.000000000000000000, -1.000000000000000000 ) ) ;
#2302 = LINE ( 'NONE', #3428, #4281 ) ;
#2303 = MECHANICAL_DESIGN_GEOMETRIC_PRESENTATION_REPRESENTATION (  '', ( #1630 ), #4545 ) ;
#2304 = PRESENTATION_STYLE_ASSIGNMENT (( #3379 ) ) ;
#2305 = ORIENTED_EDGE ( 'NONE', *, *, #2237, .T. ) ;
#2306 = UNCERTAINTY_MEASURE_WITH_UNIT (LENGTH_MEASURE( 1.000000000000000082E-05 ), #4507, 'distance_accuracy_value', 'NONE');
#2307 = CARTESIAN_POINT ( 'NONE',  ( -6.272792206135780368, 160.0000000000000000, 5.353553390593279282 ) ) ;
#2308 = AXIS2_PLACEMENT_3D ( 'NONE', #4291, #2911, #1084 ) ;
#2309 = COLOUR_RGB ( '',0.8941176470588234615, 0.9137254901960784048, 0.9294117647058823817 ) ;
#2310 = DIRECTION ( 'NONE',  ( 0.000000000000000000, -1.000000000000000000, 0.000000000000000000 ) ) ;
#2311 = VERTEX_POINT ( 'NONE', #3478 ) ;
#2312 = UNCERTAINTY_MEASURE_WITH_UNIT (LENGTH_MEASURE( 1.000000000000000082E-05 ), #81, 'distance_accuracy_value', 'NONE');
#2313 = CARTESIAN_POINT ( 'NONE',  ( 9.000000000000000000, 160.0000000000000000, -10.00000000000000000 ) ) ;
#2314 = DIRECTION ( 'NONE',  ( 0.000000000000000000, -1.000000000000000000, 0.000000000000000000 ) ) ;
#2315 = COLOUR_RGB ( '',0.8941176470588234615, 0.9137254901960784048, 0.9294117647058823817 ) ;
#2316 = CARTESIAN_POINT ( 'NONE',  ( -2.980761184457545010, 160.0000000000000000, 3.899999999999999911 ) ) ;
#2317 = EDGE_CURVE ( 'NONE', #1745, #910, #210, .T. ) ;
#2318 = CARTESIAN_POINT ( 'NONE',  ( 3.099999999999999645, -14.38999999999998636, -8.849999999999999645 ) ) ;
#2319 = COLOUR_RGB ( '',0.8941176470588234615, 0.9137254901960784048, 0.9294117647058823817 ) ;
#2320 = VECTOR ( 'NONE', #1629, 999.9999999999998863 ) ;
#2321 = ORIENTED_EDGE ( 'NONE', *, *, #2142, .T. ) ;
#2322 = CARTESIAN_POINT ( 'NONE',  ( -3.127207793864275054, 160.0000000000000000, 4.046446609406749495 ) ) ;
#2323 = EDGE_CURVE ( 'NONE', #322, #3119, #1941, .T. ) ;
#2324 = DIRECTION ( 'NONE',  ( 0.000000000000000000, 0.000000000000000000, -1.000000000000000000 ) ) ;
#2325 =( NAMED_UNIT ( * ) PLANE_ANGLE_UNIT ( ) SI_UNIT ( $, .RADIAN. ) );
#2326 = AXIS2_PLACEMENT_3D ( 'NONE', #2283, #1954, #2975 ) ;
#2327 = ORIENTED_EDGE ( 'NONE', *, *, #3798, .T. ) ;
#2328 = DIRECTION ( 'NONE',  ( -5.840029665304000586E-15, 0.000000000000000000, -1.000000000000000000 ) ) ;
#2329 = CARTESIAN_POINT ( 'NONE',  ( -2.773654403270995328, 160.0000000000000000, -3.899999999999999911 ) ) ;
#2330 = CARTESIAN_POINT ( 'NONE',  ( 5.500000000000000000, 160.0000000000000000, 8.349999999999999645 ) ) ;
#2331 = PRESENTATION_STYLE_ASSIGNMENT (( #4377 ) ) ;
#2332 = ORIENTED_EDGE ( 'NONE', *, *, #724, .F. ) ;
#2333 = PRESENTATION_STYLE_ASSIGNMENT (( #3004 ) ) ;
#2334 = PRESENTATION_STYLE_ASSIGNMENT (( #1124 ) ) ;
#2335 = VECTOR ( 'NONE', #2163, 1000.000000000000000 ) ;
#2336 = CARTESIAN_POINT ( 'NONE',  ( -9.000000000000000000, -14.38999999999998636, -10.00000000000000000 ) ) ;
#2337 = AXIS2_PLACEMENT_3D ( 'NONE', #3561, #1782, #2737 ) ;
#2338 = DIRECTION ( 'NONE',  ( -0.000000000000000000, 1.000000000000000000, -0.000000000000000000 ) ) ;
#2339 = VERTEX_POINT ( 'NONE', #2930 ) ;
#2340 = CARTESIAN_POINT ( 'NONE',  ( 8.349999999999999645, 160.0000000000000000, 5.500000000000000000 ) ) ;
#2341 = DIRECTION ( 'NONE',  ( -0.000000000000000000, 1.000000000000000000, -0.000000000000000000 ) ) ;
#2342 = CYLINDRICAL_SURFACE ( 'NONE', #900, 0.5000000000000004441 ) ;
#2343 = SURFACE_STYLE_USAGE ( .BOTH. , #4091 ) ;
#2344 = AXIS2_PLACEMENT_3D ( 'NONE', #253, #231, #556 ) ;
#2345 = DIRECTION ( 'NONE',  ( 0.000000000000000000, 0.000000000000000000, -1.000000000000000000 ) ) ;
#2346 = EDGE_CURVE ( 'NONE', #245, #679, #1447, .T. ) ;
#2347 =( NAMED_UNIT ( * ) SI_UNIT ( $, .STERADIAN. ) SOLID_ANGLE_UNIT ( ) );
#2348 = AXIS2_PLACEMENT_3D ( 'NONE', #3446, #2449, #4179 ) ;
#2349 = VERTEX_POINT ( 'NONE', #1500 ) ;
#2350 = LINE ( 'NONE', #4044, #1236 ) ;
#2351 = DIRECTION ( 'NONE',  ( 0.000000000000000000, 1.000000000000000000, 0.000000000000000000 ) ) ;
#2352 = CIRCLE ( 'NONE', #3029, 0.4999999999999908962 ) ;
#2353 = EDGE_CURVE ( 'NONE', #2866, #3968, #3655, .T. ) ;
#2354 = CARTESIAN_POINT ( 'NONE',  ( -3.100000000000000089, 160.0000000000000000, -8.349999999999999645 ) ) ;
#2355 = ORIENTED_EDGE ( 'NONE', *, *, #2489, .T. ) ;
#2356 = CARTESIAN_POINT ( 'NONE',  ( -3.600000000000000089, 160.0000000000000000, 9.500000000000000000 ) ) ;
#2357 = MECHANICAL_DESIGN_GEOMETRIC_PRESENTATION_REPRESENTATION (  '', ( #1817 ), #3323 ) ;
#2358 =( NAMED_UNIT ( * ) SI_UNIT ( $, .STERADIAN. ) SOLID_ANGLE_UNIT ( ) );
#2359 = VECTOR ( 'NONE', #43, 1000.000000000000000 ) ;
#2360 = EDGE_CURVE ( 'NONE', #2522, #757, #1094, .T. ) ;
#2361 = CARTESIAN_POINT ( 'NONE',  ( -6.626345596729059650, 160.0000000000000000, -5.000000000000000000 ) ) ;
#2362 = ORIENTED_EDGE ( 'NONE', *, *, #4152, .F. ) ;
#2363 = DIRECTION ( 'NONE',  ( -2.891205793294680200E-15, 0.000000000000000000, -1.000000000000000000 ) ) ;
#2364 =( GEOMETRIC_REPRESENTATION_CONTEXT ( 3 ) GLOBAL_UNCERTAINTY_ASSIGNED_CONTEXT ( ( #236 ) ) GLOBAL_UNIT_ASSIGNED_CONTEXT ( ( #3242, #3351, #4099 ) ) REPRESENTATION_CONTEXT ( 'NONE', 'WORKASPACE' ) );
#2365 =( GEOMETRIC_REPRESENTATION_CONTEXT ( 3 ) GLOBAL_UNCERTAINTY_ASSIGNED_CONTEXT ( ( #4354 ) ) GLOBAL_UNIT_ASSIGNED_CONTEXT ( ( #1906, #107, #918 ) ) REPRESENTATION_CONTEXT ( 'NONE', 'WORKASPACE' ) );
#2366 = FILL_AREA_STYLE_COLOUR ( '', #1113 ) ;
#2367 = CARTESIAN_POINT ( 'NONE',  ( 2.980761184457545010, 160.0000000000000000, 3.899999999999999911 ) ) ;
#2368 = ORIENTED_EDGE ( 'NONE', *, *, #472, .T. ) ;
#2369 = UNCERTAINTY_MEASURE_WITH_UNIT (LENGTH_MEASURE( 1.000000000000000082E-05 ), #555, 'distance_accuracy_value', 'NONE');
#2370 = DIRECTION ( 'NONE',  ( 0.7071067811865520136, 0.000000000000000000, -0.7071067811865431318 ) ) ;
#2371 = DIRECTION ( 'NONE',  ( 0.000000000000000000, -1.000000000000000000, 0.000000000000000000 ) ) ;
#2372 = PRESENTATION_STYLE_ASSIGNMENT (( #589 ) ) ;
#2373 = EDGE_CURVE ( 'NONE', #2496, #2425, #2521, .T. ) ;
#2374 = CARTESIAN_POINT ( 'NONE',  ( -3.127207793864283492, -14.38999999999998636, 4.046446609406741501 ) ) ;
#2375 = DIRECTION ( 'NONE',  ( -0.7071067811865546782, 0.000000000000000000, -0.7071067811865404673 ) ) ;
#2376 = ORIENTED_EDGE ( 'NONE', *, *, #1285, .T. ) ;
#2377 = CARTESIAN_POINT ( 'NONE',  ( 9.000000000000000000, -14.38999999999998636, -10.00000000000000000 ) ) ;
#2378 = DIRECTION ( 'NONE',  ( 0.000000000000000000, 1.000000000000000000, 0.000000000000000000 ) ) ;
#2379 =( LENGTH_UNIT ( ) NAMED_UNIT ( * ) SI_UNIT ( .MILLI., .METRE. ) );
#2380 = FILL_AREA_STYLE_COLOUR ( '', #4669 ) ;
#2381 = VECTOR ( 'NONE', #3536, 1000.000000000000000 ) ;
#2382 = ORIENTED_EDGE ( 'NONE', *, *, #852, .F. ) ;
#2383 = CARTESIAN_POINT ( 'NONE',  ( 8.849999999999999645, -14.38999999999998636, 3.600000000000000089 ) ) ;
#2384 = ADVANCED_FACE ( 'NONE', ( #2566 ), #1833, .T. ) ;
#2385 = DIRECTION ( 'NONE',  ( 1.000000000000000000, 0.000000000000000000, -2.168404344971010446E-15 ) ) ;
#2386 = CARTESIAN_POINT ( 'NONE',  ( 8.349999999999999645, -14.38999999999998636, 3.600000000000000089 ) ) ;
#2387 = EDGE_LOOP ( 'NONE', ( #4100, #2144, #2708, #960 ) ) ;
#2388 = DIRECTION ( 'NONE',  ( -0.000000000000000000, 1.000000000000000000, -0.000000000000000000 ) ) ;
#2389 = PLANE ( 'NONE',  #1095 ) ;
#2390 = ADVANCED_FACE ( 'NONE', ( #4121 ), #510, .T. ) ;
#2391 =( NAMED_UNIT ( * ) SI_UNIT ( $, .STERADIAN. ) SOLID_ANGLE_UNIT ( ) );
#2392 = VECTOR ( 'NONE', #4521, 1000.000000000000000 ) ;
#2393 =( GEOMETRIC_REPRESENTATION_CONTEXT ( 3 ) GLOBAL_UNCERTAINTY_ASSIGNED_CONTEXT ( ( #2369 ) ) GLOBAL_UNIT_ASSIGNED_CONTEXT ( ( #555, #229, #3987 ) ) REPRESENTATION_CONTEXT ( 'NONE', 'WORKASPACE' ) );
#2394 = CARTESIAN_POINT ( 'NONE',  ( 1.065891202461304628E-14, -4.390000000000112479, 2.599999999999547562 ) ) ;
#2395 = VERTEX_POINT ( 'NONE', #3409 ) ;
#2396 = CARTESIAN_POINT ( 'NONE',  ( 3.600000000000000089, -14.38999999999998636, 9.500000000000000000 ) ) ;
#2397 = VECTOR ( 'NONE', #949, 1000.000000000000114 ) ;
#2398 = DIRECTION ( 'NONE',  ( 0.000000000000000000, 0.000000000000000000, -1.000000000000000000 ) ) ;
#2399 = SURFACE_SIDE_STYLE ('',( #2053 ) ) ;
#2400 = COLOUR_RGB ( '',0.8941176470588234615, 0.9137254901960784048, 0.9294117647058823817 ) ;
#2401 = CARTESIAN_POINT ( 'NONE',  ( 5.500000000000000000, -14.38999999999998636, 7.849999999999999645 ) ) ;
#2402 = MECHANICAL_DESIGN_GEOMETRIC_PRESENTATION_REPRESENTATION (  '', ( #707 ), #4702 ) ;
#2403 = SURFACE_STYLE_FILL_AREA ( #3791 ) ;
#2404 = ORIENTED_EDGE ( 'NONE', *, *, #282, .F. ) ;
#2405 =( NAMED_UNIT ( * ) SI_UNIT ( $, .STERADIAN. ) SOLID_ANGLE_UNIT ( ) );
#2406 = DIRECTION ( 'NONE',  ( 0.000000000000000000, 0.000000000000000000, 1.000000000000000000 ) ) ;
#2407 = LINE ( 'NONE', #2083, #664 ) ;
#2408 = AXIS2_PLACEMENT_3D ( 'NONE', #1648, #3847, #227 ) ;
#2409 = DIRECTION ( 'NONE',  ( 0.000000000000000000, -1.000000000000000000, 0.000000000000000000 ) ) ;
#2410 = ORIENTED_EDGE ( 'NONE', *, *, #919, .F. ) ;
#2411 = CARTESIAN_POINT ( 'NONE',  ( 5.499999999999997335, -14.38999999999998636, -6.626345596729049880 ) ) ;
#2412 = EDGE_CURVE ( 'NONE', #206, #4645, #3442, .T. ) ;
#2413 = CYLINDRICAL_SURFACE ( 'NONE', #4028, 0.9999999999999991118 ) ;
#2414 = ORIENTED_EDGE ( 'NONE', *, *, #1321, .T. ) ;
#2415 = CARTESIAN_POINT ( 'NONE',  ( -6.626345596729049880, 160.0000000000000000, 5.000000000000000000 ) ) ;
#2416 = CARTESIAN_POINT ( 'NONE',  ( 1.040834085586083941E-14, 160.0000000000000000, 6.938893903907229955E-15 ) ) ;
#2417 = FILL_AREA_STYLE_COLOUR ( '', #1897 ) ;
#2418 = EDGE_CURVE ( 'NONE', #2123, #750, #869, .T. ) ;
#2419 = ORIENTED_EDGE ( 'NONE', *, *, #4247, .T. ) ;
#2420 = UNCERTAINTY_MEASURE_WITH_UNIT (LENGTH_MEASURE( 1.000000000000000082E-05 ), #1102, 'distance_accuracy_value', 'NONE');
#2421 =( NAMED_UNIT ( * ) PLANE_ANGLE_UNIT ( ) SI_UNIT ( $, .RADIAN. ) );
#2422 = CARTESIAN_POINT ( 'NONE',  ( 1.040834085586083941E-14, 160.0000000000000000, 6.938893903907229955E-15 ) ) ;
#2423 = SURFACE_STYLE_USAGE ( .BOTH. , #2031 ) ;
#2424 =( GEOMETRIC_REPRESENTATION_CONTEXT ( 3 ) GLOBAL_UNCERTAINTY_ASSIGNED_CONTEXT ( ( #2260 ) ) GLOBAL_UNIT_ASSIGNED_CONTEXT ( ( #4616, #4371, #3304 ) ) REPRESENTATION_CONTEXT ( 'NONE', 'WORKASPACE' ) );
#2425 = VERTEX_POINT ( 'NONE', #1319 ) ;
#2426 =( NAMED_UNIT ( * ) PLANE_ANGLE_UNIT ( ) SI_UNIT ( $, .RADIAN. ) );
#2427 = PRESENTATION_LAYER_ASSIGNMENT (  '', '', ( #1810 ) ) ;
#2428 = CIRCLE ( 'NONE', #1588, 0.5000000000000004441 ) ;
#2429 = ORIENTED_EDGE ( 'NONE', *, *, #1345, .T. ) ;
#2430 = LINE ( 'NONE', #1025, #4437 ) ;
#2431 = STYLED_ITEM ( 'NONE', ( #1872 ), #1813 ) ;
#2432 = VERTEX_POINT ( 'NONE', #4599 ) ;
#2433 = SURFACE_STYLE_USAGE ( .BOTH. , #4257 ) ;
#2434 = SURFACE_STYLE_FILL_AREA ( #1699 ) ;
#2435 = MECHANICAL_DESIGN_GEOMETRIC_PRESENTATION_REPRESENTATION (  '', ( #4061 ), #911 ) ;
#2436 = VECTOR ( 'NONE', #3846, 1000.000000000000000 ) ;
#2437 = PRESENTATION_LAYER_ASSIGNMENT (  '', '', ( #4666 ) ) ;
#2438 = EDGE_CURVE ( 'NONE', #1445, #2196, #920, .T. ) ;
#2439 = ORIENTED_EDGE ( 'NONE', *, *, #3238, .T. ) ;
#2440 = PRESENTATION_STYLE_ASSIGNMENT (( #3504 ) ) ;
#2441 = STYLED_ITEM ( 'NONE', ( #4181 ), #1799 ) ;
#2442 = LINE ( 'NONE', #192, #814 ) ;
#2443 = EDGE_CURVE ( 'NONE', #3257, #1376, #3499, .T. ) ;
#2444 = PRESENTATION_LAYER_ASSIGNMENT (  '', '', ( #4443 ) ) ;
#2445 =( NAMED_UNIT ( * ) SI_UNIT ( $, .STERADIAN. ) SOLID_ANGLE_UNIT ( ) );
#2446 = ORIENTED_EDGE ( 'NONE', *, *, #494, .T. ) ;
#2447 = SURFACE_SIDE_STYLE ('',( #3488 ) ) ;
#2448 = PRESENTATION_STYLE_ASSIGNMENT (( #3512 ) ) ;
#2449 = DIRECTION ( 'NONE',  ( 0.000000000000000000, -1.000000000000000000, 0.000000000000000000 ) ) ;
#2450 = ORIENTED_EDGE ( 'NONE', *, *, #1608, .F. ) ;
#2451 = SURFACE_STYLE_USAGE ( .BOTH. , #530 ) ;
#2452 = SURFACE_SIDE_STYLE ('',( #987 ) ) ;
#2453 = VERTEX_POINT ( 'NONE', #2096 ) ;
#2454 = CARTESIAN_POINT ( 'NONE',  ( -9.500000000000000000, 160.0000000000000000, 3.100000000000000089 ) ) ;
#2455 = CARTESIAN_POINT ( 'NONE',  ( 3.100000000000000089, -160.0000000000000000, -9.500000000000000000 ) ) ;
#2456 = FILL_AREA_STYLE_COLOUR ( '', #1164 ) ;
#2457 = VERTEX_POINT ( 'NONE', #2386 ) ;
#2458 = UNCERTAINTY_MEASURE_WITH_UNIT (LENGTH_MEASURE( 1.000000000000000082E-05 ), #99, 'distance_accuracy_value', 'NONE');
#2459 = LINE ( 'NONE', #4130, #2397 ) ;
#2460 = FACE_OUTER_BOUND ( 'NONE', #4306, .T. ) ;
#2461 = CARTESIAN_POINT ( 'NONE',  ( 8.849999999999999645, 160.0000000000000000, -3.100000000000000089 ) ) ;
#2462 =( GEOMETRIC_REPRESENTATION_CONTEXT ( 3 ) GLOBAL_UNCERTAINTY_ASSIGNED_CONTEXT ( ( #3082 ) ) GLOBAL_UNIT_ASSIGNED_CONTEXT ( ( #970, #2805, #3944 ) ) REPRESENTATION_CONTEXT ( 'NONE', 'WORKASPACE' ) );
#2463 =( GEOMETRIC_REPRESENTATION_CONTEXT ( 3 ) GLOBAL_UNCERTAINTY_ASSIGNED_CONTEXT ( ( #587 ) ) GLOBAL_UNIT_ASSIGNED_CONTEXT ( ( #1332, #2426, #4203 ) ) REPRESENTATION_CONTEXT ( 'NONE', 'WORKASPACE' ) );
#2464 = ORIENTED_EDGE ( 'NONE', *, *, #4143, .T. ) ;
#2465 = EDGE_CURVE ( 'NONE', #891, #392, #553, .T. ) ;
#2466 = MECHANICAL_DESIGN_GEOMETRIC_PRESENTATION_REPRESENTATION (  '', ( #3502 ), #1928 ) ;
#2467 = DIRECTION ( 'NONE',  ( 0.000000000000000000, 0.000000000000000000, -1.000000000000000000 ) ) ;
#2468 = LINE ( 'NONE', #573, #809 ) ;
#2469 = AXIS2_PLACEMENT_3D ( 'NONE', #437, #37, #406 ) ;
#2470 = COLOUR_RGB ( '',0.8941176470588234615, 0.9137254901960784048, 0.9294117647058823817 ) ;
#2471 = ORIENTED_EDGE ( 'NONE', *, *, #198, .F. ) ;
#2472 = EDGE_CURVE ( 'NONE', #317, #2049, #2607, .T. ) ;
#2473 = CARTESIAN_POINT ( 'NONE',  ( -3.600000000000000089, -14.38999999999998636, -9.500000000000000000 ) ) ;
#2474 = COLOUR_RGB ( '',0.8941176470588234615, 0.9137254901960784048, 0.9294117647058823817 ) ;
#2475 = MECHANICAL_DESIGN_GEOMETRIC_PRESENTATION_REPRESENTATION (  '', ( #627 ), #1397 ) ;
#2476 = CIRCLE ( 'NONE', #3959, 0.4999999999999995559 ) ;
#2477 = FACE_BOUND ( 'NONE', #3984, .T. ) ;
#2478 = LINE ( 'NONE', #3094, #311 ) ;
#2479 = ORIENTED_EDGE ( 'NONE', *, *, #2438, .T. ) ;
#2480 = CARTESIAN_POINT ( 'NONE',  ( 10.00000000000000000, 160.0000000000000000, 9.000000000000000000 ) ) ;
#2481 = DIRECTION ( 'NONE',  ( 0.000000000000000000, 0.000000000000000000, -1.000000000000000000 ) ) ;
#2482 = VECTOR ( 'NONE', #855, 1000.000000000000000 ) ;
#2483 = ORIENTED_EDGE ( 'NONE', *, *, #804, .F. ) ;
#2484 = ORIENTED_EDGE ( 'NONE', *, *, #1476, .T. ) ;
#2485 = DIRECTION ( 'NONE',  ( 0.000000000000000000, -1.000000000000000000, 0.000000000000000000 ) ) ;
#2486 = FACE_OUTER_BOUND ( 'NONE', #2816, .T. ) ;
#2487 = COLOUR_RGB ( '',0.8941176470588234615, 0.9137254901960784048, 0.9294117647058823817 ) ;
#2488 = COLOUR_RGB ( '',0.8941176470588234615, 0.9137254901960784048, 0.9294117647058823817 ) ;
#2489 = EDGE_CURVE ( 'NONE', #833, #3352, #2478, .T. ) ;
#2490 = PRESENTATION_LAYER_ASSIGNMENT (  '', '', ( #2785 ) ) ;
#2491 = PLANE ( 'NONE',  #1355 ) ;
#2492 = ORIENTED_EDGE ( 'NONE', *, *, #2523, .T. ) ;
#2493 = COLOUR_RGB ( '',0.8941176470588234615, 0.9137254901960784048, 0.9294117647058823817 ) ;
#2494 = EDGE_CURVE ( 'NONE', #2571, #1707, #4705, .T. ) ;
#2495 = LINE ( 'NONE', #677, #2436 ) ;
#2496 = VERTEX_POINT ( 'NONE', #4571 ) ;
#2497 = ADVANCED_FACE ( 'NONE', ( #942 ), #2413, .T. ) ;
#2498 = STYLED_ITEM ( 'NONE', ( #440 ), #1018 ) ;
#2499 = CARTESIAN_POINT ( 'NONE',  ( 5.500000000000000000, 160.0000000000000000, 8.349999999999999645 ) ) ;
#2500 = DIRECTION ( 'NONE',  ( 0.000000000000000000, -1.000000000000000000, 0.000000000000000000 ) ) ;
#2501 = ORIENTED_EDGE ( 'NONE', *, *, #2472, .F. ) ;
#2502 = DIRECTION ( 'NONE',  ( 0.000000000000000000, -1.000000000000000000, 0.000000000000000000 ) ) ;
#2503 = UNCERTAINTY_MEASURE_WITH_UNIT (LENGTH_MEASURE( 1.000000000000000082E-05 ), #80, 'distance_accuracy_value', 'NONE');
#2504 = VECTOR ( 'NONE', #1996, 1000.000000000000000 ) ;
#2505 = AXIS2_PLACEMENT_3D ( 'NONE', #1062, #1459, #3601 ) ;
#2506 =( GEOMETRIC_REPRESENTATION_CONTEXT ( 3 ) GLOBAL_UNCERTAINTY_ASSIGNED_CONTEXT ( ( #630 ) ) GLOBAL_UNIT_ASSIGNED_CONTEXT ( ( #3953, #3063, #4464 ) ) REPRESENTATION_CONTEXT ( 'NONE', 'WORKASPACE' ) );
#2507 = ORIENTED_EDGE ( 'NONE', *, *, #1774, .F. ) ;
#2508 = CARTESIAN_POINT ( 'NONE',  ( -6.272792206135780368, -160.0000000000000000, -5.353553390593270400 ) ) ;
#2509 = DIRECTION ( 'NONE',  ( 0.7071067811865399122, 0.000000000000000000, -0.7071067811865551223 ) ) ;
#2510 =( GEOMETRIC_REPRESENTATION_CONTEXT ( 3 ) GLOBAL_UNCERTAINTY_ASSIGNED_CONTEXT ( ( #3992 ) ) GLOBAL_UNIT_ASSIGNED_CONTEXT ( ( #681, #2901, #1053 ) ) REPRESENTATION_CONTEXT ( 'NONE', 'WORKASPACE' ) );
#2511 = PRESENTATION_STYLE_ASSIGNMENT (( #411 ) ) ;
#2512 =( LENGTH_UNIT ( ) NAMED_UNIT ( * ) SI_UNIT ( .MILLI., .METRE. ) );
#2513 = ORIENTED_EDGE ( 'NONE', *, *, #359, .F. ) ;
#2514 = DIRECTION ( 'NONE',  ( -0.000000000000000000, 1.000000000000000000, -0.000000000000000000 ) ) ;
#2515 = CARTESIAN_POINT ( 'NONE',  ( 9.000000000000000000, 160.0000000000000000, -9.000000000000000000 ) ) ;
#2516 = SURFACE_STYLE_USAGE ( .BOTH. , #4024 ) ;
#2517 = ORIENTED_EDGE ( 'NONE', *, *, #4057, .T. ) ;
#2518 = EDGE_LOOP ( 'NONE', ( #3416, #4076, #1619, #3714 ) ) ;
#2519 = EDGE_CURVE ( 'NONE', #3093, #1246, #3224, .T. ) ;
#2520 = CIRCLE ( 'NONE', #2667, 0.5000000000000004441 ) ;
#2521 = LINE ( 'NONE', #725, #4480 ) ;
#2522 = VERTEX_POINT ( 'NONE', #2168 ) ;
#2523 = EDGE_CURVE ( 'NONE', #460, #1577, #3589, .T. ) ;
#2524 = CARTESIAN_POINT ( 'NONE',  ( -10.00000000000000000, -14.38999999999998636, 3.599999999999999201 ) ) ;
#2525 = DIRECTION ( 'NONE',  ( -0.7071067811865520136, 0.000000000000000000, -0.7071067811865431318 ) ) ;
#2526 = ORIENTED_EDGE ( 'NONE', *, *, #2033, .T. ) ;
#2527 =( NAMED_UNIT ( * ) SI_UNIT ( $, .STERADIAN. ) SOLID_ANGLE_UNIT ( ) );
#2528 = CYLINDRICAL_SURFACE ( 'NONE', #4583, 0.5000000000000000000 ) ;
#2529 = VECTOR ( 'NONE', #251, 1000.000000000000000 ) ;
#2530 = FACE_OUTER_BOUND ( 'NONE', #1848, .T. ) ;
#2531 = VECTOR ( 'NONE', #1795, 1000.000000000000000 ) ;
#2532 = ORIENTED_EDGE ( 'NONE', *, *, #3018, .F. ) ;
#2533 = SURFACE_STYLE_USAGE ( .BOTH. , #1064 ) ;
#2534 = AXIS2_PLACEMENT_3D ( 'NONE', #857, #3737, #1129 ) ;
#2535 = DIRECTION ( 'NONE',  ( 0.000000000000000000, 0.000000000000000000, -1.000000000000000000 ) ) ;
#2536 = ORIENTED_EDGE ( 'NONE', *, *, #3568, .F. ) ;
#2537 = AXIS2_PLACEMENT_3D ( 'NONE', #2515, #341, #366 ) ;
#2538 = VECTOR ( 'NONE', #3226, 1000.000000000000000 ) ;
#2539 = SURFACE_STYLE_USAGE ( .BOTH. , #2898 ) ;
#2540 = VECTOR ( 'NONE', #1060, 1000.000000000000000 ) ;
#2541 = AXIS2_PLACEMENT_3D ( 'NONE', #4697, #4288, #2525 ) ;
#2542 = EDGE_CURVE ( 'NONE', #1723, #1035, #1467, .T. ) ;
#2543 = DIRECTION ( 'NONE',  ( -0.000000000000000000, 1.000000000000000000, -0.000000000000000000 ) ) ;
#2544 = VERTEX_POINT ( 'NONE', #2581 ) ;
#2545 = UNCERTAINTY_MEASURE_WITH_UNIT (LENGTH_MEASURE( 1.000000000000000082E-05 ), #4523, 'distance_accuracy_value', 'NONE');
#2546 = DIRECTION ( 'NONE',  ( 0.000000000000000000, -1.000000000000000000, 0.000000000000000000 ) ) ;
#2547 = AXIS2_PLACEMENT_3D ( 'NONE', #558, #2025, #3479 ) ;
#2548 = FILL_AREA_STYLE ('',( #1079 ) ) ;
#2549 = EDGE_CURVE ( 'NONE', #1707, #61, #4327, .T. ) ;
#2550 = EDGE_LOOP ( 'NONE', ( #4012, #3230, #3538, #694 ) ) ;
#2551 = FILL_AREA_STYLE ('',( #1406 ) ) ;
#2552 = PLANE ( 'NONE',  #4549 ) ;
#2553 = DIRECTION ( 'NONE',  ( 2.891205793294685327E-15, 0.000000000000000000, -1.000000000000000000 ) ) ;
#2554 = SURFACE_STYLE_FILL_AREA ( #3954 ) ;
#2555 = EDGE_LOOP ( 'NONE', ( #1951, #3309, #4626, #3075 ) ) ;
#2556 = DIRECTION ( 'NONE',  ( -1.000000000000000000, 0.000000000000000000, 0.000000000000000000 ) ) ;
#2557 = DIRECTION ( 'NONE',  ( 0.000000000000000000, -1.000000000000000000, 0.000000000000000000 ) ) ;
#2558 = DIRECTION ( 'NONE',  ( -0.000000000000000000, 1.000000000000000000, -0.000000000000000000 ) ) ;
#2559 = AXIS2_PLACEMENT_3D ( 'NONE', #3213, #1365, #3188 ) ;
#2560 = ORIENTED_EDGE ( 'NONE', *, *, #103, .T. ) ;
#2561 = DIRECTION ( 'NONE',  ( 0.000000000000000000, -1.000000000000000000, 0.000000000000000000 ) ) ;
#2562 = CARTESIAN_POINT ( 'NONE',  ( 4.400000000000000355, 160.0000000000000000, 2.773654403270995328 ) ) ;
#2563 = PRESENTATION_STYLE_ASSIGNMENT (( #1809 ) ) ;
#2564 = AXIS2_PLACEMENT_3D ( 'NONE', #3390, #1616, #2693 ) ;
#2565 = FACE_OUTER_BOUND ( 'NONE', #1483, .T. ) ;
#2566 = FACE_OUTER_BOUND ( 'NONE', #781, .T. ) ;
#2567 = ORIENTED_EDGE ( 'NONE', *, *, #136, .T. ) ;
#2568 = DIRECTION ( 'NONE',  ( 9.637352644315589080E-17, 0.000000000000000000, 1.000000000000000000 ) ) ;
#2569 = COLOUR_RGB ( '',0.8941176470588234615, 0.9137254901960784048, 0.9294117647058823817 ) ;
#2570 = COLOUR_RGB ( '',0.8941176470588234615, 0.9137254901960784048, 0.9294117647058823817 ) ;
#2571 = VERTEX_POINT ( 'NONE', #774 ) ;
#2572 = COLOUR_RGB ( '',0.8941176470588234615, 0.9137254901960784048, 0.9294117647058823817 ) ;
#2573 = LINE ( 'NONE', #3929, #1805 ) ;
#2574 = DIRECTION ( 'NONE',  ( -0.000000000000000000, 1.000000000000000000, -0.000000000000000000 ) ) ;
#2575 = ADVANCED_FACE ( 'NONE', ( #4027 ), #2235, .T. ) ;
#2576 = ORIENTED_EDGE ( 'NONE', *, *, #2412, .T. ) ;
#2577 = CARTESIAN_POINT ( 'NONE',  ( 8.349999999999999645, -14.38999999999998636, -5.000000000000000000 ) ) ;
#2578 = MECHANICAL_DESIGN_GEOMETRIC_PRESENTATION_REPRESENTATION (  '', ( #273 ), #3405 ) ;
#2579 = ADVANCED_FACE ( 'NONE', ( #2972 ), #2996, .T. ) ;
#2580 =( GEOMETRIC_REPRESENTATION_CONTEXT ( 3 ) GLOBAL_UNCERTAINTY_ASSIGNED_CONTEXT ( ( #4647 ) ) GLOBAL_UNIT_ASSIGNED_CONTEXT ( ( #2979, #3635, #1534 ) ) REPRESENTATION_CONTEXT ( 'NONE', 'WORKASPACE' ) );
#2581 = CARTESIAN_POINT ( 'NONE',  ( 1.040834085586083941E-14, 160.0000000000000000, -2.599999999999992983 ) ) ;
#2582 = EDGE_LOOP ( 'NONE', ( #3932, #4572, #89, #419 ) ) ;
#2583 =( NAMED_UNIT ( * ) SI_UNIT ( $, .STERADIAN. ) SOLID_ANGLE_UNIT ( ) );
#2584 = UNCERTAINTY_MEASURE_WITH_UNIT (LENGTH_MEASURE( 1.000000000000000082E-05 ), #821, 'distance_accuracy_value', 'NONE');
#2585 = FACE_OUTER_BOUND ( 'NONE', #1784, .T. ) ;
#2586 = PRESENTATION_LAYER_ASSIGNMENT (  '', '', ( #3126 ) ) ;
#2587 = PRESENTATION_LAYER_ASSIGNMENT (  '', '', ( #4614 ) ) ;
#2588 = CARTESIAN_POINT ( 'NONE',  ( 7.849999999999999645, 160.0000000000000000, -5.500000000000000000 ) ) ;
#2589 = CARTESIAN_POINT ( 'NONE',  ( 3.899999999999999911, 160.0000000000000000, 2.980761184457545010 ) ) ;
#2590 = ORIENTED_EDGE ( 'NONE', *, *, #4115, .F. ) ;
#2591 = FILL_AREA_STYLE_COLOUR ( '', #3077 ) ;
#2592 = EDGE_CURVE ( 'NONE', #2791, #629, #3867, .T. ) ;
#2593 = ORIENTED_EDGE ( 'NONE', *, *, #373, .F. ) ;
#2594 = CARTESIAN_POINT ( 'NONE',  ( 8.349999999999999645, 160.0000000000000000, -3.600000000000000089 ) ) ;
#2595 =( NAMED_UNIT ( * ) SI_UNIT ( $, .STERADIAN. ) SOLID_ANGLE_UNIT ( ) );
#2596 = EDGE_CURVE ( 'NONE', #1257, #3475, #1288, .T. ) ;
#2597 = AXIS2_PLACEMENT_3D ( 'NONE', #4307, #1812, #1450 ) ;
#2598 = ORIENTED_EDGE ( 'NONE', *, *, #4687, .T. ) ;
#2599 = VECTOR ( 'NONE', #2574, 1000.000000000000000 ) ;
#2600 =( LENGTH_UNIT ( ) NAMED_UNIT ( * ) SI_UNIT ( .MILLI., .METRE. ) );
#2601 = PRESENTATION_LAYER_ASSIGNMENT (  '', '', ( #2678 ) ) ;
#2602 = SURFACE_STYLE_FILL_AREA ( #1143 ) ;
#2603 = PRESENTATION_STYLE_ASSIGNMENT (( #3001 ) ) ;
#2604 =( NAMED_UNIT ( * ) SI_UNIT ( $, .STERADIAN. ) SOLID_ANGLE_UNIT ( ) );
#2605 = ORIENTED_EDGE ( 'NONE', *, *, #3896, .F. ) ;
#2606 = COLOUR_RGB ( '',0.8941176470588234615, 0.9137254901960784048, 0.9294117647058823817 ) ;
#2607 = CIRCLE ( 'NONE', #1478, 0.4999999999999913403 ) ;
#2608 = DIRECTION ( 'NONE',  ( 0.000000000000000000, 0.000000000000000000, -1.000000000000000000 ) ) ;
#2609 = ORIENTED_EDGE ( 'NONE', *, *, #996, .T. ) ;
#2610 = CARTESIAN_POINT ( 'NONE',  ( 1.072674902363915143E-14, -14.38999999999998636, 2.600000000000006750 ) ) ;
#2611 = CARTESIAN_POINT ( 'NONE',  ( 9.500000000000000000, -14.38999999999998636, 3.100000000000000089 ) ) ;
#2612 = CYLINDRICAL_SURFACE ( 'NONE', #180, 0.4999999999999995559 ) ;
#2613 = CARTESIAN_POINT ( 'NONE',  ( -5.353553390593270400, -14.38999999999998636, 6.272792206135779480 ) ) ;
#2614 = CIRCLE ( 'NONE', #4114, 1.000000000000000888 ) ;
#2615 = DIRECTION ( 'NONE',  ( 0.000000000000000000, 0.000000000000000000, -1.000000000000000000 ) ) ;
#2616 = SURFACE_STYLE_USAGE ( .BOTH. , #1157 ) ;
#2617 = ORIENTED_EDGE ( 'NONE', *, *, #1404, .T. ) ;
#2618 = CARTESIAN_POINT ( 'NONE',  ( -10.00000000000000000, 160.0000000000000000, 9.000000000000000000 ) ) ;
#2619 = EDGE_CURVE ( 'NONE', #1372, #4065, #1695, .T. ) ;
#2620 = SURFACE_SIDE_STYLE ('',( #3330 ) ) ;
#2621 = CARTESIAN_POINT ( 'NONE',  ( 5.000000000000000000, 160.0000000000000000, 6.626345596729049880 ) ) ;
#2622 =( NAMED_UNIT ( * ) PLANE_ANGLE_UNIT ( ) SI_UNIT ( $, .RADIAN. ) );
#2623 = EDGE_LOOP ( 'NONE', ( #4212, #370, #610, #2471 ) ) ;
#2624 = SURFACE_STYLE_FILL_AREA ( #4101 ) ;
#2625 = DIRECTION ( 'NONE',  ( 0.000000000000000000, 1.000000000000000000, 0.000000000000000000 ) ) ;
#2626 = EDGE_CURVE ( 'NONE', #757, #149, #3469, .T. ) ;
#2627 = SURFACE_SIDE_STYLE ('',( #2602 ) ) ;
#2628 = VECTOR ( 'NONE', #3234, 1000.000000000000000 ) ;
#2629 = STYLED_ITEM ( 'NONE', ( #16 ), #892 ) ;
#2630 = SURFACE_STYLE_FILL_AREA ( #1190 ) ;
#2631 = PRESENTATION_LAYER_ASSIGNMENT (  '', '', ( #1342 ) ) ;
#2632 = ORIENTED_EDGE ( 'NONE', *, *, #2360, .F. ) ;
#2633 = UNCERTAINTY_MEASURE_WITH_UNIT (LENGTH_MEASURE( 1.000000000000000082E-05 ), #1168, 'distance_accuracy_value', 'NONE');
#2634 = FILL_AREA_STYLE_COLOUR ( '', #1377 ) ;
#2635 = MECHANICAL_DESIGN_GEOMETRIC_PRESENTATION_REPRESENTATION (  '', ( #4655 ), #1105 ) ;
#2636 = DIRECTION ( 'NONE',  ( 2.695398307063375237E-15, 0.000000000000000000, -1.000000000000000000 ) ) ;
#2637 = VERTEX_POINT ( 'NONE', #2747 ) ;
#2638 = UNCERTAINTY_MEASURE_WITH_UNIT (LENGTH_MEASURE( 1.000000000000000082E-05 ), #4001, 'distance_accuracy_value', 'NONE');
#2639 = CARTESIAN_POINT ( 'NONE',  ( -7.849999999999999645, 160.0000000000000000, 5.000000000000000000 ) ) ;
#2640 = AXIS2_PLACEMENT_3D ( 'NONE', #1030, #705, #2178 ) ;
#2641 = SURFACE_STYLE_USAGE ( .BOTH. , #4090 ) ;
#2642 = CARTESIAN_POINT ( 'NONE',  ( -8.849999999999999645, 160.0000000000000000, 3.600000000000000089 ) ) ;
#2643 = MECHANICAL_DESIGN_GEOMETRIC_PRESENTATION_REPRESENTATION (  '', ( #2431 ), #1185 ) ;
#2644 = LINE ( 'NONE', #1963, #977 ) ;
#2645 =( NAMED_UNIT ( * ) PLANE_ANGLE_UNIT ( ) SI_UNIT ( $, .RADIAN. ) );
#2646 = ORIENTED_EDGE ( 'NONE', *, *, #504, .F. ) ;
#2647 = MECHANICAL_DESIGN_GEOMETRIC_PRESENTATION_REPRESENTATION (  '', ( #3468 ), #2365 ) ;
#2648 = CARTESIAN_POINT ( 'NONE',  ( 2.980761184457545010, 160.0000000000000000, 3.899999999999999911 ) ) ;
#2649 = DIRECTION ( 'NONE',  ( 0.000000000000000000, 0.000000000000000000, -1.000000000000000000 ) ) ;
#2650 = VERTEX_POINT ( 'NONE', #2729 ) ;
#2651 = CIRCLE ( 'NONE', #2969, 0.5000000000000004441 ) ;
#2652 = FACE_OUTER_BOUND ( 'NONE', #2687, .T. ) ;
#2653 =( NAMED_UNIT ( * ) PLANE_ANGLE_UNIT ( ) SI_UNIT ( $, .RADIAN. ) );
#2654 = EDGE_CURVE ( 'NONE', #1715, #2650, #617, .T. ) ;
#2655 = CARTESIAN_POINT ( 'NONE',  ( 2.980761184457545010, 160.0000000000000000, 3.899999999999999911 ) ) ;
#2656 = ORIENTED_EDGE ( 'NONE', *, *, #3465, .T. ) ;
#2657 = DIRECTION ( 'NONE',  ( -1.000000000000000000, 0.000000000000000000, 5.840029665303990330E-15 ) ) ;
#2658 = DIRECTION ( 'NONE',  ( -1.000000000000000000, 0.000000000000000000, 0.000000000000000000 ) ) ;
#2659 = CYLINDRICAL_SURFACE ( 'NONE', #3908, 2.600000000000000089 ) ;
#2660 = DIRECTION ( 'NONE',  ( -1.000000000000000000, 0.000000000000000000, -7.228014483236679792E-16 ) ) ;
#2661 = CARTESIAN_POINT ( 'NONE',  ( -5.000000000000000000, 160.0000000000000000, -7.849999999999999645 ) ) ;
#2662 = ADVANCED_FACE ( 'NONE', ( #3797 ), #3261, .T. ) ;
#2663 = CARTESIAN_POINT ( 'NONE',  ( 5.000000000000000000, 160.0000000000000000, -6.626345596729049880 ) ) ;
#2664 = ORIENTED_EDGE ( 'NONE', *, *, #1572, .T. ) ;
#2665 = CARTESIAN_POINT ( 'NONE',  ( 5.353553390593270400, 160.0000000000000000, 6.272792206135780368 ) ) ;
#2666 = DIRECTION ( 'NONE',  ( -7.228014483236679792E-16, 0.000000000000000000, 1.000000000000000000 ) ) ;
#2667 = AXIS2_PLACEMENT_3D ( 'NONE', #1042, #2514, #3933 ) ;
#2668 = CARTESIAN_POINT ( 'NONE',  ( -3.600000000000000089, -14.38999999999998636, -8.849999999999999645 ) ) ;
#2669 = PRODUCT_CONTEXT ( 'NONE', #232, 'mechanical' ) ;
#2670 = ORIENTED_EDGE ( 'NONE', *, *, #2685, .F. ) ;
#2671 = MECHANICAL_DESIGN_GEOMETRIC_PRESENTATION_REPRESENTATION (  '', ( #2978 ), #2148 ) ;
#2672 = DIRECTION ( 'NONE',  ( 0.000000000000000000, -1.000000000000000000, 0.000000000000000000 ) ) ;
#2673 = ORIENTED_EDGE ( 'NONE', *, *, #975, .F. ) ;
#2674 = FILL_AREA_STYLE_COLOUR ( '', #3586 ) ;
#2675 = CARTESIAN_POINT ( 'NONE',  ( -5.000000000000000000, 160.0000000000000000, 7.849999999999999645 ) ) ;
#2676 = CARTESIAN_POINT ( 'NONE',  ( 5.000000000000000000, -160.0000000000000000, 8.349999999999999645 ) ) ;
#2677 = STYLED_ITEM ( 'NONE', ( #2219 ), #2775 ) ;
#2678 = STYLED_ITEM ( 'NONE', ( #34 ), #3270 ) ;
#2679 = ORIENTED_EDGE ( 'NONE', *, *, #1768, .T. ) ;
#2680 = CARTESIAN_POINT ( 'NONE',  ( -3.100000000000000089, -14.38999999999998636, 9.500000000000000000 ) ) ;
#2681 = UNCERTAINTY_MEASURE_WITH_UNIT (LENGTH_MEASURE( 1.000000000000000082E-05 ), #1118, 'distance_accuracy_value', 'NONE');
#2682 = CARTESIAN_POINT ( 'NONE',  ( 9.500000000000000000, -160.0000000000000000, 3.100000000000000089 ) ) ;
#2683 = CIRCLE ( 'NONE', #3646, 2.600000000000000089 ) ;
#2684 = DIRECTION ( 'NONE',  ( 0.000000000000000000, -1.000000000000000000, 0.000000000000000000 ) ) ;
#2685 = EDGE_CURVE ( 'NONE', #4352, #2349, #4453, .T. ) ;
#2686 = LINE ( 'NONE', #59, #3147 ) ;
#2687 = EDGE_LOOP ( 'NONE', ( #1233, #2277, #601, #387 ) ) ;
#2688 = UNCERTAINTY_MEASURE_WITH_UNIT (LENGTH_MEASURE( 1.000000000000000082E-05 ), #2071, 'distance_accuracy_value', 'NONE');
#2689 = CARTESIAN_POINT ( 'NONE',  ( 9.500000000000000000, -14.38999999999998636, -3.099999999999999645 ) ) ;
#2690 = DIRECTION ( 'NONE',  ( 1.000000000000000000, 0.000000000000000000, -5.840029665304000586E-15 ) ) ;
#2691 = VECTOR ( 'NONE', #4445, 1000.000000000000000 ) ;
#2692 = AXIS2_PLACEMENT_3D ( 'NONE', #179, #3802, #4163 ) ;
#2693 = DIRECTION ( 'NONE',  ( 0.000000000000000000, 0.000000000000000000, -1.000000000000000000 ) ) ;
#2694 = EDGE_CURVE ( 'NONE', #170, #2311, #4271, .T. ) ;
#2695 = VECTOR ( 'NONE', #333, 1000.000000000000000 ) ;
#2696 = CARTESIAN_POINT ( 'NONE',  ( -4.400000000000050981, 160.0000000000000000, -2.773654403270989999 ) ) ;
#2697 = DIRECTION ( 'NONE',  ( 0.7071067811865526798, 0.000000000000000000, -0.7071067811865423547 ) ) ;
#2698 = FACE_OUTER_BOUND ( 'NONE', #2182, .T. ) ;
#2699 = ORIENTED_EDGE ( 'NONE', *, *, #2323, .T. ) ;
#2700 = DIRECTION ( 'NONE',  ( 0.000000000000000000, 1.000000000000000000, 0.000000000000000000 ) ) ;
#2701 = DIRECTION ( 'NONE',  ( 0.000000000000000000, 0.000000000000000000, 1.000000000000000000 ) ) ;
#2702 = DIRECTION ( 'NONE',  ( 3.416879573893720099E-15, 0.000000000000000000, 1.000000000000000000 ) ) ;
#2703 = EDGE_CURVE ( 'NONE', #3095, #4539, #2520, .T. ) ;
#2704 =( NAMED_UNIT ( * ) PLANE_ANGLE_UNIT ( ) SI_UNIT ( $, .RADIAN. ) );
#2705 = CIRCLE ( 'NONE', #167, 0.5000000000000004441 ) ;
#2706 = ORIENTED_EDGE ( 'NONE', *, *, #4133, .F. ) ;
#2707 =( LENGTH_UNIT ( ) NAMED_UNIT ( * ) SI_UNIT ( .MILLI., .METRE. ) );
#2708 = ORIENTED_EDGE ( 'NONE', *, *, #1291, .F. ) ;
#2709 =( NAMED_UNIT ( * ) PLANE_ANGLE_UNIT ( ) SI_UNIT ( $, .RADIAN. ) );
#2710 =( GEOMETRIC_REPRESENTATION_CONTEXT ( 3 ) GLOBAL_UNCERTAINTY_ASSIGNED_CONTEXT ( ( #2074 ) ) GLOBAL_UNIT_ASSIGNED_CONTEXT ( ( #2204, #286, #2910 ) ) REPRESENTATION_CONTEXT ( 'NONE', 'WORKASPACE' ) );
#2711 = CARTESIAN_POINT ( 'NONE',  ( 3.600000000000000089, 160.0000000000000000, 9.500000000000000000 ) ) ;
#2712 = DIRECTION ( 'NONE',  ( -0.000000000000000000, 1.000000000000000000, -0.000000000000000000 ) ) ;
#2713 = ORIENTED_EDGE ( 'NONE', *, *, #4190, .T. ) ;
#2714 = DIRECTION ( 'NONE',  ( 1.000000000000000000, 0.000000000000000000, 6.672013369141570147E-16 ) ) ;
#2715 = SURFACE_STYLE_USAGE ( .BOTH. , #2399 ) ;
#2716 = CARTESIAN_POINT ( 'NONE',  ( 9.000000000000000000, 160.0000000000000000, -10.00000000000000000 ) ) ;
#2717 =( GEOMETRIC_REPRESENTATION_CONTEXT ( 3 ) GLOBAL_UNCERTAINTY_ASSIGNED_CONTEXT ( ( #3293 ) ) GLOBAL_UNIT_ASSIGNED_CONTEXT ( ( #3597, #4674, #362 ) ) REPRESENTATION_CONTEXT ( 'NONE', 'WORKASPACE' ) );
#2718 = CARTESIAN_POINT ( 'NONE',  ( 4.046446609406745054, -14.38999999999998636, 3.127207793864279495 ) ) ;
#2719 = EDGE_LOOP ( 'NONE', ( #1199, #2041, #263, #4 ) ) ;
#2720 = EDGE_CURVE ( 'NONE', #838, #235, #2162, .T. ) ;
#2721 = DIRECTION ( 'NONE',  ( -0.000000000000000000, 1.000000000000000000, -0.000000000000000000 ) ) ;
#2722 = ORIENTED_EDGE ( 'NONE', *, *, #1213, .F. ) ;
#2723 = CARTESIAN_POINT ( 'NONE',  ( 6.626345596729049880, -14.38999999999998636, 5.000000000000000000 ) ) ;
#2724 = FILL_AREA_STYLE_COLOUR ( '', #2309 ) ;
#2725 = VECTOR ( 'NONE', #877, 1000.000000000000000 ) ;
#2726 = FACE_OUTER_BOUND ( 'NONE', #4412, .T. ) ;
#2727 = ORIENTED_EDGE ( 'NONE', *, *, #2418, .T. ) ;
#2728 = MECHANICAL_DESIGN_GEOMETRIC_PRESENTATION_REPRESENTATION (  '', ( #1750 ), #4131 ) ;
#2729 = CARTESIAN_POINT ( 'NONE',  ( -5.000000000000000000, -14.38999999999998636, -8.349999999999999645 ) ) ;
#2730 = ADVANCED_FACE ( 'NONE', ( #1543 ), #560, .F. ) ;
#2731 =( GEOMETRIC_REPRESENTATION_CONTEXT ( 3 ) GLOBAL_UNCERTAINTY_ASSIGNED_CONTEXT ( ( #4038 ) ) GLOBAL_UNIT_ASSIGNED_CONTEXT ( ( #3103, #4587, #636 ) ) REPRESENTATION_CONTEXT ( 'NONE', 'WORKASPACE' ) );
#2732 =( GEOMETRIC_REPRESENTATION_CONTEXT ( 3 ) GLOBAL_UNCERTAINTY_ASSIGNED_CONTEXT ( ( #485 ) ) GLOBAL_UNIT_ASSIGNED_CONTEXT ( ( #958, #2704, #1336 ) ) REPRESENTATION_CONTEXT ( 'NONE', 'WORKASPACE' ) );
#2733 = AXIS2_PLACEMENT_3D ( 'NONE', #4032, #3531, #261 ) ;
#2734 = LINE ( 'NONE', #480, #3470 ) ;
#2735 = DIRECTION ( 'NONE',  ( -1.000000000000000000, 0.000000000000000000, 3.416879573893714972E-15 ) ) ;
#2736 = ORIENTED_EDGE ( 'NONE', *, *, #1974, .T. ) ;
#2737 = DIRECTION ( 'NONE',  ( 1.454933294406559718E-16, 0.000000000000000000, -1.000000000000000000 ) ) ;
#2738 = ORIENTED_EDGE ( 'NONE', *, *, #1065, .F. ) ;
#2739 = ORIENTED_EDGE ( 'NONE', *, *, #3970, .F. ) ;
#2740 = CARTESIAN_POINT ( 'NONE',  ( 8.349999999999999645, 160.0000000000000000, -5.500000000000000000 ) ) ;
#2741 = PRESENTATION_STYLE_ASSIGNMENT (( #199 ) ) ;
#2742 = ADVANCED_FACE ( 'NONE', ( #46 ), #2990, .T. ) ;
#2743 = CARTESIAN_POINT ( 'NONE',  ( -10.00000000000000000, 160.0000000000000000, 9.000000000000000000 ) ) ;
#2744 = DIRECTION ( 'NONE',  ( -0.000000000000000000, 1.000000000000000000, -0.000000000000000000 ) ) ;
#2745 = MECHANICAL_DESIGN_GEOMETRIC_PRESENTATION_REPRESENTATION (  '', ( #213 ), #2297 ) ;
#2746 = VERTEX_POINT ( 'NONE', #3925 ) ;
#2747 = CARTESIAN_POINT ( 'NONE',  ( 10.00000000000000000, 160.0000000000000000, 3.600000000000000089 ) ) ;
#2748 = ADVANCED_FACE ( 'NONE', ( #3120 ), #4579, .F. ) ;
#2749 = DIRECTION ( 'NONE',  ( 0.000000000000000000, -1.000000000000000000, 0.000000000000000000 ) ) ;
#2750 = VERTEX_POINT ( 'NONE', #4334 ) ;
#2751 = VECTOR ( 'NONE', #2660, 1000.000000000000000 ) ;
#2752 = DIRECTION ( 'NONE',  ( 0.000000000000000000, 0.000000000000000000, 1.000000000000000000 ) ) ;
#2753 = EDGE_LOOP ( 'NONE', ( #926, #4286, #3689, #4496 ) ) ;
#2754 = DIRECTION ( 'NONE',  ( 0.000000000000000000, 0.000000000000000000, -1.000000000000000000 ) ) ;
#2755 = AXIS2_PLACEMENT_3D ( 'NONE', #2639, #2985, #1614 ) ;
#2756 = SURFACE_STYLE_USAGE ( .BOTH. , #1299 ) ;
#2757 = DIRECTION ( 'NONE',  ( 0.000000000000000000, 1.000000000000000000, 0.000000000000000000 ) ) ;
#2758 = AXIS2_PLACEMENT_3D ( 'NONE', #3820, #3133, #3496 ) ;
#2759 = CIRCLE ( 'NONE', #1394, 2.600000000000000089 ) ;
#2760 = STYLED_ITEM ( 'NONE', ( #1241 ), #2575 ) ;
#2761 = DIRECTION ( 'NONE',  ( -0.000000000000000000, 1.000000000000000000, -0.000000000000000000 ) ) ;
#2762 = ORIENTED_EDGE ( 'NONE', *, *, #3688, .F. ) ;
#2763 = CARTESIAN_POINT ( 'NONE',  ( 1.040834085586083941E-14, 160.0000000000000000, 6.938893903907229955E-15 ) ) ;
#2764 = DIRECTION ( 'NONE',  ( 1.000000000000000000, 0.000000000000000000, -2.168404344971010446E-15 ) ) ;
#2765 = MECHANICAL_DESIGN_GEOMETRIC_PRESENTATION_REPRESENTATION (  '', ( #3220 ), #3651 ) ;
#2766 = PLANE ( 'NONE',  #452 ) ;
#2767 = SURFACE_STYLE_USAGE ( .BOTH. , #1309 ) ;
#2768 = EDGE_LOOP ( 'NONE', ( #204, #4442, #1439, #1998 ) ) ;
#2769 = EDGE_CURVE ( 'NONE', #2457, #1975, #2905, .T. ) ;
#2770 = VECTOR ( 'NONE', #1765, 1000.000000000000000 ) ;
#2771 = DIRECTION ( 'NONE',  ( 0.000000000000000000, 0.000000000000000000, -1.000000000000000000 ) ) ;
#2772 = CARTESIAN_POINT ( 'NONE',  ( 7.849999999999999645, -160.0000000000000000, 5.500000000000000000 ) ) ;
#2773 = ORIENTED_EDGE ( 'NONE', *, *, #1165, .T. ) ;
#2774 = DIRECTION ( 'NONE',  ( 0.000000000000000000, -1.000000000000000000, 0.000000000000000000 ) ) ;
#2775 = ADVANCED_FACE ( 'NONE', ( #2259 ), #305, .F. ) ;
#2776 = SURFACE_SIDE_STYLE ('',( #1609 ) ) ;
#2777 = CIRCLE ( 'NONE', #3819, 0.4999999999999952260 ) ;
#2778 =( NAMED_UNIT ( * ) PLANE_ANGLE_UNIT ( ) SI_UNIT ( $, .RADIAN. ) );
#2779 = DIRECTION ( 'NONE',  ( 0.000000000000000000, 0.000000000000000000, 1.000000000000000000 ) ) ;
#2780 = ORIENTED_EDGE ( 'NONE', *, *, #1513, .F. ) ;
#2781 = UNCERTAINTY_MEASURE_WITH_UNIT (LENGTH_MEASURE( 1.000000000000000082E-05 ), #4022, 'distance_accuracy_value', 'NONE');
#2782 = EDGE_CURVE ( 'NONE', #1475, #1179, #3052, .T. ) ;
#2783 = LINE ( 'NONE', #3439, #1747 ) ;
#2784 = CARTESIAN_POINT ( 'NONE',  ( -8.849999999999999645, -14.38999999999998636, 3.600000000000000089 ) ) ;
#2785 = STYLED_ITEM ( 'NONE', ( #2741 ), #4050 ) ;
#2786 = CARTESIAN_POINT ( 'NONE',  ( 10.00000000000000000, -14.38999999999998636, 3.600000000000000089 ) ) ;
#2787 = SURFACE_STYLE_USAGE ( .BOTH. , #1330 ) ;
#2788 = ORIENTED_EDGE ( 'NONE', *, *, #168, .T. ) ;
#2789 =( LENGTH_UNIT ( ) NAMED_UNIT ( * ) SI_UNIT ( .MILLI., .METRE. ) );
#2790 =( NAMED_UNIT ( * ) SI_UNIT ( $, .STERADIAN. ) SOLID_ANGLE_UNIT ( ) );
#2791 = VERTEX_POINT ( 'NONE', #2680 ) ;
#2792 = AXIS2_PLACEMENT_3D ( 'NONE', #3758, #2370, #4557 ) ;
#2793 = DIRECTION ( 'NONE',  ( -0.000000000000000000, 1.000000000000000000, -0.000000000000000000 ) ) ;
#2794 = DIRECTION ( 'NONE',  ( 2.168404344971010446E-15, 0.000000000000000000, 1.000000000000000000 ) ) ;
#2795 = MECHANICAL_DESIGN_GEOMETRIC_PRESENTATION_REPRESENTATION (  '', ( #26 ), #3392 ) ;
#2796 = PRESENTATION_LAYER_ASSIGNMENT (  '', '', ( #3989 ) ) ;
#2797 = ORIENTED_EDGE ( 'NONE', *, *, #3628, .F. ) ;
#2798 = DIRECTION ( 'NONE',  ( 0.000000000000000000, 0.000000000000000000, -1.000000000000000000 ) ) ;
#2799 = COLOUR_RGB ( '',0.8941176470588234615, 0.9137254901960784048, 0.9294117647058823817 ) ;
#2800 = MECHANICAL_DESIGN_GEOMETRIC_PRESENTATION_REPRESENTATION (  '', ( #2904 ), #2506 ) ;
#2801 = ADVANCED_FACE ( 'NONE', ( #1650 ), #429, .T. ) ;
#2802 = AXIS2_PLACEMENT_3D ( 'NONE', #1472, #1767, #3288 ) ;
#2803 = FACE_OUTER_BOUND ( 'NONE', #4615, .T. ) ;
#2804 = EDGE_LOOP ( 'NONE', ( #3697, #583, #4215, #470 ) ) ;
#2805 =( NAMED_UNIT ( * ) PLANE_ANGLE_UNIT ( ) SI_UNIT ( $, .RADIAN. ) );
#2806 = AXIS2_PLACEMENT_3D ( 'NONE', #3190, #2744, #3816 ) ;
#2807 = LINE ( 'NONE', #4534, #3139 ) ;
#2808 = DIRECTION ( 'NONE',  ( 0.000000000000000000, 0.000000000000000000, 1.000000000000000000 ) ) ;
#2809 = DIRECTION ( 'NONE',  ( 0.000000000000000000, 1.000000000000000000, 0.000000000000000000 ) ) ;
#2810 = EDGE_CURVE ( 'NONE', #806, #4539, #1910, .T. ) ;
#2811 = VERTEX_POINT ( 'NONE', #4601 ) ;
#2812 =( NAMED_UNIT ( * ) SI_UNIT ( $, .STERADIAN. ) SOLID_ANGLE_UNIT ( ) );
#2813 = SURFACE_SIDE_STYLE ('',( #542 ) ) ;
#2814 = DIRECTION ( 'NONE',  ( 0.000000000000000000, -1.000000000000000000, 0.000000000000000000 ) ) ;
#2815 = DIRECTION ( 'NONE',  ( 0.000000000000000000, -1.000000000000000000, 0.000000000000000000 ) ) ;
#2816 = EDGE_LOOP ( 'NONE', ( #2896, #856, #4154, #134 ) ) ;
#2817 = CARTESIAN_POINT ( 'NONE',  ( -3.100000000000000089, 160.0000000000000000, 8.849999999999999645 ) ) ;
#2818 = CARTESIAN_POINT ( 'NONE',  ( -2.980761184457545010, 160.0000000000000000, -3.899999999999999911 ) ) ;
#2819 = DIRECTION ( 'NONE',  ( -0.000000000000000000, 1.000000000000000000, -0.000000000000000000 ) ) ;
#2820 = COLOUR_RGB ( '',0.8941176470588234615, 0.9137254901960784048, 0.9294117647058823817 ) ;
#2821 = MECHANICAL_DESIGN_GEOMETRIC_PRESENTATION_REPRESENTATION (  '', ( #4614 ), #1544 ) ;
#2822 = LINE ( 'NONE', #1722, #3547 ) ;
#2823 = CARTESIAN_POINT ( 'NONE',  ( -10.00000000000000000, -14.38999999999998636, -3.600000000000000089 ) ) ;
#2824 = EDGE_LOOP ( 'NONE', ( #3972, #2536, #1568, #3339 ) ) ;
#2825 = DIRECTION ( 'NONE',  ( -0.000000000000000000, 1.000000000000000000, -0.000000000000000000 ) ) ;
#2826 = DIRECTION ( 'NONE',  ( -0.000000000000000000, 1.000000000000000000, -0.000000000000000000 ) ) ;
#2827 = EDGE_LOOP ( 'NONE', ( #3225, #506, #3448, #2105 ) ) ;
#2828 = UNCERTAINTY_MEASURE_WITH_UNIT (LENGTH_MEASURE( 1.000000000000000082E-05 ), #3526, 'distance_accuracy_value', 'NONE');
#2829 = LINE ( 'NONE', #4241, #1753 ) ;
#2830 = EDGE_CURVE ( 'NONE', #130, #149, #3429, .T. ) ;
#2831 = FACE_OUTER_BOUND ( 'NONE', #3699, .T. ) ;
#2832 = CARTESIAN_POINT ( 'NONE',  ( 10.00000000000000000, -4.390000000000108926, 2.599999999999087041 ) ) ;
#2833 =( GEOMETRIC_REPRESENTATION_CONTEXT ( 3 ) GLOBAL_UNCERTAINTY_ASSIGNED_CONTEXT ( ( #1886 ) ) GLOBAL_UNIT_ASSIGNED_CONTEXT ( ( #3366, #3854, #2101 ) ) REPRESENTATION_CONTEXT ( 'NONE', 'WORKASPACE' ) );
#2834 = VERTEX_POINT ( 'NONE', #4234 ) ;
#2835 = PRESENTATION_STYLE_ASSIGNMENT (( #1302 ) ) ;
#2836 = CARTESIAN_POINT ( 'NONE',  ( 6.626345596729049880, -14.38999999999998636, -5.500000000000000000 ) ) ;
#2837 = VECTOR ( 'NONE', #2684, 1000.000000000000000 ) ;
#2838 = CARTESIAN_POINT ( 'NONE',  ( -10.00000000000000000, -160.0000000000000000, 3.600000000000000089 ) ) ;
#2839 = EDGE_CURVE ( 'NONE', #3425, #2937, #3825, .T. ) ;
#2840 = MECHANICAL_DESIGN_GEOMETRIC_PRESENTATION_REPRESENTATION (  '', ( #700 ), #2833 ) ;
#2841 =( NAMED_UNIT ( * ) PLANE_ANGLE_UNIT ( ) SI_UNIT ( $, .RADIAN. ) );
#2842 = VECTOR ( 'NONE', #3040, 1000.000000000000000 ) ;
#2843 = ORIENTED_EDGE ( 'NONE', *, *, #309, .T. ) ;
#2844 = SURFACE_STYLE_FILL_AREA ( #1311 ) ;
#2845 = DIRECTION ( 'NONE',  ( 0.000000000000000000, 0.000000000000000000, -1.000000000000000000 ) ) ;
#2846 = COLOUR_RGB ( '',0.8941176470588234615, 0.9137254901960784048, 0.9294117647058823817 ) ;
#2847 =( GEOMETRIC_REPRESENTATION_CONTEXT ( 3 ) GLOBAL_UNCERTAINTY_ASSIGNED_CONTEXT ( ( #2688 ) ) GLOBAL_UNIT_ASSIGNED_CONTEXT ( ( #2071, #3524, #4531 ) ) REPRESENTATION_CONTEXT ( 'NONE', 'WORKASPACE' ) );
#2848 = CARTESIAN_POINT ( 'NONE',  ( -6.272792206135780368, -14.38999999999998636, 5.353553390593278394 ) ) ;
#2849 = VERTEX_POINT ( 'NONE', #2454 ) ;
#2850 = FILL_AREA_STYLE ('',( #584 ) ) ;
#2851 = FILL_AREA_STYLE ('',( #3246 ) ) ;
#2852 = STYLED_ITEM ( 'NONE', ( #3415 ), #684 ) ;
#2853 = SURFACE_SIDE_STYLE ('',( #3291 ) ) ;
#2854 = EDGE_LOOP ( 'NONE', ( #3358, #4192, #3729, #1191 ) ) ;
#2855 = FILL_AREA_STYLE_COLOUR ( '', #3610 ) ;
#2856 = DIRECTION ( 'NONE',  ( -2.628368902995175337E-16, 0.000000000000000000, 1.000000000000000000 ) ) ;
#2857 = EDGE_CURVE ( 'NONE', #679, #1661, #4235, .T. ) ;
#2858 = SURFACE_STYLE_USAGE ( .BOTH. , #1400 ) ;
#2859 =( NAMED_UNIT ( * ) SI_UNIT ( $, .STERADIAN. ) SOLID_ANGLE_UNIT ( ) );
#2860 = ORIENTED_EDGE ( 'NONE', *, *, #1460, .F. ) ;
#2861 = LINE ( 'NONE', #4266, #3902 ) ;
#2862 = CIRCLE ( 'NONE', #3905, 0.5000000000000004441 ) ;
#2863 = STYLED_ITEM ( 'NONE', ( #336 ), #957 ) ;
#2864 = CARTESIAN_POINT ( 'NONE',  ( -8.349999999999999645, 160.0000000000000000, -3.600000000000000089 ) ) ;
#2865 = EDGE_CURVE ( 'NONE', #3566, #1723, #4193, .T. ) ;
#2866 = VERTEX_POINT ( 'NONE', #3545 ) ;
#2867 = CARTESIAN_POINT ( 'NONE',  ( -2.773654403270995328, 160.0000000000000000, -4.400000000000000355 ) ) ;
#2868 = DIRECTION ( 'NONE',  ( 0.000000000000000000, 1.000000000000000000, 0.000000000000000000 ) ) ;
#2869 = DIRECTION ( 'NONE',  ( -0.000000000000000000, 1.000000000000000000, -0.000000000000000000 ) ) ;
#2870 =( NAMED_UNIT ( * ) PLANE_ANGLE_UNIT ( ) SI_UNIT ( $, .RADIAN. ) );
#2871 = MECHANICAL_DESIGN_GEOMETRIC_PRESENTATION_REPRESENTATION (  '', ( #2953 ), #1419 ) ;
#2872 = ADVANCED_FACE ( 'NONE', ( #3198 ), #4620, .F. ) ;
#2873 = SURFACE_SIDE_STYLE ('',( #1465 ) ) ;
#2874 = VERTEX_POINT ( 'NONE', #3267 ) ;
#2875 = PRESENTATION_LAYER_ASSIGNMENT (  '', '', ( #184 ) ) ;
#2876 = ORIENTED_EDGE ( 'NONE', *, *, #3780, .T. ) ;
#2877 = COLOUR_RGB ( '',0.8941176470588234615, 0.9137254901960784048, 0.9294117647058823817 ) ;
#2878 = PRESENTATION_LAYER_ASSIGNMENT (  '', '', ( #2044 ) ) ;
#2879 = EDGE_LOOP ( 'NONE', ( #2560, #4452, #1421, #3003 ) ) ;
#2880 = STYLED_ITEM ( 'NONE', ( #1212 ), #4550 ) ;
#2881 = UNCERTAINTY_MEASURE_WITH_UNIT (LENGTH_MEASURE( 1.000000000000000082E-05 ), #2707, 'distance_accuracy_value', 'NONE');
#2882 = MECHANICAL_DESIGN_GEOMETRIC_PRESENTATION_REPRESENTATION (  '', ( #2206 ), #829 ) ;
#2883 = CARTESIAN_POINT ( 'NONE',  ( 5.000000000000000000, 160.0000000000000000, -7.849999999999999645 ) ) ;
#2884 = PLANE ( 'NONE',  #2541 ) ;
#2885 = PLANE ( 'NONE',  #1392 ) ;
#2886 = VERTEX_POINT ( 'NONE', #752 ) ;
#2887 = CARTESIAN_POINT ( 'NONE',  ( -5.000000000000000000, -14.38999999999998636, 8.349999999999999645 ) ) ;
#2888 = PRESENTATION_STYLE_ASSIGNMENT (( #3909 ) ) ;
#2889 = FACE_OUTER_BOUND ( 'NONE', #4111, .T. ) ;
#2890 = PRESENTATION_STYLE_ASSIGNMENT (( #2158 ) ) ;
#2891 = VERTEX_POINT ( 'NONE', #3652 ) ;
#2892 = FILL_AREA_STYLE_COLOUR ( '', #2606 ) ;
#2893 = ADVANCED_FACE ( 'NONE', ( #723 ), #2951, .T. ) ;
#2894 = PLANE ( 'NONE',  #1038 ) ;
#2895 = PLANE ( 'NONE',  #520 ) ;
#2896 = ORIENTED_EDGE ( 'NONE', *, *, #3624, .T. ) ;
#2897 = ORIENTED_EDGE ( 'NONE', *, *, #3085, .F. ) ;
#2898 = SURFACE_SIDE_STYLE ('',( #776 ) ) ;
#2899 = COLOUR_RGB ( '',0.8941176470588234615, 0.9137254901960784048, 0.9294117647058823817 ) ;
#2900 = ADVANCED_FACE ( 'NONE', ( #2300 ), #3426, .F. ) ;
#2901 =( NAMED_UNIT ( * ) PLANE_ANGLE_UNIT ( ) SI_UNIT ( $, .RADIAN. ) );
#2902 = FILL_AREA_STYLE ('',( #2195 ) ) ;
#2903 = ORIENTED_EDGE ( 'NONE', *, *, #4190, .F. ) ;
#2904 = STYLED_ITEM ( 'NONE', ( #2890 ), #1379 ) ;
#2905 = LINE ( 'NONE', #1504, #544 ) ;
#2906 = DIRECTION ( 'NONE',  ( -1.000000000000000000, 0.000000000000000000, -2.628368902995175337E-16 ) ) ;
#2907 = ADVANCED_FACE ( 'NONE', ( #825 ), #3375, .T. ) ;
#2908 =( NAMED_UNIT ( * ) PLANE_ANGLE_UNIT ( ) SI_UNIT ( $, .RADIAN. ) );
#2909 = ORIENTED_EDGE ( 'NONE', *, *, #3706, .F. ) ;
#2910 =( NAMED_UNIT ( * ) SI_UNIT ( $, .STERADIAN. ) SOLID_ANGLE_UNIT ( ) );
#2911 = DIRECTION ( 'NONE',  ( 0.000000000000000000, -1.000000000000000000, 0.000000000000000000 ) ) ;
#2912 = CIRCLE ( 'NONE', #1224, 0.5000000000000013323 ) ;
#2913 =( NAMED_UNIT ( * ) SI_UNIT ( $, .STERADIAN. ) SOLID_ANGLE_UNIT ( ) );
#2914 = EDGE_LOOP ( 'NONE', ( #2021, #1902, #4347, #2185 ) ) ;
#2915 = SURFACE_STYLE_FILL_AREA ( #3281 ) ;
#2916 = VECTOR ( 'NONE', #2371, 1000.000000000000000 ) ;
#2917 = CARTESIAN_POINT ( 'NONE',  ( 5.500000000000000000, 160.0000000000000000, 6.626345596729049880 ) ) ;
#2918 = STYLED_ITEM ( 'NONE', ( #3424 ), #3598 ) ;
#2919 = DIRECTION ( 'NONE',  ( -1.000000000000000000, 0.000000000000000000, -2.246165255886149975E-15 ) ) ;
#2920 = ORIENTED_EDGE ( 'NONE', *, *, #2489, .F. ) ;
#2921 = ADVANCED_FACE ( 'NONE', ( #4546 ), #2114, .T. ) ;
#2922 = CARTESIAN_POINT ( 'NONE',  ( -5.500000000000000000, 160.0000000000000000, -7.849999999999999645 ) ) ;
#2923 = PRESENTATION_LAYER_ASSIGNMENT (  '', '', ( #2175 ) ) ;
#2924 = STYLED_ITEM ( 'NONE', ( #2331 ), #2390 ) ;
#2925 =( NAMED_UNIT ( * ) PLANE_ANGLE_UNIT ( ) SI_UNIT ( $, .RADIAN. ) );
#2926 = FILL_AREA_STYLE ('',( #3940 ) ) ;
#2927 =( NAMED_UNIT ( * ) PLANE_ANGLE_UNIT ( ) SI_UNIT ( $, .RADIAN. ) );
#2928 = MECHANICAL_DESIGN_GEOMETRIC_PRESENTATION_REPRESENTATION (  '', ( #3732 ), #4710 ) ;
#2929 = EDGE_CURVE ( 'NONE', #3374, #2339, #1088, .T. ) ;
#2930 = CARTESIAN_POINT ( 'NONE',  ( -5.500000000000000000, 160.0000000000000000, 6.626345596729049880 ) ) ;
#2931 =( NAMED_UNIT ( * ) SI_UNIT ( $, .STERADIAN. ) SOLID_ANGLE_UNIT ( ) );
#2932 = VERTEX_POINT ( 'NONE', #770 ) ;
#2933 = UNCERTAINTY_MEASURE_WITH_UNIT (LENGTH_MEASURE( 1.000000000000000082E-05 ), #259, 'distance_accuracy_value', 'NONE');
#2934 = FILL_AREA_STYLE_COLOUR ( '', #3456 ) ;
#2935 = EDGE_CURVE ( 'NONE', #345, #4265, #1389, .T. ) ;
#2936 = FILL_AREA_STYLE ('',( #284 ) ) ;
#2937 = VERTEX_POINT ( 'NONE', #4273 ) ;
#2938 = LINE ( 'NONE', #763, #3209 ) ;
#2939 =( LENGTH_UNIT ( ) NAMED_UNIT ( * ) SI_UNIT ( .MILLI., .METRE. ) );
#2940 = FILL_AREA_STYLE_COLOUR ( '', #3707 ) ;
#2941 = CARTESIAN_POINT ( 'NONE',  ( 5.200000000000009059, 0.8099999999998855893, 2.599999999999545786 ) ) ;
#2942 = ORIENTED_EDGE ( 'NONE', *, *, #74, .T. ) ;
#2943 = PLANE ( 'NONE',  #962 ) ;
#2944 = FACE_OUTER_BOUND ( 'NONE', #45, .T. ) ;
#2945 = DIRECTION ( 'NONE',  ( 0.000000000000000000, 0.000000000000000000, -1.000000000000000000 ) ) ;
#2946 = COLOUR_RGB ( '',0.8941176470588234615, 0.9137254901960784048, 0.9294117647058823817 ) ;
#2947 =( NAMED_UNIT ( * ) SI_UNIT ( $, .STERADIAN. ) SOLID_ANGLE_UNIT ( ) );
#2948 = FILL_AREA_STYLE ('',( #368 ) ) ;
#2949 = ORIENTED_EDGE ( 'NONE', *, *, #369, .F. ) ;
#2950 = DIRECTION ( 'NONE',  ( 0.000000000000000000, -1.000000000000000000, 0.000000000000000000 ) ) ;
#2951 = PLANE ( 'NONE',  #3005 ) ;
#2952 = CYLINDRICAL_SURFACE ( 'NONE', #1039, 0.4999999999999995559 ) ;
#2953 = STYLED_ITEM ( 'NONE', ( #2372 ), #3837 ) ;
#2954 = LINE ( 'NONE', #2217, #3518 ) ;
#2955 = ORIENTED_EDGE ( 'NONE', *, *, #2494, .T. ) ;
#2956 = VECTOR ( 'NONE', #3754, 1000.000000000000000 ) ;
#2957 = EDGE_CURVE ( 'NONE', #891, #3494, #4630, .T. ) ;
#2958 = FILL_AREA_STYLE_COLOUR ( '', #1644 ) ;
#2959 = ORIENTED_EDGE ( 'NONE', *, *, #3155, .T. ) ;
#2960 = MECHANICAL_DESIGN_GEOMETRIC_PRESENTATION_REPRESENTATION (  '', ( #2044 ), #748 ) ;
#2961 = PLANE ( 'NONE',  #1306 ) ;
#2962 = DIRECTION ( 'NONE',  ( 5.390796614126760730E-15, 0.000000000000000000, 1.000000000000000000 ) ) ;
#2963 = SURFACE_STYLE_FILL_AREA ( #3299 ) ;
#2964 = EDGE_CURVE ( 'NONE', #1583, #569, #550, .T. ) ;
#2965 = VECTOR ( 'NONE', #2292, 1000.000000000000000 ) ;
#2966 = SURFACE_STYLE_FILL_AREA ( #4676 ) ;
#2967 = ORIENTED_EDGE ( 'NONE', *, *, #2286, .F. ) ;
#2968 = CARTESIAN_POINT ( 'NONE',  ( 3.127207793864279495, -14.38999999999998636, -4.046446609406745054 ) ) ;
#2969 = AXIS2_PLACEMENT_3D ( 'NONE', #2668, #146, #2345 ) ;
#2970 = SURFACE_STYLE_USAGE ( .BOTH. , #2620 ) ;
#2971 = VERTEX_POINT ( 'NONE', #2138 ) ;
#2972 = FACE_OUTER_BOUND ( 'NONE', #2582, .T. ) ;
#2973 = SURFACE_SIDE_STYLE ('',( #1653 ) ) ;
#2974 = SURFACE_STYLE_FILL_AREA ( #1527 ) ;
#2975 = DIRECTION ( 'NONE',  ( 0.000000000000000000, 0.000000000000000000, -1.000000000000000000 ) ) ;
#2976 = ORIENTED_EDGE ( 'NONE', *, *, #1108, .T. ) ;
#2977 = PRODUCT_DEFINITION_CONTEXT ( 'detailed design', #1876, 'design' ) ;
#2978 = STYLED_ITEM ( 'NONE', ( #2000 ), #1252 ) ;
#2979 =( LENGTH_UNIT ( ) NAMED_UNIT ( * ) SI_UNIT ( .MILLI., .METRE. ) );
#2980 = CARTESIAN_POINT ( 'NONE',  ( -3.099999999999999645, -14.38999999999998636, 8.849999999999999645 ) ) ;
#2981 = ORIENTED_EDGE ( 'NONE', *, *, #1884, .T. ) ;
#2982 = UNCERTAINTY_MEASURE_WITH_UNIT (LENGTH_MEASURE( 1.000000000000000082E-05 ), #3372, 'distance_accuracy_value', 'NONE');
#2983 = EDGE_CURVE ( 'NONE', #100, #4135, #295, .T. ) ;
#2984 = DIRECTION ( 'NONE',  ( -2.168404344971010446E-15, 0.000000000000000000, -1.000000000000000000 ) ) ;
#2985 = DIRECTION ( 'NONE',  ( 0.000000000000000000, -1.000000000000000000, 0.000000000000000000 ) ) ;
#2986 = DIRECTION ( 'NONE',  ( -0.000000000000000000, 1.000000000000000000, -0.000000000000000000 ) ) ;
#2987 = LINE ( 'NONE', #241, #4284 ) ;
#2988 = FILL_AREA_STYLE ('',( #3328 ) ) ;
#2989 = ORIENTED_EDGE ( 'NONE', *, *, #3712, .F. ) ;
#2990 = CYLINDRICAL_SURFACE ( 'NONE', #3800, 0.5000000000000000000 ) ;
#2991 = ADVANCED_FACE ( 'NONE', ( #3935 ), #2164, .T. ) ;
#2992 = VECTOR ( 'NONE', #3145, 1000.000000000000000 ) ;
#2993 =( NAMED_UNIT ( * ) PLANE_ANGLE_UNIT ( ) SI_UNIT ( $, .RADIAN. ) );
#2994 = PRESENTATION_LAYER_ASSIGNMENT (  '', '', ( #1630 ) ) ;
#2995 = ORIENTED_EDGE ( 'NONE', *, *, #2957, .F. ) ;
#2996 = CYLINDRICAL_SURFACE ( 'NONE', #3788, 0.5000000000000004441 ) ;
#2997 = AXIS2_PLACEMENT_3D ( 'NONE', #1276, #929, #2398 ) ;
#2998 = MECHANICAL_DESIGN_GEOMETRIC_PRESENTATION_REPRESENTATION (  '', ( #4312 ), #1147 ) ;
#2999 = CARTESIAN_POINT ( 'NONE',  ( 10.00000000000000000, -4.390000000000108926, -9.129805847377417686E-13 ) ) ;
#3000 = CIRCLE ( 'NONE', #2085, 0.4999999999999995559 ) ;
#3001 = SURFACE_STYLE_USAGE ( .BOTH. , #2104 ) ;
#3002 = DIRECTION ( 'NONE',  ( 1.454933294406559718E-16, 0.000000000000000000, 1.000000000000000000 ) ) ;
#3003 = ORIENTED_EDGE ( 'NONE', *, *, #2353, .T. ) ;
#3004 = SURFACE_STYLE_USAGE ( .BOTH. , #1931 ) ;
#3005 = AXIS2_PLACEMENT_3D ( 'NONE', #393, #3333, #3700 ) ;
#3006 = ORIENTED_EDGE ( 'NONE', *, *, #1944, .F. ) ;
#3007 = DIRECTION ( 'NONE',  ( -0.000000000000000000, 1.000000000000000000, -0.000000000000000000 ) ) ;
#3008 = SURFACE_STYLE_FILL_AREA ( #66 ) ;
#3009 = EDGE_LOOP ( 'NONE', ( #4127, #2065, #1679, #2464 ) ) ;
#3010 = ORIENTED_EDGE ( 'NONE', *, *, #3523, .T. ) ;
#3011 = CARTESIAN_POINT ( 'NONE',  ( 5.000000000000000000, 160.0000000000000000, 7.849999999999999645 ) ) ;
#3012 = EDGE_CURVE ( 'NONE', #3179, #2874, #2350, .T. ) ;
#3013 = ORIENTED_EDGE ( 'NONE', *, *, #3647, .F. ) ;
#3014 =( NAMED_UNIT ( * ) SI_UNIT ( $, .STERADIAN. ) SOLID_ANGLE_UNIT ( ) );
#3015 = FILL_AREA_STYLE_COLOUR ( '', #3690 ) ;
#3016 = DIRECTION ( 'NONE',  ( 0.000000000000000000, 0.000000000000000000, 1.000000000000000000 ) ) ;
#3017 = STYLED_ITEM ( 'NONE', ( #765 ), #4118 ) ;
#3018 = EDGE_CURVE ( 'NONE', #1090, #721, #4074, .T. ) ;
#3019 = SURFACE_STYLE_FILL_AREA ( #831 ) ;
#3020 = CYLINDRICAL_SURFACE ( 'NONE', #1949, 2.600000000000000089 ) ;
#3021 = VECTOR ( 'NONE', #2546, 1000.000000000000000 ) ;
#3022 = ORIENTED_EDGE ( 'NONE', *, *, #4604, .T. ) ;
#3023 = DIRECTION ( 'NONE',  ( 0.000000000000000000, 0.000000000000000000, 1.000000000000000000 ) ) ;
#3024 = DIRECTION ( 'NONE',  ( -0.000000000000000000, 1.000000000000000000, -0.000000000000000000 ) ) ;
#3025 = CARTESIAN_POINT ( 'NONE',  ( 3.600000000000000089, -160.0000000000000000, 10.00000000000000000 ) ) ;
#3026 = CARTESIAN_POINT ( 'NONE',  ( -2.773654403270999769, 160.0000000000000000, 3.899999999999999911 ) ) ;
#3027 = EDGE_LOOP ( 'NONE', ( #4631, #148, #1604, #515 ) ) ;
#3028 = UNCERTAINTY_MEASURE_WITH_UNIT (LENGTH_MEASURE( 1.000000000000000082E-05 ), #779, 'distance_accuracy_value', 'NONE');
#3029 = AXIS2_PLACEMENT_3D ( 'NONE', #1452, #3993, #2221 ) ;
#3030 = CARTESIAN_POINT ( 'NONE',  ( 8.349999999999999645, 160.0000000000000000, 5.000000000000000000 ) ) ;
#3031 = LINE ( 'NONE', #3638, #4021 ) ;
#3032 =( LENGTH_UNIT ( ) NAMED_UNIT ( * ) SI_UNIT ( .MILLI., .METRE. ) );
#3033 = FILL_AREA_STYLE ('',( #1203 ) ) ;
#3034 = SURFACE_SIDE_STYLE ('',( #3175 ) ) ;
#3035 = PRESENTATION_LAYER_ASSIGNMENT (  '', '', ( #1673 ) ) ;
#3036 = CARTESIAN_POINT ( 'NONE',  ( 10.00000000000000000, 160.0000000000000000, 9.000000000000000000 ) ) ;
#3037 = VERTEX_POINT ( 'NONE', #1136 ) ;
#3038 = FILL_AREA_STYLE ('',( #751 ) ) ;
#3039 = CARTESIAN_POINT ( 'NONE',  ( 9.500000000000000000, 160.0000000000000000, -3.100000000000000089 ) ) ;
#3040 = DIRECTION ( 'NONE',  ( 1.000000000000000000, 0.000000000000000000, 0.000000000000000000 ) ) ;
#3041 = CARTESIAN_POINT ( 'NONE',  ( -5.000000000000000000, 160.0000000000000000, -7.849999999999999645 ) ) ;
#3042 = CIRCLE ( 'NONE', #1045, 0.5000000000000004441 ) ;
#3043 = AXIS2_PLACEMENT_3D ( 'NONE', #3394, #4093, #70 ) ;
#3044 = ORIENTED_EDGE ( 'NONE', *, *, #1628, .T. ) ;
#3045 = CARTESIAN_POINT ( 'NONE',  ( -3.900000000000049649, 160.0000000000000000, -2.773654403270995328 ) ) ;
#3046 = EDGE_CURVE ( 'NONE', #2234, #2932, #1181, .T. ) ;
#3047 = PRESENTATION_STYLE_ASSIGNMENT (( #3160 ) ) ;
#3048 = VECTOR ( 'NONE', #3073, 1000.000000000000000 ) ;
#3049 = FILL_AREA_STYLE_COLOUR ( '', #1760 ) ;
#3050 = LINE ( 'NONE', #3378, #4665 ) ;
#3051 = ORIENTED_EDGE ( 'NONE', *, *, #4143, .F. ) ;
#3052 = LINE ( 'NONE', #922, #3873 ) ;
#3053 = EDGE_CURVE ( 'NONE', #4164, #3237, #1946, .T. ) ;
#3054 = FILL_AREA_STYLE ('',( #3683 ) ) ;
#3055 = CARTESIAN_POINT ( 'NONE',  ( -9.000000000000000000, 160.0000000000000000, -10.00000000000000000 ) ) ;
#3056 = CARTESIAN_POINT ( 'NONE',  ( -4.046446609406735284, -14.38999999999998636, 3.127207793864305696 ) ) ;
#3057 = EDGE_LOOP ( 'NONE', ( #716, #4391, #3620, #3796 ) ) ;
#3058 = EDGE_CURVE ( 'NONE', #988, #833, #1519, .T. ) ;
#3059 = LINE ( 'NONE', #2340, #109 ) ;
#3060 = CARTESIAN_POINT ( 'NONE',  ( -8.349999999999999645, -160.0000000000000000, 5.000000000000000000 ) ) ;
#3061 =( LENGTH_UNIT ( ) NAMED_UNIT ( * ) SI_UNIT ( .MILLI., .METRE. ) );
#3062 = COLOUR_RGB ( '',0.8941176470588234615, 0.9137254901960784048, 0.9294117647058823817 ) ;
#3063 =( NAMED_UNIT ( * ) PLANE_ANGLE_UNIT ( ) SI_UNIT ( $, .RADIAN. ) );
#3064 = DIRECTION ( 'NONE',  ( -1.000000000000000000, 0.000000000000000000, 0.000000000000000000 ) ) ;
#3065 = VERTEX_POINT ( 'NONE', #172 ) ;
#3066 = CARTESIAN_POINT ( 'NONE',  ( 3.100000000000000089, -14.38999999999998636, -9.500000000000000000 ) ) ;
#3067 = SURFACE_STYLE_FILL_AREA ( #3038 ) ;
#3068 = CARTESIAN_POINT ( 'NONE',  ( 8.349999999999999645, 160.0000000000000000, -3.100000000000000089 ) ) ;
#3069 = SURFACE_STYLE_USAGE ( .BOTH. , #3720 ) ;
#3070 = ORIENTED_EDGE ( 'NONE', *, *, #2694, .T. ) ;
#3071 = SURFACE_SIDE_STYLE ('',( #2624 ) ) ;
#3072 = CARTESIAN_POINT ( 'NONE',  ( -3.600000000000000089, 160.0000000000000000, -10.00000000000000000 ) ) ;
#3073 = DIRECTION ( 'NONE',  ( -0.000000000000000000, 1.000000000000000000, -0.000000000000000000 ) ) ;
#3074 = MECHANICAL_DESIGN_GEOMETRIC_PRESENTATION_REPRESENTATION (  '', ( #1858 ), #2081 ) ;
#3075 = ORIENTED_EDGE ( 'NONE', *, *, #3018, .T. ) ;
#3076 = VECTOR ( 'NONE', #2636, 1000.000000000000000 ) ;
#3077 = COLOUR_RGB ( '',0.8941176470588234615, 0.9137254901960784048, 0.9294117647058823817 ) ;
#3078 = EDGE_CURVE ( 'NONE', #523, #1133, #3884, .T. ) ;
#3079 =( NAMED_UNIT ( * ) SI_UNIT ( $, .STERADIAN. ) SOLID_ANGLE_UNIT ( ) );
#3080 = CARTESIAN_POINT ( 'NONE',  ( -8.349999999999999645, 160.0000000000000000, -5.000000000000000000 ) ) ;
#3081 = ORIENTED_EDGE ( 'NONE', *, *, #885, .F. ) ;
#3082 = UNCERTAINTY_MEASURE_WITH_UNIT (LENGTH_MEASURE( 1.000000000000000082E-05 ), #970, 'distance_accuracy_value', 'NONE');
#3083 = DIRECTION ( 'NONE',  ( 0.000000000000000000, -1.000000000000000000, 0.000000000000000000 ) ) ;
#3084 = AXIS2_PLACEMENT_3D ( 'NONE', #350, #3965, #775 ) ;
#3085 = EDGE_CURVE ( 'NONE', #345, #257, #4479, .T. ) ;
#3086 = VECTOR ( 'NONE', #1581, 1000.000000000000000 ) ;
#3087 = CARTESIAN_POINT ( 'NONE',  ( 6.626345596729049880, 160.0000000000000000, 5.500000000000000000 ) ) ;
#3088 = LINE ( 'NONE', #1254, #3617 ) ;
#3089 = ORIENTED_EDGE ( 'NONE', *, *, #3679, .T. ) ;
#3090 = ORIENTED_EDGE ( 'NONE', *, *, #3348, .F. ) ;
#3091 =( NAMED_UNIT ( * ) SI_UNIT ( $, .STERADIAN. ) SOLID_ANGLE_UNIT ( ) );
#3092 = PRESENTATION_LAYER_ASSIGNMENT (  '', '', ( #3738 ) ) ;
#3093 = VERTEX_POINT ( 'NONE', #4222 ) ;
#3094 = CARTESIAN_POINT ( 'NONE',  ( 8.349999999999999645, 160.0000000000000000, -3.100000000000000089 ) ) ;
#3095 = VERTEX_POINT ( 'NONE', #1688 ) ;
#3096 = CIRCLE ( 'NONE', #3672, 0.5000000000000004441 ) ;
#3097 = DIRECTION ( 'NONE',  ( -0.000000000000000000, 1.000000000000000000, -0.000000000000000000 ) ) ;
#3098 = ORIENTED_EDGE ( 'NONE', *, *, #4251, .F. ) ;
#3099 = SURFACE_STYLE_USAGE ( .BOTH. , #164 ) ;
#3100 = LINE ( 'NONE', #3159, #3946 ) ;
#3101 = CYLINDRICAL_SURFACE ( 'NONE', #672, 0.5000000000000000000 ) ;
#3102 = ADVANCED_FACE ( 'NONE', ( #933 ), #1990, .F. ) ;
#3103 =( LENGTH_UNIT ( ) NAMED_UNIT ( * ) SI_UNIT ( .MILLI., .METRE. ) );
#3104 = ORIENTED_EDGE ( 'NONE', *, *, #4687, .F. ) ;
#3105 = FILL_AREA_STYLE ('',( #4590 ) ) ;
#3106 = EDGE_CURVE ( 'NONE', #4606, #1530, #4292, .T. ) ;
#3107 = CIRCLE ( 'NONE', #189, 0.5000000000000004441 ) ;
#3108 = PRESENTATION_LAYER_ASSIGNMENT (  '', '', ( #2431 ) ) ;
#3109 = CARTESIAN_POINT ( 'NONE',  ( 3.899999999999999911, 160.0000000000000000, -2.980761184457545010 ) ) ;
#3110 = ORIENTED_EDGE ( 'NONE', *, *, #708, .T. ) ;
#3111 = AXIS2_PLACEMENT_3D ( 'NONE', #2330, #1877, #422 ) ;
#3112 =( NAMED_UNIT ( * ) PLANE_ANGLE_UNIT ( ) SI_UNIT ( $, .RADIAN. ) );
#3113 = CYLINDRICAL_SURFACE ( 'NONE', #3116, 0.9999999999999991118 ) ;
#3114 = STYLED_ITEM ( 'NONE', ( #652 ), #1686 ) ;
#3115 = ORIENTED_EDGE ( 'NONE', *, *, #2782, .F. ) ;
#3116 = AXIS2_PLACEMENT_3D ( 'NONE', #4503, #3134, #2771 ) ;
#3117 = PRESENTATION_STYLE_ASSIGNMENT (( #1348 ) ) ;
#3118 = CARTESIAN_POINT ( 'NONE',  ( 8.349999999999999645, 160.0000000000000000, -5.500000000000000000 ) ) ;
#3119 = VERTEX_POINT ( 'NONE', #4703 ) ;
#3120 = FACE_OUTER_BOUND ( 'NONE', #483, .T. ) ;
#3121 = UNCERTAINTY_MEASURE_WITH_UNIT (LENGTH_MEASURE( 1.000000000000000082E-05 ), #140, 'distance_accuracy_value', 'NONE');
#3122 = DIRECTION ( 'NONE',  ( 0.000000000000000000, 1.000000000000000000, 0.000000000000000000 ) ) ;
#3123 = EDGE_CURVE ( 'NONE', #4459, #3243, #736, .T. ) ;
#3124 = ORIENTED_EDGE ( 'NONE', *, *, #400, .F. ) ;
#3125 = CARTESIAN_POINT ( 'NONE',  ( 8.349999999999999645, 160.0000000000000000, 3.600000000000000089 ) ) ;
#3126 = STYLED_ITEM ( 'NONE', ( #2113 ), #2662 ) ;
#3127 = CARTESIAN_POINT ( 'NONE',  ( -4.400000000000050981, 160.0000000000000000, -2.773654403270989999 ) ) ;
#3128 = DIRECTION ( 'NONE',  ( -9.637352644315589080E-17, 0.000000000000000000, -1.000000000000000000 ) ) ;
#3129 = EDGE_CURVE ( 'NONE', #1964, #4087, #1002, .T. ) ;
#3130 = SURFACE_STYLE_FILL_AREA ( #203 ) ;
#3131 = ORIENTED_EDGE ( 'NONE', *, *, #2769, .T. ) ;
#3132 = CARTESIAN_POINT ( 'NONE',  ( -3.900000000000049649, 160.0000000000000000, -2.980761184457539681 ) ) ;
#3133 = DIRECTION ( 'NONE',  ( 0.000000000000000000, -1.000000000000000000, 0.000000000000000000 ) ) ;
#3134 = DIRECTION ( 'NONE',  ( 0.000000000000000000, -1.000000000000000000, 0.000000000000000000 ) ) ;
#3135 = DIRECTION ( 'NONE',  ( 0.000000000000000000, -1.000000000000000000, 0.000000000000000000 ) ) ;
#3136 = ORIENTED_EDGE ( 'NONE', *, *, #3862, .T. ) ;
#3137 = DIRECTION ( 'NONE',  ( 0.000000000000000000, -1.000000000000000000, 0.000000000000000000 ) ) ;
#3138 = ORIENTED_EDGE ( 'NONE', *, *, #1229, .T. ) ;
#3139 = VECTOR ( 'NONE', #3528, 999.9999999999998863 ) ;
#3140 = AXIS2_PLACEMENT_3D ( 'NONE', #4708, #1044, #745 ) ;
#3141 =( GEOMETRIC_REPRESENTATION_CONTEXT ( 3 ) GLOBAL_UNCERTAINTY_ASSIGNED_CONTEXT ( ( #2028 ) ) GLOBAL_UNIT_ASSIGNED_CONTEXT ( ( #2066, #1289, #1693 ) ) REPRESENTATION_CONTEXT ( 'NONE', 'WORKASPACE' ) );
#3142 = DIRECTION ( 'NONE',  ( 2.628368902995175337E-16, 0.000000000000000000, -1.000000000000000000 ) ) ;
#3143 = VERTEX_POINT ( 'NONE', #1430 ) ;
#3144 = DIRECTION ( 'NONE',  ( -7.228014483236679792E-16, 0.000000000000000000, 1.000000000000000000 ) ) ;
#3145 = DIRECTION ( 'NONE',  ( -0.000000000000000000, 1.000000000000000000, -0.000000000000000000 ) ) ;
#3146 = AXIS2_PLACEMENT_3D ( 'NONE', #2763, #571, #4178 ) ;
#3147 = VECTOR ( 'NONE', #4408, 1000.000000000000000 ) ;
#3148 = LINE ( 'NONE', #4226, #2212 ) ;
#3149 = ORIENTED_EDGE ( 'NONE', *, *, #220, .T. ) ;
#3150 = VECTOR ( 'NONE', #1558, 999.9999999999998863 ) ;
#3151 = ADVANCED_FACE ( 'NONE', ( #1457 ), #2552, .T. ) ;
#3152 = DIRECTION ( 'NONE',  ( 9.637352644315589080E-17, 0.000000000000000000, 1.000000000000000000 ) ) ;
#3153 = DIRECTION ( 'NONE',  ( 0.000000000000000000, -1.000000000000000000, 0.000000000000000000 ) ) ;
#3154 = ORIENTED_EDGE ( 'NONE', *, *, #3046, .T. ) ;
#3155 = EDGE_CURVE ( 'NONE', #1583, #100, #3298, .T. ) ;
#3156 = SURFACE_SIDE_STYLE ('',( #4603 ) ) ;
#3157 = EDGE_LOOP ( 'NONE', ( #4495, #3285, #2738, #4409 ) ) ;
#3158 = UNCERTAINTY_MEASURE_WITH_UNIT (LENGTH_MEASURE( 1.000000000000000082E-05 ), #1144, 'distance_accuracy_value', 'NONE');
#3159 = CARTESIAN_POINT ( 'NONE',  ( -2.980761184457545010, 160.0000000000000000, -3.899999999999999911 ) ) ;
#3160 = SURFACE_STYLE_USAGE ( .BOTH. , #3310 ) ;
#3161 = AXIS2_PLACEMENT_3D ( 'NONE', #3068, #2702, #1570 ) ;
#3162 = CARTESIAN_POINT ( 'NONE',  ( 3.600000000000000089, 160.0000000000000000, 8.849999999999999645 ) ) ;
#3163 = FILL_AREA_STYLE_COLOUR ( '', #2127 ) ;
#3164 = ORIENTED_EDGE ( 'NONE', *, *, #395, .T. ) ;
#3165 =( NAMED_UNIT ( * ) PLANE_ANGLE_UNIT ( ) SI_UNIT ( $, .RADIAN. ) );
#3166 = PRESENTATION_LAYER_ASSIGNMENT (  '', '', ( #502 ) ) ;
#3167 =( LENGTH_UNIT ( ) NAMED_UNIT ( * ) SI_UNIT ( .MILLI., .METRE. ) );
#3168 = CARTESIAN_POINT ( 'NONE',  ( -3.899999999999999911, 160.0000000000000000, 2.980761184457580093 ) ) ;
#3169 =( NAMED_UNIT ( * ) SI_UNIT ( $, .STERADIAN. ) SOLID_ANGLE_UNIT ( ) );
#3170 = DIRECTION ( 'NONE',  ( 0.000000000000000000, 0.000000000000000000, 1.000000000000000000 ) ) ;
#3171 = PRESENTATION_LAYER_ASSIGNMENT (  '', '', ( #2953 ) ) ;
#3172 = VERTEX_POINT ( 'NONE', #3693 ) ;
#3173 =( NAMED_UNIT ( * ) SI_UNIT ( $, .STERADIAN. ) SOLID_ANGLE_UNIT ( ) );
#3174 = DIRECTION ( 'NONE',  ( -0.7071067811865475727, 0.000000000000000000, 0.7071067811865475727 ) ) ;
#3175 = SURFACE_STYLE_FILL_AREA ( #1741 ) ;
#3176 = LINE ( 'NONE', #3563, #3252 ) ;
#3177 = AXIS2_PLACEMENT_3D ( 'NONE', #243, #2761, #216 ) ;
#3178 = EDGE_CURVE ( 'NONE', #2339, #1661, #3031, .T. ) ;
#3179 = VERTEX_POINT ( 'NONE', #94 ) ;
#3180 =( LENGTH_UNIT ( ) NAMED_UNIT ( * ) SI_UNIT ( .MILLI., .METRE. ) );
#3181 = ADVANCED_FACE ( 'NONE', ( #3342 ), #1202, .T. ) ;
#3182 = CARTESIAN_POINT ( 'NONE',  ( -9.500000000000000000, 160.0000000000000000, 3.600000000000000089 ) ) ;
#3183 = VERTEX_POINT ( 'NONE', #2076 ) ;
#3184 = DIRECTION ( 'NONE',  ( 0.000000000000000000, 0.000000000000000000, -1.000000000000000000 ) ) ;
#3185 = PRESENTATION_LAYER_ASSIGNMENT (  '', '', ( #756 ) ) ;
#3186 = CARTESIAN_POINT ( 'NONE',  ( 9.000000000000000000, 160.0000000000000000, -10.00000000000000000 ) ) ;
#3187 = VERTEX_POINT ( 'NONE', #566 ) ;
#3188 = DIRECTION ( 'NONE',  ( 0.000000000000000000, 0.000000000000000000, -1.000000000000000000 ) ) ;
#3189 = CARTESIAN_POINT ( 'NONE',  ( 7.849999999999999645, 160.0000000000000000, 5.000000000000000000 ) ) ;
#3190 = CARTESIAN_POINT ( 'NONE',  ( 3.600000000000000089, 160.0000000000000000, 9.500000000000000000 ) ) ;
#3191 = ORIENTED_EDGE ( 'NONE', *, *, #108, .T. ) ;
#3192 = SURFACE_SIDE_STYLE ('',( #717 ) ) ;
#3193 = CYLINDRICAL_SURFACE ( 'NONE', #4649, 0.5000000000000000000 ) ;
#3194 = DIRECTION ( 'NONE',  ( 0.000000000000000000, 1.000000000000000000, 0.000000000000000000 ) ) ;
#3195 = PRESENTATION_LAYER_ASSIGNMENT (  '', '', ( #845 ) ) ;
#3196 = CIRCLE ( 'NONE', #1293, 2.600000000000000089 ) ;
#3197 = ORIENTED_EDGE ( 'NONE', *, *, #1436, .F. ) ;
#3198 = FACE_OUTER_BOUND ( 'NONE', #2768, .T. ) ;
#3199 = PRESENTATION_STYLE_ASSIGNMENT (( #925 ) ) ;
#3200 = ORIENTED_EDGE ( 'NONE', *, *, #3259, .F. ) ;
#3201 = UNCERTAINTY_MEASURE_WITH_UNIT (LENGTH_MEASURE( 1.000000000000000082E-05 ), #2269, 'distance_accuracy_value', 'NONE');
#3202 = FACE_OUTER_BOUND ( 'NONE', #355, .T. ) ;
#3203 =( LENGTH_UNIT ( ) NAMED_UNIT ( * ) SI_UNIT ( .MILLI., .METRE. ) );
#3204 = COLOUR_RGB ( '',0.8941176470588234615, 0.9137254901960784048, 0.9294117647058823817 ) ;
#3205 = LINE ( 'NONE', #634, #1709 ) ;
#3206 = ADVANCED_FACE ( 'NONE', ( #2831 ), #3882, .F. ) ;
#3207 = MECHANICAL_DESIGN_GEOMETRIC_PRESENTATION_REPRESENTATION (  '', ( #4621 ), #2462 ) ;
#3208 = SURFACE_STYLE_USAGE ( .BOTH. , #1757 ) ;
#3209 = VECTOR ( 'NONE', #2509, 1000.000000000000114 ) ;
#3210 = ORIENTED_EDGE ( 'NONE', *, *, #2472, .T. ) ;
#3211 = DIRECTION ( 'NONE',  ( 0.000000000000000000, 0.000000000000000000, -1.000000000000000000 ) ) ;
#3212 = PRESENTATION_LAYER_ASSIGNMENT (  '', '', ( #3502 ) ) ;
#3213 = CARTESIAN_POINT ( 'NONE',  ( 1.040834085586083941E-14, -14.38999999999998636, 6.938893903907229955E-15 ) ) ;
#3214 = EDGE_CURVE ( 'NONE', #3093, #2874, #1471, .T. ) ;
#3215 = MECHANICAL_DESIGN_GEOMETRIC_PRESENTATION_REPRESENTATION (  '', ( #3582 ), #4104 ) ;
#3216 = SURFACE_STYLE_FILL_AREA ( #3912 ) ;
#3217 = ORIENTED_EDGE ( 'NONE', *, *, #1746, .F. ) ;
#3218 = PRESENTATION_STYLE_ASSIGNMENT (( #3560 ) ) ;
#3219 = CARTESIAN_POINT ( 'NONE',  ( 8.349999999999999645, -14.38999999999998636, -3.600000000000000089 ) ) ;
#3220 = STYLED_ITEM ( 'NONE', ( #372 ), #2893 ) ;
#3221 = VECTOR ( 'NONE', #3985, 1000.000000000000000 ) ;
#3222 = FACE_OUTER_BOUND ( 'NONE', #4095, .T. ) ;
#3223 = ORIENTED_EDGE ( 'NONE', *, *, #3287, .F. ) ;
#3224 = LINE ( 'NONE', #348, #2015 ) ;
#3225 = ORIENTED_EDGE ( 'NONE', *, *, #1565, .F. ) ;
#3226 = DIRECTION ( 'NONE',  ( -0.000000000000000000, 1.000000000000000000, -0.000000000000000000 ) ) ;
#3227 = ORIENTED_EDGE ( 'NONE', *, *, #2412, .F. ) ;
#3228 = CARTESIAN_POINT ( 'NONE',  ( 5.000000000000000000, -14.38999999999998636, -6.626345596729049880 ) ) ;
#3229 = STYLED_ITEM ( 'NONE', ( #686 ), #557 ) ;
#3230 = ORIENTED_EDGE ( 'NONE', *, *, #4457, .T. ) ;
#3231 = EDGE_CURVE ( 'NONE', #2079, #991, #3205, .T. ) ;
#3232 = CARTESIAN_POINT ( 'NONE',  ( -5.199999999999986855, -9.590000000000106439, 2.599999999999548450 ) ) ;
#3233 = LINE ( 'NONE', #1869, #1512 ) ;
#3234 = DIRECTION ( 'NONE',  ( -0.000000000000000000, 1.000000000000000000, -0.000000000000000000 ) ) ;
#3235 = STYLED_ITEM ( 'NONE', ( #2835 ), #944 ) ;
#3236 =( GEOMETRIC_REPRESENTATION_CONTEXT ( 3 ) GLOBAL_UNCERTAINTY_ASSIGNED_CONTEXT ( ( #1505 ) ) GLOBAL_UNIT_ASSIGNED_CONTEXT ( ( #1533, #1556, #2285 ) ) REPRESENTATION_CONTEXT ( 'NONE', 'WORKASPACE' ) );
#3237 = VERTEX_POINT ( 'NONE', #308 ) ;
#3238 = EDGE_CURVE ( 'NONE', #317, #3772, #331, .T. ) ;
#3239 = SURFACE_STYLE_USAGE ( .BOTH. , #4323 ) ;
#3240 = FACE_OUTER_BOUND ( 'NONE', #4033, .T. ) ;
#3241 = SURFACE_STYLE_FILL_AREA ( #2948 ) ;
#3242 =( LENGTH_UNIT ( ) NAMED_UNIT ( * ) SI_UNIT ( .MILLI., .METRE. ) );
#3243 = VERTEX_POINT ( 'NONE', #2524 ) ;
#3244 = ORIENTED_EDGE ( 'NONE', *, *, #3594, .T. ) ;
#3245 =( NAMED_UNIT ( * ) PLANE_ANGLE_UNIT ( ) SI_UNIT ( $, .RADIAN. ) );
#3246 = FILL_AREA_STYLE_COLOUR ( '', #753 ) ;
#3247 = CARTESIAN_POINT ( 'NONE',  ( 5.500000000000000000, 160.0000000000000000, 7.849999999999999645 ) ) ;
#3248 = ORIENTED_EDGE ( 'NONE', *, *, #274, .T. ) ;
#3249 = AXIS2_PLACEMENT_3D ( 'NONE', #2711, #2001, #209 ) ;
#3250 = CARTESIAN_POINT ( 'NONE',  ( 6.272792206135779480, -14.38999999999998636, 5.353553390593270400 ) ) ;
#3251 = CARTESIAN_POINT ( 'NONE',  ( 3.100000000000000089, 160.0000000000000000, 9.500000000000000000 ) ) ;
#3252 = VECTOR ( 'NONE', #3135, 1000.000000000000000 ) ;
#3253 = VECTOR ( 'NONE', #2697, 1000.000000000000000 ) ;
#3254 = LINE ( 'NONE', #1125, #464 ) ;
#3255 = MECHANICAL_DESIGN_GEOMETRIC_PRESENTATION_REPRESENTATION (  '', ( #4360 ), #2364 ) ;
#3256 = PRODUCT ( '\X2\652f67b6\X0\_\X2\76f47acb\X0\ _\X2\5de653f3\X0\', '\X2\652f67b6\X0\_\X2\76f47acb\X0\ _\X2\5de653f3\X0\', '', ( #2669 ) ) ;
#3257 = VERTEX_POINT ( 'NONE', #4651 ) ;
#3258 = CARTESIAN_POINT ( 'NONE',  ( -4.046446609406775252, -14.38999999999998636, -3.127207793864264396 ) ) ;
#3259 = EDGE_CURVE ( 'NONE', #2522, #1690, #1391, .T. ) ;
#3260 = ORIENTED_EDGE ( 'NONE', *, *, #4498, .T. ) ;
#3261 = PLANE ( 'NONE',  #532 ) ;
#3262 = DIRECTION ( 'NONE',  ( -0.000000000000000000, 1.000000000000000000, -0.000000000000000000 ) ) ;
#3263 = DIRECTION ( 'NONE',  ( 1.000000000000000000, 0.000000000000000000, 1.454933294406559718E-16 ) ) ;
#3264 = EDGE_CURVE ( 'NONE', #3772, #569, #3254, .T. ) ;
#3265 = ORIENTED_EDGE ( 'NONE', *, *, #4225, .T. ) ;
#3266 = FACE_OUTER_BOUND ( 'NONE', #153, .T. ) ;
#3267 = CARTESIAN_POINT ( 'NONE',  ( -6.626345596729049880, -14.38999999999998636, 5.500000000000000000 ) ) ;
#3268 = VECTOR ( 'NONE', #579, 1000.000000000000000 ) ;
#3269 = SURFACE_STYLE_FILL_AREA ( #2851 ) ;
#3270 = ADVANCED_FACE ( 'NONE', ( #2585 ), #1453, .T. ) ;
#3271 = ORIENTED_EDGE ( 'NONE', *, *, #2252, .T. ) ;
#3272 = ORIENTED_EDGE ( 'NONE', *, *, #1260, .F. ) ;
#3273 = LINE ( 'NONE', #2508, #4129 ) ;
#3274 = CARTESIAN_POINT ( 'NONE',  ( -3.100000000000000089, 160.0000000000000000, -9.500000000000000000 ) ) ;
#3275 = SURFACE_SIDE_STYLE ('',( #738 ) ) ;
#3276 = AXIS2_PLACEMENT_3D ( 'NONE', #2119, #2774, #182 ) ;
#3277 = APPLICATION_PROTOCOL_DEFINITION ( 'draft international standard', 'automotive_design', 1998, #232 ) ;
#3278 = AXIS2_PLACEMENT_3D ( 'NONE', #3414, #457, #2608 ) ;
#3279 = ORIENTED_EDGE ( 'NONE', *, *, #1384, .F. ) ;
#3280 = FILL_AREA_STYLE ('',( #4296 ) ) ;
#3281 = FILL_AREA_STYLE ('',( #2211 ) ) ;
#3282 = CIRCLE ( 'NONE', #2469, 0.9999999999999991118 ) ;
#3283 = CIRCLE ( 'NONE', #2755, 0.4999999999999995559 ) ;
#3284 = AXIS2_PLACEMENT_3D ( 'NONE', #342, #3263, #389 ) ;
#3285 = ORIENTED_EDGE ( 'NONE', *, *, #1859, .T. ) ;
#3286 = VECTOR ( 'NONE', #3967, 1000.000000000000000 ) ;
#3287 = EDGE_CURVE ( 'NONE', #257, #2891, #4085, .T. ) ;
#3288 = DIRECTION ( 'NONE',  ( 1.927470528863119788E-16, 0.000000000000000000, 1.000000000000000000 ) ) ;
#3289 = PRESENTATION_LAYER_ASSIGNMENT (  '', '', ( #85 ) ) ;
#3290 =( NAMED_UNIT ( * ) SI_UNIT ( $, .STERADIAN. ) SOLID_ANGLE_UNIT ( ) );
#3291 = SURFACE_STYLE_FILL_AREA ( #3990 ) ;
#3292 = ORIENTED_EDGE ( 'NONE', *, *, #701, .T. ) ;
#3293 = UNCERTAINTY_MEASURE_WITH_UNIT (LENGTH_MEASURE( 1.000000000000000082E-05 ), #3597, 'distance_accuracy_value', 'NONE');
#3294 = EDGE_CURVE ( 'NONE', #3913, #843, #4431, .T. ) ;
#3295 = DIRECTION ( 'NONE',  ( 0.000000000000000000, -1.000000000000000000, 0.000000000000000000 ) ) ;
#3296 = DIRECTION ( 'NONE',  ( 0.000000000000000000, 0.000000000000000000, 1.000000000000000000 ) ) ;
#3297 = EDGE_LOOP ( 'NONE', ( #1310, #105, #3104, #2003 ) ) ;
#3298 = LINE ( 'NONE', #2316, #4472 ) ;
#3299 = FILL_AREA_STYLE ('',( #264 ) ) ;
#3300 = ORIENTED_EDGE ( 'NONE', *, *, #964, .F. ) ;
#3301 = DIRECTION ( 'NONE',  ( 0.000000000000000000, 0.000000000000000000, -1.000000000000000000 ) ) ;
#3302 = CARTESIAN_POINT ( 'NONE',  ( -4.046446609406775252, -14.38999999999998636, -3.127207793864263952 ) ) ;
#3303 = LINE ( 'NONE', #3956, #3950 ) ;
#3304 =( NAMED_UNIT ( * ) SI_UNIT ( $, .STERADIAN. ) SOLID_ANGLE_UNIT ( ) );
#3305 = PRESENTATION_LAYER_ASSIGNMENT (  '', '', ( #2629 ) ) ;
#3306 = FILL_AREA_STYLE ('',( #1208 ) ) ;
#3307 = COLOUR_RGB ( '',0.8941176470588234615, 0.9137254901960784048, 0.9294117647058823817 ) ;
#3308 = CARTESIAN_POINT ( 'NONE',  ( -3.899999999999999911, 160.0000000000000000, 2.980761184457580093 ) ) ;
#3309 = ORIENTED_EDGE ( 'NONE', *, *, #2077, .T. ) ;
#3310 = SURFACE_SIDE_STYLE ('',( #4007 ) ) ;
#3311 = MECHANICAL_DESIGN_GEOMETRIC_PRESENTATION_REPRESENTATION (  '', ( #502 ), #1742 ) ;
#3312 = EDGE_CURVE ( 'NONE', #1517, #846, #1627, .T. ) ;
#3313 = COLOUR_RGB ( '',0.8941176470588234615, 0.9137254901960784048, 0.9294117647058823817 ) ;
#3314 = SURFACE_STYLE_FILL_AREA ( #1499 ) ;
#3315 = ORIENTED_EDGE ( 'NONE', *, *, #4304, .F. ) ;
#3316 =( NAMED_UNIT ( * ) PLANE_ANGLE_UNIT ( ) SI_UNIT ( $, .RADIAN. ) );
#3317 = CIRCLE ( 'NONE', #848, 1.000000000000000888 ) ;
#3318 = SURFACE_STYLE_USAGE ( .BOTH. , #3360 ) ;
#3319 = EDGE_CURVE ( 'NONE', #4652, #1057, #2159, .T. ) ;
#3320 = VECTOR ( 'NONE', #4471, 1000.000000000000000 ) ;
#3321 = LINE ( 'NONE', #1536, #3076 ) ;
#3322 = EDGE_LOOP ( 'NONE', ( #2598, #1163, #2136, #594 ) ) ;
#3323 =( GEOMETRIC_REPRESENTATION_CONTEXT ( 3 ) GLOBAL_UNCERTAINTY_ASSIGNED_CONTEXT ( ( #1613 ) ) GLOBAL_UNIT_ASSIGNED_CONTEXT ( ( #3203, #2150, #3573 ) ) REPRESENTATION_CONTEXT ( 'NONE', 'WORKASPACE' ) );
#3324 = CARTESIAN_POINT ( 'NONE',  ( -9.500000000000000000, -14.38999999999998636, 3.099999999999999645 ) ) ;
#3325 = LINE ( 'NONE', #1131, #1267 ) ;
#3326 = CIRCLE ( 'NONE', #675, 0.5000000000000000000 ) ;
#3327 = EDGE_CURVE ( 'NONE', #3986, #2886, #1956, .T. ) ;
#3328 = FILL_AREA_STYLE_COLOUR ( '', #830 ) ;
#3329 = ORIENTED_EDGE ( 'NONE', *, *, #1108, .F. ) ;
#3330 = SURFACE_STYLE_FILL_AREA ( #3306 ) ;
#3331 = ORIENTED_EDGE ( 'NONE', *, *, #1677, .F. ) ;
#3332 =( NAMED_UNIT ( * ) SI_UNIT ( $, .STERADIAN. ) SOLID_ANGLE_UNIT ( ) );
#3333 = DIRECTION ( 'NONE',  ( -1.000000000000000000, 0.000000000000000000, -2.695398307063375237E-15 ) ) ;
#3334 = PRODUCT_DEFINITION ( 'æœ', '', #674, #2977 ) ;
#3335 = EDGE_LOOP ( 'NONE', ( #2177, #3741, #3244, #2959 ) ) ;
#3336 = DIRECTION ( 'NONE',  ( 0.000000000000000000, 0.000000000000000000, -1.000000000000000000 ) ) ;
#3337 = AXIS2_PLACEMENT_3D ( 'NONE', #966, #2388, #1625 ) ;
#3338 = DIRECTION ( 'NONE',  ( 0.000000000000000000, 0.000000000000000000, -1.000000000000000000 ) ) ;
#3339 = ORIENTED_EDGE ( 'NONE', *, *, #3123, .T. ) ;
#3340 = UNCERTAINTY_MEASURE_WITH_UNIT (LENGTH_MEASURE( 1.000000000000000082E-05 ), #4368, 'distance_accuracy_value', 'NONE');
#3341 = CARTESIAN_POINT ( 'NONE',  ( 3.127207793864275054, 160.0000000000000000, -4.046446609406749495 ) ) ;
#3342 = FACE_OUTER_BOUND ( 'NONE', #1029, .T. ) ;
#3343 = EDGE_CURVE ( 'NONE', #1331, #1715, #1912, .T. ) ;
#3344 = ORIENTED_EDGE ( 'NONE', *, *, #4604, .F. ) ;
#3345 = FILL_AREA_STYLE ('',( #4392 ) ) ;
#3346 = CARTESIAN_POINT ( 'NONE',  ( 9.500000000000000000, -14.38999999999998636, 3.600000000000000089 ) ) ;
#3347 = PLANE ( 'NONE',  #417 ) ;
#3348 = EDGE_CURVE ( 'NONE', #1775, #2886, #1557, .T. ) ;
#3349 = VECTOR ( 'NONE', #2156, 1000.000000000000000 ) ;
#3350 = FILL_AREA_STYLE ('',( #128 ) ) ;
#3351 =( NAMED_UNIT ( * ) PLANE_ANGLE_UNIT ( ) SI_UNIT ( $, .RADIAN. ) );
#3352 = VERTEX_POINT ( 'NONE', #851 ) ;
#3353 = FILL_AREA_STYLE_COLOUR ( '', #2474 ) ;
#3354 = CIRCLE ( 'NONE', #467, 0.5000000000000004441 ) ;
#3355 = DIRECTION ( 'NONE',  ( 0.000000000000000000, 1.000000000000000000, 0.000000000000000000 ) ) ;
#3356 = AXIS2_PLACEMENT_3D ( 'NONE', #1324, #660, #2779 ) ;
#3357 = DIRECTION ( 'NONE',  ( 0.000000000000000000, 0.000000000000000000, -1.000000000000000000 ) ) ;
#3358 = ORIENTED_EDGE ( 'NONE', *, *, #968, .T. ) ;
#3359 = LINE ( 'NONE', #1976, #262 ) ;
#3360 = SURFACE_SIDE_STYLE ('',( #1247 ) ) ;
#3361 = MECHANICAL_DESIGN_GEOMETRIC_PRESENTATION_REPRESENTATION (  '', ( #1563 ), #1313 ) ;
#3362 = MECHANICAL_DESIGN_GEOMETRIC_PRESENTATION_REPRESENTATION (  '', ( #85 ), #3514 ) ;
#3363 = CARTESIAN_POINT ( 'NONE',  ( 10.00000000000000000, -14.38999999999998636, -9.000000000000000000 ) ) ;
#3364 = ORIENTED_EDGE ( 'NONE', *, *, #1410, .T. ) ;
#3365 =( LENGTH_UNIT ( ) NAMED_UNIT ( * ) SI_UNIT ( .MILLI., .METRE. ) );
#3366 =( LENGTH_UNIT ( ) NAMED_UNIT ( * ) SI_UNIT ( .MILLI., .METRE. ) );
#3367 = PRESENTATION_LAYER_ASSIGNMENT (  '', '', ( #564 ) ) ;
#3368 = ADVANCED_FACE ( 'NONE', ( #4456 ), #878, .F. ) ;
#3369 = ORIENTED_EDGE ( 'NONE', *, *, #2233, .T. ) ;
#3370 = ORIENTED_EDGE ( 'NONE', *, *, #3804, .T. ) ;
#3371 = CARTESIAN_POINT ( 'NONE',  ( -5.500000000000000000, -14.38999999999998636, -6.419238815542509968 ) ) ;
#3372 =( LENGTH_UNIT ( ) NAMED_UNIT ( * ) SI_UNIT ( .MILLI., .METRE. ) );
#3373 = ADVANCED_FACE ( 'NONE', ( #1469 ), #1832, .T. ) ;
#3374 = VERTEX_POINT ( 'NONE', #1184 ) ;
#3375 = PLANE ( 'NONE',  #1154 ) ;
#3376 = DIRECTION ( 'NONE',  ( 0.000000000000000000, 0.000000000000000000, 1.000000000000000000 ) ) ;
#3377 = VECTOR ( 'NONE', #2819, 1000.000000000000000 ) ;
#3378 = CARTESIAN_POINT ( 'NONE',  ( -3.600000000000000089, -14.38999999999998636, 10.00000000000000000 ) ) ;
#3379 = SURFACE_STYLE_USAGE ( .BOTH. , #3656 ) ;
#3380 = VERTEX_POINT ( 'NONE', #1622 ) ;
#3381 = DIRECTION ( 'NONE',  ( -1.000000000000000000, -0.000000000000000000, 9.637352644315589080E-17 ) ) ;
#3382 = VECTOR ( 'NONE', #1666, 1000.000000000000000 ) ;
#3383 = CARTESIAN_POINT ( 'NONE',  ( 8.349999999999999645, 160.0000000000000000, 5.000000000000000000 ) ) ;
#3384 = DIRECTION ( 'NONE',  ( -0.000000000000000000, 1.000000000000000000, -0.000000000000000000 ) ) ;
#3385 = ORIENTED_EDGE ( 'NONE', *, *, #3214, .F. ) ;
#3386 = UNCERTAINTY_MEASURE_WITH_UNIT (LENGTH_MEASURE( 1.000000000000000082E-05 ), #4097, 'distance_accuracy_value', 'NONE');
#3387 = AXIS2_PLACEMENT_3D ( 'NONE', #237, #1728, #1353 ) ;
#3388 = LINE ( 'NONE', #2313, #894 ) ;
#3389 = LINE ( 'NONE', #1584, #1004 ) ;
#3390 = CARTESIAN_POINT ( 'NONE',  ( -7.849999999999999645, -14.38999999999998636, -5.000000000000000000 ) ) ;
#3391 = CARTESIAN_POINT ( 'NONE',  ( -3.600000000000000089, 160.0000000000000000, 8.849999999999999645 ) ) ;
#3392 =( GEOMETRIC_REPRESENTATION_CONTEXT ( 3 ) GLOBAL_UNCERTAINTY_ASSIGNED_CONTEXT ( ( #32 ) ) GLOBAL_UNIT_ASSIGNED_CONTEXT ( ( #1443, #1852, #3938 ) ) REPRESENTATION_CONTEXT ( 'NONE', 'WORKASPACE' ) );
#3393 = CARTESIAN_POINT ( 'NONE',  ( 7.849999999999999645, 160.0000000000000000, 5.500000000000000000 ) ) ;
#3394 = CARTESIAN_POINT ( 'NONE',  ( 3.899999999999999911, 160.0000000000000000, -2.980761184457545010 ) ) ;
#3395 = PLANE ( 'NONE',  #3763 ) ;
#3396 = VERTEX_POINT ( 'NONE', #3072 ) ;
#3397 = SURFACE_STYLE_FILL_AREA ( #2295 ) ;
#3398 = ORIENTED_EDGE ( 'NONE', *, *, #1052, .T. ) ;
#3399 = VECTOR ( 'NONE', #692, 1000.000000000000000 ) ;
#3400 = CARTESIAN_POINT ( 'NONE',  ( -3.600000000000000089, -14.38999999999998636, 8.349999999999999645 ) ) ;
#3401 = VECTOR ( 'NONE', #796, 1000.000000000000000 ) ;
#3402 = PRESENTATION_LAYER_ASSIGNMENT (  '', '', ( #3618 ) ) ;
#3403 = CARTESIAN_POINT ( 'NONE',  ( 1.040834085586083941E-14, 160.0000000000000000, 6.938893903907229955E-15 ) ) ;
#3404 = ORIENTED_EDGE ( 'NONE', *, *, #3679, .F. ) ;
#3405 =( GEOMETRIC_REPRESENTATION_CONTEXT ( 3 ) GLOBAL_UNCERTAINTY_ASSIGNED_CONTEXT ( ( #2312 ) ) GLOBAL_UNIT_ASSIGNED_CONTEXT ( ( #81, #2622, #822 ) ) REPRESENTATION_CONTEXT ( 'NONE', 'WORKASPACE' ) );
#3406 = EDGE_CURVE ( 'NONE', #1376, #3143, #79, .T. ) ;
#3407 = COLOUR_RGB ( '',0.8941176470588234615, 0.9137254901960784048, 0.9294117647058823817 ) ;
#3408 = DIRECTION ( 'NONE',  ( 0.000000000000000000, 0.000000000000000000, 1.000000000000000000 ) ) ;
#3409 = CARTESIAN_POINT ( 'NONE',  ( -8.349999999999999645, 160.0000000000000000, -3.600000000000000089 ) ) ;
#3410 = EDGE_LOOP ( 'NONE', ( #1922, #4668, #1842, #943 ) ) ;
#3411 =( NAMED_UNIT ( * ) PLANE_ANGLE_UNIT ( ) SI_UNIT ( $, .RADIAN. ) );
#3412 = DIRECTION ( 'NONE',  ( -1.000000000000000000, 0.000000000000000000, 2.168404344971010446E-15 ) ) ;
#3413 = EDGE_CURVE ( 'NONE', #2811, #2457, #2010, .T. ) ;
#3414 = CARTESIAN_POINT ( 'NONE',  ( 8.849999999999999645, 160.0000000000000000, -3.600000000000000089 ) ) ;
#3415 = PRESENTATION_STYLE_ASSIGNMENT (( #1979 ) ) ;
#3416 = ORIENTED_EDGE ( 'NONE', *, *, #746, .T. ) ;
#3417 = CARTESIAN_POINT ( 'NONE',  ( 9.000000000000000000, -14.38999999999998636, 10.00000000000000000 ) ) ;
#3418 = DIRECTION ( 'NONE',  ( 0.000000000000000000, 0.000000000000000000, -1.000000000000000000 ) ) ;
#3419 = FILL_AREA_STYLE_COLOUR ( '', #3407 ) ;
#3420 = CIRCLE ( 'NONE', #4151, 0.5000000000000000000 ) ;
#3421 = FILL_AREA_STYLE ('',( #4094 ) ) ;
#3422 = ORIENTED_EDGE ( 'NONE', *, *, #391, .F. ) ;
#3423 = ORIENTED_EDGE ( 'NONE', *, *, #2146, .T. ) ;
#3424 = PRESENTATION_STYLE_ASSIGNMENT (( #77 ) ) ;
#3425 = VERTEX_POINT ( 'NONE', #527 ) ;
#3426 = CYLINDRICAL_SURFACE ( 'NONE', #709, 0.5000000000000004441 ) ;
#3427 = AXIS2_PLACEMENT_3D ( 'NONE', #2036, #1303, #3860 ) ;
#3428 = CARTESIAN_POINT ( 'NONE',  ( -3.900000000000000799, -14.38999999999998636, 2.773654403271025082 ) ) ;
#3429 = CIRCLE ( 'NONE', #1221, 0.5000000000000004441 ) ;
#3430 = VECTOR ( 'NONE', #2714, 1000.000000000000000 ) ;
#3431 = EDGE_CURVE ( 'NONE', #1778, #2544, #2759, .T. ) ;
#3432 = PRESENTATION_LAYER_ASSIGNMENT (  '', '', ( #1858 ) ) ;
#3433 = VERTEX_POINT ( 'NONE', #3045 ) ;
#3434 = CARTESIAN_POINT ( 'NONE',  ( 10.00000000000000000, -4.390000000000108926, -9.129805847377417686E-13 ) ) ;
#3435 = DIRECTION ( 'NONE',  ( 0.000000000000000000, 1.000000000000000000, 0.000000000000000000 ) ) ;
#3436 = EDGE_CURVE ( 'NONE', #1530, #2395, #3000, .T. ) ;
#3437 = VERTEX_POINT ( 'NONE', #3748 ) ;
#3438 =( NAMED_UNIT ( * ) SI_UNIT ( $, .STERADIAN. ) SOLID_ANGLE_UNIT ( ) );
#3439 = CARTESIAN_POINT ( 'NONE',  ( 10.00000000000000000, -160.0000000000000000, -3.600000000000000089 ) ) ;
#3440 = DIRECTION ( 'NONE',  ( 0.000000000000000000, 0.000000000000000000, -1.000000000000000000 ) ) ;
#3441 = PRESENTATION_LAYER_ASSIGNMENT (  '', '', ( #1639 ) ) ;
#3442 = CIRCLE ( 'NONE', #4105, 0.5000000000000004441 ) ;
#3443 =( LENGTH_UNIT ( ) NAMED_UNIT ( * ) SI_UNIT ( .MILLI., .METRE. ) );
#3444 = LINE ( 'NONE', #2718, #590 ) ;
#3445 = ORIENTED_EDGE ( 'NONE', *, *, #2061, .F. ) ;
#3446 = CARTESIAN_POINT ( 'NONE',  ( 4.400000000000000355, -14.38999999999998636, -2.773654403270999769 ) ) ;
#3447 = MECHANICAL_DESIGN_GEOMETRIC_PRESENTATION_REPRESENTATION (  '', ( #4638 ), #1403 ) ;
#3448 = ORIENTED_EDGE ( 'NONE', *, *, #108, .F. ) ;
#3449 = DIRECTION ( 'NONE',  ( -0.000000000000000000, 1.000000000000000000, -0.000000000000000000 ) ) ;
#3450 = VERTEX_POINT ( 'NONE', #4476 ) ;
#3451 = FACE_OUTER_BOUND ( 'NONE', #2112, .T. ) ;
#3452 = PRESENTATION_LAYER_ASSIGNMENT (  '', '', ( #726 ) ) ;
#3453 = PRESENTATION_STYLE_ASSIGNMENT (( #4124 ) ) ;
#3454 = MECHANICAL_DESIGN_GEOMETRIC_PRESENTATION_REPRESENTATION (  '', ( #3235 ), #4262 ) ;
#3455 = ADVANCED_FACE ( 'NONE', ( #1244 ), #4253, .F. ) ;
#3456 = COLOUR_RGB ( '',0.8941176470588234615, 0.9137254901960784048, 0.9294117647058823817 ) ;
#3457 = CARTESIAN_POINT ( 'NONE',  ( -7.849999999999999645, -14.38999999999998636, -5.500000000000000000 ) ) ;
#3458 = EDGE_LOOP ( 'NONE', ( #4711, #733, #3370, #3592 ) ) ;
#3459 = CARTESIAN_POINT ( 'NONE',  ( 8.849999999999999645, -14.38999999999998636, 3.099999999999999645 ) ) ;
#3460 = CIRCLE ( 'NONE', #4125, 0.4999999999999995559 ) ;
#3461 = EDGE_CURVE ( 'NONE', #2339, #100, #940, .T. ) ;
#3462 = SURFACE_STYLE_FILL_AREA ( #1401 ) ;
#3463 = COLOUR_RGB ( '',0.8941176470588234615, 0.9137254901960784048, 0.9294117647058823817 ) ;
#3464 = ORIENTED_EDGE ( 'NONE', *, *, #4681, .F. ) ;
#3465 = EDGE_CURVE ( 'NONE', #4283, #2349, #4547, .T. ) ;
#3466 = AXIS2_PLACEMENT_3D ( 'NONE', #992, #2100, #3634 ) ;
#3467 = ORIENTED_EDGE ( 'NONE', *, *, #2782, .T. ) ;
#3468 = STYLED_ITEM ( 'NONE', ( #453 ), #4569 ) ;
#3469 = LINE ( 'NONE', #1691, #1454 ) ;
#3470 = VECTOR ( 'NONE', #3449, 1000.000000000000000 ) ;
#3471 = AXIS2_PLACEMENT_3D ( 'NONE', #1847, #13, #1515 ) ;
#3472 = SURFACE_STYLE_FILL_AREA ( #4478 ) ;
#3473 = AXIS2_PLACEMENT_3D ( 'NONE', #1846, #493, #1870 ) ;
#3474 = VECTOR ( 'NONE', #3537, 1000.000000000000000 ) ;
#3475 = VERTEX_POINT ( 'NONE', #963 ) ;
#3476 = VECTOR ( 'NONE', #986, 1000.000000000000000 ) ;
#3477 = SURFACE_STYLE_USAGE ( .BOTH. , #4146 ) ;
#3478 = CARTESIAN_POINT ( 'NONE',  ( 1.040834085586083941E-14, -14.38999999999998636, -2.599999999999992983 ) ) ;
#3479 = DIRECTION ( 'NONE',  ( -1.000000000000000000, 0.000000000000000000, 2.168404344971010446E-15 ) ) ;
#3480 = ORIENTED_EDGE ( 'NONE', *, *, #1599, .T. ) ;
#3481 = UNCERTAINTY_MEASURE_WITH_UNIT (LENGTH_MEASURE( 1.000000000000000082E-05 ), #518, 'distance_accuracy_value', 'NONE');
#3482 = CARTESIAN_POINT ( 'NONE',  ( -9.500000000000000000, 160.0000000000000000, 3.600000000000000089 ) ) ;
#3483 = PRESENTATION_STYLE_ASSIGNMENT (( #2715 ) ) ;
#3484 = DIRECTION ( 'NONE',  ( -0.000000000000000000, 1.000000000000000000, -0.000000000000000000 ) ) ;
#3485 = FACE_OUTER_BOUND ( 'NONE', #3786, .T. ) ;
#3486 = ORIENTED_EDGE ( 'NONE', *, *, #1599, .F. ) ;
#3487 = EDGE_CURVE ( 'NONE', #3183, #1775, #3354, .T. ) ;
#3488 = SURFACE_STYLE_FILL_AREA ( #2060 ) ;
#3489 = CARTESIAN_POINT ( 'NONE',  ( 2.773654403270995328, 160.0000000000000000, -4.400000000000000355 ) ) ;
#3490 = AXIS2_PLACEMENT_3D ( 'NONE', #2279, #2328, #1549 ) ;
#3491 =( NAMED_UNIT ( * ) PLANE_ANGLE_UNIT ( ) SI_UNIT ( $, .RADIAN. ) );
#3492 = CARTESIAN_POINT ( 'NONE',  ( 5.000000000000000000, -14.38999999999998636, 8.349999999999999645 ) ) ;
#3493 = PRESENTATION_LAYER_ASSIGNMENT (  '', '', ( #2978 ) ) ;
#3494 = VERTEX_POINT ( 'NONE', #3606 ) ;
#3495 = EDGE_CURVE ( 'NONE', #1925, #2432, #1307, .T. ) ;
#3496 = DIRECTION ( 'NONE',  ( 0.000000000000000000, 0.000000000000000000, -1.000000000000000000 ) ) ;
#3497 = LINE ( 'NONE', #226, #3048 ) ;
#3498 = CARTESIAN_POINT ( 'NONE',  ( -5.500000000000000000, 160.0000000000000000, 7.849999999999999645 ) ) ;
#3499 = LINE ( 'NONE', #2823, #385 ) ;
#3500 = EDGE_LOOP ( 'NONE', ( #791, #4145, #3817, #381 ) ) ;
#3501 = AXIS2_PLACEMENT_3D ( 'NONE', #2106, #1382, #1734 ) ;
#3502 = STYLED_ITEM ( 'NONE', ( #410 ), #3181 ) ;
#3503 = ORIENTED_EDGE ( 'NONE', *, *, #4527, .T. ) ;
#3504 = SURFACE_STYLE_USAGE ( .BOTH. , #947 ) ;
#3505 =( GEOMETRIC_REPRESENTATION_CONTEXT ( 3 ) GLOBAL_UNCERTAINTY_ASSIGNED_CONTEXT ( ( #1702 ) ) GLOBAL_UNIT_ASSIGNED_CONTEXT ( ( #1868, #1511, #4632 ) ) REPRESENTATION_CONTEXT ( 'NONE', 'WORKASPACE' ) );
#3506 = LINE ( 'NONE', #3459, #4386 ) ;
#3507 = SURFACE_STYLE_FILL_AREA ( #1357 ) ;
#3508 = VECTOR ( 'NONE', #3262, 1000.000000000000000 ) ;
#3509 = VECTOR ( 'NONE', #653, 1000.000000000000000 ) ;
#3510 = EDGE_LOOP ( 'NONE', ( #3964, #4671, #2450, #4381 ) ) ;
#3511 = DIRECTION ( 'NONE',  ( -3.416879573893720099E-15, 0.000000000000000000, -1.000000000000000000 ) ) ;
#3512 = SURFACE_STYLE_USAGE ( .BOTH. , #3861 ) ;
#3513 = FILL_AREA_STYLE ('',( #2062 ) ) ;
#3514 =( GEOMETRIC_REPRESENTATION_CONTEXT ( 3 ) GLOBAL_UNCERTAINTY_ASSIGNED_CONTEXT ( ( #1751 ) ) GLOBAL_UNIT_ASSIGNED_CONTEXT ( ( #3532, #215, #2445 ) ) REPRESENTATION_CONTEXT ( 'NONE', 'WORKASPACE' ) );
#3515 = EDGE_CURVE ( 'NONE', #2234, #3095, #3303, .T. ) ;
#3516 = SURFACE_SIDE_STYLE ('',( #2086 ) ) ;
#3517 = ORIENTED_EDGE ( 'NONE', *, *, #2024, .T. ) ;
#3518 = VECTOR ( 'NONE', #3631, 1000.000000000000000 ) ;
#3519 = CARTESIAN_POINT ( 'NONE',  ( 5.353553390593270400, -160.0000000000000000, -6.272792206135780368 ) ) ;
#3520 =( LENGTH_UNIT ( ) NAMED_UNIT ( * ) SI_UNIT ( .MILLI., .METRE. ) );
#3521 = EDGE_CURVE ( 'NONE', #3709, #1249, #1935, .T. ) ;
#3522 = ORIENTED_EDGE ( 'NONE', *, *, #2935, .F. ) ;
#3523 = EDGE_CURVE ( 'NONE', #833, #1210, #1152, .T. ) ;
#3524 =( NAMED_UNIT ( * ) PLANE_ANGLE_UNIT ( ) SI_UNIT ( $, .RADIAN. ) );
#3525 = ORIENTED_EDGE ( 'NONE', *, *, #3319, .T. ) ;
#3526 =( LENGTH_UNIT ( ) NAMED_UNIT ( * ) SI_UNIT ( .MILLI., .METRE. ) );
#3527 = UNCERTAINTY_MEASURE_WITH_UNIT (LENGTH_MEASURE( 1.000000000000000082E-05 ), #2064, 'distance_accuracy_value', 'NONE');
#3528 = DIRECTION ( 'NONE',  ( -0.7071067811865520136, 0.000000000000000000, 0.7071067811865431318 ) ) ;
#3529 = DIRECTION ( 'NONE',  ( 0.000000000000000000, -1.000000000000000000, 0.000000000000000000 ) ) ;
#3530 = MECHANICAL_DESIGN_GEOMETRIC_PRESENTATION_REPRESENTATION (  '', ( #726 ), #1502 ) ;
#3531 = DIRECTION ( 'NONE',  ( 0.000000000000000000, 1.000000000000000000, 0.000000000000000000 ) ) ;
#3532 =( LENGTH_UNIT ( ) NAMED_UNIT ( * ) SI_UNIT ( .MILLI., .METRE. ) );
#3533 = DIRECTION ( 'NONE',  ( 0.000000000000000000, 0.000000000000000000, -1.000000000000000000 ) ) ;
#3534 = VERTEX_POINT ( 'NONE', #2577 ) ;
#3535 = COLOUR_RGB ( '',0.8941176470588234615, 0.9137254901960784048, 0.9294117647058823817 ) ;
#3536 = DIRECTION ( 'NONE',  ( 0.000000000000000000, -1.000000000000000000, 0.000000000000000000 ) ) ;
#3537 = DIRECTION ( 'NONE',  ( -1.454933294406559718E-16, 0.000000000000000000, 1.000000000000000000 ) ) ;
#3538 = ORIENTED_EDGE ( 'NONE', *, *, #708, .F. ) ;
#3539 = FILL_AREA_STYLE ('',( #3842 ) ) ;
#3540 =( GEOMETRIC_REPRESENTATION_CONTEXT ( 3 ) GLOBAL_UNCERTAINTY_ASSIGNED_CONTEXT ( ( #4460 ) ) GLOBAL_UNIT_ASSIGNED_CONTEXT ( ( #4648, #3945, #357 ) ) REPRESENTATION_CONTEXT ( 'NONE', 'WORKASPACE' ) );
#3541 = PRESENTATION_STYLE_ASSIGNMENT (( #2115 ) ) ;
#3542 =( NAMED_UNIT ( * ) SI_UNIT ( $, .STERADIAN. ) SOLID_ANGLE_UNIT ( ) );
#3543 = DIRECTION ( 'NONE',  ( 9.637352644315589080E-17, 0.000000000000000000, 1.000000000000000000 ) ) ;
#3544 = ORIENTED_EDGE ( 'NONE', *, *, #335, .T. ) ;
#3545 = CARTESIAN_POINT ( 'NONE',  ( 5.500000000000000000, 160.0000000000000000, 7.849999999999999645 ) ) ;
#3546 = ADVANCED_FACE ( 'NONE', ( #2944 ), #3645, .F. ) ;
#3547 = VECTOR ( 'NONE', #4231, 1000.000000000000000 ) ;
#3548 = CARTESIAN_POINT ( 'NONE',  ( -8.349999999999999645, 160.0000000000000000, -5.500000000000000000 ) ) ;
#3549 = COLOUR_RGB ( '',0.8941176470588234615, 0.9137254901960784048, 0.9294117647058823817 ) ;
#3550 = ORIENTED_EDGE ( 'NONE', *, *, #433, .T. ) ;
#3551 = EDGE_CURVE ( 'NONE', #3611, #2258, #1713, .T. ) ;
#3552 = CARTESIAN_POINT ( 'NONE',  ( -2.773654403270999769, 160.0000000000000000, 4.400000000000000355 ) ) ;
#3553 = COLOUR_RGB ( '',0.8941176470588234615, 0.9137254901960784048, 0.9294117647058823817 ) ;
#3554 = EDGE_LOOP ( 'NONE', ( #4117, #3963, #1524, #2171 ) ) ;
#3555 = DIRECTION ( 'NONE',  ( -1.000000000000000000, 0.000000000000000000, 3.416879573893720099E-15 ) ) ;
#3556 = LINE ( 'NONE', #3258, #1473 ) ;
#3557 = SURFACE_STYLE_USAGE ( .BOTH. , #338 ) ;
#3558 = LINE ( 'NONE', #363, #1973 ) ;
#3559 = ORIENTED_EDGE ( 'NONE', *, *, #4167, .T. ) ;
#3560 = SURFACE_STYLE_USAGE ( .BOTH. , #2137 ) ;
#3561 = CARTESIAN_POINT ( 'NONE',  ( 3.899999999999999911, 160.0000000000000000, -2.980761184457545010 ) ) ;
#3562 = DIRECTION ( 'NONE',  ( -1.000000000000000000, 0.000000000000000000, 1.927470528863119788E-16 ) ) ;
#3563 = CARTESIAN_POINT ( 'NONE',  ( -5.500000000000000000, -160.0000000000000000, 7.849999999999999645 ) ) ;
#3564 = ORIENTED_EDGE ( 'NONE', *, *, #2346, .F. ) ;
#3565 =( NAMED_UNIT ( * ) SI_UNIT ( $, .STERADIAN. ) SOLID_ANGLE_UNIT ( ) );
#3566 = VERTEX_POINT ( 'NONE', #3371 ) ;
#3567 = SURFACE_STYLE_USAGE ( .BOTH. , #657 ) ;
#3568 = EDGE_CURVE ( 'NONE', #1326, #3703, #1160, .T. ) ;
#3569 = ORIENTED_EDGE ( 'NONE', *, *, #504, .T. ) ;
#3570 = CARTESIAN_POINT ( 'NONE',  ( 8.849999999999999645, 160.0000000000000000, 3.600000000000000089 ) ) ;
#3571 = UNCERTAINTY_MEASURE_WITH_UNIT (LENGTH_MEASURE( 1.000000000000000082E-05 ), #421, 'distance_accuracy_value', 'NONE');
#3572 = SURFACE_STYLE_FILL_AREA ( #2149 ) ;
#3573 =( NAMED_UNIT ( * ) SI_UNIT ( $, .STERADIAN. ) SOLID_ANGLE_UNIT ( ) );
#3574 = EDGE_CURVE ( 'NONE', #61, #768, #1592, .T. ) ;
#3575 = PRESENTATION_LAYER_ASSIGNMENT (  '', '', ( #934 ) ) ;
#3576 = DIRECTION ( 'NONE',  ( 5.840029665303990330E-15, 0.000000000000000000, 1.000000000000000000 ) ) ;
#3577 = ORIENTED_EDGE ( 'NONE', *, *, #2443, .T. ) ;
#3578 = PRESENTATION_LAYER_ASSIGNMENT (  '', '', ( #4312 ) ) ;
#3579 = CARTESIAN_POINT ( 'NONE',  ( -5.500000000000000000, 160.0000000000000000, -8.349999999999999645 ) ) ;
#3580 = DIRECTION ( 'NONE',  ( -9.637352644315589080E-17, 0.000000000000000000, -1.000000000000000000 ) ) ;
#3581 = LINE ( 'NONE', #2864, #3399 ) ;
#3582 = STYLED_ITEM ( 'NONE', ( #2563 ), #3373 ) ;
#3583 = ORIENTED_EDGE ( 'NONE', *, *, #3712, .T. ) ;
#3584 = CARTESIAN_POINT ( 'NONE',  ( 9.500000000000000000, 160.0000000000000000, -3.600000000000000089 ) ) ;
#3585 = AXIS2_PLACEMENT_3D ( 'NONE', #1850, #1463, #2845 ) ;
#3586 = COLOUR_RGB ( '',0.8941176470588234615, 0.9137254901960784048, 0.9294117647058823817 ) ;
#3587 = CARTESIAN_POINT ( 'NONE',  ( 8.349999999999999645, 160.0000000000000000, 5.500000000000000000 ) ) ;
#3588 = EDGE_LOOP ( 'NONE', ( #2479, #445, #2484, #2230 ) ) ;
#3589 = LINE ( 'NONE', #4302, #551 ) ;
#3590 = ORIENTED_EDGE ( 'NONE', *, *, #4025, .F. ) ;
#3591 = PRESENTATION_STYLE_ASSIGNMENT (( #2539 ) ) ;
#3592 = ORIENTED_EDGE ( 'NONE', *, *, #2935, .T. ) ;
#3593 = COLOUR_RGB ( '',0.8941176470588234615, 0.9137254901960784048, 0.9294117647058823817 ) ;
#3594 = EDGE_CURVE ( 'NONE', #1503, #1583, #4468, .T. ) ;
#3595 =( NAMED_UNIT ( * ) PLANE_ANGLE_UNIT ( ) SI_UNIT ( $, .RADIAN. ) );
#3596 = ORIENTED_EDGE ( 'NONE', *, *, #3742, .T. ) ;
#3597 =( LENGTH_UNIT ( ) NAMED_UNIT ( * ) SI_UNIT ( .MILLI., .METRE. ) );
#3598 = ADVANCED_FACE ( 'NONE', ( #1966 ), #3347, .F. ) ;
#3599 = DIRECTION ( 'NONE',  ( 1.000000000000000000, 0.000000000000000000, -9.637352644315589080E-17 ) ) ;
#3600 = MECHANICAL_DESIGN_GEOMETRIC_PRESENTATION_REPRESENTATION (  '', ( #3017 ), #4420 ) ;
#3601 = DIRECTION ( 'NONE',  ( 0.000000000000000000, 0.000000000000000000, -1.000000000000000000 ) ) ;
#3602 = AXIS2_PLACEMENT_3D ( 'NONE', #1978, #487, #113 ) ;
#3603 = CARTESIAN_POINT ( 'NONE',  ( 9.000000000000000000, -14.38999999999998636, 10.00000000000000000 ) ) ;
#3604 = VERTEX_POINT ( 'NONE', #2013 ) ;
#3605 = DIRECTION ( 'NONE',  ( 1.000000000000000000, 0.000000000000000000, 1.454933294406559718E-16 ) ) ;
#3606 = CARTESIAN_POINT ( 'NONE',  ( -3.900000000000049649, -14.38999999999998636, -2.773654403270995772 ) ) ;
#3607 = FILL_AREA_STYLE ('',( #4640 ) ) ;
#3608 = ORIENTED_EDGE ( 'NONE', *, *, #2857, .F. ) ;
#3609 = MECHANICAL_DESIGN_GEOMETRIC_PRESENTATION_REPRESENTATION (  '', ( #509 ), #3540 ) ;
#3610 = COLOUR_RGB ( '',0.8941176470588234615, 0.9137254901960784048, 0.9294117647058823817 ) ;
#3611 = VERTEX_POINT ( 'NONE', #4204 ) ;
#3612 = AXIS2_PLACEMENT_3D ( 'NONE', #3189, #3931, #3977 ) ;
#3613 = UNCERTAINTY_MEASURE_WITH_UNIT (LENGTH_MEASURE( 1.000000000000000082E-05 ), #1423, 'distance_accuracy_value', 'NONE');
#3614 = PRESENTATION_STYLE_ASSIGNMENT (( #758 ) ) ;
#3615 = PRODUCT_RELATED_PRODUCT_CATEGORY ( 'part', '', ( #3256 ) ) ;
#3616 = AXIS2_PLACEMENT_3D ( 'NONE', #1269, #4144, #178 ) ;
#3617 = VECTOR ( 'NONE', #3064, 1000.000000000000000 ) ;
#3618 = STYLED_ITEM ( 'NONE', ( #1027 ), #4336 ) ;
#3619 = LINE ( 'NONE', #1101, #2695 ) ;
#3620 = ORIENTED_EDGE ( 'NONE', *, *, #2323, .F. ) ;
#3621 = DIRECTION ( 'NONE',  ( 0.000000000000000000, -1.000000000000000000, 0.000000000000000000 ) ) ;
#3622 = CARTESIAN_POINT ( 'NONE',  ( -3.100000000000000089, 160.0000000000000000, 8.849999999999999645 ) ) ;
#3623 = PRESENTATION_STYLE_ASSIGNMENT (( #3640 ) ) ;
#3624 = EDGE_CURVE ( 'NONE', #1257, #3187, #4346, .T. ) ;
#3625 = PLANE ( 'NONE',  #3685 ) ;
#3626 = ORIENTED_EDGE ( 'NONE', *, *, #2087, .F. ) ;
#3627 =( LENGTH_UNIT ( ) NAMED_UNIT ( * ) SI_UNIT ( .MILLI., .METRE. ) );
#3628 = EDGE_CURVE ( 'NONE', #4634, #3433, #614, .T. ) ;
#3629 = ORIENTED_EDGE ( 'NONE', *, *, #270, .T. ) ;
#3630 = SURFACE_STYLE_USAGE ( .BOTH. , #2191 ) ;
#3631 = DIRECTION ( 'NONE',  ( -0.000000000000000000, 1.000000000000000000, -0.000000000000000000 ) ) ;
#3632 = ORIENTED_EDGE ( 'NONE', *, *, #4251, .T. ) ;
#3633 =( NAMED_UNIT ( * ) PLANE_ANGLE_UNIT ( ) SI_UNIT ( $, .RADIAN. ) );
#3634 = DIRECTION ( 'NONE',  ( 0.000000000000000000, 0.000000000000000000, 1.000000000000000000 ) ) ;
#3635 =( NAMED_UNIT ( * ) PLANE_ANGLE_UNIT ( ) SI_UNIT ( $, .RADIAN. ) );
#3636 =( NAMED_UNIT ( * ) SI_UNIT ( $, .STERADIAN. ) SOLID_ANGLE_UNIT ( ) );
#3637 = ORIENTED_EDGE ( 'NONE', *, *, #1080, .T. ) ;
#3638 = CARTESIAN_POINT ( 'NONE',  ( -5.500000000000000000, 160.0000000000000000, 8.349999999999999645 ) ) ;
#3639 =( GEOMETRIC_REPRESENTATION_CONTEXT ( 3 ) GLOBAL_UNCERTAINTY_ASSIGNED_CONTEXT ( ( #1250 ) ) GLOBAL_UNIT_ASSIGNED_CONTEXT ( ( #1835, #3633, #2583 ) ) REPRESENTATION_CONTEXT ( 'NONE', 'WORKASPACE' ) );
#3640 = SURFACE_STYLE_USAGE ( .BOTH. , #3516 ) ;
#3641 = COLOUR_RGB ( '',0.8941176470588234615, 0.9137254901960784048, 0.9294117647058823817 ) ;
#3642 = EDGE_LOOP ( 'NONE', ( #1867, #1770, #2189, #3767 ) ) ;
#3643 = PRESENTATION_STYLE_ASSIGNMENT (( #73 ) ) ;
#3644 = CARTESIAN_POINT ( 'NONE',  ( 9.000000000000000000, -14.38999999999998636, -9.000000000000000000 ) ) ;
#3645 = CYLINDRICAL_SURFACE ( 'NONE', #1005, 0.5000000000000004441 ) ;
#3646 = AXIS2_PLACEMENT_3D ( 'NONE', #4363, #1887, #409 ) ;
#3647 = EDGE_CURVE ( 'NONE', #768, #2123, #4156, .T. ) ;
#3648 = FACE_OUTER_BOUND ( 'NONE', #285, .T. ) ;
#3649 = ORIENTED_EDGE ( 'NONE', *, *, #1793, .F. ) ;
#3650 =( LENGTH_UNIT ( ) NAMED_UNIT ( * ) SI_UNIT ( .MILLI., .METRE. ) );
#3651 =( GEOMETRIC_REPRESENTATION_CONTEXT ( 3 ) GLOBAL_UNCERTAINTY_ASSIGNED_CONTEXT ( ( #537 ) ) GLOBAL_UNIT_ASSIGNED_CONTEXT ( ( #698, #1417, #1051 ) ) REPRESENTATION_CONTEXT ( 'NONE', 'WORKASPACE' ) );
#3652 = CARTESIAN_POINT ( 'NONE',  ( 2.773654403270995328, -14.38999999999998636, -3.899999999999999911 ) ) ;
#3653 = EDGE_CURVE ( 'NONE', #679, #1386, #2407, .T. ) ;
#3654 = MECHANICAL_DESIGN_GEOMETRIC_PRESENTATION_REPRESENTATION (  '', ( #239 ), #2847 ) ;
#3655 = LINE ( 'NONE', #2499, #3286 ) ;
#3656 = SURFACE_SIDE_STYLE ('',( #2630 ) ) ;
#3657 = ORIENTED_EDGE ( 'NONE', *, *, #2418, .F. ) ;
#3658 = UNCERTAINTY_MEASURE_WITH_UNIT (LENGTH_MEASURE( 1.000000000000000082E-05 ), #739, 'distance_accuracy_value', 'NONE');
#3659 = EDGE_CURVE ( 'NONE', #569, #221, #572, .T. ) ;
#3660 = CARTESIAN_POINT ( 'NONE',  ( -5.500000000000000000, 160.0000000000000000, -6.419238815542509968 ) ) ;
#3661 = SURFACE_SIDE_STYLE ('',( #36 ) ) ;
#3662 = DIRECTION ( 'NONE',  ( 0.000000000000000000, -1.000000000000000000, 0.000000000000000000 ) ) ;
#3663 = ORIENTED_EDGE ( 'NONE', *, *, #4663, .T. ) ;
#3664 = DIRECTION ( 'NONE',  ( 0.7071067811865595631, 0.000000000000000000, -0.7071067811865355823 ) ) ;
#3665 = CARTESIAN_POINT ( 'NONE',  ( -2.773654403270995328, -14.38999999999998636, -3.900000000000005684 ) ) ;
#3666 =( NAMED_UNIT ( * ) PLANE_ANGLE_UNIT ( ) SI_UNIT ( $, .RADIAN. ) );
#3667 = DIRECTION ( 'NONE',  ( 0.000000000000000000, -1.000000000000000000, 0.000000000000000000 ) ) ;
#3668 = DIRECTION ( 'NONE',  ( -0.7071067811865355823, 0.000000000000000000, -0.7071067811865595631 ) ) ;
#3669 = ORIENTED_EDGE ( 'NONE', *, *, #4133, .T. ) ;
#3670 = CARTESIAN_POINT ( 'NONE',  ( -4.400000000000000355, 160.0000000000000000, 2.773654403271025082 ) ) ;
#3671 = MECHANICAL_DESIGN_GEOMETRIC_PRESENTATION_REPRESENTATION (  '', ( #4656 ), #4499 ) ;
#3672 = AXIS2_PLACEMENT_3D ( 'NONE', #3346, #2721, #2273 ) ;
#3673 = LINE ( 'NONE', #1924, #3320 ) ;
#3674 = VECTOR ( 'NONE', #4199, 1000.000000000000000 ) ;
#3675 = ORIENTED_EDGE ( 'NONE', *, *, #1128, .T. ) ;
#3676 = DIRECTION ( 'NONE',  ( 0.000000000000000000, 0.000000000000000000, 1.000000000000000000 ) ) ;
#3677 = PRESENTATION_LAYER_ASSIGNMENT (  '', '', ( #1028 ) ) ;
#3678 = CIRCLE ( 'NONE', #2564, 0.4999999999999995559 ) ;
#3679 = EDGE_CURVE ( 'NONE', #3891, #1466, #2428, .T. ) ;
#3680 = CARTESIAN_POINT ( 'NONE',  ( 5.000000000000000000, -14.38999999999998636, 7.849999999999999645 ) ) ;
#3681 = VERTEX_POINT ( 'NONE', #3889 ) ;
#3682 = CARTESIAN_POINT ( 'NONE',  ( -9.000000000000000000, -14.38999999999998636, 9.000000000000000000 ) ) ;
#3683 = FILL_AREA_STYLE_COLOUR ( '', #4054 ) ;
#3684 = AXIS2_PLACEMENT_3D ( 'NONE', #3926, #3295, #1772 ) ;
#3685 = AXIS2_PLACEMENT_3D ( 'NONE', #414, #883, #842 ) ;
#3686 = VECTOR ( 'NONE', #1148, 1000.000000000000000 ) ;
#3687 = CARTESIAN_POINT ( 'NONE',  ( -3.100000000000000089, 160.0000000000000000, 9.500000000000000000 ) ) ;
#3688 = EDGE_CURVE ( 'NONE', #1179, #2453, #3460, .T. ) ;
#3689 = ORIENTED_EDGE ( 'NONE', *, *, #472, .F. ) ;
#3690 = COLOUR_RGB ( '',0.8941176470588234615, 0.9137254901960784048, 0.9294117647058823817 ) ;
#3691 = SURFACE_STYLE_USAGE ( .BOTH. , #4461 ) ;
#3692 = LINE ( 'NONE', #1561, #1634 ) ;
#3693 = CARTESIAN_POINT ( 'NONE',  ( 5.353553390593270400, 160.0000000000000000, 6.272792206135780368 ) ) ;
#3694 =( LENGTH_UNIT ( ) NAMED_UNIT ( * ) SI_UNIT ( .MILLI., .METRE. ) );
#3695 = MECHANICAL_DESIGN_GEOMETRIC_PRESENTATION_REPRESENTATION (  '', ( #118 ), #2278 ) ;
#3696 = PRESENTATION_STYLE_ASSIGNMENT (( #2248 ) ) ;
#3697 = ORIENTED_EDGE ( 'NONE', *, *, #585, .T. ) ;
#3698 =( LENGTH_UNIT ( ) NAMED_UNIT ( * ) SI_UNIT ( .MILLI., .METRE. ) );
#3699 = EDGE_LOOP ( 'NONE', ( #293, #1270, #4567, #3948 ) ) ;
#3700 = DIRECTION ( 'NONE',  ( -2.695398307063375237E-15, 0.000000000000000000, 1.000000000000000000 ) ) ;
#3701 = DIRECTION ( 'NONE',  ( 0.000000000000000000, 1.000000000000000000, 0.000000000000000000 ) ) ;
#3702 =( NAMED_UNIT ( * ) SI_UNIT ( $, .STERADIAN. ) SOLID_ANGLE_UNIT ( ) );
#3703 = VERTEX_POINT ( 'NONE', #2229 ) ;
#3704 =( GEOMETRIC_REPRESENTATION_CONTEXT ( 3 ) GLOBAL_UNCERTAINTY_ASSIGNED_CONTEXT ( ( #1981 ) ) GLOBAL_UNIT_ASSIGNED_CONTEXT ( ( #3650, #1211, #3332 ) ) REPRESENTATION_CONTEXT ( 'NONE', 'WORKASPACE' ) );
#3705 =( NAMED_UNIT ( * ) SI_UNIT ( $, .STERADIAN. ) SOLID_ANGLE_UNIT ( ) );
#3706 = EDGE_CURVE ( 'NONE', #3425, #2637, #3233, .T. ) ;
#3707 = COLOUR_RGB ( '',0.8941176470588234615, 0.9137254901960784048, 0.9294117647058823817 ) ;
#3708 = CARTESIAN_POINT ( 'NONE',  ( -9.500000000000000000, -160.0000000000000000, -3.100000000000000089 ) ) ;
#3709 = VERTEX_POINT ( 'NONE', #11 ) ;
#3710 = UNCERTAINTY_MEASURE_WITH_UNIT (LENGTH_MEASURE( 1.000000000000000082E-05 ), #3365, 'distance_accuracy_value', 'NONE');
#3711 = CARTESIAN_POINT ( 'NONE',  ( -3.600000000000000089, 160.0000000000000000, -9.500000000000000000 ) ) ;
#3712 = EDGE_CURVE ( 'NONE', #358, #3243, #1346, .T. ) ;
#3713 = CARTESIAN_POINT ( 'NONE',  ( -10.00000000000000000, 160.0000000000000000, -9.000000000000000000 ) ) ;
#3714 = ORIENTED_EDGE ( 'NONE', *, *, #3327, .T. ) ;
#3715 = SURFACE_STYLE_FILL_AREA ( #3345 ) ;
#3716 = ORIENTED_EDGE ( 'NONE', *, *, #2839, .F. ) ;
#3717 = PRESENTATION_LAYER_ASSIGNMENT (  '', '', ( #2677 ) ) ;
#3718 = VECTOR ( 'NONE', #2406, 1000.000000000000000 ) ;
#3719 = MECHANICAL_DESIGN_GEOMETRIC_PRESENTATION_REPRESENTATION (  '', ( #2678 ), #4098 ) ;
#3720 = SURFACE_SIDE_STYLE ('',( #4421 ) ) ;
#3721 = ORIENTED_EDGE ( 'NONE', *, *, #3780, .F. ) ;
#3722 = SURFACE_SIDE_STYLE ('',( #3745 ) ) ;
#3723 = VECTOR ( 'NONE', #2690, 1000.000000000000000 ) ;
#3724 = DIRECTION ( 'NONE',  ( -0.000000000000000000, 1.000000000000000000, -0.000000000000000000 ) ) ;
#3725 =( GEOMETRIC_REPRESENTATION_CONTEXT ( 3 ) GLOBAL_UNCERTAINTY_ASSIGNED_CONTEXT ( ( #3571 ) ) GLOBAL_UNIT_ASSIGNED_CONTEXT ( ( #421, #3245, #351 ) ) REPRESENTATION_CONTEXT ( 'NONE', 'WORKASPACE' ) );
#3726 = FILL_AREA_STYLE_COLOUR ( '', #3762 ) ;
#3727 = CARTESIAN_POINT ( 'NONE',  ( 5.499999999999995559, -14.38999999999998636, -6.626345596729049880 ) ) ;
#3728 = SURFACE_SIDE_STYLE ('',( #2974 ) ) ;
#3729 = ORIENTED_EDGE ( 'NONE', *, *, #2465, .T. ) ;
#3730 = FILL_AREA_STYLE_COLOUR ( '', #1262 ) ;
#3731 = AXIS2_PLACEMENT_3D ( 'NONE', #3489, #4137, #1710 ) ;
#3732 = STYLED_ITEM ( 'NONE', ( #1535 ), #2120 ) ;
#3733 = LINE ( 'NONE', #404, #3686 ) ;
#3734 = DIRECTION ( 'NONE',  ( 0.000000000000000000, 0.000000000000000000, -1.000000000000000000 ) ) ;
#3735 = ORIENTED_EDGE ( 'NONE', *, *, #1823, .T. ) ;
#3736 = EDGE_CURVE ( 'NONE', #1035, #4283, #2133, .T. ) ;
#3737 = DIRECTION ( 'NONE',  ( 0.000000000000000000, -1.000000000000000000, 0.000000000000000000 ) ) ;
#3738 = STYLED_ITEM ( 'NONE', ( #4689 ), #730 ) ;
#3739 =( NAMED_UNIT ( * ) PLANE_ANGLE_UNIT ( ) SI_UNIT ( $, .RADIAN. ) );
#3740 = CARTESIAN_POINT ( 'NONE',  ( 10.00000000000000000, -14.38999999999998636, 3.600000000000000089 ) ) ;
#3741 = ORIENTED_EDGE ( 'NONE', *, *, #143, .T. ) ;
#3742 = EDGE_CURVE ( 'NONE', #4362, #61, #3982, .T. ) ;
#3743 = LINE ( 'NONE', #501, #4504 ) ;
#3744 = ORIENTED_EDGE ( 'NONE', *, *, #3178, .T. ) ;
#3745 = SURFACE_STYLE_FILL_AREA ( #22 ) ;
#3746 = ADVANCED_FACE ( 'NONE', ( #2486 ), #2528, .F. ) ;
#3747 = MECHANICAL_DESIGN_GEOMETRIC_PRESENTATION_REPRESENTATION (  '', ( #2863 ), #2710 ) ;
#3748 = CARTESIAN_POINT ( 'NONE',  ( 5.500000000000000000, 160.0000000000000000, -6.626345596729049880 ) ) ;
#3749 = SURFACE_SIDE_STYLE ('',( #3019 ) ) ;
#3750 = DIRECTION ( 'NONE',  ( 0.000000000000000000, 0.000000000000000000, 1.000000000000000000 ) ) ;
#3751 = ORIENTED_EDGE ( 'NONE', *, *, #508, .F. ) ;
#3752 = FILL_AREA_STYLE ('',( #4429 ) ) ;
#3753 = UNCERTAINTY_MEASURE_WITH_UNIT (LENGTH_MEASURE( 1.000000000000000082E-05 ), #3806, 'distance_accuracy_value', 'NONE');
#3754 = DIRECTION ( 'NONE',  ( 0.000000000000000000, -1.000000000000000000, 0.000000000000000000 ) ) ;
#3755 = AXIS2_PLACEMENT_3D ( 'NONE', #4287, #2906, #2856 ) ;
#3756 = ORIENTED_EDGE ( 'NONE', *, *, #2549, .F. ) ;
#3757 = VECTOR ( 'NONE', #2657, 1000.000000000000000 ) ;
#3758 = CARTESIAN_POINT ( 'NONE',  ( -2.980761184457545010, 160.0000000000000000, -3.899999999999999911 ) ) ;
#3759 = DIRECTION ( 'NONE',  ( 1.000000000000000000, 0.000000000000000000, -7.088290089668021531E-16 ) ) ;
#3760 = DIRECTION ( 'NONE',  ( 0.000000000000000000, 0.000000000000000000, 1.000000000000000000 ) ) ;
#3761 = CARTESIAN_POINT ( 'NONE',  ( -9.500000000000000000, 160.0000000000000000, -3.100000000000000089 ) ) ;
#3762 = COLOUR_RGB ( '',0.8941176470588234615, 0.9137254901960784048, 0.9294117647058823817 ) ;
#3763 = AXIS2_PLACEMENT_3D ( 'NONE', #4494, #3668, #468 ) ;
#3764 = PRESENTATION_STYLE_ASSIGNMENT (( #4390 ) ) ;
#3765 = EDGE_LOOP ( 'NONE', ( #1274, #3090, #4343, #4447, #1553, #3812, #98, #300, #1727, #2153, #2404, #1955, #1495, #1287, #1446, #3200, #2593, #526, #546, #3272, #2722, #3081, #1637, #1510, #4551, #3404, #637, #326, #727, #4106, #438, #3803, #4555, #879, #123, #365, #3300, #3315, #4677, #1048, #4037, #2410, #1490, #15, #3124, #1636, #678, #4303, #2088, #3227, #1766, #4700, #1697, #2501, #3331, #415, #4326, #816, #1122, #1087, #278, #454, #1787, #1103, #1234, #1145, #2382, #2989, #2860, #1738, #4532, #2288, #3445, #3385, #3906, #4208, #3851, #2995, #1395, #4664, #3422, #1885, #2069, #1797, #375, #4048, #3886 ) ) ;
#3766 = DIRECTION ( 'NONE',  ( 0.000000000000000000, -1.000000000000000000, 0.000000000000000000 ) ) ;
#3767 = ORIENTED_EDGE ( 'NONE', *, *, #3736, .T. ) ;
#3768 = SURFACE_STYLE_FILL_AREA ( #1235 ) ;
#3769 = CYLINDRICAL_SURFACE ( 'NONE', #886, 0.5000000000000000000 ) ;
#3770 =( NAMED_UNIT ( * ) PLANE_ANGLE_UNIT ( ) SI_UNIT ( $, .RADIAN. ) );
#3771 = EDGE_CURVE ( 'NONE', #846, #697, #3678, .T. ) ;
#3772 = VERTEX_POINT ( 'NONE', #4040 ) ;
#3773 = AXIS2_PLACEMENT_3D ( 'NONE', #3308, #3983, #720 ) ;
#3774 = DIRECTION ( 'NONE',  ( 0.000000000000000000, 0.000000000000000000, 1.000000000000000000 ) ) ;
#3775 =( NAMED_UNIT ( * ) SI_UNIT ( $, .STERADIAN. ) SOLID_ANGLE_UNIT ( ) );
#3776 = LINE ( 'NONE', #2676, #2504 ) ;
#3777 = MECHANICAL_DESIGN_GEOMETRIC_PRESENTATION_REPRESENTATION (  '', ( #3850 ), #1610 ) ;
#3778 = FILL_AREA_STYLE_COLOUR ( '', #3549 ) ;
#3779 = SURFACE_STYLE_FILL_AREA ( #479 ) ;
#3780 = EDGE_CURVE ( 'NONE', #2425, #1808, #1226, .T. ) ;
#3781 = ORIENTED_EDGE ( 'NONE', *, *, #3939, .T. ) ;
#3782 = CARTESIAN_POINT ( 'NONE',  ( -8.349999999999999645, 160.0000000000000000, -5.500000000000000000 ) ) ;
#3783 = PLANE ( 'NONE',  #4300 ) ;
#3784 = FILL_AREA_STYLE ('',( #1294 ) ) ;
#3785 = CARTESIAN_POINT ( 'NONE',  ( -7.849999999999999645, 160.0000000000000000, 5.500000000000000000 ) ) ;
#3786 = EDGE_LOOP ( 'NONE', ( #1993, #3398, #3464, #4337 ) ) ;
#3787 = DIRECTION ( 'NONE',  ( 2.628368902995180761E-16, 0.000000000000000000, -1.000000000000000000 ) ) ;
#3788 = AXIS2_PLACEMENT_3D ( 'NONE', #2356, #984, #3774 ) ;
#3789 = DIRECTION ( 'NONE',  ( 0.000000000000000000, -1.000000000000000000, 0.000000000000000000 ) ) ;
#3790 = SURFACE_SIDE_STYLE ('',( #609 ) ) ;
#3791 = FILL_AREA_STYLE ('',( #3163 ) ) ;
#3792 = ORIENTED_EDGE ( 'NONE', *, *, #611, .F. ) ;
#3793 = PLANE ( 'NONE',  #405 ) ;
#3794 = CARTESIAN_POINT ( 'NONE',  ( 8.349999999999999645, -14.38999999999998636, -3.600000000000000089 ) ) ;
#3795 = FILL_AREA_STYLE ('',( #2380 ) ) ;
#3796 = ORIENTED_EDGE ( 'NONE', *, *, #4078, .T. ) ;
#3797 = FACE_OUTER_BOUND ( 'NONE', #4530, .T. ) ;
#3798 = EDGE_CURVE ( 'NONE', #1466, #988, #41, .T. ) ;
#3799 = STYLED_ITEM ( 'NONE', ( #1468 ), #35 ) ;
#3800 = AXIS2_PLACEMENT_3D ( 'NONE', #3570, #2502, #1680 ) ;
#3801 = AXIS2_PLACEMENT_3D ( 'NONE', #3907, #669, #2155 ) ;
#3802 = DIRECTION ( 'NONE',  ( 0.000000000000000000, -1.000000000000000000, 0.000000000000000000 ) ) ;
#3803 = ORIENTED_EDGE ( 'NONE', *, *, #3624, .F. ) ;
#3804 = EDGE_CURVE ( 'NONE', #235, #345, #3325, .T. ) ;
#3805 = COLOUR_RGB ( '',0.8941176470588234615, 0.9137254901960784048, 0.9294117647058823817 ) ;
#3806 =( LENGTH_UNIT ( ) NAMED_UNIT ( * ) SI_UNIT ( .MILLI., .METRE. ) );
#3807 = PLANE ( 'NONE',  #2547 ) ;
#3808 = VERTEX_POINT ( 'NONE', #4017 ) ;
#3809 = UNCERTAINTY_MEASURE_WITH_UNIT (LENGTH_MEASURE( 1.000000000000000082E-05 ), #374, 'distance_accuracy_value', 'NONE');
#3810 = MECHANICAL_DESIGN_GEOMETRIC_PRESENTATION_REPRESENTATION (  '', ( #2175 ), #4400 ) ;
#3811 = CARTESIAN_POINT ( 'NONE',  ( 6.626345596729049880, 160.0000000000000000, -5.000000000000000000 ) ) ;
#3812 = ORIENTED_EDGE ( 'NONE', *, *, #1076, .F. ) ;
#3813 = LINE ( 'NONE', #3125, #4159 ) ;
#3814 = SURFACE_SIDE_STYLE ('',( #3863 ) ) ;
#3815 = CARTESIAN_POINT ( 'NONE',  ( -3.899999999999999911, 160.0000000000000000, 2.773654403271025082 ) ) ;
#3816 = DIRECTION ( 'NONE',  ( 0.000000000000000000, 0.000000000000000000, -1.000000000000000000 ) ) ;
#3817 = ORIENTED_EDGE ( 'NONE', *, *, #1565, .T. ) ;
#3818 = DIRECTION ( 'NONE',  ( -1.000000000000000000, 0.000000000000000000, 8.147626448676700103E-15 ) ) ;
#3819 = AXIS2_PLACEMENT_3D ( 'NONE', #116, #3662, #4435 ) ;
#3820 = CARTESIAN_POINT ( 'NONE',  ( -5.000000000000000000, 160.0000000000000000, 6.626345596729049880 ) ) ;
#3821 = FACE_OUTER_BOUND ( 'NONE', #490, .T. ) ;
#3822 = FILL_AREA_STYLE_COLOUR ( '', #4524 ) ;
#3823 = FILL_AREA_STYLE_COLOUR ( '', #2242 ) ;
#3824 = ORIENTED_EDGE ( 'NONE', *, *, #1436, .T. ) ;
#3825 = LINE ( 'NONE', #2480, #619 ) ;
#3826 = PRESENTATION_LAYER_ASSIGNMENT (  '', '', ( #3017 ) ) ;
#3827 = ADVANCED_FACE ( 'NONE', ( #1153 ), #2612, .F. ) ;
#3828 = AXIS2_PLACEMENT_3D ( 'NONE', #3711, #2986, #1585 ) ;
#3829 = DIRECTION ( 'NONE',  ( 2.891205793294680200E-15, 0.000000000000000000, 1.000000000000000000 ) ) ;
#3830 = ORIENTED_EDGE ( 'NONE', *, *, #1968, .F. ) ;
#3831 = DIRECTION ( 'NONE',  ( -0.000000000000000000, 1.000000000000000000, -0.000000000000000000 ) ) ;
#3832 = PRESENTATION_STYLE_ASSIGNMENT (( #2756 ) ) ;
#3833 = SURFACE_STYLE_FILL_AREA ( #907 ) ;
#3834 = DIRECTION ( 'NONE',  ( 0.000000000000000000, 0.000000000000000000, 1.000000000000000000 ) ) ;
#3835 = VECTOR ( 'NONE', #2815, 1000.000000000000000 ) ;
#3836 =( NAMED_UNIT ( * ) PLANE_ANGLE_UNIT ( ) SI_UNIT ( $, .RADIAN. ) );
#3837 = ADVANCED_FACE ( 'NONE', ( #2460 ), #973, .F. ) ;
#3838 = EDGE_LOOP ( 'NONE', ( #1802, #865, #2517, #1631 ) ) ;
#3839 = FILL_AREA_STYLE_COLOUR ( '', #2108 ) ;
#3840 = DIRECTION ( 'NONE',  ( 0.000000000000000000, 0.000000000000000000, -1.000000000000000000 ) ) ;
#3841 = EDGE_LOOP ( 'NONE', ( #141, #4612, #175, #1758 ) ) ;
#3842 = FILL_AREA_STYLE_COLOUR ( '', #2846 ) ;
#3843 = COLOUR_RGB ( '',0.8941176470588234615, 0.9137254901960784048, 0.9294117647058823817 ) ;
#3844 = VECTOR ( 'NONE', #1660, 1000.000000000000000 ) ;
#3845 =( GEOMETRIC_REPRESENTATION_CONTEXT ( 3 ) GLOBAL_UNCERTAINTY_ASSIGNED_CONTEXT ( ( #4088 ) ) GLOBAL_UNIT_ASSIGNED_CONTEXT ( ( #3962, #1139, #4684 ) ) REPRESENTATION_CONTEXT ( 'NONE', 'WORKASPACE' ) );
#3846 = DIRECTION ( 'NONE',  ( 0.000000000000000000, 0.000000000000000000, -1.000000000000000000 ) ) ;
#3847 = DIRECTION ( 'NONE',  ( 0.000000000000000000, -1.000000000000000000, 0.000000000000000000 ) ) ;
#3848 = EDGE_LOOP ( 'NONE', ( #916, #82, #2446, #3569 ) ) ;
#3849 = PRESENTATION_STYLE_ASSIGNMENT (( #2433 ) ) ;
#3850 = STYLED_ITEM ( 'NONE', ( #205 ), #4396 ) ;
#3851 = ORIENTED_EDGE ( 'NONE', *, *, #1974, .F. ) ;
#3852 = UNCERTAINTY_MEASURE_WITH_UNIT (LENGTH_MEASURE( 1.000000000000000082E-05 ), #1769, 'distance_accuracy_value', 'NONE');
#3853 = DIRECTION ( 'NONE',  ( 1.000000000000000000, 0.000000000000000000, 0.000000000000000000 ) ) ;
#3854 =( NAMED_UNIT ( * ) PLANE_ANGLE_UNIT ( ) SI_UNIT ( $, .RADIAN. ) );
#3855 = FACE_OUTER_BOUND ( 'NONE', #4026, .T. ) ;
#3856 = ADVANCED_FACE ( 'NONE', ( #2222 ), #4263, .T. ) ;
#3857 = LINE ( 'NONE', #3087, #904 ) ;
#3858 = CARTESIAN_POINT ( 'NONE',  ( 6.626345596729049880, 160.0000000000000000, 5.500000000000000000 ) ) ;
#3859 = ORIENTED_EDGE ( 'NONE', *, *, #1608, .T. ) ;
#3860 = DIRECTION ( 'NONE',  ( 0.000000000000000000, 0.000000000000000000, -1.000000000000000000 ) ) ;
#3861 = SURFACE_SIDE_STYLE ('',( #2082 ) ) ;
#3862 = EDGE_CURVE ( 'NONE', #1331, #3237, #106, .T. ) ;
#3863 = SURFACE_STYLE_FILL_AREA ( #3513 ) ;
#3864 = DIRECTION ( 'NONE',  ( 0.000000000000000000, -1.000000000000000000, 0.000000000000000000 ) ) ;
#3865 = CARTESIAN_POINT ( 'NONE',  ( -3.600000000000000089, -160.0000000000000000, -10.00000000000000000 ) ) ;
#3866 = VERTEX_POINT ( 'NONE', #329 ) ;
#3867 = LINE ( 'NONE', #4183, #3268 ) ;
#3868 = FILL_AREA_STYLE_COLOUR ( '', #4629 ) ;
#3869 = PRESENTATION_STYLE_ASSIGNMENT (( #2451 ) ) ;
#3870 = CARTESIAN_POINT ( 'NONE',  ( -4.046446609406774364, 160.0000000000000000, -3.127207793864264840 ) ) ;
#3871 = VERTEX_POINT ( 'NONE', #3251 ) ;
#3872 = CARTESIAN_POINT ( 'NONE',  ( -5.500000000000000000, -14.38999999999998636, -7.849999999999999645 ) ) ;
#3873 = VECTOR ( 'NONE', #159, 1000.000000000000000 ) ;
#3874 = VECTOR ( 'NONE', #432, 1000.000000000000000 ) ;
#3875 = FILL_AREA_STYLE ('',( #2456 ) ) ;
#3876 = ORIENTED_EDGE ( 'NONE', *, *, #2203, .F. ) ;
#3877 = VECTOR ( 'NONE', #144, 1000.000000000000000 ) ;
#3878 = LINE ( 'NONE', #166, #465 ) ;
#3879 = FILL_AREA_STYLE ('',( #2855 ) ) ;
#3880 = FILL_AREA_STYLE_COLOUR ( '', #1888 ) ;
#3881 = ADVANCED_FACE ( 'NONE', ( #4310 ), #729, .F. ) ;
#3882 = CYLINDRICAL_SURFACE ( 'NONE', #1783, 0.4999999999999995559 ) ;
#3883 = DIRECTION ( 'NONE',  ( -1.000000000000000000, -0.000000000000000000, 9.637352644315589080E-17 ) ) ;
#3884 = CIRCLE ( 'NONE', #1864, 0.4999999999999952260 ) ;
#3885 = AXIS2_PLACEMENT_3D ( 'NONE', #2256, #896, #3357 ) ;
#3886 = ORIENTED_EDGE ( 'NONE', *, *, #2443, .F. ) ;
#3887 = SURFACE_STYLE_FILL_AREA ( #218 ) ;
#3888 = FACE_OUTER_BOUND ( 'NONE', #3297, .T. ) ;
#3889 = CARTESIAN_POINT ( 'NONE',  ( 3.600000000000000089, 160.0000000000000000, -10.00000000000000000 ) ) ;
#3890 = ADVANCED_FACE ( 'NONE', ( #456, #1607 ), #1579, .T. ) ;
#3891 = VERTEX_POINT ( 'NONE', #3219 ) ;
#3892 = DIRECTION ( 'NONE',  ( 0.000000000000000000, 0.000000000000000000, 1.000000000000000000 ) ) ;
#3893 = DIRECTION ( 'NONE',  ( -0.000000000000000000, 1.000000000000000000, -0.000000000000000000 ) ) ;
#3894 = FILL_AREA_STYLE ('',( #4229 ) ) ;
#3895 = PRESENTATION_LAYER_ASSIGNMENT (  '', '', ( #2852 ) ) ;
#3896 = EDGE_CURVE ( 'NONE', #3866, #3681, #2023, .T. ) ;
#3897 = PLANE ( 'NONE',  #3773 ) ;
#3898 = EDGE_LOOP ( 'NONE', ( #2664, #2679, #158, #3154 ) ) ;
#3899 = CARTESIAN_POINT ( 'NONE',  ( -3.100000000000000089, 160.0000000000000000, -8.849999999999999645 ) ) ;
#3900 = ORIENTED_EDGE ( 'NONE', *, *, #948, .T. ) ;
#3901 = UNCERTAINTY_MEASURE_WITH_UNIT (LENGTH_MEASURE( 1.000000000000000082E-05 ), #4575, 'distance_accuracy_value', 'NONE');
#3902 = VECTOR ( 'NONE', #734, 1000.000000000000000 ) ;
#3903 = SURFACE_STYLE_USAGE ( .BOTH. , #4030 ) ;
#3904 =( NAMED_UNIT ( * ) PLANE_ANGLE_UNIT ( ) SI_UNIT ( $, .RADIAN. ) );
#3905 = AXIS2_PLACEMENT_3D ( 'NONE', #3041, #868, #2324 ) ;
#3906 = ORIENTED_EDGE ( 'NONE', *, *, #1623, .F. ) ;
#3907 = CARTESIAN_POINT ( 'NONE',  ( -9.500000000000000000, 160.0000000000000000, -3.600000000000000089 ) ) ;
#3908 = AXIS2_PLACEMENT_3D ( 'NONE', #2416, #1651, #183 ) ;
#3909 = SURFACE_STYLE_USAGE ( .BOTH. , #1486 ) ;
#3910 = FILL_AREA_STYLE ('',( #289 ) ) ;
#3911 = DIRECTION ( 'NONE',  ( 0.000000000000000000, 0.000000000000000000, 1.000000000000000000 ) ) ;
#3912 = FILL_AREA_STYLE ('',( #2940 ) ) ;
#3913 = VERTEX_POINT ( 'NONE', #1412 ) ;
#3914 = FILL_AREA_STYLE_COLOUR ( '', #4034 ) ;
#3915 =( GEOMETRIC_REPRESENTATION_CONTEXT ( 3 ) GLOBAL_UNCERTAINTY_ASSIGNED_CONTEXT ( ( #3710 ) ) GLOBAL_UNIT_ASSIGNED_CONTEXT ( ( #3365, #4439, #1982 ) ) REPRESENTATION_CONTEXT ( 'NONE', 'WORKASPACE' ) );
#3916 = EDGE_CURVE ( 'NONE', #1090, #711, #2110, .T. ) ;
#3917 = FILL_AREA_STYLE_COLOUR ( '', #3999 ) ;
#3918 =( GEOMETRIC_REPRESENTATION_CONTEXT ( 3 ) GLOBAL_UNCERTAINTY_ASSIGNED_CONTEXT ( ( #1657 ) ) GLOBAL_UNIT_ASSIGNED_CONTEXT ( ( #567, #4517, #2347 ) ) REPRESENTATION_CONTEXT ( 'NONE', 'WORKASPACE' ) );
#3919 = ORIENTED_EDGE ( 'NONE', *, *, #3771, .T. ) ;
#3920 = ADVANCED_FACE ( 'NONE', ( #4275 ), #2389, .T. ) ;
#3921 = VECTOR ( 'NONE', #1474, 1000.000000000000000 ) ;
#3922 = SURFACE_STYLE_USAGE ( .BOTH. , #2853 ) ;
#3923 = VECTOR ( 'NONE', #539, 1000.000000000000000 ) ;
#3924 = ORIENTED_EDGE ( 'NONE', *, *, #4485, .T. ) ;
#3925 = CARTESIAN_POINT ( 'NONE',  ( 3.100000000000000089, -14.38999999999998636, 8.849999999999999645 ) ) ;
#3926 = CARTESIAN_POINT ( 'NONE',  ( -5.000000000000000000, -14.38999999999998636, -7.849999999999999645 ) ) ;
#3927 =( LENGTH_UNIT ( ) NAMED_UNIT ( * ) SI_UNIT ( .MILLI., .METRE. ) );
#3928 = ORIENTED_EDGE ( 'NONE', *, *, #1628, .F. ) ;
#3929 = CARTESIAN_POINT ( 'NONE',  ( 10.00000000000000000, -4.390000000000108926, -2.600000000000912692 ) ) ;
#3930 = CARTESIAN_POINT ( 'NONE',  ( -2.773654403270999769, -14.38999999999998636, 3.899999999999999911 ) ) ;
#3931 = DIRECTION ( 'NONE',  ( 0.000000000000000000, 1.000000000000000000, 0.000000000000000000 ) ) ;
#3932 = ORIENTED_EDGE ( 'NONE', *, *, #1768, .F. ) ;
#3933 = DIRECTION ( 'NONE',  ( 0.000000000000000000, 0.000000000000000000, -1.000000000000000000 ) ) ;
#3934 = FACE_BOUND ( 'NONE', #3955, .T. ) ;
#3935 = FACE_OUTER_BOUND ( 'NONE', #3458, .T. ) ;
#3936 = CARTESIAN_POINT ( 'NONE',  ( 1.015776968710863569E-14, -4.390000000000112479, -2.600000000000452172 ) ) ;
#3937 = SURFACE_SIDE_STYLE ('',( #4230 ) ) ;
#3938 =( NAMED_UNIT ( * ) SI_UNIT ( $, .STERADIAN. ) SOLID_ANGLE_UNIT ( ) );
#3939 = EDGE_CURVE ( 'NONE', #2637, #1019, #1337, .T. ) ;
#3940 = FILL_AREA_STYLE_COLOUR ( '', #4168 ) ;
#3941 = EDGE_CURVE ( 'NONE', #170, #2079, #97, .T. ) ;
#3942 = SURFACE_STYLE_FILL_AREA ( #2902 ) ;
#3943 = ORIENTED_EDGE ( 'NONE', *, *, #508, .T. ) ;
#3944 =( NAMED_UNIT ( * ) SI_UNIT ( $, .STERADIAN. ) SOLID_ANGLE_UNIT ( ) );
#3945 =( NAMED_UNIT ( * ) PLANE_ANGLE_UNIT ( ) SI_UNIT ( $, .RADIAN. ) );
#3946 = VECTOR ( 'NONE', #4513, 1000.000000000000000 ) ;
#3947 =( NAMED_UNIT ( * ) PLANE_ANGLE_UNIT ( ) SI_UNIT ( $, .RADIAN. ) );
#3948 = ORIENTED_EDGE ( 'NONE', *, *, #3594, .F. ) ;
#3949 = LINE ( 'NONE', #3622, #2599 ) ;
#3950 = VECTOR ( 'NONE', #1520, 1000.000000000000000 ) ;
#3951 = PRESENTATION_STYLE_ASSIGNMENT (( #3557 ) ) ;
#3952 = AXIS2_PLACEMENT_3D ( 'NONE', #887, #1159, #48 ) ;
#3953 =( LENGTH_UNIT ( ) NAMED_UNIT ( * ) SI_UNIT ( .MILLI., .METRE. ) );
#3954 = FILL_AREA_STYLE ('',( #3015 ) ) ;
#3955 = EDGE_LOOP ( 'NONE', ( #1937, #4405 ) ) ;
#3956 = CARTESIAN_POINT ( 'NONE',  ( 9.000000000000000000, 160.0000000000000000, 10.00000000000000000 ) ) ;
#3957 = CARTESIAN_POINT ( 'NONE',  ( 3.600000000000000089, -14.38999999999998636, -8.349999999999999645 ) ) ;
#3958 = PRESENTATION_LAYER_ASSIGNMENT (  '', '', ( #1721 ) ) ;
#3959 = AXIS2_PLACEMENT_3D ( 'NONE', #2663, #2310, #3734 ) ;
#3960 = FACE_OUTER_BOUND ( 'NONE', #1263, .T. ) ;
#3961 = CARTESIAN_POINT ( 'NONE',  ( -8.849999999999999645, -14.38999999999998636, -3.099999999999999645 ) ) ;
#3962 =( LENGTH_UNIT ( ) NAMED_UNIT ( * ) SI_UNIT ( .MILLI., .METRE. ) );
#3963 = ORIENTED_EDGE ( 'NONE', *, *, #2061, .T. ) ;
#3964 = ORIENTED_EDGE ( 'NONE', *, *, #1213, .T. ) ;
#3965 = DIRECTION ( 'NONE',  ( 0.000000000000000000, 1.000000000000000000, 0.000000000000000000 ) ) ;
#3966 =( NAMED_UNIT ( * ) SI_UNIT ( $, .STERADIAN. ) SOLID_ANGLE_UNIT ( ) );
#3967 = DIRECTION ( 'NONE',  ( -1.796932204708914853E-15, 0.000000000000000000, -1.000000000000000000 ) ) ;
#3968 = VERTEX_POINT ( 'NONE', #2917 ) ;
#3969 = LINE ( 'NONE', #1838, #4046 ) ;
#3970 = EDGE_CURVE ( 'NONE', #1882, #1445, #747, .T. ) ;
#3971 = FILL_AREA_STYLE ('',( #2958 ) ) ;
#3972 = ORIENTED_EDGE ( 'NONE', *, *, #852, .T. ) ;
#3973 = LINE ( 'NONE', #2665, #69 ) ;
#3974 = FILL_AREA_STYLE ('',( #1458 ) ) ;
#3975 = AXIS2_PLACEMENT_3D ( 'NONE', #4659, #1114, #2535 ) ;
#3976 = EDGE_CURVE ( 'NONE', #1326, #2234, #4574, .T. ) ;
#3977 = DIRECTION ( 'NONE',  ( 0.000000000000000000, 0.000000000000000000, 1.000000000000000000 ) ) ;
#3978 = STYLED_ITEM ( 'NONE', ( #57 ), #4268 ) ;
#3979 = VERTEX_POINT ( 'NONE', #3957 ) ;
#3980 =( NAMED_UNIT ( * ) SI_UNIT ( $, .STERADIAN. ) SOLID_ANGLE_UNIT ( ) );
#3981 = CARTESIAN_POINT ( 'NONE',  ( 10.00000000000000000, 160.0000000000000000, 9.000000000000000000 ) ) ;
#3982 = CIRCLE ( 'NONE', #1668, 0.4999999999999978351 ) ;
#3983 = DIRECTION ( 'NONE',  ( -1.000000000000000000, 0.000000000000000000, 8.147626448676700103E-15 ) ) ;
#3984 = EDGE_LOOP ( 'NONE', ( #4398, #4658 ) ) ;
#3985 = DIRECTION ( 'NONE',  ( -0.000000000000000000, 1.000000000000000000, -0.000000000000000000 ) ) ;
#3986 = VERTEX_POINT ( 'NONE', #771 ) ;
#3987 =( NAMED_UNIT ( * ) SI_UNIT ( $, .STERADIAN. ) SOLID_ANGLE_UNIT ( ) );
#3988 = CIRCLE ( 'NONE', #2274, 0.4999999999999973910 ) ;
#3989 = STYLED_ITEM ( 'NONE', ( #4134 ), #1920 ) ;
#3990 = FILL_AREA_STYLE ('',( #29 ) ) ;
#3991 = ORIENTED_EDGE ( 'NONE', *, *, #3521, .T. ) ;
#3992 = UNCERTAINTY_MEASURE_WITH_UNIT (LENGTH_MEASURE( 1.000000000000000082E-05 ), #681, 'distance_accuracy_value', 'NONE');
#3993 = DIRECTION ( 'NONE',  ( 0.000000000000000000, -1.000000000000000000, 0.000000000000000000 ) ) ;
#3994 = DIRECTION ( 'NONE',  ( 1.000000000000000000, 0.000000000000000000, -9.637352644315589080E-17 ) ) ;
#3995 =( NAMED_UNIT ( * ) PLANE_ANGLE_UNIT ( ) SI_UNIT ( $, .RADIAN. ) );
#3996 = MECHANICAL_DESIGN_GEOMETRIC_PRESENTATION_REPRESENTATION (  '', ( #3114 ), #3845 ) ;
#3997 = EDGE_LOOP ( 'NONE', ( #1158, #3637, #3876, #3649 ) ) ;
#3998 = ADVANCED_FACE ( 'NONE', ( #2231 ), #1875, .T. ) ;
#3999 = COLOUR_RGB ( '',0.8941176470588234615, 0.9137254901960784048, 0.9294117647058823817 ) ;
#4000 = SHAPE_DEFINITION_REPRESENTATION ( #4595, #1840 ) ;
#4001 =( LENGTH_UNIT ( ) NAMED_UNIT ( * ) SI_UNIT ( .MILLI., .METRE. ) );
#4002 = ORIENTED_EDGE ( 'NONE', *, *, #4025, .T. ) ;
#4003 = EDGE_CURVE ( 'NONE', #1778, #2079, #151, .T. ) ;
#4004 = CARTESIAN_POINT ( 'NONE',  ( -10.00000000000000000, 160.0000000000000000, 3.600000000000000089 ) ) ;
#4005 = CARTESIAN_POINT ( 'NONE',  ( 6.626345596729049880, 160.0000000000000000, -5.500000000000000000 ) ) ;
#4006 = EDGE_LOOP ( 'NONE', ( #4641, #626 ) ) ;
#4007 = SURFACE_STYLE_FILL_AREA ( #396 ) ;
#4008 = VECTOR ( 'NONE', #917, 1000.000000000000000 ) ;
#4009 = CIRCLE ( 'NONE', #3337, 0.5000000000000004441 ) ;
#4010 = DIRECTION ( 'NONE',  ( 0.000000000000000000, 0.000000000000000000, 1.000000000000000000 ) ) ;
#4011 =( LENGTH_UNIT ( ) NAMED_UNIT ( * ) SI_UNIT ( .MILLI., .METRE. ) );
#4012 = ORIENTED_EDGE ( 'NONE', *, *, #1069, .F. ) ;
#4013 = ORIENTED_EDGE ( 'NONE', *, *, #340, .F. ) ;
#4014 = PRESENTATION_LAYER_ASSIGNMENT (  '', '', ( #147 ) ) ;
#4015 = CARTESIAN_POINT ( 'NONE',  ( 10.00000000000000000, 160.0000000000000000, -9.000000000000000000 ) ) ;
#4016 = DIRECTION ( 'NONE',  ( 0.000000000000000000, -1.000000000000000000, 0.000000000000000000 ) ) ;
#4017 = CARTESIAN_POINT ( 'NONE',  ( 4.046446609406749495, 160.0000000000000000, 3.127207793864275054 ) ) ;
#4018 = VECTOR ( 'NONE', #238, 999.9999999999998863 ) ;
#4019 = CARTESIAN_POINT ( 'NONE',  ( -8.349999999999999645, -14.38999999999998636, 3.600000000000000089 ) ) ;
#4020 = CARTESIAN_POINT ( 'NONE',  ( 5.200000000000008171, 0.8099999999998865885, -2.600000000000451283 ) ) ;
#4021 = VECTOR ( 'NONE', #1918, 1000.000000000000000 ) ;
#4022 =( LENGTH_UNIT ( ) NAMED_UNIT ( * ) SI_UNIT ( .MILLI., .METRE. ) );
#4023 = ORIENTED_EDGE ( 'NONE', *, *, #1065, .T. ) ;
#4024 = SURFACE_SIDE_STYLE ('',( #1137 ) ) ;
#4025 = EDGE_CURVE ( 'NONE', #1035, #1715, #2862, .T. ) ;
#4026 = EDGE_LOOP ( 'NONE', ( #1077, #1807, #2670, #4169 ) ) ;
#4027 = FACE_OUTER_BOUND ( 'NONE', #3554, .T. ) ;
#4028 = AXIS2_PLACEMENT_3D ( 'NONE', #1393, #2561, #4282 ) ;
#4029 = CARTESIAN_POINT ( 'NONE',  ( 10.00000000000000000, -4.390000000000108926, -9.129805847377417686E-13 ) ) ;
#4030 = SURFACE_SIDE_STYLE ('',( #633 ) ) ;
#4031 = EDGE_CURVE ( 'NONE', #9, #1257, #3743, .T. ) ;
#4032 = CARTESIAN_POINT ( 'NONE',  ( 2.773654403270995328, 160.0000000000000000, -4.400000000000000355 ) ) ;
#4033 = EDGE_LOOP ( 'NONE', ( #117, #586, #849, #4422 ) ) ;
#4034 = COLOUR_RGB ( '',0.8941176470588234615, 0.9137254901960784048, 0.9294117647058823817 ) ;
#4035 = DIRECTION ( 'NONE',  ( 0.000000000000000000, 0.000000000000000000, -1.000000000000000000 ) ) ;
#4036 = DIRECTION ( 'NONE',  ( 0.000000000000000000, 1.000000000000000000, 0.000000000000000000 ) ) ;
#4037 = ORIENTED_EDGE ( 'NONE', *, *, #442, .F. ) ;
#4038 = UNCERTAINTY_MEASURE_WITH_UNIT (LENGTH_MEASURE( 1.000000000000000082E-05 ), #3103, 'distance_accuracy_value', 'NONE');
#4039 = CARTESIAN_POINT ( 'NONE',  ( 2.773654403270995328, -14.38999999999998636, 3.900000000000008793 ) ) ;
#4040 = CARTESIAN_POINT ( 'NONE',  ( 2.773654403270995328, 160.0000000000000000, 3.899999999999999911 ) ) ;
#4041 = VERTEX_POINT ( 'NONE', #3400 ) ;
#4042 = DIRECTION ( 'NONE',  ( -0.7071067811865404673, 0.000000000000000000, 0.7071067811865546782 ) ) ;
#4043 = FILL_AREA_STYLE_COLOUR ( '', #2946 ) ;
#4044 = CARTESIAN_POINT ( 'NONE',  ( -6.626345596729049880, -160.0000000000000000, 5.500000000000000000 ) ) ;
#4045 = DIRECTION ( 'NONE',  ( -0.000000000000000000, 1.000000000000000000, -0.000000000000000000 ) ) ;
#4046 = VECTOR ( 'NONE', #4335, 1000.000000000000000 ) ;
#4047 = CARTESIAN_POINT ( 'NONE',  ( -10.00000000000000000, 160.0000000000000000, -9.000000000000000000 ) ) ;
#4048 = ORIENTED_EDGE ( 'NONE', *, *, #3406, .F. ) ;
#4049 = DIRECTION ( 'NONE',  ( 0.000000000000000000, 0.000000000000000000, 1.000000000000000000 ) ) ;
#4050 = ADVANCED_FACE ( 'NONE', ( #888 ), #3769, .F. ) ;
#4051 =( NAMED_UNIT ( * ) PLANE_ANGLE_UNIT ( ) SI_UNIT ( $, .RADIAN. ) );
#4052 = COLOUR_RGB ( '',0.8941176470588234615, 0.9137254901960784048, 0.9294117647058823817 ) ;
#4053 = SURFACE_SIDE_STYLE ('',( #3779 ) ) ;
#4054 = COLOUR_RGB ( '',0.8941176470588234615, 0.9137254901960784048, 0.9294117647058823817 ) ;
#4055 =( NAMED_UNIT ( * ) PLANE_ANGLE_UNIT ( ) SI_UNIT ( $, .RADIAN. ) );
#4056 = ORIENTED_EDGE ( 'NONE', *, *, #3058, .T. ) ;
#4057 = EDGE_CURVE ( 'NONE', #991, #2311, #1580, .T. ) ;
#4058 = CARTESIAN_POINT ( 'NONE',  ( 9.000000000000000000, 160.0000000000000000, 10.00000000000000000 ) ) ;
#4059 =( GEOMETRIC_REPRESENTATION_CONTEXT ( 3 ) GLOBAL_UNCERTAINTY_ASSIGNED_CONTEXT ( ( #3527 ) ) GLOBAL_UNIT_ASSIGNED_CONTEXT ( ( #2064, #4269, #2913 ) ) REPRESENTATION_CONTEXT ( 'NONE', 'WORKASPACE' ) );
#4060 = DIRECTION ( 'NONE',  ( -1.000000000000000000, 0.000000000000000000, 0.000000000000000000 ) ) ;
#4061 = STYLED_ITEM ( 'NONE', ( #3869 ), #4573 ) ;
#4062 = SURFACE_SIDE_STYLE ('',( #367 ) ) ;
#4063 = LINE ( 'NONE', #3708, #1866 ) ;
#4064 = LINE ( 'NONE', #1611, #2482 ) ;
#4065 = VERTEX_POINT ( 'NONE', #1283 ) ;
#4066 = PRESENTATION_LAYER_ASSIGNMENT (  '', '', ( #118 ) ) ;
#4067 = STYLED_ITEM ( 'NONE', ( #3696 ), #1992 ) ;
#4068 = LINE ( 'NONE', #3060, #1934 ) ;
#4069 = SURFACE_STYLE_USAGE ( .BOTH. , #1172 ) ;
#4070 = EDGE_LOOP ( 'NONE', ( #498, #3583, #2225, #1669 ) ) ;
#4071 = STYLED_ITEM ( 'NONE', ( #648 ), #4418 ) ;
#4072 = DIRECTION ( 'NONE',  ( 0.000000000000000000, -1.000000000000000000, 0.000000000000000000 ) ) ;
#4073 = CYLINDRICAL_SURFACE ( 'NONE', #1856, 0.5000000000000000000 ) ;
#4074 = LINE ( 'NONE', #76, #384 ) ;
#4075 = PRESENTATION_STYLE_ASSIGNMENT (( #890 ) ) ;
#4076 = ORIENTED_EDGE ( 'NONE', *, *, #1823, .F. ) ;
#4077 = CARTESIAN_POINT ( 'NONE',  ( -9.500000000000000000, -14.38999999999998636, -3.600000000000000089 ) ) ;
#4078 = EDGE_CURVE ( 'NONE', #322, #843, #2468, .T. ) ;
#4079 =( NAMED_UNIT ( * ) SI_UNIT ( $, .STERADIAN. ) SOLID_ANGLE_UNIT ( ) );
#4080 = DIRECTION ( 'NONE',  ( 0.000000000000000000, -1.000000000000000000, 0.000000000000000000 ) ) ;
#4081 = VERTEX_POINT ( 'NONE', #1305 ) ;
#4082 = MECHANICAL_DESIGN_GEOMETRIC_PRESENTATION_REPRESENTATION (  '', ( #3126 ), #4294 ) ;
#4083 = UNCERTAINTY_MEASURE_WITH_UNIT (LENGTH_MEASURE( 1.000000000000000082E-05 ), #4680, 'distance_accuracy_value', 'NONE');
#4084 = FILL_AREA_STYLE_COLOUR ( '', #3463 ) ;
#4085 = LINE ( 'NONE', #138, #2837 ) ;
#4086 = ADVANCED_FACE ( 'NONE', ( #640 ), #2107, .F. ) ;
#4087 = VERTEX_POINT ( 'NONE', #1487 ) ;
#4088 = UNCERTAINTY_MEASURE_WITH_UNIT (LENGTH_MEASURE( 1.000000000000000082E-05 ), #3962, 'distance_accuracy_value', 'NONE');
#4089 = CARTESIAN_POINT ( 'NONE',  ( 2.773654403270995328, 160.0000000000000000, -3.899999999999999911 ) ) ;
#4090 = SURFACE_SIDE_STYLE ('',( #3008 ) ) ;
#4091 = SURFACE_SIDE_STYLE ('',( #145 ) ) ;
#4092 = LINE ( 'NONE', #2318, #3923 ) ;
#4093 = DIRECTION ( 'NONE',  ( 0.7071067811865431318, 0.000000000000000000, 0.7071067811865520136 ) ) ;
#4094 = FILL_AREA_STYLE_COLOUR ( '', #1521 ) ;
#4095 = EDGE_LOOP ( 'NONE', ( #3110, #2526, #1916, #559 ) ) ;
#4096 = LINE ( 'NONE', #818, #580 ) ;
#4097 =( LENGTH_UNIT ( ) NAMED_UNIT ( * ) SI_UNIT ( .MILLI., .METRE. ) );
#4098 =( GEOMETRIC_REPRESENTATION_CONTEXT ( 3 ) GLOBAL_UNCERTAINTY_ASSIGNED_CONTEXT ( ( #327 ) ) GLOBAL_UNIT_ASSIGNED_CONTEXT ( ( #3927, #3995, #1479 ) ) REPRESENTATION_CONTEXT ( 'NONE', 'WORKASPACE' ) );
#4099 =( NAMED_UNIT ( * ) SI_UNIT ( $, .STERADIAN. ) SOLID_ANGLE_UNIT ( ) );
#4100 = ORIENTED_EDGE ( 'NONE', *, *, #3129, .T. ) ;
#4101 = FILL_AREA_STYLE ('',( #2674 ) ) ;
#4102 = VECTOR ( 'NONE', #2341, 1000.000000000000000 ) ;
#4103 = SURFACE_STYLE_FILL_AREA ( #4423 ) ;
#4104 =( GEOMETRIC_REPRESENTATION_CONTEXT ( 3 ) GLOBAL_UNCERTAINTY_ASSIGNED_CONTEXT ( ( #2681 ) ) GLOBAL_UNIT_ASSIGNED_CONTEXT ( ( #1118, #1597, #3775 ) ) REPRESENTATION_CONTEXT ( 'NONE', 'WORKASPACE' ) );
#4105 = AXIS2_PLACEMENT_3D ( 'NONE', #3680, #4080, #1603 ) ;
#4106 = ORIENTED_EDGE ( 'NONE', *, *, #3742, .F. ) ;
#4107 = SURFACE_STYLE_FILL_AREA ( #784 ) ;
#4108 = SURFACE_SIDE_STYLE ('',( #1216 ) ) ;
#4109 = CYLINDRICAL_SURFACE ( 'NONE', #3602, 0.5000000000000004441 ) ;
#4110 = AXIS2_PLACEMENT_3D ( 'NONE', #3162, #1360, #789 ) ;
#4111 = EDGE_LOOP ( 'NONE', ( #3344, #921, #2949, #823 ) ) ;
#4112 = LINE ( 'NONE', #40, #1230 ) ;
#4113 = FACE_OUTER_BOUND ( 'NONE', #111, .T. ) ;
#4114 = AXIS2_PLACEMENT_3D ( 'NONE', #1501, #482, #1908 ) ;
#4115 = EDGE_CURVE ( 'NONE', #4488, #2637, #1800, .T. ) ;
#4116 = DIRECTION ( 'NONE',  ( 0.000000000000000000, 0.000000000000000000, -1.000000000000000000 ) ) ;
#4117 = ORIENTED_EDGE ( 'NONE', *, *, #3012, .T. ) ;
#4118 = ADVANCED_FACE ( 'NONE', ( #2889 ), #4675, .T. ) ;
#4119 = DIRECTION ( 'NONE',  ( 0.000000000000000000, 0.000000000000000000, -1.000000000000000000 ) ) ;
#4120 = ORIENTED_EDGE ( 'NONE', *, *, #1186, .F. ) ;
#4121 = FACE_OUTER_BOUND ( 'NONE', #1320, .T. ) ;
#4122 = VECTOR ( 'NONE', #1731, 1000.000000000000000 ) ;
#4123 = ORIENTED_EDGE ( 'NONE', *, *, #993, .F. ) ;
#4124 = SURFACE_STYLE_USAGE ( .BOTH. , #2776 ) ;
#4125 = AXIS2_PLACEMENT_3D ( 'NONE', #595, #4541, #713 ) ;
#4126 = PLANE ( 'NONE',  #3111 ) ;
#4127 = ORIENTED_EDGE ( 'NONE', *, *, #1944, .T. ) ;
#4128 = UNCERTAINTY_MEASURE_WITH_UNIT (LENGTH_MEASURE( 1.000000000000000082E-05 ), #1518, 'distance_accuracy_value', 'NONE');
#4129 = VECTOR ( 'NONE', #3621, 1000.000000000000000 ) ;
#4130 = CARTESIAN_POINT ( 'NONE',  ( -3.900000000000049649, 160.0000000000000000, -2.980761184457539681 ) ) ;
#4131 =( GEOMETRIC_REPRESENTATION_CONTEXT ( 3 ) GLOBAL_UNCERTAINTY_ASSIGNED_CONTEXT ( ( #2503 ) ) GLOBAL_UNIT_ASSIGNED_CONTEXT ( ( #80, #2325, #1948 ) ) REPRESENTATION_CONTEXT ( 'NONE', 'WORKASPACE' ) );
#4132 = AXIS2_PLACEMENT_3D ( 'NONE', #568, #4175, #3533 ) ;
#4133 = EDGE_CURVE ( 'NONE', #4164, #3396, #104, .T. ) ;
#4134 = PRESENTATION_STYLE_ASSIGNMENT (( #2787 ) ) ;
#4135 = VERTEX_POINT ( 'NONE', #2613 ) ;
#4136 = CARTESIAN_POINT ( 'NONE',  ( -6.626345596729059650, -14.38999999999998636, -5.000000000000000000 ) ) ;
#4137 = DIRECTION ( 'NONE',  ( 0.000000000000000000, -1.000000000000000000, 0.000000000000000000 ) ) ;
#4138 = COLOUR_RGB ( '',0.8941176470588234615, 0.9137254901960784048, 0.9294117647058823817 ) ;
#4139 = ADVANCED_FACE ( 'NONE', ( #882 ), #1173, .F. ) ;
#4140 = AXIS2_PLACEMENT_3D ( 'NONE', #777, #3355, #3016 ) ;
#4141 = VERTEX_POINT ( 'NONE', #1277 ) ;
#4142 = PRESENTATION_LAYER_ASSIGNMENT (  '', '', ( #26 ) ) ;
#4143 = EDGE_CURVE ( 'NONE', #2849, #4148, #2008, .T. ) ;
#4144 = DIRECTION ( 'NONE',  ( 0.000000000000000000, -1.000000000000000000, 0.000000000000000000 ) ) ;
#4145 = ORIENTED_EDGE ( 'NONE', *, *, #442, .T. ) ;
#4146 = SURFACE_SIDE_STYLE ('',( #924 ) ) ;
#4147 =( NAMED_UNIT ( * ) SI_UNIT ( $, .STERADIAN. ) SOLID_ANGLE_UNIT ( ) );
#4148 = VERTEX_POINT ( 'NONE', #2030 ) ;
#4149 = CARTESIAN_POINT ( 'NONE',  ( -8.349999999999999645, -14.38999999999998636, 5.000000000000000000 ) ) ;
#4150 = CARTESIAN_POINT ( 'NONE',  ( -8.849999999999999645, -14.38999999999998636, -3.099999999999999645 ) ) ;
#4151 = AXIS2_PLACEMENT_3D ( 'NONE', #936, #266, #1714 ) ;
#4152 = EDGE_CURVE ( 'NONE', #4283, #3566, #2442, .T. ) ;
#4153 = DIRECTION ( 'NONE',  ( -0.000000000000000000, 1.000000000000000000, -0.000000000000000000 ) ) ;
#4154 = ORIENTED_EDGE ( 'NONE', *, *, #248, .F. ) ;
#4155 = LINE ( 'NONE', #3794, #3718 ) ;
#4156 = LINE ( 'NONE', #173, #3382 ) ;
#4157 = CARTESIAN_POINT ( 'NONE',  ( -3.600000000000000089, 160.0000000000000000, -8.349999999999999645 ) ) ;
#4158 = ORIENTED_EDGE ( 'NONE', *, *, #198, .T. ) ;
#4159 = VECTOR ( 'NONE', #4177, 1000.000000000000000 ) ;
#4160 = EDGE_CURVE ( 'NONE', #2544, #1778, #14, .T. ) ;
#4161 = VECTOR ( 'NONE', #492, 1000.000000000000000 ) ;
#4162 = LINE ( 'NONE', #297, #1903 ) ;
#4163 = DIRECTION ( 'NONE',  ( 0.000000000000000000, 0.000000000000000000, -1.000000000000000000 ) ) ;
#4164 = VERTEX_POINT ( 'NONE', #2055 ) ;
#4165 = DIRECTION ( 'NONE',  ( 0.000000000000000000, 0.000000000000000000, -1.000000000000000000 ) ) ;
#4166 =( NAMED_UNIT ( * ) PLANE_ANGLE_UNIT ( ) SI_UNIT ( $, .RADIAN. ) );
#4167 = EDGE_CURVE ( 'NONE', #3450, #2834, #254, .T. ) ;
#4168 = COLOUR_RGB ( '',0.8941176470588234615, 0.9137254901960784048, 0.9294117647058823817 ) ;
#4169 = ORIENTED_EDGE ( 'NONE', *, *, #494, .F. ) ;
#4170 = UNCERTAINTY_MEASURE_WITH_UNIT (LENGTH_MEASURE( 1.000000000000000082E-05 ), #1015, 'distance_accuracy_value', 'NONE');
#4171 = CARTESIAN_POINT ( 'NONE',  ( 3.600000000000000089, 160.0000000000000000, 8.349999999999999645 ) ) ;
#4172 = PRESENTATION_LAYER_ASSIGNMENT (  '', '', ( #3220 ) ) ;
#4173 = PRESENTATION_LAYER_ASSIGNMENT (  '', '', ( #2760 ) ) ;
#4174 =( NAMED_UNIT ( * ) SI_UNIT ( $, .STERADIAN. ) SOLID_ANGLE_UNIT ( ) );
#4175 = DIRECTION ( 'NONE',  ( 0.000000000000000000, -1.000000000000000000, 0.000000000000000000 ) ) ;
#4176 = ORIENTED_EDGE ( 'NONE', *, *, #3461, .T. ) ;
#4177 = DIRECTION ( 'NONE',  ( 0.000000000000000000, -1.000000000000000000, 0.000000000000000000 ) ) ;
#4178 = DIRECTION ( 'NONE',  ( 0.000000000000000000, 0.000000000000000000, -1.000000000000000000 ) ) ;
#4179 = DIRECTION ( 'NONE',  ( 0.000000000000000000, 0.000000000000000000, -1.000000000000000000 ) ) ;
#4180 = FILL_AREA_STYLE_COLOUR ( '', #2799 ) ;
#4181 = PRESENTATION_STYLE_ASSIGNMENT (( #2767 ) ) ;
#4182 = ORIENTED_EDGE ( 'NONE', *, *, #2237, .F. ) ;
#4183 = CARTESIAN_POINT ( 'NONE',  ( -3.099999999999999645, -14.38999999999998636, 8.849999999999999645 ) ) ;
#4184 =( NAMED_UNIT ( * ) PLANE_ANGLE_UNIT ( ) SI_UNIT ( $, .RADIAN. ) );
#4185 =( GEOMETRIC_REPRESENTATION_CONTEXT ( 3 ) GLOBAL_UNCERTAINTY_ASSIGNED_CONTEXT ( ( #2420 ) ) GLOBAL_UNIT_ASSIGNED_CONTEXT ( ( #1102, #1482, #2859 ) ) REPRESENTATION_CONTEXT ( 'NONE', 'WORKASPACE' ) );
#4186 = PRESENTATION_STYLE_ASSIGNMENT (( #1340 ) ) ;
#4187 = SURFACE_STYLE_USAGE ( .BOTH. , #247 ) ;
#4188 =( BOUNDED_CURVE ( )  B_SPLINE_CURVE ( 3, ( #44, #2941, #4020, #443 ),
 .UNSPECIFIED., .F., .F. ) 
 B_SPLINE_CURVE_WITH_KNOTS ( ( 4, 4 ),
 ( 1.570796326794896780, 4.712388980384689674 ),
 .UNSPECIFIED. ) 
 CURVE ( )  GEOMETRIC_REPRESENTATION_ITEM ( )  RATIONAL_B_SPLINE_CURVE ( ( 1.000000000000000000, 0.3333333333333333703, 0.3333333333333333703, 1.000000000000000000 ) ) 
 REPRESENTATION_ITEM ( '' )  );
#4189 =( NAMED_UNIT ( * ) PLANE_ANGLE_UNIT ( ) SI_UNIT ( $, .RADIAN. ) );
#4190 = EDGE_CURVE ( 'NONE', #3352, #1466, #240, .T. ) ;
#4191 = DIRECTION ( 'NONE',  ( 0.000000000000000000, -1.000000000000000000, 0.000000000000000000 ) ) ;
#4192 = ORIENTED_EDGE ( 'NONE', *, *, #214, .T. ) ;
#4193 = LINE ( 'NONE', #3872, #150 ) ;
#4194 = STYLED_ITEM ( 'NONE', ( #473 ), #3998 ) ;
#4195 = FACE_OUTER_BOUND ( 'NONE', #2555, .T. ) ;
#4196 = EDGE_CURVE ( 'NONE', #1179, #1249, #1356, .T. ) ;
#4197 = ORIENTED_EDGE ( 'NONE', *, *, #1652, .F. ) ;
#4198 = FILL_AREA_STYLE_COLOUR ( '', #854 ) ;
#4199 = DIRECTION ( 'NONE',  ( 0.000000000000000000, -1.000000000000000000, 0.000000000000000000 ) ) ;
#4200 = PRESENTATION_LAYER_ASSIGNMENT (  '', '', ( #4655 ) ) ;
#4201 = AXIS2_PLACEMENT_3D ( 'NONE', #3482, #561, #3184 ) ;
#4202 = EDGE_LOOP ( 'NONE', ( #531, #4220, #4673, #1969 ) ) ;
#4203 =( NAMED_UNIT ( * ) SI_UNIT ( $, .STERADIAN. ) SOLID_ANGLE_UNIT ( ) );
#4204 = CARTESIAN_POINT ( 'NONE',  ( -3.900000000000001243, -14.38999999999998636, 2.773654403271025082 ) ) ;
#4205 = MECHANICAL_DESIGN_GEOMETRIC_PRESENTATION_REPRESENTATION (  '', ( #1673 ), #2202 ) ;
#4206 = CARTESIAN_POINT ( 'NONE',  ( -10.00000000000000000, 160.0000000000000000, 9.000000000000000000 ) ) ;
#4207 = LINE ( 'NONE', #643, #1826 ) ;
#4208 = ORIENTED_EDGE ( 'NONE', *, *, #3551, .F. ) ;
#4209 = MECHANICAL_DESIGN_GEOMETRIC_PRESENTATION_REPRESENTATION (  '', ( #412 ), #1605 ) ;
#4210 = AXIS2_PLACEMENT_3D ( 'NONE', #3403, #2409, #2016 ) ;
#4211 = CARTESIAN_POINT ( 'NONE',  ( 2.773654403270995328, -14.38999999999998636, 4.400000000000000355 ) ) ;
#4212 = ORIENTED_EDGE ( 'NONE', *, *, #395, .F. ) ;
#4213 = MECHANICAL_DESIGN_GEOMETRIC_PRESENTATION_REPRESENTATION (  '', ( #4443 ), #2580 ) ;
#4214 = CYLINDRICAL_SURFACE ( 'NONE', #1237, 0.4999999999999995559 ) ;
#4215 = ORIENTED_EDGE ( 'NONE', *, *, #3461, .F. ) ;
#4216 =( NAMED_UNIT ( * ) SI_UNIT ( $, .STERADIAN. ) SOLID_ANGLE_UNIT ( ) );
#4217 = UNCERTAINTY_MEASURE_WITH_UNIT (LENGTH_MEASURE( 1.000000000000000082E-05 ), #2042, 'distance_accuracy_value', 'NONE');
#4218 =( LENGTH_UNIT ( ) NAMED_UNIT ( * ) SI_UNIT ( .MILLI., .METRE. ) );
#4219 = ADVANCED_FACE ( 'NONE', ( #2102 ), #4695, .T. ) ;
#4220 = ORIENTED_EDGE ( 'NONE', *, *, #1879, .T. ) ;
#4221 = FILL_AREA_STYLE_COLOUR ( '', #2157 ) ;
#4222 = CARTESIAN_POINT ( 'NONE',  ( -6.272792206135780368, -14.38999999999998636, 5.353553390593278394 ) ) ;
#4224 =( GEOMETRIC_REPRESENTATION_CONTEXT ( 3 ) GLOBAL_UNCERTAINTY_ASSIGNED_CONTEXT ( ( #4607 ) ) GLOBAL_UNIT_ASSIGNED_CONTEXT ( ( #817, #1112, #3438 ) ) REPRESENTATION_CONTEXT ( 'NONE', 'WORKASPACE' ) );
#4223 = CARTESIAN_POINT ( 'NONE',  ( 8.849999999999999645, -14.38999999999998636, -3.600000000000000089 ) ) ;
#4225 = EDGE_CURVE ( 'NONE', #757, #1214, #889, .T. ) ;
#4226 = CARTESIAN_POINT ( 'NONE',  ( 10.00000000000000000, -4.390000000000108926, 2.599999999999087041 ) ) ;
#4227 = ORIENTED_EDGE ( 'NONE', *, *, #42, .F. ) ;
#4228 = CARTESIAN_POINT ( 'NONE',  ( 4.046446609406749495, 160.0000000000000000, 3.127207793864275054 ) ) ;
#4229 = FILL_AREA_STYLE_COLOUR ( '', #4258 ) ;
#4230 = SURFACE_STYLE_FILL_AREA ( #343 ) ;
#4231 = DIRECTION ( 'NONE',  ( 1.000000000000000000, 0.000000000000000000, 1.094500482604935903E-15 ) ) ;
#4232 = DIRECTION ( 'NONE',  ( 0.000000000000000000, 0.000000000000000000, -1.000000000000000000 ) ) ;
#4233 = ORIENTED_EDGE ( 'NONE', *, *, #62, .T. ) ;
#4234 = CARTESIAN_POINT ( 'NONE',  ( -8.849999999999999645, -14.38999999999998636, 3.100000000000000089 ) ) ;
#4235 = CIRCLE ( 'NONE', #3276, 0.5000000000000004441 ) ;
#4236 = COLOUR_RGB ( '',0.8941176470588234615, 0.9137254901960784048, 0.9294117647058823817 ) ;
#4237 = AXIS2_PLACEMENT_3D ( 'NONE', #4407, #808, #2262 ) ;
#4238 = LINE ( 'NONE', #661, #1725 ) ;
#4239 = ORIENTED_EDGE ( 'NONE', *, *, #1774, .T. ) ;
#4240 = CIRCLE ( 'NONE', #3801, 0.4999999999999995559 ) ;
#4241 = CARTESIAN_POINT ( 'NONE',  ( -8.849999999999999645, 160.0000000000000000, 3.100000000000000089 ) ) ;
#4242 = PRESENTATION_LAYER_ASSIGNMENT (  '', '', ( #3582 ) ) ;
#4243 = FILL_AREA_STYLE_COLOUR ( '', #1073 ) ;
#4244 = DIRECTION ( 'NONE',  ( -0.000000000000000000, 1.000000000000000000, -0.000000000000000000 ) ) ;
#4245 = MECHANICAL_DESIGN_GEOMETRIC_PRESENTATION_REPRESENTATION (  '', ( #475 ), #4319 ) ;
#4246 = ORIENTED_EDGE ( 'NONE', *, *, #3628, .T. ) ;
#4247 = EDGE_CURVE ( 'NONE', #2544, #170, #1477, .T. ) ;
#4248 = DIRECTION ( 'NONE',  ( 0.000000000000000000, 0.000000000000000000, -1.000000000000000000 ) ) ;
#4249 = DIRECTION ( 'NONE',  ( 0.000000000000000000, -1.000000000000000000, 0.000000000000000000 ) ) ;
#4250 = ORIENTED_EDGE ( 'NONE', *, *, #2438, .F. ) ;
#4251 = EDGE_CURVE ( 'NONE', #4373, #2258, #3969, .T. ) ;
#4252 = DIRECTION ( 'NONE',  ( 0.7071067811865431318, 0.000000000000000000, -0.7071067811865520136 ) ) ;
#4253 = CYLINDRICAL_SURFACE ( 'NONE', #548, 0.4999999999999995559 ) ;
#4254 = PRESENTATION_LAYER_ASSIGNMENT (  '', '', ( #4638 ) ) ;
#4255 = PLANE ( 'NONE',  #982 ) ;
#4256 = ORIENTED_EDGE ( 'NONE', *, *, #680, .F. ) ;
#4257 = SURFACE_SIDE_STYLE ('',( #2047 ) ) ;
#4258 = COLOUR_RGB ( '',0.8941176470588234615, 0.9137254901960784048, 0.9294117647058823817 ) ;
#4259 = ORIENTED_EDGE ( 'NONE', *, *, #3294, .T. ) ;
#4260 = UNCERTAINTY_MEASURE_WITH_UNIT (LENGTH_MEASURE( 1.000000000000000082E-05 ), #2939, 'distance_accuracy_value', 'NONE');
#4261 = PLANE ( 'NONE',  #23 ) ;
#4262 =( GEOMETRIC_REPRESENTATION_CONTEXT ( 3 ) GLOBAL_UNCERTAINTY_ASSIGNED_CONTEXT ( ( #4170 ) ) GLOBAL_UNIT_ASSIGNED_CONTEXT ( ( #1015, #1662, #2405 ) ) REPRESENTATION_CONTEXT ( 'NONE', 'WORKASPACE' ) );
#4263 = PLANE ( 'NONE',  #3755 ) ;
#4264 = MECHANICAL_DESIGN_GEOMETRIC_PRESENTATION_REPRESENTATION (  '', ( #1342 ), #177 ) ;
#4265 = VERTEX_POINT ( 'NONE', #1098 ) ;
#4266 = CARTESIAN_POINT ( 'NONE',  ( 6.626345596729049880, -14.38999999999998636, 5.499999999999997335 ) ) ;
#4267 =( GEOMETRIC_REPRESENTATION_CONTEXT ( 3 ) GLOBAL_UNCERTAINTY_ASSIGNED_CONTEXT ( ( #1056 ) ) GLOBAL_UNIT_ASSIGNED_CONTEXT ( ( #3032, #2421, #563 ) ) REPRESENTATION_CONTEXT ( 'NONE', 'WORKASPACE' ) );
#4268 = ADVANCED_FACE ( 'NONE', ( #1217 ), #4109, .T. ) ;
#4269 =( NAMED_UNIT ( * ) PLANE_ANGLE_UNIT ( ) SI_UNIT ( $, .RADIAN. ) );
#4270 = ORIENTED_EDGE ( 'NONE', *, *, #3046, .F. ) ;
#4271 = LINE ( 'NONE', #1020, #1919 ) ;
#4272 = DIRECTION ( 'NONE',  ( 0.000000000000000000, 0.000000000000000000, -1.000000000000000000 ) ) ;
#4273 = CARTESIAN_POINT ( 'NONE',  ( 10.00000000000000000, -14.38999999999998636, 9.000000000000000000 ) ) ;
#4274 = CIRCLE ( 'NONE', #1033, 0.5000000000000004441 ) ;
#4275 = FACE_OUTER_BOUND ( 'NONE', #2879, .T. ) ;
#4276 = MECHANICAL_DESIGN_GEOMETRIC_PRESENTATION_REPRESENTATION (  '', ( #2441 ), #4059 ) ;
#4277 = DIRECTION ( 'NONE',  ( 1.927470528863119788E-16, 0.000000000000000000, 1.000000000000000000 ) ) ;
#4278 = EDGE_CURVE ( 'NONE', #2746, #3380, #1626, .T. ) ;
#4279 = PRESENTATION_LAYER_ASSIGNMENT (  '', '', ( #1675 ) ) ;
#4280 = ORIENTED_EDGE ( 'NONE', *, *, #4365, .F. ) ;
#4281 = VECTOR ( 'NONE', #1904, 1000.000000000000000 ) ;
#4282 = DIRECTION ( 'NONE',  ( 0.000000000000000000, 0.000000000000000000, -1.000000000000000000 ) ) ;
#4283 = VERTEX_POINT ( 'NONE', #3660 ) ;
#4284 = VECTOR ( 'NONE', #593, 1000.000000000000000 ) ;
#4285 = ADVANCED_FACE ( 'NONE', ( #4430 ), #2659, .F. ) ;
#4286 = ORIENTED_EDGE ( 'NONE', *, *, #3012, .F. ) ;
#4287 = CARTESIAN_POINT ( 'NONE',  ( 3.100000000000000089, 160.0000000000000000, 8.349999999999999645 ) ) ;
#4288 = DIRECTION ( 'NONE',  ( 0.7071067811865431318, 0.000000000000000000, -0.7071067811865520136 ) ) ;
#4289 = SURFACE_SIDE_STYLE ('',( #4611 ) ) ;
#4290 = ORIENTED_EDGE ( 'NONE', *, *, #2957, .T. ) ;
#4291 = CARTESIAN_POINT ( 'NONE',  ( 4.400000000000000355, 160.0000000000000000, -2.773654403270999769 ) ) ;
#4292 = LINE ( 'NONE', #1383, #2540 ) ;
#4293 = DIRECTION ( 'NONE',  ( 0.000000000000000000, 0.000000000000000000, -1.000000000000000000 ) ) ;
#4294 =( GEOMETRIC_REPRESENTATION_CONTEXT ( 3 ) GLOBAL_UNCERTAINTY_ASSIGNED_CONTEXT ( ( #880 ) ) GLOBAL_UNIT_ASSIGNED_CONTEXT ( ( #3627, #1764, #294 ) ) REPRESENTATION_CONTEXT ( 'NONE', 'WORKASPACE' ) );
#4295 = ORIENTED_EDGE ( 'NONE', *, *, #4078, .F. ) ;
#4296 = FILL_AREA_STYLE_COLOUR ( '', #1620 ) ;
#4297 = LINE ( 'NONE', #4678, #2335 ) ;
#4298 = CARTESIAN_POINT ( 'NONE',  ( -5.500000000000000000, 160.0000000000000000, 6.626345596729049880 ) ) ;
#4299 = LINE ( 'NONE', #1066, #1970 ) ;
#4300 = AXIS2_PLACEMENT_3D ( 'NONE', #50, #4395, #1571 ) ;
#4301 = ORIENTED_EDGE ( 'NONE', *, *, #1384, .T. ) ;
#4302 = CARTESIAN_POINT ( 'NONE',  ( -8.349999999999999645, 160.0000000000000000, 5.500000000000000000 ) ) ;
#4303 = ORIENTED_EDGE ( 'NONE', *, *, #1052, .F. ) ;
#4304 = EDGE_CURVE ( 'NONE', #1975, #2196, #4505, .T. ) ;
#4305 = SURFACE_SIDE_STYLE ('',( #3942 ) ) ;
#4306 = EDGE_LOOP ( 'NONE', ( #56, #1369, #2780, #654 ) ) ;
#4307 = CARTESIAN_POINT ( 'NONE',  ( -7.849999999999999645, 160.0000000000000000, 5.000000000000000000 ) ) ;
#4308 = UNCERTAINTY_MEASURE_WITH_UNIT (LENGTH_MEASURE( 1.000000000000000082E-05 ), #3180, 'distance_accuracy_value', 'NONE');
#4309 = ADVANCED_FACE ( 'NONE', ( #1676 ), #945, .F. ) ;
#4310 = FACE_OUTER_BOUND ( 'NONE', #3898, .T. ) ;
#4311 = PRESENTATION_LAYER_ASSIGNMENT (  '', '', ( #4694 ) ) ;
#4312 = STYLED_ITEM ( 'NONE', ( #2128 ), #3206 ) ;
#4313 = MECHANICAL_DESIGN_GEOMETRIC_PRESENTATION_REPRESENTATION (  '', ( #934 ), #4393 ) ;
#4314 =( NAMED_UNIT ( * ) SI_UNIT ( $, .STERADIAN. ) SOLID_ANGLE_UNIT ( ) );
#4315 = ORIENTED_EDGE ( 'NONE', *, *, #4031, .T. ) ;
#4316 = CARTESIAN_POINT ( 'NONE',  ( 1.015776968710863569E-14, -4.390000000000112479, -2.600000000000452172 ) ) ;
#4317 = AXIS2_PLACEMENT_3D ( 'NONE', #1545, #1259, #500 ) ;
#4318 = VECTOR ( 'NONE', #4252, 999.9999999999998863 ) ;
#4319 =( GEOMETRIC_REPRESENTATION_CONTEXT ( 3 ) GLOBAL_UNCERTAINTY_ASSIGNED_CONTEXT ( ( #3809 ) ) GLOBAL_UNIT_ASSIGNED_CONTEXT ( ( #374, #1789, #1054 ) ) REPRESENTATION_CONTEXT ( 'NONE', 'WORKASPACE' ) );
#4320 = CARTESIAN_POINT ( 'NONE',  ( -2.980761184457545010, 160.0000000000000000, -3.899999999999999911 ) ) ;
#4321 = EDGE_LOOP ( 'NONE', ( #554, #4256, #3070, #2376 ) ) ;
#4322 = CARTESIAN_POINT ( 'NONE',  ( 3.100000000000000089, 160.0000000000000000, -8.349999999999999645 ) ) ;
#4323 = SURFACE_SIDE_STYLE ('',( #2915 ) ) ;
#4324 =( GEOMETRIC_REPRESENTATION_CONTEXT ( 3 ) GLOBAL_UNCERTAINTY_ASSIGNED_CONTEXT ( ( #782 ) ) GLOBAL_UNIT_ASSIGNED_CONTEXT ( ( #3167, #1282, #1304 ) ) REPRESENTATION_CONTEXT ( 'NONE', 'WORKASPACE' ) );
#4325 = COLOUR_RGB ( '',0.8941176470588234615, 0.9137254901960784048, 0.9294117647058823817 ) ;
#4326 = ORIENTED_EDGE ( 'NONE', *, *, #143, .F. ) ;
#4327 = LINE ( 'NONE', #371, #1155 ) ;
#4328 = ORIENTED_EDGE ( 'NONE', *, *, #274, .F. ) ;
#4329 = SURFACE_SIDE_STYLE ('',( #2173 ) ) ;
#4330 = CIRCLE ( 'NONE', #2326, 0.5000000000000004441 ) ;
#4331 = EDGE_CURVE ( 'NONE', #3037, #3979, #4596, .T. ) ;
#4332 = LINE ( 'NONE', #3247, #2020 ) ;
#4333 = ORIENTED_EDGE ( 'NONE', *, *, #3155, .F. ) ;
#4334 = CARTESIAN_POINT ( 'NONE',  ( -10.00000000000000000, 160.0000000000000000, -3.600000000000000089 ) ) ;
#4335 = DIRECTION ( 'NONE',  ( 0.000000000000000000, -1.000000000000000000, 0.000000000000000000 ) ) ;
#4336 = ADVANCED_FACE ( 'NONE', ( #2174 ), #4622, .T. ) ;
#4337 = ORIENTED_EDGE ( 'NONE', *, *, #3916, .F. ) ;
#4338 = CARTESIAN_POINT ( 'NONE',  ( 3.600000000000000089, 160.0000000000000000, -8.349999999999999645 ) ) ;
#4339 = DIRECTION ( 'NONE',  ( -0.000000000000000000, 1.000000000000000000, -0.000000000000000000 ) ) ;
#4340 = SURFACE_STYLE_USAGE ( .BOTH. , #3275 ) ;
#4341 = MECHANICAL_DESIGN_GEOMETRIC_PRESENTATION_REPRESENTATION (  '', ( #656 ), #2424 ) ;
#4342 = ADVANCED_FACE ( 'NONE', ( #1600 ), #1575, .F. ) ;
#4343 = ORIENTED_EDGE ( 'NONE', *, *, #3487, .F. ) ;
#4344 = FILL_AREA_STYLE ('',( #718 ) ) ;
#4345 = CARTESIAN_POINT ( 'NONE',  ( -5.199999999999988631, 0.8099999999998855893, -2.600000000000450395 ) ) ;
#4346 = CIRCLE ( 'NONE', #2348, 0.4999999999999887312 ) ;
#4347 = ORIENTED_EDGE ( 'NONE', *, *, #3647, .T. ) ;
#4348 = VECTOR ( 'NONE', #1123, 1000.000000000000000 ) ;
#4349 = FILL_AREA_STYLE_COLOUR ( '', #2236 ) ;
#4350 = PRESENTATION_LAYER_ASSIGNMENT (  '', '', ( #4061 ) ) ;
#4351 = PRESENTATION_LAYER_ASSIGNMENT (  '', '', ( #1817 ) ) ;
#4352 = VERTEX_POINT ( 'NONE', #2329 ) ;
#4353 = MECHANICAL_DESIGN_GEOMETRIC_PRESENTATION_REPRESENTATION (  '', ( #352 ), #2732 ) ;
#4354 = UNCERTAINTY_MEASURE_WITH_UNIT (LENGTH_MEASURE( 1.000000000000000082E-05 ), #1906, 'distance_accuracy_value', 'NONE');
#4355 = CYLINDRICAL_SURFACE ( 'NONE', #1700, 0.4999999999999995559 ) ;
#4356 = DIRECTION ( 'NONE',  ( 0.000000000000000000, 0.000000000000000000, -1.000000000000000000 ) ) ;
#4357 = MECHANICAL_DESIGN_GEOMETRIC_PRESENTATION_REPRESENTATION (  '', ( #1525 ), #200 ) ;
#4358 =( LENGTH_UNIT ( ) NAMED_UNIT ( * ) SI_UNIT ( .MILLI., .METRE. ) );
#4359 = DIRECTION ( 'NONE',  ( 0.000000000000000000, -1.000000000000000000, 0.000000000000000000 ) ) ;
#4360 = STYLED_ITEM ( 'NONE', ( #2188 ), #1712 ) ;
#4361 = DIRECTION ( 'NONE',  ( 0.000000000000000000, 0.000000000000000000, -1.000000000000000000 ) ) ;
#4362 = VERTEX_POINT ( 'NONE', #1550 ) ;
#4363 = CARTESIAN_POINT ( 'NONE',  ( -3.900000000000023448, -4.390000000000108926, -9.116409927201818560E-13 ) ) ;
#4364 = CARTESIAN_POINT ( 'NONE',  ( -9.500000000000000000, -14.38999999999998636, 3.600000000000000089 ) ) ;
#4365 = EDGE_CURVE ( 'NONE', #3450, #460, #4402, .T. ) ;
#4366 = COLOUR_RGB ( '',0.8941176470588234615, 0.9137254901960784048, 0.9294117647058823817 ) ;
#4367 = CARTESIAN_POINT ( 'NONE',  ( -7.849999999999999645, 160.0000000000000000, -5.000000000000000000 ) ) ;
#4368 =( LENGTH_UNIT ( ) NAMED_UNIT ( * ) SI_UNIT ( .MILLI., .METRE. ) );
#4369 = ORIENTED_EDGE ( 'NONE', *, *, #335, .F. ) ;
#4370 = EDGE_CURVE ( 'NONE', #3380, #3871, #3497, .T. ) ;
#4371 =( NAMED_UNIT ( * ) PLANE_ANGLE_UNIT ( ) SI_UNIT ( $, .RADIAN. ) );
#4372 = PRESENTATION_STYLE_ASSIGNMENT (( #1547 ) ) ;
#4373 = VERTEX_POINT ( 'NONE', #1316 ) ;
#4374 = SURFACE_STYLE_USAGE ( .BOTH. , #3722 ) ;
#4375 = FILL_AREA_STYLE_COLOUR ( '', #4704 ) ;
#4376 =( GEOMETRIC_REPRESENTATION_CONTEXT ( 3 ) GLOBAL_UNCERTAINTY_ASSIGNED_CONTEXT ( ( #2265 ) ) GLOBAL_UNIT_ASSIGNED_CONTEXT ( ( #1716, #3112, #3173 ) ) REPRESENTATION_CONTEXT ( 'NONE', 'WORKASPACE' ) );
#4377 = SURFACE_STYLE_USAGE ( .BOTH. , #3728 ) ;
#4378 = EDGE_LOOP ( 'NONE', ( #2414, #4315, #298, #4239 ) ) ;
#4379 = CARTESIAN_POINT ( 'NONE',  ( -8.349999999999999645, -14.38999999999998636, -5.000000000000000000 ) ) ;
#4380 = CARTESIAN_POINT ( 'NONE',  ( 4.400000000000000355, -14.38999999999998636, 2.773654403270995328 ) ) ;
#4381 = ORIENTED_EDGE ( 'NONE', *, *, #1000, .T. ) ;
#4382 = FILL_AREA_STYLE ('',( #63 ) ) ;
#4383 = PRESENTATION_LAYER_ASSIGNMENT (  '', '', ( #3799 ) ) ;
#4384 = FACE_OUTER_BOUND ( 'NONE', #983, .T. ) ;
#4385 = CARTESIAN_POINT ( 'NONE',  ( 9.500000000000000000, -14.38999999999998636, -3.099999999999999645 ) ) ;
#4386 = VECTOR ( 'NONE', #4582, 1000.000000000000000 ) ;
#4387 = EDGE_CURVE ( 'NONE', #1690, #1548, #1341, .T. ) ;
#4388 = SURFACE_STYLE_FILL_AREA ( #2988 ) ;
#4389 = AXIS2_PLACEMENT_3D ( 'NONE', #4536, #3529, #281 ) ;
#4390 = SURFACE_STYLE_USAGE ( .BOTH. , #1541 ) ;
#4391 = ORIENTED_EDGE ( 'NONE', *, *, #1000, .F. ) ;
#4392 = FILL_AREA_STYLE_COLOUR ( '', #2899 ) ;
#4393 =( GEOMETRIC_REPRESENTATION_CONTEXT ( 3 ) GLOBAL_UNCERTAINTY_ASSIGNED_CONTEXT ( ( #142 ) ) GLOBAL_UNIT_ASSIGNED_CONTEXT ( ( #1034, #3947, #4314 ) ) REPRESENTATION_CONTEXT ( 'NONE', 'WORKASPACE' ) );
#4394 = PRESENTATION_LAYER_ASSIGNMENT (  '', '', ( #2918 ) ) ;
#4395 = DIRECTION ( 'NONE',  ( -2.891205793294685327E-15, 0.000000000000000000, 1.000000000000000000 ) ) ;
#4396 = ADVANCED_FACE ( 'NONE', ( #3821 ), #3113, .T. ) ;
#4397 = DIRECTION ( 'NONE',  ( 1.000000000000000000, 0.000000000000000000, 0.000000000000000000 ) ) ;
#4398 = ORIENTED_EDGE ( 'NONE', *, *, #270, .F. ) ;
#4399 = FILL_AREA_STYLE_COLOUR ( '', #2820 ) ;
#4400 =( GEOMETRIC_REPRESENTATION_CONTEXT ( 3 ) GLOBAL_UNCERTAINTY_ASSIGNED_CONTEXT ( ( #1008 ) ) GLOBAL_UNIT_ASSIGNED_CONTEXT ( ( #2600, #1243, #3014 ) ) REPRESENTATION_CONTEXT ( 'NONE', 'WORKASPACE' ) );
#4401 = PRESENTATION_LAYER_ASSIGNMENT (  '', '', ( #2924 ) ) ;
#4402 = LINE ( 'NONE', #4570, #434 ) ;
#4403 = SURFACE_STYLE_USAGE ( .BOTH. , #2973 ) ;
#4404 = FILL_AREA_STYLE_COLOUR ( '', #2315 ) ;
#4405 = ORIENTED_EDGE ( 'NONE', *, *, #4057, .F. ) ;
#4406 = PRESENTATION_STYLE_ASSIGNMENT (( #2240 ) ) ;
#4407 = CARTESIAN_POINT ( 'NONE',  ( -7.849999999999999645, -14.38999999999998636, 5.000000000000000000 ) ) ;
#4408 = DIRECTION ( 'NONE',  ( 0.000000000000000000, -1.000000000000000000, 0.000000000000000000 ) ) ;
#4409 = ORIENTED_EDGE ( 'NONE', *, *, #3523, .F. ) ;
#4410 = CARTESIAN_POINT ( 'NONE',  ( -5.500000000000000000, -14.38999999999998636, 7.849999999999999645 ) ) ;
#4411 = CARTESIAN_POINT ( 'NONE',  ( 9.000000000000000000, 160.0000000000000000, 10.00000000000000000 ) ) ;
#4412 = EDGE_LOOP ( 'NONE', ( #2072, #1855, #2419, #4544 ) ) ;
#4413 = SURFACE_SIDE_STYLE ('',( #799 ) ) ;
#4414 =( GEOMETRIC_REPRESENTATION_CONTEXT ( 3 ) GLOBAL_UNCERTAINTY_ASSIGNED_CONTEXT ( ( #1451 ) ) GLOBAL_UNIT_ASSIGNED_CONTEXT ( ( #1689, #3491, #3169 ) ) REPRESENTATION_CONTEXT ( 'NONE', 'WORKASPACE' ) );
#4415 = DIRECTION ( 'NONE',  ( 1.000000000000000000, 0.000000000000000000, 2.168404344971010446E-15 ) ) ;
#4416 = SURFACE_STYLE_USAGE ( .BOTH. , #914 ) ;
#4417 = PRESENTATION_LAYER_ASSIGNMENT (  '', '', ( #2863 ) ) ;
#4418 = ADVANCED_FACE ( 'NONE', ( #3960 ), #4255, .F. ) ;
#4419 = SURFACE_STYLE_USAGE ( .BOTH. , #127 ) ;
#4420 =( GEOMETRIC_REPRESENTATION_CONTEXT ( 3 ) GLOBAL_UNCERTAINTY_ASSIGNED_CONTEXT ( ( #3201 ) ) GLOBAL_UNIT_ASSIGNED_CONTEXT ( ( #2269, #3739, #1227 ) ) REPRESENTATION_CONTEXT ( 'NONE', 'WORKASPACE' ) );
#4421 = SURFACE_STYLE_FILL_AREA ( #3350 ) ;
#4422 = ORIENTED_EDGE ( 'NONE', *, *, #62, .F. ) ;
#4423 = FILL_AREA_STYLE ('',( #3353 ) ) ;
#4424 = DIRECTION ( 'NONE',  ( 1.000000000000000000, 0.000000000000000000, -5.390796614126760730E-15 ) ) ;
#4425 = PRESENTATION_LAYER_ASSIGNMENT (  '', '', ( #1031 ) ) ;
#4426 = EDGE_CURVE ( 'NONE', #4265, #838, #2166, .T. ) ;
#4427 = SURFACE_STYLE_USAGE ( .BOTH. , #2627 ) ;
#4428 = VERTEX_POINT ( 'NONE', #1804 ) ;
#4429 = FILL_AREA_STYLE_COLOUR ( '', #458 ) ;
#4430 = FACE_OUTER_BOUND ( 'NONE', #4321, .T. ) ;
#4431 = LINE ( 'NONE', #3363, #1228 ) ;
#4432 = MECHANICAL_DESIGN_GEOMETRIC_PRESENTATION_REPRESENTATION (  '', ( #2880 ), #2048 ) ;
#4433 = CYLINDRICAL_SURFACE ( 'NONE', #908, 0.5000000000000004441 ) ;
#4434 = CARTESIAN_POINT ( 'NONE',  ( -9.000000000000000000, 160.0000000000000000, 10.00000000000000000 ) ) ;
#4435 = DIRECTION ( 'NONE',  ( 0.000000000000000000, 0.000000000000000000, -1.000000000000000000 ) ) ;
#4436 = ORIENTED_EDGE ( 'NONE', *, *, #4225, .F. ) ;
#4437 = VECTOR ( 'NONE', #4598, 1000.000000000000000 ) ;
#4438 =( GEOMETRIC_REPRESENTATION_CONTEXT ( 3 ) GLOBAL_UNCERTAINTY_ASSIGNED_CONTEXT ( ( #3340 ) ) GLOBAL_UNIT_ASSIGNED_CONTEXT ( ( #4368, #386, #1892 ) ) REPRESENTATION_CONTEXT ( 'NONE', 'WORKASPACE' ) );
#4439 =( NAMED_UNIT ( * ) PLANE_ANGLE_UNIT ( ) SI_UNIT ( $, .RADIAN. ) );
#4440 = LINE ( 'NONE', #1151, #4102 ) ;
#4441 = COLOUR_RGB ( '',0.8941176470588234615, 0.9137254901960784048, 0.9294117647058823817 ) ;
#4442 = ORIENTED_EDGE ( 'NONE', *, *, #529, .F. ) ;
#4443 = STYLED_ITEM ( 'NONE', ( #58 ), #4493 ) ;
#4444 =( NAMED_UNIT ( * ) PLANE_ANGLE_UNIT ( ) SI_UNIT ( $, .RADIAN. ) );
#4445 = DIRECTION ( 'NONE',  ( -0.000000000000000000, 1.000000000000000000, -0.000000000000000000 ) ) ;
#4446 = DIRECTION ( 'NONE',  ( -0.7071067811865520136, 0.000000000000000000, 0.7071067811865431318 ) ) ;
#4447 = ORIENTED_EDGE ( 'NONE', *, *, #2033, .F. ) ;
#4448 = SURFACE_STYLE_USAGE ( .BOTH. , #1183 ) ;
#4449 = CARTESIAN_POINT ( 'NONE',  ( 5.353553390593272177, -14.38999999999998636, 6.272792206135776816 ) ) ;
#4450 = DIRECTION ( 'NONE',  ( 1.000000000000000000, 0.000000000000000000, 0.000000000000000000 ) ) ;
#4451 = ADVANCED_FACE ( 'NONE', ( #3240 ), #4660, .T. ) ;
#4452 = ORIENTED_EDGE ( 'NONE', *, *, #1498, .T. ) ;
#4453 = CIRCLE ( 'NONE', #135, 0.4999999999999995559 ) ;
#4454 = UNCERTAINTY_MEASURE_WITH_UNIT (LENGTH_MEASURE( 1.000000000000000082E-05 ), #3061, 'distance_accuracy_value', 'NONE');
#4455 = FILL_AREA_STYLE ('',( #4084 ) ) ;
#4456 = FACE_OUTER_BOUND ( 'NONE', #4685, .T. ) ;
#4457 = EDGE_CURVE ( 'NONE', #3065, #673, #2651, .T. ) ;
#4458 = DIRECTION ( 'NONE',  ( 0.000000000000000000, 1.000000000000000000, 0.000000000000000000 ) ) ;
#4459 = VERTEX_POINT ( 'NONE', #4004 ) ;
#4460 = UNCERTAINTY_MEASURE_WITH_UNIT (LENGTH_MEASURE( 1.000000000000000082E-05 ), #4648, 'distance_accuracy_value', 'NONE');
#4461 = SURFACE_SIDE_STYLE ('',( #2266 ) ) ;
#4462 = CARTESIAN_POINT ( 'NONE',  ( -8.349999999999999645, 160.0000000000000000, 5.500000000000000000 ) ) ;
#4463 = DIRECTION ( 'NONE',  ( 0.000000000000000000, 0.000000000000000000, 1.000000000000000000 ) ) ;
#4464 =( NAMED_UNIT ( * ) SI_UNIT ( $, .STERADIAN. ) SOLID_ANGLE_UNIT ( ) );
#4465 = CARTESIAN_POINT ( 'NONE',  ( 4.046446609406749495, -160.0000000000000000, -3.127207793864275054 ) ) ;
#4466 = VERTEX_POINT ( 'NONE', #3761 ) ;
#4467 =( NAMED_UNIT ( * ) PLANE_ANGLE_UNIT ( ) SI_UNIT ( $, .RADIAN. ) );
#4468 = LINE ( 'NONE', #2322, #794 ) ;
#4469 = PRESENTATION_LAYER_ASSIGNMENT (  '', '', ( #783 ) ) ;
#4470 = CIRCLE ( 'NONE', #3427, 0.5000000000000004441 ) ;
#4471 = DIRECTION ( 'NONE',  ( 0.000000000000000000, -1.000000000000000000, 0.000000000000000000 ) ) ;
#4472 = VECTOR ( 'NONE', #764, 999.9999999999998863 ) ;
#4473 = ORIENTED_EDGE ( 'NONE', *, *, #3653, .T. ) ;
#4474 = MECHANICAL_DESIGN_GEOMETRIC_PRESENTATION_REPRESENTATION (  '', ( #2084 ), #3505 ) ;
#4475 = SURFACE_STYLE_USAGE ( .BOTH. , #1142 ) ;
#4476 = CARTESIAN_POINT ( 'NONE',  ( -8.349999999999999645, -14.38999999999998636, 3.600000000000000089 ) ) ;
#4477 = PRESENTATION_LAYER_ASSIGNMENT (  '', '', ( #1860 ) ) ;
#4478 = FILL_AREA_STYLE ('',( #3778 ) ) ;
#4479 = CIRCLE ( 'NONE', #3731, 0.4999999999999995559 ) ;
#4480 = VECTOR ( 'NONE', #1880, 1000.000000000000000 ) ;
#4481 = ORIENTED_EDGE ( 'NONE', *, *, #3551, .T. ) ;
#4482 = DIRECTION ( 'NONE',  ( 1.000000000000000000, 0.000000000000000000, -2.891205793294680200E-15 ) ) ;
#4483 = SURFACE_STYLE_FILL_AREA ( #3894 ) ;
#4484 = VECTOR ( 'NONE', #1220, 1000.000000000000000 ) ;
#4485 = EDGE_CURVE ( 'NONE', #910, #3037, #4092, .T. ) ;
#4486 = LINE ( 'NONE', #3025, #3086 ) ;
#4487 =( NAMED_UNIT ( * ) PLANE_ANGLE_UNIT ( ) SI_UNIT ( $, .RADIAN. ) );
#4488 = VERTEX_POINT ( 'NONE', #3740 ) ;
#4489 = LINE ( 'NONE', #792, #420 ) ;
#4490 = FILL_AREA_STYLE_COLOUR ( '', #2572 ) ;
#4491 = CIRCLE ( 'NONE', #481, 0.4999999999999995559 ) ;
#4492 = PRESENTATION_STYLE_ASSIGNMENT (( #2343 ) ) ;
#4493 = ADVANCED_FACE ( 'NONE', ( #1987 ), #4433, .F. ) ;
#4494 = CARTESIAN_POINT ( 'NONE',  ( -3.899999999999999911, 160.0000000000000000, 2.980761184457580093 ) ) ;
#4495 = ORIENTED_EDGE ( 'NONE', *, *, #3058, .F. ) ;
#4496 = ORIENTED_EDGE ( 'NONE', *, *, #2519, .F. ) ;
#4497 = CARTESIAN_POINT ( 'NONE',  ( 1.072674902363915143E-14, 160.0000000000000000, 2.600000000000006750 ) ) ;
#4498 = EDGE_CURVE ( 'NONE', #4634, #4373, #272, .T. ) ;
#4499 =( GEOMETRIC_REPRESENTATION_CONTEXT ( 3 ) GLOBAL_UNCERTAINTY_ASSIGNED_CONTEXT ( ( #2306 ) ) GLOBAL_UNIT_ASSIGNED_CONTEXT ( ( #4507, #2709, #533 ) ) REPRESENTATION_CONTEXT ( 'NONE', 'WORKASPACE' ) );
#4500 = EDGE_LOOP ( 'NONE', ( #2773, #1462, #3467, #1791 ) ) ;
#4501 = DIRECTION ( 'NONE',  ( -0.000000000000000000, 1.000000000000000000, -0.000000000000000000 ) ) ;
#4502 = AXIS2_PLACEMENT_3D ( 'NONE', #1849, #3605, #1895 ) ;
#4503 = CARTESIAN_POINT ( 'NONE',  ( 9.000000000000000000, 160.0000000000000000, 9.000000000000000000 ) ) ;
#4504 = VECTOR ( 'NONE', #1967, 1000.000000000000000 ) ;
#4505 = CIRCLE ( 'NONE', #2344, 0.4999999999999995559 ) ;
#4506 = VERTEX_POINT ( 'NONE', #1126 ) ;
#4507 =( LENGTH_UNIT ( ) NAMED_UNIT ( * ) SI_UNIT ( .MILLI., .METRE. ) );
#4508 = MECHANICAL_DESIGN_GEOMETRIC_PRESENTATION_REPRESENTATION (  '', ( #1031 ), #2717 ) ;
#4509 = ORIENTED_EDGE ( 'NONE', *, *, #1652, .T. ) ;
#4510 = CARTESIAN_POINT ( 'NONE',  ( 1.040834085586083941E-14, 160.0000000000000000, 6.938893903907229955E-15 ) ) ;
#4511 = UNCERTAINTY_MEASURE_WITH_UNIT (LENGTH_MEASURE( 1.000000000000000082E-05 ), #2224, 'distance_accuracy_value', 'NONE');
#4512 = MECHANICAL_DESIGN_GEOMETRIC_PRESENTATION_REPRESENTATION (  '', ( #2498 ), #3915 ) ;
#4513 = DIRECTION ( 'NONE',  ( 1.000000000000000000, 0.000000000000000000, 7.274666472032798588E-17 ) ) ;
#4514 = MECHANICAL_DESIGN_GEOMETRIC_PRESENTATION_REPRESENTATION (  '', ( #3989 ), #2731 ) ;
#4515 =( NAMED_UNIT ( * ) PLANE_ANGLE_UNIT ( ) SI_UNIT ( $, .RADIAN. ) );
#4516 = AXIS2_PLACEMENT_3D ( 'NONE', #1343, #3152, #622 ) ;
#4517 =( NAMED_UNIT ( * ) PLANE_ANGLE_UNIT ( ) SI_UNIT ( $, .RADIAN. ) );
#4518 = CARTESIAN_POINT ( 'NONE',  ( 3.100000000000000089, 160.0000000000000000, 8.349999999999999645 ) ) ;
#4519 = ORIENTED_EDGE ( 'NONE', *, *, #611, .T. ) ;
#4520 = EDGE_CURVE ( 'NONE', #801, #9, #3988, .T. ) ;
#4521 = DIRECTION ( 'NONE',  ( 0.000000000000000000, -1.000000000000000000, 0.000000000000000000 ) ) ;
#4522 = AXIS2_PLACEMENT_3D ( 'NONE', #1736, #2378, #3170 ) ;
#4523 =( LENGTH_UNIT ( ) NAMED_UNIT ( * ) SI_UNIT ( .MILLI., .METRE. ) );
#4524 = COLOUR_RGB ( '',0.8941176470588234615, 0.9137254901960784048, 0.9294117647058823817 ) ;
#4525 = CARTESIAN_POINT ( 'NONE',  ( -7.849999999999999645, -14.38999999999998636, 5.500000000000000000 ) ) ;
#4526 = VERTEX_POINT ( 'NONE', #1509 ) ;
#4527 = EDGE_CURVE ( 'NONE', #1386, #4041, #3733, .T. ) ;
#4528 = CARTESIAN_POINT ( 'NONE',  ( 5.500000000000000000, 160.0000000000000000, -8.349999999999999645 ) ) ;
#4529 = DIRECTION ( 'NONE',  ( 0.000000000000000000, 0.000000000000000000, 1.000000000000000000 ) ) ;
#4530 = EDGE_LOOP ( 'NONE', ( #978, #3924, #3022, #4509 ) ) ;
#4531 =( NAMED_UNIT ( * ) SI_UNIT ( $, .STERADIAN. ) SOLID_ANGLE_UNIT ( ) );
#4532 = ORIENTED_EDGE ( 'NONE', *, *, #1404, .F. ) ;
#4533 = DIRECTION ( 'NONE',  ( -0.000000000000000000, 1.000000000000000000, -0.000000000000000000 ) ) ;
#4534 = CARTESIAN_POINT ( 'NONE',  ( 3.899999999999999911, 160.0000000000000000, -2.980761184457545010 ) ) ;
#4535 = CARTESIAN_POINT ( 'NONE',  ( 5.000000000000000000, 160.0000000000000000, -6.626345596729049880 ) ) ;
#4536 = CARTESIAN_POINT ( 'NONE',  ( -6.626345596729049880, -14.38999999999998636, 5.000000000000000000 ) ) ;
#4537 = COLOUR_RGB ( '',0.8941176470588234615, 0.9137254901960784048, 0.9294117647058823817 ) ;
#4538 = CARTESIAN_POINT ( 'NONE',  ( -5.000000000000000000, 160.0000000000000000, 6.626345596729049880 ) ) ;
#4539 = VERTEX_POINT ( 'NONE', #3687 ) ;
#4540 = SURFACE_STYLE_USAGE ( .BOTH. , #2813 ) ;
#4541 = DIRECTION ( 'NONE',  ( 0.000000000000000000, -1.000000000000000000, 0.000000000000000000 ) ) ;
#4542 = DIRECTION ( 'NONE',  ( 0.000000000000000000, -1.000000000000000000, 0.000000000000000000 ) ) ;
#4543 = ADVANCED_FACE ( 'NONE', ( #435 ), #1248, .T. ) ;
#4544 = ORIENTED_EDGE ( 'NONE', *, *, #1995, .F. ) ;
#4545 =( GEOMETRIC_REPRESENTATION_CONTEXT ( 3 ) GLOBAL_UNCERTAINTY_ASSIGNED_CONTEXT ( ( #1150 ) ) GLOBAL_UNIT_ASSIGNED_CONTEXT ( ( #1192, #3411, #484 ) ) REPRESENTATION_CONTEXT ( 'NONE', 'WORKASPACE' ) );
#4546 = FACE_OUTER_BOUND ( 'NONE', #3057, .T. ) ;
#4547 = LINE ( 'NONE', #2818, #702 ) ;
#4548 = MECHANICAL_DESIGN_GEOMETRIC_PRESENTATION_REPRESENTATION (  '', ( #1552 ), #2463 ) ;
#4549 = AXIS2_PLACEMENT_3D ( 'NONE', #690, #2666, #1615 ) ;
#4550 = ADVANCED_FACE ( 'NONE', ( #4195 ), #4126, .T. ) ;
#4551 = ORIENTED_EDGE ( 'NONE', *, *, #3798, .F. ) ;
#4552 = VECTOR ( 'NONE', #1591, 1000.000000000000000 ) ;
#4553 = VECTOR ( 'NONE', #3829, 1000.000000000000000 ) ;
#4554 = DIRECTION ( 'NONE',  ( 7.228014483236679792E-16, 0.000000000000000000, -1.000000000000000000 ) ) ;
#4555 = ORIENTED_EDGE ( 'NONE', *, *, #4031, .F. ) ;
#4556 = UNCERTAINTY_MEASURE_WITH_UNIT (LENGTH_MEASURE( 1.000000000000000082E-05 ), #53, 'distance_accuracy_value', 'NONE');
#4557 = DIRECTION ( 'NONE',  ( -0.7071067811865431318, 0.000000000000000000, -0.7071067811865520136 ) ) ;
#4558 = MECHANICAL_DESIGN_GEOMETRIC_PRESENTATION_REPRESENTATION (  '', ( #1721 ), #4324 ) ;
#4559 =( NAMED_UNIT ( * ) SI_UNIT ( $, .STERADIAN. ) SOLID_ANGLE_UNIT ( ) );
#4560 = LINE ( 'NONE', #2832, #1272 ) ;
#4561 = ORIENTED_EDGE ( 'NONE', *, *, #1594, .T. ) ;
#4562 = AXIS2_PLACEMENT_3D ( 'NONE', #1748, #1790, #4605 ) ;
#4563 = PLANE ( 'NONE',  #810 ) ;
#4564 = FACE_OUTER_BOUND ( 'NONE', #2264, .T. ) ;
#4565 = FILL_AREA_STYLE_COLOUR ( '', #4537 ) ;
#4566 = LINE ( 'NONE', #3865, #1366 ) ;
#4567 = ORIENTED_EDGE ( 'NONE', *, *, #2964, .F. ) ;
#4568 = SURFACE_SIDE_STYLE ('',( #1312 ) ) ;
#4569 = ADVANCED_FACE ( 'NONE', ( #2652 ), #132, .T. ) ;
#4570 = CARTESIAN_POINT ( 'NONE',  ( -8.349999999999999645, 160.0000000000000000, 3.600000000000000089 ) ) ;
#4571 = CARTESIAN_POINT ( 'NONE',  ( 3.600000000000000089, 160.0000000000000000, 10.00000000000000000 ) ) ;
#4572 = ORIENTED_EDGE ( 'NONE', *, *, #1023, .T. ) ;
#4573 = ADVANCED_FACE ( 'NONE', ( #1003 ), #1719, .F. ) ;
#4574 = CIRCLE ( 'NONE', #3975, 0.9999999999999991118 ) ;
#4575 =( LENGTH_UNIT ( ) NAMED_UNIT ( * ) SI_UNIT ( .MILLI., .METRE. ) );
#4576 = MECHANICAL_DESIGN_GEOMETRIC_PRESENTATION_REPRESENTATION (  '', ( #3978 ), #3236 ) ;
#4577 = SURFACE_STYLE_FILL_AREA ( #2122 ) ;
#4578 = ORIENTED_EDGE ( 'NONE', *, *, #3465, .F. ) ;
#4579 = CYLINDRICAL_SURFACE ( 'NONE', #2597, 0.4999999999999995559 ) ;
#4580 = ADVANCED_FACE ( 'NONE', ( #1413 ), #2894, .T. ) ;
#4581 = LINE ( 'NONE', #928, #666 ) ;
#4582 = DIRECTION ( 'NONE',  ( -1.000000000000000000, 0.000000000000000000, -6.672013369141570147E-16 ) ) ;
#4583 = AXIS2_PLACEMENT_3D ( 'NONE', #1985, #1960, #1889 ) ;
#4584 = FILL_AREA_STYLE_COLOUR ( '', #2130 ) ;
#4585 = CARTESIAN_POINT ( 'NONE',  ( 5.500000000000000000, 160.0000000000000000, -6.626345596729049880 ) ) ;
#4586 = CIRCLE ( 'NONE', #4201, 0.5000000000000000000 ) ;
#4587 =( NAMED_UNIT ( * ) PLANE_ANGLE_UNIT ( ) SI_UNIT ( $, .RADIAN. ) );
#4588 = ORIENTED_EDGE ( 'NONE', *, *, #2261, .F. ) ;
#4589 =( NAMED_UNIT ( * ) PLANE_ANGLE_UNIT ( ) SI_UNIT ( $, .RADIAN. ) );
#4590 = FILL_AREA_STYLE_COLOUR ( '', #4236 ) ;
#4591 = COLOUR_RGB ( '',0.8941176470588234615, 0.9137254901960784048, 0.9294117647058823817 ) ;
#4592 = CARTESIAN_POINT ( 'NONE',  ( 3.100000000000000089, 160.0000000000000000, -9.500000000000000000 ) ) ;
#4593 = EDGE_LOOP ( 'NONE', ( #2605, #1182, #1589, #3197 ) ) ;
#4594 = AXIS2_PLACEMENT_3D ( 'NONE', #2361, #157, #3408 ) ;
#4595 = PRODUCT_DEFINITION_SHAPE ( 'NONE', 'NONE',  #3334 ) ;
#4596 = CIRCLE ( 'NONE', #2209, 0.5000000000000004441 ) ;
#4597 = PRESENTATION_LAYER_ASSIGNMENT (  '', '', ( #273 ) ) ;
#4598 = DIRECTION ( 'NONE',  ( -1.000000000000000000, 0.000000000000000000, 9.637352644315589080E-17 ) ) ;
#4599 = CARTESIAN_POINT ( 'NONE',  ( 3.899999999999999467, -4.390000000000108926, 2.599999999999087485 ) ) ;
#4600 = EDGE_LOOP ( 'NONE', ( #2017, #2321, #334, #2305 ) ) ;
#4601 = CARTESIAN_POINT ( 'NONE',  ( 8.849999999999999645, -14.38999999999998636, 3.099999999999999645 ) ) ;
#4602 = MECHANICAL_DESIGN_GEOMETRIC_PRESENTATION_REPRESENTATION (  '', ( #756 ), #2056 ) ;
#4603 = SURFACE_STYLE_FILL_AREA ( #3784 ) ;
#4604 = EDGE_CURVE ( 'NONE', #3037, #130, #4299, .T. ) ;
#4605 = DIRECTION ( 'NONE',  ( 0.7071067811865441310, 0.000000000000000000, -0.7071067811865510144 ) ) ;
#4606 = VERTEX_POINT ( 'NONE', #3961 ) ;
#4607 = UNCERTAINTY_MEASURE_WITH_UNIT (LENGTH_MEASURE( 1.000000000000000082E-05 ), #817, 'distance_accuracy_value', 'NONE');
#4608 = FILL_AREA_STYLE_COLOUR ( '', #3535 ) ;
#4609 = DIRECTION ( 'NONE',  ( 1.000000000000000000, 0.000000000000000000, 2.891205793294685327E-15 ) ) ;
#4610 = ADVANCED_FACE ( 'NONE', ( #719 ), #649, .T. ) ;
#4611 = SURFACE_STYLE_FILL_AREA ( #2936 ) ;
#4612 = ORIENTED_EDGE ( 'NONE', *, *, #1321, .F. ) ;
#4613 = FACE_OUTER_BOUND ( 'NONE', #3500, .T. ) ;
#4614 = STYLED_ITEM ( 'NONE', ( #1239 ), #1315 ) ;
#4615 = EDGE_LOOP ( 'NONE', ( #3503, #743, #696, #4473 ) ) ;
#4616 =( LENGTH_UNIT ( ) NAMED_UNIT ( * ) SI_UNIT ( .MILLI., .METRE. ) );
#4617 = SURFACE_SIDE_STYLE ('',( #3241 ) ) ;
#4618 = AXIS2_PLACEMENT_3D ( 'NONE', #171, #979, #1663 ) ;
#4619 = EDGE_LOOP ( 'NONE', ( #3596, #3756, #1862, #2673 ) ) ;
#4620 = CYLINDRICAL_SURFACE ( 'NONE', #3084, 0.4999999999999995559 ) ;
#4621 = STYLED_ITEM ( 'NONE', ( #2440 ), #2748 ) ;
#4622 = CYLINDRICAL_SURFACE ( 'NONE', #4140, 0.5000000000000000000 ) ;
#4623 = AXIS2_PLACEMENT_3D ( 'NONE', #2006, #3083, #3440 ) ;
#4624 = AXIS2_PLACEMENT_3D ( 'NONE', #379, #4359, #1815 ) ;
#4625 = CARTESIAN_POINT ( 'NONE',  ( 5.000000000000000000, 160.0000000000000000, 8.349999999999999645 ) ) ;
#4626 = ORIENTED_EDGE ( 'NONE', *, *, #737, .T. ) ;
#4627 = FACE_OUTER_BOUND ( 'NONE', #244, .T. ) ;
#4628 = EDGE_CURVE ( 'NONE', #1214, #1690, #3673, .T. ) ;
#4629 = COLOUR_RGB ( '',0.8941176470588234615, 0.9137254901960784048, 0.9294117647058823817 ) ;
#4630 = CIRCLE ( 'NONE', #3585, 0.5000000000000013323 ) ;
#4631 = ORIENTED_EDGE ( 'NONE', *, *, #2654, .T. ) ;
#4632 =( NAMED_UNIT ( * ) SI_UNIT ( $, .STERADIAN. ) SOLID_ANGLE_UNIT ( ) );
#4633 = ADVANCED_FACE ( 'NONE', ( #3648 ), #19, .F. ) ;
#4634 = VERTEX_POINT ( 'NONE', #3815 ) ;
#4635 = DIRECTION ( 'NONE',  ( 0.000000000000000000, -1.000000000000000000, 0.000000000000000000 ) ) ;
#4636 =( NAMED_UNIT ( * ) PLANE_ANGLE_UNIT ( ) SI_UNIT ( $, .RADIAN. ) );
#4637 = CARTESIAN_POINT ( 'NONE',  ( 3.600000000000000089, 160.0000000000000000, -10.00000000000000000 ) ) ;
#4638 = STYLED_ITEM ( 'NONE', ( #2304 ), #800 ) ;
#4639 = SURFACE_STYLE_USAGE ( .BOTH. , #4617 ) ;
#4640 = FILL_AREA_STYLE_COLOUR ( '', #596 ) ;
#4641 = ORIENTED_EDGE ( 'NONE', *, *, #860, .F. ) ;
#4642 = ORIENTED_EDGE ( 'NONE', *, *, #2180, .T. ) ;
#4643 = CARTESIAN_POINT ( 'NONE',  ( 5.000000000000000000, 160.0000000000000000, -8.349999999999999645 ) ) ;
#4644 = AXIS2_PLACEMENT_3D ( 'NONE', #691, #3599, #3580 ) ;
#4645 = VERTEX_POINT ( 'NONE', #3492 ) ;
#4646 = SURFACE_SIDE_STYLE ('',( #356 ) ) ;
#4647 = UNCERTAINTY_MEASURE_WITH_UNIT (LENGTH_MEASURE( 1.000000000000000082E-05 ), #2979, 'distance_accuracy_value', 'NONE');
#4648 =( LENGTH_UNIT ( ) NAMED_UNIT ( * ) SI_UNIT ( .MILLI., .METRE. ) );
#4649 = AXIS2_PLACEMENT_3D ( 'NONE', #3670, #2868, #2186 ) ;
#4650 = DIRECTION ( 'NONE',  ( -1.796932204708914853E-15, 0.000000000000000000, 1.000000000000000000 ) ) ;
#4651 = CARTESIAN_POINT ( 'NONE',  ( -10.00000000000000000, -14.38999999999998636, -9.000000000000000000 ) ) ;
#4652 = VERTEX_POINT ( 'NONE', #4525 ) ;
#4653 = SURFACE_SIDE_STYLE ('',( #1405 ) ) ;
#4654 = CARTESIAN_POINT ( 'NONE',  ( -5.199999999999987743, -9.590000000000109992, -2.600000000000450839 ) ) ;
#4655 = STYLED_ITEM ( 'NONE', ( #1837 ), #3856 ) ;
#4656 = STYLED_ITEM ( 'NONE', ( #2334 ), #3890 ) ;
#4657 = ADVANCED_FACE ( 'NONE', ( #4564 ), #1261, .F. ) ;
#4658 = ORIENTED_EDGE ( 'NONE', *, *, #2619, .F. ) ;
#4659 = CARTESIAN_POINT ( 'NONE',  ( -9.000000000000000000, 160.0000000000000000, 9.000000000000000000 ) ) ;
#4660 = CYLINDRICAL_SURFACE ( 'NONE', #4670, 0.5000000000000004441 ) ;
#4661 = PRESENTATION_STYLE_ASSIGNMENT (( #4639 ) ) ;
#4662 = PRESENTATION_LAYER_ASSIGNMENT (  '', '', ( #1271 ) ) ;
#4663 = EDGE_CURVE ( 'NONE', #1808, #2937, #980, .T. ) ;
#4664 = ORIENTED_EDGE ( 'NONE', *, *, #3, .F. ) ;
#4665 = VECTOR ( 'NONE', #4450, 1000.000000000000000 ) ;
#4666 = STYLED_ITEM ( 'NONE', ( #522 ), #1999 ) ;
#4667 =( LENGTH_UNIT ( ) NAMED_UNIT ( * ) SI_UNIT ( .MILLI., .METRE. ) );
#4668 = ORIENTED_EDGE ( 'NONE', *, *, #4003, .T. ) ;
#4669 = COLOUR_RGB ( '',0.8941176470588234615, 0.9137254901960784048, 0.9294117647058823817 ) ;
#4670 = AXIS2_PLACEMENT_3D ( 'NONE', #3391, #3789, #4116 ) ;
#4671 = ORIENTED_EDGE ( 'NONE', *, *, #3896, .T. ) ;
#4672 = CARTESIAN_POINT ( 'NONE',  ( 10.00000000000000000, -4.390000000000108926, -2.600000000000912692 ) ) ;
#4673 = ORIENTED_EDGE ( 'NONE', *, *, #832, .T. ) ;
#4674 =( NAMED_UNIT ( * ) PLANE_ANGLE_UNIT ( ) SI_UNIT ( $, .RADIAN. ) );
#4675 = CYLINDRICAL_SURFACE ( 'NONE', #1174, 0.5000000000000004441 ) ;
#4676 = FILL_AREA_STYLE ('',( #1824 ) ) ;
#4677 = ORIENTED_EDGE ( 'NONE', *, *, #2769, .F. ) ;
#4678 = CARTESIAN_POINT ( 'NONE',  ( -10.00000000000000000, -14.38999999999998636, 9.000000000000000000 ) ) ;
#4679 = CARTESIAN_POINT ( 'NONE',  ( 2.980761184457545010, 160.0000000000000000, -3.899999999999999911 ) ) ;
#4680 =( LENGTH_UNIT ( ) NAMED_UNIT ( * ) SI_UNIT ( .MILLI., .METRE. ) );
#4681 = EDGE_CURVE ( 'NONE', #711, #2746, #3558, .T. ) ;
#4682 = SURFACE_STYLE_FILL_AREA ( #271 ) ;
#4683 = MECHANICAL_DESIGN_GEOMETRIC_PRESENTATION_REPRESENTATION (  '', ( #923 ), #608 ) ;
#4684 =( NAMED_UNIT ( * ) SI_UNIT ( $, .STERADIAN. ) SOLID_ANGLE_UNIT ( ) );
#4685 = EDGE_LOOP ( 'NONE', ( #3149, #3423, #969, #3217 ) ) ;
#4686 = SURFACE_STYLE_USAGE ( .BOTH. , #1989 ) ;
#4687 = EDGE_CURVE ( 'NONE', #2395, #1517, #3581, .T. ) ;
#4688 = LINE ( 'NONE', #3186, #3921 ) ;
#4689 = PRESENTATION_STYLE_ASSIGNMENT (( #1420 ) ) ;
#4690 = EDGE_LOOP ( 'NONE', ( #4290, #1292, #1656, #1402 ) ) ;
#4691 = UNCERTAINTY_MEASURE_WITH_UNIT (LENGTH_MEASURE( 1.000000000000000082E-05 ), #3698, 'distance_accuracy_value', 'NONE');
#4692 = COLOUR_RGB ( '',0.8941176470588234615, 0.9137254901960784048, 0.9294117647058823817 ) ;
#4693 =( NAMED_UNIT ( * ) PLANE_ANGLE_UNIT ( ) SI_UNIT ( $, .RADIAN. ) );
#4694 = STYLED_ITEM ( 'NONE', ( #1708 ), #131 ) ;
#4695 = PLANE ( 'NONE',  #332 ) ;
#4696 = AXIS2_PLACEMENT_3D ( 'NONE', #1106, #4016, #952 ) ;
#4697 = CARTESIAN_POINT ( 'NONE',  ( 3.899999999999999911, 160.0000000000000000, 2.980761184457545010 ) ) ;
#4698 = AXIS2_PLACEMENT_3D ( 'NONE', #360, #1016, #3211 ) ;
#4699 = FACE_OUTER_BOUND ( 'NONE', #1063, .T. ) ;
#4700 = ORIENTED_EDGE ( 'NONE', *, *, #3129, .F. ) ;
#4701 = DIRECTION ( 'NONE',  ( -0.000000000000000000, 1.000000000000000000, -0.000000000000000000 ) ) ;
#4702 =( GEOMETRIC_REPRESENTATION_CONTEXT ( 3 ) GLOBAL_UNCERTAINTY_ASSIGNED_CONTEXT ( ( #876 ) ) GLOBAL_UNIT_ASSIGNED_CONTEXT ( ( #646, #2139, #296 ) ) REPRESENTATION_CONTEXT ( 'NONE', 'WORKASPACE' ) );
#4703 = CARTESIAN_POINT ( 'NONE',  ( 9.000000000000000000, 160.0000000000000000, -10.00000000000000000 ) ) ;
#4704 = COLOUR_RGB ( '',0.8941176470588234615, 0.9137254901960784048, 0.9294117647058823817 ) ;
#4705 = CIRCLE ( 'NONE', #2692, 0.4999999999999995559 ) ;
#4706 = FACE_OUTER_BOUND ( 'NONE', #1701, .T. ) ;
#4707 = ORIENTED_EDGE ( 'NONE', *, *, #3521, .F. ) ;
#4708 = CARTESIAN_POINT ( 'NONE',  ( -7.849999999999999645, 160.0000000000000000, -5.000000000000000000 ) ) ;
#4709 = DIRECTION ( 'NONE',  ( -1.000000000000000000, 0.000000000000000000, 1.796932204708914853E-15 ) ) ;
#4710 =( GEOMETRIC_REPRESENTATION_CONTEXT ( 3 ) GLOBAL_UNCERTAINTY_ASSIGNED_CONTEXT ( ( #4511 ) ) GLOBAL_UNIT_ASSIGNED_CONTEXT ( ( #2224, #3595, #3636 ) ) REPRESENTATION_CONTEXT ( 'NONE', 'WORKASPACE' ) );
#4711 = ORIENTED_EDGE ( 'NONE', *, *, #4426, .T. ) ;
ENDSEC;
END-ISO-10303-21;
