ISO-10303-21;
HEADER;
FILE_DESCRIPTION (( 'STEP AP214' ),
    '1' );
FILE_NAME ('¶¥²¿ºáÁº´òÓ¡¼þ.STEP',
    '2025-09-28T14:57:53',
    ( '' ),
    ( '' ),
    'SwSTEP 2.0',
    'SolidWorks 2025',
    '' );
FILE_SCHEMA (( 'AUTOMOTIVE_DESIGN' ));
ENDSEC;

DATA;
#1 = EDGE_LOOP ( 'NONE', ( #1468, #615, #1060, #572 ) ) ;
#2 = CARTESIAN_POINT ( 'NONE',  ( -16.55887450304579289, 41.53553390593273065, -115.0854889390574840 ) ) ;
#3 = VECTOR ( 'NONE', #85, 1000.000000000000114 ) ;
#4 = VECTOR ( 'NONE', #997, 1000.000000000000000 ) ;
#5 = CARTESIAN_POINT ( 'NONE',  ( -10.20000000000000107, 10.20000000000003837, 0.000000000000000000 ) ) ;
#6 = DIRECTION ( 'NONE',  ( 0.000000000000000000, -1.000000000000000000, 1.705548260397481070E-16 ) ) ;
#7 = EDGE_CURVE ( 'NONE', #293, #719, #1019, .T. ) ;
#8 = ORIENTED_EDGE ( 'NONE', *, *, #280, .F. ) ;
#9 = AXIS2_PLACEMENT_3D ( 'NONE', #1158, #720, #706 ) ;
#10 = DIRECTION ( 'NONE',  ( -0.000000000000000000, -0.000000000000000000, 1.000000000000000000 ) ) ;
#11 = VECTOR ( 'NONE', #317, 999.9999999999998863 ) ;
#12 = CARTESIAN_POINT ( 'NONE',  ( 14.97116097332557771, 43.00000000000000000, 10.00000000000000000 ) ) ;
#13 = ORIENTED_EDGE ( 'NONE', *, *, #582, .F. ) ;
#14 = CIRCLE ( 'NONE', #1061, 4.999999999999997335 ) ;
#15 = UNCERTAINTY_MEASURE_WITH_UNIT (LENGTH_MEASURE( 1.000000000000000082E-05 ), #1262, 'distance_accuracy_value', 'NONE');
#16 = DIRECTION ( 'NONE',  ( 1.000000000000000000, 0.000000000000000000, 0.000000000000000000 ) ) ;
#17 = ADVANCED_FACE ( 'NONE', ( #922 ), #1251, .T. ) ;
#18 = ORIENTED_EDGE ( 'NONE', *, *, #1530, .T. ) ;
#19 = CARTESIAN_POINT ( 'NONE',  ( 18.00000000000000355, 0.000000000000000000, 7.000000000000000888 ) ) ;
#20 = DIRECTION ( 'NONE',  ( 1.000000000000000000, 0.000000000000000000, 0.000000000000000000 ) ) ;
#21 = ORIENTED_EDGE ( 'NONE', *, *, #1693, .F. ) ;
#22 = CARTESIAN_POINT ( 'NONE',  ( 15.00000000000000178, 3.673940397442060854E-16, 10.00000000000000000 ) ) ;
#23 = EDGE_CURVE ( 'NONE', #1071, #1103, #703, .T. ) ;
#24 = CARTESIAN_POINT ( 'NONE',  ( 33.97116097332558127, 3.673940397442059868E-16, 10.00000000000000000 ) ) ;
#25 = VERTEX_POINT ( 'NONE', #934 ) ;
#26 = DIRECTION ( 'NONE',  ( 0.000000000000000000, 0.000000000000000000, 1.000000000000000000 ) ) ;
#27 = ORIENTED_EDGE ( 'NONE', *, *, #1075, .F. ) ;
#28 = CARTESIAN_POINT ( 'NONE',  ( 0.000000000000000000, 0.000000000000000000, 0.000000000000000000 ) ) ;
#29 = DIRECTION ( 'NONE',  ( 0.000000000000000000, 0.000000000000000000, 1.000000000000000000 ) ) ;
#30 = CARTESIAN_POINT ( 'NONE',  ( 16.40000000000000213, 1.959434878635767449E-16, -7.000000000000035527 ) ) ;
#31 = ORIENTED_EDGE ( 'NONE', *, *, #1405, .F. ) ;
#32 = CARTESIAN_POINT ( 'NONE',  ( 36.97116097332558127, 0.000000000000000000, 7.000000000000000000 ) ) ;
#33 = ORIENTED_EDGE ( 'NONE', *, *, #835, .T. ) ;
#34 = EDGE_LOOP ( 'NONE', ( #257, #1281, #1498, #140 ) ) ;
#35 = DIRECTION ( 'NONE',  ( -0.000000000000000000, -0.000000000000000000, -1.000000000000000000 ) ) ;
#36 = LINE ( 'NONE', #642, #316 ) ;
#37 = ORIENTED_EDGE ( 'NONE', *, *, #1013, .T. ) ;
#38 = VECTOR ( 'NONE', #792, 1000.000000000000000 ) ;
#39 = ADVANCED_FACE ( 'NONE', ( #1696 ), #1844, .F. ) ;
#40 = CARTESIAN_POINT ( 'NONE',  ( -40.50000000000002132, -10.52334059711292724, 0.000000000000000000 ) ) ;
#41 = LINE ( 'NONE', #514, #3 ) ;
#42 = CIRCLE ( 'NONE', #808, 2.600000000000000089 ) ;
#43 = EDGE_CURVE ( 'NONE', #1887, #173, #1418, .T. ) ;
#44 = CONICAL_SURFACE ( 'NONE', #809, 4.500000000000000000, 0.8028514559173851595 ) ;
#45 = AXIS2_PLACEMENT_3D ( 'NONE', #1514, #1678, #956 ) ;
#46 = DIRECTION ( 'NONE',  ( 1.000000000000000000, 0.000000000000000000, 0.000000000000000000 ) ) ;
#47 = EDGE_CURVE ( 'NONE', #1455, #926, #41, .T. ) ;
#48 = VECTOR ( 'NONE', #567, 1000.000000000000000 ) ;
#49 = ORIENTED_EDGE ( 'NONE', *, *, #991, .F. ) ;
#50 = CARTESIAN_POINT ( 'NONE',  ( -40.50000000000002132, 10.52334059711292369, 10.00000000000000000 ) ) ;
#51 = CARTESIAN_POINT ( 'NONE',  ( 6.549999999999974065, 29.99999999999999289, 5.000000000000000000 ) ) ;
#52 = LINE ( 'NONE', #605, #497 ) ;
#53 = CARTESIAN_POINT ( 'NONE',  ( 15.00000000000000178, 3.673940397442060854E-16, 7.000000000000000000 ) ) ;
#54 = EDGE_CURVE ( 'NONE', #1853, #864, #1083, .T. ) ;
#55 = ORIENTED_EDGE ( 'NONE', *, *, #1561, .T. ) ;
#56 = ORIENTED_EDGE ( 'NONE', *, *, #752, .F. ) ;
#57 = EDGE_CURVE ( 'NONE', #1136, #768, #1402, .T. ) ;
#58 = ORIENTED_EDGE ( 'NONE', *, *, #1865, .T. ) ;
#59 = LINE ( 'NONE', #1406, #1089 ) ;
#60 = PLANE ( 'NONE',  #1698 ) ;
#61 = DIRECTION ( 'NONE',  ( -1.000000000000000000, 0.000000000000000000, 0.000000000000000000 ) ) ;
#62 = CARTESIAN_POINT ( 'NONE',  ( -10.19999999999999929, -10.20000000000000107, 0.000000000000000000 ) ) ;
#63 = CARTESIAN_POINT ( 'NONE',  ( -32.50000000000002842, 3.191891195797325054E-13, -6.000000000000088818 ) ) ;
#64 = VERTEX_POINT ( 'NONE', #53 ) ;
#65 = DIRECTION ( 'NONE',  ( 0.000000000000000000, 0.000000000000000000, -1.000000000000000000 ) ) ;
#66 = EDGE_LOOP ( 'NONE', ( #1304, #1376, #735, #1189 ) ) ;
#67 = DIRECTION ( 'NONE',  ( 0.000000000000000000, 0.000000000000000000, 1.000000000000000000 ) ) ;
#68 = DIRECTION ( 'NONE',  ( 1.000000000000000000, 0.000000000000000000, 0.000000000000000000 ) ) ;
#69 = EDGE_CURVE ( 'NONE', #926, #796, #1575, .T. ) ;
#70 = LINE ( 'NONE', #943, #1144 ) ;
#71 = DIRECTION ( 'NONE',  ( 0.000000000000000000, 0.000000000000000000, 1.000000000000000000 ) ) ;
#72 = DIRECTION ( 'NONE',  ( 0.000000000000000000, 0.000000000000000000, -1.000000000000000000 ) ) ;
#73 = AXIS2_PLACEMENT_3D ( 'NONE', #670, #818, #830 ) ;
#74 = ORIENTED_EDGE ( 'NONE', *, *, #687, .F. ) ;
#75 = AXIS2_PLACEMENT_3D ( 'NONE', #591, #921, #1517 ) ;
#76 = AXIS2_PLACEMENT_3D ( 'NONE', #131, #843, #1423 ) ;
#77 = VERTEX_POINT ( 'NONE', #62 ) ;
#78 = VECTOR ( 'NONE', #554, 1000.000000000000000 ) ;
#79 = DIRECTION ( 'NONE',  ( -0.000000000000000000, 0.000000000000000000, -1.000000000000000000 ) ) ;
#80 = LINE ( 'NONE', #614, #1175 ) ;
#81 = EDGE_CURVE ( 'NONE', #1477, #999, #982, .T. ) ;
#82 = VECTOR ( 'NONE', #1230, 1000.000000000000000 ) ;
#83 = AXIS2_PLACEMENT_3D ( 'NONE', #1442, #1152, #1276 ) ;
#84 = LINE ( 'NONE', #1401, #616 ) ;
#85 = DIRECTION ( 'NONE',  ( 0.7193398003386493045, 8.809371839840231675E-17, -0.6946583704589991415 ) ) ;
#86 = ADVANCED_BREP_SHAPE_REPRESENTATION ( '\X2\987690e86a2a6881625353704ef6\X0\', ( #1386, #1272 ), #354 ) ;
#87 = EDGE_LOOP ( 'NONE', ( #1735, #1529, #1132, #1848 ) ) ;
#88 = DIRECTION ( 'NONE',  ( 0.000000000000000000, 0.000000000000000000, 1.000000000000000000 ) ) ;
#89 = DIRECTION ( 'NONE',  ( -0.000000000000000000, -0.000000000000000000, 1.000000000000000000 ) ) ;
#90 = CARTESIAN_POINT ( 'NONE',  ( 38.57116097332558269, 0.000000000000000000, 0.000000000000000000 ) ) ;
#91 = CARTESIAN_POINT ( 'NONE',  ( 0.000000000000000000, 0.000000000000000000, 5.000000000000000000 ) ) ;
#92 = ORIENTED_EDGE ( 'NONE', *, *, #176, .T. ) ;
#93 = CARTESIAN_POINT ( 'NONE',  ( 14.97116097332557416, -43.00000000000000000, 10.00000000000000000 ) ) ;
#94 = DIRECTION ( 'NONE',  ( 0.000000000000000000, -0.000000000000000000, 1.000000000000000000 ) ) ;
#95 = DIRECTION ( 'NONE',  ( 8.818711551115223354E-17, -1.566647076034557857E-16, -1.000000000000000000 ) ) ;
#96 = EDGE_CURVE ( 'NONE', #445, #541, #1235, .T. ) ;
#97 = ORIENTED_EDGE ( 'NONE', *, *, #1440, .T. ) ;
#98 = PLANE ( 'NONE',  #196 ) ;
#99 = CIRCLE ( 'NONE', #832, 5.535530313790546053 ) ;
#100 = VERTEX_POINT ( 'NONE', #1661 ) ;
#101 = EDGE_CURVE ( 'NONE', #100, #1103, #496, .T. ) ;
#102 = VECTOR ( 'NONE', #1046, 1000.000000000000114 ) ;
#103 = CARTESIAN_POINT ( 'NONE',  ( -27.50000000000003197, 3.198014429793062064E-13, 10.00000000000000000 ) ) ;
#104 = AXIS2_PLACEMENT_3D ( 'NONE', #966, #850, #1441 ) ;
#105 = CARTESIAN_POINT ( 'NONE',  ( -44.03553390593277328, 14.05887450304564901, 10.00000000000000000 ) ) ;
#106 = VECTOR ( 'NONE', #1039, 1000.000000000000000 ) ;
#107 = DIRECTION ( 'NONE',  ( 0.000000000000000000, -1.000000000000000000, 1.566647076034557857E-16 ) ) ;
#108 = CARTESIAN_POINT ( 'NONE',  ( -16.55887450304579644, 41.53553390593273065, -7.000000000000033751 ) ) ;
#109 = ORIENTED_EDGE ( 'NONE', *, *, #1894, .F. ) ;
#110 = ORIENTED_EDGE ( 'NONE', *, *, #886, .T. ) ;
#111 = ORIENTED_EDGE ( 'NONE', *, *, #1002, .F. ) ;
#112 = FACE_OUTER_BOUND ( 'NONE', #562, .T. ) ;
#113 = LINE ( 'NONE', #245, #1118 ) ;
#114 = CARTESIAN_POINT ( 'NONE',  ( 2.499999999999973355, 29.99999999999999289, 5.000000000000000000 ) ) ;
#115 = CARTESIAN_POINT ( 'NONE',  ( 19.97116097332557416, 43.00000000000000000, -115.0854889390574840 ) ) ;
#116 = ORIENTED_EDGE ( 'NONE', *, *, #335, .F. ) ;
#117 = CARTESIAN_POINT ( 'NONE',  ( -10.20000000000000107, 10.20000000000003837, 0.000000000000000000 ) ) ;
#118 = EDGE_CURVE ( 'NONE', #1048, #1904, #1451, .T. ) ;
#119 = ORIENTED_EDGE ( 'NONE', *, *, #571, .F. ) ;
#120 = CARTESIAN_POINT ( 'NONE',  ( 19.97116097332557416, 18.20000000000002061, 10.00000000000000000 ) ) ;
#121 = FACE_OUTER_BOUND ( 'NONE', #581, .T. ) ;
#122 = LINE ( 'NONE', #239, #494 ) ;
#123 = EDGE_LOOP ( 'NONE', ( #622, #1481, #1724, #845 ) ) ;
#124 = EDGE_CURVE ( 'NONE', #1411, #510, #1392, .T. ) ;
#125 = VERTEX_POINT ( 'NONE', #195 ) ;
#126 = CARTESIAN_POINT ( 'NONE',  ( -43.60000000000002984, 3.205484775267860630E-13, -115.0854889390574840 ) ) ;
#127 = VECTOR ( 'NONE', #1193, 1000.000000000000000 ) ;
#128 = VERTEX_POINT ( 'NONE', #657 ) ;
#129 = VECTOR ( 'NONE', #1413, 1000.000000000000000 ) ;
#130 = EDGE_CURVE ( 'NONE', #729, #186, #580, .T. ) ;
#131 = CARTESIAN_POINT ( 'NONE',  ( 18.00000000000000355, 0.000000000000000000, 7.000000000000000888 ) ) ;
#132 = LINE ( 'NONE', #1017, #644 ) ;
#133 = CIRCLE ( 'NONE', #1616, 4.999999999999997335 ) ;
#134 = VERTEX_POINT ( 'NONE', #1817 ) ;
#135 = CARTESIAN_POINT ( 'NONE',  ( 18.00000000000000355, 0.000000000000000000, 7.000000000000000000 ) ) ;
#136 = AXIS2_PLACEMENT_3D ( 'NONE', #870, #156, #299 ) ;
#137 = PRODUCT ( '\X2\987690e86a2a6881625353704ef6\X0\', '\X2\987690e86a2a6881625353704ef6\X0\', '', ( #465 ) ) ;
#138 = ORIENTED_EDGE ( 'NONE', *, *, #721, .F. ) ;
#139 = CARTESIAN_POINT ( 'NONE',  ( -15.09440840897853242, 43.00000000000000000, -7.000000000000033751 ) ) ;
#140 = ORIENTED_EDGE ( 'NONE', *, *, #894, .F. ) ;
#141 = DIRECTION ( 'NONE',  ( -7.915335785089464046E-16, -1.000000000000000000, 0.000000000000000000 ) ) ;
#142 = DIRECTION ( 'NONE',  ( 1.000000000000000000, 0.000000000000000000, 0.000000000000000000 ) ) ;
#143 = LINE ( 'NONE', #1496, #1236 ) ;
#144 = ORIENTED_EDGE ( 'NONE', *, *, #932, .T. ) ;
#145 = EDGE_LOOP ( 'NONE', ( #1194, #144, #1839, #154, #1513, #761, #1011, #533, #1290, #55, #500, #1474, #699, #1803, #1148, #1009, #304, #1259 ) ) ;
#146 = ORIENTED_EDGE ( 'NONE', *, *, #147, .T. ) ;
#147 = EDGE_CURVE ( 'NONE', #677, #988, #1577, .T. ) ;
#148 = DIRECTION ( 'NONE',  ( 0.000000000000000000, 0.000000000000000000, 1.000000000000000000 ) ) ;
#149 = DIRECTION ( 'NONE',  ( -1.000000000000000000, 0.000000000000000000, 0.000000000000000000 ) ) ;
#150 = DIRECTION ( 'NONE',  ( 0.000000000000000000, 0.000000000000000000, 1.000000000000000000 ) ) ;
#151 = ORIENTED_EDGE ( 'NONE', *, *, #1645, .F. ) ;
#152 = FACE_OUTER_BOUND ( 'NONE', #920, .T. ) ;
#153 = CARTESIAN_POINT ( 'NONE',  ( 14.97116097332557594, 38.00000000000000000, -115.0854889390574840 ) ) ;
#154 = ORIENTED_EDGE ( 'NONE', *, *, #787, .T. ) ;
#155 = ADVANCED_FACE ( 'NONE', ( #823 ), #1759, .F. ) ;
#156 = DIRECTION ( 'NONE',  ( 0.000000000000000000, 0.000000000000000000, 1.000000000000000000 ) ) ;
#157 = EDGE_LOOP ( 'NONE', ( #599, #361, #1416, #1247 ) ) ;
#158 = VECTOR ( 'NONE', #889, 1000.000000000000000 ) ;
#159 = CARTESIAN_POINT ( 'NONE',  ( -2.600000000000010303, -6.938893903907231533E-15, 0.000000000000000000 ) ) ;
#160 = CARTESIAN_POINT ( 'NONE',  ( 33.97116097332558127, 3.673940397442061347E-16, 7.000000000000000000 ) ) ;
#161 = ORIENTED_EDGE ( 'NONE', *, *, #101, .F. ) ;
#162 = AXIS2_PLACEMENT_3D ( 'NONE', #737, #458, #472 ) ;
#163 = AXIS2_PLACEMENT_3D ( 'NONE', #418, #396, #246 ) ;
#164 = DIRECTION ( 'NONE',  ( 0.000000000000000000, 0.000000000000000000, 1.000000000000000000 ) ) ;
#165 = VERTEX_POINT ( 'NONE', #1256 ) ;
#166 = AXIS2_PLACEMENT_3D ( 'NONE', #725, #762, #327 ) ;
#167 = CIRCLE ( 'NONE', #136, 11.09999999999999787 ) ;
#168 = ORIENTED_EDGE ( 'NONE', *, *, #329, .F. ) ;
#169 = DIRECTION ( 'NONE',  ( 0.000000000000000000, -0.000000000000000000, 1.000000000000000000 ) ) ;
#170 = ORIENTED_EDGE ( 'NONE', *, *, #569, .F. ) ;
#171 = CARTESIAN_POINT ( 'NONE',  ( 41.97116097332557416, 12.20000000000003837, -39.35936991365589677 ) ) ;
#172 = DIRECTION ( 'NONE',  ( 1.000000000000000000, 0.000000000000000000, 0.000000000000000000 ) ) ;
#173 = VERTEX_POINT ( 'NONE', #1556 ) ;
#174 = DIRECTION ( 'NONE',  ( 8.818711551115223354E-17, -1.566647076034557857E-16, -1.000000000000000000 ) ) ;
#175 = ORIENTED_EDGE ( 'NONE', *, *, #1432, .F. ) ;
#176 = EDGE_CURVE ( 'NONE', #1685, #704, #99, .T. ) ;
#177 = ORIENTED_EDGE ( 'NONE', *, *, #1363, .T. ) ;
#178 = CARTESIAN_POINT ( 'NONE',  ( 21.00000000000000355, 0.000000000000000000, 10.00000000000000000 ) ) ;
#179 = DIRECTION ( 'NONE',  ( -1.000000000000000000, 0.000000000000000000, 0.000000000000000000 ) ) ;
#180 = ADVANCED_FACE ( 'NONE', ( #233 ), #522, .T. ) ;
#181 = ORIENTED_EDGE ( 'NONE', *, *, #1208, .T. ) ;
#182 = CARTESIAN_POINT ( 'NONE',  ( 2.499999999999973355, 29.99999999999999289, -6.000000000000102141 ) ) ;
#183 = CARTESIAN_POINT ( 'NONE',  ( -45.50000000000002132, 10.52334059711292369, -7.000000000000033751 ) ) ;
#184 = CARTESIAN_POINT ( 'NONE',  ( 41.97116097332558127, -12.19999999999996021, -39.35936991365589677 ) ) ;
#185 = EDGE_CURVE ( 'NONE', #268, #1044, #1519, .T. ) ;
#186 = VERTEX_POINT ( 'NONE', #1278 ) ;
#187 = CARTESIAN_POINT ( 'NONE',  ( 2.499999999999973355, 29.99999999999999289, -6.000000000000102141 ) ) ;
#188 = VERTEX_POINT ( 'NONE', #108 ) ;
#189 = AXIS2_PLACEMENT_3D ( 'NONE', #1233, #1243, #1218 ) ;
#190 = LINE ( 'NONE', #1238, #1303 ) ;
#191 = DIRECTION ( 'NONE',  ( 0.000000000000000000, -0.000000000000000000, 1.000000000000000000 ) ) ;
#192 = VECTOR ( 'NONE', #1047, 1000.000000000000000 ) ;
#193 = EDGE_CURVE ( 'NONE', #1587, #1601, #346, .T. ) ;
#194 = CARTESIAN_POINT ( 'NONE',  ( 19.97116097332557771, -15.19999999999996199, 10.00000000000000000 ) ) ;
#195 = CARTESIAN_POINT ( 'NONE',  ( 41.97116097332557416, 15.20000000000003837, 10.00000000000000000 ) ) ;
#196 = AXIS2_PLACEMENT_3D ( 'NONE', #1282, #675, #1874 ) ;
#197 = AXIS2_PLACEMENT_3D ( 'NONE', #967, #1225, #1407 ) ;
#198 = ORIENTED_EDGE ( 'NONE', *, *, #1748, .F. ) ;
#199 = AXIS2_PLACEMENT_3D ( 'NONE', #736, #320, #1172 ) ;
#200 = EDGE_LOOP ( 'NONE', ( #1056, #263, #693, #1501, #1063, #389, #37, #1797, #181, #1127, #1032, #1023, #504, #412, #834, #1743, #1163, #1273, #1809, #1316 ) ) ;
#201 = FACE_OUTER_BOUND ( 'NONE', #977, .T. ) ;
#202 = DIRECTION ( 'NONE',  ( 0.000000000000000000, 0.000000000000000000, -1.000000000000000000 ) ) ;
#203 = LINE ( 'NONE', #816, #906 ) ;
#204 = DIRECTION ( 'NONE',  ( 1.000000000000000000, 0.000000000000000000, 0.000000000000000000 ) ) ;
#205 = DIRECTION ( 'NONE',  ( 1.000000000000000000, 0.000000000000000000, 0.000000000000000000 ) ) ;
#206 = DIRECTION ( 'NONE',  ( 0.000000000000000000, 1.000000000000000000, -1.566647076034557857E-16 ) ) ;
#207 = ORIENTED_EDGE ( 'NONE', *, *, #1699, .T. ) ;
#208 = ADVANCED_FACE ( 'NONE', ( #397 ), #1715, .T. ) ;
#209 = DIRECTION ( 'NONE',  ( -0.000000000000000000, -0.000000000000000000, -1.000000000000000000 ) ) ;
#210 = DIRECTION ( 'NONE',  ( 0.000000000000000000, -0.000000000000000000, 1.000000000000000000 ) ) ;
#211 = FACE_OUTER_BOUND ( 'NONE', #1511, .T. ) ;
#212 = DIRECTION ( 'NONE',  ( 1.000000000000000000, 0.000000000000000000, 0.000000000000000000 ) ) ;
#213 = DIRECTION ( 'NONE',  ( 0.000000000000000000, 0.000000000000000000, -1.000000000000000000 ) ) ;
#214 = VERTEX_POINT ( 'NONE', #1424 ) ;
#215 = FACE_OUTER_BOUND ( 'NONE', #853, .T. ) ;
#216 = EDGE_CURVE ( 'NONE', #999, #1174, #852, .T. ) ;
#217 = ORIENTED_EDGE ( 'NONE', *, *, #666, .F. ) ;
#218 = CARTESIAN_POINT ( 'NONE',  ( -44.03553390593276617, -14.05887450304565789, 10.00000000000000000 ) ) ;
#219 = CARTESIAN_POINT ( 'NONE',  ( -13.02334059711305159, 38.00000000000000000, -115.0854889390574840 ) ) ;
#220 = EDGE_CURVE ( 'NONE', #1076, #25, #254, .T. ) ;
#221 = DIRECTION ( 'NONE',  ( -0.000000000000000000, -0.000000000000000000, 1.000000000000000000 ) ) ;
#222 = CYLINDRICAL_SURFACE ( 'NONE', #1829, 1.599999999999997202 ) ;
#223 = CARTESIAN_POINT ( 'NONE',  ( 19.97116097332557416, 43.00000000000000000, 0.000000000000000000 ) ) ;
#224 = VECTOR ( 'NONE', #1782, 1000.000000000000000 ) ;
#225 = AXIS2_PLACEMENT_3D ( 'NONE', #40, #164, #483 ) ;
#226 = APPLICATION_CONTEXT ( 'automotive_design' ) ;
#227 = CIRCLE ( 'NONE', #930, 4.999999999999997335 ) ;
#228 = ORIENTED_EDGE ( 'NONE', *, *, #249, .F. ) ;
#229 = AXIS2_PLACEMENT_3D ( 'NONE', #435, #148, #16 ) ;
#230 = CYLINDRICAL_SURFACE ( 'NONE', #1333, 4.050000000000001599 ) ;
#231 = VECTOR ( 'NONE', #897, 1000.000000000000000 ) ;
#232 = CARTESIAN_POINT ( 'NONE',  ( -40.50000000000002132, 10.52334059711292369, -115.0854889390574840 ) ) ;
#233 = FACE_OUTER_BOUND ( 'NONE', #1155, .T. ) ;
#234 = ORIENTED_EDGE ( 'NONE', *, *, #1219, .F. ) ;
#235 = ADVANCED_FACE ( 'NONE', ( #1414 ), #1286, .T. ) ;
#236 = CARTESIAN_POINT ( 'NONE',  ( -32.50000000000002842, 3.191891195797325054E-13, -115.0854889390574840 ) ) ;
#237 = EDGE_CURVE ( 'NONE', #125, #165, #1563, .T. ) ;
#238 = LINE ( 'NONE', #822, #1332 ) ;
#239 = CARTESIAN_POINT ( 'NONE',  ( 35.37116097332558695, 1.959434878635762765E-16, -7.000000000000035527 ) ) ;
#240 = ORIENTED_EDGE ( 'NONE', *, *, #488, .F. ) ;
#241 = EDGE_CURVE ( 'NONE', #428, #677, #122, .T. ) ;
#242 = CARTESIAN_POINT ( 'NONE',  ( -1.550000000000028244, -30.00000000000002132, 5.000000000000000000 ) ) ;
#243 = VERTEX_POINT ( 'NONE', #1295 ) ;
#244 = CARTESIAN_POINT ( 'NONE',  ( 18.00000000000000355, 0.000000000000000000, 7.000000000000000000 ) ) ;
#245 = CARTESIAN_POINT ( 'NONE',  ( -1.550000000000027578, -30.00000000000002132, -115.0854889390574840 ) ) ;
#246 = DIRECTION ( 'NONE',  ( -1.000000000000000000, -2.081668171172168760E-16, 0.000000000000000000 ) ) ;
#247 = DIRECTION ( 'NONE',  ( 0.000000000000000000, 0.000000000000000000, 1.000000000000000000 ) ) ;
#248 = ORIENTED_EDGE ( 'NONE', *, *, #1095, .F. ) ;
#249 = EDGE_CURVE ( 'NONE', #134, #77, #1742, .T. ) ;
#250 = CARTESIAN_POINT ( 'NONE',  ( -32.50000000000002842, 3.191891195797325054E-13, 0.000000000000000000 ) ) ;
#251 = ORIENTED_EDGE ( 'NONE', *, *, #1532, .T. ) ;
#252 = AXIS2_PLACEMENT_3D ( 'NONE', #1837, #1808, #205 ) ;
#253 = DIRECTION ( 'NONE',  ( -0.000000000000000000, -0.000000000000000000, -1.000000000000000000 ) ) ;
#254 = CIRCLE ( 'NONE', #1330, 3.000000000000002665 ) ;
#255 = ADVANCED_FACE ( 'NONE', ( #1123 ), #1890, .F. ) ;
#256 = VECTOR ( 'NONE', #340, 1000.000000000000000 ) ;
#257 = ORIENTED_EDGE ( 'NONE', *, *, #859, .F. ) ;
#258 = AXIS2_PLACEMENT_3D ( 'NONE', #1695, #1255, #61 ) ;
#259 = DIRECTION ( 'NONE',  ( 0.000000000000000000, 0.000000000000000000, 1.000000000000000000 ) ) ;
#260 = MECHANICAL_DESIGN_GEOMETRIC_PRESENTATION_REPRESENTATION (  '', ( #1858 ), #474 ) ;
#261 = CARTESIAN_POINT ( 'NONE',  ( -13.02334059711305159, 43.00000000000000000, 10.00000000000000000 ) ) ;
#262 = CARTESIAN_POINT ( 'NONE',  ( 0.000000000000000000, 0.000000000000000000, 5.000000000000000000 ) ) ;
#263 = ORIENTED_EDGE ( 'NONE', *, *, #1553, .T. ) ;
#264 = DIRECTION ( 'NONE',  ( -1.000000000000000000, 0.000000000000000000, 0.000000000000000000 ) ) ;
#265 = ORIENTED_EDGE ( 'NONE', *, *, #477, .F. ) ;
#266 = CYLINDRICAL_SURFACE ( 'NONE', #612, 4.999999999999997335 ) ;
#267 = VERTEX_POINT ( 'NONE', #1265 ) ;
#268 = VERTEX_POINT ( 'NONE', #975 ) ;
#269 = CARTESIAN_POINT ( 'NONE',  ( 2.599999999999989431, -6.620485736128919517E-15, 0.000000000000000000 ) ) ;
#270 = EDGE_CURVE ( 'NONE', #1754, #1184, #551, .T. ) ;
#271 = CARTESIAN_POINT ( 'NONE',  ( -13.02334059711305159, 38.00000000000000000, -7.000000000000033751 ) ) ;
#272 = CARTESIAN_POINT ( 'NONE',  ( 0.000000000000000000, 0.000000000000000000, 9.000000000000008882 ) ) ;
#273 = DIRECTION ( 'NONE',  ( -0.000000000000000000, -0.000000000000000000, -1.000000000000000000 ) ) ;
#274 = EDGE_LOOP ( 'NONE', ( #1188, #1404 ) ) ;
#275 = ORIENTED_EDGE ( 'NONE', *, *, #952, .T. ) ;
#276 = LINE ( 'NONE', #117, #1263 ) ;
#277 = ORIENTED_EDGE ( 'NONE', *, *, #1210, .F. ) ;
#278 = EDGE_CURVE ( 'NONE', #1875, #1626, #1640, .T. ) ;
#279 = FACE_OUTER_BOUND ( 'NONE', #1312, .T. ) ;
#280 = EDGE_CURVE ( 'NONE', #868, #731, #588, .T. ) ;
#281 = DIRECTION ( 'NONE',  ( -1.000000000000000000, 0.000000000000000000, 0.000000000000000000 ) ) ;
#282 = CARTESIAN_POINT ( 'NONE',  ( 0.000000000000000000, 0.000000000000000000, 9.000000000000008882 ) ) ;
#283 = EDGE_LOOP ( 'NONE', ( #1806, #770, #1149, #1709, #309, #1907, #161, #1350, #750, #1659, #1427, #393, #826, #1604 ) ) ;
#284 = ORIENTED_EDGE ( 'NONE', *, *, #1121, .F. ) ;
#285 = CARTESIAN_POINT ( 'NONE',  ( 41.97116097332558127, -15.19999999999996199, -6.965787506182131327E-15 ) ) ;
#286 = AXIS2_PLACEMENT_3D ( 'NONE', #484, #1683, #767 ) ;
#287 = AXIS2_PLACEMENT_3D ( 'NONE', #492, #1515, #179 ) ;
#288 = ORIENTED_EDGE ( 'NONE', *, *, #607, .F. ) ;
#289 = AXIS2_PLACEMENT_3D ( 'NONE', #802, #210, #1651 ) ;
#290 = CARTESIAN_POINT ( 'NONE',  ( -45.50000000000002132, -10.52334059711292724, 10.00000000000000000 ) ) ;
#291 = CARTESIAN_POINT ( 'NONE',  ( 41.97116097332558127, -15.19999999999996199, 10.00000000000000000 ) ) ;
#292 = FACE_BOUND ( 'NONE', #416, .T. ) ;
#293 = VERTEX_POINT ( 'NONE', #450 ) ;
#294 = FACE_OUTER_BOUND ( 'NONE', #1494, .T. ) ;
#295 = AXIS2_PLACEMENT_3D ( 'NONE', #1195, #891, #784 ) ;
#296 = FACE_OUTER_BOUND ( 'NONE', #1344, .T. ) ;
#297 = ORIENTED_EDGE ( 'NONE', *, *, #47, .F. ) ;
#298 = EDGE_LOOP ( 'NONE', ( #8, #764, #970, #1171 ) ) ;
#299 = DIRECTION ( 'NONE',  ( 1.000000000000000000, 0.000000000000000000, 0.000000000000000000 ) ) ;
#300 = CARTESIAN_POINT ( 'NONE',  ( 39.97116097332558837, 0.000000000000000000, 10.00000000000000000 ) ) ;
#301 = ORIENTED_EDGE ( 'NONE', *, *, #757, .F. ) ;
#302 = EDGE_CURVE ( 'NONE', #639, #1038, #1473, .T. ) ;
#303 = DIRECTION ( 'NONE',  ( -0.000000000000000000, -0.000000000000000000, -1.000000000000000000 ) ) ;
#304 = ORIENTED_EDGE ( 'NONE', *, *, #1043, .T. ) ;
#305 = EDGE_CURVE ( 'NONE', #1227, #1548, #427, .T. ) ;
#306 = PLANE ( 'NONE',  #1181 ) ;
#307 = DIRECTION ( 'NONE',  ( 0.000000000000000000, 0.000000000000000000, 1.000000000000000000 ) ) ;
#308 = CARTESIAN_POINT ( 'NONE',  ( -10.20000000000000107, 10.20000000000003837, 0.000000000000000000 ) ) ;
#309 = ORIENTED_EDGE ( 'NONE', *, *, #1293, .F. ) ;
#310 = CARTESIAN_POINT ( 'NONE',  ( -45.50000000000003553, -12.59440840897838676, -7.000000000000033751 ) ) ;
#311 = CARTESIAN_POINT ( 'NONE',  ( -37.50000000000002842, 3.191891195797325054E-13, 10.00000000000000000 ) ) ;
#312 = ORIENTED_EDGE ( 'NONE', *, *, #81, .F. ) ;
#313 = ORIENTED_EDGE ( 'NONE', *, *, #952, .F. ) ;
#314 = CARTESIAN_POINT ( 'NONE',  ( -15.09440840897853242, -42.99999999999998579, -115.0854889390574840 ) ) ;
#315 = ORIENTED_EDGE ( 'NONE', *, *, #878, .F. ) ;
#316 = VECTOR ( 'NONE', #1658, 1000.000000000000000 ) ;
#317 = DIRECTION ( 'NONE',  ( -0.7071067811865462405, -0.7071067811865489050, 0.000000000000000000 ) ) ;
#318 = ORIENTED_EDGE ( 'NONE', *, *, #840, .T. ) ;
#319 = VECTOR ( 'NONE', #1001, 1000.000000000000000 ) ;
#320 = DIRECTION ( 'NONE',  ( 0.000000000000000000, 0.000000000000000000, 1.000000000000000000 ) ) ;
#321 = VECTOR ( 'NONE', #1113, 1000.000000000000114 ) ;
#322 = DIRECTION ( 'NONE',  ( 0.000000000000000000, -0.000000000000000000, 1.000000000000000000 ) ) ;
#323 = ORIENTED_EDGE ( 'NONE', *, *, #185, .T. ) ;
#324 = EDGE_CURVE ( 'NONE', #747, #478, #143, .T. ) ;
#325 = AXIS2_PLACEMENT_3D ( 'NONE', #271, #556, #1713 ) ;
#326 = ADVANCED_FACE ( 'NONE', ( #1484, #1902, #1598, #292, #1338 ), #565, .T. ) ;
#327 = DIRECTION ( 'NONE',  ( 0.000000000000000000, -1.000000000000000000, 1.705548260397481070E-16 ) ) ;
#328 = FACE_OUTER_BOUND ( 'NONE', #1268, .T. ) ;
#329 = EDGE_CURVE ( 'NONE', #1599, #566, #132, .T. ) ;
#330 = ORIENTED_EDGE ( 'NONE', *, *, #936, .F. ) ;
#331 = DIRECTION ( 'NONE',  ( 0.000000000000000000, -1.000000000000000000, 1.734723475976806848E-16 ) ) ;
#332 = EDGE_LOOP ( 'NONE', ( #1020, #1003, #1156, #839 ) ) ;
#333 = ORIENTED_EDGE ( 'NONE', *, *, #270, .F. ) ;
#334 = FACE_OUTER_BOUND ( 'NONE', #1716, .T. ) ;
#335 = EDGE_CURVE ( 'NONE', #606, #1076, #874, .T. ) ;
#336 = DIRECTION ( 'NONE',  ( 1.000000000000000000, 0.000000000000000000, 0.000000000000000000 ) ) ;
#337 = FACE_OUTER_BOUND ( 'NONE', #157, .T. ) ;
#338 = EDGE_LOOP ( 'NONE', ( #1342, #476 ) ) ;
#339 = EDGE_CURVE ( 'NONE', #1674, #1541, #1488, .T. ) ;
#340 = DIRECTION ( 'NONE',  ( 1.000000000000000000, 0.000000000000000000, 0.000000000000000000 ) ) ;
#341 = CARTESIAN_POINT ( 'NONE',  ( -1.550000000000027578, 29.99999999999999289, -115.0854889390574840 ) ) ;
#342 = ORIENTED_EDGE ( 'NONE', *, *, #515, .F. ) ;
#343 = ORIENTED_EDGE ( 'NONE', *, *, #718, .T. ) ;
#344 = SURFACE_STYLE_FILL_AREA ( #1812 ) ;
#345 = FACE_OUTER_BOUND ( 'NONE', #1749, .T. ) ;
#346 = CIRCLE ( 'NONE', #610, 4.999999999999997335 ) ;
#347 = CARTESIAN_POINT ( 'NONE',  ( -4.500000000000000000, 5.510910596163088569E-16, 9.000000000000008882 ) ) ;
#348 = ORIENTED_EDGE ( 'NONE', *, *, #1319, .T. ) ;
#349 = AXIS2_PLACEMENT_3D ( 'NONE', #1629, #29, #142 ) ;
#350 = ORIENTED_EDGE ( 'NONE', *, *, #1787, .T. ) ;
#351 = ADVANCED_FACE ( 'NONE', ( #1315 ), #744, .T. ) ;
#352 = AXIS2_PLACEMENT_3D ( 'NONE', #236, #821, #1412 ) ;
#353 = AXIS2_PLACEMENT_3D ( 'NONE', #1410, #525, #1246 ) ;
#354 =( GEOMETRIC_REPRESENTATION_CONTEXT ( 3 ) GLOBAL_UNCERTAINTY_ASSIGNED_CONTEXT ( ( #1034 ) ) GLOBAL_UNIT_ASSIGNED_CONTEXT ( ( #1867, #395, #1740 ) ) REPRESENTATION_CONTEXT ( 'NONE', 'WORKASPACE' ) );
#355 = ORIENTED_EDGE ( 'NONE', *, *, #1240, .F. ) ;
#356 = CARTESIAN_POINT ( 'NONE',  ( 7.585530313790471268, 29.99999999999999289, -7.000000000000031974 ) ) ;
#357 = CYLINDRICAL_SURFACE ( 'NONE', #289, 4.999999999999999112 ) ;
#358 = CARTESIAN_POINT ( 'NONE',  ( -45.50000000000002132, 10.52334059711292369, -115.0854889390574840 ) ) ;
#359 = DIRECTION ( 'NONE',  ( 0.000000000000000000, 0.000000000000000000, -1.000000000000000000 ) ) ;
#360 = EDGE_CURVE ( 'NONE', #267, #1134, #1170, .T. ) ;
#361 = ORIENTED_EDGE ( 'NONE', *, *, #1208, .F. ) ;
#362 = EDGE_CURVE ( 'NONE', #1665, #1477, #1762, .T. ) ;
#363 = ORIENTED_EDGE ( 'NONE', *, *, #147, .F. ) ;
#364 = DIRECTION ( 'NONE',  ( 0.000000000000000000, 0.000000000000000000, 1.000000000000000000 ) ) ;
#365 = CARTESIAN_POINT ( 'NONE',  ( 35.37116097332558695, 1.959434878635763751E-16, 0.000000000000000000 ) ) ;
#366 = DIRECTION ( 'NONE',  ( -1.040834085586084848E-15, -1.000000000000000000, 1.734723475976808080E-16 ) ) ;
#367 = DIRECTION ( 'NONE',  ( 0.000000000000000000, 0.000000000000000000, 1.000000000000000000 ) ) ;
#368 = DIRECTION ( 'NONE',  ( 1.000000000000000000, 0.000000000000000000, 0.000000000000000000 ) ) ;
#369 = ORIENTED_EDGE ( 'NONE', *, *, #1691, .F. ) ;
#370 = PLANE ( 'NONE',  #471 ) ;
#371 = VECTOR ( 'NONE', #1538, 1000.000000000000000 ) ;
#372 = LINE ( 'NONE', #806, #321 ) ;
#373 = CARTESIAN_POINT ( 'NONE',  ( -32.50000000000002842, 3.191891195797325054E-13, -6.000000000000088818 ) ) ;
#374 = CONICAL_SURFACE ( 'NONE', #287, 11.09999999999999787, 0.8028514559173972609 ) ;
#375 = AXIS2_PLACEMENT_3D ( 'NONE', #219, #1398, #1507 ) ;
#376 = AXIS2_PLACEMENT_3D ( 'NONE', #974, #1569, #1138 ) ;
#377 = EDGE_CURVE ( 'NONE', #651, #1369, #1452, .T. ) ;
#378 = ORIENTED_EDGE ( 'NONE', *, *, #1908, .T. ) ;
#379 = EDGE_CURVE ( 'NONE', #1279, #1125, #1292, .T. ) ;
#380 = VECTOR ( 'NONE', #89, 1000.000000000000000 ) ;
#381 = FACE_BOUND ( 'NONE', #1253, .T. ) ;
#382 = ADVANCED_FACE ( 'NONE', ( #1630 ), #456, .F. ) ;
#383 = CARTESIAN_POINT ( 'NONE',  ( -40.50000000000002132, -10.52334059711292724, -115.0854889390574840 ) ) ;
#384 = DIRECTION ( 'NONE',  ( 0.000000000000000000, 0.000000000000000000, 1.000000000000000000 ) ) ;
#385 = ORIENTED_EDGE ( 'NONE', *, *, #780, .F. ) ;
#386 = CARTESIAN_POINT ( 'NONE',  ( 6.549999999999974065, -30.00000000000002132, -6.000000000000060396 ) ) ;
#387 = ADVANCED_FACE ( 'NONE', ( #902 ), #1793, .T. ) ;
#388 = CARTESIAN_POINT ( 'NONE',  ( 14.97116097332557771, 43.00000000000000000, 10.00000000000000000 ) ) ;
#389 = ORIENTED_EDGE ( 'NONE', *, *, #1015, .T. ) ;
#390 = DIRECTION ( 'NONE',  ( 1.000000000000000000, 0.000000000000000000, 0.000000000000000000 ) ) ;
#391 = ORIENTED_EDGE ( 'NONE', *, *, #1561, .F. ) ;
#392 = CARTESIAN_POINT ( 'NONE',  ( -10.20000000000000107, 10.20000000000005613, -7.000000000000033751 ) ) ;
#393 = ORIENTED_EDGE ( 'NONE', *, *, #730, .T. ) ;
#394 = DIRECTION ( 'NONE',  ( 0.000000000000000000, -0.000000000000000000, 1.000000000000000000 ) ) ;
#395 =( NAMED_UNIT ( * ) PLANE_ANGLE_UNIT ( ) SI_UNIT ( $, .RADIAN. ) );
#396 = DIRECTION ( 'NONE',  ( -2.081668171172168760E-16, 1.000000000000000000, 0.000000000000000000 ) ) ;
#397 = FACE_OUTER_BOUND ( 'NONE', #1655, .T. ) ;
#398 = ORIENTED_EDGE ( 'NONE', *, *, #840, .F. ) ;
#399 = CYLINDRICAL_SURFACE ( 'NONE', #1579, 3.000000000000002665 ) ;
#400 = ORIENTED_EDGE ( 'NONE', *, *, #894, .T. ) ;
#401 = FACE_OUTER_BOUND ( 'NONE', #1117, .T. ) ;
#402 = AXIS2_PLACEMENT_3D ( 'NONE', #262, #384, #1879 ) ;
#403 = EDGE_CURVE ( 'NONE', #1184, #1754, #671, .T. ) ;
#404 = ORIENTED_EDGE ( 'NONE', *, *, #1684, .T. ) ;
#405 = VECTOR ( 'NONE', #691, 1000.000000000000000 ) ;
#406 = CARTESIAN_POINT ( 'NONE',  ( 6.549999999999974065, 29.99999999999999289, -6.000000000000102141 ) ) ;
#407 = AXIS2_PLACEMENT_3D ( 'NONE', #244, #259, #1137 ) ;
#408 = ORIENTED_EDGE ( 'NONE', *, *, #488, .T. ) ;
#409 = AXIS2_PLACEMENT_3D ( 'NONE', #135, #1846, #1893 ) ;
#410 = CARTESIAN_POINT ( 'NONE',  ( 22.97116097332557416, -15.19999999999996199, -6.942561213308352009E-15 ) ) ;
#411 = DIRECTION ( 'NONE',  ( -1.000000000000000000, 0.000000000000000000, -0.000000000000000000 ) ) ;
#412 = ORIENTED_EDGE ( 'NONE', *, *, #1432, .T. ) ;
#413 = ORIENTED_EDGE ( 'NONE', *, *, #859, .T. ) ;
#414 = EDGE_CURVE ( 'NONE', #820, #100, #80, .T. ) ;
#415 = CYLINDRICAL_SURFACE ( 'NONE', #9, 5.000000000000000888 ) ;
#416 = EDGE_LOOP ( 'NONE', ( #378, #92 ) ) ;
#417 = PRODUCT_RELATED_PRODUCT_CATEGORY ( 'part', '', ( #137 ) ) ;
#418 = CARTESIAN_POINT ( 'NONE',  ( 19.97116097332557416, 15.20000000000003304, -39.35936991365589677 ) ) ;
#419 = DIRECTION ( 'NONE',  ( 0.000000000000000000, 0.000000000000000000, -1.000000000000000000 ) ) ;
#420 = ORIENTED_EDGE ( 'NONE', *, *, #241, .T. ) ;
#421 = DIRECTION ( 'NONE',  ( -0.000000000000000000, -0.000000000000000000, 1.000000000000000000 ) ) ;
#422 = ORIENTED_EDGE ( 'NONE', *, *, #302, .F. ) ;
#423 = DIRECTION ( 'NONE',  ( -8.503546450866687256E-17, 1.000000000000000000, 0.000000000000000000 ) ) ;
#424 = ORIENTED_EDGE ( 'NONE', *, *, #101, .T. ) ;
#425 = CARTESIAN_POINT ( 'NONE',  ( 39.97116097332558837, 0.000000000000000000, 7.000000000000000000 ) ) ;
#426 = CARTESIAN_POINT ( 'NONE',  ( -4.500000000000000000, 5.510910596163088569E-16, 5.000000000000000000 ) ) ;
#427 = LINE ( 'NONE', #308, #158 ) ;
#428 = VERTEX_POINT ( 'NONE', #365 ) ;
#429 = PLANE ( 'NONE',  #353 ) ;
#430 = EDGE_LOOP ( 'NONE', ( #451, #1811, #275, #540 ) ) ;
#431 = DIRECTION ( 'NONE',  ( 1.000000000000000000, 0.000000000000000000, 0.000000000000000000 ) ) ;
#432 = AXIS2_PLACEMENT_3D ( 'NONE', #1355, #1249, #919 ) ;
#433 = EDGE_LOOP ( 'NONE', ( #1012, #1283 ) ) ;
#434 = CONICAL_SURFACE ( 'NONE', #1365, 11.09999999999999787, 0.8028514559173972609 ) ;
#435 = CARTESIAN_POINT ( 'NONE',  ( 0.000000000000000000, 0.000000000000000000, 5.000000000000000000 ) ) ;
#436 = EDGE_CURVE ( 'NONE', #999, #1548, #1229, .T. ) ;
#437 = CIRCLE ( 'NONE', #1702, 4.050000000000001599 ) ;
#438 = DIRECTION ( 'NONE',  ( -0.000000000000000000, -0.000000000000000000, -1.000000000000000000 ) ) ;
#439 = CARTESIAN_POINT ( 'NONE',  ( 19.97116097332557416, 43.00000000000000711, -7.000000000000033751 ) ) ;
#440 = VECTOR ( 'NONE', #1431, 1000.000000000000000 ) ;
#441 = ORIENTED_EDGE ( 'NONE', *, *, #377, .T. ) ;
#442 = EDGE_CURVE ( 'NONE', #186, #1882, #36, .T. ) ;
#443 = AXIS2_PLACEMENT_3D ( 'NONE', #1823, #487, #793 ) ;
#444 = DIRECTION ( 'NONE',  ( 1.000000000000000000, 0.000000000000000000, 0.000000000000000000 ) ) ;
#445 = VERTEX_POINT ( 'NONE', #1679 ) ;
#446 = PLANE ( 'NONE',  #812 ) ;
#447 = APPLICATION_PROTOCOL_DEFINITION ( 'draft international standard', 'automotive_design', 1998, #226 ) ;
#448 = ADVANCED_FACE ( 'NONE', ( #773 ), #374, .F. ) ;
#449 = FACE_BOUND ( 'NONE', #969, .T. ) ;
#450 = CARTESIAN_POINT ( 'NONE',  ( -27.50000000000003197, 3.198014429793062064E-13, 10.00000000000000000 ) ) ;
#451 = ORIENTED_EDGE ( 'NONE', *, *, #124, .F. ) ;
#452 = DIRECTION ( 'NONE',  ( -0.000000000000000000, -0.000000000000000000, 1.000000000000000000 ) ) ;
#453 = ORIENTED_EDGE ( 'NONE', *, *, #461, .T. ) ;
#454 = DIRECTION ( 'NONE',  ( 1.000000000000000000, 0.000000000000000000, 0.000000000000000000 ) ) ;
#455 = CARTESIAN_POINT ( 'NONE',  ( 16.40000000000000213, 1.959434878635768681E-16, 7.000000000000000888 ) ) ;
#456 = CYLINDRICAL_SURFACE ( 'NONE', #1261, 4.050000000000001599 ) ;
#457 = ADVANCED_FACE ( 'NONE', ( #337 ), #60, .T. ) ;
#458 = DIRECTION ( 'NONE',  ( -0.000000000000000000, -0.000000000000000000, -1.000000000000000000 ) ) ;
#459 = VERTEX_POINT ( 'NONE', #624 ) ;
#460 = AXIS2_PLACEMENT_3D ( 'NONE', #184, #367, #951 ) ;
#461 = EDGE_CURVE ( 'NONE', #945, #988, #1214, .T. ) ;
#462 = CARTESIAN_POINT ( 'NONE',  ( -4.500000000000000000, 5.510910596163088569E-16, 9.000000000000008882 ) ) ;
#463 = AXIS2_PLACEMENT_3D ( 'NONE', #373, #944, #795 ) ;
#464 = EDGE_LOOP ( 'NONE', ( #1419, #1377, #1504, #1029 ) ) ;
#465 = PRODUCT_CONTEXT ( 'NONE', #226, 'mechanical' ) ;
#466 = AXIS2_PLACEMENT_3D ( 'NONE', #1785, #1341, #1641 ) ;
#467 = DIRECTION ( 'NONE',  ( 0.000000000000000000, 0.000000000000000000, 1.000000000000000000 ) ) ;
#468 = LINE ( 'NONE', #1389, #38 ) ;
#469 = ORIENTED_EDGE ( 'NONE', *, *, #1845, .F. ) ;
#470 = AXIS2_PLACEMENT_3D ( 'NONE', #950, #1382, #521 ) ;
#471 = AXIS2_PLACEMENT_3D ( 'NONE', #791, #88, #940 ) ;
#472 = DIRECTION ( 'NONE',  ( 1.000000000000000000, 0.000000000000000000, 0.000000000000000000 ) ) ;
#473 = VERTEX_POINT ( 'NONE', #1098 ) ;
#474 =( GEOMETRIC_REPRESENTATION_CONTEXT ( 3 ) GLOBAL_UNCERTAINTY_ASSIGNED_CONTEXT ( ( #15 ) ) GLOBAL_UNIT_ASSIGNED_CONTEXT ( ( #1262, #1128, #668 ) ) REPRESENTATION_CONTEXT ( 'NONE', 'WORKASPACE' ) );
#475 = EDGE_CURVE ( 'NONE', #1692, #937, #929, .T. ) ;
#476 = ORIENTED_EDGE ( 'NONE', *, *, #530, .T. ) ;
#477 = EDGE_CURVE ( 'NONE', #128, #1387, #468, .T. ) ;
#478 = VERTEX_POINT ( 'NONE', #486 ) ;
#479 = LINE ( 'NONE', #1182, #11 ) ;
#480 = DIRECTION ( 'NONE',  ( 0.000000000000000000, 0.000000000000000000, -1.000000000000000000 ) ) ;
#481 = VERTEX_POINT ( 'NONE', #51 ) ;
#482 = CARTESIAN_POINT ( 'NONE',  ( 44.97116097332558127, -12.19999999999996199, -39.35936991365589677 ) ) ;
#483 = DIRECTION ( 'NONE',  ( 1.000000000000000000, 0.000000000000000000, -0.000000000000000000 ) ) ;
#484 = CARTESIAN_POINT ( 'NONE',  ( 22.97116097332557416, -18.19999999999996732, 0.000000000000000000 ) ) ;
#485 = FACE_OUTER_BOUND ( 'NONE', #1042, .T. ) ;
#486 = CARTESIAN_POINT ( 'NONE',  ( 14.97116097332557594, 43.00000000000000000, -7.000000000000031086 ) ) ;
#487 = DIRECTION ( 'NONE',  ( 0.000000000000000000, 0.000000000000000000, 1.000000000000000000 ) ) ;
#488 = EDGE_CURVE ( 'NONE', #1904, #1626, #1078, .T. ) ;
#489 = DIRECTION ( 'NONE',  ( 0.000000000000000000, -1.000000000000000000, 0.000000000000000000 ) ) ;
#490 = CARTESIAN_POINT ( 'NONE',  ( 36.97116097332558127, 0.000000000000000000, 7.000000000000000888 ) ) ;
#491 = PRESENTATION_STYLE_ASSIGNMENT (( #1821 ) ) ;
#492 = CARTESIAN_POINT ( 'NONE',  ( -32.50000000000002842, 3.191891195797325054E-13, -6.000000000000088818 ) ) ;
#493 = ADVANCED_FACE ( 'NONE', ( #345 ), #357, .T. ) ;
#494 = VECTOR ( 'NONE', #532, 1000.000000000000000 ) ;
#495 = DIRECTION ( 'NONE',  ( 0.000000000000000000, 0.000000000000000000, 1.000000000000000000 ) ) ;
#496 = LINE ( 'NONE', #637, #371 ) ;
#497 = VECTOR ( 'NONE', #766, 1000.000000000000000 ) ;
#498 = EDGE_CURVE ( 'NONE', #510, #481, #1606, .T. ) ;
#499 = CONICAL_SURFACE ( 'NONE', #742, 4.500000000000000000, 0.8028514559173851595 ) ;
#500 = ORIENTED_EDGE ( 'NONE', *, *, #362, .T. ) ;
#501 = CIRCLE ( 'NONE', #166, 5.085530313790495249 ) ;
#502 = DIRECTION ( 'NONE',  ( 0.000000000000000000, 0.000000000000000000, 1.000000000000000000 ) ) ;
#503 = CIRCLE ( 'NONE', #1770, 4.050000000000001599 ) ;
#504 = ORIENTED_EDGE ( 'NONE', *, *, #1300, .T. ) ;
#505 = PLANE ( 'NONE',  #45 ) ;
#506 = FACE_OUTER_BOUND ( 'NONE', #1880, .T. ) ;
#507 = CARTESIAN_POINT ( 'NONE',  ( 15.00000000000000178, 3.673940397442060854E-16, 7.000000000000000000 ) ) ;
#508 = CARTESIAN_POINT ( 'NONE',  ( 33.97116097332558127, 3.673940397442059868E-16, 7.000000000000000000 ) ) ;
#509 = ORIENTED_EDGE ( 'NONE', *, *, #530, .F. ) ;
#510 = VERTEX_POINT ( 'NONE', #783 ) ;
#511 = CARTESIAN_POINT ( 'NONE',  ( 2.499999999999973355, 29.99999999999999289, -115.0854889390574840 ) ) ;
#512 = CARTESIAN_POINT ( 'NONE',  ( 39.97116097332558837, 0.000000000000000000, 7.000000000000000000 ) ) ;
#513 = CARTESIAN_POINT ( 'NONE',  ( 22.97116097332557416, -15.19999999999996199, 10.00000000000000000 ) ) ;
#514 = CARTESIAN_POINT ( 'NONE',  ( 6.549999999999974065, -30.00000000000002132, -6.000000000000060396 ) ) ;
#515 = EDGE_CURVE ( 'NONE', #1455, #568, #1644, .T. ) ;
#516 = LINE ( 'NONE', #1108, #1896 ) ;
#517 = ORIENTED_EDGE ( 'NONE', *, *, #305, .F. ) ;
#518 = ADVANCED_FACE ( 'NONE', ( #328 ), #941, .F. ) ;
#519 = CARTESIAN_POINT ( 'NONE',  ( 19.97116097332557416, 15.20000000000003304, -6.938893903907228378E-15 ) ) ;
#520 = CARTESIAN_POINT ( 'NONE',  ( 14.97116097332557594, -15.20000000000000107, 0.000000000000000000 ) ) ;
#521 = DIRECTION ( 'NONE',  ( 1.000000000000000000, 0.000000000000000000, 0.000000000000000000 ) ) ;
#522 = PLANE ( 'NONE',  #73 ) ;
#523 = AXIS2_PLACEMENT_3D ( 'NONE', #250, #684, #264 ) ;
#524 = CIRCLE ( 'NONE', #376, 4.999999999999999112 ) ;
#525 = DIRECTION ( 'NONE',  ( 0.000000000000000000, -1.000000000000000000, 0.000000000000000000 ) ) ;
#526 = ADVANCED_FACE ( 'NONE', ( #506 ), #949, .T. ) ;
#527 = AXIS2_PLACEMENT_3D ( 'NONE', #1354, #35, #1910 ) ;
#528 = ORIENTED_EDGE ( 'NONE', *, *, #1814, .F. ) ;
#529 = VECTOR ( 'NONE', #1014, 1000.000000000000000 ) ;
#530 = EDGE_CURVE ( 'NONE', #1387, #1140, #1209, .T. ) ;
#531 = DIRECTION ( 'NONE',  ( 0.000000000000000000, -1.000000000000000000, 1.429458318772859677E-16 ) ) ;
#532 = DIRECTION ( 'NONE',  ( -0.000000000000000000, -0.000000000000000000, 1.000000000000000000 ) ) ;
#533 = ORIENTED_EDGE ( 'NONE', *, *, #1894, .T. ) ;
#534 = EDGE_LOOP ( 'NONE', ( #831, #877 ) ) ;
#535 = CARTESIAN_POINT ( 'NONE',  ( -1.550000000000027578, -30.00000000000002132, -6.000000000000060396 ) ) ;
#536 = EDGE_LOOP ( 'NONE', ( #342, #781, #1756, #330 ) ) ;
#537 = DIRECTION ( 'NONE',  ( 2.775557561562892929E-15, -1.000000000000000000, 1.734723475976808080E-16 ) ) ;
#538 = DIRECTION ( 'NONE',  ( 0.000000000000000000, 0.000000000000000000, -1.000000000000000000 ) ) ;
#539 = ADVANCED_FACE ( 'NONE', ( #1448 ), #415, .T. ) ;
#540 = ORIENTED_EDGE ( 'NONE', *, *, #498, .F. ) ;
#541 = VERTEX_POINT ( 'NONE', #242 ) ;
#542 = CARTESIAN_POINT ( 'NONE',  ( 18.00000000000000355, 0.000000000000000000, -7.000000000000035527 ) ) ;
#543 = CARTESIAN_POINT ( 'NONE',  ( -13.02334059711305159, 43.00000000000000000, -115.0854889390574840 ) ) ;
#544 = ADVANCED_FACE ( 'NONE', ( #401 ), #1311, .T. ) ;
#545 = CARTESIAN_POINT ( 'NONE',  ( 22.97116097332557416, 15.20000000000003304, 10.00000000000000000 ) ) ;
#546 = CARTESIAN_POINT ( 'NONE',  ( 2.499999999999973355, -30.00000000000002132, -6.000000000000060396 ) ) ;
#547 = ORIENTED_EDGE ( 'NONE', *, *, #775, .F. ) ;
#548 = ORIENTED_EDGE ( 'NONE', *, *, #1379, .T. ) ;
#549 = EDGE_CURVE ( 'NONE', #1136, #1309, #1055, .T. ) ;
#550 = CARTESIAN_POINT ( 'NONE',  ( -1.040834085586083941E-14, -6.938893903907231533E-15, 0.000000000000000000 ) ) ;
#551 = CIRCLE ( 'NONE', #925, 3.000000000000002665 ) ;
#552 = ORIENTED_EDGE ( 'NONE', *, *, #630, .F. ) ;
#553 = AXIS2_PLACEMENT_3D ( 'NONE', #861, #1307, #1016 ) ;
#554 = DIRECTION ( 'NONE',  ( 0.000000000000000000, 1.000000000000000000, 0.000000000000000000 ) ) ;
#555 = CIRCLE ( 'NONE', #650, 3.000000000000002665 ) ;
#556 = DIRECTION ( 'NONE',  ( 8.818711551115223354E-17, -1.566647076034557857E-16, -1.000000000000000000 ) ) ;
#557 = VECTOR ( 'NONE', #94, 1000.000000000000000 ) ;
#558 = CARTESIAN_POINT ( 'NONE',  ( 14.97116097332557771, 15.20000000000004015, -115.0854889390574840 ) ) ;
#559 = DIRECTION ( 'NONE',  ( -0.000000000000000000, 0.000000000000000000, -1.000000000000000000 ) ) ;
#560 = EDGE_LOOP ( 'NONE', ( #1642, #207, #33, #248 ) ) ;
#561 = DIRECTION ( 'NONE',  ( 0.000000000000000000, 0.000000000000000000, 1.000000000000000000 ) ) ;
#562 = EDGE_LOOP ( 'NONE', ( #404, #97 ) ) ;
#563 = FACE_BOUND ( 'NONE', #813, .T. ) ;
#564 = CARTESIAN_POINT ( 'NONE',  ( -2.600000000000010303, -6.938893903907231533E-15, 10.00000000000000000 ) ) ;
#565 = PLANE ( 'NONE',  #1051 ) ;
#566 = VERTEX_POINT ( 'NONE', #837 ) ;
#567 = DIRECTION ( 'NONE',  ( -0.000000000000000000, -0.000000000000000000, -1.000000000000000000 ) ) ;
#568 = VERTEX_POINT ( 'NONE', #535 ) ;
#569 = EDGE_CURVE ( 'NONE', #1174, #1599, #1593, .T. ) ;
#570 = CARTESIAN_POINT ( 'NONE',  ( -16.55887450304578579, -41.53553390593272354, -7.000000000000026645 ) ) ;
#571 = EDGE_CURVE ( 'NONE', #1159, #731, #1297, .T. ) ;
#572 = ORIENTED_EDGE ( 'NONE', *, *, #1832, .F. ) ;
#573 = CARTESIAN_POINT ( 'NONE',  ( 41.97116097332557416, 12.20000000000003837, 10.00000000000000178 ) ) ;
#574 = ADVANCED_FACE ( 'NONE', ( #1720 ), #266, .F. ) ;
#575 = CARTESIAN_POINT ( 'NONE',  ( 36.97116097332558127, 0.000000000000000000, 0.000000000000000000 ) ) ;
#576 = ORIENTED_EDGE ( 'NONE', *, *, #1532, .F. ) ;
#577 = DIRECTION ( 'NONE',  ( -1.000000000000000000, 0.000000000000000000, 0.000000000000000000 ) ) ;
#578 = VERTEX_POINT ( 'NONE', #1573 ) ;
#579 = AXIS2_PLACEMENT_3D ( 'NONE', #1518, #778, #1360 ) ;
#580 = CIRCLE ( 'NONE', #1673, 5.000000000000000000 ) ;
#581 = EDGE_LOOP ( 'NONE', ( #312, #1378, #914, #862 ) ) ;
#582 = EDGE_CURVE ( 'NONE', #864, #1071, #1417, .T. ) ;
#583 = VECTOR ( 'NONE', #1872, 1000.000000000000000 ) ;
#584 = FACE_OUTER_BOUND ( 'NONE', #1633, .T. ) ;
#585 = CIRCLE ( 'NONE', #258, 4.050000000000001599 ) ;
#586 = EDGE_CURVE ( 'NONE', #988, #677, #927, .T. ) ;
#587 = CARTESIAN_POINT ( 'NONE',  ( -44.03553390593276617, -14.05887450304565789, -7.000000000000033751 ) ) ;
#588 = LINE ( 'NONE', #160, #1021 ) ;
#589 = ORIENTED_EDGE ( 'NONE', *, *, #1358, .F. ) ;
#590 = DIRECTION ( 'NONE',  ( 1.000000000000000000, 0.000000000000000000, 0.000000000000000000 ) ) ;
#591 = CARTESIAN_POINT ( 'NONE',  ( -40.50000000000002132, -10.52334059711292724, -7.000000000000033751 ) ) ;
#592 = ORIENTED_EDGE ( 'NONE', *, *, #69, .F. ) ;
#593 = CARTESIAN_POINT ( 'NONE',  ( 36.97116097332558127, 0.000000000000000000, 7.000000000000000000 ) ) ;
#594 = ORIENTED_EDGE ( 'NONE', *, *, #1244, .T. ) ;
#595 = DIRECTION ( 'NONE',  ( 1.000000000000000000, 0.000000000000000000, 0.000000000000000000 ) ) ;
#596 = DIRECTION ( 'NONE',  ( 0.000000000000000000, 0.000000000000000000, 1.000000000000000000 ) ) ;
#597 = ORIENTED_EDGE ( 'NONE', *, *, #714, .T. ) ;
#598 = CARTESIAN_POINT ( 'NONE',  ( 14.97116097332557771, 15.20000000000004015, 0.000000000000000000 ) ) ;
#599 = ORIENTED_EDGE ( 'NONE', *, *, #442, .T. ) ;
#600 = EDGE_CURVE ( 'NONE', #128, #578, #42, .T. ) ;
#601 = CARTESIAN_POINT ( 'NONE',  ( 22.97116097332557416, 18.20000000000003126, -39.35936991365589677 ) ) ;
#602 = CARTESIAN_POINT ( 'NONE',  ( 19.97116097332557416, -18.19999999999996732, 0.000000000000000000 ) ) ;
#603 = DIRECTION ( 'NONE',  ( 0.000000000000000000, -1.000000000000000000, 1.429458318772859677E-16 ) ) ;
#604 = ADVANCED_FACE ( 'NONE', ( #685 ), #98, .T. ) ;
#605 = CARTESIAN_POINT ( 'NONE',  ( 14.97116097332557416, -43.00000000000000000, -115.0854889390574840 ) ) ;
#606 = VERTEX_POINT ( 'NONE', #285 ) ;
#607 = EDGE_CURVE ( 'NONE', #77, #1227, #276, .T. ) ;
#608 = EDGE_LOOP ( 'NONE', ( #391, #1794, #790, #398 ) ) ;
#609 = ORIENTED_EDGE ( 'NONE', *, *, #335, .T. ) ;
#610 = AXIS2_PLACEMENT_3D ( 'NONE', #1434, #1408, #1870 ) ;
#611 = ORIENTED_EDGE ( 'NONE', *, *, #1664, .F. ) ;
#612 = AXIS2_PLACEMENT_3D ( 'NONE', #979, #1737, #1010 ) ;
#613 = DIRECTION ( 'NONE',  ( -1.000000000000000000, 0.000000000000000000, 0.000000000000000000 ) ) ;
#614 = CARTESIAN_POINT ( 'NONE',  ( 19.97116097332557416, -15.20000000000000107, -115.0854889390574840 ) ) ;
#615 = ORIENTED_EDGE ( 'NONE', *, *, #973, .T. ) ;
#616 = VECTOR ( 'NONE', #1843, 1000.000000000000000 ) ;
#617 = CARTESIAN_POINT ( 'NONE',  ( 19.60000000000000142, 0.000000000000000000, -7.000000000000035527 ) ) ;
#618 = CARTESIAN_POINT ( 'NONE',  ( 2.499999999999973355, -30.00000000000002132, 5.000000000000000000 ) ) ;
#619 = AXIS2_PLACEMENT_3D ( 'NONE', #1522, #1531, #789 ) ;
#620 = ORIENTED_EDGE ( 'NONE', *, *, #1358, .T. ) ;
#621 = CARTESIAN_POINT ( 'NONE',  ( -45.50000000000002132, 12.59440840897841518, -7.000000000000033751 ) ) ;
#622 = ORIENTED_EDGE ( 'NONE', *, *, #1699, .F. ) ;
#623 = DIRECTION ( 'NONE',  ( -0.000000000000000000, 0.000000000000000000, -1.000000000000000000 ) ) ;
#624 = CARTESIAN_POINT ( 'NONE',  ( 21.00000000000000355, 0.000000000000000000, 7.000000000000000000 ) ) ;
#625 = CARTESIAN_POINT ( 'NONE',  ( -13.02334059711305336, -42.99999999999998579, 10.00000000000000000 ) ) ;
#626 = DIRECTION ( 'NONE',  ( 0.000000000000000000, -1.000000000000000000, 1.705548260397470716E-16 ) ) ;
#627 = ORIENTED_EDGE ( 'NONE', *, *, #1898, .F. ) ;
#628 = DIRECTION ( 'NONE',  ( -1.000000000000000000, 0.000000000000000000, 0.000000000000000000 ) ) ;
#629 = ORIENTED_EDGE ( 'NONE', *, *, #1043, .F. ) ;
#630 = EDGE_CURVE ( 'NONE', #1048, #1875, #696, .T. ) ;
#631 = ORIENTED_EDGE ( 'NONE', *, *, #549, .F. ) ;
#632 = DIRECTION ( 'NONE',  ( -1.000000000000000000, 0.000000000000000000, 0.000000000000000000 ) ) ;
#633 = CARTESIAN_POINT ( 'NONE',  ( -21.40000000000003055, 3.191891195797325054E-13, -115.0854889390574840 ) ) ;
#634 = EDGE_CURVE ( 'NONE', #186, #188, #866, .T. ) ;
#635 = CARTESIAN_POINT ( 'NONE',  ( 22.97116097332557416, -18.19999999999996732, -115.0854889390574840 ) ) ;
#636 = DIRECTION ( 'NONE',  ( 0.000000000000000000, 0.000000000000000000, 1.000000000000000000 ) ) ;
#637 = CARTESIAN_POINT ( 'NONE',  ( 19.97116097332557416, 43.00000000000000000, 0.000000000000000000 ) ) ;
#638 = VERTEX_POINT ( 'NONE', #1270 ) ;
#639 = VERTEX_POINT ( 'NONE', #570 ) ;
#640 = AXIS2_PLACEMENT_3D ( 'NONE', #618, #359, #1073 ) ;
#641 = FILL_AREA_STYLE_COLOUR ( '', #776 ) ;
#642 = CARTESIAN_POINT ( 'NONE',  ( -44.03553390593276617, 14.05887450304565611, -115.0854889390574840 ) ) ;
#643 = CARTESIAN_POINT ( 'NONE',  ( -15.09440840897853953, -42.99999999999998579, -7.000000000000020428 ) ) ;
#644 = VECTOR ( 'NONE', #1183, 1000.000000000000000 ) ;
#645 = DIRECTION ( 'NONE',  ( 8.818711551115223354E-17, -1.566647076034557857E-16, -1.000000000000000000 ) ) ;
#646 = CARTESIAN_POINT ( 'NONE',  ( -40.50000000000002132, 10.52334059711292369, -7.000000000000033751 ) ) ;
#647 = CIRCLE ( 'NONE', #75, 5.000000000000000888 ) ;
#648 = VECTOR ( 'NONE', #281, 1000.000000000000000 ) ;
#649 = ORIENTED_EDGE ( 'NONE', *, *, #1757, .F. ) ;
#650 = AXIS2_PLACEMENT_3D ( 'NONE', #1274, #1450, #711 ) ;
#651 = VERTEX_POINT ( 'NONE', #1755 ) ;
#652 = LINE ( 'NONE', #1694, #1059 ) ;
#653 = DIRECTION ( 'NONE',  ( -1.000000000000000000, 0.000000000000000000, 0.000000000000000000 ) ) ;
#654 = DIRECTION ( 'NONE',  ( -1.000000000000000000, 0.000000000000000000, 0.000000000000000000 ) ) ;
#655 = ADVANCED_FACE ( 'NONE', ( #1852 ), #434, .F. ) ;
#656 = DIRECTION ( 'NONE',  ( -0.000000000000000000, -0.000000000000000000, -1.000000000000000000 ) ) ;
#657 = CARTESIAN_POINT ( 'NONE',  ( 2.599999999999989431, -6.620485736128919517E-15, 5.000000000000000000 ) ) ;
#658 = ADVANCED_FACE ( 'NONE', ( #296 ), #876, .F. ) ;
#659 = EDGE_LOOP ( 'NONE', ( #1618, #1178 ) ) ;
#660 = DIRECTION ( 'NONE',  ( 0.7071067811865464625, -0.7071067811865486830, 0.000000000000000000 ) ) ;
#661 = CARTESIAN_POINT ( 'NONE',  ( 19.97116097332557416, -38.00000000000000711, 10.00000000000000000 ) ) ;
#662 = CARTESIAN_POINT ( 'NONE',  ( 6.549999999999974065, 29.99999999999999289, -115.0854889390574840 ) ) ;
#663 = DIRECTION ( 'NONE',  ( -0.000000000000000000, -0.000000000000000000, 1.000000000000000000 ) ) ;
#664 = EDGE_CURVE ( 'NONE', #173, #1887, #1764, .T. ) ;
#665 = CARTESIAN_POINT ( 'NONE',  ( 2.499999999999973355, 29.99999999999999289, -6.000000000000102141 ) ) ;
#666 = EDGE_CURVE ( 'NONE', #1174, #1227, #1426, .T. ) ;
#667 = ORIENTED_EDGE ( 'NONE', *, *, #1787, .F. ) ;
#668 =( NAMED_UNIT ( * ) SI_UNIT ( $, .STERADIAN. ) SOLID_ANGLE_UNIT ( ) );
#669 = DIRECTION ( 'NONE',  ( 0.000000000000000000, 0.000000000000000000, 1.000000000000000000 ) ) ;
#670 = CARTESIAN_POINT ( 'NONE',  ( 19.97116097332557416, 43.00000000000000000, -115.0854889390574840 ) ) ;
#671 = CIRCLE ( 'NONE', #1110, 3.000000000000002665 ) ;
#672 = AXIS2_PLACEMENT_3D ( 'NONE', #911, #1087, #68 ) ;
#673 = ORIENTED_EDGE ( 'NONE', *, *, #1013, .F. ) ;
#674 = CIRCLE ( 'NONE', #1241, 12.13553031379051994 ) ;
#675 = DIRECTION ( 'NONE',  ( -0.7071067811865486830, -0.7071067811865464625, 0.000000000000000000 ) ) ;
#676 = AXIS2_PLACEMENT_3D ( 'NONE', #1761, #307, #1781 ) ;
#677 = VERTEX_POINT ( 'NONE', #1133 ) ;
#678 = AXIS2_PLACEMENT_3D ( 'NONE', #905, #1795, #1765 ) ;
#679 = DIRECTION ( 'NONE',  ( -0.000000000000000000, -0.000000000000000000, 1.000000000000000000 ) ) ;
#680 = ADVANCED_FACE ( 'NONE', ( #1725 ), #399, .F. ) ;
#681 = DIRECTION ( 'NONE',  ( 0.000000000000000000, 0.000000000000000000, 1.000000000000000000 ) ) ;
#682 = CARTESIAN_POINT ( 'NONE',  ( 14.97116097332557771, -38.00000000000000711, -7.000000000000020428 ) ) ;
#683 = EDGE_LOOP ( 'NONE', ( #1786, #1892, #738, #315 ) ) ;
#684 = DIRECTION ( 'NONE',  ( 0.000000000000000000, 0.000000000000000000, -1.000000000000000000 ) ) ;
#685 = FACE_OUTER_BOUND ( 'NONE', #1774, .T. ) ;
#686 = ORIENTED_EDGE ( 'NONE', *, *, #664, .T. ) ;
#687 = EDGE_CURVE ( 'NONE', #566, #820, #1331, .T. ) ;
#688 = CARTESIAN_POINT ( 'NONE',  ( -1.550000000000027578, 29.99999999999999289, -6.000000000000102141 ) ) ;
#689 = LINE ( 'NONE', #860, #1403 ) ;
#690 = ADVANCED_FACE ( 'NONE', ( #1776 ), #1476, .T. ) ;
#691 = DIRECTION ( 'NONE',  ( -0.000000000000000000, -0.000000000000000000, 1.000000000000000000 ) ) ;
#692 = CARTESIAN_POINT ( 'NONE',  ( 0.000000000000000000, 0.000000000000000000, 10.00000000000000000 ) ) ;
#693 = ORIENTED_EDGE ( 'NONE', *, *, #1898, .T. ) ;
#694 = CARTESIAN_POINT ( 'NONE',  ( 36.97116097332558127, 0.000000000000000000, 7.000000000000000000 ) ) ;
#695 = ORIENTED_EDGE ( 'NONE', *, *, #130, .F. ) ;
#696 = LINE ( 'NONE', #126, #1730 ) ;
#697 = ORIENTED_EDGE ( 'NONE', *, *, #403, .T. ) ;
#698 = DIRECTION ( 'NONE',  ( 0.000000000000000000, 1.000000000000000000, 0.000000000000000000 ) ) ;
#699 = ORIENTED_EDGE ( 'NONE', *, *, #216, .T. ) ;
#700 = DIRECTION ( 'NONE',  ( 0.000000000000000000, 0.000000000000000000, -1.000000000000000000 ) ) ;
#701 = DIRECTION ( 'NONE',  ( -1.000000000000000000, -0.000000000000000000, -0.000000000000000000 ) ) ;
#702 = VERTEX_POINT ( 'NONE', #12 ) ;
#703 = CIRCLE ( 'NONE', #286, 2.999999999999999112 ) ;
#704 = VERTEX_POINT ( 'NONE', #1500 ) ;
#705 = AXIS2_PLACEMENT_3D ( 'NONE', #1454, #1028, #603 ) ;
#706 = DIRECTION ( 'NONE',  ( 1.000000000000000000, 0.000000000000000000, 0.000000000000000000 ) ) ;
#707 = CIRCLE ( 'NONE', #466, 4.500000000000000000 ) ;
#708 = VECTOR ( 'NONE', #933, 1000.000000000000000 ) ;
#709 = EDGE_LOOP ( 'NONE', ( #1018, #1367 ) ) ;
#710 = VECTOR ( 'NONE', #1567, 1000.000000000000000 ) ;
#711 = DIRECTION ( 'NONE',  ( 1.000000000000000000, 0.000000000000000000, 0.000000000000000000 ) ) ;
#712 = CIRCLE ( 'NONE', #1736, 4.050000000000001599 ) ;
#713 = CARTESIAN_POINT ( 'NONE',  ( -21.40000000000003055, 3.191891195797325054E-13, -6.000000000000088818 ) ) ;
#714 = EDGE_CURVE ( 'NONE', #1862, #868, #1610, .T. ) ;
#715 = LINE ( 'NONE', #1731, #1399 ) ;
#716 = DIRECTION ( 'NONE',  ( 0.000000000000000000, 0.000000000000000000, 1.000000000000000000 ) ) ;
#717 = ORIENTED_EDGE ( 'NONE', *, *, #414, .T. ) ;
#718 = EDGE_CURVE ( 'NONE', #908, #909, #913, .T. ) ;
#719 = VERTEX_POINT ( 'NONE', #311 ) ;
#720 = DIRECTION ( 'NONE',  ( 0.000000000000000000, 0.000000000000000000, 1.000000000000000000 ) ) ;
#721 = EDGE_CURVE ( 'NONE', #1572, #1587, #907, .T. ) ;
#722 = ORIENTED_EDGE ( 'NONE', *, *, #745, .F. ) ;
#723 = FACE_OUTER_BOUND ( 'NONE', #1124, .T. ) ;
#724 = DIRECTION ( 'NONE',  ( 1.000000000000000000, 0.000000000000000000, 0.000000000000000000 ) ) ;
#725 = CARTESIAN_POINT ( 'NONE',  ( 2.499999999999973355, 29.99999999999999289, -7.000000000000032863 ) ) ;
#726 = CARTESIAN_POINT ( 'NONE',  ( 41.97116097332558127, -15.19999999999996199, -39.35936991365589677 ) ) ;
#727 = ORIENTED_EDGE ( 'NONE', *, *, #666, .T. ) ;
#728 = CYLINDRICAL_SURFACE ( 'NONE', #1305, 4.500000000000000000 ) ;
#729 = VERTEX_POINT ( 'NONE', #183 ) ;
#730 = EDGE_CURVE ( 'NONE', #1548, #768, #1675, .T. ) ;
#731 = VERTEX_POINT ( 'NONE', #24 ) ;
#732 = CARTESIAN_POINT ( 'NONE',  ( 19.97116097332557416, 38.00000000000000000, 10.00000000000000000 ) ) ;
#733 = DIRECTION ( 'NONE',  ( 1.000000000000000000, 0.000000000000000000, 0.000000000000000000 ) ) ;
#734 = CARTESIAN_POINT ( 'NONE',  ( 2.499999999999973355, 29.99999999999999289, -7.000000000000032863 ) ) ;
#735 = ORIENTED_EDGE ( 'NONE', *, *, #1553, .F. ) ;
#736 = CARTESIAN_POINT ( 'NONE',  ( 18.00000000000000355, 0.000000000000000000, 0.000000000000000000 ) ) ;
#737 = CARTESIAN_POINT ( 'NONE',  ( 41.97116097332558127, -12.19999999999996021, 0.000000000000000000 ) ) ;
#738 = ORIENTED_EDGE ( 'NONE', *, *, #991, .T. ) ;
#739 = VECTOR ( 'NONE', #701, 1000.000000000000000 ) ;
#740 = VECTOR ( 'NONE', #1187, 1000.000000000000000 ) ;
#741 = CARTESIAN_POINT ( 'NONE',  ( 2.499999999999973355, -30.00000000000002132, -6.000000000000060396 ) ) ;
#742 = AXIS2_PLACEMENT_3D ( 'NONE', #1590, #669, #1264 ) ;
#743 = DIRECTION ( 'NONE',  ( 1.000000000000000000, 0.000000000000000000, 0.000000000000000000 ) ) ;
#744 = PLANE ( 'NONE',  #1728 ) ;
#745 = EDGE_CURVE ( 'NONE', #1631, #606, #1086, .T. ) ;
#746 = PRESENTATION_LAYER_ASSIGNMENT (  '', '', ( #1858 ) ) ;
#747 = VERTEX_POINT ( 'NONE', #777 ) ;
#748 = AXIS2_PLACEMENT_3D ( 'NONE', #1234, #502, #1540 ) ;
#749 = DIRECTION ( 'NONE',  ( -1.000000000000000000, 0.000000000000000000, 0.000000000000000000 ) ) ;
#750 = ORIENTED_EDGE ( 'NONE', *, *, #249, .T. ) ;
#751 = CARTESIAN_POINT ( 'NONE',  ( 2.499999999999973355, -30.00000000000002132, 5.000000000000000000 ) ) ;
#752 = EDGE_CURVE ( 'NONE', #864, #1076, #1349, .T. ) ;
#753 = VERTEX_POINT ( 'NONE', #1328 ) ;
#754 = CARTESIAN_POINT ( 'NONE',  ( -13.02334059711305159, -42.99999999999998579, -115.0854889390574840 ) ) ;
#755 = DIRECTION ( 'NONE',  ( 0.000000000000000000, 0.000000000000000000, 1.000000000000000000 ) ) ;
#756 = ORIENTED_EDGE ( 'NONE', *, *, #978, .F. ) ;
#757 = EDGE_CURVE ( 'NONE', #1485, #1609, #1375, .T. ) ;
#758 = CARTESIAN_POINT ( 'NONE',  ( 19.97116097332557416, -38.00000000000000711, 10.00000000000000000 ) ) ;
#759 = ORIENTED_EDGE ( 'NONE', *, *, #1119, .F. ) ;
#760 = DIRECTION ( 'NONE',  ( 1.000000000000000000, 0.000000000000000000, 0.000000000000000000 ) ) ;
#761 = ORIENTED_EDGE ( 'NONE', *, *, #130, .T. ) ;
#762 = DIRECTION ( 'NONE',  ( -8.818711551115223354E-17, 1.566647076034557857E-16, 1.000000000000000000 ) ) ;
#763 = CARTESIAN_POINT ( 'NONE',  ( 2.499999999999973355, 29.99999999999999289, 5.000000000000000000 ) ) ;
#764 = ORIENTED_EDGE ( 'NONE', *, *, #714, .F. ) ;
#765 = DIRECTION ( 'NONE',  ( 0.000000000000000000, 0.000000000000000000, -1.000000000000000000 ) ) ;
#766 = DIRECTION ( 'NONE',  ( 0.000000000000000000, 0.000000000000000000, 1.000000000000000000 ) ) ;
#767 = DIRECTION ( 'NONE',  ( 1.000000000000000000, 0.000000000000000000, 0.000000000000000000 ) ) ;
#768 = VERTEX_POINT ( 'NONE', #1359 ) ;
#769 = VECTOR ( 'NONE', #71, 1000.000000000000000 ) ;
#770 = ORIENTED_EDGE ( 'NONE', *, *, #1129, .T. ) ;
#771 = AXIS2_PLACEMENT_3D ( 'NONE', #32, #1486, #1510 ) ;
#772 = DIRECTION ( 'NONE',  ( 0.000000000000000000, 0.000000000000000000, 1.000000000000000000 ) ) ;
#773 = FACE_OUTER_BOUND ( 'NONE', #34, .T. ) ;
#774 = CIRCLE ( 'NONE', #1676, 3.000000000000002665 ) ;
#775 = EDGE_CURVE ( 'NONE', #753, #1470, #52, .T. ) ;
#776 = COLOUR_RGB ( '',1.000000000000000000, 1.000000000000000000, 1.000000000000000000 ) ;
#777 = CARTESIAN_POINT ( 'NONE',  ( -13.02334059711305159, 43.00000000000000000, -7.000000000000033751 ) ) ;
#778 = DIRECTION ( 'NONE',  ( 0.000000000000000000, 0.000000000000000000, 1.000000000000000000 ) ) ;
#779 = CIRCLE ( 'NONE', #1835, 4.050000000000001599 ) ;
#780 = EDGE_CURVE ( 'NONE', #578, #128, #1489, .T. ) ;
#781 = ORIENTED_EDGE ( 'NONE', *, *, #47, .T. ) ;
#782 = FACE_OUTER_BOUND ( 'NONE', #1296, .T. ) ;
#783 = CARTESIAN_POINT ( 'NONE',  ( -1.550000000000028244, 29.99999999999999289, 5.000000000000000000 ) ) ;
#784 = DIRECTION ( 'NONE',  ( 1.000000000000000000, 0.000000000000000000, 0.000000000000000000 ) ) ;
#785 = LINE ( 'NONE', #1555, #1301 ) ;
#786 = DIRECTION ( 'NONE',  ( 0.000000000000000000, -1.000000000000000000, 0.000000000000000000 ) ) ;
#787 = EDGE_CURVE ( 'NONE', #1191, #1572, #647, .T. ) ;
#788 = ORIENTED_EDGE ( 'NONE', *, *, #1603, .F. ) ;
#789 = DIRECTION ( 'NONE',  ( 1.000000000000000000, 0.000000000000000000, 0.000000000000000000 ) ) ;
#790 = ORIENTED_EDGE ( 'NONE', *, *, #1015, .F. ) ;
#791 = CARTESIAN_POINT ( 'NONE',  ( -40.50000000000002132, -10.52334059711292724, 0.000000000000000000 ) ) ;
#792 = DIRECTION ( 'NONE',  ( -0.000000000000000000, -0.000000000000000000, -1.000000000000000000 ) ) ;
#793 = DIRECTION ( 'NONE',  ( 1.000000000000000000, 0.000000000000000000, 0.000000000000000000 ) ) ;
#794 = CARTESIAN_POINT ( 'NONE',  ( 7.585530313790498802, -30.00000000000002132, -7.000000000000023093 ) ) ;
#795 = DIRECTION ( 'NONE',  ( 1.000000000000000000, 0.000000000000000000, 0.000000000000000000 ) ) ;
#796 = VERTEX_POINT ( 'NONE', #1767 ) ;
#797 = PLANE ( 'NONE',  #1460 ) ;
#798 = EDGE_CURVE ( 'NONE', #1631, #1692, #1632, .T. ) ;
#799 = ORIENTED_EDGE ( 'NONE', *, *, #23, .F. ) ;
#800 = VECTOR ( 'NONE', #150, 1000.000000000000000 ) ;
#801 = DIRECTION ( 'NONE',  ( 1.000000000000000000, 0.000000000000000000, 0.000000000000000000 ) ) ;
#802 = CARTESIAN_POINT ( 'NONE',  ( 14.97116097332557594, -15.20000000000000107, -115.0854889390574840 ) ) ;
#803 = DIRECTION ( 'NONE',  ( -1.000000000000000000, -1.040834085586084454E-15, 0.000000000000000000 ) ) ;
#804 = AXIS2_PLACEMENT_3D ( 'NONE', #115, #1154, #559 ) ;
#805 = ADVANCED_FACE ( 'NONE', ( #892, #1625 ), #1049, .F. ) ;
#806 = CARTESIAN_POINT ( 'NONE',  ( -1.550000000000027578, -30.00000000000002132, -6.000000000000060396 ) ) ;
#807 = DIRECTION ( 'NONE',  ( 0.000000000000000000, -1.000000000000000000, 1.734723475976806848E-16 ) ) ;
#808 = AXIS2_PLACEMENT_3D ( 'NONE', #1165, #1135, #1429 ) ;
#809 = AXIS2_PLACEMENT_3D ( 'NONE', #272, #1859, #743 ) ;
#810 = CIRCLE ( 'NONE', #229, 4.500000000000000000 ) ;
#811 = CARTESIAN_POINT ( 'NONE',  ( 44.97116097332557416, 12.20000000000003837, -7.149373685659080446E-15 ) ) ;
#812 = AXIS2_PLACEMENT_3D ( 'NONE', #751, #1313, #1167 ) ;
#813 = EDGE_LOOP ( 'NONE', ( #594, #883 ) ) ;
#814 = FACE_OUTER_BOUND ( 'NONE', #1903, .T. ) ;
#815 = ADVANCED_FACE ( 'NONE', ( #1217 ), #1807, .F. ) ;
#816 = CARTESIAN_POINT ( 'NONE',  ( 4.500000000000000000, 0.000000000000000000, 9.000000000000008882 ) ) ;
#817 = CARTESIAN_POINT ( 'NONE',  ( 19.60000000000000142, 0.000000000000000000, 7.000000000000000888 ) ) ;
#818 = DIRECTION ( 'NONE',  ( 1.000000000000000000, 0.000000000000000000, -0.000000000000000000 ) ) ;
#819 = CARTESIAN_POINT ( 'NONE',  ( -44.03553390593276617, -14.05887450304565789, -115.0854889390574840 ) ) ;
#820 = VERTEX_POINT ( 'NONE', #884 ) ;
#821 = DIRECTION ( 'NONE',  ( 0.000000000000000000, 0.000000000000000000, 1.000000000000000000 ) ) ;
#822 = CARTESIAN_POINT ( 'NONE',  ( -45.50000000000002132, 10.52334059711292369, 10.00000000000000000 ) ) ;
#823 = FACE_OUTER_BOUND ( 'NONE', #536, .T. ) ;
#824 = ORIENTED_EDGE ( 'NONE', *, *, #237, .T. ) ;
#825 = DIRECTION ( 'NONE',  ( 1.000000000000000000, 0.000000000000000000, 0.000000000000000000 ) ) ;
#826 = ORIENTED_EDGE ( 'NONE', *, *, #57, .F. ) ;
#827 = FACE_BOUND ( 'NONE', #433, .T. ) ;
#828 = AXIS2_PLACEMENT_3D ( 'NONE', #1545, #213, #1107 ) ;
#829 = PLANE ( 'NONE',  #163 ) ;
#830 = DIRECTION ( 'NONE',  ( -0.000000000000000000, 0.000000000000000000, -1.000000000000000000 ) ) ;
#831 = ORIENTED_EDGE ( 'NONE', *, *, #664, .F. ) ;
#832 = AXIS2_PLACEMENT_3D ( 'NONE', #692, #273, #1114 ) ;
#833 = AXIS2_PLACEMENT_3D ( 'NONE', #598, #1196, #1796 ) ;
#834 = ORIENTED_EDGE ( 'NONE', *, *, #856, .T. ) ;
#835 = EDGE_CURVE ( 'NONE', #1541, #1674, #707, .T. ) ;
#836 = VECTOR ( 'NONE', #1878, 1000.000000000000000 ) ;
#837 = CARTESIAN_POINT ( 'NONE',  ( 14.97116097332557771, -10.20000000000000107, -7.000000000000031086 ) ) ;
#838 = VECTOR ( 'NONE', #79, 1000.000000000000000 ) ;
#839 = ORIENTED_EDGE ( 'NONE', *, *, #1820, .F. ) ;
#840 = EDGE_CURVE ( 'NONE', #1665, #1609, #960, .T. ) ;
#841 = VECTOR ( 'NONE', #1705, 1000.000000000000000 ) ;
#842 = LINE ( 'NONE', #971, #710 ) ;
#843 = DIRECTION ( 'NONE',  ( -0.000000000000000000, -0.000000000000000000, -1.000000000000000000 ) ) ;
#844 = CARTESIAN_POINT ( 'NONE',  ( 41.97116097332558127, -12.19999999999996021, 10.00000000000000178 ) ) ;
#845 = ORIENTED_EDGE ( 'NONE', *, *, #339, .T. ) ;
#846 = CARTESIAN_POINT ( 'NONE',  ( 36.97116097332558127, 0.000000000000000000, 7.000000000000000000 ) ) ;
#847 = ORIENTED_EDGE ( 'NONE', *, *, #1760, .F. ) ;
#848 = CARTESIAN_POINT ( 'NONE',  ( 36.97116097332558127, 0.000000000000000000, 7.000000000000000888 ) ) ;
#849 = ORIENTED_EDGE ( 'NONE', *, *, #96, .F. ) ;
#850 = DIRECTION ( 'NONE',  ( -8.818711551115223354E-17, 1.566647076034557857E-16, 1.000000000000000000 ) ) ;
#851 = DIRECTION ( 'NONE',  ( 0.000000000000000000, -0.000000000000000000, 1.000000000000000000 ) ) ;
#852 = LINE ( 'NONE', #1445, #4 ) ;
#853 = EDGE_LOOP ( 'NONE', ( #1913, #946, #1437, #924 ) ) ;
#854 = ORIENTED_EDGE ( 'NONE', *, *, #936, .T. ) ;
#855 = DIRECTION ( 'NONE',  ( -8.503546450866684791E-17, 1.000000000000000000, -0.000000000000000000 ) ) ;
#856 = EDGE_CURVE ( 'NONE', #243, #1470, #1689, .T. ) ;
#857 = EDGE_LOOP ( 'NONE', ( #1861, #609, #56, #1539 ) ) ;
#858 = FACE_OUTER_BOUND ( 'NONE', #912, .T. ) ;
#859 = EDGE_CURVE ( 'NONE', #1904, #1048, #1766, .T. ) ;
#860 = CARTESIAN_POINT ( 'NONE',  ( 19.97116097332557416, 15.20000000000003304, 10.00000000000000000 ) ) ;
#861 = CARTESIAN_POINT ( 'NONE',  ( 18.00000000000000355, 0.000000000000000000, 7.000000000000000000 ) ) ;
#862 = ORIENTED_EDGE ( 'NONE', *, *, #436, .F. ) ;
#863 = EDGE_CURVE ( 'NONE', #1599, #77, #785, .T. ) ;
#864 = VERTEX_POINT ( 'NONE', #513 ) ;
#865 = VECTOR ( 'NONE', #1372, 1000.000000000000000 ) ;
#866 = LINE ( 'NONE', #139, #1828 ) ;
#867 = VECTOR ( 'NONE', #1302, 1000.000000000000000 ) ;
#868 = VERTEX_POINT ( 'NONE', #508 ) ;
#869 = CIRCLE ( 'NONE', #1523, 2.999999999999999112 ) ;
#870 = CARTESIAN_POINT ( 'NONE',  ( -32.50000000000002842, 3.191891195797325054E-13, 0.000000000000000000 ) ) ;
#871 = AXIS2_PLACEMENT_3D ( 'NONE', #520, #221, #803 ) ;
#872 = ADVANCED_FACE ( 'NONE', ( #1707 ), #222, .F. ) ;
#873 = CARTESIAN_POINT ( 'NONE',  ( 14.97116097332557594, 10.20000000000003837, -7.000000000000031086 ) ) ;
#874 = LINE ( 'NONE', #726, #127 ) ;
#875 = ORIENTED_EDGE ( 'NONE', *, *, #379, .F. ) ;
#876 = CYLINDRICAL_SURFACE ( 'NONE', #1886, 3.000000000000002665 ) ;
#877 = ORIENTED_EDGE ( 'NONE', *, *, #43, .F. ) ;
#878 = EDGE_CURVE ( 'NONE', #541, #445, #585, .T. ) ;
#879 = ORIENTED_EDGE ( 'NONE', *, *, #124, .T. ) ;
#880 = CARTESIAN_POINT ( 'NONE',  ( -10.19999999999999929, -10.20000000000000107, -7.000000000000033751 ) ) ;
#881 = CARTESIAN_POINT ( 'NONE',  ( -10.20000000000000107, 10.20000000000003837, -7.000000000000033751 ) ) ;
#882 = DIRECTION ( 'NONE',  ( 1.000000000000000000, -0.000000000000000000, 8.818711551115224586E-17 ) ) ;
#883 = ORIENTED_EDGE ( 'NONE', *, *, #379, .T. ) ;
#884 = CARTESIAN_POINT ( 'NONE',  ( 19.97116097332557416, -15.20000000000000107, -7.000000000000032863 ) ) ;
#885 = ORIENTED_EDGE ( 'NONE', *, *, #1627, .T. ) ;
#886 = EDGE_CURVE ( 'NONE', #214, #729, #1682, .T. ) ;
#887 = DIRECTION ( 'NONE',  ( -1.000000000000000000, 0.000000000000000000, 0.000000000000000000 ) ) ;
#888 = DIRECTION ( 'NONE',  ( -0.000000000000000000, -0.000000000000000000, -1.000000000000000000 ) ) ;
#889 = DIRECTION ( 'NONE',  ( 1.000000000000000000, 0.000000000000000000, 0.000000000000000000 ) ) ;
#890 = ORIENTED_EDGE ( 'NONE', *, *, #278, .T. ) ;
#891 = DIRECTION ( 'NONE',  ( 0.000000000000000000, 0.000000000000000000, 1.000000000000000000 ) ) ;
#892 = FACE_BOUND ( 'NONE', #534, .T. ) ;
#893 = ORIENTED_EDGE ( 'NONE', *, *, #1463, .T. ) ;
#894 = EDGE_CURVE ( 'NONE', #1048, #651, #70, .T. ) ;
#895 = AXIS2_PLACEMENT_3D ( 'NONE', #734, #1202, #6 ) ;
#896 = AXIS2_PLACEMENT_3D ( 'NONE', #1205, #1653, #444 ) ;
#897 = DIRECTION ( 'NONE',  ( -0.000000000000000000, -0.000000000000000000, -1.000000000000000000 ) ) ;
#898 = ADVANCED_FACE ( 'NONE', ( #1537 ), #1250, .T. ) ;
#899 = ORIENTED_EDGE ( 'NONE', *, *, #1002, .T. ) ;
#900 = AXIS2_PLACEMENT_3D ( 'NONE', #1099, #645, #366 ) ;
#901 = LINE ( 'NONE', #1621, #102 ) ;
#902 = FACE_OUTER_BOUND ( 'NONE', #998, .T. ) ;
#903 = VECTOR ( 'NONE', #1334, 1000.000000000000000 ) ;
#904 = EDGE_LOOP ( 'NONE', ( #27, #284, #528, #547 ) ) ;
#905 = CARTESIAN_POINT ( 'NONE',  ( -1.040834085586083941E-14, -6.938893903907231533E-15, 0.000000000000000000 ) ) ;
#906 = VECTOR ( 'NONE', #1815, 1000.000000000000000 ) ;
#907 = LINE ( 'NONE', #1173, #1700 ) ;
#908 = VERTEX_POINT ( 'NONE', #1391 ) ;
#909 = VERTEX_POINT ( 'NONE', #817 ) ;
#910 = FACE_OUTER_BOUND ( 'NONE', #1783, .T. ) ;
#911 = CARTESIAN_POINT ( 'NONE',  ( 36.97116097332558127, 0.000000000000000000, -7.000000000000035527 ) ) ;
#912 = EDGE_LOOP ( 'NONE', ( #1508, #673, #177, #1257 ) ) ;
#913 = LINE ( 'NONE', #617, #1176 ) ;
#914 = ORIENTED_EDGE ( 'NONE', *, *, #730, .F. ) ;
#915 = ORIENTED_EDGE ( 'NONE', *, *, #1121, .T. ) ;
#916 = CYLINDRICAL_SURFACE ( 'NONE', #1649, 1.600000000000000755 ) ;
#917 = ADVANCED_FACE ( 'NONE', ( #1825 ), #1242, .T. ) ;
#918 = CARTESIAN_POINT ( 'NONE',  ( 22.97116097332557416, 15.20000000000003304, -6.942561213308352009E-15 ) ) ;
#919 = DIRECTION ( 'NONE',  ( 0.000000000000000000, 0.000000000000000000, 1.000000000000000000 ) ) ;
#920 = EDGE_LOOP ( 'NONE', ( #1830, #21, #1085, #875 ) ) ;
#921 = DIRECTION ( 'NONE',  ( 8.818711551115223354E-17, -1.566647076034557857E-16, -1.000000000000000000 ) ) ;
#922 = FACE_OUTER_BOUND ( 'NONE', #985, .T. ) ;
#923 = EDGE_CURVE ( 'NONE', #428, #945, #1298, .T. ) ;
#924 = ORIENTED_EDGE ( 'NONE', *, *, #1748, .T. ) ;
#925 = AXIS2_PLACEMENT_3D ( 'NONE', #1570, #247, #20 ) ;
#926 = VERTEX_POINT ( 'NONE', #794 ) ;
#927 = CIRCLE ( 'NONE', #1884, 1.599999999999997202 ) ;
#928 = SURFACE_SIDE_STYLE ('',( #344 ) ) ;
#929 = LINE ( 'NONE', #1069, #865 ) ;
#930 = AXIS2_PLACEMENT_3D ( 'NONE', #682, #95, #537 ) ;
#931 = LINE ( 'NONE', #1536, #82 ) ;
#932 = EDGE_CURVE ( 'NONE', #473, #639, #1456, .T. ) ;
#933 = DIRECTION ( 'NONE',  ( -0.7193398003386466399, 8.809371839840197163E-17, 0.6946583704590019170 ) ) ;
#934 = CARTESIAN_POINT ( 'NONE',  ( 44.97116097332558127, -12.19999999999995488, 10.00000000000000000 ) ) ;
#935 = CIRCLE ( 'NONE', #678, 2.600000000000000089 ) ;
#936 = EDGE_CURVE ( 'NONE', #568, #796, #372, .T. ) ;
#937 = VERTEX_POINT ( 'NONE', #1562 ) ;
#938 = CARTESIAN_POINT ( 'NONE',  ( 44.97116097332558127, -12.19999999999995843, -8.861275910574150560E-15 ) ) ;
#939 = ORIENTED_EDGE ( 'NONE', *, *, #1717, .T. ) ;
#940 = DIRECTION ( 'NONE',  ( 1.000000000000000000, 0.000000000000000000, -0.000000000000000000 ) ) ;
#941 = CYLINDRICAL_SURFACE ( 'NONE', #672, 1.599999999999997202 ) ;
#942 = DIRECTION ( 'NONE',  ( 0.000000000000000000, 0.000000000000000000, -1.000000000000000000 ) ) ;
#943 = CARTESIAN_POINT ( 'NONE',  ( -43.60000000000002984, 3.191891195797325054E-13, -6.000000000000088818 ) ) ;
#944 = DIRECTION ( 'NONE',  ( 0.000000000000000000, 0.000000000000000000, -1.000000000000000000 ) ) ;
#945 = VERTEX_POINT ( 'NONE', #90 ) ;
#946 = ORIENTED_EDGE ( 'NONE', *, *, #475, .T. ) ;
#947 = EDGE_CURVE ( 'NONE', #1904, #1369, #84, .T. ) ;
#948 = LINE ( 'NONE', #218, #1116 ) ;
#949 = CYLINDRICAL_SURFACE ( 'NONE', #375, 5.000000000000000888 ) ;
#950 = CARTESIAN_POINT ( 'NONE',  ( -32.50000000000002842, 3.191891195797325054E-13, -6.000000000000088818 ) ) ;
#951 = DIRECTION ( 'NONE',  ( 1.000000000000000000, 0.000000000000000000, 0.000000000000000000 ) ) ;
#952 = EDGE_CURVE ( 'NONE', #1466, #481, #1106, .T. ) ;
#953 = AXIS2_PLACEMENT_3D ( 'NONE', #1826, #1383, #626 ) ;
#954 = ORIENTED_EDGE ( 'NONE', *, *, #1119, .T. ) ;
#955 = AXIS2_PLACEMENT_3D ( 'NONE', #546, #419, #968 ) ;
#956 = DIRECTION ( 'NONE',  ( 1.000000000000000000, 0.000000000000000000, -0.000000000000000000 ) ) ;
#957 = EDGE_CURVE ( 'NONE', #214, #1587, #238, .T. ) ;
#958 = LINE ( 'NONE', #643, #841 ) ;
#959 = AXIS2_PLACEMENT_3D ( 'NONE', #1565, #1747, #423 ) ;
#960 = LINE ( 'NONE', #1850, #1646 ) ;
#961 = DIRECTION ( 'NONE',  ( 1.387778780781445676E-15, -1.000000000000000000, 1.734723475976807094E-16 ) ) ;
#962 = VECTOR ( 'NONE', #1153, 1000.000000000000000 ) ;
#963 = CIRCLE ( 'NONE', #1212, 3.000000000000002665 ) ;
#964 = AXIS2_PLACEMENT_3D ( 'NONE', #1185, #1030, #1475 ) ;
#965 = EDGE_LOOP ( 'NONE', ( #1899, #333 ) ) ;
#966 = CARTESIAN_POINT ( 'NONE',  ( -32.50000000000002842, 3.182128224958360340E-13, -7.000000000000031086 ) ) ;
#967 = CARTESIAN_POINT ( 'NONE',  ( 36.97116097332558127, 0.000000000000000000, 0.000000000000000000 ) ) ;
#968 = DIRECTION ( 'NONE',  ( -1.000000000000000000, 0.000000000000000000, 0.000000000000000000 ) ) ;
#969 = EDGE_LOOP ( 'NONE', ( #954, #1352 ) ) ;
#970 = ORIENTED_EDGE ( 'NONE', *, *, #1505, .T. ) ;
#971 = CARTESIAN_POINT ( 'NONE',  ( 21.00000000000000355, 0.000000000000000000, 7.000000000000000000 ) ) ;
#972 = DIRECTION ( 'NONE',  ( -1.000000000000000000, -2.081668171172168513E-16, -0.000000000000000000 ) ) ;
#973 = EDGE_CURVE ( 'NONE', #1541, #1685, #1670, .T. ) ;
#974 = CARTESIAN_POINT ( 'NONE',  ( 14.97116097332557594, 38.00000000000000000, 10.00000000000000000 ) ) ;
#975 = CARTESIAN_POINT ( 'NONE',  ( 4.500000000000000000, 0.000000000000000000, 5.000000000000000000 ) ) ;
#976 = ORIENTED_EDGE ( 'NONE', *, *, #863, .F. ) ;
#977 = EDGE_LOOP ( 'NONE', ( #323, #18 ) ) ;
#978 = EDGE_CURVE ( 'NONE', #1309, #980, #1294, .T. ) ;
#979 = CARTESIAN_POINT ( 'NONE',  ( -32.50000000000002842, 3.191891195797325054E-13, 10.00000000000000000 ) ) ;
#980 = VERTEX_POINT ( 'NONE', #545 ) ;
#981 = LINE ( 'NONE', #103, #440 ) ;
#982 = CIRCLE ( 'NONE', #1207, 5.000000000000000888 ) ;
#983 = DIRECTION ( 'NONE',  ( 0.000000000000000000, 0.000000000000000000, 1.000000000000000000 ) ) ;
#984 = DIRECTION ( 'NONE',  ( 1.000000000000000000, 0.000000000000000000, 0.000000000000000000 ) ) ;
#985 = EDGE_LOOP ( 'NONE', ( #722, #198, #1050, #116 ) ) ;
#986 = AXIS2_PLACEMENT_3D ( 'NONE', #91, #663, #1851 ) ;
#987 = AXIS2_PLACEMENT_3D ( 'NONE', #1881, #174, #331 ) ;
#988 = VERTEX_POINT ( 'NONE', #1607 ) ;
#989 = AXIS2_PLACEMENT_3D ( 'NONE', #383, #495, #1079 ) ;
#990 = CARTESIAN_POINT ( 'NONE',  ( 36.97116097332558127, 0.000000000000000000, 10.00000000000000000 ) ) ;
#991 = EDGE_CURVE ( 'NONE', #1455, #445, #1889, .T. ) ;
#992 = AXIS2_PLACEMENT_3D ( 'NONE', #1151, #1712, #1876 ) ;
#993 = ORIENTED_EDGE ( 'NONE', *, *, #1180, .T. ) ;
#994 = CONICAL_SURFACE ( 'NONE', #1706, 4.050000000000000711, 0.8028514559173911547 ) ;
#995 = FACE_BOUND ( 'NONE', #659, .T. ) ;
#996 = LINE ( 'NONE', #1581, #405 ) ;
#997 = DIRECTION ( 'NONE',  ( -1.000000000000000000, 0.000000000000000000, -8.818711551115224586E-17 ) ) ;
#998 = EDGE_LOOP ( 'NONE', ( #1576, #1094, #110, #1753 ) ) ;
#999 = VERTEX_POINT ( 'NONE', #873 ) ;
#1000 = ADVANCED_FACE ( 'NONE', ( #1285 ), #829, .T. ) ;
#1001 = DIRECTION ( 'NONE',  ( -0.000000000000000000, -0.000000000000000000, -1.000000000000000000 ) ) ;
#1002 = EDGE_CURVE ( 'NONE', #1369, #651, #674, .T. ) ;
#1003 = ORIENTED_EDGE ( 'NONE', *, *, #856, .F. ) ;
#1004 = PLANE ( 'NONE',  #1831 ) ;
#1005 = EDGE_CURVE ( 'NONE', #1134, #909, #1799, .T. ) ;
#1006 = DIRECTION ( 'NONE',  ( 1.000000000000000000, 0.000000000000000000, 0.000000000000000000 ) ) ;
#1007 = DIRECTION ( 'NONE',  ( 1.000000000000000000, 0.000000000000000000, 0.000000000000000000 ) ) ;
#1008 = EDGE_LOOP ( 'NONE', ( #1052, #1638, #1120, #138 ) ) ;
#1009 = ORIENTED_EDGE ( 'NONE', *, *, #687, .T. ) ;
#1010 = DIRECTION ( 'NONE',  ( -1.000000000000000000, 0.000000000000000000, 0.000000000000000000 ) ) ;
#1011 = ORIENTED_EDGE ( 'NONE', *, *, #634, .T. ) ;
#1012 = ORIENTED_EDGE ( 'NONE', *, *, #1210, .T. ) ;
#1013 = EDGE_CURVE ( 'NONE', #702, #1096, #1161, .T. ) ;
#1014 = DIRECTION ( 'NONE',  ( -2.282530889443167515E-16, 1.000000000000000000, -0.000000000000000000 ) ) ;
#1015 = EDGE_CURVE ( 'NONE', #1609, #702, #524, .T. ) ;
#1016 = DIRECTION ( 'NONE',  ( 1.000000000000000000, 0.000000000000000000, 0.000000000000000000 ) ) ;
#1017 = CARTESIAN_POINT ( 'NONE',  ( -10.20000000000000817, -10.20000000000000107, -7.000000000000033751 ) ) ;
#1018 = ORIENTED_EDGE ( 'NONE', *, *, #1588, .F. ) ;
#1019 = CIRCLE ( 'NONE', #189, 4.999999999999997335 ) ;
#1020 = ORIENTED_EDGE ( 'NONE', *, *, #775, .T. ) ;
#1021 = VECTOR ( 'NONE', #1325, 1000.000000000000000 ) ;
#1022 = AXIS2_PLACEMENT_3D ( 'NONE', #1464, #1337, #613 ) ;
#1023 = ORIENTED_EDGE ( 'NONE', *, *, #193, .T. ) ;
#1024 = VECTOR ( 'NONE', #438, 1000.000000000000000 ) ;
#1025 = FACE_OUTER_BOUND ( 'NONE', #332, .T. ) ;
#1026 = VECTOR ( 'NONE', #1204, 1000.000000000000000 ) ;
#1027 = FACE_OUTER_BOUND ( 'NONE', #1384, .T. ) ;
#1028 = DIRECTION ( 'NONE',  ( -8.818711551115223354E-17, 1.566647076034557857E-16, 1.000000000000000000 ) ) ;
#1029 = ORIENTED_EDGE ( 'NONE', *, *, #1463, .F. ) ;
#1030 = DIRECTION ( 'NONE',  ( 0.000000000000000000, 0.000000000000000000, 1.000000000000000000 ) ) ;
#1031 = CARTESIAN_POINT ( 'NONE',  ( 44.97116097332557416, 15.20000000000003482, -6.938893903907228378E-15 ) ) ;
#1032 = ORIENTED_EDGE ( 'NONE', *, *, #957, .T. ) ;
#1033 = EDGE_CURVE ( 'NONE', #578, #1140, #1723, .T. ) ;
#1034 = UNCERTAINTY_MEASURE_WITH_UNIT (LENGTH_MEASURE( 1.000000000000000082E-05 ), #1867, 'distance_accuracy_value', 'NONE');
#1035 = CARTESIAN_POINT ( 'NONE',  ( -10.19999999999999929, -10.20000000000000107, -115.0854889390574840 ) ) ;
#1036 = FACE_OUTER_BOUND ( 'NONE', #283, .T. ) ;
#1037 = CARTESIAN_POINT ( 'NONE',  ( 19.97116097332557771, -15.19999999999996199, -39.35936991365589677 ) ) ;
#1038 = VERTEX_POINT ( 'NONE', #1433 ) ;
#1039 = DIRECTION ( 'NONE',  ( -0.000000000000000000, -0.000000000000000000, -1.000000000000000000 ) ) ;
#1040 = EDGE_CURVE ( 'NONE', #481, #510, #437, .T. ) ;
#1041 = DIRECTION ( 'NONE',  ( 0.000000000000000000, 0.000000000000000000, 1.000000000000000000 ) ) ;
#1042 = EDGE_LOOP ( 'NONE', ( #1701, #1067, #1353, #469 ) ) ;
#1043 = EDGE_CURVE ( 'NONE', #820, #1356, #715, .T. ) ;
#1044 = VERTEX_POINT ( 'NONE', #426 ) ;
#1045 = CARTESIAN_POINT ( 'NONE',  ( 14.97116097332557594, 38.00000000000000000, -7.000000000000033751 ) ) ;
#1046 = DIRECTION ( 'NONE',  ( -0.7193398003386508588, 0.000000000000000000, -0.6946583704589975872 ) ) ;
#1047 = DIRECTION ( 'NONE',  ( -0.000000000000000000, -0.000000000000000000, 1.000000000000000000 ) ) ;
#1048 = VERTEX_POINT ( 'NONE', #1714 ) ;
#1049 = PLANE ( 'NONE',  #225 ) ;
#1050 = ORIENTED_EDGE ( 'NONE', *, *, #220, .F. ) ;
#1051 = AXIS2_PLACEMENT_3D ( 'NONE', #1465, #1308, #1162 ) ;
#1052 = ORIENTED_EDGE ( 'NONE', *, *, #787, .F. ) ;
#1053 = AXIS2_PLACEMENT_3D ( 'NONE', #1381, #480, #1239 ) ;
#1054 = CARTESIAN_POINT ( 'NONE',  ( 19.97116097332557416, 38.00000000000000000, -7.000000000000032863 ) ) ;
#1055 = CIRCLE ( 'NONE', #1112, 2.999999999999999112 ) ;
#1056 = ORIENTED_EDGE ( 'NONE', *, *, #1546, .T. ) ;
#1057 = DIRECTION ( 'NONE',  ( 1.000000000000000000, 0.000000000000000000, 0.000000000000000000 ) ) ;
#1058 = CARTESIAN_POINT ( 'NONE',  ( -15.09440840897853597, 43.00000000000000000, -115.0854889390574840 ) ) ;
#1059 = VECTOR ( 'NONE', #623, 1000.000000000000000 ) ;
#1060 = ORIENTED_EDGE ( 'NONE', *, *, #1908, .F. ) ;
#1061 = AXIS2_PLACEMENT_3D ( 'NONE', #1045, #1635, #1628 ) ;
#1062 = DIRECTION ( 'NONE',  ( 1.000000000000000000, 0.000000000000000000, 0.000000000000000000 ) ) ;
#1063 = ORIENTED_EDGE ( 'NONE', *, *, #757, .T. ) ;
#1064 = CIRCLE ( 'NONE', #83, 5.535530313790546053 ) ;
#1065 = ADVANCED_FACE ( 'NONE', ( #121 ), #1122, .T. ) ;
#1066 = CARTESIAN_POINT ( 'NONE',  ( 6.549999999999974065, 29.99999999999999289, -6.000000000000102141 ) ) ;
#1067 = ORIENTED_EDGE ( 'NONE', *, *, #1415, .T. ) ;
#1068 = LINE ( 'NONE', #1192, #1613 ) ;
#1069 = CARTESIAN_POINT ( 'NONE',  ( 44.97116097332557416, 12.20000000000003837, -39.35936991365589677 ) ) ;
#1070 = ADVANCED_FACE ( 'NONE', ( #1597 ), #1277, .F. ) ;
#1071 = VERTEX_POINT ( 'NONE', #410 ) ;
#1072 = DIRECTION ( 'NONE',  ( -2.282530889443167515E-16, 1.000000000000000000, 7.015992725061759026E-17 ) ) ;
#1073 = DIRECTION ( 'NONE',  ( -1.000000000000000000, 0.000000000000000000, 0.000000000000000000 ) ) ;
#1074 = ORIENTED_EDGE ( 'NONE', *, *, #947, .F. ) ;
#1075 = EDGE_CURVE ( 'NONE', #1356, #753, #227, .T. ) ;
#1076 = VERTEX_POINT ( 'NONE', #291 ) ;
#1077 = FACE_BOUND ( 'NONE', #338, .T. ) ;
#1078 = LINE ( 'NONE', #633, #1362 ) ;
#1079 = DIRECTION ( 'NONE',  ( 1.000000000000000000, 0.000000000000000000, 0.000000000000000000 ) ) ;
#1080 = DIRECTION ( 'NONE',  ( -0.000000000000000000, -0.000000000000000000, -1.000000000000000000 ) ) ;
#1081 = EDGE_LOOP ( 'NONE', ( #1299, #1287, #1738, #686 ) ) ;
#1082 = CARTESIAN_POINT ( 'NONE',  ( -21.40000000000003055, 3.191891195797325054E-13, 0.000000000000000000 ) ) ;
#1083 = CIRCLE ( 'NONE', #252, 2.999999999999999112 ) ;
#1084 = AXIS2_PLACEMENT_3D ( 'NONE', #490, #1080, #1671 ) ;
#1085 = ORIENTED_EDGE ( 'NONE', *, *, #1157, .T. ) ;
#1086 = CIRCLE ( 'NONE', #162, 3.000000000000002665 ) ;
#1087 = DIRECTION ( 'NONE',  ( -0.000000000000000000, -0.000000000000000000, 1.000000000000000000 ) ) ;
#1088 = CONICAL_SURFACE ( 'NONE', #1458, 4.050000000000000711, 0.8028514559173911547 ) ;
#1089 = VECTOR ( 'NONE', #209, 1000.000000000000000 ) ;
#1090 = CARTESIAN_POINT ( 'NONE',  ( 36.97116097332558127, 0.000000000000000000, -7.000000000000035527 ) ) ;
#1091 = CARTESIAN_POINT ( 'NONE',  ( 14.97116097332557771, 15.20000000000004015, -7.000000000000033751 ) ) ;
#1092 = CIRCLE ( 'NONE', #325, 4.999999999999997335 ) ;
#1093 = PRODUCT_DEFINITION_FORMATION_WITH_SPECIFIED_SOURCE ( 'ä»', '', #137, .NOT_KNOWN. ) ;
#1094 = ORIENTED_EDGE ( 'NONE', *, *, #957, .F. ) ;
#1095 = EDGE_CURVE ( 'NONE', #268, #1674, #996, .T. ) ;
#1096 = VERTEX_POINT ( 'NONE', #261 ) ;
#1097 = DIRECTION ( 'NONE',  ( -0.000000000000000000, -0.000000000000000000, -1.000000000000000000 ) ) ;
#1098 = CARTESIAN_POINT ( 'NONE',  ( -13.02334059711305159, -42.99999999999998579, -7.000000000000020428 ) ) ;
#1099 = CARTESIAN_POINT ( 'NONE',  ( -13.02334059711304803, -37.99999999999998579, -7.000000000000020428 ) ) ;
#1100 = DIRECTION ( 'NONE',  ( 8.818711551115223354E-17, -1.566647076034557857E-16, -1.000000000000000000 ) ) ;
#1101 = ADVANCED_FACE ( 'NONE', ( #1901 ), #499, .F. ) ;
#1102 = ADVANCED_FACE ( 'NONE', ( #1453 ), #44, .F. ) ;
#1103 = VERTEX_POINT ( 'NONE', #602 ) ;
#1104 = LINE ( 'NONE', #1534, #838 ) ;
#1105 = DIRECTION ( 'NONE',  ( 0.000000000000000000, 0.000000000000000000, 1.000000000000000000 ) ) ;
#1106 = LINE ( 'NONE', #662, #129 ) ;
#1107 = DIRECTION ( 'NONE',  ( -1.000000000000000000, 0.000000000000000000, 0.000000000000000000 ) ) ;
#1108 = CARTESIAN_POINT ( 'NONE',  ( -4.500000000000000000, 5.510910596163088569E-16, 5.000000000000000000 ) ) ;
#1109 = EDGE_LOOP ( 'NONE', ( #1457, #146 ) ) ;
#1110 = AXIS2_PLACEMENT_3D ( 'NONE', #1224, #1525, #1535 ) ;
#1111 = CARTESIAN_POINT ( 'NONE',  ( -20.36446968620951026, 3.206752934152064344E-13, -7.000000000000030198 ) ) ;
#1112 = AXIS2_PLACEMENT_3D ( 'NONE', #1863, #1145, #825 ) ;
#1113 = DIRECTION ( 'NONE',  ( -0.7193398003386493045, 0.000000000000000000, -0.6946583704589991415 ) ) ;
#1114 = DIRECTION ( 'NONE',  ( 1.000000000000000000, 0.000000000000000000, 0.000000000000000000 ) ) ;
#1115 = AXIS2_PLACEMENT_3D ( 'NONE', #558, #983, #1006 ) ;
#1116 = VECTOR ( 'NONE', #660, 1000.000000000000000 ) ;
#1117 = EDGE_LOOP ( 'NONE', ( #170, #727, #288, #976 ) ) ;
#1118 = VECTOR ( 'NONE', #681, 1000.000000000000000 ) ;
#1119 = EDGE_CURVE ( 'NONE', #945, #428, #1491, .T. ) ;
#1120 = ORIENTED_EDGE ( 'NONE', *, *, #193, .F. ) ;
#1121 = EDGE_CURVE ( 'NONE', #1871, #1356, #1068, .T. ) ;
#1122 = CYLINDRICAL_SURFACE ( 'NONE', #1115, 5.000000000000000888 ) ;
#1123 = FACE_OUTER_BOUND ( 'NONE', #560, .T. ) ;
#1124 = EDGE_LOOP ( 'NONE', ( #297, #369, #854, #592 ) ) ;
#1125 = VERTEX_POINT ( 'NONE', #1495 ) ;
#1126 = DIRECTION ( 'NONE',  ( 1.000000000000000000, 0.000000000000000000, 0.000000000000000000 ) ) ;
#1127 = ORIENTED_EDGE ( 'NONE', *, *, #1385, .T. ) ;
#1128 =( NAMED_UNIT ( * ) PLANE_ANGLE_UNIT ( ) SI_UNIT ( $, .RADIAN. ) );
#1129 = EDGE_CURVE ( 'NONE', #165, #1692, #774, .T. ) ;
#1130 = CARTESIAN_POINT ( 'NONE',  ( 6.549999999999974065, -30.00000000000002132, -115.0854889390574840 ) ) ;
#1131 = CARTESIAN_POINT ( 'NONE',  ( -10.19999999999999929, -10.20000000000000107, 0.000000000000000000 ) ) ;
#1132 = ORIENTED_EDGE ( 'NONE', *, *, #1832, .T. ) ;
#1133 = CARTESIAN_POINT ( 'NONE',  ( 35.37116097332558695, 1.959434878635763751E-16, 7.000000000000000888 ) ) ;
#1134 = VERTEX_POINT ( 'NONE', #455 ) ;
#1135 = DIRECTION ( 'NONE',  ( 0.000000000000000000, 0.000000000000000000, 1.000000000000000000 ) ) ;
#1136 = VERTEX_POINT ( 'NONE', #1792 ) ;
#1137 = DIRECTION ( 'NONE',  ( 1.000000000000000000, 0.000000000000000000, -0.000000000000000000 ) ) ;
#1138 = DIRECTION ( 'NONE',  ( 1.000000000000000000, 0.000000000000000000, 0.000000000000000000 ) ) ;
#1139 = CARTESIAN_POINT ( 'NONE',  ( 2.499999999999973355, 29.99999999999999289, 5.000000000000000000 ) ) ;
#1140 = VERTEX_POINT ( 'NONE', #159 ) ;
#1141 = VECTOR ( 'NONE', #1543, 1000.000000000000000 ) ;
#1142 = VECTOR ( 'NONE', #1072, 1000.000000000000000 ) ;
#1143 = ORIENTED_EDGE ( 'NONE', *, *, #118, .F. ) ;
#1144 = VECTOR ( 'NONE', #1528, 1000.000000000000000 ) ;
#1145 = DIRECTION ( 'NONE',  ( 0.000000000000000000, 0.000000000000000000, 1.000000000000000000 ) ) ;
#1146 = EDGE_CURVE ( 'NONE', #719, #293, #1857, .T. ) ;
#1147 = AXIS2_PLACEMENT_3D ( 'NONE', #19, #888, #595 ) ;
#1148 = ORIENTED_EDGE ( 'NONE', *, *, #329, .T. ) ;
#1149 = ORIENTED_EDGE ( 'NONE', *, *, #798, .F. ) ;
#1150 = CIRCLE ( 'NONE', #1557, 3.000000000000002665 ) ;
#1151 = CARTESIAN_POINT ( 'NONE',  ( -13.02334059711304803, -37.99999999999998579, 10.00000000000000000 ) ) ;
#1152 = DIRECTION ( 'NONE',  ( -0.000000000000000000, -0.000000000000000000, -1.000000000000000000 ) ) ;
#1153 = DIRECTION ( 'NONE',  ( 0.000000000000000000, 0.000000000000000000, 1.000000000000000000 ) ) ;
#1154 = DIRECTION ( 'NONE',  ( 1.000000000000000000, 0.000000000000000000, -0.000000000000000000 ) ) ;
#1155 = EDGE_LOOP ( 'NONE', ( #424, #58, #31, #915, #629, #717 ) ) ;
#1156 = ORIENTED_EDGE ( 'NONE', *, *, #1231, .T. ) ;
#1157 = EDGE_CURVE ( 'NONE', #1411, #1125, #901, .T. ) ;
#1158 = CARTESIAN_POINT ( 'NONE',  ( 14.97116097332557771, -38.00000000000000711, -115.0854889390574840 ) ) ;
#1159 = VERTEX_POINT ( 'NONE', #300 ) ;
#1160 = PLANE ( 'NONE',  #104 ) ;
#1161 = LINE ( 'NONE', #388, #648 ) ;
#1162 = DIRECTION ( 'NONE',  ( 1.000000000000000000, 0.000000000000000000, -0.000000000000000000 ) ) ;
#1163 = ORIENTED_EDGE ( 'NONE', *, *, #1405, .T. ) ;
#1164 = ORIENTED_EDGE ( 'NONE', *, *, #515, .T. ) ;
#1165 = CARTESIAN_POINT ( 'NONE',  ( -1.040834085586083941E-14, -6.938893903907231533E-15, 5.000000000000000000 ) ) ;
#1166 = ORIENTED_EDGE ( 'NONE', *, *, #1146, .T. ) ;
#1167 = DIRECTION ( 'NONE',  ( -1.000000000000000000, 0.000000000000000000, -0.000000000000000000 ) ) ;
#1168 = APPLICATION_PROTOCOL_DEFINITION ( 'draft international standard', 'automotive_design', 1998, #1840 ) ;
#1169 = FACE_BOUND ( 'NONE', #1461, .T. ) ;
#1170 = LINE ( 'NONE', #30, #192 ) ;
#1171 = ORIENTED_EDGE ( 'NONE', *, *, #571, .T. ) ;
#1172 = DIRECTION ( 'NONE',  ( 1.000000000000000000, 0.000000000000000000, 0.000000000000000000 ) ) ;
#1173 = CARTESIAN_POINT ( 'NONE',  ( -45.50000000000002132, -10.52334059711292724, -115.0854889390574840 ) ) ;
#1174 = VERTEX_POINT ( 'NONE', #881 ) ;
#1175 = VECTOR ( 'NONE', #191, 1000.000000000000000 ) ;
#1176 = VECTOR ( 'NONE', #452, 1000.000000000000000 ) ;
#1177 = CIRCLE ( 'NONE', #349, 3.000000000000002665 ) ;
#1178 = ORIENTED_EDGE ( 'NONE', *, *, #69, .T. ) ;
#1179 = DIRECTION ( 'NONE',  ( 1.000000000000000000, -7.915335785089464046E-16, 0.000000000000000000 ) ) ;
#1180 = EDGE_CURVE ( 'NONE', #731, #1159, #1177, .T. ) ;
#1181 = AXIS2_PLACEMENT_3D ( 'NONE', #314, #141, #1179 ) ;
#1182 = CARTESIAN_POINT ( 'NONE',  ( -16.55887450304579289, 41.53553390593273065, 10.00000000000000000 ) ) ;
#1183 = DIRECTION ( 'NONE',  ( 1.000000000000000000, -0.000000000000000000, 8.818711551115224586E-17 ) ) ;
#1184 = VERTEX_POINT ( 'NONE', #178 ) ;
#1185 = CARTESIAN_POINT ( 'NONE',  ( 36.97116097332558127, 0.000000000000000000, 7.000000000000000000 ) ) ;
#1186 = ADVANCED_FACE ( 'NONE', ( #1027 ), #1088, .F. ) ;
#1187 = DIRECTION ( 'NONE',  ( 0.000000000000000000, 1.000000000000000000, 0.000000000000000000 ) ) ;
#1188 = ORIENTED_EDGE ( 'NONE', *, *, #1040, .T. ) ;
#1189 = ORIENTED_EDGE ( 'NONE', *, *, #475, .F. ) ;
#1190 = DIRECTION ( 'NONE',  ( 1.000000000000000000, 0.000000000000000000, 0.000000000000000000 ) ) ;
#1191 = VERTEX_POINT ( 'NONE', #587 ) ;
#1192 = CARTESIAN_POINT ( 'NONE',  ( 19.97116097332557416, -38.00000000000000711, -115.0854889390574840 ) ) ;
#1193 = DIRECTION ( 'NONE',  ( 0.000000000000000000, 0.000000000000000000, 1.000000000000000000 ) ) ;
#1194 = ORIENTED_EDGE ( 'NONE', *, *, #1820, .T. ) ;
#1195 = CARTESIAN_POINT ( 'NONE',  ( 14.97116097332557771, -38.00000000000000711, 10.00000000000000000 ) ) ;
#1196 = DIRECTION ( 'NONE',  ( -0.000000000000000000, -0.000000000000000000, 1.000000000000000000 ) ) ;
#1197 = ORIENTED_EDGE ( 'NONE', *, *, #442, .F. ) ;
#1198 = EDGE_LOOP ( 'NONE', ( #265, #1533, #1206, #509 ) ) ;
#1199 = CARTESIAN_POINT ( 'NONE',  ( -44.03553390593276617, -14.05887450304565789, 10.00000000000000000 ) ) ;
#1200 = ORIENTED_EDGE ( 'NONE', *, *, #414, .F. ) ;
#1201 = DIRECTION ( 'NONE',  ( 1.000000000000000000, 0.000000000000000000, 0.000000000000000000 ) ) ;
#1202 = DIRECTION ( 'NONE',  ( -8.818711551115223354E-17, 1.566647076034557857E-16, 1.000000000000000000 ) ) ;
#1203 = EDGE_LOOP ( 'NONE', ( #413, #1677, #890, #240 ) ) ;
#1204 = DIRECTION ( 'NONE',  ( -0.000000000000000000, -0.000000000000000000, -1.000000000000000000 ) ) ;
#1205 = CARTESIAN_POINT ( 'NONE',  ( -1.040834085586083941E-14, -6.938893903907231533E-15, 5.000000000000000000 ) ) ;
#1206 = ORIENTED_EDGE ( 'NONE', *, *, #1033, .T. ) ;
#1207 = AXIS2_PLACEMENT_3D ( 'NONE', #1091, #1100, #807 ) ;
#1208 = EDGE_CURVE ( 'NONE', #638, #1882, #479, .T. ) ;
#1209 = CIRCLE ( 'NONE', #1798, 2.600000000000000089 ) ;
#1210 = EDGE_CURVE ( 'NONE', #909, #1134, #1704, .T. ) ;
#1211 = VECTOR ( 'NONE', #1232, 1000.000000000000000 ) ;
#1212 = AXIS2_PLACEMENT_3D ( 'NONE', #593, #26, #1190 ) ;
#1213 = CARTESIAN_POINT ( 'NONE',  ( 2.499999999999973355, 29.99999999999999289, -6.000000000000102141 ) ) ;
#1214 = LINE ( 'NONE', #1688, #1643 ) ;
#1215 = CIRCLE ( 'NONE', #199, 1.600000000000000755 ) ;
#1216 = EDGE_LOOP ( 'NONE', ( #548, #1912, #627, #824 ) ) ;
#1217 = FACE_OUTER_BOUND ( 'NONE', #1198, .T. ) ;
#1218 = DIRECTION ( 'NONE',  ( -1.000000000000000000, 0.000000000000000000, 0.000000000000000000 ) ) ;
#1219 = EDGE_CURVE ( 'NONE', #908, #267, #1267, .T. ) ;
#1220 = ORIENTED_EDGE ( 'NONE', *, *, #241, .F. ) ;
#1221 = CYLINDRICAL_SURFACE ( 'NONE', #619, 3.000000000000002665 ) ;
#1222 = ADVANCED_FACE ( 'NONE', ( #1324 ), #1506, .T. ) ;
#1223 = DIRECTION ( 'NONE',  ( 1.000000000000000000, 0.000000000000000000, 0.000000000000000000 ) ) ;
#1224 = CARTESIAN_POINT ( 'NONE',  ( 18.00000000000000355, 0.000000000000000000, 10.00000000000000000 ) ) ;
#1225 = DIRECTION ( 'NONE',  ( 0.000000000000000000, 0.000000000000000000, 1.000000000000000000 ) ) ;
#1226 = DIRECTION ( 'NONE',  ( 8.818711551115223354E-17, -1.566647076034557857E-16, -1.000000000000000000 ) ) ;
#1227 = VERTEX_POINT ( 'NONE', #5 ) ;
#1228 = LINE ( 'NONE', #1885, #78 ) ;
#1229 = LINE ( 'NONE', #1822, #1141 ) ;
#1230 = DIRECTION ( 'NONE',  ( -0.000000000000000000, -0.000000000000000000, -1.000000000000000000 ) ) ;
#1231 = EDGE_CURVE ( 'NONE', #243, #473, #1650, .T. ) ;
#1232 = DIRECTION ( 'NONE',  ( 1.000000000000000000, -7.435989406470981506E-16, 0.000000000000000000 ) ) ;
#1233 = CARTESIAN_POINT ( 'NONE',  ( -32.50000000000002842, 3.191891195797325054E-13, 10.00000000000000000 ) ) ;
#1234 = CARTESIAN_POINT ( 'NONE',  ( -13.02334059711305159, 38.00000000000000000, 10.00000000000000000 ) ) ;
#1235 = CIRCLE ( 'NONE', #640, 4.050000000000001599 ) ;
#1236 = VECTOR ( 'NONE', #882, 1000.000000000000000 ) ;
#1237 = ORIENTED_EDGE ( 'NONE', *, *, #1588, .T. ) ;
#1238 = CARTESIAN_POINT ( 'NONE',  ( 19.97116097332557771, -15.19999999999996199, -6.938893903907228378E-15 ) ) ;
#1239 = DIRECTION ( 'NONE',  ( 1.000000000000000000, 0.000000000000000000, 0.000000000000000000 ) ) ;
#1240 = EDGE_CURVE ( 'NONE', #980, #1485, #869, .T. ) ;
#1241 = AXIS2_PLACEMENT_3D ( 'NONE', #1752, #1869, #531 ) ;
#1242 = CYLINDRICAL_SURFACE ( 'NONE', #989, 4.999999999999997335 ) ;
#1243 = DIRECTION ( 'NONE',  ( 0.000000000000000000, 0.000000000000000000, -1.000000000000000000 ) ) ;
#1244 = EDGE_CURVE ( 'NONE', #1125, #1279, #501, .T. ) ;
#1245 = VECTOR ( 'NONE', #206, 1000.000000000000000 ) ;
#1246 = DIRECTION ( 'NONE',  ( 0.000000000000000000, -0.000000000000000000, -1.000000000000000000 ) ) ;
#1247 = ORIENTED_EDGE ( 'NONE', *, *, #634, .F. ) ;
#1248 = CYLINDRICAL_SURFACE ( 'NONE', #1400, 4.050000000000001599 ) ;
#1249 = DIRECTION ( 'NONE',  ( -1.000000000000000000, 0.000000000000000000, 0.000000000000000000 ) ) ;
#1250 = CYLINDRICAL_SURFACE ( 'NONE', #1732, 4.999999999999997335 ) ;
#1251 = CYLINDRICAL_SURFACE ( 'NONE', #460, 3.000000000000002665 ) ;
#1252 = CARTESIAN_POINT ( 'NONE',  ( 4.500000000000000000, 0.000000000000000000, 9.000000000000008882 ) ) ;
#1253 = EDGE_LOOP ( 'NONE', ( #441, #899 ) ) ;
#1254 = CARTESIAN_POINT ( 'NONE',  ( 19.97116097332557416, -38.00000000000000711, -7.000000000000029310 ) ) ;
#1255 = DIRECTION ( 'NONE',  ( 0.000000000000000000, 0.000000000000000000, -1.000000000000000000 ) ) ;
#1256 = CARTESIAN_POINT ( 'NONE',  ( 41.97116097332557416, 15.20000000000003837, -6.965787506182131327E-15 ) ) ;
#1257 = ORIENTED_EDGE ( 'NONE', *, *, #324, .F. ) ;
#1258 = ADVANCED_FACE ( 'NONE', ( #910 ), #1314, .F. ) ;
#1259 = ORIENTED_EDGE ( 'NONE', *, *, #1075, .T. ) ;
#1260 = ADVANCED_FACE ( 'NONE', ( #1169, #449, #1036, #1077 ), #370, .F. ) ;
#1261 = AXIS2_PLACEMENT_3D ( 'NONE', #1637, #716, #1622 ) ;
#1262 =( LENGTH_UNIT ( ) NAMED_UNIT ( * ) SI_UNIT ( .MILLI., .METRE. ) );
#1263 = VECTOR ( 'NONE', #855, 1000.000000000000000 ) ;
#1264 = DIRECTION ( 'NONE',  ( 1.000000000000000000, 0.000000000000000000, 0.000000000000000000 ) ) ;
#1265 = CARTESIAN_POINT ( 'NONE',  ( 16.40000000000000213, 1.959434878635768681E-16, 0.000000000000000000 ) ) ;
#1266 = ORIENTED_EDGE ( 'NONE', *, *, #360, .F. ) ;
#1267 = CIRCLE ( 'NONE', #676, 1.600000000000000755 ) ;
#1268 = EDGE_LOOP ( 'NONE', ( #1733, #420, #1727, #1559 ) ) ;
#1269 = AXIS2_PLACEMENT_3D ( 'NONE', #635, #942, #654 ) ;
#1270 = CARTESIAN_POINT ( 'NONE',  ( -16.55887450304579289, 41.53553390593273065, 10.00000000000000000 ) ) ;
#1271 = ADVANCED_FACE ( 'NONE', ( #1388, #201 ), #505, .T. ) ;
#1272 = AXIS2_PLACEMENT_3D ( 'NONE', #28, #1482, #724 ) ;
#1273 = ORIENTED_EDGE ( 'NONE', *, *, #54, .T. ) ;
#1274 = CARTESIAN_POINT ( 'NONE',  ( 18.00000000000000355, 0.000000000000000000, 7.000000000000000000 ) ) ;
#1275 = PRODUCT_DEFINITION ( 'æœ', '', #1093, #1479 ) ;
#1276 = DIRECTION ( 'NONE',  ( 1.000000000000000000, 0.000000000000000000, 0.000000000000000000 ) ) ;
#1277 = CYLINDRICAL_SURFACE ( 'NONE', #553, 3.000000000000002665 ) ;
#1278 = CARTESIAN_POINT ( 'NONE',  ( -44.03553390593277328, 14.05887450304565256, -7.000000000000031974 ) ) ;
#1279 = VERTEX_POINT ( 'NONE', #356 ) ;
#1280 = CARTESIAN_POINT ( 'NONE',  ( -10.20000000000000107, 10.20000000000003837, -115.0854889390574840 ) ) ;
#1281 = ORIENTED_EDGE ( 'NONE', *, *, #947, .T. ) ;
#1282 = CARTESIAN_POINT ( 'NONE',  ( -45.50000000000002132, -12.59440840897840097, -115.0854889390574840 ) ) ;
#1283 = ORIENTED_EDGE ( 'NONE', *, *, #1005, .T. ) ;
#1284 = CARTESIAN_POINT ( 'NONE',  ( -15.09440840897853597, 43.00000000000000000, -115.0854889390574840 ) ) ;
#1285 = FACE_OUTER_BOUND ( 'NONE', #1216, .T. ) ;
#1286 = PLANE ( 'NONE',  #1420 ) ;
#1287 = ORIENTED_EDGE ( 'NONE', *, *, #1146, .F. ) ;
#1288 = ADVANCED_FACE ( 'NONE', ( #1550 ), #230, .F. ) ;
#1289 = DIRECTION ( 'NONE',  ( 1.000000000000000000, 0.000000000000000000, 0.000000000000000000 ) ) ;
#1290 = ORIENTED_EDGE ( 'NONE', *, *, #324, .T. ) ;
#1291 = EDGE_LOOP ( 'NONE', ( #1220, #759, #453, #363 ) ) ;
#1292 = CIRCLE ( 'NONE', #895, 5.085530313790495249 ) ;
#1293 = EDGE_CURVE ( 'NONE', #1071, #606, #190, .T. ) ;
#1294 = LINE ( 'NONE', #1741, #1368 ) ;
#1295 = CARTESIAN_POINT ( 'NONE',  ( -13.02334059711305336, -42.99999999999998579, 10.00000000000000000 ) ) ;
#1296 = EDGE_LOOP ( 'NONE', ( #1726, #879, #1652, #313 ) ) ;
#1297 = CIRCLE ( 'NONE', #1396, 3.000000000000002665 ) ;
#1298 = CIRCLE ( 'NONE', #197, 1.599999999999997202 ) ;
#1299 = ORIENTED_EDGE ( 'NONE', *, *, #1415, .F. ) ;
#1300 = EDGE_CURVE ( 'NONE', #1601, #1038, #948, .T. ) ;
#1301 = VECTOR ( 'NONE', #1836, 1000.000000000000000 ) ;
#1302 = DIRECTION ( 'NONE',  ( 8.503546450866687256E-17, -1.000000000000000000, 1.566647076034557857E-16 ) ) ;
#1303 = VECTOR ( 'NONE', #1524, 1000.000000000000000 ) ;
#1304 = ORIENTED_EDGE ( 'NONE', *, *, #1129, .F. ) ;
#1305 = AXIS2_PLACEMENT_3D ( 'NONE', #1327, #10, #590 ) ;
#1306 = CARTESIAN_POINT ( 'NONE',  ( 2.499999999999973355, -30.00000000000002132, -7.000000000000023981 ) ) ;
#1307 = DIRECTION ( 'NONE',  ( -0.000000000000000000, -0.000000000000000000, 1.000000000000000000 ) ) ;
#1308 = DIRECTION ( 'NONE',  ( 0.000000000000000000, 0.000000000000000000, 1.000000000000000000 ) ) ;
#1309 = VERTEX_POINT ( 'NONE', #918 ) ;
#1310 = ORIENTED_EDGE ( 'NONE', *, *, #1868, .F. ) ;
#1311 = PLANE ( 'NONE',  #959 ) ;
#1312 = EDGE_LOOP ( 'NONE', ( #1266, #234, #343, #1721 ) ) ;
#1313 = DIRECTION ( 'NONE',  ( 0.000000000000000000, 0.000000000000000000, -1.000000000000000000 ) ) ;
#1314 = CYLINDRICAL_SURFACE ( 'NONE', #527, 2.600000000000000089 ) ;
#1315 = FACE_OUTER_BOUND ( 'NONE', #857, .T. ) ;
#1316 = ORIENTED_EDGE ( 'NONE', *, *, #220, .T. ) ;
#1317 = PRODUCT_DEFINITION_SHAPE ( 'NONE', 'NONE',  #1275 ) ;
#1318 = ORIENTED_EDGE ( 'NONE', *, *, #1300, .F. ) ;
#1319 = EDGE_CURVE ( 'NONE', #768, #1477, #59, .T. ) ;
#1320 = ADVANCED_FACE ( 'NONE', ( #782 ), #1248, .F. ) ;
#1321 = ORIENTED_EDGE ( 'NONE', *, *, #216, .F. ) ;
#1322 = CARTESIAN_POINT ( 'NONE',  ( 44.97116097332557416, 15.20000000000003837, 10.00000000000000000 ) ) ;
#1323 = ADVANCED_FACE ( 'NONE', ( #814 ), #1380, .F. ) ;
#1324 = FACE_OUTER_BOUND ( 'NONE', #66, .T. ) ;
#1325 = DIRECTION ( 'NONE',  ( -0.000000000000000000, -0.000000000000000000, 1.000000000000000000 ) ) ;
#1326 = ORIENTED_EDGE ( 'NONE', *, *, #1865, .F. ) ;
#1327 = CARTESIAN_POINT ( 'NONE',  ( 0.000000000000000000, 0.000000000000000000, 5.000000000000000000 ) ) ;
#1328 = CARTESIAN_POINT ( 'NONE',  ( 14.97116097332557239, -43.00000000000000000, -7.000000000000017764 ) ) ;
#1329 = EDGE_LOOP ( 'NONE', ( #695, #1430, #1582, #1197 ) ) ;
#1330 = AXIS2_PLACEMENT_3D ( 'NONE', #844, #1708, #984 ) ;
#1331 = CIRCLE ( 'NONE', #987, 5.000000000000000888 ) ;
#1332 = VECTOR ( 'NONE', #489, 1000.000000000000000 ) ;
#1333 = AXIS2_PLACEMENT_3D ( 'NONE', #1833, #67, #1542 ) ;
#1334 = DIRECTION ( 'NONE',  ( -0.000000000000000000, -0.000000000000000000, 1.000000000000000000 ) ) ;
#1335 = AXIS2_PLACEMENT_3D ( 'NONE', #601, #1789, #628 ) ;
#1336 = ORIENTED_EDGE ( 'NONE', *, *, #1180, .F. ) ;
#1337 = DIRECTION ( 'NONE',  ( 0.000000000000000000, 0.000000000000000000, -1.000000000000000000 ) ) ;
#1338 = FACE_OUTER_BOUND ( 'NONE', #200, .T. ) ;
#1339 = ORIENTED_EDGE ( 'NONE', *, *, #1505, .F. ) ;
#1340 = LINE ( 'NONE', #1775, #106 ) ;
#1341 = DIRECTION ( 'NONE',  ( 0.000000000000000000, 0.000000000000000000, 1.000000000000000000 ) ) ;
#1342 = ORIENTED_EDGE ( 'NONE', *, *, #1760, .T. ) ;
#1343 = CYLINDRICAL_SURFACE ( 'NONE', #1335, 2.999999999999999112 ) ;
#1344 = EDGE_LOOP ( 'NONE', ( #576, #1690, #993, #1339 ) ) ;
#1345 = SHAPE_DEFINITION_REPRESENTATION ( #1317, #86 ) ;
#1346 = CARTESIAN_POINT ( 'NONE',  ( 22.97116097332557416, 18.20000000000003126, 10.00000000000000178 ) ) ;
#1347 = DIRECTION ( 'NONE',  ( 0.000000000000000000, -0.000000000000000000, -1.000000000000000000 ) ) ;
#1348 = ORIENTED_EDGE ( 'NONE', *, *, #360, .T. ) ;
#1349 = LINE ( 'NONE', #194, #256 ) ;
#1350 = ORIENTED_EDGE ( 'NONE', *, *, #1838, .T. ) ;
#1351 = ADVANCED_FACE ( 'NONE', ( #485 ), #1397, .F. ) ;
#1352 = ORIENTED_EDGE ( 'NONE', *, *, #923, .T. ) ;
#1353 = ORIENTED_EDGE ( 'NONE', *, *, #43, .T. ) ;
#1354 = CARTESIAN_POINT ( 'NONE',  ( -1.040834085586083941E-14, -6.938893903907231533E-15, 10.00000000000000000 ) ) ;
#1355 = CARTESIAN_POINT ( 'NONE',  ( -45.50000000000002132, 12.59440840897839742, -115.0854889390574840 ) ) ;
#1356 = VERTEX_POINT ( 'NONE', #1254 ) ;
#1357 = DIRECTION ( 'NONE',  ( -0.7071067811865464625, 0.7071067811865486830, -1.731363845102284585E-16 ) ) ;
#1358 = EDGE_CURVE ( 'NONE', #134, #566, #1104, .T. ) ;
#1359 = CARTESIAN_POINT ( 'NONE',  ( 19.97116097332557416, 15.20000000000003304, -6.938893903907228378E-15 ) ) ;
#1360 = DIRECTION ( 'NONE',  ( 1.000000000000000000, 0.000000000000000000, 0.000000000000000000 ) ) ;
#1361 = CLOSED_SHELL ( 'NONE', ( #1351, #658, #1634, #1186, #448, #155, #1102, #255, #382, #1320, #1490, #1258, #1672, #518, #872, #1443, #180, #815, #457, #387, #604, #1564, #1585, #544, #1722, #208, #1409, #1323, #39, #1288, #1478, #1847, #539, #493, #1065, #690, #526, #898, #917, #1260, #326, #805, #1784, #1271, #1101, #1497, #655, #1751, #351, #1668, #1000, #1612, #1222, #17, #1824, #1467, #1070, #1746, #680, #1574, #235, #574 ) ) ;
#1362 = VECTOR ( 'NONE', #1667, 1000.000000000000000 ) ;
#1363 = EDGE_CURVE ( 'NONE', #702, #478, #652, .T. ) ;
#1364 = ORIENTED_EDGE ( 'NONE', *, *, #1157, .F. ) ;
#1365 = AXIS2_PLACEMENT_3D ( 'NONE', #63, #72, #1614 ) ;
#1366 = DIRECTION ( 'NONE',  ( -0.000000000000000000, -0.000000000000000000, 1.000000000000000000 ) ) ;
#1367 = ORIENTED_EDGE ( 'NONE', *, *, #278, .F. ) ;
#1368 = VECTOR ( 'NONE', #851, 1000.000000000000000 ) ;
#1369 = VERTEX_POINT ( 'NONE', #1111 ) ;
#1370 = AXIS2_PLACEMENT_3D ( 'NONE', #1666, #1097, #632 ) ;
#1371 = DIRECTION ( 'NONE',  ( -1.000000000000000000, -2.081668171172168760E-16, 1.222436467041014126E-18 ) ) ;
#1372 = DIRECTION ( 'NONE',  ( 0.000000000000000000, 0.000000000000000000, 1.000000000000000000 ) ) ;
#1373 = VECTOR ( 'NONE', #1357, 1000.000000000000000 ) ;
#1374 = CYLINDRICAL_SURFACE ( 'NONE', #443, 5.000000000000000888 ) ;
#1375 = LINE ( 'NONE', #758, #740 ) ;
#1376 = ORIENTED_EDGE ( 'NONE', *, *, #237, .F. ) ;
#1377 = ORIENTED_EDGE ( 'NONE', *, *, #1868, .T. ) ;
#1378 = ORIENTED_EDGE ( 'NONE', *, *, #1319, .F. ) ;
#1379 = EDGE_CURVE ( 'NONE', #165, #1309, #1849, .T. ) ;
#1380 = CYLINDRICAL_SURFACE ( 'NONE', #1554, 11.09999999999999787 ) ;
#1381 = CARTESIAN_POINT ( 'NONE',  ( 2.499999999999973355, -30.00000000000002132, -6.000000000000060396 ) ) ;
#1382 = DIRECTION ( 'NONE',  ( 0.000000000000000000, 0.000000000000000000, -1.000000000000000000 ) ) ;
#1383 = DIRECTION ( 'NONE',  ( -8.818711551115223354E-17, 1.566647076034557857E-16, 1.000000000000000000 ) ) ;
#1384 = EDGE_LOOP ( 'NONE', ( #151, #885, #1435, #1364 ) ) ;
#1385 = EDGE_CURVE ( 'NONE', #1882, #214, #133, .T. ) ;
#1386 = MANIFOLD_SOLID_BREP ( '\X2\52079664\X0\-\X2\62c94f38\X0\5', #1361 ) ;
#1387 = VERTEX_POINT ( 'NONE', #269 ) ;
#1388 = FACE_BOUND ( 'NONE', #1654, .T. ) ;
#1389 = CARTESIAN_POINT ( 'NONE',  ( 2.599999999999989431, -6.620485736128919517E-15, 10.00000000000000000 ) ) ;
#1390 = LINE ( 'NONE', #1669, #1526 ) ;
#1391 = CARTESIAN_POINT ( 'NONE',  ( 19.60000000000000142, 0.000000000000000000, 0.000000000000000000 ) ) ;
#1392 = LINE ( 'NONE', #341, #769 ) ;
#1393 = ORIENTED_EDGE ( 'NONE', *, *, #718, .F. ) ;
#1394 = AXIS2_PLACEMENT_3D ( 'NONE', #282, #755, #1007 ) ;
#1395 = ORIENTED_EDGE ( 'NONE', *, *, #54, .F. ) ;
#1396 = AXIS2_PLACEMENT_3D ( 'NONE', #990, #1459, #1126 ) ;
#1397 = CYLINDRICAL_SURFACE ( 'NONE', #1370, 4.999999999999997335 ) ;
#1398 = DIRECTION ( 'NONE',  ( 0.000000000000000000, -0.000000000000000000, 1.000000000000000000 ) ) ;
#1399 = VECTOR ( 'NONE', #107, 1000.000000000000000 ) ;
#1400 = AXIS2_PLACEMENT_3D ( 'NONE', #511, #772, #1703 ) ;
#1401 = CARTESIAN_POINT ( 'NONE',  ( -21.40000000000003055, 3.205484775267860630E-13, -6.000000000000088818 ) ) ;
#1402 = LINE ( 'NONE', #223, #1791 ) ;
#1403 = VECTOR ( 'NONE', #972, 1000.000000000000000 ) ;
#1404 = ORIENTED_EDGE ( 'NONE', *, *, #498, .T. ) ;
#1405 = EDGE_CURVE ( 'NONE', #1871, #1853, #1228, .T. ) ;
#1406 = CARTESIAN_POINT ( 'NONE',  ( 19.97116097332557416, 15.20000000000004015, -115.0854889390574840 ) ) ;
#1407 = DIRECTION ( 'NONE',  ( 1.000000000000000000, 0.000000000000000000, 0.000000000000000000 ) ) ;
#1408 = DIRECTION ( 'NONE',  ( 0.000000000000000000, 0.000000000000000000, 1.000000000000000000 ) ) ;
#1409 = ADVANCED_FACE ( 'NONE', ( #858 ), #1004, .T. ) ;
#1410 = CARTESIAN_POINT ( 'NONE',  ( -10.20000000000000107, 10.20000000000003837, -115.0854889390574840 ) ) ;
#1411 = VERTEX_POINT ( 'NONE', #688 ) ;
#1412 = DIRECTION ( 'NONE',  ( 1.000000000000000000, 0.000000000000000000, 0.000000000000000000 ) ) ;
#1413 = DIRECTION ( 'NONE',  ( 0.000000000000000000, 0.000000000000000000, 1.000000000000000000 ) ) ;
#1414 = FACE_OUTER_BOUND ( 'NONE', #274, .T. ) ;
#1415 = EDGE_CURVE ( 'NONE', #293, #1887, #981, .T. ) ;
#1416 = ORIENTED_EDGE ( 'NONE', *, *, #1603, .T. ) ;
#1417 = LINE ( 'NONE', #1438, #319 ) ;
#1418 = CIRCLE ( 'NONE', #828, 4.999999999999997335 ) ;
#1419 = ORIENTED_EDGE ( 'NONE', *, *, #1440, .F. ) ;
#1420 = AXIS2_PLACEMENT_3D ( 'NONE', #1139, #538, #411 ) ;
#1421 = DIRECTION ( 'NONE',  ( -8.818711551115223354E-17, 1.566647076034557857E-16, 1.000000000000000000 ) ) ;
#1422 = AXIS2_PLACEMENT_3D ( 'NONE', #153, #322, #1062 ) ;
#1423 = DIRECTION ( 'NONE',  ( 1.000000000000000000, 0.000000000000000000, 0.000000000000000000 ) ) ;
#1424 = CARTESIAN_POINT ( 'NONE',  ( -45.50000000000002132, 10.52334059711292369, 10.00000000000000000 ) ) ;
#1425 = AXIS2_PLACEMENT_3D ( 'NONE', #741, #1619, #887 ) ;
#1426 = LINE ( 'NONE', #1280, #583 ) ;
#1427 = ORIENTED_EDGE ( 'NONE', *, *, #305, .T. ) ;
#1428 = CIRCLE ( 'NONE', #295, 4.999999999999997335 ) ;
#1429 = DIRECTION ( 'NONE',  ( 1.000000000000000000, 0.000000000000000000, 0.000000000000000000 ) ) ;
#1430 = ORIENTED_EDGE ( 'NONE', *, *, #886, .F. ) ;
#1431 = DIRECTION ( 'NONE',  ( -0.000000000000000000, -0.000000000000000000, -1.000000000000000000 ) ) ;
#1432 = EDGE_CURVE ( 'NONE', #1038, #243, #1551, .T. ) ;
#1433 = CARTESIAN_POINT ( 'NONE',  ( -16.55887450304579644, -41.53553390593271644, 10.00000000000000000 ) ) ;
#1434 = CARTESIAN_POINT ( 'NONE',  ( -40.50000000000002132, -10.52334059711292724, 10.00000000000000000 ) ) ;
#1435 = ORIENTED_EDGE ( 'NONE', *, *, #1244, .F. ) ;
#1436 = DIRECTION ( 'NONE',  ( -0.000000000000000000, -0.000000000000000000, 1.000000000000000000 ) ) ;
#1437 = ORIENTED_EDGE ( 'NONE', *, *, #1546, .F. ) ;
#1438 = CARTESIAN_POINT ( 'NONE',  ( 22.97116097332557416, -15.19999999999996199, 0.000000000000000000 ) ) ;
#1439 = ORIENTED_EDGE ( 'NONE', *, *, #118, .T. ) ;
#1440 = EDGE_CURVE ( 'NONE', #64, #459, #555, .T. ) ;
#1441 = DIRECTION ( 'NONE',  ( -0.05529501089468927960, -0.9984700605276836116, 1.515487125704139733E-16 ) ) ;
#1442 = CARTESIAN_POINT ( 'NONE',  ( 0.000000000000000000, 0.000000000000000000, 10.00000000000000000 ) ) ;
#1443 = ADVANCED_FACE ( 'NONE', ( #279 ), #1900, .F. ) ;
#1444 = DIRECTION ( 'NONE',  ( -1.000000000000000000, 0.000000000000000000, 0.000000000000000000 ) ) ;
#1445 = CARTESIAN_POINT ( 'NONE',  ( -10.20000000000000995, 10.20000000000003837, -7.000000000000033751 ) ) ;
#1446 = EDGE_LOOP ( 'NONE', ( #1164, #1768, #849, #49 ) ) ;
#1447 = ORIENTED_EDGE ( 'NONE', *, *, #1231, .F. ) ;
#1448 = FACE_OUTER_BOUND ( 'NONE', #904, .T. ) ;
#1449 = ORIENTED_EDGE ( 'NONE', *, *, #362, .F. ) ;
#1450 = DIRECTION ( 'NONE',  ( 0.000000000000000000, 0.000000000000000000, 1.000000000000000000 ) ) ;
#1451 = CIRCLE ( 'NONE', #463, 11.09999999999999787 ) ;
#1452 = CIRCLE ( 'NONE', #705, 12.13553031379051994 ) ;
#1453 = FACE_OUTER_BOUND ( 'NONE', #1, .T. ) ;
#1454 = CARTESIAN_POINT ( 'NONE',  ( -32.50000000000002842, 3.191891195797325054E-13, -7.000000000000031086 ) ) ;
#1455 = VERTEX_POINT ( 'NONE', #386 ) ;
#1456 = CIRCLE ( 'NONE', #900, 4.999999999999997335 ) ;
#1457 = ORIENTED_EDGE ( 'NONE', *, *, #586, .T. ) ;
#1458 = AXIS2_PLACEMENT_3D ( 'NONE', #1213, #1804, #149 ) ;
#1459 = DIRECTION ( 'NONE',  ( 0.000000000000000000, 0.000000000000000000, 1.000000000000000000 ) ) ;
#1460 = AXIS2_PLACEMENT_3D ( 'NONE', #1788, #1647, #1656 ) ;
#1461 = EDGE_LOOP ( 'NONE', ( #1571, #1883 ) ) ;
#1462 = LINE ( 'NONE', #425, #903 ) ;
#1463 = EDGE_CURVE ( 'NONE', #459, #1184, #842, .T. ) ;
#1464 = CARTESIAN_POINT ( 'NONE',  ( -32.50000000000002842, 3.191891195797325054E-13, 10.00000000000000000 ) ) ;
#1465 = CARTESIAN_POINT ( 'NONE',  ( -40.50000000000002132, -10.52334059711292724, 10.00000000000000000 ) ) ;
#1466 = VERTEX_POINT ( 'NONE', #406 ) ;
#1467 = ADVANCED_FACE ( 'NONE', ( #112, #827 ), #1595, .T. ) ;
#1468 = ORIENTED_EDGE ( 'NONE', *, *, #835, .F. ) ;
#1469 = EDGE_CURVE ( 'NONE', #796, #926, #1734, .T. ) ;
#1470 = VERTEX_POINT ( 'NONE', #93 ) ;
#1471 = LINE ( 'NONE', #2, #231 ) ;
#1472 = DIRECTION ( 'NONE',  ( -0.000000000000000000, -0.000000000000000000, -1.000000000000000000 ) ) ;
#1473 = LINE ( 'NONE', #1608, #800 ) ;
#1474 = ORIENTED_EDGE ( 'NONE', *, *, #81, .T. ) ;
#1475 = DIRECTION ( 'NONE',  ( 1.000000000000000000, 0.000000000000000000, -0.000000000000000000 ) ) ;
#1476 = CYLINDRICAL_SURFACE ( 'NONE', #1422, 4.999999999999999112 ) ;
#1477 = VERTEX_POINT ( 'NONE', #1729 ) ;
#1478 = ADVANCED_FACE ( 'NONE', ( #995, #381, #563, #1589 ), #1160, .F. ) ;
#1479 = PRODUCT_DEFINITION_CONTEXT ( 'detailed design', #1840, 'design' ) ;
#1480 = DIRECTION ( 'NONE',  ( 0.000000000000000000, 0.000000000000000000, 1.000000000000000000 ) ) ;
#1481 = ORIENTED_EDGE ( 'NONE', *, *, #185, .F. ) ;
#1482 = DIRECTION ( 'NONE',  ( 0.000000000000000000, 0.000000000000000000, 1.000000000000000000 ) ) ;
#1483 = DIRECTION ( 'NONE',  ( 0.000000000000000000, 0.000000000000000000, 1.000000000000000000 ) ) ;
#1484 = FACE_BOUND ( 'NONE', #1711, .T. ) ;
#1485 = VERTEX_POINT ( 'NONE', #120 ) ;
#1486 = DIRECTION ( 'NONE',  ( 0.000000000000000000, 0.000000000000000000, 1.000000000000000000 ) ) ;
#1487 = EDGE_LOOP ( 'NONE', ( #119, #1336 ) ) ;
#1488 = CIRCLE ( 'NONE', #1394, 4.500000000000000000 ) ;
#1489 = CIRCLE ( 'NONE', #896, 2.600000000000000089 ) ;
#1490 = ADVANCED_FACE ( 'NONE', ( #1739 ), #1560, .F. ) ;
#1491 = CIRCLE ( 'NONE', #1891, 1.599999999999997202 ) ;
#1492 = AXIS2_PLACEMENT_3D ( 'NONE', #171, #467, #1057 ) ;
#1493 = FACE_OUTER_BOUND ( 'NONE', #1790, .T. ) ;
#1494 = EDGE_LOOP ( 'NONE', ( #1321, #1818, #517, #217 ) ) ;
#1495 = CARTESIAN_POINT ( 'NONE',  ( -2.585530313790525003, 29.99999999999999289, -7.000000000000033751 ) ) ;
#1496 = CARTESIAN_POINT ( 'NONE',  ( -15.09440840897854308, 43.00000000000000000, -7.000000000000033751 ) ) ;
#1497 = ADVANCED_FACE ( 'NONE', ( #723 ), #1648, .F. ) ;
#1498 = ORIENTED_EDGE ( 'NONE', *, *, #377, .F. ) ;
#1499 = LINE ( 'NONE', #310, #1373 ) ;
#1500 = CARTESIAN_POINT ( 'NONE',  ( 5.535530313790546053, 0.000000000000000000, 10.00000000000000000 ) ) ;
#1501 = ORIENTED_EDGE ( 'NONE', *, *, #1240, .T. ) ;
#1502 = EDGE_LOOP ( 'NONE', ( #1310, #1592, #893, #697 ) ) ;
#1503 = FACE_OUTER_BOUND ( 'NONE', #464, .T. ) ;
#1504 = ORIENTED_EDGE ( 'NONE', *, *, #270, .T. ) ;
#1505 = EDGE_CURVE ( 'NONE', #1862, #1159, #1462, .T. ) ;
#1506 = CYLINDRICAL_SURFACE ( 'NONE', #1492, 3.000000000000002665 ) ;
#1507 = DIRECTION ( 'NONE',  ( 1.000000000000000000, 0.000000000000000000, 0.000000000000000000 ) ) ;
#1508 = ORIENTED_EDGE ( 'NONE', *, *, #1905, .T. ) ;
#1509 = LINE ( 'NONE', #482, #1026 ) ;
#1510 = DIRECTION ( 'NONE',  ( 1.000000000000000000, 0.000000000000000000, 0.000000000000000000 ) ) ;
#1511 = EDGE_LOOP ( 'NONE', ( #1895, #1447, #175, #422 ) ) ;
#1512 = CARTESIAN_POINT ( 'NONE',  ( 18.00000000000000355, 0.000000000000000000, -7.000000000000035527 ) ) ;
#1513 = ORIENTED_EDGE ( 'NONE', *, *, #1620, .T. ) ;
#1514 = CARTESIAN_POINT ( 'NONE',  ( 0.000000000000000000, 0.000000000000000000, 5.000000000000000000 ) ) ;
#1515 = DIRECTION ( 'NONE',  ( 0.000000000000000000, 0.000000000000000000, -1.000000000000000000 ) ) ;
#1516 = FACE_OUTER_BOUND ( 'NONE', #123, .T. ) ;
#1517 = DIRECTION ( 'NONE',  ( -1.387778780781445478E-15, -1.000000000000000000, 1.734723475976806848E-16 ) ) ;
#1518 = CARTESIAN_POINT ( 'NONE',  ( 2.499999999999973355, 29.99999999999999289, -115.0854889390574840 ) ) ;
#1519 = CIRCLE ( 'NONE', #402, 4.500000000000000000 ) ;
#1520 = ORIENTED_EDGE ( 'NONE', *, *, #1838, .F. ) ;
#1521 = AXIS2_PLACEMENT_3D ( 'NONE', #763, #202, #653 ) ;
#1522 = CARTESIAN_POINT ( 'NONE',  ( 18.00000000000000355, 0.000000000000000000, 7.000000000000000000 ) ) ;
#1523 = AXIS2_PLACEMENT_3D ( 'NONE', #1346, #1772, #1201 ) ;
#1524 = DIRECTION ( 'NONE',  ( 1.000000000000000000, 0.000000000000000000, -1.222436467041028763E-18 ) ) ;
#1525 = DIRECTION ( 'NONE',  ( 0.000000000000000000, 0.000000000000000000, 1.000000000000000000 ) ) ;
#1526 = VECTOR ( 'NONE', #1105, 1000.000000000000000 ) ;
#1527 = LINE ( 'NONE', #507, #380 ) ;
#1528 = DIRECTION ( 'NONE',  ( -0.7193398003386550776, 0.000000000000000000, -0.6946583704589932573 ) ) ;
#1529 = ORIENTED_EDGE ( 'NONE', *, *, #339, .F. ) ;
#1530 = EDGE_CURVE ( 'NONE', #1044, #268, #810, .T. ) ;
#1531 = DIRECTION ( 'NONE',  ( -0.000000000000000000, -0.000000000000000000, 1.000000000000000000 ) ) ;
#1532 = EDGE_CURVE ( 'NONE', #868, #1862, #963, .T. ) ;
#1533 = ORIENTED_EDGE ( 'NONE', *, *, #600, .T. ) ;
#1534 = CARTESIAN_POINT ( 'NONE',  ( 14.97116097332557594, -10.20000000000000107, -115.0854889390574840 ) ) ;
#1535 = DIRECTION ( 'NONE',  ( 1.000000000000000000, 0.000000000000000000, 0.000000000000000000 ) ) ;
#1536 = CARTESIAN_POINT ( 'NONE',  ( -37.50000000000002842, 3.191891195797325054E-13, 10.00000000000000000 ) ) ;
#1537 = FACE_OUTER_BOUND ( 'NONE', #1329, .T. ) ;
#1538 = DIRECTION ( 'NONE',  ( 0.000000000000000000, -1.000000000000000000, 0.000000000000000000 ) ) ;
#1539 = ORIENTED_EDGE ( 'NONE', *, *, #582, .T. ) ;
#1540 = DIRECTION ( 'NONE',  ( 1.000000000000000000, 0.000000000000000000, 0.000000000000000000 ) ) ;
#1541 = VERTEX_POINT ( 'NONE', #462 ) ;
#1542 = DIRECTION ( 'NONE',  ( 1.000000000000000000, 0.000000000000000000, 0.000000000000000000 ) ) ;
#1543 = DIRECTION ( 'NONE',  ( 0.000000000000000000, 0.000000000000000000, 1.000000000000000000 ) ) ;
#1544 = DIRECTION ( 'NONE',  ( -0.000000000000000000, -0.000000000000000000, 1.000000000000000000 ) ) ;
#1545 = CARTESIAN_POINT ( 'NONE',  ( -32.50000000000002842, 3.191891195797325054E-13, 0.000000000000000000 ) ) ;
#1546 = EDGE_CURVE ( 'NONE', #25, #937, #1750, .T. ) ;
#1547 = AXIS2_PLACEMENT_3D ( 'NONE', #1660, #303, #749 ) ;
#1548 = VERTEX_POINT ( 'NONE', #1779 ) ;
#1549 = VECTOR ( 'NONE', #656, 1000.000000000000000 ) ;
#1550 = FACE_OUTER_BOUND ( 'NONE', #683, .T. ) ;
#1551 = CIRCLE ( 'NONE', #992, 5.000000000000000888 ) ;
#1552 = CARTESIAN_POINT ( 'NONE',  ( 19.97116097332557416, -18.19999999999997442, 10.00000000000000000 ) ) ;
#1553 = EDGE_CURVE ( 'NONE', #937, #125, #1150, .T. ) ;
#1554 = AXIS2_PLACEMENT_3D ( 'NONE', #1841, #364, #801 ) ;
#1555 = CARTESIAN_POINT ( 'NONE',  ( -10.19999999999999929, -10.20000000000000107, -115.0854889390574840 ) ) ;
#1556 = CARTESIAN_POINT ( 'NONE',  ( -37.50000000000002842, 3.191891195797325054E-13, 0.000000000000000000 ) ) ;
#1557 = AXIS2_PLACEMENT_3D ( 'NONE', #573, #1480, #454 ) ;
#1558 = LINE ( 'NONE', #819, #48 ) ;
#1559 = ORIENTED_EDGE ( 'NONE', *, *, #461, .F. ) ;
#1560 = CYLINDRICAL_SURFACE ( 'NONE', #352, 11.09999999999999787 ) ;
#1561 = EDGE_CURVE ( 'NONE', #478, #1665, #14, .T. ) ;
#1562 = CARTESIAN_POINT ( 'NONE',  ( 44.97116097332557416, 12.20000000000004015, 10.00000000000000000 ) ) ;
#1563 = LINE ( 'NONE', #1591, #1855 ) ;
#1564 = ADVANCED_FACE ( 'NONE', ( #1025 ), #306, .T. ) ;
#1565 = CARTESIAN_POINT ( 'NONE',  ( -10.20000000000000107, 10.20000000000003837, -115.0854889390574840 ) ) ;
#1566 = ORIENTED_EDGE ( 'NONE', *, *, #1905, .F. ) ;
#1567 = DIRECTION ( 'NONE',  ( -0.000000000000000000, -0.000000000000000000, 1.000000000000000000 ) ) ;
#1568 = LINE ( 'NONE', #543, #557 ) ;
#1569 = DIRECTION ( 'NONE',  ( 0.000000000000000000, 0.000000000000000000, 1.000000000000000000 ) ) ;
#1570 = CARTESIAN_POINT ( 'NONE',  ( 18.00000000000000355, 0.000000000000000000, 10.00000000000000000 ) ) ;
#1571 = ORIENTED_EDGE ( 'NONE', *, *, #1219, .T. ) ;
#1572 = VERTEX_POINT ( 'NONE', #1771 ) ;
#1573 = CARTESIAN_POINT ( 'NONE',  ( -2.600000000000010303, -6.938893903907231533E-15, 5.000000000000000000 ) ) ;
#1574 = ADVANCED_FACE ( 'NONE', ( #584 ), #446, .T. ) ;
#1575 = CIRCLE ( 'NONE', #953, 5.085530313790526336 ) ;
#1576 = ORIENTED_EDGE ( 'NONE', *, *, #721, .T. ) ;
#1577 = CIRCLE ( 'NONE', #1084, 1.599999999999997202 ) ;
#1578 = DIRECTION ( 'NONE',  ( 1.000000000000000000, 0.000000000000000000, 0.000000000000000000 ) ) ;
#1579 = AXIS2_PLACEMENT_3D ( 'NONE', #846, #1436, #1289 ) ;
#1580 = ORIENTED_EDGE ( 'NONE', *, *, #878, .T. ) ;
#1581 = CARTESIAN_POINT ( 'NONE',  ( 4.500000000000000000, 0.000000000000000000, 5.000000000000000000 ) ) ;
#1582 = ORIENTED_EDGE ( 'NONE', *, *, #1385, .F. ) ;
#1583 = VECTOR ( 'NONE', #1371, 1000.000000000000000 ) ;
#1584 = ORIENTED_EDGE ( 'NONE', *, *, #1033, .F. ) ;
#1585 = ADVANCED_FACE ( 'NONE', ( #1758 ), #1605, .T. ) ;
#1586 = VECTOR ( 'NONE', #1810, 1000.000000000000114 ) ;
#1587 = VERTEX_POINT ( 'NONE', #290 ) ;
#1588 = EDGE_CURVE ( 'NONE', #1626, #1875, #167, .T. ) ;
#1589 = FACE_OUTER_BOUND ( 'NONE', #145, .T. ) ;
#1590 = CARTESIAN_POINT ( 'NONE',  ( 0.000000000000000000, 0.000000000000000000, 9.000000000000008882 ) ) ;
#1591 = CARTESIAN_POINT ( 'NONE',  ( 41.97116097332557416, 15.20000000000003837, -39.35936991365589677 ) ) ;
#1592 = ORIENTED_EDGE ( 'NONE', *, *, #1684, .F. ) ;
#1593 = LINE ( 'NONE', #392, #867 ) ;
#1594 = ORIENTED_EDGE ( 'NONE', *, *, #600, .F. ) ;
#1595 = PLANE ( 'NONE',  #407 ) ;
#1596 = CARTESIAN_POINT ( 'NONE',  ( -27.50000000000003197, 3.198014429793062064E-13, 0.000000000000000000 ) ) ;
#1597 = FACE_OUTER_BOUND ( 'NONE', #1502, .T. ) ;
#1598 = FACE_BOUND ( 'NONE', #1487, .T. ) ;
#1599 = VERTEX_POINT ( 'NONE', #880 ) ;
#1600 = DIRECTION ( 'NONE',  ( 0.000000000000000000, 0.000000000000000000, -1.000000000000000000 ) ) ;
#1601 = VERTEX_POINT ( 'NONE', #1199 ) ;
#1602 = DIRECTION ( 'NONE',  ( 1.000000000000000000, 0.000000000000000000, 0.000000000000000000 ) ) ;
#1603 = EDGE_CURVE ( 'NONE', #638, #188, #1471, .T. ) ;
#1604 = ORIENTED_EDGE ( 'NONE', *, *, #549, .T. ) ;
#1605 = PLANE ( 'NONE',  #1801 ) ;
#1606 = CIRCLE ( 'NONE', #1521, 4.050000000000001599 ) ;
#1607 = CARTESIAN_POINT ( 'NONE',  ( 38.57116097332558269, 0.000000000000000000, 7.000000000000000888 ) ) ;
#1608 = CARTESIAN_POINT ( 'NONE',  ( -16.55887450304579644, -41.53553390593271644, -115.0854889390574840 ) ) ;
#1609 = VERTEX_POINT ( 'NONE', #732 ) ;
#1610 = CIRCLE ( 'NONE', #771, 3.000000000000002665 ) ;
#1611 = FACE_OUTER_BOUND ( 'NONE', #1615, .T. ) ;
#1612 = ADVANCED_FACE ( 'NONE', ( #1493 ), #1343, .F. ) ;
#1613 = VECTOR ( 'NONE', #1472, 1000.000000000000000 ) ;
#1614 = DIRECTION ( 'NONE',  ( -1.000000000000000000, 0.000000000000000000, 0.000000000000000000 ) ) ;
#1615 = EDGE_LOOP ( 'NONE', ( #597, #251 ) ) ;
#1616 = AXIS2_PLACEMENT_3D ( 'NONE', #50, #1687, #1223 ) ;
#1617 = CIRCLE ( 'NONE', #748, 4.999999999999997335 ) ;
#1618 = ORIENTED_EDGE ( 'NONE', *, *, #1469, .T. ) ;
#1619 = DIRECTION ( 'NONE',  ( 0.000000000000000000, 0.000000000000000000, -1.000000000000000000 ) ) ;
#1620 = EDGE_CURVE ( 'NONE', #1572, #729, #1819, .T. ) ;
#1621 = CARTESIAN_POINT ( 'NONE',  ( -1.550000000000027578, 29.99999999999999289, -6.000000000000102141 ) ) ;
#1622 = DIRECTION ( 'NONE',  ( 1.000000000000000000, 0.000000000000000000, 0.000000000000000000 ) ) ;
#1623 = ORIENTED_EDGE ( 'NONE', *, *, #7, .T. ) ;
#1624 = PLANE ( 'NONE',  #964 ) ;
#1625 = FACE_OUTER_BOUND ( 'NONE', #709, .T. ) ;
#1626 = VERTEX_POINT ( 'NONE', #1082 ) ;
#1627 = EDGE_CURVE ( 'NONE', #1466, #1279, #1663, .T. ) ;
#1628 = DIRECTION ( 'NONE',  ( 0.000000000000000000, -1.000000000000000000, 1.734723475976808080E-16 ) ) ;
#1629 = CARTESIAN_POINT ( 'NONE',  ( 36.97116097332558127, 0.000000000000000000, 10.00000000000000000 ) ) ;
#1630 = FACE_OUTER_BOUND ( 'NONE', #1446, .T. ) ;
#1631 = VERTEX_POINT ( 'NONE', #938 ) ;
#1632 = LINE ( 'NONE', #1031, #1142 ) ;
#1633 = EDGE_LOOP ( 'NONE', ( #1745, #1580 ) ) ;
#1634 = ADVANCED_FACE ( 'NONE', ( #1503 ), #1221, .F. ) ;
#1635 = DIRECTION ( 'NONE',  ( 8.818711551115223354E-17, -1.566647076034557857E-16, -1.000000000000000000 ) ) ;
#1636 = DIRECTION ( 'NONE',  ( -0.000000000000000000, -0.000000000000000000, -1.000000000000000000 ) ) ;
#1637 = CARTESIAN_POINT ( 'NONE',  ( 2.499999999999973355, -30.00000000000002132, -115.0854889390574840 ) ) ;
#1638 = ORIENTED_EDGE ( 'NONE', *, *, #1717, .F. ) ;
#1639 = FACE_BOUND ( 'NONE', #1109, .T. ) ;
#1640 = CIRCLE ( 'NONE', #1827, 11.09999999999999787 ) ;
#1641 = DIRECTION ( 'NONE',  ( 1.000000000000000000, 0.000000000000000000, 0.000000000000000000 ) ) ;
#1642 = ORIENTED_EDGE ( 'NONE', *, *, #1530, .F. ) ;
#1643 = VECTOR ( 'NONE', #1805, 1000.000000000000000 ) ;
#1644 = CIRCLE ( 'NONE', #1053, 4.050000000000001599 ) ;
#1645 = EDGE_CURVE ( 'NONE', #1466, #1411, #503, .T. ) ;
#1646 = VECTOR ( 'NONE', #1816, 1000.000000000000000 ) ;
#1647 = DIRECTION ( 'NONE',  ( 1.000000000000000000, 2.282530889443167515E-16, -0.000000000000000000 ) ) ;
#1648 = CONICAL_SURFACE ( 'NONE', #1425, 4.050000000000000711, 0.8028514559173890452 ) ;
#1649 = AXIS2_PLACEMENT_3D ( 'NONE', #1512, #1366, #46 ) ;
#1650 = LINE ( 'NONE', #754, #1024 ) ;
#1651 = DIRECTION ( 'NONE',  ( 1.000000000000000000, 0.000000000000000000, 0.000000000000000000 ) ) ;
#1652 = ORIENTED_EDGE ( 'NONE', *, *, #1040, .F. ) ;
#1653 = DIRECTION ( 'NONE',  ( 0.000000000000000000, 0.000000000000000000, 1.000000000000000000 ) ) ;
#1654 = EDGE_LOOP ( 'NONE', ( #385, #1594 ) ) ;
#1655 = EDGE_LOOP ( 'NONE', ( #301, #350, #1864, #348, #1449, #318 ) ) ;
#1656 = DIRECTION ( 'NONE',  ( -2.282530889443167515E-16, 1.000000000000000000, 0.000000000000000000 ) ) ;
#1657 = CARTESIAN_POINT ( 'NONE',  ( 41.97116097332557416, 12.20000000000003837, 0.000000000000000000 ) ) ;
#1658 = DIRECTION ( 'NONE',  ( 0.000000000000000000, 0.000000000000000000, 1.000000000000000000 ) ) ;
#1659 = ORIENTED_EDGE ( 'NONE', *, *, #607, .T. ) ;
#1660 = CARTESIAN_POINT ( 'NONE',  ( -1.040834085586083941E-14, -6.938893903907231533E-15, 10.00000000000000000 ) ) ;
#1661 = CARTESIAN_POINT ( 'NONE',  ( 19.97116097332557771, -15.19999999999996199, -6.938893903907228378E-15 ) ) ;
#1662 = ORIENTED_EDGE ( 'NONE', *, *, #477, .T. ) ;
#1663 = LINE ( 'NONE', #1066, #1586 ) ;
#1664 = EDGE_CURVE ( 'NONE', #1096, #638, #1617, .T. ) ;
#1665 = VERTEX_POINT ( 'NONE', #1054 ) ;
#1666 = CARTESIAN_POINT ( 'NONE',  ( -32.50000000000002842, 3.191891195797325054E-13, 10.00000000000000000 ) ) ;
#1667 = DIRECTION ( 'NONE',  ( 0.000000000000000000, 0.000000000000000000, 1.000000000000000000 ) ) ;
#1668 = ADVANCED_FACE ( 'NONE', ( #215 ), #797, .T. ) ;
#1669 = CARTESIAN_POINT ( 'NONE',  ( 19.97116097332557416, -18.19999999999996732, 10.00000000000000888 ) ) ;
#1670 = LINE ( 'NONE', #347, #708 ) ;
#1671 = DIRECTION ( 'NONE',  ( 1.000000000000000000, 0.000000000000000000, 0.000000000000000000 ) ) ;
#1672 = ADVANCED_FACE ( 'NONE', ( #334 ), #916, .F. ) ;
#1673 = AXIS2_PLACEMENT_3D ( 'NONE', #646, #1226, #961 ) ;
#1674 = VERTEX_POINT ( 'NONE', #1252 ) ;
#1675 = CIRCLE ( 'NONE', #833, 5.000000000000000888 ) ;
#1676 = AXIS2_PLACEMENT_3D ( 'NONE', #1657, #1636, #336 ) ;
#1677 = ORIENTED_EDGE ( 'NONE', *, *, #630, .T. ) ;
#1678 = DIRECTION ( 'NONE',  ( 0.000000000000000000, 0.000000000000000000, 1.000000000000000000 ) ) ;
#1679 = CARTESIAN_POINT ( 'NONE',  ( 6.549999999999974065, -30.00000000000002132, 5.000000000000000000 ) ) ;
#1680 = CIRCLE ( 'NONE', #871, 4.999999999999999112 ) ;
#1681 = FACE_OUTER_BOUND ( 'NONE', #1763, .T. ) ;
#1682 = LINE ( 'NONE', #358, #1549 ) ;
#1683 = DIRECTION ( 'NONE',  ( 0.000000000000000000, 0.000000000000000000, 1.000000000000000000 ) ) ;
#1684 = EDGE_CURVE ( 'NONE', #459, #64, #1802, .T. ) ;
#1685 = VERTEX_POINT ( 'NONE', #1710 ) ;
#1686 = ORIENTED_EDGE ( 'NONE', *, *, #1778, .F. ) ;
#1687 = DIRECTION ( 'NONE',  ( 0.000000000000000000, 0.000000000000000000, 1.000000000000000000 ) ) ;
#1688 = CARTESIAN_POINT ( 'NONE',  ( 38.57116097332558269, 0.000000000000000000, -7.000000000000035527 ) ) ;
#1689 = LINE ( 'NONE', #625, #1211 ) ;
#1690 = ORIENTED_EDGE ( 'NONE', *, *, #280, .T. ) ;
#1691 = EDGE_CURVE ( 'NONE', #568, #1455, #712, .T. ) ;
#1692 = VERTEX_POINT ( 'NONE', #811 ) ;
#1693 = EDGE_CURVE ( 'NONE', #1411, #1466, #779, .T. ) ;
#1694 = CARTESIAN_POINT ( 'NONE',  ( 14.97116097332557771, 43.00000000000000000, -115.0854889390574840 ) ) ;
#1695 = CARTESIAN_POINT ( 'NONE',  ( 2.499999999999973355, -30.00000000000002132, 5.000000000000000000 ) ) ;
#1696 = FACE_OUTER_BOUND ( 'NONE', #430, .T. ) ;
#1697 = CARTESIAN_POINT ( 'NONE',  ( 2.499999999999973355, -30.00000000000002132, -6.000000000000060396 ) ) ;
#1698 = AXIS2_PLACEMENT_3D ( 'NONE', #1058, #1813, #1834 ) ;
#1699 = EDGE_CURVE ( 'NONE', #1044, #1541, #516, .T. ) ;
#1700 = VECTOR ( 'NONE', #1041, 1000.000000000000000 ) ;
#1701 = ORIENTED_EDGE ( 'NONE', *, *, #7, .F. ) ;
#1702 = AXIS2_PLACEMENT_3D ( 'NONE', #114, #700, #1444 ) ;
#1703 = DIRECTION ( 'NONE',  ( 1.000000000000000000, 0.000000000000000000, 0.000000000000000000 ) ) ;
#1704 = CIRCLE ( 'NONE', #1147, 1.600000000000000755 ) ;
#1705 = DIRECTION ( 'NONE',  ( -1.000000000000000000, 7.915335785089464046E-16, -8.818711551115236912E-17 ) ) ;
#1706 = AXIS2_PLACEMENT_3D ( 'NONE', #182, #765, #577 ) ;
#1707 = FACE_OUTER_BOUND ( 'NONE', #1291, .T. ) ;
#1708 = DIRECTION ( 'NONE',  ( 0.000000000000000000, 0.000000000000000000, 1.000000000000000000 ) ) ;
#1709 = ORIENTED_EDGE ( 'NONE', *, *, #745, .T. ) ;
#1710 = CARTESIAN_POINT ( 'NONE',  ( -5.535530313790546053, 6.779069480366735739E-16, 10.00000000000000000 ) ) ;
#1711 = EDGE_LOOP ( 'NONE', ( #1166, #1623 ) ) ;
#1712 = DIRECTION ( 'NONE',  ( 0.000000000000000000, 0.000000000000000000, 1.000000000000000000 ) ) ;
#1713 = DIRECTION ( 'NONE',  ( 1.734723475976808080E-15, -1.000000000000000000, 1.734723475976808080E-16 ) ) ;
#1714 = CARTESIAN_POINT ( 'NONE',  ( -43.60000000000002984, 3.205484775267860630E-13, -6.000000000000088818 ) ) ;
#1715 = PLANE ( 'NONE',  #804 ) ;
#1716 = EDGE_LOOP ( 'NONE', ( #649, #1348, #277, #1393 ) ) ;
#1717 = EDGE_CURVE ( 'NONE', #1601, #1191, #1558, .T. ) ;
#1718 = DIRECTION ( 'NONE',  ( -0.000000000000000000, -0.000000000000000000, 1.000000000000000000 ) ) ;
#1719 = ORIENTED_EDGE ( 'NONE', *, *, #863, .T. ) ;
#1720 = FACE_OUTER_BOUND ( 'NONE', #1081, .T. ) ;
#1721 = ORIENTED_EDGE ( 'NONE', *, *, #1005, .F. ) ;
#1722 = ADVANCED_FACE ( 'NONE', ( #294 ), #429, .T. ) ;
#1723 = LINE ( 'NONE', #564, #836 ) ;
#1724 = ORIENTED_EDGE ( 'NONE', *, *, #1095, .T. ) ;
#1725 = FACE_OUTER_BOUND ( 'NONE', #298, .T. ) ;
#1726 = ORIENTED_EDGE ( 'NONE', *, *, #1645, .T. ) ;
#1727 = ORIENTED_EDGE ( 'NONE', *, *, #586, .F. ) ;
#1728 = AXIS2_PLACEMENT_3D ( 'NONE', #1037, #1911, #1347 ) ;
#1729 = CARTESIAN_POINT ( 'NONE',  ( 19.97116097332557416, 15.20000000000004015, -7.000000000000029310 ) ) ;
#1730 = VECTOR ( 'NONE', #1897, 1000.000000000000000 ) ;
#1731 = CARTESIAN_POINT ( 'NONE',  ( 19.97116097332557416, -10.19999999999998330, -7.000000000000033751 ) ) ;
#1732 = AXIS2_PLACEMENT_3D ( 'NONE', #232, #636, #212 ) ;
#1733 = ORIENTED_EDGE ( 'NONE', *, *, #923, .F. ) ;
#1734 = CIRCLE ( 'NONE', #1800, 5.085530313790526336 ) ;
#1735 = ORIENTED_EDGE ( 'NONE', *, *, #973, .F. ) ;
#1736 = AXIS2_PLACEMENT_3D ( 'NONE', #1697, #1600, #368 ) ;
#1737 = DIRECTION ( 'NONE',  ( -0.000000000000000000, -0.000000000000000000, -1.000000000000000000 ) ) ;
#1738 = ORIENTED_EDGE ( 'NONE', *, *, #1845, .T. ) ;
#1739 = FACE_OUTER_BOUND ( 'NONE', #1203, .T. ) ;
#1740 =( NAMED_UNIT ( * ) SI_UNIT ( $, .STERADIAN. ) SOLID_ANGLE_UNIT ( ) );
#1741 = CARTESIAN_POINT ( 'NONE',  ( 22.97116097332557416, 15.20000000000003304, 10.00000000000000178 ) ) ;
#1742 = LINE ( 'NONE', #1131, #739 ) ;
#1743 = ORIENTED_EDGE ( 'NONE', *, *, #1814, .T. ) ;
#1744 = DIRECTION ( 'NONE',  ( 1.000000000000000000, 0.000000000000000000, 0.000000000000000000 ) ) ;
#1745 = ORIENTED_EDGE ( 'NONE', *, *, #96, .T. ) ;
#1746 = ADVANCED_FACE ( 'NONE', ( #1611, #1639 ), #1624, .T. ) ;
#1747 = DIRECTION ( 'NONE',  ( 1.000000000000000000, 8.503546450866687256E-17, -0.000000000000000000 ) ) ;
#1748 = EDGE_CURVE ( 'NONE', #25, #1631, #1509, .T. ) ;
#1749 = EDGE_LOOP ( 'NONE', ( #74, #589, #1520, #1200 ) ) ;
#1750 = LINE ( 'NONE', #1322, #529 ) ;
#1751 = ADVANCED_FACE ( 'NONE', ( #152 ), #994, .F. ) ;
#1752 = CARTESIAN_POINT ( 'NONE',  ( -32.50000000000002842, 3.191891195797325054E-13, -7.000000000000031086 ) ) ;
#1753 = ORIENTED_EDGE ( 'NONE', *, *, #1620, .F. ) ;
#1754 = VERTEX_POINT ( 'NONE', #22 ) ;
#1755 = CARTESIAN_POINT ( 'NONE',  ( -44.63553031379054659, 3.191891195797325054E-13, -7.000000000000031974 ) ) ;
#1756 = ORIENTED_EDGE ( 'NONE', *, *, #1469, .F. ) ;
#1757 = EDGE_CURVE ( 'NONE', #267, #908, #1215, .T. ) ;
#1758 = FACE_OUTER_BOUND ( 'NONE', #1780, .T. ) ;
#1759 = CONICAL_SURFACE ( 'NONE', #955, 4.050000000000000711, 0.8028514559173890452 ) ;
#1760 = EDGE_CURVE ( 'NONE', #1140, #1387, #935, .T. ) ;
#1761 = CARTESIAN_POINT ( 'NONE',  ( 18.00000000000000355, 0.000000000000000000, 0.000000000000000000 ) ) ;
#1762 = LINE ( 'NONE', #439, #224 ) ;
#1763 = EDGE_LOOP ( 'NONE', ( #799, #13, #1395, #1326 ) ) ;
#1764 = CIRCLE ( 'NONE', #523, 4.999999999999997335 ) ;
#1765 = DIRECTION ( 'NONE',  ( 1.000000000000000000, 0.000000000000000000, 0.000000000000000000 ) ) ;
#1766 = CIRCLE ( 'NONE', #470, 11.09999999999999787 ) ;
#1767 = CARTESIAN_POINT ( 'NONE',  ( -2.585530313790553869, -30.00000000000002132, -7.000000000000024869 ) ) ;
#1768 = ORIENTED_EDGE ( 'NONE', *, *, #1888, .T. ) ;
#1769 = AXIS2_PLACEMENT_3D ( 'NONE', #542, #679, #1578 ) ;
#1770 = AXIS2_PLACEMENT_3D ( 'NONE', #187, #65, #760 ) ;
#1771 = CARTESIAN_POINT ( 'NONE',  ( -45.50000000000002132, -10.52334059711292724, -7.000000000000030198 ) ) ;
#1772 = DIRECTION ( 'NONE',  ( -0.000000000000000000, -0.000000000000000000, -1.000000000000000000 ) ) ;
#1773 = CARTESIAN_POINT ( 'NONE',  ( -32.50000000000002842, 3.191891195797325054E-13, 0.000000000000000000 ) ) ;
#1774 = EDGE_LOOP ( 'NONE', ( #1686, #1856, #1318, #939 ) ) ;
#1775 = CARTESIAN_POINT ( 'NONE',  ( 19.97116097332557416, 18.20000000000003126, -6.938893903907228378E-15 ) ) ;
#1776 = FACE_OUTER_BOUND ( 'NONE', #608, .T. ) ;
#1777 = ORIENTED_EDGE ( 'NONE', *, *, #780, .T. ) ;
#1778 = EDGE_CURVE ( 'NONE', #639, #1191, #1499, .T. ) ;
#1779 = CARTESIAN_POINT ( 'NONE',  ( 14.97116097332557061, 10.20000000000003837, 0.000000000000000000 ) ) ;
#1780 = EDGE_LOOP ( 'NONE', ( #228, #620, #168, #1719 ) ) ;
#1781 = DIRECTION ( 'NONE',  ( 1.000000000000000000, 0.000000000000000000, 0.000000000000000000 ) ) ;
#1782 = DIRECTION ( 'NONE',  ( 0.000000000000000000, -1.000000000000000000, 1.566647076034557857E-16 ) ) ;
#1783 = EDGE_LOOP ( 'NONE', ( #1777, #1662, #847, #1584 ) ) ;
#1784 = ADVANCED_FACE ( 'NONE', ( #1516 ), #728, .F. ) ;
#1785 = CARTESIAN_POINT ( 'NONE',  ( 0.000000000000000000, 0.000000000000000000, 9.000000000000008882 ) ) ;
#1786 = ORIENTED_EDGE ( 'NONE', *, *, #1888, .F. ) ;
#1787 = EDGE_CURVE ( 'NONE', #1485, #1136, #1340, .T. ) ;
#1788 = CARTESIAN_POINT ( 'NONE',  ( 44.97116097332557416, 15.20000000000003837, -39.35936991365589677 ) ) ;
#1789 = DIRECTION ( 'NONE',  ( 0.000000000000000000, 0.000000000000000000, -1.000000000000000000 ) ) ;
#1790 = EDGE_LOOP ( 'NONE', ( #631, #667, #355, #756 ) ) ;
#1791 = VECTOR ( 'NONE', #786, 1000.000000000000000 ) ;
#1792 = CARTESIAN_POINT ( 'NONE',  ( 19.97116097332557416, 18.20000000000003126, 0.000000000000000000 ) ) ;
#1793 = PLANE ( 'NONE',  #432 ) ;
#1794 = ORIENTED_EDGE ( 'NONE', *, *, #1363, .F. ) ;
#1795 = DIRECTION ( 'NONE',  ( 0.000000000000000000, 0.000000000000000000, 1.000000000000000000 ) ) ;
#1796 = DIRECTION ( 'NONE',  ( -1.000000000000000000, 0.000000000000000000, 0.000000000000000000 ) ) ;
#1797 = ORIENTED_EDGE ( 'NONE', *, *, #1664, .T. ) ;
#1798 = AXIS2_PLACEMENT_3D ( 'NONE', #550, #561, #431 ) ;
#1799 = CIRCLE ( 'NONE', #76, 1.600000000000000755 ) ;
#1800 = AXIS2_PLACEMENT_3D ( 'NONE', #1306, #1421, #1866 ) ;
#1801 = AXIS2_PLACEMENT_3D ( 'NONE', #1035, #1909, #169 ) ;
#1802 = CIRCLE ( 'NONE', #409, 3.000000000000002665 ) ;
#1803 = ORIENTED_EDGE ( 'NONE', *, *, #569, .T. ) ;
#1804 = DIRECTION ( 'NONE',  ( 0.000000000000000000, 0.000000000000000000, -1.000000000000000000 ) ) ;
#1805 = DIRECTION ( 'NONE',  ( -0.000000000000000000, -0.000000000000000000, 1.000000000000000000 ) ) ;
#1806 = ORIENTED_EDGE ( 'NONE', *, *, #1379, .F. ) ;
#1807 = CYLINDRICAL_SURFACE ( 'NONE', #1547, 2.600000000000000089 ) ;
#1808 = DIRECTION ( 'NONE',  ( -0.000000000000000000, -0.000000000000000000, -1.000000000000000000 ) ) ;
#1809 = ORIENTED_EDGE ( 'NONE', *, *, #752, .T. ) ;
#1810 = DIRECTION ( 'NONE',  ( 0.7193398003386508588, 8.809371839840250164E-17, -0.6946583704589975872 ) ) ;
#1811 = ORIENTED_EDGE ( 'NONE', *, *, #1693, .T. ) ;
#1812 = FILL_AREA_STYLE ('',( #641 ) ) ;
#1813 = DIRECTION ( 'NONE',  ( -0.7071067811865489050, 0.7071067811865462405, 0.000000000000000000 ) ) ;
#1814 = EDGE_CURVE ( 'NONE', #1470, #1871, #1428, .T. ) ;
#1815 = DIRECTION ( 'NONE',  ( 0.7193398003386466399, 0.000000000000000000, 0.6946583704590019170 ) ) ;
#1816 = DIRECTION ( 'NONE',  ( 0.000000000000000000, -0.000000000000000000, 1.000000000000000000 ) ) ;
#1817 = CARTESIAN_POINT ( 'NONE',  ( 14.97116097332556883, -10.20000000000000107, 0.000000000000000000 ) ) ;
#1818 = ORIENTED_EDGE ( 'NONE', *, *, #436, .T. ) ;
#1819 = LINE ( 'NONE', #621, #1245 ) ;
#1820 = EDGE_CURVE ( 'NONE', #753, #473, #958, .T. ) ;
#1821 = SURFACE_STYLE_USAGE ( .BOTH. , #928 ) ;
#1822 = CARTESIAN_POINT ( 'NONE',  ( 14.97116097332557771, 10.20000000000003837, -115.0854889390574840 ) ) ;
#1823 = CARTESIAN_POINT ( 'NONE',  ( -13.02334059711304803, -37.99999999999998579, -115.0854889390574840 ) ) ;
#1824 = ADVANCED_FACE ( 'NONE', ( #1681 ), #1842, .F. ) ;
#1825 = FACE_OUTER_BOUND ( 'NONE', #1008, .T. ) ;
#1826 = CARTESIAN_POINT ( 'NONE',  ( 2.499999999999973355, -30.00000000000002132, -7.000000000000023981 ) ) ;
#1827 = AXIS2_PLACEMENT_3D ( 'NONE', #1773, #596, #172 ) ;
#1828 = VECTOR ( 'NONE', #1906, 1000.000000000000000 ) ;
#1829 = AXIS2_PLACEMENT_3D ( 'NONE', #1090, #1544, #204 ) ;
#1830 = ORIENTED_EDGE ( 'NONE', *, *, #1627, .F. ) ;
#1831 = AXIS2_PLACEMENT_3D ( 'NONE', #1284, #698, #394 ) ;
#1832 = EDGE_CURVE ( 'NONE', #1674, #704, #203, .T. ) ;
#1833 = CARTESIAN_POINT ( 'NONE',  ( 2.499999999999973355, -30.00000000000002132, -115.0854889390574840 ) ) ;
#1834 = DIRECTION ( 'NONE',  ( -0.7071067811865462405, -0.7071067811865489050, 0.000000000000000000 ) ) ;
#1835 = AXIS2_PLACEMENT_3D ( 'NONE', #665, #1854, #1744 ) ;
#1836 = DIRECTION ( 'NONE',  ( 0.000000000000000000, 0.000000000000000000, 1.000000000000000000 ) ) ;
#1837 = CARTESIAN_POINT ( 'NONE',  ( 22.97116097332557416, -18.19999999999996732, 10.00000000000000888 ) ) ;
#1838 = EDGE_CURVE ( 'NONE', #100, #134, #1680, .T. ) ;
#1839 = ORIENTED_EDGE ( 'NONE', *, *, #1778, .T. ) ;
#1840 = APPLICATION_CONTEXT ( 'automotive_design' ) ;
#1841 = CARTESIAN_POINT ( 'NONE',  ( -32.50000000000002842, 3.191891195797325054E-13, -115.0854889390574840 ) ) ;
#1842 = CYLINDRICAL_SURFACE ( 'NONE', #1269, 2.999999999999999112 ) ;
#1843 = DIRECTION ( 'NONE',  ( 0.7193398003386550776, 8.809371839840300701E-17, -0.6946583704589932573 ) ) ;
#1844 = CYLINDRICAL_SURFACE ( 'NONE', #579, 4.050000000000001599 ) ;
#1845 = EDGE_CURVE ( 'NONE', #719, #173, #931, .T. ) ;
#1846 = DIRECTION ( 'NONE',  ( 0.000000000000000000, 0.000000000000000000, 1.000000000000000000 ) ) ;
#1847 = ADVANCED_FACE ( 'NONE', ( #211 ), #1374, .T. ) ;
#1848 = ORIENTED_EDGE ( 'NONE', *, *, #176, .F. ) ;
#1849 = LINE ( 'NONE', #519, #1583 ) ;
#1850 = CARTESIAN_POINT ( 'NONE',  ( 19.97116097332557416, 38.00000000000000000, -115.0854889390574840 ) ) ;
#1851 = DIRECTION ( 'NONE',  ( 1.000000000000000000, 0.000000000000000000, 0.000000000000000000 ) ) ;
#1852 = FACE_OUTER_BOUND ( 'NONE', #1873, .T. ) ;
#1853 = VERTEX_POINT ( 'NONE', #1552 ) ;
#1854 = DIRECTION ( 'NONE',  ( 0.000000000000000000, 0.000000000000000000, -1.000000000000000000 ) ) ;
#1855 = VECTOR ( 'NONE', #1860, 1000.000000000000000 ) ;
#1856 = ORIENTED_EDGE ( 'NONE', *, *, #302, .T. ) ;
#1857 = CIRCLE ( 'NONE', #1022, 4.999999999999997335 ) ;
#1858 = STYLED_ITEM ( 'NONE', ( #491 ), #1386 ) ;
#1859 = DIRECTION ( 'NONE',  ( 0.000000000000000000, 0.000000000000000000, 1.000000000000000000 ) ) ;
#1860 = DIRECTION ( 'NONE',  ( -0.000000000000000000, -0.000000000000000000, -1.000000000000000000 ) ) ;
#1861 = ORIENTED_EDGE ( 'NONE', *, *, #1293, .T. ) ;
#1862 = VERTEX_POINT ( 'NONE', #512 ) ;
#1863 = CARTESIAN_POINT ( 'NONE',  ( 22.97116097332557416, 18.20000000000003126, 0.000000000000000000 ) ) ;
#1864 = ORIENTED_EDGE ( 'NONE', *, *, #57, .T. ) ;
#1865 = EDGE_CURVE ( 'NONE', #1103, #1853, #1390, .T. ) ;
#1866 = DIRECTION ( 'NONE',  ( 0.000000000000000000, -1.000000000000000000, 1.705548260397470716E-16 ) ) ;
#1867 =( LENGTH_UNIT ( ) NAMED_UNIT ( * ) SI_UNIT ( .MILLI., .METRE. ) );
#1868 = EDGE_CURVE ( 'NONE', #64, #1754, #1527, .T. ) ;
#1869 = DIRECTION ( 'NONE',  ( -8.818711551115223354E-17, 1.566647076034557857E-16, 1.000000000000000000 ) ) ;
#1870 = DIRECTION ( 'NONE',  ( 1.000000000000000000, 0.000000000000000000, 0.000000000000000000 ) ) ;
#1871 = VERTEX_POINT ( 'NONE', #661 ) ;
#1872 = DIRECTION ( 'NONE',  ( 0.000000000000000000, 0.000000000000000000, 1.000000000000000000 ) ) ;
#1873 = EDGE_LOOP ( 'NONE', ( #1074, #1143, #400, #111 ) ) ;
#1874 = DIRECTION ( 'NONE',  ( 0.7071067811865464625, -0.7071067811865486830, 0.000000000000000000 ) ) ;
#1875 = VERTEX_POINT ( 'NONE', #1877 ) ;
#1876 = DIRECTION ( 'NONE',  ( 1.000000000000000000, 0.000000000000000000, 0.000000000000000000 ) ) ;
#1877 = CARTESIAN_POINT ( 'NONE',  ( -43.60000000000002984, 3.205484775267860630E-13, 0.000000000000000000 ) ) ;
#1878 = DIRECTION ( 'NONE',  ( -0.000000000000000000, -0.000000000000000000, -1.000000000000000000 ) ) ;
#1879 = DIRECTION ( 'NONE',  ( 1.000000000000000000, 0.000000000000000000, 0.000000000000000000 ) ) ;
#1880 = EDGE_LOOP ( 'NONE', ( #109, #788, #611, #1566 ) ) ;
#1881 = CARTESIAN_POINT ( 'NONE',  ( 14.97116097332557594, -15.20000000000000107, -7.000000000000033751 ) ) ;
#1882 = VERTEX_POINT ( 'NONE', #105 ) ;
#1883 = ORIENTED_EDGE ( 'NONE', *, *, #1757, .T. ) ;
#1884 = AXIS2_PLACEMENT_3D ( 'NONE', #848, #253, #1602 ) ;
#1885 = CARTESIAN_POINT ( 'NONE',  ( 19.97116097332557416, -38.00000000000000711, 10.00000000000000000 ) ) ;
#1886 = AXIS2_PLACEMENT_3D ( 'NONE', #694, #1718, #390 ) ;
#1887 = VERTEX_POINT ( 'NONE', #1596 ) ;
#1888 = EDGE_CURVE ( 'NONE', #568, #541, #113, .T. ) ;
#1889 = LINE ( 'NONE', #1130, #962 ) ;
#1890 = CYLINDRICAL_SURFACE ( 'NONE', #986, 4.500000000000000000 ) ;
#1891 = AXIS2_PLACEMENT_3D ( 'NONE', #575, #1483, #733 ) ;
#1892 = ORIENTED_EDGE ( 'NONE', *, *, #1691, .T. ) ;
#1893 = DIRECTION ( 'NONE',  ( 1.000000000000000000, 0.000000000000000000, 0.000000000000000000 ) ) ;
#1894 = EDGE_CURVE ( 'NONE', #188, #747, #1092, .T. ) ;
#1895 = ORIENTED_EDGE ( 'NONE', *, *, #932, .F. ) ;
#1896 = VECTOR ( 'NONE', #421, 1000.000000000000000 ) ;
#1897 = DIRECTION ( 'NONE',  ( 0.000000000000000000, 0.000000000000000000, 1.000000000000000000 ) ) ;
#1898 = EDGE_CURVE ( 'NONE', #125, #980, #689, .T. ) ;
#1899 = ORIENTED_EDGE ( 'NONE', *, *, #403, .F. ) ;
#1900 = CYLINDRICAL_SURFACE ( 'NONE', #1769, 1.600000000000000755 ) ;
#1901 = FACE_OUTER_BOUND ( 'NONE', #87, .T. ) ;
#1902 = FACE_BOUND ( 'NONE', #965, .T. ) ;
#1903 = EDGE_LOOP ( 'NONE', ( #552, #1439, #408, #1237 ) ) ;
#1904 = VERTEX_POINT ( 'NONE', #713 ) ;
#1905 = EDGE_CURVE ( 'NONE', #747, #1096, #1568, .T. ) ;
#1906 = DIRECTION ( 'NONE',  ( 0.7071067811865462405, 0.7071067811865489050, -4.842096972779447650E-17 ) ) ;
#1907 = ORIENTED_EDGE ( 'NONE', *, *, #23, .T. ) ;
#1908 = EDGE_CURVE ( 'NONE', #704, #1685, #1064, .T. ) ;
#1909 = DIRECTION ( 'NONE',  ( 0.000000000000000000, 1.000000000000000000, 0.000000000000000000 ) ) ;
#1910 = DIRECTION ( 'NONE',  ( -1.000000000000000000, 0.000000000000000000, 0.000000000000000000 ) ) ;
#1911 = DIRECTION ( 'NONE',  ( 0.000000000000000000, -1.000000000000000000, 0.000000000000000000 ) ) ;
#1912 = ORIENTED_EDGE ( 'NONE', *, *, #978, .T. ) ;
#1913 = ORIENTED_EDGE ( 'NONE', *, *, #798, .T. ) ;
ENDSEC;
END-ISO-10303-21;
