ISO-10303-21;
HEADER;
FILE_DESCRIPTION (( 'STEP AP214' ),
    '1' );
FILE_NAME ('∂•≤ø∫·¡∫.STEP',
    '2025-09-21T07:35:29',
    ( '' ),
    ( '' ),
    'SwSTEP 2.0',
    'SolidWorks 2025',
    '' );
FILE_SCHEMA (( 'AUTOMOTIVE_DESIGN' ));
ENDSEC;

DATA;
#1 = SURFACE_STYLE_USAGE ( .BOTH. , #304 ) ;
#2 = MECHANICAL_DESIGN_GEOMETRIC_PRESENTATION_REPRESENTATION (  '', ( #719 ), #3057 ) ;
#3 = CARTESIAN_POINT ( 'NONE',  ( -3.599999999999996536, 37.50000000000005684, 8.349999999999999645 ) ) ;
#4 = EDGE_LOOP ( 'NONE', ( #2693, #1530 ) ) ;
#5 = AXIS2_PLACEMENT_3D ( 'NONE', #3922, #821, #751 ) ;
#6 =( NAMED_UNIT ( * ) SI_UNIT ( $, .STERADIAN. ) SOLID_ANGLE_UNIT ( ) );
#7 = MECHANICAL_DESIGN_GEOMETRIC_PRESENTATION_REPRESENTATION (  '', ( #1434 ), #1151 ) ;
#8 = SURFACE_STYLE_USAGE ( .BOTH. , #3466 ) ;
#9 = VERTEX_POINT ( 'NONE', #1051 ) ;
#10 = CARTESIAN_POINT ( 'NONE',  ( 3.600000000000000089, 37.50000000000005684, 10.00000000000000000 ) ) ;
#11 = STYLED_ITEM ( 'NONE', ( #3283 ), #1986 ) ;
#12 = CARTESIAN_POINT ( 'NONE',  ( 9.000000000000000000, 160.0000000000000000, -10.00000000000000000 ) ) ;
#13 = CARTESIAN_POINT ( 'NONE',  ( 5.500000000000000000, -160.0000000000000000, 7.849999999999999645 ) ) ;
#14 =( GEOMETRIC_REPRESENTATION_CONTEXT ( 3 ) GLOBAL_UNCERTAINTY_ASSIGNED_CONTEXT ( ( #1598 ) ) GLOBAL_UNIT_ASSIGNED_CONTEXT ( ( #2543, #2590, #4307 ) ) REPRESENTATION_CONTEXT ( 'NONE', 'WORKASPACE' ) );
#15 = EDGE_LOOP ( 'NONE', ( #1450, #1121, #3752, #3603 ) ) ;
#16 = SURFACE_SIDE_STYLE ('',( #249 ) ) ;
#17 = STYLED_ITEM ( 'NONE', ( #622 ), #2547 ) ;
#18 = DIRECTION ( 'NONE',  ( 2.695398307063375237E-15, 0.000000000000000000, -1.000000000000000000 ) ) ;
#19 = DIRECTION ( 'NONE',  ( -1.000000000000000000, 0.000000000000000000, 0.000000000000000000 ) ) ;
#20 = FACE_OUTER_BOUND ( 'NONE', #3026, .T. ) ;
#21 = ORIENTED_EDGE ( 'NONE', *, *, #137, .F. ) ;
#22 = AXIS2_PLACEMENT_3D ( 'NONE', #2457, #1751, #3169 ) ;
#23 = EDGE_CURVE ( 'NONE', #3951, #4278, #3530, .T. ) ;
#24 = CARTESIAN_POINT ( 'NONE',  ( 6.272792206135780368, -160.0000000000000000, 5.353553390593270400 ) ) ;
#25 = STYLED_ITEM ( 'NONE', ( #3163 ), #2999 ) ;
#26 = CARTESIAN_POINT ( 'NONE',  ( -8.349999999999999645, -160.0000000000000000, -5.000000000000000000 ) ) ;
#27 = ADVANCED_FACE ( 'NONE', ( #744 ), #2135, .T. ) ;
#28 = EDGE_LOOP ( 'NONE', ( #1743, #2177, #266, #533 ) ) ;
#29 = EDGE_CURVE ( 'NONE', #2704, #3916, #3301, .T. ) ;
#30 = UNCERTAINTY_MEASURE_WITH_UNIT (LENGTH_MEASURE( 1.000000000000000082E-05 ), #1979, 'distance_accuracy_value', 'NONE');
#31 = PRESENTATION_STYLE_ASSIGNMENT (( #3913 ) ) ;
#32 =( LENGTH_UNIT ( ) NAMED_UNIT ( * ) SI_UNIT ( .MILLI., .METRE. ) );
#33 = SURFACE_STYLE_USAGE ( .BOTH. , #158 ) ;
#34 =( NAMED_UNIT ( * ) PLANE_ANGLE_UNIT ( ) SI_UNIT ( $, .RADIAN. ) );
#35 = ORIENTED_EDGE ( 'NONE', *, *, #3247, .T. ) ;
#36 = VERTEX_POINT ( 'NONE', #4334 ) ;
#37 = FILL_AREA_STYLE ('',( #974 ) ) ;
#38 = UNCERTAINTY_MEASURE_WITH_UNIT (LENGTH_MEASURE( 1.000000000000000082E-05 ), #849, 'distance_accuracy_value', 'NONE');
#39 = PLANE ( 'NONE',  #139 ) ;
#40 = ORIENTED_EDGE ( 'NONE', *, *, #3303, .F. ) ;
#41 = AXIS2_PLACEMENT_3D ( 'NONE', #587, #3678, #607 ) ;
#42 = STYLED_ITEM ( 'NONE', ( #1263 ), #3331 ) ;
#43 = FILL_AREA_STYLE ('',( #3784 ) ) ;
#44 =( NAMED_UNIT ( * ) PLANE_ANGLE_UNIT ( ) SI_UNIT ( $, .RADIAN. ) );
#45 = PRESENTATION_LAYER_ASSIGNMENT (  '', '', ( #972 ) ) ;
#46 = LINE ( 'NONE', #1026, #755 ) ;
#47 =( NAMED_UNIT ( * ) PLANE_ANGLE_UNIT ( ) SI_UNIT ( $, .RADIAN. ) );
#48 = PRESENTATION_LAYER_ASSIGNMENT (  '', '', ( #1616 ) ) ;
#49 = ORIENTED_EDGE ( 'NONE', *, *, #4374, .F. ) ;
#50 = LINE ( 'NONE', #1115, #1821 ) ;
#51 = EDGE_CURVE ( 'NONE', #4263, #3620, #1564, .T. ) ;
#52 = CARTESIAN_POINT ( 'NONE',  ( 5.000000000000003553, 37.50000000000005684, 8.349999999999999645 ) ) ;
#53 = DIRECTION ( 'NONE',  ( -1.000000000000000000, 0.000000000000000000, -2.695398307063375237E-15 ) ) ;
#54 = EDGE_CURVE ( 'NONE', #3046, #1307, #1188, .T. ) ;
#55 = DIRECTION ( 'NONE',  ( 1.000000000000000000, 0.000000000000000000, -3.416879573893714972E-15 ) ) ;
#56 = CARTESIAN_POINT ( 'NONE',  ( 5.500000000000000000, 37.50000000000005684, -7.849999999999999645 ) ) ;
#57 = ORIENTED_EDGE ( 'NONE', *, *, #651, .F. ) ;
#58 = DIRECTION ( 'NONE',  ( -0.000000000000000000, 1.000000000000000000, -0.000000000000000000 ) ) ;
#59 = DIRECTION ( 'NONE',  ( 1.000000000000000000, 0.000000000000000000, 0.000000000000000000 ) ) ;
#60 =( NAMED_UNIT ( * ) PLANE_ANGLE_UNIT ( ) SI_UNIT ( $, .RADIAN. ) );
#61 = ORIENTED_EDGE ( 'NONE', *, *, #3610, .T. ) ;
#62 = FILL_AREA_STYLE ('',( #3176 ) ) ;
#63 = DIRECTION ( 'NONE',  ( 0.000000000000000000, 0.000000000000000000, -1.000000000000000000 ) ) ;
#64 = LINE ( 'NONE', #2820, #161 ) ;
#65 =( LENGTH_UNIT ( ) NAMED_UNIT ( * ) SI_UNIT ( .MILLI., .METRE. ) );
#66 = DIRECTION ( 'NONE',  ( 1.000000000000000000, -1.172416807168114790E-16, -1.954465147508815985E-15 ) ) ;
#67 = VERTEX_POINT ( 'NONE', #4287 ) ;
#68 = MECHANICAL_DESIGN_GEOMETRIC_PRESENTATION_REPRESENTATION (  '', ( #1415 ), #3531 ) ;
#69 = LINE ( 'NONE', #2108, #1803 ) ;
#70 = ORIENTED_EDGE ( 'NONE', *, *, #1988, .F. ) ;
#71 = MECHANICAL_DESIGN_GEOMETRIC_PRESENTATION_REPRESENTATION (  '', ( #147 ), #2396 ) ;
#72 = CYLINDRICAL_SURFACE ( 'NONE', #1023, 0.5000000000000000000 ) ;
#73 = AXIS2_PLACEMENT_3D ( 'NONE', #439, #1071, #2822 ) ;
#74 =( GEOMETRIC_REPRESENTATION_CONTEXT ( 3 ) GLOBAL_UNCERTAINTY_ASSIGNED_CONTEXT ( ( #1551 ) ) GLOBAL_UNIT_ASSIGNED_CONTEXT ( ( #144, #4271, #4249 ) ) REPRESENTATION_CONTEXT ( 'NONE', 'WORKASPACE' ) );
#75 = VERTEX_POINT ( 'NONE', #228 ) ;
#76 =( LENGTH_UNIT ( ) NAMED_UNIT ( * ) SI_UNIT ( .MILLI., .METRE. ) );
#77 = ADVANCED_FACE ( 'NONE', ( #3616 ), #2661, .T. ) ;
#78 = UNCERTAINTY_MEASURE_WITH_UNIT (LENGTH_MEASURE( 1.000000000000000082E-05 ), #270, 'distance_accuracy_value', 'NONE');
#79 = PRESENTATION_STYLE_ASSIGNMENT (( #3959 ) ) ;
#80 = CARTESIAN_POINT ( 'NONE',  ( 1.072674902363915143E-14, -160.0000000000000000, 2.600000000000006750 ) ) ;
#81 = AXIS2_PLACEMENT_3D ( 'NONE', #3950, #3297, #2935 ) ;
#82 = CARTESIAN_POINT ( 'NONE',  ( 5.353553390593272177, 37.50000000000005684, -6.272792206135775928 ) ) ;
#83 = ORIENTED_EDGE ( 'NONE', *, *, #2601, .F. ) ;
#84 = CARTESIAN_POINT ( 'NONE',  ( 5.500000000000000000, -160.0000000000000000, 8.349999999999999645 ) ) ;
#85 = EDGE_CURVE ( 'NONE', #2033, #1281, #498, .T. ) ;
#86 = DIRECTION ( 'NONE',  ( 0.000000000000000000, -1.000000000000000000, 0.000000000000000000 ) ) ;
#87 = FILL_AREA_STYLE_COLOUR ( '', #805 ) ;
#88 = DIRECTION ( 'NONE',  ( 1.454933294406559718E-16, 0.000000000000000000, -1.000000000000000000 ) ) ;
#89 = ORIENTED_EDGE ( 'NONE', *, *, #3926, .T. ) ;
#90 = VECTOR ( 'NONE', #1289, 1000.000000000000000 ) ;
#91 = DIRECTION ( 'NONE',  ( 0.7071067811865431318, 0.000000000000000000, -0.7071067811865520136 ) ) ;
#92 = COLOUR_RGB ( '',0.8941176470588234615, 0.9137254901960784048, 0.9294117647058823817 ) ;
#93 = FILL_AREA_STYLE ('',( #401 ) ) ;
#94 = CARTESIAN_POINT ( 'NONE',  ( -8.349999999999999645, 37.50000000000006395, -3.600000000000000089 ) ) ;
#95 = FACE_OUTER_BOUND ( 'NONE', #852, .T. ) ;
#96 = CARTESIAN_POINT ( 'NONE',  ( -10.00000000000000000, 160.0000000000000000, 9.000000000000000000 ) ) ;
#97 = VECTOR ( 'NONE', #4193, 1000.000000000000000 ) ;
#98 = ORIENTED_EDGE ( 'NONE', *, *, #335, .F. ) ;
#99 = CARTESIAN_POINT ( 'NONE',  ( -6.272792206135780368, 160.0000000000000000, 5.353553390593279282 ) ) ;
#100 =( NAMED_UNIT ( * ) PLANE_ANGLE_UNIT ( ) SI_UNIT ( $, .RADIAN. ) );
#101 = EDGE_CURVE ( 'NONE', #2398, #409, #4265, .T. ) ;
#102 = DIRECTION ( 'NONE',  ( -0.7071067811865479058, 8.376678058797995702E-17, -0.7071067811865472397 ) ) ;
#103 = ORIENTED_EDGE ( 'NONE', *, *, #2832, .T. ) ;
#104 = CARTESIAN_POINT ( 'NONE',  ( 3.100000000000000089, 160.0000000000000000, 9.500000000000000000 ) ) ;
#105 = PRESENTATION_STYLE_ASSIGNMENT (( #3876 ) ) ;
#106 = CARTESIAN_POINT ( 'NONE',  ( 5.000000000000000000, -160.0000000000000000, -6.626345596729049880 ) ) ;
#107 = LINE ( 'NONE', #1472, #3028 ) ;
#108 = DIRECTION ( 'NONE',  ( 0.000000000000000000, 0.000000000000000000, -1.000000000000000000 ) ) ;
#109 = CARTESIAN_POINT ( 'NONE',  ( 2.773654403270998436, 37.50000000000005684, -3.900000000000010569 ) ) ;
#110 =( GEOMETRIC_REPRESENTATION_CONTEXT ( 3 ) GLOBAL_UNCERTAINTY_ASSIGNED_CONTEXT ( ( #3461 ) ) GLOBAL_UNIT_ASSIGNED_CONTEXT ( ( #887, #558, #4304 ) ) REPRESENTATION_CONTEXT ( 'NONE', 'WORKASPACE' ) );
#111 = ORIENTED_EDGE ( 'NONE', *, *, #324, .F. ) ;
#112 = STYLED_ITEM ( 'NONE', ( #3363 ), #4076 ) ;
#113 = VERTEX_POINT ( 'NONE', #3953 ) ;
#114 = ORIENTED_EDGE ( 'NONE', *, *, #4268, .T. ) ;
#115 = STYLED_ITEM ( 'NONE', ( #551 ), #4433 ) ;
#116 = EDGE_CURVE ( 'NONE', #1548, #9, #4243, .T. ) ;
#117 = DIRECTION ( 'NONE',  ( -0.000000000000000000, 1.000000000000000000, -0.000000000000000000 ) ) ;
#118 = EDGE_LOOP ( 'NONE', ( #2318, #4312, #3070, #3694 ) ) ;
#119 = DIRECTION ( 'NONE',  ( 0.000000000000000000, 0.000000000000000000, 1.000000000000000000 ) ) ;
#120 = UNCERTAINTY_MEASURE_WITH_UNIT (LENGTH_MEASURE( 1.000000000000000082E-05 ), #2641, 'distance_accuracy_value', 'NONE');
#121 = DIRECTION ( 'NONE',  ( 0.7071067811865400232, -8.376678058797904490E-17, 0.7071067811865550112 ) ) ;
#122 = DIRECTION ( 'NONE',  ( 0.000000000000000000, 0.000000000000000000, -1.000000000000000000 ) ) ;
#123 = FILL_AREA_STYLE_COLOUR ( '', #1923 ) ;
#124 = ORIENTED_EDGE ( 'NONE', *, *, #1032, .T. ) ;
#125 = DIRECTION ( 'NONE',  ( 0.000000000000000000, 1.000000000000000000, 0.000000000000000000 ) ) ;
#126 = SURFACE_SIDE_STYLE ('',( #1127 ) ) ;
#127 = ADVANCED_FACE ( 'NONE', ( #4309 ), #2788, .T. ) ;
#128 = FILL_AREA_STYLE ('',( #2891 ) ) ;
#129 = FILL_AREA_STYLE ('',( #1199 ) ) ;
#130 = DIRECTION ( 'NONE',  ( 1.172416807168114790E-16, 1.000000000000000000, 1.222436467041021059E-18 ) ) ;
#131 = ORIENTED_EDGE ( 'NONE', *, *, #2633, .F. ) ;
#132 = EDGE_CURVE ( 'NONE', #4118, #2000, #339, .T. ) ;
#133 = DIRECTION ( 'NONE',  ( 0.000000000000000000, 0.000000000000000000, 1.000000000000000000 ) ) ;
#134 = DIRECTION ( 'NONE',  ( 0.000000000000000000, 1.222436467041021059E-18, -1.000000000000000000 ) ) ;
#135 = ORIENTED_EDGE ( 'NONE', *, *, #1117, .F. ) ;
#136 =( NAMED_UNIT ( * ) SI_UNIT ( $, .STERADIAN. ) SOLID_ANGLE_UNIT ( ) );
#137 = EDGE_CURVE ( 'NONE', #1567, #1479, #2447, .T. ) ;
#138 = CARTESIAN_POINT ( 'NONE',  ( 3.100000000000000089, -160.0000000000000000, -9.500000000000000000 ) ) ;
#139 = AXIS2_PLACEMENT_3D ( 'NONE', #2445, #1393, #3195 ) ;
#140 = MECHANICAL_DESIGN_GEOMETRIC_PRESENTATION_REPRESENTATION (  '', ( #3459 ), #859 ) ;
#141 = CARTESIAN_POINT ( 'NONE',  ( -8.349999999999999645, -160.0000000000000000, 5.000000000000000000 ) ) ;
#142 = VERTEX_POINT ( 'NONE', #733 ) ;
#143 = AXIS2_PLACEMENT_3D ( 'NONE', #3514, #333, #3431 ) ;
#144 =( LENGTH_UNIT ( ) NAMED_UNIT ( * ) SI_UNIT ( .MILLI., .METRE. ) );
#145 = CARTESIAN_POINT ( 'NONE',  ( -8.349999999999999645, -160.0000000000000000, -3.600000000000000089 ) ) ;
#146 = CARTESIAN_POINT ( 'NONE',  ( -4.400000000000050981, 37.50000000000005684, -2.773654403270989999 ) ) ;
#147 = STYLED_ITEM ( 'NONE', ( #3525 ), #1277 ) ;
#148 = DIRECTION ( 'NONE',  ( 1.000000000000000000, 0.000000000000000000, -5.390796614126760730E-15 ) ) ;
#149 = VERTEX_POINT ( 'NONE', #3496 ) ;
#150 = AXIS2_PLACEMENT_3D ( 'NONE', #1462, #729, #3191 ) ;
#151 =( LENGTH_UNIT ( ) NAMED_UNIT ( * ) SI_UNIT ( .MILLI., .METRE. ) );
#152 = LINE ( 'NONE', #3221, #297 ) ;
#153 = LINE ( 'NONE', #1129, #2718 ) ;
#154 = STYLED_ITEM ( 'NONE', ( #31 ), #1781 ) ;
#155 = VERTEX_POINT ( 'NONE', #1043 ) ;
#156 =( GEOMETRIC_REPRESENTATION_CONTEXT ( 3 ) GLOBAL_UNCERTAINTY_ASSIGNED_CONTEXT ( ( #2163 ) ) GLOBAL_UNIT_ASSIGNED_CONTEXT ( ( #4028, #2682, #2705 ) ) REPRESENTATION_CONTEXT ( 'NONE', 'WORKASPACE' ) );
#157 = CARTESIAN_POINT ( 'NONE',  ( -2.773654403270999769, 160.0000000000000000, 4.400000000000000355 ) ) ;
#158 = SURFACE_SIDE_STYLE ('',( #1407 ) ) ;
#159 = SURFACE_STYLE_USAGE ( .BOTH. , #562 ) ;
#160 = ADVANCED_FACE ( 'NONE', ( #323 ), #999, .F. ) ;
#161 = VECTOR ( 'NONE', #3927, 1000.000000000000000 ) ;
#162 = EDGE_CURVE ( 'NONE', #426, #2398, #4104, .T. ) ;
#163 = ORIENTED_EDGE ( 'NONE', *, *, #2306, .F. ) ;
#164 = CIRCLE ( 'NONE', #2706, 0.5000000000000000000 ) ;
#165 = DIRECTION ( 'NONE',  ( 0.000000000000000000, 0.000000000000000000, 1.000000000000000000 ) ) ;
#166 = UNCERTAINTY_MEASURE_WITH_UNIT (LENGTH_MEASURE( 1.000000000000000082E-05 ), #3231, 'distance_accuracy_value', 'NONE');
#167 = CARTESIAN_POINT ( 'NONE',  ( -3.127207793864280827, 37.50000000000005684, -4.046446609406739725 ) ) ;
#168 = SURFACE_STYLE_USAGE ( .BOTH. , #1506 ) ;
#169 = CARTESIAN_POINT ( 'NONE',  ( -5.500000000000000000, -160.0000000000000000, 7.849999999999999645 ) ) ;
#170 = SURFACE_STYLE_FILL_AREA ( #1834 ) ;
#171 = ORIENTED_EDGE ( 'NONE', *, *, #2521, .F. ) ;
#172 = CARTESIAN_POINT ( 'NONE',  ( -10.00000000000000000, -160.0000000000000000, 9.000000000000000000 ) ) ;
#173 = CARTESIAN_POINT ( 'NONE',  ( 8.349999999999999645, -160.0000000000000000, -5.500000000000000000 ) ) ;
#174 = DIRECTION ( 'NONE',  ( 0.000000000000000000, 0.000000000000000000, 1.000000000000000000 ) ) ;
#175 = FILL_AREA_STYLE ('',( #3949 ) ) ;
#176 = LINE ( 'NONE', #1534, #4103 ) ;
#177 = ORIENTED_EDGE ( 'NONE', *, *, #2924, .T. ) ;
#178 = CARTESIAN_POINT ( 'NONE',  ( 1.040834085586083941E-14, 37.50000000000006395, 6.938893903907229955E-15 ) ) ;
#179 = ORIENTED_EDGE ( 'NONE', *, *, #3882, .T. ) ;
#180 = CARTESIAN_POINT ( 'NONE',  ( 1.040834085586083941E-14, -160.0000000000000000, 6.938893903907229955E-15 ) ) ;
#181 = CIRCLE ( 'NONE', #2064, 0.5000000000000004441 ) ;
#182 = FACE_OUTER_BOUND ( 'NONE', #4179, .T. ) ;
#183 = PRESENTATION_STYLE_ASSIGNMENT (( #2252 ) ) ;
#184 = EDGE_CURVE ( 'NONE', #1475, #1510, #641, .T. ) ;
#185 =( GEOMETRIC_REPRESENTATION_CONTEXT ( 3 ) GLOBAL_UNCERTAINTY_ASSIGNED_CONTEXT ( ( #2111 ) ) GLOBAL_UNIT_ASSIGNED_CONTEXT ( ( #2472, #1718, #4081 ) ) REPRESENTATION_CONTEXT ( 'NONE', 'WORKASPACE' ) );
#186 = PRESENTATION_LAYER_ASSIGNMENT (  '', '', ( #902 ) ) ;
#187 = EDGE_LOOP ( 'NONE', ( #2183, #3413, #1647, #3595 ) ) ;
#188 =( NAMED_UNIT ( * ) PLANE_ANGLE_UNIT ( ) SI_UNIT ( $, .RADIAN. ) );
#189 = EDGE_CURVE ( 'NONE', #998, #3120, #3089, .T. ) ;
#190 = CARTESIAN_POINT ( 'NONE',  ( 8.349999999999999645, 160.0000000000000000, 3.600000000000000089 ) ) ;
#191 = PLANE ( 'NONE',  #539 ) ;
#192 = ORIENTED_EDGE ( 'NONE', *, *, #2774, .T. ) ;
#193 = DIRECTION ( 'NONE',  ( -0.000000000000000000, 1.000000000000000000, -0.000000000000000000 ) ) ;
#194 = EDGE_CURVE ( 'NONE', #4354, #3144, #3749, .T. ) ;
#195 =( NAMED_UNIT ( * ) SI_UNIT ( $, .STERADIAN. ) SOLID_ANGLE_UNIT ( ) );
#196 = CARTESIAN_POINT ( 'NONE',  ( -5.000000000000000000, 160.0000000000000000, -7.849999999999999645 ) ) ;
#197 = FACE_OUTER_BOUND ( 'NONE', #457, .T. ) ;
#198 = DIRECTION ( 'NONE',  ( 0.7071067811865475727, 0.000000000000000000, 0.7071067811865475727 ) ) ;
#199 = VERTEX_POINT ( 'NONE', #3946 ) ;
#200 = FILL_AREA_STYLE ('',( #1924 ) ) ;
#201 = ORIENTED_EDGE ( 'NONE', *, *, #4374, .T. ) ;
#202 = CARTESIAN_POINT ( 'NONE',  ( 9.500000000000000000, 160.0000000000000000, -3.100000000000000089 ) ) ;
#203 = SURFACE_SIDE_STYLE ('',( #4311 ) ) ;
#204 = ORIENTED_EDGE ( 'NONE', *, *, #3996, .T. ) ;
#205 = UNCERTAINTY_MEASURE_WITH_UNIT (LENGTH_MEASURE( 1.000000000000000082E-05 ), #780, 'distance_accuracy_value', 'NONE');
#206 = CIRCLE ( 'NONE', #782, 0.5000000000000000000 ) ;
#207 =( NAMED_UNIT ( * ) SI_UNIT ( $, .STERADIAN. ) SOLID_ANGLE_UNIT ( ) );
#208 = COLOUR_RGB ( '',0.8941176470588234615, 0.9137254901960784048, 0.9294117647058823817 ) ;
#209 = DIRECTION ( 'NONE',  ( 0.000000000000000000, 0.000000000000000000, -1.000000000000000000 ) ) ;
#210 =( LENGTH_UNIT ( ) NAMED_UNIT ( * ) SI_UNIT ( .MILLI., .METRE. ) );
#211 = COLOUR_RGB ( '',0.8941176470588234615, 0.9137254901960784048, 0.9294117647058823817 ) ;
#212 =( GEOMETRIC_REPRESENTATION_CONTEXT ( 3 ) GLOBAL_UNCERTAINTY_ASSIGNED_CONTEXT ( ( #839 ) ) GLOBAL_UNIT_ASSIGNED_CONTEXT ( ( #3265, #2671, #240 ) ) REPRESENTATION_CONTEXT ( 'NONE', 'WORKASPACE' ) );
#213 = EDGE_CURVE ( 'NONE', #508, #450, #4205, .T. ) ;
#214 = ORIENTED_EDGE ( 'NONE', *, *, #3067, .T. ) ;
#215 = SURFACE_SIDE_STYLE ('',( #1912 ) ) ;
#216 = MECHANICAL_DESIGN_GEOMETRIC_PRESENTATION_REPRESENTATION (  '', ( #640 ), #1138 ) ;
#217 = SURFACE_STYLE_FILL_AREA ( #3295 ) ;
#218 = SURFACE_SIDE_STYLE ('',( #1729 ) ) ;
#219 = DIRECTION ( 'NONE',  ( 0.000000000000000000, -1.000000000000000000, 0.000000000000000000 ) ) ;
#220 = EDGE_CURVE ( 'NONE', #3941, #1340, #502, .T. ) ;
#221 = VERTEX_POINT ( 'NONE', #2580 ) ;
#222 = EDGE_CURVE ( 'NONE', #3481, #1907, #1512, .T. ) ;
#223 = AXIS2_PLACEMENT_3D ( 'NONE', #4259, #1161, #2566 ) ;
#224 = LINE ( 'NONE', #3007, #876 ) ;
#225 = CARTESIAN_POINT ( 'NONE',  ( 1.040834085586083941E-14, 160.0000000000000000, 6.938893903907229955E-15 ) ) ;
#226 = FILL_AREA_STYLE ('',( #4245 ) ) ;
#227 = EDGE_LOOP ( 'NONE', ( #2061, #2372, #2535, #3366 ) ) ;
#228 = CARTESIAN_POINT ( 'NONE',  ( -5.500000000000000000, 37.50000000000005684, -7.849999999999999645 ) ) ;
#229 = CIRCLE ( 'NONE', #1966, 0.4999999999999995559 ) ;
#230 = CARTESIAN_POINT ( 'NONE',  ( -10.00000000000000000, 37.50000000000006395, -9.000000000000000000 ) ) ;
#231 = VECTOR ( 'NONE', #1420, 1000.000000000000000 ) ;
#232 = EDGE_LOOP ( 'NONE', ( #386, #239, #916, #4233 ) ) ;
#233 = DIRECTION ( 'NONE',  ( -1.000000000000000000, 0.000000000000000000, 9.637352644315589080E-17 ) ) ;
#234 = VECTOR ( 'NONE', #2338, 1000.000000000000000 ) ;
#235 = DIRECTION ( 'NONE',  ( 5.390796614126760730E-15, 0.000000000000000000, 1.000000000000000000 ) ) ;
#236 = CARTESIAN_POINT ( 'NONE',  ( 9.000000000000000000, -160.0000000000000000, 10.00000000000000000 ) ) ;
#237 = CARTESIAN_POINT ( 'NONE',  ( 4.400000000000000355, -160.0000000000000000, 2.773654403270995328 ) ) ;
#238 = PRESENTATION_LAYER_ASSIGNMENT (  '', '', ( #2561 ) ) ;
#239 = ORIENTED_EDGE ( 'NONE', *, *, #2633, .T. ) ;
#240 =( NAMED_UNIT ( * ) SI_UNIT ( $, .STERADIAN. ) SOLID_ANGLE_UNIT ( ) );
#241 = STYLED_ITEM ( 'NONE', ( #2365 ), #3183 ) ;
#242 = DIRECTION ( 'NONE',  ( 0.000000000000000000, 1.000000000000000000, 0.000000000000000000 ) ) ;
#243 = SURFACE_STYLE_USAGE ( .BOTH. , #3719 ) ;
#244 = ORIENTED_EDGE ( 'NONE', *, *, #367, .F. ) ;
#245 = EDGE_CURVE ( 'NONE', #3772, #3729, #1531, .T. ) ;
#246 = CARTESIAN_POINT ( 'NONE',  ( -8.849999999999999645, -160.0000000000000000, -3.600000000000000089 ) ) ;
#247 =( NAMED_UNIT ( * ) SI_UNIT ( $, .STERADIAN. ) SOLID_ANGLE_UNIT ( ) );
#248 = VERTEX_POINT ( 'NONE', #172 ) ;
#249 = SURFACE_STYLE_FILL_AREA ( #62 ) ;
#250 = EDGE_CURVE ( 'NONE', #1116, #4186, #3243, .T. ) ;
#251 = DIRECTION ( 'NONE',  ( 0.000000000000000000, -1.000000000000000000, 0.000000000000000000 ) ) ;
#252 = AXIS2_PLACEMENT_3D ( 'NONE', #862, #3624, #1910 ) ;
#253 = ORIENTED_EDGE ( 'NONE', *, *, #1374, .T. ) ;
#254 = UNCERTAINTY_MEASURE_WITH_UNIT (LENGTH_MEASURE( 1.000000000000000082E-05 ), #1152, 'distance_accuracy_value', 'NONE');
#255 = CARTESIAN_POINT ( 'NONE',  ( -9.000000000000000000, 160.0000000000000000, -9.000000000000000000 ) ) ;
#256 = LINE ( 'NONE', #308, #1688 ) ;
#257 = DIRECTION ( 'NONE',  ( 6.672013369141571133E-16, -1.222436467041099252E-18, 1.000000000000000000 ) ) ;
#258 = VERTEX_POINT ( 'NONE', #2932 ) ;
#259 = AXIS2_PLACEMENT_3D ( 'NONE', #1490, #3222, #2221 ) ;
#260 = DIRECTION ( 'NONE',  ( 0.000000000000000000, -1.000000000000000000, 0.000000000000000000 ) ) ;
#261 = ORIENTED_EDGE ( 'NONE', *, *, #1032, .F. ) ;
#262 = CARTESIAN_POINT ( 'NONE',  ( -3.600000000000000089, -160.0000000000000000, -8.349999999999999645 ) ) ;
#263 = CARTESIAN_POINT ( 'NONE',  ( 2.773654403270995328, -160.0000000000000000, 3.899999999999999911 ) ) ;
#264 = FILL_AREA_STYLE_COLOUR ( '', #1314 ) ;
#265 = CARTESIAN_POINT ( 'NONE',  ( -6.626345596729046328, 37.50000000000006395, 5.500000000000000888 ) ) ;
#266 = ORIENTED_EDGE ( 'NONE', *, *, #603, .T. ) ;
#267 = EDGE_CURVE ( 'NONE', #1567, #2027, #4325, .T. ) ;
#268 = SURFACE_STYLE_FILL_AREA ( #286 ) ;
#269 = ORIENTED_EDGE ( 'NONE', *, *, #1144, .T. ) ;
#270 =( LENGTH_UNIT ( ) NAMED_UNIT ( * ) SI_UNIT ( .MILLI., .METRE. ) );
#271 = ORIENTED_EDGE ( 'NONE', *, *, #1377, .F. ) ;
#272 = VECTOR ( 'NONE', #58, 1000.000000000000000 ) ;
#273 = DIRECTION ( 'NONE',  ( -1.000000000000000000, 0.000000000000000000, 0.000000000000000000 ) ) ;
#274 = STYLED_ITEM ( 'NONE', ( #3521 ), #764 ) ;
#275 =( NAMED_UNIT ( * ) PLANE_ANGLE_UNIT ( ) SI_UNIT ( $, .RADIAN. ) );
#276 = ORIENTED_EDGE ( 'NONE', *, *, #2299, .F. ) ;
#277 = VECTOR ( 'NONE', #3256, 1000.000000000000000 ) ;
#278 = VECTOR ( 'NONE', #3875, 1000.000000000000000 ) ;
#279 = DIRECTION ( 'NONE',  ( -0.000000000000000000, 1.000000000000000000, -0.000000000000000000 ) ) ;
#280 = DIRECTION ( 'NONE',  ( -0.000000000000000000, 1.000000000000000000, -0.000000000000000000 ) ) ;
#281 = DIRECTION ( 'NONE',  ( 0.7071067811865431318, 0.000000000000000000, 0.7071067811865520136 ) ) ;
#282 = PRESENTATION_LAYER_ASSIGNMENT (  '', '', ( #640 ) ) ;
#283 = DIRECTION ( 'NONE',  ( -1.000000000000000000, 0.000000000000000000, 0.000000000000000000 ) ) ;
#284 = VERTEX_POINT ( 'NONE', #1087 ) ;
#285 = MECHANICAL_DESIGN_GEOMETRIC_PRESENTATION_REPRESENTATION (  '', ( #3973 ), #648 ) ;
#286 = FILL_AREA_STYLE ('',( #3403 ) ) ;
#287 = ADVANCED_FACE ( 'NONE', ( #2560 ), #2148, .T. ) ;
#288 = MECHANICAL_DESIGN_GEOMETRIC_PRESENTATION_REPRESENTATION (  '', ( #936 ), #2404 ) ;
#289 = ORIENTED_EDGE ( 'NONE', *, *, #3826, .T. ) ;
#290 = UNCERTAINTY_MEASURE_WITH_UNIT (LENGTH_MEASURE( 1.000000000000000082E-05 ), #1449, 'distance_accuracy_value', 'NONE');
#291 = SHAPE_DEFINITION_REPRESENTATION ( #4290, #3703 ) ;
#292 =( GEOMETRIC_REPRESENTATION_CONTEXT ( 3 ) GLOBAL_UNCERTAINTY_ASSIGNED_CONTEXT ( ( #3645 ) ) GLOBAL_UNIT_ASSIGNED_CONTEXT ( ( #1189, #3980, #1632 ) ) REPRESENTATION_CONTEXT ( 'NONE', 'WORKASPACE' ) );
#293 = DIRECTION ( 'NONE',  ( 0.000000000000000000, -1.000000000000000000, 0.000000000000000000 ) ) ;
#294 = VERTEX_POINT ( 'NONE', #3197 ) ;
#295 = VECTOR ( 'NONE', #3634, 1000.000000000000000 ) ;
#296 = CARTESIAN_POINT ( 'NONE',  ( -3.899999999999999911, -160.0000000000000000, 2.980761184457580093 ) ) ;
#297 = VECTOR ( 'NONE', #1513, 1000.000000000000000 ) ;
#298 = ORIENTED_EDGE ( 'NONE', *, *, #2438, .F. ) ;
#299 = CARTESIAN_POINT ( 'NONE',  ( -3.100000000000000089, -160.0000000000000000, -9.500000000000000000 ) ) ;
#300 = CARTESIAN_POINT ( 'NONE',  ( -3.900000000000049649, -160.0000000000000000, -2.773654403270995328 ) ) ;
#301 = SURFACE_STYLE_FILL_AREA ( #2790 ) ;
#302 = CARTESIAN_POINT ( 'NONE',  ( 5.353553390593270400, -160.0000000000000000, 6.272792206135780368 ) ) ;
#303 = ORIENTED_EDGE ( 'NONE', *, *, #1201, .F. ) ;
#304 = SURFACE_SIDE_STYLE ('',( #4064 ) ) ;
#305 = ORIENTED_EDGE ( 'NONE', *, *, #2638, .F. ) ;
#306 = PLANE ( 'NONE',  #4111 ) ;
#307 = EDGE_CURVE ( 'NONE', #2391, #2398, #433, .T. ) ;
#308 = CARTESIAN_POINT ( 'NONE',  ( 8.349999999999999645, 37.50000000000005684, -5.000000000000000000 ) ) ;
#309 = PRESENTATION_LAYER_ASSIGNMENT (  '', '', ( #2504 ) ) ;
#310 =( NAMED_UNIT ( * ) PLANE_ANGLE_UNIT ( ) SI_UNIT ( $, .RADIAN. ) );
#311 = STYLED_ITEM ( 'NONE', ( #3335 ), #3244 ) ;
#312 = ORIENTED_EDGE ( 'NONE', *, *, #1933, .F. ) ;
#313 = LINE ( 'NONE', #2421, #2239 ) ;
#314 = ADVANCED_FACE ( 'NONE', ( #1126 ), #2536, .T. ) ;
#315 = DIRECTION ( 'NONE',  ( 9.637352644315589080E-17, 0.000000000000000000, 1.000000000000000000 ) ) ;
#316 = MECHANICAL_DESIGN_GEOMETRIC_PRESENTATION_REPRESENTATION (  '', ( #4288 ), #388 ) ;
#317 = STYLED_ITEM ( 'NONE', ( #694 ), #3476 ) ;
#318 = FACE_OUTER_BOUND ( 'NONE', #4100, .T. ) ;
#319 = CARTESIAN_POINT ( 'NONE',  ( -3.600000000000000089, 160.0000000000000000, 10.00000000000000000 ) ) ;
#320 =( GEOMETRIC_REPRESENTATION_CONTEXT ( 3 ) GLOBAL_UNCERTAINTY_ASSIGNED_CONTEXT ( ( #1014 ) ) GLOBAL_UNIT_ASSIGNED_CONTEXT ( ( #3245, #4208, #778 ) ) REPRESENTATION_CONTEXT ( 'NONE', 'WORKASPACE' ) );
#321 = STYLED_ITEM ( 'NONE', ( #621 ), #3641 ) ;
#322 = ORIENTED_EDGE ( 'NONE', *, *, #1250, .T. ) ;
#323 = FACE_OUTER_BOUND ( 'NONE', #4204, .T. ) ;
#324 = EDGE_CURVE ( 'NONE', #465, #3620, #4324, .T. ) ;
#325 = PRESENTATION_LAYER_ASSIGNMENT (  '', '', ( #1680 ) ) ;
#326 =( GEOMETRIC_REPRESENTATION_CONTEXT ( 3 ) GLOBAL_UNCERTAINTY_ASSIGNED_CONTEXT ( ( #1773 ) ) GLOBAL_UNIT_ASSIGNED_CONTEXT ( ( #2258, #1258, #2668 ) ) REPRESENTATION_CONTEXT ( 'NONE', 'WORKASPACE' ) );
#327 = DIRECTION ( 'NONE',  ( 0.000000000000000000, 1.000000000000000000, 0.000000000000000000 ) ) ;
#328 = ORIENTED_EDGE ( 'NONE', *, *, #1749, .F. ) ;
#329 = LINE ( 'NONE', #3368, #873 ) ;
#330 = CARTESIAN_POINT ( 'NONE',  ( 3.600000000000000089, 37.50000000000005684, -9.500000000000000000 ) ) ;
#331 = VERTEX_POINT ( 'NONE', #911 ) ;
#332 = SURFACE_STYLE_USAGE ( .BOTH. , #3713 ) ;
#333 = DIRECTION ( 'NONE',  ( 0.000000000000000000, 1.000000000000000000, 0.000000000000000000 ) ) ;
#334 = ORIENTED_EDGE ( 'NONE', *, *, #4108, .T. ) ;
#335 = EDGE_CURVE ( 'NONE', #450, #2446, #785, .T. ) ;
#336 = ORIENTED_EDGE ( 'NONE', *, *, #2208, .F. ) ;
#337 = EDGE_CURVE ( 'NONE', #3710, #3078, #2005, .T. ) ;
#338 = DIRECTION ( 'NONE',  ( 0.000000000000000000, 1.000000000000000000, 0.000000000000000000 ) ) ;
#339 = CIRCLE ( 'NONE', #2831, 0.5000000000000004441 ) ;
#340 =( NAMED_UNIT ( * ) PLANE_ANGLE_UNIT ( ) SI_UNIT ( $, .RADIAN. ) );
#341 = DIRECTION ( 'NONE',  ( -1.000000000000000000, 0.000000000000000000, 1.927470528863119788E-16 ) ) ;
#342 = CARTESIAN_POINT ( 'NONE',  ( -6.626345596729059650, 37.50000000000006395, -5.000000000000000000 ) ) ;
#343 = EDGE_CURVE ( 'NONE', #1268, #1373, #3893, .T. ) ;
#344 = ORIENTED_EDGE ( 'NONE', *, *, #3027, .F. ) ;
#345 = COLOUR_RGB ( '',0.8941176470588234615, 0.9137254901960784048, 0.9294117647058823817 ) ;
#346 = VECTOR ( 'NONE', #193, 1000.000000000000000 ) ;
#347 = DIRECTION ( 'NONE',  ( -1.000000000000000000, 0.000000000000000000, 3.416879573893720099E-15 ) ) ;
#348 = AXIS2_PLACEMENT_3D ( 'NONE', #2978, #1844, #2630 ) ;
#349 = CIRCLE ( 'NONE', #1139, 0.5000000000000004441 ) ;
#350 =( NAMED_UNIT ( * ) SI_UNIT ( $, .STERADIAN. ) SOLID_ANGLE_UNIT ( ) );
#351 = VERTEX_POINT ( 'NONE', #2309 ) ;
#352 = CIRCLE ( 'NONE', #150, 0.4999999999999995559 ) ;
#353 = CARTESIAN_POINT ( 'NONE',  ( 5.500000000000000000, 160.0000000000000000, -8.349999999999999645 ) ) ;
#354 = CARTESIAN_POINT ( 'NONE',  ( -3.900000000000049649, -160.0000000000000000, -2.980761184457539681 ) ) ;
#355 = FILL_AREA_STYLE_COLOUR ( '', #2513 ) ;
#356 = AXIS2_PLACEMENT_3D ( 'NONE', #4174, #2855, #790 ) ;
#357 = LINE ( 'NONE', #2858, #1073 ) ;
#358 = ORIENTED_EDGE ( 'NONE', *, *, #1142, .F. ) ;
#359 = VERTEX_POINT ( 'NONE', #3627 ) ;
#360 = DIRECTION ( 'NONE',  ( 0.000000000000000000, -1.000000000000000000, 0.000000000000000000 ) ) ;
#361 = COLOUR_RGB ( '',0.8941176470588234615, 0.9137254901960784048, 0.9294117647058823817 ) ;
#362 = LINE ( 'NONE', #994, #690 ) ;
#363 =( NAMED_UNIT ( * ) SI_UNIT ( $, .STERADIAN. ) SOLID_ANGLE_UNIT ( ) );
#364 = CIRCLE ( 'NONE', #1584, 0.4999999999999995559 ) ;
#365 = ORIENTED_EDGE ( 'NONE', *, *, #1667, .F. ) ;
#366 = PRESENTATION_STYLE_ASSIGNMENT (( #1974 ) ) ;
#367 = EDGE_CURVE ( 'NONE', #2648, #3503, #4381, .T. ) ;
#368 = CARTESIAN_POINT ( 'NONE',  ( 3.899999999999999911, -160.0000000000000000, 2.773654403270995328 ) ) ;
#369 = DIRECTION ( 'NONE',  ( 0.000000000000000000, 1.000000000000000000, 0.000000000000000000 ) ) ;
#370 = VERTEX_POINT ( 'NONE', #3021 ) ;
#371 =( GEOMETRIC_REPRESENTATION_CONTEXT ( 3 ) GLOBAL_UNCERTAINTY_ASSIGNED_CONTEXT ( ( #1460 ) ) GLOBAL_UNIT_ASSIGNED_CONTEXT ( ( #2728, #2434, #2684 ) ) REPRESENTATION_CONTEXT ( 'NONE', 'WORKASPACE' ) );
#372 = ADVANCED_FACE ( 'NONE', ( #1982 ), #952, .F. ) ;
#373 = DIRECTION ( 'NONE',  ( 0.000000000000000000, -1.000000000000000000, 0.000000000000000000 ) ) ;
#374 =( NAMED_UNIT ( * ) PLANE_ANGLE_UNIT ( ) SI_UNIT ( $, .RADIAN. ) );
#375 = ORIENTED_EDGE ( 'NONE', *, *, #3140, .F. ) ;
#376 = UNCERTAINTY_MEASURE_WITH_UNIT (LENGTH_MEASURE( 1.000000000000000082E-05 ), #3739, 'distance_accuracy_value', 'NONE');
#377 = FILL_AREA_STYLE_COLOUR ( '', #2476 ) ;
#378 =( NAMED_UNIT ( * ) SI_UNIT ( $, .STERADIAN. ) SOLID_ANGLE_UNIT ( ) );
#379 = CARTESIAN_POINT ( 'NONE',  ( 5.000000000000000000, 160.0000000000000000, 7.849999999999999645 ) ) ;
#380 = ORIENTED_EDGE ( 'NONE', *, *, #546, .F. ) ;
#381 = CARTESIAN_POINT ( 'NONE',  ( -5.500000000000000000, 160.0000000000000000, -8.349999999999999645 ) ) ;
#382 = UNCERTAINTY_MEASURE_WITH_UNIT (LENGTH_MEASURE( 1.000000000000000082E-05 ), #32, 'distance_accuracy_value', 'NONE');
#383 = DIRECTION ( 'NONE',  ( -1.000000000000000000, 0.000000000000000000, 0.000000000000000000 ) ) ;
#384 = FILL_AREA_STYLE_COLOUR ( '', #1474 ) ;
#385 = DIRECTION ( 'NONE',  ( -0.000000000000000000, 1.000000000000000000, -0.000000000000000000 ) ) ;
#386 = ORIENTED_EDGE ( 'NONE', *, *, #3280, .T. ) ;
#387 =( LENGTH_UNIT ( ) NAMED_UNIT ( * ) SI_UNIT ( .MILLI., .METRE. ) );
#388 =( GEOMETRIC_REPRESENTATION_CONTEXT ( 3 ) GLOBAL_UNCERTAINTY_ASSIGNED_CONTEXT ( ( #612 ) ) GLOBAL_UNIT_ASSIGNED_CONTEXT ( ( #1495, #2087, #3564 ) ) REPRESENTATION_CONTEXT ( 'NONE', 'WORKASPACE' ) );
#389 = FILL_AREA_STYLE ('',( #1839 ) ) ;
#390 = CARTESIAN_POINT ( 'NONE',  ( 5.500000000000000000, -160.0000000000000000, -8.349999999999999645 ) ) ;
#391 = COLOUR_RGB ( '',0.8941176470588234615, 0.9137254901960784048, 0.9294117647058823817 ) ;
#392 = FACE_OUTER_BOUND ( 'NONE', #2873, .T. ) ;
#393 = CIRCLE ( 'NONE', #2654, 0.5000000000000004441 ) ;
#394 = CARTESIAN_POINT ( 'NONE',  ( -2.980761184457545010, 160.0000000000000000, -3.899999999999999911 ) ) ;
#395 = ORIENTED_EDGE ( 'NONE', *, *, #1137, .T. ) ;
#396 = MECHANICAL_DESIGN_GEOMETRIC_PRESENTATION_REPRESENTATION (  '', ( #975 ), #3581 ) ;
#397 = PRESENTATION_LAYER_ASSIGNMENT (  '', '', ( #3382 ) ) ;
#398 = DIRECTION ( 'NONE',  ( -1.000000000000000000, 0.000000000000000000, -7.228014483236679792E-16 ) ) ;
#399 = PLANE ( 'NONE',  #4411 ) ;
#400 = ADVANCED_FACE ( 'NONE', ( #866 ), #3330, .F. ) ;
#401 = FILL_AREA_STYLE_COLOUR ( '', #208 ) ;
#402 = CARTESIAN_POINT ( 'NONE',  ( -3.600000000000000089, -160.0000000000000000, 8.849999999999999645 ) ) ;
#403 = LINE ( 'NONE', #1777, #2683 ) ;
#404 = ORIENTED_EDGE ( 'NONE', *, *, #85, .F. ) ;
#405 = SURFACE_SIDE_STYLE ('',( #3576 ) ) ;
#406 =( NAMED_UNIT ( * ) SI_UNIT ( $, .STERADIAN. ) SOLID_ANGLE_UNIT ( ) );
#407 =( LENGTH_UNIT ( ) NAMED_UNIT ( * ) SI_UNIT ( .MILLI., .METRE. ) );
#408 =( LENGTH_UNIT ( ) NAMED_UNIT ( * ) SI_UNIT ( .MILLI., .METRE. ) );
#409 = VERTEX_POINT ( 'NONE', #1388 ) ;
#410 = FILL_AREA_STYLE ('',( #844 ) ) ;
#411 = SURFACE_STYLE_USAGE ( .BOTH. , #825 ) ;
#412 = DIRECTION ( 'NONE',  ( -0.000000000000000000, 1.000000000000000000, -0.000000000000000000 ) ) ;
#413 = PLANE ( 'NONE',  #1538 ) ;
#414 = CARTESIAN_POINT ( 'NONE',  ( -9.000000000000000000, -160.0000000000000000, 9.000000000000000000 ) ) ;
#415 = ORIENTED_EDGE ( 'NONE', *, *, #194, .F. ) ;
#416 = STYLED_ITEM ( 'NONE', ( #775 ), #707 ) ;
#417 = SURFACE_SIDE_STYLE ('',( #2453 ) ) ;
#418 = DIRECTION ( 'NONE',  ( 0.000000000000000000, 0.000000000000000000, 1.000000000000000000 ) ) ;
#419 = VECTOR ( 'NONE', #293, 1000.000000000000000 ) ;
#420 = ORIENTED_EDGE ( 'NONE', *, *, #957, .T. ) ;
#421 = VECTOR ( 'NONE', #4448, 1000.000000000000000 ) ;
#422 = EDGE_CURVE ( 'NONE', #1907, #703, #3273, .T. ) ;
#423 = CARTESIAN_POINT ( 'NONE',  ( 7.849999999999999645, -160.0000000000000000, 5.500000000000000000 ) ) ;
#424 = DIRECTION ( 'NONE',  ( -1.000000000000000000, 0.000000000000000000, 0.000000000000000000 ) ) ;
#425 =( GEOMETRIC_REPRESENTATION_CONTEXT ( 3 ) GLOBAL_UNCERTAINTY_ASSIGNED_CONTEXT ( ( #4314 ) ) GLOBAL_UNIT_ASSIGNED_CONTEXT ( ( #2280, #2329, #3289 ) ) REPRESENTATION_CONTEXT ( 'NONE', 'WORKASPACE' ) );
#426 = VERTEX_POINT ( 'NONE', #10 ) ;
#427 = EDGE_CURVE ( 'NONE', #2300, #2830, #349, .T. ) ;
#428 = LINE ( 'NONE', #1391, #1431 ) ;
#429 = PRESENTATION_LAYER_ASSIGNMENT (  '', '', ( #2761 ) ) ;
#430 = DIRECTION ( 'NONE',  ( 0.000000000000000000, 0.000000000000000000, -1.000000000000000000 ) ) ;
#431 = EDGE_LOOP ( 'NONE', ( #943, #4260, #1826, #2888 ) ) ;
#432 = PRESENTATION_LAYER_ASSIGNMENT (  '', '', ( #3069 ) ) ;
#433 = LINE ( 'NONE', #104, #1000 ) ;
#434 = EDGE_CURVE ( 'NONE', #4228, #3930, #1666, .T. ) ;
#435 =( LENGTH_UNIT ( ) NAMED_UNIT ( * ) SI_UNIT ( .MILLI., .METRE. ) );
#436 =( GEOMETRIC_REPRESENTATION_CONTEXT ( 3 ) GLOBAL_UNCERTAINTY_ASSIGNED_CONTEXT ( ( #4356 ) ) GLOBAL_UNIT_ASSIGNED_CONTEXT ( ( #3677, #4040, #606 ) ) REPRESENTATION_CONTEXT ( 'NONE', 'WORKASPACE' ) );
#437 = PRESENTATION_STYLE_ASSIGNMENT (( #827 ) ) ;
#438 =( NAMED_UNIT ( * ) PLANE_ANGLE_UNIT ( ) SI_UNIT ( $, .RADIAN. ) );
#439 = CARTESIAN_POINT ( 'NONE',  ( -3.600000000000000089, 160.0000000000000000, -8.849999999999999645 ) ) ;
#440 = VERTEX_POINT ( 'NONE', #1735 ) ;
#441 = AXIS2_PLACEMENT_3D ( 'NONE', #1331, #2057, #4409 ) ;
#442 = SURFACE_STYLE_USAGE ( .BOTH. , #3527 ) ;
#443 = DIRECTION ( 'NONE',  ( 9.637352644315589080E-17, 0.000000000000000000, 1.000000000000000000 ) ) ;
#444 = VECTOR ( 'NONE', #3606, 1000.000000000000000 ) ;
#445 = ORIENTED_EDGE ( 'NONE', *, *, #3171, .T. ) ;
#446 = ORIENTED_EDGE ( 'NONE', *, *, #3380, .T. ) ;
#447 = DIRECTION ( 'NONE',  ( -1.000000000000000000, 0.000000000000000000, 2.168404344971010446E-15 ) ) ;
#448 =( LENGTH_UNIT ( ) NAMED_UNIT ( * ) SI_UNIT ( .MILLI., .METRE. ) );
#449 = AXIS2_PLACEMENT_3D ( 'NONE', #1292, #1310, #2009 ) ;
#450 = VERTEX_POINT ( 'NONE', #660 ) ;
#451 = DIRECTION ( 'NONE',  ( 0.000000000000000000, 1.000000000000000000, 0.000000000000000000 ) ) ;
#452 = SURFACE_STYLE_FILL_AREA ( #3552 ) ;
#453 = ADVANCED_FACE ( 'NONE', ( #2092 ), #3493, .T. ) ;
#454 = CARTESIAN_POINT ( 'NONE',  ( 10.00000000000000000, -160.0000000000000000, 3.600000000000000089 ) ) ;
#455 = FACE_OUTER_BOUND ( 'NONE', #2608, .T. ) ;
#456 = EDGE_CURVE ( 'NONE', #2225, #4391, #3064, .T. ) ;
#457 = EDGE_LOOP ( 'NONE', ( #1754, #2589, #3399, #589 ) ) ;
#458 = SURFACE_STYLE_USAGE ( .BOTH. , #802 ) ;
#459 = DIRECTION ( 'NONE',  ( 1.000000000000000000, 0.000000000000000000, -9.637352644315589080E-17 ) ) ;
#460 = SURFACE_STYLE_FILL_AREA ( #1221 ) ;
#461 = FACE_OUTER_BOUND ( 'NONE', #4026, .T. ) ;
#462 = VECTOR ( 'NONE', #2353, 1000.000000000000000 ) ;
#463 = EDGE_CURVE ( 'NONE', #370, #331, #506, .T. ) ;
#464 = AXIS2_PLACEMENT_3D ( 'NONE', #2540, #1179, #2587 ) ;
#465 = VERTEX_POINT ( 'NONE', #4089 ) ;
#466 = COLOUR_RGB ( '',0.8941176470588234615, 0.9137254901960784048, 0.9294117647058823817 ) ;
#467 = VECTOR ( 'NONE', #3132, 1000.000000000000000 ) ;
#468 = CARTESIAN_POINT ( 'NONE',  ( 4.046446609406749495, -160.0000000000000000, 3.127207793864275054 ) ) ;
#469 = ORIENTED_EDGE ( 'NONE', *, *, #2917, .T. ) ;
#470 = COLOUR_RGB ( '',0.8941176470588234615, 0.9137254901960784048, 0.9294117647058823817 ) ;
#471 = DIRECTION ( 'NONE',  ( 0.000000000000000000, 0.000000000000000000, -1.000000000000000000 ) ) ;
#472 = VECTOR ( 'NONE', #3718, 1000.000000000000000 ) ;
#473 = CARTESIAN_POINT ( 'NONE',  ( -8.349999999999999645, -160.0000000000000000, 5.500000000000000000 ) ) ;
#474 = AXIS2_PLACEMENT_3D ( 'NONE', #2992, #945, #2688 ) ;
#475 = DIRECTION ( 'NONE',  ( 0.000000000000000000, -1.222436467041021059E-18, 1.000000000000000000 ) ) ;
#476 = LINE ( 'NONE', #96, #1427 ) ;
#477 = EDGE_LOOP ( 'NONE', ( #3391, #795, #2499, #344 ) ) ;
#478 = UNCERTAINTY_MEASURE_WITH_UNIT (LENGTH_MEASURE( 1.000000000000000082E-05 ), #4373, 'distance_accuracy_value', 'NONE');
#479 = FILL_AREA_STYLE_COLOUR ( '', #3652 ) ;
#480 = DIRECTION ( 'NONE',  ( 1.172416807168114790E-16, 1.000000000000000000, 1.222436467041021059E-18 ) ) ;
#481 = LINE ( 'NONE', #2578, #4220 ) ;
#482 =( NAMED_UNIT ( * ) SI_UNIT ( $, .STERADIAN. ) SOLID_ANGLE_UNIT ( ) );
#483 = ORIENTED_EDGE ( 'NONE', *, *, #2358, .T. ) ;
#484 =( NAMED_UNIT ( * ) SI_UNIT ( $, .STERADIAN. ) SOLID_ANGLE_UNIT ( ) );
#485 = EDGE_CURVE ( 'NONE', #2027, #426, #4441, .T. ) ;
#486 = DIRECTION ( 'NONE',  ( 0.000000000000000000, 1.000000000000000000, 0.000000000000000000 ) ) ;
#487 =( NAMED_UNIT ( * ) SI_UNIT ( $, .STERADIAN. ) SOLID_ANGLE_UNIT ( ) );
#488 = LINE ( 'NONE', #3656, #1181 ) ;
#489 =( NAMED_UNIT ( * ) SI_UNIT ( $, .STERADIAN. ) SOLID_ANGLE_UNIT ( ) );
#490 = ORIENTED_EDGE ( 'NONE', *, *, #2601, .T. ) ;
#491 = EDGE_CURVE ( 'NONE', #1698, #2475, #313, .T. ) ;
#492 = DIRECTION ( 'NONE',  ( -0.000000000000000000, 1.000000000000000000, -0.000000000000000000 ) ) ;
#493 = ORIENTED_EDGE ( 'NONE', *, *, #2068, .F. ) ;
#494 = MECHANICAL_DESIGN_GEOMETRIC_PRESENTATION_REPRESENTATION (  '', ( #2099 ), #74 ) ;
#495 = CARTESIAN_POINT ( 'NONE',  ( 6.626345596729049880, 160.0000000000000000, 5.500000000000000000 ) ) ;
#496 = SURFACE_STYLE_USAGE ( .BOTH. , #4310 ) ;
#497 = PRESENTATION_LAYER_ASSIGNMENT (  '', '', ( #3397 ) ) ;
#498 = CIRCLE ( 'NONE', #3963, 1.000000000000000888 ) ;
#499 = PLANE ( 'NONE',  #4407 ) ;
#500 = VERTEX_POINT ( 'NONE', #1704 ) ;
#501 = CIRCLE ( 'NONE', #3266, 0.5000000000000000000 ) ;
#502 = CIRCLE ( 'NONE', #2537, 0.5000000000000000000 ) ;
#503 = SURFACE_SIDE_STYLE ('',( #2327 ) ) ;
#504 = SURFACE_STYLE_USAGE ( .BOTH. , #2928 ) ;
#505 = DIRECTION ( 'NONE',  ( 0.000000000000000000, 1.000000000000000000, 0.000000000000000000 ) ) ;
#506 = CIRCLE ( 'NONE', #2843, 0.5000000000000004441 ) ;
#507 = PLANE ( 'NONE',  #1563 ) ;
#508 = VERTEX_POINT ( 'NONE', #2074 ) ;
#509 =( NAMED_UNIT ( * ) PLANE_ANGLE_UNIT ( ) SI_UNIT ( $, .RADIAN. ) );
#510 = CIRCLE ( 'NONE', #3411, 0.4999999999999995559 ) ;
#511 = LINE ( 'NONE', #2585, #976 ) ;
#512 = COLOUR_RGB ( '',0.8941176470588234615, 0.9137254901960784048, 0.9294117647058823817 ) ;
#513 = DIRECTION ( 'NONE',  ( 1.734723475976808672E-15, 0.000000000000000000, -1.000000000000000000 ) ) ;
#514 = ORIENTED_EDGE ( 'NONE', *, *, #516, .T. ) ;
#515 = PRESENTATION_LAYER_ASSIGNMENT (  '', '', ( #11 ) ) ;
#516 = EDGE_CURVE ( 'NONE', #2027, #3945, #1037, .T. ) ;
#517 = FILL_AREA_STYLE_COLOUR ( '', #3284 ) ;
#518 = FILL_AREA_STYLE ('',( #355 ) ) ;
#519 = FACE_OUTER_BOUND ( 'NONE', #2966, .T. ) ;
#520 = VERTEX_POINT ( 'NONE', #2573 ) ;
#521 = ADVANCED_FACE ( 'NONE', ( #4180 ), #1436, .T. ) ;
#522 =( NAMED_UNIT ( * ) SI_UNIT ( $, .STERADIAN. ) SOLID_ANGLE_UNIT ( ) );
#523 = DIRECTION ( 'NONE',  ( 0.000000000000000000, 0.000000000000000000, -1.000000000000000000 ) ) ;
#524 = MECHANICAL_DESIGN_GEOMETRIC_PRESENTATION_REPRESENTATION (  '', ( #944 ), #3010 ) ;
#525 = LINE ( 'NONE', #1904, #3361 ) ;
#526 = ORIENTED_EDGE ( 'NONE', *, *, #4049, .T. ) ;
#527 = PRESENTATION_LAYER_ASSIGNMENT (  '', '', ( #1365 ) ) ;
#528 = CARTESIAN_POINT ( 'NONE',  ( -6.626345596729049880, -160.0000000000000000, 5.000000000000000000 ) ) ;
#529 = UNCERTAINTY_MEASURE_WITH_UNIT (LENGTH_MEASURE( 1.000000000000000082E-05 ), #1672, 'distance_accuracy_value', 'NONE');
#530 = CARTESIAN_POINT ( 'NONE',  ( -4.046446609406774364, -160.0000000000000000, -3.127207793864264840 ) ) ;
#531 = DIRECTION ( 'NONE',  ( 0.000000000000000000, -1.000000000000000000, 0.000000000000000000 ) ) ;
#532 = SURFACE_STYLE_USAGE ( .BOTH. , #1216 ) ;
#533 = ORIENTED_EDGE ( 'NONE', *, *, #189, .F. ) ;
#534 = FILL_AREA_STYLE ('',( #2262 ) ) ;
#535 = FILL_AREA_STYLE ('',( #1814 ) ) ;
#536 = LINE ( 'NONE', #4232, #2137 ) ;
#537 = ORIENTED_EDGE ( 'NONE', *, *, #1220, .T. ) ;
#538 = CARTESIAN_POINT ( 'NONE',  ( -4.999999999999996447, 37.50000000000005684, -8.349999999999999645 ) ) ;
#539 = AXIS2_PLACEMENT_3D ( 'NONE', #1700, #4069, #657 ) ;
#540 = FACE_OUTER_BOUND ( 'NONE', #2660, .T. ) ;
#541 = PRESENTATION_STYLE_ASSIGNMENT (( #159 ) ) ;
#542 = ORIENTED_EDGE ( 'NONE', *, *, #1383, .F. ) ;
#543 = COLOUR_RGB ( '',0.8941176470588234615, 0.9137254901960784048, 0.9294117647058823817 ) ;
#544 = PRESENTATION_LAYER_ASSIGNMENT (  '', '', ( #3509 ) ) ;
#545 = DIRECTION ( 'NONE',  ( 1.876286541608461547E-15, -1.222436467041241000E-18, 1.000000000000000000 ) ) ;
#546 = EDGE_CURVE ( 'NONE', #2231, #2006, #3173, .T. ) ;
#547 = DIRECTION ( 'NONE',  ( 0.000000000000000000, -1.222436467041021059E-18, 1.000000000000000000 ) ) ;
#548 = COLOUR_RGB ( '',0.8941176470588234615, 0.9137254901960784048, 0.9294117647058823817 ) ;
#549 = ORIENTED_EDGE ( 'NONE', *, *, #2663, .T. ) ;
#550 = CARTESIAN_POINT ( 'NONE',  ( 5.000000000000000000, 160.0000000000000000, 6.626345596729049880 ) ) ;
#551 = PRESENTATION_STYLE_ASSIGNMENT (( #3058 ) ) ;
#552 = DIRECTION ( 'NONE',  ( 0.000000000000000000, -1.000000000000000000, 0.000000000000000000 ) ) ;
#553 = EDGE_CURVE ( 'NONE', #3347, #199, #3408, .T. ) ;
#554 = CARTESIAN_POINT ( 'NONE',  ( -9.000000000000000000, 37.50000000000005684, -10.00000000000000000 ) ) ;
#555 = EDGE_LOOP ( 'NONE', ( #939, #1673, #3857, #1076 ) ) ;
#556 = LINE ( 'NONE', #1983, #2291 ) ;
#557 =( LENGTH_UNIT ( ) NAMED_UNIT ( * ) SI_UNIT ( .MILLI., .METRE. ) );
#558 =( NAMED_UNIT ( * ) PLANE_ANGLE_UNIT ( ) SI_UNIT ( $, .RADIAN. ) );
#559 = FILL_AREA_STYLE_COLOUR ( '', #3343 ) ;
#560 = ORIENTED_EDGE ( 'NONE', *, *, #1144, .F. ) ;
#561 = SURFACE_STYLE_USAGE ( .BOTH. , #938 ) ;
#562 = SURFACE_SIDE_STYLE ('',( #3975 ) ) ;
#563 = ORIENTED_EDGE ( 'NONE', *, *, #1169, .F. ) ;
#564 = DIRECTION ( 'NONE',  ( 1.172416807168114790E-16, 1.000000000000000000, 1.222436467041021059E-18 ) ) ;
#565 = DIRECTION ( 'NONE',  ( 0.000000000000000000, -1.000000000000000000, 0.000000000000000000 ) ) ;
#566 = FILL_AREA_STYLE_COLOUR ( '', #4126 ) ;
#567 = ORIENTED_EDGE ( 'NONE', *, *, #1968, .F. ) ;
#568 =( NAMED_UNIT ( * ) SI_UNIT ( $, .STERADIAN. ) SOLID_ANGLE_UNIT ( ) );
#569 = EDGE_CURVE ( 'NONE', #2685, #3916, #2827, .T. ) ;
#570 = UNCERTAINTY_MEASURE_WITH_UNIT (LENGTH_MEASURE( 1.000000000000000082E-05 ), #1096, 'distance_accuracy_value', 'NONE');
#571 = VECTOR ( 'NONE', #2971, 1000.000000000000000 ) ;
#572 =( NAMED_UNIT ( * ) PLANE_ANGLE_UNIT ( ) SI_UNIT ( $, .RADIAN. ) );
#573 = LINE ( 'NONE', #3734, #858 ) ;
#574 = MECHANICAL_DESIGN_GEOMETRIC_PRESENTATION_REPRESENTATION (  '', ( #1566 ), #3744 ) ;
#575 = VECTOR ( 'NONE', #1810, 1000.000000000000000 ) ;
#576 = ORIENTED_EDGE ( 'NONE', *, *, #4443, .F. ) ;
#577 = CARTESIAN_POINT ( 'NONE',  ( -7.849999999999999645, 160.0000000000000000, 5.500000000000000000 ) ) ;
#578 = ADVANCED_FACE ( 'NONE', ( #3847 ), #1801, .F. ) ;
#579 =( GEOMETRIC_REPRESENTATION_CONTEXT ( 3 ) GLOBAL_UNCERTAINTY_ASSIGNED_CONTEXT ( ( #3307 ) ) GLOBAL_UNIT_ASSIGNED_CONTEXT ( ( #1200, #3248, #489 ) ) REPRESENTATION_CONTEXT ( 'NONE', 'WORKASPACE' ) );
#580 = AXIS2_PLACEMENT_3D ( 'NONE', #3414, #3084, #3820 ) ;
#581 = LINE ( 'NONE', #1262, #234 ) ;
#582 = LINE ( 'NONE', #4143, #1539 ) ;
#583 = VERTEX_POINT ( 'NONE', #2530 ) ;
#584 = MECHANICAL_DESIGN_GEOMETRIC_PRESENTATION_REPRESENTATION (  '', ( #2176 ), #3684 ) ;
#585 = EDGE_CURVE ( 'NONE', #3994, #2083, #3894, .T. ) ;
#586 = PRESENTATION_LAYER_ASSIGNMENT (  '', '', ( #2178 ) ) ;
#587 = CARTESIAN_POINT ( 'NONE',  ( -3.600000000000000089, 37.50000000000005684, -9.500000000000000000 ) ) ;
#588 = CARTESIAN_POINT ( 'NONE',  ( 2.980761184457545010, 160.0000000000000000, 3.899999999999999911 ) ) ;
#589 = ORIENTED_EDGE ( 'NONE', *, *, #1802, .F. ) ;
#590 = DIRECTION ( 'NONE',  ( 1.172416807168114790E-16, 1.000000000000000000, 1.222436467041021059E-18 ) ) ;
#591 = CARTESIAN_POINT ( 'NONE',  ( 3.100000000000000089, 160.0000000000000000, -8.349999999999999645 ) ) ;
#592 = FACE_OUTER_BOUND ( 'NONE', #227, .T. ) ;
#593 = ORIENTED_EDGE ( 'NONE', *, *, #3113, .T. ) ;
#594 = DIRECTION ( 'NONE',  ( 1.000000000000000000, 0.000000000000000000, 2.246165255886149975E-15 ) ) ;
#595 = APPLICATION_PROTOCOL_DEFINITION ( 'draft international standard', 'automotive_design', 1998, #2607 ) ;
#596 = CARTESIAN_POINT ( 'NONE',  ( 7.849999999999999645, 37.50000000000005684, 5.500000000000000000 ) ) ;
#597 = DIRECTION ( 'NONE',  ( -0.000000000000000000, 1.000000000000000000, -0.000000000000000000 ) ) ;
#598 = MECHANICAL_DESIGN_GEOMETRIC_PRESENTATION_REPRESENTATION (  '', ( #1365 ), #371 ) ;
#599 = EDGE_LOOP ( 'NONE', ( #1876, #2117, #3638, #1630 ) ) ;
#600 = EDGE_CURVE ( 'NONE', #1171, #813, #1483, .T. ) ;
#601 = PRESENTATION_LAYER_ASSIGNMENT (  '', '', ( #3490 ) ) ;
#602 = FILL_AREA_STYLE_COLOUR ( '', #3698 ) ;
#603 = EDGE_CURVE ( 'NONE', #3151, #3120, #4032, .T. ) ;
#604 = LINE ( 'NONE', #319, #3506 ) ;
#605 = ORIENTED_EDGE ( 'NONE', *, *, #3405, .T. ) ;
#606 =( NAMED_UNIT ( * ) SI_UNIT ( $, .STERADIAN. ) SOLID_ANGLE_UNIT ( ) );
#607 = DIRECTION ( 'NONE',  ( -1.000000000000000000, 0.000000000000000000, 0.000000000000000000 ) ) ;
#608 = ORIENTED_EDGE ( 'NONE', *, *, #3200, .T. ) ;
#609 = PRESENTATION_STYLE_ASSIGNMENT (( #1 ) ) ;
#610 =( NAMED_UNIT ( * ) SI_UNIT ( $, .STERADIAN. ) SOLID_ANGLE_UNIT ( ) );
#611 = VERTEX_POINT ( 'NONE', #2301 ) ;
#612 = UNCERTAINTY_MEASURE_WITH_UNIT (LENGTH_MEASURE( 1.000000000000000082E-05 ), #1495, 'distance_accuracy_value', 'NONE');
#613 =( NAMED_UNIT ( * ) PLANE_ANGLE_UNIT ( ) SI_UNIT ( $, .RADIAN. ) );
#614 = DIRECTION ( 'NONE',  ( 1.172416807168114790E-16, 1.000000000000000000, 1.222436467041021059E-18 ) ) ;
#615 = STYLED_ITEM ( 'NONE', ( #2462 ), #4294 ) ;
#616 = AXIS2_PLACEMENT_3D ( 'NONE', #2359, #3087, #2652 ) ;
#617 = CARTESIAN_POINT ( 'NONE',  ( -3.099999999999999645, 37.50000000000005684, -8.849999999999999645 ) ) ;
#618 = ORIENTED_EDGE ( 'NONE', *, *, #1710, .T. ) ;
#619 = CARTESIAN_POINT ( 'NONE',  ( -5.353553390593270400, -160.0000000000000000, 6.272792206135780368 ) ) ;
#620 = MECHANICAL_DESIGN_GEOMETRIC_PRESENTATION_REPRESENTATION (  '', ( #3382 ), #4296 ) ;
#621 = PRESENTATION_STYLE_ASSIGNMENT (( #3448 ) ) ;
#622 = PRESENTATION_STYLE_ASSIGNMENT (( #3044 ) ) ;
#623 = ORIENTED_EDGE ( 'NONE', *, *, #3327, .F. ) ;
#624 = ADVANCED_FACE ( 'NONE', ( #3983 ), #924, .F. ) ;
#625 = SURFACE_STYLE_FILL_AREA ( #2740 ) ;
#626 = DIRECTION ( 'NONE',  ( 1.000000000000000000, 0.000000000000000000, 0.000000000000000000 ) ) ;
#627 = LINE ( 'NONE', #963, #2868 ) ;
#628 = DIRECTION ( 'NONE',  ( -0.7071067811865520136, 0.000000000000000000, -0.7071067811865431318 ) ) ;
#629 = EDGE_LOOP ( 'NONE', ( #204, #483, #2308, #2717 ) ) ;
#630 = ORIENTED_EDGE ( 'NONE', *, *, #2128, .T. ) ;
#631 = SURFACE_STYLE_FILL_AREA ( #2778 ) ;
#632 = CARTESIAN_POINT ( 'NONE',  ( -10.00000000000000000, 37.50000000000006395, -3.599999999999999201 ) ) ;
#633 = CARTESIAN_POINT ( 'NONE',  ( 7.849999999999999645, 160.0000000000000000, -5.500000000000000000 ) ) ;
#634 = EDGE_LOOP ( 'NONE', ( #3038, #1911, #1942, #3743 ) ) ;
#635 = MECHANICAL_DESIGN_GEOMETRIC_PRESENTATION_REPRESENTATION (  '', ( #2319 ), #1132 ) ;
#636 = CARTESIAN_POINT ( 'NONE',  ( 3.600000000000003197, 37.50000000000005684, 10.00000000000000000 ) ) ;
#637 = SURFACE_STYLE_FILL_AREA ( #3393 ) ;
#638 = DIRECTION ( 'NONE',  ( 0.000000000000000000, -1.000000000000000000, 0.000000000000000000 ) ) ;
#639 = ORIENTED_EDGE ( 'NONE', *, *, #2052, .F. ) ;
#640 = STYLED_ITEM ( 'NONE', ( #3856 ), #1299 ) ;
#641 = CIRCLE ( 'NONE', #3676, 0.4999999999999995559 ) ;
#642 = PRESENTATION_STYLE_ASSIGNMENT (( #3438 ) ) ;
#643 = CARTESIAN_POINT ( 'NONE',  ( -3.127207793864282603, 37.50000000000005684, -4.046446609406740613 ) ) ;
#644 = LINE ( 'NONE', #1267, #1347 ) ;
#645 = CIRCLE ( 'NONE', #4315, 0.5000000000000004441 ) ;
#646 = ORIENTED_EDGE ( 'NONE', *, *, #4135, .F. ) ;
#647 = EDGE_CURVE ( 'NONE', #583, #3626, #1878, .T. ) ;
#648 =( GEOMETRIC_REPRESENTATION_CONTEXT ( 3 ) GLOBAL_UNCERTAINTY_ASSIGNED_CONTEXT ( ( #4008 ) ) GLOBAL_UNIT_ASSIGNED_CONTEXT ( ( #407, #100, #2815 ) ) REPRESENTATION_CONTEXT ( 'NONE', 'WORKASPACE' ) );
#649 = FILL_AREA_STYLE ('',( #4393 ) ) ;
#650 = SURFACE_STYLE_USAGE ( .BOTH. , #3750 ) ;
#651 = EDGE_CURVE ( 'NONE', #2704, #808, #1931, .T. ) ;
#652 = AXIS2_PLACEMENT_3D ( 'NONE', #1298, #1274, #971 ) ;
#653 = ORIENTED_EDGE ( 'NONE', *, *, #980, .F. ) ;
#654 = UNCERTAINTY_MEASURE_WITH_UNIT (LENGTH_MEASURE( 1.000000000000000082E-05 ), #2114, 'distance_accuracy_value', 'NONE');
#655 = DIRECTION ( 'NONE',  ( -0.000000000000000000, 1.000000000000000000, -0.000000000000000000 ) ) ;
#656 = MECHANICAL_DESIGN_GEOMETRIC_PRESENTATION_REPRESENTATION (  '', ( #1082 ), #1889 ) ;
#657 = DIRECTION ( 'NONE',  ( 0.7071067811865520136, 0.000000000000000000, -0.7071067811865431318 ) ) ;
#658 = ORIENTED_EDGE ( 'NONE', *, *, #3996, .F. ) ;
#659 = AXIS2_PLACEMENT_3D ( 'NONE', #4097, #4387, #4024 ) ;
#660 = CARTESIAN_POINT ( 'NONE',  ( 8.849999999999999645, -160.0000000000000000, -3.100000000000000089 ) ) ;
#661 = DIRECTION ( 'NONE',  ( -0.000000000000000000, 1.000000000000000000, -0.000000000000000000 ) ) ;
#662 = DIRECTION ( 'NONE',  ( 0.000000000000000000, 1.000000000000000000, 0.000000000000000000 ) ) ;
#663 = ORIENTED_EDGE ( 'NONE', *, *, #3309, .T. ) ;
#664 = CARTESIAN_POINT ( 'NONE',  ( 10.00000000000000000, 160.0000000000000000, 9.000000000000000000 ) ) ;
#665 = MECHANICAL_DESIGN_GEOMETRIC_PRESENTATION_REPRESENTATION (  '', ( #2047 ), #3841 ) ;
#666 = SURFACE_STYLE_USAGE ( .BOTH. , #4120 ) ;
#667 = CARTESIAN_POINT ( 'NONE',  ( 6.626345596729052545, 37.50000000000005684, -5.499999999999995559 ) ) ;
#668 = CARTESIAN_POINT ( 'NONE',  ( 5.000000000000000000, 160.0000000000000000, -7.849999999999999645 ) ) ;
#669 = FILL_AREA_STYLE ('',( #2316 ) ) ;
#670 = AXIS2_PLACEMENT_3D ( 'NONE', #1746, #4214, #2454 ) ;
#671 = DIRECTION ( 'NONE',  ( -0.000000000000000000, 1.000000000000000000, -0.000000000000000000 ) ) ;
#672 = ORIENTED_EDGE ( 'NONE', *, *, #1744, .F. ) ;
#673 =( NAMED_UNIT ( * ) SI_UNIT ( $, .STERADIAN. ) SOLID_ANGLE_UNIT ( ) );
#674 = FILL_AREA_STYLE_COLOUR ( '', #1451 ) ;
#675 = ORIENTED_EDGE ( 'NONE', *, *, #1744, .T. ) ;
#676 = EDGE_CURVE ( 'NONE', #1386, #3632, #645, .T. ) ;
#677 = SURFACE_STYLE_USAGE ( .BOTH. , #4109 ) ;
#678 = DIRECTION ( 'NONE',  ( 0.000000000000000000, 1.222436467041021059E-18, -1.000000000000000000 ) ) ;
#679 = AXIS2_PLACEMENT_3D ( 'NONE', #3465, #1165, #2591 ) ;
#680 = SURFACE_SIDE_STYLE ('',( #1361 ) ) ;
#681 = AXIS2_PLACEMENT_3D ( 'NONE', #588, #2032, #281 ) ;
#682 = ORIENTED_EDGE ( 'NONE', *, *, #3751, .T. ) ;
#683 = SURFACE_SIDE_STYLE ('',( #2399 ) ) ;
#684 = CARTESIAN_POINT ( 'NONE',  ( 1.040834085586083941E-14, 160.0000000000000000, -2.599999999999992983 ) ) ;
#685 = CIRCLE ( 'NONE', #3437, 0.4999999999999995559 ) ;
#686 = VECTOR ( 'NONE', #638, 1000.000000000000000 ) ;
#687 = ADVANCED_FACE ( 'NONE', ( #1210 ), #39, .T. ) ;
#688 = FILL_AREA_STYLE_COLOUR ( '', #2223 ) ;
#689 = SURFACE_SIDE_STYLE ('',( #2145 ) ) ;
#690 = VECTOR ( 'NONE', #661, 1000.000000000000000 ) ;
#691 = MECHANICAL_DESIGN_GEOMETRIC_PRESENTATION_REPRESENTATION (  '', ( #902 ), #3029 ) ;
#692 = ORIENTED_EDGE ( 'NONE', *, *, #4323, .T. ) ;
#693 = AXIS2_PLACEMENT_3D ( 'NONE', #255, #2279, #2968 ) ;
#694 = PRESENTATION_STYLE_ASSIGNMENT (( #666 ) ) ;
#695 = FILL_AREA_STYLE ('',( #1352 ) ) ;
#696 = VERTEX_POINT ( 'NONE', #82 ) ;
#697 = DIRECTION ( 'NONE',  ( -1.172416807168114790E-16, -1.000000000000000000, -1.222436467041021059E-18 ) ) ;
#698 = ORIENTED_EDGE ( 'NONE', *, *, #3858, .F. ) ;
#699 = UNCERTAINTY_MEASURE_WITH_UNIT (LENGTH_MEASURE( 1.000000000000000082E-05 ), #2465, 'distance_accuracy_value', 'NONE');
#700 = SURFACE_SIDE_STYLE ('',( #631 ) ) ;
#701 = SURFACE_SIDE_STYLE ('',( #2458 ) ) ;
#702 = CARTESIAN_POINT ( 'NONE',  ( -2.773654403270999769, -160.0000000000000000, 4.400000000000000355 ) ) ;
#703 = VERTEX_POINT ( 'NONE', #13 ) ;
#704 = CARTESIAN_POINT ( 'NONE',  ( -3.100000000000000089, 160.0000000000000000, 8.349999999999999645 ) ) ;
#705 =( NAMED_UNIT ( * ) SI_UNIT ( $, .STERADIAN. ) SOLID_ANGLE_UNIT ( ) );
#706 = SURFACE_STYLE_USAGE ( .BOTH. , #3827 ) ;
#707 = ADVANCED_FACE ( 'NONE', ( #3802 ), #3449, .F. ) ;
#708 = ORIENTED_EDGE ( 'NONE', *, *, #3145, .F. ) ;
#709 = DIRECTION ( 'NONE',  ( -1.000000000000000000, 0.000000000000000000, 0.000000000000000000 ) ) ;
#710 = VECTOR ( 'NONE', #3261, 1000.000000000000000 ) ;
#711 =( GEOMETRIC_REPRESENTATION_CONTEXT ( 3 ) GLOBAL_UNCERTAINTY_ASSIGNED_CONTEXT ( ( #1504 ) ) GLOBAL_UNIT_ASSIGNED_CONTEXT ( ( #2637, #4002, #136 ) ) REPRESENTATION_CONTEXT ( 'NONE', 'WORKASPACE' ) );
#712 = CARTESIAN_POINT ( 'NONE',  ( 3.600000000000000089, -160.0000000000000000, 8.349999999999999645 ) ) ;
#713 = DIRECTION ( 'NONE',  ( 0.000000000000000000, 0.000000000000000000, -1.000000000000000000 ) ) ;
#714 = LINE ( 'NONE', #3136, #2721 ) ;
#715 = ORIENTED_EDGE ( 'NONE', *, *, #4424, .F. ) ;
#716 = CIRCLE ( 'NONE', #3814, 0.5000000000000000000 ) ;
#717 = LINE ( 'NONE', #2501, #2626 ) ;
#718 =( GEOMETRIC_REPRESENTATION_CONTEXT ( 3 ) GLOBAL_UNCERTAINTY_ASSIGNED_CONTEXT ( ( #749 ) ) GLOBAL_UNIT_ASSIGNED_CONTEXT ( ( #3048, #2792, #2451 ) ) REPRESENTATION_CONTEXT ( 'NONE', 'WORKASPACE' ) );
#719 = STYLED_ITEM ( 'NONE', ( #1597 ), #624 ) ;
#720 = DIRECTION ( 'NONE',  ( -0.000000000000000000, 1.000000000000000000, -0.000000000000000000 ) ) ;
#721 = VERTEX_POINT ( 'NONE', #1040 ) ;
#722 = CIRCLE ( 'NONE', #81, 0.5000000000000004441 ) ;
#723 = CARTESIAN_POINT ( 'NONE',  ( -2.980761184457545010, -160.0000000000000000, 3.899999999999999911 ) ) ;
#724 = FILL_AREA_STYLE_COLOUR ( '', #2930 ) ;
#725 = CIRCLE ( 'NONE', #1222, 0.4999999999999995559 ) ;
#726 = DIRECTION ( 'NONE',  ( -0.000000000000000000, 1.000000000000000000, -0.000000000000000000 ) ) ;
#727 = VERTEX_POINT ( 'NONE', #730 ) ;
#728 =( NAMED_UNIT ( * ) PLANE_ANGLE_UNIT ( ) SI_UNIT ( $, .RADIAN. ) );
#729 = DIRECTION ( 'NONE',  ( 1.172416807168114790E-16, 1.000000000000000000, 1.222436467041021059E-18 ) ) ;
#730 = CARTESIAN_POINT ( 'NONE',  ( -9.500000000000000000, -160.0000000000000000, 3.100000000000000089 ) ) ;
#731 = COLOUR_RGB ( '',0.8941176470588234615, 0.9137254901960784048, 0.9294117647058823817 ) ;
#732 = EDGE_LOOP ( 'NONE', ( #2655, #2124, #2235, #2902 ) ) ;
#733 = CARTESIAN_POINT ( 'NONE',  ( 8.349999999999999645, -160.0000000000000000, 3.600000000000000089 ) ) ;
#734 = COLOUR_RGB ( '',0.8941176470588234615, 0.9137254901960784048, 0.9294117647058823817 ) ;
#735 = EDGE_CURVE ( 'NONE', #964, #3819, #4203, .T. ) ;
#736 =( NAMED_UNIT ( * ) PLANE_ANGLE_UNIT ( ) SI_UNIT ( $, .RADIAN. ) );
#737 = DIRECTION ( 'NONE',  ( 1.000000000000000000, -1.172416807168114790E-16, 0.000000000000000000 ) ) ;
#738 = SURFACE_STYLE_FILL_AREA ( #3561 ) ;
#739 = EDGE_LOOP ( 'NONE', ( #124, #3492, #1901, #3522 ) ) ;
#740 = PRESENTATION_LAYER_ASSIGNMENT (  '', '', ( #2047 ) ) ;
#741 = DIRECTION ( 'NONE',  ( -7.228014483236679792E-16, 0.000000000000000000, 1.000000000000000000 ) ) ;
#742 = MECHANICAL_DESIGN_GEOMETRIC_PRESENTATION_REPRESENTATION (  '', ( #25 ), #1304 ) ;
#743 = DIRECTION ( 'NONE',  ( 1.734723475976808672E-15, 0.000000000000000000, -1.000000000000000000 ) ) ;
#744 = FACE_OUTER_BOUND ( 'NONE', #1930, .T. ) ;
#745 = DIRECTION ( 'NONE',  ( 0.000000000000000000, -1.000000000000000000, 0.000000000000000000 ) ) ;
#746 = DIRECTION ( 'NONE',  ( 0.000000000000000000, -1.000000000000000000, 0.000000000000000000 ) ) ;
#747 = DIRECTION ( 'NONE',  ( 0.000000000000000000, 0.000000000000000000, -1.000000000000000000 ) ) ;
#748 = ORIENTED_EDGE ( 'NONE', *, *, #2924, .F. ) ;
#749 = UNCERTAINTY_MEASURE_WITH_UNIT (LENGTH_MEASURE( 1.000000000000000082E-05 ), #3048, 'distance_accuracy_value', 'NONE');
#750 = DIRECTION ( 'NONE',  ( 1.000000000000000000, 0.000000000000000000, -9.637352644315589080E-17 ) ) ;
#751 = DIRECTION ( 'NONE',  ( -1.000000000000000000, 0.000000000000000000, 0.000000000000000000 ) ) ;
#752 = SURFACE_STYLE_USAGE ( .BOTH. , #1063 ) ;
#753 = FILL_AREA_STYLE ('',( #3850 ) ) ;
#754 = ORIENTED_EDGE ( 'NONE', *, *, #1905, .F. ) ;
#755 = VECTOR ( 'NONE', #1741, 1000.000000000000000 ) ;
#756 = AXIS2_PLACEMENT_3D ( 'NONE', #2382, #1349, #2448 ) ;
#757 =( NAMED_UNIT ( * ) PLANE_ANGLE_UNIT ( ) SI_UNIT ( $, .RADIAN. ) );
#758 = CARTESIAN_POINT ( 'NONE',  ( 10.00000000000000000, 37.50000000000005684, -9.000000000000000000 ) ) ;
#759 = DIRECTION ( 'NONE',  ( 1.000000000000000000, 0.000000000000000000, 1.454933294406559718E-16 ) ) ;
#760 = SURFACE_SIDE_STYLE ('',( #3074 ) ) ;
#761 = VECTOR ( 'NONE', #3825, 1000.000000000000000 ) ;
#762 = FILL_AREA_STYLE_COLOUR ( '', #2249 ) ;
#763 = ORIENTED_EDGE ( 'NONE', *, *, #3693, .T. ) ;
#764 = ADVANCED_FACE ( 'NONE', ( #1783 ), #1414, .F. ) ;
#765 = MECHANICAL_DESIGN_GEOMETRIC_PRESENTATION_REPRESENTATION (  '', ( #3022 ), #3090 ) ;
#766 = FACE_OUTER_BOUND ( 'NONE', #4072, .T. ) ;
#767 = CARTESIAN_POINT ( 'NONE',  ( -2.773654403270999769, -160.0000000000000000, 3.899999999999999911 ) ) ;
#768 = EDGE_CURVE ( 'NONE', #426, #3762, #4116, .T. ) ;
#769 = ORIENTED_EDGE ( 'NONE', *, *, #3364, .T. ) ;
#770 = LINE ( 'NONE', #723, #1651 ) ;
#771 = SURFACE_SIDE_STYLE ('',( #4244 ) ) ;
#772 = CARTESIAN_POINT ( 'NONE',  ( -3.099999999999999645, 37.50000000000005684, -8.849999999999999645 ) ) ;
#773 = EDGE_LOOP ( 'NONE', ( #3264, #1975, #1946, #2570 ) ) ;
#774 =( NAMED_UNIT ( * ) SI_UNIT ( $, .STERADIAN. ) SOLID_ANGLE_UNIT ( ) );
#775 = PRESENTATION_STYLE_ASSIGNMENT (( #706 ) ) ;
#776 = EDGE_LOOP ( 'NONE', ( #3541, #2725, #2775, #1056 ) ) ;
#777 =( LENGTH_UNIT ( ) NAMED_UNIT ( * ) SI_UNIT ( .MILLI., .METRE. ) );
#778 =( NAMED_UNIT ( * ) SI_UNIT ( $, .STERADIAN. ) SOLID_ANGLE_UNIT ( ) );
#779 = PRESENTATION_STYLE_ASSIGNMENT (( #1111 ) ) ;
#780 =( LENGTH_UNIT ( ) NAMED_UNIT ( * ) SI_UNIT ( .MILLI., .METRE. ) );
#781 = EDGE_LOOP ( 'NONE', ( #1791, #1608, #2155, #560 ) ) ;
#782 = AXIS2_PLACEMENT_3D ( 'NONE', #237, #3019, #2692 ) ;
#783 = DIRECTION ( 'NONE',  ( -2.168404344971010446E-15, 0.000000000000000000, -1.000000000000000000 ) ) ;
#784 = CARTESIAN_POINT ( 'NONE',  ( -5.353553390593270400, -160.0000000000000000, 6.272792206135780368 ) ) ;
#785 = CIRCLE ( 'NONE', #3340, 0.4999999999999995559 ) ;
#786 = EDGE_CURVE ( 'NONE', #611, #3906, #3334, .T. ) ;
#787 = ORIENTED_EDGE ( 'NONE', *, *, #1109, .T. ) ;
#788 = UNCERTAINTY_MEASURE_WITH_UNIT (LENGTH_MEASURE( 1.000000000000000082E-05 ), #2644, 'distance_accuracy_value', 'NONE');
#789 = MECHANICAL_DESIGN_GEOMETRIC_PRESENTATION_REPRESENTATION (  '', ( #853 ), #4178 ) ;
#790 = DIRECTION ( 'NONE',  ( 0.000000000000000000, 0.000000000000000000, -1.000000000000000000 ) ) ;
#791 = EDGE_CURVE ( 'NONE', #3175, #2015, #4298, .T. ) ;
#792 = DIRECTION ( 'NONE',  ( -1.000000000000000000, 0.000000000000000000, 0.000000000000000000 ) ) ;
#793 = FILL_AREA_STYLE_COLOUR ( '', #211 ) ;
#794 = PRESENTATION_LAYER_ASSIGNMENT (  '', '', ( #2176 ) ) ;
#795 = ORIENTED_EDGE ( 'NONE', *, *, #189, .T. ) ;
#796 = DIRECTION ( 'NONE',  ( -1.000000000000000000, 0.000000000000000000, 0.000000000000000000 ) ) ;
#797 = UNCERTAINTY_MEASURE_WITH_UNIT (LENGTH_MEASURE( 1.000000000000000082E-05 ), #3342, 'distance_accuracy_value', 'NONE');
#798 = LINE ( 'NONE', #2863, #1501 ) ;
#799 = MECHANICAL_DESIGN_GEOMETRIC_PRESENTATION_REPRESENTATION (  '', ( #154 ), #1290 ) ;
#800 = CARTESIAN_POINT ( 'NONE',  ( 1.040834085586083941E-14, 160.0000000000000000, 6.938893903907229955E-15 ) ) ;
#801 = VERTEX_POINT ( 'NONE', #1529 ) ;
#802 = SURFACE_SIDE_STYLE ('',( #4279 ) ) ;
#803 =( NAMED_UNIT ( * ) SI_UNIT ( $, .STERADIAN. ) SOLID_ANGLE_UNIT ( ) );
#804 = DIRECTION ( 'NONE',  ( 0.000000000000000000, 0.000000000000000000, -1.000000000000000000 ) ) ;
#805 = COLOUR_RGB ( '',0.8941176470588234615, 0.9137254901960784048, 0.9294117647058823817 ) ;
#806 = DIRECTION ( 'NONE',  ( 0.000000000000000000, -1.000000000000000000, 0.000000000000000000 ) ) ;
#807 = FILL_AREA_STYLE_COLOUR ( '', #3272 ) ;
#808 = VERTEX_POINT ( 'NONE', #3311 ) ;
#809 = VECTOR ( 'NONE', #1078, 1000.000000000000000 ) ;
#810 = PRESENTATION_STYLE_ASSIGNMENT (( #2960 ) ) ;
#811 = DIRECTION ( 'NONE',  ( 1.172416807168114790E-16, 1.000000000000000000, 1.222436467041021059E-18 ) ) ;
#812 = CARTESIAN_POINT ( 'NONE',  ( 10.00000000000000000, -160.0000000000000000, 9.000000000000000000 ) ) ;
#813 = VERTEX_POINT ( 'NONE', #3900 ) ;
#814 = ORIENTED_EDGE ( 'NONE', *, *, #3140, .T. ) ;
#815 = MECHANICAL_DESIGN_GEOMETRIC_PRESENTATION_REPRESENTATION (  '', ( #241 ), #4355 ) ;
#816 = DIRECTION ( 'NONE',  ( 0.000000000000000000, 0.000000000000000000, 1.000000000000000000 ) ) ;
#817 =( LENGTH_UNIT ( ) NAMED_UNIT ( * ) SI_UNIT ( .MILLI., .METRE. ) );
#818 = ORIENTED_EDGE ( 'NONE', *, *, #3640, .F. ) ;
#819 = EDGE_CURVE ( 'NONE', #1386, #3901, #4319, .T. ) ;
#820 =( LENGTH_UNIT ( ) NAMED_UNIT ( * ) SI_UNIT ( .MILLI., .METRE. ) );
#821 = DIRECTION ( 'NONE',  ( 1.172416807168114790E-16, 1.000000000000000000, 1.222436467041021059E-18 ) ) ;
#822 = DIRECTION ( 'NONE',  ( 0.000000000000000000, 0.000000000000000000, 1.000000000000000000 ) ) ;
#823 = ORIENTED_EDGE ( 'NONE', *, *, #2364, .T. ) ;
#824 = ADVANCED_FACE ( 'NONE', ( #455 ), #883, .F. ) ;
#825 = SURFACE_SIDE_STYLE ('',( #3852 ) ) ;
#826 = FILL_AREA_STYLE_COLOUR ( '', #2699 ) ;
#827 = SURFACE_STYLE_USAGE ( .BOTH. , #1815 ) ;
#828 = LINE ( 'NONE', #3214, #4330 ) ;
#829 = AXIS2_PLACEMENT_3D ( 'NONE', #1560, #1586, #3008 ) ;
#830 = CIRCLE ( 'NONE', #2949, 0.9999999999999991118 ) ;
#831 = ORIENTED_EDGE ( 'NONE', *, *, #2972, .F. ) ;
#832 = LINE ( 'NONE', #538, #4192 ) ;
#833 = PRESENTATION_LAYER_ASSIGNMENT (  '', '', ( #4215 ) ) ;
#834 = SURFACE_STYLE_FILL_AREA ( #3281 ) ;
#835 = VECTOR ( 'NONE', #2263, 1000.000000000000114 ) ;
#836 = FILL_AREA_STYLE_COLOUR ( '', #2034 ) ;
#837 = SURFACE_STYLE_FILL_AREA ( #226 ) ;
#838 = EDGE_LOOP ( 'NONE', ( #3933, #171, #1435, #2859 ) ) ;
#839 = UNCERTAINTY_MEASURE_WITH_UNIT (LENGTH_MEASURE( 1.000000000000000082E-05 ), #3265, 'distance_accuracy_value', 'NONE');
#840 = FILL_AREA_STYLE ('',( #2646 ) ) ;
#841 = CARTESIAN_POINT ( 'NONE',  ( -3.127207793864275054, -160.0000000000000000, -4.046446609406749495 ) ) ;
#842 = ORIENTED_EDGE ( 'NONE', *, *, #2689, .T. ) ;
#843 = EDGE_CURVE ( 'NONE', #3427, #4162, #2950, .T. ) ;
#844 = FILL_AREA_STYLE_COLOUR ( '', #2837 ) ;
#845 = DIRECTION ( 'NONE',  ( 1.000000000000000000, 0.000000000000000000, -5.840029665304000586E-15 ) ) ;
#846 = EDGE_CURVE ( 'NONE', #2986, #1366, #4277, .T. ) ;
#847 = PLANE ( 'NONE',  #3230 ) ;
#848 = ORIENTED_EDGE ( 'NONE', *, *, #1587, .F. ) ;
#849 =( LENGTH_UNIT ( ) NAMED_UNIT ( * ) SI_UNIT ( .MILLI., .METRE. ) );
#850 = CARTESIAN_POINT ( 'NONE',  ( -8.849999999999999645, 37.50000000000006395, -3.100000000000000089 ) ) ;
#851 = PLANE ( 'NONE',  #2051 ) ;
#852 = EDGE_LOOP ( 'NONE', ( #289, #3846, #2248, #1824 ) ) ;
#853 = STYLED_ITEM ( 'NONE', ( #3517 ), #578 ) ;
#854 = CARTESIAN_POINT ( 'NONE',  ( -6.626345596729049880, -160.0000000000000000, 5.500000000000000000 ) ) ;
#855 =( GEOMETRIC_REPRESENTATION_CONTEXT ( 3 ) GLOBAL_UNCERTAINTY_ASSIGNED_CONTEXT ( ( #1411 ) ) GLOBAL_UNIT_ASSIGNED_CONTEXT ( ( #408, #1760, #1690 ) ) REPRESENTATION_CONTEXT ( 'NONE', 'WORKASPACE' ) );
#856 = DIRECTION ( 'NONE',  ( -1.000000000000000000, 0.000000000000000000, -2.628368902995175337E-16 ) ) ;
#857 = ORIENTED_EDGE ( 'NONE', *, *, #2154, .T. ) ;
#858 = VECTOR ( 'NONE', #2732, 1000.000000000000000 ) ;
#859 =( GEOMETRIC_REPRESENTATION_CONTEXT ( 3 ) GLOBAL_UNCERTAINTY_ASSIGNED_CONTEXT ( ( #1060 ) ) GLOBAL_UNIT_ASSIGNED_CONTEXT ( ( #1692, #3782, #2426 ) ) REPRESENTATION_CONTEXT ( 'NONE', 'WORKASPACE' ) );
#860 = DIRECTION ( 'NONE',  ( -0.000000000000000000, 1.000000000000000000, -0.000000000000000000 ) ) ;
#861 = FILL_AREA_STYLE ('',( #2050 ) ) ;
#862 = CARTESIAN_POINT ( 'NONE',  ( 8.849999999999999645, -160.0000000000000000, 3.600000000000000089 ) ) ;
#863 = CIRCLE ( 'NONE', #3537, 0.5000000000000000000 ) ;
#864 = CARTESIAN_POINT ( 'NONE',  ( -3.600000000000000089, 160.0000000000000000, 8.349999999999999645 ) ) ;
#865 = ORIENTED_EDGE ( 'NONE', *, *, #1250, .F. ) ;
#866 = FACE_OUTER_BOUND ( 'NONE', #4351, .T. ) ;
#867 = CIRCLE ( 'NONE', #1214, 0.4999999999999995559 ) ;
#868 = DIRECTION ( 'NONE',  ( -1.000000000000000000, 1.172416807168114790E-16, 6.672013369141571133E-16 ) ) ;
#869 =( NAMED_UNIT ( * ) SI_UNIT ( $, .STERADIAN. ) SOLID_ANGLE_UNIT ( ) );
#870 = SURFACE_SIDE_STYLE ('',( #2957 ) ) ;
#871 = ORIENTED_EDGE ( 'NONE', *, *, #3027, .T. ) ;
#872 = ADVANCED_FACE ( 'NONE', ( #2599 ), #507, .T. ) ;
#873 = VECTOR ( 'NONE', #3709, 1000.000000000000000 ) ;
#874 = DIRECTION ( 'NONE',  ( 3.416879573893720099E-15, 0.000000000000000000, 1.000000000000000000 ) ) ;
#875 = ORIENTED_EDGE ( 'NONE', *, *, #4239, .T. ) ;
#876 = VECTOR ( 'NONE', #4080, 1000.000000000000000 ) ;
#877 = SURFACE_STYLE_USAGE ( .BOTH. , #2593 ) ;
#878 = CARTESIAN_POINT ( 'NONE',  ( -9.500000000000000000, 160.0000000000000000, 3.600000000000000089 ) ) ;
#879 = VERTEX_POINT ( 'NONE', #2020 ) ;
#880 =( NAMED_UNIT ( * ) PLANE_ANGLE_UNIT ( ) SI_UNIT ( $, .RADIAN. ) );
#881 = DIRECTION ( 'NONE',  ( 0.000000000000000000, -1.000000000000000000, 0.000000000000000000 ) ) ;
#882 = AXIS2_PLACEMENT_3D ( 'NONE', #3741, #2678, #983 ) ;
#883 = CYLINDRICAL_SURFACE ( 'NONE', #4038, 2.600000000000000089 ) ;
#884 = EDGE_LOOP ( 'NONE', ( #658, #985 ) ) ;
#885 =( NAMED_UNIT ( * ) PLANE_ANGLE_UNIT ( ) SI_UNIT ( $, .RADIAN. ) );
#886 = CARTESIAN_POINT ( 'NONE',  ( 4.400000000000000355, 160.0000000000000000, 2.773654403270995328 ) ) ;
#887 =( LENGTH_UNIT ( ) NAMED_UNIT ( * ) SI_UNIT ( .MILLI., .METRE. ) );
#888 = DIRECTION ( 'NONE',  ( 1.000000000000000000, -1.172416807168114790E-16, -6.672013369141571133E-16 ) ) ;
#889 = ORIENTED_EDGE ( 'NONE', *, *, #1332, .T. ) ;
#890 = FILL_AREA_STYLE ('',( #517 ) ) ;
#891 = CIRCLE ( 'NONE', #2295, 0.5000000000000004441 ) ;
#892 =( NAMED_UNIT ( * ) PLANE_ANGLE_UNIT ( ) SI_UNIT ( $, .RADIAN. ) );
#893 = COLOUR_RGB ( '',0.8941176470588234615, 0.9137254901960784048, 0.9294117647058823817 ) ;
#894 = EDGE_CURVE ( 'NONE', #4151, #3994, #206, .T. ) ;
#895 = EDGE_LOOP ( 'NONE', ( #1642, #1725, #1636, #646 ) ) ;
#896 = EDGE_CURVE ( 'NONE', #1784, #1116, #2003, .T. ) ;
#897 = PRESENTATION_LAYER_ASSIGNMENT (  '', '', ( #4288 ) ) ;
#898 =( GEOMETRIC_REPRESENTATION_CONTEXT ( 3 ) GLOBAL_UNCERTAINTY_ASSIGNED_CONTEXT ( ( #1637 ) ) GLOBAL_UNIT_ASSIGNED_CONTEXT ( ( #1157, #757, #803 ) ) REPRESENTATION_CONTEXT ( 'NONE', 'WORKASPACE' ) );
#899 = LINE ( 'NONE', #202, #3130 ) ;
#900 = LINE ( 'NONE', #3664, #1594 ) ;
#901 = PRESENTATION_LAYER_ASSIGNMENT (  '', '', ( #615 ) ) ;
#902 = STYLED_ITEM ( 'NONE', ( #995 ), #3667 ) ;
#903 = ADVANCED_FACE ( 'NONE', ( #3669 ), #2333, .T. ) ;
#904 = ORIENTED_EDGE ( 'NONE', *, *, #922, .T. ) ;
#905 =( GEOMETRIC_REPRESENTATION_CONTEXT ( 3 ) GLOBAL_UNCERTAINTY_ASSIGNED_CONTEXT ( ( #3511 ) ) GLOBAL_UNIT_ASSIGNED_CONTEXT ( ( #4009, #188, #207 ) ) REPRESENTATION_CONTEXT ( 'NONE', 'WORKASPACE' ) );
#906 = STYLED_ITEM ( 'NONE', ( #3816 ), #3979 ) ;
#907 = CYLINDRICAL_SURFACE ( 'NONE', #2916, 0.5000000000000004441 ) ;
#908 = SURFACE_SIDE_STYLE ('',( #4013 ) ) ;
#909 = CARTESIAN_POINT ( 'NONE',  ( 5.500000000000000000, -160.0000000000000000, 8.349999999999999645 ) ) ;
#910 = ORIENTED_EDGE ( 'NONE', *, *, #846, .F. ) ;
#911 = CARTESIAN_POINT ( 'NONE',  ( -5.500000000000000000, -160.0000000000000000, -7.849999999999999645 ) ) ;
#912 = APPLICATION_CONTEXT ( 'automotive_design' ) ;
#913 = PRESENTATION_STYLE_ASSIGNMENT (( #4019 ) ) ;
#914 = SURFACE_STYLE_FILL_AREA ( #3464 ) ;
#915 = CARTESIAN_POINT ( 'NONE',  ( -4.046446609406733508, 37.50000000000005684, 3.127207793864306140 ) ) ;
#916 = ORIENTED_EDGE ( 'NONE', *, *, #1497, .T. ) ;
#917 = SURFACE_SIDE_STYLE ('',( #4368 ) ) ;
#918 = FILL_AREA_STYLE_COLOUR ( '', #1676 ) ;
#919 = ORIENTED_EDGE ( 'NONE', *, *, #222, .F. ) ;
#920 = SURFACE_SIDE_STYLE ('',( #268 ) ) ;
#921 = DIRECTION ( 'NONE',  ( 0.000000000000000000, 0.000000000000000000, -1.000000000000000000 ) ) ;
#922 = EDGE_CURVE ( 'NONE', #3851, #4263, #573, .T. ) ;
#923 = ORIENTED_EDGE ( 'NONE', *, *, #2387, .T. ) ;
#924 = CYLINDRICAL_SURFACE ( 'NONE', #3818, 0.4999999999999995559 ) ;
#925 = UNCERTAINTY_MEASURE_WITH_UNIT (LENGTH_MEASURE( 1.000000000000000082E-05 ), #3585, 'distance_accuracy_value', 'NONE');
#926 = COLOUR_RGB ( '',0.8941176470588234615, 0.9137254901960784048, 0.9294117647058823817 ) ;
#927 = EDGE_CURVE ( 'NONE', #3033, #1475, #1640, .T. ) ;
#928 = DIRECTION ( 'NONE',  ( 0.000000000000000000, -1.000000000000000000, 0.000000000000000000 ) ) ;
#929 = CARTESIAN_POINT ( 'NONE',  ( 4.046446609406749495, -160.0000000000000000, -3.127207793864275054 ) ) ;
#930 = DIRECTION ( 'NONE',  ( -5.390796614126760730E-15, 0.000000000000000000, -1.000000000000000000 ) ) ;
#931 = AXIS2_PLACEMENT_3D ( 'NONE', #379, #1384, #2809 ) ;
#932 = PRESENTATION_LAYER_ASSIGNMENT (  '', '', ( #2912 ) ) ;
#933 = ORIENTED_EDGE ( 'NONE', *, *, #927, .F. ) ;
#934 = FILL_AREA_STYLE_COLOUR ( '', #4451 ) ;
#935 = VERTEX_POINT ( 'NONE', #4338 ) ;
#936 = STYLED_ITEM ( 'NONE', ( #3712 ), #1722 ) ;
#937 = DIRECTION ( 'NONE',  ( -0.000000000000000000, 1.000000000000000000, -0.000000000000000000 ) ) ;
#938 = SURFACE_SIDE_STYLE ('',( #2658 ) ) ;
#939 = ORIENTED_EDGE ( 'NONE', *, *, #768, .F. ) ;
#940 = STYLED_ITEM ( 'NONE', ( #3205 ), #2105 ) ;
#941 = CARTESIAN_POINT ( 'NONE',  ( -8.349999999999999645, 160.0000000000000000, -5.500000000000000000 ) ) ;
#942 = VECTOR ( 'NONE', #1989, 999.9999999999998863 ) ;
#943 = ORIENTED_EDGE ( 'NONE', *, *, #569, .T. ) ;
#944 = STYLED_ITEM ( 'NONE', ( #2527 ), #2726 ) ;
#945 = DIRECTION ( 'NONE',  ( 0.000000000000000000, -1.000000000000000000, 0.000000000000000000 ) ) ;
#946 = FACE_OUTER_BOUND ( 'NONE', #3643, .T. ) ;
#947 = SURFACE_STYLE_FILL_AREA ( #4377 ) ;
#948 = LINE ( 'NONE', #909, #4385 ) ;
#949 = VECTOR ( 'NONE', #1633, 1000.000000000000000 ) ;
#950 = EDGE_CURVE ( 'NONE', #2366, #199, #3692, .T. ) ;
#951 = ORIENTED_EDGE ( 'NONE', *, *, #553, .T. ) ;
#952 = CYLINDRICAL_SURFACE ( 'NONE', #4386, 0.4999999999999995559 ) ;
#953 = STYLED_ITEM ( 'NONE', ( #1944 ), #3085 ) ;
#954 = DIRECTION ( 'NONE',  ( 0.7071067811865429098, -8.203799435715049519E-17, -0.7071067811865522357 ) ) ;
#955 = DIRECTION ( 'NONE',  ( 0.000000000000000000, -1.000000000000000000, 0.000000000000000000 ) ) ;
#956 = PRESENTATION_STYLE_ASSIGNMENT (( #243 ) ) ;
#957 = EDGE_CURVE ( 'NONE', #1711, #3883, #2307, .T. ) ;
#958 = VERTEX_POINT ( 'NONE', #4378 ) ;
#959 = EDGE_CURVE ( 'NONE', #2380, #3880, #4400, .T. ) ;
#960 = CARTESIAN_POINT ( 'NONE',  ( -5.500000000000000000, 37.50000000000005684, 6.626345596729049880 ) ) ;
#961 = CARTESIAN_POINT ( 'NONE',  ( -5.500000000000000000, 160.0000000000000000, 8.349999999999999645 ) ) ;
#962 =( NAMED_UNIT ( * ) SI_UNIT ( $, .STERADIAN. ) SOLID_ANGLE_UNIT ( ) );
#963 = CARTESIAN_POINT ( 'NONE',  ( 10.00000000000000000, 160.0000000000000000, 3.600000000000000089 ) ) ;
#964 = VERTEX_POINT ( 'NONE', #4014 ) ;
#965 = LINE ( 'NONE', #3747, #1155 ) ;
#966 = LINE ( 'NONE', #3, #949 ) ;
#967 = ORIENTED_EDGE ( 'NONE', *, *, #1333, .F. ) ;
#968 = MECHANICAL_DESIGN_GEOMETRIC_PRESENTATION_REPRESENTATION (  '', ( #42 ), #1753 ) ;
#969 = UNCERTAINTY_MEASURE_WITH_UNIT (LENGTH_MEASURE( 1.000000000000000082E-05 ), #1646, 'distance_accuracy_value', 'NONE');
#970 = SURFACE_SIDE_STYLE ('',( #3599 ) ) ;
#971 = DIRECTION ( 'NONE',  ( 0.000000000000000000, 0.000000000000000000, -1.000000000000000000 ) ) ;
#972 = STYLED_ITEM ( 'NONE', ( #437 ), #4235 ) ;
#973 = VERTEX_POINT ( 'NONE', #4051 ) ;
#974 = FILL_AREA_STYLE_COLOUR ( '', #4380 ) ;
#975 = STYLED_ITEM ( 'NONE', ( #2001 ), #4427 ) ;
#976 = VECTOR ( 'NONE', #845, 1000.000000000000000 ) ;
#977 =( LENGTH_UNIT ( ) NAMED_UNIT ( * ) SI_UNIT ( .MILLI., .METRE. ) );
#978 = EDGE_CURVE ( 'NONE', #36, #4151, #3412, .T. ) ;
#979 = ORIENTED_EDGE ( 'NONE', *, *, #2500, .F. ) ;
#980 = EDGE_CURVE ( 'NONE', #703, #4354, #948, .T. ) ;
#981 = DIRECTION ( 'NONE',  ( 0.000000000000000000, -1.000000000000000000, 0.000000000000000000 ) ) ;
#982 = PRESENTATION_STYLE_ASSIGNMENT (( #2450 ) ) ;
#983 = DIRECTION ( 'NONE',  ( -1.000000000000000000, 0.000000000000000000, 0.000000000000000000 ) ) ;
#984 = SURFACE_STYLE_FILL_AREA ( #4099 ) ;
#985 = ORIENTED_EDGE ( 'NONE', *, *, #2737, .F. ) ;
#986 = EDGE_CURVE ( 'NONE', #4158, #3757, #991, .T. ) ;
#987 = DIRECTION ( 'NONE',  ( 1.000000000000000000, 0.000000000000000000, -2.891205793294680200E-15 ) ) ;
#988 = DIRECTION ( 'NONE',  ( 0.000000000000000000, -1.000000000000000000, 0.000000000000000000 ) ) ;
#989 = VERTEX_POINT ( 'NONE', #3649 ) ;
#990 = DIRECTION ( 'NONE',  ( 0.000000000000000000, -1.000000000000000000, 0.000000000000000000 ) ) ;
#991 = LINE ( 'NONE', #2354, #2609 ) ;
#992 = ORIENTED_EDGE ( 'NONE', *, *, #980, .T. ) ;
#993 = DIRECTION ( 'NONE',  ( -1.000000000000000000, 1.172416807168114790E-16, -0.000000000000000000 ) ) ;
#994 = CARTESIAN_POINT ( 'NONE',  ( 3.600000000000000089, 160.0000000000000000, 8.349999999999999645 ) ) ;
#995 = PRESENTATION_STYLE_ASSIGNMENT (( #2078 ) ) ;
#996 = MECHANICAL_DESIGN_GEOMETRIC_PRESENTATION_REPRESENTATION (  '', ( #4450 ), #1707 ) ;
#997 = DIRECTION ( 'NONE',  ( 0.000000000000000000, 0.000000000000000000, 1.000000000000000000 ) ) ;
#998 = VERTEX_POINT ( 'NONE', #554 ) ;
#999 = CYLINDRICAL_SURFACE ( 'NONE', #2247, 0.5000000000000000000 ) ;
#1000 = VECTOR ( 'NONE', #1467, 1000.000000000000000 ) ;
#1001 = FACE_OUTER_BOUND ( 'NONE', #4157, .T. ) ;
#1002 = CARTESIAN_POINT ( 'NONE',  ( 3.600000000000000089, -160.0000000000000000, -8.349999999999999645 ) ) ;
#1003 = DIRECTION ( 'NONE',  ( 0.000000000000000000, 0.000000000000000000, 1.000000000000000000 ) ) ;
#1004 = CARTESIAN_POINT ( 'NONE',  ( 10.00000000000000000, 160.0000000000000000, 9.000000000000000000 ) ) ;
#1005 = CIRCLE ( 'NONE', #4392, 0.5000000000000004441 ) ;
#1006 = CARTESIAN_POINT ( 'NONE',  ( -6.272792206135779480, 37.50000000000005684, 5.353553390593278394 ) ) ;
#1007 = ORIENTED_EDGE ( 'NONE', *, *, #2276, .T. ) ;
#1008 = EDGE_CURVE ( 'NONE', #2152, #989, #1935, .T. ) ;
#1009 = PRESENTATION_STYLE_ASSIGNMENT (( #2037 ) ) ;
#1010 = MECHANICAL_DESIGN_GEOMETRIC_PRESENTATION_REPRESENTATION (  '', ( #940 ), #3542 ) ;
#1011 = ADVANCED_FACE ( 'NONE', ( #2829 ), #2046, .F. ) ;
#1012 = ORIENTED_EDGE ( 'NONE', *, *, #4185, .T. ) ;
#1013 = EDGE_CURVE ( 'NONE', #935, #4413, #501, .T. ) ;
#1014 = UNCERTAINTY_MEASURE_WITH_UNIT (LENGTH_MEASURE( 1.000000000000000082E-05 ), #3245, 'distance_accuracy_value', 'NONE');
#1015 = CYLINDRICAL_SURFACE ( 'NONE', #652, 0.9999999999999991118 ) ;
#1016 = VERTEX_POINT ( 'NONE', #2459 ) ;
#1017 = AXIS2_PLACEMENT_3D ( 'NONE', #1579, #3001, #273 ) ;
#1018 = DIRECTION ( 'NONE',  ( 0.000000000000000000, 0.000000000000000000, -1.000000000000000000 ) ) ;
#1019 =( NAMED_UNIT ( * ) PLANE_ANGLE_UNIT ( ) SI_UNIT ( $, .RADIAN. ) );
#1020 = LINE ( 'NONE', #296, #2143 ) ;
#1021 = VECTOR ( 'NONE', #955, 1000.000000000000000 ) ;
#1022 = VERTEX_POINT ( 'NONE', #3776 ) ;
#1023 = AXIS2_PLACEMENT_3D ( 'NONE', #2828, #3232, #816 ) ;
#1024 = PLANE ( 'NONE',  #756 ) ;
#1025 =( NAMED_UNIT ( * ) SI_UNIT ( $, .STERADIAN. ) SOLID_ANGLE_UNIT ( ) );
#1026 = CARTESIAN_POINT ( 'NONE',  ( -8.349999999999999645, -160.0000000000000000, 3.100000000000000089 ) ) ;
#1027 = SURFACE_SIDE_STYLE ('',( #2497 ) ) ;
#1028 = VECTOR ( 'NONE', #720, 1000.000000000000000 ) ;
#1029 = SURFACE_SIDE_STYLE ('',( #984 ) ) ;
#1030 = ORIENTED_EDGE ( 'NONE', *, *, #456, .T. ) ;
#1031 = ORIENTED_EDGE ( 'NONE', *, *, #1802, .T. ) ;
#1032 = EDGE_CURVE ( 'NONE', #3508, #1784, #357, .T. ) ;
#1033 = PLANE ( 'NONE',  #1838 ) ;
#1034 = MECHANICAL_DESIGN_GEOMETRIC_PRESENTATION_REPRESENTATION (  '', ( #1313 ), #3229 ) ;
#1035 = CARTESIAN_POINT ( 'NONE',  ( -9.500000000000000000, 160.0000000000000000, 3.100000000000000089 ) ) ;
#1036 = ORIENTED_EDGE ( 'NONE', *, *, #1327, .T. ) ;
#1037 = LINE ( 'NONE', #1503, #3469 ) ;
#1038 = CIRCLE ( 'NONE', #3094, 0.5000000000000004441 ) ;
#1039 = SURFACE_STYLE_FILL_AREA ( #4056 ) ;
#1040 = CARTESIAN_POINT ( 'NONE',  ( 1.040834085586083941E-14, 37.50000000000006395, -2.599999999999992983 ) ) ;
#1041 = AXIS2_PLACEMENT_3D ( 'NONE', #2094, #260, #1625 ) ;
#1042 = ORIENTED_EDGE ( 'NONE', *, *, #85, .T. ) ;
#1043 = CARTESIAN_POINT ( 'NONE',  ( 5.353553390593270400, 37.50000000000005684, 6.272792206135779480 ) ) ;
#1044 =( GEOMETRIC_REPRESENTATION_CONTEXT ( 3 ) GLOBAL_UNCERTAINTY_ASSIGNED_CONTEXT ( ( #4396 ) ) GLOBAL_UNIT_ASSIGNED_CONTEXT ( ( #820, #3870, #774 ) ) REPRESENTATION_CONTEXT ( 'NONE', 'WORKASPACE' ) );
#1045 = CARTESIAN_POINT ( 'NONE',  ( 3.100000000000000089, 37.50000000000005684, 9.500000000000000000 ) ) ;
#1046 = LINE ( 'NONE', #2102, #1752 ) ;
#1047 = SURFACE_SIDE_STYLE ('',( #3500 ) ) ;
#1048 = FACE_OUTER_BOUND ( 'NONE', #2431, .T. ) ;
#1049 = ORIENTED_EDGE ( 'NONE', *, *, #3405, .F. ) ;
#1050 = LINE ( 'NONE', #2477, #1028 ) ;
#1051 = CARTESIAN_POINT ( 'NONE',  ( 1.040834085586083941E-14, -160.0000000000000000, -2.599999999999992983 ) ) ;
#1052 = UNCERTAINTY_MEASURE_WITH_UNIT (LENGTH_MEASURE( 1.000000000000000082E-05 ), #3454, 'distance_accuracy_value', 'NONE');
#1053 = DIRECTION ( 'NONE',  ( 0.000000000000000000, -1.000000000000000000, 0.000000000000000000 ) ) ;
#1054 = DIRECTION ( 'NONE',  ( 0.000000000000000000, -1.000000000000000000, 0.000000000000000000 ) ) ;
#1055 = DIRECTION ( 'NONE',  ( -8.756003860839447778E-15, 1.222436467042047580E-18, -1.000000000000000000 ) ) ;
#1056 = ORIENTED_EDGE ( 'NONE', *, *, #427, .F. ) ;
#1057 = ORIENTED_EDGE ( 'NONE', *, *, #3557, .T. ) ;
#1058 =( NAMED_UNIT ( * ) SI_UNIT ( $, .STERADIAN. ) SOLID_ANGLE_UNIT ( ) );
#1059 = ADVANCED_FACE ( 'NONE', ( #1339 ), #3445, .F. ) ;
#1060 = UNCERTAINTY_MEASURE_WITH_UNIT (LENGTH_MEASURE( 1.000000000000000082E-05 ), #1692, 'distance_accuracy_value', 'NONE');
#1061 = FILL_AREA_STYLE_COLOUR ( '', #470 ) ;
#1062 = DIRECTION ( 'NONE',  ( -0.000000000000000000, 1.000000000000000000, -0.000000000000000000 ) ) ;
#1063 = SURFACE_SIDE_STYLE ('',( #3494 ) ) ;
#1064 = AXIS2_PLACEMENT_3D ( 'NONE', #4223, #3596, #1755 ) ;
#1065 = ORIENTED_EDGE ( 'NONE', *, *, #2832, .F. ) ;
#1066 = EDGE_CURVE ( 'NONE', #3757, #2173, #403, .T. ) ;
#1067 = AXIS2_PLACEMENT_3D ( 'NONE', #3319, #3662, #4027 ) ;
#1068 = SURFACE_SIDE_STYLE ('',( #2562 ) ) ;
#1069 = SURFACE_STYLE_FILL_AREA ( #1447 ) ;
#1070 = SURFACE_SIDE_STYLE ('',( #301 ) ) ;
#1071 = DIRECTION ( 'NONE',  ( 0.000000000000000000, -1.000000000000000000, 0.000000000000000000 ) ) ;
#1072 = EDGE_LOOP ( 'NONE', ( #2559, #4036, #3154, #1702 ) ) ;
#1073 = VECTOR ( 'NONE', #2395, 1000.000000000000000 ) ;
#1074 = MECHANICAL_DESIGN_GEOMETRIC_PRESENTATION_REPRESENTATION (  '', ( #2466 ), #3598 ) ;
#1075 = CARTESIAN_POINT ( 'NONE',  ( -7.849999999999999645, 37.50000000000006395, -5.500000000000000000 ) ) ;
#1076 = ORIENTED_EDGE ( 'NONE', *, *, #3355, .F. ) ;
#1077 = VECTOR ( 'NONE', #4317, 1000.000000000000000 ) ;
#1078 = DIRECTION ( 'NONE',  ( -1.000000000000000000, 1.172416807168114790E-16, -0.000000000000000000 ) ) ;
#1079 =( NAMED_UNIT ( * ) SI_UNIT ( $, .STERADIAN. ) SOLID_ANGLE_UNIT ( ) );
#1080 = EDGE_LOOP ( 'NONE', ( #2542, #3312, #1030, #3406 ) ) ;
#1081 = CARTESIAN_POINT ( 'NONE',  ( 7.849999999999999645, 37.50000000000005684, -5.000000000000000000 ) ) ;
#1082 = STYLED_ITEM ( 'NONE', ( #3162 ), #2096 ) ;
#1083 = SURFACE_SIDE_STYLE ('',( #2121 ) ) ;
#1084 = EDGE_CURVE ( 'NONE', #727, #4283, #4439, .T. ) ;
#1085 = FILL_AREA_STYLE_COLOUR ( '', #4170 ) ;
#1086 = ORIENTED_EDGE ( 'NONE', *, *, #1201, .T. ) ;
#1087 = CARTESIAN_POINT ( 'NONE',  ( 5.353553390593270400, -160.0000000000000000, -6.272792206135780368 ) ) ;
#1088 =( GEOMETRIC_REPRESENTATION_CONTEXT ( 3 ) GLOBAL_UNCERTAINTY_ASSIGNED_CONTEXT ( ( #382 ) ) GLOBAL_UNIT_ASSIGNED_CONTEXT ( ( #32, #1984, #1305 ) ) REPRESENTATION_CONTEXT ( 'NONE', 'WORKASPACE' ) );
#1089 = LINE ( 'NONE', #3805, #2342 ) ;
#1090 = DIRECTION ( 'NONE',  ( 0.000000000000000000, -1.000000000000000000, 0.000000000000000000 ) ) ;
#1091 = ORIENTED_EDGE ( 'NONE', *, *, #4029, .F. ) ;
#1092 = CIRCLE ( 'NONE', #4196, 0.5000000000000004441 ) ;
#1093 = CARTESIAN_POINT ( 'NONE',  ( 8.349999999999999645, 160.0000000000000000, -5.500000000000000000 ) ) ;
#1094 = SURFACE_STYLE_FILL_AREA ( #1770 ) ;
#1095 = ORIENTED_EDGE ( 'NONE', *, *, #546, .T. ) ;
#1096 =( LENGTH_UNIT ( ) NAMED_UNIT ( * ) SI_UNIT ( .MILLI., .METRE. ) );
#1097 = CARTESIAN_POINT ( 'NONE',  ( -5.500000000000000000, -160.0000000000000000, 6.626345596729049880 ) ) ;
#1098 = EDGE_LOOP ( 'NONE', ( #1229, #201, #967, #2680 ) ) ;
#1099 = UNCERTAINTY_MEASURE_WITH_UNIT (LENGTH_MEASURE( 1.000000000000000082E-05 ), #1879, 'distance_accuracy_value', 'NONE');
#1100 = PLANE ( 'NONE',  #2512 ) ;
#1101 = FILL_AREA_STYLE_COLOUR ( '', #3061 ) ;
#1102 = VECTOR ( 'NONE', #4034, 1000.000000000000000 ) ;
#1103 = AXIS2_PLACEMENT_3D ( 'NONE', #414, #3878, #108 ) ;
#1104 = VERTEX_POINT ( 'NONE', #2780 ) ;
#1105 = DIRECTION ( 'NONE',  ( -0.000000000000000000, 1.000000000000000000, -0.000000000000000000 ) ) ;
#1106 = AXIS2_PLACEMENT_3D ( 'NONE', #2343, #3047, #3974 ) ;
#1107 = STYLED_ITEM ( 'NONE', ( #1471 ), #3529 ) ;
#1108 = DIRECTION ( 'NONE',  ( 0.000000000000000000, -1.000000000000000000, 0.000000000000000000 ) ) ;
#1109 = EDGE_CURVE ( 'NONE', #3063, #1628, #716, .T. ) ;
#1110 = VECTOR ( 'NONE', #1829, 1000.000000000000114 ) ;
#1111 = SURFACE_STYLE_USAGE ( .BOTH. , #1047 ) ;
#1112 = VERTEX_POINT ( 'NONE', #2528 ) ;
#1113 = ADVANCED_FACE ( 'NONE', ( #1945 ), #3365, .T. ) ;
#1114 = CIRCLE ( 'NONE', #4070, 1.000000000000000888 ) ;
#1115 = CARTESIAN_POINT ( 'NONE',  ( -10.00000000000000000, -160.0000000000000000, 3.600000000000000089 ) ) ;
#1116 = VERTEX_POINT ( 'NONE', #772 ) ;
#1117 = EDGE_CURVE ( 'NONE', #3883, #1016, #4269, .T. ) ;
#1118 = LINE ( 'NONE', #2481, #3282 ) ;
#1119 = FILL_AREA_STYLE ('',( #724 ) ) ;
#1120 = CARTESIAN_POINT ( 'NONE',  ( 6.626345596729049880, 160.0000000000000000, 5.000000000000000000 ) ) ;
#1121 = ORIENTED_EDGE ( 'NONE', *, *, #1244, .T. ) ;
#1122 = CARTESIAN_POINT ( 'NONE',  ( -7.849999999999999645, 160.0000000000000000, -5.000000000000000000 ) ) ;
#1123 =( NAMED_UNIT ( * ) SI_UNIT ( $, .STERADIAN. ) SOLID_ANGLE_UNIT ( ) );
#1124 = DIRECTION ( 'NONE',  ( 0.000000000000000000, -1.000000000000000000, 0.000000000000000000 ) ) ;
#1125 = ORIENTED_EDGE ( 'NONE', *, *, #2865, .T. ) ;
#1126 = FACE_OUTER_BOUND ( 'NONE', #4329, .T. ) ;
#1127 = SURFACE_STYLE_FILL_AREA ( #2471 ) ;
#1128 = PLANE ( 'NONE',  #2040 ) ;
#1129 = CARTESIAN_POINT ( 'NONE',  ( -2.980761184457545010, -160.0000000000000000, -3.899999999999999911 ) ) ;
#1130 = DIRECTION ( 'NONE',  ( -1.000000000000000000, 0.000000000000000000, 8.147626448676700103E-15 ) ) ;
#1131 = ORIENTED_EDGE ( 'NONE', *, *, #2237, .T. ) ;
#1132 =( GEOMETRIC_REPRESENTATION_CONTEXT ( 3 ) GLOBAL_UNCERTAINTY_ASSIGNED_CONTEXT ( ( #3957 ) ) GLOBAL_UNIT_ASSIGNED_CONTEXT ( ( #2596, #3621, #4313 ) ) REPRESENTATION_CONTEXT ( 'NONE', 'WORKASPACE' ) );
#1133 = DIRECTION ( 'NONE',  ( -1.172416807168114790E-16, -1.000000000000000000, -1.222436467041021059E-18 ) ) ;
#1134 = AXIS2_PLACEMENT_3D ( 'NONE', #3763, #1445, #2911 ) ;
#1135 = ADVANCED_FACE ( 'NONE', ( #1500 ), #3573, .F. ) ;
#1136 = ORIENTED_EDGE ( 'NONE', *, *, #3665, .F. ) ;
#1137 = EDGE_CURVE ( 'NONE', #2830, #2152, #2317, .T. ) ;
#1138 =( GEOMETRIC_REPRESENTATION_CONTEXT ( 3 ) GLOBAL_UNCERTAINTY_ASSIGNED_CONTEXT ( ( #205 ) ) GLOBAL_UNIT_ASSIGNED_CONTEXT ( ( #780, #2172, #1742 ) ) REPRESENTATION_CONTEXT ( 'NONE', 'WORKASPACE' ) );
#1139 = AXIS2_PLACEMENT_3D ( 'NONE', #3758, #360, #1342 ) ;
#1140 = SURFACE_SIDE_STYLE ('',( #4241 ) ) ;
#1141 = CARTESIAN_POINT ( 'NONE',  ( 1.040834085586083941E-14, -160.0000000000000000, 6.938893903907229955E-15 ) ) ;
#1142 = EDGE_CURVE ( 'NONE', #4158, #935, #3867, .T. ) ;
#1143 = SURFACE_STYLE_USAGE ( .BOTH. , #2659 ) ;
#1144 = EDGE_CURVE ( 'NONE', #1104, #3901, #1457, .T. ) ;
#1145 = VECTOR ( 'NONE', #881, 1000.000000000000000 ) ;
#1146 = ORIENTED_EDGE ( 'NONE', *, *, #2415, .T. ) ;
#1147 = DIRECTION ( 'NONE',  ( 1.172416807168114790E-16, 1.000000000000000000, 1.222436467041021059E-18 ) ) ;
#1148 = UNCERTAINTY_MEASURE_WITH_UNIT (LENGTH_MEASURE( 1.000000000000000082E-05 ), #210, 'distance_accuracy_value', 'NONE');
#1149 = CARTESIAN_POINT ( 'NONE',  ( 8.849999999999999645, 37.50000000000005684, 3.600000000000000089 ) ) ;
#1150 = DIRECTION ( 'NONE',  ( -1.172416807168114790E-16, -1.000000000000000000, -1.222436467041021059E-18 ) ) ;
#1151 =( GEOMETRIC_REPRESENTATION_CONTEXT ( 3 ) GLOBAL_UNCERTAINTY_ASSIGNED_CONTEXT ( ( #1099 ) ) GLOBAL_UNIT_ASSIGNED_CONTEXT ( ( #1879, #2251, #2964 ) ) REPRESENTATION_CONTEXT ( 'NONE', 'WORKASPACE' ) );
#1152 =( LENGTH_UNIT ( ) NAMED_UNIT ( * ) SI_UNIT ( .MILLI., .METRE. ) );
#1153 = SURFACE_STYLE_USAGE ( .BOTH. , #2907 ) ;
#1154 = ORIENTED_EDGE ( 'NONE', *, *, #2012, .F. ) ;
#1155 = VECTOR ( 'NONE', #4372, 1000.000000000000000 ) ;
#1156 = CARTESIAN_POINT ( 'NONE',  ( 8.349999999999999645, -160.0000000000000000, -3.100000000000000089 ) ) ;
#1157 =( LENGTH_UNIT ( ) NAMED_UNIT ( * ) SI_UNIT ( .MILLI., .METRE. ) );
#1158 = PRESENTATION_STYLE_ASSIGNMENT (( #3902 ) ) ;
#1159 = AXIS2_PLACEMENT_3D ( 'NONE', #4121, #341, #3177 ) ;
#1160 = CARTESIAN_POINT ( 'NONE',  ( -8.349999999999999645, 160.0000000000000000, -3.100000000000000089 ) ) ;
#1161 = DIRECTION ( 'NONE',  ( -1.172416807168114790E-16, -1.000000000000000000, -1.222436467041021059E-18 ) ) ;
#1162 = ORIENTED_EDGE ( 'NONE', *, *, #2494, .T. ) ;
#1163 = MECHANICAL_DESIGN_GEOMETRIC_PRESENTATION_REPRESENTATION (  '', ( #3143 ), #3625 ) ;
#1164 = CARTESIAN_POINT ( 'NONE',  ( -3.900000000000048317, 37.50000000000005684, -2.773654403270995328 ) ) ;
#1165 = DIRECTION ( 'NONE',  ( 1.172416807168115283E-16, 1.000000000000000000, 1.222436467041021059E-18 ) ) ;
#1166 = CARTESIAN_POINT ( 'NONE',  ( 9.000000000000000000, 160.0000000000000000, -9.000000000000000000 ) ) ;
#1167 = VECTOR ( 'NONE', #443, 1000.000000000000000 ) ;
#1168 = LINE ( 'NONE', #854, #2850 ) ;
#1169 = EDGE_CURVE ( 'NONE', #1281, #248, #476, .T. ) ;
#1170 = DIRECTION ( 'NONE',  ( 0.000000000000000000, -1.000000000000000000, 0.000000000000000000 ) ) ;
#1171 = VERTEX_POINT ( 'NONE', #3422 ) ;
#1172 = FILL_AREA_STYLE ('',( #1856 ) ) ;
#1173 = ADVANCED_FACE ( 'NONE', ( #2010 ), #2082, .T. ) ;
#1174 = DIRECTION ( 'NONE',  ( 0.000000000000000000, -1.000000000000000000, 0.000000000000000000 ) ) ;
#1175 = DIRECTION ( 'NONE',  ( -0.000000000000000000, 1.000000000000000000, -0.000000000000000000 ) ) ;
#1176 = ORIENTED_EDGE ( 'NONE', *, *, #4049, .F. ) ;
#1177 = CARTESIAN_POINT ( 'NONE',  ( -3.100000000000000089, 160.0000000000000000, -8.849999999999999645 ) ) ;
#1178 = SURFACE_STYLE_USAGE ( .BOTH. , #1240 ) ;
#1179 = DIRECTION ( 'NONE',  ( -0.000000000000000000, 1.000000000000000000, -0.000000000000000000 ) ) ;
#1180 = VECTOR ( 'NONE', #3635, 1000.000000000000000 ) ;
#1181 = VECTOR ( 'NONE', #2977, 1000.000000000000000 ) ;
#1182 = ORIENTED_EDGE ( 'NONE', *, *, #23, .T. ) ;
#1183 = VECTOR ( 'NONE', #279, 1000.000000000000000 ) ;
#1184 = SURFACE_STYLE_USAGE ( .BOTH. , #1519 ) ;
#1185 = LINE ( 'NONE', #2808, #2948 ) ;
#1186 = LINE ( 'NONE', #3614, #1976 ) ;
#1187 = ORIENTED_EDGE ( 'NONE', *, *, #3505, .F. ) ;
#1188 = LINE ( 'NONE', #3934, #1948 ) ;
#1189 =( LENGTH_UNIT ( ) NAMED_UNIT ( * ) SI_UNIT ( .MILLI., .METRE. ) );
#1190 = ORIENTED_EDGE ( 'NONE', *, *, #422, .F. ) ;
#1191 = UNCERTAINTY_MEASURE_WITH_UNIT (LENGTH_MEASURE( 1.000000000000000082E-05 ), #2532, 'distance_accuracy_value', 'NONE');
#1192 = SURFACE_SIDE_STYLE ('',( #2905 ) ) ;
#1193 = CARTESIAN_POINT ( 'NONE',  ( -8.849999999999999645, -160.0000000000000000, -3.100000000000000089 ) ) ;
#1194 =( NAMED_UNIT ( * ) SI_UNIT ( $, .STERADIAN. ) SOLID_ANGLE_UNIT ( ) );
#1195 = EDGE_CURVE ( 'NONE', #294, #3851, #2430, .T. ) ;
#1196 = ORIENTED_EDGE ( 'NONE', *, *, #2076, .T. ) ;
#1197 = DIRECTION ( 'NONE',  ( 0.000000000000000000, 1.000000000000000000, 0.000000000000000000 ) ) ;
#1198 = FACE_OUTER_BOUND ( 'NONE', #2011, .T. ) ;
#1199 = FILL_AREA_STYLE_COLOUR ( '', #1675 ) ;
#1200 =( LENGTH_UNIT ( ) NAMED_UNIT ( * ) SI_UNIT ( .MILLI., .METRE. ) );
#1201 = EDGE_CURVE ( 'NONE', #1416, #1543, #2686, .T. ) ;
#1202 = ORIENTED_EDGE ( 'NONE', *, *, #2304, .T. ) ;
#1203 = CARTESIAN_POINT ( 'NONE',  ( 2.980761184457545010, -160.0000000000000000, 3.899999999999999911 ) ) ;
#1204 = CARTESIAN_POINT ( 'NONE',  ( -3.127207793864275054, 160.0000000000000000, 4.046446609406749495 ) ) ;
#1205 =( LENGTH_UNIT ( ) NAMED_UNIT ( * ) SI_UNIT ( .MILLI., .METRE. ) );
#1206 = VERTEX_POINT ( 'NONE', #1006 ) ;
#1207 = CYLINDRICAL_SURFACE ( 'NONE', #3487, 0.5000000000000004441 ) ;
#1208 = VERTEX_POINT ( 'NONE', #2060 ) ;
#1209 = MECHANICAL_DESIGN_GEOMETRIC_PRESENTATION_REPRESENTATION (  '', ( #3193 ), #3056 ) ;
#1210 = FACE_OUTER_BOUND ( 'NONE', #2097, .T. ) ;
#1211 = FACE_OUTER_BOUND ( 'NONE', #477, .T. ) ;
#1212 = CARTESIAN_POINT ( 'NONE',  ( 8.349999999999999645, 160.0000000000000000, -3.600000000000000089 ) ) ;
#1213 = FACE_OUTER_BOUND ( 'NONE', #599, .T. ) ;
#1214 = AXIS2_PLACEMENT_3D ( 'NONE', #1894, #130, #1491 ) ;
#1215 = PRESENTATION_LAYER_ASSIGNMENT (  '', '', ( #2456 ) ) ;
#1216 = SURFACE_SIDE_STYLE ('',( #170 ) ) ;
#1217 = ORIENTED_EDGE ( 'NONE', *, *, #4424, .T. ) ;
#1218 = CARTESIAN_POINT ( 'NONE',  ( -5.500000000000000000, 160.0000000000000000, 6.626345596729049880 ) ) ;
#1219 = MECHANICAL_DESIGN_GEOMETRIC_PRESENTATION_REPRESENTATION (  '', ( #2761 ), #2031 ) ;
#1220 = EDGE_CURVE ( 'NONE', #3620, #1849, #3075, .T. ) ;
#1221 = FILL_AREA_STYLE ('',( #826 ) ) ;
#1222 = AXIS2_PLACEMENT_3D ( 'NONE', #2690, #655, #2417 ) ;
#1223 = PRESENTATION_STYLE_ASSIGNMENT (( #4305 ) ) ;
#1224 = VERTEX_POINT ( 'NONE', #4412 ) ;
#1225 = MECHANICAL_DESIGN_GEOMETRIC_PRESENTATION_REPRESENTATION (  '', ( #11 ), #292 ) ;
#1226 = CYLINDRICAL_SURFACE ( 'NONE', #2628, 0.4999999999999995559 ) ;
#1227 =( LENGTH_UNIT ( ) NAMED_UNIT ( * ) SI_UNIT ( .MILLI., .METRE. ) );
#1228 = PRESENTATION_STYLE_ASSIGNMENT (( #2962 ) ) ;
#1229 = ORIENTED_EDGE ( 'NONE', *, *, #1635, .F. ) ;
#1230 = VECTOR ( 'NONE', #2870, 1000.000000000000000 ) ;
#1231 = EDGE_CURVE ( 'NONE', #3120, #2787, #3126, .T. ) ;
#1232 = LINE ( 'NONE', #138, #4258 ) ;
#1233 = VECTOR ( 'NONE', #3296, 1000.000000000000000 ) ;
#1234 = CYLINDRICAL_SURFACE ( 'NONE', #2635, 0.4999999999999995559 ) ;
#1235 = EDGE_LOOP ( 'NONE', ( #2420, #715, #3279, #3956 ) ) ;
#1236 = LINE ( 'NONE', #190, #2988 ) ;
#1237 = DIRECTION ( 'NONE',  ( -1.172416807168114790E-16, -1.000000000000000000, -1.222436467041021059E-18 ) ) ;
#1238 = DIRECTION ( 'NONE',  ( -6.672013369141571133E-16, 1.222436467041099252E-18, -1.000000000000000000 ) ) ;
#1239 = ORIENTED_EDGE ( 'NONE', *, *, #2297, .F. ) ;
#1240 = SURFACE_SIDE_STYLE ('',( #4342 ) ) ;
#1241 =( NAMED_UNIT ( * ) SI_UNIT ( $, .STERADIAN. ) SOLID_ANGLE_UNIT ( ) );
#1242 = DIRECTION ( 'NONE',  ( 0.000000000000000000, 0.000000000000000000, -1.000000000000000000 ) ) ;
#1243 = VERTEX_POINT ( 'NONE', #3742 ) ;
#1244 = EDGE_CURVE ( 'NONE', #3096, #4118, #644, .T. ) ;
#1245 = DIRECTION ( 'NONE',  ( 0.7071067811865441310, 0.000000000000000000, -0.7071067811865510144 ) ) ;
#1246 = AXIS2_PLACEMENT_3D ( 'NONE', #1528, #1600, #3580 ) ;
#1247 = FACE_OUTER_BOUND ( 'NONE', #629, .T. ) ;
#1248 = CIRCLE ( 'NONE', #2432, 0.5000000000000004441 ) ;
#1249 = ORIENTED_EDGE ( 'NONE', *, *, #2613, .F. ) ;
#1250 = EDGE_CURVE ( 'NONE', #2648, #3729, #1994, .T. ) ;
#1251 = CARTESIAN_POINT ( 'NONE',  ( -7.849999999999999645, 37.50000000000006395, 5.000000000000000000 ) ) ;
#1252 = VECTOR ( 'NONE', #492, 1000.000000000000000 ) ;
#1253 = MECHANICAL_DESIGN_GEOMETRIC_PRESENTATION_REPRESENTATION (  '', ( #615 ), #3791 ) ;
#1254 = ORIENTED_EDGE ( 'NONE', *, *, #220, .F. ) ;
#1255 = DIRECTION ( 'NONE',  ( -1.172416807168114790E-16, -1.000000000000000000, -1.222436467041021059E-18 ) ) ;
#1256 = AXIS2_PLACEMENT_3D ( 'NONE', #1404, #3409, #2041 ) ;
#1257 = LINE ( 'NONE', #1212, #4184 ) ;
#1258 =( NAMED_UNIT ( * ) PLANE_ANGLE_UNIT ( ) SI_UNIT ( $, .RADIAN. ) );
#1259 = DIRECTION ( 'NONE',  ( -1.000000000000000000, 0.000000000000000000, 1.796932204708914853E-15 ) ) ;
#1260 = ORIENTED_EDGE ( 'NONE', *, *, #485, .F. ) ;
#1261 = FILL_AREA_STYLE ('',( #2310 ) ) ;
#1262 = CARTESIAN_POINT ( 'NONE',  ( 5.499999999999995559, 37.50000000000005684, 6.626345596729049880 ) ) ;
#1263 = PRESENTATION_STYLE_ASSIGNMENT (( #1965 ) ) ;
#1264 = EDGE_LOOP ( 'NONE', ( #3661, #244, #1517, #2360 ) ) ;
#1265 = SURFACE_STYLE_FILL_AREA ( #2701 ) ;
#1266 = PLANE ( 'NONE',  #1103 ) ;
#1267 = CARTESIAN_POINT ( 'NONE',  ( 8.850000000000003197, 37.50000000000005684, -3.099999999999999645 ) ) ;
#1268 = VERTEX_POINT ( 'NONE', #4124 ) ;
#1269 = ADVANCED_FACE ( 'NONE', ( #3440 ), #3789, .T. ) ;
#1270 = SURFACE_SIDE_STYLE ('',( #4105 ) ) ;
#1271 = EDGE_LOOP ( 'NONE', ( #3701, #2089, #875, #3470 ) ) ;
#1272 = UNCERTAINTY_MEASURE_WITH_UNIT (LENGTH_MEASURE( 1.000000000000000082E-05 ), #2142, 'distance_accuracy_value', 'NONE');
#1273 = COLOUR_RGB ( '',0.8941176470588234615, 0.9137254901960784048, 0.9294117647058823817 ) ;
#1274 = DIRECTION ( 'NONE',  ( 0.000000000000000000, -1.000000000000000000, 0.000000000000000000 ) ) ;
#1275 = EDGE_CURVE ( 'NONE', #3819, #3910, #2198, .T. ) ;
#1276 = CARTESIAN_POINT ( 'NONE',  ( -3.600000000000000089, -160.0000000000000000, -8.849999999999999645 ) ) ;
#1277 = ADVANCED_FACE ( 'NONE', ( #1048 ), #3223, .T. ) ;
#1278 = DIRECTION ( 'NONE',  ( 0.000000000000000000, -1.222436467041021059E-18, 1.000000000000000000 ) ) ;
#1279 = COLOUR_RGB ( '',0.8941176470588234615, 0.9137254901960784048, 0.9294117647058823817 ) ;
#1280 = VECTOR ( 'NONE', #2216, 1000.000000000000000 ) ;
#1281 = VERTEX_POINT ( 'NONE', #3480 ) ;
#1282 = DIRECTION ( 'NONE',  ( 0.000000000000000000, 0.000000000000000000, -1.000000000000000000 ) ) ;
#1283 = VECTOR ( 'NONE', #1558, 1000.000000000000000 ) ;
#1284 = PRESENTATION_LAYER_ASSIGNMENT (  '', '', ( #719 ) ) ;
#1285 = CARTESIAN_POINT ( 'NONE',  ( 5.353553390593273953, 37.50000000000005684, -6.272792206135777704 ) ) ;
#1286 = CARTESIAN_POINT ( 'NONE',  ( 2.773654403270995328, 160.0000000000000000, 4.400000000000000355 ) ) ;
#1287 = ORIENTED_EDGE ( 'NONE', *, *, #116, .F. ) ;
#1288 = PRESENTATION_LAYER_ASSIGNMENT (  '', '', ( #2757 ) ) ;
#1289 = DIRECTION ( 'NONE',  ( -1.000000000000000000, 1.172416807168114790E-16, 3.544145044833980197E-15 ) ) ;
#1290 =( GEOMETRIC_REPRESENTATION_CONTEXT ( 3 ) GLOBAL_UNCERTAINTY_ASSIGNED_CONTEXT ( ( #166 ) ) GLOBAL_UNIT_ASSIGNED_CONTEXT ( ( #3231, #3842, #2138 ) ) REPRESENTATION_CONTEXT ( 'NONE', 'WORKASPACE' ) );
#1291 = CYLINDRICAL_SURFACE ( 'NONE', #1106, 0.4999999999999995559 ) ;
#1292 = CARTESIAN_POINT ( 'NONE',  ( -2.773654403270995328, 37.50000000000005684, -4.400000000000000355 ) ) ;
#1293 = EDGE_LOOP ( 'NONE', ( #979, #2614, #4139, #2738 ) ) ;
#1294 = MECHANICAL_DESIGN_GEOMETRIC_PRESENTATION_REPRESENTATION (  '', ( #1969 ), #1658 ) ;
#1295 = ORIENTED_EDGE ( 'NONE', *, *, #1008, .T. ) ;
#1296 = AXIS2_PLACEMENT_3D ( 'NONE', #3333, #242, #4365 ) ;
#1297 =( NAMED_UNIT ( * ) SI_UNIT ( $, .STERADIAN. ) SOLID_ANGLE_UNIT ( ) );
#1298 = CARTESIAN_POINT ( 'NONE',  ( -9.000000000000000000, 160.0000000000000000, 9.000000000000000000 ) ) ;
#1299 = ADVANCED_FACE ( 'NONE', ( #2130 ), #1399, .T. ) ;
#1300 = SURFACE_STYLE_USAGE ( .BOTH. , #4318 ) ;
#1301 = CARTESIAN_POINT ( 'NONE',  ( 10.00000000000000000, 37.50000000000005684, -3.600000000000000089 ) ) ;
#1302 = ORIENTED_EDGE ( 'NONE', *, *, #3944, .T. ) ;
#1303 = EDGE_CURVE ( 'NONE', #2376, #727, #863, .T. ) ;
#1304 =( GEOMETRIC_REPRESENTATION_CONTEXT ( 3 ) GLOBAL_UNCERTAINTY_ASSIGNED_CONTEXT ( ( #2531 ) ) GLOBAL_UNIT_ASSIGNED_CONTEXT ( ( #1402, #374, #350 ) ) REPRESENTATION_CONTEXT ( 'NONE', 'WORKASPACE' ) );
#1305 =( NAMED_UNIT ( * ) SI_UNIT ( $, .STERADIAN. ) SOLID_ANGLE_UNIT ( ) );
#1306 = FILL_AREA_STYLE ('',( #4366 ) ) ;
#1307 = VERTEX_POINT ( 'NONE', #4282 ) ;
#1308 = CARTESIAN_POINT ( 'NONE',  ( 10.00000000000000000, -160.0000000000000000, -3.600000000000000089 ) ) ;
#1309 = DIRECTION ( 'NONE',  ( -1.000000000000000000, 0.000000000000000000, 0.000000000000000000 ) ) ;
#1310 = DIRECTION ( 'NONE',  ( 1.172416807168114790E-16, 1.000000000000000000, 1.222436467041021059E-18 ) ) ;
#1311 =( NAMED_UNIT ( * ) SI_UNIT ( $, .STERADIAN. ) SOLID_ANGLE_UNIT ( ) );
#1312 = ORIENTED_EDGE ( 'NONE', *, *, #343, .F. ) ;
#1313 = STYLED_ITEM ( 'NONE', ( #1485 ), #3724 ) ;
#1314 = COLOUR_RGB ( '',0.8941176470588234615, 0.9137254901960784048, 0.9294117647058823817 ) ;
#1315 = ORIENTED_EDGE ( 'NONE', *, *, #4398, .T. ) ;
#1316 =( GEOMETRIC_REPRESENTATION_CONTEXT ( 3 ) GLOBAL_UNCERTAINTY_ASSIGNED_CONTEXT ( ( #4132 ) ) GLOBAL_UNIT_ASSIGNED_CONTEXT ( ( #151, #736, #4164 ) ) REPRESENTATION_CONTEXT ( 'NONE', 'WORKASPACE' ) );
#1317 = UNCERTAINTY_MEASURE_WITH_UNIT (LENGTH_MEASURE( 1.000000000000000082E-05 ), #3017, 'distance_accuracy_value', 'NONE');
#1318 = CARTESIAN_POINT ( 'NONE',  ( 2.773654403270995328, 37.50000000000005684, 4.400000000000000355 ) ) ;
#1319 = CIRCLE ( 'NONE', #1922, 0.5000000000000004441 ) ;
#1320 = STYLED_ITEM ( 'NONE', ( #3897 ), #3720 ) ;
#1321 = PLANE ( 'NONE',  #679 ) ;
#1322 = CARTESIAN_POINT ( 'NONE',  ( 5.500000000000000000, 160.0000000000000000, 8.349999999999999645 ) ) ;
#1323 = EDGE_LOOP ( 'NONE', ( #4270, #3373, #4440, #3172 ) ) ;
#1324 =( LENGTH_UNIT ( ) NAMED_UNIT ( * ) SI_UNIT ( .MILLI., .METRE. ) );
#1325 = FACE_OUTER_BOUND ( 'NONE', #1733, .T. ) ;
#1326 = PLANE ( 'NONE',  #3653 ) ;
#1327 = EDGE_CURVE ( 'NONE', #67, #1416, #176, .T. ) ;
#1328 = DIRECTION ( 'NONE',  ( 0.000000000000000000, 0.000000000000000000, 1.000000000000000000 ) ) ;
#1329 = ORIENTED_EDGE ( 'NONE', *, *, #516, .F. ) ;
#1330 = CYLINDRICAL_SURFACE ( 'NONE', #4292, 0.5000000000000004441 ) ;
#1331 = CARTESIAN_POINT ( 'NONE',  ( -5.000000000000000000, 37.50000000000005684, 7.849999999999999645 ) ) ;
#1332 = EDGE_CURVE ( 'NONE', #2015, #964, #2752, .T. ) ;
#1333 = EDGE_CURVE ( 'NONE', #351, #67, #3657, .T. ) ;
#1334 = ORIENTED_EDGE ( 'NONE', *, *, #1412, .T. ) ;
#1335 = CARTESIAN_POINT ( 'NONE',  ( -9.000000000000000000, 37.50000000000006395, 10.00000000000000000 ) ) ;
#1336 = ORIENTED_EDGE ( 'NONE', *, *, #1169, .T. ) ;
#1337 =( NAMED_UNIT ( * ) PLANE_ANGLE_UNIT ( ) SI_UNIT ( $, .RADIAN. ) );
#1338 = PRESENTATION_STYLE_ASSIGNMENT (( #1300 ) ) ;
#1339 = FACE_OUTER_BOUND ( 'NONE', #838, .T. ) ;
#1340 = VERTEX_POINT ( 'NONE', #1516 ) ;
#1341 = VECTOR ( 'NONE', #257, 1000.000000000000000 ) ;
#1342 = DIRECTION ( 'NONE',  ( 0.000000000000000000, 0.000000000000000000, -1.000000000000000000 ) ) ;
#1343 = FILL_AREA_STYLE_COLOUR ( '', #3507 ) ;
#1344 = VECTOR ( 'NONE', #117, 1000.000000000000000 ) ;
#1345 = VECTOR ( 'NONE', #1962, 1000.000000000000000 ) ;
#1346 = ORIENTED_EDGE ( 'NONE', *, *, #2605, .T. ) ;
#1347 = VECTOR ( 'NONE', #1720, 1000.000000000000000 ) ;
#1348 = ADVANCED_FACE ( 'NONE', ( #3631 ), #3270, .T. ) ;
#1349 = DIRECTION ( 'NONE',  ( 2.168404344971010446E-15, 0.000000000000000000, -1.000000000000000000 ) ) ;
#1350 =( NAMED_UNIT ( * ) SI_UNIT ( $, .STERADIAN. ) SOLID_ANGLE_UNIT ( ) );
#1351 =( NAMED_UNIT ( * ) PLANE_ANGLE_UNIT ( ) SI_UNIT ( $, .RADIAN. ) );
#1352 = FILL_AREA_STYLE_COLOUR ( '', #1877 ) ;
#1353 = ORIENTED_EDGE ( 'NONE', *, *, #846, .T. ) ;
#1354 = EDGE_CURVE ( 'NONE', #879, #4228, #1713, .T. ) ;
#1355 = FILL_AREA_STYLE_COLOUR ( '', #1819 ) ;
#1356 = ORIENTED_EDGE ( 'NONE', *, *, #3324, .T. ) ;
#1357 = EDGE_CURVE ( 'NONE', #3880, #3096, #722, .T. ) ;
#1358 = UNCERTAINTY_MEASURE_WITH_UNIT (LENGTH_MEASURE( 1.000000000000000082E-05 ), #2256, 'distance_accuracy_value', 'NONE');
#1359 = FILL_AREA_STYLE_COLOUR ( '', #512 ) ;
#1360 =( NAMED_UNIT ( * ) PLANE_ANGLE_UNIT ( ) SI_UNIT ( $, .RADIAN. ) );
#1361 = SURFACE_STYLE_FILL_AREA ( #3756 ) ;
#1362 = VERTEX_POINT ( 'NONE', #3315 ) ;
#1363 = AXIS2_PLACEMENT_3D ( 'NONE', #1141, #3208, #1776 ) ;
#1364 = PLANE ( 'NONE',  #2656 ) ;
#1365 = STYLED_ITEM ( 'NONE', ( #1009 ), #2871 ) ;
#1366 = VERTEX_POINT ( 'NONE', #3588 ) ;
#1367 = CARTESIAN_POINT ( 'NONE',  ( 9.500000000000000000, 160.0000000000000000, -3.600000000000000089 ) ) ;
#1368 = MECHANICAL_DESIGN_GEOMETRIC_PRESENTATION_REPRESENTATION (  '', ( #2493 ), #4200 ) ;
#1369 = DIRECTION ( 'NONE',  ( 0.000000000000000000, -1.000000000000000000, 0.000000000000000000 ) ) ;
#1370 = LINE ( 'NONE', #2789, #2997 ) ;
#1371 = FACE_OUTER_BOUND ( 'NONE', #3042, .T. ) ;
#1372 = PLANE ( 'NONE',  #2795 ) ;
#1373 = VERTEX_POINT ( 'NONE', #2241 ) ;
#1374 = EDGE_CURVE ( 'NONE', #3930, #1208, #4328, .T. ) ;
#1375 = LINE ( 'NONE', #3793, #1724 ) ;
#1376 = CARTESIAN_POINT ( 'NONE',  ( -10.00000000000000000, 160.0000000000000000, -9.000000000000000000 ) ) ;
#1377 = EDGE_CURVE ( 'NONE', #3710, #3503, #867, .T. ) ;
#1378 = ORIENTED_EDGE ( 'NONE', *, *, #2187, .F. ) ;
#1379 = LINE ( 'NONE', #2803, #3755 ) ;
#1380 = CYLINDRICAL_SURFACE ( 'NONE', #3002, 0.5000000000000000000 ) ;
#1381 = DIRECTION ( 'NONE',  ( 5.840029665303990330E-15, 0.000000000000000000, 1.000000000000000000 ) ) ;
#1382 = STYLED_ITEM ( 'NONE', ( #642 ), #4130 ) ;
#1383 = EDGE_CURVE ( 'NONE', #1016, #2152, #2028, .T. ) ;
#1384 = DIRECTION ( 'NONE',  ( 0.000000000000000000, 1.000000000000000000, 0.000000000000000000 ) ) ;
#1385 = COLOUR_RGB ( '',0.8941176470588234615, 0.9137254901960784048, 0.9294117647058823817 ) ;
#1386 = VERTEX_POINT ( 'NONE', #3929 ) ;
#1387 = ORIENTED_EDGE ( 'NONE', *, *, #1013, .F. ) ;
#1388 = CARTESIAN_POINT ( 'NONE',  ( 3.099999999999999645, 37.50000000000005684, 8.849999999999999645 ) ) ;
#1389 = AXIS2_PLACEMENT_3D ( 'NONE', #12, #315, #750 ) ;
#1390 = PRESENTATION_LAYER_ASSIGNMENT (  '', '', ( #317 ) ) ;
#1391 = CARTESIAN_POINT ( 'NONE',  ( -5.500000000000000000, 160.0000000000000000, -6.419238815542509968 ) ) ;
#1392 = FILL_AREA_STYLE ('',( #384 ) ) ;
#1393 = DIRECTION ( 'NONE',  ( 2.891205793294685327E-15, 0.000000000000000000, -1.000000000000000000 ) ) ;
#1394 = STYLED_ITEM ( 'NONE', ( #3920 ), #4346 ) ;
#1395 = ORIENTED_EDGE ( 'NONE', *, *, #1084, .F. ) ;
#1396 = DIRECTION ( 'NONE',  ( -1.000000000000000000, 0.000000000000000000, 0.000000000000000000 ) ) ;
#1397 = DIRECTION ( 'NONE',  ( 1.172416807168114790E-16, 1.000000000000000000, 1.222436467041021059E-18 ) ) ;
#1398 = SURFACE_STYLE_USAGE ( .BOTH. , #1027 ) ;
#1399 = PLANE ( 'NONE',  #2842 ) ;
#1400 = ORIENTED_EDGE ( 'NONE', *, *, #3035, .F. ) ;
#1401 =( NAMED_UNIT ( * ) SI_UNIT ( $, .STERADIAN. ) SOLID_ANGLE_UNIT ( ) );
#1402 =( LENGTH_UNIT ( ) NAMED_UNIT ( * ) SI_UNIT ( .MILLI., .METRE. ) );
#1403 = EDGE_LOOP ( 'NONE', ( #4131, #2529, #1614, #4444 ) ) ;
#1404 = CARTESIAN_POINT ( 'NONE',  ( 0.000000000000000000, 0.000000000000000000, 0.000000000000000000 ) ) ;
#1405 = EDGE_CURVE ( 'NONE', #3735, #4228, #828, .T. ) ;
#1406 = LINE ( 'NONE', #423, #1797 ) ;
#1407 = SURFACE_STYLE_FILL_AREA ( #518 ) ;
#1408 = EDGE_CURVE ( 'NONE', #4436, #1698, #510, .T. ) ;
#1409 = ORIENTED_EDGE ( 'NONE', *, *, #367, .T. ) ;
#1410 = SURFACE_STYLE_USAGE ( .BOTH. , #405 ) ;
#1411 = UNCERTAINTY_MEASURE_WITH_UNIT (LENGTH_MEASURE( 1.000000000000000082E-05 ), #408, 'distance_accuracy_value', 'NONE');
#1412 = EDGE_CURVE ( 'NONE', #4375, #3883, #352, .T. ) ;
#1413 = DIRECTION ( 'NONE',  ( 0.000000000000000000, -1.000000000000000000, 0.000000000000000000 ) ) ;
#1414 = CYLINDRICAL_SURFACE ( 'NONE', #1417, 0.4999999999999995559 ) ;
#1415 = STYLED_ITEM ( 'NONE', ( #2558 ), #872 ) ;
#1416 = VERTEX_POINT ( 'NONE', #3579 ) ;
#1417 = AXIS2_PLACEMENT_3D ( 'NONE', #3873, #1709, #4442 ) ;
#1418 = VECTOR ( 'NONE', #3345, 1000.000000000000000 ) ;
#1419 = SURFACE_STYLE_USAGE ( .BOTH. , #1068 ) ;
#1420 = DIRECTION ( 'NONE',  ( 0.000000000000000000, -1.000000000000000000, 0.000000000000000000 ) ) ;
#1421 = DIRECTION ( 'NONE',  ( 0.000000000000000000, 0.000000000000000000, 1.000000000000000000 ) ) ;
#1422 = SURFACE_STYLE_FILL_AREA ( #3879 ) ;
#1423 = ORIENTED_EDGE ( 'NONE', *, *, #1354, .F. ) ;
#1424 = PRESENTATION_LAYER_ASSIGNMENT (  '', '', ( #2836 ) ) ;
#1425 = VECTOR ( 'NONE', #1890, 1000.000000000000000 ) ;
#1426 = PLANE ( 'NONE',  #3134 ) ;
#1427 = VECTOR ( 'NONE', #1170, 1000.000000000000000 ) ;
#1428 = AXIS2_PLACEMENT_3D ( 'NONE', #381, #3128, #4137 ) ;
#1429 = CARTESIAN_POINT ( 'NONE',  ( -10.00000000000000000, -160.0000000000000000, 9.000000000000000000 ) ) ;
#1430 = ORIENTED_EDGE ( 'NONE', *, *, #54, .F. ) ;
#1431 = VECTOR ( 'NONE', #1413, 1000.000000000000000 ) ;
#1432 = DIRECTION ( 'NONE',  ( -2.168404344971010446E-15, 0.000000000000000000, -1.000000000000000000 ) ) ;
#1433 = LINE ( 'NONE', #2857, #2489 ) ;
#1434 = STYLED_ITEM ( 'NONE', ( #1950 ), #1937 ) ;
#1435 = ORIENTED_EDGE ( 'NONE', *, *, #2154, .F. ) ;
#1436 = PLANE ( 'NONE',  #1064 ) ;
#1437 = MECHANICAL_DESIGN_GEOMETRIC_PRESENTATION_REPRESENTATION (  '', ( #3069 ), #156 ) ;
#1438 = EDGE_CURVE ( 'NONE', #1340, #1510, #798, .T. ) ;
#1439 = CARTESIAN_POINT ( 'NONE',  ( -9.000000000000000000, 37.50000000000006395, -9.000000000000000000 ) ) ;
#1440 = CYLINDRICAL_SURFACE ( 'NONE', #2285, 0.4999999999999995559 ) ;
#1441 =( LENGTH_UNIT ( ) NAMED_UNIT ( * ) SI_UNIT ( .MILLI., .METRE. ) );
#1442 = VECTOR ( 'NONE', #1610, 1000.000000000000000 ) ;
#1443 = EDGE_CURVE ( 'NONE', #1849, #1206, #2253, .T. ) ;
#1444 = ORIENTED_EDGE ( 'NONE', *, *, #4152, .F. ) ;
#1445 = DIRECTION ( 'NONE',  ( -0.000000000000000000, 1.000000000000000000, -0.000000000000000000 ) ) ;
#1446 = PRESENTATION_LAYER_ASSIGNMENT (  '', '', ( #2632 ) ) ;
#1447 = FILL_AREA_STYLE ('',( #87 ) ) ;
#1448 = SURFACE_STYLE_USAGE ( .BOTH. , #2170 ) ;
#1449 =( LENGTH_UNIT ( ) NAMED_UNIT ( * ) SI_UNIT ( .MILLI., .METRE. ) );
#1450 = ORIENTED_EDGE ( 'NONE', *, *, #1905, .T. ) ;
#1451 = COLOUR_RGB ( '',0.8941176470588234615, 0.9137254901960784048, 0.9294117647058823817 ) ;
#1452 = FILL_AREA_STYLE_COLOUR ( '', #2923 ) ;
#1453 = VECTOR ( 'NONE', #4388, 1000.000000000000000 ) ;
#1454 = LINE ( 'NONE', #812, #3633 ) ;
#1455 = SURFACE_STYLE_FILL_AREA ( #93 ) ;
#1456 = LINE ( 'NONE', #4219, #2773 ) ;
#1457 = LINE ( 'NONE', #1481, #1951 ) ;
#1458 = VERTEX_POINT ( 'NONE', #2188 ) ;
#1459 = DIRECTION ( 'NONE',  ( 0.000000000000000000, -1.000000000000000000, 0.000000000000000000 ) ) ;
#1460 = UNCERTAINTY_MEASURE_WITH_UNIT (LENGTH_MEASURE( 1.000000000000000082E-05 ), #2728, 'distance_accuracy_value', 'NONE');
#1461 = FACE_OUTER_BOUND ( 'NONE', #4006, .T. ) ;
#1462 = CARTESIAN_POINT ( 'NONE',  ( 5.000000000000000000, 37.50000000000005684, -7.849999999999999645 ) ) ;
#1463 = COLOUR_RGB ( '',0.8941176470588234615, 0.9137254901960784048, 0.9294117647058823817 ) ;
#1464 = MECHANICAL_DESIGN_GEOMETRIC_PRESENTATION_REPRESENTATION (  '', ( #311 ), #110 ) ;
#1465 = FILL_AREA_STYLE_COLOUR ( '', #1273 ) ;
#1466 = EDGE_LOOP ( 'NONE', ( #4371, #608, #3687, #2345 ) ) ;
#1467 = DIRECTION ( 'NONE',  ( -0.000000000000000000, 1.000000000000000000, -0.000000000000000000 ) ) ;
#1468 = AXIS2_PLACEMENT_3D ( 'NONE', #342, #2742, #19 ) ;
#1469 = COLOUR_RGB ( '',0.8941176470588234615, 0.9137254901960784048, 0.9294117647058823817 ) ;
#1470 = EDGE_CURVE ( 'NONE', #2391, #2110, #2464, .T. ) ;
#1471 = PRESENTATION_STYLE_ASSIGNMENT (( #1419 ) ) ;
#1472 = CARTESIAN_POINT ( 'NONE',  ( 5.500000000000000000, -160.0000000000000000, -7.849999999999999645 ) ) ;
#1473 = DIRECTION ( 'NONE',  ( -0.7071067811865430208, 8.203799435715050752E-17, 0.7071067811865521247 ) ) ;
#1474 = COLOUR_RGB ( '',0.8941176470588234615, 0.9137254901960784048, 0.9294117647058823817 ) ;
#1475 = VERTEX_POINT ( 'NONE', #3553 ) ;
#1476 = EDGE_CURVE ( 'NONE', #2225, #508, #1794, .T. ) ;
#1477 = FACE_OUTER_BOUND ( 'NONE', #1072, .T. ) ;
#1478 = CARTESIAN_POINT ( 'NONE',  ( -10.00000000000000000, 37.50000000000006395, 3.600000000000000089 ) ) ;
#1479 = VERTEX_POINT ( 'NONE', #3259 ) ;
#1480 = CARTESIAN_POINT ( 'NONE',  ( -9.500000000000000000, -160.0000000000000000, -3.600000000000000089 ) ) ;
#1481 = CARTESIAN_POINT ( 'NONE',  ( -5.500000000000000000, -160.0000000000000000, 8.349999999999999645 ) ) ;
#1482 = VERTEX_POINT ( 'NONE', #454 ) ;
#1483 = LINE ( 'NONE', #2903, #1955 ) ;
#1484 = CARTESIAN_POINT ( 'NONE',  ( 10.00000000000000000, 37.50000000000005684, 3.599999999999999201 ) ) ;
#1485 = PRESENTATION_STYLE_ASSIGNMENT (( #752 ) ) ;
#1486 = SURFACE_STYLE_FILL_AREA ( #2885 ) ;
#1487 = ORIENTED_EDGE ( 'NONE', *, *, #1900, .T. ) ;
#1488 = PRESENTATION_STYLE_ASSIGNMENT (( #458 ) ) ;
#1489 = SURFACE_STYLE_FILL_AREA ( #535 ) ;
#1490 = CARTESIAN_POINT ( 'NONE',  ( -3.899999999999999911, 160.0000000000000000, 2.980761184457580093 ) ) ;
#1491 = DIRECTION ( 'NONE',  ( -1.000000000000000000, 0.000000000000000000, 0.000000000000000000 ) ) ;
#1492 = VERTEX_POINT ( 'NONE', #2209 ) ;
#1493 = VECTOR ( 'NONE', #2455, 1000.000000000000000 ) ;
#1494 = CARTESIAN_POINT ( 'NONE',  ( 6.272792206135780368, 160.0000000000000000, -5.353553390593270400 ) ) ;
#1495 =( LENGTH_UNIT ( ) NAMED_UNIT ( * ) SI_UNIT ( .MILLI., .METRE. ) );
#1496 = AXIS2_PLACEMENT_3D ( 'NONE', #3681, #1853, #1589 ) ;
#1497 = EDGE_CURVE ( 'NONE', #3236, #3112, #428, .T. ) ;
#1498 = LINE ( 'NONE', #3570, #1963 ) ;
#1499 = CARTESIAN_POINT ( 'NONE',  ( 10.00000000000000000, 160.0000000000000000, -9.000000000000000000 ) ) ;
#1500 = FACE_OUTER_BOUND ( 'NONE', #431, .T. ) ;
#1501 = VECTOR ( 'NONE', #2144, 1000.000000000000000 ) ;
#1502 = EDGE_LOOP ( 'NONE', ( #3768, #3467, #1796, #2579, #4211, #1249, #3015, #2270, #1554, #1065, #1444, #567, #2073, #910, #698, #4336, #2350, #3790, #1860, #4125, #2708, #1967, #3138, #1677, #1576, #1400, #404, #4113, #3298, #3840, #2754, #3322, #4172, #3658, #271, #1925, #1312, #3186, #672, #4415, #2897, #3555, #3451, #2760, #2941, #3218, #3526, #1260, #2199, #3548, #303, #2508, #49, #2866, #2642, #4084, #3203, #2277, #708, #1562, #3088, #933, #3257, #1239, #2503, #3515, #4063, #3396, #3271, #3715, #3650, #4384, #4047, #2202, #542, #135, #4306, #1091, #2283, #2951, #3460, #2385, #3874, #3306, #131, #312, #1378 ) ) ;
#1503 = CARTESIAN_POINT ( 'NONE',  ( 9.000000000000000000, 160.0000000000000000, 10.00000000000000000 ) ) ;
#1504 = UNCERTAINTY_MEASURE_WITH_UNIT (LENGTH_MEASURE( 1.000000000000000082E-05 ), #2637, 'distance_accuracy_value', 'NONE');
#1505 = DIRECTION ( 'NONE',  ( -1.000000000000000000, 0.000000000000000000, 2.168404344971010446E-15 ) ) ;
#1506 = SURFACE_SIDE_STYLE ('',( #3985 ) ) ;
#1507 = AXIS2_PLACEMENT_3D ( 'NONE', #3663, #2942, #523 ) ;
#1508 = SURFACE_STYLE_USAGE ( .BOTH. , #908 ) ;
#1509 = PRESENTATION_STYLE_ASSIGNMENT (( #532 ) ) ;
#1510 = VERTEX_POINT ( 'NONE', #2834 ) ;
#1511 = AXIS2_PLACEMENT_3D ( 'NONE', #2433, #4149, #3837 ) ;
#1512 = LINE ( 'NONE', #84, #1425 ) ;
#1513 = DIRECTION ( 'NONE',  ( 0.000000000000000000, -1.000000000000000000, 0.000000000000000000 ) ) ;
#1514 = VECTOR ( 'NONE', #1694, 1000.000000000000000 ) ;
#1515 = SURFACE_STYLE_USAGE ( .BOTH. , #3992 ) ;
#1516 = CARTESIAN_POINT ( 'NONE',  ( 3.899999999999999911, -160.0000000000000000, -2.773654403270999769 ) ) ;
#1517 = ORIENTED_EDGE ( 'NONE', *, *, #2917, .F. ) ;
#1518 = PRESENTATION_LAYER_ASSIGNMENT (  '', '', ( #4194 ) ) ;
#1519 = SURFACE_SIDE_STYLE ('',( #1897 ) ) ;
#1520 = AXIS2_PLACEMENT_3D ( 'NONE', #3255, #2204, #424 ) ;
#1521 = ORIENTED_EDGE ( 'NONE', *, *, #2250, .F. ) ;
#1522 = DIRECTION ( 'NONE',  ( -6.672013369141571133E-16, 1.222436467041099252E-18, -1.000000000000000000 ) ) ;
#1523 = DIRECTION ( 'NONE',  ( 0.000000000000000000, 0.000000000000000000, 1.000000000000000000 ) ) ;
#1524 = ADVANCED_FACE ( 'NONE', ( #3520 ), #1805, .T. ) ;
#1525 = ORIENTED_EDGE ( 'NONE', *, *, #3610, .F. ) ;
#1526 = LINE ( 'NONE', #2575, #1110 ) ;
#1527 = DIRECTION ( 'NONE',  ( 0.000000000000000000, 0.000000000000000000, -1.000000000000000000 ) ) ;
#1528 = CARTESIAN_POINT ( 'NONE',  ( 2.773654403270995328, 37.50000000000005684, -4.400000000000000355 ) ) ;
#1529 = CARTESIAN_POINT ( 'NONE',  ( -3.600000000000000089, -160.0000000000000000, 10.00000000000000000 ) ) ;
#1530 = ORIENTED_EDGE ( 'NONE', *, *, #116, .T. ) ;
#1531 = LINE ( 'NONE', #3556, #1280 ) ;
#1532 = COLOUR_RGB ( '',0.8941176470588234615, 0.9137254901960784048, 0.9294117647058823817 ) ;
#1533 = CARTESIAN_POINT ( 'NONE',  ( 5.500000000000000000, -160.0000000000000000, -7.849999999999999645 ) ) ;
#1534 = CARTESIAN_POINT ( 'NONE',  ( 9.500000000000003553, 37.50000000000005684, 3.099999999999999645 ) ) ;
#1535 = COLOUR_RGB ( '',0.8941176470588234615, 0.9137254901960784048, 0.9294117647058823817 ) ;
#1536 = COLOUR_RGB ( '',0.8941176470588234615, 0.9137254901960784048, 0.9294117647058823817 ) ;
#1537 = EDGE_LOOP ( 'NONE', ( #4106, #2744, #754, #3666 ) ) ;
#1538 = AXIS2_PLACEMENT_3D ( 'NONE', #2845, #759, #88 ) ;
#1539 = VECTOR ( 'NONE', #1369, 1000.000000000000000 ) ;
#1540 =( NAMED_UNIT ( * ) SI_UNIT ( $, .STERADIAN. ) SOLID_ANGLE_UNIT ( ) );
#1541 = LINE ( 'NONE', #56, #3786 ) ;
#1542 = SURFACE_SIDE_STYLE ('',( #1561 ) ) ;
#1543 = VERTEX_POINT ( 'NONE', #1484 ) ;
#1544 = VECTOR ( 'NONE', #3646, 1000.000000000000000 ) ;
#1545 = DIRECTION ( 'NONE',  ( 0.000000000000000000, 1.000000000000000000, 0.000000000000000000 ) ) ;
#1546 =( GEOMETRIC_REPRESENTATION_CONTEXT ( 3 ) GLOBAL_UNCERTAINTY_ASSIGNED_CONTEXT ( ( #3079 ) ) GLOBAL_UNIT_ASSIGNED_CONTEXT ( ( #435, #2516, #3220 ) ) REPRESENTATION_CONTEXT ( 'NONE', 'WORKASPACE' ) );
#1547 = DIRECTION ( 'NONE',  ( -0.000000000000000000, 1.000000000000000000, -0.000000000000000000 ) ) ;
#1548 = VERTEX_POINT ( 'NONE', #80 ) ;
#1549 = FILL_AREA_STYLE ('',( #2278 ) ) ;
#1550 = EDGE_CURVE ( 'NONE', #973, #4283, #2847, .T. ) ;
#1551 = UNCERTAINTY_MEASURE_WITH_UNIT (LENGTH_MEASURE( 1.000000000000000082E-05 ), #144, 'distance_accuracy_value', 'NONE');
#1552 = LINE ( 'NONE', #2993, #1077 ) ;
#1553 = FILL_AREA_STYLE_COLOUR ( '', #2794 ) ;
#1554 = ORIENTED_EDGE ( 'NONE', *, *, #2179, .F. ) ;
#1555 = DIRECTION ( 'NONE',  ( 0.000000000000000000, 0.000000000000000000, 1.000000000000000000 ) ) ;
#1556 = CARTESIAN_POINT ( 'NONE',  ( -6.626345596729059650, 37.50000000000006395, -5.500000000000000000 ) ) ;
#1557 = CARTESIAN_POINT ( 'NONE',  ( 6.272792206135780368, -160.0000000000000000, 5.353553390593270400 ) ) ;
#1558 = DIRECTION ( 'NONE',  ( -0.000000000000000000, 1.000000000000000000, -0.000000000000000000 ) ) ;
#1559 = ORIENTED_EDGE ( 'NONE', *, *, #1710, .F. ) ;
#1560 = CARTESIAN_POINT ( 'NONE',  ( -3.600000000000000089, 37.50000000000005684, 9.500000000000000000 ) ) ;
#1561 = SURFACE_STYLE_FILL_AREA ( #200 ) ;
#1562 = ORIENTED_EDGE ( 'NONE', *, *, #1929, .F. ) ;
#1563 = AXIS2_PLACEMENT_3D ( 'NONE', #3291, #148, #930 ) ;
#1564 = CIRCLE ( 'NONE', #3673, 0.5000000000000004441 ) ;
#1565 = SURFACE_STYLE_FILL_AREA ( #4266 ) ;
#1566 = STYLED_ITEM ( 'NONE', ( #2072 ), #1059 ) ;
#1567 = VERTEX_POINT ( 'NONE', #3849 ) ;
#1568 = VECTOR ( 'NONE', #2409, 1000.000000000000000 ) ;
#1569 = STYLED_ITEM ( 'NONE', ( #1488 ), #314 ) ;
#1570 = CARTESIAN_POINT ( 'NONE',  ( 9.000000000000000000, -160.0000000000000000, -10.00000000000000000 ) ) ;
#1571 = CYLINDRICAL_SURFACE ( 'NONE', #693, 0.9999999999999991118 ) ;
#1572 = DIRECTION ( 'NONE',  ( -0.000000000000000000, 1.000000000000000000, -0.000000000000000000 ) ) ;
#1573 = CARTESIAN_POINT ( 'NONE',  ( 6.626345596729049880, -160.0000000000000000, 5.000000000000000000 ) ) ;
#1574 = COLOUR_RGB ( '',0.8941176470588234615, 0.9137254901960784048, 0.9294117647058823817 ) ;
#1575 = CARTESIAN_POINT ( 'NONE',  ( 3.099999999999999645, 37.50000000000005684, -9.500000000000000000 ) ) ;
#1576 = ORIENTED_EDGE ( 'NONE', *, *, #1550, .F. ) ;
#1577 = EDGE_CURVE ( 'NONE', #1022, #3033, #3202, .T. ) ;
#1578 = DIRECTION ( 'NONE',  ( 2.168404344971010446E-15, 0.000000000000000000, 1.000000000000000000 ) ) ;
#1579 = CARTESIAN_POINT ( 'NONE',  ( 5.000000000000000000, 37.50000000000005684, 6.626345596729049880 ) ) ;
#1580 = EDGE_CURVE ( 'NONE', #1961, #998, #1648, .T. ) ;
#1581 = DIRECTION ( 'NONE',  ( 0.000000000000000000, 0.000000000000000000, -1.000000000000000000 ) ) ;
#1582 = MECHANICAL_DESIGN_GEOMETRIC_PRESENTATION_REPRESENTATION (  '', ( #4399 ), #14 ) ;
#1583 = VERTEX_POINT ( 'NONE', #1193 ) ;
#1584 = AXIS2_PLACEMENT_3D ( 'NONE', #3785, #2496, #2844 ) ;
#1585 = CARTESIAN_POINT ( 'NONE',  ( -4.400000000000000355, -160.0000000000000000, 2.773654403271025082 ) ) ;
#1586 = DIRECTION ( 'NONE',  ( -1.172416807168114790E-16, -1.000000000000000000, -1.222436467041021059E-18 ) ) ;
#1587 = EDGE_CURVE ( 'NONE', #2959, #3151, #4010, .T. ) ;
#1588 = CARTESIAN_POINT ( 'NONE',  ( 5.000000000000000000, 37.50000000000005684, -6.626345596729049880 ) ) ;
#1589 = DIRECTION ( 'NONE',  ( -0.7071067811865431318, 0.000000000000000000, 0.7071067811865520136 ) ) ;
#1590 = ORIENTED_EDGE ( 'NONE', *, *, #585, .T. ) ;
#1591 = AXIS2_PLACEMENT_3D ( 'NONE', #1480, #2139, #3843 ) ;
#1592 = SURFACE_SIDE_STYLE ('',( #1455 ) ) ;
#1593 = LINE ( 'NONE', #473, #3978 ) ;
#1594 = VECTOR ( 'NONE', #547, 1000.000000000000000 ) ;
#1595 = ORIENTED_EDGE ( 'NONE', *, *, #222, .T. ) ;
#1596 = STYLED_ITEM ( 'NONE', ( #183 ), #2797 ) ;
#1597 = PRESENTATION_STYLE_ASSIGNMENT (( #3688 ) ) ;
#1598 = UNCERTAINTY_MEASURE_WITH_UNIT (LENGTH_MEASURE( 1.000000000000000082E-05 ), #2543, 'distance_accuracy_value', 'NONE');
#1599 = CARTESIAN_POINT ( 'NONE',  ( -3.127207793864275054, -160.0000000000000000, 4.046446609406749495 ) ) ;
#1600 = DIRECTION ( 'NONE',  ( 1.172416807168114790E-16, 1.000000000000000000, 1.222436467041021059E-18 ) ) ;
#1601 = AXIS2_PLACEMENT_3D ( 'NONE', #1588, #1873, #3636 ) ;
#1602 = SURFACE_STYLE_USAGE ( .BOTH. , #2375 ) ;
#1603 = ORIENTED_EDGE ( 'NONE', *, *, #3858, .T. ) ;
#1604 = DIRECTION ( 'NONE',  ( -1.000000000000000000, 0.000000000000000000, 0.000000000000000000 ) ) ;
#1605 = LINE ( 'NONE', #173, #1681 ) ;
#1606 = MANIFOLD_SOLID_BREP ( '\X2\52079664\X0\-\X2\62c94f38\X0\2', #4321 ) ;
#1607 = CARTESIAN_POINT ( 'NONE',  ( -2.980761184457545010, -160.0000000000000000, -3.899999999999999911 ) ) ;
#1608 = ORIENTED_EDGE ( 'NONE', *, *, #2890, .T. ) ;
#1609 = EDGE_CURVE ( 'NONE', #331, #3112, #3960, .T. ) ;
#1610 = DIRECTION ( 'NONE',  ( 0.000000000000000000, 0.000000000000000000, -1.000000000000000000 ) ) ;
#1611 = CARTESIAN_POINT ( 'NONE',  ( 8.349999999999999645, 160.0000000000000000, -3.100000000000000089 ) ) ;
#1612 = CARTESIAN_POINT ( 'NONE',  ( 6.626345596729049880, -160.0000000000000000, -5.500000000000000000 ) ) ;
#1613 = DIRECTION ( 'NONE',  ( 0.000000000000000000, 1.000000000000000000, 0.000000000000000000 ) ) ;
#1614 = ORIENTED_EDGE ( 'NONE', *, *, #791, .T. ) ;
#1615 = PRESENTATION_LAYER_ASSIGNMENT (  '', '', ( #112 ) ) ;
#1616 = STYLED_ITEM ( 'NONE', ( #2007 ), #3483 ) ;
#1617 = CARTESIAN_POINT ( 'NONE',  ( -5.000000000000000000, -160.0000000000000000, 6.626345596729049880 ) ) ;
#1618 = MECHANICAL_DESIGN_GEOMETRIC_PRESENTATION_REPRESENTATION (  '', ( #3097 ), #2804 ) ;
#1619 = ORIENTED_EDGE ( 'NONE', *, *, #3324, .F. ) ;
#1620 = CARTESIAN_POINT ( 'NONE',  ( 5.500000000000000000, -160.0000000000000000, 6.626345596729049880 ) ) ;
#1621 =( LENGTH_UNIT ( ) NAMED_UNIT ( * ) SI_UNIT ( .MILLI., .METRE. ) );
#1622 = CARTESIAN_POINT ( 'NONE',  ( -8.349999999999999645, -160.0000000000000000, -5.500000000000000000 ) ) ;
#1623 = EDGE_LOOP ( 'NONE', ( #1696, #1086, #375, #3608 ) ) ;
#1624 = SURFACE_SIDE_STYLE ('',( #2335 ) ) ;
#1625 = DIRECTION ( 'NONE',  ( 0.000000000000000000, 0.000000000000000000, -1.000000000000000000 ) ) ;
#1626 = SURFACE_SIDE_STYLE ('',( #914 ) ) ;
#1627 =( LENGTH_UNIT ( ) NAMED_UNIT ( * ) SI_UNIT ( .MILLI., .METRE. ) );
#1628 = VERTEX_POINT ( 'NONE', #1599 ) ;
#1629 = SURFACE_STYLE_FILL_AREA ( #695 ) ;
#1630 = ORIENTED_EDGE ( 'NONE', *, *, #3746, .F. ) ;
#1631 = EDGE_CURVE ( 'NONE', #1475, #3941, #3018, .T. ) ;
#1632 =( NAMED_UNIT ( * ) SI_UNIT ( $, .STERADIAN. ) SOLID_ANGLE_UNIT ( ) );
#1633 = DIRECTION ( 'NONE',  ( 1.000000000000000000, -1.172416807168114790E-16, 0.000000000000000000 ) ) ;
#1634 = MECHANICAL_DESIGN_GEOMETRIC_PRESENTATION_REPRESENTATION (  '', ( #2456 ), #3682 ) ;
#1635 = EDGE_CURVE ( 'NONE', #2079, #142, #1236, .T. ) ;
#1636 = ORIENTED_EDGE ( 'NONE', *, *, #2500, .T. ) ;
#1637 = UNCERTAINTY_MEASURE_WITH_UNIT (LENGTH_MEASURE( 1.000000000000000082E-05 ), #1157, 'distance_accuracy_value', 'NONE');
#1638 = PRESENTATION_LAYER_ASSIGNMENT (  '', '', ( #2018 ) ) ;
#1639 = DIRECTION ( 'NONE',  ( 0.000000000000000000, -1.000000000000000000, 0.000000000000000000 ) ) ;
#1640 = LINE ( 'NONE', #3041, #3124 ) ;
#1641 =( GEOMETRIC_REPRESENTATION_CONTEXT ( 3 ) GLOBAL_UNCERTAINTY_ASSIGNED_CONTEXT ( ( #1148 ) ) GLOBAL_UNIT_ASSIGNED_CONTEXT ( ( #210, #4419, #3062 ) ) REPRESENTATION_CONTEXT ( 'NONE', 'WORKASPACE' ) );
#1642 = ORIENTED_EDGE ( 'NONE', *, *, #4160, .T. ) ;
#1643 = MECHANICAL_DESIGN_GEOMETRIC_PRESENTATION_REPRESENTATION (  '', ( #2174 ), #718 ) ;
#1644 = PRESENTATION_LAYER_ASSIGNMENT (  '', '', ( #2099 ) ) ;
#1645 = CARTESIAN_POINT ( 'NONE',  ( -3.100000000000000089, 37.50000000000005684, 8.849999999999999645 ) ) ;
#1646 =( LENGTH_UNIT ( ) NAMED_UNIT ( * ) SI_UNIT ( .MILLI., .METRE. ) );
#1647 = ORIENTED_EDGE ( 'NONE', *, *, #1842, .T. ) ;
#1648 = CIRCLE ( 'NONE', #2400, 1.000000000000000888 ) ;
#1649 = CARTESIAN_POINT ( 'NONE',  ( 8.849999999999999645, 160.0000000000000000, -3.100000000000000089 ) ) ;
#1650 = CARTESIAN_POINT ( 'NONE',  ( 3.899999999999999911, -160.0000000000000000, -2.980761184457545010 ) ) ;
#1651 = VECTOR ( 'NONE', #3168, 999.9999999999998863 ) ;
#1652 = SURFACE_STYLE_FILL_AREA ( #3157 ) ;
#1653 = FACE_BOUND ( 'NONE', #4, .T. ) ;
#1654 = DIRECTION ( 'NONE',  ( -1.172416807168114790E-16, -1.000000000000000000, -1.222436467041021059E-18 ) ) ;
#1655 = ORIENTED_EDGE ( 'NONE', *, *, #1142, .T. ) ;
#1656 = PRESENTATION_STYLE_ASSIGNMENT (( #3685 ) ) ;
#1657 = LINE ( 'NONE', #3458, #3426 ) ;
#1658 =( GEOMETRIC_REPRESENTATION_CONTEXT ( 3 ) GLOBAL_UNCERTAINTY_ASSIGNED_CONTEXT ( ( #38 ) ) GLOBAL_UNIT_ASSIGNED_CONTEXT ( ( #849, #3611, #1540 ) ) REPRESENTATION_CONTEXT ( 'NONE', 'WORKASPACE' ) );
#1659 = EDGE_LOOP ( 'NONE', ( #618, #4052, #3370, #3379 ) ) ;
#1660 = MECHANICAL_DESIGN_GEOMETRIC_PRESENTATION_REPRESENTATION (  '', ( #4194 ), #1973 ) ;
#1661 = EDGE_CURVE ( 'NONE', #409, #2110, #2645, .T. ) ;
#1662 = CARTESIAN_POINT ( 'NONE',  ( 3.600000000000000089, 37.50000000000005684, 8.349999999999999645 ) ) ;
#1663 = DIRECTION ( 'NONE',  ( -1.796932204708914853E-15, 0.000000000000000000, -1.000000000000000000 ) ) ;
#1664 = AXIS2_PLACEMENT_3D ( 'NONE', #4030, #4004, #921 ) ;
#1665 = ORIENTED_EDGE ( 'NONE', *, *, #2494, .F. ) ;
#1666 = LINE ( 'NONE', #3107, #1863 ) ;
#1667 = EDGE_CURVE ( 'NONE', #2446, #2000, #1257, .T. ) ;
#1668 = VECTOR ( 'NONE', #4169, 1000.000000000000000 ) ;
#1669 = VERTEX_POINT ( 'NONE', #596 ) ;
#1670 = DIRECTION ( 'NONE',  ( -1.000000000000000000, 0.000000000000000000, 0.000000000000000000 ) ) ;
#1671 =( NAMED_UNIT ( * ) PLANE_ANGLE_UNIT ( ) SI_UNIT ( $, .RADIAN. ) );
#1672 =( LENGTH_UNIT ( ) NAMED_UNIT ( * ) SI_UNIT ( .MILLI., .METRE. ) );
#1673 = ORIENTED_EDGE ( 'NONE', *, *, #162, .T. ) ;
#1674 = PRESENTATION_LAYER_ASSIGNMENT (  '', '', ( #906 ) ) ;
#1675 = COLOUR_RGB ( '',0.8941176470588234615, 0.9137254901960784048, 0.9294117647058823817 ) ;
#1676 = COLOUR_RGB ( '',0.8941176470588234615, 0.9137254901960784048, 0.9294117647058823817 ) ;
#1677 = ORIENTED_EDGE ( 'NONE', *, *, #3164, .F. ) ;
#1678 =( GEOMETRIC_REPRESENTATION_CONTEXT ( 3 ) GLOBAL_UNCERTAINTY_ASSIGNED_CONTEXT ( ( #376 ) ) GLOBAL_UNIT_ASSIGNED_CONTEXT ( ( #3739, #340, #3477 ) ) REPRESENTATION_CONTEXT ( 'NONE', 'WORKASPACE' ) );
#1679 = CYLINDRICAL_SURFACE ( 'NONE', #3829, 0.9999999999999991118 ) ;
#1680 = STYLED_ITEM ( 'NONE', ( #79 ), #4421 ) ;
#1681 = VECTOR ( 'NONE', #1891, 1000.000000000000000 ) ;
#1682 = CARTESIAN_POINT ( 'NONE',  ( 6.626345596729049880, 37.50000000000005684, 5.500000000000000000 ) ) ;
#1683 =( NAMED_UNIT ( * ) SI_UNIT ( $, .STERADIAN. ) SOLID_ANGLE_UNIT ( ) );
#1684 = EDGE_CURVE ( 'NONE', #3151, #3508, #1005, .T. ) ;
#1685 = VERTEX_POINT ( 'NONE', #145 ) ;
#1686 = DIRECTION ( 'NONE',  ( -0.000000000000000000, 1.000000000000000000, -0.000000000000000000 ) ) ;
#1687 = PRODUCT_DEFINITION_FORMATION_WITH_SPECIFIED_SOURCE ( '‰ª', '', #1833, .NOT_KNOWN. ) ;
#1688 = VECTOR ( 'NONE', #678, 1000.000000000000000 ) ;
#1689 =( NAMED_UNIT ( * ) PLANE_ANGLE_UNIT ( ) SI_UNIT ( $, .RADIAN. ) );
#1690 =( NAMED_UNIT ( * ) SI_UNIT ( $, .STERADIAN. ) SOLID_ANGLE_UNIT ( ) );
#1691 = ORIENTED_EDGE ( 'NONE', *, *, #1667, .T. ) ;
#1692 =( LENGTH_UNIT ( ) NAMED_UNIT ( * ) SI_UNIT ( .MILLI., .METRE. ) );
#1693 = CARTESIAN_POINT ( 'NONE',  ( 9.000000000000000000, 160.0000000000000000, -10.00000000000000000 ) ) ;
#1694 = DIRECTION ( 'NONE',  ( -1.000000000000000000, 0.000000000000000000, 2.168404344971010446E-15 ) ) ;
#1695 = SURFACE_SIDE_STYLE ('',( #1652 ) ) ;
#1696 = ORIENTED_EDGE ( 'NONE', *, *, #4001, .F. ) ;
#1697 = DIRECTION ( 'NONE',  ( -1.000000000000000000, 0.000000000000000000, 0.000000000000000000 ) ) ;
#1698 = VERTEX_POINT ( 'NONE', #2667 ) ;
#1699 = FILL_AREA_STYLE_COLOUR ( '', #2332 ) ;
#1700 = CARTESIAN_POINT ( 'NONE',  ( 3.899999999999999911, 160.0000000000000000, -2.980761184457545010 ) ) ;
#1701 = DIRECTION ( 'NONE',  ( -0.000000000000000000, 1.000000000000000000, -0.000000000000000000 ) ) ;
#1702 = ORIENTED_EDGE ( 'NONE', *, *, #1842, .F. ) ;
#1703 = COLOUR_RGB ( '',0.8941176470588234615, 0.9137254901960784048, 0.9294117647058823817 ) ;
#1704 = CARTESIAN_POINT ( 'NONE',  ( -6.626345596729059650, -160.0000000000000000, -5.500000000000000000 ) ) ;
#1705 = DIRECTION ( 'NONE',  ( 1.000000000000000000, 0.000000000000000000, 2.628368902995180761E-16 ) ) ;
#1706 = CARTESIAN_POINT ( 'NONE',  ( -6.272792206135780368, -160.0000000000000000, -5.353553390593270400 ) ) ;
#1707 =( GEOMETRIC_REPRESENTATION_CONTEXT ( 3 ) GLOBAL_UNCERTAINTY_ASSIGNED_CONTEXT ( ( #4272 ) ) GLOBAL_UNIT_ASSIGNED_CONTEXT ( ( #4112, #310, #1683 ) ) REPRESENTATION_CONTEXT ( 'NONE', 'WORKASPACE' ) );
#1708 = AXIS2_PLACEMENT_3D ( 'NONE', #1837, #2952, #2867 ) ;
#1709 = DIRECTION ( 'NONE',  ( 0.000000000000000000, 1.000000000000000000, 0.000000000000000000 ) ) ;
#1710 = EDGE_CURVE ( 'NONE', #500, #2468, #1552, .T. ) ;
#1711 = VERTEX_POINT ( 'NONE', #2622 ) ;
#1712 = CARTESIAN_POINT ( 'NONE',  ( 3.600000000000000089, 37.50000000000005684, 9.500000000000000000 ) ) ;
#1713 = CIRCLE ( 'NONE', #348, 0.5000000000000004441 ) ;
#1714 = COLOUR_RGB ( '',0.8941176470588234615, 0.9137254901960784048, 0.9294117647058823817 ) ;
#1715 = ADVANCED_FACE ( 'NONE', ( #2576 ), #907, .T. ) ;
#1716 = CARTESIAN_POINT ( 'NONE',  ( 4.046446609406749495, 160.0000000000000000, 3.127207793864275054 ) ) ;
#1717 = CARTESIAN_POINT ( 'NONE',  ( 3.100000000000000089, -160.0000000000000000, 9.500000000000000000 ) ) ;
#1718 =( NAMED_UNIT ( * ) PLANE_ANGLE_UNIT ( ) SI_UNIT ( $, .RADIAN. ) );
#1719 = VECTOR ( 'NONE', #928, 1000.000000000000000 ) ;
#1720 = DIRECTION ( 'NONE',  ( -1.000000000000000000, 1.172416807168114790E-16, 6.672013369141571133E-16 ) ) ;
#1721 = ORIENTED_EDGE ( 'NONE', *, *, #1117, .T. ) ;
#1722 = ADVANCED_FACE ( 'NONE', ( #3103 ), #1015, .T. ) ;
#1723 = CYLINDRICAL_SURFACE ( 'NONE', #670, 0.4999999999999995559 ) ;
#1724 = VECTOR ( 'NONE', #1769, 1000.000000000000000 ) ;
#1725 = ORIENTED_EDGE ( 'NONE', *, *, #3637, .T. ) ;
#1726 = UNCERTAINTY_MEASURE_WITH_UNIT (LENGTH_MEASURE( 1.000000000000000082E-05 ), #3040, 'distance_accuracy_value', 'NONE');
#1727 = DIRECTION ( 'NONE',  ( -2.695398307063375237E-15, 0.000000000000000000, 1.000000000000000000 ) ) ;
#1728 = MECHANICAL_DESIGN_GEOMETRIC_PRESENTATION_REPRESENTATION (  '', ( #4053 ), #3139 ) ;
#1729 = SURFACE_STYLE_FILL_AREA ( #3394 ) ;
#1730 =( NAMED_UNIT ( * ) PLANE_ANGLE_UNIT ( ) SI_UNIT ( $, .RADIAN. ) );
#1731 = SURFACE_STYLE_USAGE ( .BOTH. , #680 ) ;
#1732 = ORIENTED_EDGE ( 'NONE', *, *, #1577, .T. ) ;
#1733 = EDGE_LOOP ( 'NONE', ( #3868, #537, #2980, #4395 ) ) ;
#1734 = CIRCLE ( 'NONE', #1017, 0.4999999999999952260 ) ;
#1735 = CARTESIAN_POINT ( 'NONE',  ( 8.349999999999999645, -160.0000000000000000, 5.000000000000000000 ) ) ;
#1736 = UNCERTAINTY_MEASURE_WITH_UNIT (LENGTH_MEASURE( 1.000000000000000082E-05 ), #4213, 'distance_accuracy_value', 'NONE');
#1737 = DIRECTION ( 'NONE',  ( 0.000000000000000000, -1.000000000000000000, 0.000000000000000000 ) ) ;
#1738 =( NAMED_UNIT ( * ) PLANE_ANGLE_UNIT ( ) SI_UNIT ( $, .RADIAN. ) );
#1739 = VERTEX_POINT ( 'NONE', #3080 ) ;
#1740 = LINE ( 'NONE', #3133, #3695 ) ;
#1741 = DIRECTION ( 'NONE',  ( 1.000000000000000000, 0.000000000000000000, 2.891205793294685327E-15 ) ) ;
#1742 =( NAMED_UNIT ( * ) SI_UNIT ( $, .STERADIAN. ) SOLID_ANGLE_UNIT ( ) );
#1743 = ORIENTED_EDGE ( 'NONE', *, *, #3250, .T. ) ;
#1744 = EDGE_CURVE ( 'NONE', #1171, #149, #2337, .T. ) ;
#1745 = FILL_AREA_STYLE_COLOUR ( '', #361 ) ;
#1746 = CARTESIAN_POINT ( 'NONE',  ( -6.626345596729059650, 160.0000000000000000, -5.000000000000000000 ) ) ;
#1747 = ADVANCED_FACE ( 'NONE', ( #946 ), #1679, .T. ) ;
#1748 = ORIENTED_EDGE ( 'NONE', *, *, #2012, .T. ) ;
#1749 = EDGE_CURVE ( 'NONE', #2768, #465, #725, .T. ) ;
#1750 = CARTESIAN_POINT ( 'NONE',  ( -5.500000000000000000, 160.0000000000000000, 8.349999999999999645 ) ) ;
#1751 = DIRECTION ( 'NONE',  ( 0.000000000000000000, 1.000000000000000000, 0.000000000000000000 ) ) ;
#1752 = VECTOR ( 'NONE', #4145, 1000.000000000000000 ) ;
#1753 =( GEOMETRIC_REPRESENTATION_CONTEXT ( 3 ) GLOBAL_UNCERTAINTY_ASSIGNED_CONTEXT ( ( #3167 ) ) GLOBAL_UNIT_ASSIGNED_CONTEXT ( ( #1627, #275, #3359 ) ) REPRESENTATION_CONTEXT ( 'NONE', 'WORKASPACE' ) );
#1754 = ORIENTED_EDGE ( 'NONE', *, *, #1988, .T. ) ;
#1755 = DIRECTION ( 'NONE',  ( -1.000000000000000000, 0.000000000000000000, -2.246165255886149975E-15 ) ) ;
#1756 = PLANE ( 'NONE',  #2367 ) ;
#1757 = AXIS2_PLACEMENT_3D ( 'NONE', #668, #1766, #4231 ) ;
#1758 = MECHANICAL_DESIGN_GEOMETRIC_PRESENTATION_REPRESENTATION (  '', ( #3574 ), #898 ) ;
#1759 =( NAMED_UNIT ( * ) SI_UNIT ( $, .STERADIAN. ) SOLID_ANGLE_UNIT ( ) );
#1760 =( NAMED_UNIT ( * ) PLANE_ANGLE_UNIT ( ) SI_UNIT ( $, .RADIAN. ) );
#1761 =( GEOMETRIC_REPRESENTATION_CONTEXT ( 3 ) GLOBAL_UNCERTAINTY_ASSIGNED_CONTEXT ( ( #3389 ) ) GLOBAL_UNIT_ASSIGNED_CONTEXT ( ( #1915, #885, #2672 ) ) REPRESENTATION_CONTEXT ( 'NONE', 'WORKASPACE' ) );
#1762 = ORIENTED_EDGE ( 'NONE', *, *, #3700, .F. ) ;
#1763 = CARTESIAN_POINT ( 'NONE',  ( 4.400000000000000355, 37.50000000000005684, -2.773654403270999769 ) ) ;
#1764 = FILL_AREA_STYLE_COLOUR ( '', #3378 ) ;
#1765 = CARTESIAN_POINT ( 'NONE',  ( 5.353553390593270400, -160.0000000000000000, -6.272792206135780368 ) ) ;
#1766 = DIRECTION ( 'NONE',  ( 0.000000000000000000, 1.000000000000000000, 0.000000000000000000 ) ) ;
#1767 = SURFACE_STYLE_USAGE ( .BOTH. , #3501 ) ;
#1768 = ORIENTED_EDGE ( 'NONE', *, *, #1635, .T. ) ;
#1769 = DIRECTION ( 'NONE',  ( 0.000000000000000000, -1.000000000000000000, 0.000000000000000000 ) ) ;
#1770 = FILL_AREA_STYLE ('',( #3543 ) ) ;
#1771 = ADVANCED_FACE ( 'NONE', ( #2042 ), #306, .T. ) ;
#1772 = VERTEX_POINT ( 'NONE', #1825 ) ;
#1773 = UNCERTAINTY_MEASURE_WITH_UNIT (LENGTH_MEASURE( 1.000000000000000082E-05 ), #2258, 'distance_accuracy_value', 'NONE');
#1774 = DIRECTION ( 'NONE',  ( 0.000000000000000000, -1.000000000000000000, 0.000000000000000000 ) ) ;
#1775 = EDGE_CURVE ( 'NONE', #1112, #1458, #3065, .T. ) ;
#1776 = DIRECTION ( 'NONE',  ( 0.000000000000000000, 0.000000000000000000, 1.000000000000000000 ) ) ;
#1777 = CARTESIAN_POINT ( 'NONE',  ( -3.900000000000048317, 37.50000000000005684, -2.773654403270995328 ) ) ;
#1778 = ORIENTED_EDGE ( 'NONE', *, *, #2739, .T. ) ;
#1779 = CARTESIAN_POINT ( 'NONE',  ( -3.600000000000000089, 160.0000000000000000, -8.349999999999999645 ) ) ;
#1780 = DIRECTION ( 'NONE',  ( -1.000000000000000000, 0.000000000000000000, 9.637352644315589080E-17 ) ) ;
#1781 = ADVANCED_FACE ( 'NONE', ( #4197 ), #4218, .T. ) ;
#1782 = CARTESIAN_POINT ( 'NONE',  ( -7.849999999999999645, 160.0000000000000000, 5.000000000000000000 ) ) ;
#1783 = FACE_OUTER_BOUND ( 'NONE', #4449, .T. ) ;
#1784 = VERTEX_POINT ( 'NONE', #3147 ) ;
#1785 = DIRECTION ( 'NONE',  ( 0.000000000000000000, 0.000000000000000000, 1.000000000000000000 ) ) ;
#1786 = STYLED_ITEM ( 'NONE', ( #2159 ), #1113 ) ;
#1787 = CARTESIAN_POINT ( 'NONE',  ( 7.849999999999999645, -160.0000000000000000, -5.500000000000000000 ) ) ;
#1788 = FILL_AREA_STYLE ('',( #2564 ) ) ;
#1789 =( NAMED_UNIT ( * ) PLANE_ANGLE_UNIT ( ) SI_UNIT ( $, .RADIAN. ) );
#1790 =( NAMED_UNIT ( * ) SI_UNIT ( $, .STERADIAN. ) SOLID_ANGLE_UNIT ( ) );
#1791 = ORIENTED_EDGE ( 'NONE', *, *, #2521, .T. ) ;
#1792 = AXIS2_PLACEMENT_3D ( 'NONE', #1712, #3131, #1396 ) ;
#1793 = CARTESIAN_POINT ( 'NONE',  ( -7.849999999999999645, -160.0000000000000000, -5.000000000000000000 ) ) ;
#1794 = CIRCLE ( 'NONE', #3753, 0.4999999999999995559 ) ;
#1795 = CARTESIAN_POINT ( 'NONE',  ( -4.046446609406775252, 37.50000000000006395, -3.127207793864265284 ) ) ;
#1796 = ORIENTED_EDGE ( 'NONE', *, *, #4108, .F. ) ;
#1797 = VECTOR ( 'NONE', #2826, 1000.000000000000000 ) ;
#1798 = DIRECTION ( 'NONE',  ( 0.000000000000000000, 1.222436467041021059E-18, -1.000000000000000000 ) ) ;
#1799 = DIRECTION ( 'NONE',  ( -8.147626448676700103E-15, 0.000000000000000000, -1.000000000000000000 ) ) ;
#1800 = ORIENTED_EDGE ( 'NONE', *, *, #220, .T. ) ;
#1801 = CYLINDRICAL_SURFACE ( 'NONE', #3899, 0.4999999999999995559 ) ;
#1802 = EDGE_CURVE ( 'NONE', #1583, #1492, #1379, .T. ) ;
#1803 = VECTOR ( 'NONE', #783, 1000.000000000000000 ) ;
#1804 = CARTESIAN_POINT ( 'NONE',  ( 8.349999999999999645, 160.0000000000000000, 5.500000000000000000 ) ) ;
#1805 = PLANE ( 'NONE',  #2474 ) ;
#1806 = SURFACE_STYLE_USAGE ( .BOTH. , #3239 ) ;
#1807 = CARTESIAN_POINT ( 'NONE',  ( -4.046446609406734396, -160.0000000000000000, 3.127207793864305252 ) ) ;
#1808 = COLOUR_RGB ( '',0.8941176470588234615, 0.9137254901960784048, 0.9294117647058823817 ) ;
#1809 = VERTEX_POINT ( 'NONE', #94 ) ;
#1810 = DIRECTION ( 'NONE',  ( -1.000000000000000000, 0.000000000000000000, 3.416879573893714972E-15 ) ) ;
#1811 = EDGE_CURVE ( 'NONE', #1628, #3078, #770, .T. ) ;
#1812 = MECHANICAL_DESIGN_GEOMETRIC_PRESENTATION_REPRESENTATION (  '', ( #2632 ), #3914 ) ;
#1813 = DIRECTION ( 'NONE',  ( -9.637352644315589080E-17, 0.000000000000000000, -1.000000000000000000 ) ) ;
#1814 = FILL_AREA_STYLE_COLOUR ( '', #92 ) ;
#1815 = SURFACE_SIDE_STYLE ('',( #2196 ) ) ;
#1816 = FILL_AREA_STYLE_COLOUR ( '', #3717 ) ;
#1817 = SURFACE_STYLE_USAGE ( .BOTH. , #2893 ) ;
#1818 = ORIENTED_EDGE ( 'NONE', *, *, #2237, .F. ) ;
#1819 = COLOUR_RGB ( '',0.8941176470588234615, 0.9137254901960784048, 0.9294117647058823817 ) ;
#1820 = SURFACE_STYLE_USAGE ( .BOTH. , #417 ) ;
#1821 = VECTOR ( 'NONE', #2852, 1000.000000000000000 ) ;
#1822 = CARTESIAN_POINT ( 'NONE',  ( -3.600000000000000089, 37.50000000000005684, -10.00000000000000000 ) ) ;
#1823 = ORIENTED_EDGE ( 'NONE', *, *, #3967, .T. ) ;
#1824 = ORIENTED_EDGE ( 'NONE', *, *, #2043, .F. ) ;
#1825 = CARTESIAN_POINT ( 'NONE',  ( -8.349999999999999645, 37.50000000000006395, -5.000000000000000000 ) ) ;
#1826 = ORIENTED_EDGE ( 'NONE', *, *, #3751, .F. ) ;
#1827 = DIRECTION ( 'NONE',  ( -1.000000000000000000, 0.000000000000000000, 0.000000000000000000 ) ) ;
#1828 = UNCERTAINTY_MEASURE_WITH_UNIT (LENGTH_MEASURE( 1.000000000000000082E-05 ), #2169, 'distance_accuracy_value', 'NONE');
#1829 = DIRECTION ( 'NONE',  ( -0.7071067811865394681, 8.376678058797898327E-17, -0.7071067811865555663 ) ) ;
#1830 = CARTESIAN_POINT ( 'NONE',  ( -3.100000000000000089, 160.0000000000000000, -8.349999999999999645 ) ) ;
#1831 =( GEOMETRIC_REPRESENTATION_CONTEXT ( 3 ) GLOBAL_UNCERTAINTY_ASSIGNED_CONTEXT ( ( #1726 ) ) GLOBAL_UNIT_ASSIGNED_CONTEXT ( ( #3040, #1360, #6 ) ) REPRESENTATION_CONTEXT ( 'NONE', 'WORKASPACE' ) );
#1832 =( NAMED_UNIT ( * ) SI_UNIT ( $, .STERADIAN. ) SOLID_ANGLE_UNIT ( ) );
#1833 = PRODUCT ( '\X2\987690e86a2a6881\X0\', '\X2\987690e86a2a6881\X0\', '', ( #2802 ) ) ;
#1834 = FILL_AREA_STYLE ('',( #2259 ) ) ;
#1835 = EDGE_LOOP ( 'NONE', ( #1042, #1336, #3592, #4023 ) ) ;
#1836 = EDGE_CURVE ( 'NONE', #1669, #808, #1406, .T. ) ;
#1837 = CARTESIAN_POINT ( 'NONE',  ( 9.000000000000000000, 37.50000000000005684, 9.000000000000000000 ) ) ;
#1838 = AXIS2_PLACEMENT_3D ( 'NONE', #1611, #874, #3384 ) ;
#1839 = FILL_AREA_STYLE_COLOUR ( '', #1469 ) ;
#1840 = DIRECTION ( 'NONE',  ( -1.000000000000000000, 0.000000000000000000, 0.000000000000000000 ) ) ;
#1841 = CARTESIAN_POINT ( 'NONE',  ( -8.349999999999999645, 37.50000000000006395, 5.000000000000000000 ) ) ;
#1842 = EDGE_CURVE ( 'NONE', #1268, #3063, #1118, .T. ) ;
#1843 = CYLINDRICAL_SURFACE ( 'NONE', #2289, 0.4999999999999995559 ) ;
#1844 = DIRECTION ( 'NONE',  ( 0.000000000000000000, -1.000000000000000000, 0.000000000000000000 ) ) ;
#1845 = ORIENTED_EDGE ( 'NONE', *, *, #2947, .T. ) ;
#1846 = CARTESIAN_POINT ( 'NONE',  ( 3.100000000000000089, -160.0000000000000000, 8.849999999999999645 ) ) ;
#1847 = SURFACE_STYLE_USAGE ( .BOTH. , #701 ) ;
#1848 = CARTESIAN_POINT ( 'NONE',  ( -5.500000000000000000, -160.0000000000000000, -6.419238815542509968 ) ) ;
#1849 = VERTEX_POINT ( 'NONE', #3512 ) ;
#1850 = DIRECTION ( 'NONE',  ( -1.172416807168114790E-16, -1.000000000000000000, -1.222436467041021059E-18 ) ) ;
#1851 = LINE ( 'NONE', #3302, #4046 ) ;
#1852 = DIRECTION ( 'NONE',  ( -1.172416807168114790E-16, -1.000000000000000000, -1.222436467041021059E-18 ) ) ;
#1853 = DIRECTION ( 'NONE',  ( -0.7071067811865520136, 0.000000000000000000, -0.7071067811865431318 ) ) ;
#1854 = ORIENTED_EDGE ( 'NONE', *, *, #3801, .F. ) ;
#1855 = DIRECTION ( 'NONE',  ( 1.172416807168114790E-16, 1.000000000000000000, 1.222436467041021059E-18 ) ) ;
#1856 = FILL_AREA_STYLE_COLOUR ( '', #2956 ) ;
#1857 = DIRECTION ( 'NONE',  ( 2.628368902995175337E-16, 0.000000000000000000, -1.000000000000000000 ) ) ;
#1858 = LINE ( 'NONE', #236, #1102 ) ;
#1859 = CARTESIAN_POINT ( 'NONE',  ( -9.500000000000000000, 37.50000000000006395, -3.600000000000000089 ) ) ;
#1860 = ORIENTED_EDGE ( 'NONE', *, *, #1443, .F. ) ;
#1861 = FACE_OUTER_BOUND ( 'NONE', #1995, .T. ) ;
#1862 = CYLINDRICAL_SURFACE ( 'NONE', #2118, 0.5000000000000004441 ) ;
#1863 = VECTOR ( 'NONE', #2812, 1000.000000000000000 ) ;
#1864 = PLANE ( 'NONE',  #259 ) ;
#1865 = DIRECTION ( 'NONE',  ( 0.000000000000000000, 0.000000000000000000, 1.000000000000000000 ) ) ;
#1866 = SURFACE_STYLE_FILL_AREA ( #1941 ) ;
#1867 = EDGE_LOOP ( 'NONE', ( #2491, #111, #328, #3486 ) ) ;
#1868 = VECTOR ( 'NONE', #385, 1000.000000000000000 ) ;
#1869 = COLOUR_RGB ( '',0.8941176470588234615, 0.9137254901960784048, 0.9294117647058823817 ) ;
#1870 = EDGE_CURVE ( 'NONE', #3901, #258, #3904, .T. ) ;
#1871 = FILL_AREA_STYLE ('',( #3590 ) ) ;
#1872 = DIRECTION ( 'NONE',  ( 1.000000000000000000, 0.000000000000000000, -5.840029665303990330E-15 ) ) ;
#1873 = DIRECTION ( 'NONE',  ( 1.172416807168114790E-16, 1.000000000000000000, 1.222436467041021059E-18 ) ) ;
#1874 = PRESENTATION_LAYER_ASSIGNMENT (  '', '', ( #1786 ) ) ;
#1875 = AXIS2_PLACEMENT_3D ( 'NONE', #3523, #125, #1785 ) ;
#1876 = ORIENTED_EDGE ( 'NONE', *, *, #2160, .T. ) ;
#1877 = COLOUR_RGB ( '',0.8941176470588234615, 0.9137254901960784048, 0.9294117647058823817 ) ;
#1878 = CIRCLE ( 'NONE', #4390, 0.4999999999999995559 ) ;
#1879 =( LENGTH_UNIT ( ) NAMED_UNIT ( * ) SI_UNIT ( .MILLI., .METRE. ) );
#1880 =( NAMED_UNIT ( * ) SI_UNIT ( $, .STERADIAN. ) SOLID_ANGLE_UNIT ( ) );
#1881 = PRESENTATION_LAYER_ASSIGNMENT (  '', '', ( #936 ) ) ;
#1882 = ORIENTED_EDGE ( 'NONE', *, *, #3746, .T. ) ;
#1883 = CARTESIAN_POINT ( 'NONE',  ( 8.349999999999999645, -160.0000000000000000, 5.500000000000000000 ) ) ;
#1884 = UNCERTAINTY_MEASURE_WITH_UNIT (LENGTH_MEASURE( 1.000000000000000082E-05 ), #2901, 'distance_accuracy_value', 'NONE');
#1885 = CARTESIAN_POINT ( 'NONE',  ( -8.349999999999999645, 160.0000000000000000, 5.500000000000000000 ) ) ;
#1886 = FILL_AREA_STYLE ('',( #2303 ) ) ;
#1887 = DIRECTION ( 'NONE',  ( 0.000000000000000000, 0.000000000000000000, 1.000000000000000000 ) ) ;
#1888 = EDGE_LOOP ( 'NONE', ( #549, #1196, #3575, #4216 ) ) ;
#1889 =( GEOMETRIC_REPRESENTATION_CONTEXT ( 3 ) GLOBAL_UNCERTAINTY_ASSIGNED_CONTEXT ( ( #3211 ) ) GLOBAL_UNIT_ASSIGNED_CONTEXT ( ( #3225, #3141, #1401 ) ) REPRESENTATION_CONTEXT ( 'NONE', 'WORKASPACE' ) );
#1890 = DIRECTION ( 'NONE',  ( 1.000000000000000000, 0.000000000000000000, 2.168404344971010446E-15 ) ) ;
#1891 = DIRECTION ( 'NONE',  ( -1.000000000000000000, 0.000000000000000000, 5.840029665303990330E-15 ) ) ;
#1892 = CARTESIAN_POINT ( 'NONE',  ( -5.000000000000000000, 160.0000000000000000, 8.349999999999999645 ) ) ;
#1893 = VECTOR ( 'NONE', #280, 1000.000000000000000 ) ;
#1894 = CARTESIAN_POINT ( 'NONE',  ( -5.000000000000000000, 37.50000000000005684, 6.626345596729049880 ) ) ;
#1895 = EDGE_LOOP ( 'NONE', ( #253, #2664, #2554, #2022 ) ) ;
#1896 = PRESENTATION_LAYER_ASSIGNMENT (  '', '', ( #944 ) ) ;
#1897 = SURFACE_STYLE_FILL_AREA ( #1871 ) ;
#1898 = FACE_OUTER_BOUND ( 'NONE', #3670, .T. ) ;
#1899 = PLANE ( 'NONE',  #2273 ) ;
#1900 = EDGE_CURVE ( 'NONE', #989, #879, #1232, .T. ) ;
#1901 = ORIENTED_EDGE ( 'NONE', *, *, #250, .T. ) ;
#1902 =( GEOMETRIC_REPRESENTATION_CONTEXT ( 3 ) GLOBAL_UNCERTAINTY_ASSIGNED_CONTEXT ( ( #797 ) ) GLOBAL_UNIT_ASSIGNED_CONTEXT ( ( #3342, #3009, #2940 ) ) REPRESENTATION_CONTEXT ( 'NONE', 'WORKASPACE' ) );
#1903 = FACE_OUTER_BOUND ( 'NONE', #3416, .T. ) ;
#1904 = CARTESIAN_POINT ( 'NONE',  ( 5.500000000000000000, 160.0000000000000000, 7.849999999999999645 ) ) ;
#1905 = EDGE_CURVE ( 'NONE', #508, #3096, #899, .T. ) ;
#1906 = EDGE_CURVE ( 'NONE', #1849, #583, #1168, .T. ) ;
#1907 = VERTEX_POINT ( 'NONE', #3014 ) ;
#1908 = SURFACE_STYLE_FILL_AREA ( #3325 ) ;
#1909 = CARTESIAN_POINT ( 'NONE',  ( -5.500000000000000000, -160.0000000000000000, -8.349999999999999645 ) ) ;
#1910 = DIRECTION ( 'NONE',  ( 0.000000000000000000, 0.000000000000000000, -1.000000000000000000 ) ) ;
#1911 = ORIENTED_EDGE ( 'NONE', *, *, #2304, .F. ) ;
#1912 = SURFACE_STYLE_FILL_AREA ( #534 ) ;
#1913 = CIRCLE ( 'NONE', #2649, 0.5000000000000022204 ) ;
#1914 = PRESENTATION_LAYER_ASSIGNMENT (  '', '', ( #2650 ) ) ;
#1915 =( LENGTH_UNIT ( ) NAMED_UNIT ( * ) SI_UNIT ( .MILLI., .METRE. ) );
#1916 = CARTESIAN_POINT ( 'NONE',  ( 9.000000000000000000, 160.0000000000000000, 10.00000000000000000 ) ) ;
#1917 = DIRECTION ( 'NONE',  ( 2.891205793294680200E-15, 0.000000000000000000, 1.000000000000000000 ) ) ;
#1918 = CARTESIAN_POINT ( 'NONE',  ( -3.900000000000049649, 160.0000000000000000, -2.980761184457539681 ) ) ;
#1919 = VECTOR ( 'NONE', #3591, 1000.000000000000000 ) ;
#1920 = VECTOR ( 'NONE', #3584, 1000.000000000000000 ) ;
#1921 = ORIENTED_EDGE ( 'NONE', *, *, #1195, .F. ) ;
#1922 = AXIS2_PLACEMENT_3D ( 'NONE', #1149, #2556, #2862 ) ;
#1923 = COLOUR_RGB ( '',0.8941176470588234615, 0.9137254901960784048, 0.9294117647058823817 ) ;
#1924 = FILL_AREA_STYLE_COLOUR ( '', #4345 ) ;
#1925 = ORIENTED_EDGE ( 'NONE', *, *, #3200, .F. ) ;
#1926 = FILL_AREA_STYLE_COLOUR ( '', #1703 ) ;
#1927 = DIRECTION ( 'NONE',  ( -1.000000000000000000, 0.000000000000000000, 0.000000000000000000 ) ) ;
#1928 =( LENGTH_UNIT ( ) NAMED_UNIT ( * ) SI_UNIT ( .MILLI., .METRE. ) );
#1929 = EDGE_CURVE ( 'NONE', #1510, #36, #1498, .T. ) ;
#1930 = EDGE_LOOP ( 'NONE', ( #4361, #4066, #276, #305 ) ) ;
#1931 = LINE ( 'NONE', #1883, #2617 ) ;
#1932 = UNCERTAINTY_MEASURE_WITH_UNIT (LENGTH_MEASURE( 1.000000000000000082E-05 ), #1324, 'distance_accuracy_value', 'NONE');
#1933 = EDGE_CURVE ( 'NONE', #1243, #75, #2257, .T. ) ;
#1934 = DIRECTION ( 'NONE',  ( -0.7071067811865520136, 0.000000000000000000, 0.7071067811865431318 ) ) ;
#1935 = LINE ( 'NONE', #1575, #3962 ) ;
#1936 = ORIENTED_EDGE ( 'NONE', *, *, #1749, .T. ) ;
#1937 = ADVANCED_FACE ( 'NONE', ( #1903 ), #2662, .T. ) ;
#1938 = PRESENTATION_STYLE_ASSIGNMENT (( #1178 ) ) ;
#1939 = FILL_AREA_STYLE_COLOUR ( '', #734 ) ;
#1940 = CARTESIAN_POINT ( 'NONE',  ( -3.100000000000000089, -160.0000000000000000, 9.500000000000000000 ) ) ;
#1941 = FILL_AREA_STYLE ('',( #559 ) ) ;
#1942 = ORIENTED_EDGE ( 'NONE', *, *, #2805, .F. ) ;
#1943 = CARTESIAN_POINT ( 'NONE',  ( 3.100000000000000089, 37.50000000000005684, -8.849999999999999645 ) ) ;
#1944 = PRESENTATION_STYLE_ASSIGNMENT (( #3253 ) ) ;
#1945 = FACE_OUTER_BOUND ( 'NONE', #2039, .T. ) ;
#1946 = ORIENTED_EDGE ( 'NONE', *, *, #3274, .T. ) ;
#1947 = PRESENTATION_LAYER_ASSIGNMENT (  '', '', ( #4445 ) ) ;
#1948 = VECTOR ( 'NONE', #1949, 1000.000000000000000 ) ;
#1949 = DIRECTION ( 'NONE',  ( 0.000000000000000000, -1.000000000000000000, 0.000000000000000000 ) ) ;
#1950 = PRESENTATION_STYLE_ASSIGNMENT (( #2571 ) ) ;
#1951 = VECTOR ( 'NONE', #3209, 1000.000000000000000 ) ;
#1952 = AXIS2_PLACEMENT_3D ( 'NONE', #4054, #4037, #1604 ) ;
#1953 = VERTEX_POINT ( 'NONE', #2203 ) ;
#1954 = MECHANICAL_DESIGN_GEOMETRIC_PRESENTATION_REPRESENTATION (  '', ( #3898 ), #579 ) ;
#1955 = VECTOR ( 'NONE', #2643, 1000.000000000000000 ) ;
#1956 = DIRECTION ( 'NONE',  ( 0.000000000000000000, 0.000000000000000000, -1.000000000000000000 ) ) ;
#1957 = CARTESIAN_POINT ( 'NONE',  ( 9.000000000000000000, -160.0000000000000000, -10.00000000000000000 ) ) ;
#1958 = VECTOR ( 'NONE', #3993, 1000.000000000000000 ) ;
#1959 = FILL_AREA_STYLE ('',( #2647 ) ) ;
#1960 = EDGE_CURVE ( 'NONE', #294, #2768, #1593, .T. ) ;
#1961 = VERTEX_POINT ( 'NONE', #230 ) ;
#1962 = DIRECTION ( 'NONE',  ( 0.000000000000000000, -1.000000000000000000, 0.000000000000000000 ) ) ;
#1963 = VECTOR ( 'NONE', #545, 1000.000000000000000 ) ;
#1964 = DIRECTION ( 'NONE',  ( 0.000000000000000000, 0.000000000000000000, 1.000000000000000000 ) ) ;
#1965 = SURFACE_STYLE_USAGE ( .BOTH. , #870 ) ;
#1966 = AXIS2_PLACEMENT_3D ( 'NONE', #1793, #3809, #4168 ) ;
#1967 = ORIENTED_EDGE ( 'NONE', *, *, #922, .F. ) ;
#1968 = EDGE_CURVE ( 'NONE', #2468, #3046, #1851, .T. ) ;
#1969 = STYLED_ITEM ( 'NONE', ( #4284 ), #2194 ) ;
#1970 = LINE ( 'NONE', #1204, #1180 ) ;
#1971 = SURFACE_SIDE_STYLE ('',( #3705 ) ) ;
#1972 = VERTEX_POINT ( 'NONE', #3937 ) ;
#1973 =( GEOMETRIC_REPRESENTATION_CONTEXT ( 3 ) GLOBAL_UNCERTAINTY_ASSIGNED_CONTEXT ( ( #1828 ) ) GLOBAL_UNIT_ASSIGNED_CONTEXT ( ( #2169, #4281, #3948 ) ) REPRESENTATION_CONTEXT ( 'NONE', 'WORKASPACE' ) );
#1974 = SURFACE_STYLE_USAGE ( .BOTH. , #3475 ) ;
#1975 = ORIENTED_EDGE ( 'NONE', *, *, #2769, .T. ) ;
#1976 = VECTOR ( 'NONE', #2592, 1000.000000000000000 ) ;
#1977 = FILL_AREA_STYLE_COLOUR ( '', #2390 ) ;
#1978 = CARTESIAN_POINT ( 'NONE',  ( -3.600000000000000089, -160.0000000000000000, -9.500000000000000000 ) ) ;
#1979 =( LENGTH_UNIT ( ) NAMED_UNIT ( * ) SI_UNIT ( .MILLI., .METRE. ) );
#1980 = DIRECTION ( 'NONE',  ( -0.000000000000000000, 1.000000000000000000, -0.000000000000000000 ) ) ;
#1981 = ORIENTED_EDGE ( 'NONE', *, *, #4152, .T. ) ;
#1982 = FACE_OUTER_BOUND ( 'NONE', #634, .T. ) ;
#1983 = CARTESIAN_POINT ( 'NONE',  ( -9.499999999999996447, 37.50000000000006395, -3.099999999999999645 ) ) ;
#1984 =( NAMED_UNIT ( * ) PLANE_ANGLE_UNIT ( ) SI_UNIT ( $, .RADIAN. ) );
#1985 = LINE ( 'NONE', #3699, #3860 ) ;
#1986 = ADVANCED_FACE ( 'NONE', ( #182 ), #2594, .T. ) ;
#1987 = ORIENTED_EDGE ( 'NONE', *, *, #2776, .T. ) ;
#1988 = EDGE_CURVE ( 'NONE', #1583, #3988, #965, .T. ) ;
#1989 = DIRECTION ( 'NONE',  ( -0.7071067811865431318, 0.000000000000000000, -0.7071067811865520136 ) ) ;
#1990 = MECHANICAL_DESIGN_GEOMETRIC_PRESENTATION_REPRESENTATION (  '', ( #1382 ), #3233 ) ;
#1991 =( NAMED_UNIT ( * ) PLANE_ANGLE_UNIT ( ) SI_UNIT ( $, .RADIAN. ) );
#1992 = DIRECTION ( 'NONE',  ( 0.000000000000000000, -1.000000000000000000, 0.000000000000000000 ) ) ;
#1993 = PRESENTATION_LAYER_ASSIGNMENT (  '', '', ( #311 ) ) ;
#1994 = LINE ( 'NONE', #3385, #1568 ) ;
#1995 = EDGE_LOOP ( 'NONE', ( #3864, #3129, #630, #563 ) ) ;
#1996 = MECHANICAL_DESIGN_GEOMETRIC_PRESENTATION_REPRESENTATION (  '', ( #1394 ), #3721 ) ;
#1997 = MECHANICAL_DESIGN_GEOMETRIC_PRESENTATION_REPRESENTATION (  '', ( #1616 ), #1678 ) ;
#1998 = COLOUR_RGB ( '',0.8941176470588234615, 0.9137254901960784048, 0.9294117647058823817 ) ;
#1999 =( GEOMETRIC_REPRESENTATION_CONTEXT ( 3 ) GLOBAL_UNCERTAINTY_ASSIGNED_CONTEXT ( ( #254 ) ) GLOBAL_UNIT_ASSIGNED_CONTEXT ( ( #1152, #60, #1832 ) ) REPRESENTATION_CONTEXT ( 'NONE', 'WORKASPACE' ) );
#2000 = VERTEX_POINT ( 'NONE', #2347 ) ;
#2001 = PRESENTATION_STYLE_ASSIGNMENT (( #4397 ) ) ;
#2002 =( NAMED_UNIT ( * ) SI_UNIT ( $, .STERADIAN. ) SOLID_ANGLE_UNIT ( ) );
#2003 = LINE ( 'NONE', #617, #1341 ) ;
#2004 = ORIENTED_EDGE ( 'NONE', *, *, #2895, .T. ) ;
#2005 = LINE ( 'NONE', #619, #1345 ) ;
#2006 = VERTEX_POINT ( 'NONE', #3051 ) ;
#2007 = PRESENTATION_STYLE_ASSIGNMENT (( #3452 ) ) ;
#2008 = LINE ( 'NONE', #667, #90 ) ;
#2009 = DIRECTION ( 'NONE',  ( -1.000000000000000000, 0.000000000000000000, 0.000000000000000000 ) ) ;
#2010 = FACE_OUTER_BOUND ( 'NONE', #4167, .T. ) ;
#2011 = EDGE_LOOP ( 'NONE', ( #2116, #2403, #3249, #1762 ) ) ;
#2012 = EDGE_CURVE ( 'NONE', #958, #3828, #329, .T. ) ;
#2013 = CYLINDRICAL_SURFACE ( 'NONE', #1511, 0.5000000000000000000 ) ;
#2014 =( GEOMETRIC_REPRESENTATION_CONTEXT ( 3 ) GLOBAL_UNCERTAINTY_ASSIGNED_CONTEXT ( ( #3821 ) ) GLOBAL_UNIT_ASSIGNED_CONTEXT ( ( #2234, #3240, #1194 ) ) REPRESENTATION_CONTEXT ( 'NONE', 'WORKASPACE' ) );
#2015 = VERTEX_POINT ( 'NONE', #3099 ) ;
#2016 = UNCERTAINTY_MEASURE_WITH_UNIT (LENGTH_MEASURE( 1.000000000000000082E-05 ), #1227, 'distance_accuracy_value', 'NONE');
#2017 = AXIS2_PLACEMENT_3D ( 'NONE', #1120, #1613, #2507 ) ;
#2018 = STYLED_ITEM ( 'NONE', ( #2055 ), #127 ) ;
#2019 =( NAMED_UNIT ( * ) SI_UNIT ( $, .STERADIAN. ) SOLID_ANGLE_UNIT ( ) );
#2020 = CARTESIAN_POINT ( 'NONE',  ( 3.100000000000000089, -160.0000000000000000, -9.500000000000000000 ) ) ;
#2021 =( GEOMETRIC_REPRESENTATION_CONTEXT ( 3 ) GLOBAL_UNCERTAINTY_ASSIGNED_CONTEXT ( ( #2861 ) ) GLOBAL_UNIT_ASSIGNED_CONTEXT ( ( #777, #509, #484 ) ) REPRESENTATION_CONTEXT ( 'NONE', 'WORKASPACE' ) );
#2022 = ORIENTED_EDGE ( 'NONE', *, *, #434, .T. ) ;
#2023 =( NAMED_UNIT ( * ) SI_UNIT ( $, .STERADIAN. ) SOLID_ANGLE_UNIT ( ) );
#2024 = AXIS2_PLACEMENT_3D ( 'NONE', #3455, #3095, #628 ) ;
#2025 = VECTOR ( 'NONE', #233, 1000.000000000000000 ) ;
#2026 = SURFACE_SIDE_STYLE ('',( #1039 ) ) ;
#2027 = VERTEX_POINT ( 'NONE', #4434 ) ;
#2028 = CIRCLE ( 'NONE', #223, 0.5000000000000004441 ) ;
#2029 = PLANE ( 'NONE',  #4359 ) ;
#2030 = DIRECTION ( 'NONE',  ( -1.454933294406559718E-16, 0.000000000000000000, 1.000000000000000000 ) ) ;
#2031 =( GEOMETRIC_REPRESENTATION_CONTEXT ( 3 ) GLOBAL_UNCERTAINTY_ASSIGNED_CONTEXT ( ( #570 ) ) GLOBAL_UNIT_ASSIGNED_CONTEXT ( ( #1096, #3865, #2526 ) ) REPRESENTATION_CONTEXT ( 'NONE', 'WORKASPACE' ) );
#2032 = DIRECTION ( 'NONE',  ( -0.7071067811865520136, 0.000000000000000000, 0.7071067811865431318 ) ) ;
#2033 = VERTEX_POINT ( 'NONE', #1335 ) ;
#2034 = COLOUR_RGB ( '',0.8941176470588234615, 0.9137254901960784048, 0.9294117647058823817 ) ;
#2035 = CARTESIAN_POINT ( 'NONE',  ( 2.773654403270995328, -160.0000000000000000, -3.899999999999999911 ) ) ;
#2036 = ADVANCED_FACE ( 'NONE', ( #3425 ), #2745, .T. ) ;
#2037 = SURFACE_STYLE_USAGE ( .BOTH. , #1270 ) ;
#2038 = AXIS2_PLACEMENT_3D ( 'NONE', #961, #626, #3453 ) ;
#2039 = EDGE_LOOP ( 'NONE', ( #2810, #763, #923, #831 ) ) ;
#2040 = AXIS2_PLACEMENT_3D ( 'NONE', #1916, #804, #1840 ) ;
#2041 = DIRECTION ( 'NONE',  ( 1.000000000000000000, 0.000000000000000000, 0.000000000000000000 ) ) ;
#2042 = FACE_OUTER_BOUND ( 'NONE', #781, .T. ) ;
#2043 = EDGE_CURVE ( 'NONE', #3910, #4436, #4102, .T. ) ;
#2044 = CARTESIAN_POINT ( 'NONE',  ( -5.500000000000000000, 37.50000000000005684, 7.849999999999999645 ) ) ;
#2045 = ADVANCED_FACE ( 'NONE', ( #2388 ), #2013, .T. ) ;
#2046 = CYLINDRICAL_SURFACE ( 'NONE', #931, 0.5000000000000004441 ) ;
#2047 = STYLED_ITEM ( 'NONE', ( #4129 ), #2943 ) ;
#2048 = ORIENTED_EDGE ( 'NONE', *, *, #3303, .T. ) ;
#2049 = PRESENTATION_STYLE_ASSIGNMENT (( #2119 ) ) ;
#2050 = FILL_AREA_STYLE_COLOUR ( '', #3381 ) ;
#2051 = AXIS2_PLACEMENT_3D ( 'NONE', #3932, #2634, #4332 ) ;
#2052 = EDGE_CURVE ( 'NONE', #440, #142, #69, .T. ) ;
#2053 =( NAMED_UNIT ( * ) SI_UNIT ( $, .STERADIAN. ) SOLID_ANGLE_UNIT ( ) );
#2054 = ORIENTED_EDGE ( 'NONE', *, *, #3327, .T. ) ;
#2055 = PRESENTATION_STYLE_ASSIGNMENT (( #3114 ) ) ;
#2056 = SURFACE_STYLE_FILL_AREA ( #43 ) ;
#2057 = DIRECTION ( 'NONE',  ( 1.172416807168114790E-16, 1.000000000000000000, 1.222436467041021059E-18 ) ) ;
#2058 = CARTESIAN_POINT ( 'NONE',  ( 4.400000000000000355, 160.0000000000000000, -2.773654403270999769 ) ) ;
#2059 = SURFACE_STYLE_USAGE ( .BOTH. , #1971 ) ;
#2060 = CARTESIAN_POINT ( 'NONE',  ( 9.000000000000000000, 37.50000000000005684, -10.00000000000000000 ) ) ;
#2061 = ORIENTED_EDGE ( 'NONE', *, *, #307, .T. ) ;
#2062 = AXIS2_PLACEMENT_3D ( 'NONE', #1573, #1175, #209 ) ;
#2063 = STYLED_ITEM ( 'NONE', ( #2171 ), #3190 ) ;
#2064 = AXIS2_PLACEMENT_3D ( 'NONE', #2765, #4122, #1309 ) ;
#2065 = EDGE_LOOP ( 'NONE', ( #1125, #1346, #3924, #653 ) ) ;
#2066 = PRESENTATION_LAYER_ASSIGNMENT (  '', '', ( #4012 ) ) ;
#2067 = CARTESIAN_POINT ( 'NONE',  ( -3.600000000000000089, 160.0000000000000000, 8.849999999999999645 ) ) ;
#2068 = EDGE_CURVE ( 'NONE', #1307, #3012, #229, .T. ) ;
#2069 = MECHANICAL_DESIGN_GEOMETRIC_PRESENTATION_REPRESENTATION (  '', ( #972 ), #320 ) ;
#2070 = MECHANICAL_DESIGN_GEOMETRIC_PRESENTATION_REPRESENTATION (  '', ( #4012 ), #1546 ) ;
#2071 = CARTESIAN_POINT ( 'NONE',  ( -8.349999999999999645, -160.0000000000000000, 5.000000000000000000 ) ) ;
#2072 = PRESENTATION_STYLE_ASSIGNMENT (( #1731 ) ) ;
#2073 = ORIENTED_EDGE ( 'NONE', *, *, #4182, .F. ) ;
#2074 = CARTESIAN_POINT ( 'NONE',  ( 9.500000000000000000, -160.0000000000000000, -3.100000000000000089 ) ) ;
#2075 = AXIS2_PLACEMENT_3D ( 'NONE', #2352, #4067, #3711 ) ;
#2076 = EDGE_CURVE ( 'NONE', #2033, #113, #717, .T. ) ;
#2077 = SURFACE_SIDE_STYLE ('',( #2756 ) ) ;
#2078 = SURFACE_STYLE_USAGE ( .BOTH. , #4091 ) ;
#2079 = VERTEX_POINT ( 'NONE', #2851 ) ;
#2080 = CARTESIAN_POINT ( 'NONE',  ( -4.400000000000000355, 160.0000000000000000, 2.773654403271025082 ) ) ;
#2081 = CARTESIAN_POINT ( 'NONE',  ( -3.899999999999999911, -160.0000000000000000, 2.773654403271025082 ) ) ;
#2082 = PLANE ( 'NONE',  #2024 ) ;
#2083 = VERTEX_POINT ( 'NONE', #24 ) ;
#2084 = PLANE ( 'NONE',  #4335 ) ;
#2085 = DIRECTION ( 'NONE',  ( 0.000000000000000000, -1.000000000000000000, 0.000000000000000000 ) ) ;
#2086 = EDGE_LOOP ( 'NONE', ( #848, #334, #261, #3446 ) ) ;
#2087 =( NAMED_UNIT ( * ) PLANE_ANGLE_UNIT ( ) SI_UNIT ( $, .RADIAN. ) );
#2088 = DIRECTION ( 'NONE',  ( 0.000000000000000000, 0.000000000000000000, -1.000000000000000000 ) ) ;
#2089 = ORIENTED_EDGE ( 'NONE', *, *, #4029, .T. ) ;
#2090 =( GEOMETRIC_REPRESENTATION_CONTEXT ( 3 ) GLOBAL_UNCERTAINTY_ASSIGNED_CONTEXT ( ( #2813 ) ) GLOBAL_UNIT_ASSIGNED_CONTEXT ( ( #1441, #3472, #363 ) ) REPRESENTATION_CONTEXT ( 'NONE', 'WORKASPACE' ) );
#2091 = PRESENTATION_LAYER_ASSIGNMENT (  '', '', ( #3459 ) ) ;
#2092 = FACE_OUTER_BOUND ( 'NONE', #3562, .T. ) ;
#2093 = LINE ( 'NONE', #684, #4363 ) ;
#2094 = CARTESIAN_POINT ( 'NONE',  ( -8.849999999999999645, 160.0000000000000000, 3.600000000000000089 ) ) ;
#2095 =( GEOMETRIC_REPRESENTATION_CONTEXT ( 3 ) GLOBAL_UNCERTAINTY_ASSIGNED_CONTEXT ( ( #2486 ) ) GLOBAL_UNIT_ASSIGNED_CONTEXT ( ( #2356, #2284, #3716 ) ) REPRESENTATION_CONTEXT ( 'NONE', 'WORKASPACE' ) );
#2096 = ADVANCED_FACE ( 'NONE', ( #2153 ), #1426, .T. ) ;
#2097 = EDGE_LOOP ( 'NONE', ( #3102, #2131, #1748, #2484 ) ) ;
#2098 = SURFACE_STYLE_FILL_AREA ( #2840 ) ;
#2099 = STYLED_ITEM ( 'NONE', ( #3258 ), #521 ) ;
#2100 = FILL_AREA_STYLE_COLOUR ( '', #1536 ) ;
#2101 = CARTESIAN_POINT ( 'NONE',  ( -4.046446609406774364, 160.0000000000000000, -3.127207793864264840 ) ) ;
#2102 = CARTESIAN_POINT ( 'NONE',  ( -3.100000000000000089, -160.0000000000000000, 8.349999999999999645 ) ) ;
#2103 = EDGE_CURVE ( 'NONE', #1208, #3735, #1375, .T. ) ;
#2104 =( NAMED_UNIT ( * ) SI_UNIT ( $, .STERADIAN. ) SOLID_ANGLE_UNIT ( ) );
#2105 = ADVANCED_FACE ( 'NONE', ( #766 ), #2084, .T. ) ;
#2106 = ORIENTED_EDGE ( 'NONE', *, *, #456, .F. ) ;
#2107 =( GEOMETRIC_REPRESENTATION_CONTEXT ( 3 ) GLOBAL_UNCERTAINTY_ASSIGNED_CONTEXT ( ( #2255 ) ) GLOBAL_UNIT_ASSIGNED_CONTEXT ( ( #1621, #4068, #2019 ) ) REPRESENTATION_CONTEXT ( 'NONE', 'WORKASPACE' ) );
#2108 = CARTESIAN_POINT ( 'NONE',  ( 8.349999999999999645, -160.0000000000000000, 5.500000000000000000 ) ) ;
#2109 = VECTOR ( 'NONE', #3251, 1000.000000000000000 ) ;
#2110 = VERTEX_POINT ( 'NONE', #1846 ) ;
#2111 = UNCERTAINTY_MEASURE_WITH_UNIT (LENGTH_MEASURE( 1.000000000000000082E-05 ), #2472, 'distance_accuracy_value', 'NONE');
#2112 = CIRCLE ( 'NONE', #3764, 0.5000000000000000000 ) ;
#2113 = DIRECTION ( 'NONE',  ( -1.000000000000000000, 0.000000000000000000, 0.000000000000000000 ) ) ;
#2114 =( LENGTH_UNIT ( ) NAMED_UNIT ( * ) SI_UNIT ( .MILLI., .METRE. ) );
#2115 = SURFACE_STYLE_FILL_AREA ( #3799 ) ;
#2116 = ORIENTED_EDGE ( 'NONE', *, *, #1933, .T. ) ;
#2117 = ORIENTED_EDGE ( 'NONE', *, *, #927, .T. ) ;
#2118 = AXIS2_PLACEMENT_3D ( 'NONE', #196, #486, #174 ) ;
#2119 = SURFACE_STYLE_USAGE ( .BOTH. , #683 ) ;
#2120 = UNCERTAINTY_MEASURE_WITH_UNIT (LENGTH_MEASURE( 1.000000000000000082E-05 ), #4016, 'distance_accuracy_value', 'NONE');
#2121 = SURFACE_STYLE_FILL_AREA ( #4090 ) ;
#2122 = SURFACE_STYLE_FILL_AREA ( #3823 ) ;
#2123 = AXIS2_PLACEMENT_3D ( 'NONE', #1617, #2414, #3730 ) ;
#2124 = ORIENTED_EDGE ( 'NONE', *, *, #3504, .F. ) ;
#2125 = MECHANICAL_DESIGN_GEOMETRIC_PRESENTATION_REPRESENTATION (  '', ( #953 ), #2200 ) ;
#2126 = CARTESIAN_POINT ( 'NONE',  ( 3.600000000000000089, 160.0000000000000000, -8.849999999999999645 ) ) ;
#2127 = LINE ( 'NONE', #2449, #4264 ) ;
#2128 = EDGE_CURVE ( 'NONE', #2376, #248, #3659, .T. ) ;
#2129 = SURFACE_STYLE_USAGE ( .BOTH. , #760 ) ;
#2130 = FACE_OUTER_BOUND ( 'NONE', #1403, .T. ) ;
#2131 = ORIENTED_EDGE ( 'NONE', *, *, #3164, .T. ) ;
#2132 = EDGE_CURVE ( 'NONE', #4058, #3063, #2938, .T. ) ;
#2133 = CARTESIAN_POINT ( 'NONE',  ( 8.349999999999999645, 160.0000000000000000, 3.100000000000000089 ) ) ;
#2134 = FACE_OUTER_BOUND ( 'NONE', #2931, .T. ) ;
#2135 = CYLINDRICAL_SURFACE ( 'NONE', #1067, 0.5000000000000000000 ) ;
#2136 = VECTOR ( 'NONE', #4050, 1000.000000000000000 ) ;
#2137 = VECTOR ( 'NONE', #1917, 1000.000000000000000 ) ;
#2138 =( NAMED_UNIT ( * ) SI_UNIT ( $, .STERADIAN. ) SOLID_ANGLE_UNIT ( ) );
#2139 = DIRECTION ( 'NONE',  ( 0.000000000000000000, -1.000000000000000000, 0.000000000000000000 ) ) ;
#2140 = ORIENTED_EDGE ( 'NONE', *, *, #1303, .F. ) ;
#2141 = SURFACE_STYLE_FILL_AREA ( #2555 ) ;
#2142 =( LENGTH_UNIT ( ) NAMED_UNIT ( * ) SI_UNIT ( .MILLI., .METRE. ) );
#2143 = VECTOR ( 'NONE', #2377, 1000.000000000000114 ) ;
#2144 = DIRECTION ( 'NONE',  ( -0.000000000000000000, 1.000000000000000000, -0.000000000000000000 ) ) ;
#2145 = SURFACE_STYLE_FILL_AREA ( #753 ) ;
#2146 = AXIS2_PLACEMENT_3D ( 'NONE', #4326, #3605, #3066 ) ;
#2147 = ORIENTED_EDGE ( 'NONE', *, *, #4323, .F. ) ;
#2148 = CYLINDRICAL_SURFACE ( 'NONE', #1875, 0.5000000000000004441 ) ;
#2149 = LINE ( 'NONE', #390, #1514 ) ;
#2150 =( LENGTH_UNIT ( ) NAMED_UNIT ( * ) SI_UNIT ( .MILLI., .METRE. ) );
#2151 =( LENGTH_UNIT ( ) NAMED_UNIT ( * ) SI_UNIT ( .MILLI., .METRE. ) );
#2152 = VERTEX_POINT ( 'NONE', #1943 ) ;
#2153 = FACE_OUTER_BOUND ( 'NONE', #2730, .T. ) ;
#2154 = EDGE_CURVE ( 'NONE', #3729, #1104, #2764, .T. ) ;
#2155 = ORIENTED_EDGE ( 'NONE', *, *, #819, .T. ) ;
#2156 = UNCERTAINTY_MEASURE_WITH_UNIT (LENGTH_MEASURE( 1.000000000000000082E-05 ), #2518, 'distance_accuracy_value', 'NONE');
#2157 = CARTESIAN_POINT ( 'NONE',  ( 6.626345596729049880, -160.0000000000000000, 5.500000000000000000 ) ) ;
#2158 = ADVANCED_FACE ( 'NONE', ( #1477 ), #1226, .F. ) ;
#2159 = PRESENTATION_STYLE_ASSIGNMENT (( #1143 ) ) ;
#2160 = EDGE_CURVE ( 'NONE', #1458, #3033, #4236, .T. ) ;
#2161 = ORIENTED_EDGE ( 'NONE', *, *, #1960, .T. ) ;
#2162 =( NAMED_UNIT ( * ) SI_UNIT ( $, .STERADIAN. ) SOLID_ANGLE_UNIT ( ) );
#2163 = UNCERTAINTY_MEASURE_WITH_UNIT (LENGTH_MEASURE( 1.000000000000000082E-05 ), #4028, 'distance_accuracy_value', 'NONE');
#2164 = CARTESIAN_POINT ( 'NONE',  ( -6.626345596729049880, 37.50000000000006395, 5.000000000000000000 ) ) ;
#2165 = FILL_AREA_STYLE ('',( #123 ) ) ;
#2166 = MECHANICAL_DESIGN_GEOMETRIC_PRESENTATION_REPRESENTATION (  '', ( #3397 ), #2014 ) ;
#2167 = ORIENTED_EDGE ( 'NONE', *, *, #2979, .T. ) ;
#2168 = COLOUR_RGB ( '',0.8941176470588234615, 0.9137254901960784048, 0.9294117647058823817 ) ;
#2169 =( LENGTH_UNIT ( ) NAMED_UNIT ( * ) SI_UNIT ( .MILLI., .METRE. ) );
#2170 = SURFACE_SIDE_STYLE ('',( #3559 ) ) ;
#2171 = PRESENTATION_STYLE_ASSIGNMENT (( #2129 ) ) ;
#2172 =( NAMED_UNIT ( * ) PLANE_ANGLE_UNIT ( ) SI_UNIT ( $, .RADIAN. ) );
#2173 = VERTEX_POINT ( 'NONE', #1164 ) ;
#2174 = STYLED_ITEM ( 'NONE', ( #2679 ), #1269 ) ;
#2175 = MECHANICAL_DESIGN_GEOMETRIC_PRESENTATION_REPRESENTATION (  '', ( #1569 ), #212 ) ;
#2176 = STYLED_ITEM ( 'NONE', ( #4033 ), #1715 ) ;
#2177 = ORIENTED_EDGE ( 'NONE', *, *, #1587, .T. ) ;
#2178 = STYLED_ITEM ( 'NONE', ( #3371 ), #1747 ) ;
#2179 = EDGE_CURVE ( 'NONE', #1809, #3988, #4117, .T. ) ;
#2180 = SURFACE_STYLE_FILL_AREA ( #2899 ) ;
#2181 = LINE ( 'NONE', #4198, #3357 ) ;
#2182 = AXIS2_PLACEMENT_3D ( 'NONE', #591, #3121, #2320 ) ;
#2183 = ORIENTED_EDGE ( 'NONE', *, *, #3119, .T. ) ;
#2184 = CARTESIAN_POINT ( 'NONE',  ( 3.899999999999999911, -160.0000000000000000, 2.980761184457545010 ) ) ;
#2185 = VECTOR ( 'NONE', #412, 1000.000000000000000 ) ;
#2186 = CARTESIAN_POINT ( 'NONE',  ( 5.500000000000000000, -160.0000000000000000, 6.626345596729049880 ) ) ;
#2187 = EDGE_CURVE ( 'NONE', #2006, #1243, #832, .T. ) ;
#2188 = CARTESIAN_POINT ( 'NONE',  ( 6.272792206135780368, -160.0000000000000000, -5.353553390593270400 ) ) ;
#2189 = CARTESIAN_POINT ( 'NONE',  ( -5.000000000000000000, -160.0000000000000000, -8.349999999999999645 ) ) ;
#2190 = DIRECTION ( 'NONE',  ( 0.000000000000000000, -1.000000000000000000, 0.000000000000000000 ) ) ;
#2191 = AXIS2_PLACEMENT_3D ( 'NONE', #3488, #2900, #792 ) ;
#2192 = ORIENTED_EDGE ( 'NONE', *, *, #3189, .T. ) ;
#2193 = CARTESIAN_POINT ( 'NONE',  ( 4.400000000000000355, -160.0000000000000000, -2.773654403270999769 ) ) ;
#2194 = ADVANCED_FACE ( 'NONE', ( #3563 ), #2226, .T. ) ;
#2195 = CIRCLE ( 'NONE', #1664, 0.4999999999999995559 ) ;
#2196 = SURFACE_STYLE_FILL_AREA ( #1788 ) ;
#2197 = CARTESIAN_POINT ( 'NONE',  ( -3.599999999999996536, 37.50000000000005684, -10.00000000000000000 ) ) ;
#2198 = LINE ( 'NONE', #109, #2616 ) ;
#2199 = ORIENTED_EDGE ( 'NONE', *, *, #267, .F. ) ;
#2200 =( GEOMETRIC_REPRESENTATION_CONTEXT ( 3 ) GLOBAL_UNCERTAINTY_ASSIGNED_CONTEXT ( ( #2946 ) ) GLOBAL_UNIT_ASSIGNED_CONTEXT ( ( #1205, #892, #2293 ) ) REPRESENTATION_CONTEXT ( 'NONE', 'WORKASPACE' ) );
#2201 = DIRECTION ( 'NONE',  ( -1.000000000000000000, 1.172416807168114790E-16, -0.000000000000000000 ) ) ;
#2202 = ORIENTED_EDGE ( 'NONE', *, *, #1008, .F. ) ;
#2203 = CARTESIAN_POINT ( 'NONE',  ( 8.349999999999999645, -160.0000000000000000, -5.000000000000000000 ) ) ;
#2204 = DIRECTION ( 'NONE',  ( 1.172416807168114790E-16, 1.000000000000000000, 1.222436467041021059E-18 ) ) ;
#2205 = ORIENTED_EDGE ( 'NONE', *, *, #1775, .T. ) ;
#2206 = FILL_AREA_STYLE_COLOUR ( '', #1714 ) ;
#2207 = UNCERTAINTY_MEASURE_WITH_UNIT (LENGTH_MEASURE( 1.000000000000000082E-05 ), #817, 'distance_accuracy_value', 'NONE');
#2208 = EDGE_CURVE ( 'NONE', #3144, #813, #2406, .T. ) ;
#2209 = CARTESIAN_POINT ( 'NONE',  ( -9.500000000000000000, -160.0000000000000000, -3.100000000000000089 ) ) ;
#2210 = MECHANICAL_DESIGN_GEOMETRIC_PRESENTATION_REPRESENTATION (  '', ( #2876 ), #326 ) ;
#2211 = VECTOR ( 'NONE', #219, 1000.000000000000000 ) ;
#2212 = CARTESIAN_POINT ( 'NONE',  ( -2.773654403270995328, 37.50000000000005684, -3.899999999999999911 ) ) ;
#2213 =( NAMED_UNIT ( * ) PLANE_ANGLE_UNIT ( ) SI_UNIT ( $, .RADIAN. ) );
#2214 = EDGE_CURVE ( 'NONE', #3772, #2443, #2770, .T. ) ;
#2215 = EDGE_LOOP ( 'NONE', ( #675, #3495, #623, #2242 ) ) ;
#2216 = DIRECTION ( 'NONE',  ( 0.000000000000000000, -1.000000000000000000, 0.000000000000000000 ) ) ;
#2217 =( GEOMETRIC_REPRESENTATION_CONTEXT ( 3 ) GLOBAL_UNCERTAINTY_ASSIGNED_CONTEXT ( ( #654 ) ) GLOBAL_UNIT_ASSIGNED_CONTEXT ( ( #2114, #1730, #3300 ) ) REPRESENTATION_CONTEXT ( 'NONE', 'WORKASPACE' ) );
#2218 = VECTOR ( 'NONE', #3674, 1000.000000000000000 ) ;
#2219 = PRESENTATION_STYLE_ASSIGNMENT (( #411 ) ) ;
#2220 = CARTESIAN_POINT ( 'NONE',  ( -5.000000000000000000, 37.50000000000005684, 8.349999999999999645 ) ) ;
#2221 = DIRECTION ( 'NONE',  ( -0.7071067811865594521, 0.000000000000000000, 0.7071067811865354713 ) ) ;
#2222 = LINE ( 'NONE', #2197, #3161 ) ;
#2223 = COLOUR_RGB ( '',0.8941176470588234615, 0.9137254901960784048, 0.9294117647058823817 ) ;
#2224 = CARTESIAN_POINT ( 'NONE',  ( -2.773654403270995328, -160.0000000000000000, -4.400000000000000355 ) ) ;
#2225 = VERTEX_POINT ( 'NONE', #1308 ) ;
#2226 = PLANE ( 'NONE',  #2926 ) ;
#2227 = EDGE_LOOP ( 'NONE', ( #395, #1295, #1487, #3456 ) ) ;
#2228 =( NAMED_UNIT ( * ) PLANE_ANGLE_UNIT ( ) SI_UNIT ( $, .RADIAN. ) );
#2229 = DIRECTION ( 'NONE',  ( 0.000000000000000000, 0.000000000000000000, 1.000000000000000000 ) ) ;
#2230 =( NAMED_UNIT ( * ) PLANE_ANGLE_UNIT ( ) SI_UNIT ( $, .RADIAN. ) );
#2231 = VERTEX_POINT ( 'NONE', #262 ) ;
#2232 = FILL_AREA_STYLE ('',( #2882 ) ) ;
#2233 = DIRECTION ( 'NONE',  ( -0.000000000000000000, 1.000000000000000000, -0.000000000000000000 ) ) ;
#2234 =( LENGTH_UNIT ( ) NAMED_UNIT ( * ) SI_UNIT ( .MILLI., .METRE. ) );
#2235 = ORIENTED_EDGE ( 'NONE', *, *, #894, .F. ) ;
#2236 = SURFACE_STYLE_USAGE ( .BOTH. , #2889 ) ;
#2237 = EDGE_CURVE ( 'NONE', #4162, #4158, #2265, .T. ) ;
#2238 = FACE_OUTER_BOUND ( 'NONE', #1888, .T. ) ;
#2239 = VECTOR ( 'NONE', #3778, 1000.000000000000000 ) ;
#2240 = CARTESIAN_POINT ( 'NONE',  ( 5.000000000000000000, -160.0000000000000000, -7.849999999999999645 ) ) ;
#2241 = CARTESIAN_POINT ( 'NONE',  ( -3.127207793864275054, 37.50000000000006395, 4.046446609406749495 ) ) ;
#2242 = ORIENTED_EDGE ( 'NONE', *, *, #600, .F. ) ;
#2243 = PRESENTATION_LAYER_ASSIGNMENT (  '', '', ( #2319 ) ) ;
#2244 = COLOUR_RGB ( '',0.8941176470588234615, 0.9137254901960784048, 0.9294117647058823817 ) ;
#2245 = LINE ( 'NONE', #4176, #1919 ) ;
#2246 = DIRECTION ( 'NONE',  ( 1.172416807168114790E-16, 1.000000000000000000, 1.222436467041021059E-18 ) ) ;
#2247 = AXIS2_PLACEMENT_3D ( 'NONE', #2080, #338, #2469 ) ;
#2248 = ORIENTED_EDGE ( 'NONE', *, *, #1408, .F. ) ;
#2249 = COLOUR_RGB ( '',0.8941176470588234615, 0.9137254901960784048, 0.9294117647058823817 ) ;
#2250 = EDGE_CURVE ( 'NONE', #1685, #1583, #2411, .T. ) ;
#2251 =( NAMED_UNIT ( * ) PLANE_ANGLE_UNIT ( ) SI_UNIT ( $, .RADIAN. ) );
#2252 = SURFACE_STYLE_USAGE ( .BOTH. , #203 ) ;
#2253 = CIRCLE ( 'NONE', #4107, 0.5000000000000004441 ) ;
#2254 = ORIENTED_EDGE ( 'NONE', *, *, #4182, .T. ) ;
#2255 = UNCERTAINTY_MEASURE_WITH_UNIT (LENGTH_MEASURE( 1.000000000000000082E-05 ), #1621, 'distance_accuracy_value', 'NONE');
#2256 =( LENGTH_UNIT ( ) NAMED_UNIT ( * ) SI_UNIT ( .MILLI., .METRE. ) );
#2257 = CIRCLE ( 'NONE', #2623, 0.4999999999999995559 ) ;
#2258 =( LENGTH_UNIT ( ) NAMED_UNIT ( * ) SI_UNIT ( .MILLI., .METRE. ) );
#2259 = FILL_AREA_STYLE_COLOUR ( '', #4242 ) ;
#2260 = ORIENTED_EDGE ( 'NONE', *, *, #2386, .F. ) ;
#2261 = PRESENTATION_LAYER_ASSIGNMENT (  '', '', ( #940 ) ) ;
#2262 = FILL_AREA_STYLE_COLOUR ( '', #3267 ) ;
#2263 = DIRECTION ( 'NONE',  ( 0.7071067811865521247, -8.376678058798045006E-17, 0.7071067811865429098 ) ) ;
#2264 = DIRECTION ( 'NONE',  ( 0.000000000000000000, 0.000000000000000000, -1.000000000000000000 ) ) ;
#2265 = CIRCLE ( 'NONE', #3482, 0.5000000000000000000 ) ;
#2266 = DIRECTION ( 'NONE',  ( -9.637352644315589080E-17, 0.000000000000000000, -1.000000000000000000 ) ) ;
#2267 = ORIENTED_EDGE ( 'NONE', *, *, #194, .T. ) ;
#2268 = EDGE_CURVE ( 'NONE', #1340, #4151, #4347, .T. ) ;
#2269 = AXIS2_PLACEMENT_3D ( 'NONE', #3571, #1852, #2113 ) ;
#2270 = ORIENTED_EDGE ( 'NONE', *, *, #3586, .F. ) ;
#2271 = EDGE_CURVE ( 'NONE', #2830, #879, #3383, .T. ) ;
#2272 = CARTESIAN_POINT ( 'NONE',  ( -9.000000000000000000, 37.50000000000006395, 9.000000000000000000 ) ) ;
#2273 = AXIS2_PLACEMENT_3D ( 'NONE', #1004, #2344, #2766 ) ;
#2274 = SURFACE_SIDE_STYLE ('',( #1565 ) ) ;
#2275 = SURFACE_SIDE_STYLE ('',( #2323 ) ) ;
#2276 = EDGE_CURVE ( 'NONE', #1116, #2006, #2856, .T. ) ;
#2277 = ORIENTED_EDGE ( 'NONE', *, *, #3583, .F. ) ;
#2278 = FILL_AREA_STYLE_COLOUR ( '', #4252 ) ;
#2279 = DIRECTION ( 'NONE',  ( 0.000000000000000000, -1.000000000000000000, 0.000000000000000000 ) ) ;
#2280 =( LENGTH_UNIT ( ) NAMED_UNIT ( * ) SI_UNIT ( .MILLI., .METRE. ) );
#2281 = FILL_AREA_STYLE ('',( #1553 ) ) ;
#2282 = DIRECTION ( 'NONE',  ( 0.000000000000000000, -1.000000000000000000, 0.000000000000000000 ) ) ;
#2283 = ORIENTED_EDGE ( 'NONE', *, *, #3110, .F. ) ;
#2284 =( NAMED_UNIT ( * ) PLANE_ANGLE_UNIT ( ) SI_UNIT ( $, .RADIAN. ) );
#2285 = AXIS2_PLACEMENT_3D ( 'NONE', #1782, #3923, #822 ) ;
#2286 = DIRECTION ( 'NONE',  ( 1.000000000000000000, 0.000000000000000000, 2.891205793294685327E-15 ) ) ;
#2287 = DIRECTION ( 'NONE',  ( -0.000000000000000000, 1.000000000000000000, -0.000000000000000000 ) ) ;
#2288 = CIRCLE ( 'NONE', #1468, 0.4999999999999995559 ) ;
#2289 = AXIS2_PLACEMENT_3D ( 'NONE', #2674, #662, #997 ) ;
#2290 = ORIENTED_EDGE ( 'NONE', *, *, #4239, .F. ) ;
#2291 = VECTOR ( 'NONE', #868, 1000.000000000000000 ) ;
#2292 = PRESENTATION_STYLE_ASSIGNMENT (( #561 ) ) ;
#2293 =( NAMED_UNIT ( * ) SI_UNIT ( $, .STERADIAN. ) SOLID_ANGLE_UNIT ( ) );
#2294 = ORIENTED_EDGE ( 'NONE', *, *, #2979, .F. ) ;
#2295 = AXIS2_PLACEMENT_3D ( 'NONE', #1276, #2731, #3104 ) ;
#2296 = DIRECTION ( 'NONE',  ( 1.172416807168114790E-16, 1.000000000000000000, 1.222436467041021059E-18 ) ) ;
#2297 = EDGE_CURVE ( 'NONE', #199, #1022, #2008, .T. ) ;
#2298 = CARTESIAN_POINT ( 'NONE',  ( 3.100000000000000089, -160.0000000000000000, -8.849999999999999645 ) ) ;
#2299 = EDGE_CURVE ( 'NONE', #1362, #3906, #3073, .T. ) ;
#2300 = VERTEX_POINT ( 'NONE', #1002 ) ;
#2301 = CARTESIAN_POINT ( 'NONE',  ( -9.500000000000000000, 37.50000000000006395, -3.099999999999999645 ) ) ;
#2302 = UNCERTAINTY_MEASURE_WITH_UNIT (LENGTH_MEASURE( 1.000000000000000082E-05 ), #3977, 'distance_accuracy_value', 'NONE');
#2303 = FILL_AREA_STYLE_COLOUR ( '', #1574 ) ;
#2304 = EDGE_CURVE ( 'NONE', #440, #1739, #224, .T. ) ;
#2305 = PRESENTATION_STYLE_ASSIGNMENT (( #1508 ) ) ;
#2306 = EDGE_CURVE ( 'NONE', #2173, #935, #2720, .T. ) ;
#2307 = LINE ( 'NONE', #3714, #2392 ) ;
#2308 = ORIENTED_EDGE ( 'NONE', *, *, #2716, .F. ) ;
#2309 = CARTESIAN_POINT ( 'NONE',  ( 8.849999999999999645, -160.0000000000000000, 3.100000000000000089 ) ) ;
#2310 = FILL_AREA_STYLE_COLOUR ( '', #3792 ) ;
#2311 = CARTESIAN_POINT ( 'NONE',  ( 5.499999999999995559, 37.50000000000005684, 6.626345596729049880 ) ) ;
#2312 = CARTESIAN_POINT ( 'NONE',  ( 8.349999999999999645, -160.0000000000000000, -5.500000000000000000 ) ) ;
#2313 = ORIENTED_EDGE ( 'NONE', *, *, #1470, .T. ) ;
#2314 = PRESENTATION_STYLE_ASSIGNMENT (( #2676 ) ) ;
#2315 = DIRECTION ( 'NONE',  ( 0.000000000000000000, 0.000000000000000000, -1.000000000000000000 ) ) ;
#2316 = FILL_AREA_STYLE_COLOUR ( '', #4128 ) ;
#2317 = LINE ( 'NONE', #3940, #1344 ) ;
#2318 = ORIENTED_EDGE ( 'NONE', *, *, #3110, .T. ) ;
#2319 = STYLED_ITEM ( 'NONE', ( #2945 ), #687 ) ;
#2320 = DIRECTION ( 'NONE',  ( 0.000000000000000000, 0.000000000000000000, 1.000000000000000000 ) ) ;
#2321 = AXIS2_PLACEMENT_3D ( 'NONE', #1322, #1259, #2669 ) ;
#2322 = STYLED_ITEM ( 'NONE', ( #2515 ), #287 ) ;
#2323 = SURFACE_STYLE_FILL_AREA ( #3686 ) ;
#2324 = VERTEX_POINT ( 'NONE', #2657 ) ;
#2325 = AXIS2_PLACEMENT_3D ( 'NONE', #2519, #1130, #3905 ) ;
#2326 = AXIS2_PLACEMENT_3D ( 'NONE', #2485, #1855, #1827 ) ;
#2327 = SURFACE_STYLE_FILL_AREA ( #2967 ) ;
#2328 = SURFACE_SIDE_STYLE ('',( #1908 ) ) ;
#2329 =( NAMED_UNIT ( * ) PLANE_ANGLE_UNIT ( ) SI_UNIT ( $, .RADIAN. ) );
#2330 = ADVANCED_FACE ( 'NONE', ( #3030 ), #2700, .T. ) ;
#2331 = LINE ( 'NONE', #1622, #462 ) ;
#2332 = COLOUR_RGB ( '',0.8941176470588234615, 0.9137254901960784048, 0.9294117647058823817 ) ;
#2333 = PLANE ( 'NONE',  #2321 ) ;
#2334 = ORIENTED_EDGE ( 'NONE', *, *, #3067, .F. ) ;
#2335 = SURFACE_STYLE_FILL_AREA ( #3965 ) ;
#2336 = EDGE_CURVE ( 'NONE', #149, #1268, #3853, .T. ) ;
#2337 = CIRCLE ( 'NONE', #4394, 0.4999999999999995559 ) ;
#2338 = DIRECTION ( 'NONE',  ( -3.544145044833980197E-15, 1.222436467041436675E-18, -1.000000000000000000 ) ) ;
#2339 = VECTOR ( 'NONE', #251, 1000.000000000000000 ) ;
#2340 = ORIENTED_EDGE ( 'NONE', *, *, #2364, .F. ) ;
#2341 = EDGE_CURVE ( 'NONE', #2324, #1482, #2112, .T. ) ;
#2342 = VECTOR ( 'NONE', #3156, 1000.000000000000000 ) ;
#2343 = CARTESIAN_POINT ( 'NONE',  ( 9.500000000000000000, 160.0000000000000000, 3.600000000000000089 ) ) ;
#2344 = DIRECTION ( 'NONE',  ( -1.000000000000000000, 0.000000000000000000, 1.927470528863119788E-16 ) ) ;
#2345 = ORIENTED_EDGE ( 'NONE', *, *, #1811, .F. ) ;
#2346 = CIRCLE ( 'NONE', #1363, 2.600000000000000089 ) ;
#2347 = CARTESIAN_POINT ( 'NONE',  ( 8.349999999999999645, 37.50000000000005684, -3.600000000000000089 ) ) ;
#2348 = CIRCLE ( 'NONE', #1520, 2.600000000000000089 ) ;
#2349 =( NAMED_UNIT ( * ) PLANE_ANGLE_UNIT ( ) SI_UNIT ( $, .RADIAN. ) );
#2350 = ORIENTED_EDGE ( 'NONE', *, *, #3113, .F. ) ;
#2351 = CIRCLE ( 'NONE', #3299, 0.5000000000000004441 ) ;
#2352 = CARTESIAN_POINT ( 'NONE',  ( 8.849999999999999645, 160.0000000000000000, -3.600000000000000089 ) ) ;
#2353 = DIRECTION ( 'NONE',  ( -1.000000000000000000, 0.000000000000000000, -1.796932204708914853E-15 ) ) ;
#2354 = CARTESIAN_POINT ( 'NONE',  ( -3.899999999999999911, 160.0000000000000000, 2.773654403271025082 ) ) ;
#2355 = ORIENTED_EDGE ( 'NONE', *, *, #1275, .T. ) ;
#2356 =( LENGTH_UNIT ( ) NAMED_UNIT ( * ) SI_UNIT ( .MILLI., .METRE. ) );
#2357 = LINE ( 'NONE', #2189, #761 ) ;
#2358 = EDGE_CURVE ( 'NONE', #1224, #1548, #1370, .T. ) ;
#2359 = CARTESIAN_POINT ( 'NONE',  ( -5.000000000000000000, 160.0000000000000000, 6.626345596729049880 ) ) ;
#2360 = ORIENTED_EDGE ( 'NONE', *, *, #337, .F. ) ;
#2361 = DIRECTION ( 'NONE',  ( 0.000000000000000000, 0.000000000000000000, -1.000000000000000000 ) ) ;
#2362 = CIRCLE ( 'NONE', #4011, 2.600000000000000089 ) ;
#2363 =( NAMED_UNIT ( * ) SI_UNIT ( $, .STERADIAN. ) SOLID_ANGLE_UNIT ( ) );
#2364 = EDGE_CURVE ( 'NONE', #1953, #2366, #364, .T. ) ;
#2365 = PRESENTATION_STYLE_ASSIGNMENT (( #2059 ) ) ;
#2366 = VERTEX_POINT ( 'NONE', #1787 ) ;
#2367 = AXIS2_PLACEMENT_3D ( 'NONE', #1885, #3895, #2883 ) ;
#2368 = PRESENTATION_LAYER_ASSIGNMENT (  '', '', ( #1107 ) ) ;
#2369 = FILL_AREA_STYLE ('',( #674 ) ) ;
#2370 = MECHANICAL_DESIGN_GEOMETRIC_PRESENTATION_REPRESENTATION (  '', ( #1680 ), #1044 ) ;
#2371 = COLOUR_RGB ( '',0.8941176470588234615, 0.9137254901960784048, 0.9294117647058823817 ) ;
#2372 = ORIENTED_EDGE ( 'NONE', *, *, #101, .T. ) ;
#2373 =( NAMED_UNIT ( * ) PLANE_ANGLE_UNIT ( ) SI_UNIT ( $, .RADIAN. ) );
#2374 = LINE ( 'NONE', #2044, #2136 ) ;
#2375 = SURFACE_SIDE_STYLE ('',( #2712 ) ) ;
#2376 = VERTEX_POINT ( 'NONE', #3524 ) ;
#2377 = DIRECTION ( 'NONE',  ( 0.7071067811865595631, 0.000000000000000000, -0.7071067811865355823 ) ) ;
#2378 = CYLINDRICAL_SURFACE ( 'NONE', #3005, 0.4999999999999995559 ) ;
#2379 = DIRECTION ( 'NONE',  ( 0.000000000000000000, -1.000000000000000000, 0.000000000000000000 ) ) ;
#2380 = VERTEX_POINT ( 'NONE', #758 ) ;
#2381 = EDGE_CURVE ( 'NONE', #1711, #2300, #2149, .T. ) ;
#2382 = CARTESIAN_POINT ( 'NONE',  ( 5.500000000000000000, 160.0000000000000000, 8.349999999999999645 ) ) ;
#2383 = FILL_AREA_STYLE ('',( #3727 ) ) ;
#2384 =( NAMED_UNIT ( * ) PLANE_ANGLE_UNIT ( ) SI_UNIT ( $, .RADIAN. ) );
#2385 = ORIENTED_EDGE ( 'NONE', *, *, #1275, .F. ) ;
#2386 = EDGE_CURVE ( 'NONE', #4413, #2986, #4144, .T. ) ;
#2387 = EDGE_CURVE ( 'NONE', #696, #284, #3201, .T. ) ;
#2388 = FACE_OUTER_BOUND ( 'NONE', #1098, .T. ) ;
#2389 = SURFACE_STYLE_FILL_AREA ( #2369 ) ;
#2390 = COLOUR_RGB ( '',0.8941176470588234615, 0.9137254901960784048, 0.9294117647058823817 ) ;
#2391 = VERTEX_POINT ( 'NONE', #1717 ) ;
#2392 = VECTOR ( 'NONE', #1980, 1000.000000000000000 ) ;
#2393 = VECTOR ( 'NONE', #1522, 1000.000000000000000 ) ;
#2394 = DIRECTION ( 'NONE',  ( 0.000000000000000000, 0.000000000000000000, -1.000000000000000000 ) ) ;
#2395 = DIRECTION ( 'NONE',  ( -0.000000000000000000, 1.000000000000000000, -0.000000000000000000 ) ) ;
#2396 =( GEOMETRIC_REPRESENTATION_CONTEXT ( 3 ) GLOBAL_UNCERTAINTY_ASSIGNED_CONTEXT ( ( #2904 ) ) GLOBAL_UNIT_ASSIGNED_CONTEXT ( ( #2151, #2541, #1790 ) ) REPRESENTATION_CONTEXT ( 'NONE', 'WORKASPACE' ) );
#2397 = PRESENTATION_LAYER_ASSIGNMENT (  '', '', ( #2322 ) ) ;
#2398 = VERTEX_POINT ( 'NONE', #1045 ) ;
#2399 = SURFACE_STYLE_FILL_AREA ( #37 ) ;
#2400 = AXIS2_PLACEMENT_3D ( 'NONE', #1439, #4202, #4297 ) ;
#2401 =( LENGTH_UNIT ( ) NAMED_UNIT ( * ) SI_UNIT ( .MILLI., .METRE. ) );
#2402 = DIRECTION ( 'NONE',  ( 0.7071067811865431318, 0.000000000000000000, 0.7071067811865520136 ) ) ;
#2403 = ORIENTED_EDGE ( 'NONE', *, *, #3280, .F. ) ;
#2404 =( GEOMETRIC_REPRESENTATION_CONTEXT ( 3 ) GLOBAL_UNCERTAINTY_ASSIGNED_CONTEXT ( ( #78 ) ) GLOBAL_UNIT_ASSIGNED_CONTEXT ( ( #270, #1337, #2002 ) ) REPRESENTATION_CONTEXT ( 'NONE', 'WORKASPACE' ) );
#2405 = DIRECTION ( 'NONE',  ( 0.000000000000000000, -1.000000000000000000, 0.000000000000000000 ) ) ;
#2406 = LINE ( 'NONE', #4430, #942 ) ;
#2407 = AXIS2_PLACEMENT_3D ( 'NONE', #4331, #3341, #2611 ) ;
#2408 = CARTESIAN_POINT ( 'NONE',  ( -8.849999999999996092, 37.50000000000006395, 3.099999999999999645 ) ) ;
#2409 = DIRECTION ( 'NONE',  ( 0.000000000000000000, 0.000000000000000000, 1.000000000000000000 ) ) ;
#2410 = ORIENTED_EDGE ( 'NONE', *, *, #184, .T. ) ;
#2411 = CIRCLE ( 'NONE', #3417, 0.4999999999999995559 ) ;
#2412 = ADVANCED_FACE ( 'NONE', ( #4165 ), #4188, .F. ) ;
#2413 =( NAMED_UNIT ( * ) PLANE_ANGLE_UNIT ( ) SI_UNIT ( $, .RADIAN. ) );
#2414 = DIRECTION ( 'NONE',  ( -0.000000000000000000, 1.000000000000000000, -0.000000000000000000 ) ) ;
#2415 = EDGE_CURVE ( 'NONE', #221, #3293, #1740, .T. ) ;
#2416 = ORIENTED_EDGE ( 'NONE', *, *, #1408, .T. ) ;
#2417 = DIRECTION ( 'NONE',  ( 0.000000000000000000, 0.000000000000000000, -1.000000000000000000 ) ) ;
#2418 = CARTESIAN_POINT ( 'NONE',  ( 3.599999999999999201, 37.50000000000005684, -10.00000000000000000 ) ) ;
#2419 = EDGE_CURVE ( 'NONE', #3916, #1669, #2127, .T. ) ;
#2420 = ORIENTED_EDGE ( 'NONE', *, *, #1443, .T. ) ;
#2421 = CARTESIAN_POINT ( 'NONE',  ( 3.127207793864275054, 160.0000000000000000, -4.046446609406749495 ) ) ;
#2422 = PRESENTATION_STYLE_ASSIGNMENT (( #3108 ) ) ;
#2423 = CIRCLE ( 'NONE', #882, 0.4999999999999891753 ) ;
#2424 = CARTESIAN_POINT ( 'NONE',  ( -6.272792206135780368, -160.0000000000000000, 5.353553390593279282 ) ) ;
#2425 = EDGE_LOOP ( 'NONE', ( #1154, #842, #1921, #748 ) ) ;
#2426 =( NAMED_UNIT ( * ) SI_UNIT ( $, .STERADIAN. ) SOLID_ANGLE_UNIT ( ) );
#2427 = FACE_OUTER_BOUND ( 'NONE', #28, .T. ) ;
#2428 = SURFACE_SIDE_STYLE ('',( #1069 ) ) ;
#2429 = CARTESIAN_POINT ( 'NONE',  ( -5.353553390593272177, 37.50000000000005684, 6.272792206135775039 ) ) ;
#2430 = LINE ( 'NONE', #4082, #3748 ) ;
#2431 = EDGE_LOOP ( 'NONE', ( #2747, #3473, #3353, #358 ) ) ;
#2432 = AXIS2_PLACEMENT_3D ( 'NONE', #2240, #3269, #1581 ) ;
#2433 = CARTESIAN_POINT ( 'NONE',  ( 8.849999999999999645, 160.0000000000000000, 3.600000000000000089 ) ) ;
#2434 =( NAMED_UNIT ( * ) PLANE_ANGLE_UNIT ( ) SI_UNIT ( $, .RADIAN. ) );
#2435 = ORIENTED_EDGE ( 'NONE', *, *, #1684, .T. ) ;
#2436 = MECHANICAL_DESIGN_GEOMETRIC_PRESENTATION_REPRESENTATION (  '', ( #1107 ), #1316 ) ;
#2437 = UNCERTAINTY_MEASURE_WITH_UNIT (LENGTH_MEASURE( 1.000000000000000082E-05 ), #2401, 'distance_accuracy_value', 'NONE');
#2438 = EDGE_CURVE ( 'NONE', #113, #801, #1089, .T. ) ;
#2439 = STYLED_ITEM ( 'NONE', ( #913 ), #3618 ) ;
#2440 = FILL_AREA_STYLE_COLOUR ( '', #466 ) ;
#2441 = EDGE_CURVE ( 'NONE', #1206, #3427, #64, .T. ) ;
#2442 = DIRECTION ( 'NONE',  ( -0.000000000000000000, 1.000000000000000000, -0.000000000000000000 ) ) ;
#2443 = VERTEX_POINT ( 'NONE', #2220 ) ;
#2444 = LINE ( 'NONE', #1706, #4364 ) ;
#2445 = CARTESIAN_POINT ( 'NONE',  ( -8.349999999999999645, 160.0000000000000000, 3.100000000000000089 ) ) ;
#2446 = VERTEX_POINT ( 'NONE', #4256 ) ;
#2447 = LINE ( 'NONE', #664, #2909 ) ;
#2448 = DIRECTION ( 'NONE',  ( -1.000000000000000000, 0.000000000000000000, -2.168404344971010446E-15 ) ) ;
#2449 = CARTESIAN_POINT ( 'NONE',  ( 7.850000000000003197, 37.50000000000005684, 5.500000000000000000 ) ) ;
#2450 = SURFACE_STYLE_USAGE ( .BOTH. , #1070 ) ;
#2451 =( NAMED_UNIT ( * ) SI_UNIT ( $, .STERADIAN. ) SOLID_ANGLE_UNIT ( ) );
#2452 = ORIENTED_EDGE ( 'NONE', *, *, #2972, .T. ) ;
#2453 = SURFACE_STYLE_FILL_AREA ( #3180 ) ;
#2454 = DIRECTION ( 'NONE',  ( 0.000000000000000000, 0.000000000000000000, 1.000000000000000000 ) ) ;
#2455 = DIRECTION ( 'NONE',  ( 1.000000000000000000, -1.172416807168114790E-16, 0.000000000000000000 ) ) ;
#2456 = STYLED_ITEM ( 'NONE', ( #2049 ), #453 ) ;
#2457 = CARTESIAN_POINT ( 'NONE',  ( 9.000000000000000000, -160.0000000000000000, 9.000000000000000000 ) ) ;
#2458 = SURFACE_STYLE_FILL_AREA ( #3798 ) ;
#2459 = CARTESIAN_POINT ( 'NONE',  ( 3.600000000000000089, 37.50000000000005684, -8.349999999999999645 ) ) ;
#2460 = ORIENTED_EDGE ( 'NONE', *, *, #986, .F. ) ;
#2461 = AXIS2_PLACEMENT_3D ( 'NONE', #1859, #4253, #3987 ) ;
#2462 = PRESENTATION_STYLE_ASSIGNMENT (( #2814 ) ) ;
#2463 = ADVANCED_FACE ( 'NONE', ( #2238 ), #1128, .F. ) ;
#2464 = LINE ( 'NONE', #2906, #4045 ) ;
#2465 =( LENGTH_UNIT ( ) NAMED_UNIT ( * ) SI_UNIT ( .MILLI., .METRE. ) );
#2466 = STYLED_ITEM ( 'NONE', ( #4340 ), #400 ) ;
#2467 = ADVANCED_FACE ( 'NONE', ( #1198 ), #1862, .F. ) ;
#2468 = VERTEX_POINT ( 'NONE', #1556 ) ;
#2469 = DIRECTION ( 'NONE',  ( 0.000000000000000000, 0.000000000000000000, 1.000000000000000000 ) ) ;
#2470 = PRESENTATION_LAYER_ASSIGNMENT (  '', '', ( #3898 ) ) ;
#2471 = FILL_AREA_STYLE ('',( #4229 ) ) ;
#2472 =( LENGTH_UNIT ( ) NAMED_UNIT ( * ) SI_UNIT ( .MILLI., .METRE. ) );
#2473 = LINE ( 'NONE', #2429, #4210 ) ;
#2474 = AXIS2_PLACEMENT_3D ( 'NONE', #1830, #59, #122 ) ;
#2475 = VERTEX_POINT ( 'NONE', #3268 ) ;
#2476 = COLOUR_RGB ( '',0.8941176470588234615, 0.9137254901960784048, 0.9294117647058823817 ) ;
#2477 = CARTESIAN_POINT ( 'NONE',  ( 5.500000000000000000, 160.0000000000000000, -6.626345596729049880 ) ) ;
#2478 = PRESENTATION_LAYER_ASSIGNMENT (  '', '', ( #4399 ) ) ;
#2479 = EDGE_LOOP ( 'NONE', ( #4333, #1007, #380, #4093 ) ) ;
#2480 = UNCERTAINTY_MEASURE_WITH_UNIT (LENGTH_MEASURE( 1.000000000000000082E-05 ), #2150, 'distance_accuracy_value', 'NONE');
#2481 = CARTESIAN_POINT ( 'NONE',  ( -2.773654403270999769, -160.0000000000000000, 3.899999999999999911 ) ) ;
#2482 = PRESENTATION_LAYER_ASSIGNMENT (  '', '', ( #3984 ) ) ;
#2483 = FACE_OUTER_BOUND ( 'NONE', #2782, .T. ) ;
#2484 = ORIENTED_EDGE ( 'NONE', *, *, #4185, .F. ) ;
#2485 = CARTESIAN_POINT ( 'NONE',  ( 6.626345596729049880, 37.50000000000005684, 5.000000000000000000 ) ) ;
#2486 = UNCERTAINTY_MEASURE_WITH_UNIT (LENGTH_MEASURE( 1.000000000000000082E-05 ), #2356, 'distance_accuracy_value', 'NONE');
#2487 = PLANE ( 'NONE',  #1389 ) ;
#2488 = CARTESIAN_POINT ( 'NONE',  ( -9.500000000000000000, 37.50000000000006395, 3.600000000000000089 ) ) ;
#2489 = VECTOR ( 'NONE', #55, 1000.000000000000000 ) ;
#2490 = DIRECTION ( 'NONE',  ( 0.000000000000000000, 1.000000000000000000, 0.000000000000000000 ) ) ;
#2491 = ORIENTED_EDGE ( 'NONE', *, *, #51, .T. ) ;
#2492 = SURFACE_STYLE_FILL_AREA ( #410 ) ;
#2493 = STYLED_ITEM ( 'NONE', ( #1228 ), #3135 ) ;
#2494 = EDGE_CURVE ( 'NONE', #3347, #1953, #2976, .T. ) ;
#2495 = PLANE ( 'NONE',  #4425 ) ;
#2496 = DIRECTION ( 'NONE',  ( -0.000000000000000000, 1.000000000000000000, -0.000000000000000000 ) ) ;
#2497 = SURFACE_STYLE_FILL_AREA ( #2791 ) ;
#2498 = DIRECTION ( 'NONE',  ( 0.000000000000000000, 0.000000000000000000, -1.000000000000000000 ) ) ;
#2499 = ORIENTED_EDGE ( 'NONE', *, *, #1231, .T. ) ;
#2500 = EDGE_CURVE ( 'NONE', #4222, #3224, #152, .T. ) ;
#2501 = CARTESIAN_POINT ( 'NONE',  ( -9.000000000000000000, 160.0000000000000000, 10.00000000000000000 ) ) ;
#2502 = FILL_AREA_STYLE ('',( #2546 ) ) ;
#2503 = ORIENTED_EDGE ( 'NONE', *, *, #553, .F. ) ;
#2504 = STYLED_ITEM ( 'NONE', ( #1338 ), #3884 ) ;
#2505 = PRESENTATION_LAYER_ASSIGNMENT (  '', '', ( #2063 ) ) ;
#2506 = STYLED_ITEM ( 'NONE', ( #2292 ), #4095 ) ;
#2507 = DIRECTION ( 'NONE',  ( 0.000000000000000000, 0.000000000000000000, 1.000000000000000000 ) ) ;
#2508 = ORIENTED_EDGE ( 'NONE', *, *, #1327, .F. ) ;
#2509 =( NAMED_UNIT ( * ) PLANE_ANGLE_UNIT ( ) SI_UNIT ( $, .RADIAN. ) );
#2510 = CARTESIAN_POINT ( 'NONE',  ( 5.500000000000000000, 37.50000000000005684, -7.849999999999999645 ) ) ;
#2511 = DIRECTION ( 'NONE',  ( 0.000000000000000000, 0.000000000000000000, -1.000000000000000000 ) ) ;
#2512 = AXIS2_PLACEMENT_3D ( 'NONE', #1804, #1505, #2927 ) ;
#2513 = COLOUR_RGB ( '',0.8941176470588234615, 0.9137254901960784048, 0.9294117647058823817 ) ;
#2514 = ORIENTED_EDGE ( 'NONE', *, *, #1900, .F. ) ;
#2515 = PRESENTATION_STYLE_ASSIGNMENT (( #2236 ) ) ;
#2516 =( NAMED_UNIT ( * ) PLANE_ANGLE_UNIT ( ) SI_UNIT ( $, .RADIAN. ) );
#2517 = PRESENTATION_STYLE_ASSIGNMENT (( #1448 ) ) ;
#2518 =( LENGTH_UNIT ( ) NAMED_UNIT ( * ) SI_UNIT ( .MILLI., .METRE. ) );
#2519 = CARTESIAN_POINT ( 'NONE',  ( -3.899999999999999911, 160.0000000000000000, 2.980761184457580093 ) ) ;
#2520 = ORIENTED_EDGE ( 'NONE', *, *, #3364, .F. ) ;
#2521 = EDGE_CURVE ( 'NONE', #1104, #2443, #2934, .T. ) ;
#2522 = EDGE_CURVE ( 'NONE', #284, #221, #3485, .T. ) ;
#2523 =( NAMED_UNIT ( * ) PLANE_ANGLE_UNIT ( ) SI_UNIT ( $, .RADIAN. ) );
#2524 = LINE ( 'NONE', #1376, #97 ) ;
#2525 = ORIENTED_EDGE ( 'NONE', *, *, #422, .T. ) ;
#2526 =( NAMED_UNIT ( * ) SI_UNIT ( $, .STERADIAN. ) SOLID_ANGLE_UNIT ( ) );
#2527 = PRESENTATION_STYLE_ASSIGNMENT (( #2877 ) ) ;
#2528 = CARTESIAN_POINT ( 'NONE',  ( 6.626345596729049880, -160.0000000000000000, -5.500000000000000000 ) ) ;
#2529 = ORIENTED_EDGE ( 'NONE', *, *, #4352, .T. ) ;
#2530 = CARTESIAN_POINT ( 'NONE',  ( -6.626345596729049880, -160.0000000000000000, 5.500000000000000000 ) ) ;
#2531 = UNCERTAINTY_MEASURE_WITH_UNIT (LENGTH_MEASURE( 1.000000000000000082E-05 ), #1402, 'distance_accuracy_value', 'NONE');
#2532 =( LENGTH_UNIT ( ) NAMED_UNIT ( * ) SI_UNIT ( .MILLI., .METRE. ) );
#2533 = MECHANICAL_DESIGN_GEOMETRIC_PRESENTATION_REPRESENTATION (  '', ( #4445 ), #1641 ) ;
#2534 = AXIS2_PLACEMENT_3D ( 'NONE', #180, #1545, #2963 ) ;
#2535 = ORIENTED_EDGE ( 'NONE', *, *, #1661, .T. ) ;
#2536 = PLANE ( 'NONE',  #4248 ) ;
#2537 = AXIS2_PLACEMENT_3D ( 'NONE', #2193, #1105, #3294 ) ;
#2538 = PLANE ( 'NONE',  #3439 ) ;
#2539 = CARTESIAN_POINT ( 'NONE',  ( 3.600000000000000089, -160.0000000000000000, -10.00000000000000000 ) ) ;
#2540 = CARTESIAN_POINT ( 'NONE',  ( 2.773654403270995328, -160.0000000000000000, 4.400000000000000355 ) ) ;
#2541 =( NAMED_UNIT ( * ) PLANE_ANGLE_UNIT ( ) SI_UNIT ( $, .RADIAN. ) );
#2542 = ORIENTED_EDGE ( 'NONE', *, *, #959, .T. ) ;
#2543 =( LENGTH_UNIT ( ) NAMED_UNIT ( * ) SI_UNIT ( .MILLI., .METRE. ) );
#2544 = VECTOR ( 'NONE', #3690, 1000.000000000000000 ) ;
#2545 = CARTESIAN_POINT ( 'NONE',  ( -8.349999999999999645, 160.0000000000000000, -5.000000000000000000 ) ) ;
#2546 = FILL_AREA_STYLE_COLOUR ( '', #4061 ) ;
#2547 = ADVANCED_FACE ( 'NONE', ( #4303 ), #2378, .F. ) ;
#2548 = VERTEX_POINT ( 'NONE', #2311 ) ;
#2549 = PRESENTATION_LAYER_ASSIGNMENT (  '', '', ( #154 ) ) ;
#2550 = SURFACE_STYLE_USAGE ( .BOTH. , #3184 ) ;
#2551 = EDGE_CURVE ( 'NONE', #1016, #2300, #3797, .T. ) ;
#2552 =( GEOMETRIC_REPRESENTATION_CONTEXT ( 3 ) GLOBAL_UNCERTAINTY_ASSIGNED_CONTEXT ( ( #2991 ) ) GLOBAL_UNIT_ASSIGNED_CONTEXT ( ( #4414, #2413, #673 ) ) REPRESENTATION_CONTEXT ( 'NONE', 'WORKASPACE' ) );
#2553 = PRESENTATION_STYLE_ASSIGNMENT (( #4350 ) ) ;
#2554 = ORIENTED_EDGE ( 'NONE', *, *, #1405, .T. ) ;
#2555 = FILL_AREA_STYLE ('',( #2206 ) ) ;
#2556 = DIRECTION ( 'NONE',  ( -1.172416807168114790E-16, -1.000000000000000000, -1.222436467041021059E-18 ) ) ;
#2557 = DIRECTION ( 'NONE',  ( -1.000000000000000000, 0.000000000000000000, 0.000000000000000000 ) ) ;
#2558 = PRESENTATION_STYLE_ASSIGNMENT (( #1153 ) ) ;
#2559 = ORIENTED_EDGE ( 'NONE', *, *, #343, .T. ) ;
#2560 = FACE_OUTER_BOUND ( 'NONE', #555, .T. ) ;
#2561 = STYLED_ITEM ( 'NONE', ( #2922 ), #2841 ) ;
#2562 = SURFACE_STYLE_FILL_AREA ( #2913 ) ;
#2563 = PRESENTATION_STYLE_ASSIGNMENT (( #3991 ) ) ;
#2564 = FILL_AREA_STYLE_COLOUR ( '', #2581 ) ;
#2565 = DIRECTION ( 'NONE',  ( -2.891205793294685327E-15, 0.000000000000000000, 1.000000000000000000 ) ) ;
#2566 = DIRECTION ( 'NONE',  ( -1.000000000000000000, 0.000000000000000000, 0.000000000000000000 ) ) ;
#2567 = ORIENTED_EDGE ( 'NONE', *, *, #843, .T. ) ;
#2568 = SURFACE_STYLE_FILL_AREA ( #890 ) ;
#2569 = CARTESIAN_POINT ( 'NONE',  ( -2.980761184457545010, 160.0000000000000000, -3.899999999999999911 ) ) ;
#2570 = ORIENTED_EDGE ( 'NONE', *, *, #2103, .F. ) ;
#2571 = SURFACE_STYLE_USAGE ( .BOTH. , #2274 ) ;
#2572 = ORIENTED_EDGE ( 'NONE', *, *, #3516, .T. ) ;
#2573 = CARTESIAN_POINT ( 'NONE',  ( 4.046446609406749495, 37.50000000000005684, 3.127207793864275498 ) ) ;
#2574 = ADVANCED_FACE ( 'NONE', ( #4020 ), #1380, .F. ) ;
#2575 = CARTESIAN_POINT ( 'NONE',  ( 3.127207793864283936, 37.50000000000005684, 4.046446609406743278 ) ) ;
#2576 = FACE_OUTER_BOUND ( 'NONE', #1323, .T. ) ;
#2577 = PRESENTATION_LAYER_ASSIGNMENT (  '', '', ( #42 ) ) ;
#2578 = CARTESIAN_POINT ( 'NONE',  ( 3.899999999999999911, -160.0000000000000000, -2.980761184457545010 ) ) ;
#2579 = ORIENTED_EDGE ( 'NONE', *, *, #3250, .F. ) ;
#2580 = CARTESIAN_POINT ( 'NONE',  ( 5.500000000000000000, -160.0000000000000000, -6.626345596729049880 ) ) ;
#2581 = COLOUR_RGB ( '',0.8941176470588234615, 0.9137254901960784048, 0.9294117647058823817 ) ;
#2582 = EDGE_CURVE ( 'NONE', #248, #113, #3292, .T. ) ;
#2583 = COLOUR_RGB ( '',0.8941176470588234615, 0.9137254901960784048, 0.9294117647058823817 ) ;
#2584 = EDGE_CURVE ( 'NONE', #2548, #155, #1734, .T. ) ;
#2585 = CARTESIAN_POINT ( 'NONE',  ( -8.349999999999999645, -160.0000000000000000, 5.500000000000000000 ) ) ;
#2586 = SURFACE_SIDE_STYLE ('',( #1489 ) ) ;
#2587 = DIRECTION ( 'NONE',  ( 8.673617379884035472E-16, 0.000000000000000000, -1.000000000000000000 ) ) ;
#2588 = PRESENTATION_LAYER_ASSIGNMENT (  '', '', ( #321 ) ) ;
#2589 = ORIENTED_EDGE ( 'NONE', *, *, #3586, .T. ) ;
#2590 =( NAMED_UNIT ( * ) PLANE_ANGLE_UNIT ( ) SI_UNIT ( $, .RADIAN. ) );
#2591 = DIRECTION ( 'NONE',  ( -1.000000000000000000, 1.172416807168115283E-16, 1.665334536937734811E-16 ) ) ;
#2592 = DIRECTION ( 'NONE',  ( -0.000000000000000000, 1.000000000000000000, -0.000000000000000000 ) ) ;
#2593 = SURFACE_SIDE_STYLE ('',( #834 ) ) ;
#2594 = PLANE ( 'NONE',  #3833 ) ;
#2595 = ORIENTED_EDGE ( 'NONE', *, *, #2805, .T. ) ;
#2596 =( LENGTH_UNIT ( ) NAMED_UNIT ( * ) SI_UNIT ( .MILLI., .METRE. ) );
#2597 = FACE_OUTER_BOUND ( 'NONE', #3582, .T. ) ;
#2598 = CARTESIAN_POINT ( 'NONE',  ( -8.849999999999999645, -160.0000000000000000, 3.100000000000000089 ) ) ;
#2599 = FACE_OUTER_BOUND ( 'NONE', #232, .T. ) ;
#2600 = ORIENTED_EDGE ( 'NONE', *, *, #2737, .T. ) ;
#2601 = EDGE_CURVE ( 'NONE', #4413, #3683, #3068, .T. ) ;
#2602 = DIRECTION ( 'NONE',  ( 0.000000000000000000, 0.000000000000000000, 1.000000000000000000 ) ) ;
#2603 = FACE_OUTER_BOUND ( 'NONE', #3207, .T. ) ;
#2604 =( NAMED_UNIT ( * ) PLANE_ANGLE_UNIT ( ) SI_UNIT ( $, .RADIAN. ) );
#2605 = EDGE_CURVE ( 'NONE', #3535, #2548, #581, .T. ) ;
#2606 = DIRECTION ( 'NONE',  ( 1.000000000000000000, -1.172416807168114790E-16, 0.000000000000000000 ) ) ;
#2607 = APPLICATION_CONTEXT ( 'automotive_design' ) ;
#2608 = EDGE_LOOP ( 'NONE', ( #3228, #2600, #114, #1287 ) ) ;
#2609 = VECTOR ( 'NONE', #3082, 1000.000000000000000 ) ;
#2610 = PRESENTATION_LAYER_ASSIGNMENT (  '', '', ( #3050 ) ) ;
#2611 = DIRECTION ( 'NONE',  ( 0.000000000000000000, 0.000000000000000000, -1.000000000000000000 ) ) ;
#2612 = SURFACE_STYLE_USAGE ( .BOTH. , #2677 ) ;
#2613 = EDGE_CURVE ( 'NONE', #3906, #1961, #3697, .T. ) ;
#2614 = ORIENTED_EDGE ( 'NONE', *, *, #4101, .T. ) ;
#2615 = SURFACE_STYLE_USAGE ( .BOTH. , #1592 ) ;
#2616 = VECTOR ( 'NONE', #66, 1000.000000000000000 ) ;
#2617 = VECTOR ( 'NONE', #594, 1000.000000000000000 ) ;
#2618 = ORIENTED_EDGE ( 'NONE', *, *, #3274, .F. ) ;
#2619 = SURFACE_STYLE_FILL_AREA ( #1549 ) ;
#2620 = UNCERTAINTY_MEASURE_WITH_UNIT (LENGTH_MEASURE( 1.000000000000000082E-05 ), #3668, 'distance_accuracy_value', 'NONE');
#2621 = LINE ( 'NONE', #1620, #1544 ) ;
#2622 = CARTESIAN_POINT ( 'NONE',  ( 5.000000000000000000, -160.0000000000000000, -8.349999999999999645 ) ) ;
#2623 = AXIS2_PLACEMENT_3D ( 'NONE', #2921, #2296, #1927 ) ;
#2624 = CARTESIAN_POINT ( 'NONE',  ( 5.000000000000000000, 37.50000000000005684, -8.349999999999999645 ) ) ;
#2625 = ORIENTED_EDGE ( 'NONE', *, *, #3504, .T. ) ;
#2626 = VECTOR ( 'NONE', #373, 1000.000000000000000 ) ;
#2627 = CARTESIAN_POINT ( 'NONE',  ( -8.349999999999999645, 160.0000000000000000, -5.500000000000000000 ) ) ;
#2628 = AXIS2_PLACEMENT_3D ( 'NONE', #157, #4262, #133 ) ;
#2629 = SURFACE_STYLE_FILL_AREA ( #129 ) ;
#2630 = DIRECTION ( 'NONE',  ( 0.000000000000000000, 0.000000000000000000, -1.000000000000000000 ) ) ;
#2631 = ORIENTED_EDGE ( 'NONE', *, *, #843, .F. ) ;
#2632 = STYLED_ITEM ( 'NONE', ( #2563 ), #2467 ) ;
#2633 = EDGE_CURVE ( 'NONE', #75, #3236, #1456, .T. ) ;
#2634 = DIRECTION ( 'NONE',  ( 1.454933294406559718E-16, 0.000000000000000000, 1.000000000000000000 ) ) ;
#2635 = AXIS2_PLACEMENT_3D ( 'NONE', #878, #2989, #2229 ) ;
#2636 = ORIENTED_EDGE ( 'NONE', *, *, #213, .T. ) ;
#2637 =( LENGTH_UNIT ( ) NAMED_UNIT ( * ) SI_UNIT ( .MILLI., .METRE. ) );
#2638 = EDGE_CURVE ( 'NONE', #1492, #1362, #3839, .T. ) ;
#2639 = CIRCLE ( 'NONE', #4276, 0.4999999999999995559 ) ;
#2640 = DIRECTION ( 'NONE',  ( 0.000000000000000000, 0.000000000000000000, -1.000000000000000000 ) ) ;
#2641 =( LENGTH_UNIT ( ) NAMED_UNIT ( * ) SI_UNIT ( .MILLI., .METRE. ) );
#2642 = ORIENTED_EDGE ( 'NONE', *, *, #3972, .F. ) ;
#2643 = DIRECTION ( 'NONE',  ( 0.000000000000000000, -1.000000000000000000, 0.000000000000000000 ) ) ;
#2644 =( LENGTH_UNIT ( ) NAMED_UNIT ( * ) SI_UNIT ( .MILLI., .METRE. ) );
#2645 = LINE ( 'NONE', #4274, #2544 ) ;
#2646 = FILL_AREA_STYLE_COLOUR ( '', #1532 ) ;
#2647 = FILL_AREA_STYLE_COLOUR ( '', #3886 ) ;
#2648 = VERTEX_POINT ( 'NONE', #1097 ) ;
#2649 = AXIS2_PLACEMENT_3D ( 'NONE', #146, #2929, #4275 ) ;
#2650 = STYLED_ITEM ( 'NONE', ( #3806 ), #3213 ) ;
#2651 = DIRECTION ( 'NONE',  ( -0.7071067811865474617, 0.000000000000000000, -0.7071067811865474617 ) ) ;
#2652 = DIRECTION ( 'NONE',  ( 0.000000000000000000, 0.000000000000000000, 1.000000000000000000 ) ) ;
#2653 =( GEOMETRIC_REPRESENTATION_CONTEXT ( 3 ) GLOBAL_UNCERTAINTY_ASSIGNED_CONTEXT ( ( #3689 ) ) GLOBAL_UNIT_ASSIGNED_CONTEXT ( ( #4060, #1991, #2363 ) ) REPRESENTATION_CONTEXT ( 'NONE', 'WORKASPACE' ) );
#2654 = AXIS2_PLACEMENT_3D ( 'NONE', #4383, #2379, #2696 ) ;
#2655 = ORIENTED_EDGE ( 'NONE', *, *, #3145, .T. ) ;
#2656 = AXIS2_PLACEMENT_3D ( 'NONE', #704, #1705, #2784 ) ;
#2657 = CARTESIAN_POINT ( 'NONE',  ( 9.500000000000000000, -160.0000000000000000, 3.100000000000000089 ) ) ;
#2658 = SURFACE_STYLE_FILL_AREA ( #3031 ) ;
#2659 = SURFACE_SIDE_STYLE ('',( #837 ) ) ;
#2660 = EDGE_LOOP ( 'NONE', ( #2410, #3386, #1254, #4000 ) ) ;
#2661 = CYLINDRICAL_SURFACE ( 'NONE', #3887, 0.9999999999999991118 ) ;
#2662 = PLANE ( 'NONE',  #1507 ) ;
#2663 = EDGE_CURVE ( 'NONE', #1972, #2033, #3513, .T. ) ;
#2664 = ORIENTED_EDGE ( 'NONE', *, *, #2103, .T. ) ;
#2665 = DIRECTION ( 'NONE',  ( -1.000000000000000000, 0.000000000000000000, 0.000000000000000000 ) ) ;
#2666 = UNCERTAINTY_MEASURE_WITH_UNIT (LENGTH_MEASURE( 1.000000000000000082E-05 ), #3115, 'distance_accuracy_value', 'NONE');
#2667 = CARTESIAN_POINT ( 'NONE',  ( 3.127207793864275054, -160.0000000000000000, -4.046446609406749495 ) ) ;
#2668 =( NAMED_UNIT ( * ) SI_UNIT ( $, .STERADIAN. ) SOLID_ANGLE_UNIT ( ) );
#2669 = DIRECTION ( 'NONE',  ( 1.796932204708914853E-15, 0.000000000000000000, 1.000000000000000000 ) ) ;
#2670 = ORIENTED_EDGE ( 'NONE', *, *, #4327, .T. ) ;
#2671 =( NAMED_UNIT ( * ) PLANE_ANGLE_UNIT ( ) SI_UNIT ( $, .RADIAN. ) );
#2672 =( NAMED_UNIT ( * ) SI_UNIT ( $, .STERADIAN. ) SOLID_ANGLE_UNIT ( ) );
#2673 = DIRECTION ( 'NONE',  ( 0.000000000000000000, 1.000000000000000000, 0.000000000000000000 ) ) ;
#2674 = CARTESIAN_POINT ( 'NONE',  ( 6.626345596729049880, 160.0000000000000000, -5.000000000000000000 ) ) ;
#2675 = ORIENTED_EDGE ( 'NONE', *, *, #3355, .T. ) ;
#2676 = SURFACE_STYLE_USAGE ( .BOTH. , #917 ) ;
#2677 = SURFACE_SIDE_STYLE ('',( #1265 ) ) ;
#2678 = DIRECTION ( 'NONE',  ( 1.172416807168114790E-16, 1.000000000000000000, 1.222436467041021059E-18 ) ) ;
#2679 = PRESENTATION_STYLE_ASSIGNMENT (( #4370 ) ) ;
#2680 = ORIENTED_EDGE ( 'NONE', *, *, #3882, .F. ) ;
#2681 = MECHANICAL_DESIGN_GEOMETRIC_PRESENTATION_REPRESENTATION (  '', ( #274 ), #855 ) ;
#2682 =( NAMED_UNIT ( * ) PLANE_ANGLE_UNIT ( ) SI_UNIT ( $, .RADIAN. ) );
#2683 = VECTOR ( 'NONE', #1055, 1000.000000000000000 ) ;
#2684 =( NAMED_UNIT ( * ) SI_UNIT ( $, .STERADIAN. ) SOLID_ANGLE_UNIT ( ) );
#2685 = VERTEX_POINT ( 'NONE', #3888 ) ;
#2686 = CIRCLE ( 'NONE', #2985, 0.5000000000000004441 ) ;
#2687 = VECTOR ( 'NONE', #3550, 999.9999999999998863 ) ;
#2688 = DIRECTION ( 'NONE',  ( 0.000000000000000000, 0.000000000000000000, -1.000000000000000000 ) ) ;
#2689 = EDGE_CURVE ( 'NONE', #958, #3851, #3424, .T. ) ;
#2690 = CARTESIAN_POINT ( 'NONE',  ( -7.849999999999999645, -160.0000000000000000, 5.000000000000000000 ) ) ;
#2691 = MECHANICAL_DESIGN_GEOMETRIC_PRESENTATION_REPRESENTATION (  '', ( #2757 ), #425 ) ;
#2692 = DIRECTION ( 'NONE',  ( 1.734723475976807094E-15, 0.000000000000000000, -1.000000000000000000 ) ) ;
#2693 = ORIENTED_EDGE ( 'NONE', *, *, #2716, .T. ) ;
#2694 = CARTESIAN_POINT ( 'NONE',  ( 5.500000000000000000, 160.0000000000000000, -8.349999999999999645 ) ) ;
#2695 = DIRECTION ( 'NONE',  ( 0.000000000000000000, 1.000000000000000000, 0.000000000000000000 ) ) ;
#2696 = DIRECTION ( 'NONE',  ( 0.000000000000000000, 0.000000000000000000, -1.000000000000000000 ) ) ;
#2697 = PRESENTATION_LAYER_ASSIGNMENT (  '', '', ( #3761 ) ) ;
#2698 = ORIENTED_EDGE ( 'NONE', *, *, #2713, .T. ) ;
#2699 = COLOUR_RGB ( '',0.8941176470588234615, 0.9137254901960784048, 0.9294117647058823817 ) ;
#2700 = PLANE ( 'NONE',  #2038 ) ;
#2701 = FILL_AREA_STYLE ('',( #3704 ) ) ;
#2702 = LINE ( 'NONE', #2408, #1453 ) ;
#2703 = FILL_AREA_STYLE_COLOUR ( '', #3817 ) ;
#2704 = VERTEX_POINT ( 'NONE', #2157 ) ;
#2705 =( NAMED_UNIT ( * ) SI_UNIT ( $, .STERADIAN. ) SOLID_ANGLE_UNIT ( ) );
#2706 = AXIS2_PLACEMENT_3D ( 'NONE', #3387, #2085, #2772 ) ;
#2707 = DIRECTION ( 'NONE',  ( 0.000000000000000000, -1.000000000000000000, 0.000000000000000000 ) ) ;
#2708 = ORIENTED_EDGE ( 'NONE', *, *, #51, .F. ) ;
#2709 = CIRCLE ( 'NONE', #1601, 0.4999999999999995559 ) ;
#2710 = UNCERTAINTY_MEASURE_WITH_UNIT (LENGTH_MEASURE( 1.000000000000000082E-05 ), #977, 'distance_accuracy_value', 'NONE');
#2711 = LINE ( 'NONE', #2779, #3436 ) ;
#2712 = SURFACE_STYLE_FILL_AREA ( #1959 ) ;
#2713 = EDGE_CURVE ( 'NONE', #4278, #1907, #2181, .T. ) ;
#2714 = ORIENTED_EDGE ( 'NONE', *, *, #603, .F. ) ;
#2715 = CARTESIAN_POINT ( 'NONE',  ( 9.000000000000000000, 160.0000000000000000, 10.00000000000000000 ) ) ;
#2716 = EDGE_CURVE ( 'NONE', #9, #1548, #2346, .T. ) ;
#2717 = ORIENTED_EDGE ( 'NONE', *, *, #4268, .F. ) ;
#2718 = VECTOR ( 'NONE', #3313, 1000.000000000000000 ) ;
#2719 = DIRECTION ( 'NONE',  ( 9.637352644315589080E-17, 0.000000000000000000, 1.000000000000000000 ) ) ;
#2720 = LINE ( 'NONE', #300, #4402 ) ;
#2721 = VECTOR ( 'NONE', #3766, 1000.000000000000000 ) ;
#2722 = LINE ( 'NONE', #1612, #3023 ) ;
#2723 =( GEOMETRIC_REPRESENTATION_CONTEXT ( 3 ) GLOBAL_UNCERTAINTY_ASSIGNED_CONTEXT ( ( #2801 ) ) GLOBAL_UNIT_ASSIGNED_CONTEXT ( ( #3072, #1671, #4408 ) ) REPRESENTATION_CONTEXT ( 'NONE', 'WORKASPACE' ) );
#2724 = SURFACE_STYLE_USAGE ( .BOTH. , #1029 ) ;
#2725 = ORIENTED_EDGE ( 'NONE', *, *, #1383, .T. ) ;
#2726 = ADVANCED_FACE ( 'NONE', ( #95 ), #72, .F. ) ;
#2727 = MECHANICAL_DESIGN_GEOMETRIC_PRESENTATION_REPRESENTATION (  '', ( #4215 ), #3942 ) ;
#2728 =( LENGTH_UNIT ( ) NAMED_UNIT ( * ) SI_UNIT ( .MILLI., .METRE. ) );
#2729 = PRESENTATION_LAYER_ASSIGNMENT (  '', '', ( #3022 ) ) ;
#2730 = EDGE_LOOP ( 'NONE', ( #1691, #4031, #1162, #3731 ) ) ;
#2731 = DIRECTION ( 'NONE',  ( 0.000000000000000000, -1.000000000000000000, 0.000000000000000000 ) ) ;
#2732 = DIRECTION ( 'NONE',  ( 0.000000000000000000, -1.222436467041021059E-18, 1.000000000000000000 ) ) ;
#2733 = ORIENTED_EDGE ( 'NONE', *, *, #4447, .T. ) ;
#2734 = CARTESIAN_POINT ( 'NONE',  ( 10.00000000000000000, -160.0000000000000000, 9.000000000000000000 ) ) ;
#2735 = FACE_OUTER_BOUND ( 'NONE', #2425, .T. ) ;
#2736 = FACE_OUTER_BOUND ( 'NONE', #1264, .T. ) ;
#2737 = EDGE_CURVE ( 'NONE', #1224, #721, #2348, .T. ) ;
#2738 = ORIENTED_EDGE ( 'NONE', *, *, #4447, .F. ) ;
#2739 = EDGE_CURVE ( 'NONE', #409, #3951, #3146, .T. ) ;
#2740 = FILL_AREA_STYLE ('',( #2100 ) ) ;
#2741 = DIRECTION ( 'NONE',  ( 0.000000000000000000, -1.000000000000000000, 0.000000000000000000 ) ) ;
#2742 = DIRECTION ( 'NONE',  ( 1.172416807168114790E-16, 1.000000000000000000, 1.222436467041021059E-18 ) ) ;
#2743 = CARTESIAN_POINT ( 'NONE',  ( -9.000000000000000000, -160.0000000000000000, -9.000000000000000000 ) ) ;
#2744 = ORIENTED_EDGE ( 'NONE', *, *, #1357, .T. ) ;
#2745 = PLANE ( 'NONE',  #2182 ) ;
#2746 = AXIS2_PLACEMENT_3D ( 'NONE', #2838, #2490, #2786 ) ;
#2747 = ORIENTED_EDGE ( 'NONE', *, *, #986, .T. ) ;
#2748 = VECTOR ( 'NONE', #2974, 1000.000000000000000 ) ;
#2749 = SURFACE_STYLE_FILL_AREA ( #4416 ) ;
#2750 = CARTESIAN_POINT ( 'NONE',  ( -3.600000000000000089, -160.0000000000000000, 8.349999999999999645 ) ) ;
#2751 = PRESENTATION_STYLE_ASSIGNMENT (( #8 ) ) ;
#2752 = CIRCLE ( 'NONE', #3407, 0.4999999999999995559 ) ;
#2753 = PRESENTATION_LAYER_ASSIGNMENT (  '', '', ( #853 ) ) ;
#2754 = ORIENTED_EDGE ( 'NONE', *, *, #676, .F. ) ;
#2755 = CARTESIAN_POINT ( 'NONE',  ( -5.000000000000000000, -160.0000000000000000, -7.849999999999999645 ) ) ;
#2756 = SURFACE_STYLE_FILL_AREA ( #3848 ) ;
#2757 = STYLED_ITEM ( 'NONE', ( #3326 ), #1606 ) ;
#2758 =( NAMED_UNIT ( * ) PLANE_ANGLE_UNIT ( ) SI_UNIT ( $, .RADIAN. ) );
#2759 = SURFACE_STYLE_USAGE ( .BOTH. , #689 ) ;
#2760 = ORIENTED_EDGE ( 'NONE', *, *, #23, .F. ) ;
#2761 = STYLED_ITEM ( 'NONE', ( #3885 ), #1771 ) ;
#2762 = DIRECTION ( 'NONE',  ( 1.000000000000000000, 0.000000000000000000, -9.637352644315589080E-17 ) ) ;
#2763 = DIRECTION ( 'NONE',  ( 0.000000000000000000, -1.000000000000000000, 0.000000000000000000 ) ) ;
#2764 = CIRCLE ( 'NONE', #2407, 0.5000000000000004441 ) ;
#2765 = CARTESIAN_POINT ( 'NONE',  ( -7.849999999999999645, 37.50000000000006395, -5.000000000000000000 ) ) ;
#2766 = DIRECTION ( 'NONE',  ( 1.927470528863119788E-16, 0.000000000000000000, 1.000000000000000000 ) ) ;
#2767 = CARTESIAN_POINT ( 'NONE',  ( 9.500000000000000000, 37.50000000000005684, 3.600000000000000089 ) ) ;
#2768 = VERTEX_POINT ( 'NONE', #141 ) ;
#2769 = EDGE_CURVE ( 'NONE', #2380, #4391, #4154, .T. ) ;
#2770 = CIRCLE ( 'NONE', #441, 0.4999999999999995559 ) ;
#2771 =( NAMED_UNIT ( * ) SI_UNIT ( $, .STERADIAN. ) SOLID_ANGLE_UNIT ( ) );
#2772 = DIRECTION ( 'NONE',  ( 0.000000000000000000, 0.000000000000000000, -1.000000000000000000 ) ) ;
#2773 = VECTOR ( 'NONE', #475, 1000.000000000000000 ) ;
#2774 = EDGE_CURVE ( 'NONE', #3945, #1479, #4059, .T. ) ;
#2775 = ORIENTED_EDGE ( 'NONE', *, *, #1137, .F. ) ;
#2776 = EDGE_CURVE ( 'NONE', #351, #2324, #1433, .T. ) ;
#2777 = MECHANICAL_DESIGN_GEOMETRIC_PRESENTATION_REPRESENTATION (  '', ( #2561 ), #2864 ) ;
#2778 = FILL_AREA_STYLE ('',( #1359 ) ) ;
#2779 = CARTESIAN_POINT ( 'NONE',  ( 10.00000000000000000, 37.50000000000005684, 9.000000000000000000 ) ) ;
#2780 = CARTESIAN_POINT ( 'NONE',  ( -5.000000000000000000, -160.0000000000000000, 8.349999999999999645 ) ) ;
#2781 = PRESENTATION_LAYER_ASSIGNMENT (  '', '', ( #241 ) ) ;
#2782 = EDGE_LOOP ( 'NONE', ( #2936, #4191, #1395, #2140 ) ) ;
#2783 = CARTESIAN_POINT ( 'NONE',  ( 5.000000000000000000, -160.0000000000000000, 7.849999999999999645 ) ) ;
#2784 = DIRECTION ( 'NONE',  ( 2.628368902995180761E-16, 0.000000000000000000, -1.000000000000000000 ) ) ;
#2785 = DIRECTION ( 'NONE',  ( 0.000000000000000000, 0.000000000000000000, -1.000000000000000000 ) ) ;
#2786 = DIRECTION ( 'NONE',  ( 0.000000000000000000, 0.000000000000000000, 1.000000000000000000 ) ) ;
#2787 = VERTEX_POINT ( 'NONE', #4175 ) ;
#2788 = CYLINDRICAL_SURFACE ( 'NONE', #4171, 0.5000000000000000000 ) ;
#2789 = CARTESIAN_POINT ( 'NONE',  ( 1.072674902363915143E-14, 160.0000000000000000, 2.600000000000006750 ) ) ;
#2790 = FILL_AREA_STYLE ('',( #4166 ) ) ;
#2791 = FILL_AREA_STYLE ('',( #1816 ) ) ;
#2792 =( NAMED_UNIT ( * ) PLANE_ANGLE_UNIT ( ) SI_UNIT ( $, .RADIAN. ) );
#2793 = ORIENTED_EDGE ( 'NONE', *, *, #29, .T. ) ;
#2794 = COLOUR_RGB ( '',0.8941176470588234615, 0.9137254901960784048, 0.9294117647058823817 ) ;
#2795 = AXIS2_PLACEMENT_3D ( 'NONE', #3630, #3246, #2266 ) ;
#2796 = CARTESIAN_POINT ( 'NONE',  ( 6.272792206135779480, 37.50000000000005684, -5.353553390593269512 ) ) ;
#2797 = ADVANCED_FACE ( 'NONE', ( #2483 ), #1234, .T. ) ;
#2798 = AXIS2_PLACEMENT_3D ( 'NONE', #3170, #1381, #1872 ) ;
#2799 = ORIENTED_EDGE ( 'NONE', *, *, #2584, .T. ) ;
#2800 = COLOUR_RGB ( '',0.8941176470588234615, 0.9137254901960784048, 0.9294117647058823817 ) ;
#2801 = UNCERTAINTY_MEASURE_WITH_UNIT (LENGTH_MEASURE( 1.000000000000000082E-05 ), #3072, 'distance_accuracy_value', 'NONE');
#2802 = PRODUCT_CONTEXT ( 'NONE', #2607, 'mechanical' ) ;
#2803 = CARTESIAN_POINT ( 'NONE',  ( -8.349999999999999645, -160.0000000000000000, -3.100000000000000089 ) ) ;
#2804 =( GEOMETRIC_REPRESENTATION_CONTEXT ( 3 ) GLOBAL_UNCERTAINTY_ASSIGNED_CONTEXT ( ( #4217 ) ) GLOBAL_UNIT_ASSIGNED_CONTEXT ( ( #3447, #3519, #406 ) ) REPRESENTATION_CONTEXT ( 'NONE', 'WORKASPACE' ) );
#2805 = EDGE_CURVE ( 'NONE', #808, #440, #2195, .T. ) ;
#2806 = DIRECTION ( 'NONE',  ( 0.000000000000000000, 0.000000000000000000, 1.000000000000000000 ) ) ;
#2807 = MECHANICAL_DESIGN_GEOMETRIC_PRESENTATION_REPRESENTATION (  '', ( #321 ), #4077 ) ;
#2808 = CARTESIAN_POINT ( 'NONE',  ( 9.500000000000000000, -160.0000000000000000, 3.100000000000000089 ) ) ;
#2809 = DIRECTION ( 'NONE',  ( 0.000000000000000000, 0.000000000000000000, 1.000000000000000000 ) ) ;
#2810 = ORIENTED_EDGE ( 'NONE', *, *, #491, .T. ) ;
#2811 = ORIENTED_EDGE ( 'NONE', *, *, #2268, .F. ) ;
#2812 = DIRECTION ( 'NONE',  ( -0.000000000000000000, 1.000000000000000000, -0.000000000000000000 ) ) ;
#2813 = UNCERTAINTY_MEASURE_WITH_UNIT (LENGTH_MEASURE( 1.000000000000000082E-05 ), #1441, 'distance_accuracy_value', 'NONE');
#2814 = SURFACE_STYLE_USAGE ( .BOTH. , #1083 ) ;
#2815 =( NAMED_UNIT ( * ) SI_UNIT ( $, .STERADIAN. ) SOLID_ANGLE_UNIT ( ) );
#2816 = CARTESIAN_POINT ( 'NONE',  ( -2.773654403270995328, 160.0000000000000000, -3.899999999999999911 ) ) ;
#2817 = ORIENTED_EDGE ( 'NONE', *, *, #3402, .T. ) ;
#2818 =( NAMED_UNIT ( * ) PLANE_ANGLE_UNIT ( ) SI_UNIT ( $, .RADIAN. ) );
#2819 = LINE ( 'NONE', #2869, #1920 ) ;
#2820 = CARTESIAN_POINT ( 'NONE',  ( -4.046446609406731731, 37.50000000000005684, 3.127207793864304364 ) ) ;
#2821 = CARTESIAN_POINT ( 'NONE',  ( -3.100000000000000089, -160.0000000000000000, -8.849999999999999645 ) ) ;
#2822 = DIRECTION ( 'NONE',  ( 0.000000000000000000, 0.000000000000000000, -1.000000000000000000 ) ) ;
#2823 = ORIENTED_EDGE ( 'NONE', *, *, #1332, .F. ) ;
#2824 = SURFACE_STYLE_FILL_AREA ( #3861 ) ;
#2825 = ORIENTED_EDGE ( 'NONE', *, *, #2582, .F. ) ;
#2826 = DIRECTION ( 'NONE',  ( 0.000000000000000000, -1.000000000000000000, 0.000000000000000000 ) ) ;
#2827 = CIRCLE ( 'NONE', #2326, 0.4999999999999995559 ) ;
#2828 = CARTESIAN_POINT ( 'NONE',  ( 2.773654403270995328, 160.0000000000000000, -4.400000000000000355 ) ) ;
#2829 = FACE_OUTER_BOUND ( 'NONE', #3285, .T. ) ;
#2830 = VERTEX_POINT ( 'NONE', #2298 ) ;
#2831 = AXIS2_PLACEMENT_3D ( 'NONE', #3830, #3367, #709 ) ;
#2832 = EDGE_CURVE ( 'NONE', #1772, #1809, #900, .T. ) ;
#2833 = CARTESIAN_POINT ( 'NONE',  ( 5.000000000000000000, 37.50000000000005684, 8.349999999999999645 ) ) ;
#2834 = CARTESIAN_POINT ( 'NONE',  ( 3.899999999999999911, 37.50000000000005684, -2.773654403271000213 ) ) ;
#2835 = CARTESIAN_POINT ( 'NONE',  ( -5.353553390593273065, 37.50000000000005684, 6.272792206135776816 ) ) ;
#2836 = STYLED_ITEM ( 'NONE', ( #2553 ), #1135 ) ;
#2837 = COLOUR_RGB ( '',0.8941176470588234615, 0.9137254901960784048, 0.9294117647058823817 ) ;
#2838 = CARTESIAN_POINT ( 'NONE',  ( 5.000000000000000000, 160.0000000000000000, -6.626345596729049880 ) ) ;
#2839 = ORIENTED_EDGE ( 'NONE', *, *, #791, .F. ) ;
#2840 = FILL_AREA_STYLE ('',( #3155 ) ) ;
#2841 = ADVANCED_FACE ( 'NONE', ( #592 ), #499, .T. ) ;
#2842 = AXIS2_PLACEMENT_3D ( 'NONE', #394, #3178, #2848 ) ;
#2843 = AXIS2_PLACEMENT_3D ( 'NONE', #2755, #3433, #1018 ) ;
#2844 = DIRECTION ( 'NONE',  ( 0.000000000000000000, 0.000000000000000000, -1.000000000000000000 ) ) ;
#2845 = CARTESIAN_POINT ( 'NONE',  ( 3.899999999999999911, 160.0000000000000000, -2.980761184457545010 ) ) ;
#2846 =( NAMED_UNIT ( * ) SI_UNIT ( $, .STERADIAN. ) SOLID_ANGLE_UNIT ( ) );
#2847 = CIRCLE ( 'NONE', #3276, 0.5000000000000004441 ) ;
#2848 = DIRECTION ( 'NONE',  ( -0.7071067811865431318, 0.000000000000000000, -0.7071067811865520136 ) ) ;
#2849 = ORIENTED_EDGE ( 'NONE', *, *, #2638, .T. ) ;
#2850 = VECTOR ( 'NONE', #565, 1000.000000000000000 ) ;
#2851 = CARTESIAN_POINT ( 'NONE',  ( 8.349999999999999645, 37.50000000000005684, 3.600000000000000089 ) ) ;
#2852 = DIRECTION ( 'NONE',  ( 0.000000000000000000, -1.000000000000000000, 0.000000000000000000 ) ) ;
#2853 = ORIENTED_EDGE ( 'NONE', *, *, #2160, .F. ) ;
#2854 = PRODUCT_DEFINITION_CONTEXT ( 'detailed design', #912, 'design' ) ;
#2855 = DIRECTION ( 'NONE',  ( -0.000000000000000000, 1.000000000000000000, -0.000000000000000000 ) ) ;
#2856 = CIRCLE ( 'NONE', #659, 0.5000000000000004441 ) ;
#2857 = CARTESIAN_POINT ( 'NONE',  ( 8.349999999999999645, -160.0000000000000000, 3.100000000000000089 ) ) ;
#2858 = CARTESIAN_POINT ( 'NONE',  ( -3.100000000000000089, 160.0000000000000000, -9.500000000000000000 ) ) ;
#2859 = ORIENTED_EDGE ( 'NONE', *, *, #245, .F. ) ;
#2860 = PRESENTATION_LAYER_ASSIGNMENT (  '', '', ( #3143 ) ) ;
#2861 = UNCERTAINTY_MEASURE_WITH_UNIT (LENGTH_MEASURE( 1.000000000000000082E-05 ), #777, 'distance_accuracy_value', 'NONE');
#2862 = DIRECTION ( 'NONE',  ( -1.000000000000000000, 0.000000000000000000, 0.000000000000000000 ) ) ;
#2863 = CARTESIAN_POINT ( 'NONE',  ( 3.899999999999999911, 160.0000000000000000, -2.773654403270999769 ) ) ;
#2864 =( GEOMETRIC_REPRESENTATION_CONTEXT ( 3 ) GLOBAL_UNCERTAINTY_ASSIGNED_CONTEXT ( ( #3518 ) ) GLOBAL_UNIT_ASSIGNED_CONTEXT ( ( #1928, #3938, #1880 ) ) REPRESENTATION_CONTEXT ( 'NONE', 'WORKASPACE' ) );
#2865 = EDGE_CURVE ( 'NONE', #703, #3535, #525, .T. ) ;
#2866 = ORIENTED_EDGE ( 'NONE', *, *, #3516, .F. ) ;
#2867 = DIRECTION ( 'NONE',  ( -1.000000000000000000, 0.000000000000000000, 0.000000000000000000 ) ) ;
#2868 = VECTOR ( 'NONE', #3767, 1000.000000000000000 ) ;
#2869 = CARTESIAN_POINT ( 'NONE',  ( 8.349999999999999645, 37.50000000000005684, 3.600000000000000089 ) ) ;
#2870 = DIRECTION ( 'NONE',  ( -1.000000000000000000, 1.172416807168114790E-16, 2.501715388811282063E-15 ) ) ;
#2871 = ADVANCED_FACE ( 'NONE', ( #2965 ), #1207, .T. ) ;
#2872 = EDGE_CURVE ( 'NONE', #611, #1492, #1657, .T. ) ;
#2873 = EDGE_LOOP ( 'NONE', ( #2898, #4406, #3566, #2811 ) ) ;
#2874 = SURFACE_STYLE_USAGE ( .BOTH. , #3484 ) ;
#2875 = EDGE_LOOP ( 'NONE', ( #1981, #1176, #493, #1430 ) ) ;
#2876 = STYLED_ITEM ( 'NONE', ( #2305 ), #3796 ) ;
#2877 = SURFACE_STYLE_USAGE ( .BOTH. , #771 ) ;
#2878 =( GEOMETRIC_REPRESENTATION_CONTEXT ( 3 ) GLOBAL_UNCERTAINTY_ASSIGNED_CONTEXT ( ( #2016 ) ) GLOBAL_UNIT_ASSIGNED_CONTEXT ( ( #1227, #4041, #962 ) ) REPRESENTATION_CONTEXT ( 'NONE', 'WORKASPACE' ) );
#2879 = SURFACE_STYLE_FILL_AREA ( #3011 ) ;
#2880 = MECHANICAL_DESIGN_GEOMETRIC_PRESENTATION_REPRESENTATION (  '', ( #317 ), #2723 ) ;
#2881 = ORIENTED_EDGE ( 'NONE', *, *, #600, .T. ) ;
#2882 = FILL_AREA_STYLE_COLOUR ( '', #3808 ) ;
#2883 = DIRECTION ( 'NONE',  ( -1.000000000000000000, 0.000000000000000000, 5.840029665304000586E-15 ) ) ;
#2884 = CARTESIAN_POINT ( 'NONE',  ( 9.500000000000000000, -160.0000000000000000, -3.600000000000000089 ) ) ;
#2885 = FILL_AREA_STYLE ('',( #1465 ) ) ;
#2886 = PRESENTATION_LAYER_ASSIGNMENT (  '', '', ( #975 ) ) ;
#2887 = VECTOR ( 'NONE', #4086, 1000.000000000000000 ) ;
#2888 = ORIENTED_EDGE ( 'NONE', *, *, #3247, .F. ) ;
#2889 = SURFACE_SIDE_STYLE ('',( #2492 ) ) ;
#2890 = EDGE_CURVE ( 'NONE', #2443, #1386, #966, .T. ) ;
#2891 = FILL_AREA_STYLE_COLOUR ( '', #391 ) ;
#2892 = FACE_OUTER_BOUND ( 'NONE', #1293, .T. ) ;
#2893 = SURFACE_SIDE_STYLE ('',( #738 ) ) ;
#2894 = EDGE_LOOP ( 'NONE', ( #2793, #3539, #3835, #57 ) ) ;
#2895 = EDGE_CURVE ( 'NONE', #989, #3930, #1092, .T. ) ;
#2896 = CARTESIAN_POINT ( 'NONE',  ( -3.600000000000000089, 160.0000000000000000, -9.500000000000000000 ) ) ;
#2897 = ORIENTED_EDGE ( 'NONE', *, *, #2584, .F. ) ;
#2898 = ORIENTED_EDGE ( 'NONE', *, *, #1438, .T. ) ;
#2899 = FILL_AREA_STYLE ('',( #4437 ) ) ;
#2900 = DIRECTION ( 'NONE',  ( -1.172416807168114790E-16, -1.000000000000000000, -1.222436467041021059E-18 ) ) ;
#2901 =( LENGTH_UNIT ( ) NAMED_UNIT ( * ) SI_UNIT ( .MILLI., .METRE. ) );
#2902 = ORIENTED_EDGE ( 'NONE', *, *, #978, .F. ) ;
#2903 = CARTESIAN_POINT ( 'NONE',  ( 3.127207793864275054, -160.0000000000000000, 4.046446609406749495 ) ) ;
#2904 = UNCERTAINTY_MEASURE_WITH_UNIT (LENGTH_MEASURE( 1.000000000000000082E-05 ), #2151, 'distance_accuracy_value', 'NONE');
#2905 = SURFACE_STYLE_FILL_AREA ( #861 ) ;
#2906 = CARTESIAN_POINT ( 'NONE',  ( 3.100000000000000089, -160.0000000000000000, 8.349999999999999645 ) ) ;
#2907 = SURFACE_SIDE_STYLE ('',( #1486 ) ) ;
#2908 = PRESENTATION_LAYER_ASSIGNMENT (  '', '', ( #416 ) ) ;
#2909 = VECTOR ( 'NONE', #4140, 1000.000000000000000 ) ;
#2910 = ORIENTED_EDGE ( 'NONE', *, *, #2052, .T. ) ;
#2911 = DIRECTION ( 'NONE',  ( -1.734723475976808672E-15, 0.000000000000000000, -1.000000000000000000 ) ) ;
#2912 = STYLED_ITEM ( 'NONE', ( #4362 ), #372 ) ;
#2913 = FILL_AREA_STYLE ('',( #1764 ) ) ;
#2914 = DIRECTION ( 'NONE',  ( -0.7071067811865475727, 0.000000000000000000, 0.7071067811865475727 ) ) ;
#2915 = ORIENTED_EDGE ( 'NONE', *, *, #3921, .T. ) ;
#2916 = AXIS2_PLACEMENT_3D ( 'NONE', #2067, #1639, #4133 ) ;
#2917 = EDGE_CURVE ( 'NONE', #3078, #2648, #3215, .T. ) ;
#2918 = ORIENTED_EDGE ( 'NONE', *, *, #137, .T. ) ;
#2919 = DIRECTION ( 'NONE',  ( -1.000000000000000000, 0.000000000000000000, 0.000000000000000000 ) ) ;
#2920 = COLOUR_RGB ( '',0.8941176470588234615, 0.9137254901960784048, 0.9294117647058823817 ) ;
#2921 = CARTESIAN_POINT ( 'NONE',  ( -5.000000000000000000, 37.50000000000005684, -7.849999999999999645 ) ) ;
#2922 = PRESENTATION_STYLE_ASSIGNMENT (( #3369 ) ) ;
#2923 = COLOUR_RGB ( '',0.8941176470588234615, 0.9137254901960784048, 0.9294117647058823817 ) ;
#2924 = EDGE_CURVE ( 'NONE', #3828, #294, #164, .T. ) ;
#2925 = ORIENTED_EDGE ( 'NONE', *, *, #4005, .F. ) ;
#2926 = AXIS2_PLACEMENT_3D ( 'NONE', #3740, #3093, #1245 ) ;
#2927 = DIRECTION ( 'NONE',  ( 2.168404344971010446E-15, 0.000000000000000000, 1.000000000000000000 ) ) ;
#2928 = SURFACE_SIDE_STYLE ('',( #4357 ) ) ;
#2929 = DIRECTION ( 'NONE',  ( 1.172416807168114790E-16, 1.000000000000000000, 1.222436467041021059E-18 ) ) ;
#2930 = COLOUR_RGB ( '',0.8941176470588234615, 0.9137254901960784048, 0.9294117647058823817 ) ;
#2931 = EDGE_LOOP ( 'NONE', ( #3675, #2355, #3123, #1619 ) ) ;
#2932 = CARTESIAN_POINT ( 'NONE',  ( -3.100000000000000089, -160.0000000000000000, 8.849999999999999645 ) ) ;
#2933 = CYLINDRICAL_SURFACE ( 'NONE', #2146, 0.5000000000000004441 ) ;
#2934 = LINE ( 'NONE', #1892, #1233 ) ;
#2935 = DIRECTION ( 'NONE',  ( -1.000000000000000000, 0.000000000000000000, 0.000000000000000000 ) ) ;
#2936 = ORIENTED_EDGE ( 'NONE', *, *, #3006, .F. ) ;
#2937 = PRESENTATION_LAYER_ASSIGNMENT (  '', '', ( #25 ) ) ;
#2938 = LINE ( 'NONE', #1203, #2109 ) ;
#2939 = PLANE ( 'NONE',  #2798 ) ;
#2940 =( NAMED_UNIT ( * ) SI_UNIT ( $, .STERADIAN. ) SOLID_ANGLE_UNIT ( ) );
#2941 = ORIENTED_EDGE ( 'NONE', *, *, #2739, .F. ) ;
#2942 = DIRECTION ( 'NONE',  ( 1.000000000000000000, 0.000000000000000000, 0.000000000000000000 ) ) ;
#2943 = ADVANCED_FACE ( 'NONE', ( #3771 ), #3037, .T. ) ;
#2944 = ORIENTED_EDGE ( 'NONE', *, *, #2179, .T. ) ;
#2945 = PRESENTATION_STYLE_ASSIGNMENT (( #3286 ) ) ;
#2946 = UNCERTAINTY_MEASURE_WITH_UNIT (LENGTH_MEASURE( 1.000000000000000082E-05 ), #1205, 'distance_accuracy_value', 'NONE');
#2947 = EDGE_CURVE ( 'NONE', #2787, #1362, #3810, .T. ) ;
#2948 = VECTOR ( 'NONE', #1054, 1000.000000000000000 ) ;
#2949 = AXIS2_PLACEMENT_3D ( 'NONE', #3587, #3560, #1865 ) ;
#2950 = LINE ( 'NONE', #1807, #3262 ) ;
#2951 = ORIENTED_EDGE ( 'NONE', *, *, #3693, .F. ) ;
#2952 = DIRECTION ( 'NONE',  ( -1.172416807168114790E-16, -1.000000000000000000, -1.222436467041021059E-18 ) ) ;
#2953 = VECTOR ( 'NONE', #121, 1000.000000000000000 ) ;
#2954 = MECHANICAL_DESIGN_GEOMETRIC_PRESENTATION_REPRESENTATION (  '', ( #3509 ), #3235 ) ;
#2955 = DIRECTION ( 'NONE',  ( -1.796932204708914853E-15, 0.000000000000000000, 1.000000000000000000 ) ) ;
#2956 = COLOUR_RGB ( '',0.8941176470588234615, 0.9137254901960784048, 0.9294117647058823817 ) ;
#2957 = SURFACE_STYLE_FILL_AREA ( #175 ) ;
#2958 = CARTESIAN_POINT ( 'NONE',  ( 8.849999999999999645, 160.0000000000000000, 3.100000000000000089 ) ) ;
#2959 = VERTEX_POINT ( 'NONE', #1822 ) ;
#2960 = SURFACE_STYLE_USAGE ( .BOTH. , #3997 ) ;
#2961 = CYLINDRICAL_SURFACE ( 'NONE', #3377, 2.600000000000000089 ) ;
#2962 = SURFACE_STYLE_USAGE ( .BOTH. , #1542 ) ;
#2963 = DIRECTION ( 'NONE',  ( 0.000000000000000000, 0.000000000000000000, 1.000000000000000000 ) ) ;
#2964 =( NAMED_UNIT ( * ) SI_UNIT ( $, .STERADIAN. ) SOLID_ANGLE_UNIT ( ) );
#2965 = FACE_OUTER_BOUND ( 'NONE', #3055, .T. ) ;
#2966 = EDGE_LOOP ( 'NONE', ( #3344, #2918, #2167, #814 ) ) ;
#2967 = FILL_AREA_STYLE ('',( #1977 ) ) ;
#2968 = DIRECTION ( 'NONE',  ( 0.000000000000000000, 0.000000000000000000, -1.000000000000000000 ) ) ;
#2969 = CARTESIAN_POINT ( 'NONE',  ( -3.600000000000000089, -160.0000000000000000, -10.00000000000000000 ) ) ;
#2970 = SURFACE_STYLE_FILL_AREA ( #2281 ) ;
#2971 = DIRECTION ( 'NONE',  ( 0.000000000000000000, -1.000000000000000000, 0.000000000000000000 ) ) ;
#2972 = EDGE_CURVE ( 'NONE', #1698, #284, #4150, .T. ) ;
#2973 = ORIENTED_EDGE ( 'NONE', *, *, #950, .T. ) ;
#2974 = DIRECTION ( 'NONE',  ( -0.000000000000000000, 1.000000000000000000, -0.000000000000000000 ) ) ;
#2975 =( NAMED_UNIT ( * ) PLANE_ANGLE_UNIT ( ) SI_UNIT ( $, .RADIAN. ) );
#2976 = LINE ( 'NONE', #3540, #444 ) ;
#2977 = DIRECTION ( 'NONE',  ( -0.000000000000000000, 1.000000000000000000, -0.000000000000000000 ) ) ;
#2978 = CARTESIAN_POINT ( 'NONE',  ( 3.600000000000000089, -160.0000000000000000, -9.500000000000000000 ) ) ;
#2979 = EDGE_CURVE ( 'NONE', #1479, #1482, #1454, .T. ) ;
#2980 = ORIENTED_EDGE ( 'NONE', *, *, #1906, .T. ) ;
#2981 = PRESENTATION_LAYER_ASSIGNMENT (  '', '', ( #4450 ) ) ;
#2982 = CARTESIAN_POINT ( 'NONE',  ( -10.00000000000000000, -160.0000000000000000, 9.000000000000000000 ) ) ;
#2983 = CYLINDRICAL_SURFACE ( 'NONE', #3160, 0.5000000000000000000 ) ;
#2984 = FACE_OUTER_BOUND ( 'NONE', #187, .T. ) ;
#2985 = AXIS2_PLACEMENT_3D ( 'NONE', #2767, #1654, #283 ) ;
#2986 = VERTEX_POINT ( 'NONE', #1795 ) ;
#2987 = PRESENTATION_STYLE_ASSIGNMENT (( #2615 ) ) ;
#2988 = VECTOR ( 'NONE', #531, 1000.000000000000000 ) ;
#2989 = DIRECTION ( 'NONE',  ( 0.000000000000000000, 1.000000000000000000, 0.000000000000000000 ) ) ;
#2990 = ORIENTED_EDGE ( 'NONE', *, *, #427, .T. ) ;
#2991 = UNCERTAINTY_MEASURE_WITH_UNIT (LENGTH_MEASURE( 1.000000000000000082E-05 ), #4414, 'distance_accuracy_value', 'NONE');
#2992 = CARTESIAN_POINT ( 'NONE',  ( -3.600000000000000089, -160.0000000000000000, 9.500000000000000000 ) ) ;
#2993 = CARTESIAN_POINT ( 'NONE',  ( -6.626345596729059650, 160.0000000000000000, -5.500000000000000000 ) ) ;
#2994 = PRESENTATION_LAYER_ASSIGNMENT (  '', '', ( #1082 ) ) ;
#2995 = CARTESIAN_POINT ( 'NONE',  ( 3.600000000000000089, -160.0000000000000000, 10.00000000000000000 ) ) ;
#2996 = ORIENTED_EDGE ( 'NONE', *, *, #1195, .T. ) ;
#2997 = VECTOR ( 'NONE', #1108, 1000.000000000000000 ) ;
#2998 = SURFACE_STYLE_USAGE ( .BOTH. , #215 ) ;
#2999 = ADVANCED_FACE ( 'NONE', ( #3206 ), #1723, .F. ) ;
#3000 = CARTESIAN_POINT ( 'NONE',  ( 6.272792206135777704, 37.50000000000005684, 5.353553390593274841 ) ) ;
#3001 = DIRECTION ( 'NONE',  ( 1.172416807168114790E-16, 1.000000000000000000, 1.222436467041021059E-18 ) ) ;
#3002 = AXIS2_PLACEMENT_3D ( 'NONE', #886, #2673, #2806 ) ;
#3003 = CARTESIAN_POINT ( 'NONE',  ( 3.600000000000000089, -160.0000000000000000, 8.849999999999999645 ) ) ;
#3004 = ORIENTED_EDGE ( 'NONE', *, *, #1775, .F. ) ;
#3005 = AXIS2_PLACEMENT_3D ( 'NONE', #1286, #2695, #1964 ) ;
#3006 = EDGE_CURVE ( 'NONE', #973, #2376, #50, .T. ) ;
#3007 = CARTESIAN_POINT ( 'NONE',  ( 8.349999999999999645, 160.0000000000000000, 5.000000000000000000 ) ) ;
#3008 = DIRECTION ( 'NONE',  ( -1.000000000000000000, 0.000000000000000000, 0.000000000000000000 ) ) ;
#3009 =( NAMED_UNIT ( * ) PLANE_ANGLE_UNIT ( ) SI_UNIT ( $, .RADIAN. ) );
#3010 =( GEOMETRIC_REPRESENTATION_CONTEXT ( 3 ) GLOBAL_UNCERTAINTY_ASSIGNED_CONTEXT ( ( #3174 ) ) GLOBAL_UNIT_ASSIGNED_CONTEXT ( ( #448, #3533, #378 ) ) REPRESENTATION_CONTEXT ( 'NONE', 'WORKASPACE' ) );
#3011 = FILL_AREA_STYLE ('',( #793 ) ) ;
#3012 = VERTEX_POINT ( 'NONE', #26 ) ;
#3013 = PRESENTATION_STYLE_ASSIGNMENT (( #877 ) ) ;
#3014 = CARTESIAN_POINT ( 'NONE',  ( 5.000000000000000000, -160.0000000000000000, 8.349999999999999645 ) ) ;
#3015 = ORIENTED_EDGE ( 'NONE', *, *, #786, .F. ) ;
#3016 = DIRECTION ( 'NONE',  ( 0.000000000000000000, 1.000000000000000000, 0.000000000000000000 ) ) ;
#3017 =( LENGTH_UNIT ( ) NAMED_UNIT ( * ) SI_UNIT ( .MILLI., .METRE. ) );
#3018 = LINE ( 'NONE', #3623, #1719 ) ;
#3019 = DIRECTION ( 'NONE',  ( -0.000000000000000000, 1.000000000000000000, -0.000000000000000000 ) ) ;
#3020 = ORIENTED_EDGE ( 'NONE', *, *, #1333, .T. ) ;
#3021 = CARTESIAN_POINT ( 'NONE',  ( -5.000000000000000000, -160.0000000000000000, -8.349999999999999645 ) ) ;
#3022 = STYLED_ITEM ( 'NONE', ( #3691 ), #3971 ) ;
#3023 = VECTOR ( 'NONE', #1992, 1000.000000000000000 ) ;
#3024 = LINE ( 'NONE', #2312, #2218 ) ;
#3025 = VECTOR ( 'NONE', #2402, 999.9999999999998863 ) ;
#3026 = EDGE_LOOP ( 'NONE', ( #3976, #871, #1845, #3316 ) ) ;
#3027 = EDGE_CURVE ( 'NONE', #1961, #2787, #2524, .T. ) ;
#3028 = VECTOR ( 'NONE', #806, 1000.000000000000000 ) ;
#3029 =( GEOMETRIC_REPRESENTATION_CONTEXT ( 3 ) GLOBAL_UNCERTAINTY_ASSIGNED_CONTEXT ( ( #2437 ) ) GLOBAL_UNIT_ASSIGNED_CONTEXT ( ( #2401, #1689, #705 ) ) REPRESENTATION_CONTEXT ( 'NONE', 'WORKASPACE' ) );
#3030 = FACE_OUTER_BOUND ( 'NONE', #3969, .T. ) ;
#3031 = FILL_AREA_STYLE ('',( #918 ) ) ;
#3032 = FACE_OUTER_BOUND ( 'NONE', #3329, .T. ) ;
#3033 = VERTEX_POINT ( 'NONE', #2796 ) ;
#3034 = MECHANICAL_DESIGN_GEOMETRIC_PRESENTATION_REPRESENTATION (  '', ( #115 ), #905 ) ;
#3035 = EDGE_CURVE ( 'NONE', #1281, #973, #3862, .T. ) ;
#3036 = DIRECTION ( 'NONE',  ( -2.891205793294680200E-15, 0.000000000000000000, -1.000000000000000000 ) ) ;
#3037 = CYLINDRICAL_SURFACE ( 'NONE', #3149, 0.5000000000000004441 ) ;
#3038 = ORIENTED_EDGE ( 'NONE', *, *, #3972, .T. ) ;
#3039 = UNCERTAINTY_MEASURE_WITH_UNIT (LENGTH_MEASURE( 1.000000000000000082E-05 ), #4302, 'distance_accuracy_value', 'NONE');
#3040 =( LENGTH_UNIT ( ) NAMED_UNIT ( * ) SI_UNIT ( .MILLI., .METRE. ) );
#3041 = CARTESIAN_POINT ( 'NONE',  ( 4.046446609406741501, 37.50000000000005684, -3.127207793864286600 ) ) ;
#3042 = EDGE_LOOP ( 'NONE', ( #1334, #4044, #40, #2290 ) ) ;
#3043 = CARTESIAN_POINT ( 'NONE',  ( -6.272792206135780368, -160.0000000000000000, -5.353553390593270400 ) ) ;
#3044 = SURFACE_STYLE_USAGE ( .BOTH. , #1626 ) ;
#3045 =( NAMED_UNIT ( * ) PLANE_ANGLE_UNIT ( ) SI_UNIT ( $, .RADIAN. ) );
#3046 = VERTEX_POINT ( 'NONE', #1075 ) ;
#3047 = DIRECTION ( 'NONE',  ( 0.000000000000000000, 1.000000000000000000, 0.000000000000000000 ) ) ;
#3048 =( LENGTH_UNIT ( ) NAMED_UNIT ( * ) SI_UNIT ( .MILLI., .METRE. ) );
#3049 = ORIENTED_EDGE ( 'NONE', *, *, #4135, .T. ) ;
#3050 = STYLED_ITEM ( 'NONE', ( #2987 ), #27 ) ;
#3051 = CARTESIAN_POINT ( 'NONE',  ( -3.600000000000000089, 37.50000000000005684, -8.349999999999999645 ) ) ;
#3052 = PRESENTATION_LAYER_ASSIGNMENT (  '', '', ( #1566 ) ) ;
#3053 = PRESENTATION_LAYER_ASSIGNMENT (  '', '', ( #2466 ) ) ;
#3054 = EDGE_CURVE ( 'NONE', #221, #359, #1050, .T. ) ;
#3055 = EDGE_LOOP ( 'NONE', ( #4422, #1778, #3083, #1049 ) ) ;
#3056 =( GEOMETRIC_REPRESENTATION_CONTEXT ( 3 ) GLOBAL_UNCERTAINTY_ASSIGNED_CONTEXT ( ( #529 ) ) GLOBAL_UNIT_ASSIGNED_CONTEXT ( ( #1672, #2384, #1311 ) ) REPRESENTATION_CONTEXT ( 'NONE', 'WORKASPACE' ) );
#3057 =( GEOMETRIC_REPRESENTATION_CONTEXT ( 3 ) GLOBAL_UNCERTAINTY_ASSIGNED_CONTEXT ( ( #3869 ) ) GLOBAL_UNIT_ASSIGNED_CONTEXT ( ( #4007, #880, #568 ) ) REPRESENTATION_CONTEXT ( 'NONE', 'WORKASPACE' ) );
#3058 = SURFACE_STYLE_USAGE ( .BOTH. , #2328 ) ;
#3059 = SURFACE_STYLE_USAGE ( .BOTH. , #700 ) ;
#3060 =( NAMED_UNIT ( * ) SI_UNIT ( $, .STERADIAN. ) SOLID_ANGLE_UNIT ( ) );
#3061 = COLOUR_RGB ( '',0.8941176470588234615, 0.9137254901960784048, 0.9294117647058823817 ) ;
#3062 =( NAMED_UNIT ( * ) SI_UNIT ( $, .STERADIAN. ) SOLID_ANGLE_UNIT ( ) );
#3063 = VERTEX_POINT ( 'NONE', #767 ) ;
#3064 = LINE ( 'NONE', #2734, #3609 ) ;
#3065 = CIRCLE ( 'NONE', #356, 0.4999999999999995559 ) ;
#3066 = DIRECTION ( 'NONE',  ( 0.000000000000000000, 0.000000000000000000, 1.000000000000000000 ) ) ;
#3067 = EDGE_CURVE ( 'NONE', #3683, #500, #2639, .T. ) ;
#3068 = LINE ( 'NONE', #354, #3546 ) ;
#3069 = STYLED_ITEM ( 'NONE', ( #609 ), #2036 ) ;
#3070 = ORIENTED_EDGE ( 'NONE', *, *, #2522, .F. ) ;
#3071 = VECTOR ( 'NONE', #2030, 1000.000000000000000 ) ;
#3072 =( LENGTH_UNIT ( ) NAMED_UNIT ( * ) SI_UNIT ( .MILLI., .METRE. ) );
#3073 = LINE ( 'NONE', #3419, #1893 ) ;
#3074 = SURFACE_STYLE_FILL_AREA ( #3728 ) ;
#3075 = LINE ( 'NONE', #265, #421 ) ;
#3076 = ORIENTED_EDGE ( 'NONE', *, *, #2128, .F. ) ;
#3077 = MECHANICAL_DESIGN_GEOMETRIC_PRESENTATION_REPRESENTATION (  '', ( #17 ), #1088 ) ;
#3078 = VERTEX_POINT ( 'NONE', #784 ) ;
#3079 = UNCERTAINTY_MEASURE_WITH_UNIT (LENGTH_MEASURE( 1.000000000000000082E-05 ), #435, 'distance_accuracy_value', 'NONE');
#3080 = CARTESIAN_POINT ( 'NONE',  ( 8.349999999999999645, 37.50000000000005684, 5.000000000000000000 ) ) ;
#3081 = PRODUCT_RELATED_PRODUCT_CATEGORY ( 'part', '', ( #1833 ) ) ;
#3082 = DIRECTION ( 'NONE',  ( -0.000000000000000000, 1.000000000000000000, -0.000000000000000000 ) ) ;
#3083 = ORIENTED_EDGE ( 'NONE', *, *, #4327, .F. ) ;
#3084 = DIRECTION ( 'NONE',  ( 0.000000000000000000, 1.000000000000000000, 0.000000000000000000 ) ) ;
#3085 = ADVANCED_FACE ( 'NONE', ( #2134 ), #399, .T. ) ;
#3086 = CARTESIAN_POINT ( 'NONE',  ( -7.849999999999999645, 37.50000000000006395, 5.500000000000000000 ) ) ;
#3087 = DIRECTION ( 'NONE',  ( 0.000000000000000000, 1.000000000000000000, 0.000000000000000000 ) ) ;
#3088 = ORIENTED_EDGE ( 'NONE', *, *, #184, .F. ) ;
#3089 = LINE ( 'NONE', #4094, #3194 ) ;
#3090 =( GEOMETRIC_REPRESENTATION_CONTEXT ( 3 ) GLOBAL_UNCERTAINTY_ASSIGNED_CONTEXT ( ( #30 ) ) GLOBAL_UNIT_ASSIGNED_CONTEXT ( ( #1979, #3372, #3060 ) ) REPRESENTATION_CONTEXT ( 'NONE', 'WORKASPACE' ) );
#3091 = PRESENTATION_LAYER_ASSIGNMENT (  '', '', ( #3502 ) ) ;
#3092 = LINE ( 'NONE', #1649, #467 ) ;
#3093 = DIRECTION ( 'NONE',  ( 0.7071067811865510144, 0.000000000000000000, 0.7071067811865441310 ) ) ;
#3094 = AXIS2_PLACEMENT_3D ( 'NONE', #3003, #4343, #1242 ) ;
#3095 = DIRECTION ( 'NONE',  ( 0.7071067811865431318, 0.000000000000000000, -0.7071067811865520136 ) ) ;
#3096 = VERTEX_POINT ( 'NONE', #3999 ) ;
#3097 = STYLED_ITEM ( 'NONE', ( #2422 ), #4301 ) ;
#3098 = PRESENTATION_LAYER_ASSIGNMENT (  '', '', ( #2439 ) ) ;
#3099 = CARTESIAN_POINT ( 'NONE',  ( -3.127207793864275054, -160.0000000000000000, -4.046446609406749495 ) ) ;
#3100 = CIRCLE ( 'NONE', #474, 0.5000000000000004441 ) ;
#3101 = PRESENTATION_LAYER_ASSIGNMENT (  '', '', ( #2876 ) ) ;
#3102 = ORIENTED_EDGE ( 'NONE', *, *, #1084, .T. ) ;
#3103 = FACE_OUTER_BOUND ( 'NONE', #1835, .T. ) ;
#3104 = DIRECTION ( 'NONE',  ( 0.000000000000000000, 0.000000000000000000, -1.000000000000000000 ) ) ;
#3105 = CARTESIAN_POINT ( 'NONE',  ( -4.400000000000050981, -160.0000000000000000, -2.773654403270989999 ) ) ;
#3106 = ORIENTED_EDGE ( 'NONE', *, *, #2271, .T. ) ;
#3107 = CARTESIAN_POINT ( 'NONE',  ( 3.600000000000000089, 160.0000000000000000, -10.00000000000000000 ) ) ;
#3108 = SURFACE_STYLE_USAGE ( .BOTH. , #2077 ) ;
#3109 = CARTESIAN_POINT ( 'NONE',  ( -3.099999999999999645, 37.50000000000005684, 9.500000000000000000 ) ) ;
#3110 = EDGE_CURVE ( 'NONE', #696, #359, #2709, .T. ) ;
#3111 = SURFACE_STYLE_FILL_AREA ( #3153 ) ;
#3112 = VERTEX_POINT ( 'NONE', #1848 ) ;
#3113 = EDGE_CURVE ( 'NONE', #3427, #3757, #2351, .T. ) ;
#3114 = SURFACE_STYLE_USAGE ( .BOTH. , #16 ) ;
#3115 =( LENGTH_UNIT ( ) NAMED_UNIT ( * ) SI_UNIT ( .MILLI., .METRE. ) );
#3116 = DIRECTION ( 'NONE',  ( 0.000000000000000000, 1.000000000000000000, 0.000000000000000000 ) ) ;
#3117 = ADVANCED_FACE ( 'NONE', ( #2984 ), #851, .T. ) ;
#3118 =( NAMED_UNIT ( * ) SI_UNIT ( $, .STERADIAN. ) SOLID_ANGLE_UNIT ( ) );
#3119 = EDGE_CURVE ( 'NONE', #4058, #149, #1186, .T. ) ;
#3120 = VERTEX_POINT ( 'NONE', #3952 ) ;
#3121 = DIRECTION ( 'NONE',  ( -1.000000000000000000, 0.000000000000000000, 0.000000000000000000 ) ) ;
#3122 =( GEOMETRIC_REPRESENTATION_CONTEXT ( 3 ) GLOBAL_UNCERTAINTY_ASSIGNED_CONTEXT ( ( #3349 ) ) GLOBAL_UNIT_ASSIGNED_CONTEXT ( ( #387, #2818, #4163 ) ) REPRESENTATION_CONTEXT ( 'NONE', 'WORKASPACE' ) );
#3123 = ORIENTED_EDGE ( 'NONE', *, *, #2043, .T. ) ;
#3124 = VECTOR ( 'NONE', #4035, 1000.000000000000000 ) ;
#3125 = PRESENTATION_LAYER_ASSIGNMENT (  '', '', ( #1569 ) ) ;
#3126 = CIRCLE ( 'NONE', #4177, 0.9999999999999991118 ) ;
#3127 = EDGE_LOOP ( 'NONE', ( #1217, #3441, #2567, #1136 ) ) ;
#3128 = DIRECTION ( 'NONE',  ( -7.228014483236679792E-16, 0.000000000000000000, 1.000000000000000000 ) ) ;
#3129 = ORIENTED_EDGE ( 'NONE', *, *, #3006, .T. ) ;
#3130 = VECTOR ( 'NONE', #3954, 1000.000000000000000 ) ;
#3131 = DIRECTION ( 'NONE',  ( -1.172416807168114790E-16, -1.000000000000000000, -1.222436467041021059E-18 ) ) ;
#3132 = DIRECTION ( 'NONE',  ( 0.000000000000000000, -1.000000000000000000, 0.000000000000000000 ) ) ;
#3133 = CARTESIAN_POINT ( 'NONE',  ( 5.500000000000000000, -160.0000000000000000, -8.349999999999999645 ) ) ;
#3134 = AXIS2_PLACEMENT_3D ( 'NONE', #1093, #398, #741 ) ;
#3135 = ADVANCED_FACE ( 'NONE', ( #519 ), #1899, .F. ) ;
#3136 = CARTESIAN_POINT ( 'NONE',  ( -3.100000000000000089, 160.0000000000000000, 8.849999999999999645 ) ) ;
#3137 = CYLINDRICAL_SURFACE ( 'NONE', #3936, 0.5000000000000004441 ) ;
#3138 = ORIENTED_EDGE ( 'NONE', *, *, #2689, .F. ) ;
#3139 =( GEOMETRIC_REPRESENTATION_CONTEXT ( 3 ) GLOBAL_UNCERTAINTY_ASSIGNED_CONTEXT ( ( #2666 ) ) GLOBAL_UNIT_ASSIGNED_CONTEXT ( ( #3115, #44, #1025 ) ) REPRESENTATION_CONTEXT ( 'NONE', 'WORKASPACE' ) );
#3140 = EDGE_CURVE ( 'NONE', #1482, #1543, #627, .T. ) ;
#3141 =( NAMED_UNIT ( * ) PLANE_ANGLE_UNIT ( ) SI_UNIT ( $, .RADIAN. ) );
#3142 = CARTESIAN_POINT ( 'NONE',  ( 2.980761184457545010, -160.0000000000000000, -3.899999999999999911 ) ) ;
#3143 = STYLED_ITEM ( 'NONE', ( #4075 ), #2574 ) ;
#3144 = VERTEX_POINT ( 'NONE', #302 ) ;
#3145 = EDGE_CURVE ( 'NONE', #36, #520, #2423, .T. ) ;
#3146 = CIRCLE ( 'NONE', #2269, 0.5000000000000004441 ) ;
#3147 = CARTESIAN_POINT ( 'NONE',  ( -3.099999999999999645, 37.50000000000005684, -9.500000000000000000 ) ) ;
#3148 =( NAMED_UNIT ( * ) PLANE_ANGLE_UNIT ( ) SI_UNIT ( $, .RADIAN. ) );
#3149 = AXIS2_PLACEMENT_3D ( 'NONE', #2896, #4237, #418 ) ;
#3150 = ORIENTED_EDGE ( 'NONE', *, *, #2068, .T. ) ;
#3151 = VERTEX_POINT ( 'NONE', #4123 ) ;
#3152 =( NAMED_UNIT ( * ) PLANE_ANGLE_UNIT ( ) SI_UNIT ( $, .RADIAN. ) );
#3153 = FILL_AREA_STYLE ('',( #1085 ) ) ;
#3154 = ORIENTED_EDGE ( 'NONE', *, *, #1109, .F. ) ;
#3155 = FILL_AREA_STYLE_COLOUR ( '', #2244 ) ;
#3156 = DIRECTION ( 'NONE',  ( 1.000000000000000000, 0.000000000000000000, 0.000000000000000000 ) ) ;
#3157 = FILL_AREA_STYLE ('',( #3834 ) ) ;
#3158 = FILL_AREA_STYLE_COLOUR ( '', #893 ) ;
#3159 = ORIENTED_EDGE ( 'NONE', *, *, #3665, .T. ) ;
#3160 = AXIS2_PLACEMENT_3D ( 'NONE', #2058, #3116, #1003 ) ;
#3161 = VECTOR ( 'NONE', #2606, 1000.000000000000000 ) ;
#3162 = PRESENTATION_STYLE_ASSIGNMENT (( #442 ) ) ;
#3163 = PRESENTATION_STYLE_ASSIGNMENT (( #2874 ) ) ;
#3164 = EDGE_CURVE ( 'NONE', #4283, #958, #2702, .T. ) ;
#3165 = VECTOR ( 'NONE', #3471, 1000.000000000000000 ) ;
#3166 = ORIENTED_EDGE ( 'NONE', *, *, #1960, .F. ) ;
#3167 = UNCERTAINTY_MEASURE_WITH_UNIT (LENGTH_MEASURE( 1.000000000000000082E-05 ), #1627, 'distance_accuracy_value', 'NONE');
#3168 = DIRECTION ( 'NONE',  ( -0.7071067811865441310, 0.000000000000000000, 0.7071067811865510144 ) ) ;
#3169 = DIRECTION ( 'NONE',  ( 0.000000000000000000, 0.000000000000000000, 1.000000000000000000 ) ) ;
#3170 = CARTESIAN_POINT ( 'NONE',  ( 8.349999999999999645, 160.0000000000000000, -5.500000000000000000 ) ) ;
#3171 = EDGE_CURVE ( 'NONE', #3175, #3819, #3995, .T. ) ;
#3172 = ORIENTED_EDGE ( 'NONE', *, *, #1870, .F. ) ;
#3173 = LINE ( 'NONE', #1779, #272 ) ;
#3174 = UNCERTAINTY_MEASURE_WITH_UNIT (LENGTH_MEASURE( 1.000000000000000082E-05 ), #448, 'distance_accuracy_value', 'NONE');
#3175 = VERTEX_POINT ( 'NONE', #643 ) ;
#3176 = FILL_AREA_STYLE_COLOUR ( '', #1869 ) ;
#3177 = DIRECTION ( 'NONE',  ( 1.927470528863119788E-16, 0.000000000000000000, 1.000000000000000000 ) ) ;
#3178 = DIRECTION ( 'NONE',  ( 0.7071067811865520136, 0.000000000000000000, -0.7071067811865431318 ) ) ;
#3179 = ORIENTED_EDGE ( 'NONE', *, *, #2381, .T. ) ;
#3180 = FILL_AREA_STYLE ('',( #1452 ) ) ;
#3181 = DIRECTION ( 'NONE',  ( -1.927470528863119788E-16, 0.000000000000000000, -1.000000000000000000 ) ) ;
#3182 = ORIENTED_EDGE ( 'NONE', *, *, #950, .F. ) ;
#3183 = ADVANCED_FACE ( 'NONE', ( #4410 ), #3679, .T. ) ;
#3184 = SURFACE_SIDE_STYLE ('',( #2180 ) ) ;
#3185 = PRESENTATION_LAYER_ASSIGNMENT (  '', '', ( #274 ) ) ;
#3186 = ORIENTED_EDGE ( 'NONE', *, *, #2336, .F. ) ;
#3187 = VECTOR ( 'NONE', #1701, 1000.000000000000000 ) ;
#3188 = SURFACE_SIDE_STYLE ('',( #452 ) ) ;
#3189 = EDGE_CURVE ( 'NONE', #1022, #1112, #2722, .T. ) ;
#3190 = ADVANCED_FACE ( 'NONE', ( #1653, #3032 ), #1266, .T. ) ;
#3191 = DIRECTION ( 'NONE',  ( -1.000000000000000000, 0.000000000000000000, 0.000000000000000000 ) ) ;
#3192 = FACE_OUTER_BOUND ( 'NONE', #4078, .T. ) ;
#3193 = STYLED_ITEM ( 'NONE', ( #4062 ), #1173 ) ;
#3194 = VECTOR ( 'NONE', #2405, 1000.000000000000000 ) ;
#3195 = DIRECTION ( 'NONE',  ( -1.000000000000000000, 0.000000000000000000, -2.891205793294685327E-15 ) ) ;
#3196 = ORIENTED_EDGE ( 'NONE', *, *, #2132, .T. ) ;
#3197 = CARTESIAN_POINT ( 'NONE',  ( -8.349999999999999645, -160.0000000000000000, 3.600000000000000089 ) ) ;
#3198 = VECTOR ( 'NONE', #235, 1000.000000000000000 ) ;
#3199 = AXIS2_PLACEMENT_3D ( 'NONE', #2783, #1686, #4073 ) ;
#3200 = EDGE_CURVE ( 'NONE', #1373, #3710, #2473, .T. ) ;
#3201 = LINE ( 'NONE', #1765, #231 ) ;
#3202 = CIRCLE ( 'NONE', #5, 0.4999999999999952260 ) ;
#3203 = ORIENTED_EDGE ( 'NONE', *, *, #569, .F. ) ;
#3204 = MECHANICAL_DESIGN_GEOMETRIC_PRESENTATION_REPRESENTATION (  '', ( #2178 ), #2107 ) ;
#3205 = PRESENTATION_STYLE_ASSIGNMENT (( #1820 ) ) ;
#3206 = FACE_OUTER_BOUND ( 'NONE', #4201, .T. ) ;
#3207 = EDGE_LOOP ( 'NONE', ( #445, #4401, #2823, #2839 ) ) ;
#3208 = DIRECTION ( 'NONE',  ( 0.000000000000000000, 1.000000000000000000, 0.000000000000000000 ) ) ;
#3209 = DIRECTION ( 'NONE',  ( 1.000000000000000000, 0.000000000000000000, -2.168404344971010446E-15 ) ) ;
#3210 = ORIENTED_EDGE ( 'NONE', *, *, #2250, .T. ) ;
#3211 = UNCERTAINTY_MEASURE_WITH_UNIT (LENGTH_MEASURE( 1.000000000000000082E-05 ), #3225, 'distance_accuracy_value', 'NONE');
#3212 = SURFACE_STYLE_USAGE ( .BOTH. , #1192 ) ;
#3213 = ADVANCED_FACE ( 'NONE', ( #2892 ), #3137, .T. ) ;
#3214 = CARTESIAN_POINT ( 'NONE',  ( 9.000000000000000000, -160.0000000000000000, -10.00000000000000000 ) ) ;
#3215 = CIRCLE ( 'NONE', #2123, 0.4999999999999995559 ) ;
#3216 = DIRECTION ( 'NONE',  ( 0.000000000000000000, -1.000000000000000000, 0.000000000000000000 ) ) ;
#3217 = ADVANCED_FACE ( 'NONE', ( #20 ), #1372, .F. ) ;
#3218 = ORIENTED_EDGE ( 'NONE', *, *, #101, .F. ) ;
#3219 = COLOUR_RGB ( '',0.8941176470588234615, 0.9137254901960784048, 0.9294117647058823817 ) ;
#3220 =( NAMED_UNIT ( * ) SI_UNIT ( $, .STERADIAN. ) SOLID_ANGLE_UNIT ( ) );
#3221 = CARTESIAN_POINT ( 'NONE',  ( -3.100000000000000089, -160.0000000000000000, 9.500000000000000000 ) ) ;
#3222 = DIRECTION ( 'NONE',  ( -0.7071067811865355823, 0.000000000000000000, -0.7071067811865595631 ) ) ;
#3223 = PLANE ( 'NONE',  #2325 ) ;
#3224 = VERTEX_POINT ( 'NONE', #1940 ) ;
#3225 =( LENGTH_UNIT ( ) NAMED_UNIT ( * ) SI_UNIT ( .MILLI., .METRE. ) );
#3226 = SURFACE_STYLE_FILL_AREA ( #2502 ) ;
#3227 = ORIENTED_EDGE ( 'NONE', *, *, #1231, .F. ) ;
#3228 = ORIENTED_EDGE ( 'NONE', *, *, #2358, .F. ) ;
#3229 =( GEOMETRIC_REPRESENTATION_CONTEXT ( 3 ) GLOBAL_UNCERTAINTY_ASSIGNED_CONTEXT ( ( #699 ) ) GLOBAL_UNIT_ASSIGNED_CONTEXT ( ( #2465, #1738, #1759 ) ) REPRESENTATION_CONTEXT ( 'NONE', 'WORKASPACE' ) );
#3230 = AXIS2_PLACEMENT_3D ( 'NONE', #1160, #2565, #2286 ) ;
#3231 =( LENGTH_UNIT ( ) NAMED_UNIT ( * ) SI_UNIT ( .MILLI., .METRE. ) );
#3232 = DIRECTION ( 'NONE',  ( 0.000000000000000000, 1.000000000000000000, 0.000000000000000000 ) ) ;
#3233 =( GEOMETRIC_REPRESENTATION_CONTEXT ( 3 ) GLOBAL_UNCERTAINTY_ASSIGNED_CONTEXT ( ( #1052 ) ) GLOBAL_UNIT_ASSIGNED_CONTEXT ( ( #3454, #3478, #1350 ) ) REPRESENTATION_CONTEXT ( 'NONE', 'WORKASPACE' ) );
#3234 = SURFACE_SIDE_STYLE ('',( #2879 ) ) ;
#3235 =( GEOMETRIC_REPRESENTATION_CONTEXT ( 3 ) GLOBAL_UNCERTAINTY_ASSIGNED_CONTEXT ( ( #969 ) ) GLOBAL_UNIT_ASSIGNED_CONTEXT ( ( #1646, #3045, #2053 ) ) REPRESENTATION_CONTEXT ( 'NONE', 'WORKASPACE' ) );
#3236 = VERTEX_POINT ( 'NONE', #3903 ) ;
#3237 = SURFACE_STYLE_USAGE ( .BOTH. , #3918 ) ;
#3238 = STYLED_ITEM ( 'NONE', ( #982 ), #4206 ) ;
#3239 = SURFACE_SIDE_STYLE ('',( #4227 ) ) ;
#3240 =( NAMED_UNIT ( * ) PLANE_ANGLE_UNIT ( ) SI_UNIT ( $, .RADIAN. ) );
#3241 =( GEOMETRIC_REPRESENTATION_CONTEXT ( 3 ) GLOBAL_UNCERTAINTY_ASSIGNED_CONTEXT ( ( #788 ) ) GLOBAL_UNIT_ASSIGNED_CONTEXT ( ( #2644, #613, #4376 ) ) REPRESENTATION_CONTEXT ( 'NONE', 'WORKASPACE' ) );
#3242 = ORIENTED_EDGE ( 'NONE', *, *, #2208, .T. ) ;
#3243 = LINE ( 'NONE', #1177, #278 ) ;
#3244 = ADVANCED_FACE ( 'NONE', ( #197 ), #847, .T. ) ;
#3245 =( LENGTH_UNIT ( ) NAMED_UNIT ( * ) SI_UNIT ( .MILLI., .METRE. ) );
#3246 = DIRECTION ( 'NONE',  ( 1.000000000000000000, 0.000000000000000000, -9.637352644315589080E-17 ) ) ;
#3247 = EDGE_CURVE ( 'NONE', #2685, #2083, #3928, .T. ) ;
#3248 =( NAMED_UNIT ( * ) PLANE_ANGLE_UNIT ( ) SI_UNIT ( $, .RADIAN. ) );
#3249 = ORIENTED_EDGE ( 'NONE', *, *, #463, .F. ) ;
#3250 = EDGE_CURVE ( 'NONE', #998, #2959, #2222, .T. ) ;
#3251 = DIRECTION ( 'NONE',  ( -1.000000000000000000, 0.000000000000000000, 1.454933294406559718E-16 ) ) ;
#3252 = DIRECTION ( 'NONE',  ( -1.000000000000000000, 0.000000000000000000, 0.000000000000000000 ) ) ;
#3253 = SURFACE_STYLE_USAGE ( .BOTH. , #3528 ) ;
#3254 = DIRECTION ( 'NONE',  ( -1.000000000000000000, 1.172416807168114790E-16, -0.000000000000000000 ) ) ;
#3255 = CARTESIAN_POINT ( 'NONE',  ( 1.040834085586083941E-14, 37.50000000000006395, 6.938893903907229955E-15 ) ) ;
#3256 = DIRECTION ( 'NONE',  ( -1.000000000000000000, 1.172416807168114790E-16, -0.000000000000000000 ) ) ;
#3257 = ORIENTED_EDGE ( 'NONE', *, *, #1577, .F. ) ;
#3258 = PRESENTATION_STYLE_ASSIGNMENT (( #1410 ) ) ;
#3259 = CARTESIAN_POINT ( 'NONE',  ( 10.00000000000000000, -160.0000000000000000, 9.000000000000000000 ) ) ;
#3260 = CARTESIAN_POINT ( 'NONE',  ( -8.349999999999999645, 37.50000000000006395, 3.600000000000000089 ) ) ;
#3261 = DIRECTION ( 'NONE',  ( 0.000000000000000000, -1.000000000000000000, 0.000000000000000000 ) ) ;
#3262 = VECTOR ( 'NONE', #3216, 1000.000000000000000 ) ;
#3263 = PRESENTATION_LAYER_ASSIGNMENT (  '', '', ( #3401 ) ) ;
#3264 = ORIENTED_EDGE ( 'NONE', *, *, #3770, .T. ) ;
#3265 =( LENGTH_UNIT ( ) NAMED_UNIT ( * ) SI_UNIT ( .MILLI., .METRE. ) );
#3266 = AXIS2_PLACEMENT_3D ( 'NONE', #3105, #726, #747 ) ;
#3267 = COLOUR_RGB ( '',0.8941176470588234615, 0.9137254901960784048, 0.9294117647058823817 ) ;
#3268 = CARTESIAN_POINT ( 'NONE',  ( 3.127207793864275498, 37.50000000000005684, -4.046446609406749495 ) ) ;
#3269 = DIRECTION ( 'NONE',  ( -0.000000000000000000, 1.000000000000000000, -0.000000000000000000 ) ) ;
#3270 = PLANE ( 'NONE',  #3680 ) ;
#3271 = ORIENTED_EDGE ( 'NONE', *, *, #1357, .F. ) ;
#3272 = COLOUR_RGB ( '',0.8941176470588234615, 0.9137254901960784048, 0.9294117647058823817 ) ;
#3273 = CIRCLE ( 'NONE', #3199, 0.5000000000000004441 ) ;
#3274 = EDGE_CURVE ( 'NONE', #4391, #3735, #830, .T. ) ;
#3275 = DIRECTION ( 'NONE',  ( 9.637352644315589080E-17, 0.000000000000000000, 1.000000000000000000 ) ) ;
#3276 = AXIS2_PLACEMENT_3D ( 'NONE', #2488, #1150, #2557 ) ;
#3277 = FACE_OUTER_BOUND ( 'NONE', #15, .T. ) ;
#3278 = FILL_AREA_STYLE_COLOUR ( '', #3845 ) ;
#3279 = ORIENTED_EDGE ( 'NONE', *, *, #647, .F. ) ;
#3280 = EDGE_CURVE ( 'NONE', #331, #75, #488, .T. ) ;
#3281 = FILL_AREA_STYLE ('',( #1926 ) ) ;
#3282 = VECTOR ( 'NONE', #745, 1000.000000000000000 ) ;
#3283 = PRESENTATION_STYLE_ASSIGNMENT (( #496 ) ) ;
#3284 = COLOUR_RGB ( '',0.8941176470588234615, 0.9137254901960784048, 0.9294117647058823817 ) ;
#3285 = EDGE_LOOP ( 'NONE', ( #4286, #4147, #1190, #4299 ) ) ;
#3286 = SURFACE_STYLE_USAGE ( .BOTH. , #503 ) ;
#3287 = PRESENTATION_LAYER_ASSIGNMENT (  '', '', ( #1969 ) ) ;
#3288 = CARTESIAN_POINT ( 'NONE',  ( 10.00000000000000000, -160.0000000000000000, -9.000000000000000000 ) ) ;
#3289 =( NAMED_UNIT ( * ) SI_UNIT ( $, .STERADIAN. ) SOLID_ANGLE_UNIT ( ) );
#3290 = DIRECTION ( 'NONE',  ( -1.000000000000000000, 0.000000000000000000, 0.000000000000000000 ) ) ;
#3291 = CARTESIAN_POINT ( 'NONE',  ( -5.500000000000000000, 160.0000000000000000, -8.349999999999999645 ) ) ;
#3292 = CIRCLE ( 'NONE', #1296, 0.9999999999999991118 ) ;
#3293 = VERTEX_POINT ( 'NONE', #1533 ) ;
#3294 = DIRECTION ( 'NONE',  ( -1.734723475976807094E-15, 0.000000000000000000, -1.000000000000000000 ) ) ;
#3295 = FILL_AREA_STYLE ('',( #4280 ) ) ;
#3296 = DIRECTION ( 'NONE',  ( -0.000000000000000000, 1.000000000000000000, -0.000000000000000000 ) ) ;
#3297 = DIRECTION ( 'NONE',  ( -1.172416807168114790E-16, -1.000000000000000000, -1.222436467041021059E-18 ) ) ;
#3298 = ORIENTED_EDGE ( 'NONE', *, *, #4101, .F. ) ;
#3299 = AXIS2_PLACEMENT_3D ( 'NONE', #4349, #2246, #3317 ) ;
#3300 =( NAMED_UNIT ( * ) SI_UNIT ( $, .STERADIAN. ) SOLID_ANGLE_UNIT ( ) );
#3301 = LINE ( 'NONE', #495, #1418 ) ;
#3302 = CARTESIAN_POINT ( 'NONE',  ( -7.849999999999996092, 37.50000000000006395, -5.500000000000000000 ) ) ;
#3303 = EDGE_CURVE ( 'NONE', #3293, #1711, #1248, .T. ) ;
#3304 = FILL_AREA_STYLE_COLOUR ( '', #3702 ) ;
#3305 = CIRCLE ( 'NONE', #1246, 0.4999999999999887312 ) ;
#3306 = ORIENTED_EDGE ( 'NONE', *, *, #4352, .F. ) ;
#3307 = UNCERTAINTY_MEASURE_WITH_UNIT (LENGTH_MEASURE( 1.000000000000000082E-05 ), #1200, 'distance_accuracy_value', 'NONE');
#3308 = COLOUR_RGB ( '',0.8941176470588234615, 0.9137254901960784048, 0.9294117647058823817 ) ;
#3309 = EDGE_CURVE ( 'NONE', #3012, #1685, #536, .T. ) ;
#3310 = DIRECTION ( 'NONE',  ( 0.000000000000000000, 0.000000000000000000, -1.000000000000000000 ) ) ;
#3311 = CARTESIAN_POINT ( 'NONE',  ( 7.849999999999999645, -160.0000000000000000, 5.500000000000000000 ) ) ;
#3312 = ORIENTED_EDGE ( 'NONE', *, *, #3450, .T. ) ;
#3313 = DIRECTION ( 'NONE',  ( 1.000000000000000000, 0.000000000000000000, 7.274666472032798588E-17 ) ) ;
#3314 = AXIS2_PLACEMENT_3D ( 'NONE', #3648, #552, #3310 ) ;
#3315 = CARTESIAN_POINT ( 'NONE',  ( -10.00000000000000000, -160.0000000000000000, -3.600000000000000089 ) ) ;
#3316 = ORIENTED_EDGE ( 'NONE', *, *, #2299, .T. ) ;
#3317 = DIRECTION ( 'NONE',  ( -1.000000000000000000, 0.000000000000000000, 0.000000000000000000 ) ) ;
#3318 = ORIENTED_EDGE ( 'NONE', *, *, #2381, .F. ) ;
#3319 = CARTESIAN_POINT ( 'NONE',  ( -9.500000000000000000, 160.0000000000000000, -3.600000000000000089 ) ) ;
#3320 = FILL_AREA_STYLE_COLOUR ( '', #2920 ) ;
#3321 =( NAMED_UNIT ( * ) SI_UNIT ( $, .STERADIAN. ) SOLID_ANGLE_UNIT ( ) );
#3322 = ORIENTED_EDGE ( 'NONE', *, *, #2890, .F. ) ;
#3323 = SURFACE_SIDE_STYLE ('',( #2619 ) ) ;
#3324 = EDGE_CURVE ( 'NONE', #964, #4436, #153, .T. ) ;
#3325 = FILL_AREA_STYLE ('',( #3733 ) ) ;
#3326 = PRESENTATION_STYLE_ASSIGNMENT (( #504 ) ) ;
#3327 = EDGE_CURVE ( 'NONE', #813, #4058, #3375, .T. ) ;
#3328 = CARTESIAN_POINT ( 'NONE',  ( -3.899999999999999911, 37.50000000000005684, 2.773654403271026414 ) ) ;
#3329 = EDGE_LOOP ( 'NONE', ( #2714, #2435, #446, #2915, #4246, #3544, #4254, #2817, #889, #1356, #2416, #2452, #4367, #1146, #2048, #3179, #2990, #3106, #3807, #3982, #2618, #2106, #3423, #2636, #3781, #3738, #823, #61, #2205, #1882, #1800, #3723, #4238, #1590, #682, #3912, #2595, #2910, #179, #1987, #4322, #2294, #3434, #1854, #2675, #2313, #605, #1595, #2525, #992, #2267, #3242, #2054, #3196, #787, #4195, #469, #322, #857, #269, #3360, #3049, #2733, #298, #2825, #3076, #3964, #1012, #177, #2161, #1936, #1057, #3615, #3159, #1131, #1655, #3891, #490, #214, #1302, #3150, #663, #3210, #1031, #2849, #4039, #3227 ) ) ;
#3330 = CYLINDRICAL_SURFACE ( 'NONE', #580, 0.5000000000000000000 ) ;
#3331 = ADVANCED_FACE ( 'NONE', ( #461 ), #1843, .F. ) ;
#3332 = DIRECTION ( 'NONE',  ( 0.000000000000000000, 1.000000000000000000, 0.000000000000000000 ) ) ;
#3333 = CARTESIAN_POINT ( 'NONE',  ( -9.000000000000000000, -160.0000000000000000, 9.000000000000000000 ) ) ;
#3334 = CIRCLE ( 'NONE', #2461, 0.5000000000000004441 ) ;
#3335 = PRESENTATION_STYLE_ASSIGNMENT (( #1515 ) ) ;
#3336 = SURFACE_SIDE_STYLE ('',( #1866 ) ) ;
#3337 = ORIENTED_EDGE ( 'NONE', *, *, #3309, .F. ) ;
#3338 = ADVANCED_FACE ( 'NONE', ( #2736 ), #3760, .F. ) ;
#3339 =( GEOMETRIC_REPRESENTATION_CONTEXT ( 3 ) GLOBAL_UNCERTAINTY_ASSIGNED_CONTEXT ( ( #2207 ) ) GLOBAL_UNIT_ASSIGNED_CONTEXT ( ( #817, #4221, #247 ) ) REPRESENTATION_CONTEXT ( 'NONE', 'WORKASPACE' ) );
#3340 = AXIS2_PLACEMENT_3D ( 'NONE', #3651, #3392, #1282 ) ;
#3341 = DIRECTION ( 'NONE',  ( -0.000000000000000000, 1.000000000000000000, -0.000000000000000000 ) ) ;
#3342 =( LENGTH_UNIT ( ) NAMED_UNIT ( * ) SI_UNIT ( .MILLI., .METRE. ) );
#3343 = COLOUR_RGB ( '',0.8941176470588234615, 0.9137254901960784048, 0.9294117647058823817 ) ;
#3344 = ORIENTED_EDGE ( 'NONE', *, *, #3915, .T. ) ;
#3345 = DIRECTION ( 'NONE',  ( -0.000000000000000000, 1.000000000000000000, -0.000000000000000000 ) ) ;
#3346 = FILL_AREA_STYLE ('',( #3304 ) ) ;
#3347 = VERTEX_POINT ( 'NONE', #4022 ) ;
#3348 = CARTESIAN_POINT ( 'NONE',  ( -3.600000000000000089, 37.50000000000005684, 8.849999999999999645 ) ) ;
#3349 = UNCERTAINTY_MEASURE_WITH_UNIT (LENGTH_MEASURE( 1.000000000000000082E-05 ), #387, 'distance_accuracy_value', 'NONE');
#3350 = FILL_AREA_STYLE ('',( #3600 ) ) ;
#3351 = CARTESIAN_POINT ( 'NONE',  ( -6.626345596729049880, 160.0000000000000000, 5.000000000000000000 ) ) ;
#3352 = PRESENTATION_STYLE_ASSIGNMENT (( #1602 ) ) ;
#3353 = ORIENTED_EDGE ( 'NONE', *, *, #2306, .T. ) ;
#3354 = PRESENTATION_LAYER_ASSIGNMENT (  '', '', ( #4053 ) ) ;
#3355 = EDGE_CURVE ( 'NONE', #3762, #2391, #393, .T. ) ;
#3356 = CARTESIAN_POINT ( 'NONE',  ( -2.773654403270995328, 160.0000000000000000, -4.400000000000000355 ) ) ;
#3357 = VECTOR ( 'NONE', #746, 1000.000000000000000 ) ;
#3358 = EDGE_CURVE ( 'NONE', #801, #1972, #604, .T. ) ;
#3359 =( NAMED_UNIT ( * ) SI_UNIT ( $, .STERADIAN. ) SOLID_ANGLE_UNIT ( ) );
#3360 = ORIENTED_EDGE ( 'NONE', *, *, #1870, .T. ) ;
#3361 = VECTOR ( 'NONE', #1547, 1000.000000000000000 ) ;
#3362 = DIRECTION ( 'NONE',  ( 0.000000000000000000, 0.000000000000000000, -1.000000000000000000 ) ) ;
#3363 = PRESENTATION_STYLE_ASSIGNMENT (( #2612 ) ) ;
#3364 = EDGE_CURVE ( 'NONE', #1809, #1685, #3737, .T. ) ;
#3365 = PLANE ( 'NONE',  #1496 ) ;
#3366 = ORIENTED_EDGE ( 'NONE', *, *, #1470, .F. ) ;
#3367 = DIRECTION ( 'NONE',  ( -1.172416807168114790E-16, -1.000000000000000000, -1.222436467041021059E-18 ) ) ;
#3368 = CARTESIAN_POINT ( 'NONE',  ( -8.849999999999999645, 160.0000000000000000, 3.100000000000000089 ) ) ;
#3369 = SURFACE_STYLE_USAGE ( .BOTH. , #2275 ) ;
#3370 = ORIENTED_EDGE ( 'NONE', *, *, #54, .T. ) ;
#3371 = PRESENTATION_STYLE_ASSIGNMENT (( #3059 ) ) ;
#3372 =( NAMED_UNIT ( * ) PLANE_ANGLE_UNIT ( ) SI_UNIT ( $, .RADIAN. ) );
#3373 = ORIENTED_EDGE ( 'NONE', *, *, #676, .T. ) ;
#3374 = CIRCLE ( 'NONE', #41, 0.5000000000000004441 ) ;
#3375 = CIRCLE ( 'NONE', #464, 0.5000000000000000000 ) ;
#3376 = CARTESIAN_POINT ( 'NONE',  ( -8.349999999999999645, 160.0000000000000000, -3.600000000000000089 ) ) ;
#3377 = AXIS2_PLACEMENT_3D ( 'NONE', #225, #4348, #2315 ) ;
#3378 = COLOUR_RGB ( '',0.8941176470588234615, 0.9137254901960784048, 0.9294117647058823817 ) ;
#3379 = ORIENTED_EDGE ( 'NONE', *, *, #3944, .F. ) ;
#3380 = EDGE_CURVE ( 'NONE', #3508, #4186, #1985, .T. ) ;
#3381 = COLOUR_RGB ( '',0.8941176470588234615, 0.9137254901960784048, 0.9294117647058823817 ) ;
#3382 = STYLED_ITEM ( 'NONE', ( #1938 ), #3551 ) ;
#3383 = LINE ( 'NONE', #3765, #1442 ) ;
#3384 = DIRECTION ( 'NONE',  ( 1.000000000000000000, 0.000000000000000000, -3.416879573893720099E-15 ) ) ;
#3385 = CARTESIAN_POINT ( 'NONE',  ( -5.500000000000000000, -160.0000000000000000, 8.349999999999999645 ) ) ;
#3386 = ORIENTED_EDGE ( 'NONE', *, *, #1438, .F. ) ;
#3387 = CARTESIAN_POINT ( 'NONE',  ( -8.849999999999999645, -160.0000000000000000, 3.600000000000000089 ) ) ;
#3388 = ORIENTED_EDGE ( 'NONE', *, *, #2776, .F. ) ;
#3389 = UNCERTAINTY_MEASURE_WITH_UNIT (LENGTH_MEASURE( 1.000000000000000082E-05 ), #1915, 'distance_accuracy_value', 'NONE');
#3390 = DIRECTION ( 'NONE',  ( -1.000000000000000000, 0.000000000000000000, 0.000000000000000000 ) ) ;
#3391 = ORIENTED_EDGE ( 'NONE', *, *, #1580, .T. ) ;
#3392 = DIRECTION ( 'NONE',  ( 0.000000000000000000, -1.000000000000000000, 0.000000000000000000 ) ) ;
#3393 = FILL_AREA_STYLE ('',( #3736 ) ) ;
#3394 = FILL_AREA_STYLE ('',( #1939 ) ) ;
#3395 = DIRECTION ( 'NONE',  ( -0.000000000000000000, 1.000000000000000000, -0.000000000000000000 ) ) ;
#3396 = ORIENTED_EDGE ( 'NONE', *, *, #1244, .F. ) ;
#3397 = STYLED_ITEM ( 'NONE', ( #1509 ), #824 ) ;
#3398 =( NAMED_UNIT ( * ) PLANE_ANGLE_UNIT ( ) SI_UNIT ( $, .RADIAN. ) );
#3399 = ORIENTED_EDGE ( 'NONE', *, *, #2872, .T. ) ;
#3400 = VECTOR ( 'NONE', #2190, 1000.000000000000000 ) ;
#3401 = STYLED_ITEM ( 'NONE', ( #3013 ), #77 ) ;
#3402 = EDGE_CURVE ( 'NONE', #3112, #2015, #4092, .T. ) ;
#3403 = FILL_AREA_STYLE_COLOUR ( '', #3981 ) ;
#3404 = MECHANICAL_DESIGN_GEOMETRIC_PRESENTATION_REPRESENTATION (  '', ( #2322 ), #2021 ) ;
#3405 = EDGE_CURVE ( 'NONE', #2110, #3481, #1038, .T. ) ;
#3406 = ORIENTED_EDGE ( 'NONE', *, *, #2769, .F. ) ;
#3407 = AXIS2_PLACEMENT_3D ( 'NONE', #2224, #2287, #513 ) ;
#3408 = CIRCLE ( 'NONE', #3970, 0.5000000000000004441 ) ;
#3409 = DIRECTION ( 'NONE',  ( 0.000000000000000000, 0.000000000000000000, 1.000000000000000000 ) ) ;
#3410 = DIRECTION ( 'NONE',  ( 0.000000000000000000, -1.222436467041021059E-18, 1.000000000000000000 ) ) ;
#3411 = AXIS2_PLACEMENT_3D ( 'NONE', #4226, #1062, #3896 ) ;
#3412 = LINE ( 'NONE', #4087, #419 ) ;
#3413 = ORIENTED_EDGE ( 'NONE', *, *, #2336, .T. ) ;
#3414 = CARTESIAN_POINT ( 'NONE',  ( -4.400000000000050981, 160.0000000000000000, -2.773654403270989999 ) ) ;
#3415 =( NAMED_UNIT ( * ) SI_UNIT ( $, .STERADIAN. ) SOLID_ANGLE_UNIT ( ) );
#3416 = EDGE_LOOP ( 'NONE', ( #2996, #904, #89, #3166 ) ) ;
#3417 = AXIS2_PLACEMENT_3D ( 'NONE', #246, #2741, #2361 ) ;
#3418 = LINE ( 'NONE', #1716, #1183 ) ;
#3419 = CARTESIAN_POINT ( 'NONE',  ( -10.00000000000000000, 160.0000000000000000, -3.600000000000000089 ) ) ;
#3420 = CARTESIAN_POINT ( 'NONE',  ( 5.000000000000000000, 37.50000000000005684, 7.849999999999999645 ) ) ;
#3421 =( LENGTH_UNIT ( ) NAMED_UNIT ( * ) SI_UNIT ( .MILLI., .METRE. ) );
#3422 = CARTESIAN_POINT ( 'NONE',  ( 3.127207793864282603, 37.50000000000005684, 4.046446609406740613 ) ) ;
#3423 = ORIENTED_EDGE ( 'NONE', *, *, #1476, .T. ) ;
#3424 = CIRCLE ( 'NONE', #2191, 0.5000000000000004441 ) ;
#3425 = FACE_OUTER_BOUND ( 'NONE', #2227, .T. ) ;
#3426 = VECTOR ( 'NONE', #988, 1000.000000000000000 ) ;
#3427 = VERTEX_POINT ( 'NONE', #915 ) ;
#3428 = MECHANICAL_DESIGN_GEOMETRIC_PRESENTATION_REPRESENTATION (  '', ( #3490 ), #1902 ) ;
#3429 = EDGE_CURVE ( 'NONE', #2446, #1953, #3024, .T. ) ;
#3430 = FILL_AREA_STYLE_COLOUR ( '', #1463 ) ;
#3431 = DIRECTION ( 'NONE',  ( 0.000000000000000000, 0.000000000000000000, 1.000000000000000000 ) ) ;
#3432 = ORIENTED_EDGE ( 'NONE', *, *, #3801, .T. ) ;
#3433 = DIRECTION ( 'NONE',  ( -0.000000000000000000, 1.000000000000000000, -0.000000000000000000 ) ) ;
#3434 = ORIENTED_EDGE ( 'NONE', *, *, #2774, .F. ) ;
#3435 = DIRECTION ( 'NONE',  ( 0.000000000000000000, 1.000000000000000000, 0.000000000000000000 ) ) ;
#3436 = VECTOR ( 'NONE', #3410, 1000.000000000000000 ) ;
#3437 = AXIS2_PLACEMENT_3D ( 'NONE', #3420, #1397, #3499 ) ;
#3438 = SURFACE_STYLE_USAGE ( .BOTH. , #1695 ) ;
#3439 = AXIS2_PLACEMENT_3D ( 'NONE', #3831, #459, #1813 ) ;
#3440 = FACE_OUTER_BOUND ( 'NONE', #2479, .T. ) ;
#3441 = ORIENTED_EDGE ( 'NONE', *, *, #2441, .T. ) ;
#3442 = MECHANICAL_DESIGN_GEOMETRIC_PRESENTATION_REPRESENTATION (  '', ( #906 ), #2217 ) ;
#3443 = ORIENTED_EDGE ( 'NONE', *, *, #768, .T. ) ;
#3444 = CARTESIAN_POINT ( 'NONE',  ( 2.773654403270995328, 37.50000000000005684, -3.900000000000011458 ) ) ;
#3445 = CYLINDRICAL_SURFACE ( 'NONE', #143, 0.5000000000000004441 ) ;
#3446 = ORIENTED_EDGE ( 'NONE', *, *, #1684, .F. ) ;
#3447 =( LENGTH_UNIT ( ) NAMED_UNIT ( * ) SI_UNIT ( .MILLI., .METRE. ) );
#3448 = SURFACE_STYLE_USAGE ( .BOTH. , #2026 ) ;
#3449 = CYLINDRICAL_SURFACE ( 'NONE', #2746, 0.4999999999999995559 ) ;
#3450 = EDGE_CURVE ( 'NONE', #3880, #2225, #582, .T. ) ;
#3451 = ORIENTED_EDGE ( 'NONE', *, *, #4156, .F. ) ;
#3452 = SURFACE_STYLE_USAGE ( .BOTH. , #3726 ) ;
#3453 = DIRECTION ( 'NONE',  ( 0.000000000000000000, 0.000000000000000000, -1.000000000000000000 ) ) ;
#3454 =( LENGTH_UNIT ( ) NAMED_UNIT ( * ) SI_UNIT ( .MILLI., .METRE. ) );
#3455 = CARTESIAN_POINT ( 'NONE',  ( 3.899999999999999911, 160.0000000000000000, 2.980761184457545010 ) ) ;
#3456 = ORIENTED_EDGE ( 'NONE', *, *, #2271, .F. ) ;
#3457 = DIRECTION ( 'NONE',  ( -3.416879573893720099E-15, 0.000000000000000000, -1.000000000000000000 ) ) ;
#3458 = CARTESIAN_POINT ( 'NONE',  ( -9.500000000000000000, -160.0000000000000000, -3.100000000000000089 ) ) ;
#3459 = STYLED_ITEM ( 'NONE', ( #366 ), #160 ) ;
#3460 = ORIENTED_EDGE ( 'NONE', *, *, #3826, .F. ) ;
#3461 = UNCERTAINTY_MEASURE_WITH_UNIT (LENGTH_MEASURE( 1.000000000000000082E-05 ), #887, 'distance_accuracy_value', 'NONE');
#3462 =( GEOMETRIC_REPRESENTATION_CONTEXT ( 3 ) GLOBAL_UNCERTAINTY_ASSIGNED_CONTEXT ( ( #1884 ) ) GLOBAL_UNIT_ASSIGNED_CONTEXT ( ( #2901, #2230, #3547 ) ) REPRESENTATION_CONTEXT ( 'NONE', 'WORKASPACE' ) );
#3463 = MECHANICAL_DESIGN_GEOMETRIC_PRESENTATION_REPRESENTATION (  '', ( #2912 ), #2095 ) ;
#3464 = FILL_AREA_STYLE ('',( #602 ) ) ;
#3465 = CARTESIAN_POINT ( 'NONE',  ( 9.000000000000058620, 37.50000000000005684, 164.3899999999999864 ) ) ;
#3466 = SURFACE_SIDE_STYLE ('',( #2115 ) ) ;
#3467 = ORIENTED_EDGE ( 'NONE', *, *, #896, .F. ) ;
#3468 = PRESENTATION_LAYER_ASSIGNMENT (  '', '', ( #147 ) ) ;
#3469 = VECTOR ( 'NONE', #1459, 1000.000000000000000 ) ;
#3470 = ORIENTED_EDGE ( 'NONE', *, *, #2415, .F. ) ;
#3471 = DIRECTION ( 'NONE',  ( -0.000000000000000000, 1.000000000000000000, -0.000000000000000000 ) ) ;
#3472 =( NAMED_UNIT ( * ) PLANE_ANGLE_UNIT ( ) SI_UNIT ( $, .RADIAN. ) );
#3473 = ORIENTED_EDGE ( 'NONE', *, *, #1066, .T. ) ;
#3474 = PRESENTATION_LAYER_ASSIGNMENT (  '', '', ( #1434 ) ) ;
#3475 = SURFACE_SIDE_STYLE ('',( #2098 ) ) ;
#3476 = ADVANCED_FACE ( 'NONE', ( #1001 ), #1024, .T. ) ;
#3477 =( NAMED_UNIT ( * ) SI_UNIT ( $, .STERADIAN. ) SOLID_ANGLE_UNIT ( ) );
#3478 =( NAMED_UNIT ( * ) PLANE_ANGLE_UNIT ( ) SI_UNIT ( $, .RADIAN. ) );
#3479 = CARTESIAN_POINT ( 'NONE',  ( -3.600000000000000089, 160.0000000000000000, 9.500000000000000000 ) ) ;
#3480 = CARTESIAN_POINT ( 'NONE',  ( -10.00000000000000000, 37.50000000000006395, 9.000000000000000000 ) ) ;
#3481 = VERTEX_POINT ( 'NONE', #712 ) ;
#3482 = AXIS2_PLACEMENT_3D ( 'NONE', #1585, #937, #3362 ) ;
#3483 = ADVANCED_FACE ( 'NONE', ( #2427 ), #2029, .F. ) ;
#3484 = SURFACE_SIDE_STYLE ('',( #3226 ) ) ;
#3485 = CIRCLE ( 'NONE', #4119, 0.4999999999999995559 ) ;
#3486 = ORIENTED_EDGE ( 'NONE', *, *, #3926, .F. ) ;
#3487 = AXIS2_PLACEMENT_3D ( 'NONE', #4065, #2707, #3794 ) ;
#3488 = CARTESIAN_POINT ( 'NONE',  ( -8.849999999999999645, 37.50000000000006395, 3.600000000000000089 ) ) ;
#3489 = FILL_AREA_STYLE_COLOUR ( '', #1279 ) ;
#3490 = STYLED_ITEM ( 'NONE', ( #541 ), #3117 ) ;
#3491 = EDGE_LOOP ( 'NONE', ( #2514, #2004, #4240, #1423 ) ) ;
#3492 = ORIENTED_EDGE ( 'NONE', *, *, #896, .T. ) ;
#3493 = PLANE ( 'NONE',  #1428 ) ;
#3494 = SURFACE_STYLE_FILL_AREA ( #2165 ) ;
#3495 = ORIENTED_EDGE ( 'NONE', *, *, #3119, .F. ) ;
#3496 = CARTESIAN_POINT ( 'NONE',  ( 2.773654403270995772, 37.50000000000005684, 3.899999999999999911 ) ) ;
#3497 = FACE_OUTER_BOUND ( 'NONE', #1659, .T. ) ;
#3498 = CARTESIAN_POINT ( 'NONE',  ( 9.500000000000000000, -160.0000000000000000, 3.600000000000000089 ) ) ;
#3499 = DIRECTION ( 'NONE',  ( -1.000000000000000000, 0.000000000000000000, 0.000000000000000000 ) ) ;
#3500 = SURFACE_STYLE_FILL_AREA ( #4146 ) ;
#3501 = SURFACE_SIDE_STYLE ('',( #1422 ) ) ;
#3502 = STYLED_ITEM ( 'NONE', ( #779 ), #3217 ) ;
#3503 = VERTEX_POINT ( 'NONE', #960 ) ;
#3504 = EDGE_CURVE ( 'NONE', #3994, #520, #3418, .T. ) ;
#3505 = EDGE_CURVE ( 'NONE', #4118, #450, #3092, .T. ) ;
#3506 = VECTOR ( 'NONE', #3395, 1000.000000000000000 ) ;
#3507 = COLOUR_RGB ( '',0.8941176470588234615, 0.9137254901960784048, 0.9294117647058823817 ) ;
#3508 = VERTEX_POINT ( 'NONE', #299 ) ;
#3509 = STYLED_ITEM ( 'NONE', ( #956 ), #3338 ) ;
#3510 = ADVANCED_FACE ( 'NONE', ( #4429 ), #1330, .T. ) ;
#3511 = UNCERTAINTY_MEASURE_WITH_UNIT (LENGTH_MEASURE( 1.000000000000000082E-05 ), #4009, 'distance_accuracy_value', 'NONE');
#3512 = CARTESIAN_POINT ( 'NONE',  ( -6.626345596729049880, 37.50000000000006395, 5.500000000000000888 ) ) ;
#3513 = LINE ( 'NONE', #3866, #809 ) ;
#3514 = CARTESIAN_POINT ( 'NONE',  ( -5.000000000000000000, 160.0000000000000000, 7.849999999999999645 ) ) ;
#3515 = ORIENTED_EDGE ( 'NONE', *, *, #3890, .F. ) ;
#3516 = EDGE_CURVE ( 'NONE', #1739, #2079, #2819, .T. ) ;
#3517 = PRESENTATION_STYLE_ASSIGNMENT (( #3237 ) ) ;
#3518 = UNCERTAINTY_MEASURE_WITH_UNIT (LENGTH_MEASURE( 1.000000000000000082E-05 ), #1928, 'distance_accuracy_value', 'NONE');
#3519 =( NAMED_UNIT ( * ) PLANE_ANGLE_UNIT ( ) SI_UNIT ( $, .RADIAN. ) );
#3520 = FACE_OUTER_BOUND ( 'NONE', #739, .T. ) ;
#3521 = PRESENTATION_STYLE_ASSIGNMENT (( #2759 ) ) ;
#3522 = ORIENTED_EDGE ( 'NONE', *, *, #3380, .F. ) ;
#3523 = CARTESIAN_POINT ( 'NONE',  ( 3.600000000000000089, 160.0000000000000000, 9.500000000000000000 ) ) ;
#3524 = CARTESIAN_POINT ( 'NONE',  ( -10.00000000000000000, -160.0000000000000000, 3.600000000000000089 ) ) ;
#3525 = PRESENTATION_STYLE_ASSIGNMENT (( #1817 ) ) ;
#3526 = ORIENTED_EDGE ( 'NONE', *, *, #162, .F. ) ;
#3527 = SURFACE_SIDE_STYLE ('',( #2824 ) ) ;
#3528 = SURFACE_SIDE_STYLE ('',( #1094 ) ) ;
#3529 = ADVANCED_FACE ( 'NONE', ( #1861 ), #2538, .F. ) ;
#3530 = LINE ( 'NONE', #52, #1493 ) ;
#3531 =( GEOMETRIC_REPRESENTATION_CONTEXT ( 3 ) GLOBAL_UNCERTAINTY_ASSIGNED_CONTEXT ( ( #1191 ) ) GLOBAL_UNIT_ASSIGNED_CONTEXT ( ( #2532, #2213, #482 ) ) REPRESENTATION_CONTEXT ( 'NONE', 'WORKASPACE' ) );
#3532 = ADVANCED_FACE ( 'NONE', ( #3497 ), #2495, .T. ) ;
#3533 =( NAMED_UNIT ( * ) PLANE_ANGLE_UNIT ( ) SI_UNIT ( $, .RADIAN. ) );
#3534 = CARTESIAN_POINT ( 'NONE',  ( -3.899999999999999911, -160.0000000000000000, 2.980761184457580093 ) ) ;
#3535 = VERTEX_POINT ( 'NONE', #3654 ) ;
#3536 = MECHANICAL_DESIGN_GEOMETRIC_PRESENTATION_REPRESENTATION (  '', ( #3050 ), #711 ) ;
#3537 = AXIS2_PLACEMENT_3D ( 'NONE', #4190, #1090, #2498 ) ;
#3538 = COLOUR_RGB ( '',0.8941176470588234615, 0.9137254901960784048, 0.9294117647058823817 ) ;
#3539 = ORIENTED_EDGE ( 'NONE', *, *, #2419, .T. ) ;
#3540 = CARTESIAN_POINT ( 'NONE',  ( 8.349999999999999645, -160.0000000000000000, -5.000000000000000000 ) ) ;
#3541 = ORIENTED_EDGE ( 'NONE', *, *, #2551, .F. ) ;
#3542 =( GEOMETRIC_REPRESENTATION_CONTEXT ( 3 ) GLOBAL_UNCERTAINTY_ASSIGNED_CONTEXT ( ( #1736 ) ) GLOBAL_UNIT_ASSIGNED_CONTEXT ( ( #4213, #2523, #2771 ) ) REPRESENTATION_CONTEXT ( 'NONE', 'WORKASPACE' ) );
#3543 = FILL_AREA_STYLE_COLOUR ( '', #3219 ) ;
#3544 = ORIENTED_EDGE ( 'NONE', *, *, #463, .T. ) ;
#3545 = FILL_AREA_STYLE ('',( #377 ) ) ;
#3546 = VECTOR ( 'NONE', #2651, 1000.000000000000114 ) ;
#3547 =( NAMED_UNIT ( * ) SI_UNIT ( $, .STERADIAN. ) SOLID_ANGLE_UNIT ( ) );
#3548 = ORIENTED_EDGE ( 'NONE', *, *, #3915, .F. ) ;
#3549 =( GEOMETRIC_REPRESENTATION_CONTEXT ( 3 ) GLOBAL_UNCERTAINTY_ASSIGNED_CONTEXT ( ( #120 ) ) GLOBAL_UNIT_ASSIGNED_CONTEXT ( ( #2641, #4353, #3321 ) ) REPRESENTATION_CONTEXT ( 'NONE', 'WORKASPACE' ) );
#3550 = DIRECTION ( 'NONE',  ( 0.7071067811865520136, 0.000000000000000000, 0.7071067811865431318 ) ) ;
#3551 = ADVANCED_FACE ( 'NONE', ( #2603 ), #3947, .F. ) ;
#3552 = FILL_AREA_STYLE ('',( #479 ) ) ;
#3553 = CARTESIAN_POINT ( 'NONE',  ( 4.046446609406738837, 37.50000000000005684, -3.127207793864285712 ) ) ;
#3554 = CARTESIAN_POINT ( 'NONE',  ( -6.272792206135779480, 37.50000000000006395, -5.353553390593267736 ) ) ;
#3555 = ORIENTED_EDGE ( 'NONE', *, *, #2605, .F. ) ;
#3556 = CARTESIAN_POINT ( 'NONE',  ( -5.500000000000000000, -160.0000000000000000, 7.849999999999999645 ) ) ;
#3557 = EDGE_CURVE ( 'NONE', #465, #583, #511, .T. ) ;
#3558 = PRESENTATION_LAYER_ASSIGNMENT (  '', '', ( #953 ) ) ;
#3559 = SURFACE_STYLE_FILL_AREA ( #128 ) ;
#3560 = DIRECTION ( 'NONE',  ( 0.000000000000000000, 1.000000000000000000, 0.000000000000000000 ) ) ;
#3561 = FILL_AREA_STYLE ('',( #762 ) ) ;
#3562 = EDGE_LOOP ( 'NONE', ( #1095, #3803, #4339, #2925 ) ) ;
#3563 = FACE_OUTER_BOUND ( 'NONE', #1466, .T. ) ;
#3564 =( NAMED_UNIT ( * ) SI_UNIT ( $, .STERADIAN. ) SOLID_ANGLE_UNIT ( ) );
#3565 = FILL_AREA_STYLE ('',( #3278 ) ) ;
#3566 = ORIENTED_EDGE ( 'NONE', *, *, #978, .T. ) ;
#3567 = DIRECTION ( 'NONE',  ( 0.000000000000000000, -1.000000000000000000, 0.000000000000000000 ) ) ;
#3568 = MECHANICAL_DESIGN_GEOMETRIC_PRESENTATION_REPRESENTATION (  '', ( #2504 ), #1831 ) ;
#3569 = MECHANICAL_DESIGN_GEOMETRIC_PRESENTATION_REPRESENTATION (  '', ( #2063 ), #4289 ) ;
#3570 = CARTESIAN_POINT ( 'NONE',  ( 3.900000000000010125, 37.50000000000005684, 2.773654403270995328 ) ) ;
#3571 = CARTESIAN_POINT ( 'NONE',  ( 3.600000000000000089, 37.50000000000005684, 8.849999999999999645 ) ) ;
#3572 = MECHANICAL_DESIGN_GEOMETRIC_PRESENTATION_REPRESENTATION (  '', ( #2506 ), #2653 ) ;
#3573 = CYLINDRICAL_SURFACE ( 'NONE', #2017, 0.4999999999999995559 ) ;
#3574 = STYLED_ITEM ( 'NONE', ( #105 ), #3510 ) ;
#3575 = ORIENTED_EDGE ( 'NONE', *, *, #2438, .T. ) ;
#3576 = SURFACE_STYLE_FILL_AREA ( #2232 ) ;
#3577 = PRESENTATION_LAYER_ASSIGNMENT (  '', '', ( #3097 ) ) ;
#3578 = VECTOR ( 'NONE', #954, 1000.000000000000000 ) ;
#3579 = CARTESIAN_POINT ( 'NONE',  ( 9.500000000000000000, 37.50000000000005684, 3.099999999999999645 ) ) ;
#3580 = DIRECTION ( 'NONE',  ( -1.000000000000000000, 0.000000000000000000, 0.000000000000000000 ) ) ;
#3581 =( GEOMETRIC_REPRESENTATION_CONTEXT ( 3 ) GLOBAL_UNCERTAINTY_ASSIGNED_CONTEXT ( ( #1317 ) ) GLOBAL_UNIT_ASSIGNED_CONTEXT ( ( #3017, #2373, #1297 ) ) REPRESENTATION_CONTEXT ( 'NONE', 'WORKASPACE' ) );
#3582 = EDGE_LOOP ( 'NONE', ( #1202, #2572, #1768, #639 ) ) ;
#3583 = EDGE_CURVE ( 'NONE', #520, #2685, #3990, .T. ) ;
#3584 = DIRECTION ( 'NONE',  ( 0.000000000000000000, 1.222436467041021059E-18, -1.000000000000000000 ) ) ;
#3585 =( LENGTH_UNIT ( ) NAMED_UNIT ( * ) SI_UNIT ( .MILLI., .METRE. ) );
#3586 = EDGE_CURVE ( 'NONE', #3988, #611, #556, .T. ) ;
#3587 = CARTESIAN_POINT ( 'NONE',  ( 9.000000000000000000, -160.0000000000000000, -9.000000000000000000 ) ) ;
#3588 = CARTESIAN_POINT ( 'NONE',  ( -6.272792206135781257, 37.50000000000006395, -5.353553390593269512 ) ) ;
#3589 = ORIENTED_EDGE ( 'NONE', *, *, #585, .F. ) ;
#3590 = FILL_AREA_STYLE_COLOUR ( '', #731 ) ;
#3591 = DIRECTION ( 'NONE',  ( -1.000000000000000000, 0.000000000000000000, -7.228014483236679792E-16 ) ) ;
#3592 = ORIENTED_EDGE ( 'NONE', *, *, #2582, .T. ) ;
#3593 = CARTESIAN_POINT ( 'NONE',  ( 3.099999999999999645, 37.50000000000005684, 8.849999999999999645 ) ) ;
#3594 = SURFACE_STYLE_FILL_AREA ( #4291 ) ;
#3595 = ORIENTED_EDGE ( 'NONE', *, *, #2132, .F. ) ;
#3596 = DIRECTION ( 'NONE',  ( 2.246165255886149975E-15, 0.000000000000000000, -1.000000000000000000 ) ) ;
#3597 = UNCERTAINTY_MEASURE_WITH_UNIT (LENGTH_MEASURE( 1.000000000000000082E-05 ), #76, 'distance_accuracy_value', 'NONE');
#3598 =( GEOMETRIC_REPRESENTATION_CONTEXT ( 3 ) GLOBAL_UNCERTAINTY_ASSIGNED_CONTEXT ( ( #2120 ) ) GLOBAL_UNIT_ASSIGNED_CONTEXT ( ( #4016, #728, #2023 ) ) REPRESENTATION_CONTEXT ( 'NONE', 'WORKASPACE' ) );
#3599 = SURFACE_STYLE_FILL_AREA ( #1172 ) ;
#3600 = FILL_AREA_STYLE_COLOUR ( '', #3824 ) ;
#3601 = CYLINDRICAL_SURFACE ( 'NONE', #3783, 0.4999999999999995559 ) ;
#3602 = MECHANICAL_DESIGN_GEOMETRIC_PRESENTATION_REPRESENTATION (  '', ( #416 ), #2090 ) ;
#3603 = ORIENTED_EDGE ( 'NONE', *, *, #213, .F. ) ;
#3604 = VECTOR ( 'NONE', #597, 1000.000000000000000 ) ;
#3605 = DIRECTION ( 'NONE',  ( 0.000000000000000000, 1.000000000000000000, 0.000000000000000000 ) ) ;
#3606 = DIRECTION ( 'NONE',  ( 0.000000000000000000, -1.000000000000000000, 0.000000000000000000 ) ) ;
#3607 = CARTESIAN_POINT ( 'NONE',  ( 9.000000000000003553, 37.50000000000005684, -10.00000000000000000 ) ) ;
#3608 = ORIENTED_EDGE ( 'NONE', *, *, #2341, .F. ) ;
#3609 = VECTOR ( 'NONE', #4403, 1000.000000000000000 ) ;
#3610 = EDGE_CURVE ( 'NONE', #2366, #1112, #1605, .T. ) ;
#3611 =( NAMED_UNIT ( * ) PLANE_ANGLE_UNIT ( ) SI_UNIT ( $, .RADIAN. ) );
#3612 = PRESENTATION_LAYER_ASSIGNMENT (  '', '', ( #3973 ) ) ;
#3613 = PRESENTATION_STYLE_ASSIGNMENT (( #1847 ) ) ;
#3614 = CARTESIAN_POINT ( 'NONE',  ( 2.773654403270995328, 160.0000000000000000, 3.899999999999999911 ) ) ;
#3615 = ORIENTED_EDGE ( 'NONE', *, *, #647, .T. ) ;
#3616 = FACE_OUTER_BOUND ( 'NONE', #773, .T. ) ;
#3617 = AXIS2_PLACEMENT_3D ( 'NONE', #353, #53, #1727 ) ;
#3618 = ADVANCED_FACE ( 'NONE', ( #3672 ), #2933, .T. ) ;
#3619 = DIRECTION ( 'NONE',  ( -2.628368902995175337E-16, 0.000000000000000000, 1.000000000000000000 ) ) ;
#3620 = VERTEX_POINT ( 'NONE', #3086 ) ;
#3621 =( NAMED_UNIT ( * ) PLANE_ANGLE_UNIT ( ) SI_UNIT ( $, .RADIAN. ) );
#3622 = LINE ( 'NONE', #167, #2953 ) ;
#3623 = CARTESIAN_POINT ( 'NONE',  ( 4.046446609406749495, -160.0000000000000000, -3.127207793864275054 ) ) ;
#3624 = DIRECTION ( 'NONE',  ( 0.000000000000000000, -1.000000000000000000, 0.000000000000000000 ) ) ;
#3625 =( GEOMETRIC_REPRESENTATION_CONTEXT ( 3 ) GLOBAL_UNCERTAINTY_ASSIGNED_CONTEXT ( ( #4224 ) ) GLOBAL_UNIT_ASSIGNED_CONTEXT ( ( #557, #3148, #1241 ) ) REPRESENTATION_CONTEXT ( 'NONE', 'WORKASPACE' ) );
#3626 = VERTEX_POINT ( 'NONE', #2424 ) ;
#3627 = CARTESIAN_POINT ( 'NONE',  ( 5.500000000000000000, 37.50000000000005684, -6.626345596729049880 ) ) ;
#3628 = MECHANICAL_DESIGN_GEOMETRIC_PRESENTATION_REPRESENTATION (  '', ( #1596 ), #3549 ) ;
#3629 = SURFACE_SIDE_STYLE ('',( #217 ) ) ;
#3630 = CARTESIAN_POINT ( 'NONE',  ( -10.00000000000000000, 160.0000000000000000, 9.000000000000000000 ) ) ;
#3631 = FACE_OUTER_BOUND ( 'NONE', #3777, .T. ) ;
#3632 = VERTEX_POINT ( 'NONE', #1645 ) ;
#3633 = VECTOR ( 'NONE', #3181, 1000.000000000000000 ) ;
#3634 = DIRECTION ( 'NONE',  ( -0.000000000000000000, 1.000000000000000000, -0.000000000000000000 ) ) ;
#3635 = DIRECTION ( 'NONE',  ( -0.000000000000000000, 1.000000000000000000, -0.000000000000000000 ) ) ;
#3636 = DIRECTION ( 'NONE',  ( -1.000000000000000000, 0.000000000000000000, 0.000000000000000000 ) ) ;
#3637 = EDGE_CURVE ( 'NONE', #3632, #4222, #4404, .T. ) ;
#3638 = ORIENTED_EDGE ( 'NONE', *, *, #1631, .T. ) ;
#3639 = DIRECTION ( 'NONE',  ( -1.000000000000000000, 0.000000000000000000, 0.000000000000000000 ) ) ;
#3640 = EDGE_CURVE ( 'NONE', #1366, #3683, #2444, .T. ) ;
#3641 = ADVANCED_FACE ( 'NONE', ( #318 ), #1326, .F. ) ;
#3642 = CIRCLE ( 'NONE', #4428, 0.5000000000000004441 ) ;
#3643 = EDGE_LOOP ( 'NONE', ( #3800, #514, #192, #21 ) ) ;
#3644 = MECHANICAL_DESIGN_GEOMETRIC_PRESENTATION_REPRESENTATION (  '', ( #2650 ), #4420 ) ;
#3645 = UNCERTAINTY_MEASURE_WITH_UNIT (LENGTH_MEASURE( 1.000000000000000082E-05 ), #1189, 'distance_accuracy_value', 'NONE');
#3646 = DIRECTION ( 'NONE',  ( 0.000000000000000000, -1.000000000000000000, 0.000000000000000000 ) ) ;
#3647 = COLOUR_RGB ( '',0.8941176470588234615, 0.9137254901960784048, 0.9294117647058823817 ) ;
#3648 = CARTESIAN_POINT ( 'NONE',  ( -8.849999999999999645, 160.0000000000000000, -3.600000000000000089 ) ) ;
#3649 = CARTESIAN_POINT ( 'NONE',  ( 3.099999999999999645, 37.50000000000005684, -9.500000000000000000 ) ) ;
#3650 = ORIENTED_EDGE ( 'NONE', *, *, #3770, .F. ) ;
#3651 = CARTESIAN_POINT ( 'NONE',  ( 8.849999999999999645, -160.0000000000000000, -3.600000000000000089 ) ) ;
#3652 = COLOUR_RGB ( '',0.8941176470588234615, 0.9137254901960784048, 0.9294117647058823817 ) ;
#3653 = AXIS2_PLACEMENT_3D ( 'NONE', #2715, #2785, #4074 ) ;
#3654 = CARTESIAN_POINT ( 'NONE',  ( 5.500000000000000000, 37.50000000000005684, 7.849999999999999645 ) ) ;
#3655 = SURFACE_STYLE_USAGE ( .BOTH. , #218 ) ;
#3656 = CARTESIAN_POINT ( 'NONE',  ( -5.500000000000000000, 160.0000000000000000, -7.849999999999999645 ) ) ;
#3657 = LINE ( 'NONE', #2958, #1283 ) ;
#3658 = ORIENTED_EDGE ( 'NONE', *, *, #3967, .F. ) ;
#3659 = LINE ( 'NONE', #2982, #4048 ) ;
#3660 = DIRECTION ( 'NONE',  ( -1.000000000000000000, 0.000000000000000000, -7.274666472032798588E-17 ) ) ;
#3661 = ORIENTED_EDGE ( 'NONE', *, *, #1377, .T. ) ;
#3662 = DIRECTION ( 'NONE',  ( 0.000000000000000000, 1.000000000000000000, 0.000000000000000000 ) ) ;
#3663 = CARTESIAN_POINT ( 'NONE',  ( -8.349999999999999645, 160.0000000000000000, 5.500000000000000000 ) ) ;
#3664 = CARTESIAN_POINT ( 'NONE',  ( -8.349999999999999645, 37.50000000000006395, -3.600000000000000089 ) ) ;
#3665 = EDGE_CURVE ( 'NONE', #3626, #4162, #1020, .T. ) ;
#3666 = ORIENTED_EDGE ( 'NONE', *, *, #1476, .F. ) ;
#3667 = ADVANCED_FACE ( 'NONE', ( #2735 ), #3779, .T. ) ;
#3668 =( LENGTH_UNIT ( ) NAMED_UNIT ( * ) SI_UNIT ( .MILLI., .METRE. ) );
#3669 = FACE_OUTER_BOUND ( 'NONE', #2065, .T. ) ;
#3670 = EDGE_LOOP ( 'NONE', ( #2973, #4344, #2192, #1525 ) ) ;
#3671 = SURFACE_STYLE_USAGE ( .BOTH. , #1624 ) ;
#3672 = FACE_OUTER_BOUND ( 'NONE', #3491, .T. ) ;
#3673 = AXIS2_PLACEMENT_3D ( 'NONE', #1251, #564, #3639 ) ;
#3674 = DIRECTION ( 'NONE',  ( 7.228014483236679792E-16, 0.000000000000000000, -1.000000000000000000 ) ) ;
#3675 = ORIENTED_EDGE ( 'NONE', *, *, #735, .T. ) ;
#3676 = AXIS2_PLACEMENT_3D ( 'NONE', #1763, #590, #1670 ) ;
#3677 =( LENGTH_UNIT ( ) NAMED_UNIT ( * ) SI_UNIT ( .MILLI., .METRE. ) );
#3678 = DIRECTION ( 'NONE',  ( -1.172416807168114790E-16, -1.000000000000000000, -1.222436467041021059E-18 ) ) ;
#3679 = PLANE ( 'NONE',  #681 ) ;
#3680 = AXIS2_PLACEMENT_3D ( 'NONE', #1918, #2914, #198 ) ;
#3681 = CARTESIAN_POINT ( 'NONE',  ( 2.980761184457545010, 160.0000000000000000, -3.899999999999999911 ) ) ;
#3682 =( GEOMETRIC_REPRESENTATION_CONTEXT ( 3 ) GLOBAL_UNCERTAINTY_ASSIGNED_CONTEXT ( ( #1932 ) ) GLOBAL_UNIT_ASSIGNED_CONTEXT ( ( #1324, #3152, #1058 ) ) REPRESENTATION_CONTEXT ( 'NONE', 'WORKASPACE' ) );
#3683 = VERTEX_POINT ( 'NONE', #3043 ) ;
#3684 =( GEOMETRIC_REPRESENTATION_CONTEXT ( 3 ) GLOBAL_UNCERTAINTY_ASSIGNED_CONTEXT ( ( #2620 ) ) GLOBAL_UNIT_ASSIGNED_CONTEXT ( ( #3668, #572, #3775 ) ) REPRESENTATION_CONTEXT ( 'NONE', 'WORKASPACE' ) );
#3685 = SURFACE_STYLE_USAGE ( .BOTH. , #920 ) ;
#3686 = FILL_AREA_STYLE ('',( #566 ) ) ;
#3687 = ORIENTED_EDGE ( 'NONE', *, *, #337, .T. ) ;
#3688 = SURFACE_STYLE_USAGE ( .BOTH. , #3323 ) ;
#3689 = UNCERTAINTY_MEASURE_WITH_UNIT (LENGTH_MEASURE( 1.000000000000000082E-05 ), #4060, 'distance_accuracy_value', 'NONE');
#3690 = DIRECTION ( 'NONE',  ( 0.000000000000000000, -1.000000000000000000, 0.000000000000000000 ) ) ;
#3691 = PRESENTATION_STYLE_ASSIGNMENT (( #332 ) ) ;
#3692 = LINE ( 'NONE', #633, #3604 ) ;
#3693 = EDGE_CURVE ( 'NONE', #2475, #696, #4382, .T. ) ;
#3694 = ORIENTED_EDGE ( 'NONE', *, *, #2387, .F. ) ;
#3695 = VECTOR ( 'NONE', #18, 1000.000000000000000 ) ;
#3696 = DIRECTION ( 'NONE',  ( 1.000000000000000000, 0.000000000000000000, 1.796932204708914853E-15 ) ) ;
#3697 = LINE ( 'NONE', #3815, #4267 ) ;
#3698 = COLOUR_RGB ( '',0.8941176470588234615, 0.9137254901960784048, 0.9294117647058823817 ) ;
#3699 = CARTESIAN_POINT ( 'NONE',  ( -3.100000000000000089, -160.0000000000000000, -8.349999999999999645 ) ) ;
#3700 = EDGE_CURVE ( 'NONE', #1243, #370, #2357, .T. ) ;
#3701 = ORIENTED_EDGE ( 'NONE', *, *, #3054, .T. ) ;
#3702 = COLOUR_RGB ( '',0.8941176470588234615, 0.9137254901960784048, 0.9294117647058823817 ) ;
#3704 = FILL_AREA_STYLE_COLOUR ( '', #543 ) ;
#3703 = ADVANCED_BREP_SHAPE_REPRESENTATION ( '\X2\987690e86a2a6881\X0\', ( #1606, #1256 ), #3241 ) ;
#3705 = SURFACE_STYLE_FILL_AREA ( #669 ) ;
#3706 = VECTOR ( 'NONE', #91, 999.9999999999998863 ) ;
#3707 = DIRECTION ( 'NONE',  ( 0.000000000000000000, 0.000000000000000000, 1.000000000000000000 ) ) ;
#3708 = ORIENTED_EDGE ( 'NONE', *, *, #132, .T. ) ;
#3709 = DIRECTION ( 'NONE',  ( 0.000000000000000000, -1.000000000000000000, 0.000000000000000000 ) ) ;
#3710 = VERTEX_POINT ( 'NONE', #2835 ) ;
#3711 = DIRECTION ( 'NONE',  ( 0.000000000000000000, 0.000000000000000000, -1.000000000000000000 ) ) ;
#3712 = PRESENTATION_STYLE_ASSIGNMENT (( #677 ) ) ;
#3713 = SURFACE_SIDE_STYLE ('',( #947 ) ) ;
#3714 = CARTESIAN_POINT ( 'NONE',  ( 5.000000000000000000, 160.0000000000000000, -8.349999999999999645 ) ) ;
#3715 = ORIENTED_EDGE ( 'NONE', *, *, #959, .F. ) ;
#3716 =( NAMED_UNIT ( * ) SI_UNIT ( $, .STERADIAN. ) SOLID_ANGLE_UNIT ( ) );
#3717 = COLOUR_RGB ( '',0.8941176470588234615, 0.9137254901960784048, 0.9294117647058823817 ) ;
#3718 = DIRECTION ( 'NONE',  ( 6.672013369141571133E-16, -1.222436467041099252E-18, 1.000000000000000000 ) ) ;
#3719 = SURFACE_SIDE_STYLE ('',( #4405 ) ) ;
#3720 = ADVANCED_FACE ( 'NONE', ( #3872 ), #1440, .F. ) ;
#3721 =( GEOMETRIC_REPRESENTATION_CONTEXT ( 3 ) GLOBAL_UNCERTAINTY_ASSIGNED_CONTEXT ( ( #1358 ) ) GLOBAL_UNIT_ASSIGNED_CONTEXT ( ( #2256, #4295, #1123 ) ) REPRESENTATION_CONTEXT ( 'NONE', 'WORKASPACE' ) );
#3722 = PRESENTATION_LAYER_ASSIGNMENT (  '', '', ( #3574 ) ) ;
#3723 = ORIENTED_EDGE ( 'NONE', *, *, #2268, .T. ) ;
#3724 = ADVANCED_FACE ( 'NONE', ( #3192 ), #4161, .T. ) ;
#3725 = MECHANICAL_DESIGN_GEOMETRIC_PRESENTATION_REPRESENTATION (  '', ( #2439 ), #1761 ) ;
#3726 = SURFACE_SIDE_STYLE ('',( #625 ) ) ;
#3727 = FILL_AREA_STYLE_COLOUR ( '', #1808 ) ;
#3728 = FILL_AREA_STYLE ('',( #264 ) ) ;
#3729 = VERTEX_POINT ( 'NONE', #169 ) ;
#3730 = DIRECTION ( 'NONE',  ( 1.734723475976808672E-15, 0.000000000000000000, -1.000000000000000000 ) ) ;
#3731 = ORIENTED_EDGE ( 'NONE', *, *, #3429, .F. ) ;
#3732 = UNCERTAINTY_MEASURE_WITH_UNIT (LENGTH_MEASURE( 1.000000000000000082E-05 ), #3421, 'distance_accuracy_value', 'NONE');
#3733 = FILL_AREA_STYLE_COLOUR ( '', #1998 ) ;
#3734 = CARTESIAN_POINT ( 'NONE',  ( -8.349999999999999645, 37.50000000000006395, 5.000000000000000000 ) ) ;
#3735 = VERTEX_POINT ( 'NONE', #1957 ) ;
#3736 = FILL_AREA_STYLE_COLOUR ( '', #2371 ) ;
#3737 = LINE ( 'NONE', #3376, #686 ) ;
#3738 = ORIENTED_EDGE ( 'NONE', *, *, #3429, .T. ) ;
#3739 =( LENGTH_UNIT ( ) NAMED_UNIT ( * ) SI_UNIT ( .MILLI., .METRE. ) );
#3740 = CARTESIAN_POINT ( 'NONE',  ( -2.980761184457545010, 160.0000000000000000, 3.899999999999999911 ) ) ;
#3741 = CARTESIAN_POINT ( 'NONE',  ( 4.400000000000000355, 37.50000000000005684, 2.773654403270995328 ) ) ;
#3742 = CARTESIAN_POINT ( 'NONE',  ( -5.000000000000000000, 37.50000000000005684, -8.349999999999999645 ) ) ;
#3743 = ORIENTED_EDGE ( 'NONE', *, *, #1836, .F. ) ;
#3744 =( GEOMETRIC_REPRESENTATION_CONTEXT ( 3 ) GLOBAL_UNCERTAINTY_ASSIGNED_CONTEXT ( ( #3919 ) ) GLOBAL_UNIT_ASSIGNED_CONTEXT ( ( #3844, #34, #1079 ) ) REPRESENTATION_CONTEXT ( 'NONE', 'WORKASPACE' ) );
#3745 = MECHANICAL_DESIGN_GEOMETRIC_PRESENTATION_REPRESENTATION (  '', ( #2018 ), #3122 ) ;
#3746 = EDGE_CURVE ( 'NONE', #1458, #3941, #481, .T. ) ;
#3747 = CARTESIAN_POINT ( 'NONE',  ( -8.849999999999999645, 160.0000000000000000, -3.100000000000000089 ) ) ;
#3748 = VECTOR ( 'NONE', #671, 1000.000000000000000 ) ;
#3749 = CIRCLE ( 'NONE', #1134, 0.4999999999999995559 ) ;
#3750 = SURFACE_SIDE_STYLE ('',( #2389 ) ) ;
#3751 = EDGE_CURVE ( 'NONE', #2083, #2704, #4418, .T. ) ;
#3752 = ORIENTED_EDGE ( 'NONE', *, *, #3505, .T. ) ;
#3753 = AXIS2_PLACEMENT_3D ( 'NONE', #2884, #1124, #2511 ) ;
#3754 = FACE_BOUND ( 'NONE', #884, .T. ) ;
#3755 = VECTOR ( 'NONE', #4153, 1000.000000000000000 ) ;
#3756 = FILL_AREA_STYLE ('',( #3489 ) ) ;
#3757 = VERTEX_POINT ( 'NONE', #3328 ) ;
#3758 = CARTESIAN_POINT ( 'NONE',  ( 3.600000000000000089, -160.0000000000000000, -8.849999999999999645 ) ) ;
#3759 = COLOUR_RGB ( '',0.8941176470588234615, 0.9137254901960784048, 0.9294117647058823817 ) ;
#3760 = CYLINDRICAL_SURFACE ( 'NONE', #616, 0.4999999999999995559 ) ;
#3761 = STYLED_ITEM ( 'NONE', ( #1656 ), #2045 ) ;
#3762 = VERTEX_POINT ( 'NONE', #2995 ) ;
#3763 = CARTESIAN_POINT ( 'NONE',  ( 5.000000000000000000, -160.0000000000000000, 6.626345596729049880 ) ) ;
#3764 = AXIS2_PLACEMENT_3D ( 'NONE', #3498, #2763, #713 ) ;
#3765 = CARTESIAN_POINT ( 'NONE',  ( 3.100000000000000089, -160.0000000000000000, -8.349999999999999645 ) ) ;
#3766 = DIRECTION ( 'NONE',  ( -0.000000000000000000, 1.000000000000000000, -0.000000000000000000 ) ) ;
#3767 = DIRECTION ( 'NONE',  ( -0.000000000000000000, 1.000000000000000000, -0.000000000000000000 ) ) ;
#3768 = ORIENTED_EDGE ( 'NONE', *, *, #2276, .F. ) ;
#3769 = PRESENTATION_LAYER_ASSIGNMENT (  '', '', ( #17 ) ) ;
#3770 = EDGE_CURVE ( 'NONE', #1208, #2380, #1114, .T. ) ;
#3771 = FACE_OUTER_BOUND ( 'NONE', #2086, .T. ) ;
#3772 = VERTEX_POINT ( 'NONE', #4360 ) ;
#3773 = PRESENTATION_LAYER_ASSIGNMENT (  '', '', ( #2493 ) ) ;
#3774 = UNCERTAINTY_MEASURE_WITH_UNIT (LENGTH_MEASURE( 1.000000000000000082E-05 ), #65, 'distance_accuracy_value', 'NONE');
#3775 =( NAMED_UNIT ( * ) SI_UNIT ( $, .STERADIAN. ) SOLID_ANGLE_UNIT ( ) );
#3776 = CARTESIAN_POINT ( 'NONE',  ( 6.626345596729049880, 37.50000000000005684, -5.499999999999995559 ) ) ;
#3777 = EDGE_LOOP ( 'NONE', ( #4426, #1353, #3795, #83 ) ) ;
#3778 = DIRECTION ( 'NONE',  ( -0.000000000000000000, 1.000000000000000000, -0.000000000000000000 ) ) ;
#3779 = CYLINDRICAL_SURFACE ( 'NONE', #1041, 0.5000000000000000000 ) ;
#3780 = CARTESIAN_POINT ( 'NONE',  ( 3.600000000000000089, -160.0000000000000000, 10.00000000000000000 ) ) ;
#3781 = ORIENTED_EDGE ( 'NONE', *, *, #335, .T. ) ;
#3782 =( NAMED_UNIT ( * ) PLANE_ANGLE_UNIT ( ) SI_UNIT ( $, .RADIAN. ) );
#3783 = AXIS2_PLACEMENT_3D ( 'NONE', #3351, #505, #1887 ) ;
#3784 = FILL_AREA_STYLE_COLOUR ( '', #3647 ) ;
#3785 = CARTESIAN_POINT ( 'NONE',  ( 7.849999999999999645, -160.0000000000000000, -5.000000000000000000 ) ) ;
#3786 = VECTOR ( 'NONE', #134, 1000.000000000000000 ) ;
#3787 = CARTESIAN_POINT ( 'NONE',  ( -4.046446609406734396, -160.0000000000000000, 3.127207793864305252 ) ) ;
#3788 =( NAMED_UNIT ( * ) SI_UNIT ( $, .STERADIAN. ) SOLID_ANGLE_UNIT ( ) );
#3789 = CYLINDRICAL_SURFACE ( 'NONE', #73, 0.5000000000000004441 ) ;
#3790 = ORIENTED_EDGE ( 'NONE', *, *, #2441, .F. ) ;
#3791 =( GEOMETRIC_REPRESENTATION_CONTEXT ( 3 ) GLOBAL_UNCERTAINTY_ASSIGNED_CONTEXT ( ( #1272 ) ) GLOBAL_UNIT_ASSIGNED_CONTEXT ( ( #2142, #1019, #3822 ) ) REPRESENTATION_CONTEXT ( 'NONE', 'WORKASPACE' ) );
#3792 = COLOUR_RGB ( '',0.8941176470588234615, 0.9137254901960784048, 0.9294117647058823817 ) ;
#3793 = CARTESIAN_POINT ( 'NONE',  ( 9.000000000000000000, 160.0000000000000000, -10.00000000000000000 ) ) ;
#3794 = DIRECTION ( 'NONE',  ( 0.000000000000000000, 0.000000000000000000, -1.000000000000000000 ) ) ;
#3795 = ORIENTED_EDGE ( 'NONE', *, *, #3640, .T. ) ;
#3796 = ADVANCED_FACE ( 'NONE', ( #3986 ), #3601, .F. ) ;
#3797 = LINE ( 'NONE', #4057, #1021 ) ;
#3798 = FILL_AREA_STYLE ('',( #2440 ) ) ;
#3799 = FILL_AREA_STYLE ('',( #4199 ) ) ;
#3800 = ORIENTED_EDGE ( 'NONE', *, *, #267, .T. ) ;
#3801 = EDGE_CURVE ( 'NONE', #3762, #3945, #1858, .T. ) ;
#3802 = FACE_OUTER_BOUND ( 'NONE', #118, .T. ) ;
#3803 = ORIENTED_EDGE ( 'NONE', *, *, #2187, .T. ) ;
#3804 = DIRECTION ( 'NONE',  ( 0.000000000000000000, 0.000000000000000000, 1.000000000000000000 ) ) ;
#3805 = CARTESIAN_POINT ( 'NONE',  ( 9.000000000000000000, -160.0000000000000000, 10.00000000000000000 ) ) ;
#3806 = PRESENTATION_STYLE_ASSIGNMENT (( #1398 ) ) ;
#3807 = ORIENTED_EDGE ( 'NONE', *, *, #1354, .T. ) ;
#3808 = COLOUR_RGB ( '',0.8941176470588234615, 0.9137254901960784048, 0.9294117647058823817 ) ;
#3809 = DIRECTION ( 'NONE',  ( -0.000000000000000000, 1.000000000000000000, -0.000000000000000000 ) ) ;
#3810 = LINE ( 'NONE', #1429, #1167 ) ;
#3811 = VECTOR ( 'NONE', #102, 999.9999999999998863 ) ;
#3812 = EDGE_LOOP ( 'NONE', ( #692, #1315, #2881, #336 ) ) ;
#3813 = UNCERTAINTY_MEASURE_WITH_UNIT (LENGTH_MEASURE( 1.000000000000000082E-05 ), #4042, 'distance_accuracy_value', 'NONE');
#3814 = AXIS2_PLACEMENT_3D ( 'NONE', #702, #2442, #2088 ) ;
#3815 = CARTESIAN_POINT ( 'NONE',  ( -10.00000000000000000, 37.50000000000006395, -9.000000000000000000 ) ) ;
#3816 = PRESENTATION_STYLE_ASSIGNMENT (( #33 ) ) ;
#3817 = COLOUR_RGB ( '',0.8941176470588234615, 0.9137254901960784048, 0.9294117647058823817 ) ;
#3818 = AXIS2_PLACEMENT_3D ( 'NONE', #550, #3016, #165 ) ;
#3819 = VERTEX_POINT ( 'NONE', #2212 ) ;
#3820 = DIRECTION ( 'NONE',  ( 0.000000000000000000, 0.000000000000000000, 1.000000000000000000 ) ) ;
#3821 = UNCERTAINTY_MEASURE_WITH_UNIT (LENGTH_MEASURE( 1.000000000000000082E-05 ), #2234, 'distance_accuracy_value', 'NONE');
#3822 =( NAMED_UNIT ( * ) SI_UNIT ( $, .STERADIAN. ) SOLID_ANGLE_UNIT ( ) );
#3823 = FILL_AREA_STYLE ('',( #1101 ) ) ;
#3824 = COLOUR_RGB ( '',0.8941176470588234615, 0.9137254901960784048, 0.9294117647058823817 ) ;
#3825 = DIRECTION ( 'NONE',  ( 0.000000000000000000, -1.000000000000000000, 0.000000000000000000 ) ) ;
#3826 = EDGE_CURVE ( 'NONE', #3910, #2475, #3305, .T. ) ;
#3827 = SURFACE_SIDE_STYLE ('',( #3111 ) ) ;
#3828 = VERTEX_POINT ( 'NONE', #2598 ) ;
#3829 = AXIS2_PLACEMENT_3D ( 'NONE', #4085, #990, #2394 ) ;
#3830 = CARTESIAN_POINT ( 'NONE',  ( 8.849999999999999645, 37.50000000000005684, -3.600000000000000089 ) ) ;
#3831 = CARTESIAN_POINT ( 'NONE',  ( -10.00000000000000000, 160.0000000000000000, 9.000000000000000000 ) ) ;
#3832 = CARTESIAN_POINT ( 'NONE',  ( -2.773654403270996216, 37.50000000000005684, 3.900000000000013678 ) ) ;
#3833 = AXIS2_PLACEMENT_3D ( 'NONE', #941, #987, #3036 ) ;
#3834 = FILL_AREA_STYLE_COLOUR ( '', #1535 ) ;
#3835 = ORIENTED_EDGE ( 'NONE', *, *, #1836, .T. ) ;
#3836 = MECHANICAL_DESIGN_GEOMETRIC_PRESENTATION_REPRESENTATION (  '', ( #3984 ), #436 ) ;
#3837 = DIRECTION ( 'NONE',  ( 0.000000000000000000, 0.000000000000000000, -1.000000000000000000 ) ) ;
#3838 = DIRECTION ( 'NONE',  ( -0.000000000000000000, 1.000000000000000000, -0.000000000000000000 ) ) ;
#3839 = CIRCLE ( 'NONE', #1591, 0.4999999999999995559 ) ;
#3840 = ORIENTED_EDGE ( 'NONE', *, *, #3637, .F. ) ;
#3841 =( GEOMETRIC_REPRESENTATION_CONTEXT ( 3 ) GLOBAL_UNCERTAINTY_ASSIGNED_CONTEXT ( ( #478 ) ) GLOBAL_UNIT_ASSIGNED_CONTEXT ( ( #4373, #2349, #610 ) ) REPRESENTATION_CONTEXT ( 'NONE', 'WORKASPACE' ) );
#3842 =( NAMED_UNIT ( * ) PLANE_ANGLE_UNIT ( ) SI_UNIT ( $, .RADIAN. ) );
#3843 = DIRECTION ( 'NONE',  ( 0.000000000000000000, 0.000000000000000000, -1.000000000000000000 ) ) ;
#3844 =( LENGTH_UNIT ( ) NAMED_UNIT ( * ) SI_UNIT ( .MILLI., .METRE. ) );
#3845 = COLOUR_RGB ( '',0.8941176470588234615, 0.9137254901960784048, 0.9294117647058823817 ) ;
#3846 = ORIENTED_EDGE ( 'NONE', *, *, #491, .F. ) ;
#3847 = FACE_OUTER_BOUND ( 'NONE', #2875, .T. ) ;
#3848 = FILL_AREA_STYLE ('',( #1061 ) ) ;
#3849 = CARTESIAN_POINT ( 'NONE',  ( 10.00000000000000000, 37.50000000000005684, 9.000000000000000000 ) ) ;
#3850 = FILL_AREA_STYLE_COLOUR ( '', #926 ) ;
#3851 = VERTEX_POINT ( 'NONE', #3260 ) ;
#3852 = SURFACE_STYLE_FILL_AREA ( #389 ) ;
#3853 = LINE ( 'NONE', #3832, #1230 ) ;
#3854 = PRODUCT_DEFINITION ( 'Êú', '', #1687, #2854 ) ;
#3855 = FACE_OUTER_BOUND ( 'NONE', #3127, .T. ) ;
#3856 = PRESENTATION_STYLE_ASSIGNMENT (( #1767 ) ) ;
#3857 = ORIENTED_EDGE ( 'NONE', *, *, #307, .F. ) ;
#3858 = EDGE_CURVE ( 'NONE', #2173, #2986, #1913, .T. ) ;
#3859 = PRESENTATION_LAYER_ASSIGNMENT (  '', '', ( #2506 ) ) ;
#3860 = VECTOR ( 'NONE', #1328, 1000.000000000000000 ) ;
#3861 = FILL_AREA_STYLE ('',( #1745 ) ) ;
#3862 = LINE ( 'NONE', #1478, #1668 ) ;
#3863 = MECHANICAL_DESIGN_GEOMETRIC_PRESENTATION_REPRESENTATION (  '', ( #3238 ), #185 ) ;
#3864 = ORIENTED_EDGE ( 'NONE', *, *, #3035, .T. ) ;
#3865 =( NAMED_UNIT ( * ) PLANE_ANGLE_UNIT ( ) SI_UNIT ( $, .RADIAN. ) );
#3866 = CARTESIAN_POINT ( 'NONE',  ( -8.999999999999996447, 37.50000000000006395, 10.00000000000000000 ) ) ;
#3867 = LINE ( 'NONE', #3534, #3892 ) ;
#3868 = ORIENTED_EDGE ( 'NONE', *, *, #324, .T. ) ;
#3869 = UNCERTAINTY_MEASURE_WITH_UNIT (LENGTH_MEASURE( 1.000000000000000082E-05 ), #4007, 'distance_accuracy_value', 'NONE');
#3870 =( NAMED_UNIT ( * ) PLANE_ANGLE_UNIT ( ) SI_UNIT ( $, .RADIAN. ) );
#3871 = PRESENTATION_STYLE_ASSIGNMENT (( #4250 ) ) ;
#3872 = FACE_OUTER_BOUND ( 'NONE', #1867, .T. ) ;
#3873 = CARTESIAN_POINT ( 'NONE',  ( 7.849999999999999645, 160.0000000000000000, -5.000000000000000000 ) ) ;
#3874 = ORIENTED_EDGE ( 'NONE', *, *, #3171, .F. ) ;
#3875 = DIRECTION ( 'NONE',  ( 0.000000000000000000, -1.000000000000000000, 0.000000000000000000 ) ) ;
#3876 = SURFACE_STYLE_USAGE ( .BOTH. , #126 ) ;
#3877 = SURFACE_STYLE_USAGE ( .BOTH. , #2428 ) ;
#3878 = DIRECTION ( 'NONE',  ( 0.000000000000000000, -1.000000000000000000, 0.000000000000000000 ) ) ;
#3879 = FILL_AREA_STYLE ('',( #807 ) ) ;
#3880 = VERTEX_POINT ( 'NONE', #3961 ) ;
#3881 = CARTESIAN_POINT ( 'NONE',  ( -6.626345596729059650, -160.0000000000000000, -5.000000000000000000 ) ) ;
#3882 = EDGE_CURVE ( 'NONE', #142, #351, #4141, .T. ) ;
#3883 = VERTEX_POINT ( 'NONE', #2624 ) ;
#3884 = ADVANCED_FACE ( 'NONE', ( #1213 ), #191, .T. ) ;
#3885 = PRESENTATION_STYLE_ASSIGNMENT (( #2550 ) ) ;
#3886 = COLOUR_RGB ( '',0.8941176470588234615, 0.9137254901960784048, 0.9294117647058823817 ) ;
#3887 = AXIS2_PLACEMENT_3D ( 'NONE', #1166, #3567, #471 ) ;
#3888 = CARTESIAN_POINT ( 'NONE',  ( 6.272792206135775928, 37.50000000000005684, 5.353553390593273065 ) ) ;
#3889 = CARTESIAN_POINT ( 'NONE',  ( 3.600000000000003197, 37.50000000000005684, -8.349999999999999645 ) ) ;
#3890 = EDGE_CURVE ( 'NONE', #2000, #3347, #256, .T. ) ;
#3891 = ORIENTED_EDGE ( 'NONE', *, *, #1013, .T. ) ;
#3892 = VECTOR ( 'NONE', #1799, 1000.000000000000000 ) ;
#3893 = CIRCLE ( 'NONE', #1952, 0.4999999999999856781 ) ;
#3894 = LINE ( 'NONE', #2184, #2687 ) ;
#3895 = DIRECTION ( 'NONE',  ( -5.840029665304000586E-15, 0.000000000000000000, -1.000000000000000000 ) ) ;
#3896 = DIRECTION ( 'NONE',  ( 1.734723475976808672E-15, 0.000000000000000000, -1.000000000000000000 ) ) ;
#3897 = PRESENTATION_STYLE_ASSIGNMENT (( #1806 ) ) ;
#3898 = STYLED_ITEM ( 'NONE', ( #1223 ), #1348 ) ;
#3899 = AXIS2_PLACEMENT_3D ( 'NONE', #1122, #451, #119 ) ;
#3900 = CARTESIAN_POINT ( 'NONE',  ( 3.127207793864275054, -160.0000000000000000, 4.046446609406749495 ) ) ;
#3901 = VERTEX_POINT ( 'NONE', #2750 ) ;
#3902 = SURFACE_STYLE_USAGE ( .BOTH. , #3968 ) ;
#3903 = CARTESIAN_POINT ( 'NONE',  ( -5.500000000000000000, 37.50000000000005684, -6.419238815542509080 ) ) ;
#3904 = CIRCLE ( 'NONE', #4187, 0.5000000000000004441 ) ;
#3905 = DIRECTION ( 'NONE',  ( 8.147626448676700103E-15, 0.000000000000000000, 1.000000000000000000 ) ) ;
#3906 = VERTEX_POINT ( 'NONE', #632 ) ;
#3907 = MECHANICAL_DESIGN_GEOMETRIC_PRESENTATION_REPRESENTATION (  '', ( #3761 ), #2552 ) ;
#3908 = DIRECTION ( 'NONE',  ( -1.000000000000000000, 0.000000000000000000, 0.000000000000000000 ) ) ;
#3909 = CARTESIAN_POINT ( 'NONE',  ( 7.849999999999999645, 37.50000000000005684, 5.000000000000000000 ) ) ;
#3910 = VERTEX_POINT ( 'NONE', #3444 ) ;
#3911 = AXIS2_PLACEMENT_3D ( 'NONE', #3931, #1133, #3908 ) ;
#3912 = ORIENTED_EDGE ( 'NONE', *, *, #651, .T. ) ;
#3913 = SURFACE_STYLE_USAGE ( .BOTH. , #1140 ) ;
#3914 =( GEOMETRIC_REPRESENTATION_CONTEXT ( 3 ) GLOBAL_UNCERTAINTY_ASSIGNED_CONTEXT ( ( #925 ) ) GLOBAL_UNIT_ASSIGNED_CONTEXT ( ( #3585, #2604, #869 ) ) REPRESENTATION_CONTEXT ( 'NONE', 'WORKASPACE' ) );
#3915 = EDGE_CURVE ( 'NONE', #1543, #1567, #2711, .T. ) ;
#3916 = VERTEX_POINT ( 'NONE', #1682 ) ;
#3917 = VECTOR ( 'NONE', #1053, 1000.000000000000000 ) ;
#3918 = SURFACE_SIDE_STYLE ('',( #2141 ) ) ;
#3919 = UNCERTAINTY_MEASURE_WITH_UNIT (LENGTH_MEASURE( 1.000000000000000082E-05 ), #3844, 'distance_accuracy_value', 'NONE');
#3920 = PRESENTATION_STYLE_ASSIGNMENT (( #3212 ) ) ;
#3921 = EDGE_CURVE ( 'NONE', #4186, #2231, #891, .T. ) ;
#3922 = CARTESIAN_POINT ( 'NONE',  ( 6.626345596729049880, 37.50000000000005684, -5.000000000000000000 ) ) ;
#3923 = DIRECTION ( 'NONE',  ( 0.000000000000000000, 1.000000000000000000, 0.000000000000000000 ) ) ;
#3924 = ORIENTED_EDGE ( 'NONE', *, *, #4443, .T. ) ;
#3925 = FILL_AREA_STYLE ('',( #4255 ) ) ;
#3926 = EDGE_CURVE ( 'NONE', #4263, #2768, #4110, .T. ) ;
#3927 = DIRECTION ( 'NONE',  ( 0.7071067811865591191, -8.203799435715243037E-17, -0.7071067811865359154 ) ) ;
#3928 = LINE ( 'NONE', #1557, #2211 ) ;
#3929 = CARTESIAN_POINT ( 'NONE',  ( -3.600000000000000089, 37.50000000000005684, 8.349999999999999645 ) ) ;
#3930 = VERTEX_POINT ( 'NONE', #2418 ) ;
#3931 = CARTESIAN_POINT ( 'NONE',  ( -8.849999999999999645, 37.50000000000006395, -3.600000000000000089 ) ) ;
#3932 = CARTESIAN_POINT ( 'NONE',  ( 2.980761184457545010, 160.0000000000000000, 3.899999999999999911 ) ) ;
#3933 = ORIENTED_EDGE ( 'NONE', *, *, #2214, .T. ) ;
#3934 = CARTESIAN_POINT ( 'NONE',  ( -7.849999999999999645, -160.0000000000000000, -5.500000000000000000 ) ) ;
#3935 = PRESENTATION_LAYER_ASSIGNMENT (  '', '', ( #1382 ) ) ;
#3936 = AXIS2_PLACEMENT_3D ( 'NONE', #3479, #369, #1421 ) ;
#3937 = CARTESIAN_POINT ( 'NONE',  ( -3.599999999999999201, 37.50000000000006395, 10.00000000000000000 ) ) ;
#3938 =( NAMED_UNIT ( * ) PLANE_ANGLE_UNIT ( ) SI_UNIT ( $, .RADIAN. ) );
#3939 = PRESENTATION_LAYER_ASSIGNMENT (  '', '', ( #1394 ) ) ;
#3940 = CARTESIAN_POINT ( 'NONE',  ( 3.100000000000000089, 160.0000000000000000, -8.849999999999999645 ) ) ;
#3941 = VERTEX_POINT ( 'NONE', #929 ) ;
#3942 =( GEOMETRIC_REPRESENTATION_CONTEXT ( 3 ) GLOBAL_UNCERTAINTY_ASSIGNED_CONTEXT ( ( #2480 ) ) GLOBAL_UNIT_ASSIGNED_CONTEXT ( ( #2150, #4189, #487 ) ) REPRESENTATION_CONTEXT ( 'NONE', 'WORKASPACE' ) );
#3943 = MECHANICAL_DESIGN_GEOMETRIC_PRESENTATION_REPRESENTATION (  '', ( #1320 ), #1999 ) ;
#3944 = EDGE_CURVE ( 'NONE', #500, #1307, #2331, .T. ) ;
#3945 = VERTEX_POINT ( 'NONE', #4438 ) ;
#3946 = CARTESIAN_POINT ( 'NONE',  ( 7.849999999999999645, 37.50000000000005684, -5.500000000000000000 ) ) ;
#3947 = CYLINDRICAL_SURFACE ( 'NONE', #4018, 0.5000000000000000000 ) ;
#3948 =( NAMED_UNIT ( * ) SI_UNIT ( $, .STERADIAN. ) SOLID_ANGLE_UNIT ( ) );
#3949 = FILL_AREA_STYLE_COLOUR ( '', #1385 ) ;
#3950 = CARTESIAN_POINT ( 'NONE',  ( 9.500000000000000000, 37.50000000000005684, -3.600000000000000089 ) ) ;
#3951 = VERTEX_POINT ( 'NONE', #1662 ) ;
#3952 = CARTESIAN_POINT ( 'NONE',  ( -9.000000000000000000, -160.0000000000000000, -10.00000000000000000 ) ) ;
#3953 = CARTESIAN_POINT ( 'NONE',  ( -9.000000000000000000, -160.0000000000000000, 10.00000000000000000 ) ) ;
#3954 = DIRECTION ( 'NONE',  ( -0.000000000000000000, 1.000000000000000000, -0.000000000000000000 ) ) ;
#3955 = CARTESIAN_POINT ( 'NONE',  ( 3.100000000000000089, 160.0000000000000000, 8.349999999999999645 ) ) ;
#3956 = ORIENTED_EDGE ( 'NONE', *, *, #1906, .F. ) ;
#3957 = UNCERTAINTY_MEASURE_WITH_UNIT (LENGTH_MEASURE( 1.000000000000000082E-05 ), #2596, 'distance_accuracy_value', 'NONE');
#3958 = PRESENTATION_LAYER_ASSIGNMENT (  '', '', ( #1415 ) ) ;
#3959 = SURFACE_STYLE_USAGE ( .BOTH. , #3188 ) ;
#3960 = LINE ( 'NONE', #1909, #3198 ) ;
#3961 = CARTESIAN_POINT ( 'NONE',  ( 10.00000000000000000, 37.50000000000005684, -3.600000000000000089 ) ) ;
#3962 = VECTOR ( 'NONE', #1238, 1000.000000000000000 ) ;
#3963 = AXIS2_PLACEMENT_3D ( 'NONE', #2272, #1850, #2919 ) ;
#3964 = ORIENTED_EDGE ( 'NONE', *, *, #1303, .T. ) ;
#3965 = FILL_AREA_STYLE ('',( #934 ) ) ;
#3966 = MECHANICAL_DESIGN_GEOMETRIC_PRESENTATION_REPRESENTATION (  '', ( #2836 ), #3339 ) ;
#3967 = EDGE_CURVE ( 'NONE', #3503, #3772, #2374, .T. ) ;
#3968 = SURFACE_SIDE_STYLE ('',( #460 ) ) ;
#3969 = EDGE_LOOP ( 'NONE', ( #1409, #1823, #4088, #865 ) ) ;
#3970 = AXIS2_PLACEMENT_3D ( 'NONE', #1081, #1147, #796 ) ;
#3971 = ADVANCED_FACE ( 'NONE', ( #3754, #4417 ), #1321, .T. ) ;
#3972 = EDGE_CURVE ( 'NONE', #1669, #1739, #3642, .T. ) ;
#3973 = STYLED_ITEM ( 'NONE', ( #3871 ), #1524 ) ;
#3974 = DIRECTION ( 'NONE',  ( 0.000000000000000000, 0.000000000000000000, 1.000000000000000000 ) ) ;
#3975 = SURFACE_STYLE_FILL_AREA ( #3565 ) ;
#3976 = ORIENTED_EDGE ( 'NONE', *, *, #2613, .T. ) ;
#3977 =( LENGTH_UNIT ( ) NAMED_UNIT ( * ) SI_UNIT ( .MILLI., .METRE. ) );
#3978 = VECTOR ( 'NONE', #1523, 1000.000000000000000 ) ;
#3979 = ADVANCED_FACE ( 'NONE', ( #1898 ), #2939, .T. ) ;
#3980 =( NAMED_UNIT ( * ) PLANE_ANGLE_UNIT ( ) SI_UNIT ( $, .RADIAN. ) );
#3981 = COLOUR_RGB ( '',0.8941176470588234615, 0.9137254901960784048, 0.9294117647058823817 ) ;
#3982 = ORIENTED_EDGE ( 'NONE', *, *, #1405, .F. ) ;
#3983 = FACE_OUTER_BOUND ( 'NONE', #4015, .T. ) ;
#3984 = STYLED_ITEM ( 'NONE', ( #2314 ), #2330 ) ;
#3985 = SURFACE_STYLE_FILL_AREA ( #1886 ) ;
#3986 = FACE_OUTER_BOUND ( 'NONE', #1235, .T. ) ;
#3987 = DIRECTION ( 'NONE',  ( -1.000000000000000000, 0.000000000000000000, -5.204170427930416550E-15 ) ) ;
#3988 = VERTEX_POINT ( 'NONE', #850 ) ;
#3989 = DIRECTION ( 'NONE',  ( 1.000000000000000000, 0.000000000000000000, -2.168404344971010446E-15 ) ) ;
#3990 = LINE ( 'NONE', #3000, #835 ) ;
#3991 = SURFACE_STYLE_USAGE ( .BOTH. , #2586 ) ;
#3992 = SURFACE_SIDE_STYLE ('',( #2629 ) ) ;
#3993 = DIRECTION ( 'NONE',  ( 1.000000000000000000, -1.172416807168114790E-16, 0.000000000000000000 ) ) ;
#3994 = VERTEX_POINT ( 'NONE', #468 ) ;
#3995 = CIRCLE ( 'NONE', #449, 0.4999999999999995559 ) ;
#3996 = EDGE_CURVE ( 'NONE', #721, #1224, #2362, .T. ) ;
#3997 = SURFACE_SIDE_STYLE ('',( #2568 ) ) ;
#3998 = FACE_OUTER_BOUND ( 'NONE', #1623, .T. ) ;
#3999 = CARTESIAN_POINT ( 'NONE',  ( 9.500000000000000000, 37.50000000000005684, -3.100000000000000089 ) ) ;
#4000 = ORIENTED_EDGE ( 'NONE', *, *, #1631, .F. ) ;
#4001 = EDGE_CURVE ( 'NONE', #1416, #2324, #1185, .T. ) ;
#4002 =( NAMED_UNIT ( * ) PLANE_ANGLE_UNIT ( ) SI_UNIT ( $, .RADIAN. ) );
#4003 = DIRECTION ( 'NONE',  ( 0.000000000000000000, -1.000000000000000000, 0.000000000000000000 ) ) ;
#4004 = DIRECTION ( 'NONE',  ( -0.000000000000000000, 1.000000000000000000, -0.000000000000000000 ) ) ;
#4005 = EDGE_CURVE ( 'NONE', #2231, #370, #2245, .T. ) ;
#4006 = EDGE_LOOP ( 'NONE', ( #1187, #3708, #365, #98 ) ) ;
#4007 =( LENGTH_UNIT ( ) NAMED_UNIT ( * ) SI_UNIT ( .MILLI., .METRE. ) );
#4008 = UNCERTAINTY_MEASURE_WITH_UNIT (LENGTH_MEASURE( 1.000000000000000082E-05 ), #407, 'distance_accuracy_value', 'NONE');
#4009 =( LENGTH_UNIT ( ) NAMED_UNIT ( * ) SI_UNIT ( .MILLI., .METRE. ) );
#4010 = LINE ( 'NONE', #2969, #1145 ) ;
#4011 = AXIS2_PLACEMENT_3D ( 'NONE', #178, #811, #4285 ) ;
#4012 = STYLED_ITEM ( 'NONE', ( #2219 ), #3532 ) ;
#4013 = SURFACE_STYLE_FILL_AREA ( #840 ) ;
#4014 = CARTESIAN_POINT ( 'NONE',  ( -2.773654403270995328, -160.0000000000000000, -3.899999999999999911 ) ) ;
#4015 = EDGE_LOOP ( 'NONE', ( #2799, #2147, #415, #576 ) ) ;
#4016 =( LENGTH_UNIT ( ) NAMED_UNIT ( * ) SI_UNIT ( .MILLI., .METRE. ) );
#4017 = PRESENTATION_LAYER_ASSIGNMENT (  '', '', ( #3238 ) ) ;
#4018 = AXIS2_PLACEMENT_3D ( 'NONE', #3356, #3332, #1555 ) ;
#4019 = SURFACE_STYLE_USAGE ( .BOTH. , #3629 ) ;
#4020 = FACE_OUTER_BOUND ( 'NONE', #732, .T. ) ;
#4021 = VECTOR ( 'NONE', #2233, 1000.000000000000000 ) ;
#4022 = CARTESIAN_POINT ( 'NONE',  ( 8.349999999999999645, 37.50000000000005684, -5.000000000000000000 ) ) ;
#4023 = ORIENTED_EDGE ( 'NONE', *, *, #2076, .F. ) ;
#4024 = DIRECTION ( 'NONE',  ( -1.000000000000000000, 0.000000000000000000, 0.000000000000000000 ) ) ;
#4025 = DIRECTION ( 'NONE',  ( 7.274666472032798588E-17, 0.000000000000000000, -1.000000000000000000 ) ) ;
#4026 = EDGE_LOOP ( 'NONE', ( #1732, #2853, #3004, #4136 ) ) ;
#4027 = DIRECTION ( 'NONE',  ( 0.000000000000000000, 0.000000000000000000, 1.000000000000000000 ) ) ;
#4028 =( LENGTH_UNIT ( ) NAMED_UNIT ( * ) SI_UNIT ( .MILLI., .METRE. ) );
#4029 = EDGE_CURVE ( 'NONE', #359, #4375, #1541, .T. ) ;
#4030 = CARTESIAN_POINT ( 'NONE',  ( 7.849999999999999645, -160.0000000000000000, 5.000000000000000000 ) ) ;
#4031 = ORIENTED_EDGE ( 'NONE', *, *, #3890, .T. ) ;
#4032 = LINE ( 'NONE', #1570, #2025 ) ;
#4033 = PRESENTATION_STYLE_ASSIGNMENT (( #168 ) ) ;
#4034 = DIRECTION ( 'NONE',  ( 1.000000000000000000, 0.000000000000000000, 0.000000000000000000 ) ) ;
#4035 = DIRECTION ( 'NONE',  ( -0.7071067811865562325, 8.203799435715208524E-17, 0.7071067811865388020 ) ) ;
#4036 = ORIENTED_EDGE ( 'NONE', *, *, #4127, .F. ) ;
#4037 = DIRECTION ( 'NONE',  ( 1.172416807168114790E-16, 1.000000000000000000, 1.222436467041021059E-18 ) ) ;
#4038 = AXIS2_PLACEMENT_3D ( 'NONE', #800, #2282, #430 ) ;
#4039 = ORIENTED_EDGE ( 'NONE', *, *, #2947, .F. ) ;
#4040 =( NAMED_UNIT ( * ) PLANE_ANGLE_UNIT ( ) SI_UNIT ( $, .RADIAN. ) );
#4041 =( NAMED_UNIT ( * ) PLANE_ANGLE_UNIT ( ) SI_UNIT ( $, .RADIAN. ) );
#4042 =( LENGTH_UNIT ( ) NAMED_UNIT ( * ) SI_UNIT ( .MILLI., .METRE. ) );
#4043 = VECTOR ( 'NONE', #993, 1000.000000000000000 ) ;
#4044 = ORIENTED_EDGE ( 'NONE', *, *, #957, .F. ) ;
#4045 = VECTOR ( 'NONE', #1857, 1000.000000000000000 ) ;
#4046 = VECTOR ( 'NONE', #3254, 1000.000000000000000 ) ;
#4047 = ORIENTED_EDGE ( 'NONE', *, *, #2895, .F. ) ;
#4048 = VECTOR ( 'NONE', #3275, 1000.000000000000000 ) ;
#4049 = EDGE_CURVE ( 'NONE', #3012, #1772, #4134, .T. ) ;
#4050 = DIRECTION ( 'NONE',  ( 0.000000000000000000, -1.222436467041021059E-18, 1.000000000000000000 ) ) ;
#4051 = CARTESIAN_POINT ( 'NONE',  ( -10.00000000000000000, 37.50000000000006395, 3.600000000000000089 ) ) ;
#4052 = ORIENTED_EDGE ( 'NONE', *, *, #1968, .T. ) ;
#4053 = STYLED_ITEM ( 'NONE', ( #4207 ), #2412 ) ;
#4054 = CARTESIAN_POINT ( 'NONE',  ( -2.773654403270999769, 37.50000000000005684, 4.400000000000000355 ) ) ;
#4055 = ADVANCED_FACE ( 'NONE', ( #3277 ), #1033, .T. ) ;
#4056 = FILL_AREA_STYLE ('',( #688 ) ) ;
#4057 = CARTESIAN_POINT ( 'NONE',  ( 3.600000000000000089, 160.0000000000000000, -8.349999999999999645 ) ) ;
#4058 = VERTEX_POINT ( 'NONE', #263 ) ;
#4059 = CIRCLE ( 'NONE', #22, 0.9999999999999991118 ) ;
#4060 =( LENGTH_UNIT ( ) NAMED_UNIT ( * ) SI_UNIT ( .MILLI., .METRE. ) );
#4061 = COLOUR_RGB ( '',0.8941176470588234615, 0.9137254901960784048, 0.9294117647058823817 ) ;
#4062 = PRESENTATION_STYLE_ASSIGNMENT (( #2724 ) ) ;
#4063 = ORIENTED_EDGE ( 'NONE', *, *, #132, .F. ) ;
#4064 = SURFACE_STYLE_FILL_AREA ( #649 ) ;
#4065 = CARTESIAN_POINT ( 'NONE',  ( 3.600000000000000089, 160.0000000000000000, 8.849999999999999645 ) ) ;
#4066 = ORIENTED_EDGE ( 'NONE', *, *, #786, .T. ) ;
#4067 = DIRECTION ( 'NONE',  ( 0.000000000000000000, -1.000000000000000000, 0.000000000000000000 ) ) ;
#4068 =( NAMED_UNIT ( * ) PLANE_ANGLE_UNIT ( ) SI_UNIT ( $, .RADIAN. ) );
#4069 = DIRECTION ( 'NONE',  ( 0.7071067811865431318, 0.000000000000000000, 0.7071067811865520136 ) ) ;
#4070 = AXIS2_PLACEMENT_3D ( 'NONE', #4337, #1237, #3290 ) ;
#4071 =( GEOMETRIC_REPRESENTATION_CONTEXT ( 3 ) GLOBAL_UNCERTAINTY_ASSIGNED_CONTEXT ( ( #2156 ) ) GLOBAL_UNIT_ASSIGNED_CONTEXT ( ( #2518, #438, #2846 ) ) REPRESENTATION_CONTEXT ( 'NONE', 'WORKASPACE' ) );
#4072 = EDGE_LOOP ( 'NONE', ( #3020, #1036, #4379, #3388 ) ) ;
#4073 = DIRECTION ( 'NONE',  ( 0.000000000000000000, 0.000000000000000000, -1.000000000000000000 ) ) ;
#4074 = DIRECTION ( 'NONE',  ( -1.000000000000000000, 0.000000000000000000, 0.000000000000000000 ) ) ;
#4075 = PRESENTATION_STYLE_ASSIGNMENT (( #3655 ) ) ;
#4076 = ADVANCED_FACE ( 'NONE', ( #3998 ), #1291, .T. ) ;
#4077 =( GEOMETRIC_REPRESENTATION_CONTEXT ( 3 ) GLOBAL_UNCERTAINTY_ASSIGNED_CONTEXT ( ( #2710 ) ) GLOBAL_UNIT_ASSIGNED_CONTEXT ( ( #977, #2758, #3415 ) ) REPRESENTATION_CONTEXT ( 'NONE', 'WORKASPACE' ) );
#4078 = EDGE_LOOP ( 'NONE', ( #2520, #2944, #70, #1521 ) ) ;
#4079 = PRESENTATION_LAYER_ASSIGNMENT (  '', '', ( #115 ) ) ;
#4080 = DIRECTION ( 'NONE',  ( -0.000000000000000000, 1.000000000000000000, -0.000000000000000000 ) ) ;
#4081 =( NAMED_UNIT ( * ) SI_UNIT ( $, .STERADIAN. ) SOLID_ANGLE_UNIT ( ) );
#4082 = CARTESIAN_POINT ( 'NONE',  ( -8.349999999999999645, 160.0000000000000000, 3.600000000000000089 ) ) ;
#4083 = ORIENTED_EDGE ( 'NONE', *, *, #2551, .T. ) ;
#4084 = ORIENTED_EDGE ( 'NONE', *, *, #2419, .F. ) ;
#4085 = CARTESIAN_POINT ( 'NONE',  ( 9.000000000000000000, 160.0000000000000000, 9.000000000000000000 ) ) ;
#4086 = DIRECTION ( 'NONE',  ( 0.000000000000000000, -1.000000000000000000, 0.000000000000000000 ) ) ;
#4087 = CARTESIAN_POINT ( 'NONE',  ( 3.899999999999999911, -160.0000000000000000, 2.773654403270995328 ) ) ;
#4088 = ORIENTED_EDGE ( 'NONE', *, *, #245, .T. ) ;
#4089 = CARTESIAN_POINT ( 'NONE',  ( -7.849999999999999645, -160.0000000000000000, 5.500000000000000000 ) ) ;
#4090 = FILL_AREA_STYLE ('',( #1343 ) ) ;
#4091 = SURFACE_SIDE_STYLE ('',( #637 ) ) ;
#4092 = LINE ( 'NONE', #1607, #3025 ) ;
#4093 = ORIENTED_EDGE ( 'NONE', *, *, #3921, .F. ) ;
#4094 = CARTESIAN_POINT ( 'NONE',  ( -9.000000000000000000, 160.0000000000000000, -10.00000000000000000 ) ) ;
#4095 = ADVANCED_FACE ( 'NONE', ( #1247 ), #2961, .F. ) ;
#4096 = MECHANICAL_DESIGN_GEOMETRIC_PRESENTATION_REPRESENTATION (  '', ( #3401 ), #4446 ) ;
#4097 = CARTESIAN_POINT ( 'NONE',  ( -3.600000000000000089, 37.50000000000005684, -8.849999999999999645 ) ) ;
#4098 = CYLINDRICAL_SURFACE ( 'NONE', #1757, 0.5000000000000004441 ) ;
#4099 = FILL_AREA_STYLE ('',( #2703 ) ) ;
#4100 = EDGE_LOOP ( 'NONE', ( #4432, #3443, #3432, #1329 ) ) ;
#4101 = EDGE_CURVE ( 'NONE', #4222, #1972, #4212, .T. ) ;
#4102 = LINE ( 'NONE', #2035, #2339 ) ;
#4103 = VECTOR ( 'NONE', #888, 1000.000000000000000 ) ;
#4104 = CIRCLE ( 'NONE', #1792, 0.5000000000000004441 ) ;
#4105 = SURFACE_STYLE_FILL_AREA ( #4435 ) ;
#4106 = ORIENTED_EDGE ( 'NONE', *, *, #3450, .F. ) ;
#4107 = AXIS2_PLACEMENT_3D ( 'NONE', #2164, #480, #383 ) ;
#4108 = EDGE_CURVE ( 'NONE', #2959, #1784, #3374, .T. ) ;
#4109 = SURFACE_SIDE_STYLE ('',( #2749 ) ) ;
#4110 = LINE ( 'NONE', #2071, #2887 ) ;
#4111 = AXIS2_PLACEMENT_3D ( 'NONE', #1750, #1432, #447 ) ;
#4112 =( LENGTH_UNIT ( ) NAMED_UNIT ( * ) SI_UNIT ( .MILLI., .METRE. ) );
#4113 = ORIENTED_EDGE ( 'NONE', *, *, #2663, .F. ) ;
#4114 = FACE_OUTER_BOUND ( 'NONE', #895, .T. ) ;
#4115 = DIRECTION ( 'NONE',  ( 0.000000000000000000, -1.000000000000000000, 0.000000000000000000 ) ) ;
#4116 = LINE ( 'NONE', #3780, #571 ) ;
#4117 = CIRCLE ( 'NONE', #3911, 0.5000000000000004441 ) ;
#4118 = VERTEX_POINT ( 'NONE', #4308 ) ;
#4119 = AXIS2_PLACEMENT_3D ( 'NONE', #106, #4230, #2264 ) ;
#4120 = SURFACE_SIDE_STYLE ('',( #2056 ) ) ;
#4121 = CARTESIAN_POINT ( 'NONE',  ( 10.00000000000000000, 160.0000000000000000, 9.000000000000000000 ) ) ;
#4122 = DIRECTION ( 'NONE',  ( 1.172416807168114790E-16, 1.000000000000000000, 1.222436467041021059E-18 ) ) ;
#4123 = CARTESIAN_POINT ( 'NONE',  ( -3.600000000000000089, -160.0000000000000000, -10.00000000000000000 ) ) ;
#4124 = CARTESIAN_POINT ( 'NONE',  ( -2.773654403270999769, 37.50000000000005684, 3.900000000000014566 ) ) ;
#4125 = ORIENTED_EDGE ( 'NONE', *, *, #1220, .F. ) ;
#4126 = COLOUR_RGB ( '',0.8941176470588234615, 0.9137254901960784048, 0.9294117647058823817 ) ;
#4127 = EDGE_CURVE ( 'NONE', #1628, #1373, #1970, .T. ) ;
#4128 = COLOUR_RGB ( '',0.8941176470588234615, 0.9137254901960784048, 0.9294117647058823817 ) ;
#4129 = PRESENTATION_STYLE_ASSIGNMENT (( #650 ) ) ;
#4130 = ADVANCED_FACE ( 'NONE', ( #540 ), #2983, .F. ) ;
#4131 = ORIENTED_EDGE ( 'NONE', *, *, #1497, .F. ) ;
#4132 = UNCERTAINTY_MEASURE_WITH_UNIT (LENGTH_MEASURE( 1.000000000000000082E-05 ), #151, 'distance_accuracy_value', 'NONE');
#4133 = DIRECTION ( 'NONE',  ( 0.000000000000000000, 0.000000000000000000, -1.000000000000000000 ) ) ;
#4134 = LINE ( 'NONE', #2545, #1252 ) ;
#4135 = EDGE_CURVE ( 'NONE', #258, #3224, #1046, .T. ) ;
#4136 = ORIENTED_EDGE ( 'NONE', *, *, #3189, .F. ) ;
#4137 = DIRECTION ( 'NONE',  ( 1.000000000000000000, 0.000000000000000000, 7.228014483236679792E-16 ) ) ;
#4138 = LINE ( 'NONE', #4423, #3165 ) ;
#4139 = ORIENTED_EDGE ( 'NONE', *, *, #3358, .F. ) ;
#4140 = DIRECTION ( 'NONE',  ( 0.000000000000000000, -1.000000000000000000, 0.000000000000000000 ) ) ;
#4141 = CIRCLE ( 'NONE', #252, 0.5000000000000000000 ) ;
#4142 = MECHANICAL_DESIGN_GEOMETRIC_PRESENTATION_REPRESENTATION (  '', ( #3502 ), #4071 ) ;
#4143 = CARTESIAN_POINT ( 'NONE',  ( 10.00000000000000000, -160.0000000000000000, -3.600000000000000089 ) ) ;
#4144 = LINE ( 'NONE', #2101, #2185 ) ;
#4145 = DIRECTION ( 'NONE',  ( -2.628368902995180761E-16, 0.000000000000000000, 1.000000000000000000 ) ) ;
#4146 = FILL_AREA_STYLE ('',( #3158 ) ) ;
#4147 = ORIENTED_EDGE ( 'NONE', *, *, #2865, .F. ) ;
#4148 = PRESENTATION_LAYER_ASSIGNMENT (  '', '', ( #1320 ) ) ;
#4149 = DIRECTION ( 'NONE',  ( 0.000000000000000000, -1.000000000000000000, 0.000000000000000000 ) ) ;
#4150 = LINE ( 'NONE', #3142, #3706 ) ;
#4151 = VERTEX_POINT ( 'NONE', #368 ) ;
#4152 = EDGE_CURVE ( 'NONE', #3046, #1772, #181, .T. ) ;
#4153 = DIRECTION ( 'NONE',  ( -1.000000000000000000, 0.000000000000000000, -2.891205793294685327E-15 ) ) ;
#4154 = LINE ( 'NONE', #1499, #3917 ) ;
#4155 = DIRECTION ( 'NONE',  ( 1.172416807168114790E-16, 1.000000000000000000, 1.222436467041021059E-18 ) ) ;
#4156 = EDGE_CURVE ( 'NONE', #4278, #3535, #685, .T. ) ;
#4157 = EDGE_LOOP ( 'NONE', ( #2670, #1182, #2698, #919 ) ) ;
#4158 = VERTEX_POINT ( 'NONE', #2081 ) ;
#4159 = FACE_OUTER_BOUND ( 'NONE', #1895, .T. ) ;
#4160 = EDGE_CURVE ( 'NONE', #258, #3632, #714, .T. ) ;
#4161 = CYLINDRICAL_SURFACE ( 'NONE', #3314, 0.4999999999999995559 ) ;
#4162 = VERTEX_POINT ( 'NONE', #3787 ) ;
#4163 =( NAMED_UNIT ( * ) SI_UNIT ( $, .STERADIAN. ) SOLID_ANGLE_UNIT ( ) );
#4164 =( NAMED_UNIT ( * ) SI_UNIT ( $, .STERADIAN. ) SOLID_ANGLE_UNIT ( ) );
#4165 = FACE_OUTER_BOUND ( 'NONE', #1080, .T. ) ;
#4166 = FILL_AREA_STYLE_COLOUR ( '', #3308 ) ;
#4167 = EDGE_LOOP ( 'NONE', ( #2625, #4293, #35, #3589 ) ) ;
#4168 = DIRECTION ( 'NONE',  ( 0.000000000000000000, 0.000000000000000000, -1.000000000000000000 ) ) ;
#4169 = DIRECTION ( 'NONE',  ( 0.000000000000000000, 1.222436467041021059E-18, -1.000000000000000000 ) ) ;
#4170 = COLOUR_RGB ( '',0.8941176470588234615, 0.9137254901960784048, 0.9294117647058823817 ) ;
#4171 = AXIS2_PLACEMENT_3D ( 'NONE', #1367, #3435, #3804 ) ;
#4172 = ORIENTED_EDGE ( 'NONE', *, *, #2214, .F. ) ;
#4173 = APPLICATION_PROTOCOL_DEFINITION ( 'draft international standard', 'automotive_design', 1998, #912 ) ;
#4174 = CARTESIAN_POINT ( 'NONE',  ( 6.626345596729049880, -160.0000000000000000, -5.000000000000000000 ) ) ;
#4175 = CARTESIAN_POINT ( 'NONE',  ( -10.00000000000000000, -160.0000000000000000, -9.000000000000000000 ) ) ;
#4176 = CARTESIAN_POINT ( 'NONE',  ( -5.500000000000000000, -160.0000000000000000, -8.349999999999999645 ) ) ;
#4177 = AXIS2_PLACEMENT_3D ( 'NONE', #2743, #327, #3707 ) ;
#4178 =( GEOMETRIC_REPRESENTATION_CONTEXT ( 3 ) GLOBAL_UNCERTAINTY_ASSIGNED_CONTEXT ( ( #3597 ) ) GLOBAL_UNIT_ASSIGNED_CONTEXT ( ( #76, #2509, #2162 ) ) REPRESENTATION_CONTEXT ( 'NONE', 'WORKASPACE' ) );
#4179 = EDGE_LOOP ( 'NONE', ( #526, #103, #769, #3337 ) ) ;
#4180 = FACE_OUTER_BOUND ( 'NONE', #2894, .T. ) ;
#4181 = CARTESIAN_POINT ( 'NONE',  ( -9.500000000000000000, 37.50000000000006395, 3.100000000000000089 ) ) ;
#4182 = EDGE_CURVE ( 'NONE', #1366, #2468, #2288, .T. ) ;
#4183 = SURFACE_SIDE_STYLE ('',( #2122 ) ) ;
#4184 = VECTOR ( 'NONE', #1572, 1000.000000000000000 ) ;
#4185 = EDGE_CURVE ( 'NONE', #727, #3828, #46, .T. ) ;
#4186 = VERTEX_POINT ( 'NONE', #2821 ) ;
#4187 = AXIS2_PLACEMENT_3D ( 'NONE', #402, #1774, #2640 ) ;
#4188 = PLANE ( 'NONE',  #1159 ) ;
#4189 =( NAMED_UNIT ( * ) PLANE_ANGLE_UNIT ( ) SI_UNIT ( $, .RADIAN. ) );
#4190 = CARTESIAN_POINT ( 'NONE',  ( -9.500000000000000000, -160.0000000000000000, 3.600000000000000089 ) ) ;
#4191 = ORIENTED_EDGE ( 'NONE', *, *, #1550, .T. ) ;
#4192 = VECTOR ( 'NONE', #2201, 1000.000000000000000 ) ;
#4193 = DIRECTION ( 'NONE',  ( 0.000000000000000000, -1.000000000000000000, 0.000000000000000000 ) ) ;
#4194 = STYLED_ITEM ( 'NONE', ( #1158 ), #2463 ) ;
#4195 = ORIENTED_EDGE ( 'NONE', *, *, #1811, .T. ) ;
#4196 = AXIS2_PLACEMENT_3D ( 'NONE', #330, #697, #1697 ) ;
#4197 = FACE_OUTER_BOUND ( 'NONE', #1271, .T. ) ;
#4198 = CARTESIAN_POINT ( 'NONE',  ( 5.000000000000000000, -160.0000000000000000, 8.349999999999999645 ) ) ;
#4199 = FILL_AREA_STYLE_COLOUR ( '', #345 ) ;
#4200 =( GEOMETRIC_REPRESENTATION_CONTEXT ( 3 ) GLOBAL_UNCERTAINTY_ASSIGNED_CONTEXT ( ( #3813 ) ) GLOBAL_UNIT_ASSIGNED_CONTEXT ( ( #4042, #1351, #4369 ) ) REPRESENTATION_CONTEXT ( 'NONE', 'WORKASPACE' ) );
#4201 = EDGE_LOOP ( 'NONE', ( #2254, #1559, #2334, #818 ) ) ;
#4202 = DIRECTION ( 'NONE',  ( -1.172416807168114790E-16, -1.000000000000000000, -1.222436467041021059E-18 ) ) ;
#4203 = LINE ( 'NONE', #2816, #1868 ) ;
#4204 = EDGE_LOOP ( 'NONE', ( #593, #2460, #1818, #2631 ) ) ;
#4205 = LINE ( 'NONE', #1156, #575 ) ;
#4206 = ADVANCED_FACE ( 'NONE', ( #1371 ), #4098, .F. ) ;
#4207 = PRESENTATION_STYLE_ASSIGNMENT (( #3877 ) ) ;
#4208 =( NAMED_UNIT ( * ) PLANE_ANGLE_UNIT ( ) SI_UNIT ( $, .RADIAN. ) );
#4209 = PRESENTATION_LAYER_ASSIGNMENT (  '', '', ( #1313 ) ) ;
#4210 = VECTOR ( 'NONE', #1473, 999.9999999999998863 ) ;
#4211 = ORIENTED_EDGE ( 'NONE', *, *, #1580, .F. ) ;
#4212 = CIRCLE ( 'NONE', #829, 0.5000000000000004441 ) ;
#4213 =( LENGTH_UNIT ( ) NAMED_UNIT ( * ) SI_UNIT ( .MILLI., .METRE. ) );
#4214 = DIRECTION ( 'NONE',  ( 0.000000000000000000, 1.000000000000000000, 0.000000000000000000 ) ) ;
#4215 = STYLED_ITEM ( 'NONE', ( #2517 ), #4234 ) ;
#4216 = ORIENTED_EDGE ( 'NONE', *, *, #3358, .T. ) ;
#4217 = UNCERTAINTY_MEASURE_WITH_UNIT (LENGTH_MEASURE( 1.000000000000000082E-05 ), #3447, 'distance_accuracy_value', 'NONE');
#4218 = PLANE ( 'NONE',  #3617 ) ;
#4219 = CARTESIAN_POINT ( 'NONE',  ( -5.500000000000000000, 37.50000000000005684, -6.419238815542509080 ) ) ;
#4220 = VECTOR ( 'NONE', #1934, 999.9999999999998863 ) ;
#4221 =( NAMED_UNIT ( * ) PLANE_ANGLE_UNIT ( ) SI_UNIT ( $, .RADIAN. ) );
#4222 = VERTEX_POINT ( 'NONE', #4257 ) ;
#4223 = CARTESIAN_POINT ( 'NONE',  ( 8.349999999999999645, 160.0000000000000000, 5.500000000000000000 ) ) ;
#4224 = UNCERTAINTY_MEASURE_WITH_UNIT (LENGTH_MEASURE( 1.000000000000000082E-05 ), #557, 'distance_accuracy_value', 'NONE');
#4225 = CYLINDRICAL_SURFACE ( 'NONE', #2075, 0.4999999999999995559 ) ;
#4226 = CARTESIAN_POINT ( 'NONE',  ( 2.773654403270995328, -160.0000000000000000, -4.400000000000000355 ) ) ;
#4227 = SURFACE_STYLE_FILL_AREA ( #1392 ) ;
#4228 = VERTEX_POINT ( 'NONE', #2539 ) ;
#4229 = FILL_AREA_STYLE_COLOUR ( '', #2800 ) ;
#4230 = DIRECTION ( 'NONE',  ( -0.000000000000000000, 1.000000000000000000, -0.000000000000000000 ) ) ;
#4231 = DIRECTION ( 'NONE',  ( 0.000000000000000000, 0.000000000000000000, 1.000000000000000000 ) ) ;
#4232 = CARTESIAN_POINT ( 'NONE',  ( -8.349999999999999645, -160.0000000000000000, -5.500000000000000000 ) ) ;
#4233 = ORIENTED_EDGE ( 'NONE', *, *, #1609, .F. ) ;
#4234 = ADVANCED_FACE ( 'NONE', ( #3855 ), #1864, .T. ) ;
#4235 = ADVANCED_FACE ( 'NONE', ( #392 ), #413, .T. ) ;
#4236 = LINE ( 'NONE', #1494, #295 ) ;
#4237 = DIRECTION ( 'NONE',  ( 0.000000000000000000, 1.000000000000000000, 0.000000000000000000 ) ) ;
#4238 = ORIENTED_EDGE ( 'NONE', *, *, #894, .T. ) ;
#4239 = EDGE_CURVE ( 'NONE', #4375, #3293, #107, .T. ) ;
#4240 = ORIENTED_EDGE ( 'NONE', *, *, #434, .F. ) ;
#4241 = SURFACE_STYLE_FILL_AREA ( #3545 ) ;
#4242 = COLOUR_RGB ( '',0.8941176470588234615, 0.9137254901960784048, 0.9294117647058823817 ) ;
#4243 = CIRCLE ( 'NONE', #2534, 2.600000000000000089 ) ;
#4244 = SURFACE_STYLE_FILL_AREA ( #1119 ) ;
#4245 = FILL_AREA_STYLE_COLOUR ( '', #2168 ) ;
#4246 = ORIENTED_EDGE ( 'NONE', *, *, #4005, .T. ) ;
#4247 = MECHANICAL_DESIGN_GEOMETRIC_PRESENTATION_REPRESENTATION (  '', ( #1786 ), #3462 ) ;
#4248 = AXIS2_PLACEMENT_3D ( 'NONE', #2694, #1578, #3989 ) ;
#4249 =( NAMED_UNIT ( * ) SI_UNIT ( $, .STERADIAN. ) SOLID_ANGLE_UNIT ( ) );
#4250 = SURFACE_STYLE_USAGE ( .BOTH. , #4183 ) ;
#4251 = PRESENTATION_LAYER_ASSIGNMENT (  '', '', ( #2174 ) ) ;
#4252 = COLOUR_RGB ( '',0.8941176470588234615, 0.9137254901960784048, 0.9294117647058823817 ) ;
#4253 = DIRECTION ( 'NONE',  ( -1.172416807168114790E-16, -1.000000000000000000, -1.222436467041021059E-18 ) ) ;
#4254 = ORIENTED_EDGE ( 'NONE', *, *, #1609, .T. ) ;
#4255 = FILL_AREA_STYLE_COLOUR ( '', #3538 ) ;
#4256 = CARTESIAN_POINT ( 'NONE',  ( 8.349999999999999645, -160.0000000000000000, -3.600000000000000089 ) ) ;
#4257 = CARTESIAN_POINT ( 'NONE',  ( -3.099999999999999645, 37.50000000000005684, 9.500000000000000000 ) ) ;
#4258 = VECTOR ( 'NONE', #4003, 1000.000000000000000 ) ;
#4259 = CARTESIAN_POINT ( 'NONE',  ( 3.600000000000000089, 37.50000000000005684, -8.849999999999999645 ) ) ;
#4260 = ORIENTED_EDGE ( 'NONE', *, *, #29, .F. ) ;
#4261 = COLOUR_RGB ( '',0.8941176470588234615, 0.9137254901960784048, 0.9294117647058823817 ) ;
#4262 = DIRECTION ( 'NONE',  ( 0.000000000000000000, 1.000000000000000000, 0.000000000000000000 ) ) ;
#4263 = VERTEX_POINT ( 'NONE', #1841 ) ;
#4264 = VECTOR ( 'NONE', #737, 1000.000000000000000 ) ;
#4265 = LINE ( 'NONE', #3593, #2393 ) ;
#4266 = FILL_AREA_STYLE ('',( #3320 ) ) ;
#4267 = VECTOR ( 'NONE', #1798, 1000.000000000000000 ) ;
#4268 = EDGE_CURVE ( 'NONE', #721, #9, #2093, .T. ) ;
#4269 = LINE ( 'NONE', #3889, #277 ) ;
#4270 = ORIENTED_EDGE ( 'NONE', *, *, #819, .F. ) ;
#4271 =( NAMED_UNIT ( * ) PLANE_ANGLE_UNIT ( ) SI_UNIT ( $, .RADIAN. ) );
#4272 = UNCERTAINTY_MEASURE_WITH_UNIT (LENGTH_MEASURE( 1.000000000000000082E-05 ), #4112, 'distance_accuracy_value', 'NONE');
#4273 = LINE ( 'NONE', #99, #4021 ) ;
#4274 = CARTESIAN_POINT ( 'NONE',  ( 3.100000000000000089, 160.0000000000000000, 8.849999999999999645 ) ) ;
#4275 = DIRECTION ( 'NONE',  ( -1.000000000000000000, 0.000000000000000000, 0.000000000000000000 ) ) ;
#4276 = AXIS2_PLACEMENT_3D ( 'NONE', #3881, #3838, #743 ) ;
#4277 = LINE ( 'NONE', #3554, #3811 ) ;
#4278 = VERTEX_POINT ( 'NONE', #2833 ) ;
#4279 = SURFACE_STYLE_FILL_AREA ( #3925 ) ;
#4280 = FILL_AREA_STYLE_COLOUR ( '', #548 ) ;
#4281 =( NAMED_UNIT ( * ) PLANE_ANGLE_UNIT ( ) SI_UNIT ( $, .RADIAN. ) );
#4282 = CARTESIAN_POINT ( 'NONE',  ( -7.849999999999999645, -160.0000000000000000, -5.500000000000000000 ) ) ;
#4283 = VERTEX_POINT ( 'NONE', #4181 ) ;
#4284 = PRESENTATION_STYLE_ASSIGNMENT (( #1184 ) ) ;
#4285 = DIRECTION ( 'NONE',  ( -1.000000000000000000, 0.000000000000000000, 0.000000000000000000 ) ) ;
#4286 = ORIENTED_EDGE ( 'NONE', *, *, #4156, .T. ) ;
#4287 = CARTESIAN_POINT ( 'NONE',  ( 8.849999999999999645, 37.50000000000005684, 3.100000000000000089 ) ) ;
#4288 = STYLED_ITEM ( 'NONE', ( #3613 ), #4055 ) ;
#4289 =( GEOMETRIC_REPRESENTATION_CONTEXT ( 3 ) GLOBAL_UNCERTAINTY_ASSIGNED_CONTEXT ( ( #3774 ) ) GLOBAL_UNIT_ASSIGNED_CONTEXT ( ( #65, #47, #2104 ) ) REPRESENTATION_CONTEXT ( 'NONE', 'WORKASPACE' ) );
#4290 = PRODUCT_DEFINITION_SHAPE ( 'NONE', 'NONE',  #3854 ) ;
#4291 = FILL_AREA_STYLE ('',( #836 ) ) ;
#4292 = AXIS2_PLACEMENT_3D ( 'NONE', #2126, #86, #63 ) ;
#4293 = ORIENTED_EDGE ( 'NONE', *, *, #3583, .T. ) ;
#4294 = ADVANCED_FACE ( 'NONE', ( #4159 ), #2487, .F. ) ;
#4295 =( NAMED_UNIT ( * ) PLANE_ANGLE_UNIT ( ) SI_UNIT ( $, .RADIAN. ) );
#4296 =( GEOMETRIC_REPRESENTATION_CONTEXT ( 3 ) GLOBAL_UNCERTAINTY_ASSIGNED_CONTEXT ( ( #3039 ) ) GLOBAL_UNIT_ASSIGNED_CONTEXT ( ( #4302, #2975, #195 ) ) REPRESENTATION_CONTEXT ( 'NONE', 'WORKASPACE' ) );
#4297 = DIRECTION ( 'NONE',  ( -1.000000000000000000, 0.000000000000000000, 0.000000000000000000 ) ) ;
#4298 = LINE ( 'NONE', #841, #3400 ) ;
#4299 = ORIENTED_EDGE ( 'NONE', *, *, #2713, .F. ) ;
#4300 = CARTESIAN_POINT ( 'NONE',  ( 7.849999999999999645, 160.0000000000000000, 5.000000000000000000 ) ) ;
#4301 = ADVANCED_FACE ( 'NONE', ( #4114 ), #1364, .T. ) ;
#4302 =( LENGTH_UNIT ( ) NAMED_UNIT ( * ) SI_UNIT ( .MILLI., .METRE. ) );
#4303 = FACE_OUTER_BOUND ( 'NONE', #2215, .T. ) ;
#4304 =( NAMED_UNIT ( * ) SI_UNIT ( $, .STERADIAN. ) SOLID_ANGLE_UNIT ( ) );
#4305 = SURFACE_STYLE_USAGE ( .BOTH. , #3336 ) ;
#4306 = ORIENTED_EDGE ( 'NONE', *, *, #1412, .F. ) ;
#4307 =( NAMED_UNIT ( * ) SI_UNIT ( $, .STERADIAN. ) SOLID_ANGLE_UNIT ( ) );
#4308 = CARTESIAN_POINT ( 'NONE',  ( 8.849999999999999645, 37.50000000000005684, -3.099999999999999645 ) ) ;
#4309 = FACE_OUTER_BOUND ( 'NONE', #1537, .T. ) ;
#4310 = SURFACE_SIDE_STYLE ('',( #3594 ) ) ;
#4311 = SURFACE_STYLE_FILL_AREA ( #3346 ) ;
#4312 = ORIENTED_EDGE ( 'NONE', *, *, #3054, .F. ) ;
#4313 =( NAMED_UNIT ( * ) SI_UNIT ( $, .STERADIAN. ) SOLID_ANGLE_UNIT ( ) );
#4314 = UNCERTAINTY_MEASURE_WITH_UNIT (LENGTH_MEASURE( 1.000000000000000082E-05 ), #2280, 'distance_accuracy_value', 'NONE');
#4315 = AXIS2_PLACEMENT_3D ( 'NONE', #3348, #1255, #2665 ) ;
#4316 = CARTESIAN_POINT ( 'NONE',  ( 2.773654403270995328, -160.0000000000000000, -3.899999999999999911 ) ) ;
#4317 = DIRECTION ( 'NONE',  ( -0.000000000000000000, 1.000000000000000000, -0.000000000000000000 ) ) ;
#4318 = SURFACE_SIDE_STYLE ('',( #2970 ) ) ;
#4319 = LINE ( 'NONE', #864, #710 ) ;
#4320 = VECTOR ( 'NONE', #1278, 1000.000000000000000 ) ;
#4321 = CLOSED_SHELL ( 'NONE', ( #4095, #3217, #3529, #2463, #3641, #3135, #2412, #4294, #3483, #1722, #1747, #77, #4433, #824, #453, #872, #1299, #3085, #1113, #1781, #314, #2036, #1524, #2096, #3979, #3884, #4235, #1173, #521, #4421, #2105, #4055, #3476, #903, #3183, #3117, #2194, #2330, #1771, #4301, #2841, #1937, #4346, #4234, #1277, #1348, #3532, #1986, #3244, #687, #578, #2467, #2943, #707, #4130, #2574, #3551, #2726, #160, #3796, #3720, #3667, #2797, #400, #2999, #3724, #27, #1269, #3618, #3510, #4206, #3331, #764, #127, #4427, #1135, #372, #2045, #4076, #287, #2871, #3213, #1715, #1059, #3338, #1011, #624, #2547, #2158, #3190, #3971 ) ) ;
#4322 = ORIENTED_EDGE ( 'NONE', *, *, #2341, .T. ) ;
#4323 = EDGE_CURVE ( 'NONE', #3144, #155, #4138, .T. ) ;
#4324 = LINE ( 'NONE', #577, #2748 ) ;
#4325 = CIRCLE ( 'NONE', #1708, 1.000000000000000888 ) ;
#4326 = CARTESIAN_POINT ( 'NONE',  ( 3.600000000000000089, 160.0000000000000000, -9.500000000000000000 ) ) ;
#4327 = EDGE_CURVE ( 'NONE', #3481, #3951, #362, .T. ) ;
#4328 = LINE ( 'NONE', #3607, #1958 ) ;
#4329 = EDGE_LOOP ( 'NONE', ( #420, #1721, #4083, #3318 ) ) ;
#4330 = VECTOR ( 'NONE', #1780, 1000.000000000000000 ) ;
#4331 = CARTESIAN_POINT ( 'NONE',  ( -5.000000000000000000, -160.0000000000000000, 7.849999999999999645 ) ) ;
#4332 = DIRECTION ( 'NONE',  ( 1.000000000000000000, 0.000000000000000000, -1.454933294406559718E-16 ) ) ;
#4333 = ORIENTED_EDGE ( 'NONE', *, *, #250, .F. ) ;
#4334 = CARTESIAN_POINT ( 'NONE',  ( 3.900000000000011013, 37.50000000000005684, 2.773654403270995328 ) ) ;
#4335 = AXIS2_PLACEMENT_3D ( 'NONE', #2133, #3457, #347 ) ;
#4336 = ORIENTED_EDGE ( 'NONE', *, *, #1066, .F. ) ;
#4337 = CARTESIAN_POINT ( 'NONE',  ( 9.000000000000000000, 37.50000000000005684, -9.000000000000000000 ) ) ;
#4338 = CARTESIAN_POINT ( 'NONE',  ( -3.900000000000049649, -160.0000000000000000, -2.773654403270995328 ) ) ;
#4339 = ORIENTED_EDGE ( 'NONE', *, *, #3700, .T. ) ;
#4340 = PRESENTATION_STYLE_ASSIGNMENT (( #2998 ) ) ;
#4341 = PRESENTATION_LAYER_ASSIGNMENT (  '', '', ( #1596 ) ) ;
#4342 = SURFACE_STYLE_FILL_AREA ( #1261 ) ;
#4343 = DIRECTION ( 'NONE',  ( 0.000000000000000000, -1.000000000000000000, 0.000000000000000000 ) ) ;
#4344 = ORIENTED_EDGE ( 'NONE', *, *, #2297, .T. ) ;
#4345 = COLOUR_RGB ( '',0.8941176470588234615, 0.9137254901960784048, 0.9294117647058823817 ) ;
#4346 = ADVANCED_FACE ( 'NONE', ( #1325 ), #1756, .T. ) ;
#4347 = LINE ( 'NONE', #1650, #3071 ) ;
#4348 = DIRECTION ( 'NONE',  ( 0.000000000000000000, -1.000000000000000000, 0.000000000000000000 ) ) ;
#4349 = CARTESIAN_POINT ( 'NONE',  ( -4.400000000000000355, 37.50000000000005684, 2.773654403271025082 ) ) ;
#4350 = SURFACE_STYLE_USAGE ( .BOTH. , #3234 ) ;
#4351 = EDGE_LOOP ( 'NONE', ( #1603, #2260, #1387, #163 ) ) ;
#4352 = EDGE_CURVE ( 'NONE', #3236, #3175, #3622, .T. ) ;
#4353 =( NAMED_UNIT ( * ) PLANE_ANGLE_UNIT ( ) SI_UNIT ( $, .RADIAN. ) );
#4354 = VERTEX_POINT ( 'NONE', #2186 ) ;
#4355 =( GEOMETRIC_REPRESENTATION_CONTEXT ( 3 ) GLOBAL_UNCERTAINTY_ASSIGNED_CONTEXT ( ( #3732 ) ) GLOBAL_UNIT_ASSIGNED_CONTEXT ( ( #3421, #3398, #3118 ) ) REPRESENTATION_CONTEXT ( 'NONE', 'WORKASPACE' ) );
#4356 = UNCERTAINTY_MEASURE_WITH_UNIT (LENGTH_MEASURE( 1.000000000000000082E-05 ), #3677, 'distance_accuracy_value', 'NONE');
#4357 = SURFACE_STYLE_FILL_AREA ( #3350 ) ;
#4358 = MECHANICAL_DESIGN_GEOMETRIC_PRESENTATION_REPRESENTATION (  '', ( #112 ), #2878 ) ;
#4359 = AXIS2_PLACEMENT_3D ( 'NONE', #1693, #2719, #2762 ) ;
#4360 = CARTESIAN_POINT ( 'NONE',  ( -5.500000000000000000, 37.50000000000005684, 7.849999999999999645 ) ) ;
#4361 = ORIENTED_EDGE ( 'NONE', *, *, #2872, .F. ) ;
#4362 = PRESENTATION_STYLE_ASSIGNMENT (( #3671 ) ) ;
#4363 = VECTOR ( 'NONE', #1737, 1000.000000000000000 ) ;
#4364 = VECTOR ( 'NONE', #4115, 1000.000000000000000 ) ;
#4365 = DIRECTION ( 'NONE',  ( 0.000000000000000000, 0.000000000000000000, -1.000000000000000000 ) ) ;
#4366 = FILL_AREA_STYLE_COLOUR ( '', #2583 ) ;
#4367 = ORIENTED_EDGE ( 'NONE', *, *, #2522, .T. ) ;
#4368 = SURFACE_STYLE_FILL_AREA ( #2383 ) ;
#4369 =( NAMED_UNIT ( * ) SI_UNIT ( $, .STERADIAN. ) SOLID_ANGLE_UNIT ( ) );
#4370 = SURFACE_STYLE_USAGE ( .BOTH. , #4431 ) ;
#4371 = ORIENTED_EDGE ( 'NONE', *, *, #4127, .T. ) ;
#4372 = DIRECTION ( 'NONE',  ( -0.000000000000000000, 1.000000000000000000, -0.000000000000000000 ) ) ;
#4373 =( LENGTH_UNIT ( ) NAMED_UNIT ( * ) SI_UNIT ( .MILLI., .METRE. ) );
#4374 = EDGE_CURVE ( 'NONE', #2079, #67, #1319, .T. ) ;
#4375 = VERTEX_POINT ( 'NONE', #2510 ) ;
#4376 =( NAMED_UNIT ( * ) SI_UNIT ( $, .STERADIAN. ) SOLID_ANGLE_UNIT ( ) );
#4377 = FILL_AREA_STYLE ('',( #3430 ) ) ;
#4378 = CARTESIAN_POINT ( 'NONE',  ( -8.849999999999999645, 37.50000000000006395, 3.099999999999999645 ) ) ;
#4379 = ORIENTED_EDGE ( 'NONE', *, *, #4001, .T. ) ;
#4380 = COLOUR_RGB ( '',0.8941176470588234615, 0.9137254901960784048, 0.9294117647058823817 ) ;
#4381 = LINE ( 'NONE', #1218, #346 ) ;
#4382 = LINE ( 'NONE', #1285, #3578 ) ;
#4383 = CARTESIAN_POINT ( 'NONE',  ( 3.600000000000000089, -160.0000000000000000, 9.500000000000000000 ) ) ;
#4384 = ORIENTED_EDGE ( 'NONE', *, *, #1374, .F. ) ;
#4385 = VECTOR ( 'NONE', #1663, 1000.000000000000000 ) ;
#4386 = AXIS2_PLACEMENT_3D ( 'NONE', #4300, #1197, #2602 ) ;
#4387 = DIRECTION ( 'NONE',  ( -1.172416807168114790E-16, -1.000000000000000000, -1.222436467041021059E-18 ) ) ;
#4388 = DIRECTION ( 'NONE',  ( 1.000000000000000000, -1.172416807168114790E-16, -6.672013369141571133E-16 ) ) ;
#4389 = PRESENTATION_LAYER_ASSIGNMENT (  '', '', ( #3193 ) ) ;
#4390 = AXIS2_PLACEMENT_3D ( 'NONE', #528, #860, #1956 ) ;
#4391 = VERTEX_POINT ( 'NONE', #3288 ) ;
#4392 = AXIS2_PLACEMENT_3D ( 'NONE', #1978, #1174, #1527 ) ;
#4393 = FILL_AREA_STYLE_COLOUR ( '', #4261 ) ;
#4394 = AXIS2_PLACEMENT_3D ( 'NONE', #1318, #614, #3390 ) ;
#4395 = ORIENTED_EDGE ( 'NONE', *, *, #3557, .F. ) ;
#4396 = UNCERTAINTY_MEASURE_WITH_UNIT (LENGTH_MEASURE( 1.000000000000000082E-05 ), #820, 'distance_accuracy_value', 'NONE');
#4397 = SURFACE_STYLE_USAGE ( .BOTH. , #970 ) ;
#4398 = EDGE_CURVE ( 'NONE', #155, #1171, #1526, .T. ) ;
#4399 = STYLED_ITEM ( 'NONE', ( #810 ), #2158 ) ;
#4400 = LINE ( 'NONE', #1301, #4320 ) ;
#4401 = ORIENTED_EDGE ( 'NONE', *, *, #735, .F. ) ;
#4402 = VECTOR ( 'NONE', #981, 1000.000000000000000 ) ;
#4403 = DIRECTION ( 'NONE',  ( -1.927470528863119788E-16, 0.000000000000000000, -1.000000000000000000 ) ) ;
#4404 = LINE ( 'NONE', #3109, #472 ) ;
#4405 = SURFACE_STYLE_FILL_AREA ( #1306 ) ;
#4406 = ORIENTED_EDGE ( 'NONE', *, *, #1929, .T. ) ;
#4407 = AXIS2_PLACEMENT_3D ( 'NONE', #3955, #856, #3619 ) ;
#4408 =( NAMED_UNIT ( * ) SI_UNIT ( $, .STERADIAN. ) SOLID_ANGLE_UNIT ( ) );
#4409 = DIRECTION ( 'NONE',  ( -1.000000000000000000, 0.000000000000000000, 0.000000000000000000 ) ) ;
#4410 = FACE_OUTER_BOUND ( 'NONE', #3812, .T. ) ;
#4411 = AXIS2_PLACEMENT_3D ( 'NONE', #2569, #4025, #3660 ) ;
#4412 = CARTESIAN_POINT ( 'NONE',  ( 1.072674902363915143E-14, 37.50000000000006395, 2.600000000000006750 ) ) ;
#4413 = VERTEX_POINT ( 'NONE', #530 ) ;
#4414 =( LENGTH_UNIT ( ) NAMED_UNIT ( * ) SI_UNIT ( .MILLI., .METRE. ) );
#4415 = ORIENTED_EDGE ( 'NONE', *, *, #4398, .F. ) ;
#4416 = FILL_AREA_STYLE ('',( #1699 ) ) ;
#4417 = FACE_OUTER_BOUND ( 'NONE', #1502, .T. ) ;
#4418 = CIRCLE ( 'NONE', #2062, 0.4999999999999995559 ) ;
#4419 =( NAMED_UNIT ( * ) PLANE_ANGLE_UNIT ( ) SI_UNIT ( $, .RADIAN. ) );
#4420 =( GEOMETRIC_REPRESENTATION_CONTEXT ( 3 ) GLOBAL_UNCERTAINTY_ASSIGNED_CONTEXT ( ( #290 ) ) GLOBAL_UNIT_ASSIGNED_CONTEXT ( ( #1449, #1789, #3788 ) ) REPRESENTATION_CONTEXT ( 'NONE', 'WORKASPACE' ) );
#4421 = ADVANCED_FACE ( 'NONE', ( #2597 ), #1100, .T. ) ;
#4422 = ORIENTED_EDGE ( 'NONE', *, *, #1661, .F. ) ;
#4423 = CARTESIAN_POINT ( 'NONE',  ( 5.353553390593270400, 160.0000000000000000, 6.272792206135780368 ) ) ;
#4424 = EDGE_CURVE ( 'NONE', #3626, #1206, #4273, .T. ) ;
#4425 = AXIS2_PLACEMENT_3D ( 'NONE', #2627, #2955, #3696 ) ;
#4426 = ORIENTED_EDGE ( 'NONE', *, *, #2386, .T. ) ;
#4427 = ADVANCED_FACE ( 'NONE', ( #1461 ), #4225, .T. ) ;
#4428 = AXIS2_PLACEMENT_3D ( 'NONE', #3909, #4155, #3252 ) ;
#4429 = FACE_OUTER_BOUND ( 'NONE', #776, .T. ) ;
#4430 = CARTESIAN_POINT ( 'NONE',  ( 2.980761184457545010, -160.0000000000000000, 3.899999999999999911 ) ) ;
#4431 = SURFACE_SIDE_STYLE ('',( #1629 ) ) ;
#4432 = ORIENTED_EDGE ( 'NONE', *, *, #485, .T. ) ;
#4433 = ADVANCED_FACE ( 'NONE', ( #1211 ), #1571, .T. ) ;
#4434 = CARTESIAN_POINT ( 'NONE',  ( 9.000000000000000000, 37.50000000000005684, 10.00000000000000000 ) ) ;
#4435 = FILL_AREA_STYLE ('',( #1355 ) ) ;
#4436 = VERTEX_POINT ( 'NONE', #4316 ) ;
#4437 = FILL_AREA_STYLE_COLOUR ( '', #3759 ) ;
#4438 = CARTESIAN_POINT ( 'NONE',  ( 9.000000000000000000, -160.0000000000000000, 10.00000000000000000 ) ) ;
#4439 = LINE ( 'NONE', #1035, #3187 ) ;
#4440 = ORIENTED_EDGE ( 'NONE', *, *, #4160, .F. ) ;
#4441 = LINE ( 'NONE', #636, #4043 ) ;
#4442 = DIRECTION ( 'NONE',  ( 0.000000000000000000, 0.000000000000000000, 1.000000000000000000 ) ) ;
#4443 = EDGE_CURVE ( 'NONE', #2548, #4354, #2621, .T. ) ;
#4444 = ORIENTED_EDGE ( 'NONE', *, *, #3402, .F. ) ;
#4445 = STYLED_ITEM ( 'NONE', ( #3352 ), #903 ) ;
#4446 =( GEOMETRIC_REPRESENTATION_CONTEXT ( 3 ) GLOBAL_UNCERTAINTY_ASSIGNED_CONTEXT ( ( #2302 ) ) GLOBAL_UNIT_ASSIGNED_CONTEXT ( ( #3977, #2228, #522 ) ) REPRESENTATION_CONTEXT ( 'NONE', 'WORKASPACE' ) );
#4447 = EDGE_CURVE ( 'NONE', #3224, #801, #3100, .T. ) ;
#4448 = DIRECTION ( 'NONE',  ( 1.000000000000000000, -1.172416807168114790E-16, 7.088290089667960395E-16 ) ) ;
#4449 = EDGE_LOOP ( 'NONE', ( #951, #3182, #2340, #1665 ) ) ;
#4450 = STYLED_ITEM ( 'NONE', ( #2751 ), #1011 ) ;
#4451 = COLOUR_RGB ( '',0.8941176470588234615, 0.9137254901960784048, 0.9294117647058823817 ) ;
ENDSEC;
END-ISO-10303-21;
