ISO-10303-21;
HEADER;
FILE_DESCRIPTION (( 'STEP AP214' ),
    '1' );
FILE_NAME ('×óÓÒµç»úÖ§¼Ü.STEP',
    '2025-09-22T14:10:46',
    ( '' ),
    ( '' ),
    'SwSTEP 2.0',
    'SolidWorks 2025',
    '' );
FILE_SCHEMA (( 'AUTOMOTIVE_DESIGN' ));
ENDSEC;

DATA;
#1 = ORIENTED_EDGE ( 'NONE', *, *, #830, .T. ) ;
#2 = VECTOR ( 'NONE', #1012, 999.9999999999998863 ) ;
#3 = DIRECTION ( 'NONE',  ( 1.000000000000000000, 0.000000000000000000, 0.000000000000000000 ) ) ;
#4 = DIRECTION ( 'NONE',  ( 0.000000000000000000, 0.000000000000000000, 1.000000000000000000 ) ) ;
#5 = DIRECTION ( 'NONE',  ( 1.000000000000000000, 0.000000000000000000, 0.000000000000000000 ) ) ;
#6 = EDGE_CURVE ( 'NONE', #1581, #862, #603, .T. ) ;
#7 = DIRECTION ( 'NONE',  ( 0.6946583704589931463, 5.806667596949144725E-17, 0.7193398003386551887 ) ) ;
#8 = EDGE_CURVE ( 'NONE', #2214, #243, #2182, .T. ) ;
#9 = VERTEX_POINT ( 'NONE', #889 ) ;
#10 = DIRECTION ( 'NONE',  ( 1.000000000000000000, 7.745271583493977455E-32, -2.201794655477302193E-16 ) ) ;
#11 = VERTEX_POINT ( 'NONE', #2390 ) ;
#12 = ORIENTED_EDGE ( 'NONE', *, *, #2461, .F. ) ;
#13 = DIRECTION ( 'NONE',  ( 1.349221823327174429E-16, 1.967543734044215769E-16, -1.000000000000000000 ) ) ;
#14 = CARTESIAN_POINT ( 'NONE',  ( -37.22792206135787296, 14.50000000000000000, -23.00000000000004619 ) ) ;
#15 = LINE ( 'NONE', #608, #703 ) ;
#16 = DIRECTION ( 'NONE',  ( 1.000000000000000000, 0.000000000000000000, 0.000000000000000000 ) ) ;
#17 = CARTESIAN_POINT ( 'NONE',  ( 11.41817496169967683, -15.55972338575828928, 7.820072595717517672 ) ) ;
#18 = EDGE_CURVE ( 'NONE', #174, #1204, #2584, .T. ) ;
#19 = EDGE_CURVE ( 'NONE', #484, #614, #1964, .T. ) ;
#20 = FACE_BOUND ( 'NONE', #825, .T. ) ;
#21 = ORIENTED_EDGE ( 'NONE', *, *, #2425, .F. ) ;
#22 = ORIENTED_EDGE ( 'NONE', *, *, #1100, .T. ) ;
#23 = ORIENTED_EDGE ( 'NONE', *, *, #2092, .F. ) ;
#24 = DIRECTION ( 'NONE',  ( -1.349221823327174429E-16, -1.967543734044216016E-16, 1.000000000000000000 ) ) ;
#25 = CARTESIAN_POINT ( 'NONE',  ( -87.19707759714370354, -6.000000000000001776, -26.00000000000005684 ) ) ;
#26 = DIRECTION ( 'NONE',  ( 0.000000000000000000, 0.000000000000000000, -1.000000000000000000 ) ) ;
#27 = DIRECTION ( 'NONE',  ( 1.000000000000000000, 0.000000000000000000, 0.000000000000000000 ) ) ;
#28 = FACE_BOUND ( 'NONE', #2023, .T. ) ;
#29 = DIRECTION ( 'NONE',  ( 8.786684129385964350E-17, 1.000000000000000000, 1.967543734044216262E-16 ) ) ;
#30 = ADVANCED_FACE ( 'NONE', ( #1112 ), #1773, .T. ) ;
#31 = EDGE_LOOP ( 'NONE', ( #937, #682, #2175, #706 ) ) ;
#32 = CIRCLE ( 'NONE', #216, 3.000000000000000888 ) ;
#33 = ORIENTED_EDGE ( 'NONE', *, *, #1430, .T. ) ;
#34 = ADVANCED_FACE ( 'NONE', ( #270, #1340 ), #2615, .T. ) ;
#35 = EDGE_CURVE ( 'NONE', #2284, #2375, #2402, .T. ) ;
#36 = VERTEX_POINT ( 'NONE', #1995 ) ;
#37 = AXIS2_PLACEMENT_3D ( 'NONE', #667, #677, #1738 ) ;
#38 = CIRCLE ( 'NONE', #701, 12.99999999999999822 ) ;
#39 = DIRECTION ( 'NONE',  ( 1.249000902703300615E-16, 1.000000000000000000, 1.967543734044216262E-16 ) ) ;
#40 = PLANE ( 'NONE',  #440 ) ;
#41 = DIRECTION ( 'NONE',  ( 1.000000000000000000, 0.000000000000000000, 0.000000000000000000 ) ) ;
#42 = VECTOR ( 'NONE', #2668, 1000.000000000000000 ) ;
#43 = DIRECTION ( 'NONE',  ( 1.000000000000000000, 0.000000000000000000, 0.000000000000000000 ) ) ;
#44 = PLANE ( 'NONE',  #1590 ) ;
#45 = CARTESIAN_POINT ( 'NONE',  ( -37.22792206135787296, 14.50000000000000000, -23.00000000000004619 ) ) ;
#46 = ORIENTED_EDGE ( 'NONE', *, *, #121, .F. ) ;
#47 = ORIENTED_EDGE ( 'NONE', *, *, #783, .T. ) ;
#48 = ORIENTED_EDGE ( 'NONE', *, *, #2577, .F. ) ;
#49 = EDGE_CURVE ( 'NONE', #1213, #1910, #94, .T. ) ;
#50 = ADVANCED_FACE ( 'NONE', ( #671 ), #2283, .F. ) ;
#51 = LINE ( 'NONE', #1744, #1013 ) ;
#52 = LINE ( 'NONE', #2365, #2657 ) ;
#53 = CARTESIAN_POINT ( 'NONE',  ( 12.24598704438439967, 10.09036502383225731, 6.138004910792258961 ) ) ;
#54 = ORIENTED_EDGE ( 'NONE', *, *, #1870, .F. ) ;
#55 = CARTESIAN_POINT ( 'NONE',  ( 12.06053175995377025, 15.85879972110770098, 7.929366017037498438 ) ) ;
#56 = LINE ( 'NONE', #1739, #788 ) ;
#57 = CARTESIAN_POINT ( 'NONE',  ( 7.715598108667967914, 17.50000000000000000, 7.781827689344526178 ) ) ;
#58 = DIRECTION ( 'NONE',  ( -0.000000000000000000, -0.000000000000000000, 1.000000000000000000 ) ) ;
#59 = ORIENTED_EDGE ( 'NONE', *, *, #1835, .T. ) ;
#60 = CARTESIAN_POINT ( 'NONE',  ( -10.00000000000000711, -13.00000000002290967, 6.546084143069776040 ) ) ;
#61 = CARTESIAN_POINT ( 'NONE',  ( -27.50000000000000711, 9.014718625761439341, 4.000000000000025757 ) ) ;
#62 = ORIENTED_EDGE ( 'NONE', *, *, #1190, .F. ) ;
#63 = CARTESIAN_POINT ( 'NONE',  ( -27.50000000000000711, -6.742640687119279441, -23.00000000000004974 ) ) ;
#64 = CARTESIAN_POINT ( 'NONE',  ( 38.98528137423861750, 22.50000000000006040, -16.00000000000003908 ) ) ;
#65 = LINE ( 'NONE', #2394, #1945 ) ;
#66 = EDGE_CURVE ( 'NONE', #296, #374, #1637, .T. ) ;
#67 = ORIENTED_EDGE ( 'NONE', *, *, #1917, .F. ) ;
#68 = CARTESIAN_POINT ( 'NONE',  ( 10.02106779609175113, 13.41243802805379026, 6.776576639983319161 ) ) ;
#69 = CARTESIAN_POINT ( 'NONE',  ( 12.99999999999999289, -13.00000000000000000, 5.000000000000000000 ) ) ;
#70 = DIRECTION ( 'NONE',  ( 1.875376730785737226E-16, -1.000000000000000000, -1.003808469612656861E-16 ) ) ;
#71 = VECTOR ( 'NONE', #10, 1000.000000000000000 ) ;
#72 = ORIENTED_EDGE ( 'NONE', *, *, #2706, .T. ) ;
#73 = DIRECTION ( 'NONE',  ( -0.7071067811865486830, 0.7071067811865464625, 0.000000000000000000 ) ) ;
#74 = VERTEX_POINT ( 'NONE', #2663 ) ;
#75 = ORIENTED_EDGE ( 'NONE', *, *, #1530, .T. ) ;
#76 = DIRECTION ( 'NONE',  ( -0.7071067811865486830, 0.7071067811865464625, -5.916456789157589416E-31 ) ) ;
#77 = DIRECTION ( 'NONE',  ( -1.875376730785737226E-16, -1.000000000000000000, 0.000000000000000000 ) ) ;
#78 = ORIENTED_EDGE ( 'NONE', *, *, #2528, .T. ) ;
#79 = CIRCLE ( 'NONE', #37, 3.000000000000000000 ) ;
#80 = DIRECTION ( 'NONE',  ( 0.7071067811865465735, 0.7071067811865484609, 0.000000000000000000 ) ) ;
#81 = AXIS2_PLACEMENT_3D ( 'NONE', #1652, #796, #2004 ) ;
#82 = ORIENTED_EDGE ( 'NONE', *, *, #155, .T. ) ;
#83 = CIRCLE ( 'NONE', #2039, 1.600000000000000755 ) ;
#84 = AXIS2_PLACEMENT_3D ( 'NONE', #1459, #1864, #2536 ) ;
#85 = CARTESIAN_POINT ( 'NONE',  ( 10.13614369235474832, -12.08585167080820710, 6.057290215394471211 ) ) ;
#86 = CARTESIAN_POINT ( 'NONE',  ( -13.00000000000000711, -13.00000000000000000, 10.10628645568517214 ) ) ;
#87 = LINE ( 'NONE', #2191, #1727 ) ;
#88 = VECTOR ( 'NONE', #2712, 1000.000000000000000 ) ;
#89 = EDGE_CURVE ( 'NONE', #814, #1935, #1103, .T. ) ;
#90 = EDGE_CURVE ( 'NONE', #1521, #2221, #687, .T. ) ;
#91 = DIRECTION ( 'NONE',  ( 0.000000000000000000, 0.000000000000000000, -1.000000000000000000 ) ) ;
#92 = ORIENTED_EDGE ( 'NONE', *, *, #2491, .T. ) ;
#93 = CARTESIAN_POINT ( 'NONE',  ( -12.75491945078777789, -15.99929470963253486, 7.983190662534962456 ) ) ;
#94 = LINE ( 'NONE', #2571, #957 ) ;
#95 = VERTEX_POINT ( 'NONE', #947 ) ;
#96 = CARTESIAN_POINT ( 'NONE',  ( 0.000000000000000000, 0.000000000000000000, 0.000000000000000000 ) ) ;
#97 = CARTESIAN_POINT ( 'NONE',  ( -15.91775920689707213, -13.69762540848753929, 8.000000000000000000 ) ) ;
#98 = VERTEX_POINT ( 'NONE', #960 ) ;
#99 = DIRECTION ( 'NONE',  ( 0.000000000000000000, 0.000000000000000000, -1.000000000000000000 ) ) ;
#100 = DIRECTION ( 'NONE',  ( 0.000000000000000000, 0.000000000000000000, -1.000000000000000000 ) ) ;
#101 = DIRECTION ( 'NONE',  ( 1.249000902703300615E-16, 1.000000000000000000, 1.967543734044216262E-16 ) ) ;
#102 = CARTESIAN_POINT ( 'NONE',  ( 3.837219318710695770, 17.50000000000000000, 7.372832897412100017 ) ) ;
#103 = CARTESIAN_POINT ( 'NONE',  ( -14.89053834327389048, 10.66220555978611984, 7.538533992223944935 ) ) ;
#104 = ORIENTED_EDGE ( 'NONE', *, *, #845, .F. ) ;
#105 = EDGE_CURVE ( 'NONE', #1060, #296, #1594, .T. ) ;
#106 = CARTESIAN_POINT ( 'NONE',  ( -13.22749855062273561, -16.00067952975595986, 7.997783157616388472 ) ) ;
#107 = CARTESIAN_POINT ( 'NONE',  ( 38.98528137423861750, 17.49999999999999645, -18.00000000000003908 ) ) ;
#108 =( BOUNDED_CURVE ( )  B_SPLINE_CURVE ( 3, ( #297, #490, #1961, #1784 ),
 .UNSPECIFIED., .F., .T. ) 
 B_SPLINE_CURVE_WITH_KNOTS ( ( 4, 4 ),
 ( 3.113807863336593396E-16, 1.570796326794896780 ),
 .UNSPECIFIED. ) 
 CURVE ( )  GEOMETRIC_REPRESENTATION_ITEM ( )  RATIONAL_B_SPLINE_CURVE ( ( 1.000000000000000000, 0.8047378541243649375, 0.8047378541243649375, 1.000000000000000000 ) ) 
 REPRESENTATION_ITEM ( '' )  );
#109 = VERTEX_POINT ( 'NONE', #1828 ) ;
#110 = CARTESIAN_POINT ( 'NONE',  ( -13.33969490262748181, -10.01365341177490720, 6.735893207496123303 ) ) ;
#111 = CARTESIAN_POINT ( 'NONE',  ( -35.98528137423858198, 17.49999999999999645, -20.00000000000004619 ) ) ;
#112 = VERTEX_POINT ( 'NONE', #107 ) ;
#113 = CARTESIAN_POINT ( 'NONE',  ( -37.24264068711929099, 3.000000000000003553, -23.00000000000004974 ) ) ;
#114 = DIRECTION ( 'NONE',  ( 1.349221823327174429E-16, 1.967543734044216016E-16, -1.000000000000000000 ) ) ;
#115 = DIRECTION ( 'NONE',  ( 0.000000000000000000, -0.000000000000000000, -1.000000000000000000 ) ) ;
#116 = CARTESIAN_POINT ( 'NONE',  ( -28.74264068711929099, 8.500000000000008882, -23.00000000000003908 ) ) ;
#117 = CARTESIAN_POINT ( 'NONE',  ( 27.50000000000000355, -6.742640687119290988, -21.75735931288075875 ) ) ;
#118 = VERTEX_POINT ( 'NONE', #1399 ) ;
#119 = DIRECTION ( 'NONE',  ( 1.000000000000000000, 0.000000000000000000, -0.000000000000000000 ) ) ;
#120 = VERTEX_POINT ( 'NONE', #578 ) ;
#121 = EDGE_CURVE ( 'NONE', #9, #1814, #564, .T. ) ;
#122 = EDGE_CURVE ( 'NONE', #1659, #1134, #908, .T. ) ;
#123 = DIRECTION ( 'NONE',  ( 0.000000000000000000, -1.000000000000000000, 0.000000000000000000 ) ) ;
#124 = DIRECTION ( 'NONE',  ( 1.000000000000000000, 0.000000000000000000, 0.000000000000000000 ) ) ;
#125 = ORIENTED_EDGE ( 'NONE', *, *, #327, .T. ) ;
#126 = DIRECTION ( 'NONE',  ( 1.000000000000000000, 0.000000000000000000, -0.000000000000000000 ) ) ;
#127 = CARTESIAN_POINT ( 'NONE',  ( 27.50000000000001066, 17.50000000000000000, -26.00000000000003553 ) ) ;
#128 = AXIS2_PLACEMENT_3D ( 'NONE', #1251, #2318, #417 ) ;
#129 = AXIS2_PLACEMENT_3D ( 'NONE', #1123, #29, #280 ) ;
#130 = DIRECTION ( 'NONE',  ( 0.000000000000000000, 0.000000000000000000, 1.000000000000000000 ) ) ;
#131 = DIRECTION ( 'NONE',  ( -1.875376730785737226E-16, 1.000000000000000000, -0.000000000000000000 ) ) ;
#132 = AXIS2_PLACEMENT_3D ( 'NONE', #818, #842, #2525 ) ;
#133 = VECTOR ( 'NONE', #571, 1000.000000000000000 ) ;
#134 = DIRECTION ( 'NONE',  ( 0.000000000000000000, 0.000000000000000000, -1.000000000000000000 ) ) ;
#135 = VECTOR ( 'NONE', #555, 1000.000000000000000 ) ;
#136 = ORIENTED_EDGE ( 'NONE', *, *, #1220, .T. ) ;
#137 = DIRECTION ( 'NONE',  ( 0.000000000000000000, 0.000000000000000000, 1.000000000000000000 ) ) ;
#138 = ORIENTED_EDGE ( 'NONE', *, *, #985, .T. ) ;
#139 = CARTESIAN_POINT ( 'NONE',  ( -15.55398477550141401, -11.41301881741041768, 7.818064115341408105 ) ) ;
#140 = LINE ( 'NONE', #2678, #1283 ) ;
#141 = VERTEX_POINT ( 'NONE', #772 ) ;
#142 = DIRECTION ( 'NONE',  ( 1.000000000000000000, 0.000000000000000000, 0.000000000000000000 ) ) ;
#143 = EDGE_CURVE ( 'NONE', #11, #120, #2258, .T. ) ;
#144 = CARTESIAN_POINT ( 'NONE',  ( 13.87953466720096785, -10.12571413495543027, 7.032244778020454667 ) ) ;
#145 = CARTESIAN_POINT ( 'NONE',  ( -27.50000000000000711, 17.50000000000000000, 8.000000000000000000 ) ) ;
#146 = CARTESIAN_POINT ( 'NONE',  ( 27.50000000000000711, -6.742640687119288323, -26.00000000000003908 ) ) ;
#147 = CARTESIAN_POINT ( 'NONE',  ( -10.27636919891151379, 11.72746953430890215, 5.896403161952997962 ) ) ;
#148 = ORIENTED_EDGE ( 'NONE', *, *, #413, .F. ) ;
#149 = DIRECTION ( 'NONE',  ( 1.349221823327174429E-16, 1.967543734044216016E-16, -1.000000000000000000 ) ) ;
#150 = ORIENTED_EDGE ( 'NONE', *, *, #2291, .F. ) ;
#151 = ORIENTED_EDGE ( 'NONE', *, *, #1835, .F. ) ;
#152 = LINE ( 'NONE', #2264, #42 ) ;
#153 = ORIENTED_EDGE ( 'NONE', *, *, #2543, .T. ) ;
#154 = FACE_OUTER_BOUND ( 'NONE', #1831, .T. ) ;
#155 = EDGE_CURVE ( 'NONE', #901, #1748, #1203, .T. ) ;
#156 = CARTESIAN_POINT ( 'NONE',  ( -9.999999999999998224, 13.20838108945852518, 6.662118504735210500 ) ) ;
#157 = CARTESIAN_POINT ( 'NONE',  ( 38.10660171779824879, 15.37867965644039892, -20.00000000000003908 ) ) ;
#158 = EDGE_CURVE ( 'NONE', #817, #2284, #2037, .T. ) ;
#159 = LINE ( 'NONE', #809, #697 ) ;
#160 = EDGE_CURVE ( 'NONE', #2404, #2661, #2465, .T. ) ;
#161 = ORIENTED_EDGE ( 'NONE', *, *, #18, .T. ) ;
#162 = FACE_OUTER_BOUND ( 'NONE', #2439, .T. ) ;
#163 = ORIENTED_EDGE ( 'NONE', *, *, #1747, .F. ) ;
#164 = AXIS2_PLACEMENT_3D ( 'NONE', #283, #2168, #1731 ) ;
#165 = VERTEX_POINT ( 'NONE', #761 ) ;
#166 = ORIENTED_EDGE ( 'NONE', *, *, #2095, .F. ) ;
#167 = SURFACE_SIDE_STYLE ('',( #1886 ) ) ;
#168 = CARTESIAN_POINT ( 'NONE',  ( 35.98528137423861040, 17.50000000000004263, -4.194140974181637560 ) ) ;
#169 = CARTESIAN_POINT ( 'NONE',  ( 11.39999999999999147, 13.00000000000000000, 5.000000000000000000 ) ) ;
#170 = CIRCLE ( 'NONE', #2204, 2.999999999999999112 ) ;
#171 = VECTOR ( 'NONE', #2371, 1000.000000000000000 ) ;
#172 = DIRECTION ( 'NONE',  ( -4.336808689942015271E-17, 1.000000000000000000, 0.000000000000000000 ) ) ;
#173 = DIRECTION ( 'NONE',  ( -0.7071067811865483499, 0.7071067811865467956, 4.372196160242406829E-17 ) ) ;
#174 = VERTEX_POINT ( 'NONE', #1839 ) ;
#175 = CIRCLE ( 'NONE', #218, 8.000000000000000000 ) ;
#176 = EDGE_CURVE ( 'NONE', #991, #2153, #2112, .T. ) ;
#177 = EDGE_CURVE ( 'NONE', #909, #1601, #333, .T. ) ;
#178 = VECTOR ( 'NONE', #1537, 1000.000000000000000 ) ;
#179 = VECTOR ( 'NONE', #1559, 1000.000000000000000 ) ;
#180 = CARTESIAN_POINT ( 'NONE',  ( -13.00000000000000711, -13.00000000000000000, 0.000000000000000000 ) ) ;
#181 = ORIENTED_EDGE ( 'NONE', *, *, #2577, .T. ) ;
#182 = AXIS2_PLACEMENT_3D ( 'NONE', #2044, #2249, #142 ) ;
#183 = ORIENTED_EDGE ( 'NONE', *, *, #2406, .T. ) ;
#184 = ORIENTED_EDGE ( 'NONE', *, *, #290, .F. ) ;
#185 = CARTESIAN_POINT ( 'NONE',  ( 0.000000000000000000, 0.000000000000000000, 8.000000000000000000 ) ) ;
#186 = PLANE ( 'NONE',  #1684 ) ;
#187 = DIRECTION ( 'NONE',  ( -1.000000000000000000, -4.336808689942012189E-17, -1.349221823327174429E-16 ) ) ;
#188 = DIRECTION ( 'NONE',  ( 0.000000000000000000, 0.000000000000000000, -1.000000000000000000 ) ) ;
#189 = CARTESIAN_POINT ( 'NONE',  ( 11.83262764890448260, -15.77337268633147183, 7.899485188609389752 ) ) ;
#190 = VERTEX_POINT ( 'NONE', #2703 ) ;
#191 = DIRECTION ( 'NONE',  ( -0.000000000000000000, -0.000000000000000000, -1.000000000000000000 ) ) ;
#192 = ADVANCED_FACE ( 'NONE', ( #2477 ), #1425, .T. ) ;
#193 = ORIENTED_EDGE ( 'NONE', *, *, #2672, .F. ) ;
#194 = ORIENTED_EDGE ( 'NONE', *, *, #563, .F. ) ;
#195 = DIRECTION ( 'NONE',  ( -0.000000000000000000, -0.000000000000000000, -1.000000000000000000 ) ) ;
#196 = DIRECTION ( 'NONE',  ( -0.000000000000000000, 0.000000000000000000, -1.000000000000000000 ) ) ;
#197 = CARTESIAN_POINT ( 'NONE',  ( -22.50000000000000355, 14.50000000000000178, -63.85498646149545721 ) ) ;
#198 = CARTESIAN_POINT ( 'NONE',  ( 19.50000000000000711, -14.50000000000000178, 8.000000000000000000 ) ) ;
#199 = DIRECTION ( 'NONE',  ( 1.224646799147353207E-16, 1.000000000000000000, 0.000000000000000000 ) ) ;
#200 = ORIENTED_EDGE ( 'NONE', *, *, #2630, .F. ) ;
#201 = CARTESIAN_POINT ( 'NONE',  ( -32.50000000000007105, 22.50000000000004974, -26.00000000000004263 ) ) ;
#202 = ORIENTED_EDGE ( 'NONE', *, *, #581, .T. ) ;
#203 = CARTESIAN_POINT ( 'NONE',  ( -37.24264068711928388, 3.000000000000003997, -24.75735931288076230 ) ) ;
#204 = B_SPLINE_CURVE_WITH_KNOTS ( 'NONE', 3,
 ( #2376, #480, #905, #244, #1757, #1485, #427, #1513, #1274, #2122, #746, #285, #2233, #507, #1598, #1802, #2011, #2219, #110, #2198, #1787, #2632, #320, #2407, #542, #1553, #1979, #139, #2392, #2246, #1162, #1375, #732, #522 ),
 .UNSPECIFIED., .F., .F.,
 ( 4, 2, 2, 2, 2, 2, 2, 2, 2, 2, 2, 2, 2, 2, 2, 2, 4 ),
 ( 0.007311506379831419523, 0.007937241030256815544, 0.008562975680682212432, 0.009188710331107607585, 0.009814444981533004472, 0.01044017963195839963, 0.01106591428238379651, 0.01169164893280919340, 0.01231738358323458855, 0.01294311823365998371, 0.01356885288408538059, 0.01419458753451077748, 0.01482032218493617264, 0.01544605683536156779, 0.01607179148578696468, 0.01669752613621235809, 0.01732326078663775151 ),
 .UNSPECIFIED. ) ;
#205 = EDGE_LOOP ( 'NONE', ( #425, #2049 ) ) ;
#206 = AXIS2_PLACEMENT_3D ( 'NONE', #2243, #1185, #2063 ) ;
#207 = ADVANCED_FACE ( 'NONE', ( #162 ), #1002, .F. ) ;
#208 = ADVANCED_FACE ( 'NONE', ( #1245 ), #601, .F. ) ;
#209 = CARTESIAN_POINT ( 'NONE',  ( 19.50000000000000711, -22.50000000000000355, 0.000000000000000000 ) ) ;
#210 = DIRECTION ( 'NONE',  ( -1.000000000000000000, 0.000000000000000000, 0.000000000000000000 ) ) ;
#211 = FACE_OUTER_BOUND ( 'NONE', #1338, .T. ) ;
#212 = CARTESIAN_POINT ( 'NONE',  ( -19.50000000000000711, -2.999999999999999112, -19.00000000000004974 ) ) ;
#213 = ORIENTED_EDGE ( 'NONE', *, *, #2718, .F. ) ;
#214 = CARTESIAN_POINT ( 'NONE',  ( -27.50000000000000711, -22.50000000000000355, 8.000000000000000000 ) ) ;
#215 = VECTOR ( 'NONE', #855, 1000.000000000000000 ) ;
#216 = AXIS2_PLACEMENT_3D ( 'NONE', #1700, #431, #1067 ) ;
#217 = ORIENTED_EDGE ( 'NONE', *, *, #1767, .F. ) ;
#218 = AXIS2_PLACEMENT_3D ( 'NONE', #1362, #2429, #1631 ) ;
#219 = ORIENTED_EDGE ( 'NONE', *, *, #143, .F. ) ;
#220 = CIRCLE ( 'NONE', #1146, 2.000000000000001776 ) ;
#221 = LINE ( 'NONE', #1965, #702 ) ;
#222 = CARTESIAN_POINT ( 'NONE',  ( -27.50000000000000711, 17.49999999999999645, -26.00000000000004263 ) ) ;
#223 = DIRECTION ( 'NONE',  ( -1.000000000000000000, 0.000000000000000000, 0.000000000000000000 ) ) ;
#224 = EDGE_CURVE ( 'NONE', #1704, #438, #1508, .T. ) ;
#225 = DIRECTION ( 'NONE',  ( 1.000000000000000000, 0.000000000000000000, 0.000000000000000000 ) ) ;
#226 = FACE_OUTER_BOUND ( 'NONE', #1031, .T. ) ;
#227 = EDGE_LOOP ( 'NONE', ( #2131, #1150 ) ) ;
#228 = DIRECTION ( 'NONE',  ( -1.000000000000000000, 0.000000000000000000, -1.349221823327174429E-16 ) ) ;
#229 = ORIENTED_EDGE ( 'NONE', *, *, #2405, .T. ) ;
#230 = ORIENTED_EDGE ( 'NONE', *, *, #8, .T. ) ;
#231 = EDGE_LOOP ( 'NONE', ( #1732, #1850, #764, #463 ) ) ;
#232 = DIRECTION ( 'NONE',  ( -1.000000000000000000, 0.000000000000000000, 0.000000000000000000 ) ) ;
#233 = DIRECTION ( 'NONE',  ( -0.000000000000000000, 0.000000000000000000, 1.000000000000000000 ) ) ;
#234 = DIRECTION ( 'NONE',  ( 0.000000000000000000, 0.000000000000000000, 1.000000000000000000 ) ) ;
#235 = ADVANCED_FACE ( 'NONE', ( #2552 ), #2130, .F. ) ;
#236 = CARTESIAN_POINT ( 'NONE',  ( 11.42002119551446171, 15.56093370764664208, 7.820537620693837511 ) ) ;
#237 = DIRECTION ( 'NONE',  ( -0.000000000000000000, 0.000000000000000000, 1.000000000000000000 ) ) ;
#238 = EDGE_CURVE ( 'NONE', #567, #1413, #1911, .T. ) ;
#239 = EDGE_CURVE ( 'NONE', #1522, #1095, #1181, .T. ) ;
#240 = CARTESIAN_POINT ( 'NONE',  ( 38.98528137423861750, 22.50000000000006040, -14.00000000000003730 ) ) ;
#241 = EDGE_LOOP ( 'NONE', ( #2241, #363, #2152, #1431, #1705, #823 ) ) ;
#242 = ORIENTED_EDGE ( 'NONE', *, *, #1528, .F. ) ;
#243 = VERTEX_POINT ( 'NONE', #811 ) ;
#244 = CARTESIAN_POINT ( 'NONE',  ( -10.08400402074549262, -12.27111423219936981, 6.150854723044328232 ) ) ;
#245 = DIRECTION ( 'NONE',  ( -9.376883653928686131E-17, -1.000000000000000000, -1.967543734044216262E-16 ) ) ;
#246 = DIRECTION ( 'NONE',  ( -1.249000902703300861E-16, -1.000000000000000000, -1.003808469612657354E-16 ) ) ;
#247 = AXIS2_PLACEMENT_3D ( 'NONE', #2716, #2104, #2541 ) ;
#248 = DIRECTION ( 'NONE',  ( 1.000000000000000000, 0.000000000000000000, 0.000000000000000000 ) ) ;
#249 = FACE_OUTER_BOUND ( 'NONE', #367, .T. ) ;
#250 = DIRECTION ( 'NONE',  ( 0.000000000000000000, 0.000000000000000000, -1.000000000000000000 ) ) ;
#251 = ORIENTED_EDGE ( 'NONE', *, *, #2684, .F. ) ;
#252 = EDGE_CURVE ( 'NONE', #1992, #2492, #1269, .T. ) ;
#253 = EDGE_CURVE ( 'NONE', #2559, #1827, #864, .T. ) ;
#254 = AXIS2_PLACEMENT_3D ( 'NONE', #1940, #405, #1673 ) ;
#255 = CIRCLE ( 'NONE', #1639, 2.999999999999999112 ) ;
#256 = VERTEX_POINT ( 'NONE', #2093 ) ;
#257 = ORIENTED_EDGE ( 'NONE', *, *, #49, .F. ) ;
#258 = VECTOR ( 'NONE', #2358, 1000.000000000000000 ) ;
#259 = CIRCLE ( 'NONE', #1235, 2.999999999999999112 ) ;
#260 = FACE_OUTER_BOUND ( 'NONE', #1658, .T. ) ;
#261 = CIRCLE ( 'NONE', #1596, 8.000000000000000000 ) ;
#262 = CARTESIAN_POINT ( 'NONE',  ( 12.99999999999999289, -13.00000000000000000, 10.10628645568517214 ) ) ;
#263 = CARTESIAN_POINT ( 'NONE',  ( 11.02152806793603013, 10.73488406029044562, 5.697391963236088763 ) ) ;
#264 = CARTESIAN_POINT ( 'NONE',  ( 12.99999999999999289, 13.00000000000000000, 5.000000000000000000 ) ) ;
#265 = DIRECTION ( 'NONE',  ( -0.7071067811865464625, -0.7071067811865486830, -2.345307417223290386E-16 ) ) ;
#266 = CARTESIAN_POINT ( 'NONE',  ( -9.674734408263660157, 17.50000000000000355, 8.000000000000001776 ) ) ;
#267 = CARTESIAN_POINT ( 'NONE',  ( 51.74264068711926257, 17.50000000000004619, -21.75735931288075165 ) ) ;
#268 = ORIENTED_EDGE ( 'NONE', *, *, #35, .T. ) ;
#269 = DIRECTION ( 'NONE',  ( 3.413144305457568632E-32, -1.000000000000000000, -1.967543734044216016E-16 ) ) ;
#270 = FACE_OUTER_BOUND ( 'NONE', #932, .T. ) ;
#271 = EDGE_CURVE ( 'NONE', #1859, #2362, #1468, .T. ) ;
#272 = EDGE_LOOP ( 'NONE', ( #1968, #268, #410, #1595, #1714 ) ) ;
#273 = DIRECTION ( 'NONE',  ( 1.000000000000000000, 0.000000000000000000, 0.000000000000000000 ) ) ;
#274 = CYLINDRICAL_SURFACE ( 'NONE', #2563, 8.000000000000000000 ) ;
#275 = CARTESIAN_POINT ( 'NONE',  ( -16.00000000000000711, -13.00000000000000000, 5.000000000000000000 ) ) ;
#276 = ORIENTED_EDGE ( 'NONE', *, *, #1800, .F. ) ;
#277 = DIRECTION ( 'NONE',  ( -0.7071067811865464625, -0.7071067811865486830, -2.023929239686235922E-16 ) ) ;
#278 = CARTESIAN_POINT ( 'NONE',  ( -55.98528137423858908, 22.50000000000005329, -26.00000000000004619 ) ) ;
#279 = DIRECTION ( 'NONE',  ( 0.7193398003386547446, -2.429441099613009087E-16, 0.6946583704589935904 ) ) ;
#280 = DIRECTION ( 'NONE',  ( 0.000000000000000000, -1.967543734044216262E-16, 1.000000000000000000 ) ) ;
#281 = EDGE_LOOP ( 'NONE', ( #920, #2557 ) ) ;
#282 = CARTESIAN_POINT ( 'NONE',  ( -11.83732302879377229, -15.77538648870480742, 7.900209933170412313 ) ) ;
#283 = CARTESIAN_POINT ( 'NONE',  ( 55.98528137423861040, 22.50000000000003908, 25.51609221829271235 ) ) ;
#284 = ORIENTED_EDGE ( 'NONE', *, *, #1022, .T. ) ;
#285 = CARTESIAN_POINT ( 'NONE',  ( -11.52225842753902008, -10.38109179651209324, 5.817182539717158818 ) ) ;
#286 = CARTESIAN_POINT ( 'NONE',  ( -13.00000000000000711, -13.00000000000000000, 0.000000000000000000 ) ) ;
#287 = CARTESIAN_POINT ( 'NONE',  ( 10.13621666906008301, 12.08549103047546325, 6.057093004800829128 ) ) ;
#288 = VERTEX_POINT ( 'NONE', #1059 ) ;
#289 = EDGE_CURVE ( 'NONE', #296, #2282, #1693, .T. ) ;
#290 = EDGE_CURVE ( 'NONE', #1095, #1522, #739, .T. ) ;
#291 = CARTESIAN_POINT ( 'NONE',  ( 10.72159330798583987, -11.03728912824219144, 5.699448933054970468 ) ) ;
#292 = DIRECTION ( 'NONE',  ( 3.413144305457568632E-32, -1.000000000000000000, -1.967543734044216016E-16 ) ) ;
#293 = DIRECTION ( 'NONE',  ( -0.5839517053348516340, -0.5839517053348531883, 0.5639156068713079284 ) ) ;
#294 = VECTOR ( 'NONE', #989, 1000.000000000000000 ) ;
#295 = DIRECTION ( 'NONE',  ( 3.413144305457568632E-32, -1.000000000000000000, -1.967543734044216016E-16 ) ) ;
#296 = VERTEX_POINT ( 'NONE', #1677 ) ;
#297 = CARTESIAN_POINT ( 'NONE',  ( 27.50000000000001066, 9.014718625761419801, -20.00000000000003908 ) ) ;
#298 = CARTESIAN_POINT ( 'NONE',  ( 55.98528137423861040, 22.50000000000003908, 25.51609221829271235 ) ) ;
#299 =( BOUNDED_CURVE ( )  B_SPLINE_CURVE ( 3, ( #1139, #267, #460, #679 ),
 .UNSPECIFIED., .F., .T. ) 
 B_SPLINE_CURVE_WITH_KNOTS ( ( 4, 4 ),
 ( 3.141592653589792672, 4.712388980384687898 ),
 .UNSPECIFIED. ) 
 CURVE ( )  GEOMETRIC_REPRESENTATION_ITEM ( )  RATIONAL_B_SPLINE_CURVE ( ( 1.000000000000000000, 0.8047378541243652705, 0.8047378541243652705, 1.000000000000000000 ) ) 
 REPRESENTATION_ITEM ( '' )  );
#300 = EDGE_LOOP ( 'NONE', ( #1353, #2142, #1561, #2721 ) ) ;
#301 = AXIS2_PLACEMENT_3D ( 'NONE', #198, #1908, #225 ) ;
#302 = VECTOR ( 'NONE', #1867, 1000.000000000000000 ) ;
#303 = CARTESIAN_POINT ( 'NONE',  ( -50.98528137423859619, 22.50000000000006040, -16.00000000000003908 ) ) ;
#304 = DIRECTION ( 'NONE',  ( 0.000000000000000000, 0.000000000000000000, -1.000000000000000000 ) ) ;
#305 = ORIENTED_EDGE ( 'NONE', *, *, #2041, .T. ) ;
#306 = AXIS2_PLACEMENT_3D ( 'NONE', #1699, #1435, #172 ) ;
#307 = CARTESIAN_POINT ( 'NONE',  ( 11.18223745238616651, 10.60474141175956042, 5.723198202122111056 ) ) ;
#308 = AXIS2_PLACEMENT_3D ( 'NONE', #69, #912, #708 ) ;
#309 = VECTOR ( 'NONE', #1192, 1000.000000000000000 ) ;
#310 = DIRECTION ( 'NONE',  ( -0.000000000000000000, 1.000000000000000000, 1.967543734044216262E-16 ) ) ;
#311 = DIRECTION ( 'NONE',  ( 0.000000000000000000, 0.000000000000000000, -1.000000000000000000 ) ) ;
#312 = EDGE_CURVE ( 'NONE', #2094, #1342, #2196, .T. ) ;
#313 = CARTESIAN_POINT ( 'NONE',  ( -1.967969714915156931, 17.50000000000000355, 7.236404845301787958 ) ) ;
#314 = VECTOR ( 'NONE', #992, 1000.000000000000000 ) ;
#315 = CARTESIAN_POINT ( 'NONE',  ( -11.69548996046116152, 10.29156697536886256, 5.883455926273261305 ) ) ;
#316 = ORIENTED_EDGE ( 'NONE', *, *, #1565, .T. ) ;
#317 = FACE_OUTER_BOUND ( 'NONE', #2043, .T. ) ;
#318 = CARTESIAN_POINT ( 'NONE',  ( 15.94514366817507245, 13.58309221768387509, 8.000000000000321521 ) ) ;
#319 = ORIENTED_EDGE ( 'NONE', *, *, #122, .T. ) ;
#320 = CARTESIAN_POINT ( 'NONE',  ( -14.40444431153060556, -10.34207861301558751, 7.305309305781379159 ) ) ;
#321 = FACE_OUTER_BOUND ( 'NONE', #917, .T. ) ;
#322 = ORIENTED_EDGE ( 'NONE', *, *, #813, .T. ) ;
#323 = CYLINDRICAL_SURFACE ( 'NONE', #651, 1.600000000000000755 ) ;
#324 = CARTESIAN_POINT ( 'NONE',  ( 13.33581941261147996, -10.01318065616359831, 6.733735587579716686 ) ) ;
#325 = CARTESIAN_POINT ( 'NONE',  ( 29.62132034355965260, 6.893398282201784077, -23.00000000000003908 ) ) ;
#326 = CARTESIAN_POINT ( 'NONE',  ( -37.85530313790587797, 22.50000000000004619, -6.000000000000043521 ) ) ;
#327 = EDGE_CURVE ( 'NONE', #1588, #1061, #475, .T. ) ;
#328 = DIRECTION ( 'NONE',  ( 1.000000000000000000, -1.875376730785737226E-16, -0.000000000000000000 ) ) ;
#329 = ORIENTED_EDGE ( 'NONE', *, *, #662, .F. ) ;
#330 = EDGE_CURVE ( 'NONE', #1145, #461, #833, .T. ) ;
#331 = EDGE_CURVE ( 'NONE', #141, #190, #1491, .T. ) ;
#332 = DIRECTION ( 'NONE',  ( 0.7071067811865477948, -0.7071067811865472397, 0.000000000000000000 ) ) ;
#333 = LINE ( 'NONE', #1638, #1449 ) ;
#334 = ORIENTED_EDGE ( 'NONE', *, *, #1885, .F. ) ;
#335 = LINE ( 'NONE', #950, #1373 ) ;
#336 = CARTESIAN_POINT ( 'NONE',  ( 55.98528137423861040, 17.50000000000003553, 25.51609221829271235 ) ) ;
#337 = ORIENTED_EDGE ( 'NONE', *, *, #2405, .F. ) ;
#338 = CARTESIAN_POINT ( 'NONE',  ( -51.74264068711925546, 17.49999999999999645, -21.75735931288075520 ) ) ;
#339 = CARTESIAN_POINT ( 'NONE',  ( 12.05927769256490301, -10.14469235493809585, 6.044390380000146834 ) ) ;
#340 = DIRECTION ( 'NONE',  ( 1.000000000000000000, 0.000000000000000000, 0.000000000000000000 ) ) ;
#341 = LINE ( 'NONE', #146, #2 ) ;
#342 = CARTESIAN_POINT ( 'NONE',  ( -15.91775920689707213, 13.69762540848753929, 8.000000000000000000 ) ) ;
#343 = VERTEX_POINT ( 'NONE', #824 ) ;
#344 = B_SPLINE_CURVE_WITH_KNOTS ( 'NONE', 3,
 ( #1500, #2509, #1040, #1087, #1460, #456 ),
 .UNSPECIFIED., .F., .F.,
 ( 4, 2, 4 ),
 ( 0.01732326078663775151, 0.01767389569542453590, 0.01802453060421132028 ),
 .UNSPECIFIED. ) ;
#345 = CARTESIAN_POINT ( 'NONE',  ( 36.50000000000003553, 16.25735931288075520, -23.00000000000003553 ) ) ;
#346 = EDGE_CURVE ( 'NONE', #2542, #1388, #2516, .T. ) ;
#347 = ORIENTED_EDGE ( 'NONE', *, *, #143, .T. ) ;
#348 = CARTESIAN_POINT ( 'NONE',  ( 38.98528137423861750, 22.50000000000006040, -14.00000000000003730 ) ) ;
#349 = CYLINDRICAL_SURFACE ( 'NONE', #1687, 2.000000000000001776 ) ;
#350 = EDGE_LOOP ( 'NONE', ( #566, #153, #719, #2132 ) ) ;
#351 = CARTESIAN_POINT ( 'NONE',  ( -50.49999999999999289, 16.25735931288071612, -23.00000000000004974 ) ) ;
#352 = CARTESIAN_POINT ( 'NONE',  ( 11.17967529671807192, -10.60666927405479321, 5.722672042361531375 ) ) ;
#353 = AXIS2_PLACEMENT_3D ( 'NONE', #1294, #2148, #1943 ) ;
#354 = AXIS2_PLACEMENT_3D ( 'NONE', #2179, #1974, #250 ) ;
#355 = CARTESIAN_POINT ( 'NONE',  ( -13.00000000000000711, -13.00000000000000000, 8.000000000000000000 ) ) ;
#356 = CARTESIAN_POINT ( 'NONE',  ( 27.50000000000000000, 17.50000000000000000, 8.000000000000000000 ) ) ;
#357 = CIRCLE ( 'NONE', #1899, 20.99999999999999645 ) ;
#358 = VECTOR ( 'NONE', #866, 1000.000000000000000 ) ;
#359 = CARTESIAN_POINT ( 'NONE',  ( -16.00000000000000711, 12.99999999999999112, 7.990755995505600673 ) ) ;
#360 = AXIS2_PLACEMENT_3D ( 'NONE', #2147, #445, #648 ) ;
#361 = ORIENTED_EDGE ( 'NONE', *, *, #1382, .F. ) ;
#362 = CARTESIAN_POINT ( 'NONE',  ( -55.98528137423859619, 17.49999999999999289, 25.51609221829269813 ) ) ;
#363 = ORIENTED_EDGE ( 'NONE', *, *, #252, .F. ) ;
#364 = EDGE_CURVE ( 'NONE', #1484, #699, #434, .T. ) ;
#365 = ORIENTED_EDGE ( 'NONE', *, *, #2003, .T. ) ;
#366 = DIRECTION ( 'NONE',  ( -0.000000000000000000, -0.000000000000000000, 1.000000000000000000 ) ) ;
#367 = EDGE_LOOP ( 'NONE', ( #627, #1452, #582, #1419 ) ) ;
#368 = LINE ( 'NONE', #2483, #478 ) ;
#369 = CARTESIAN_POINT ( 'NONE',  ( 9.999999999999991118, 13.00000000000000000, 5.000000000000000000 ) ) ;
#370 = CARTESIAN_POINT ( 'NONE',  ( -10.02164321995491569, 13.41559440243668000, 6.778317589287202516 ) ) ;
#371 = CARTESIAN_POINT ( 'NONE',  ( -12.60272978449322245, 10.02058077895431332, 6.325874573479113749 ) ) ;
#372 = ORIENTED_EDGE ( 'NONE', *, *, #2274, .T. ) ;
#373 = CARTESIAN_POINT ( 'NONE',  ( 0.000000000000000000, 0.000000000000000000, 8.000000000000000000 ) ) ;
#374 = VERTEX_POINT ( 'NONE', #2075 ) ;
#375 = B_SPLINE_CURVE_WITH_KNOTS ( 'NONE', 3,
 ( #1616, #2636, #1135, #568, #1405, #736, #1584, #2237, #1380, #954, #1833, #144, #2223, #324, #1806, #2651, #2250, #755, #339, #982, #2681, #352, #1179, #291, #2669, #1198, #1983, #85, #1875, #1008, #584, #2098 ),
 .UNSPECIFIED., .F., .F.,
 ( 4, 2, 2, 2, 2, 2, 2, 2, 2, 2, 2, 2, 2, 2, 2, 4 ),
 ( 0.009206135961103619272, 0.009830095993693770129, 0.01045405602628391925, 0.01107801605887407011, 0.01170197609146421923, 0.01294989615664452788, 0.01357385618923467874, 0.01419781622182483133, 0.01482177625441498392, 0.01544573628700513651, 0.01606969631959528910, 0.01669365635218544169, 0.01731761638477559428, 0.01794157641736574688, 0.01856553644995589947, 0.01918949648254605206 ),
 .UNSPECIFIED. ) ;
#376 = ORIENTED_EDGE ( 'NONE', *, *, #2121, .F. ) ;
#377 = VERTEX_POINT ( 'NONE', #1070 ) ;
#378 = CARTESIAN_POINT ( 'NONE',  ( 12.99999999999999289, -13.00000000000000000, 5.000000000000000000 ) ) ;
#379 = FACE_OUTER_BOUND ( 'NONE', #1701, .T. ) ;
#380 = CYLINDRICAL_SURFACE ( 'NONE', #2083, 2.999999999999999112 ) ;
#381 = ADVANCED_FACE ( 'NONE', ( #20, #1711, #1020 ), #887, .T. ) ;
#382 = EDGE_CURVE ( 'NONE', #538, #484, #694, .T. ) ;
#383 = DIRECTION ( 'NONE',  ( 9.376883653928686131E-17, 1.000000000000000000, 1.967543734044216262E-16 ) ) ;
#384 = CARTESIAN_POINT ( 'NONE',  ( 32.50000000000004974, 22.50000000000004263, -0.8284438740353214925 ) ) ;
#385 = EDGE_LOOP ( 'NONE', ( #762, #1647, #387, #1124 ) ) ;
#386 = CARTESIAN_POINT ( 'NONE',  ( 35.98528137423860329, 17.50000000000003553, 25.51609221829270879 ) ) ;
#387 = ORIENTED_EDGE ( 'NONE', *, *, #1821, .T. ) ;
#388 = ORIENTED_EDGE ( 'NONE', *, *, #784, .F. ) ;
#389 = EDGE_LOOP ( 'NONE', ( #1246, #451 ) ) ;
#390 = CARTESIAN_POINT ( 'NONE',  ( 0.000000000000000000, 0.000000000000000000, 0.000000000000000000 ) ) ;
#391 = CARTESIAN_POINT ( 'NONE',  ( -19.50000000000000711, 6.000000000000001776, -23.00000000000004619 ) ) ;
#392 = AXIS2_PLACEMENT_3D ( 'NONE', #1688, #1866, #588 ) ;
#393 = AXIS2_PLACEMENT_3D ( 'NONE', #2321, #1056, #599 ) ;
#394 = EDGE_CURVE ( 'NONE', #432, #120, #1729, .T. ) ;
#395 = CARTESIAN_POINT ( 'NONE',  ( -19.50000000000000711, 3.000000000000000888, -19.00000000000004619 ) ) ;
#396 = DIRECTION ( 'NONE',  ( -0.000000000000000000, -0.000000000000000000, -1.000000000000000000 ) ) ;
#397 = ORIENTED_EDGE ( 'NONE', *, *, #2339, .T. ) ;
#398 = CIRCLE ( 'NONE', #1988, 20.99999999999999645 ) ;
#399 = CIRCLE ( 'NONE', #84, 1.600000000000000755 ) ;
#400 = DIRECTION ( 'NONE',  ( 0.000000000000000000, 0.000000000000000000, -1.000000000000000000 ) ) ;
#401 = ORIENTED_EDGE ( 'NONE', *, *, #1019, .F. ) ;
#402 = VECTOR ( 'NONE', #902, 1000.000000000000000 ) ;
#403 = ORIENTED_EDGE ( 'NONE', *, *, #1068, .T. ) ;
#404 = DIRECTION ( 'NONE',  ( 0.000000000000000000, 0.000000000000000000, 1.000000000000000000 ) ) ;
#405 = DIRECTION ( 'NONE',  ( 0.000000000000000000, 1.000000000000000000, 0.000000000000000000 ) ) ;
#406 = FACE_BOUND ( 'NONE', #1025, .T. ) ;
#407 = CARTESIAN_POINT ( 'NONE',  ( 55.98528137423861750, 17.50000000000004619, -26.00000000000003197 ) ) ;
#408 = ORIENTED_EDGE ( 'NONE', *, *, #2425, .T. ) ;
#409 = DIRECTION ( 'NONE',  ( 0.000000000000000000, 0.000000000000000000, 1.000000000000000000 ) ) ;
#410 = ORIENTED_EDGE ( 'NONE', *, *, #2339, .F. ) ;
#411 = DIRECTION ( 'NONE',  ( -0.7071067811865472397, 0.7071067811865479058, 0.000000000000000000 ) ) ;
#412 = EDGE_CURVE ( 'NONE', #2282, #256, #299, .T. ) ;
#413 = EDGE_CURVE ( 'NONE', #2559, #1947, #1958, .T. ) ;
#414 = ORIENTED_EDGE ( 'NONE', *, *, #470, .F. ) ;
#415 = CYLINDRICAL_SURFACE ( 'NONE', #2035, 2.999999999999999112 ) ;
#416 = DIRECTION ( 'NONE',  ( 1.349221823327174429E-16, 1.967543734044215769E-16, -1.000000000000000000 ) ) ;
#417 = DIRECTION ( 'NONE',  ( 0.000000000000000000, 0.000000000000000000, -1.000000000000000000 ) ) ;
#418 = CARTESIAN_POINT ( 'NONE',  ( 27.50000000000000711, -6.742640687119289211, -23.00000000000004263 ) ) ;
#419 = CARTESIAN_POINT ( 'NONE',  ( 37.85530313790588508, 23.50000000000007461, -6.000000000000033751 ) ) ;
#420 = ORIENTED_EDGE ( 'NONE', *, *, #1034, .T. ) ;
#421 = CARTESIAN_POINT ( 'NONE',  ( 12.99999999999999289, 13.00000000000000000, 0.000000000000000000 ) ) ;
#422 = ORIENTED_EDGE ( 'NONE', *, *, #1099, .F. ) ;
#423 = ADVANCED_FACE ( 'NONE', ( #2141 ), #1308, .F. ) ;
#424 = ADVANCED_FACE ( 'NONE', ( #2595 ), #2386, .F. ) ;
#425 = ORIENTED_EDGE ( 'NONE', *, *, #2493, .T. ) ;
#426 = VECTOR ( 'NONE', #1813, 1000.000000000000000 ) ;
#427 = CARTESIAN_POINT ( 'NONE',  ( -10.36649309390810814, -11.54849772967532573, 5.826421535444303856 ) ) ;
#428 = CARTESIAN_POINT ( 'NONE',  ( -14.60000000000000675, 13.00000000000000000, 5.000000000000000000 ) ) ;
#429 = CARTESIAN_POINT ( 'NONE',  ( -35.98528137423858198, 17.49999999999999645, -4.194140974181630455 ) ) ;
#430 = CYLINDRICAL_SURFACE ( 'NONE', #1544, 2.000000000000001776 ) ;
#431 = DIRECTION ( 'NONE',  ( 0.000000000000000000, 0.000000000000000000, 1.000000000000000000 ) ) ;
#432 = VERTEX_POINT ( 'NONE', #1752 ) ;
#433 = VECTOR ( 'NONE', #1089, 1000.000000000000000 ) ;
#434 = LINE ( 'NONE', #1284, #1091 ) ;
#435 = AXIS2_PLACEMENT_3D ( 'NONE', #1316, #2368, #2139 ) ;
#436 = ORIENTED_EDGE ( 'NONE', *, *, #6, .F. ) ;
#437 = AXIS2_PLACEMENT_3D ( 'NONE', #1617, #1210, #1153 ) ;
#438 = VERTEX_POINT ( 'NONE', #488 ) ;
#439 = ORIENTED_EDGE ( 'NONE', *, *, #1712, .F. ) ;
#440 = AXIS2_PLACEMENT_3D ( 'NONE', #1313, #1745, #685 ) ;
#441 = EDGE_CURVE ( 'NONE', #1451, #1978, #871, .T. ) ;
#442 = CARTESIAN_POINT ( 'NONE',  ( -10.00000000000000711, -13.00000000000000000, 5.000000000000000000 ) ) ;
#443 = DIRECTION ( 'NONE',  ( -1.000000000000000000, 1.477285665293037698E-16, -1.349221823327174182E-16 ) ) ;
#444 = VERTEX_POINT ( 'NONE', #240 ) ;
#445 = DIRECTION ( 'NONE',  ( 0.000000000000000000, 0.000000000000000000, 1.000000000000000000 ) ) ;
#446 = EDGE_CURVE ( 'NONE', #1659, #1552, #2604, .T. ) ;
#447 = EDGE_CURVE ( 'NONE', #377, #901, #2336, .T. ) ;
#448 = DIRECTION ( 'NONE',  ( 3.413144305457568632E-32, -1.000000000000000000, -1.967543734044216016E-16 ) ) ;
#449 = DIRECTION ( 'NONE',  ( 0.000000000000000000, 0.000000000000000000, -1.000000000000000000 ) ) ;
#450 = CARTESIAN_POINT ( 'NONE',  ( -13.00000000000000711, 13.00000000000000000, 5.000000000000000000 ) ) ;
#451 = ORIENTED_EDGE ( 'NONE', *, *, #1783, .T. ) ;
#452 = ORIENTED_EDGE ( 'NONE', *, *, #934, .F. ) ;
#453 = ORIENTED_EDGE ( 'NONE', *, *, #2274, .F. ) ;
#454 = CARTESIAN_POINT ( 'NONE',  ( -38.98528137423858908, 22.50000000000006040, -16.00000000000003908 ) ) ;
#455 = DIRECTION ( 'NONE',  ( 0.000000000000000000, 0.000000000000000000, 1.000000000000000000 ) ) ;
#456 = CARTESIAN_POINT ( 'NONE',  ( -15.91775920689707213, -13.69762540848753929, 8.000000000000000000 ) ) ;
#457 = CYLINDRICAL_SURFACE ( 'NONE', #919, 3.000000000000000888 ) ;
#458 = CARTESIAN_POINT ( 'NONE',  ( -55.98528137423858908, 17.50000000000000000, -20.00000000000004974 ) ) ;
#459 = EDGE_CURVE ( 'NONE', #1213, #109, #1257, .T. ) ;
#460 = CARTESIAN_POINT ( 'NONE',  ( 50.49999999999998579, 16.25735931288076586, -23.00000000000003908 ) ) ;
#461 = VERTEX_POINT ( 'NONE', #916 ) ;
#462 = ORIENTED_EDGE ( 'NONE', *, *, #534, .T. ) ;
#463 = ORIENTED_EDGE ( 'NONE', *, *, #2646, .T. ) ;
#464 = CARTESIAN_POINT ( 'NONE',  ( 15.99999999999999289, -13.00000000000000000, 5.000000000000000000 ) ) ;
#465 = CYLINDRICAL_SURFACE ( 'NONE', #1503, 2.999999999999999112 ) ;
#466 = CARTESIAN_POINT ( 'NONE',  ( 9.999999999999992895, 12.99999999998683187, 6.546084143049679227 ) ) ;
#467 = FACE_OUTER_BOUND ( 'NONE', #621, .T. ) ;
#468 = DIRECTION ( 'NONE',  ( 0.000000000000000000, -0.000000000000000000, 1.000000000000000000 ) ) ;
#469 = DIRECTION ( 'NONE',  ( 0.000000000000000000, 0.000000000000000000, 1.000000000000000000 ) ) ;
#470 = EDGE_CURVE ( 'NONE', #288, #74, #1780, .T. ) ;
#471 = CARTESIAN_POINT ( 'NONE',  ( 15.99999999999999289, 12.99999999998332889, 7.990755995505095299 ) ) ;
#472 = ORIENTED_EDGE ( 'NONE', *, *, #2293, .F. ) ;
#473 = DIRECTION ( 'NONE',  ( 1.000000000000000000, -8.786684129385966815E-17, 1.349221823327174182E-16 ) ) ;
#474 = VECTOR ( 'NONE', #2691, 1000.000000000000000 ) ;
#475 = CIRCLE ( 'NONE', #1366, 1.600000000000000755 ) ;
#476 = CARTESIAN_POINT ( 'NONE',  ( 16.00000000000065725, 13.11800591026634422, 7.994336377376470182 ) ) ;
#477 = ORIENTED_EDGE ( 'NONE', *, *, #2685, .F. ) ;
#478 = VECTOR ( 'NONE', #1660, 1000.000000000000000 ) ;
#479 = VECTOR ( 'NONE', #2497, 1000.000000000000000 ) ;
#480 = CARTESIAN_POINT ( 'NONE',  ( -9.999999999998612665, -12.81711335522978601, 6.444246038934736909 ) ) ;
#481 = VECTOR ( 'NONE', #914, 1000.000000000000000 ) ;
#482 = CARTESIAN_POINT ( 'NONE',  ( -27.50000000000000711, 17.50000000000000000, 8.000000000000000000 ) ) ;
#483 = CARTESIAN_POINT ( 'NONE',  ( 10.27773355396948318, 11.72452086699682283, 5.895188486529846728 ) ) ;
#484 = VERTEX_POINT ( 'NONE', #471 ) ;
#485 = CARTESIAN_POINT ( 'NONE',  ( 27.50000000000000711, -6.742640687119289211, -23.00000000000004263 ) ) ;
#486 = CARTESIAN_POINT ( 'NONE',  ( -27.50000000000000711, -19.50000000000000355, -26.00000000000004263 ) ) ;
#487 = CARTESIAN_POINT ( 'NONE',  ( -13.00000000000000711, 13.00000000000000000, 5.000000000000000000 ) ) ;
#488 = CARTESIAN_POINT ( 'NONE',  ( -32.50000000000007105, 22.50000000000004974, -26.00000000000004263 ) ) ;
#489 = ORIENTED_EDGE ( 'NONE', *, *, #1023, .T. ) ;
#490 = CARTESIAN_POINT ( 'NONE',  ( 27.50000000000000000, 9.014718625761414472, -21.75735931288075165 ) ) ;
#491 = ORIENTED_EDGE ( 'NONE', *, *, #105, .F. ) ;
#492 = ADVANCED_FACE ( 'NONE', ( #2399 ), #1320, .F. ) ;
#493 = EDGE_CURVE ( 'NONE', #1455, #2097, #2696, .T. ) ;
#494 = ORIENTED_EDGE ( 'NONE', *, *, #176, .F. ) ;
#495 = DIRECTION ( 'NONE',  ( -0.000000000000000000, -0.000000000000000000, -1.000000000000000000 ) ) ;
#496 = CARTESIAN_POINT ( 'NONE',  ( 13.15710331650715226, 9.998569506255046591, 6.633493106645660831 ) ) ;
#497 = ORIENTED_EDGE ( 'NONE', *, *, #2293, .T. ) ;
#498 = CARTESIAN_POINT ( 'NONE',  ( 14.59999999999999254, -13.00000000000000000, 5.000000000000000000 ) ) ;
#499 = CYLINDRICAL_SURFACE ( 'NONE', #2120, 1.600000000000000755 ) ;
#500 = CARTESIAN_POINT ( 'NONE',  ( -50.98528137423859619, 22.50000000000006040, -14.00000000000003730 ) ) ;
#501 = DIRECTION ( 'NONE',  ( 1.000000000000000000, 0.000000000000000000, 0.000000000000000000 ) ) ;
#502 = ORIENTED_EDGE ( 'NONE', *, *, #2706, .F. ) ;
#503 = CARTESIAN_POINT ( 'NONE',  ( -11.22593525065648734, -15.42996805158401230, 7.769955018145553893 ) ) ;
#504 = DIRECTION ( 'NONE',  ( 0.000000000000000000, -1.000000000000000000, -1.003808469612657108E-16 ) ) ;
#505 = ORIENTED_EDGE ( 'NONE', *, *, #394, .F. ) ;
#506 = EDGE_CURVE ( 'NONE', #841, #2294, #1931, .T. ) ;
#507 = CARTESIAN_POINT ( 'NONE',  ( -12.05883388618701346, -10.14488475704456683, 6.044201063125137274 ) ) ;
#508 = PLANE ( 'NONE',  #2346 ) ;
#509 = ORIENTED_EDGE ( 'NONE', *, *, #1970, .F. ) ;
#510 = CARTESIAN_POINT ( 'NONE',  ( 15.55483125857391968, 11.41433110559700381, 7.818391610895062627 ) ) ;
#511 = DIRECTION ( 'NONE',  ( 0.7071067811865464625, 0.7071067811865486830, 0.000000000000000000 ) ) ;
#512 = CARTESIAN_POINT ( 'NONE',  ( -27.50000000000000711, -14.49999999999999822, 8.000000000000000000 ) ) ;
#513 = CARTESIAN_POINT ( 'NONE',  ( 9.999999999999992895, -13.00000000000000000, 5.000000000000000000 ) ) ;
#514 = AXIS2_PLACEMENT_3D ( 'NONE', #450, #653, #1045 ) ;
#515 = CARTESIAN_POINT ( 'NONE',  ( -17.49999999999999645, -2.999999999999998224, -23.00000000000004974 ) ) ;
#516 = ORIENTED_EDGE ( 'NONE', *, *, #470, .T. ) ;
#517 = CARTESIAN_POINT ( 'NONE',  ( -13.46776563885098277, -15.97271782558928521, 8.000000000000000000 ) ) ;
#518 = DIRECTION ( 'NONE',  ( -1.000000000000000000, 9.189829725788341711E-33, -2.201794655477298988E-16 ) ) ;
#519 = ORIENTED_EDGE ( 'NONE', *, *, #2369, .F. ) ;
#520 = CIRCLE ( 'NONE', #182, 3.000000000000000888 ) ;
#521 = VECTOR ( 'NONE', #1297, 1000.000000000000000 ) ;
#522 = CARTESIAN_POINT ( 'NONE',  ( -16.00000000000000711, -12.99999999997970157, 7.990755995504986053 ) ) ;
#523 = LINE ( 'NONE', #111, #1238 ) ;
#524 = ORIENTED_EDGE ( 'NONE', *, *, #271, .F. ) ;
#525 = AXIS2_PLACEMENT_3D ( 'NONE', #1055, #1252, #2331 ) ;
#526 = CARTESIAN_POINT ( 'NONE',  ( 15.99999999999999289, 12.99999999998332889, 7.990755995505095299 ) ) ;
#527 = AXIS2_PLACEMENT_3D ( 'NONE', #2670, #2654, #101 ) ;
#528 = EDGE_CURVE ( 'NONE', #1863, #817, #724, .T. ) ;
#529 = VECTOR ( 'NONE', #2364, 1000.000000000000000 ) ;
#530 = AXIS2_PLACEMENT_3D ( 'NONE', #487, #469, #1317 ) ;
#531 = CARTESIAN_POINT ( 'NONE',  ( -14.60000000000000675, 13.00000000000000000, 10.10628645568517214 ) ) ;
#532 = CYLINDRICAL_SURFACE ( 'NONE', #2522, 3.000000000000000888 ) ;
#533 = DIRECTION ( 'NONE',  ( -0.000000000000000000, -0.000000000000000000, -1.000000000000000000 ) ) ;
#534 = EDGE_CURVE ( 'NONE', #1413, #2081, #1054, .T. ) ;
#535 = EDGE_CURVE ( 'NONE', #1552, #903, #1037, .T. ) ;
#536 = AXIS2_PLACEMENT_3D ( 'NONE', #2329, #2735, #210 ) ;
#537 = CARTESIAN_POINT ( 'NONE',  ( -10.00000000000000711, 13.00000000000000000, 5.000000000000000000 ) ) ;
#538 = VERTEX_POINT ( 'NONE', #2698 ) ;
#539 = DIRECTION ( 'NONE',  ( -9.376883653928686131E-17, -1.000000000000000000, -1.967543734044216262E-16 ) ) ;
#540 = DIRECTION ( 'NONE',  ( 1.349221823327174429E-16, 1.967543734044216016E-16, -1.000000000000000000 ) ) ;
#541 = ORIENTED_EDGE ( 'NONE', *, *, #1341, .T. ) ;
#542 = CARTESIAN_POINT ( 'NONE',  ( -14.88785344437116542, -10.66005672115472080, 7.537304800505048696 ) ) ;
#543 = LINE ( 'NONE', #1600, #2213 ) ;
#544 = ORIENTED_EDGE ( 'NONE', *, *, #1079, .T. ) ;
#545 = CARTESIAN_POINT ( 'NONE',  ( 30.50000000000000355, 1.085430201292421520E-14, -23.00000000000004263 ) ) ;
#546 = DIRECTION ( 'NONE',  ( -0.000000000000000000, -0.000000000000000000, -1.000000000000000000 ) ) ;
#547 = LINE ( 'NONE', #756, #1369 ) ;
#548 = DIRECTION ( 'NONE',  ( 0.000000000000000000, -1.000000000000000000, -1.156482317317871331E-15 ) ) ;
#549 = EDGE_CURVE ( 'NONE', #2254, #2690, #2034, .T. ) ;
#550 = EDGE_CURVE ( 'NONE', #2631, #2294, #1722, .T. ) ;
#551 = CARTESIAN_POINT ( 'NONE',  ( -14.23010872415957806, 10.25732574122710794, 7.216696590783978849 ) ) ;
#552 = ORIENTED_EDGE ( 'NONE', *, *, #2107, .T. ) ;
#553 = DIRECTION ( 'NONE',  ( 1.000000000000000000, 0.000000000000000000, -2.201794655477302193E-16 ) ) ;
#554 = EDGE_LOOP ( 'NONE', ( #2415, #2589, #125, #1286 ) ) ;
#555 = DIRECTION ( 'NONE',  ( 0.000000000000000000, 0.000000000000000000, 1.000000000000000000 ) ) ;
#556 = ORIENTED_EDGE ( 'NONE', *, *, #2701, .T. ) ;
#557 = CARTESIAN_POINT ( 'NONE',  ( 15.99999999999999289, -13.00000000000336975, 7.990755995505702813 ) ) ;
#558 = CARTESIAN_POINT ( 'NONE',  ( 27.50000000000000711, 17.49999999999999645, 4.000000000000038192 ) ) ;
#559 = LINE ( 'NONE', #325, #1593 ) ;
#560 = DIRECTION ( 'NONE',  ( -0.000000000000000000, -0.000000000000000000, 1.000000000000000000 ) ) ;
#561 = CARTESIAN_POINT ( 'NONE',  ( -11.51606607736187371, 10.38472705719285472, 5.815141963602873609 ) ) ;
#562 = ORIENTED_EDGE ( 'NONE', *, *, #158, .F. ) ;
#563 = EDGE_CURVE ( 'NONE', #1992, #2474, #2031, .T. ) ;
#564 = LINE ( 'NONE', #2438, #426 ) ;
#565 = ORIENTED_EDGE ( 'NONE', *, *, #2288, .T. ) ;
#566 = ORIENTED_EDGE ( 'NONE', *, *, #2403, .F. ) ;
#567 = VERTEX_POINT ( 'NONE', #958 ) ;
#568 = CARTESIAN_POINT ( 'NONE',  ( 15.89133721923332132, -12.17339513858826017, 7.941065629254149272 ) ) ;
#569 = VECTOR ( 'NONE', #2086, 1000.000000000000000 ) ;
#570 = VECTOR ( 'NONE', #2625, 1000.000000000000000 ) ;
#571 = DIRECTION ( 'NONE',  ( -1.000000000000000000, -0.000000000000000000, -0.000000000000000000 ) ) ;
#572 = DIRECTION ( 'NONE',  ( 1.000000000000000000, 0.000000000000000000, 0.000000000000000000 ) ) ;
#573 = VECTOR ( 'NONE', #2001, 1000.000000000000000 ) ;
#574 = B_SPLINE_CURVE_WITH_KNOTS ( 'NONE', 3,
 ( #466, #2158, #2635, #1332, #287, #483, #2187, #720, #893, #263, #307, #926, #1166, #1526, #53, #2222, #1746, #496, #2378, #1953, #1569, #2588, #1344, #1539, #1131, #2410, #1776, #510, #1106, #1379, #907, #2014, #884, #526 ),
 .UNSPECIFIED., .F., .F.,
 ( 4, 2, 2, 2, 2, 2, 2, 2, 2, 2, 2, 2, 2, 2, 2, 2, 4 ),
 ( 0.01711037300822461360, 0.01773453172427632424, 0.01835869044032803488, 0.01898284915637974551, 0.01960700787243145615, 0.02023116658848316332, 0.02085532530453487396, 0.02147948402058658460, 0.02210364273663829524, 0.02272780145269000587, 0.02335196016874171651, 0.02397611888479342368, 0.02460027760084513432, 0.02522443631689684496, 0.02584859503294855559, 0.02647275374900026623, 0.02709691246505197687 ),
 .UNSPECIFIED. ) ;
#575 = CARTESIAN_POINT ( 'NONE',  ( -10.00000000000001066, 12.81645298341740080, 6.443878319282710265 ) ) ;
#576 = VECTOR ( 'NONE', #820, 1000.000000000000000 ) ;
#577 = ORIENTED_EDGE ( 'NONE', *, *, #2007, .F. ) ;
#578 = CARTESIAN_POINT ( 'NONE',  ( -55.98528137423858908, 17.50000000000000000, -26.00000000000004619 ) ) ;
#579 = ORIENTED_EDGE ( 'NONE', *, *, #815, .T. ) ;
#580 = EDGE_CURVE ( 'NONE', #1872, #288, #879, .T. ) ;
#581 = EDGE_CURVE ( 'NONE', #2081, #2254, #780, .T. ) ;
#582 = ORIENTED_EDGE ( 'NONE', *, *, #412, .F. ) ;
#583 = ORIENTED_EDGE ( 'NONE', *, *, #1716, .F. ) ;
#584 = CARTESIAN_POINT ( 'NONE',  ( 9.999999999999994671, -12.81685838679653422, 6.444104063002726868 ) ) ;
#585 = DIRECTION ( 'NONE',  ( 1.000000000000000000, 0.000000000000000000, 0.000000000000000000 ) ) ;
#586 =( BOUNDED_CURVE ( )  B_SPLINE_CURVE ( 3, ( #1973, #116, #1808, #757 ),
 .UNSPECIFIED., .F., .T. ) 
 B_SPLINE_CURVE_WITH_KNOTS ( ( 4, 4 ),
 ( 4.712388980384689674, 6.283185307179584456 ),
 .UNSPECIFIED. ) 
 CURVE ( )  GEOMETRIC_REPRESENTATION_ITEM ( )  RATIONAL_B_SPLINE_CURVE ( ( 1.000000000000000000, 0.8047378541243649375, 0.8047378541243649375, 1.000000000000000000 ) ) 
 REPRESENTATION_ITEM ( '' )  );
#587 = FACE_BOUND ( 'NONE', #2103, .T. ) ;
#588 = DIRECTION ( 'NONE',  ( 0.000000000000000000, 0.000000000000000000, -1.000000000000000000 ) ) ;
#589 = CARTESIAN_POINT ( 'NONE',  ( 9.999999999999992895, -13.00000000000000000, 6.546084143057011140 ) ) ;
#590 = ORIENTED_EDGE ( 'NONE', *, *, #2510, .T. ) ;
#591 = VERTEX_POINT ( 'NONE', #1364 ) ;
#592 = EDGE_LOOP ( 'NONE', ( #2717, #1913, #1018, #519, #361, #2664, #1874, #744, #1140, #1165, #230, #1481 ) ) ;
#593 = EDGE_CURVE ( 'NONE', #903, #2474, #2624, .T. ) ;
#594 = ORIENTED_EDGE ( 'NONE', *, *, #1223, .T. ) ;
#595 = DIRECTION ( 'NONE',  ( -0.000000000000000000, -0.000000000000000000, 1.000000000000000000 ) ) ;
#596 = CARTESIAN_POINT ( 'NONE',  ( 51.74264068711926967, 17.50000000000004619, -23.00000000000003553 ) ) ;
#597 = CARTESIAN_POINT ( 'NONE',  ( -11.41424935028590326, 15.55745861196658275, 7.819216550318227377 ) ) ;
#598 = DIRECTION ( 'NONE',  ( 0.000000000000000000, 0.000000000000000000, -1.000000000000000000 ) ) ;
#599 = DIRECTION ( 'NONE',  ( -1.000000000000000000, 0.000000000000000000, 0.000000000000000000 ) ) ;
#600 = EDGE_LOOP ( 'NONE', ( #138, #1043, #1760, #976, #2183, #462, #1260, #565, #925, #316, #1753 ) ) ;
#601 = CYLINDRICAL_SURFACE ( 'NONE', #247, 2.999999999999999112 ) ;
#602 = ORIENTED_EDGE ( 'NONE', *, *, #2058, .T. ) ;
#603 = CIRCLE ( 'NONE', #1632, 1.600000000000000755 ) ;
#604 = ORIENTED_EDGE ( 'NONE', *, *, #8, .F. ) ;
#605 = EDGE_LOOP ( 'NONE', ( #2720, #213 ) ) ;
#606 = CARTESIAN_POINT ( 'NONE',  ( 19.50000000000000711, -22.50000000000000355, 8.000000000000000000 ) ) ;
#607 = CARTESIAN_POINT ( 'NONE',  ( 11.39999999999999147, 13.00000000000000000, 0.000000000000000000 ) ) ;
#608 = CARTESIAN_POINT ( 'NONE',  ( -19.50000000000001066, -19.50000000000000355, -63.85498646149545721 ) ) ;
#609 = CIRCLE ( 'NONE', #1599, 2.000000000000001776 ) ;
#610 = CARTESIAN_POINT ( 'NONE',  ( -11.40000000000000568, 13.00000000000000000, 0.000000000000000000 ) ) ;
#611 = EDGE_CURVE ( 'NONE', #2350, #1566, #159, .T. ) ;
#612 = DIRECTION ( 'NONE',  ( 1.000000000000000000, -8.786684129385964350E-17, 0.000000000000000000 ) ) ;
#613 = ADVANCED_FACE ( 'NONE', ( #1664 ), #2530, .T. ) ;
#614 = VERTEX_POINT ( 'NONE', #822 ) ;
#615 = AXIS2_PLACEMENT_3D ( 'NONE', #2496, #1474, #2722 ) ;
#616 = AXIS2_PLACEMENT_3D ( 'NONE', #303, #1817, #2665 ) ;
#617 = AXIS2_PLACEMENT_3D ( 'NONE', #391, #2447, #548 ) ;
#618 = CARTESIAN_POINT ( 'NONE',  ( -13.00000000000000711, 13.00000000000000000, 5.000000000000000000 ) ) ;
#619 = ORIENTED_EDGE ( 'NONE', *, *, #629, .F. ) ;
#620 = LINE ( 'NONE', #953, #2296 ) ;
#621 = EDGE_LOOP ( 'NONE', ( #329, #2417, #583, #477, #1110, #2301, #2091, #12, #2613, #1119, #1868, #1532 ) ) ;
#622 = CARTESIAN_POINT ( 'NONE',  ( 50.98528137423861750, 22.50000000000006040, -14.00000000000003730 ) ) ;
#623 = CARTESIAN_POINT ( 'NONE',  ( -27.50000000000000711, -6.742640687119279441, -23.00000000000004974 ) ) ;
#624 = FACE_OUTER_BOUND ( 'NONE', #631, .T. ) ;
#625 = FACE_OUTER_BOUND ( 'NONE', #2704, .T. ) ;
#626 = CARTESIAN_POINT ( 'NONE',  ( 13.69762540848755350, -15.91775920689705792, 8.000000000000000000 ) ) ;
#627 = ORIENTED_EDGE ( 'NONE', *, *, #66, .T. ) ;
#628 = PRODUCT_DEFINITION ( 'æœ', '', #700, #1264 ) ;
#629 = EDGE_CURVE ( 'NONE', #2221, #2545, #1016, .T. ) ;
#630 = DIRECTION ( 'NONE',  ( 1.875376730785737226E-16, 1.000000000000000000, 1.967543734044216262E-16 ) ) ;
#631 = EDGE_LOOP ( 'NONE', ( #656, #2689, #716, #2188 ) ) ;
#632 = ORIENTED_EDGE ( 'NONE', *, *, #2719, .T. ) ;
#633 =( NAMED_UNIT ( * ) PLANE_ANGLE_UNIT ( ) SI_UNIT ( $, .RADIAN. ) );
#634 = DIRECTION ( 'NONE',  ( 0.000000000000000000, 0.000000000000000000, -1.000000000000000000 ) ) ;
#635 = CARTESIAN_POINT ( 'NONE',  ( -37.24264068711929099, 3.000000000000003553, -23.00000000000004974 ) ) ;
#636 = CYLINDRICAL_SURFACE ( 'NONE', #306, 3.000000000000000000 ) ;
#637 = CARTESIAN_POINT ( 'NONE',  ( -19.50000000000000711, 1.199677671795186334E-15, -16.00000000000004974 ) ) ;
#638 = VERTEX_POINT ( 'NONE', #626 ) ;
#639 = CARTESIAN_POINT ( 'NONE',  ( -37.85530313790587797, 17.49999999999999645, -6.000000000000044409 ) ) ;
#640 = ADVANCED_FACE ( 'NONE', ( #835 ), #2102, .T. ) ;
#641 = VERTEX_POINT ( 'NONE', #2308 ) ;
#642 = EDGE_CURVE ( 'NONE', #190, #1484, #1489, .T. ) ;
#643 = EDGE_LOOP ( 'NONE', ( #75, #2276, #2387, #1577 ) ) ;
#644 = VECTOR ( 'NONE', #1032, 1000.000000000000000 ) ;
#645 = CARTESIAN_POINT ( 'NONE',  ( 5.319899557242834507E-15, 5.134402984027717322E-15, -23.00000000000004263 ) ) ;
#646 = CYLINDRICAL_SURFACE ( 'NONE', #2300, 1.600000000000000755 ) ;
#647 = ORIENTED_EDGE ( 'NONE', *, *, #89, .T. ) ;
#648 = DIRECTION ( 'NONE',  ( 1.000000000000000000, 0.000000000000000000, -0.000000000000000000 ) ) ;
#649 = DIRECTION ( 'NONE',  ( 1.349221823327174429E-16, 1.967543734044216016E-16, -1.000000000000000000 ) ) ;
#650 = LINE ( 'NONE', #1558, #1458 ) ;
#651 = AXIS2_PLACEMENT_3D ( 'NONE', #1314, #1999, #1118 ) ;
#652 = CIRCLE ( 'NONE', #1319, 8.000000000000000000 ) ;
#653 = DIRECTION ( 'NONE',  ( -0.000000000000000000, -0.000000000000000000, 1.000000000000000000 ) ) ;
#654 = AXIS2_PLACEMENT_3D ( 'NONE', #1065, #1918, #16 ) ;
#655 = CIRCLE ( 'NONE', #2257, 20.99999999999999645 ) ;
#656 = ORIENTED_EDGE ( 'NONE', *, *, #2462, .F. ) ;
#657 = AXIS2_PLACEMENT_3D ( 'NONE', #645, #1104, #1706 ) ;
#658 = AXIS2_PLACEMENT_3D ( 'NONE', #262, #1952, #1707 ) ;
#659 = ORIENTED_EDGE ( 'NONE', *, *, #1565, .F. ) ;
#660 = ORIENTED_EDGE ( 'NONE', *, *, #2369, .T. ) ;
#661 = AXIS2_PLACEMENT_3D ( 'NONE', #197, #829, #41 ) ;
#662 = EDGE_CURVE ( 'NONE', #1001, #2094, #652, .T. ) ;
#663 = APPLICATION_CONTEXT ( 'automotive_design' ) ;
#664 = LINE ( 'NONE', #63, #1815 ) ;
#665 = CARTESIAN_POINT ( 'NONE',  ( -37.24264068711929099, 6.000000000000003553, -23.00000000000004974 ) ) ;
#666 = CARTESIAN_POINT ( 'NONE',  ( -1.349221823327174231E-15, -5.137257334350773063E-16, -19.00000000000004974 ) ) ;
#667 = CARTESIAN_POINT ( 'NONE',  ( -19.50000000000000711, 9.372078154086257059E-16, -19.00000000000004974 ) ) ;
#668 = DIRECTION ( 'NONE',  ( 0.000000000000000000, 0.000000000000000000, -1.000000000000000000 ) ) ;
#669 = CARTESIAN_POINT ( 'NONE',  ( -30.50000000000000711, 3.000000000000002665, -20.00000000000004974 ) ) ;
#670 = ORIENTED_EDGE ( 'NONE', *, *, #2107, .F. ) ;
#671 = FACE_OUTER_BOUND ( 'NONE', #350, .T. ) ;
#672 = ORIENTED_EDGE ( 'NONE', *, *, #1934, .T. ) ;
#673 = CARTESIAN_POINT ( 'NONE',  ( -55.98528137423858908, 22.50000000000004619, -6.000000000000043521 ) ) ;
#674 = DIRECTION ( 'NONE',  ( 1.000000000000000000, -8.786684129385966815E-17, 1.349221823327174182E-16 ) ) ;
#675 = CARTESIAN_POINT ( 'NONE',  ( 50.98528137423861750, 22.50000000000006040, -16.00000000000003908 ) ) ;
#676 = EDGE_CURVE ( 'NONE', #1521, #1426, #856, .T. ) ;
#677 = DIRECTION ( 'NONE',  ( -1.000000000000000000, 1.875376730785737226E-16, 0.000000000000000000 ) ) ;
#678 = PLANE ( 'NONE',  #1454 ) ;
#679 = CARTESIAN_POINT ( 'NONE',  ( 48.74264068711928388, 14.50000000000004796, -23.00000000000003553 ) ) ;
#680 = VERTEX_POINT ( 'NONE', #1675 ) ;
#681 = DIRECTION ( 'NONE',  ( -0.000000000000000000, -0.000000000000000000, -1.000000000000000000 ) ) ;
#682 = ORIENTED_EDGE ( 'NONE', *, *, #611, .T. ) ;
#683 = ORIENTED_EDGE ( 'NONE', *, *, #1115, .F. ) ;
#684 = CARTESIAN_POINT ( 'NONE',  ( -39.26362404039936393, 20.77834266616076420, -7.359999686864155066 ) ) ;
#685 = DIRECTION ( 'NONE',  ( 1.000000000000000000, 0.000000000000000000, 0.000000000000000000 ) ) ;
#686 = CARTESIAN_POINT ( 'NONE',  ( -17.49999999999999645, -2.999999999999999556, -16.00000000000004974 ) ) ;
#687 = CIRCLE ( 'NONE', #1084, 2.999999999999999112 ) ;
#688 = VERTEX_POINT ( 'NONE', #407 ) ;
#689 = CARTESIAN_POINT ( 'NONE',  ( 10.34733989960978029, 14.41750890138697727, 7.312141904308518292 ) ) ;
#690 = DIRECTION ( 'NONE',  ( -0.000000000000000000, 1.000000000000000000, -0.000000000000000000 ) ) ;
#691 = PLANE ( 'NONE',  #530 ) ;
#692 = ADVANCED_FACE ( 'NONE', ( #226 ), #1253, .F. ) ;
#693 = EDGE_CURVE ( 'NONE', #1614, #638, #1371, .T. ) ;
#694 = LINE ( 'NONE', #872, #171 ) ;
#695 = ORIENTED_EDGE ( 'NONE', *, *, #2461, .T. ) ;
#696 = VECTOR ( 'NONE', #2028, 1000.000000000000000 ) ;
#697 = VECTOR ( 'NONE', #396, 1000.000000000000000 ) ;
#698 = ORIENTED_EDGE ( 'NONE', *, *, #446, .F. ) ;
#699 = VERTEX_POINT ( 'NONE', #1465 ) ;
#700 = PRODUCT_DEFINITION_FORMATION_WITH_SPECIFIED_SOURCE ( 'ä»', '', #915, .NOT_KNOWN. ) ;
#701 = AXIS2_PLACEMENT_3D ( 'NONE', #390, #1649, #585 ) ;
#702 = VECTOR ( 'NONE', #1524, 1000.000000000000000 ) ;
#703 = VECTOR ( 'NONE', #2100, 1000.000000000000000 ) ;
#704 = CARTESIAN_POINT ( 'NONE',  ( -27.50000000000000711, 9.014718625761446447, -20.00000000000004974 ) ) ;
#705 = CARTESIAN_POINT ( 'NONE',  ( 35.98528137423860329, 17.50000000000003553, 25.51609221829270879 ) ) ;
#706 = ORIENTED_EDGE ( 'NONE', *, *, #1430, .F. ) ;
#707 = DIRECTION ( 'NONE',  ( 1.000000000000000000, 0.000000000000000000, 0.000000000000000000 ) ) ;
#708 = DIRECTION ( 'NONE',  ( 1.000000000000000000, 0.000000000000000000, 0.000000000000000000 ) ) ;
#709 = LINE ( 'NONE', #1543, #1197 ) ;
#710 = DIRECTION ( 'NONE',  ( 0.000000000000000000, 1.967543734044216016E-16, -1.000000000000000000 ) ) ;
#711 = VERTEX_POINT ( 'NONE', #384 ) ;
#712 = ADVANCED_FACE ( 'NONE', ( #1690 ), #1909, .T. ) ;
#713 = EDGE_CURVE ( 'NONE', #909, #538, #32, .T. ) ;
#714 = CARTESIAN_POINT ( 'NONE',  ( -50.98528137423859619, 22.50000000000006040, -14.00000000000003730 ) ) ;
#715 = DIRECTION ( 'NONE',  ( 1.000000000000000000, 0.000000000000000000, -0.000000000000000000 ) ) ;
#716 = ORIENTED_EDGE ( 'NONE', *, *, #2041, .F. ) ;
#717 = APPLICATION_PROTOCOL_DEFINITION ( 'draft international standard', 'automotive_design', 1998, #663 ) ;
#718 = CYLINDRICAL_SURFACE ( 'NONE', #2480, 1.600000000000000755 ) ;
#719 = ORIENTED_EDGE ( 'NONE', *, *, #2184, .T. ) ;
#720 = CARTESIAN_POINT ( 'NONE',  ( 10.58955301181484288, 11.20242545288842351, 5.727352854182435671 ) ) ;
#721 = LINE ( 'NONE', #2621, #2602 ) ;
#722 = DIRECTION ( 'NONE',  ( -0.7071067811865465735, -0.7071067811865484609, -0.000000000000000000 ) ) ;
#723 = DIRECTION ( 'NONE',  ( 1.349221823327174429E-16, 1.967543734044216262E-16, -1.000000000000000000 ) ) ;
#724 = LINE ( 'NONE', #1573, #521 ) ;
#725 = EDGE_LOOP ( 'NONE', ( #21, #1479, #993, #472, #2273, #2504 ) ) ;
#726 = LINE ( 'NONE', #1575, #2740 ) ;
#727 = EDGE_LOOP ( 'NONE', ( #1678, #1202, #836, #734 ) ) ;
#728 = ADVANCED_FACE ( 'NONE', ( #2487, #2281, #1944, #1529, #28, #1750 ), #44, .F. ) ;
#729 = EDGE_LOOP ( 'NONE', ( #2105, #92, #660, #1655 ) ) ;
#730 = EDGE_CURVE ( 'NONE', #1426, #2200, #1941, .T. ) ;
#731 = ADVANCED_FACE ( 'NONE', ( #2568 ), #499, .F. ) ;
#732 = CARTESIAN_POINT ( 'NONE',  ( -15.99999999999860556, -12.78998860525073411, 7.984384102871716848 ) ) ;
#733 = CARTESIAN_POINT ( 'NONE',  ( 11.39999999999999147, -13.00000000000000000, 5.000000000000000000 ) ) ;
#734 = ORIENTED_EDGE ( 'NONE', *, *, #1917, .T. ) ;
#735 = PLANE ( 'NONE',  #1939 ) ;
#736 = CARTESIAN_POINT ( 'NONE',  ( 15.65801706788063541, -11.59345279473165746, 7.856936942452902528 ) ) ;
#737 = FACE_OUTER_BOUND ( 'NONE', #2679, .T. ) ;
#738 = LINE ( 'NONE', #1586, #1374 ) ;
#739 = CIRCLE ( 'NONE', #1846, 1.600000000000000755 ) ;
#740 = DIRECTION ( 'NONE',  ( -1.000000000000000000, -0.000000000000000000, 0.000000000000000000 ) ) ;
#741 = ORIENTED_EDGE ( 'NONE', *, *, #1949, .T. ) ;
#742 = DIRECTION ( 'NONE',  ( 3.413144305457568632E-32, -1.000000000000000000, -1.967543734044216016E-16 ) ) ;
#743 = CARTESIAN_POINT ( 'NONE',  ( 50.98528137423861750, 22.50000000000006040, -16.00000000000003908 ) ) ;
#744 = ORIENTED_EDGE ( 'NONE', *, *, #1427, .F. ) ;
#745 = AXIS2_PLACEMENT_3D ( 'NONE', #2397, #869, #1121 ) ;
#746 = CARTESIAN_POINT ( 'NONE',  ( -11.17829041465477502, -10.60755887848059942, 5.722273255724231511 ) ) ;
#747 = DIRECTION ( 'NONE',  ( -0.000000000000000000, -0.000000000000000000, -1.000000000000000000 ) ) ;
#748 = EDGE_LOOP ( 'NONE', ( #1977, #1829 ) ) ;
#749 = STYLED_ITEM ( 'NONE', ( #2067 ), #2515 ) ;
#750 = LINE ( 'NONE', #1195, #2084 ) ;
#751 = VECTOR ( 'NONE', #2694, 1000.000000000000000 ) ;
#752 = EDGE_CURVE ( 'NONE', #165, #880, #2297, .T. ) ;
#753 = ADVANCED_FACE ( 'NONE', ( #2383 ), #678, .T. ) ;
#754 = AXIS2_PLACEMENT_3D ( 'NONE', #2289, #560, #769 ) ;
#755 = CARTESIAN_POINT ( 'NONE',  ( 12.23966590301303370, -10.09201277492463866, 6.134787942751353640 ) ) ;
#756 = CARTESIAN_POINT ( 'NONE',  ( -55.98528137423858908, 17.49999999999999645, -6.000000000000043521 ) ) ;
#757 = CARTESIAN_POINT ( 'NONE',  ( -27.50000000000000711, 9.014718625761446447, -20.00000000000004974 ) ) ;
#758 = CIRCLE ( 'NONE', #1854, 1.600000000000000755 ) ;
#759 = CARTESIAN_POINT ( 'NONE',  ( -11.17758342053746290, 10.61469972750897028, 5.727114148388334769 ) ) ;
#760 = EDGE_LOOP ( 'NONE', ( #1345, #202, #1071, #1568 ) ) ;
#761 = CARTESIAN_POINT ( 'NONE',  ( 50.98528137423861750, 17.49999999999999645, -18.00000000000003908 ) ) ;
#762 = ORIENTED_EDGE ( 'NONE', *, *, #713, .F. ) ;
#763 = DIRECTION ( 'NONE',  ( -1.000000000000000000, -0.000000000000000000, -0.000000000000000000 ) ) ;
#764 = ORIENTED_EDGE ( 'NONE', *, *, #1190, .T. ) ;
#765 = PLANE ( 'NONE',  #832 ) ;
#766 = CARTESIAN_POINT ( 'NONE',  ( 36.37014653542106402, 26.37014653542106757, -4.565800940149840947 ) ) ;
#767 = DIRECTION ( 'NONE',  ( 1.349221823327174429E-16, 1.967543734044216016E-16, -1.000000000000000000 ) ) ;
#768 = ADVANCED_FACE ( 'NONE', ( #249 ), #1305, .F. ) ;
#769 = DIRECTION ( 'NONE',  ( 1.000000000000000000, 0.000000000000000000, 0.000000000000000000 ) ) ;
#770 = CARTESIAN_POINT ( 'NONE',  ( -15.82626924853199668, 11.97288259304797720, 7.918248935844308889 ) ) ;
#771 = ORIENTED_EDGE ( 'NONE', *, *, #1578, .T. ) ;
#772 = CARTESIAN_POINT ( 'NONE',  ( 22.50000000000001066, 17.50000000000000000, 0.000000000000000000 ) ) ;
#773 = ORIENTED_EDGE ( 'NONE', *, *, #1921, .T. ) ;
#774 = DIRECTION ( 'NONE',  ( -1.000000000000000000, 1.875376730785737226E-16, 0.000000000000000000 ) ) ;
#775 = ORIENTED_EDGE ( 'NONE', *, *, #2511, .T. ) ;
#776 = DIRECTION ( 'NONE',  ( 1.875376730785737226E-16, -1.000000000000000000, -2.201794655477296769E-16 ) ) ;
#777 = LINE ( 'NONE', #127, #696 ) ;
#778 = CARTESIAN_POINT ( 'NONE',  ( -27.50000000000001421, 9.014718625761437565, 25.51609221829269813 ) ) ;
#779 = CARTESIAN_POINT ( 'NONE',  ( -13.00000000000000711, 13.00000000000000000, 5.000000000000000000 ) ) ;
#780 = LINE ( 'NONE', #515, #2159 ) ;
#781 = ORIENTED_EDGE ( 'NONE', *, *, #1398, .F. ) ;
#782 = AXIS2_PLACEMENT_3D ( 'NONE', #373, #2688, #785 ) ;
#783 = EDGE_CURVE ( 'NONE', #2467, #109, #1108, .T. ) ;
#784 = EDGE_CURVE ( 'NONE', #888, #1521, #255, .T. ) ;
#785 = DIRECTION ( 'NONE',  ( 1.000000000000000000, -5.329070518200752183E-15, 0.000000000000000000 ) ) ;
#786 = ORIENTED_EDGE ( 'NONE', *, *, #1273, .T. ) ;
#787 = ORIENTED_EDGE ( 'NONE', *, *, #831, .T. ) ;
#788 = VECTOR ( 'NONE', #2580, 1000.000000000000000 ) ;
#789 = EDGE_LOOP ( 'NONE', ( #1622, #2259, #659, #2322, #2505 ) ) ;
#790 = AXIS2_PLACEMENT_3D ( 'NONE', #1929, #1334, #43 ) ;
#791 = AXIS2_PLACEMENT_3D ( 'NONE', #1443, #2068, #404 ) ;
#792 = LINE ( 'NONE', #596, #922 ) ;
#793 = CARTESIAN_POINT ( 'NONE',  ( 9.999999999999992895, -13.00000000000000000, 6.546084143057011140 ) ) ;
#794 = VECTOR ( 'NONE', #1052, 1000.000000000000000 ) ;
#795 = CARTESIAN_POINT ( 'NONE',  ( -13.00000000000000711, 13.00000000000000000, 10.10628645568517214 ) ) ;
#796 = DIRECTION ( 'NONE',  ( 3.413144305457568632E-32, -1.000000000000000000, -1.967543734044216016E-16 ) ) ;
#797 = AXIS2_PLACEMENT_3D ( 'NONE', #482, #2124, #853 ) ;
#798 = ORIENTED_EDGE ( 'NONE', *, *, #1783, .F. ) ;
#799 = CARTESIAN_POINT ( 'NONE',  ( 15.91775920689705082, -13.69762540848756238, 8.000000000000000000 ) ) ;
#800 = EDGE_CURVE ( 'NONE', #256, #374, #2149, .T. ) ;
#801 = ORIENTED_EDGE ( 'NONE', *, *, #1256, .T. ) ;
#802 = ORIENTED_EDGE ( 'NONE', *, *, #1034, .F. ) ;
#803 = ORIENTED_EDGE ( 'NONE', *, *, #312, .T. ) ;
#804 = LINE ( 'NONE', #622, #2381 ) ;
#805 = FACE_OUTER_BOUND ( 'NONE', #1049, .T. ) ;
#806 = CARTESIAN_POINT ( 'NONE',  ( -10.87552039355750466, 15.13048799309920867, 7.645444009757650150 ) ) ;
#807 = APPLICATION_CONTEXT ( 'automotive_design' ) ;
#808 = LINE ( 'NONE', #1878, #2431 ) ;
#809 = CARTESIAN_POINT ( 'NONE',  ( 14.59999999999999254, -13.00000000000000000, 10.10628645568517214 ) ) ;
#810 = ORIENTED_EDGE ( 'NONE', *, *, #861, .F. ) ;
#811 = CARTESIAN_POINT ( 'NONE',  ( 22.50000000000001066, 17.50000000000000000, -26.00000000000003553 ) ) ;
#812 = ORIENTED_EDGE ( 'NONE', *, *, #1427, .T. ) ;
#813 = EDGE_CURVE ( 'NONE', #1385, #461, #1956, .T. ) ;
#814 = VERTEX_POINT ( 'NONE', #2348 ) ;
#815 = EDGE_CURVE ( 'NONE', #1827, #118, #56, .T. ) ;
#816 = EDGE_CURVE ( 'NONE', #2395, #863, #1762, .T. ) ;
#817 = VERTEX_POINT ( 'NONE', #898 ) ;
#818 = CARTESIAN_POINT ( 'NONE',  ( 12.99999999999999289, 13.00000000000000000, 5.000000000000000000 ) ) ;
#819 = DIRECTION ( 'NONE',  ( 0.7071067811865472397, -0.7071067811865479058, 0.000000000000000000 ) ) ;
#820 = DIRECTION ( 'NONE',  ( -0.000000000000000000, -0.000000000000000000, -1.000000000000000000 ) ) ;
#821 = FACE_OUTER_BOUND ( 'NONE', #939, .T. ) ;
#822 = CARTESIAN_POINT ( 'NONE',  ( 15.91775920689705082, 13.69762540848756238, 8.000000000000000000 ) ) ;
#823 = ORIENTED_EDGE ( 'NONE', *, *, #535, .T. ) ;
#824 = CARTESIAN_POINT ( 'NONE',  ( -19.50000000000000711, 6.000000000000001776, -26.00000000000004619 ) ) ;
#825 = EDGE_LOOP ( 'NONE', ( #2640, #1229 ) ) ;
#826 = EDGE_LOOP ( 'NONE', ( #1232, #1781, #322, #1635 ) ) ;
#827 = DIRECTION ( 'NONE',  ( -0.000000000000000000, -0.000000000000000000, -1.000000000000000000 ) ) ;
#828 = CARTESIAN_POINT ( 'NONE',  ( 32.50000000000004263, 22.50000000000003908, 25.51609221829271235 ) ) ;
#829 = DIRECTION ( 'NONE',  ( 0.000000000000000000, 0.000000000000000000, 1.000000000000000000 ) ) ;
#830 = EDGE_CURVE ( 'NONE', #120, #1704, #2190, .T. ) ;
#831 = EDGE_CURVE ( 'NONE', #567, #2265, #1542, .T. ) ;
#832 = AXIS2_PLACEMENT_3D ( 'NONE', #1832, #126, #2314 ) ;
#833 = CIRCLE ( 'NONE', #1188, 1.600000000000000755 ) ;
#834 = CARTESIAN_POINT ( 'NONE',  ( -27.50000000000000711, 3.000000000000002665, -20.00000000000004974 ) ) ;
#835 = FACE_OUTER_BOUND ( 'NONE', #1128, .T. ) ;
#836 = ORIENTED_EDGE ( 'NONE', *, *, #2095, .T. ) ;
#837 = CIRCLE ( 'NONE', #1592, 2.000000000000001776 ) ;
#838 = AXIS2_PLACEMENT_3D ( 'NONE', #286, #1626, #2234 ) ;
#839 = DIRECTION ( 'NONE',  ( 1.000000000000000000, 0.000000000000000000, 0.000000000000000000 ) ) ;
#840 = ORIENTED_EDGE ( 'NONE', *, *, #158, .T. ) ;
#841 = VERTEX_POINT ( 'NONE', #2177 ) ;
#842 = DIRECTION ( 'NONE',  ( -0.000000000000000000, -0.000000000000000000, -1.000000000000000000 ) ) ;
#843 = CARTESIAN_POINT ( 'NONE',  ( -13.00000000000000711, 13.00000000000000000, 0.000000000000000000 ) ) ;
#844 = PLANE ( 'NONE',  #1453 ) ;
#845 = EDGE_CURVE ( 'NONE', #74, #296, #1985, .T. ) ;
#846 = CARTESIAN_POINT ( 'NONE',  ( 27.50000000000000711, -19.50000000000001066, -26.00000000000004263 ) ) ;
#847 = CARTESIAN_POINT ( 'NONE',  ( 12.05799307609856186, -15.85801856217256756, 7.929086602308277776 ) ) ;
#848 = EDGE_LOOP ( 'NONE', ( #1627, #1509, #786, #1665, #810, #1743, #161, #1271, #2272, #544, #1126, #1161 ) ) ;
#849 = CARTESIAN_POINT ( 'NONE',  ( 0.000000000000000000, 0.000000000000000000, 0.000000000000000000 ) ) ;
#850 = EDGE_LOOP ( 'NONE', ( #798, #556, #2064, #151 ) ) ;
#851 = ORIENTED_EDGE ( 'NONE', *, *, #2121, .T. ) ;
#852 = FACE_OUTER_BOUND ( 'NONE', #2570, .T. ) ;
#853 = DIRECTION ( 'NONE',  ( 0.000000000000000000, -0.000000000000000000, -1.000000000000000000 ) ) ;
#854 = CARTESIAN_POINT ( 'NONE',  ( -30.50000000000000711, 7.772077938642153683, -23.00000000000004619 ) ) ;
#855 = DIRECTION ( 'NONE',  ( 1.000000000000000000, 0.000000000000000000, 0.000000000000000000 ) ) ;
#856 = LINE ( 'NONE', #637, #2077 ) ;
#857 = DIRECTION ( 'NONE',  ( 1.000000000000000000, -1.477285665293037945E-16, 1.477285665293037945E-16 ) ) ;
#858 =( BOUNDED_CURVE ( )  B_SPLINE_CURVE ( 3, ( #1048, #2106, #203, #113 ),
 .UNSPECIFIED., .F., .T. ) 
 B_SPLINE_CURVE_WITH_KNOTS ( ( 4, 4 ),
 ( 4.712388980384689674, 6.283185307179586232 ),
 .UNSPECIFIED. ) 
 CURVE ( )  GEOMETRIC_REPRESENTATION_ITEM ( )  RATIONAL_B_SPLINE_CURVE ( ( 1.000000000000000000, 0.8047378541243649375, 0.8047378541243649375, 1.000000000000000000 ) ) 
 REPRESENTATION_ITEM ( '' )  );
#859 = ORIENTED_EDGE ( 'NONE', *, *, #830, .F. ) ;
#860 = EDGE_CURVE ( 'NONE', #2661, #2404, #1322, .T. ) ;
#861 = EDGE_CURVE ( 'NONE', #1950, #863, #650, .T. ) ;
#862 = VERTEX_POINT ( 'NONE', #1406 ) ;
#863 = VERTEX_POINT ( 'NONE', #512 ) ;
#864 = CIRCLE ( 'NONE', #1932, 2.999999999999999112 ) ;
#865 = PLANE ( 'NONE',  #657 ) ;
#866 = DIRECTION ( 'NONE',  ( 1.000000000000000000, 4.336808689942012189E-17, 1.349221823327174429E-16 ) ) ;
#867 = CARTESIAN_POINT ( 'NONE',  ( -87.19707759714370354, 23.50000000000004974, -6.000000000000050626 ) ) ;
#868 = CARTESIAN_POINT ( 'NONE',  ( 0.000000000000000000, 0.000000000000000000, 8.000000000000000000 ) ) ;
#869 = DIRECTION ( 'NONE',  ( -1.000000000000000000, 1.875376730785737226E-16, 0.000000000000000000 ) ) ;
#870 = CIRCLE ( 'NONE', #1005, 2.999999999999999112 ) ;
#871 = CIRCLE ( 'NONE', #354, 2.000000000000001776 ) ;
#872 = CARTESIAN_POINT ( 'NONE',  ( 15.99999999999999289, 13.00000000000000000, 5.000000000000000000 ) ) ;
#873 = VECTOR ( 'NONE', #114, 1000.000000000000000 ) ;
#874 = CIRCLE ( 'NONE', #2476, 2.999999999999999112 ) ;
#875 = ORIENTED_EDGE ( 'NONE', *, *, #1155, .F. ) ;
#876 = EDGE_CURVE ( 'NONE', #1548, #98, #175, .T. ) ;
#877 = DIRECTION ( 'NONE',  ( 1.000000000000000000, 0.000000000000000000, 0.000000000000000000 ) ) ;
#878 = ADVANCED_FACE ( 'NONE', ( #2251 ), #2412, .F. ) ;
#879 =( BOUNDED_CURVE ( )  B_SPLINE_CURVE ( 3, ( #1000, #1794, #117, #2448 ),
 .UNSPECIFIED., .F., .T. ) 
 B_SPLINE_CURVE_WITH_KNOTS ( ( 4, 4 ),
 ( 1.570796326794896780, 3.141592653589792672 ),
 .UNSPECIFIED. ) 
 CURVE ( )  GEOMETRIC_REPRESENTATION_ITEM ( )  RATIONAL_B_SPLINE_CURVE ( ( 1.000000000000000000, 0.8047378541243652705, 0.8047378541243652705, 1.000000000000000000 ) ) 
 REPRESENTATION_ITEM ( '' )  );
#880 = VERTEX_POINT ( 'NONE', #2471 ) ;
#881 = CIRCLE ( 'NONE', #1507, 2.000000000000001776 ) ;
#882 = DIRECTION ( 'NONE',  ( 0.000000000000000000, 1.000000000000000000, 0.000000000000000000 ) ) ;
#883 = CARTESIAN_POINT ( 'NONE',  ( 12.99999999999999289, 13.00000000000000000, 8.000000000000000000 ) ) ;
#884 = CARTESIAN_POINT ( 'NONE',  ( 15.99999999999883116, 12.78952749015401302, 7.984370112316816481 ) ) ;
#885 = CARTESIAN_POINT ( 'NONE',  ( 19.50000000000000711, -19.50000000000000355, -26.00000000000004263 ) ) ;
#886 = CARTESIAN_POINT ( 'NONE',  ( -14.60000000000000675, -13.00000000000000000, 10.10628645568517214 ) ) ;
#887 = PLANE ( 'NONE',  #1006 ) ;
#888 = VERTEX_POINT ( 'NONE', #1605 ) ;
#889 = CARTESIAN_POINT ( 'NONE',  ( -19.50000000000000355, 14.50000000000000178, 0.000000000000000000 ) ) ;
#890 = ORIENTED_EDGE ( 'NONE', *, *, #1512, .T. ) ;
#891 = CARTESIAN_POINT ( 'NONE',  ( 0.000000000000000000, -19.50000000000000355, 0.000000000000000000 ) ) ;
#892 = CYLINDRICAL_SURFACE ( 'NONE', #658, 1.600000000000000755 ) ;
#893 = CARTESIAN_POINT ( 'NONE',  ( 10.72216108046201377, 11.03618960616630851, 5.699006167643937637 ) ) ;
#894 = ORIENTED_EDGE ( 'NONE', *, *, #252, .T. ) ;
#895 = EDGE_CURVE ( 'NONE', #1352, #2605, #259, .T. ) ;
#896 = EDGE_CURVE ( 'NONE', #1978, #1451, #2700, .T. ) ;
#897 = CARTESIAN_POINT ( 'NONE',  ( 11.83605671182487384, 15.77487846571636432, 7.900029533968067064 ) ) ;
#898 = CARTESIAN_POINT ( 'NONE',  ( 55.98528137423861750, 17.50000000000004263, -6.000000000000029310 ) ) ;
#899 = CARTESIAN_POINT ( 'NONE',  ( -15.91775920689707213, 13.69762540848753929, 8.000000000000000000 ) ) ;
#900 = DIRECTION ( 'NONE',  ( 3.413144305457568632E-32, -1.000000000000000000, -1.967543734044216016E-16 ) ) ;
#901 = VERTEX_POINT ( 'NONE', #1571 ) ;
#902 = DIRECTION ( 'NONE',  ( 9.376883653928686131E-17, 1.000000000000000000, 0.000000000000000000 ) ) ;
#903 = VERTEX_POINT ( 'NONE', #1180 ) ;
#904 = ORIENTED_EDGE ( 'NONE', *, *, #1483, .T. ) ;
#905 = CARTESIAN_POINT ( 'NONE',  ( -10.01648873979690002, -12.63535280918113912, 6.343666268917746542 ) ) ;
#906 = LINE ( 'NONE', #222, #1646 ) ;
#907 = CARTESIAN_POINT ( 'NONE',  ( 15.89103368049208598, 12.17220717516578965, 7.940954580710116950 ) ) ;
#908 = CIRCLE ( 'NONE', #206, 20.99999999999999645 ) ;
#909 = VERTEX_POINT ( 'NONE', #369 ) ;
#910 = CARTESIAN_POINT ( 'NONE',  ( 13.23119841005571296, 16.00048289076701025, 7.997859222637378807 ) ) ;
#911 = EDGE_CURVE ( 'NONE', #11, #1859, #547, .T. ) ;
#912 = DIRECTION ( 'NONE',  ( 0.000000000000000000, 0.000000000000000000, 1.000000000000000000 ) ) ;
#913 = ADVANCED_FACE ( 'NONE', ( #2224 ), #532, .F. ) ;
#914 = DIRECTION ( 'NONE',  ( 0.7071067811865485719, -0.7071067811865465735, -0.000000000000000000 ) ) ;
#915 = PRODUCT ( '\X2\5de653f37535673a652f67b6\X0\', '\X2\5de653f37535673a652f67b6\X0\', '', ( #1643 ) ) ;
#916 = CARTESIAN_POINT ( 'NONE',  ( -14.60000000000000675, -13.00000000000000000, 0.000000000000000000 ) ) ;
#917 = EDGE_LOOP ( 'NONE', ( #2232, #577, #1640, #2534 ) ) ;
#918 = CARTESIAN_POINT ( 'NONE',  ( -10.34870636088497164, -14.42030009159271486, 7.313558846580963113 ) ) ;
#919 = AXIS2_PLACEMENT_3D ( 'NONE', #264, #1725, #27 ) ;
#920 = ORIENTED_EDGE ( 'NONE', *, *, #896, .T. ) ;
#921 = EDGE_LOOP ( 'NONE', ( #632, #489, #1730, #1923 ) ) ;
#922 = VECTOR ( 'NONE', #416, 1000.000000000000000 ) ;
#923 = CARTESIAN_POINT ( 'NONE',  ( 12.99999999999999289, -13.00000000000000000, 0.000000000000000000 ) ) ;
#924 = CARTESIAN_POINT ( 'NONE',  ( 12.99999999999999289, 13.00000000000000000, 10.10628645568517214 ) ) ;
#925 = ORIENTED_EDGE ( 'NONE', *, *, #730, .T. ) ;
#926 = CARTESIAN_POINT ( 'NONE',  ( 11.52283605360332608, 10.38093317009417582, 5.817508256082455809 ) ) ;
#927 = FACE_OUTER_BOUND ( 'NONE', #272, .T. ) ;
#928 = CARTESIAN_POINT ( 'NONE',  ( -19.50000000000000355, 17.49999999999999645, -26.00000000000004263 ) ) ;
#929 = DIRECTION ( 'NONE',  ( -0.000000000000000000, -0.000000000000000000, 1.000000000000000000 ) ) ;
#930 = EDGE_CURVE ( 'NONE', #95, #2395, #1812, .T. ) ;
#931 = CARTESIAN_POINT ( 'NONE',  ( -38.98528137423858908, 22.50000000000006040, -14.00000000000003730 ) ) ;
#932 = EDGE_LOOP ( 'NONE', ( #741, #1629 ) ) ;
#933 = EDGE_CURVE ( 'NONE', #1134, #1950, #973, .T. ) ;
#934 = EDGE_CURVE ( 'NONE', #1204, #1242, #2622, .T. ) ;
#935 = CYLINDRICAL_SURFACE ( 'NONE', #1102, 2.999999999999999112 ) ;
#936 = CARTESIAN_POINT ( 'NONE',  ( 15.99999999999999289, 12.99999999998332889, 7.990755995505095299 ) ) ;
#937 = ORIENTED_EDGE ( 'NONE', *, *, #1325, .F. ) ;
#938 = DIRECTION ( 'NONE',  ( 1.349221823327174429E-16, 1.967543734044216016E-16, -1.000000000000000000 ) ) ;
#939 = EDGE_LOOP ( 'NONE', ( #2692, #619, #967, #1083 ) ) ;
#940 = DIRECTION ( 'NONE',  ( -1.000000000000000000, 0.000000000000000000, -1.734723475976806848E-16 ) ) ;
#941 = DIRECTION ( 'NONE',  ( 0.5839517053348517450, 0.5839517053348529663, -0.5639156068713079284 ) ) ;
#942 = DIRECTION ( 'NONE',  ( 3.413144305457568632E-32, -1.000000000000000000, -1.967543734044216016E-16 ) ) ;
#943 = LINE ( 'NONE', #1137, #481 ) ;
#944 = CARTESIAN_POINT ( 'NONE',  ( -14.40103521763175465, 10.34018660562938940, 7.303616101891257983 ) ) ;
#945 = ORIENTED_EDGE ( 'NONE', *, *, #730, .F. ) ;
#946 = DIRECTION ( 'NONE',  ( 0.000000000000000000, 0.000000000000000000, -1.000000000000000000 ) ) ;
#947 = CARTESIAN_POINT ( 'NONE',  ( -19.50000000000000711, -22.50000000000000355, -26.00000000000004263 ) ) ;
#948 = ADVANCED_FACE ( 'NONE', ( #737 ), #1199, .F. ) ;
#949 = VERTEX_POINT ( 'NONE', #1585 ) ;
#950 = CARTESIAN_POINT ( 'NONE',  ( -27.50000000000000711, -22.50000000000000355, -26.00000000000004263 ) ) ;
#951 = PLANE ( 'NONE',  #1771 ) ;
#952 = ORIENTED_EDGE ( 'NONE', *, *, #1800, .T. ) ;
#953 = CARTESIAN_POINT ( 'NONE',  ( 27.50000000000000000, 17.50000000000000000, 8.000000000000000000 ) ) ;
#954 = CARTESIAN_POINT ( 'NONE',  ( 14.74448398947919969, -10.52723012865031293, 7.473920605080101254 ) ) ;
#955 = DIRECTION ( 'NONE',  ( 1.000000000000000000, 1.776356839400250465E-15, 0.000000000000000000 ) ) ;
#956 = CARTESIAN_POINT ( 'NONE',  ( 9.653326197472598125, 17.50000000000000000, 8.000000000000003553 ) ) ;
#957 = VECTOR ( 'NONE', #518, 1000.000000000000000 ) ;
#958 = CARTESIAN_POINT ( 'NONE',  ( -19.50000000000001066, -19.50000000000000355, -26.00000000000004263 ) ) ;
#959 = VERTEX_POINT ( 'NONE', #2457 ) ;
#960 = CARTESIAN_POINT ( 'NONE',  ( 19.50000000000000711, -22.50000000000000355, -26.00000000000004263 ) ) ;
#961 = ORIENTED_EDGE ( 'NONE', *, *, #2096, .F. ) ;
#962 = AXIS2_PLACEMENT_3D ( 'NONE', #2736, #2499, #2307 ) ;
#963 = AXIS2_PLACEMENT_3D ( 'NONE', #2151, #900, #1546 ) ;
#964 = EDGE_CURVE ( 'NONE', #680, #438, #1381, .T. ) ;
#965 = FACE_OUTER_BOUND ( 'NONE', #1098, .T. ) ;
#966 = FACE_OUTER_BOUND ( 'NONE', #1267, .T. ) ;
#967 = ORIENTED_EDGE ( 'NONE', *, *, #90, .F. ) ;
#968 = CARTESIAN_POINT ( 'NONE',  ( 20.99999999999999645, 0.000000000000000000, 0.000000000000000000 ) ) ;
#969 = AXIS2_PLACEMENT_3D ( 'NONE', #2637, #767, #1792 ) ;
#970 = AXIS2_PLACEMENT_3D ( 'NONE', #96, #1625, #1472 ) ;
#971 = AXIS2_PLACEMENT_3D ( 'NONE', #779, #1650, #572 ) ;
#972 = FACE_BOUND ( 'NONE', #2171, .T. ) ;
#973 = LINE ( 'NONE', #145, #133 ) ;
#974 = CARTESIAN_POINT ( 'NONE',  ( -10.71921521448864567, 14.96126762254260711, 7.571060770399855144 ) ) ;
#975 = DIRECTION ( 'NONE',  ( -0.000000000000000000, -0.000000000000000000, 1.000000000000000000 ) ) ;
#976 = ORIENTED_EDGE ( 'NONE', *, *, #1702, .F. ) ;
#977 = CARTESIAN_POINT ( 'NONE',  ( 35.98528137423860329, 17.50000000000004263, -21.75735931288075165 ) ) ;
#978 = ORIENTED_EDGE ( 'NONE', *, *, #2403, .T. ) ;
#979 = DIRECTION ( 'NONE',  ( 1.000000000000000000, -9.376883653928686131E-17, 0.000000000000000000 ) ) ;
#980 = ORIENTED_EDGE ( 'NONE', *, *, #2510, .F. ) ;
#981 = CARTESIAN_POINT ( 'NONE',  ( 30.50000000000000355, -3.742640687119283882, -23.00000000000004263 ) ) ;
#982 = CARTESIAN_POINT ( 'NONE',  ( 11.69888118381677344, -10.28986531075872080, 5.884779315276301048 ) ) ;
#983 = FACE_OUTER_BOUND ( 'NONE', #2495, .T. ) ;
#984 = CARTESIAN_POINT ( 'NONE',  ( -50.98528137423859619, 17.49999999999999645, -18.00000000000003908 ) ) ;
#985 = EDGE_CURVE ( 'NONE', #343, #641, #2267, .T. ) ;
#986 = EDGE_CURVE ( 'NONE', #374, #1713, #559, .T. ) ;
#987 = CARTESIAN_POINT ( 'NONE',  ( -16.00000000000000711, 12.78891346806030782, 7.984351482457092253 ) ) ;
#988 = ORIENTED_EDGE ( 'NONE', *, *, #581, .F. ) ;
#989 = DIRECTION ( 'NONE',  ( -1.354360293642049904E-32, 1.000000000000000000, 1.003808469612657108E-16 ) ) ;
#990 = ORIENTED_EDGE ( 'NONE', *, *, #2169, .T. ) ;
#991 = VERTEX_POINT ( 'NONE', #1168 ) ;
#992 = DIRECTION ( 'NONE',  ( 1.349221823327174429E-16, 1.967543734044216016E-16, -1.000000000000000000 ) ) ;
#993 = ORIENTED_EDGE ( 'NONE', *, *, #1517, .F. ) ;
#994 = SURFACE_STYLE_USAGE ( .BOTH. , #167 ) ;
#995 = DIRECTION ( 'NONE',  ( -0.000000000000000000, 0.000000000000000000, -1.000000000000000000 ) ) ;
#996 = CARTESIAN_POINT ( 'NONE',  ( 51.74264068711926967, 17.50000000000004619, -26.00000000000003197 ) ) ;
#997 = EDGE_CURVE ( 'NONE', #1352, #1001, #655, .T. ) ;
#998 = ADVANCED_FACE ( 'NONE', ( #983 ), #1807, .T. ) ;
#999 = CYLINDRICAL_SURFACE ( 'NONE', #2033, 2.999999999999997780 ) ;
#1000 = CARTESIAN_POINT ( 'NONE',  ( 30.50000000000000355, -3.742640687119283882, -23.00000000000004263 ) ) ;
#1001 = VERTEX_POINT ( 'NONE', #2328 ) ;
#1002 = PLANE ( 'NONE',  #1535 ) ;
#1003 = ORIENTED_EDGE ( 'NONE', *, *, #1884, .F. ) ;
#1004 = VERTEX_POINT ( 'NONE', #1876 ) ;
#1005 = AXIS2_PLACEMENT_3D ( 'NONE', #2512, #1029, #1674 ) ;
#1006 = AXIS2_PLACEMENT_3D ( 'NONE', #1990, #2360, #710 ) ;
#1007 = EDGE_LOOP ( 'NONE', ( #23, #1448, #1396, #1924 ) ) ;
#1008 = CARTESIAN_POINT ( 'NONE',  ( 10.01684759616984799, -12.63204842609559719, 6.341851018159594844 ) ) ;
#1009 = CIRCLE ( 'NONE', #353, 2.000000000000001776 ) ;
#1010 = AXIS2_PLACEMENT_3D ( 'NONE', #665, #674, #1075 ) ;
#1011 = CARTESIAN_POINT ( 'NONE',  ( -55.98528137423858908, 22.50000000000005329, -6.000000000000043521 ) ) ;
#1012 = DIRECTION ( 'NONE',  ( -0.7071067811865464625, -0.7071067811865486830, -2.023929239686235922E-16 ) ) ;
#1013 = VECTOR ( 'NONE', #2586, 1000.000000000000000 ) ;
#1014 = VECTOR ( 'NONE', #533, 1000.000000000000000 ) ;
#1015 = CYLINDRICAL_SURFACE ( 'NONE', #2743, 1.600000000000000755 ) ;
#1016 = LINE ( 'NONE', #212, #1415 ) ;
#1017 = AXIS2_PLACEMENT_3D ( 'NONE', #686, #2174, #1737 ) ;
#1018 = ORIENTED_EDGE ( 'NONE', *, *, #364, .T. ) ;
#1019 = EDGE_CURVE ( 'NONE', #1342, #2094, #38, .T. ) ;
#1020 = FACE_OUTER_BOUND ( 'NONE', #1036, .T. ) ;
#1021 = ORIENTED_EDGE ( 'NONE', *, *, #2388, .T. ) ;
#1022 = EDGE_CURVE ( 'NONE', #343, #1378, #2484, .T. ) ;
#1023 = EDGE_CURVE ( 'NONE', #98, #2542, #1433, .T. ) ;
#1024 = ORIENTED_EDGE ( 'NONE', *, *, #289, .T. ) ;
#1025 = EDGE_LOOP ( 'NONE', ( #1101, #1287 ) ) ;
#1026 = DIRECTION ( 'NONE',  ( 1.000000000000000000, 8.881784197001252323E-16, 0.000000000000000000 ) ) ;
#1027 = DIRECTION ( 'NONE',  ( 1.000000000000000000, 0.000000000000000000, 0.000000000000000000 ) ) ;
#1028 = PLANE ( 'NONE',  #1549 ) ;
#1029 = DIRECTION ( 'NONE',  ( 1.349221823327174429E-16, 1.967543734044216016E-16, -1.000000000000000000 ) ) ;
#1030 = CARTESIAN_POINT ( 'NONE',  ( 13.23090900258663005, -16.00059667087792903, 7.997871368906948497 ) ) ;
#1031 = EDGE_LOOP ( 'NONE', ( #2010, #1329, #1081, #1281 ) ) ;
#1032 = DIRECTION ( 'NONE',  ( 0.000000000000000000, 1.000000000000000000, 1.003808469612657108E-16 ) ) ;
#1033 = ORIENTED_EDGE ( 'NONE', *, *, #1132, .T. ) ;
#1034 = EDGE_CURVE ( 'NONE', #1827, #2559, #1418, .T. ) ;
#1035 = ADVANCED_FACE ( 'NONE', ( #379 ), #186, .T. ) ;
#1036 = EDGE_LOOP ( 'NONE', ( #1391, #1024, #403, #276, #1936, #2337, #497 ) ) ;
#1037 = B_SPLINE_CURVE_WITH_KNOTS ( 'NONE', 3,
 ( #342, #1621, #1587, #1183, #1826, #359 ),
 .UNSPECIFIED., .F., .F.,
 ( 4, 2, 4 ),
 ( 0.01443484291753884853, 0.01478499234147184413, 0.01513514176540483799 ),
 .UNSPECIFIED. ) ;
#1038 = DIRECTION ( 'NONE',  ( -0.000000000000000000, -0.000000000000000000, 1.000000000000000000 ) ) ;
#1039 = CARTESIAN_POINT ( 'NONE',  ( -35.98528137423858908, 17.49999999999999289, 25.51609221829270169 ) ) ;
#1040 = CARTESIAN_POINT ( 'NONE',  ( -15.99309930021308013, -13.23465675910165373, 7.996618186847822329 ) ) ;
#1041 = FACE_OUTER_BOUND ( 'NONE', #1007, .T. ) ;
#1042 = CARTESIAN_POINT ( 'NONE',  ( 10.34799735598350701, -14.41882408539578897, 7.312807326244309181 ) ) ;
#1043 = ORIENTED_EDGE ( 'NONE', *, *, #1482, .T. ) ;
#1044 =( BOUNDED_CURVE ( )  B_SPLINE_CURVE ( 3, ( #1417, #351, #338, #2680 ),
 .UNSPECIFIED., .F., .T. ) 
 B_SPLINE_CURVE_WITH_KNOTS ( ( 4, 4 ),
 ( 1.570796326794897002, 3.141592653589793116 ),
 .UNSPECIFIED. ) 
 CURVE ( )  GEOMETRIC_REPRESENTATION_ITEM ( )  RATIONAL_B_SPLINE_CURVE ( ( 1.000000000000000000, 0.8047378541243650485, 0.8047378541243650485, 1.000000000000000000 ) ) 
 REPRESENTATION_ITEM ( '' )  );
#1045 = DIRECTION ( 'NONE',  ( 1.000000000000000000, 0.000000000000000000, 0.000000000000000000 ) ) ;
#1046 = AXIS2_PLACEMENT_3D ( 'NONE', #1869, #191, #2334 ) ;
#1047 = ORIENTED_EDGE ( 'NONE', *, *, #1155, .T. ) ;
#1048 = CARTESIAN_POINT ( 'NONE',  ( -40.24264068711928388, 6.000000000000004441, -26.00000000000004619 ) ) ;
#1049 = EDGE_LOOP ( 'NONE', ( #1954, #334, #2062, #414 ) ) ;
#1050 = ADVANCED_FACE ( 'NONE', ( #805 ), #1219, .F. ) ;
#1051 = DIRECTION ( 'NONE',  ( 1.000000000000000000, 0.000000000000000000, 0.000000000000000000 ) ) ;
#1052 = DIRECTION ( 'NONE',  ( 0.000000000000000000, -0.000000000000000000, 1.000000000000000000 ) ) ;
#1053 = DIRECTION ( 'NONE',  ( 0.000000000000000000, 0.000000000000000000, -1.000000000000000000 ) ) ;
#1054 = CIRCLE ( 'NONE', #1231, 2.999999999999999112 ) ;
#1055 = CARTESIAN_POINT ( 'NONE',  ( -38.98528137423858908, 17.49999999999999645, -16.00000000000003908 ) ) ;
#1056 = DIRECTION ( 'NONE',  ( -0.000000000000000000, -0.000000000000000000, -1.000000000000000000 ) ) ;
#1057 = ORIENTED_EDGE ( 'NONE', *, *, #160, .T. ) ;
#1058 = VECTOR ( 'NONE', #279, 999.9999999999998863 ) ;
#1059 = CARTESIAN_POINT ( 'NONE',  ( 27.50000000000000711, -6.742640687119290099, -20.00000000000004619 ) ) ;
#1060 = VERTEX_POINT ( 'NONE', #168 ) ;
#1061 = VERTEX_POINT ( 'NONE', #607 ) ;
#1062 = CARTESIAN_POINT ( 'NONE',  ( -13.69762540848754817, -15.91775920689706503, 8.000000000000000000 ) ) ;
#1063 = CARTESIAN_POINT ( 'NONE',  ( -38.10660171779822747, 15.37867965644035273, -20.00000000000004619 ) ) ;
#1064 = DIRECTION ( 'NONE',  ( -0.000000000000000000, -0.000000000000000000, -1.000000000000000000 ) ) ;
#1065 = CARTESIAN_POINT ( 'NONE',  ( 0.000000000000000000, 0.000000000000000000, 8.000000000000000000 ) ) ;
#1066 = EDGE_CURVE ( 'NONE', #1770, #109, #2087, .T. ) ;
#1067 = DIRECTION ( 'NONE',  ( 1.000000000000000000, 0.000000000000000000, 0.000000000000000000 ) ) ;
#1068 = EDGE_CURVE ( 'NONE', #2282, #1624, #792, .T. ) ;
#1069 = ORIENTED_EDGE ( 'NONE', *, *, #2138, .T. ) ;
#1070 = CARTESIAN_POINT ( 'NONE',  ( -27.50000000000000711, 3.000000000000003109, -20.00000000000004974 ) ) ;
#1071 = ORIENTED_EDGE ( 'NONE', *, *, #1495, .F. ) ;
#1072 = VERTEX_POINT ( 'NONE', #1011 ) ;
#1073 = ORIENTED_EDGE ( 'NONE', *, *, #783, .F. ) ;
#1074 = FACE_OUTER_BOUND ( 'NONE', #2634, .T. ) ;
#1075 = DIRECTION ( 'NONE',  ( 0.000000000000000000, 0.000000000000000000, -1.000000000000000000 ) ) ;
#1076 = CARTESIAN_POINT ( 'NONE',  ( 38.98528137423861750, 22.50000000000006040, -16.00000000000003908 ) ) ;
#1077 = CARTESIAN_POINT ( 'NONE',  ( -27.50000000000000711, -19.50000000000000355, 0.000000000000000000 ) ) ;
#1078 = DIRECTION ( 'NONE',  ( 1.000000000000000000, -9.189829725788341711E-33, 2.201794655477298988E-16 ) ) ;
#1079 = EDGE_CURVE ( 'NONE', #377, #888, #1275, .T. ) ;
#1080 = CARTESIAN_POINT ( 'NONE',  ( -13.00000000000000711, 13.00000000000000000, 8.000000000000000000 ) ) ;
#1081 = ORIENTED_EDGE ( 'NONE', *, *, #1099, .T. ) ;
#1082 = ORIENTED_EDGE ( 'NONE', *, *, #1528, .T. ) ;
#1083 = ORIENTED_EDGE ( 'NONE', *, *, #676, .T. ) ;
#1084 = AXIS2_PLACEMENT_3D ( 'NONE', #1227, #119, #2231 ) ;
#1085 = CYLINDRICAL_SURFACE ( 'NONE', #2434, 1.600000000000000755 ) ;
#1086 = CARTESIAN_POINT ( 'NONE',  ( -50.98528137423859619, 17.49999999999999645, -14.00000000000003730 ) ) ;
#1087 = CARTESIAN_POINT ( 'NONE',  ( -15.96570849231602729, -13.46720483102456711, 7.999456034678186001 ) ) ;
#1088 = CARTESIAN_POINT ( 'NONE',  ( 37.85530313790588508, 17.50000000000004263, -6.000000000000033751 ) ) ;
#1089 = DIRECTION ( 'NONE',  ( -1.000000000000000000, -7.745271583493977455E-32, 2.201794655477302193E-16 ) ) ;
#1090 = VECTOR ( 'NONE', #2167, 1000.000000000000000 ) ;
#1091 = VECTOR ( 'NONE', #228, 1000.000000000000000 ) ;
#1092 = DIRECTION ( 'NONE',  ( 0.000000000000000000, 0.000000000000000000, 1.000000000000000000 ) ) ;
#1093 = PRESENTATION_LAYER_ASSIGNMENT (  '', '', ( #749 ) ) ;
#1094 = AXIS2_PLACEMENT_3D ( 'NONE', #2046, #1834, #2682 ) ;
#1095 = VERTEX_POINT ( 'NONE', #428 ) ;
#1096 = AXIS2_PLACEMENT_3D ( 'NONE', #1937, #24, #39 ) ;
#1097 = CIRCLE ( 'NONE', #2660, 3.000000000000000888 ) ;
#1098 = EDGE_LOOP ( 'NONE', ( #1440, #2038, #990, #2129 ) ) ;
#1099 = EDGE_CURVE ( 'NONE', #2180, #2078, #399, .T. ) ;
#1100 = EDGE_CURVE ( 'NONE', #1001, #1552, #1196, .T. ) ;
#1101 = ORIENTED_EDGE ( 'NONE', *, *, #550, .F. ) ;
#1102 = AXIS2_PLACEMENT_3D ( 'NONE', #2401, #2008, #1796 ) ;
#1103 = B_SPLINE_CURVE_WITH_KNOTS ( 'NONE', 3,
 ( #799, #1173, #2271, #2463, #1411, #2489 ),
 .UNSPECIFIED., .F., .F.,
 ( 4, 2, 4 ),
 ( 0.008504620874450951815, 0.008855378417777285543, 0.009206135961103619272 ),
 .UNSPECIFIED. ) ;
#1104 = DIRECTION ( 'NONE',  ( 2.201794655477298988E-16, 2.201794655477297262E-16, -1.000000000000000000 ) ) ;
#1105 = FACE_OUTER_BOUND ( 'NONE', #31, .T. ) ;
#1106 = CARTESIAN_POINT ( 'NONE',  ( 15.65701925002904460, 11.59170104206367213, 7.856564953990471167 ) ) ;
#1107 = CARTESIAN_POINT ( 'NONE',  ( 13.46582898349950952, 15.97318087270348563, 8.000000000000072831 ) ) ;
#1108 = LINE ( 'NONE', #458, #2475 ) ;
#1109 = CARTESIAN_POINT ( 'NONE',  ( 27.50000000000000711, -14.50000000000000000, -26.00000000000004263 ) ) ;
#1110 = ORIENTED_EDGE ( 'NONE', *, *, #2058, .F. ) ;
#1111 = CARTESIAN_POINT ( 'NONE',  ( -10.87887145721371063, -15.13374416731705807, 7.646840407813716212 ) ) ;
#1112 = FACE_OUTER_BOUND ( 'NONE', #1998, .T. ) ;
#1113 = ORIENTED_EDGE ( 'NONE', *, *, #1293, .F. ) ;
#1114 = ADVANCED_FACE ( 'NONE', ( #154 ), #1887, .T. ) ;
#1115 = EDGE_CURVE ( 'NONE', #1388, #95, #2734, .T. ) ;
#1116 = LINE ( 'NONE', #684, #178 ) ;
#1117 = DIRECTION ( 'NONE',  ( 0.000000000000000000, 0.000000000000000000, -1.000000000000000000 ) ) ;
#1118 = DIRECTION ( 'NONE',  ( -1.000000000000000000, 0.000000000000000000, 0.000000000000000000 ) ) ;
#1119 = ORIENTED_EDGE ( 'NONE', *, *, #2310, .F. ) ;
#1120 = CARTESIAN_POINT ( 'NONE',  ( 51.74264068711926967, 17.50000000000004619, -20.00000000000004263 ) ) ;
#1121 = DIRECTION ( 'NONE',  ( 0.000000000000000000, -1.000000000000000000, 0.000000000000000000 ) ) ;
#1122 = CARTESIAN_POINT ( 'NONE',  ( -1.002719433606884092, 17.50000000000000000, 7.194733585819323984 ) ) ;
#1123 = CARTESIAN_POINT ( 'NONE',  ( -37.24264068711929099, 3.000000000000002220, -16.00000000000004974 ) ) ;
#1124 = ORIENTED_EDGE ( 'NONE', *, *, #382, .F. ) ;
#1125 = CARTESIAN_POINT ( 'NONE',  ( -10.10783261686790446, -13.82392130979527423, 7.002282553555953193 ) ) ;
#1126 = ORIENTED_EDGE ( 'NONE', *, *, #784, .T. ) ;
#1127 = B_SPLINE_CURVE_WITH_KNOTS ( 'NONE', 3,
 ( #2416, #517, #106, #93, #1772, #1550, #282, #2194, #503, #1111, #2389, #2373, #918, #1351, #1125, #2216, #1533, #60 ),
 .UNSPECIFIED., .F., .F.,
 ( 4, 2, 2, 2, 2, 2, 2, 2, 4 ),
 ( 0.001644927662862457219, 0.002353250002483577453, 0.003061572342104697687, 0.003769894681725817921, 0.004478217021346937721, 0.005186539360968057955, 0.005894861700589178188, 0.006603184040210298422, 0.007311506379831418656 ),
 .UNSPECIFIED. ) ;
#1128 = EDGE_LOOP ( 'NONE', ( #2066, #408, #2409, #2667 ) ) ;
#1129 = LINE ( 'NONE', #2440, #1461 ) ;
#1130 = CARTESIAN_POINT ( 'NONE',  ( 32.50000000000004974, 22.50000000000004974, -26.00000000000003197 ) ) ;
#1131 = CARTESIAN_POINT ( 'NONE',  ( 14.88954866813370437, 10.66147194065679571, 7.538073631574986777 ) ) ;
#1132 = EDGE_CURVE ( 'NONE', #2078, #2180, #2123, .T. ) ;
#1133 = VECTOR ( 'NONE', #857, 1000.000000000000000 ) ;
#1134 = VERTEX_POINT ( 'NONE', #2287 ) ;
#1135 = CARTESIAN_POINT ( 'NONE',  ( 15.97764081738177033, -12.57956965512061487, 7.973909344760801154 ) ) ;
#1136 = DIRECTION ( 'NONE',  ( 1.000000000000000000, 0.000000000000000000, -0.000000000000000000 ) ) ;
#1137 = CARTESIAN_POINT ( 'NONE',  ( -27.50000000000000711, 17.50000000000000000, -26.00000000000004263 ) ) ;
#1138 = EDGE_CURVE ( 'NONE', #711, #1410, #1236, .T. ) ;
#1139 = CARTESIAN_POINT ( 'NONE',  ( 51.74264068711926967, 17.50000000000004619, -20.00000000000004263 ) ) ;
#1140 = ORIENTED_EDGE ( 'NONE', *, *, #1986, .T. ) ;
#1141 = AXIS2_PLACEMENT_3D ( 'NONE', #669, #1946, #2414 ) ;
#1142 = CARTESIAN_POINT ( 'NONE',  ( 37.85530313790588508, 22.50000000000004619, -6.000000000000033751 ) ) ;
#1143 = COLOUR_RGB ( '',0.8431372549019607865, 0.8156862745098039102, 0.7529411764705882248 ) ;
#1144 = DIRECTION ( 'NONE',  ( 1.349221823327174429E-16, 1.967543734044216016E-16, -1.000000000000000000 ) ) ;
#1145 = VERTEX_POINT ( 'NONE', #1685 ) ;
#1146 = AXIS2_PLACEMENT_3D ( 'NONE', #1580, #2247, #304 ) ;
#1147 =( LENGTH_UNIT ( ) NAMED_UNIT ( * ) SI_UNIT ( .MILLI., .METRE. ) );
#1148 = AXIS2_PLACEMENT_3D ( 'NONE', #1980, #2618, #1355 ) ;
#1149 = LINE ( 'NONE', #336, #1506 ) ;
#1150 = ORIENTED_EDGE ( 'NONE', *, *, #2311, .T. ) ;
#1151 = DIRECTION ( 'NONE',  ( 3.413144305457568632E-32, -1.000000000000000000, -1.967543734044216016E-16 ) ) ;
#1152 = CARTESIAN_POINT ( 'NONE',  ( -27.50000000000001066, -14.50000000000000533, -26.00000000000004974 ) ) ;
#1153 = DIRECTION ( 'NONE',  ( -1.249000902703300861E-16, -1.000000000000000000, -1.003808469612657354E-16 ) ) ;
#1154 = CARTESIAN_POINT ( 'NONE',  ( 0.9306643375631289405, 17.49999999999999645, 7.192797070299944195 ) ) ;
#1155 = EDGE_CURVE ( 'NONE', #2492, #1992, #874, .T. ) ;
#1156 = ADVANCED_FACE ( 'NONE', ( #2317 ), #1901, .T. ) ;
#1157 = CARTESIAN_POINT ( 'NONE',  ( -15.89173305929824842, 12.17468782111182612, 7.941205657534316842 ) ) ;
#1158 = ORIENTED_EDGE ( 'NONE', *, *, #1530, .F. ) ;
#1159 = FACE_OUTER_BOUND ( 'NONE', #729, .T. ) ;
#1160 = CARTESIAN_POINT ( 'NONE',  ( 15.99306160943462451, 13.23513688809634736, 7.996626427432692807 ) ) ;
#1161 = ORIENTED_EDGE ( 'NONE', *, *, #90, .T. ) ;
#1162 = CARTESIAN_POINT ( 'NONE',  ( -15.89079756849290703, -12.17136088843017028, 7.940869636406968191 ) ) ;
#1163 = DIRECTION ( 'NONE',  ( 9.376883653928686131E-17, 1.000000000000000000, 0.000000000000000000 ) ) ;
#1164 = PRODUCT_DEFINITION_SHAPE ( 'NONE', 'NONE',  #628 ) ;
#1165 = ORIENTED_EDGE ( 'NONE', *, *, #1360, .T. ) ;
#1166 = CARTESIAN_POINT ( 'NONE',  ( 11.70247493801493377, 10.28818580582184161, 5.886247989528005320 ) ) ;
#1167 = DIRECTION ( 'NONE',  ( 0.7071067811865486830, -0.7071067811865464625, -4.372196160242395736E-17 ) ) ;
#1168 = CARTESIAN_POINT ( 'NONE',  ( 11.60818676624389845, 17.50000000000000000, 8.000000000000000000 ) ) ;
#1169 = CARTESIAN_POINT ( 'NONE',  ( -15.97795759806433225, 12.58163553808855184, 7.974040599486370340 ) ) ;
#1170 = ORIENTED_EDGE ( 'NONE', *, *, #1132, .F. ) ;
#1171 = ADVANCED_FACE ( 'NONE', ( #2564 ), #465, .F. ) ;
#1172 = LINE ( 'NONE', #2583, #2662 ) ;
#1173 = CARTESIAN_POINT ( 'NONE',  ( 15.94521832341020939, -13.58277997848354168, 8.000000000000101252 ) ) ;
#1174 = ORIENTED_EDGE ( 'NONE', *, *, #2701, .F. ) ;
#1175 = DIRECTION ( 'NONE',  ( 0.000000000000000000, 0.000000000000000000, -1.000000000000000000 ) ) ;
#1176 = LINE ( 'NONE', #1613, #135 ) ;
#1177 = ORIENTED_EDGE ( 'NONE', *, *, #155, .F. ) ;
#1178 = CARTESIAN_POINT ( 'NONE',  ( 19.50000000000000711, -19.50000000000000355, -63.85498646149545721 ) ) ;
#1179 = CARTESIAN_POINT ( 'NONE',  ( 11.01463939705421957, -10.74130252211546299, 5.697000441304895801 ) ) ;
#1180 = CARTESIAN_POINT ( 'NONE',  ( -16.00000000000000711, 12.99999999999999112, 7.990755995505600673 ) ) ;
#1181 = CIRCLE ( 'NONE', #1046, 1.600000000000000755 ) ;
#1182 = FACE_OUTER_BOUND ( 'NONE', #1838, .T. ) ;
#1183 = CARTESIAN_POINT ( 'NONE',  ( -15.99298241337786308, 13.23614406577164360, 7.996643692835836426 ) ) ;
#1184 = ORIENTED_EDGE ( 'NONE', *, *, #238, .F. ) ;
#1185 = DIRECTION ( 'NONE',  ( 0.000000000000000000, -0.000000000000000000, -1.000000000000000000 ) ) ;
#1186 = ORIENTED_EDGE ( 'NONE', *, *, #493, .F. ) ;
#1187 = VECTOR ( 'NONE', #776, 1000.000000000000000 ) ;
#1188 = AXIS2_PLACEMENT_3D ( 'NONE', #180, #400, #2349 ) ;
#1189 = ADVANCED_FACE ( 'NONE', ( #1105 ), #646, .F. ) ;
#1190 = EDGE_CURVE ( 'NONE', #2362, #1072, #52, .T. ) ;
#1191 =( NAMED_UNIT ( * ) PLANE_ANGLE_UNIT ( ) SI_UNIT ( $, .RADIAN. ) );
#1192 = DIRECTION ( 'NONE',  ( -0.000000000000000000, -0.000000000000000000, -1.000000000000000000 ) ) ;
#1193 = ORIENTED_EDGE ( 'NONE', *, *, #831, .F. ) ;
#1194 = VECTOR ( 'NONE', #1265, 1000.000000000000000 ) ;
#1195 = CARTESIAN_POINT ( 'NONE',  ( -27.50000000000000711, -6.742640687119278553, -26.00000000000004619 ) ) ;
#1196 = CIRCLE ( 'NONE', #2210, 20.99999999999999645 ) ;
#1197 = VECTOR ( 'NONE', #70, 1000.000000000000000 ) ;
#1198 = CARTESIAN_POINT ( 'NONE',  ( 10.36791544664564846, -11.54613701320301367, 5.825672054272246214 ) ) ;
#1199 = PLANE ( 'NONE',  #437 ) ;
#1200 = CARTESIAN_POINT ( 'NONE',  ( -13.69762540848754817, 15.91775920689706503, 8.000000000000000000 ) ) ;
#1201 = CARTESIAN_POINT ( 'NONE',  ( -10.58633796422565254, 11.20661857964983632, 5.728172940424891557 ) ) ;
#1202 = ORIENTED_EDGE ( 'NONE', *, *, #1207, .T. ) ;
#1203 = LINE ( 'NONE', #1797, #2245 ) ;
#1204 = VERTEX_POINT ( 'NONE', #1498 ) ;
#1205 = ORIENTED_EDGE ( 'NONE', *, *, #447, .F. ) ;
#1206 = LINE ( 'NONE', #1178, #1681 ) ;
#1207 = EDGE_CURVE ( 'NONE', #1694, #959, #2135, .T. ) ;
#1208 = EDGE_LOOP ( 'NONE', ( #62, #1082, #2675, #2585, #1912 ) ) ;
#1209 = FACE_OUTER_BOUND ( 'NONE', #1756, .T. ) ;
#1210 = DIRECTION ( 'NONE',  ( 1.349221823327174429E-16, 1.003808469612657231E-16, -1.000000000000000000 ) ) ;
#1211 = FACE_OUTER_BOUND ( 'NONE', #300, .T. ) ;
#1212 = CARTESIAN_POINT ( 'NONE',  ( -12.23687577338808552, 10.09269816950093279, 6.133356843672688186 ) ) ;
#1213 = VERTEX_POINT ( 'NONE', #14 ) ;
#1214 = CARTESIAN_POINT ( 'NONE',  ( -6.129432651239146066E-15, 5.134402984027713378E-15, -23.00000000000003553 ) ) ;
#1215 = ORIENTED_EDGE ( 'NONE', *, *, #813, .F. ) ;
#1216 = EDGE_LOOP ( 'NONE', ( #2118, #2553 ) ) ;
#1217 = ORIENTED_EDGE ( 'NONE', *, *, #611, .F. ) ;
#1218 = FILL_AREA_STYLE_COLOUR ( '', #1143 ) ;
#1219 = CYLINDRICAL_SURFACE ( 'NONE', #791, 2.999999999999999112 ) ;
#1220 = EDGE_CURVE ( 'NONE', #141, #1694, #2744, .T. ) ;
#1221 = CARTESIAN_POINT ( 'NONE',  ( -32.50000000000007816, 22.50000000000003908, 25.51609221829270169 ) ) ;
#1222 = CARTESIAN_POINT ( 'NONE',  ( 27.50000000000000000, 17.50000000000000000, 8.000000000000000000 ) ) ;
#1223 = EDGE_CURVE ( 'NONE', #2690, #1413, #1525, .T. ) ;
#1224 = CARTESIAN_POINT ( 'NONE',  ( -22.50000000000000355, 17.50000000000000000, 8.000000000000000000 ) ) ;
#1225 = ADVANCED_FACE ( 'NONE', ( #2344 ), #274, .T. ) ;
#1226 = ORIENTED_EDGE ( 'NONE', *, *, #1607, .F. ) ;
#1227 = CARTESIAN_POINT ( 'NONE',  ( -27.50000000000000711, 5.902631202132645828E-16, -19.00000000000004974 ) ) ;
#1228 = EDGE_LOOP ( 'NONE', ( #163, #781 ) ) ;
#1229 = ORIENTED_EDGE ( 'NONE', *, *, #2184, .F. ) ;
#1230 = AXIS2_PLACEMENT_3D ( 'NONE', #666, #1515, #2620 ) ;
#1231 = AXIS2_PLACEMENT_3D ( 'NONE', #2433, #328, #2658 ) ;
#1232 = ORIENTED_EDGE ( 'NONE', *, *, #1636, .F. ) ;
#1233 = LINE ( 'NONE', #2733, #569 ) ;
#1234 = VECTOR ( 'NONE', #649, 1000.000000000000000 ) ;
#1235 = AXIS2_PLACEMENT_3D ( 'NONE', #355, #130, #340 ) ;
#1236 = LINE ( 'NONE', #828, #1645 ) ;
#1237 = CARTESIAN_POINT ( 'NONE',  ( -10.00000000000000711, 12.99999999999993605, 6.546084143056977389 ) ) ;
#1238 = VECTOR ( 'NONE', #1830, 999.9999999999998863 ) ;
#1239 = DIRECTION ( 'NONE',  ( 3.413144305457568632E-32, -1.000000000000000000, -1.967543734044216016E-16 ) ) ;
#1240 = DIRECTION ( 'NONE',  ( 1.000000000000000000, 4.336808689942014655E-17, -0.000000000000000000 ) ) ;
#1241 = AXIS2_PLACEMENT_3D ( 'NONE', #968, #1392, #2468 ) ;
#1242 = VERTEX_POINT ( 'NONE', #704 ) ;
#1243 = ADVANCED_FACE ( 'NONE', ( #2587 ), #892, .F. ) ;
#1244 = ADVANCED_FACE ( 'NONE', ( #2393 ), #40, .T. ) ;
#1245 = FACE_OUTER_BOUND ( 'NONE', #2423, .T. ) ;
#1246 = ORIENTED_EDGE ( 'NONE', *, *, #1293, .T. ) ;
#1247 = SHAPE_DEFINITION_REPRESENTATION ( #1164, #1296 ) ;
#1248 = ORIENTED_EDGE ( 'NONE', *, *, #1949, .F. ) ;
#1249 = CARTESIAN_POINT ( 'NONE',  ( -13.00000000000000711, -13.00000000000000000, 5.000000000000000000 ) ) ;
#1250 = CARTESIAN_POINT ( 'NONE',  ( -13.00000000000000711, -13.00000000000000000, 5.000000000000000000 ) ) ;
#1251 = CARTESIAN_POINT ( 'NONE',  ( 38.98528137423861750, 17.49999999999999645, -16.00000000000003908 ) ) ;
#1252 = DIRECTION ( 'NONE',  ( 3.413144305457568632E-32, -1.000000000000000000, -1.967543734044216016E-16 ) ) ;
#1253 = CYLINDRICAL_SURFACE ( 'NONE', #393, 1.600000000000000755 ) ;
#1254 = ORIENTED_EDGE ( 'NONE', *, *, #2558, .T. ) ;
#1255 = CARTESIAN_POINT ( 'NONE',  ( -13.00000000000000711, 13.00000000000000000, 5.000000000000000000 ) ) ;
#1256 = EDGE_CURVE ( 'NONE', #614, #2153, #1097, .T. ) ;
#1257 =( BOUNDED_CURVE ( )  B_SPLINE_CURVE ( 3, ( #45, #1768, #1740, #2612 ),
 .UNSPECIFIED., .F., .T. ) 
 B_SPLINE_CURVE_WITH_KNOTS ( ( 4, 4 ),
 ( 4.712388980384689674, 6.283185307179586232 ),
 .UNSPECIFIED. ) 
 CURVE ( )  GEOMETRIC_REPRESENTATION_ITEM ( )  RATIONAL_B_SPLINE_CURVE ( ( 1.000000000000000000, 0.8047378541243649375, 0.8047378541243649375, 1.000000000000000000 ) ) 
 REPRESENTATION_ITEM ( '' )  );
#1258 = ORIENTED_EDGE ( 'NONE', *, *, #549, .F. ) ;
#1259 = LINE ( 'NONE', #2053, #314 ) ;
#1260 = ORIENTED_EDGE ( 'NONE', *, *, #2555, .T. ) ;
#1261 = DIRECTION ( 'NONE',  ( -0.000000000000000000, -0.000000000000000000, 1.000000000000000000 ) ) ;
#1262 = CARTESIAN_POINT ( 'NONE',  ( 0.000000000000000000, 0.000000000000000000, 8.000000000000000000 ) ) ;
#1263 = DIRECTION ( 'NONE',  ( 1.000000000000000000, 0.000000000000000000, 0.000000000000000000 ) ) ;
#1264 = PRODUCT_DEFINITION_CONTEXT ( 'detailed design', #807, 'design' ) ;
#1265 = DIRECTION ( 'NONE',  ( 1.349221823327174429E-16, 1.967543734044215769E-16, -1.000000000000000000 ) ) ;
#1266 = DIRECTION ( 'NONE',  ( -0.6946583704589935904, -7.220793841094193300E-17, 0.7193398003386547446 ) ) ;
#1267 = EDGE_LOOP ( 'NONE', ( #1174, #1113, #59, #2628 ) ) ;
#1268 = CARTESIAN_POINT ( 'NONE',  ( -27.50000000000000711, 17.50000000000000000, 0.000000000000000000 ) ) ;
#1269 = CIRCLE ( 'NONE', #2732, 2.999999999999999112 ) ;
#1270 = ORIENTED_EDGE ( 'NONE', *, *, #1100, .F. ) ;
#1271 = ORIENTED_EDGE ( 'NONE', *, *, #934, .T. ) ;
#1272 = ADVANCED_FACE ( 'NONE', ( #1301 ), #2377, .F. ) ;
#1273 = EDGE_CURVE ( 'NONE', #2690, #2395, #906, .T. ) ;
#1274 = CARTESIAN_POINT ( 'NONE',  ( -10.71826096059625044, -11.04071573101371229, 5.699527415062175528 ) ) ;
#1275 = LINE ( 'NONE', #2507, #2161 ) ;
#1276 = DIRECTION ( 'NONE',  ( 1.000000000000000000, 0.000000000000000000, -0.000000000000000000 ) ) ;
#1277 = AXIS2_PLACEMENT_3D ( 'NONE', #2203, #1823, #100 ) ;
#1278 = VECTOR ( 'NONE', #58, 1000.000000000000000 ) ;
#1279 = DIRECTION ( 'NONE',  ( 0.000000000000000000, -1.000000000000000000, -2.201794655477297262E-16 ) ) ;
#1280 = CARTESIAN_POINT ( 'NONE',  ( 10.17284604733588793, -14.02634318680710024, 7.110778222834854390 ) ) ;
#1281 = ORIENTED_EDGE ( 'NONE', *, *, #2406, .F. ) ;
#1282 = VECTOR ( 'NONE', #1972, 1000.000000000000000 ) ;
#1283 = VECTOR ( 'NONE', #1775, 1000.000000000000000 ) ;
#1284 = CARTESIAN_POINT ( 'NONE',  ( -27.50000000000001066, 17.50000000000000000, -26.00000000000004263 ) ) ;
#1285 = VERTEX_POINT ( 'NONE', #1086 ) ;
#1286 = ORIENTED_EDGE ( 'NONE', *, *, #2573, .F. ) ;
#1287 = ORIENTED_EDGE ( 'NONE', *, *, #2202, .F. ) ;
#1288 = LINE ( 'NONE', #2600, #1905 ) ;
#1289 = CARTESIAN_POINT ( 'NONE',  ( 12.99999999999999289, -13.00000000000000000, 10.10628645568517214 ) ) ;
#1290 = ORIENTED_EDGE ( 'NONE', *, *, #876, .F. ) ;
#1291 = FACE_OUTER_BOUND ( 'NONE', #231, .T. ) ;
#1292 = ADVANCED_FACE ( 'NONE', ( #1938 ), #2575, .F. ) ;
#1293 = EDGE_CURVE ( 'NONE', #2351, #444, #2040, .T. ) ;
#1294 = CARTESIAN_POINT ( 'NONE',  ( -38.98528137423858908, 22.50000000000006040, -16.00000000000003908 ) ) ;
#1295 = DIRECTION ( 'NONE',  ( 0.7071067811865486830, -0.7071067811865464625, 0.000000000000000000 ) ) ;
#1296 = ADVANCED_BREP_SHAPE_REPRESENTATION ( '\X2\5de653f37535673a652f67b6\X0\', ( #2515, #970 ), #2082 ) ;
#1297 = DIRECTION ( 'NONE',  ( 1.000000000000000000, 7.584913611344741827E-33, 1.349221823327174429E-16 ) ) ;
#1298 = ORIENTED_EDGE ( 'NONE', *, *, #330, .T. ) ;
#1299 = ORIENTED_EDGE ( 'NONE', *, *, #2340, .T. ) ;
#1300 = DIRECTION ( 'NONE',  ( 0.000000000000000000, 0.000000000000000000, -1.000000000000000000 ) ) ;
#1301 = FACE_OUTER_BOUND ( 'NONE', #592, .T. ) ;
#1302 = CARTESIAN_POINT ( 'NONE',  ( -11.40000000000000568, -13.00000000000000000, 5.000000000000000000 ) ) ;
#1303 = ADVANCED_FACE ( 'NONE', ( #1915 ), #508, .F. ) ;
#1304 = LINE ( 'NONE', #485, #2079 ) ;
#1305 = CYLINDRICAL_SURFACE ( 'NONE', #435, 2.999999999999999112 ) ;
#1306 = ADVANCED_FACE ( 'NONE', ( #2633 ), #951, .F. ) ;
#1307 = EDGE_CURVE ( 'NONE', #109, #1242, #523, .T. ) ;
#1308 = PLANE ( 'NONE',  #129 ) ;
#1309 = EDGE_LOOP ( 'NONE', ( #1290, #337, #376, #2501 ) ) ;
#1310 = VERTEX_POINT ( 'NONE', #2666 ) ;
#1311 = ORIENTED_EDGE ( 'NONE', *, *, #986, .T. ) ;
#1312 = FACE_OUTER_BOUND ( 'NONE', #2193, .T. ) ;
#1313 = CARTESIAN_POINT ( 'NONE',  ( 0.000000000000000000, 0.000000000000000000, 8.000000000000000000 ) ) ;
#1314 = CARTESIAN_POINT ( 'NONE',  ( -13.00000000000000711, -13.00000000000000000, 10.10628645568517214 ) ) ;
#1315 = DIRECTION ( 'NONE',  ( 0.000000000000000000, -0.000000000000000000, -1.000000000000000000 ) ) ;
#1316 = CARTESIAN_POINT ( 'NONE',  ( 55.98528137423860329, 14.50000000000004619, -20.00000000000004263 ) ) ;
#1317 = DIRECTION ( 'NONE',  ( 1.000000000000000000, 0.000000000000000000, -0.000000000000000000 ) ) ;
#1318 = VECTOR ( 'NONE', #2650, 1000.000000000000000 ) ;
#1319 = AXIS2_PLACEMENT_3D ( 'NONE', #2714, #199, #2539 ) ;
#1320 = CYLINDRICAL_SURFACE ( 'NONE', #2556, 3.000000000000000888 ) ;
#1321 = AXIS2_PLACEMENT_3D ( 'NONE', #1630, #1167, #511 ) ;
#1322 = CIRCLE ( 'NONE', #308, 3.000000000000000888 ) ;
#1323 = ORIENTED_EDGE ( 'NONE', *, *, #1341, .F. ) ;
#1324 = ADVANCED_FACE ( 'NONE', ( #321 ), #2441, .F. ) ;
#1325 = EDGE_CURVE ( 'NONE', #2350, #1424, #2524, .T. ) ;
#1326 = VECTOR ( 'NONE', #1567, 1000.000000000000000 ) ;
#1327 = PLANE ( 'NONE',  #1728 ) ;
#1328 = CARTESIAN_POINT ( 'NONE',  ( 15.91775920689705082, 13.69762540848756238, 8.000000000000000000 ) ) ;
#1329 = ORIENTED_EDGE ( 'NONE', *, *, #1920, .T. ) ;
#1330 = DIRECTION ( 'NONE',  ( 3.413144305457568632E-32, -1.000000000000000000, -1.967543734044216016E-16 ) ) ;
#1331 = DIRECTION ( 'NONE',  ( 0.7071067811865469066, 0.7071067811865481278, 0.000000000000000000 ) ) ;
#1332 = CARTESIAN_POINT ( 'NONE',  ( 10.08515990522919914, 12.26631339590813852, 6.148382657207820401 ) ) ;
#1333 = ORIENTED_EDGE ( 'NONE', *, *, #2646, .F. ) ;
#1334 = DIRECTION ( 'NONE',  ( -0.000000000000000000, 0.000000000000000000, 1.000000000000000000 ) ) ;
#1335 = DIRECTION ( 'NONE',  ( 1.000000000000000000, 0.000000000000000000, 0.000000000000000000 ) ) ;
#1336 = LINE ( 'NONE', #513, #2385 ) ;
#1337 = CARTESIAN_POINT ( 'NONE',  ( -55.98528137423858908, 17.50000000000000000, -26.00000000000004619 ) ) ;
#1338 = EDGE_LOOP ( 'NONE', ( #1270, #1644, #401, #54, #980, #1819, #2019, #2085, #494, #2335, #2482, #2709, #2380, #1403 ) ) ;
#1339 = CARTESIAN_POINT ( 'NONE',  ( -22.50000000000000355, 14.50000000000000178, 0.000000000000000000 ) ) ;
#1340 = FACE_BOUND ( 'NONE', #2644, .T. ) ;
#1341 = EDGE_CURVE ( 'NONE', #1770, #1859, #543, .T. ) ;
#1342 = VERTEX_POINT ( 'NONE', #2186 ) ;
#1343 = CARTESIAN_POINT ( 'NONE',  ( -27.50000000000000711, 17.50000000000000000, 8.000000000000000000 ) ) ;
#1344 = CARTESIAN_POINT ( 'NONE',  ( 14.40549265244297494, 10.34259582100509967, 7.305840404656181342 ) ) ;
#1345 = ORIENTED_EDGE ( 'NONE', *, *, #2555, .F. ) ;
#1346 = CARTESIAN_POINT ( 'NONE',  ( 55.98528137423861750, 22.50000000000004974, -6.000000000000029310 ) ) ;
#1347 = CARTESIAN_POINT ( 'NONE',  ( 35.98528137423861040, 14.50000000000004619, -23.00000000000003908 ) ) ;
#1348 = CARTESIAN_POINT ( 'NONE',  ( 11.60818676624389845, 17.50000000000000000, 8.000000000000000000 ) ) ;
#1349 = CARTESIAN_POINT ( 'NONE',  ( 50.98528137423861750, 22.50000000000006040, -16.00000000000003908 ) ) ;
#1350 = ORIENTED_EDGE ( 'NONE', *, *, #1207, .F. ) ;
#1351 = CARTESIAN_POINT ( 'NONE',  ( -10.17265675535639780, -14.02603142639894429, 7.110625972384764459 ) ) ;
#1352 = VERTEX_POINT ( 'NONE', #97 ) ;
#1353 = ORIENTED_EDGE ( 'NONE', *, *, #815, .F. ) ;
#1354 = CARTESIAN_POINT ( 'NONE',  ( 55.98528137423861750, 22.50000000000004974, -26.00000000000003197 ) ) ;
#1355 = DIRECTION ( 'NONE',  ( 0.000000000000000000, 0.000000000000000000, -1.000000000000000000 ) ) ;
#1356 = EDGE_LOOP ( 'NONE', ( #894, #1047 ) ) ;
#1357 = FACE_OUTER_BOUND ( 'NONE', #2400, .T. ) ;
#1358 = VECTOR ( 'NONE', #1144, 1000.000000000000000 ) ;
#1359 = ADVANCED_FACE ( 'NONE', ( #2199 ), #718, .F. ) ;
#1360 = EDGE_CURVE ( 'NONE', #2419, #2214, #140, .T. ) ;
#1361 = FACE_BOUND ( 'NONE', #389, .T. ) ;
#1362 = CARTESIAN_POINT ( 'NONE',  ( 19.50000000000000711, -14.50000000000000178, -26.00000000000004263 ) ) ;
#1363 = CARTESIAN_POINT ( 'NONE',  ( -7.748877537573823915, 17.50000000000000000, 7.785545078315768031 ) ) ;
#1364 = CARTESIAN_POINT ( 'NONE',  ( -38.98528137423858908, 22.50000000000006040, -18.00000000000003908 ) ) ;
#1365 = ORIENTED_EDGE ( 'NONE', *, *, #2705, .T. ) ;
#1366 = AXIS2_PLACEMENT_3D ( 'NONE', #421, #1480, #2532 ) ;
#1367 = DIRECTION ( 'NONE',  ( 1.000000000000000000, 0.000000000000000000, 0.000000000000000000 ) ) ;
#1368 = VECTOR ( 'NONE', #2529, 1000.000000000000000 ) ;
#1369 = VECTOR ( 'NONE', #2238, 1000.000000000000000 ) ;
#1370 = ORIENTED_EDGE ( 'NONE', *, *, #2672, .T. ) ;
#1371 = B_SPLINE_CURVE_WITH_KNOTS ( 'NONE', 3,
 ( #589, #1447, #1919, #1436, #1280, #1042, #1891, #2513, #2737, #2114, #17, #189, #847, #2726, #2332, #1030, #1478, #1879 ),
 .UNSPECIFIED., .F., .F.,
 ( 4, 2, 2, 2, 2, 2, 2, 2, 4 ),
 ( 0.01918949648254605206, 0.01989797146179288906, 0.02060644644103972259, 0.02131492142028655959, 0.02202339639953339312, 0.02273187137878023012, 0.02344034635802706712, 0.02414882133727390412, 0.02485729631652074459 ),
 .UNSPECIFIED. ) ;
#1372 = ORIENTED_EDGE ( 'NONE', *, *, #1578, .F. ) ;
#1373 = VECTOR ( 'NONE', #1389, 1000.000000000000000 ) ;
#1374 = VECTOR ( 'NONE', #293, 1000.000000000000000 ) ;
#1375 = CARTESIAN_POINT ( 'NONE',  ( -15.97755271753994677, -12.57865314348129537, 7.973866508433024691 ) ) ;
#1376 = AXIS2_PLACEMENT_3D ( 'NONE', #675, #2603, #99 ) ;
#1377 = DIRECTION ( 'NONE',  ( -0.000000000000000000, -0.000000000000000000, -1.000000000000000000 ) ) ;
#1378 = VERTEX_POINT ( 'NONE', #2042 ) ;
#1379 = CARTESIAN_POINT ( 'NONE',  ( 15.82560655809940187, 11.97092039726019763, 7.918015312738729605 ) ) ;
#1380 = CARTESIAN_POINT ( 'NONE',  ( 15.18209200763484645, -10.93168467665902455, 7.667510093126191251 ) ) ;
#1381 = LINE ( 'NONE', #1421, #1547 ) ;
#1382 = EDGE_CURVE ( 'NONE', #1950, #174, #2408, .T. ) ;
#1383 = CARTESIAN_POINT ( 'NONE',  ( -4.859595533697728342, 17.50000000000000000, 7.477886719870332932 ) ) ;
#1384 = CARTESIAN_POINT ( 'NONE',  ( -27.50000000000000711, -5.999999999999998224, -23.00000000000004974 ) ) ;
#1385 = VERTEX_POINT ( 'NONE', #1803 ) ;
#1386 = FACE_OUTER_BOUND ( 'NONE', #2699, .T. ) ;
#1387 = DIRECTION ( 'NONE',  ( -0.000000000000000000, 1.000000000000000000, 2.201794655477297262E-16 ) ) ;
#1388 = VERTEX_POINT ( 'NONE', #1390 ) ;
#1389 = DIRECTION ( 'NONE',  ( 1.000000000000000000, 0.000000000000000000, 0.000000000000000000 ) ) ;
#1390 = CARTESIAN_POINT ( 'NONE',  ( -19.50000000000000711, -22.50000000000000355, 8.000000000000000000 ) ) ;
#1391 = ORIENTED_EDGE ( 'NONE', *, *, #105, .T. ) ;
#1392 = DIRECTION ( 'NONE',  ( 0.000000000000000000, -1.000000000000000000, 0.000000000000000000 ) ) ;
#1393 = DIRECTION ( 'NONE',  ( -0.000000000000000000, -0.000000000000000000, -1.000000000000000000 ) ) ;
#1394 = DIRECTION ( 'NONE',  ( 0.000000000000000000, -1.000000000000000000, 0.000000000000000000 ) ) ;
#1395 = CARTESIAN_POINT ( 'NONE',  ( 27.50000000000000711, -6.742640687119288323, -26.00000000000003908 ) ) ;
#1396 = ORIENTED_EDGE ( 'NONE', *, *, #1969, .T. ) ;
#1397 = EDGE_CURVE ( 'NONE', #461, #1145, #2343, .T. ) ;
#1398 = EDGE_CURVE ( 'NONE', #1004, #112, #220, .T. ) ;
#1399 = CARTESIAN_POINT ( 'NONE',  ( -16.00000000000000711, -12.99999999997970157, 7.990755995504986053 ) ) ;
#1400 = ORIENTED_EDGE ( 'NONE', *, *, #346, .F. ) ;
#1401 = LINE ( 'NONE', #1354, #2562 ) ;
#1402 = CARTESIAN_POINT ( 'NONE',  ( -19.50000000000000711, 9.372078154086257059E-16, -16.00000000000004974 ) ) ;
#1403 = ORIENTED_EDGE ( 'NONE', *, *, #535, .F. ) ;
#1404 = CARTESIAN_POINT ( 'NONE',  ( -10.00000000000000711, -13.00000000002290967, 6.546084143069776040 ) ) ;
#1405 = CARTESIAN_POINT ( 'NONE',  ( 15.82696364950479584, -11.97447267312301555, 7.918501576307029666 ) ) ;
#1406 = CARTESIAN_POINT ( 'NONE',  ( 14.59999999999999254, 13.00000000000000000, 5.000000000000000000 ) ) ;
#1407 = AXIS2_PLACEMENT_3D ( 'NONE', #1214, #2450, #553 ) ;
#1408 = CYLINDRICAL_SURFACE ( 'NONE', #754, 2.999999999999999112 ) ;
#1409 = CARTESIAN_POINT ( 'NONE',  ( -10.93767321602301479, 10.81875656473843428, 5.697406685567983686 ) ) ;
#1410 = VERTEX_POINT ( 'NONE', #1130 ) ;
#1411 = CARTESIAN_POINT ( 'NONE',  ( 15.99999999999988987, -13.11768373994320491, 7.994326602503976531 ) ) ;
#1412 = EDGE_CURVE ( 'NONE', #817, #688, #1149, .T. ) ;
#1413 = VERTEX_POINT ( 'NONE', #1788 ) ;
#1414 = AXIS2_PLACEMENT_3D ( 'NONE', #2486, #2367, #248 ) ;
#1415 = VECTOR ( 'NONE', #1240, 1000.000000000000000 ) ;
#1416 = ORIENTED_EDGE ( 'NONE', *, *, #933, .T. ) ;
#1417 = CARTESIAN_POINT ( 'NONE',  ( -48.74264068711926967, 14.49999999999999822, -23.00000000000004974 ) ) ;
#1418 = CIRCLE ( 'NONE', #1991, 2.999999999999999112 ) ;
#1419 = ORIENTED_EDGE ( 'NONE', *, *, #289, .F. ) ;
#1420 = PLANE ( 'NONE',  #1321 ) ;
#1421 = CARTESIAN_POINT ( 'NONE',  ( -32.50000000000007816, 22.50000000000003908, 25.51609221829270169 ) ) ;
#1422 = FACE_OUTER_BOUND ( 'NONE', #2065, .T. ) ;
#1423 = CARTESIAN_POINT ( 'NONE',  ( -10.00000000000000711, 12.99999999999993605, 6.546084143056977389 ) ) ;
#1424 = VERTEX_POINT ( 'NONE', #733 ) ;
#1425 = PLANE ( 'NONE',  #1407 ) ;
#1426 = VERTEX_POINT ( 'NONE', #1402 ) ;
#1427 = EDGE_CURVE ( 'NONE', #2144, #991, #2422, .T. ) ;
#1428 = ORIENTED_EDGE ( 'NONE', *, *, #2462, .T. ) ;
#1429 = EDGE_CURVE ( 'NONE', #243, #141, #1176, .T. ) ;
#1430 = EDGE_CURVE ( 'NONE', #1424, #1310, #2453, .T. ) ;
#1431 = ORIENTED_EDGE ( 'NONE', *, *, #1603, .T. ) ;
#1432 = CYLINDRICAL_SURFACE ( 'NONE', #2560, 3.000000000000000888 ) ;
#1433 = LINE ( 'NONE', #209, #794 ) ;
#1434 = DIRECTION ( 'NONE',  ( 1.477285665293037452E-16, 1.000000000000000000, 1.967543734044216509E-16 ) ) ;
#1435 = DIRECTION ( 'NONE',  ( 1.000000000000000000, 4.336808689942014655E-17, 0.000000000000000000 ) ) ;
#1436 = CARTESIAN_POINT ( 'NONE',  ( 10.10841774867164844, -13.82608736537646443, 7.003456920344661718 ) ) ;
#1437 = ORIENTED_EDGE ( 'NONE', *, *, #1325, .T. ) ;
#1438 = DIRECTION ( 'NONE',  ( 0.000000000000000000, 0.000000000000000000, -1.000000000000000000 ) ) ;
#1439 = EDGE_LOOP ( 'NONE', ( #2333, #2533, #452, #2490 ) ) ;
#1440 = ORIENTED_EDGE ( 'NONE', *, *, #441, .F. ) ;
#1441 = ORIENTED_EDGE ( 'NONE', *, *, #2324, .T. ) ;
#1442 = DIRECTION ( 'NONE',  ( 0.000000000000000000, -0.000000000000000000, -1.000000000000000000 ) ) ;
#1443 = CARTESIAN_POINT ( 'NONE',  ( 30.50000000000000000, 17.50000000000000711, -20.00000000000003908 ) ) ;
#1444 = LINE ( 'NONE', #1847, #576 ) ;
#1445 = ADVANCED_FACE ( 'NONE', ( #966 ), #349, .F. ) ;
#1446 = CARTESIAN_POINT ( 'NONE',  ( -27.50000000000000711, -2.999999999999999556, -19.00000000000004974 ) ) ;
#1447 = CARTESIAN_POINT ( 'NONE',  ( 9.999999999999992895, -13.20794801563643261, 6.661877353080612352 ) ) ;
#1448 = ORIENTED_EDGE ( 'NONE', *, *, #896, .F. ) ;
#1449 = VECTOR ( 'NONE', #1611, 1000.000000000000000 ) ;
#1450 = DIRECTION ( 'NONE',  ( 0.000000000000000000, 0.000000000000000000, 1.000000000000000000 ) ) ;
#1451 = VERTEX_POINT ( 'NONE', #500 ) ;
#1452 = ORIENTED_EDGE ( 'NONE', *, *, #800, .F. ) ;
#1453 = AXIS2_PLACEMENT_3D ( 'NONE', #2345, #1698, #1276 ) ;
#1454 = AXIS2_PLACEMENT_3D ( 'NONE', #1519, #265, #1295 ) ;
#1455 = VERTEX_POINT ( 'NONE', #1572 ) ;
#1456 = FILL_AREA_STYLE ('',( #1218 ) ) ;
#1457 = CIRCLE ( 'NONE', #1942, 1.600000000000000755 ) ;
#1458 = VECTOR ( 'NONE', #1394, 1000.000000000000000 ) ;
#1459 = CARTESIAN_POINT ( 'NONE',  ( -13.00000000000000711, 13.00000000000000000, 0.000000000000000000 ) ) ;
#1460 = CARTESIAN_POINT ( 'NONE',  ( -15.94521888576204738, -13.58277762649460207, 8.000000000000044409 ) ) ;
#1461 = VECTOR ( 'NONE', #76, 999.9999999999998863 ) ;
#1462 = VECTOR ( 'NONE', #131, 1000.000000000000000 ) ;
#1463 = EDGE_CURVE ( 'NONE', #862, #1588, #2164, .T. ) ;
#1464 = DIRECTION ( 'NONE',  ( 3.413144305457568632E-32, -1.000000000000000000, -1.967543734044216016E-16 ) ) ;
#1465 = CARTESIAN_POINT ( 'NONE',  ( -27.50000000000000711, 17.50000000000000000, -26.00000000000004263 ) ) ;
#1466 = VECTOR ( 'NONE', #383, 1000.000000000000000 ) ;
#1467 = EDGE_LOOP ( 'NONE', ( #46, #305, #2197, #136, #1668, #150 ) ) ;
#1468 = LINE ( 'NONE', #639, #644 ) ;
#1469 = B_SPLINE_CURVE_WITH_KNOTS ( 'NONE', 3,
 ( #1793, #266, #1363, #1383, #1606, #313, #1122, #1154, #2002, #102, #2638, #57, #956, #1348 ),
 .UNSPECIFIED., .F., .F.,
 ( 4, 2, 2, 2, 2, 2, 4 ),
 ( 0.000000000000000000, 0.005796722482252260507, 0.008695083723378389459, 0.01159344496450451928, 0.01449180620563064910, 0.01739016744675677892, 0.02318688992900903856 ),
 .UNSPECIFIED. ) ;
#1470 = ORIENTED_EDGE ( 'NONE', *, *, #1429, .F. ) ;
#1471 = CARTESIAN_POINT ( 'NONE',  ( -11.40000000000000568, 13.00000000000000000, 10.10628645568517214 ) ) ;
#1472 = DIRECTION ( 'NONE',  ( 1.000000000000000000, 0.000000000000000000, 0.000000000000000000 ) ) ;
#1473 = ORIENTED_EDGE ( 'NONE', *, *, #1397, .F. ) ;
#1474 = DIRECTION ( 'NONE',  ( 1.349221823327174429E-16, 1.967543734044216016E-16, -1.000000000000000000 ) ) ;
#1475 = DIRECTION ( 'NONE',  ( 1.000000000000000000, 0.000000000000000000, 0.000000000000000000 ) ) ;
#1476 = CARTESIAN_POINT ( 'NONE',  ( 19.50000000000001066, 14.49999999999999822, 0.000000000000000000 ) ) ;
#1477 = LINE ( 'NONE', #418, #1194 ) ;
#1478 = CARTESIAN_POINT ( 'NONE',  ( 13.46600074137171887, -15.97313980603305694, 8.000000000000261124 ) ) ;
#1479 = ORIENTED_EDGE ( 'NONE', *, *, #1620, .F. ) ;
#1480 = DIRECTION ( 'NONE',  ( 0.000000000000000000, 0.000000000000000000, -1.000000000000000000 ) ) ;
#1481 = ORIENTED_EDGE ( 'NONE', *, *, #1429, .T. ) ;
#1482 = EDGE_CURVE ( 'NONE', #641, #9, #2206, .T. ) ;
#1483 = EDGE_CURVE ( 'NONE', #438, #699, #943, .T. ) ;
#1484 = VERTEX_POINT ( 'NONE', #2623 ) ;
#1485 = CARTESIAN_POINT ( 'NONE',  ( -10.27688061080836412, -11.72639941411170383, 5.895970723218478149 ) ) ;
#1486 = DIRECTION ( 'NONE',  ( 1.349221823327174429E-16, 1.967543734044216016E-16, -1.000000000000000000 ) ) ;
#1487 = PLANE ( 'NONE',  #360 ) ;
#1488 = LINE ( 'NONE', #2101, #1368 ) ;
#1489 = LINE ( 'NONE', #1224, #302 ) ;
#1490 = ORIENTED_EDGE ( 'NONE', *, *, #2478, .T. ) ;
#1491 = LINE ( 'NONE', #1268, #1765 ) ;
#1492 = VECTOR ( 'NONE', #504, 1000.000000000000000 ) ;
#1493 = VERTEX_POINT ( 'NONE', #2655 ) ;
#1494 = PRODUCT_RELATED_PRODUCT_CATEGORY ( 'part', '', ( #915 ) ) ;
#1495 = EDGE_CURVE ( 'NONE', #2221, #2254, #87, .T. ) ;
#1496 = ORIENTED_EDGE ( 'NONE', *, *, #2138, .F. ) ;
#1497 = CARTESIAN_POINT ( 'NONE',  ( 12.99999999999999289, 13.00000000000000000, 10.10628645568517214 ) ) ;
#1498 = CARTESIAN_POINT ( 'NONE',  ( -27.50000000000001066, 9.014718625761441118, 4.000000000000027534 ) ) ;
#1499 = EDGE_LOOP ( 'NONE', ( #1217, #1963, #33, #1959 ) ) ;
#1500 = CARTESIAN_POINT ( 'NONE',  ( -16.00000000000000711, -12.99999999997970157, 7.990755995504986053 ) ) ;
#1501 = AXIS2_PLACEMENT_3D ( 'NONE', #1080, #1092, #1560 ) ;
#1502 = CIRCLE ( 'NONE', #615, 2.999999999999999112 ) ;
#1503 = AXIS2_PLACEMENT_3D ( 'NONE', #1966, #2547, #1927 ) ;
#1504 = LINE ( 'NONE', #1761, #1896 ) ;
#1505 = DIRECTION ( 'NONE',  ( -0.000000000000000000, -0.000000000000000000, -1.000000000000000000 ) ) ;
#1506 = VECTOR ( 'NONE', #938, 1000.000000000000000 ) ;
#1507 = AXIS2_PLACEMENT_3D ( 'NONE', #1076, #1928, #26 ) ;
#1508 = LINE ( 'NONE', #201, #1133 ) ;
#1509 = ORIENTED_EDGE ( 'NONE', *, *, #549, .T. ) ;
#1510 = EDGE_LOOP ( 'NONE', ( #1205, #2582, #1158, #1177 ) ) ;
#1511 = ORIENTED_EDGE ( 'NONE', *, *, #997, .T. ) ;
#1512 = EDGE_CURVE ( 'NONE', #2404, #1614, #1336, .T. ) ;
#1513 = CARTESIAN_POINT ( 'NONE',  ( -10.58898180877348416, -11.20300007046016333, 5.727368187634419350 ) ) ;
#1514 = CARTESIAN_POINT ( 'NONE',  ( 19.50000000000000711, -14.50000000000000178, 0.000000000000000000 ) ) ;
#1515 = DIRECTION ( 'NONE',  ( -1.000000000000000000, 8.786684129385964350E-17, 0.000000000000000000 ) ) ;
#1516 = EDGE_CURVE ( 'NONE', #1134, #991, #1469, .T. ) ;
#1517 = EDGE_CURVE ( 'NONE', #1060, #2738, #738, .T. ) ;
#1518 = LINE ( 'NONE', #1088, #258 ) ;
#1519 = CARTESIAN_POINT ( 'NONE',  ( -35.98528137423858908, 17.49999999999999289, 25.51609221829270169 ) ) ;
#1520 = CARTESIAN_POINT ( 'NONE',  ( -10.00000000000000711, -13.00000000000000000, 5.000000000000000000 ) ) ;
#1521 = VERTEX_POINT ( 'NONE', #2430 ) ;
#1522 = VERTEX_POINT ( 'NONE', #2225 ) ;
#1523 = ORIENTED_EDGE ( 'NONE', *, *, #1019, .T. ) ;
#1524 = DIRECTION ( 'NONE',  ( -0.000000000000000000, -0.000000000000000000, 1.000000000000000000 ) ) ;
#1525 = LINE ( 'NONE', #25, #358 ) ;
#1526 = CARTESIAN_POINT ( 'NONE',  ( 12.06192058463029859, 10.14386370761387823, 6.045685921252895945 ) ) ;
#1527 = LINE ( 'NONE', #1077, #215 ) ;
#1528 = EDGE_CURVE ( 'NONE', #2362, #680, #2593, .T. ) ;
#1529 = FACE_BOUND ( 'NONE', #2435, .T. ) ;
#1530 = EDGE_CURVE ( 'NONE', #1748, #1242, #586, .T. ) ;
#1531 = CARTESIAN_POINT ( 'NONE',  ( 27.50000000000000000, 17.50000000000000711, -20.00000000000003908 ) ) ;
#1532 = ORIENTED_EDGE ( 'NONE', *, *, #312, .F. ) ;
#1533 = CARTESIAN_POINT ( 'NONE',  ( -10.00000000000158806, -13.20702496825386696, 6.661363365875267561 ) ) ;
#1534 = ORIENTED_EDGE ( 'NONE', *, *, #2226, .T. ) ;
#1535 = AXIS2_PLACEMENT_3D ( 'NONE', #1853, #2502, #1881 ) ;
#1536 = ORIENTED_EDGE ( 'NONE', *, *, #253, .T. ) ;
#1537 = DIRECTION ( 'NONE',  ( -0.5839517053348524112, 0.5839517053348509679, -0.5639156068713093717 ) ) ;
#1538 = DIRECTION ( 'NONE',  ( 1.000000000000000000, 0.000000000000000000, 0.000000000000000000 ) ) ;
#1539 = CARTESIAN_POINT ( 'NONE',  ( 14.73423733901917210, 10.54447003305550368, 7.465984403695234306 ) ) ;
#1540 = EDGE_LOOP ( 'NONE', ( #509, #2540, #2166, #961, #2108 ) ) ;
#1541 = CARTESIAN_POINT ( 'NONE',  ( 10.72316764210253304, 14.96603093383834349, 7.573224487841747177 ) ) ;
#1542 = LINE ( 'NONE', #486, #1989 ) ;
#1543 = CARTESIAN_POINT ( 'NONE',  ( 37.85530313790588508, 9.014718625761414472, -6.000000000000034639 ) ) ;
#1544 = AXIS2_PLACEMENT_3D ( 'NONE', #2713, #1464, #598 ) ;
#1545 = ADVANCED_FACE ( 'NONE', ( #2178, #2017 ), #691, .T. ) ;
#1546 = DIRECTION ( 'NONE',  ( 0.000000000000000000, 0.000000000000000000, -1.000000000000000000 ) ) ;
#1547 = VECTOR ( 'NONE', #1778, 1000.000000000000000 ) ;
#1548 = VERTEX_POINT ( 'NONE', #1109 ) ;
#1549 = AXIS2_PLACEMENT_3D ( 'NONE', #1221, #1434, #1865 ) ;
#1550 = CARTESIAN_POINT ( 'NONE',  ( -12.05678523712845163, -15.85780241044974836, 7.929001779362300439 ) ) ;
#1551 = DIRECTION ( 'NONE',  ( 0.000000000000000000, 0.000000000000000000, 1.000000000000000000 ) ) ;
#1552 = VERTEX_POINT ( 'NONE', #899 ) ;
#1553 = CARTESIAN_POINT ( 'NONE',  ( -15.17943108273466812, -10.92891204164399177, 7.666371985666594391 ) ) ;
#1554 = DIRECTION ( 'NONE',  ( -1.000000000000000000, 0.000000000000000000, 0.000000000000000000 ) ) ;
#1555 = CARTESIAN_POINT ( 'NONE',  ( -19.50000000000001066, -19.50000000000000355, 0.000000000000000000 ) ) ;
#1556 = EDGE_LOOP ( 'NONE', ( #802, #579, #2710, #2514, #602, #148 ) ) ;
#1557 = LINE ( 'NONE', #2396, #1234 ) ;
#1558 = CARTESIAN_POINT ( 'NONE',  ( -27.50000000000000711, 17.50000000000000000, 8.000000000000000000 ) ) ;
#1559 = DIRECTION ( 'NONE',  ( 3.689885735629804459E-32, 1.967543734044216262E-16, -1.000000000000000000 ) ) ;
#1560 = DIRECTION ( 'NONE',  ( 1.000000000000000000, 0.000000000000000000, 0.000000000000000000 ) ) ;
#1561 = ORIENTED_EDGE ( 'NONE', *, *, #413, .T. ) ;
#1562 = CARTESIAN_POINT ( 'NONE',  ( -19.50000000000000711, -2.999999999999996891, -23.00000000000004974 ) ) ;
#1563 = CARTESIAN_POINT ( 'NONE',  ( 15.96563357997166399, 13.46768004379003436, 7.999459442586037916 ) ) ;
#1564 = EDGE_CURVE ( 'NONE', #1789, #1863, #709, .T. ) ;
#1565 = EDGE_CURVE ( 'NONE', #2200, #36, #1763, .T. ) ;
#1566 = VERTEX_POINT ( 'NONE', #2398 ) ;
#1567 = DIRECTION ( 'NONE',  ( -0.000000000000000000, -0.000000000000000000, -1.000000000000000000 ) ) ;
#1568 = ORIENTED_EDGE ( 'NONE', *, *, #629, .T. ) ;
#1569 = CARTESIAN_POINT ( 'NONE',  ( 13.88128595115251862, 10.12627397829085574, 7.033181486662416937 ) ) ;
#1570 = LINE ( 'NONE', #766, #1811 ) ;
#1571 = CARTESIAN_POINT ( 'NONE',  ( -30.50000000000000711, 3.000000000000002665, -23.00000000000004974 ) ) ;
#1572 = CARTESIAN_POINT ( 'NONE',  ( 50.98528137423861750, 22.50000000000006040, -18.00000000000003908 ) ) ;
#1573 = CARTESIAN_POINT ( 'NONE',  ( 55.98528137423861750, 17.50000000000004263, -6.000000000000029310 ) ) ;
#1574 = ORIENTED_EDGE ( 'NONE', *, *, #506, .T. ) ;
#1575 = CARTESIAN_POINT ( 'NONE',  ( 19.50000000000000711, -19.50000000000001066, -26.00000000000004263 ) ) ;
#1576 = ORIENTED_EDGE ( 'NONE', *, *, #2340, .F. ) ;
#1577 = ORIENTED_EDGE ( 'NONE', *, *, #2705, .F. ) ;
#1578 = EDGE_CURVE ( 'NONE', #2619, #2144, #1987, .T. ) ;
#1579 = CARTESIAN_POINT ( 'NONE',  ( -27.50000000000001066, -5.999999999999998224, -26.00000000000004619 ) ) ;
#1580 = CARTESIAN_POINT ( 'NONE',  ( 38.98528137423861750, 17.49999999999999645, -16.00000000000003908 ) ) ;
#1581 = VERTEX_POINT ( 'NONE', #169 ) ;
#1582 = DIRECTION ( 'NONE',  ( 0.7071067811865484609, -0.7071067811865465735, -4.372196160242400050E-17 ) ) ;
#1583 = VECTOR ( 'NONE', #630, 1000.000000000000000 ) ;
#1584 = CARTESIAN_POINT ( 'NONE',  ( 15.55573584253325592, -11.41582800684781418, 7.818735063793205597 ) ) ;
#1585 = CARTESIAN_POINT ( 'NONE',  ( 19.50000000000000711, -19.50000000000000355, 0.000000000000000000 ) ) ;
#1586 = CARTESIAN_POINT ( 'NONE',  ( 39.26362404039937104, 20.77834266616081038, -7.359999686864140855 ) ) ;
#1587 = CARTESIAN_POINT ( 'NONE',  ( -15.96547534288236392, 13.46868298171058953, 7.999466622543812022 ) ) ;
#1588 = VERTEX_POINT ( 'NONE', #2279 ) ;
#1589 = CIRCLE ( 'NONE', #392, 2.000000000000001776 ) ;
#1590 = AXIS2_PLACEMENT_3D ( 'NONE', #2608, #237, #2591 ) ;
#1591 = DIRECTION ( 'NONE',  ( 0.7071067811865464625, 0.7071067811865486830, 2.345307417223290386E-16 ) ) ;
#1592 = AXIS2_PLACEMENT_3D ( 'NONE', #1709, #448, #2015 ) ;
#1593 = VECTOR ( 'NONE', #722, 1000.000000000000000 ) ;
#1594 = LINE ( 'NONE', #386, #2508 ) ;
#1595 = ORIENTED_EDGE ( 'NONE', *, *, #1138, .F. ) ;
#1596 = AXIS2_PLACEMENT_3D ( 'NONE', #2341, #1951, #273 ) ;
#1597 = VECTOR ( 'NONE', #763, 1000.000000000000000 ) ;
#1598 = CARTESIAN_POINT ( 'NONE',  ( -12.24314744878328476, -10.09110987026599560, 6.136560891913774185 ) ) ;
#1599 = AXIS2_PLACEMENT_3D ( 'NONE', #2060, #269, #946 ) ;
#1600 = CARTESIAN_POINT ( 'NONE',  ( -37.85530313790587797, 17.49999999999999645, -6.000000000000044409 ) ) ;
#1601 = VERTEX_POINT ( 'NONE', #1618 ) ;
#1602 = FACE_OUTER_BOUND ( 'NONE', #848, .T. ) ;
#1603 = EDGE_CURVE ( 'NONE', #2474, #1659, #1960, .T. ) ;
#1604 = CARTESIAN_POINT ( 'NONE',  ( -37.85530313790587797, 22.50000000000004619, -6.000000000000047962 ) ) ;
#1605 = CARTESIAN_POINT ( 'NONE',  ( -27.50000000000000711, 3.000000000000002665, -19.00000000000004974 ) ) ;
#1606 = CARTESIAN_POINT ( 'NONE',  ( -3.896392965663875607, 17.50000000000000000, 7.378399263334602942 ) ) ;
#1607 = EDGE_CURVE ( 'NONE', #1624, #1680, #341, .T. ) ;
#1608 = ADVANCED_FACE ( 'NONE', ( #1182 ), #380, .T. ) ;
#1609 = CARTESIAN_POINT ( 'NONE',  ( -11.01646210672647541, 10.74690501642878537, 5.703208370658290782 ) ) ;
#1610 = ORIENTED_EDGE ( 'NONE', *, *, #580, .T. ) ;
#1611 = DIRECTION ( 'NONE',  ( -0.000000000000000000, -0.000000000000000000, 1.000000000000000000 ) ) ;
#1612 = ORIENTED_EDGE ( 'NONE', *, *, #2311, .F. ) ;
#1613 = CARTESIAN_POINT ( 'NONE',  ( 22.50000000000001066, 17.50000000000000000, 8.000000000000000000 ) ) ;
#1614 = VERTEX_POINT ( 'NONE', #793 ) ;
#1615 = DIRECTION ( 'NONE',  ( -0.000000000000000000, -0.000000000000000000, -1.000000000000000000 ) ) ;
#1616 = CARTESIAN_POINT ( 'NONE',  ( 15.99999999999999289, -13.00000000000336975, 7.990755995505702813 ) ) ;
#1617 = CARTESIAN_POINT ( 'NONE',  ( -87.19707759714370354, 23.50000000000004974, -6.000000000000050626 ) ) ;
#1618 = CARTESIAN_POINT ( 'NONE',  ( 9.999999999999992895, 12.99999999998683187, 6.546084143049679227 ) ) ;
#1619 = ADVANCED_FACE ( 'NONE', ( #2498, #2724, #1662 ), #1028, .T. ) ;
#1620 = EDGE_CURVE ( 'NONE', #2738, #2419, #2239, .T. ) ;
#1621 = CARTESIAN_POINT ( 'NONE',  ( -15.94498533391765882, 13.58375443731019061, 7.999999999999998224 ) ) ;
#1622 = ORIENTED_EDGE ( 'NONE', *, *, #447, .T. ) ;
#1623 = DIRECTION ( 'NONE',  ( 1.000000000000000000, 0.000000000000000000, 0.000000000000000000 ) ) ;
#1624 = VERTEX_POINT ( 'NONE', #996 ) ;
#1625 = DIRECTION ( 'NONE',  ( 0.000000000000000000, 0.000000000000000000, 1.000000000000000000 ) ) ;
#1626 = DIRECTION ( 'NONE',  ( 0.000000000000000000, 0.000000000000000000, -1.000000000000000000 ) ) ;
#1627 = ORIENTED_EDGE ( 'NONE', *, *, #1495, .T. ) ;
#1628 = LINE ( 'NONE', #1805, #474 ) ;
#1629 = ORIENTED_EDGE ( 'NONE', *, *, #713, .T. ) ;
#1630 = CARTESIAN_POINT ( 'NONE',  ( 27.50000000000000711, -6.742640687119289211, -23.00000000000004263 ) ) ;
#1631 = DIRECTION ( 'NONE',  ( 8.673617379884035472E-16, -1.000000000000000000, 0.000000000000000000 ) ) ;
#1632 = AXIS2_PLACEMENT_3D ( 'NONE', #1948, #1755, #877 ) ;
#1633 = CARTESIAN_POINT ( 'NONE',  ( -10.10757791210802914, 13.82293516272660661, 7.001746634400491942 ) ) ;
#1634 = CARTESIAN_POINT ( 'NONE',  ( -10.08397145824010899, 12.27137415582108027, 6.150996369066830560 ) ) ;
#1635 = ORIENTED_EDGE ( 'NONE', *, *, #1397, .T. ) ;
#1636 = EDGE_CURVE ( 'NONE', #1717, #1145, #1444, .T. ) ;
#1637 =( BOUNDED_CURVE ( )  B_SPLINE_CURVE ( 3, ( #1654, #977, #345, #2676 ),
 .UNSPECIFIED., .F., .T. ) 
 B_SPLINE_CURVE_WITH_KNOTS ( ( 4, 4 ),
 ( 3.113807863336590437E-16, 1.570796326794896336 ),
 .UNSPECIFIED. ) 
 CURVE ( )  GEOMETRIC_REPRESENTATION_ITEM ( )  RATIONAL_B_SPLINE_CURVE ( ( 1.000000000000000000, 0.8047378541243650485, 0.8047378541243650485, 1.000000000000000000 ) ) 
 REPRESENTATION_ITEM ( '' )  );
#1638 = CARTESIAN_POINT ( 'NONE',  ( 9.999999999999992895, 13.00000000000000000, 5.000000000000000000 ) ) ;
#1639 = AXIS2_PLACEMENT_3D ( 'NONE', #1710, #1136, #449 ) ;
#1640 = ORIENTED_EDGE ( 'NONE', *, *, #2207, .T. ) ;
#1641 = VECTOR ( 'NONE', #595, 1000.000000000000000 ) ;
#1642 = VECTOR ( 'NONE', #975, 1000.000000000000000 ) ;
#1643 = PRODUCT_CONTEXT ( 'NONE', #663, 'mechanical' ) ;
#1644 = ORIENTED_EDGE ( 'NONE', *, *, #662, .T. ) ;
#1645 = VECTOR ( 'NONE', #1486, 1000.000000000000000 ) ;
#1646 = VECTOR ( 'NONE', #245, 1000.000000000000000 ) ;
#1647 = ORIENTED_EDGE ( 'NONE', *, *, #177, .T. ) ;
#1648 = FACE_OUTER_BOUND ( 'NONE', #1556, .T. ) ;
#1649 = DIRECTION ( 'NONE',  ( 0.000000000000000000, 0.000000000000000000, 1.000000000000000000 ) ) ;
#1650 = DIRECTION ( 'NONE',  ( -0.000000000000000000, -0.000000000000000000, 1.000000000000000000 ) ) ;
#1651 = DIRECTION ( 'NONE',  ( -0.000000000000000000, -0.000000000000000000, -1.000000000000000000 ) ) ;
#1652 = CARTESIAN_POINT ( 'NONE',  ( -38.98528137423858908, 17.49999999999999645, -16.00000000000003908 ) ) ;
#1653 = EDGE_LOOP ( 'NONE', ( #1170, #422 ) ) ;
#1654 = CARTESIAN_POINT ( 'NONE',  ( 35.98528137423861040, 17.50000000000004619, -20.00000000000003908 ) ) ;
#1655 = ORIENTED_EDGE ( 'NONE', *, *, #1483, .F. ) ;
#1656 = ADVANCED_FACE ( 'NONE', ( #1211 ), #1408, .F. ) ;
#1657 = EDGE_CURVE ( 'NONE', #36, #343, #2302, .T. ) ;
#1658 = EDGE_LOOP ( 'NONE', ( #1612, #1574, #2469, #2599 ) ) ;
#1659 = VERTEX_POINT ( 'NONE', #2695 ) ;
#1660 = DIRECTION ( 'NONE',  ( -3.689885735629804459E-32, -1.967543734044216262E-16, 1.000000000000000000 ) ) ;
#1661 = CARTESIAN_POINT ( 'NONE',  ( -87.19707759714370354, 6.000000000000008882, -26.00000000000005329 ) ) ;
#1662 = FACE_OUTER_BOUND ( 'NONE', #1208, .T. ) ;
#1663 = CARTESIAN_POINT ( 'NONE',  ( -50.98528137423859619, 17.49999999999999645, -16.00000000000003908 ) ) ;
#1664 = FACE_OUTER_BOUND ( 'NONE', #1883, .T. ) ;
#1665 = ORIENTED_EDGE ( 'NONE', *, *, #816, .T. ) ;
#1666 = CARTESIAN_POINT ( 'NONE',  ( -19.50000000000000355, 17.49999999999999645, -26.00000000000004263 ) ) ;
#1667 = VERTEX_POINT ( 'NONE', #984 ) ;
#1668 = ORIENTED_EDGE ( 'NONE', *, *, #2022, .F. ) ;
#1669 = ADVANCED_FACE ( 'NONE', ( #2088 ), #1836, .F. ) ;
#1670 = ORIENTED_EDGE ( 'NONE', *, *, #986, .F. ) ;
#1671 = CARTESIAN_POINT ( 'NONE',  ( -10.00000000000000711, 12.99999999999993605, 6.546084143056977389 ) ) ;
#1672 = DIRECTION ( 'NONE',  ( -1.000000000000000000, 0.000000000000000000, 0.000000000000000000 ) ) ;
#1673 = DIRECTION ( 'NONE',  ( 0.000000000000000000, -0.000000000000000000, 1.000000000000000000 ) ) ;
#1674 = DIRECTION ( 'NONE',  ( 0.000000000000000000, -1.000000000000000000, 0.000000000000000000 ) ) ;
#1675 = CARTESIAN_POINT ( 'NONE',  ( -32.50000000000007105, 22.50000000000004263, -0.8284438740353595731 ) ) ;
#1676 = EDGE_LOOP ( 'NONE', ( #453, #2229, #1311, #2052 ) ) ;
#1677 = CARTESIAN_POINT ( 'NONE',  ( 35.98528137423861040, 17.50000000000004619, -20.00000000000003908 ) ) ;
#1678 = ORIENTED_EDGE ( 'NONE', *, *, #2022, .T. ) ;
#1679 = CARTESIAN_POINT ( 'NONE',  ( -50.98528137423859619, 22.50000000000006040, -18.00000000000003908 ) ) ;
#1680 = VERTEX_POINT ( 'NONE', #1395 ) ;
#1681 = VECTOR ( 'NONE', #366, 1000.000000000000000 ) ;
#1682 = AXIS2_PLACEMENT_3D ( 'NONE', #419, #7, #2128 ) ;
#1683 =( LENGTH_UNIT ( ) NAMED_UNIT ( * ) SI_UNIT ( .MILLI., .METRE. ) );
#1684 = AXIS2_PLACEMENT_3D ( 'NONE', #623, #2723, #819 ) ;
#1685 = CARTESIAN_POINT ( 'NONE',  ( -11.40000000000000568, -13.00000000000000000, 0.000000000000000000 ) ) ;
#1686 = FACE_OUTER_BOUND ( 'NONE', #921, .T. ) ;
#1687 = AXIS2_PLACEMENT_3D ( 'NONE', #2708, #2384, #1779 ) ;
#1688 = CARTESIAN_POINT ( 'NONE',  ( 50.98528137423861750, 17.49999999999999645, -16.00000000000003908 ) ) ;
#1689 = ADVANCED_FACE ( 'NONE', ( #1422, #587 ), #1487, .T. ) ;
#1690 = FACE_OUTER_BOUND ( 'NONE', #725, .T. ) ;
#1691 = ADVANCED_FACE ( 'NONE', ( #1291 ), #1902, .F. ) ;
#1692 = EDGE_LOOP ( 'NONE', ( #166, #1069, #604, #1021, #397, #72, #952, #2026, #670, #2481, #1695, #2730, #1933, #594, #1184, #787 ) ) ;
#1693 = LINE ( 'NONE', #1893, #71 ) ;
#1694 = VERTEX_POINT ( 'NONE', #1476 ) ;
#1695 = ORIENTED_EDGE ( 'NONE', *, *, #2719, .F. ) ;
#1696 = DIRECTION ( 'NONE',  ( 1.000000000000000000, 0.000000000000000000, 0.000000000000000000 ) ) ;
#1697 = DIRECTION ( 'NONE',  ( 0.000000000000000000, -1.967543734044216262E-16, 1.000000000000000000 ) ) ;
#1698 = DIRECTION ( 'NONE',  ( 0.000000000000000000, 0.000000000000000000, 1.000000000000000000 ) ) ;
#1699 = CARTESIAN_POINT ( 'NONE',  ( -1.349221823327174626E-15, 1.782885509947318770E-15, -19.00000000000004974 ) ) ;
#1700 = CARTESIAN_POINT ( 'NONE',  ( 12.99999999999999289, 13.00000000000000000, 5.000000000000000000 ) ) ;
#1701 = EDGE_LOOP ( 'NONE', ( #1786, #1841, #1370, #2009, #181 ) ) ;
#1702 = EDGE_CURVE ( 'NONE', #567, #1814, #15, .T. ) ;
#1703 = DIRECTION ( 'NONE',  ( 1.000000000000000000, 0.000000000000000000, 0.000000000000000000 ) ) ;
#1704 = VERTEX_POINT ( 'NONE', #2527 ) ;
#1705 = ORIENTED_EDGE ( 'NONE', *, *, #446, .T. ) ;
#1706 = DIRECTION ( 'NONE',  ( -1.000000000000000000, 0.000000000000000000, -2.201794655477298988E-16 ) ) ;
#1707 = DIRECTION ( 'NONE',  ( -1.000000000000000000, 0.000000000000000000, 0.000000000000000000 ) ) ;
#1708 = CARTESIAN_POINT ( 'NONE',  ( 12.99999999999999289, -13.00000000000000000, 8.000000000000000000 ) ) ;
#1709 = CARTESIAN_POINT ( 'NONE',  ( -50.98528137423859619, 17.49999999999999645, -16.00000000000003908 ) ) ;
#1710 = CARTESIAN_POINT ( 'NONE',  ( -27.50000000000000711, 1.902612402146063679E-15, -19.00000000000004974 ) ) ;
#1711 = FACE_BOUND ( 'NONE', #1228, .T. ) ;
#1712 = EDGE_CURVE ( 'NONE', #1717, #1385, #2260, .T. ) ;
#1713 = VERTEX_POINT ( 'NONE', #2355 ) ;
#1714 = ORIENTED_EDGE ( 'NONE', *, *, #2006, .T. ) ;
#1715 = ADVANCED_FACE ( 'NONE', ( #624 ), #2306, .T. ) ;
#1716 = EDGE_CURVE ( 'NONE', #118, #1352, #344, .T. ) ;
#1717 = VERTEX_POINT ( 'NONE', #1302 ) ;
#1718 = LINE ( 'NONE', #673, #529 ) ;
#1719 = DIRECTION ( 'NONE',  ( -0.000000000000000000, -0.000000000000000000, -1.000000000000000000 ) ) ;
#1720 = CIRCLE ( 'NONE', #1241, 8.000000000000000000 ) ;
#1721 = FACE_OUTER_BOUND ( 'NONE', #2361, .T. ) ;
#1722 = CIRCLE ( 'NONE', #81, 2.000000000000001776 ) ;
#1723 = CIRCLE ( 'NONE', #132, 1.600000000000000755 ) ;
#1724 = AXIS2_PLACEMENT_3D ( 'NONE', #2099, #196, #1672 ) ;
#1725 = DIRECTION ( 'NONE',  ( -0.000000000000000000, -0.000000000000000000, 1.000000000000000000 ) ) ;
#1726 = CARTESIAN_POINT ( 'NONE',  ( 50.98528137423861750, 17.49999999999999645, -16.00000000000003908 ) ) ;
#1727 = VECTOR ( 'NONE', #723, 1000.000000000000000 ) ;
#1728 = AXIS2_PLACEMENT_3D ( 'NONE', #1976, #1591, #73 ) ;
#1729 = LINE ( 'NONE', #1337, #2741 ) ;
#1730 = ORIENTED_EDGE ( 'NONE', *, *, #346, .T. ) ;
#1731 = DIRECTION ( 'NONE',  ( 1.349221823327174429E-16, 0.000000000000000000, -1.000000000000000000 ) ) ;
#1732 = ORIENTED_EDGE ( 'NONE', *, *, #911, .T. ) ;
#1733 = EDGE_CURVE ( 'NONE', #1310, #1566, #2126, .T. ) ;
#1734 = ADVANCED_FACE ( 'NONE', ( #1686 ), #1888, .F. ) ;
#1735 = DIRECTION ( 'NONE',  ( 0.000000000000000000, -0.000000000000000000, 1.000000000000000000 ) ) ;
#1736 = DIRECTION ( 'NONE',  ( 0.7071067811865485719, -0.7071067811865464625, 5.916456789157588541E-31 ) ) ;
#1737 = DIRECTION ( 'NONE',  ( 0.000000000000000000, 1.967543734044216262E-16, -1.000000000000000000 ) ) ;
#1738 = DIRECTION ( 'NONE',  ( 0.000000000000000000, -1.000000000000000000, 0.000000000000000000 ) ) ;
#1739 = CARTESIAN_POINT ( 'NONE',  ( -16.00000000000000711, -13.00000000000000000, 5.000000000000000000 ) ) ;
#1740 = CARTESIAN_POINT ( 'NONE',  ( -35.98528137423858908, 17.50000000000000000, -21.75735931288075875 ) ) ;
#1741 = ORIENTED_EDGE ( 'NONE', *, *, #593, .T. ) ;
#1742 = DIRECTION ( 'NONE',  ( -1.000000000000000000, 0.000000000000000000, -1.349221823327174429E-16 ) ) ;
#1743 = ORIENTED_EDGE ( 'NONE', *, *, #1382, .T. ) ;
#1744 = CARTESIAN_POINT ( 'NONE',  ( -27.50000000000000711, 3.000000000000001776, -19.00000000000004974 ) ) ;
#1745 = DIRECTION ( 'NONE',  ( -0.000000000000000000, 0.000000000000000000, 1.000000000000000000 ) ) ;
#1746 = CARTESIAN_POINT ( 'NONE',  ( 12.79233435722614054, 10.00164354326391880, 6.430530598673359854 ) ) ;
#1747 = EDGE_CURVE ( 'NONE', #112, #1004, #2652, .T. ) ;
#1748 = VERTEX_POINT ( 'NONE', #854 ) ;
#1749 = CARTESIAN_POINT ( 'NONE',  ( 10.87703318997230717, 15.13220816386786360, 7.646205605600701283 ) ) ;
#1750 = FACE_OUTER_BOUND ( 'NONE', #1467, .T. ) ;
#1751 = CARTESIAN_POINT ( 'NONE',  ( -19.50000000000000355, 14.50000000000000178, -63.85498646149545721 ) ) ;
#1752 = CARTESIAN_POINT ( 'NONE',  ( -51.74264068711926967, 17.50000000000000000, -26.00000000000004619 ) ) ;
#1753 = ORIENTED_EDGE ( 'NONE', *, *, #1657, .T. ) ;
#1754 = LINE ( 'NONE', #1142, #1090 ) ;
#1755 = DIRECTION ( 'NONE',  ( -0.000000000000000000, -0.000000000000000000, -1.000000000000000000 ) ) ;
#1756 = EDGE_LOOP ( 'NONE', ( #2235, #2244, #2217, #695 ) ) ;
#1757 = CARTESIAN_POINT ( 'NONE',  ( -10.13583784413991928, -12.08675698463915005, 6.057721687850865955 ) ) ;
#1758 = CARTESIAN_POINT ( 'NONE',  ( 22.50000000000001066, 14.50000000000000178, 0.000000000000000000 ) ) ;
#1759 = FACE_OUTER_BOUND ( 'NONE', #760, .T. ) ;
#1760 = ORIENTED_EDGE ( 'NONE', *, *, #121, .T. ) ;
#1761 = CARTESIAN_POINT ( 'NONE',  ( 32.50000000000004974, 22.50000000000004974, -26.00000000000003197 ) ) ;
#1762 = LINE ( 'NONE', #1930, #2432 ) ;
#1763 = LINE ( 'NONE', #2609, #179 ) ;
#1764 = AXIS2_PLACEMENT_3D ( 'NONE', #2411, #310, #1791 ) ;
#1765 = VECTOR ( 'NONE', #2728, 1000.000000000000000 ) ;
#1766 = EDGE_CURVE ( 'NONE', #1061, #1588, #758, .T. ) ;
#1767 = EDGE_CURVE ( 'NONE', #638, #814, #2215, .T. ) ;
#1768 = CARTESIAN_POINT ( 'NONE',  ( -36.50000000000002132, 16.25735931288071612, -23.00000000000003908 ) ) ;
#1769 = VECTOR ( 'NONE', #995, 1000.000000000000000 ) ;
#1770 = VERTEX_POINT ( 'NONE', #429 ) ;
#1771 = AXIS2_PLACEMENT_3D ( 'NONE', #2648, #979, #1163 ) ;
#1772 = CARTESIAN_POINT ( 'NONE',  ( -12.51937055320021486, -15.97080528492531037, 7.970839631102731637 ) ) ;
#1773 = PLANE ( 'NONE',  #164 ) ;
#1774 = EDGE_LOOP ( 'NONE', ( #1299, #2616, #491, #2503 ) ) ;
#1775 = DIRECTION ( 'NONE',  ( 1.349221823327174429E-16, 1.967543734044216016E-16, -1.000000000000000000 ) ) ;
#1776 = CARTESIAN_POINT ( 'NONE',  ( 15.31698956788268973, 11.08347503413433444, 7.723746926294559501 ) ) ;
#1777 = LINE ( 'NONE', #2000, #873 ) ;
#1778 = DIRECTION ( 'NONE',  ( 1.349221823327174429E-16, 1.967543734044216016E-16, -1.000000000000000000 ) ) ;
#1779 = DIRECTION ( 'NONE',  ( 0.000000000000000000, 0.000000000000000000, -1.000000000000000000 ) ) ;
#1780 = LINE ( 'NONE', #1531, #2428 ) ;
#1781 = ORIENTED_EDGE ( 'NONE', *, *, #2493, .F. ) ;
#1782 = ADVANCED_FACE ( 'NONE', ( #2548, #2136 ), #844, .T. ) ;
#1783 = EDGE_CURVE ( 'NONE', #444, #2351, #881, .T. ) ;
#1784 = CARTESIAN_POINT ( 'NONE',  ( 30.50000000000000000, 7.772077938642133255, -23.00000000000003908 ) ) ;
#1785 = ORIENTED_EDGE ( 'NONE', *, *, #1220, .F. ) ;
#1786 = ORIENTED_EDGE ( 'NONE', *, *, #1904, .F. ) ;
#1787 = CARTESIAN_POINT ( 'NONE',  ( -13.87901902613597294, -10.12554606692035897, 7.031969484386644709 ) ) ;
#1788 = CARTESIAN_POINT ( 'NONE',  ( -19.50000000000000711, -5.999999999999998224, -26.00000000000004619 ) ) ;
#1789 = VERTEX_POINT ( 'NONE', #2537 ) ;
#1790 = CYLINDRICAL_SURFACE ( 'NONE', #1376, 2.000000000000001776 ) ;
#1791 = DIRECTION ( 'NONE',  ( 0.000000000000000000, -1.967543734044216262E-16, 1.000000000000000000 ) ) ;
#1792 = DIRECTION ( 'NONE',  ( 0.000000000000000000, -1.000000000000000000, 0.000000000000000000 ) ) ;
#1793 = CARTESIAN_POINT ( 'NONE',  ( -11.60818676624389489, 17.50000000000000000, 8.000000000000000000 ) ) ;
#1794 = CARTESIAN_POINT ( 'NONE',  ( 28.74264068711928743, -5.500000000000001776, -23.00000000000004263 ) ) ;
#1795 = VERTEX_POINT ( 'NONE', #635 ) ;
#1796 = DIRECTION ( 'NONE',  ( 1.000000000000000000, 0.000000000000000000, 0.000000000000000000 ) ) ;
#1797 = CARTESIAN_POINT ( 'NONE',  ( -30.50000000000000711, 9.014718625761444670, -23.00000000000004619 ) ) ;
#1798 = ADVANCED_FACE ( 'NONE', ( #1721 ), #2565, .F. ) ;
#1799 = ORIENTED_EDGE ( 'NONE', *, *, #860, .T. ) ;
#1800 = EDGE_CURVE ( 'NONE', #688, #1624, #2576, .T. ) ;
#1801 = ADVANCED_FACE ( 'NONE', ( #2201 ), #323, .F. ) ;
#1802 = CARTESIAN_POINT ( 'NONE',  ( -12.60758109396886795, -10.01998742060767711, 6.328526589316018303 ) ) ;
#1803 = CARTESIAN_POINT ( 'NONE',  ( -14.60000000000000675, -13.00000000000000000, 5.000000000000000000 ) ) ;
#1804 = ORIENTED_EDGE ( 'NONE', *, *, #1256, .F. ) ;
#1805 = CARTESIAN_POINT ( 'NONE',  ( -50.98528137423859619, 22.50000000000006040, -18.00000000000003908 ) ) ;
#1806 = CARTESIAN_POINT ( 'NONE',  ( 13.15439751597954299, -9.998417144956196267, 6.631977942465844045 ) ) ;
#1807 = PLANE ( 'NONE',  #1094 ) ;
#1808 = CARTESIAN_POINT ( 'NONE',  ( -27.50000000000000000, 9.014718625761441118, -21.75735931288075875 ) ) ;
#1809 = CARTESIAN_POINT ( 'NONE',  ( -11.26050018386290041, 10.55366222636921947, 5.745129727303021738 ) ) ;
#1810 = ORIENTED_EDGE ( 'NONE', *, *, #1463, .F. ) ;
#1811 = VECTOR ( 'NONE', #941, 1000.000000000000114 ) ;
#1812 = CIRCLE ( 'NONE', #969, 8.000000000000000000 ) ;
#1813 = DIRECTION ( 'NONE',  ( -1.875376730785737226E-16, -1.000000000000000000, 0.000000000000000000 ) ) ;
#1814 = VERTEX_POINT ( 'NONE', #1555 ) ;
#1815 = VECTOR ( 'NONE', #2327, 999.9999999999998863 ) ;
#1816 = AXIS2_PLACEMENT_3D ( 'NONE', #1997, #747, #124 ) ;
#1817 = DIRECTION ( 'NONE',  ( 3.413144305457568632E-32, -1.000000000000000000, -1.967543734044216016E-16 ) ) ;
#1818 = DIRECTION ( 'NONE',  ( -1.000000000000000000, 0.000000000000000000, 0.000000000000000000 ) ) ;
#1819 = ORIENTED_EDGE ( 'NONE', *, *, #19, .F. ) ;
#1820 = LINE ( 'NONE', #2455, #1318 ) ;
#1821 = EDGE_CURVE ( 'NONE', #1601, #484, #574, .T. ) ;
#1822 = ADVANCED_FACE ( 'NONE', ( #1759 ), #1967, .F. ) ;
#1823 = DIRECTION ( 'NONE',  ( 3.413144305457568632E-32, -1.000000000000000000, -1.967543734044216016E-16 ) ) ;
#1824 = DIRECTION ( 'NONE',  ( 1.349221823327174429E-16, 1.967543734044216016E-16, -1.000000000000000000 ) ) ;
#1825 = CARTESIAN_POINT ( 'NONE',  ( -11.83171729173988496, 15.77314175414296749, 7.899413426301217456 ) ) ;
#1826 = CARTESIAN_POINT ( 'NONE',  ( -16.00000000000001066, 13.11837025989228600, 7.994347431998824582 ) ) ;
#1827 = VERTEX_POINT ( 'NONE', #275 ) ;
#1828 = CARTESIAN_POINT ( 'NONE',  ( -35.98528137423858198, 17.50000000000000000, -20.00000000000004619 ) ) ;
#1829 = ORIENTED_EDGE ( 'NONE', *, *, #327, .F. ) ;
#1830 = DIRECTION ( 'NONE',  ( 0.7071067811865486830, -0.7071067811865464625, 5.916456789157589416E-31 ) ) ;
#1831 = EDGE_LOOP ( 'NONE', ( #2677, #2218, #2005, #683 ) ) ;
#1832 = CARTESIAN_POINT ( 'NONE',  ( -27.50000000000000711, 17.50000000000000000, 8.000000000000000000 ) ) ;
#1833 = CARTESIAN_POINT ( 'NONE',  ( 14.40569278117633267, -10.32335477431877813, 7.309061292973280111 ) ) ;
#1834 = DIRECTION ( 'NONE',  ( -1.000000000000000000, 0.000000000000000000, -1.349221823327174429E-16 ) ) ;
#1835 = EDGE_CURVE ( 'NONE', #2351, #112, #65, .T. ) ;
#1836 = CYLINDRICAL_SURFACE ( 'NONE', #971, 2.999999999999999112 ) ;
#1837 = CARTESIAN_POINT ( 'NONE',  ( -13.70141607093321845, 10.05895703067904634, 6.938511581063597333 ) ) ;
#1838 = EDGE_LOOP ( 'NONE', ( #1873, #1882, #1258, #988 ) ) ;
#1839 = CARTESIAN_POINT ( 'NONE',  ( -27.50000000000000711, 17.50000000000000000, 4.000000000000026645 ) ) ;
#1840 = ORIENTED_EDGE ( 'NONE', *, *, #1066, .F. ) ;
#1841 = ORIENTED_EDGE ( 'NONE', *, *, #1970, .T. ) ;
#1842 = CARTESIAN_POINT ( 'NONE',  ( -27.50000000000000711, 17.50000000000000000, 8.000000000000000000 ) ) ;
#1843 = ORIENTED_EDGE ( 'NONE', *, *, #676, .F. ) ;
#1844 = CARTESIAN_POINT ( 'NONE',  ( -16.00000000000000711, 13.00000000000000000, 5.000000000000000000 ) ) ;
#1845 = DIRECTION ( 'NONE',  ( -1.000000000000000000, 0.000000000000000000, 0.000000000000000000 ) ) ;
#1846 = AXIS2_PLACEMENT_3D ( 'NONE', #1255, #2739, #1922 ) ;
#1847 = CARTESIAN_POINT ( 'NONE',  ( -11.40000000000000568, -13.00000000000000000, 10.10628645568517214 ) ) ;
#1848 = CARTESIAN_POINT ( 'NONE',  ( 13.69762540848755350, 15.91775920689705792, 8.000000000000000000 ) ) ;
#1849 = CARTESIAN_POINT ( 'NONE',  ( -16.00000000000000711, 12.99999999999999112, 7.990755995505600673 ) ) ;
#1850 = ORIENTED_EDGE ( 'NONE', *, *, #271, .T. ) ;
#1851 = ADVANCED_FACE ( 'NONE', ( #1357 ), #1790, .F. ) ;
#1852 = ADVANCED_FACE ( 'NONE', ( #1981 ), #735, .T. ) ;
#1853 = CARTESIAN_POINT ( 'NONE',  ( 27.50000000000000000, 17.50000000000000000, 8.000000000000000000 ) ) ;
#1854 = AXIS2_PLACEMENT_3D ( 'NONE', #1916, #1053, #223 ) ;
#1855 = AXIS2_PLACEMENT_3D ( 'NONE', #1384, #740, #134 ) ;
#1856 = ORIENTED_EDGE ( 'NONE', *, *, #2491, .F. ) ;
#1857 = CIRCLE ( 'NONE', #654, 20.99999999999999645 ) ;
#1858 = VECTOR ( 'NONE', #1824, 1000.000000000000000 ) ;
#1859 = VERTEX_POINT ( 'NONE', #2424 ) ;
#1860 = AXIS2_PLACEMENT_3D ( 'NONE', #891, #882, #1735 ) ;
#1861 = VECTOR ( 'NONE', #2413, 1000.000000000000000 ) ;
#1862 = CIRCLE ( 'NONE', #301, 8.000000000000000000 ) ;
#1863 = VERTEX_POINT ( 'NONE', #2443 ) ;
#1864 = DIRECTION ( 'NONE',  ( 0.000000000000000000, 0.000000000000000000, -1.000000000000000000 ) ) ;
#1865 = DIRECTION ( 'NONE',  ( 0.000000000000000000, -1.967543734044216509E-16, 1.000000000000000000 ) ) ;
#1866 = DIRECTION ( 'NONE',  ( 3.413144305457568632E-32, -1.000000000000000000, -1.967543734044216016E-16 ) ) ;
#1867 = DIRECTION ( 'NONE',  ( -0.000000000000000000, -0.000000000000000000, -1.000000000000000000 ) ) ;
#1868 = ORIENTED_EDGE ( 'NONE', *, *, #1870, .T. ) ;
#1869 = CARTESIAN_POINT ( 'NONE',  ( -13.00000000000000711, 13.00000000000000000, 5.000000000000000000 ) ) ;
#1870 = EDGE_CURVE ( 'NONE', #1493, #1342, #1720, .T. ) ;
#1871 = ADVANCED_FACE ( 'NONE', ( #1602 ), #765, .F. ) ;
#1872 = VERTEX_POINT ( 'NONE', #981 ) ;
#1873 = ORIENTED_EDGE ( 'NONE', *, *, #534, .F. ) ;
#1874 = ORIENTED_EDGE ( 'NONE', *, *, #1516, .T. ) ;
#1875 = CARTESIAN_POINT ( 'NONE',  ( 10.08513325106994252, -12.26642078737311969, 6.148437741954492886 ) ) ;
#1876 = CARTESIAN_POINT ( 'NONE',  ( 38.98528137423861750, 17.49999999999999645, -14.00000000000003730 ) ) ;
#1877 = CARTESIAN_POINT ( 'NONE',  ( -10.45713830717738801, 14.60698610330932823, 7.405394944562359250 ) ) ;
#1878 = CARTESIAN_POINT ( 'NONE',  ( -38.98528137423858908, 22.50000000000006040, -18.00000000000003908 ) ) ;
#1879 = CARTESIAN_POINT ( 'NONE',  ( 13.69762540848755350, -15.91775920689705792, 8.000000000000000000 ) ) ;
#1880 = ORIENTED_EDGE ( 'NONE', *, *, #752, .T. ) ;
#1881 = DIRECTION ( 'NONE',  ( 1.875376730785737226E-16, -1.000000000000000000, 0.000000000000000000 ) ) ;
#1882 = ORIENTED_EDGE ( 'NONE', *, *, #1223, .F. ) ;
#1883 = EDGE_LOOP ( 'NONE', ( #251, #2451, #1856, #242, #524, #1323 ) ) ;
#1884 = EDGE_CURVE ( 'NONE', #1910, #2467, #1044, .T. ) ;
#1885 = EDGE_CURVE ( 'NONE', #1713, #1872, #2236, .T. ) ;
#1886 = SURFACE_STYLE_FILL_AREA ( #1456 ) ;
#1887 = CYLINDRICAL_SURFACE ( 'NONE', #1724, 8.000000000000000000 ) ;
#1888 = PLANE ( 'NONE',  #254 ) ;
#1889 = AXIS2_PLACEMENT_3D ( 'NONE', #743, #2020, #1438 ) ;
#1890 = FACE_BOUND ( 'NONE', #2442, .T. ) ;
#1891 = CARTESIAN_POINT ( 'NONE',  ( 10.45934877707222377, -14.61049319032329663, 7.407091886834352046 ) ) ;
#1892 = ORIENTED_EDGE ( 'NONE', *, *, #2356, .T. ) ;
#1893 = CARTESIAN_POINT ( 'NONE',  ( 51.74264068711926967, 17.50000000000004619, -20.00000000000004263 ) ) ;
#1894 = EDGE_LOOP ( 'NONE', ( #1536, #420 ) ) ;
#1895 = ORIENTED_EDGE ( 'NONE', *, *, #394, .T. ) ;
#1896 = VECTOR ( 'NONE', #707, 1000.000000000000000 ) ;
#1897 = AXIS2_PLACEMENT_3D ( 'NONE', #1349, #295, #91 ) ;
#1898 = DIRECTION ( 'NONE',  ( 3.413144305457568632E-32, -1.000000000000000000, -1.967543734044216016E-16 ) ) ;
#1899 = AXIS2_PLACEMENT_3D ( 'NONE', #868, #1315, #2567 ) ;
#1900 = VECTOR ( 'NONE', #1719, 1000.000000000000000 ) ;
#1901 = CYLINDRICAL_SURFACE ( 'NONE', #1010, 2.999999999999999112 ) ;
#1902 = PLANE ( 'NONE',  #1906 ) ;
#1903 = EDGE_CURVE ( 'NONE', #2284, #1789, #152, .T. ) ;
#1904 = EDGE_CURVE ( 'NONE', #1378, #432, #750, .T. ) ;
#1905 = VECTOR ( 'NONE', #2353, 1000.000000000000000 ) ;
#1906 = AXIS2_PLACEMENT_3D ( 'NONE', #867, #2125, #246 ) ;
#1907 = UNCERTAINTY_MEASURE_WITH_UNIT (LENGTH_MEASURE( 1.000000000000000082E-05 ), #1683, 'distance_accuracy_value', 'NONE');
#1908 = DIRECTION ( 'NONE',  ( -0.000000000000000000, 0.000000000000000000, 1.000000000000000000 ) ) ;
#1909 = PLANE ( 'NONE',  #1682 ) ;
#1910 = VERTEX_POINT ( 'NONE', #2520 ) ;
#1911 = LINE ( 'NONE', #1666, #1583 ) ;
#1912 = ORIENTED_EDGE ( 'NONE', *, *, #1921, .F. ) ;
#1913 = ORIENTED_EDGE ( 'NONE', *, *, #642, .T. ) ;
#1914 = DIRECTION ( 'NONE',  ( -0.000000000000000000, -0.000000000000000000, -1.000000000000000000 ) ) ;
#1915 = FACE_OUTER_BOUND ( 'NONE', #600, .T. ) ;
#1916 = CARTESIAN_POINT ( 'NONE',  ( 12.99999999999999289, 13.00000000000000000, 0.000000000000000000 ) ) ;
#1917 = EDGE_CURVE ( 'NONE', #2265, #949, #1206, .T. ) ;
#1918 = DIRECTION ( 'NONE',  ( 0.000000000000000000, -0.000000000000000000, -1.000000000000000000 ) ) ;
#1919 = CARTESIAN_POINT ( 'NONE',  ( 10.02181332301893413, -13.41721980835553651, 6.779227635292662590 ) ) ;
#1920 = EDGE_CURVE ( 'NONE', #1522, #2180, #2027, .T. ) ;
#1921 = EDGE_CURVE ( 'NONE', #1072, #1704, #1259, .T. ) ;
#1922 = DIRECTION ( 'NONE',  ( 1.000000000000000000, 0.000000000000000000, 0.000000000000000000 ) ) ;
#1923 = ORIENTED_EDGE ( 'NONE', *, *, #1115, .T. ) ;
#1924 = ORIENTED_EDGE ( 'NONE', *, *, #2357, .T. ) ;
#1925 = ORIENTED_EDGE ( 'NONE', *, *, #895, .F. ) ;
#1926 = CARTESIAN_POINT ( 'NONE',  ( -51.74264068711926967, 17.50000000000000000, -23.00000000000004974 ) ) ;
#1927 = DIRECTION ( 'NONE',  ( 0.000000000000000000, 0.000000000000000000, 1.000000000000000000 ) ) ;
#1928 = DIRECTION ( 'NONE',  ( 3.413144305457568632E-32, -1.000000000000000000, -1.967543734044216016E-16 ) ) ;
#1929 = CARTESIAN_POINT ( 'NONE',  ( 0.000000000000000000, 0.000000000000000000, 0.000000000000000000 ) ) ;
#1930 = CARTESIAN_POINT ( 'NONE',  ( -27.50000000000000711, -14.49999999999999822, 8.000000000000000000 ) ) ;
#1931 = LINE ( 'NONE', #931, #570 ) ;
#1932 = AXIS2_PLACEMENT_3D ( 'NONE', #2295, #409, #839 ) ;
#1933 = ORIENTED_EDGE ( 'NONE', *, *, #1273, .F. ) ;
#1934 = EDGE_CURVE ( 'NONE', #1455, #165, #1820, .T. ) ;
#1935 = VERTEX_POINT ( 'NONE', #557 ) ;
#1936 = ORIENTED_EDGE ( 'NONE', *, *, #1412, .F. ) ;
#1937 = CARTESIAN_POINT ( 'NONE',  ( -87.19707759714370354, 23.50000000000005329, -26.00000000000004974 ) ) ;
#1938 = FACE_OUTER_BOUND ( 'NONE', #643, .T. ) ;
#1939 = AXIS2_PLACEMENT_3D ( 'NONE', #705, #1582, #80 ) ;
#1940 = CARTESIAN_POINT ( 'NONE',  ( 0.000000000000000000, -22.50000000000000355, 0.000000000000000000 ) ) ;
#1941 = CIRCLE ( 'NONE', #745, 3.000000000000000000 ) ;
#1942 = AXIS2_PLACEMENT_3D ( 'NONE', #378, #827, #1051 ) ;
#1943 = DIRECTION ( 'NONE',  ( 0.000000000000000000, 0.000000000000000000, -1.000000000000000000 ) ) ;
#1944 = FACE_BOUND ( 'NONE', #748, .T. ) ;
#1945 = VECTOR ( 'NONE', #1151, 1000.000000000000000 ) ;
#1946 = DIRECTION ( 'NONE',  ( 8.786684129385964350E-17, 1.000000000000000000, 1.967543734044216262E-16 ) ) ;
#1947 = VERTEX_POINT ( 'NONE', #1404 ) ;
#1948 = CARTESIAN_POINT ( 'NONE',  ( 12.99999999999999289, 13.00000000000000000, 5.000000000000000000 ) ) ;
#1949 = EDGE_CURVE ( 'NONE', #538, #909, #520, .T. ) ;
#1950 = VERTEX_POINT ( 'NONE', #1842 ) ;
#1951 = DIRECTION ( 'NONE',  ( -0.000000000000000000, 0.000000000000000000, 1.000000000000000000 ) ) ;
#1952 = DIRECTION ( 'NONE',  ( -0.000000000000000000, -0.000000000000000000, -1.000000000000000000 ) ) ;
#1953 = CARTESIAN_POINT ( 'NONE',  ( 13.70350156309596024, 10.07787431787210330, 6.936675396032339513 ) ) ;
#1954 = ORIENTED_EDGE ( 'NONE', *, *, #580, .F. ) ;
#1955 = CARTESIAN_POINT ( 'NONE',  ( 12.75643512916916400, 15.99950436510684604, 7.983275227762042903 ) ) ;
#1956 = LINE ( 'NONE', #886, #1984 ) ;
#1957 = CARTESIAN_POINT ( 'NONE',  ( 14.59999999999999254, 13.00000000000000000, 10.10628645568517214 ) ) ;
#1958 = LINE ( 'NONE', #1520, #1278 ) ;
#1959 = ORIENTED_EDGE ( 'NONE', *, *, #1733, .T. ) ;
#1960 = B_SPLINE_CURVE_WITH_KNOTS ( 'NONE', 3,
 ( #1237, #156, #370, #1633, #2268, #2070, #1877, #974, #806, #2683, #597, #1825, #2485, #2252, #2057, #2458, #2671, #1200 ),
 .UNSPECIFIED., .F., .F.,
 ( 4, 2, 2, 2, 2, 2, 2, 2, 4 ),
 ( 0.005480533948255162865, 0.006189429602878273110, 0.006898325257501383354, 0.007607220912124493598, 0.008316116566747603842, 0.009025012221370714086, 0.009733907875993820860, 0.01044280353061692937, 0.01115169918524003614 ),
 .UNSPECIFIED. ) ;
#1961 = CARTESIAN_POINT ( 'NONE',  ( 28.74264068711927678, 8.499999999999987566, -23.00000000000003908 ) ) ;
#1962 = CARTESIAN_POINT ( 'NONE',  ( 12.99999999999999289, 13.00000000000000000, 5.000000000000000000 ) ) ;
#1963 = ORIENTED_EDGE ( 'NONE', *, *, #2511, .F. ) ;
#1964 = B_SPLINE_CURVE_WITH_KNOTS ( 'NONE', 3,
 ( #936, #476, #1160, #1563, #318, #1328 ),
 .UNSPECIFIED., .F., .F.,
 ( 4, 2, 4 ),
 ( 0.007480421682748553125, 0.007830369604728907793, 0.008180317526709262460 ),
 .UNSPECIFIED. ) ;
#1965 = CARTESIAN_POINT ( 'NONE',  ( 15.99999999999999289, -13.00000000000000000, 5.000000000000000000 ) ) ;
#1966 = CARTESIAN_POINT ( 'NONE',  ( -30.50000000000000711, 17.50000000000000711, -20.00000000000004619 ) ) ;
#1967 = PLANE ( 'NONE',  #1017 ) ;
#1968 = ORIENTED_EDGE ( 'NONE', *, *, #1903, .F. ) ;
#1969 = EDGE_CURVE ( 'NONE', #1978, #1667, #1628, .T. ) ;
#1970 = EDGE_CURVE ( 'NONE', #1378, #1795, #858, .T. ) ;
#1971 = CARTESIAN_POINT ( 'NONE',  ( 9.999999999999992895, 12.99999999998683187, 6.546084143049679227 ) ) ;
#1972 = DIRECTION ( 'NONE',  ( 0.7071067811865465735, 0.7071067811865484609, -3.081487911019578049E-33 ) ) ;
#1973 = CARTESIAN_POINT ( 'NONE',  ( -30.50000000000000711, 7.772077938642153683, -23.00000000000004619 ) ) ;
#1974 = DIRECTION ( 'NONE',  ( 3.413144305457568632E-32, -1.000000000000000000, -1.967543734044216016E-16 ) ) ;
#1975 = ORIENTED_EDGE ( 'NONE', *, *, #330, .F. ) ;
#1976 = CARTESIAN_POINT ( 'NONE',  ( -27.50000000000001421, 17.49999999999999289, 25.51609221829270169 ) ) ;
#1977 = ORIENTED_EDGE ( 'NONE', *, *, #1766, .F. ) ;
#1978 = VERTEX_POINT ( 'NONE', #1679 ) ;
#1979 = CARTESIAN_POINT ( 'NONE',  ( -15.31647697419203169, -11.08289751566991477, 7.723533548847594687 ) ) ;
#1980 = CARTESIAN_POINT ( 'NONE',  ( -38.98528137423858908, 22.50000000000006040, -16.00000000000003908 ) ) ;
#1981 = FACE_OUTER_BOUND ( 'NONE', #1774, .T. ) ;
#1982 = ORIENTED_EDGE ( 'NONE', *, *, #2291, .T. ) ;
#1983 = CARTESIAN_POINT ( 'NONE',  ( 10.27708684390707639, -11.72599683556919459, 5.895815223381866588 ) ) ;
#1984 = VECTOR ( 'NONE', #1505, 1000.000000000000000 ) ;
#1985 = LINE ( 'NONE', #2551, #1282 ) ;
#1986 = EDGE_CURVE ( 'NONE', #2144, #2419, #620, .T. ) ;
#1987 = LINE ( 'NONE', #356, #1462 ) ;
#1988 = AXIS2_PLACEMENT_3D ( 'NONE', #185, #1442, #1026 ) ;
#1989 = VECTOR ( 'NONE', #1335, 1000.000000000000000 ) ;
#1990 = CARTESIAN_POINT ( 'NONE',  ( 55.98528137423861040, 17.50000000000003553, 25.51609221829271235 ) ) ;
#1991 = AXIS2_PLACEMENT_3D ( 'NONE', #1250, #4, #2278 ) ;
#1992 = VERTEX_POINT ( 'NONE', #2641 ) ;
#1993 = AXIS2_PLACEMENT_3D ( 'NONE', #1063, #1736, #1331 ) ;
#1994 = DIRECTION ( 'NONE',  ( -0.000000000000000000, 0.000000000000000000, 1.000000000000000000 ) ) ;
#1995 = CARTESIAN_POINT ( 'NONE',  ( -19.50000000000000711, 3.000000000000001332, -23.00000000000004974 ) ) ;
#1996 = ORIENTED_EDGE ( 'NONE', *, *, #693, .T. ) ;
#1997 = CARTESIAN_POINT ( 'NONE',  ( 12.99999999999999289, -13.00000000000000000, 5.000000000000000000 ) ) ;
#1998 = EDGE_LOOP ( 'NONE', ( #562, #2626, #502, #2263 ) ) ;
#1999 = DIRECTION ( 'NONE',  ( -0.000000000000000000, -0.000000000000000000, -1.000000000000000000 ) ) ;
#2000 = CARTESIAN_POINT ( 'NONE',  ( -27.50000000000001421, 17.49999999999999289, 25.51609221829270169 ) ) ;
#2001 = DIRECTION ( 'NONE',  ( 1.875376730785737226E-16, 1.000000000000000000, 1.967543734044216262E-16 ) ) ;
#2002 = CARTESIAN_POINT ( 'NONE',  ( 1.898800369577046565, 17.50000000000000000, 7.232603590704124841 ) ) ;
#2003 = EDGE_CURVE ( 'NONE', #74, #1713, #108, .T. ) ;
#2004 = DIRECTION ( 'NONE',  ( 0.000000000000000000, 0.000000000000000000, -1.000000000000000000 ) ) ;
#2005 = ORIENTED_EDGE ( 'NONE', *, *, #930, .F. ) ;
#2006 = EDGE_CURVE ( 'NONE', #711, #1789, #1754, .T. ) ;
#2007 = EDGE_CURVE ( 'NONE', #591, #841, #609, .T. ) ;
#2008 = DIRECTION ( 'NONE',  ( 0.000000000000000000, 0.000000000000000000, 1.000000000000000000 ) ) ;
#2009 = ORIENTED_EDGE ( 'NONE', *, *, #1884, .T. ) ;
#2010 = ORIENTED_EDGE ( 'NONE', *, *, #239, .F. ) ;
#2011 = CARTESIAN_POINT ( 'NONE',  ( -12.78932375669890398, -10.00182921387488477, 6.428864253614212210 ) ) ;
#2012 = DIRECTION ( 'NONE',  ( -0.7193398003386547446, 1.366770724097958448E-16, -0.6946583704589935904 ) ) ;
#2013 = ORIENTED_EDGE ( 'NONE', *, *, #2543, .F. ) ;
#2014 = CARTESIAN_POINT ( 'NONE',  ( 15.97764508872378109, 12.57934999324166725, 7.973906519458228814 ) ) ;
#2015 = DIRECTION ( 'NONE',  ( 0.000000000000000000, 0.000000000000000000, -1.000000000000000000 ) ) ;
#2016 = CARTESIAN_POINT ( 'NONE',  ( 0.000000000000000000, 0.000000000000000000, 8.000000000000000000 ) ) ;
#2017 = FACE_BOUND ( 'NONE', #1216, .T. ) ;
#2018 = CARTESIAN_POINT ( 'NONE',  ( -15.65859692310426965, 11.59478455981939504, 7.857147841831722879 ) ) ;
#2019 = ORIENTED_EDGE ( 'NONE', *, *, #1821, .F. ) ;
#2020 = DIRECTION ( 'NONE',  ( 3.413144305457568632E-32, -1.000000000000000000, -1.967543734044216016E-16 ) ) ;
#2021 = ADVANCED_FACE ( 'NONE', ( #1386 ), #999, .F. ) ;
#2022 = EDGE_CURVE ( 'NONE', #949, #1694, #2181, .T. ) ;
#2023 = EDGE_LOOP ( 'NONE', ( #1523, #803 ) ) ;
#2024 = DIRECTION ( 'NONE',  ( -1.000000000000000000, 0.000000000000000000, 0.000000000000000000 ) ) ;
#2025 = CARTESIAN_POINT ( 'NONE',  ( 11.39999999999999147, -13.00000000000000000, 10.10628645568517214 ) ) ;
#2026 = ORIENTED_EDGE ( 'NONE', *, *, #1607, .T. ) ;
#2027 = LINE ( 'NONE', #1471, #2436 ) ;
#2028 = DIRECTION ( 'NONE',  ( 0.7071067811865467956, 0.7071067811865483499, 4.906538933386753855E-16 ) ) ;
#2029 = CARTESIAN_POINT ( 'NONE',  ( 12.99999999999999289, 13.00000000000000000, 5.000000000000000000 ) ) ;
#2030 = CARTESIAN_POINT ( 'NONE',  ( -17.49999999999999645, -5.999999999999998224, -23.00000000000004974 ) ) ;
#2031 = LINE ( 'NONE', #537, #1642 ) ;
#2032 = ORIENTED_EDGE ( 'NONE', *, *, #1636, .T. ) ;
#2033 = AXIS2_PLACEMENT_3D ( 'NONE', #157, #2230, #332 ) ;
#2034 = CIRCLE ( 'NONE', #1855, 2.999999999999999112 ) ;
#2035 = AXIS2_PLACEMENT_3D ( 'NONE', #1249, #1261, #1696 ) ;
#2036 = VECTOR ( 'NONE', #690, 1000.000000000000000 ) ;
#2037 = LINE ( 'NONE', #2050, #294 ) ;
#2038 = ORIENTED_EDGE ( 'NONE', *, *, #2092, .T. ) ;
#2039 = AXIS2_PLACEMENT_3D ( 'NONE', #923, #1175, #2024 ) ;
#2040 = CIRCLE ( 'NONE', #2702, 2.000000000000001776 ) ;
#2041 = EDGE_CURVE ( 'NONE', #9, #190, #170, .T. ) ;
#2042 = CARTESIAN_POINT ( 'NONE',  ( -40.24264068711928388, 6.000000000000004441, -26.00000000000004619 ) ) ;
#2043 = EDGE_LOOP ( 'NONE', ( #1496, #1350, #1785, #1470 ) ) ;
#2044 = CARTESIAN_POINT ( 'NONE',  ( 12.99999999999999289, 13.00000000000000000, 5.000000000000000000 ) ) ;
#2045 = PLANE ( 'NONE',  #1764 ) ;
#2046 = CARTESIAN_POINT ( 'NONE',  ( -55.98528137423859619, 22.50000000000004263, 25.51609221829269813 ) ) ;
#2047 = CARTESIAN_POINT ( 'NONE',  ( 27.50000000000000000, 17.49999999999999645, 4.000000000000037303 ) ) ;
#2048 = CARTESIAN_POINT ( 'NONE',  ( -10.36492017542144595, 11.55143669109886240, 5.827501263812470356 ) ) ;
#2049 = ORIENTED_EDGE ( 'NONE', *, *, #1712, .T. ) ;
#2050 = CARTESIAN_POINT ( 'NONE',  ( 55.98528137423861750, 22.50000000000004263, -6.000000000000029310 ) ) ;
#2051 = ORIENTED_EDGE ( 'NONE', *, *, #911, .F. ) ;
#2052 = ORIENTED_EDGE ( 'NONE', *, *, #1885, .T. ) ;
#2053 = CARTESIAN_POINT ( 'NONE',  ( -55.98528137423859619, 22.50000000000004263, 25.51609221829269813 ) ) ;
#2054 = ORIENTED_EDGE ( 'NONE', *, *, #1702, .T. ) ;
#2055 = CARTESIAN_POINT ( 'NONE',  ( -51.74264068711926967, 17.50000000000000000, -20.00000000000004974 ) ) ;
#2056 = CARTESIAN_POINT ( 'NONE',  ( -50.98528137423859619, 22.50000000000006040, -16.00000000000003908 ) ) ;
#2057 = CARTESIAN_POINT ( 'NONE',  ( -12.75358440974481944, 15.99925196689462936, 7.983142282826344527 ) ) ;
#2058 = EDGE_CURVE ( 'NONE', #2605, #1947, #1127, .T. ) ;
#2059 = ADVANCED_FACE ( 'NONE', ( #1159 ), #1327, .T. ) ;
#2060 = CARTESIAN_POINT ( 'NONE',  ( -38.98528137423858908, 22.50000000000006040, -16.00000000000003908 ) ) ;
#2061 = CARTESIAN_POINT ( 'NONE',  ( -15.31730057440775283, 11.08370485152472007, 7.723884724528507384 ) ) ;
#2062 = ORIENTED_EDGE ( 'NONE', *, *, #2003, .F. ) ;
#2063 = DIRECTION ( 'NONE',  ( 1.000000000000000000, 1.421085471520200372E-14, 0.000000000000000000 ) ) ;
#2064 = ORIENTED_EDGE ( 'NONE', *, *, #1398, .T. ) ;
#2065 = EDGE_LOOP ( 'NONE', ( #1799, #1057 ) ) ;
#2066 = ORIENTED_EDGE ( 'NONE', *, *, #1360, .F. ) ;
#2067 = PRESENTATION_STYLE_ASSIGNMENT (( #994 ) ) ;
#2068 = DIRECTION ( 'NONE',  ( -1.875376730785737226E-16, 1.000000000000000000, 2.201794655477296769E-16 ) ) ;
#2069 = VECTOR ( 'NONE', #1742, 1000.000000000000000 ) ;
#2070 = CARTESIAN_POINT ( 'NONE',  ( -10.34837056059334337, 14.41961740707975359, 7.313212543300754653 ) ) ;
#2071 = ADVANCED_FACE ( 'NONE', ( #317 ), #935, .T. ) ;
#2072 = PLANE ( 'NONE',  #962 ) ;
#2073 = CARTESIAN_POINT ( 'NONE',  ( -37.85530313790587797, 23.50000000000004974, -6.000000000000043521 ) ) ;
#2074 = ORIENTED_EDGE ( 'NONE', *, *, #1620, .T. ) ;
#2075 = CARTESIAN_POINT ( 'NONE',  ( 37.22792206135789428, 14.50000000000004619, -23.00000000000003908 ) ) ;
#2076 = VECTOR ( 'NONE', #742, 1000.000000000000000 ) ;
#2077 = VECTOR ( 'NONE', #612, 1000.000000000000000 ) ;
#2078 = VERTEX_POINT ( 'NONE', #2437 ) ;
#2079 = VECTOR ( 'NONE', #277, 999.9999999999998863 ) ;
#2080 = AXIS2_PLACEMENT_3D ( 'NONE', #843, #634, #1845 ) ;
#2081 = VERTEX_POINT ( 'NONE', #1562 ) ;
#2082 =( GEOMETRIC_REPRESENTATION_CONTEXT ( 3 ) GLOBAL_UNCERTAINTY_ASSIGNED_CONTEXT ( ( #2319 ) ) GLOBAL_UNIT_ASSIGNED_CONTEXT ( ( #1147, #1191, #2617 ) ) REPRESENTATION_CONTEXT ( 'NONE', 'WORKASPACE' ) );
#2083 = AXIS2_PLACEMENT_3D ( 'NONE', #2030, #187, #2472 ) ;
#2084 = VECTOR ( 'NONE', #411, 999.9999999999998863 ) ;
#2085 = ORIENTED_EDGE ( 'NONE', *, *, #2324, .F. ) ;
#2086 = DIRECTION ( 'NONE',  ( 0.5839517053348524112, -0.5839517053348509679, 0.5639156068713093717 ) ) ;
#2087 = LINE ( 'NONE', #1039, #479 ) ;
#2088 = FACE_OUTER_BOUND ( 'NONE', #2729, .T. ) ;
#2089 = LINE ( 'NONE', #846, #1466 ) ;
#2090 = DIRECTION ( 'NONE',  ( -0.7071067811865467956, -0.7071067811865483499, 0.000000000000000000 ) ) ;
#2091 = ORIENTED_EDGE ( 'NONE', *, *, #693, .F. ) ;
#2092 = EDGE_CURVE ( 'NONE', #1451, #1285, #2614, .T. ) ;
#2093 = CARTESIAN_POINT ( 'NONE',  ( 48.74264068711928388, 14.50000000000004796, -23.00000000000003553 ) ) ;
#2094 = VERTEX_POINT ( 'NONE', #2627 ) ;
#2095 = EDGE_CURVE ( 'NONE', #959, #2265, #726, .T. ) ;
#2096 = EDGE_CURVE ( 'NONE', #901, #36, #1172, .T. ) ;
#2097 = VERTEX_POINT ( 'NONE', #2320 ) ;
#2098 = CARTESIAN_POINT ( 'NONE',  ( 9.999999999999992895, -13.00000000000000000, 6.546084143057011140 ) ) ;
#2099 = CARTESIAN_POINT ( 'NONE',  ( -19.50000000000000711, -14.50000000000000178, 0.000000000000000000 ) ) ;
#2100 = DIRECTION ( 'NONE',  ( -0.000000000000000000, -0.000000000000000000, 1.000000000000000000 ) ) ;
#2101 = CARTESIAN_POINT ( 'NONE',  ( 5.583500081124412451E-15, 3.000000000000000000, -23.00000000000004263 ) ) ;
#2102 = PLANE ( 'NONE',  #2518 ) ;
#2103 = EDGE_LOOP ( 'NONE', ( #775, #1437 ) ) ;
#2104 = DIRECTION ( 'NONE',  ( 1.000000000000000000, -9.189829725788341711E-33, 2.201794655477298988E-16 ) ) ;
#2105 = ORIENTED_EDGE ( 'NONE', *, *, #964, .F. ) ;
#2106 = CARTESIAN_POINT ( 'NONE',  ( -38.48528137423856776, 4.242640687119289211, -26.00000000000004619 ) ) ;
#2107 = EDGE_CURVE ( 'NONE', #1548, #1680, #2089, .T. ) ;
#2108 = ORIENTED_EDGE ( 'NONE', *, *, #2226, .F. ) ;
#2109 = CARTESIAN_POINT ( 'NONE',  ( -19.50000000000000711, -2.999999999999997335, -19.00000000000004619 ) ) ;
#2110 = CARTESIAN_POINT ( 'NONE',  ( -13.00000000000000711, 13.00000000000000000, 5.000000000000000000 ) ) ;
#2111 = CARTESIAN_POINT ( 'NONE',  ( -13.00000000000000711, -13.00000000000000000, 5.000000000000000000 ) ) ;
#2112 = CIRCLE ( 'NONE', #782, 20.99999999999999645 ) ;
#2113 = CARTESIAN_POINT ( 'NONE',  ( -27.50000000000000711, -2.999999999999998668, -23.00000000000004974 ) ) ;
#2114 = CARTESIAN_POINT ( 'NONE',  ( 11.22644812991054231, -15.43067212968414914, 7.770276603561649509 ) ) ;
#2115 = ORIENTED_EDGE ( 'NONE', *, *, #1920, .F. ) ;
#2116 = DIRECTION ( 'NONE',  ( 0.000000000000000000, 0.000000000000000000, 1.000000000000000000 ) ) ;
#2117 = ORIENTED_EDGE ( 'NONE', *, *, #412, .T. ) ;
#2118 = ORIENTED_EDGE ( 'NONE', *, *, #290, .T. ) ;
#2119 = AXIS2_PLACEMENT_3D ( 'NONE', #2304, #195, #2693 ) ;
#2120 = AXIS2_PLACEMENT_3D ( 'NONE', #86, #2163, #2359 ) ;
#2121 = EDGE_CURVE ( 'NONE', #2542, #2619, #1862, .T. ) ;
#2122 = CARTESIAN_POINT ( 'NONE',  ( -11.01712274103583944, -10.73873361442773167, 5.696929196623586655 ) ) ;
#2123 = CIRCLE ( 'NONE', #2080, 1.600000000000000755 ) ;
#2124 = DIRECTION ( 'NONE',  ( 0.000000000000000000, -1.000000000000000000, 0.000000000000000000 ) ) ;
#2125 = DIRECTION ( 'NONE',  ( 1.349221823327174429E-16, 1.003808469612657231E-16, -1.000000000000000000 ) ) ;
#2126 = CIRCLE ( 'NONE', #536, 1.600000000000000755 ) ;
#2127 = CARTESIAN_POINT ( 'NONE',  ( 27.50000000000001066, 17.50000000000000000, -26.00000000000003553 ) ) ;
#2128 = DIRECTION ( 'NONE',  ( -1.875376730785737226E-16, 1.000000000000000000, 1.003808469612656861E-16 ) ) ;
#2129 = ORIENTED_EDGE ( 'NONE', *, *, #1969, .F. ) ;
#2130 = CYLINDRICAL_SURFACE ( 'NONE', #514, 2.999999999999999112 ) ;
#2131 = ORIENTED_EDGE ( 'NONE', *, *, #2007, .T. ) ;
#2132 = ORIENTED_EDGE ( 'NONE', *, *, #1934, .F. ) ;
#2133 = EDGE_LOOP ( 'NONE', ( #2154, #890, #1996, #2488, #647, #200 ) ) ;
#2134 = PLANE ( 'NONE',  #1096 ) ;
#2135 = LINE ( 'NONE', #2601, #1900 ) ;
#2136 = FACE_BOUND ( 'NONE', #205, .T. ) ;
#2137 = CARTESIAN_POINT ( 'NONE',  ( 12.51760428290711502, 15.97029136476398392, 7.970654384218083699 ) ) ;
#2138 = EDGE_CURVE ( 'NONE', #959, #243, #870, .T. ) ;
#2139 = DIRECTION ( 'NONE',  ( 0.000000000000000000, 0.000000000000000000, 1.000000000000000000 ) ) ;
#2140 = EDGE_CURVE ( 'NONE', #1242, #377, #2697, .T. ) ;
#2141 = FACE_OUTER_BOUND ( 'NONE', #789, .T. ) ;
#2142 = ORIENTED_EDGE ( 'NONE', *, *, #253, .F. ) ;
#2143 = ORIENTED_EDGE ( 'NONE', *, *, #1903, .T. ) ;
#2144 = VERTEX_POINT ( 'NONE', #1222 ) ;
#2145 = CARTESIAN_POINT ( 'NONE',  ( 27.50000000000000711, -14.49999999999999822, 8.000000000000000000 ) ) ;
#2146 = DIRECTION ( 'NONE',  ( 1.000000000000000000, 0.000000000000000000, 0.000000000000000000 ) ) ;
#2147 = CARTESIAN_POINT ( 'NONE',  ( 12.99999999999999289, -13.00000000000000000, 5.000000000000000000 ) ) ;
#2148 = DIRECTION ( 'NONE',  ( 3.413144305457568632E-32, -1.000000000000000000, -1.967543734044216016E-16 ) ) ;
#2149 = LINE ( 'NONE', #1347, #433 ) ;
#2150 = ADVANCED_FACE ( 'NONE', ( #1041 ), #430, .F. ) ;
#2151 = CARTESIAN_POINT ( 'NONE',  ( 38.98528137423861750, 22.50000000000006040, -16.00000000000003908 ) ) ;
#2152 = ORIENTED_EDGE ( 'NONE', *, *, #563, .T. ) ;
#2153 = VERTEX_POINT ( 'NONE', #1848 ) ;
#2154 = ORIENTED_EDGE ( 'NONE', *, *, #160, .F. ) ;
#2155 = LINE ( 'NONE', #1926, #2342 ) ;
#2156 = DIRECTION ( 'NONE',  ( 0.000000000000000000, 0.000000000000000000, 1.000000000000000000 ) ) ;
#2157 = VECTOR ( 'NONE', #1279, 1000.000000000000000 ) ;
#2158 = CARTESIAN_POINT ( 'NONE',  ( 10.00000000000079403, 12.81725549037622613, 6.444325185084957219 ) ) ;
#2159 = VECTOR ( 'NONE', #2228, 1000.000000000000000 ) ;
#2160 = MECHANICAL_DESIGN_GEOMETRIC_PRESENTATION_REPRESENTATION (  '', ( #749 ), #2209 ) ;
#2161 = VECTOR ( 'NONE', #1697, 1000.000000000000000 ) ;
#2162 = CARTESIAN_POINT ( 'NONE',  ( 13.69762540848755350, 15.91775920689705792, 8.000000000000000000 ) ) ;
#2163 = DIRECTION ( 'NONE',  ( -0.000000000000000000, -0.000000000000000000, -1.000000000000000000 ) ) ;
#2164 = LINE ( 'NONE', #1957, #1014 ) ;
#2165 = DIRECTION ( 'NONE',  ( -0.000000000000000000, -0.000000000000000000, 1.000000000000000000 ) ) ;
#2166 = ORIENTED_EDGE ( 'NONE', *, *, #1657, .F. ) ;
#2167 = DIRECTION ( 'NONE',  ( 0.7193398003386551887, 1.366770724097957955E-16, -0.6946583704589930353 ) ) ;
#2168 = DIRECTION ( 'NONE',  ( 1.000000000000000000, 0.000000000000000000, 1.349221823327174429E-16 ) ) ;
#2169 = EDGE_CURVE ( 'NONE', #1285, #1667, #2427, .T. ) ;
#2170 = ADVANCED_FACE ( 'NONE', ( #1890, #406, #625 ), #2072, .T. ) ;
#2171 = EDGE_LOOP ( 'NONE', ( #2270, #978 ) ) ;
#2172 = FACE_OUTER_BOUND ( 'NONE', #2519, .T. ) ;
#2173 = DIRECTION ( 'NONE',  ( 3.413144305457568632E-32, -1.000000000000000000, -1.967543734044216016E-16 ) ) ;
#2174 = DIRECTION ( 'NONE',  ( 4.336808689942014655E-17, -1.000000000000000000, -1.967543734044216262E-16 ) ) ;
#2175 = ORIENTED_EDGE ( 'NONE', *, *, #2718, .T. ) ;
#2176 = CARTESIAN_POINT ( 'NONE',  ( 9.999999999999086953, 13.20688459504337153, 6.661285200836664977 ) ) ;
#2177 = CARTESIAN_POINT ( 'NONE',  ( -38.98528137423858908, 22.50000000000006040, -14.00000000000003730 ) ) ;
#2178 = FACE_OUTER_BOUND ( 'NONE', #1356, .T. ) ;
#2179 = CARTESIAN_POINT ( 'NONE',  ( -50.98528137423859619, 22.50000000000006040, -16.00000000000003908 ) ) ;
#2180 = VERTEX_POINT ( 'NONE', #610 ) ;
#2181 = LINE ( 'NONE', #2597, #402 ) ;
#2182 = LINE ( 'NONE', #2374, #2069 ) ;
#2183 = ORIENTED_EDGE ( 'NONE', *, *, #238, .T. ) ;
#2184 = EDGE_CURVE ( 'NONE', #880, #165, #1589, .T. ) ;
#2185 = CARTESIAN_POINT ( 'NONE',  ( 27.50000000000000000, 9.014718625761414472, 4.000000000000036415 ) ) ;
#2186 = CARTESIAN_POINT ( 'NONE',  ( 12.99999999999999822, 0.000000000000000000, 0.000000000000000000 ) ) ;
#2187 = CARTESIAN_POINT ( 'NONE',  ( 10.36860344543214296, 11.54491199307990357, 5.825245908584957277 ) ) ;
#2188 = ORIENTED_EDGE ( 'NONE', *, *, #1482, .F. ) ;
#2189 = CARTESIAN_POINT ( 'NONE',  ( 38.98528137423861750, 22.50000000000006040, -18.00000000000003908 ) ) ;
#2190 = LINE ( 'NONE', #278, #2036 ) ;
#2191 = CARTESIAN_POINT ( 'NONE',  ( -27.50000000000000711, -3.000000000000000000, -16.00000000000004974 ) ) ;
#2192 = CARTESIAN_POINT ( 'NONE',  ( 12.99999999999999289, -13.00000000000000000, 5.000000000000000000 ) ) ;
#2193 = EDGE_LOOP ( 'NONE', ( #1810, #436, #2195, #2372 ) ) ;
#2194 = CARTESIAN_POINT ( 'NONE',  ( -11.42165302739112143, -15.56191505228312444, 7.820910543047508767 ) ) ;
#2195 = ORIENTED_EDGE ( 'NONE', *, *, #2573, .T. ) ;
#2196 = CIRCLE ( 'NONE', #2418, 12.99999999999999822 ) ;
#2197 = ORIENTED_EDGE ( 'NONE', *, *, #331, .F. ) ;
#2198 = CARTESIAN_POINT ( 'NONE',  ( -13.70105817540281201, -10.07729987741204525, 6.935339691231394710 ) ) ;
#2199 = FACE_OUTER_BOUND ( 'NONE', #554, .T. ) ;
#2200 = VERTEX_POINT ( 'NONE', #395 ) ;
#2201 = FACE_OUTER_BOUND ( 'NONE', #2460, .T. ) ;
#2202 = EDGE_CURVE ( 'NONE', #2294, #2631, #2517, .T. ) ;
#2203 = CARTESIAN_POINT ( 'NONE',  ( 50.98528137423861750, 22.50000000000006040, -16.00000000000003908 ) ) ;
#2204 = AXIS2_PLACEMENT_3D ( 'NONE', #1339, #1994, #1367 ) ;
#2205 = DIRECTION ( 'NONE',  ( 1.000000000000000000, 0.000000000000000000, 0.000000000000000000 ) ) ;
#2206 = LINE ( 'NONE', #1751, #1861 ) ;
#2207 = EDGE_CURVE ( 'NONE', #591, #2631, #808, .T. ) ;
#2208 = ADVANCED_FACE ( 'NONE', ( #821 ), #636, .F. ) ;
#2209 =( GEOMETRIC_REPRESENTATION_CONTEXT ( 3 ) GLOBAL_UNCERTAINTY_ASSIGNED_CONTEXT ( ( #1907 ) ) GLOBAL_UNIT_ASSIGNED_CONTEXT ( ( #1683, #633, #2266 ) ) REPRESENTATION_CONTEXT ( 'NONE', 'WORKASPACE' ) );
#2210 = AXIS2_PLACEMENT_3D ( 'NONE', #1262, #2305, #1027 ) ;
#2211 = CARTESIAN_POINT ( 'NONE',  ( -12.05381652078419208, 10.14656475177212513, 6.041797605060385656 ) ) ;
#2212 = VECTOR ( 'NONE', #2452, 1000.000000000000000 ) ;
#2213 = VECTOR ( 'NONE', #2012, 999.9999999999998863 ) ;
#2214 = VERTEX_POINT ( 'NONE', #2127 ) ;
#2215 = CIRCLE ( 'NONE', #2554, 3.000000000000000888 ) ;
#2216 = CARTESIAN_POINT ( 'NONE',  ( -10.02165942242959140, -13.41589169357594358, 6.778485628636090610 ) ) ;
#2217 = ORIENTED_EDGE ( 'NONE', *, *, #2630, .T. ) ;
#2218 = ORIENTED_EDGE ( 'NONE', *, *, #816, .F. ) ;
#2219 = CARTESIAN_POINT ( 'NONE',  ( -13.15488991394307128, -9.998430134608849329, 6.632252868391908862 ) ) ;
#2220 = CARTESIAN_POINT ( 'NONE',  ( -27.50000000000000711, 17.50000000000000000, 8.000000000000000000 ) ) ;
#2221 = VERTEX_POINT ( 'NONE', #1446 ) ;
#2222 = CARTESIAN_POINT ( 'NONE',  ( 12.61072353119448231, 10.01956797383179065, 6.330234467144833843 ) ) ;
#2223 = CARTESIAN_POINT ( 'NONE',  ( 13.69835710063804690, -10.07661808335098819, 6.933867186029154972 ) ) ;
#2224 = FACE_OUTER_BOUND ( 'NONE', #2479, .T. ) ;
#2225 = CARTESIAN_POINT ( 'NONE',  ( -11.40000000000000568, 13.00000000000000000, 5.000000000000000000 ) ) ;
#2226 = EDGE_CURVE ( 'NONE', #1795, #901, #1488, .T. ) ;
#2227 = EDGE_CURVE ( 'NONE', #288, #1680, #1477, .T. ) ;
#2228 = DIRECTION ( 'NONE',  ( -1.000000000000000000, -4.336808689942012189E-17, -1.349221823327174429E-16 ) ) ;
#2229 = ORIENTED_EDGE ( 'NONE', *, *, #800, .T. ) ;
#2230 = DIRECTION ( 'NONE',  ( -0.7071067811865465735, -0.7071067811865484609, 0.000000000000000000 ) ) ;
#2231 = DIRECTION ( 'NONE',  ( 0.000000000000000000, 0.000000000000000000, -1.000000000000000000 ) ) ;
#2232 = ORIENTED_EDGE ( 'NONE', *, *, #506, .F. ) ;
#2233 = CARTESIAN_POINT ( 'NONE',  ( -11.69968828858601917, -10.28952658055720271, 5.885129535705713621 ) ) ;
#2234 = DIRECTION ( 'NONE',  ( -1.000000000000000000, 0.000000000000000000, 0.000000000000000000 ) ) ;
#2235 = ORIENTED_EDGE ( 'NONE', *, *, #1512, .F. ) ;
#2236 = LINE ( 'NONE', #545, #1187 ) ;
#2237 = CARTESIAN_POINT ( 'NONE',  ( 15.31846899041391907, -11.08529685298580958, 7.724351979461494544 ) ) ;
#2238 = DIRECTION ( 'NONE',  ( 1.000000000000000000, 7.584913611344741827E-33, 1.349221823327174429E-16 ) ) ;
#2239 = LINE ( 'NONE', #2047, #88 ) ;
#2240 = CARTESIAN_POINT ( 'NONE',  ( -15.55654943412603863, 11.41692576324094688, 7.819061168414704888 ) ) ;
#2241 = ORIENTED_EDGE ( 'NONE', *, *, #2478, .F. ) ;
#2242 = ADVANCED_FACE ( 'NONE', ( #2290 ), #1015, .F. ) ;
#2243 = CARTESIAN_POINT ( 'NONE',  ( 0.000000000000000000, 0.000000000000000000, 8.000000000000000000 ) ) ;
#2244 = ORIENTED_EDGE ( 'NONE', *, *, #860, .F. ) ;
#2245 = VECTOR ( 'NONE', #1387, 1000.000000000000000 ) ;
#2246 = CARTESIAN_POINT ( 'NONE',  ( -15.82569790751607997, -11.97101661657486105, 7.918050460572249705 ) ) ;
#2247 = DIRECTION ( 'NONE',  ( 3.413144305457568632E-32, -1.000000000000000000, -1.967543734044216016E-16 ) ) ;
#2248 = ORIENTED_EDGE ( 'NONE', *, *, #2169, .F. ) ;
#2249 = DIRECTION ( 'NONE',  ( 0.000000000000000000, 0.000000000000000000, 1.000000000000000000 ) ) ;
#2250 = CARTESIAN_POINT ( 'NONE',  ( 12.60417499751036985, -10.02043288250683162, 6.326672607595873465 ) ) ;
#2251 = FACE_OUTER_BOUND ( 'NONE', #1692, .T. ) ;
#2252 = CARTESIAN_POINT ( 'NONE',  ( -12.51331885431013013, 15.96964420194828271, 7.970390558346694299 ) ) ;
#2253 = CARTESIAN_POINT ( 'NONE',  ( -10.71659232475076706, 11.04293379270527353, 5.699984879200814092 ) ) ;
#2254 = VERTEX_POINT ( 'NONE', #2113 ) ;
#2255 = TOROIDAL_SURFACE ( 'NONE', #790, 20.99999999999999645, 8.000000000000000000 ) ;
#2256 = AXIS2_PLACEMENT_3D ( 'NONE', #2073, #1266, #2292 ) ;
#2257 = AXIS2_PLACEMENT_3D ( 'NONE', #2016, #115, #955 ) ;
#2258 = LINE ( 'NONE', #362, #2643 ) ;
#2259 = ORIENTED_EDGE ( 'NONE', *, *, #2096, .T. ) ;
#2260 = CIRCLE ( 'NONE', #2610, 1.600000000000000755 ) ;
#2261 = ADVANCED_FACE ( 'NONE', ( #211 ), #2299, .T. ) ;
#2262 = ADVANCED_FACE ( 'NONE', ( #2538 ), #457, .F. ) ;
#2263 = ORIENTED_EDGE ( 'NONE', *, *, #35, .F. ) ;
#2264 = CARTESIAN_POINT ( 'NONE',  ( 32.50000000000004974, 22.50000000000004619, -6.000000000000036415 ) ) ;
#2265 = VERTEX_POINT ( 'NONE', #885 ) ;
#2266 =( NAMED_UNIT ( * ) SI_UNIT ( $, .STERADIAN. ) SOLID_ANGLE_UNIT ( ) );
#2267 = LINE ( 'NONE', #928, #573 ) ;
#2268 = CARTESIAN_POINT ( 'NONE',  ( -10.17267136635635794, 14.02599467044946202, 7.110601965271264646 ) ) ;
#2269 = CARTESIAN_POINT ( 'NONE',  ( -15.18213116176676181, 10.93173462415236230, 7.667525701926607873 ) ) ;
#2270 = ORIENTED_EDGE ( 'NONE', *, *, #493, .T. ) ;
#2271 = CARTESIAN_POINT ( 'NONE',  ( 15.96570793933464749, -13.46720834570792569, 7.999456060013437231 ) ) ;
#2272 = ORIENTED_EDGE ( 'NONE', *, *, #2140, .T. ) ;
#2273 = ORIENTED_EDGE ( 'NONE', *, *, #1564, .F. ) ;
#2274 = EDGE_CURVE ( 'NONE', #256, #1872, #1304, .T. ) ;
#2275 = ADVANCED_FACE ( 'NONE', ( #467 ), #2255, .T. ) ;
#2276 = ORIENTED_EDGE ( 'NONE', *, *, #1307, .F. ) ;
#2277 = CARTESIAN_POINT ( 'NONE',  ( -16.00000000000000711, 13.00000000000000000, 5.000000000000000000 ) ) ;
#2278 = DIRECTION ( 'NONE',  ( 1.000000000000000000, 0.000000000000000000, 0.000000000000000000 ) ) ;
#2279 = CARTESIAN_POINT ( 'NONE',  ( 14.59999999999999254, 13.00000000000000000, 0.000000000000000000 ) ) ;
#2280 = DIRECTION ( 'NONE',  ( -1.000000000000000000, 0.000000000000000000, 0.000000000000000000 ) ) ;
#2281 = FACE_BOUND ( 'NONE', #605, .T. ) ;
#2282 = VERTEX_POINT ( 'NONE', #1120 ) ;
#2283 = CYLINDRICAL_SURFACE ( 'NONE', #1889, 2.000000000000001776 ) ;
#2284 = VERTEX_POINT ( 'NONE', #1346 ) ;
#2285 = ORIENTED_EDGE ( 'NONE', *, *, #66, .F. ) ;
#2286 = ORIENTED_EDGE ( 'NONE', *, *, #2227, .T. ) ;
#2287 = CARTESIAN_POINT ( 'NONE',  ( -11.60818676624389489, 17.50000000000000000, 8.000000000000000000 ) ) ;
#2288 = EDGE_CURVE ( 'NONE', #2545, #1426, #79, .T. ) ;
#2289 = CARTESIAN_POINT ( 'NONE',  ( -13.00000000000000711, -13.00000000000000000, 5.000000000000000000 ) ) ;
#2290 = FACE_OUTER_BOUND ( 'NONE', #2715, .T. ) ;
#2291 = EDGE_CURVE ( 'NONE', #1814, #949, #1527, .T. ) ;
#2292 = DIRECTION ( 'NONE',  ( 0.000000000000000000, -1.000000000000000000, -1.003808469612657108E-16 ) ) ;
#2293 = EDGE_CURVE ( 'NONE', #1863, #1060, #1518, .T. ) ;
#2294 = VERTEX_POINT ( 'NONE', #2579 ) ;
#2295 = CARTESIAN_POINT ( 'NONE',  ( -13.00000000000000711, -13.00000000000000000, 5.000000000000000000 ) ) ;
#2296 = VECTOR ( 'NONE', #681, 1000.000000000000000 ) ;
#2297 = CIRCLE ( 'NONE', #2653, 2.000000000000001776 ) ;
#2298 = EDGE_LOOP ( 'NONE', ( #1226, #2309, #2117, #372, #1610, #2286 ) ) ;
#2299 = TOROIDAL_SURFACE ( 'NONE', #1414, 20.99999999999999645, 8.000000000000000000 ) ;
#2300 = AXIS2_PLACEMENT_3D ( 'NONE', #1289, #495, #1554 ) ;
#2301 = ORIENTED_EDGE ( 'NONE', *, *, #2356, .F. ) ;
#2302 = CIRCLE ( 'NONE', #617, 3.000000000000000000 ) ;
#2303 = ORIENTED_EDGE ( 'NONE', *, *, #528, .T. ) ;
#2304 = CARTESIAN_POINT ( 'NONE',  ( -13.00000000000000711, -13.00000000000000000, 5.000000000000000000 ) ) ;
#2305 = DIRECTION ( 'NONE',  ( 0.000000000000000000, -0.000000000000000000, -1.000000000000000000 ) ) ;
#2306 = CYLINDRICAL_SURFACE ( 'NONE', #661, 2.999999999999999112 ) ;
#2307 = DIRECTION ( 'NONE',  ( 0.000000000000000000, 1.967543734044216016E-16, -1.000000000000000000 ) ) ;
#2308 = CARTESIAN_POINT ( 'NONE',  ( -19.50000000000000355, 14.50000000000000178, -26.00000000000004263 ) ) ;
#2309 = ORIENTED_EDGE ( 'NONE', *, *, #1068, .F. ) ;
#2310 = EDGE_CURVE ( 'NONE', #1493, #814, #357, .T. ) ;
#2311 = EDGE_CURVE ( 'NONE', #841, #591, #1009, .T. ) ;
#2312 = DIRECTION ( 'NONE',  ( -1.000000000000000000, -0.000000000000000000, -0.000000000000000000 ) ) ;
#2313 = EDGE_LOOP ( 'NONE', ( #698, #319, #1416, #2727, #1254, #1400, #851, #771, #812, #2316, #1804, #590, #2596, #217, #1892, #1925, #1511, #22 ) ) ;
#2314 = DIRECTION ( 'NONE',  ( -0.000000000000000000, 0.000000000000000000, -1.000000000000000000 ) ) ;
#2315 = APPLICATION_PROTOCOL_DEFINITION ( 'draft international standard', 'automotive_design', 1998, #807 ) ;
#2316 = ORIENTED_EDGE ( 'NONE', *, *, #176, .T. ) ;
#2317 = FACE_OUTER_BOUND ( 'NONE', #1540, .T. ) ;
#2318 = DIRECTION ( 'NONE',  ( 3.413144305457568632E-32, -1.000000000000000000, -1.967543734044216016E-16 ) ) ;
#2319 = UNCERTAINTY_MEASURE_WITH_UNIT (LENGTH_MEASURE( 1.000000000000000082E-05 ), #1147, 'distance_accuracy_value', 'NONE');
#2320 = CARTESIAN_POINT ( 'NONE',  ( 50.98528137423861750, 22.50000000000006040, -14.00000000000003730 ) ) ;
#2321 = CARTESIAN_POINT ( 'NONE',  ( -13.00000000000000711, 13.00000000000000000, 10.10628645568517214 ) ) ;
#2322 = ORIENTED_EDGE ( 'NONE', *, *, #2673, .T. ) ;
#2323 = DIRECTION ( 'NONE',  ( 1.000000000000000000, 0.000000000000000000, 0.000000000000000000 ) ) ;
#2324 = EDGE_CURVE ( 'NONE', #2153, #1601, #2420, .T. ) ;
#2325 = ORIENTED_EDGE ( 'NONE', *, *, #459, .T. ) ;
#2326 = ORIENTED_EDGE ( 'NONE', *, *, #1904, .T. ) ;
#2327 = DIRECTION ( 'NONE',  ( -0.7071067811865472397, 0.7071067811865479058, 0.000000000000000000 ) ) ;
#2328 = CARTESIAN_POINT ( 'NONE',  ( -20.99999999999999645, 2.571758278209441267E-15, 8.000000000000000000 ) ) ;
#2329 = CARTESIAN_POINT ( 'NONE',  ( 12.99999999999999289, -13.00000000000000000, 0.000000000000000000 ) ) ;
#2330 = AXIS2_PLACEMENT_3D ( 'NONE', #2642, #137, #1623 ) ;
#2331 = DIRECTION ( 'NONE',  ( 0.000000000000000000, 0.000000000000000000, -1.000000000000000000 ) ) ;
#2332 = CARTESIAN_POINT ( 'NONE',  ( 12.75383885645598347, -15.99938394344044923, 7.983174310249974148 ) ) ;
#2333 = ORIENTED_EDGE ( 'NONE', *, *, #1066, .T. ) ;
#2334 = DIRECTION ( 'NONE',  ( 1.000000000000000000, 0.000000000000000000, 0.000000000000000000 ) ) ;
#2335 = ORIENTED_EDGE ( 'NONE', *, *, #1516, .F. ) ;
#2336 = CIRCLE ( 'NONE', #1141, 2.999999999999999112 ) ;
#2337 = ORIENTED_EDGE ( 'NONE', *, *, #528, .F. ) ;
#2338 = CIRCLE ( 'NONE', #1277, 2.000000000000001776 ) ;
#2339 = EDGE_CURVE ( 'NONE', #1410, #2375, #1504, .T. ) ;
#2340 = EDGE_CURVE ( 'NONE', #2738, #74, #1557, .T. ) ;
#2341 = CARTESIAN_POINT ( 'NONE',  ( -19.50000000000000711, -14.50000000000000178, 8.000000000000000000 ) ) ;
#2342 = VECTOR ( 'NONE', #13, 1000.000000000000000 ) ;
#2343 = CIRCLE ( 'NONE', #838, 1.600000000000000755 ) ;
#2344 = FACE_OUTER_BOUND ( 'NONE', #1309, .T. ) ;
#2345 = CARTESIAN_POINT ( 'NONE',  ( -13.00000000000000711, -13.00000000000000000, 5.000000000000000000 ) ) ;
#2346 = AXIS2_PLACEMENT_3D ( 'NONE', #2466, #774, #77 ) ;
#2347 = CARTESIAN_POINT ( 'NONE',  ( 10.10763363628553968, 13.82362553415963191, 7.002134907348938953 ) ) ;
#2348 = CARTESIAN_POINT ( 'NONE',  ( 15.91775920689705082, -13.69762540848756238, 8.000000000000000000 ) ) ;
#2349 = DIRECTION ( 'NONE',  ( -1.000000000000000000, 0.000000000000000000, 0.000000000000000000 ) ) ;
#2350 = VERTEX_POINT ( 'NONE', #498 ) ;
#2351 = VERTEX_POINT ( 'NONE', #2189 ) ;
#2352 = ORIENTED_EDGE ( 'NONE', *, *, #49, .T. ) ;
#2353 = DIRECTION ( 'NONE',  ( -0.000000000000000000, -0.000000000000000000, -1.000000000000000000 ) ) ;
#2354 = DIRECTION ( 'NONE',  ( 1.000000000000000000, 0.000000000000000000, 0.000000000000000000 ) ) ;
#2355 = CARTESIAN_POINT ( 'NONE',  ( 30.50000000000000000, 7.772077938642133255, -23.00000000000003908 ) ) ;
#2356 = EDGE_CURVE ( 'NONE', #638, #2605, #1857, .T. ) ;
#2357 = EDGE_CURVE ( 'NONE', #1667, #1285, #837, .T. ) ;
#2358 = DIRECTION ( 'NONE',  ( -0.7193398003386551887, -1.366770724097957955E-16, 0.6946583704589930353 ) ) ;
#2359 = DIRECTION ( 'NONE',  ( -1.000000000000000000, 0.000000000000000000, 0.000000000000000000 ) ) ;
#2360 = DIRECTION ( 'NONE',  ( 3.413144305457568632E-32, -1.000000000000000000, -1.967543734044216016E-16 ) ) ;
#2361 = EDGE_LOOP ( 'NONE', ( #2687, #945, #1843, #388 ) ) ;
#2362 = VERTEX_POINT ( 'NONE', #1604 ) ;
#2363 = ORIENTED_EDGE ( 'NONE', *, *, #2227, .F. ) ;
#2364 = DIRECTION ( 'NONE',  ( 1.354360293642049904E-32, -1.000000000000000000, -1.003808469612657108E-16 ) ) ;
#2365 = CARTESIAN_POINT ( 'NONE',  ( -32.50000000000007105, 22.50000000000004619, -6.000000000000047073 ) ) ;
#2366 = CARTESIAN_POINT ( 'NONE',  ( 55.98528137423861750, 17.50000000000004619, -26.00000000000003197 ) ) ;
#2367 = DIRECTION ( 'NONE',  ( -0.000000000000000000, 0.000000000000000000, 1.000000000000000000 ) ) ;
#2368 = DIRECTION ( 'NONE',  ( -1.000000000000000000, -7.745271583493977455E-32, 2.201794655477302193E-16 ) ) ;
#2369 = EDGE_CURVE ( 'NONE', #174, #699, #1777, .T. ) ;
#2370 = ADVANCED_FACE ( 'NONE', ( #2426 ), #1420, .T. ) ;
#2371 = DIRECTION ( 'NONE',  ( -0.000000000000000000, -0.000000000000000000, 1.000000000000000000 ) ) ;
#2372 = ORIENTED_EDGE ( 'NONE', *, *, #1766, .T. ) ;
#2373 = CARTESIAN_POINT ( 'NONE',  ( -10.45800607464042287, -14.60863206414998849, 7.406216553536286717 ) ) ;
#2374 = CARTESIAN_POINT ( 'NONE',  ( 27.50000000000000711, 17.50000000000000000, -26.00000000000003553 ) ) ;
#2375 = VERTEX_POINT ( 'NONE', #2444 ) ;
#2376 = CARTESIAN_POINT ( 'NONE',  ( -10.00000000000000711, -13.00000000002290967, 6.546084143069776040 ) ) ;
#2377 = PLANE ( 'NONE',  #797 ) ;
#2378 = CARTESIAN_POINT ( 'NONE',  ( 13.34178826519243621, 10.01387981936315086, 6.737061301618540554 ) ) ;
#2379 = VECTOR ( 'NONE', #2312, 1000.000000000000000 ) ;
#2380 = ORIENTED_EDGE ( 'NONE', *, *, #593, .F. ) ;
#2381 = VECTOR ( 'NONE', #1898, 1000.000000000000000 ) ;
#2382 = AXIS2_PLACEMENT_3D ( 'NONE', #1758, #233, #2146 ) ;
#2383 = FACE_OUTER_BOUND ( 'NONE', #1439, .T. ) ;
#2384 = DIRECTION ( 'NONE',  ( 3.413144305457568632E-32, -1.000000000000000000, -1.967543734044216016E-16 ) ) ;
#2385 = VECTOR ( 'NONE', #929, 1000.000000000000000 ) ;
#2386 = CYLINDRICAL_SURFACE ( 'NONE', #963, 2.000000000000001776 ) ;
#2387 = ORIENTED_EDGE ( 'NONE', *, *, #459, .F. ) ;
#2388 = EDGE_CURVE ( 'NONE', #2214, #1410, #777, .T. ) ;
#2389 = CARTESIAN_POINT ( 'NONE',  ( -10.72290420483474982, -14.96577337809249997, 7.573114867528918381 ) ) ;
#2390 = CARTESIAN_POINT ( 'NONE',  ( -55.98528137423859619, 17.49999999999999645, -6.000000000000043521 ) ) ;
#2391 = ORIENTED_EDGE ( 'NONE', *, *, #1986, .F. ) ;
#2392 = CARTESIAN_POINT ( 'NONE',  ( -15.65640753042086430, -11.59043464137729273, 7.856340124646008505 ) ) ;
#2393 = FACE_OUTER_BOUND ( 'NONE', #2313, .T. ) ;
#2394 = CARTESIAN_POINT ( 'NONE',  ( 38.98528137423861750, 22.50000000000006040, -18.00000000000003908 ) ) ;
#2395 = VERTEX_POINT ( 'NONE', #1152 ) ;
#2396 = CARTESIAN_POINT ( 'NONE',  ( 27.50000000000000355, 9.014718625761410919, 25.51609221829270879 ) ) ;
#2397 = CARTESIAN_POINT ( 'NONE',  ( -19.50000000000000711, 1.199677671795186334E-15, -19.00000000000004974 ) ) ;
#2398 = CARTESIAN_POINT ( 'NONE',  ( 14.59999999999999254, -13.00000000000000000, 0.000000000000000000 ) ) ;
#2399 = FACE_OUTER_BOUND ( 'NONE', #2133, .T. ) ;
#2400 = EDGE_LOOP ( 'NONE', ( #2013, #1186, #672, #1880 ) ) ;
#2401 = CARTESIAN_POINT ( 'NONE',  ( 22.50000000000001066, 14.50000000000000178, 8.000000000000000000 ) ) ;
#2402 = LINE ( 'NONE', #298, #1358 ) ;
#2403 = EDGE_CURVE ( 'NONE', #2097, #1455, #2338, .T. ) ;
#2404 = VERTEX_POINT ( 'NONE', #2470 ) ;
#2405 = EDGE_CURVE ( 'NONE', #2619, #1548, #721, .T. ) ;
#2406 = EDGE_CURVE ( 'NONE', #1095, #2078, #2456, .T. ) ;
#2407 = CARTESIAN_POINT ( 'NONE',  ( -14.73243143709866665, -10.54323561582880586, 7.465124915802333838 ) ) ;
#2408 = LINE ( 'NONE', #1343, #1326 ) ;
#2409 = ORIENTED_EDGE ( 'NONE', *, *, #1138, .T. ) ;
#2410 = CARTESIAN_POINT ( 'NONE',  ( 15.18017070030538918, 10.92974316300820981, 7.666680784866166221 ) ) ;
#2411 = CARTESIAN_POINT ( 'NONE',  ( 32.50000000000004263, 22.50000000000003908, 25.51609221829271235 ) ) ;
#2412 = PLANE ( 'NONE',  #527 ) ;
#2413 = DIRECTION ( 'NONE',  ( 0.000000000000000000, 0.000000000000000000, 1.000000000000000000 ) ) ;
#2414 = DIRECTION ( 'NONE',  ( 0.000000000000000000, -1.445602896647339656E-16, 1.000000000000000000 ) ) ;
#2415 = ORIENTED_EDGE ( 'NONE', *, *, #2528, .F. ) ;
#2416 = CARTESIAN_POINT ( 'NONE',  ( -13.69762540848754817, -15.91775920689706503, 8.000000000000000000 ) ) ;
#2417 = ORIENTED_EDGE ( 'NONE', *, *, #997, .F. ) ;
#2418 = AXIS2_PLACEMENT_3D ( 'NONE', #849, #2116, #1703 ) ;
#2419 = VERTEX_POINT ( 'NONE', #558 ) ;
#2420 = B_SPLINE_CURVE_WITH_KNOTS ( 'NONE', 3,
 ( #2162, #1107, #910, #1955, #2137, #55, #897, #236, #2590, #1749, #1541, #2607, #689, #2550, #2347, #68, #2176, #1971 ),
 .UNSPECIFIED., .F., .F.,
 ( 4, 2, 2, 2, 2, 2, 2, 2, 4 ),
 ( 0.01145750503439545327, 0.01216411353112409680, 0.01287072202785274032, 0.01357733052458138384, 0.01428393902131002910, 0.01499054751803867436, 0.01569715601476732308, 0.01640376451149596834, 0.01711037300822461360 ),
 .UNSPECIFIED. ) ;
#2421 = LINE ( 'NONE', #348, #2212 ) ;
#2422 = LINE ( 'NONE', #2220, #1597 ) ;
#2423 = EDGE_LOOP ( 'NONE', ( #1003, #257, #2325, #1073 ) ) ;
#2424 = CARTESIAN_POINT ( 'NONE',  ( -37.85530313790587797, 17.49999999999999645, -6.000000000000040856 ) ) ;
#2425 = EDGE_CURVE ( 'NONE', #2419, #711, #1570, .T. ) ;
#2426 = FACE_OUTER_BOUND ( 'NONE', #2298, .T. ) ;
#2427 = CIRCLE ( 'NONE', #2707, 2.000000000000001776 ) ;
#2428 = VECTOR ( 'NONE', #2581, 1000.000000000000000 ) ;
#2429 = DIRECTION ( 'NONE',  ( 1.349221823327174429E-16, 1.967543734044216016E-16, -1.000000000000000000 ) ) ;
#2430 = CARTESIAN_POINT ( 'NONE',  ( -27.50000000000000711, 5.902631202132645828E-16, -16.00000000000004974 ) ) ;
#2431 = VECTOR ( 'NONE', #2725, 1000.000000000000000 ) ;
#2432 = VECTOR ( 'NONE', #468, 1000.000000000000000 ) ;
#2433 = CARTESIAN_POINT ( 'NONE',  ( -19.50000000000000711, -5.999999999999998224, -23.00000000000004974 ) ) ;
#2434 = AXIS2_PLACEMENT_3D ( 'NONE', #1497, #1914, #232 ) ;
#2435 = EDGE_LOOP ( 'NONE', ( #1473, #1975 ) ) ;
#2436 = VECTOR ( 'NONE', #1615, 1000.000000000000000 ) ;
#2437 = CARTESIAN_POINT ( 'NONE',  ( -14.60000000000000675, 13.00000000000000000, 0.000000000000000000 ) ) ;
#2438 = CARTESIAN_POINT ( 'NONE',  ( -19.50000000000000355, 17.50000000000000000, 0.000000000000000000 ) ) ;
#2439 = EDGE_LOOP ( 'NONE', ( #2363, #516, #1576, #2074, #2391, #1372, #229, #552 ) ) ;
#2440 = CARTESIAN_POINT ( 'NONE',  ( -11.36396103067888319, -11.36396103067891872, -23.00000000000004619 ) ) ;
#2441 = CYLINDRICAL_SURFACE ( 'NONE', #1148, 2.000000000000001776 ) ;
#2442 = EDGE_LOOP ( 'NONE', ( #2742, #2248 ) ) ;
#2443 = CARTESIAN_POINT ( 'NONE',  ( 37.85530313790588508, 17.50000000000004263, -6.000000000000031974 ) ) ;
#2444 = CARTESIAN_POINT ( 'NONE',  ( 55.98528137423861750, 22.50000000000004974, -26.00000000000003197 ) ) ;
#2445 = DIRECTION ( 'NONE',  ( -0.000000000000000000, -0.000000000000000000, 1.000000000000000000 ) ) ;
#2446 = ADVANCED_FACE ( 'NONE', ( #972, #1361, #927 ), #2045, .T. ) ;
#2447 = DIRECTION ( 'NONE',  ( 1.000000000000000000, -1.875376730785737226E-16, -0.000000000000000000 ) ) ;
#2448 = CARTESIAN_POINT ( 'NONE',  ( 27.50000000000000711, -6.742640687119290099, -20.00000000000004619 ) ) ;
#2449 = ORIENTED_EDGE ( 'NONE', *, *, #19, .T. ) ;
#2450 = DIRECTION ( 'NONE',  ( 2.201794655477302193E-16, -2.201794655477296276E-16, 1.000000000000000000 ) ) ;
#2451 = ORIENTED_EDGE ( 'NONE', *, *, #18, .F. ) ;
#2452 = DIRECTION ( 'NONE',  ( 3.413144305457568632E-32, -1.000000000000000000, -1.967543734044216016E-16 ) ) ;
#2453 = LINE ( 'NONE', #2025, #309 ) ;
#2454 = ORIENTED_EDGE ( 'NONE', *, *, #177, .F. ) ;
#2455 = CARTESIAN_POINT ( 'NONE',  ( 50.98528137423861750, 22.50000000000006040, -18.00000000000003908 ) ) ;
#2456 = LINE ( 'NONE', #531, #2521 ) ;
#2457 = CARTESIAN_POINT ( 'NONE',  ( 19.50000000000001066, 14.50000000000000533, -26.00000000000003553 ) ) ;
#2458 = CARTESIAN_POINT ( 'NONE',  ( -13.22785212217576500, 16.00071931617438636, 7.997801216307637517 ) ) ;
#2459 = CARTESIAN_POINT ( 'NONE',  ( -12.78440394137423830, 10.00222579964207448, 6.426146769654158319 ) ) ;
#2460 = EDGE_LOOP ( 'NONE', ( #439, #2032, #1298, #1215 ) ) ;
#2461 = EDGE_CURVE ( 'NONE', #1935, #1614, #375, .T. ) ;
#2462 = EDGE_CURVE ( 'NONE', #1484, #641, #1502, .T. ) ;
#2463 = CARTESIAN_POINT ( 'NONE',  ( 15.99309902562820440, -13.23466027042336535, 7.996618247252299305 ) ) ;
#2464 = ORIENTED_EDGE ( 'NONE', *, *, #1564, .T. ) ;
#2465 = CIRCLE ( 'NONE', #2330, 3.000000000000000888 ) ;
#2466 = CARTESIAN_POINT ( 'NONE',  ( -19.50000000000000355, 17.50000000000000000, -63.85498646149545721 ) ) ;
#2467 = VERTEX_POINT ( 'NONE', #2055 ) ;
#2468 = DIRECTION ( 'NONE',  ( 0.000000000000000000, 0.000000000000000000, -1.000000000000000000 ) ) ;
#2469 = ORIENTED_EDGE ( 'NONE', *, *, #2202, .T. ) ;
#2470 = CARTESIAN_POINT ( 'NONE',  ( 9.999999999999991118, -13.00000000000000000, 5.000000000000000000 ) ) ;
#2471 = CARTESIAN_POINT ( 'NONE',  ( 50.98528137423861750, 17.49999999999999645, -14.00000000000003730 ) ) ;
#2472 = DIRECTION ( 'NONE',  ( 0.000000000000000000, 0.000000000000000000, 1.000000000000000000 ) ) ;
#2473 = CARTESIAN_POINT ( 'NONE',  ( -10.01661216899756113, 12.63460278190667374, 6.343265189496569256 ) ) ;
#2474 = VERTEX_POINT ( 'NONE', #1671 ) ;
#2475 = VECTOR ( 'NONE', #1078, 1000.000000000000000 ) ;
#2476 = AXIS2_PLACEMENT_3D ( 'NONE', #2110, #2526, #1475 ) ;
#2477 = FACE_OUTER_BOUND ( 'NONE', #1676, .T. ) ;
#2478 = EDGE_CURVE ( 'NONE', #2492, #903, #2506, .T. ) ;
#2479 = EDGE_LOOP ( 'NONE', ( #2454, #1248, #2531, #2449, #801, #1441 ) ) ;
#2480 = AXIS2_PLACEMENT_3D ( 'NONE', #924, #1377, #1818 ) ;
#2481 = ORIENTED_EDGE ( 'NONE', *, *, #876, .T. ) ;
#2482 = ORIENTED_EDGE ( 'NONE', *, *, #122, .F. ) ;
#2483 = CARTESIAN_POINT ( 'NONE',  ( -19.50000000000000711, -2.999999999999988898, -63.85498646149545721 ) ) ;
#2484 = LINE ( 'NONE', #1661, #751 ) ;
#2485 = CARTESIAN_POINT ( 'NONE',  ( -12.05515867925865336, 15.85708244584485627, 7.928754743616655887 ) ) ;
#2486 = CARTESIAN_POINT ( 'NONE',  ( 0.000000000000000000, 0.000000000000000000, 0.000000000000000000 ) ) ;
#2487 = FACE_BOUND ( 'NONE', #1653, .T. ) ;
#2488 = ORIENTED_EDGE ( 'NONE', *, *, #1767, .T. ) ;
#2489 = CARTESIAN_POINT ( 'NONE',  ( 15.99999999999999289, -13.00000000000336975, 7.990755995505702813 ) ) ;
#2490 = ORIENTED_EDGE ( 'NONE', *, *, #2684, .T. ) ;
#2491 = EDGE_CURVE ( 'NONE', #680, #174, #1233, .T. ) ;
#2492 = VERTEX_POINT ( 'NONE', #2277 ) ;
#2493 = EDGE_CURVE ( 'NONE', #1385, #1717, #2656, .T. ) ;
#2494 = ADVANCED_FACE ( 'NONE', ( #1209 ), #1432, .F. ) ;
#2495 = EDGE_LOOP ( 'NONE', ( #1333, #773, #859, #219 ) ) ;
#2496 = CARTESIAN_POINT ( 'NONE',  ( -22.50000000000000355, 14.50000000000000178, -26.00000000000004263 ) ) ;
#2497 = DIRECTION ( 'NONE',  ( 1.349221823327174429E-16, 1.967543734044216016E-16, -1.000000000000000000 ) ) ;
#2498 = FACE_BOUND ( 'NONE', #281, .T. ) ;
#2499 = DIRECTION ( 'NONE',  ( 3.413144305457568632E-32, -1.000000000000000000, -1.967543734044216016E-16 ) ) ;
#2500 = CARTESIAN_POINT ( 'NONE',  ( 27.50000000000000355, 17.49999999999999289, 25.51609221829270879 ) ) ;
#2501 = ORIENTED_EDGE ( 'NONE', *, *, #1023, .F. ) ;
#2502 = DIRECTION ( 'NONE',  ( -1.000000000000000000, -1.875376730785737226E-16, 0.000000000000000000 ) ) ;
#2503 = ORIENTED_EDGE ( 'NONE', *, *, #1517, .T. ) ;
#2504 = ORIENTED_EDGE ( 'NONE', *, *, #2006, .F. ) ;
#2505 = ORIENTED_EDGE ( 'NONE', *, *, #1079, .F. ) ;
#2506 = LINE ( 'NONE', #1844, #1641 ) ;
#2507 = CARTESIAN_POINT ( 'NONE',  ( -27.50000000000000711, 2.999999999999997335, 7.999999999999996447 ) ) ;
#2508 = VECTOR ( 'NONE', #149, 1000.000000000000000 ) ;
#2509 = CARTESIAN_POINT ( 'NONE',  ( -16.00000000000081712, -13.11768139445723236, 7.994326531340150588 ) ) ;
#2510 = EDGE_CURVE ( 'NONE', #614, #1493, #398, .T. ) ;
#2511 = EDGE_CURVE ( 'NONE', #1424, #2350, #1457, .T. ) ;
#2512 = CARTESIAN_POINT ( 'NONE',  ( 22.50000000000001066, 14.50000000000000178, -26.00000000000003553 ) ) ;
#2513 = CARTESIAN_POINT ( 'NONE',  ( 10.72205334629869355, -14.96457527102759144, 7.572549364039798725 ) ) ;
#2514 = ORIENTED_EDGE ( 'NONE', *, *, #895, .T. ) ;
#2515 = MANIFOLD_SOLID_BREP ( '\X2\570689d2\X0\3', #2549 ) ;
#2516 = LINE ( 'NONE', #214, #2379 ) ;
#2517 = CIRCLE ( 'NONE', #525, 2.000000000000001776 ) ;
#2518 = AXIS2_PLACEMENT_3D ( 'NONE', #2500, #173, #2090 ) ;
#2519 = EDGE_LOOP ( 'NONE', ( #1193, #2054, #1982, #67 ) ) ;
#2520 = CARTESIAN_POINT ( 'NONE',  ( -48.74264068711926967, 14.49999999999999822, -23.00000000000004974 ) ) ;
#2521 = VECTOR ( 'NONE', #1393, 1000.000000000000000 ) ;
#2522 = AXIS2_PLACEMENT_3D ( 'NONE', #2029, #2445, #2205 ) ;
#2523 = ORIENTED_EDGE ( 'NONE', *, *, #364, .F. ) ;
#2524 = CIRCLE ( 'NONE', #1816, 1.600000000000000755 ) ;
#2525 = DIRECTION ( 'NONE',  ( 1.000000000000000000, 0.000000000000000000, 0.000000000000000000 ) ) ;
#2526 = DIRECTION ( 'NONE',  ( 0.000000000000000000, 0.000000000000000000, 1.000000000000000000 ) ) ;
#2527 = CARTESIAN_POINT ( 'NONE',  ( -55.98528137423858908, 22.50000000000005329, -26.00000000000004619 ) ) ;
#2528 = EDGE_CURVE ( 'NONE', #862, #1581, #1723, .T. ) ;
#2529 = DIRECTION ( 'NONE',  ( 1.000000000000000000, -8.786684129385969281E-17, 2.201794655477298742E-16 ) ) ;
#2530 = PLANE ( 'NONE',  #2256 ) ;
#2531 = ORIENTED_EDGE ( 'NONE', *, *, #382, .T. ) ;
#2532 = DIRECTION ( 'NONE',  ( -1.000000000000000000, 0.000000000000000000, 0.000000000000000000 ) ) ;
#2533 = ORIENTED_EDGE ( 'NONE', *, *, #1307, .T. ) ;
#2534 = ORIENTED_EDGE ( 'NONE', *, *, #550, .T. ) ;
#2535 = CARTESIAN_POINT ( 'NONE',  ( 12.99999999999999289, -13.00000000000000000, 5.000000000000000000 ) ) ;
#2536 = DIRECTION ( 'NONE',  ( -1.000000000000000000, 0.000000000000000000, 0.000000000000000000 ) ) ;
#2537 = CARTESIAN_POINT ( 'NONE',  ( 37.85530313790588508, 22.50000000000004619, -6.000000000000035527 ) ) ;
#2538 = FACE_OUTER_BOUND ( 'NONE', #385, .T. ) ;
#2539 = DIRECTION ( 'NONE',  ( -1.000000000000000000, 1.224646799147353454E-16, 0.000000000000000000 ) ) ;
#2540 = ORIENTED_EDGE ( 'NONE', *, *, #1022, .F. ) ;
#2541 = DIRECTION ( 'NONE',  ( 0.000000000000000000, 0.000000000000000000, -1.000000000000000000 ) ) ;
#2542 = VERTEX_POINT ( 'NONE', #606 ) ;
#2543 = EDGE_CURVE ( 'NONE', #2097, #880, #804, .T. ) ;
#2544 = ADVANCED_FACE ( 'NONE', ( #1648 ), #415, .F. ) ;
#2545 = VERTEX_POINT ( 'NONE', #2109 ) ;
#2546 = PLANE ( 'NONE',  #1860 ) ;
#2547 = DIRECTION ( 'NONE',  ( 0.000000000000000000, 1.000000000000000000, 2.201794655477297262E-16 ) ) ;
#2548 = FACE_OUTER_BOUND ( 'NONE', #1894, .T. ) ;
#2549 = CLOSED_SHELL ( 'NONE', ( #2544, #2262, #492, #1669, #50, #424, #2731, #2629, #2261, #692, #1189, #1359, #1801, #2592, #731, #2578, #1243, #2242, #753, #1871, #207, #728, #1244, #1272, #1306, #1303, #878, #2446, #640, #1852, #381, #30, #948, #2059, #1619, #998, #2170, #1691, #1734, #2611, #1035, #2645, #2370, #192, #712, #613, #2275, #1225, #1114, #1324, #2150, #1445, #1851, #1545, #235, #1689, #2494, #34, #913, #1782, #1656, #1822, #423, #1050, #2021, #768, #1156, #1608, #1171, #1292, #208, #1798, #2208, #1715, #2071 ) ) ;
#2550 = CARTESIAN_POINT ( 'NONE',  ( 10.17276737868302661, 14.02600818645600889, 7.110594165352961404 ) ) ;
#2551 = CARTESIAN_POINT ( 'NONE',  ( 35.98528137423861040, 17.50000000000004263, -20.00000000000003908 ) ) ;
#2552 = FACE_OUTER_BOUND ( 'NONE', #241, .T. ) ;
#2553 = ORIENTED_EDGE ( 'NONE', *, *, #239, .T. ) ;
#2554 = AXIS2_PLACEMENT_3D ( 'NONE', #1708, #234, #5 ) ;
#2555 = EDGE_CURVE ( 'NONE', #2081, #2545, #368, .T. ) ;
#2556 = AXIS2_PLACEMENT_3D ( 'NONE', #2192, #2165, #501 ) ;
#2557 = ORIENTED_EDGE ( 'NONE', *, *, #441, .T. ) ;
#2558 = EDGE_CURVE ( 'NONE', #863, #1388, #261, .T. ) ;
#2559 = VERTEX_POINT ( 'NONE', #442 ) ;
#2560 = AXIS2_PLACEMENT_3D ( 'NONE', #2535, #1038, #3 ) ;
#2561 = CYLINDRICAL_SURFACE ( 'NONE', #2659, 2.000000000000001776 ) ;
#2562 = VECTOR ( 'NONE', #123, 1000.000000000000000 ) ;
#2563 = AXIS2_PLACEMENT_3D ( 'NONE', #1514, #2156, #2354 ) ;
#2564 = FACE_OUTER_BOUND ( 'NONE', #1510, .T. ) ;
#2565 = CYLINDRICAL_SURFACE ( 'NONE', #1230, 3.000000000000000000 ) ;
#2566 = VECTOR ( 'NONE', #940, 1000.000000000000000 ) ;
#2567 = DIRECTION ( 'NONE',  ( 1.000000000000000000, 0.000000000000000000, 0.000000000000000000 ) ) ;
#2568 = FACE_OUTER_BOUND ( 'NONE', #826, .T. ) ;
#2569 = DIRECTION ( 'NONE',  ( -1.000000000000000000, -0.000000000000000000, -1.734723475976806848E-16 ) ) ;
#2570 = EDGE_LOOP ( 'NONE', ( #1365, #2352, #193, #1534, #82 ) ) ;
#2571 = CARTESIAN_POINT ( 'NONE',  ( 5.319899557242833718E-15, 14.50000000000000000, -23.00000000000003908 ) ) ;
#2572 = ORIENTED_EDGE ( 'NONE', *, *, #224, .T. ) ;
#2573 = EDGE_CURVE ( 'NONE', #1581, #1061, #1288, .T. ) ;
#2574 = CARTESIAN_POINT ( 'NONE',  ( -38.98528137423858908, 17.49999999999999645, -18.00000000000003908 ) ) ;
#2575 = CYLINDRICAL_SURFACE ( 'NONE', #1993, 3.000000000000001776 ) ;
#2576 = LINE ( 'NONE', #2366, #2566 ) ;
#2577 = EDGE_CURVE ( 'NONE', #2467, #432, #2155, .T. ) ;
#2578 = ADVANCED_FACE ( 'NONE', ( #1312 ), #1085, .F. ) ;
#2579 = CARTESIAN_POINT ( 'NONE',  ( -38.98528137423858908, 17.49999999999999645, -14.00000000000003730 ) ) ;
#2580 = DIRECTION ( 'NONE',  ( -0.000000000000000000, -0.000000000000000000, 1.000000000000000000 ) ) ;
#2581 = DIRECTION ( 'NONE',  ( -1.875376730785737226E-16, 1.000000000000000000, 2.201794655477296769E-16 ) ) ;
#2582 = ORIENTED_EDGE ( 'NONE', *, *, #2140, .F. ) ;
#2583 = CARTESIAN_POINT ( 'NONE',  ( -37.24264068711929099, 3.000000000000003553, -23.00000000000004974 ) ) ;
#2584 = LINE ( 'NONE', #61, #1492 ) ;
#2585 = ORIENTED_EDGE ( 'NONE', *, *, #224, .F. ) ;
#2586 = DIRECTION ( 'NONE',  ( -1.000000000000000000, 8.786684129385964350E-17, -0.000000000000000000 ) ) ;
#2587 = FACE_OUTER_BOUND ( 'NONE', #1499, .T. ) ;
#2588 = CARTESIAN_POINT ( 'NONE',  ( 14.23132157045970381, 10.25795452888401371, 7.217307566969783927 ) ) ;
#2589 = ORIENTED_EDGE ( 'NONE', *, *, #1463, .T. ) ;
#2590 = CARTESIAN_POINT ( 'NONE',  ( 11.22826982488883552, 15.43192761346724318, 7.770765851847085237 ) ) ;
#2591 = DIRECTION ( 'NONE',  ( 1.000000000000000000, 0.000000000000000000, 0.000000000000000000 ) ) ;
#2592 = ADVANCED_FACE ( 'NONE', ( #1074 ), #2134, .F. ) ;
#2593 = LINE ( 'NONE', #326, #1058 ) ;
#2594 = AXIS2_PLACEMENT_3D ( 'NONE', #1962, #1551, #715 ) ;
#2595 = FACE_OUTER_BOUND ( 'NONE', #850, .T. ) ;
#2596 = ORIENTED_EDGE ( 'NONE', *, *, #2310, .T. ) ;
#2597 = CARTESIAN_POINT ( 'NONE',  ( 19.50000000000000711, -19.50000000000000355, 0.000000000000000000 ) ) ;
#2598 = ORIENTED_EDGE ( 'NONE', *, *, #6, .T. ) ;
#2599 = ORIENTED_EDGE ( 'NONE', *, *, #2207, .F. ) ;
#2600 = CARTESIAN_POINT ( 'NONE',  ( 11.39999999999999147, 13.00000000000000000, 10.10628645568517214 ) ) ;
#2601 = CARTESIAN_POINT ( 'NONE',  ( 19.50000000000001066, 14.49999999999999822, -63.85498646149545721 ) ) ;
#2602 = VECTOR ( 'NONE', #546, 1000.000000000000000 ) ;
#2603 = DIRECTION ( 'NONE',  ( 3.413144305457568632E-32, -1.000000000000000000, -1.967543734044216016E-16 ) ) ;
#2604 = CIRCLE ( 'NONE', #1501, 2.999999999999999112 ) ;
#2605 = VERTEX_POINT ( 'NONE', #1062 ) ;
#2606 = AXIS2_PLACEMENT_3D ( 'NONE', #2056, #942, #311 ) ;
#2607 = CARTESIAN_POINT ( 'NONE',  ( 10.45867785671139494, 14.60963504646526268, 7.406695966547345300 ) ) ;
#2608 = CARTESIAN_POINT ( 'NONE',  ( 0.000000000000000000, 0.000000000000000000, 0.000000000000000000 ) ) ;
#2609 = CARTESIAN_POINT ( 'NONE',  ( -19.50000000000000711, 3.000000000000009770, -63.85498646149545721 ) ) ;
#2610 = AXIS2_PLACEMENT_3D ( 'NONE', #2111, #1064, #1263 ) ;
#2611 = ADVANCED_FACE ( 'NONE', ( #2172 ), #2546, .T. ) ;
#2612 = CARTESIAN_POINT ( 'NONE',  ( -35.98528137423858198, 17.50000000000000000, -20.00000000000004619 ) ) ;
#2613 = ORIENTED_EDGE ( 'NONE', *, *, #89, .F. ) ;
#2614 = LINE ( 'NONE', #714, #2076 ) ;
#2615 = PLANE ( 'NONE',  #2594 ) ;
#2616 = ORIENTED_EDGE ( 'NONE', *, *, #845, .T. ) ;
#2617 =( NAMED_UNIT ( * ) SI_UNIT ( $, .STERADIAN. ) SOLID_ANGLE_UNIT ( ) );
#2618 = DIRECTION ( 'NONE',  ( 3.413144305457568632E-32, -1.000000000000000000, -1.967543734044216016E-16 ) ) ;
#2619 = VERTEX_POINT ( 'NONE', #2145 ) ;
#2620 = DIRECTION ( 'NONE',  ( -8.786684129385964350E-17, -1.000000000000000000, 0.000000000000000000 ) ) ;
#2621 = CARTESIAN_POINT ( 'NONE',  ( 27.50000000000000711, -14.49999999999999822, 8.000000000000000000 ) ) ;
#2622 = LINE ( 'NONE', #778, #1858 ) ;
#2623 = CARTESIAN_POINT ( 'NONE',  ( -22.50000000000000355, 17.50000000000000000, -26.00000000000004263 ) ) ;
#2624 = B_SPLINE_CURVE_WITH_KNOTS ( 'NONE', 3,
 ( #1849, #987, #1169, #1157, #770, #2018, #2240, #2061, #2269, #103, #2639, #944, #551, #1837, #2674, #2459, #371, #1212, #2211, #315, #561, #1809, #759, #1609, #1409, #2253, #1201, #2048, #147, #2686, #1634, #2473, #575, #1423 ),
 .UNSPECIFIED., .F., .F.,
 ( 4, 2, 2, 2, 2, 2, 2, 2, 2, 2, 2, 2, 2, 2, 2, 2, 4 ),
 ( 0.01513514176540483799, 0.01575955390766039382, 0.01638396604991594965, 0.01700837819217150201, 0.01763279033442705437, 0.01825720247668260673, 0.01888161461893815563, 0.02013043890344925341, 0.02075485104570480577, 0.02137926318796035813, 0.02200367533021591049, 0.02231588140134368667, 0.02262808747247145938, 0.02325249961472700827, 0.02387691175698256063, 0.02450132389923810605, 0.02512573604149365841 ),
 .UNSPECIFIED. ) ;
#2625 = DIRECTION ( 'NONE',  ( 3.413144305457568632E-32, -1.000000000000000000, -1.967543734044216016E-16 ) ) ;
#2626 = ORIENTED_EDGE ( 'NONE', *, *, #1412, .T. ) ;
#2627 = CARTESIAN_POINT ( 'NONE',  ( -12.99999999999999822, 2.081899558550500280E-15, 0.000000000000000000 ) ) ;
#2628 = ORIENTED_EDGE ( 'NONE', *, *, #1747, .T. ) ;
#2629 = ADVANCED_FACE ( 'NONE', ( #260 ), #2561, .F. ) ;
#2630 = EDGE_CURVE ( 'NONE', #2661, #1935, #221, .T. ) ;
#2631 = VERTEX_POINT ( 'NONE', #2574 ) ;
#2632 = CARTESIAN_POINT ( 'NONE',  ( -14.23010461301339724, -10.25737306533513404, 7.216686780863677875 ) ) ;
#2633 = FACE_OUTER_BOUND ( 'NONE', #727, .T. ) ;
#2634 = EDGE_LOOP ( 'NONE', ( #2523, #1428, #2649, #284, #2326, #1895, #1, #2572, #904 ) ) ;
#2635 = CARTESIAN_POINT ( 'NONE',  ( 10.01685934602496353, 12.63195020756877973, 6.341797338294989927 ) ) ;
#2636 = CARTESIAN_POINT ( 'NONE',  ( 16.00000000000025935, -12.79065325435154676, 7.984404268791013948 ) ) ;
#2637 = CARTESIAN_POINT ( 'NONE',  ( -19.50000000000000711, -14.50000000000000178, -26.00000000000004974 ) ) ;
#2638 = CARTESIAN_POINT ( 'NONE',  ( 4.807602611652747271, 17.50000000000000355, 7.472440256938161163 ) ) ;
#2639 = CARTESIAN_POINT ( 'NONE',  ( -14.73139336523538745, 10.54240280177229749, 7.464650756453835356 ) ) ;
#2640 = ORIENTED_EDGE ( 'NONE', *, *, #752, .F. ) ;
#2641 = CARTESIAN_POINT ( 'NONE',  ( -10.00000000000000711, 13.00000000000000000, 5.000000000000000000 ) ) ;
#2642 = CARTESIAN_POINT ( 'NONE',  ( 12.99999999999999289, -13.00000000000000000, 5.000000000000000000 ) ) ;
#2643 = VECTOR ( 'NONE', #540, 1000.000000000000000 ) ;
#2644 = EDGE_LOOP ( 'NONE', ( #2598, #78 ) ) ;
#2645 = ADVANCED_FACE ( 'NONE', ( #852 ), #865, .F. ) ;
#2646 = EDGE_CURVE ( 'NONE', #1072, #11, #1718, .T. ) ;
#2647 = CYLINDRICAL_SURFACE ( 'NONE', #616, 2.000000000000001776 ) ;
#2648 = CARTESIAN_POINT ( 'NONE',  ( 19.50000000000000711, -19.50000000000000355, -63.85498646149545721 ) ) ;
#2649 = ORIENTED_EDGE ( 'NONE', *, *, #985, .F. ) ;
#2650 = DIRECTION ( 'NONE',  ( 3.413144305457568632E-32, -1.000000000000000000, -1.967543734044216016E-16 ) ) ;
#2651 = CARTESIAN_POINT ( 'NONE',  ( 12.78923844585780323, -10.00184760295125841, 6.428817763488702930 ) ) ;
#2652 = CIRCLE ( 'NONE', #128, 2.000000000000001776 ) ;
#2653 = AXIS2_PLACEMENT_3D ( 'NONE', #1726, #292, #668 ) ;
#2654 = DIRECTION ( 'NONE',  ( -1.349221823327174429E-16, -1.967543734044216016E-16, 1.000000000000000000 ) ) ;
#2655 = CARTESIAN_POINT ( 'NONE',  ( 20.99999999999999645, 0.000000000000000000, 8.000000000000000000 ) ) ;
#2656 = CIRCLE ( 'NONE', #2119, 1.600000000000000755 ) ;
#2657 = VECTOR ( 'NONE', #443, 1000.000000000000000 ) ;
#2658 = DIRECTION ( 'NONE',  ( 0.000000000000000000, -1.000000000000000000, 1.156482317317871725E-15 ) ) ;
#2659 = AXIS2_PLACEMENT_3D ( 'NONE', #454, #1330, #1300 ) ;
#2660 = AXIS2_PLACEMENT_3D ( 'NONE', #883, #455, #1538 ) ;
#2661 = VERTEX_POINT ( 'NONE', #464 ) ;
#2662 = VECTOR ( 'NONE', #473, 1000.000000000000000 ) ;
#2663 = CARTESIAN_POINT ( 'NONE',  ( 27.50000000000001066, 9.014718625761419801, -20.00000000000003908 ) ) ;
#2664 = ORIENTED_EDGE ( 'NONE', *, *, #933, .F. ) ;
#2665 = DIRECTION ( 'NONE',  ( 0.000000000000000000, 0.000000000000000000, -1.000000000000000000 ) ) ;
#2666 = CARTESIAN_POINT ( 'NONE',  ( 11.39999999999999147, -13.00000000000000000, 0.000000000000000000 ) ) ;
#2667 = ORIENTED_EDGE ( 'NONE', *, *, #2388, .F. ) ;
#2668 = DIRECTION ( 'NONE',  ( -1.000000000000000000, 2.654652944323094449E-32, -1.349221823327174429E-16 ) ) ;
#2669 = CARTESIAN_POINT ( 'NONE',  ( 10.58887452284097286, -11.20331955713335681, 5.727532887029060937 ) ) ;
#2670 = CARTESIAN_POINT ( 'NONE',  ( -87.19707759714370354, 23.50000000000005329, -26.00000000000004974 ) ) ;
#2671 = CARTESIAN_POINT ( 'NONE',  ( -13.46477364128434573, 15.97343320111433229, 8.000000000000003553 ) ) ;
#2672 = EDGE_CURVE ( 'NONE', #1795, #1910, #664, .T. ) ;
#2673 = EDGE_CURVE ( 'NONE', #2200, #888, #51, .T. ) ;
#2674 = CARTESIAN_POINT ( 'NONE',  ( -13.33043414028652407, 9.996112427829666913, 6.729881161409622337 ) ) ;
#2675 = ORIENTED_EDGE ( 'NONE', *, *, #964, .T. ) ;
#2676 = CARTESIAN_POINT ( 'NONE',  ( 37.22792206135789428, 14.50000000000004619, -23.00000000000003908 ) ) ;
#2677 = ORIENTED_EDGE ( 'NONE', *, *, #2558, .F. ) ;
#2678 = CARTESIAN_POINT ( 'NONE',  ( 27.50000000000000355, 17.49999999999999289, 25.51609221829270879 ) ) ;
#2679 = EDGE_LOOP ( 'NONE', ( #2143, #2464, #2303, #840 ) ) ;
#2680 = CARTESIAN_POINT ( 'NONE',  ( -51.74264068711926967, 17.50000000000000000, -20.00000000000004974 ) ) ;
#2681 = CARTESIAN_POINT ( 'NONE',  ( 11.52041844076795840, -10.38228106957368269, 5.816658200672510048 ) ) ;
#2682 = DIRECTION ( 'NONE',  ( -1.349221823327174429E-16, 0.000000000000000000, 1.000000000000000000 ) ) ;
#2683 = CARTESIAN_POINT ( 'NONE',  ( -11.22333519314923223, 15.42813814496372515, 7.769236842831206857 ) ) ;
#2684 = EDGE_CURVE ( 'NONE', #1204, #1770, #1116, .T. ) ;
#2685 = EDGE_CURVE ( 'NONE', #1947, #118, #204, .T. ) ;
#2686 = CARTESIAN_POINT ( 'NONE',  ( -10.13537294228175156, 12.08818294217625677, 6.058409977254272327 ) ) ;
#2687 = ORIENTED_EDGE ( 'NONE', *, *, #2673, .F. ) ;
#2688 = DIRECTION ( 'NONE',  ( 0.000000000000000000, -0.000000000000000000, -1.000000000000000000 ) ) ;
#2689 = ORIENTED_EDGE ( 'NONE', *, *, #642, .F. ) ;
#2690 = VERTEX_POINT ( 'NONE', #1579 ) ;
#2691 = DIRECTION ( 'NONE',  ( 3.413144305457568632E-32, -1.000000000000000000, -1.967543734044216016E-16 ) ) ;
#2692 = ORIENTED_EDGE ( 'NONE', *, *, #2288, .F. ) ;
#2693 = DIRECTION ( 'NONE',  ( 1.000000000000000000, 0.000000000000000000, 0.000000000000000000 ) ) ;
#2694 = DIRECTION ( 'NONE',  ( -1.000000000000000000, 8.786684129385966815E-17, -1.349221823327174182E-16 ) ) ;
#2695 = CARTESIAN_POINT ( 'NONE',  ( -13.69762540848754817, 15.91775920689706503, 8.000000000000000000 ) ) ;
#2696 = CIRCLE ( 'NONE', #1897, 2.000000000000001776 ) ;
#2697 = LINE ( 'NONE', #834, #2157 ) ;
#2698 = CARTESIAN_POINT ( 'NONE',  ( 15.99999999999999289, 13.00000000000000000, 5.000000000000000000 ) ) ;
#2699 = EDGE_LOOP ( 'NONE', ( #365, #1670, #2285, #104 ) ) ;
#2700 = CIRCLE ( 'NONE', #2606, 2.000000000000001776 ) ;
#2701 = EDGE_CURVE ( 'NONE', #444, #1004, #2421, .T. ) ;
#2702 = AXIS2_PLACEMENT_3D ( 'NONE', #64, #2173, #1117 ) ;
#2703 = CARTESIAN_POINT ( 'NONE',  ( -22.50000000000000355, 17.50000000000000000, 0.000000000000000000 ) ) ;
#2704 = EDGE_LOOP ( 'NONE', ( #48, #47, #1840, #541, #2051, #347, #505 ) ) ;
#2705 = EDGE_CURVE ( 'NONE', #1748, #1213, #1129, .T. ) ;
#2706 = EDGE_CURVE ( 'NONE', #2375, #688, #1401, .T. ) ;
#2707 = AXIS2_PLACEMENT_3D ( 'NONE', #1663, #1239, #188 ) ;
#2708 = CARTESIAN_POINT ( 'NONE',  ( 38.98528137423861750, 22.50000000000006040, -16.00000000000003908 ) ) ;
#2709 = ORIENTED_EDGE ( 'NONE', *, *, #1603, .F. ) ;
#2710 = ORIENTED_EDGE ( 'NONE', *, *, #1716, .T. ) ;
#2711 = CARTESIAN_POINT ( 'NONE',  ( -19.50000000000000711, -22.50000000000000355, 0.000000000000000000 ) ) ;
#2712 = DIRECTION ( 'NONE',  ( -1.875376730785737226E-16, 1.000000000000000000, 1.003808469612656861E-16 ) ) ;
#2713 = CARTESIAN_POINT ( 'NONE',  ( -50.98528137423859619, 22.50000000000006040, -16.00000000000003908 ) ) ;
#2714 = CARTESIAN_POINT ( 'NONE',  ( -20.99999999999999645, 2.571758278209441267E-15, 0.000000000000000000 ) ) ;
#2715 = EDGE_LOOP ( 'NONE', ( #2115, #184, #183, #1033 ) ) ;
#2716 = CARTESIAN_POINT ( 'NONE',  ( -55.98528137423858908, 14.50000000000000000, -20.00000000000004974 ) ) ;
#2717 = ORIENTED_EDGE ( 'NONE', *, *, #331, .T. ) ;
#2718 = EDGE_CURVE ( 'NONE', #1566, #1310, #83, .T. ) ;
#2719 = EDGE_CURVE ( 'NONE', #95, #98, #335, .T. ) ;
#2720 = ORIENTED_EDGE ( 'NONE', *, *, #1733, .F. ) ;
#2721 = ORIENTED_EDGE ( 'NONE', *, *, #2685, .T. ) ;
#2722 = DIRECTION ( 'NONE',  ( 0.000000000000000000, -1.000000000000000000, 0.000000000000000000 ) ) ;
#2723 = DIRECTION ( 'NONE',  ( -0.7071067811865479058, -0.7071067811865472397, -2.345307417223289400E-16 ) ) ;
#2724 = FACE_BOUND ( 'NONE', #227, .T. ) ;
#2725 = DIRECTION ( 'NONE',  ( 3.413144305457568632E-32, -1.000000000000000000, -1.967543734044216016E-16 ) ) ;
#2726 = CARTESIAN_POINT ( 'NONE',  ( 12.51627274781730392, -15.97012711712764244, 7.970583772429720604 ) ) ;
#2727 = ORIENTED_EDGE ( 'NONE', *, *, #861, .T. ) ;
#2728 = DIRECTION ( 'NONE',  ( -1.000000000000000000, -0.000000000000000000, -0.000000000000000000 ) ) ;
#2729 = EDGE_LOOP ( 'NONE', ( #875, #1490, #1741, #194 ) ) ;
#2730 = ORIENTED_EDGE ( 'NONE', *, *, #930, .T. ) ;
#2731 = ADVANCED_FACE ( 'NONE', ( #965 ), #2647, .F. ) ;
#2732 = AXIS2_PLACEMENT_3D ( 'NONE', #618, #1450, #2323 ) ;
#2733 = CARTESIAN_POINT ( 'NONE',  ( -36.37014653542107112, 26.37014653542103204, -4.565800940149864040 ) ) ;
#2734 = LINE ( 'NONE', #2711, #1769 ) ;
#2735 = DIRECTION ( 'NONE',  ( 0.000000000000000000, 0.000000000000000000, -1.000000000000000000 ) ) ;
#2736 = CARTESIAN_POINT ( 'NONE',  ( -55.98528137423859619, 17.49999999999999289, 25.51609221829269813 ) ) ;
#2737 = CARTESIAN_POINT ( 'NONE',  ( 10.87434600989377564, -15.12961225397173770, 7.645093836538311649 ) ) ;
#2738 = VERTEX_POINT ( 'NONE', #2185 ) ;
#2739 = DIRECTION ( 'NONE',  ( -0.000000000000000000, -0.000000000000000000, -1.000000000000000000 ) ) ;
#2740 = VECTOR ( 'NONE', #539, 1000.000000000000000 ) ;
#2741 = VECTOR ( 'NONE', #2569, 1000.000000000000000 ) ;
#2742 = ORIENTED_EDGE ( 'NONE', *, *, #2357, .F. ) ;
#2743 = AXIS2_PLACEMENT_3D ( 'NONE', #795, #1651, #2280 ) ;
#2744 = CIRCLE ( 'NONE', #2382, 2.999999999999999112 ) ;
ENDSEC;
END-ISO-10303-21;
