ISO-10303-21;
HEADER;
FILE_DESCRIPTION (( 'STEP AP214' ),
    '1' );
FILE_NAME ('×óµç»úÖ§¼Ü.STEP',
    '2025-09-23T08:46:45',
    ( '' ),
    ( '' ),
    'SwSTEP 2.0',
    'SolidWorks 2025',
    '' );
FILE_SCHEMA (( 'AUTOMOTIVE_DESIGN' ));
ENDSEC;

DATA;
#1 = CARTESIAN_POINT ( 'NONE',  ( 5.319899557242834507E-15, -45.00000000000001421, -23.00000000000004263 ) ) ;
#2 = DIRECTION ( 'NONE',  ( -1.000000000000000000, 0.000000000000000000, 0.000000000000000000 ) ) ;
#3 = FACE_OUTER_BOUND ( 'NONE', #2128, .T. ) ;
#4 = ORIENTED_EDGE ( 'NONE', *, *, #1564, .T. ) ;
#5 = AXIS2_PLACEMENT_3D ( 'NONE', #2679, #2006, #301 ) ;
#6 = PLANE ( 'NONE',  #1243 ) ;
#7 = DIRECTION ( 'NONE',  ( -1.000000000000000000, 7.745271583493977455E-32, 2.201794655477302193E-16 ) ) ;
#8 = VERTEX_POINT ( 'NONE', #67 ) ;
#9 = CIRCLE ( 'NONE', #847, 2.999999999999999112 ) ;
#10 = CARTESIAN_POINT ( 'NONE',  ( -51.74264068711926967, -62.50000000000000000, -23.00000000000004974 ) ) ;
#11 = CARTESIAN_POINT ( 'NONE',  ( 0.000000000000000000, -45.00000000000000711, 0.000000000000000000 ) ) ;
#12 = EDGE_LOOP ( 'NONE', ( #1868, #1758, #124, #657, #480, #2414, #550 ) ) ;
#13 = DIRECTION ( 'NONE',  ( -1.000000000000000000, 0.000000000000000000, 0.000000000000000000 ) ) ;
#14 = CARTESIAN_POINT ( 'NONE',  ( -27.50000000000000711, -25.50000000000000355, -26.00000000000004263 ) ) ;
#15 = B_SPLINE_CURVE_WITH_KNOTS ( 'NONE', 3,
 ( #863, #1029, #1707, #2342, #1821, #2721, #1669, #930, #1347, #1738, #467, #2191, #2370, #1936 ),
 .UNSPECIFIED., .F., .F.,
 ( 4, 2, 2, 2, 2, 2, 4 ),
 ( 0.000000000000000000, 0.005796722482252260507, 0.008695083723378389459, 0.01159344496450451928, 0.01449180620563064910, 0.01739016744675677892, 0.02318688992900903856 ),
 .UNSPECIFIED. ) ;
#16 = EDGE_CURVE ( 'NONE', #1701, #215, #1121, .T. ) ;
#17 = CARTESIAN_POINT ( 'NONE',  ( 10.36860344543212165, -56.54491199307993554, 5.825245908584968824 ) ) ;
#18 = CARTESIAN_POINT ( 'NONE',  ( 27.50000000000000355, -62.50000000000000000, 25.51609221829270879 ) ) ;
#19 = CARTESIAN_POINT ( 'NONE',  ( 9.999999999999992895, -58.00000000000000000, 5.000000000000000000 ) ) ;
#20 = VERTEX_POINT ( 'NONE', #459 ) ;
#21 = CYLINDRICAL_SURFACE ( 'NONE', #2615, 3.000000000000002665 ) ;
#22 = DIRECTION ( 'NONE',  ( 0.000000000000000000, 0.000000000000000000, -1.000000000000000000 ) ) ;
#23 = CARTESIAN_POINT ( 'NONE',  ( -27.50000000000001421, -54.01471862576144645, 25.51609221829269813 ) ) ;
#24 = ORIENTED_EDGE ( 'NONE', *, *, #659, .F. ) ;
#25 = LINE ( 'NONE', #690, #176 ) ;
#26 = LINE ( 'NONE', #1715, #887 ) ;
#27 = ORIENTED_EDGE ( 'NONE', *, *, #330, .F. ) ;
#28 = CARTESIAN_POINT ( 'NONE',  ( -37.24264068711928388, -48.00000000000001421, -24.75735931288076230 ) ) ;
#29 = CARTESIAN_POINT ( 'NONE',  ( -10.01661216899755935, -57.63460278190667196, 6.343265189496565704 ) ) ;
#30 = PLANE ( 'NONE',  #143 ) ;
#31 = ORIENTED_EDGE ( 'NONE', *, *, #918, .T. ) ;
#32 = EDGE_CURVE ( 'NONE', #2692, #1783, #1303, .T. ) ;
#33 = CARTESIAN_POINT ( 'NONE',  ( -27.50000000000000711, -62.50000000000000000, 8.000000000000000000 ) ) ;
#34 = CARTESIAN_POINT ( 'NONE',  ( 12.05927769256490123, -34.85530764506189882, 6.044390380000143281 ) ) ;
#35 = ORIENTED_EDGE ( 'NONE', *, *, #2455, .T. ) ;
#36 = EDGE_CURVE ( 'NONE', #1844, #2207, #1721, .T. ) ;
#37 =( BOUNDED_CURVE ( )  B_SPLINE_CURVE ( 3, ( #666, #2540, #28, #41 ),
 .UNSPECIFIED., .F., .F. ) 
 B_SPLINE_CURVE_WITH_KNOTS ( ( 4, 4 ),
 ( 4.712388980384689674, 6.283185307179586232 ),
 .UNSPECIFIED. ) 
 CURVE ( )  GEOMETRIC_REPRESENTATION_ITEM ( )  RATIONAL_B_SPLINE_CURVE ( ( 1.000000000000000000, 0.8047378541243649375, 0.8047378541243649375, 1.000000000000000000 ) ) 
 REPRESENTATION_ITEM ( '' )  );
#38 = DIRECTION ( 'NONE',  ( 1.349221823327174429E-16, -1.967543734044215769E-16, -1.000000000000000000 ) ) ;
#39 = CARTESIAN_POINT ( 'NONE',  ( -11.60818676624389489, -62.50000000000000000, 8.000000000000000000 ) ) ;
#40 = ORIENTED_EDGE ( 'NONE', *, *, #579, .F. ) ;
#41 = CARTESIAN_POINT ( 'NONE',  ( -37.24264068711929099, -48.00000000000000711, -23.00000000000004974 ) ) ;
#42 = FACE_OUTER_BOUND ( 'NONE', #2091, .T. ) ;
#43 = DIRECTION ( 'NONE',  ( -1.000000000000000000, 4.336808689942012189E-17, -1.349221823327174429E-16 ) ) ;
#44 = CARTESIAN_POINT ( 'NONE',  ( -50.98528137423859619, -62.50000000000000000, -18.00000000000003908 ) ) ;
#45 = EDGE_LOOP ( 'NONE', ( #2310, #1872, #2096, #118 ) ) ;
#46 = CIRCLE ( 'NONE', #1596, 2.999999999999999112 ) ;
#47 = AXIS2_PLACEMENT_3D ( 'NONE', #2073, #1273, #13 ) ;
#48 = AXIS2_PLACEMENT_3D ( 'NONE', #172, #1899, #22 ) ;
#49 = PLANE ( 'NONE',  #890 ) ;
#50 = AXIS2_PLACEMENT_3D ( 'NONE', #674, #2588, #2361 ) ;
#51 = CARTESIAN_POINT ( 'NONE',  ( 15.97764081738176856, -32.42043034487939224, 7.973909344760801154 ) ) ;
#52 = ORIENTED_EDGE ( 'NONE', *, *, #1927, .T. ) ;
#53 = CIRCLE ( 'NONE', #1602, 2.000000000000001776 ) ;
#54 = CARTESIAN_POINT ( 'NONE',  ( -27.50000000000000711, -42.00000000000000000, -16.00000000000004974 ) ) ;
#55 = DIRECTION ( 'NONE',  ( 0.7071067811865472397, 0.7071067811865479058, 0.000000000000000000 ) ) ;
#56 = EDGE_CURVE ( 'NONE', #1399, #718, #1756, .T. ) ;
#57 = ORIENTED_EDGE ( 'NONE', *, *, #285, .T. ) ;
#58 = DIRECTION ( 'NONE',  ( -3.413144305457568632E-32, -1.000000000000000000, 1.967543734044216016E-16 ) ) ;
#59 = CARTESIAN_POINT ( 'NONE',  ( 32.50000000000004263, -67.50000000000004263, 25.51609221829271235 ) ) ;
#60 = CARTESIAN_POINT ( 'NONE',  ( 0.000000000000000000, -22.50000000000000355, 0.000000000000000000 ) ) ;
#61 = CYLINDRICAL_SURFACE ( 'NONE', #1692, 3.000000000000002665 ) ;
#62 = ORIENTED_EDGE ( 'NONE', *, *, #2287, .F. ) ;
#63 = PRODUCT_DEFINITION_CONTEXT ( 'detailed design', #2675, 'design' ) ;
#64 = FACE_OUTER_BOUND ( 'NONE', #2349, .T. ) ;
#65 = CARTESIAN_POINT ( 'NONE',  ( 10.08513325106994252, -32.73357921262687853, 6.148437741954489333 ) ) ;
#66 = VERTEX_POINT ( 'NONE', #2591 ) ;
#67 = CARTESIAN_POINT ( 'NONE',  ( -16.00000000000000711, -32.00000000002040679, 7.990755995504984277 ) ) ;
#68 = DIRECTION ( 'NONE',  ( 0.000000000000000000, 0.000000000000000000, 1.000000000000000000 ) ) ;
#69 = EDGE_LOOP ( 'NONE', ( #2392, #1386, #2240, #840 ) ) ;
#70 = EDGE_CURVE ( 'NONE', #2735, #571, #1947, .T. ) ;
#71 = VERTEX_POINT ( 'NONE', #1728 ) ;
#72 = FACE_BOUND ( 'NONE', #1078, .T. ) ;
#73 = DIRECTION ( 'NONE',  ( -1.875376730785737226E-16, -1.000000000000000000, 0.000000000000000000 ) ) ;
#74 = EDGE_LOOP ( 'NONE', ( #1479, #496, #260, #902, #139, #1533 ) ) ;
#75 = DIRECTION ( 'NONE',  ( -1.000000000000000000, -8.786684129385964350E-17, 0.000000000000000000 ) ) ;
#76 = CARTESIAN_POINT ( 'NONE',  ( 15.55573584253326302, -33.58417199315218937, 7.818735063793207374 ) ) ;
#77 = DIRECTION ( 'NONE',  ( 0.000000000000000000, 0.000000000000000000, 1.000000000000000000 ) ) ;
#78 = EDGE_LOOP ( 'NONE', ( #115, #2563, #437, #1168, #1104, #734, #865, #2056, #1974, #1580, #2338 ) ) ;
#79 = LINE ( 'NONE', #924, #1413 ) ;
#80 = FACE_OUTER_BOUND ( 'NONE', #318, .T. ) ;
#81 = ORIENTED_EDGE ( 'NONE', *, *, #2254, .F. ) ;
#82 = LINE ( 'NONE', #1554, #677 ) ;
#83 = EDGE_CURVE ( 'NONE', #1406, #431, #1940, .T. ) ;
#84 = DIRECTION ( 'NONE',  ( 1.000000000000000000, -4.336808689942014655E-17, -0.000000000000000000 ) ) ;
#85 = ORIENTED_EDGE ( 'NONE', *, *, #918, .F. ) ;
#86 = AXIS2_PLACEMENT_3D ( 'NONE', #2047, #2492, #152 ) ;
#87 = VECTOR ( 'NONE', #1252, 1000.000000000000000 ) ;
#88 = CARTESIAN_POINT ( 'NONE',  ( 27.50000000000000000, -54.01471862576141802, 4.000000000000036415 ) ) ;
#89 = CARTESIAN_POINT ( 'NONE',  ( -11.17829041465362216, -34.39244112151853727, 5.722273255723997920 ) ) ;
#90 = AXIS2_PLACEMENT_3D ( 'NONE', #823, #1277, #2 ) ;
#91 = ORIENTED_EDGE ( 'NONE', *, *, #2642, .F. ) ;
#92 = EDGE_CURVE ( 'NONE', #1958, #1298, #1058, .T. ) ;
#93 = VECTOR ( 'NONE', #1539, 1000.000000000000000 ) ;
#94 = CIRCLE ( 'NONE', #1510, 1.600000000000000755 ) ;
#95 = FACE_BOUND ( 'NONE', #652, .T. ) ;
#96 = ORIENTED_EDGE ( 'NONE', *, *, #2045, .T. ) ;
#97 = VECTOR ( 'NONE', #2040, 1000.000000000000000 ) ;
#98 = AXIS2_PLACEMENT_3D ( 'NONE', #1405, #2023, #1199 ) ;
#99 = ORIENTED_EDGE ( 'NONE', *, *, #1428, .F. ) ;
#100 = CARTESIAN_POINT ( 'NONE',  ( 22.50000000000001066, -62.50000000000000000, 0.000000000000000000 ) ) ;
#101 = CIRCLE ( 'NONE', #2445, 1.600000000000000755 ) ;
#102 = FACE_BOUND ( 'NONE', #2083, .T. ) ;
#103 = ORIENTED_EDGE ( 'NONE', *, *, #1205, .T. ) ;
#104 = ADVANCED_FACE ( 'NONE', ( #473 ), #1285, .T. ) ;
#105 = DIRECTION ( 'NONE',  ( -1.349221823327174429E-16, 0.000000000000000000, 1.000000000000000000 ) ) ;
#106 = DIRECTION ( 'NONE',  ( 0.000000000000000000, 0.000000000000000000, -1.000000000000000000 ) ) ;
#107 = ORIENTED_EDGE ( 'NONE', *, *, #2709, .T. ) ;
#108 = DIRECTION ( 'NONE',  ( -0.000000000000000000, -0.000000000000000000, -1.000000000000000000 ) ) ;
#109 = DIRECTION ( 'NONE',  ( 1.000000000000000000, 0.000000000000000000, 0.000000000000000000 ) ) ;
#110 = ORIENTED_EDGE ( 'NONE', *, *, #2137, .F. ) ;
#111 = ORIENTED_EDGE ( 'NONE', *, *, #1534, .T. ) ;
#112 = CARTESIAN_POINT ( 'NONE',  ( 12.61072353119443079, -55.01956797383181197, 6.330234467144803645 ) ) ;
#113 = CARTESIAN_POINT ( 'NONE',  ( -14.60000000000000675, -32.00000000000000711, 5.000000000000000000 ) ) ;
#114 = DIRECTION ( 'NONE',  ( 0.000000000000000000, 1.000000000000000000, -1.003808469612657108E-16 ) ) ;
#115 = ORIENTED_EDGE ( 'NONE', *, *, #2744, .F. ) ;
#116 = DIRECTION ( 'NONE',  ( 1.000000000000000000, 0.000000000000000000, 0.000000000000000000 ) ) ;
#117 = LINE ( 'NONE', #728, #1990 ) ;
#118 = ORIENTED_EDGE ( 'NONE', *, *, #1534, .F. ) ;
#119 = EDGE_CURVE ( 'NONE', #2682, #561, #219, .T. ) ;
#120 = DIRECTION ( 'NONE',  ( -1.000000000000000000, 1.875376730785737226E-16, 0.000000000000000000 ) ) ;
#121 = CYLINDRICAL_SURFACE ( 'NONE', #2618, 3.000000000000000888 ) ;
#122 = VERTEX_POINT ( 'NONE', #1702 ) ;
#123 = EDGE_CURVE ( 'NONE', #749, #246, #1106, .T. ) ;
#124 = ORIENTED_EDGE ( 'NONE', *, *, #2494, .T. ) ;
#125 = DIRECTION ( 'NONE',  ( 0.000000000000000000, 0.000000000000000000, 1.000000000000000000 ) ) ;
#126 = CARTESIAN_POINT ( 'NONE',  ( -19.50000000000000711, -42.00000000000001421, -63.85498646149545721 ) ) ;
#127 = DIRECTION ( 'NONE',  ( 0.000000000000000000, 1.000000000000000000, -1.156482317317870344E-15 ) ) ;
#128 =( BOUNDED_CURVE ( )  B_SPLINE_CURVE ( 3, ( #1983, #2000, #2211, #320 ),
 .UNSPECIFIED., .F., .F. ) 
 B_SPLINE_CURVE_WITH_KNOTS ( ( 4, 4 ),
 ( 3.113807863336592903E-16, 1.570796326794896780 ),
 .UNSPECIFIED. ) 
 CURVE ( )  GEOMETRIC_REPRESENTATION_ITEM ( )  RATIONAL_B_SPLINE_CURVE ( ( 1.000000000000000000, 0.8047378541243649375, 0.8047378541243649375, 1.000000000000000000 ) ) 
 REPRESENTATION_ITEM ( '' )  );
#129 = CARTESIAN_POINT ( 'NONE',  ( 37.85530313790588508, -62.50000000000005684, -6.000000000000031974 ) ) ;
#130 = AXIS2_PLACEMENT_3D ( 'NONE', #1316, #2114, #2565 ) ;
#131 = CARTESIAN_POINT ( 'NONE',  ( -16.00000000000000711, -58.00000000000000000, 5.000000000000000000 ) ) ;
#132 = LINE ( 'NONE', #1212, #2704 ) ;
#133 = ORIENTED_EDGE ( 'NONE', *, *, #2548, .F. ) ;
#134 = VECTOR ( 'NONE', #1367, 1000.000000000000000 ) ;
#135 = LINE ( 'NONE', #2601, #839 ) ;
#136 = CARTESIAN_POINT ( 'NONE',  ( 11.39999999999999147, -32.00000000000000711, 5.000000000000000000 ) ) ;
#137 = ORIENTED_EDGE ( 'NONE', *, *, #1149, .F. ) ;
#138 = ADVANCED_FACE ( 'NONE', ( #2552 ), #651, .F. ) ;
#139 = ORIENTED_EDGE ( 'NONE', *, *, #409, .F. ) ;
#140 = CARTESIAN_POINT ( 'NONE',  ( 12.24598704438434815, -55.09036502383226264, 6.138004910792231428 ) ) ;
#141 = AXIS2_PLACEMENT_3D ( 'NONE', #1380, #560, #106 ) ;
#142 = CARTESIAN_POINT ( 'NONE',  ( 11.41817496169967328, -29.44027661424172493, 7.820072595717523001 ) ) ;
#143 = AXIS2_PLACEMENT_3D ( 'NONE', #919, #893, #1297 ) ;
#144 = DIRECTION ( 'NONE',  ( -0.7071067811865465735, 0.7071067811865484609, 0.000000000000000000 ) ) ;
#145 = AXIS2_PLACEMENT_3D ( 'NONE', #1889, #844, #2467 ) ;
#146 = DIRECTION ( 'NONE',  ( 1.000000000000000000, 0.000000000000000000, 0.000000000000000000 ) ) ;
#147 = CARTESIAN_POINT ( 'NONE',  ( 55.98528137423861040, -67.50000000000004263, 25.51609221829271235 ) ) ;
#148 = EDGE_LOOP ( 'NONE', ( #686, #2277, #553, #2659 ) ) ;
#149 = CARTESIAN_POINT ( 'NONE',  ( 38.98528137423861750, -67.50000000000005684, -18.00000000000003908 ) ) ;
#150 = ORIENTED_EDGE ( 'NONE', *, *, #280, .F. ) ;
#151 = ORIENTED_EDGE ( 'NONE', *, *, #764, .T. ) ;
#152 = DIRECTION ( 'NONE',  ( 0.000000000000000000, 1.000000000000000000, -1.003808469612657108E-16 ) ) ;
#153 = DIRECTION ( 'NONE',  ( 0.7071067811865485719, 0.7071067811865465735, 0.000000000000000000 ) ) ;
#154 = EDGE_CURVE ( 'NONE', #193, #1141, #25, .T. ) ;
#155 = CARTESIAN_POINT ( 'NONE',  ( -27.50000000000000711, -30.50000000000000711, 8.000000000000000000 ) ) ;
#156 = ADVANCED_FACE ( 'NONE', ( #2378, #1327 ), #2431, .T. ) ;
#157 = DIRECTION ( 'NONE',  ( 0.000000000000000000, 0.000000000000000000, -1.000000000000000000 ) ) ;
#158 = CARTESIAN_POINT ( 'NONE',  ( -15.31647697419172260, -33.91710248433046360, 7.723533548847467678 ) ) ;
#159 = ORIENTED_EDGE ( 'NONE', *, *, #2372, .T. ) ;
#160 = CARTESIAN_POINT ( 'NONE',  ( -10.00000000000000711, -57.99999999999993605, 6.546084143056976501 ) ) ;
#161 = CARTESIAN_POINT ( 'NONE',  ( 28.74264068711928743, -39.50000000000000000, -23.00000000000004263 ) ) ;
#162 = ORIENTED_EDGE ( 'NONE', *, *, #2049, .F. ) ;
#163 = ORIENTED_EDGE ( 'NONE', *, *, #190, .T. ) ;
#164 = CARTESIAN_POINT ( 'NONE',  ( 12.99999999999999289, -32.00000000000000711, 5.000000000000000000 ) ) ;
#165 = LINE ( 'NONE', #583, #284 ) ;
#166 = ADVANCED_FACE ( 'NONE', ( #1354, #95 ), #956, .T. ) ;
#167 = DIRECTION ( 'NONE',  ( 1.000000000000000000, 0.000000000000000000, 0.000000000000000000 ) ) ;
#168 = CARTESIAN_POINT ( 'NONE',  ( -12.23687577338808730, -55.09269816950094878, 6.133356843672687297 ) ) ;
#169 = CARTESIAN_POINT ( 'NONE',  ( -38.98528137423858908, -62.50000000000000000, -16.00000000000003908 ) ) ;
#170 = ORIENTED_EDGE ( 'NONE', *, *, #1964, .T. ) ;
#171 = CARTESIAN_POINT ( 'NONE',  ( -10.34837056059333804, -59.41961740707976247, 7.313212543300753765 ) ) ;
#172 = CARTESIAN_POINT ( 'NONE',  ( 50.98528137423861750, -62.50000000000000000, -16.00000000000003908 ) ) ;
#173 = EDGE_CURVE ( 'NONE', #699, #2102, #2255, .T. ) ;
#174 = VECTOR ( 'NONE', #2364, 1000.000000000000000 ) ;
#175 = ORIENTED_EDGE ( 'NONE', *, *, #1436, .F. ) ;
#176 = VECTOR ( 'NONE', #1538, 1000.000000000000000 ) ;
#177 = ORIENTED_EDGE ( 'NONE', *, *, #610, .T. ) ;
#178 = CARTESIAN_POINT ( 'NONE',  ( -50.98528137423859619, -67.50000000000005684, -14.00000000000003730 ) ) ;
#179 = CYLINDRICAL_SURFACE ( 'NONE', #1468, 2.999999999999999112 ) ;
#180 = VECTOR ( 'NONE', #1260, 1000.000000000000000 ) ;
#181 = VECTOR ( 'NONE', #2252, 1000.000000000000000 ) ;
#182 = AXIS2_PLACEMENT_3D ( 'NONE', #1484, #1276, #1531 ) ;
#183 = DIRECTION ( 'NONE',  ( 0.000000000000000000, 0.000000000000000000, 1.000000000000000000 ) ) ;
#184 = VECTOR ( 'NONE', #1630, 1000.000000000000000 ) ;
#185 = CIRCLE ( 'NONE', #2089, 20.99999999999999645 ) ;
#186 = LINE ( 'NONE', #1251, #1112 ) ;
#187 = DIRECTION ( 'NONE',  ( 0.000000000000000000, 0.000000000000000000, -1.000000000000000000 ) ) ;
#188 = CARTESIAN_POINT ( 'NONE',  ( -15.17943108273431640, -34.07108795835638659, 7.666371985666439848 ) ) ;
#189 = ORIENTED_EDGE ( 'NONE', *, *, #297, .T. ) ;
#190 = EDGE_CURVE ( 'NONE', #1701, #384, #2609, .T. ) ;
#191 = VECTOR ( 'NONE', #1748, 1000.000000000000000 ) ;
#192 = DIRECTION ( 'NONE',  ( -0.000000000000000000, 0.000000000000000000, -1.000000000000000000 ) ) ;
#193 = VERTEX_POINT ( 'NONE', #2419 ) ;
#194 = ORIENTED_EDGE ( 'NONE', *, *, #2320, .T. ) ;
#195 = LINE ( 'NONE', #1249, #2075 ) ;
#196 = DIRECTION ( 'NONE',  ( 1.000000000000000000, 0.000000000000000000, 0.000000000000000000 ) ) ;
#197 = DIRECTION ( 'NONE',  ( 0.000000000000000000, 0.000000000000000000, 1.000000000000000000 ) ) ;
#198 = CARTESIAN_POINT ( 'NONE',  ( -15.97795759806433225, -57.58163553808855539, 7.974040599486372116 ) ) ;
#199 = DIRECTION ( 'NONE',  ( -3.413144305457568632E-32, -1.000000000000000000, 1.967543734044216016E-16 ) ) ;
#200 = CARTESIAN_POINT ( 'NONE',  ( 0.000000000000000000, -45.00000000000000711, 0.000000000000000000 ) ) ;
#201 = VERTEX_POINT ( 'NONE', #2197 ) ;
#202 = DIRECTION ( 'NONE',  ( -1.875376730785737226E-16, -1.000000000000000000, 1.003808469612656861E-16 ) ) ;
#203 = CARTESIAN_POINT ( 'NONE',  ( 0.000000000000000000, -45.00000000000000711, 0.000000000000000000 ) ) ;
#204 = EDGE_CURVE ( 'NONE', #1321, #699, #1793, .T. ) ;
#205 = ORIENTED_EDGE ( 'NONE', *, *, #1729, .T. ) ;
#206 = ORIENTED_EDGE ( 'NONE', *, *, #1476, .F. ) ;
#207 = CARTESIAN_POINT ( 'NONE',  ( -27.50000000000000711, -62.50000000000000000, 8.000000000000000000 ) ) ;
#208 = EDGE_CURVE ( 'NONE', #873, #2193, #1806, .T. ) ;
#209 = ADVANCED_FACE ( 'NONE', ( #1186 ), #2025, .F. ) ;
#210 = CARTESIAN_POINT ( 'NONE',  ( -32.50000000000007105, -67.50000000000005684, -26.00000000000004263 ) ) ;
#211 = CARTESIAN_POINT ( 'NONE',  ( -13.00000000000000711, -32.00000000000000711, 10.10628645568517214 ) ) ;
#212 = CARTESIAN_POINT ( 'NONE',  ( -14.40103521763174932, -55.34018660562937697, 7.303616101891256207 ) ) ;
#213 = CARTESIAN_POINT ( 'NONE',  ( 9.999999999999992895, -57.99999999998685496, 6.546084143049686332 ) ) ;
#214 = CARTESIAN_POINT ( 'NONE',  ( 10.34733989960978562, -59.41750890138700214, 7.312141904308523621 ) ) ;
#215 = VERTEX_POINT ( 'NONE', #742 ) ;
#216 = DIRECTION ( 'NONE',  ( 0.000000000000000000, 0.000000000000000000, 1.000000000000000000 ) ) ;
#217 = DIRECTION ( 'NONE',  ( 0.5839517053348517450, -0.5839517053348529663, -0.5639156068713079284 ) ) ;
#218 = ORIENTED_EDGE ( 'NONE', *, *, #1526, .F. ) ;
#219 = LINE ( 'NONE', #264, #2162 ) ;
#220 = DIRECTION ( 'NONE',  ( 0.000000000000000000, 0.000000000000000000, -1.000000000000000000 ) ) ;
#221 = CIRCLE ( 'NONE', #314, 3.000000000000000888 ) ;
#222 = EDGE_CURVE ( 'NONE', #2256, #2253, #487, .T. ) ;
#223 = EDGE_LOOP ( 'NONE', ( #2604, #1647 ) ) ;
#224 = DIRECTION ( 'NONE',  ( 1.249000902703300615E-16, -1.000000000000000000, 1.967543734044216262E-16 ) ) ;
#225 = VECTOR ( 'NONE', #1475, 1000.000000000000000 ) ;
#226 = CARTESIAN_POINT ( 'NONE',  ( 15.91775920689705082, -58.69762540848756771, 8.000000000000000000 ) ) ;
#227 = CARTESIAN_POINT ( 'NONE',  ( 10.27773355396946897, -56.72452086699686902, 5.895188486529859162 ) ) ;
#228 = CARTESIAN_POINT ( 'NONE',  ( -38.98528137423858908, -67.50000000000005684, -14.00000000000003730 ) ) ;
#229 = DIRECTION ( 'NONE',  ( 1.349221823327174429E-16, -1.967543734044216016E-16, -1.000000000000000000 ) ) ;
#230 = AXIS2_PLACEMENT_3D ( 'NONE', #880, #1754, #2154 ) ;
#231 = VERTEX_POINT ( 'NONE', #2013 ) ;
#232 = VECTOR ( 'NONE', #2237, 1000.000000000000000 ) ;
#233 = SURFACE_SIDE_STYLE ('',( #2331 ) ) ;
#234 = CARTESIAN_POINT ( 'NONE',  ( -38.98528137423858908, -67.50000000000005684, -18.00000000000003908 ) ) ;
#235 =( LENGTH_UNIT ( ) NAMED_UNIT ( * ) SI_UNIT ( .MILLI., .METRE. ) );
#236 = ORIENTED_EDGE ( 'NONE', *, *, #952, .T. ) ;
#237 = AXIS2_PLACEMENT_3D ( 'NONE', #1800, #512, #1785 ) ;
#238 = ORIENTED_EDGE ( 'NONE', *, *, #1185, .T. ) ;
#239 = DIRECTION ( 'NONE',  ( 0.000000000000000000, 0.000000000000000000, 1.000000000000000000 ) ) ;
#240 = ORIENTED_EDGE ( 'NONE', *, *, #346, .F. ) ;
#241 = DIRECTION ( 'NONE',  ( -0.000000000000000000, -0.000000000000000000, -1.000000000000000000 ) ) ;
#242 = EDGE_CURVE ( 'NONE', #753, #955, #128, .T. ) ;
#243 = CARTESIAN_POINT ( 'NONE',  ( -14.60000000000000675, -58.00000000000000000, 10.10628645568517214 ) ) ;
#244 = DIRECTION ( 'NONE',  ( -9.376883653928686131E-17, 1.000000000000000000, -1.967543734044216262E-16 ) ) ;
#245 = CARTESIAN_POINT ( 'NONE',  ( 27.50000000000000000, -62.50000000000000000, 8.000000000000000000 ) ) ;
#246 = VERTEX_POINT ( 'NONE', #1145 ) ;
#247 = EDGE_CURVE ( 'NONE', #1229, #2334, #347, .T. ) ;
#248 = FILL_AREA_STYLE ('',( #1969 ) ) ;
#249 = CARTESIAN_POINT ( 'NONE',  ( 12.78923844585780856, -34.99815239704877001, 6.428817763488705594 ) ) ;
#250 = DIRECTION ( 'NONE',  ( 1.000000000000000000, 0.000000000000000000, 0.000000000000000000 ) ) ;
#251 = EDGE_LOOP ( 'NONE', ( #91, #2046, #2685, #175 ) ) ;
#252 = ORIENTED_EDGE ( 'NONE', *, *, #222, .T. ) ;
#253 = CARTESIAN_POINT ( 'NONE',  ( 12.99999999999999289, -58.00000000000000000, 8.000000000000000000 ) ) ;
#254 = ORIENTED_EDGE ( 'NONE', *, *, #1680, .F. ) ;
#255 = ORIENTED_EDGE ( 'NONE', *, *, #359, .T. ) ;
#256 = CARTESIAN_POINT ( 'NONE',  ( -50.98528137423859619, -67.50000000000005684, -18.00000000000003908 ) ) ;
#257 = EDGE_CURVE ( 'NONE', #2652, #1086, #221, .T. ) ;
#258 = CARTESIAN_POINT ( 'NONE',  ( -10.71659232475076706, -56.04293379270527709, 5.699984879200813204 ) ) ;
#259 = FACE_OUTER_BOUND ( 'NONE', #1751, .T. ) ;
#260 = ORIENTED_EDGE ( 'NONE', *, *, #16, .T. ) ;
#261 = CARTESIAN_POINT ( 'NONE',  ( -13.22785212217576856, -61.00071931617440413, 7.997801216307639294 ) ) ;
#262 = CARTESIAN_POINT ( 'NONE',  ( -13.00000000000000711, -58.00000000000000000, 0.000000000000000000 ) ) ;
#263 = EDGE_LOOP ( 'NONE', ( #1499, #1512, #2656, #2132, #1885, #1069, #1999, #372, #349 ) ) ;
#264 = CARTESIAN_POINT ( 'NONE',  ( -35.98528137423858908, -62.50000000000000000, 25.51609221829270169 ) ) ;
#265 = LINE ( 'NONE', #1745, #2218 ) ;
#266 = LINE ( 'NONE', #2293, #2259 ) ;
#267 = ORIENTED_EDGE ( 'NONE', *, *, #1964, .F. ) ;
#268 = CARTESIAN_POINT ( 'NONE',  ( -27.50000000000000711, -45.00000000000000711, -16.00000000000004974 ) ) ;
#269 = CIRCLE ( 'NONE', #1460, 3.000000000000000888 ) ;
#270 = CARTESIAN_POINT ( 'NONE',  ( 10.58955301181481801, -56.20242545288847680, 5.727352854182445441 ) ) ;
#271 = CARTESIAN_POINT ( 'NONE',  ( 12.99999999999999822, -45.00000000000000711, 0.000000000000000000 ) ) ;
#272 = ORIENTED_EDGE ( 'NONE', *, *, #594, .F. ) ;
#273 = AXIS2_PLACEMENT_3D ( 'NONE', #2617, #1567, #1304 ) ;
#274 = VECTOR ( 'NONE', #1668, 1000.000000000000000 ) ;
#275 = AXIS2_PLACEMENT_3D ( 'NONE', #262, #1723, #1340 ) ;
#276 = CARTESIAN_POINT ( 'NONE',  ( -48.74264068711926967, -59.50000000000000711, -23.00000000000004974 ) ) ;
#277 = STYLED_ITEM ( 'NONE', ( #1080 ), #766 ) ;
#278 = CARTESIAN_POINT ( 'NONE',  ( 10.36791544664565379, -33.45386298679700587, 5.825672054272243550 ) ) ;
#279 = VERTEX_POINT ( 'NONE', #942 ) ;
#280 = EDGE_CURVE ( 'NONE', #2003, #1037, #135, .T. ) ;
#281 = VECTOR ( 'NONE', #2105, 1000.000000000000000 ) ;
#282 = ORIENTED_EDGE ( 'NONE', *, *, #1760, .F. ) ;
#283 = CARTESIAN_POINT ( 'NONE',  ( -11.40000000000000568, -32.00000000000000711, 5.000000000000000000 ) ) ;
#284 = VECTOR ( 'NONE', #1008, 1000.000000000000000 ) ;
#285 = EDGE_CURVE ( 'NONE', #858, #1798, #731, .T. ) ;
#286 = ORIENTED_EDGE ( 'NONE', *, *, #123, .F. ) ;
#287 = CARTESIAN_POINT ( 'NONE',  ( 15.94514366817507600, -58.58309221768386976, 8.000000000000319744 ) ) ;
#288 = CARTESIAN_POINT ( 'NONE',  ( 55.98528137423861750, -67.50000000000005684, -26.00000000000003197 ) ) ;
#289 = ORIENTED_EDGE ( 'NONE', *, *, #2664, .T. ) ;
#290 = CARTESIAN_POINT ( 'NONE',  ( -11.41424935028589971, -60.55745861196658097, 7.819216550318225600 ) ) ;
#291 = CARTESIAN_POINT ( 'NONE',  ( 9.999999999999989342, -32.18314161320348177, 6.444104063002727756 ) ) ;
#292 = SHAPE_DEFINITION_REPRESENTATION ( #2461, #2019 ) ;
#293 = EDGE_LOOP ( 'NONE', ( #439, #2182 ) ) ;
#294 = EDGE_CURVE ( 'NONE', #1141, #2417, #2386, .T. ) ;
#295 = CARTESIAN_POINT ( 'NONE',  ( 12.99999999999999289, -58.00000000000000000, 5.000000000000000000 ) ) ;
#296 = DIRECTION ( 'NONE',  ( -0.7071067811865479058, 0.7071067811865472397, -2.345307417223289400E-16 ) ) ;
#297 = EDGE_CURVE ( 'NONE', #1563, #1861, #1551, .T. ) ;
#298 = ORIENTED_EDGE ( 'NONE', *, *, #612, .T. ) ;
#299 = EDGE_CURVE ( 'NONE', #20, #1437, #79, .T. ) ;
#300 = DIRECTION ( 'NONE',  ( 0.000000000000000000, 1.000000000000000000, 0.000000000000000000 ) ) ;
#301 = DIRECTION ( 'NONE',  ( 0.000000000000000000, 0.000000000000000000, 1.000000000000000000 ) ) ;
#302 = VERTEX_POINT ( 'NONE', #2616 ) ;
#303 = FACE_OUTER_BOUND ( 'NONE', #505, .T. ) ;
#304 = DIRECTION ( 'NONE',  ( 0.000000000000000000, 0.000000000000000000, -1.000000000000000000 ) ) ;
#305 = PRODUCT_CONTEXT ( 'NONE', #1483, 'mechanical' ) ;
#306 = ORIENTED_EDGE ( 'NONE', *, *, #1272, .T. ) ;
#307 = CARTESIAN_POINT ( 'NONE',  ( 12.99999999999999289, -58.00000000000000000, 5.000000000000000000 ) ) ;
#308 = VERTEX_POINT ( 'NONE', #720 ) ;
#309 = ORIENTED_EDGE ( 'NONE', *, *, #2564, .T. ) ;
#310 = CARTESIAN_POINT ( 'NONE',  ( 50.98528137423861750, -62.50000000000000000, -16.00000000000003908 ) ) ;
#311 = ADVANCED_FACE ( 'NONE', ( #2514 ), #2672, .F. ) ;
#312 = FACE_OUTER_BOUND ( 'NONE', #1419, .T. ) ;
#313 = ORIENTED_EDGE ( 'NONE', *, *, #2444, .T. ) ;
#314 = AXIS2_PLACEMENT_3D ( 'NONE', #307, #2653, #2631 ) ;
#315 = CARTESIAN_POINT ( 'NONE',  ( -10.17265675535690050, -30.97396857359969857, 7.110625972385486548 ) ) ;
#316 = CARTESIAN_POINT ( 'NONE',  ( 11.39999999999999147, -58.00000000000000000, 5.000000000000000000 ) ) ;
#317 = AXIS2_PLACEMENT_3D ( 'NONE', #2693, #216, #2736 ) ;
#318 = EDGE_LOOP ( 'NONE', ( #103, #2088, #2600, #2676 ) ) ;
#319 = CIRCLE ( 'NONE', #1772, 1.600000000000000755 ) ;
#320 = CARTESIAN_POINT ( 'NONE',  ( 30.50000000000000000, -52.77207793864213414, -23.00000000000003908 ) ) ;
#321 = CARTESIAN_POINT ( 'NONE',  ( 50.98528137423861750, -67.50000000000005684, -18.00000000000003908 ) ) ;
#322 = ORIENTED_EDGE ( 'NONE', *, *, #730, .T. ) ;
#323 = VERTEX_POINT ( 'NONE', #1497 ) ;
#324 = DIRECTION ( 'NONE',  ( 4.336808689942014655E-17, 1.000000000000000000, -1.967543734044216262E-16 ) ) ;
#325 = CARTESIAN_POINT ( 'NONE',  ( 27.50000000000000000, -62.50000000000000000, 8.000000000000000000 ) ) ;
#326 = VECTOR ( 'NONE', #1582, 999.9999999999998863 ) ;
#327 = EDGE_CURVE ( 'NONE', #1298, #1958, #573, .T. ) ;
#328 = FACE_OUTER_BOUND ( 'NONE', #886, .T. ) ;
#329 = VERTEX_POINT ( 'NONE', #213 ) ;
#330 = EDGE_CURVE ( 'NONE', #522, #540, #1682, .T. ) ;
#331 = CARTESIAN_POINT ( 'NONE',  ( -19.50000000000000355, -59.50000000000001421, 0.000000000000000000 ) ) ;
#332 = LINE ( 'NONE', #2010, #1023 ) ;
#333 = EDGE_CURVE ( 'NONE', #723, #1306, #2543, .T. ) ;
#334 = ORIENTED_EDGE ( 'NONE', *, *, #2418, .F. ) ;
#335 = DIRECTION ( 'NONE',  ( 1.000000000000000000, 0.000000000000000000, 0.000000000000000000 ) ) ;
#336 = DIRECTION ( 'NONE',  ( 0.000000000000000000, 0.000000000000000000, 1.000000000000000000 ) ) ;
#337 = ORIENTED_EDGE ( 'NONE', *, *, #418, .F. ) ;
#338 = ORIENTED_EDGE ( 'NONE', *, *, #1809, .F. ) ;
#339 = CARTESIAN_POINT ( 'NONE',  ( -27.50000000000000711, -30.50000000000000711, 8.000000000000000000 ) ) ;
#340 = CARTESIAN_POINT ( 'NONE',  ( -27.50000000000000711, -54.01471862576145355, -20.00000000000004974 ) ) ;
#341 = DIRECTION ( 'NONE',  ( 0.000000000000000000, 0.000000000000000000, 1.000000000000000000 ) ) ;
#342 = CARTESIAN_POINT ( 'NONE',  ( -10.00000000000000711, -31.99999999997533351, 6.546084143070757477 ) ) ;
#343 = DIRECTION ( 'NONE',  ( 0.000000000000000000, 0.000000000000000000, 1.000000000000000000 ) ) ;
#344 = CARTESIAN_POINT ( 'NONE',  ( 5.583500081124412451E-15, -48.00000000000000711, -23.00000000000004263 ) ) ;
#345 = ORIENTED_EDGE ( 'NONE', *, *, #204, .T. ) ;
#346 = EDGE_CURVE ( 'NONE', #387, #1396, #1373, .T. ) ;
#347 = LINE ( 'NONE', #1160, #2029 ) ;
#348 = LINE ( 'NONE', #149, #184 ) ;
#349 = ORIENTED_EDGE ( 'NONE', *, *, #2008, .F. ) ;
#350 = VERTEX_POINT ( 'NONE', #1263 ) ;
#351 = CYLINDRICAL_SURFACE ( 'NONE', #2304, 3.000000000000000888 ) ;
#352 = CARTESIAN_POINT ( 'NONE',  ( -55.98528137423858908, -67.50000000000005684, -6.000000000000043521 ) ) ;
#353 = CARTESIAN_POINT ( 'NONE',  ( -13.69762540848754817, -29.08224079310294030, 8.000000000000000000 ) ) ;
#354 = DIRECTION ( 'NONE',  ( 0.000000000000000000, 1.000000000000000000, 0.000000000000000000 ) ) ;
#355 = LINE ( 'NONE', #147, #941 ) ;
#356 = VERTEX_POINT ( 'NONE', #2557 ) ;
#357 = VECTOR ( 'NONE', #2640, 1000.000000000000000 ) ;
#358 = CARTESIAN_POINT ( 'NONE',  ( -16.00000000000081712, -31.88231860554286712, 7.994326531340148811 ) ) ;
#359 = EDGE_CURVE ( 'NONE', #2296, #2178, #1150, .T. ) ;
#360 = ORIENTED_EDGE ( 'NONE', *, *, #1746, .T. ) ;
#361 = VECTOR ( 'NONE', #1451, 1000.000000000000000 ) ;
#362 = COLOUR_RGB ( '',0.8431372549019607865, 0.8156862745098039102, 0.7529411764705882248 ) ;
#363 = ORIENTED_EDGE ( 'NONE', *, *, #1342, .F. ) ;
#364 = PLANE ( 'NONE',  #1247 ) ;
#365 = CIRCLE ( 'NONE', #1732, 2.999999999999999112 ) ;
#366 = FACE_OUTER_BOUND ( 'NONE', #1449, .T. ) ;
#367 = EDGE_CURVE ( 'NONE', #384, #1269, #2301, .T. ) ;
#368 = LINE ( 'NONE', #998, #759 ) ;
#369 = CIRCLE ( 'NONE', #458, 2.000000000000001776 ) ;
#370 = DIRECTION ( 'NONE',  ( 0.000000000000000000, 0.000000000000000000, 1.000000000000000000 ) ) ;
#371 = CARTESIAN_POINT ( 'NONE',  ( -27.50000000000001066, -30.50000000000000000, -26.00000000000004974 ) ) ;
#372 = ORIENTED_EDGE ( 'NONE', *, *, #2744, .T. ) ;
#373 = CARTESIAN_POINT ( 'NONE',  ( -30.50000000000000711, -48.00000000000000711, -23.00000000000004974 ) ) ;
#374 = DIRECTION ( 'NONE',  ( 0.000000000000000000, 0.000000000000000000, -1.000000000000000000 ) ) ;
#375 = ORIENTED_EDGE ( 'NONE', *, *, #1763, .T. ) ;
#376 = EDGE_CURVE ( 'NONE', #2490, #1437, #2499, .T. ) ;
#377 = ORIENTED_EDGE ( 'NONE', *, *, #70, .T. ) ;
#378 = FACE_OUTER_BOUND ( 'NONE', #964, .T. ) ;
#379 = DIRECTION ( 'NONE',  ( 1.000000000000000000, 0.000000000000000000, 0.000000000000000000 ) ) ;
#380 = ADVANCED_FACE ( 'NONE', ( #1485 ), #2317, .T. ) ;
#381 = LINE ( 'NONE', #1414, #2042 ) ;
#382 = DIRECTION ( 'NONE',  ( -0.000000000000000000, 0.000000000000000000, -1.000000000000000000 ) ) ;
#383 = CARTESIAN_POINT ( 'NONE',  ( -12.78932375669794652, -34.99817078612506549, 6.428864253613680191 ) ) ;
#384 = VERTEX_POINT ( 'NONE', #1043 ) ;
#385 = CARTESIAN_POINT ( 'NONE',  ( -10.17267136635635616, -59.02599467044945669, 7.110601965271260205 ) ) ;
#386 = FACE_OUTER_BOUND ( 'NONE', #1177, .T. ) ;
#387 = VERTEX_POINT ( 'NONE', #1880 ) ;
#388 = ORIENTED_EDGE ( 'NONE', *, *, #2594, .T. ) ;
#389 = CARTESIAN_POINT ( 'NONE',  ( 14.73423733901910992, -55.54447003305546104, 7.465984403695206773 ) ) ;
#390 = PLANE ( 'NONE',  #2355 ) ;
#391 = CARTESIAN_POINT ( 'NONE',  ( -13.00000000000000711, -32.00000000000000711, 5.000000000000000000 ) ) ;
#392 = FACE_OUTER_BOUND ( 'NONE', #1207, .T. ) ;
#393 = EDGE_CURVE ( 'NONE', #1853, #1437, #2290, .T. ) ;
#394 = CARTESIAN_POINT ( 'NONE',  ( 30.50000000000000000, -52.77207793864213414, -23.00000000000003908 ) ) ;
#395 = DIRECTION ( 'NONE',  ( 1.349221823327174429E-16, -1.967543734044215769E-16, -1.000000000000000000 ) ) ;
#396 = DIRECTION ( 'NONE',  ( 0.7071067811865485719, 0.7071067811865464625, 5.916456789157588541E-31 ) ) ;
#397 = EDGE_LOOP ( 'NONE', ( #1450, #240 ) ) ;
#398 = AXIS2_PLACEMENT_3D ( 'NONE', #1902, #2324, #2580 ) ;
#399 = DIRECTION ( 'NONE',  ( -0.000000000000000000, 0.000000000000000000, -1.000000000000000000 ) ) ;
#400 = CARTESIAN_POINT ( 'NONE',  ( -27.50000000000000711, -48.00000000000000711, -19.00000000000004974 ) ) ;
#401 = EDGE_LOOP ( 'NONE', ( #914, #982, #1642, #2041 ) ) ;
#402 = ORIENTED_EDGE ( 'NONE', *, *, #32, .T. ) ;
#403 = LINE ( 'NONE', #422, #447 ) ;
#404 = AXIS2_PLACEMENT_3D ( 'NONE', #2730, #1676, #1259 ) ;
#405 = CIRCLE ( 'NONE', #1949, 12.99999999999999822 ) ;
#406 = AXIS2_PLACEMENT_3D ( 'NONE', #2300, #1879, #588 ) ;
#407 = DIRECTION ( 'NONE',  ( 0.000000000000000000, 0.000000000000000000, -1.000000000000000000 ) ) ;
#408 = VECTOR ( 'NONE', #1654, 1000.000000000000000 ) ;
#409 = EDGE_CURVE ( 'NONE', #1823, #1572, #269, .T. ) ;
#410 = VECTOR ( 'NONE', #640, 1000.000000000000000 ) ;
#411 = DIRECTION ( 'NONE',  ( 0.000000000000000000, 0.000000000000000000, 1.000000000000000000 ) ) ;
#412 = DIRECTION ( 'NONE',  ( 8.786684129385964350E-17, -1.000000000000000000, 1.967543734044216262E-16 ) ) ;
#413 = FACE_OUTER_BOUND ( 'NONE', #1365, .T. ) ;
#414 = VERTEX_POINT ( 'NONE', #435 ) ;
#415 = PRODUCT_DEFINITION_FORMATION_WITH_SPECIFIED_SOURCE ( 'ä»', '', #1529, .NOT_KNOWN. ) ;
#416 = EDGE_CURVE ( 'NONE', #995, #1932, #601, .T. ) ;
#417 = CARTESIAN_POINT ( 'NONE',  ( 55.98528137423861040, -67.50000000000004263, 25.51609221829271235 ) ) ;
#418 = EDGE_CURVE ( 'NONE', #2102, #699, #2168, .T. ) ;
#419 = CARTESIAN_POINT ( 'NONE',  ( -51.74264068711925546, -62.49999999999999289, -21.75735931288075520 ) ) ;
#420 = ORIENTED_EDGE ( 'NONE', *, *, #1395, .T. ) ;
#421 = ORIENTED_EDGE ( 'NONE', *, *, #2012, .T. ) ;
#422 = CARTESIAN_POINT ( 'NONE',  ( 51.74264068711926967, -62.50000000000005684, -23.00000000000003553 ) ) ;
#423 = CARTESIAN_POINT ( 'NONE',  ( 38.98528137423861750, -62.50000000000000000, -18.00000000000003908 ) ) ;
#424 = CARTESIAN_POINT ( 'NONE',  ( -14.89053834327388692, -55.66220555978612339, 7.538533992223944935 ) ) ;
#425 = DIRECTION ( 'NONE',  ( 3.413144305457568632E-32, 1.000000000000000000, -1.967543734044216016E-16 ) ) ;
#426 = CARTESIAN_POINT ( 'NONE',  ( -13.33969490262662738, -34.98634658822520294, 6.735893207495648127 ) ) ;
#427 = VERTEX_POINT ( 'NONE', #1238 ) ;
#428 = LINE ( 'NONE', #1266, #2076 ) ;
#429 = CARTESIAN_POINT ( 'NONE',  ( 36.37014653542106402, -71.37014653542107112, -4.565800940149840947 ) ) ;
#430 = ORIENTED_EDGE ( 'NONE', *, *, #2422, .T. ) ;
#431 = VERTEX_POINT ( 'NONE', #1296 ) ;
#432 = FACE_OUTER_BOUND ( 'NONE', #2213, .T. ) ;
#433 = CARTESIAN_POINT ( 'NONE',  ( 51.74264068711926967, -62.50000000000005684, -20.00000000000004263 ) ) ;
#434 = CARTESIAN_POINT ( 'NONE',  ( 0.000000000000000000, -45.00000000000000711, 8.000000000000000000 ) ) ;
#435 = CARTESIAN_POINT ( 'NONE',  ( 32.50000000000004974, -67.50000000000005684, -26.00000000000003197 ) ) ;
#436 = CARTESIAN_POINT ( 'NONE',  ( -13.87901902613524285, -34.87445393307987729, 7.031969484386250357 ) ) ;
#437 = ORIENTED_EDGE ( 'NONE', *, *, #1959, .F. ) ;
#438 = DIRECTION ( 'NONE',  ( 1.875376730785737226E-16, 1.000000000000000000, -1.003808469612656861E-16 ) ) ;
#439 = ORIENTED_EDGE ( 'NONE', *, *, #190, .F. ) ;
#440 = ADVANCED_FACE ( 'NONE', ( #2079 ), #2733, .F. ) ;
#441 = CARTESIAN_POINT ( 'NONE',  ( -13.00000000000000711, -32.00000000000000711, 5.000000000000000000 ) ) ;
#442 = CYLINDRICAL_SURFACE ( 'NONE', #577, 1.600000000000000755 ) ;
#443 = ORIENTED_EDGE ( 'NONE', *, *, #1797, .F. ) ;
#444 = ORIENTED_EDGE ( 'NONE', *, *, #2626, .T. ) ;
#445 = EDGE_CURVE ( 'NONE', #1385, #971, #15, .T. ) ;
#446 = CARTESIAN_POINT ( 'NONE',  ( 50.98528137423861750, -67.50000000000005684, -16.00000000000003908 ) ) ;
#447 = VECTOR ( 'NONE', #1480, 1000.000000000000000 ) ;
#448 = AXIS2_PLACEMENT_3D ( 'NONE', #1585, #1350, #2228 ) ;
#449 = CARTESIAN_POINT ( 'NONE',  ( 12.06192058463025063, -55.14386370761391731, 6.045685921252869299 ) ) ;
#450 = CARTESIAN_POINT ( 'NONE',  ( 12.99999999999999289, -32.00000000000000711, 5.000000000000000000 ) ) ;
#451 = DIRECTION ( 'NONE',  ( -1.349221823327174429E-16, 1.967543734044216016E-16, 1.000000000000000000 ) ) ;
#452 = CIRCLE ( 'NONE', #1689, 3.000000000000002665 ) ;
#453 = EDGE_LOOP ( 'NONE', ( #814, #2545, #744, #517 ) ) ;
#454 = AXIS2_PLACEMENT_3D ( 'NONE', #1532, #1310, #877 ) ;
#455 = CARTESIAN_POINT ( 'NONE',  ( 10.27708684390707639, -33.27400316443081607, 5.895815223381864811 ) ) ;
#456 = CARTESIAN_POINT ( 'NONE',  ( 12.99999999999999289, -32.00000000000000711, 5.000000000000000000 ) ) ;
#457 = ORIENTED_EDGE ( 'NONE', *, *, #359, .F. ) ;
#458 = AXIS2_PLACEMENT_3D ( 'NONE', #1878, #2731, #2523 ) ;
#459 = CARTESIAN_POINT ( 'NONE',  ( 51.74264068711926967, -62.50000000000005684, -26.00000000000003197 ) ) ;
#460 = CARTESIAN_POINT ( 'NONE',  ( -27.50000000000000711, -45.00000000000000711, -19.00000000000004974 ) ) ;
#461 = ORIENTED_EDGE ( 'NONE', *, *, #2086, .F. ) ;
#462 = EDGE_CURVE ( 'NONE', #533, #246, #1139, .T. ) ;
#463 = EDGE_LOOP ( 'NONE', ( #1617, #1609, #1381, #2485 ) ) ;
#464 = CARTESIAN_POINT ( 'NONE',  ( 15.99999999999999289, -31.99999999999663558, 7.990755995505704590 ) ) ;
#465 = ADVANCED_FACE ( 'NONE', ( #892 ), #2161, .F. ) ;
#466 = DIRECTION ( 'NONE',  ( 2.201794655477298988E-16, -2.201794655477297262E-16, -1.000000000000000000 ) ) ;
#467 = CARTESIAN_POINT ( 'NONE',  ( 4.807602611652747271, -62.50000000000001421, 7.472440256938161163 ) ) ;
#468 = DIRECTION ( 'NONE',  ( 0.000000000000000000, 0.000000000000000000, 1.000000000000000000 ) ) ;
#469 = ORIENTED_EDGE ( 'NONE', *, *, #2689, .T. ) ;
#470 = CARTESIAN_POINT ( 'NONE',  ( -1.349221823327174231E-15, -45.00000000000000711, -19.00000000000004974 ) ) ;
#471 = CARTESIAN_POINT ( 'NONE',  ( 13.87953466720097317, -34.87428586504457684, 7.032244778020457332 ) ) ;
#472 = EDGE_LOOP ( 'NONE', ( #1019, #1819, #485, #527 ) ) ;
#473 = FACE_OUTER_BOUND ( 'NONE', #1504, .T. ) ;
#474 = PLANE ( 'NONE',  #1332 ) ;
#475 = ORIENTED_EDGE ( 'NONE', *, *, #1436, .T. ) ;
#476 = DIRECTION ( 'NONE',  ( 3.413144305457568632E-32, 1.000000000000000000, -1.967543734044216016E-16 ) ) ;
#477 = EDGE_CURVE ( 'NONE', #1306, #2002, #1016, .T. ) ;
#478 = CARTESIAN_POINT ( 'NONE',  ( 9.999999999999992895, -57.99999999998685496, 6.546084143049686332 ) ) ;
#479 = CARTESIAN_POINT ( 'NONE',  ( -27.50000000000001421, -62.50000000000000000, 25.51609221829270169 ) ) ;
#480 = ORIENTED_EDGE ( 'NONE', *, *, #2203, .T. ) ;
#481 = CARTESIAN_POINT ( 'NONE',  ( -19.50000000000000711, -39.00000000000000711, -26.00000000000004619 ) ) ;
#482 = ORIENTED_EDGE ( 'NONE', *, *, #1344, .F. ) ;
#483 = DIRECTION ( 'NONE',  ( 0.000000000000000000, 0.000000000000000000, 1.000000000000000000 ) ) ;
#484 = CYLINDRICAL_SURFACE ( 'NONE', #1813, 2.999999999999999112 ) ;
#485 = ORIENTED_EDGE ( 'NONE', *, *, #521, .T. ) ;
#486 = PLANE ( 'NONE',  #2536 ) ;
#487 = CIRCLE ( 'NONE', #1502, 8.000000000000000000 ) ;
#488 = DIRECTION ( 'NONE',  ( 1.000000000000000000, 9.189829725788341711E-33, 2.201794655477298988E-16 ) ) ;
#489 = ORIENTED_EDGE ( 'NONE', *, *, #1421, .T. ) ;
#490 = TOROIDAL_SURFACE ( 'NONE', #2525, 20.99999999999999645, 8.000000000000000000 ) ;
#491 = AXIS2_PLACEMENT_3D ( 'NONE', #750, #2248, #116 ) ;
#492 = ADVANCED_FACE ( 'NONE', ( #2667 ), #1453, .F. ) ;
#493 = AXIS2_PLACEMENT_3D ( 'NONE', #2232, #336, #2014 ) ;
#494 = CARTESIAN_POINT ( 'NONE',  ( -27.50000000000000711, -42.00000000000000000, -19.00000000000004974 ) ) ;
#495 = VECTOR ( 'NONE', #1178, 1000.000000000000000 ) ;
#496 = ORIENTED_EDGE ( 'NONE', *, *, #2646, .T. ) ;
#497 = AXIS2_PLACEMENT_3D ( 'NONE', #1348, #1787, #1390 ) ;
#498 = ADVANCED_FACE ( 'NONE', ( #1221 ), #2059, .F. ) ;
#499 = CARTESIAN_POINT ( 'NONE',  ( -27.50000000000000711, -62.50000000000000000, -26.00000000000004263 ) ) ;
#500 = CARTESIAN_POINT ( 'NONE',  ( -19.50000000000001066, -25.50000000000000355, -26.00000000000004263 ) ) ;
#501 = AXIS2_PLACEMENT_3D ( 'NONE', #1235, #167, #2496 ) ;
#502 = ORIENTED_EDGE ( 'NONE', *, *, #2409, .T. ) ;
#503 = CARTESIAN_POINT ( 'NONE',  ( 35.98528137423861040, -62.50000000000005684, -20.00000000000003908 ) ) ;
#504 = DIRECTION ( 'NONE',  ( 0.000000000000000000, 0.000000000000000000, -1.000000000000000000 ) ) ;
#505 = EDGE_LOOP ( 'NONE', ( #252, #298, #769, #1747 ) ) ;
#506 = FACE_BOUND ( 'NONE', #1905, .T. ) ;
#507 = LINE ( 'NONE', #2589, #1464 ) ;
#508 = ORIENTED_EDGE ( 'NONE', *, *, #2374, .F. ) ;
#509 = CARTESIAN_POINT ( 'NONE',  ( 12.99999999999999289, -32.00000000000000711, 5.000000000000000000 ) ) ;
#510 = EDGE_LOOP ( 'NONE', ( #2011, #2323, #1714, #443 ) ) ;
#511 = EDGE_LOOP ( 'NONE', ( #2250, #2567, #661, #1424, #2292 ) ) ;
#512 = DIRECTION ( 'NONE',  ( 3.413144305457568632E-32, 1.000000000000000000, -1.967543734044216016E-16 ) ) ;
#513 = LINE ( 'NONE', #2456, #1950 ) ;
#514 = ORIENTED_EDGE ( 'NONE', *, *, #2524, .T. ) ;
#515 = CARTESIAN_POINT ( 'NONE',  ( -10.72290420483549056, -30.03422662190666870, 7.573114867529302963 ) ) ;
#516 = CARTESIAN_POINT ( 'NONE',  ( -37.22792206135787296, -59.50000000000000711, -23.00000000000004619 ) ) ;
#517 = ORIENTED_EDGE ( 'NONE', *, *, #1079, .F. ) ;
#518 = DIRECTION ( 'NONE',  ( 1.000000000000000000, 0.000000000000000000, 0.000000000000000000 ) ) ;
#519 = CARTESIAN_POINT ( 'NONE',  ( -15.99309930021309079, -31.76534324089842087, 7.996618186847822329 ) ) ;
#520 = EDGE_LOOP ( 'NONE', ( #309, #1245 ) ) ;
#521 = EDGE_CURVE ( 'NONE', #873, #706, #1895, .T. ) ;
#522 = VERTEX_POINT ( 'NONE', #805 ) ;
#523 = CARTESIAN_POINT ( 'NONE',  ( -11.69548996046115796, -55.29156697536887322, 5.883455926273257752 ) ) ;
#524 = CARTESIAN_POINT ( 'NONE',  ( 10.02181332301893590, -31.58278019164448125, 6.779227635292660814 ) ) ;
#525 = EDGE_CURVE ( 'NONE', #955, #2587, #1653, .T. ) ;
#526 = CARTESIAN_POINT ( 'NONE',  ( -19.50000000000000711, -48.00000000000000711, -19.00000000000004619 ) ) ;
#527 = ORIENTED_EDGE ( 'NONE', *, *, #2115, .T. ) ;
#528 = AXIS2_PLACEMENT_3D ( 'NONE', #1550, #120, #2231 ) ;
#529 = CARTESIAN_POINT ( 'NONE',  ( -27.50000000000001066, -39.00000000000000711, -26.00000000000004619 ) ) ;
#530 = CARTESIAN_POINT ( 'NONE',  ( -11.01712274103467415, -34.26126638557124693, 5.696929196623466751 ) ) ;
#531 = CIRCLE ( 'NONE', #667, 2.999999999999999112 ) ;
#532 = AXIS2_PLACEMENT_3D ( 'NONE', #2054, #635, #1883 ) ;
#533 = VERTEX_POINT ( 'NONE', #2539 ) ;
#534 = AXIS2_PLACEMENT_3D ( 'NONE', #1281, #1870, #1256 ) ;
#535 = CARTESIAN_POINT ( 'NONE',  ( 12.99999999999999289, -32.00000000000000711, 5.000000000000000000 ) ) ;
#536 = CARTESIAN_POINT ( 'NONE',  ( 22.50000000000001066, -59.50000000000001421, 0.000000000000000000 ) ) ;
#537 = ORIENTED_EDGE ( 'NONE', *, *, #119, .T. ) ;
#538 = VECTOR ( 'NONE', #229, 1000.000000000000000 ) ;
#539 = VECTOR ( 'NONE', #114, 1000.000000000000000 ) ;
#540 = VERTEX_POINT ( 'NONE', #2325 ) ;
#541 = PLANE ( 'NONE',  #1635 ) ;
#542 = LINE ( 'NONE', #1179, #1560 ) ;
#543 = AXIS2_PLACEMENT_3D ( 'NONE', #907, #1087, #1705 ) ;
#544 = AXIS2_PLACEMENT_3D ( 'NONE', #1325, #77, #250 ) ;
#545 = DIRECTION ( 'NONE',  ( -1.000000000000000000, 0.000000000000000000, 0.000000000000000000 ) ) ;
#546 = EDGE_CURVE ( 'NONE', #1802, #732, #2285, .T. ) ;
#547 = EDGE_LOOP ( 'NONE', ( #1507, #24, #1349, #1048, #2344 ) ) ;
#548 = DIRECTION ( 'NONE',  ( -1.000000000000000000, 0.000000000000000000, -1.349221823327174429E-16 ) ) ;
#549 = CARTESIAN_POINT ( 'NONE',  ( 37.85530313790588508, -62.50000000000005684, -6.000000000000033751 ) ) ;
#550 = ORIENTED_EDGE ( 'NONE', *, *, #2471, .F. ) ;
#551 = DIRECTION ( 'NONE',  ( 1.000000000000000000, 0.000000000000000000, 0.000000000000000000 ) ) ;
#552 = DIRECTION ( 'NONE',  ( 0.000000000000000000, 0.000000000000000000, -1.000000000000000000 ) ) ;
#553 = ORIENTED_EDGE ( 'NONE', *, *, #2741, .T. ) ;
#554 = ORIENTED_EDGE ( 'NONE', *, *, #1680, .T. ) ;
#555 = CARTESIAN_POINT ( 'NONE',  ( 13.15710331650709364, -54.99856950625505903, 6.633493106645623527 ) ) ;
#556 = DIRECTION ( 'NONE',  ( -0.000000000000000000, 0.000000000000000000, -1.000000000000000000 ) ) ;
#557 = CYLINDRICAL_SURFACE ( 'NONE', #5, 2.999999999999999112 ) ;
#558 = EDGE_CURVE ( 'NONE', #1987, #1798, #1986, .T. ) ;
#559 = DIRECTION ( 'NONE',  ( 0.000000000000000000, 0.000000000000000000, -1.000000000000000000 ) ) ;
#560 = DIRECTION ( 'NONE',  ( 0.000000000000000000, -1.000000000000000000, 0.000000000000000000 ) ) ;
#561 = VERTEX_POINT ( 'NONE', #1481 ) ;
#562 = CARTESIAN_POINT ( 'NONE',  ( 27.50000000000000711, -30.50000000000000711, 8.000000000000000000 ) ) ;
#563 = ORIENTED_EDGE ( 'NONE', *, *, #1579, .F. ) ;
#564 = ORIENTED_EDGE ( 'NONE', *, *, #969, .T. ) ;
#565 = DIRECTION ( 'NONE',  ( 3.413144305457568632E-32, 1.000000000000000000, -1.967543734044216016E-16 ) ) ;
#566 = LINE ( 'NONE', #660, #1649 ) ;
#567 = DIRECTION ( 'NONE',  ( -3.413144305457568632E-32, -1.000000000000000000, 1.967543734044216016E-16 ) ) ;
#568 = VECTOR ( 'NONE', #38, 1000.000000000000000 ) ;
#569 = CARTESIAN_POINT ( 'NONE',  ( -14.23010872415957628, -55.25732574122709906, 7.216696590783977960 ) ) ;
#570 = CARTESIAN_POINT ( 'NONE',  ( -10.08400402074508584, -32.72888576779902792, 6.150854723045159567 ) ) ;
#571 = VERTEX_POINT ( 'NONE', #210 ) ;
#572 = EDGE_CURVE ( 'NONE', #1144, #1783, #2718, .T. ) ;
#573 = CIRCLE ( 'NONE', #2117, 2.000000000000001776 ) ;
#574 = AXIS2_PLACEMENT_3D ( 'NONE', #1052, #859, #1070 ) ;
#575 = CARTESIAN_POINT ( 'NONE',  ( -27.50000000000000711, -62.50000000000000000, 8.000000000000000000 ) ) ;
#576 = ORIENTED_EDGE ( 'NONE', *, *, #2405, .T. ) ;
#577 = AXIS2_PLACEMENT_3D ( 'NONE', #2130, #1085, #1920 ) ;
#578 = AXIS2_PLACEMENT_3D ( 'NONE', #1042, #382, #2498 ) ;
#579 = EDGE_CURVE ( 'NONE', #1321, #2592, #2701, .T. ) ;
#580 = ORIENTED_EDGE ( 'NONE', *, *, #2224, .T. ) ;
#581 = FACE_OUTER_BOUND ( 'NONE', #12, .T. ) ;
#582 = AXIS2_PLACEMENT_3D ( 'NONE', #2184, #1980, #1130 ) ;
#583 = CARTESIAN_POINT ( 'NONE',  ( 32.50000000000004974, -67.50000000000005684, -26.00000000000003197 ) ) ;
#584 = ADVANCED_FACE ( 'NONE', ( #432 ), #1234, .F. ) ;
#585 = CIRCLE ( 'NONE', #2482, 2.999999999999999112 ) ;
#586 = CARTESIAN_POINT ( 'NONE',  ( -16.00000000000000711, -58.00000000000000000, 5.000000000000000000 ) ) ;
#587 = AXIS2_PLACEMENT_3D ( 'NONE', #446, #58, #1096 ) ;
#588 = DIRECTION ( 'NONE',  ( 0.000000000000000000, 0.000000000000000000, -1.000000000000000000 ) ) ;
#589 = CARTESIAN_POINT ( 'NONE',  ( 12.51760428290711857, -60.97029136476398747, 7.970654384218081923 ) ) ;
#590 = ORIENTED_EDGE ( 'NONE', *, *, #462, .F. ) ;
#591 = FACE_OUTER_BOUND ( 'NONE', #1675, .T. ) ;
#592 = LINE ( 'NONE', #1034, #1111 ) ;
#593 = ORIENTED_EDGE ( 'NONE', *, *, #1088, .T. ) ;
#594 = EDGE_CURVE ( 'NONE', #1432, #2692, #266, .T. ) ;
#595 = ORIENTED_EDGE ( 'NONE', *, *, #1152, .T. ) ;
#596 = CARTESIAN_POINT ( 'NONE',  ( 27.50000000000000711, -38.25735931288071612, -23.00000000000004263 ) ) ;
#597 = CARTESIAN_POINT ( 'NONE',  ( -55.98528137423858908, -67.50000000000005684, -26.00000000000004619 ) ) ;
#598 = DIRECTION ( 'NONE',  ( -0.000000000000000000, 0.000000000000000000, -1.000000000000000000 ) ) ;
#599 = LINE ( 'NONE', #2050, #894 ) ;
#600 = LINE ( 'NONE', #1416, #1065 ) ;
#601 = LINE ( 'NONE', #228, #1415 ) ;
#602 = CARTESIAN_POINT ( 'NONE',  ( -15.65640753042068312, -33.40956535862304833, 7.856340124645946332 ) ) ;
#603 = ORIENTED_EDGE ( 'NONE', *, *, #1871, .T. ) ;
#604 = CARTESIAN_POINT ( 'NONE',  ( -10.71921521448864389, -59.96126762254261422, 7.571060770399856032 ) ) ;
#605 = CARTESIAN_POINT ( 'NONE',  ( -35.98528137423858198, -62.50000000000000000, -20.00000000000004619 ) ) ;
#606 = VERTEX_POINT ( 'NONE', #1015 ) ;
#607 = ORIENTED_EDGE ( 'NONE', *, *, #546, .F. ) ;
#608 = FACE_OUTER_BOUND ( 'NONE', #2030, .T. ) ;
#609 = CARTESIAN_POINT ( 'NONE',  ( -87.19707759714370354, -68.50000000000005684, -6.000000000000050626 ) ) ;
#610 = EDGE_CURVE ( 'NONE', #1257, #1298, #1897, .T. ) ;
#611 = DIRECTION ( 'NONE',  ( -1.000000000000000000, -1.875376730785737226E-16, 0.000000000000000000 ) ) ;
#612 = EDGE_CURVE ( 'NONE', #2253, #1987, #837, .T. ) ;
#613 = EDGE_CURVE ( 'NONE', #672, #2028, #2122, .T. ) ;
#614 = CARTESIAN_POINT ( 'NONE',  ( -10.02165942242981700, -31.58410830642245770, 6.778485628636982341 ) ) ;
#615 = DIRECTION ( 'NONE',  ( -0.000000000000000000, -0.000000000000000000, -1.000000000000000000 ) ) ;
#616 = CARTESIAN_POINT ( 'NONE',  ( -14.23010461301275065, -34.74262693466516083, 7.216686780863338591 ) ) ;
#617 = VERTEX_POINT ( 'NONE', #1869 ) ;
#618 = FACE_OUTER_BOUND ( 'NONE', #2266, .T. ) ;
#619 = CARTESIAN_POINT ( 'NONE',  ( 11.39999999999999147, -58.00000000000000000, 0.000000000000000000 ) ) ;
#620 = ORIENTED_EDGE ( 'NONE', *, *, #346, .T. ) ;
#621 = VECTOR ( 'NONE', #395, 1000.000000000000000 ) ;
#622 = EDGE_LOOP ( 'NONE', ( #151, #829, #729, #992, #402, #905 ) ) ;
#623 = AXIS2_PLACEMENT_3D ( 'NONE', #1142, #548, #105 ) ;
#624 = VECTOR ( 'NONE', #2390, 1000.000000000000000 ) ;
#625 = AXIS2_PLACEMENT_3D ( 'NONE', #746, #2257, #2660 ) ;
#626 = CARTESIAN_POINT ( 'NONE',  ( -22.50000000000000355, -59.50000000000001421, 0.000000000000000000 ) ) ;
#627 = DIRECTION ( 'NONE',  ( -0.5839517053348516340, 0.5839517053348531883, 0.5639156068713079284 ) ) ;
#628 = VECTOR ( 'NONE', #1739, 1000.000000000000000 ) ;
#629 = EDGE_CURVE ( 'NONE', #1563, #2305, #1059, .T. ) ;
#630 = AXIS2_PLACEMENT_3D ( 'NONE', #1282, #2687, #1825 ) ;
#631 = CARTESIAN_POINT ( 'NONE',  ( -15.89173305929824132, -57.17468782111181724, 7.941205657534315066 ) ) ;
#632 = CARTESIAN_POINT ( 'NONE',  ( 9.999999999999992895, -32.00000000000000711, 5.000000000000000000 ) ) ;
#633 = CARTESIAN_POINT ( 'NONE',  ( -14.40444431153000515, -34.65792138698474645, 7.305309305781078955 ) ) ;
#634 = VERTEX_POINT ( 'NONE', #1672 ) ;
#635 = DIRECTION ( 'NONE',  ( 0.000000000000000000, 0.000000000000000000, 1.000000000000000000 ) ) ;
#636 = CARTESIAN_POINT ( 'NONE',  ( -51.74264068711926967, -62.50000000000000000, -20.00000000000004974 ) ) ;
#637 = EDGE_LOOP ( 'NONE', ( #2433, #2234, #2243, #554, #2143, #537, #1045 ) ) ;
#638 = CARTESIAN_POINT ( 'NONE',  ( -32.50000000000007105, -67.50000000000005684, -26.00000000000004263 ) ) ;
#639 = DIRECTION ( 'NONE',  ( -1.000000000000000000, 0.000000000000000000, -0.000000000000000000 ) ) ;
#640 = DIRECTION ( 'NONE',  ( -1.000000000000000000, -0.000000000000000000, -1.349221823327174429E-16 ) ) ;
#641 = CARTESIAN_POINT ( 'NONE',  ( -10.93767321602301479, -55.81875656473845027, 5.697406685567982798 ) ) ;
#642 = DIRECTION ( 'NONE',  ( 1.000000000000000000, 0.000000000000000000, 0.000000000000000000 ) ) ;
#643 = CARTESIAN_POINT ( 'NONE',  ( 12.75643512916916755, -60.99950436510682295, 7.983275227762044679 ) ) ;
#644 = ORIENTED_EDGE ( 'NONE', *, *, #2564, .F. ) ;
#645 = ADVANCED_FACE ( 'NONE', ( #1433 ), #1699, .T. ) ;
#646 = DIRECTION ( 'NONE',  ( 1.249000902703300615E-16, -1.000000000000000000, 1.967543734044216262E-16 ) ) ;
#647 = CARTESIAN_POINT ( 'NONE',  ( -35.98528137423858908, -62.50000000000000000, -21.75735931288075875 ) ) ;
#648 = B_SPLINE_CURVE_WITH_KNOTS ( 'NONE', 3,
 ( #1838, #2527, #198, #631, #1471, #2468, #2720, #2316, #2483, #424, #1262, #212, #569, #1430, #2275, #1224, #2062, #168, #1850, #523, #2327, #669, #1737, #1909, #641, #258, #848, #1295, #1543, #2138, #1517, #29, #2358, #2382 ),
 .UNSPECIFIED., .F., .F.,
 ( 4, 2, 2, 2, 2, 2, 2, 2, 2, 2, 2, 2, 2, 2, 2, 2, 4 ),
 ( 0.01513514176540483973, 0.01575955390766039035, 0.01638396604991594271, 0.01700837819217149507, 0.01763279033442704744, 0.01825720247668259980, 0.01888161461893815216, 0.02013043890344924994, 0.02075485104570479883, 0.02137926318796035119, 0.02200367533021590355, 0.02231588140134367626, 0.02262808747247145244, 0.02325249961472700133, 0.02387691175698255369, 0.02450132389923810258, 0.02512573604149365147 ),
 .UNSPECIFIED. ) ;
#649 = ORIENTED_EDGE ( 'NONE', *, *, #2409, .F. ) ;
#650 = EDGE_CURVE ( 'NONE', #1861, #1525, #2502, .T. ) ;
#651 = CYLINDRICAL_SURFACE ( 'NONE', #2697, 2.999999999999999112 ) ;
#652 = EDGE_LOOP ( 'NONE', ( #1136, #1913 ) ) ;
#653 = CARTESIAN_POINT ( 'NONE',  ( 50.98528137423861750, -62.50000000000000000, -14.00000000000003730 ) ) ;
#654 = CARTESIAN_POINT ( 'NONE',  ( 11.52283605360328522, -55.38093317009422378, 5.817508256082439821 ) ) ;
#655 = DIRECTION ( 'NONE',  ( 3.413144305457568632E-32, 1.000000000000000000, -1.967543734044216016E-16 ) ) ;
#656 = DIRECTION ( 'NONE',  ( 0.000000000000000000, 1.000000000000000000, 0.000000000000000000 ) ) ;
#657 = ORIENTED_EDGE ( 'NONE', *, *, #2086, .T. ) ;
#658 = FACE_OUTER_BOUND ( 'NONE', #1886, .T. ) ;
#659 = EDGE_CURVE ( 'NONE', #785, #279, #1214, .T. ) ;
#660 = CARTESIAN_POINT ( 'NONE',  ( -19.50000000000000711, -45.00000000000000711, -16.00000000000004974 ) ) ;
#661 = ORIENTED_EDGE ( 'NONE', *, *, #1559, .F. ) ;
#662 = DIRECTION ( 'NONE',  ( 1.000000000000000000, 1.477285665293037945E-16, 1.477285665293037945E-16 ) ) ;
#663 = DIRECTION ( 'NONE',  ( -8.786684129385964350E-17, 1.000000000000000000, -1.967543734044216262E-16 ) ) ;
#664 = ORIENTED_EDGE ( 'NONE', *, *, #1648, .T. ) ;
#665 = VECTOR ( 'NONE', #2725, 1000.000000000000000 ) ;
#666 = CARTESIAN_POINT ( 'NONE',  ( -40.24264068711928388, -51.00000000000000711, -26.00000000000004619 ) ) ;
#667 = AXIS2_PLACEMENT_3D ( 'NONE', #2507, #663, #1862 ) ;
#668 = VECTOR ( 'NONE', #1393, 1000.000000000000000 ) ;
#669 = CARTESIAN_POINT ( 'NONE',  ( -11.26050018386290219, -55.55366222636921236, 5.745129727303019962 ) ) ;
#670 = LINE ( 'NONE', #19, #628 ) ;
#671 = CIRCLE ( 'NONE', #2176, 2.000000000000001776 ) ;
#672 = VERTEX_POINT ( 'NONE', #1686 ) ;
#673 = AXIS2_PLACEMENT_3D ( 'NONE', #211, #1678, #2511 ) ;
#674 = CARTESIAN_POINT ( 'NONE',  ( 22.50000000000001066, -59.50000000000001421, 8.000000000000000000 ) ) ;
#675 = CARTESIAN_POINT ( 'NONE',  ( 13.15439751597954832, -35.00158285504380018, 6.631977942465844045 ) ) ;
#676 = VERTEX_POINT ( 'NONE', #2085 ) ;
#677 = VECTOR ( 'NONE', #2189, 999.9999999999998863 ) ;
#678 = CARTESIAN_POINT ( 'NONE',  ( -50.98528137423859619, -62.50000000000000000, -16.00000000000003908 ) ) ;
#679 = DIRECTION ( 'NONE',  ( 0.000000000000000000, 1.000000000000000000, -2.201794655477297262E-16 ) ) ;
#680 = VERTEX_POINT ( 'NONE', #2487 ) ;
#681 = EDGE_CURVE ( 'NONE', #1317, #2633, #2214, .T. ) ;
#682 = ORIENTED_EDGE ( 'NONE', *, *, #2546, .T. ) ;
#683 = CARTESIAN_POINT ( 'NONE',  ( 12.99999999999999289, -58.00000000000000000, 5.000000000000000000 ) ) ;
#684 = DIRECTION ( 'NONE',  ( 0.000000000000000000, 1.967543734044216509E-16, 1.000000000000000000 ) ) ;
#685 = CARTESIAN_POINT ( 'NONE',  ( -19.50000000000000711, -22.50000000000000355, -26.00000000000004263 ) ) ;
#686 = ORIENTED_EDGE ( 'NONE', *, *, #119, .F. ) ;
#687 = CARTESIAN_POINT ( 'NONE',  ( -12.51331885431012481, -60.96964420194827738, 7.970390558346692522 ) ) ;
#688 = CARTESIAN_POINT ( 'NONE',  ( 11.17967529671807547, -34.39333072594521923, 5.722672042361526934 ) ) ;
#689 = ORIENTED_EDGE ( 'NONE', *, *, #247, .T. ) ;
#690 = CARTESIAN_POINT ( 'NONE',  ( 19.50000000000000711, -22.50000000000000355, 0.000000000000000000 ) ) ;
#691 = CARTESIAN_POINT ( 'NONE',  ( 19.50000000000000711, -25.50000000000000355, 0.000000000000000000 ) ) ;
#692 = EDGE_LOOP ( 'NONE', ( #163, #2335, #2504, #2015 ) ) ;
#693 = ORIENTED_EDGE ( 'NONE', *, *, #418, .T. ) ;
#694 = CARTESIAN_POINT ( 'NONE',  ( 15.99306160943462629, -58.23513688809629230, 7.996626427432688367 ) ) ;
#695 = ADVANCED_FACE ( 'NONE', ( #793 ), #826, .T. ) ;
#696 = CARTESIAN_POINT ( 'NONE',  ( 10.13621666906007235, -57.08549103047549522, 6.057093004800842451 ) ) ;
#697 = DIRECTION ( 'NONE',  ( 1.000000000000000000, -4.336808689942012189E-17, 1.349221823327174429E-16 ) ) ;
#698 = ADVANCED_FACE ( 'NONE', ( #618 ), #2307, .T. ) ;
#699 = VERTEX_POINT ( 'NONE', #1046 ) ;
#700 = EDGE_CURVE ( 'NONE', #231, #2519, #428, .T. ) ;
#701 = DIRECTION ( 'NONE',  ( -1.249000902703300861E-16, 1.000000000000000000, -1.003808469612657354E-16 ) ) ;
#702 = CARTESIAN_POINT ( 'NONE',  ( 14.40569278117634155, -34.67664522568123431, 7.309061292973283663 ) ) ;
#703 =( NAMED_UNIT ( * ) SI_UNIT ( $, .STERADIAN. ) SOLID_ANGLE_UNIT ( ) );
#704 = ORIENTED_EDGE ( 'NONE', *, *, #1871, .F. ) ;
#705 = CARTESIAN_POINT ( 'NONE',  ( -19.50000000000000355, -62.50000000000000000, 0.000000000000000000 ) ) ;
#706 = VERTEX_POINT ( 'NONE', #2110 ) ;
#707 = ORIENTED_EDGE ( 'NONE', *, *, #1763, .F. ) ;
#708 = DIRECTION ( 'NONE',  ( 0.000000000000000000, 0.000000000000000000, 1.000000000000000000 ) ) ;
#709 = AXIS2_PLACEMENT_3D ( 'NONE', #295, #1132, #1972 ) ;
#710 = CARTESIAN_POINT ( 'NONE',  ( -38.98528137423858908, -62.50000000000000000, -14.00000000000003730 ) ) ;
#711 = ORIENTED_EDGE ( 'NONE', *, *, #525, .F. ) ;
#712 = CIRCLE ( 'NONE', #2478, 2.999999999999999112 ) ;
#713 = AXIS2_PLACEMENT_3D ( 'NONE', #789, #1211, #1000 ) ;
#714 = ADVANCED_FACE ( 'NONE', ( #591 ), #6, .F. ) ;
#715 = AXIS2_PLACEMENT_3D ( 'NONE', #771, #1215, #552 ) ;
#716 = FACE_OUTER_BOUND ( 'NONE', #1684, .T. ) ;
#717 = CARTESIAN_POINT ( 'NONE',  ( 38.98528137423861750, -67.50000000000005684, -16.00000000000003908 ) ) ;
#718 = VERTEX_POINT ( 'NONE', #1658 ) ;
#719 = VECTOR ( 'NONE', #1486, 1000.000000000000000 ) ;
#720 = CARTESIAN_POINT ( 'NONE',  ( -14.60000000000000675, -58.00000000000000000, 5.000000000000000000 ) ) ;
#721 = FACE_BOUND ( 'NONE', #2554, .T. ) ;
#722 = VECTOR ( 'NONE', #2398, 1000.000000000000000 ) ;
#723 = VERTEX_POINT ( 'NONE', #373 ) ;
#724 = LINE ( 'NONE', #126, #1339 ) ;
#725 = FACE_BOUND ( 'NONE', #2053, .T. ) ;
#726 = ORIENTED_EDGE ( 'NONE', *, *, #2505, .T. ) ;
#727 = CARTESIAN_POINT ( 'NONE',  ( -12.51937055320064118, -29.02919471507462745, 7.970839631102753842 ) ) ;
#728 = CARTESIAN_POINT ( 'NONE',  ( 50.98528137423861750, -67.50000000000005684, -18.00000000000003908 ) ) ;
#729 = ORIENTED_EDGE ( 'NONE', *, *, #1826, .T. ) ;
#730 = EDGE_CURVE ( 'NONE', #356, #1331, #1041, .T. ) ;
#731 = LINE ( 'NONE', #499, #1890 ) ;
#732 = VERTEX_POINT ( 'NONE', #276 ) ;
#733 = ADVANCED_FACE ( 'NONE', ( #2610 ), #1280, .T. ) ;
#734 = ORIENTED_EDGE ( 'NONE', *, *, #2594, .F. ) ;
#735 = DIRECTION ( 'NONE',  ( 3.413144305457568632E-32, 1.000000000000000000, -1.967543734044216016E-16 ) ) ;
#736 = CYLINDRICAL_SURFACE ( 'NONE', #1293, 2.999999999999999112 ) ;
#737 = ORIENTED_EDGE ( 'NONE', *, *, #1254, .F. ) ;
#738 = CARTESIAN_POINT ( 'NONE',  ( -19.50000000000000711, -30.50000000000000355, 0.000000000000000000 ) ) ;
#739 = DIRECTION ( 'NONE',  ( 0.000000000000000000, 0.000000000000000000, 1.000000000000000000 ) ) ;
#740 = VERTEX_POINT ( 'NONE', #867 ) ;
#741 = ADVANCED_FACE ( 'NONE', ( #716 ), #21, .F. ) ;
#742 = CARTESIAN_POINT ( 'NONE',  ( 15.99999999999999289, -31.99999999999663558, 7.990755995505704590 ) ) ;
#743 = DIRECTION ( 'NONE',  ( -0.000000000000000000, -0.000000000000000000, -1.000000000000000000 ) ) ;
#744 = ORIENTED_EDGE ( 'NONE', *, *, #1796, .T. ) ;
#745 = ORIENTED_EDGE ( 'NONE', *, *, #612, .F. ) ;
#746 = CARTESIAN_POINT ( 'NONE',  ( -13.00000000000000711, -58.00000000000000000, 5.000000000000000000 ) ) ;
#747 = CARTESIAN_POINT ( 'NONE',  ( 10.17284604733588615, -30.97365681319291397, 7.110778222834854390 ) ) ;
#748 = CYLINDRICAL_SURFACE ( 'NONE', #497, 2.000000000000001776 ) ;
#749 = VERTEX_POINT ( 'NONE', #494 ) ;
#750 = CARTESIAN_POINT ( 'NONE',  ( -22.50000000000000355, -59.50000000000001421, -63.85498646149545721 ) ) ;
#751 = DIRECTION ( 'NONE',  ( 3.413144305457568632E-32, 1.000000000000000000, -1.967543734044216016E-16 ) ) ;
#752 = AXIS2_PLACEMENT_3D ( 'NONE', #18, #2094, #1866 ) ;
#753 = VERTEX_POINT ( 'NONE', #911 ) ;
#754 = AXIS2_PLACEMENT_3D ( 'NONE', #2673, #993, #1831 ) ;
#755 = CIRCLE ( 'NONE', #625, 2.999999999999999112 ) ;
#756 = DIRECTION ( 'NONE',  ( -0.000000000000000000, 0.000000000000000000, -1.000000000000000000 ) ) ;
#757 = CARTESIAN_POINT ( 'NONE',  ( 27.50000000000000711, -38.25735931288070901, -20.00000000000004619 ) ) ;
#758 = EDGE_LOOP ( 'NONE', ( #1146, #306, #2363, #1540 ) ) ;
#759 = VECTOR ( 'NONE', #2261, 1000.000000000000000 ) ;
#760 = CIRCLE ( 'NONE', #1904, 1.600000000000000755 ) ;
#761 = ORIENTED_EDGE ( 'NONE', *, *, #36, .F. ) ;
#762 = DIRECTION ( 'NONE',  ( 0.7071067811865486830, 0.7071067811865464625, -4.372196160242395736E-17 ) ) ;
#763 = CARTESIAN_POINT ( 'NONE',  ( -27.50000000000000000, -54.01471862576144645, -21.75735931288075875 ) ) ;
#764 = EDGE_CURVE ( 'NONE', #1919, #2682, #1915, .T. ) ;
#765 = CARTESIAN_POINT ( 'NONE',  ( -27.50000000000000711, -54.01471862576144645, 4.000000000000025757 ) ) ;
#766 = MANIFOLD_SOLID_BREP ( '\X2\955c5411\X0\1', #2340 ) ;
#767 = DIRECTION ( 'NONE',  ( 1.000000000000000000, 1.875376730785737226E-16, -0.000000000000000000 ) ) ;
#768 = CARTESIAN_POINT ( 'NONE',  ( 13.69762540848755350, -29.08224079310294741, 8.000000000000000000 ) ) ;
#769 = ORIENTED_EDGE ( 'NONE', *, *, #558, .T. ) ;
#770 = DIRECTION ( 'NONE',  ( 0.000000000000000000, 0.000000000000000000, 1.000000000000000000 ) ) ;
#771 = CARTESIAN_POINT ( 'NONE',  ( -38.98528137423858908, -67.50000000000005684, -16.00000000000003908 ) ) ;
#772 = EDGE_LOOP ( 'NONE', ( #236, #2226, #1305, #923 ) ) ;
#773 = B_SPLINE_CURVE_WITH_KNOTS ( 'NONE', 3,
 ( #824, #1639, #2484, #643, #589, #1264, #2529, #2734, #1013, #1473, #2707, #2108, #214, #1431, #1893, #2500, #2276, #1225 ),
 .UNSPECIFIED., .F., .F.,
 ( 4, 2, 2, 2, 2, 2, 2, 2, 4 ),
 ( 0.01145750503439545501, 0.01216411353112409680, 0.01287072202785273858, 0.01357733052458138211, 0.01428393902131002390, 0.01499054751803866568, 0.01569715601476730921, 0.01640376451149595100, 0.01711037300822459278 ),
 .UNSPECIFIED. ) ;
#774 = EDGE_LOOP ( 'NONE', ( #1176, #1465, #489, #1099 ) ) ;
#775 = CARTESIAN_POINT ( 'NONE',  ( 15.31698956788263466, -56.08347503413427404, 7.723746926294536408 ) ) ;
#776 = LINE ( 'NONE', #1412, #1117 ) ;
#777 = ADVANCED_FACE ( 'NONE', ( #64 ), #1928, .F. ) ;
#778 = CARTESIAN_POINT ( 'NONE',  ( 38.10660171779824879, -60.37867965644040424, -20.00000000000003908 ) ) ;
#779 = DIRECTION ( 'NONE',  ( 1.349221823327174429E-16, -1.967543734044216016E-16, -1.000000000000000000 ) ) ;
#780 = CARTESIAN_POINT ( 'NONE',  ( -10.27688061080767490, -33.27360058588683245, 5.895970723219078558 ) ) ;
#781 = EDGE_CURVE ( 'NONE', #2714, #955, #2153, .T. ) ;
#782 = ORIENTED_EDGE ( 'NONE', *, *, #1421, .F. ) ;
#783 = FACE_OUTER_BOUND ( 'NONE', #772, .T. ) ;
#784 = ORIENTED_EDGE ( 'NONE', *, *, #681, .T. ) ;
#785 = VERTEX_POINT ( 'NONE', #1722 ) ;
#786 = CARTESIAN_POINT ( 'NONE',  ( 9.999999999999991118, -58.00000000000000000, 5.000000000000000000 ) ) ;
#787 = CARTESIAN_POINT ( 'NONE',  ( 10.45934877707222022, -30.38950680967671758, 7.407091886834350269 ) ) ;
#788 = CARTESIAN_POINT ( 'NONE',  ( 39.26362404039937104, -65.77834266616081038, -7.359999686864140855 ) ) ;
#789 = CARTESIAN_POINT ( 'NONE',  ( 0.000000000000000000, -25.50000000000000355, 0.000000000000000000 ) ) ;
#790 = CARTESIAN_POINT ( 'NONE',  ( -27.50000000000001066, -54.01471862576144645, 4.000000000000027534 ) ) ;
#791 = ORIENTED_EDGE ( 'NONE', *, *, #1665, .T. ) ;
#792 = EDGE_CURVE ( 'NONE', #680, #1840, #94, .T. ) ;
#793 = FACE_OUTER_BOUND ( 'NONE', #2727, .T. ) ;
#794 = VECTOR ( 'NONE', #1444, 1000.000000000000000 ) ;
#795 = CYLINDRICAL_SURFACE ( 'NONE', #715, 2.000000000000001776 ) ;
#796 =( BOUNDED_CURVE ( )  B_SPLINE_CURVE ( 3, ( #808, #1655, #1626, #2513 ),
 .UNSPECIFIED., .F., .F. ) 
 B_SPLINE_CURVE_WITH_KNOTS ( ( 4, 4 ),
 ( 3.113807863336590437E-16, 1.570796326794896780 ),
 .UNSPECIFIED. ) 
 CURVE ( )  GEOMETRIC_REPRESENTATION_ITEM ( )  RATIONAL_B_SPLINE_CURVE ( ( 1.000000000000000000, 0.8047378541243649375, 0.8047378541243649375, 1.000000000000000000 ) ) 
 REPRESENTATION_ITEM ( '' )  );
#797 = ORIENTED_EDGE ( 'NONE', *, *, #376, .F. ) ;
#798 = AXIS2_PLACEMENT_3D ( 'NONE', #1948, #296, #55 ) ;
#799 = AXIS2_PLACEMENT_3D ( 'NONE', #1803, #343, #146 ) ;
#800 = ORIENTED_EDGE ( 'NONE', *, *, #2374, .T. ) ;
#801 = CARTESIAN_POINT ( 'NONE',  ( 55.98528137423861040, -62.50000000000004263, 25.51609221829271235 ) ) ;
#802 = VECTOR ( 'NONE', #2265, 1000.000000000000000 ) ;
#803 = CARTESIAN_POINT ( 'NONE',  ( 12.51627274781730748, -29.02987288287237178, 7.970583772429720604 ) ) ;
#804 = CIRCLE ( 'NONE', #1557, 1.600000000000000755 ) ;
#805 = CARTESIAN_POINT ( 'NONE',  ( 19.50000000000001066, -59.50000000000001421, -26.00000000000003553 ) ) ;
#806 = CYLINDRICAL_SURFACE ( 'NONE', #673, 1.600000000000000755 ) ;
#807 = VECTOR ( 'NONE', #2148, 999.9999999999998863 ) ;
#808 = CARTESIAN_POINT ( 'NONE',  ( 35.98528137423861040, -62.50000000000005684, -20.00000000000003908 ) ) ;
#809 = CARTESIAN_POINT ( 'NONE',  ( -16.00000000000000711, -32.00000000002040679, 7.990755995504984277 ) ) ;
#810 = ORIENTED_EDGE ( 'NONE', *, *, #242, .F. ) ;
#811 = CARTESIAN_POINT ( 'NONE',  ( -10.45713830717738269, -59.60698610330932468, 7.405394944562355697 ) ) ;
#812 = CARTESIAN_POINT ( 'NONE',  ( -13.00000000000000711, -32.00000000000000711, 10.10628645568517214 ) ) ;
#813 = ADVANCED_FACE ( 'NONE', ( #2389 ), #49, .F. ) ;
#814 = ORIENTED_EDGE ( 'NONE', *, *, #1998, .F. ) ;
#815 = VERTEX_POINT ( 'NONE', #131 ) ;
#816 = CARTESIAN_POINT ( 'NONE',  ( -10.00000000000000711, -58.00000000000000000, 5.000000000000000000 ) ) ;
#817 = EDGE_CURVE ( 'NONE', #2305, #1525, #319, .T. ) ;
#818 = CARTESIAN_POINT ( 'NONE',  ( 27.50000000000000355, -54.01471862576141802, 25.51609221829270879 ) ) ;
#819 = ADVANCED_FACE ( 'NONE', ( #2680 ), #975, .F. ) ;
#820 = CARTESIAN_POINT ( 'NONE',  ( -27.50000000000000711, -62.50000000000000000, 8.000000000000000000 ) ) ;
#821 = DIRECTION ( 'NONE',  ( 1.000000000000000000, 0.000000000000000000, 0.000000000000000000 ) ) ;
#822 = CYLINDRICAL_SURFACE ( 'NONE', #578, 1.600000000000000755 ) ;
#823 = CARTESIAN_POINT ( 'NONE',  ( -13.00000000000000711, -32.00000000000000711, 0.000000000000000000 ) ) ;
#824 = CARTESIAN_POINT ( 'NONE',  ( 13.69762540848755350, -60.91775920689706680, 8.000000000000000000 ) ) ;
#825 = ORIENTED_EDGE ( 'NONE', *, *, #2299, .F. ) ;
#826 = PLANE ( 'NONE',  #1375 ) ;
#827 = DIRECTION ( 'NONE',  ( -1.000000000000000000, 4.336808689942012189E-17, -1.349221823327174429E-16 ) ) ;
#828 = ORIENTED_EDGE ( 'NONE', *, *, #285, .F. ) ;
#829 = ORIENTED_EDGE ( 'NONE', *, *, #2579, .T. ) ;
#830 = ADVANCED_FACE ( 'NONE', ( #1561 ), #2022, .F. ) ;
#831 = DIRECTION ( 'NONE',  ( 1.875376730785737226E-16, 1.000000000000000000, -2.201794655477296769E-16 ) ) ;
#832 = CARTESIAN_POINT ( 'NONE',  ( 14.59999999999999254, -58.00000000000000000, 0.000000000000000000 ) ) ;
#833 = DIRECTION ( 'NONE',  ( 1.000000000000000000, 0.000000000000000000, 0.000000000000000000 ) ) ;
#834 = DIRECTION ( 'NONE',  ( 0.000000000000000000, 0.000000000000000000, 1.000000000000000000 ) ) ;
#835 = FACE_OUTER_BOUND ( 'NONE', #926, .T. ) ;
#836 = EDGE_LOOP ( 'NONE', ( #1581, #2065 ) ) ;
#837 = LINE ( 'NONE', #1447, #225 ) ;
#838 = CARTESIAN_POINT ( 'NONE',  ( 55.98528137423860329, -59.50000000000004974, -20.00000000000004263 ) ) ;
#839 = VECTOR ( 'NONE', #756, 1000.000000000000000 ) ;
#840 = ORIENTED_EDGE ( 'NONE', *, *, #525, .T. ) ;
#841 = VERTEX_POINT ( 'NONE', #2194 ) ;
#842 = CARTESIAN_POINT ( 'NONE',  ( 38.98528137423861750, -67.50000000000005684, -16.00000000000003908 ) ) ;
#843 = AXIS2_PLACEMENT_3D ( 'NONE', #2690, #2051, #157 ) ;
#844 = DIRECTION ( 'NONE',  ( -0.000000000000000000, -0.000000000000000000, -1.000000000000000000 ) ) ;
#845 = ADVANCED_FACE ( 'NONE', ( #2457, #506 ), #2238, .T. ) ;
#846 = VECTOR ( 'NONE', #931, 1000.000000000000000 ) ;
#847 = AXIS2_PLACEMENT_3D ( 'NONE', #2367, #1495, #1734 ) ;
#848 = CARTESIAN_POINT ( 'NONE',  ( -10.58633796422565432, -56.20661857964983454, 5.728172940424887116 ) ) ;
#849 = CARTESIAN_POINT ( 'NONE',  ( -37.24264068711929099, -48.00000000000000711, -16.00000000000004974 ) ) ;
#850 = DIRECTION ( 'NONE',  ( 0.7071067811865475727, -0.7071067811865475727, 0.000000000000000000 ) ) ;
#851 = ORIENTED_EDGE ( 'NONE', *, *, #1792, .T. ) ;
#852 = ADVANCED_FACE ( 'NONE', ( #303 ), #1615, .T. ) ;
#853 = CARTESIAN_POINT ( 'NONE',  ( -87.19707759714370354, -68.50000000000005684, -26.00000000000004974 ) ) ;
#854 = CARTESIAN_POINT ( 'NONE',  ( 35.98528137423860329, -62.50000000000004263, 25.51609221829270879 ) ) ;
#855 = EDGE_LOOP ( 'NONE', ( #1021, #2188, #1124, #1410 ) ) ;
#856 = DIRECTION ( 'NONE',  ( 1.349221823327174429E-16, -1.967543734044216016E-16, -1.000000000000000000 ) ) ;
#857 = FACE_BOUND ( 'NONE', #1808, .T. ) ;
#858 = VERTEX_POINT ( 'NONE', #529 ) ;
#859 = DIRECTION ( 'NONE',  ( -1.349221823327174429E-16, 1.967543734044216016E-16, 1.000000000000000000 ) ) ;
#860 = LINE ( 'NONE', #256, #1820 ) ;
#861 = ADVANCED_FACE ( 'NONE', ( #2669 ), #1379, .T. ) ;
#862 = CARTESIAN_POINT ( 'NONE',  ( 11.18223745238612743, -55.60474141175959772, 5.723198202122103950 ) ) ;
#863 = CARTESIAN_POINT ( 'NONE',  ( -11.60818676624389489, -62.50000000000000000, 8.000000000000000000 ) ) ;
#864 = CARTESIAN_POINT ( 'NONE',  ( -16.00000000000000711, -57.99999999999999289, 7.990755995505600673 ) ) ;
#865 = ORIENTED_EDGE ( 'NONE', *, *, #2354, .F. ) ;
#866 = EDGE_CURVE ( 'NONE', #1409, #2152, #1687, .T. ) ;
#867 = CARTESIAN_POINT ( 'NONE',  ( 19.50000000000001066, -59.50000000000000711, 0.000000000000000000 ) ) ;
#868 = CARTESIAN_POINT ( 'NONE',  ( 12.60417499751037695, -34.97956711749317549, 6.326672607595870801 ) ) ;
#869 = DIRECTION ( 'NONE',  ( -1.249000902703300861E-16, 1.000000000000000000, -1.003808469612657354E-16 ) ) ;
#870 = ORIENTED_EDGE ( 'NONE', *, *, #2354, .T. ) ;
#871 = DIRECTION ( 'NONE',  ( 1.349221823327174429E-16, -1.967543734044216262E-16, -1.000000000000000000 ) ) ;
#872 = CYLINDRICAL_SURFACE ( 'NONE', #2393, 2.999999999999999112 ) ;
#873 = VERTEX_POINT ( 'NONE', #331 ) ;
#874 = CARTESIAN_POINT ( 'NONE',  ( 15.94521832341020584, -31.41722002151647075, 8.000000000000101252 ) ) ;
#875 = B_SPLINE_CURVE_WITH_KNOTS ( 'NONE', 3,
 ( #2450, #358, #519, #968, #2026, #1589 ),
 .UNSPECIFIED., .F., .F.,
 ( 4, 2, 4 ),
 ( 0.01732326078663764743, 0.01767389569542448385, 0.01802453060421131681 ),
 .UNSPECIFIED. ) ;
#876 = DIRECTION ( 'NONE',  ( 1.349221823327174429E-16, -1.967543734044216016E-16, -1.000000000000000000 ) ) ;
#877 = DIRECTION ( 'NONE',  ( 1.734723475976807094E-15, 1.000000000000000000, 0.000000000000000000 ) ) ;
#878 = ORIENTED_EDGE ( 'NONE', *, *, #1123, .T. ) ;
#879 = DIRECTION ( 'NONE',  ( -0.7071067811865465735, 0.7071067811865484609, -0.000000000000000000 ) ) ;
#880 = CARTESIAN_POINT ( 'NONE',  ( -13.00000000000000711, -58.00000000000000000, 5.000000000000000000 ) ) ;
#881 = ORIENTED_EDGE ( 'NONE', *, *, #1614, .F. ) ;
#882 = ADVANCED_FACE ( 'NONE', ( #2637 ), #1979, .T. ) ;
#883 = VERTEX_POINT ( 'NONE', #88 ) ;
#884 = DIRECTION ( 'NONE',  ( -0.000000000000000000, -0.000000000000000000, -1.000000000000000000 ) ) ;
#885 = ADVANCED_FACE ( 'NONE', ( #1198 ), #2039, .F. ) ;
#886 = EDGE_LOOP ( 'NONE', ( #595, #360, #644, #1474 ) ) ;
#887 = VECTOR ( 'NONE', #2566, 1000.000000000000000 ) ;
#888 = DIRECTION ( 'NONE',  ( 0.000000000000000000, 0.000000000000000000, 1.000000000000000000 ) ) ;
#889 = AXIS2_PLACEMENT_3D ( 'NONE', #854, #1244, #1060 ) ;
#890 = AXIS2_PLACEMENT_3D ( 'NONE', #897, #1741, #701 ) ;
#891 = CARTESIAN_POINT ( 'NONE',  ( 11.39999999999999147, -32.00000000000000711, 10.10628645568517214 ) ) ;
#892 = FACE_OUTER_BOUND ( 'NONE', #2698, .T. ) ;
#893 = DIRECTION ( 'NONE',  ( 1.000000000000000000, 9.376883653928686131E-17, 0.000000000000000000 ) ) ;
#894 = VECTOR ( 'NONE', #821, 1000.000000000000000 ) ;
#895 = ORIENTED_EDGE ( 'NONE', *, *, #1344, .T. ) ;
#896 = VECTOR ( 'NONE', #735, 1000.000000000000000 ) ;
#897 = CARTESIAN_POINT ( 'NONE',  ( -87.19707759714370354, -68.50000000000005684, -6.000000000000050626 ) ) ;
#898 = CARTESIAN_POINT ( 'NONE',  ( 51.74264068711926967, -62.50000000000005684, -20.00000000000004263 ) ) ;
#899 = ORIENTED_EDGE ( 'NONE', *, *, #1032, .F. ) ;
#900 = AXIS2_PLACEMENT_3D ( 'NONE', #2032, #1346, #300 ) ;
#901 = EDGE_CURVE ( 'NONE', #718, #122, #2009, .T. ) ;
#902 = ORIENTED_EDGE ( 'NONE', *, *, #2405, .F. ) ;
#903 = CARTESIAN_POINT ( 'NONE',  ( -13.00000000000000711, -58.00000000000000000, 8.000000000000000000 ) ) ;
#904 = EDGE_CURVE ( 'NONE', #2178, #2100, #949, .T. ) ;
#905 = ORIENTED_EDGE ( 'NONE', *, *, #2077, .T. ) ;
#906 = EDGE_CURVE ( 'NONE', #2519, #2714, #796, .T. ) ;
#907 = CARTESIAN_POINT ( 'NONE',  ( -19.50000000000000711, -39.00000000000000711, -23.00000000000004974 ) ) ;
#908 = FACE_OUTER_BOUND ( 'NONE', #2196, .T. ) ;
#909 = LINE ( 'NONE', #1544, #1025 ) ;
#910 = ORIENTED_EDGE ( 'NONE', *, *, #613, .F. ) ;
#911 = CARTESIAN_POINT ( 'NONE',  ( 27.50000000000001066, -54.01471862576142513, -20.00000000000003908 ) ) ;
#912 = CARTESIAN_POINT ( 'NONE',  ( 15.31846899041391552, -33.91470314701418687, 7.724351979461494544 ) ) ;
#913 = ORIENTED_EDGE ( 'NONE', *, *, #1491, .F. ) ;
#914 = ORIENTED_EDGE ( 'NONE', *, *, #1966, .T. ) ;
#915 = DIRECTION ( 'NONE',  ( -1.000000000000000000, -0.000000000000000000, -0.000000000000000000 ) ) ;
#916 = ORIENTED_EDGE ( 'NONE', *, *, #299, .F. ) ;
#917 = FACE_OUTER_BOUND ( 'NONE', #2452, .T. ) ;
#918 = EDGE_CURVE ( 'NONE', #2207, #1844, #2035, .T. ) ;
#919 = CARTESIAN_POINT ( 'NONE',  ( 19.50000000000000711, -25.50000000000000355, -63.85498646149545721 ) ) ;
#920 = ORIENTED_EDGE ( 'NONE', *, *, #2012, .F. ) ;
#921 = CARTESIAN_POINT ( 'NONE',  ( -11.22333519314922867, -60.42813814496372515, 7.769236842831206857 ) ) ;
#922 = CARTESIAN_POINT ( 'NONE',  ( 15.18209200763485534, -34.06831532334098256, 7.667510093126193027 ) ) ;
#923 = ORIENTED_EDGE ( 'NONE', *, *, #1629, .F. ) ;
#924 = CARTESIAN_POINT ( 'NONE',  ( 27.50000000000000711, -38.25735931288071612, -26.00000000000003908 ) ) ;
#925 = FACE_OUTER_BOUND ( 'NONE', #547, .T. ) ;
#926 = EDGE_LOOP ( 'NONE', ( #2582, #289, #2603, #726 ) ) ;
#927 = DIRECTION ( 'NONE',  ( -1.000000000000000000, 7.745271583493977455E-32, 2.201794655477302193E-16 ) ) ;
#928 = VECTOR ( 'NONE', #399, 1000.000000000000000 ) ;
#929 = ADVANCED_FACE ( 'NONE', ( #1891 ), #822, .F. ) ;
#930 = CARTESIAN_POINT ( 'NONE',  ( 0.9306643375631289405, -62.49999999999999289, 7.192797070299943307 ) ) ;
#931 = DIRECTION ( 'NONE',  ( 9.376883653928686131E-17, -1.000000000000000000, 0.000000000000000000 ) ) ;
#932 = ORIENTED_EDGE ( 'NONE', *, *, #1729, .F. ) ;
#933 = AXIS2_PLACEMENT_3D ( 'NONE', #460, #915, #1961 ) ;
#934 = AXIS2_PLACEMENT_3D ( 'NONE', #2570, #324, #2542 ) ;
#935 = EDGE_CURVE ( 'NONE', #1317, #8, #2264, .T. ) ;
#936 = AXIS2_PLACEMENT_3D ( 'NONE', #717, #2142, #304 ) ;
#937 = CARTESIAN_POINT ( 'NONE',  ( -55.98528137423858908, -62.50000000000000000, -26.00000000000004619 ) ) ;
#938 = CARTESIAN_POINT ( 'NONE',  ( -11.52225842753783702, -34.61890820348725839, 5.817182539716743150 ) ) ;
#939 = EDGE_CURVE ( 'NONE', #122, #2735, #600, .T. ) ;
#940 = EDGE_LOOP ( 'NONE', ( #2629, #784, #1780, #1921, #457, #1712 ) ) ;
#941 = VECTOR ( 'NONE', #991, 1000.000000000000000 ) ;
#942 = CARTESIAN_POINT ( 'NONE',  ( 37.85530313790588508, -67.50000000000005684, -6.000000000000035527 ) ) ;
#943 = CARTESIAN_POINT ( 'NONE',  ( -50.98528137423859619, -62.50000000000000000, -14.00000000000003730 ) ) ;
#944 = VECTOR ( 'NONE', #2555, 1000.000000000000000 ) ;
#945 = ORIENTED_EDGE ( 'NONE', *, *, #2489, .T. ) ;
#946 =( GEOMETRIC_REPRESENTATION_CONTEXT ( 3 ) GLOBAL_UNCERTAINTY_ASSIGNED_CONTEXT ( ( #1752 ) ) GLOBAL_UNIT_ASSIGNED_CONTEXT ( ( #235, #1103, #703 ) ) REPRESENTATION_CONTEXT ( 'NONE', 'WORKASPACE' ) );
#947 = EDGE_LOOP ( 'NONE', ( #1283, #2401, #218, #2024, #2649 ) ) ;
#948 = LINE ( 'NONE', #325, #2267 ) ;
#949 = B_SPLINE_CURVE_WITH_KNOTS ( 'NONE', 3,
 ( #1778, #1603, #2627, #953, #727, #1789, #965, #2446, #1573, #2415, #515, #1363, #2208, #315, #2732, #614, #2706, #1456 ),
 .UNSPECIFIED., .F., .F.,
 ( 4, 2, 2, 2, 2, 2, 2, 2, 4 ),
 ( 0.001644927662862457219, 0.002353250002483327653, 0.003061572342104198086, 0.003769894681725068520, 0.004478217021345938520, 0.005186539360966809821, 0.005894861700587679387, 0.006603184040208549821, 0.007311506379829411581 ),
 .UNSPECIFIED. ) ;
#950 = DIRECTION ( 'NONE',  ( 1.000000000000000000, 0.000000000000000000, 0.000000000000000000 ) ) ;
#951 = ORIENTED_EDGE ( 'NONE', *, *, #1597, .F. ) ;
#952 = EDGE_CURVE ( 'NONE', #1093, #995, #1200, .T. ) ;
#953 = CARTESIAN_POINT ( 'NONE',  ( -12.75491945078811540, -29.00070529036744205, 7.983190662534975779 ) ) ;
#954 = CYLINDRICAL_SURFACE ( 'NONE', #98, 1.600000000000000755 ) ;
#955 = VERTEX_POINT ( 'NONE', #394 ) ;
#956 = PLANE ( 'NONE',  #2522 ) ;
#957 = CARTESIAN_POINT ( 'NONE',  ( -19.50000000000000355, -59.50000000000001421, -63.85498646149545721 ) ) ;
#958 = ORIENTED_EDGE ( 'NONE', *, *, #906, .F. ) ;
#959 = ADVANCED_FACE ( 'NONE', ( #2289 ), #1237, .T. ) ;
#960 = EDGE_LOOP ( 'NONE', ( #1217, #177, #1784, #1962 ) ) ;
#961 = PLANE ( 'NONE',  #86 ) ;
#962 = CARTESIAN_POINT ( 'NONE',  ( 15.91775920689705082, -58.69762540848756771, 8.000000000000000000 ) ) ;
#963 = FACE_OUTER_BOUND ( 'NONE', #855, .T. ) ;
#964 = EDGE_LOOP ( 'NONE', ( #1108, #797, #206, #913, #1153, #2373 ) ) ;
#965 = CARTESIAN_POINT ( 'NONE',  ( -11.83732302879439047, -29.22461351129495455, 7.900209933170499355 ) ) ;
#966 = DIRECTION ( 'NONE',  ( 0.000000000000000000, -1.000000000000000000, 1.003808469612657108E-16 ) ) ;
#967 = ORIENTED_EDGE ( 'NONE', *, *, #817, .F. ) ;
#968 = CARTESIAN_POINT ( 'NONE',  ( -15.96570849231603439, -31.53279516897546841, 7.999456034678186001 ) ) ;
#969 = EDGE_CURVE ( 'NONE', #2003, #308, #2260, .T. ) ;
#970 = ORIENTED_EDGE ( 'NONE', *, *, #1036, .T. ) ;
#971 = VERTEX_POINT ( 'NONE', #2078 ) ;
#972 = DIRECTION ( 'NONE',  ( 1.000000000000000000, 0.000000000000000000, 0.000000000000000000 ) ) ;
#973 = CARTESIAN_POINT ( 'NONE',  ( -14.60000000000000675, -32.00000000000000711, 0.000000000000000000 ) ) ;
#974 = AXIS2_PLACEMENT_3D ( 'NONE', #2528, #425, #187 ) ;
#975 = CYLINDRICAL_SURFACE ( 'NONE', #448, 2.999999999999999112 ) ;
#976 = DIRECTION ( 'NONE',  ( 0.000000000000000000, 0.000000000000000000, 1.000000000000000000 ) ) ;
#977 = PRESENTATION_LAYER_ASSIGNMENT (  '', '', ( #277 ) ) ;
#978 = ORIENTED_EDGE ( 'NONE', *, *, #1275, .T. ) ;
#979 = AXIS2_PLACEMENT_3D ( 'NONE', #2087, #2518, #2549 ) ;
#980 = CARTESIAN_POINT ( 'NONE',  ( 12.99999999999999289, -58.00000000000000000, 5.000000000000000000 ) ) ;
#981 = DIRECTION ( 'NONE',  ( -1.000000000000000000, -8.786684129385966815E-17, -1.349221823327174182E-16 ) ) ;
#982 = ORIENTED_EDGE ( 'NONE', *, *, #154, .T. ) ;
#983 = AXIS2_PLACEMENT_3D ( 'NONE', #169, #1656, #2571 ) ;
#984 = EDGE_CURVE ( 'NONE', #1762, #122, #186, .T. ) ;
#985 = ORIENTED_EDGE ( 'NONE', *, *, #2137, .T. ) ;
#986 = CARTESIAN_POINT ( 'NONE',  ( -12.99999999999999822, -45.00000000000000711, 0.000000000000000000 ) ) ;
#987 = DIRECTION ( 'NONE',  ( 1.000000000000000000, 8.786684129385964350E-17, 0.000000000000000000 ) ) ;
#988 = ADVANCED_FACE ( 'NONE', ( #1681 ), #1028, .T. ) ;
#989 = CARTESIAN_POINT ( 'NONE',  ( 55.98528137423861040, -62.50000000000004263, 25.51609221829271235 ) ) ;
#990 = DIRECTION ( 'NONE',  ( 0.000000000000000000, 0.000000000000000000, -1.000000000000000000 ) ) ;
#991 = DIRECTION ( 'NONE',  ( 1.349221823327174429E-16, -1.967543734044216016E-16, -1.000000000000000000 ) ) ;
#992 = ORIENTED_EDGE ( 'NONE', *, *, #594, .T. ) ;
#993 = DIRECTION ( 'NONE',  ( 0.000000000000000000, 0.000000000000000000, 1.000000000000000000 ) ) ;
#994 = ORIENTED_EDGE ( 'NONE', *, *, #2741, .F. ) ;
#995 = VERTEX_POINT ( 'NONE', #1865 ) ;
#996 = CARTESIAN_POINT ( 'NONE',  ( 12.79233435722609080, -55.00164354326393834, 6.430530598673330545 ) ) ;
#997 = FACE_OUTER_BOUND ( 'NONE', #1830, .T. ) ;
#998 = CARTESIAN_POINT ( 'NONE',  ( 55.98528137423861750, -62.50000000000005684, -26.00000000000003197 ) ) ;
#999 = EDGE_CURVE ( 'NONE', #1005, #356, #648, .T. ) ;
#1000 = DIRECTION ( 'NONE',  ( 0.000000000000000000, 0.000000000000000000, 1.000000000000000000 ) ) ;
#1001 = CARTESIAN_POINT ( 'NONE',  ( -38.10660171779822747, -60.37867965644035451, -20.00000000000004619 ) ) ;
#1002 = ORIENTED_EDGE ( 'NONE', *, *, #2546, .F. ) ;
#1003 = CARTESIAN_POINT ( 'NONE',  ( -10.00000000000000000, -58.20838108945852696, 6.662118504735208724 ) ) ;
#1004 = DIRECTION ( 'NONE',  ( 1.000000000000000000, 0.000000000000000000, 0.000000000000000000 ) ) ;
#1005 = VERTEX_POINT ( 'NONE', #1371 ) ;
#1006 = ORIENTED_EDGE ( 'NONE', *, *, #866, .T. ) ;
#1007 = DIRECTION ( 'NONE',  ( 0.7071067811865464625, -0.7071067811865486830, 0.000000000000000000 ) ) ;
#1008 = DIRECTION ( 'NONE',  ( 1.000000000000000000, 0.000000000000000000, 0.000000000000000000 ) ) ;
#1009 = CARTESIAN_POINT ( 'NONE',  ( 12.99999999999999289, -58.00000000000000000, 5.000000000000000000 ) ) ;
#1010 = CARTESIAN_POINT ( 'NONE',  ( -55.98528137423859619, -67.50000000000004263, 25.51609221829269813 ) ) ;
#1011 = EDGE_CURVE ( 'NONE', #1396, #1840, #1113, .T. ) ;
#1012 = CARTESIAN_POINT ( 'NONE',  ( -13.00000000000000711, -58.00000000000000000, 5.000000000000000000 ) ) ;
#1013 = CARTESIAN_POINT ( 'NONE',  ( 11.22826982488884440, -60.43192761346725916, 7.770765851847085237 ) ) ;
#1014 = ORIENTED_EDGE ( 'NONE', *, *, #1876, .T. ) ;
#1015 = CARTESIAN_POINT ( 'NONE',  ( 15.99999999999999289, -57.99999999998321698, 7.990755995505091747 ) ) ;
#1016 = CIRCLE ( 'NONE', #2612, 3.000000000000002665 ) ;
#1017 = EDGE_CURVE ( 'NONE', #201, #1572, #2125, .T. ) ;
#1018 = CARTESIAN_POINT ( 'NONE',  ( -50.49999999999999289, -61.25735931288072322, -23.00000000000004974 ) ) ;
#1019 = ORIENTED_EDGE ( 'NONE', *, *, #2008, .T. ) ;
#1020 = VECTOR ( 'NONE', #876, 1000.000000000000000 ) ;
#1021 = ORIENTED_EDGE ( 'NONE', *, *, #2284, .F. ) ;
#1022 = LINE ( 'NONE', #816, #361 ) ;
#1023 = VECTOR ( 'NONE', #2447, 1000.000000000000000 ) ;
#1024 = CARTESIAN_POINT ( 'NONE',  ( 13.46600074137171354, -29.02686019396693951, 8.000000000000255795 ) ) ;
#1025 = VECTOR ( 'NONE', #488, 1000.000000000000000 ) ;
#1026 = CARTESIAN_POINT ( 'NONE',  ( -19.50000000000000355, -62.50000000000000000, -63.85498646149545721 ) ) ;
#1027 = CIRCLE ( 'NONE', #145, 12.99999999999999822 ) ;
#1028 = PLANE ( 'NONE',  #713 ) ;
#1029 = CARTESIAN_POINT ( 'NONE',  ( -9.674734408263660157, -62.50000000000001421, 8.000000000000000000 ) ) ;
#1030 = CARTESIAN_POINT ( 'NONE',  ( -27.50000000000000711, -62.50000000000000000, 8.000000000000000000 ) ) ;
#1031 = ORIENTED_EDGE ( 'NONE', *, *, #2224, .F. ) ;
#1032 = EDGE_CURVE ( 'NONE', #785, #414, #2556, .T. ) ;
#1033 = DIRECTION ( 'NONE',  ( 1.000000000000000000, 0.000000000000000000, 0.000000000000000000 ) ) ;
#1034 = CARTESIAN_POINT ( 'NONE',  ( -27.50000000000000711, -25.50000000000000355, 0.000000000000000000 ) ) ;
#1035 = VERTEX_POINT ( 'NONE', #1309 ) ;
#1036 = EDGE_CURVE ( 'NONE', #308, #1926, #1496, .T. ) ;
#1037 = VERTEX_POINT ( 'NONE', #1718 ) ;
#1038 = CARTESIAN_POINT ( 'NONE',  ( -27.50000000000000711, -45.00000000000000711, -19.00000000000004974 ) ) ;
#1039 = ADVANCED_FACE ( 'NONE', ( #908 ), #2217, .F. ) ;
#1040 = FACE_OUTER_BOUND ( 'NONE', #2199, .T. ) ;
#1041 = B_SPLINE_CURVE_WITH_KNOTS ( 'NONE', 3,
 ( #160, #1003, #1841, #2278, #385, #171, #811, #604, #1118, #921, #290, #1520, #2166, #687, #2124, #261, #1323, #1500 ),
 .UNSPECIFIED., .F., .F.,
 ( 4, 2, 2, 2, 2, 2, 2, 2, 4 ),
 ( 0.005480533948255155927, 0.006189429602878266171, 0.006898325257501376415, 0.007607220912124485791, 0.008316116566747595168, 0.009025012221370705412, 0.009733907875993815656, 0.01044280353061692590, 0.01115169918524003614 ),
 .UNSPECIFIED. ) ;
#1042 = CARTESIAN_POINT ( 'NONE',  ( 12.99999999999999289, -32.00000000000000711, 10.10628645568517214 ) ) ;
#1043 = CARTESIAN_POINT ( 'NONE',  ( 9.999999999999991118, -32.00000000000000711, 5.000000000000000000 ) ) ;
#1044 = CARTESIAN_POINT ( 'NONE',  ( -15.55398477550120262, -33.58698118258995180, 7.818064115341329945 ) ) ;
#1045 = ORIENTED_EDGE ( 'NONE', *, *, #2064, .F. ) ;
#1046 = CARTESIAN_POINT ( 'NONE',  ( -11.40000000000000568, -32.00000000000000711, 0.000000000000000000 ) ) ;
#1047 = DIRECTION ( 'NONE',  ( -0.000000000000000000, -0.000000000000000000, -1.000000000000000000 ) ) ;
#1048 = ORIENTED_EDGE ( 'NONE', *, *, #2694, .T. ) ;
#1049 = ADVANCED_FACE ( 'NONE', ( #1089 ), #1924, .F. ) ;
#1050 = ORIENTED_EDGE ( 'NONE', *, *, #1677, .F. ) ;
#1051 = DIRECTION ( 'NONE',  ( -1.000000000000000000, 0.000000000000000000, -0.000000000000000000 ) ) ;
#1052 = CARTESIAN_POINT ( 'NONE',  ( -19.50000000000000711, -30.50000000000000355, -26.00000000000004974 ) ) ;
#1053 = LINE ( 'NONE', #788, #2399 ) ;
#1054 = CARTESIAN_POINT ( 'NONE',  ( -16.00000000000000711, -32.00000000000000711, 5.000000000000000000 ) ) ;
#1055 = CARTESIAN_POINT ( 'NONE',  ( 12.99999999999999289, -32.00000000000000711, 8.000000000000000000 ) ) ;
#1056 = LINE ( 'NONE', #1030, #719 ) ;
#1057 = ORIENTED_EDGE ( 'NONE', *, *, #613, .T. ) ;
#1058 = CIRCLE ( 'NONE', #1937, 2.000000000000001776 ) ;
#1059 = LINE ( 'NONE', #2098, #928 ) ;
#1060 = DIRECTION ( 'NONE',  ( 0.7071067811865465735, -0.7071067811865484609, 0.000000000000000000 ) ) ;
#1061 = ORIENTED_EDGE ( 'NONE', *, *, #1875, .T. ) ;
#1062 = VECTOR ( 'NONE', #1461, 1000.000000000000000 ) ;
#1063 = ORIENTED_EDGE ( 'NONE', *, *, #1931, .F. ) ;
#1064 = DIRECTION ( 'NONE',  ( -0.7071067811865472397, -0.7071067811865479058, 0.000000000000000000 ) ) ;
#1065 = VECTOR ( 'NONE', #1443, 1000.000000000000000 ) ;
#1066 = ADVANCED_FACE ( 'NONE', ( #1097, #1935, #42 ), #1954, .T. ) ;
#1067 = AXIS2_PLACEMENT_3D ( 'NONE', #1673, #2279, #2308 ) ;
#1068 = CIRCLE ( 'NONE', #1685, 1.600000000000000755 ) ;
#1069 = ORIENTED_EDGE ( 'NONE', *, *, #1220, .F. ) ;
#1070 = DIRECTION ( 'NONE',  ( 0.000000000000000000, 1.000000000000000000, 0.000000000000000000 ) ) ;
#1071 = CARTESIAN_POINT ( 'NONE',  ( 32.50000000000004974, -67.50000000000005684, -6.000000000000036415 ) ) ;
#1072 = CIRCLE ( 'NONE', #1903, 3.000000000000002665 ) ;
#1073 = EDGE_CURVE ( 'NONE', #672, #1120, #1378, .T. ) ;
#1074 = CIRCLE ( 'NONE', #543, 3.000000000000002665 ) ;
#1075 = CARTESIAN_POINT ( 'NONE',  ( 11.02152806793599460, -55.73488406029049713, 5.697391963236086099 ) ) ;
#1076 = CARTESIAN_POINT ( 'NONE',  ( 19.50000000000000711, -25.49999999999999645, -26.00000000000004263 ) ) ;
#1077 = CARTESIAN_POINT ( 'NONE',  ( -16.00000000000001066, -58.11837025989230199, 7.994347431998824582 ) ) ;
#1078 = EDGE_LOOP ( 'NONE', ( #1968, #1400 ) ) ;
#1079 = EDGE_CURVE ( 'NONE', #329, #606, #2097, .T. ) ;
#1080 = PRESENTATION_STYLE_ASSIGNMENT (( #1535 ) ) ;
#1081 = FACE_OUTER_BOUND ( 'NONE', #1253, .T. ) ;
#1082 = CARTESIAN_POINT ( 'NONE',  ( 37.22792206135789428, -59.50000000000004974, -23.00000000000003908 ) ) ;
#1083 = ORIENTED_EDGE ( 'NONE', *, *, #2630, .T. ) ;
#1084 = CARTESIAN_POINT ( 'NONE',  ( 15.99999999999999289, -32.00000000000000711, 5.000000000000000000 ) ) ;
#1085 = DIRECTION ( 'NONE',  ( -0.000000000000000000, 0.000000000000000000, -1.000000000000000000 ) ) ;
#1086 = VERTEX_POINT ( 'NONE', #786 ) ;
#1087 = DIRECTION ( 'NONE',  ( -1.000000000000000000, -1.875376730785737226E-16, 0.000000000000000000 ) ) ;
#1088 = EDGE_CURVE ( 'NONE', #2592, #1321, #1731, .T. ) ;
#1089 = FACE_OUTER_BOUND ( 'NONE', #1843, .T. ) ;
#1090 = FACE_OUTER_BOUND ( 'NONE', #463, .T. ) ;
#1091 = ORIENTED_EDGE ( 'NONE', *, *, #1542, .T. ) ;
#1092 = CARTESIAN_POINT ( 'NONE',  ( 10.01684759616984799, -32.36795157390440636, 6.341851018159594844 ) ) ;
#1093 = VERTEX_POINT ( 'NONE', #2645 ) ;
#1094 = DIRECTION ( 'NONE',  ( -3.413144305457568632E-32, -1.000000000000000000, 1.967543734044216016E-16 ) ) ;
#1095 = VERTEX_POINT ( 'NONE', #1799 ) ;
#1096 = DIRECTION ( 'NONE',  ( 0.000000000000000000, 0.000000000000000000, -1.000000000000000000 ) ) ;
#1097 = FACE_BOUND ( 'NONE', #2069, .T. ) ;
#1098 = CARTESIAN_POINT ( 'NONE',  ( -1.349221823327174626E-15, -45.00000000000000711, -19.00000000000004974 ) ) ;
#1099 = ORIENTED_EDGE ( 'NONE', *, *, #2270, .T. ) ;
#1100 = ADVANCED_FACE ( 'NONE', ( #1622, #2476, #581 ), #364, .T. ) ;
#1101 = DIRECTION ( 'NONE',  ( -0.000000000000000000, -0.000000000000000000, 1.000000000000000000 ) ) ;
#1102 = CARTESIAN_POINT ( 'NONE',  ( -55.98528137423858908, -62.50000000000000000, -6.000000000000043521 ) ) ;
#1103 =( NAMED_UNIT ( * ) PLANE_ANGLE_UNIT ( ) SI_UNIT ( $, .RADIAN. ) );
#1104 = ORIENTED_EDGE ( 'NONE', *, *, #2509, .F. ) ;
#1105 = ADVANCED_FACE ( 'NONE', ( #1425 ), #351, .F. ) ;
#1106 = LINE ( 'NONE', #54, #1194 ) ;
#1107 = CARTESIAN_POINT ( 'NONE',  ( -19.50000000000000711, -48.00000000000000711, -23.00000000000004974 ) ) ;
#1108 = ORIENTED_EDGE ( 'NONE', *, *, #299, .T. ) ;
#1109 = VECTOR ( 'NONE', #43, 1000.000000000000000 ) ;
#1110 = CARTESIAN_POINT ( 'NONE',  ( 15.99999999999999289, -57.99999999998321698, 7.990755995505091747 ) ) ;
#1111 = VECTOR ( 'NONE', #2111, 1000.000000000000000 ) ;
#1112 = VECTOR ( 'NONE', #779, 1000.000000000000000 ) ;
#1113 = LINE ( 'NONE', #891, #1418 ) ;
#1114 = DIRECTION ( 'NONE',  ( 1.000000000000000000, 0.000000000000000000, 0.000000000000000000 ) ) ;
#1115 = VECTOR ( 'NONE', #1458, 1000.000000000000000 ) ;
#1116 = ORIENTED_EDGE ( 'NONE', *, *, #521, .F. ) ;
#1117 = VECTOR ( 'NONE', #2258, 999.9999999999998863 ) ;
#1118 = CARTESIAN_POINT ( 'NONE',  ( -10.87552039355749756, -60.13048799309920867, 7.645444009757644821 ) ) ;
#1119 = CARTESIAN_POINT ( 'NONE',  ( 10.13614369235474832, -32.91414832919180355, 6.057290215394470323 ) ) ;
#1120 = VERTEX_POINT ( 'NONE', #986 ) ;
#1121 = LINE ( 'NONE', #1084, #2383 ) ;
#1122 = DIRECTION ( 'NONE',  ( 0.000000000000000000, -1.000000000000000000, 2.201794655477297262E-16 ) ) ;
#1123 = EDGE_CURVE ( 'NONE', #323, #815, #755, .T. ) ;
#1124 = ORIENTED_EDGE ( 'NONE', *, *, #1268, .T. ) ;
#1125 = ORIENTED_EDGE ( 'NONE', *, *, #2551, .T. ) ;
#1126 = CARTESIAN_POINT ( 'NONE',  ( -13.00000000000000711, -58.00000000000000000, 5.000000000000000000 ) ) ;
#1127 = CARTESIAN_POINT ( 'NONE',  ( -15.91775920689707213, -58.69762540848754639, 8.000000000000000000 ) ) ;
#1128 = ORIENTED_EDGE ( 'NONE', *, *, #730, .F. ) ;
#1129 = CARTESIAN_POINT ( 'NONE',  ( 29.62132034355965260, -51.89339828220178674, -23.00000000000003908 ) ) ;
#1130 = DIRECTION ( 'NONE',  ( -0.7071067811865486830, -0.7071067811865464625, 0.000000000000000000 ) ) ;
#1131 = ORIENTED_EDGE ( 'NONE', *, *, #2689, .F. ) ;
#1132 = DIRECTION ( 'NONE',  ( 0.000000000000000000, 0.000000000000000000, 1.000000000000000000 ) ) ;
#1133 = CARTESIAN_POINT ( 'NONE',  ( -14.60000000000000675, -32.00000000000000711, 10.10628645568517214 ) ) ;
#1134 = EDGE_LOOP ( 'NONE', ( #2684, #2385, #313, #1463 ) ) ;
#1135 = ADVANCED_FACE ( 'NONE', ( #1208 ), #961, .T. ) ;
#1136 = ORIENTED_EDGE ( 'NONE', *, *, #2551, .F. ) ;
#1137 = CARTESIAN_POINT ( 'NONE',  ( 0.000000000000000000, -45.00000000000000711, 8.000000000000000000 ) ) ;
#1138 = ADVANCED_FACE ( 'NONE', ( #378 ), #541, .T. ) ;
#1139 = LINE ( 'NONE', #2205, #1109 ) ;
#1140 = CARTESIAN_POINT ( 'NONE',  ( -27.50000000000000711, -62.50000000000000000, 0.000000000000000000 ) ) ;
#1141 = VERTEX_POINT ( 'NONE', #2435 ) ;
#1142 = CARTESIAN_POINT ( 'NONE',  ( -55.98528137423859619, -67.50000000000004263, 25.51609221829269813 ) ) ;
#1143 = CARTESIAN_POINT ( 'NONE',  ( 13.69835710063804868, -34.92338191664900648, 6.933867186029154084 ) ) ;
#1144 = VERTEX_POINT ( 'NONE', #1387 ) ;
#1145 = CARTESIAN_POINT ( 'NONE',  ( -27.50000000000000711, -42.00000000000000711, -23.00000000000004974 ) ) ;
#1146 = ORIENTED_EDGE ( 'NONE', *, *, #416, .F. ) ;
#1147 = ORIENTED_EDGE ( 'NONE', *, *, #1724, .T. ) ;
#1148 = CARTESIAN_POINT ( 'NONE',  ( -27.50000000000000711, -48.00000000000000711, -20.00000000000004974 ) ) ;
#1149 = EDGE_CURVE ( 'NONE', #1798, #2256, #2235, .T. ) ;
#1150 = CIRCLE ( 'NONE', #2654, 2.999999999999999112 ) ;
#1151 = CARTESIAN_POINT ( 'NONE',  ( -27.50000000000000711, -39.00000000000000711, -23.00000000000004974 ) ) ;
#1152 = EDGE_CURVE ( 'NONE', #1396, #387, #1068, .T. ) ;
#1153 = ORIENTED_EDGE ( 'NONE', *, *, #1710, .F. ) ;
#1154 = VECTOR ( 'NONE', #217, 1000.000000000000114 ) ;
#1155 = DIRECTION ( 'NONE',  ( -0.000000000000000000, -0.000000000000000000, 1.000000000000000000 ) ) ;
#1156 = CARTESIAN_POINT ( 'NONE',  ( -12.05883388618592100, -34.85511524295507968, 6.044201063124609696 ) ) ;
#1157 = ORIENTED_EDGE ( 'NONE', *, *, #173, .T. ) ;
#1158 = EDGE_CURVE ( 'NONE', #1279, #1688, #1811, .T. ) ;
#1159 = AXIS2_PLACEMENT_3D ( 'NONE', #2223, #2315, #2093 ) ;
#1160 = CARTESIAN_POINT ( 'NONE',  ( 27.50000000000000711, -62.50000000000000000, -26.00000000000003553 ) ) ;
#1161 = DIRECTION ( 'NONE',  ( 0.000000000000000000, 0.000000000000000000, 1.000000000000000000 ) ) ;
#1162 = VECTOR ( 'NONE', #1452, 1000.000000000000000 ) ;
#1163 = ORIENTED_EDGE ( 'NONE', *, *, #939, .T. ) ;
#1164 = ORIENTED_EDGE ( 'NONE', *, *, #1826, .F. ) ;
#1165 = DIRECTION ( 'NONE',  ( -0.000000000000000000, 0.000000000000000000, -1.000000000000000000 ) ) ;
#1166 = CARTESIAN_POINT ( 'NONE',  ( 9.999999999999992895, -32.00000000000000711, 6.546084143057011140 ) ) ;
#1167 = LINE ( 'NONE', #1140, #1467 ) ;
#1168 = ORIENTED_EDGE ( 'NONE', *, *, #866, .F. ) ;
#1169 = ADVANCED_FACE ( 'NONE', ( #1663 ), #490, .T. ) ;
#1170 = DIRECTION ( 'NONE',  ( 3.413144305457568632E-32, 1.000000000000000000, -1.967543734044216016E-16 ) ) ;
#1171 = LINE ( 'NONE', #2239, #97 ) ;
#1172 = ORIENTED_EDGE ( 'NONE', *, *, #1268, .F. ) ;
#1173 =( BOUNDED_CURVE ( )  B_SPLINE_CURVE ( 3, ( #898, #1501, #1536, #1314 ),
 .UNSPECIFIED., .F., .T. ) 
 B_SPLINE_CURVE_WITH_KNOTS ( ( 4, 4 ),
 ( 3.141592653589792672, 4.712388980384687009 ),
 .UNSPECIFIED. ) 
 CURVE ( )  GEOMETRIC_REPRESENTATION_ITEM ( )  RATIONAL_B_SPLINE_CURVE ( ( 1.000000000000000000, 0.8047378541243654926, 0.8047378541243654926, 1.000000000000000000 ) ) 
 REPRESENTATION_ITEM ( '' )  );
#1174 = DIRECTION ( 'NONE',  ( -0.000000000000000000, -0.000000000000000000, -1.000000000000000000 ) ) ;
#1175 = CARTESIAN_POINT ( 'NONE',  ( 12.99999999999999289, -58.00000000000000000, 5.000000000000000000 ) ) ;
#1176 = ORIENTED_EDGE ( 'NONE', *, *, #1760, .T. ) ;
#1177 = EDGE_LOOP ( 'NONE', ( #870, #2423, #985, #1201 ) ) ;
#1178 = DIRECTION ( 'NONE',  ( -0.000000000000000000, 0.000000000000000000, 1.000000000000000000 ) ) ;
#1179 = CARTESIAN_POINT ( 'NONE',  ( -32.50000000000007105, -67.50000000000005684, -6.000000000000047073 ) ) ;
#1180 = CARTESIAN_POINT ( 'NONE',  ( -19.50000000000000711, -51.00000000000000711, -23.00000000000004619 ) ) ;
#1181 = CARTESIAN_POINT ( 'NONE',  ( -19.50000000000000711, -42.00000000000000711, -19.00000000000004974 ) ) ;
#1182 = DIRECTION ( 'NONE',  ( 0.000000000000000000, -0.000000000000000000, -1.000000000000000000 ) ) ;
#1183 = CARTESIAN_POINT ( 'NONE',  ( -37.85530313790587797, -62.50000000000000000, -6.000000000000044409 ) ) ;
#1184 = ORIENTED_EDGE ( 'NONE', *, *, #1308, .F. ) ;
#1185 = EDGE_CURVE ( 'NONE', #71, #676, #2034, .T. ) ;
#1186 = FACE_OUTER_BOUND ( 'NONE', #1720, .T. ) ;
#1187 = DIRECTION ( 'NONE',  ( 0.000000000000000000, 0.000000000000000000, 1.000000000000000000 ) ) ;
#1188 = VERTEX_POINT ( 'NONE', #1691 ) ;
#1189 = EDGE_CURVE ( 'NONE', #2421, #20, #403, .T. ) ;
#1190 = ADVANCED_FACE ( 'NONE', ( #608 ), #872, .F. ) ;
#1191 = ORIENTED_EDGE ( 'NONE', *, *, #1966, .F. ) ;
#1192 = CARTESIAN_POINT ( 'NONE',  ( 15.89103368049205756, -57.17220717516569550, 7.940954580710107180 ) ) ;
#1193 = DIRECTION ( 'NONE',  ( -3.689885735629804459E-32, 1.967543734044216262E-16, 1.000000000000000000 ) ) ;
#1194 = VECTOR ( 'NONE', #871, 1000.000000000000000 ) ;
#1195 = AXIS2_PLACEMENT_3D ( 'NONE', #1343, #1397, #1781 ) ;
#1196 = CARTESIAN_POINT ( 'NONE',  ( 19.50000000000000711, -25.50000000000000355, 0.000000000000000000 ) ) ;
#1197 = VECTOR ( 'NONE', #598, 1000.000000000000000 ) ;
#1198 = FACE_OUTER_BOUND ( 'NONE', #2624, .T. ) ;
#1199 = DIRECTION ( 'NONE',  ( -1.000000000000000000, 0.000000000000000000, 0.000000000000000000 ) ) ;
#1200 = CIRCLE ( 'NONE', #406, 2.000000000000001776 ) ;
#1201 = ORIENTED_EDGE ( 'NONE', *, *, #2049, .T. ) ;
#1202 = VECTOR ( 'NONE', #438, 1000.000000000000000 ) ;
#1203 = CARTESIAN_POINT ( 'NONE',  ( -51.74264068711926967, -62.50000000000000000, -20.00000000000004974 ) ) ;
#1204 = ORIENTED_EDGE ( 'NONE', *, *, #1568, .F. ) ;
#1205 = EDGE_CURVE ( 'NONE', #2608, #723, #531, .T. ) ;
#1206 = CIRCLE ( 'NONE', #2710, 3.000000000000000888 ) ;
#1207 = EDGE_LOOP ( 'NONE', ( #593, #345, #337, #1610 ) ) ;
#1208 = FACE_OUTER_BOUND ( 'NONE', #622, .T. ) ;
#1209 = LINE ( 'NONE', #2048, #2442 ) ;
#1210 = DIRECTION ( 'NONE',  ( 2.201794655477302193E-16, 2.201794655477296276E-16, 1.000000000000000000 ) ) ;
#1211 = DIRECTION ( 'NONE',  ( 0.000000000000000000, -1.000000000000000000, 0.000000000000000000 ) ) ;
#1212 = CARTESIAN_POINT ( 'NONE',  ( 15.99999999999999289, -58.00000000000000000, 5.000000000000000000 ) ) ;
#1213 = ORIENTED_EDGE ( 'NONE', *, *, #1912, .F. ) ;
#1214 = LINE ( 'NONE', #2711, #665 ) ;
#1215 = DIRECTION ( 'NONE',  ( 3.413144305457568632E-32, 1.000000000000000000, -1.967543734044216016E-16 ) ) ;
#1216 = ORIENTED_EDGE ( 'NONE', *, *, #2459, .T. ) ;
#1217 = ORIENTED_EDGE ( 'NONE', *, *, #2254, .T. ) ;
#1218 = CARTESIAN_POINT ( 'NONE',  ( 14.88954866813364397, -55.66147194065675308, 7.538073631574958355 ) ) ;
#1219 = CARTESIAN_POINT ( 'NONE',  ( -55.98528137423858908, -59.50000000000000711, -20.00000000000004974 ) ) ;
#1220 = EDGE_CURVE ( 'NONE', #66, #718, #195, .T. ) ;
#1221 = FACE_OUTER_BOUND ( 'NONE', #453, .T. ) ;
#1222 = LINE ( 'NONE', #1010, #1859 ) ;
#1223 = ADVANCED_FACE ( 'NONE', ( #857, #1508, #2352 ), #1493, .T. ) ;
#1224 = CARTESIAN_POINT ( 'NONE',  ( -12.78440394137423652, -55.00222579964207625, 6.426146769654158319 ) ) ;
#1225 = CARTESIAN_POINT ( 'NONE',  ( 9.999999999999992895, -57.99999999998685496, 6.546084143049686332 ) ) ;
#1226 = ORIENTED_EDGE ( 'NONE', *, *, #1875, .F. ) ;
#1227 = DIRECTION ( 'NONE',  ( 0.6946583704589931463, -5.806667596949144725E-17, 0.7193398003386551887 ) ) ;
#1228 = LINE ( 'NONE', #400, #2081 ) ;
#1229 = VERTEX_POINT ( 'NONE', #2740 ) ;
#1230 = EDGE_LOOP ( 'NONE', ( #664, #2210, #1131, #2408 ) ) ;
#1231 = FACE_OUTER_BOUND ( 'NONE', #2007, .T. ) ;
#1232 = CARTESIAN_POINT ( 'NONE',  ( 10.34799735598350523, -30.58117591460421636, 7.312807326244305628 ) ) ;
#1233 = EDGE_CURVE ( 'NONE', #1141, #2253, #2336, .T. ) ;
#1234 = CYLINDRICAL_SURFACE ( 'NONE', #47, 1.600000000000000755 ) ;
#1235 = CARTESIAN_POINT ( 'NONE',  ( -27.50000000000000711, -62.50000000000000000, 8.000000000000000000 ) ) ;
#1236 = ADVANCED_FACE ( 'NONE', ( #1231 ), #442, .F. ) ;
#1237 = PLANE ( 'NONE',  #1814 ) ;
#1238 = CARTESIAN_POINT ( 'NONE',  ( -37.24264068711929099, -48.00000000000000711, -23.00000000000004974 ) ) ;
#1239 = LINE ( 'NONE', #2691, #1115 ) ;
#1240 = ORIENTED_EDGE ( 'NONE', *, *, #376, .T. ) ;
#1241 = AXIS2_PLACEMENT_3D ( 'NONE', #842, #2092, #220 ) ;
#1242 = CARTESIAN_POINT ( 'NONE',  ( 11.39999999999999147, -58.00000000000000000, 10.10628645568517214 ) ) ;
#1243 = AXIS2_PLACEMENT_3D ( 'NONE', #853, #2547, #646 ) ;
#1244 = DIRECTION ( 'NONE',  ( 0.7071067811865484609, 0.7071067811865465735, -4.372196160242400050E-17 ) ) ;
#1245 = ORIENTED_EDGE ( 'NONE', *, *, #792, .T. ) ;
#1246 = CIRCLE ( 'NONE', #48, 2.000000000000001776 ) ;
#1247 = AXIS2_PLACEMENT_3D ( 'NONE', #801, #565, #2031 ) ;
#1248 = ORIENTED_EDGE ( 'NONE', *, *, #792, .F. ) ;
#1249 = CARTESIAN_POINT ( 'NONE',  ( -27.50000000000000711, -38.25735931288072322, -26.00000000000004619 ) ) ;
#1250 = LINE ( 'NONE', #586, #2306 ) ;
#1251 = CARTESIAN_POINT ( 'NONE',  ( -55.98528137423859619, -62.50000000000000000, 25.51609221829269813 ) ) ;
#1252 = DIRECTION ( 'NONE',  ( 1.000000000000000000, 8.786684129385966815E-17, 1.349221823327174182E-16 ) ) ;
#1253 = EDGE_LOOP ( 'NONE', ( #958, #1765, #1552, #1391 ) ) ;
#1254 = EDGE_CURVE ( 'NONE', #883, #2674, #26, .T. ) ;
#1255 = DIRECTION ( 'NONE',  ( 1.349221823327174429E-16, 0.000000000000000000, -1.000000000000000000 ) ) ;
#1256 = DIRECTION ( 'NONE',  ( -1.000000000000000000, 0.000000000000000000, 0.000000000000000000 ) ) ;
#1257 = VERTEX_POINT ( 'NONE', #178 ) ;
#1258 = ORIENTED_EDGE ( 'NONE', *, *, #2613, .T. ) ;
#1259 = DIRECTION ( 'NONE',  ( 0.000000000000000000, 0.000000000000000000, -1.000000000000000000 ) ) ;
#1260 = DIRECTION ( 'NONE',  ( -1.000000000000000000, -9.189829725788341711E-33, -2.201794655477298988E-16 ) ) ;
#1261 = LINE ( 'NONE', #2060, #281 ) ;
#1262 = CARTESIAN_POINT ( 'NONE',  ( -14.73139336523538212, -55.54240280177229749, 7.464650756453836244 ) ) ;
#1263 = CARTESIAN_POINT ( 'NONE',  ( -38.98528137423858908, -62.50000000000000000, -18.00000000000003908 ) ) ;
#1264 = CARTESIAN_POINT ( 'NONE',  ( 12.06053175995377735, -60.85879972110771519, 7.929366017037498438 ) ) ;
#1265 = ORIENTED_EDGE ( 'NONE', *, *, #1876, .F. ) ;
#1266 = CARTESIAN_POINT ( 'NONE',  ( 35.98528137423860329, -62.50000000000004263, 25.51609221829270879 ) ) ;
#1267 = DIRECTION ( 'NONE',  ( -1.000000000000000000, -8.786684129385964350E-17, -0.000000000000000000 ) ) ;
#1268 = EDGE_CURVE ( 'NONE', #323, #356, #1022, .T. ) ;
#1269 = VERTEX_POINT ( 'NONE', #2297 ) ;
#1270 = CARTESIAN_POINT ( 'NONE',  ( -36.37014653542107112, -71.37014653542104270, -4.565800940149864040 ) ) ;
#1271 = EDGE_CURVE ( 'NONE', #2475, #749, #46, .T. ) ;
#1272 = EDGE_CURVE ( 'NONE', #995, #1093, #1896, .T. ) ;
#1273 = DIRECTION ( 'NONE',  ( -0.000000000000000000, 0.000000000000000000, -1.000000000000000000 ) ) ;
#1274 = LINE ( 'NONE', #2568, #807 ) ;
#1275 = EDGE_CURVE ( 'NONE', #1951, #971, #2103, .T. ) ;
#1276 = DIRECTION ( 'NONE',  ( 1.224646799147353207E-16, 1.000000000000000000, -0.000000000000000000 ) ) ;
#1277 = DIRECTION ( 'NONE',  ( -0.000000000000000000, -0.000000000000000000, 1.000000000000000000 ) ) ;
#1278 = CARTESIAN_POINT ( 'NONE',  ( -11.40000000000000568, -58.00000000000000000, 5.000000000000000000 ) ) ;
#1279 = VERTEX_POINT ( 'NONE', #500 ) ;
#1280 = CYLINDRICAL_SURFACE ( 'NONE', #50, 2.999999999999999112 ) ;
#1281 = CARTESIAN_POINT ( 'NONE',  ( -13.00000000000000711, -58.00000000000000000, 10.10628645568517214 ) ) ;
#1282 = CARTESIAN_POINT ( 'NONE',  ( -13.00000000000000711, -58.00000000000000000, 0.000000000000000000 ) ) ;
#1283 = ORIENTED_EDGE ( 'NONE', *, *, #1220, .T. ) ;
#1284 = AXIS2_PLACEMENT_3D ( 'NONE', #450, #770, #2119 ) ;
#1285 = CYLINDRICAL_SURFACE ( 'NONE', #130, 2.999999999999999112 ) ;
#1286 = CARTESIAN_POINT ( 'NONE',  ( -55.98528137423859619, -62.50000000000000000, 25.51609221829269813 ) ) ;
#1287 = CIRCLE ( 'NONE', #1945, 3.000000000000000888 ) ;
#1288 = AXIS2_PLACEMENT_3D ( 'NONE', #1695, #2585, #684 ) ;
#1289 = EDGE_CURVE ( 'NONE', #540, #1326, #265, .T. ) ;
#1290 = VECTOR ( 'NONE', #1646, 1000.000000000000000 ) ;
#1291 = ORIENTED_EDGE ( 'NONE', *, *, #2113, .F. ) ;
#1292 = CARTESIAN_POINT ( 'NONE',  ( 51.74264068711926967, -62.50000000000005684, -20.00000000000004263 ) ) ;
#1293 = AXIS2_PLACEMENT_3D ( 'NONE', #778, #144, #1583 ) ;
#1294 = VECTOR ( 'NONE', #927, 1000.000000000000000 ) ;
#1295 = CARTESIAN_POINT ( 'NONE',  ( -10.36492017542144950, -56.55143669109885707, 5.827501263812467691 ) ) ;
#1296 = CARTESIAN_POINT ( 'NONE',  ( 50.98528137423861750, -67.50000000000005684, -14.00000000000003730 ) ) ;
#1297 = DIRECTION ( 'NONE',  ( 9.376883653928686131E-17, -1.000000000000000000, 0.000000000000000000 ) ) ;
#1298 = VERTEX_POINT ( 'NONE', #943 ) ;
#1299 = CARTESIAN_POINT ( 'NONE',  ( 15.89133721923331777, -32.82660486141173806, 7.941065629254147495 ) ) ;
#1300 = CARTESIAN_POINT ( 'NONE',  ( 27.50000000000000711, -62.50000000000000000, 4.000000000000038192 ) ) ;
#1301 = ORIENTED_EDGE ( 'NONE', *, *, #1923, .F. ) ;
#1302 = B_SPLINE_CURVE_WITH_KNOTS ( 'NONE', 3,
 ( #1110, #1952, #694, #2593, #287, #962 ),
 .UNSPECIFIED., .F., .F.,
 ( 4, 2, 4 ),
 ( 0.007480421682748438633, 0.007830369604728848812, 0.008180317526709258991 ),
 .UNSPECIFIED. ) ;
#1303 = LINE ( 'NONE', #1270, #174 ) ;
#1304 = DIRECTION ( 'NONE',  ( 0.000000000000000000, 1.967543734044216262E-16, 1.000000000000000000 ) ) ;
#1305 = ORIENTED_EDGE ( 'NONE', *, *, #1713, .F. ) ;
#1306 = VERTEX_POINT ( 'NONE', #1107 ) ;
#1307 = CARTESIAN_POINT ( 'NONE',  ( -27.50000000000001066, -62.50000000000000000, -26.00000000000004263 ) ) ;
#1308 = EDGE_CURVE ( 'NONE', #1095, #2608, #1578, .T. ) ;
#1309 = CARTESIAN_POINT ( 'NONE',  ( 55.98528137423861750, -67.50000000000005684, -6.000000000000029310 ) ) ;
#1310 = DIRECTION ( 'NONE',  ( -1.349221823327174429E-16, 1.967543734044216016E-16, 1.000000000000000000 ) ) ;
#1311 = ORIENTED_EDGE ( 'NONE', *, *, #333, .T. ) ;
#1312 = EDGE_CURVE ( 'NONE', #2112, #2475, #1988, .T. ) ;
#1313 =( LENGTH_UNIT ( ) NAMED_UNIT ( * ) SI_UNIT ( .MILLI., .METRE. ) );
#1314 = CARTESIAN_POINT ( 'NONE',  ( 48.74264068711928388, -59.50000000000004974, -23.00000000000003553 ) ) ;
#1315 = ORIENTED_EDGE ( 'NONE', *, *, #2694, .F. ) ;
#1316 = CARTESIAN_POINT ( 'NONE',  ( -37.24264068711929099, -51.00000000000000711, -23.00000000000004974 ) ) ;
#1317 = VERTEX_POINT ( 'NONE', #2379 ) ;
#1318 = LINE ( 'NONE', #1292, #1953 ) ;
#1319 = CARTESIAN_POINT ( 'NONE',  ( 10.00000000000079403, -57.81725549037626166, 6.444325185084967877 ) ) ;
#1320 = DIRECTION ( 'NONE',  ( -4.336808689942011573E-17, -1.000000000000000000, 0.000000000000000000 ) ) ;
#1321 = VERTEX_POINT ( 'NONE', #283 ) ;
#1322 = ADVANCED_FACE ( 'NONE', ( #1757 ), #2407, .T. ) ;
#1323 = CARTESIAN_POINT ( 'NONE',  ( -13.46477364128435106, -60.97343320111433940, 8.000000000000005329 ) ) ;
#1324 = CARTESIAN_POINT ( 'NONE',  ( 13.33581941261148174, -34.98681934383642300, 6.733735587579719351 ) ) ;
#1325 = CARTESIAN_POINT ( 'NONE',  ( 0.000000000000000000, 0.000000000000000000, 0.000000000000000000 ) ) ;
#1326 = VERTEX_POINT ( 'NONE', #691 ) ;
#1327 = FACE_BOUND ( 'NONE', #397, .T. ) ;
#1328 = AXIS2_PLACEMENT_3D ( 'NONE', #535, #108, #1382 ) ;
#1329 = CARTESIAN_POINT ( 'NONE',  ( -30.50000000000000711, -62.50000000000001421, -20.00000000000004619 ) ) ;
#1330 = AXIS2_PLACEMENT_3D ( 'NONE', #60, #1786, #341 ) ;
#1331 = VERTEX_POINT ( 'NONE', #2365 ) ;
#1332 = AXIS2_PLACEMENT_3D ( 'NONE', #1984, #1782, #2145 ) ;
#1333 = AXIS2_PLACEMENT_3D ( 'NONE', #1828, #2402, #559 ) ;
#1334 = LINE ( 'NONE', #1071, #2090 ) ;
#1335 = CIRCLE ( 'NONE', #1730, 2.000000000000001776 ) ;
#1336 = LINE ( 'NONE', #765, #539 ) ;
#1337 = VECTOR ( 'NONE', #2558, 1000.000000000000000 ) ;
#1338 = ORIENTED_EDGE ( 'NONE', *, *, #781, .F. ) ;
#1339 = VECTOR ( 'NONE', #1193, 1000.000000000000000 ) ;
#1340 = DIRECTION ( 'NONE',  ( -1.000000000000000000, 0.000000000000000000, 0.000000000000000000 ) ) ;
#1341 = ORIENTED_EDGE ( 'NONE', *, *, #2221, .F. ) ;
#1342 = EDGE_CURVE ( 'NONE', #1331, #2028, #712, .T. ) ;
#1343 = CARTESIAN_POINT ( 'NONE',  ( 19.50000000000000711, -30.50000000000000355, 8.000000000000000000 ) ) ;
#1344 = EDGE_CURVE ( 'NONE', #2360, #302, #1287, .T. ) ;
#1345 = ORIENTED_EDGE ( 'NONE', *, *, #1526, .T. ) ;
#1346 = DIRECTION ( 'NONE',  ( 1.000000000000000000, 1.875376730785737226E-16, -0.000000000000000000 ) ) ;
#1347 = CARTESIAN_POINT ( 'NONE',  ( 1.898800369577046565, -62.50000000000000000, 7.232603590704125729 ) ) ;
#1348 = CARTESIAN_POINT ( 'NONE',  ( -50.98528137423859619, -67.50000000000005684, -16.00000000000003908 ) ) ;
#1349 = ORIENTED_EDGE ( 'NONE', *, *, #1032, .T. ) ;
#1350 = DIRECTION ( 'NONE',  ( 0.000000000000000000, 0.000000000000000000, 1.000000000000000000 ) ) ;
#1351 = CARTESIAN_POINT ( 'NONE',  ( -38.98528137423858908, -62.50000000000000000, -16.00000000000003908 ) ) ;
#1352 = EDGE_LOOP ( 'NONE', ( #286, #2463, #2404, #1690, #1184, #994, #2729, #1833, #2377, #137, #828, #110 ) ) ;
#1353 = EDGE_CURVE ( 'NONE', #2592, #2102, #2602, .T. ) ;
#1354 = FACE_OUTER_BOUND ( 'NONE', #223, .T. ) ;
#1355 = DIRECTION ( 'NONE',  ( 1.000000000000000000, 0.000000000000000000, 0.000000000000000000 ) ) ;
#1356 = ORIENTED_EDGE ( 'NONE', *, *, #904, .T. ) ;
#1357 = ADVANCED_FACE ( 'NONE', ( #80 ), #484, .F. ) ;
#1358 = ORIENTED_EDGE ( 'NONE', *, *, #1931, .T. ) ;
#1359 = LINE ( 'NONE', #352, #722 ) ;
#1360 = ADVANCED_FACE ( 'NONE', ( #721, #1973, #925 ), #1769, .T. ) ;
#1361 = CARTESIAN_POINT ( 'NONE',  ( -50.98528137423859619, -67.50000000000005684, -18.00000000000003908 ) ) ;
#1362 = ORIENTED_EDGE ( 'NONE', *, *, #629, .T. ) ;
#1363 = CARTESIAN_POINT ( 'NONE',  ( -10.45800607464109255, -30.39136793584896168, 7.406216553536792091 ) ) ;
#1364 = CARTESIAN_POINT ( 'NONE',  ( -9.999999999998502531, -32.18288664476849448, 6.444246038935690812 ) ) ;
#1365 = EDGE_LOOP ( 'NONE', ( #800, #1671, #1478, #932, #1795, #576, #1147, #1083, #1527, #1356, #603, #2516 ) ) ;
#1366 =( BOUNDED_CURVE ( )  B_SPLINE_CURVE ( 3, ( #2001, #161, #1368, #757 ),
 .UNSPECIFIED., .F., .F. ) 
 B_SPLINE_CURVE_WITH_KNOTS ( ( 4, 4 ),
 ( 1.570796326794896780, 3.141592653589792672 ),
 .UNSPECIFIED. ) 
 CURVE ( )  GEOMETRIC_REPRESENTATION_ITEM ( )  RATIONAL_B_SPLINE_CURVE ( ( 1.000000000000000000, 0.8047378541243652705, 0.8047378541243652705, 1.000000000000000000 ) ) 
 REPRESENTATION_ITEM ( '' )  );
#1367 = DIRECTION ( 'NONE',  ( -1.875376730785737226E-16, 1.000000000000000000, 0.000000000000000000 ) ) ;
#1368 = CARTESIAN_POINT ( 'NONE',  ( 27.50000000000000355, -38.25735931288070901, -21.75735931288075875 ) ) ;
#1369 = ORIENTED_EDGE ( 'NONE', *, *, #330, .T. ) ;
#1370 = ORIENTED_EDGE ( 'NONE', *, *, #2541, .T. ) ;
#1371 = CARTESIAN_POINT ( 'NONE',  ( -16.00000000000000711, -57.99999999999999289, 7.990755995505600673 ) ) ;
#1372 = CARTESIAN_POINT ( 'NONE',  ( 10.10841774867164666, -31.17391263462353734, 7.003456920344662606 ) ) ;
#1373 = CIRCLE ( 'NONE', #1284, 1.600000000000000755 ) ;
#1374 = ADVANCED_FACE ( 'NONE', ( #2198 ), #474, .T. ) ;
#1375 = AXIS2_PLACEMENT_3D ( 'NONE', #2517, #1227, #202 ) ;
#1376 = PLANE ( 'NONE',  #1159 ) ;
#1377 = ORIENTED_EDGE ( 'NONE', *, *, #2101, .T. ) ;
#1378 = CIRCLE ( 'NONE', #182, 8.000000000000000000 ) ;
#1379 = PLANE ( 'NONE',  #623 ) ;
#1380 = CARTESIAN_POINT ( 'NONE',  ( 20.99999999999999645, -45.00000000000000711, 0.000000000000000000 ) ) ;
#1381 = ORIENTED_EDGE ( 'NONE', *, *, #1271, .T. ) ;
#1382 = DIRECTION ( 'NONE',  ( 1.000000000000000000, 0.000000000000000000, 0.000000000000000000 ) ) ;
#1383 = CARTESIAN_POINT ( 'NONE',  ( 27.50000000000000711, -38.25735931288071612, -23.00000000000004263 ) ) ;
#1384 = VECTOR ( 'NONE', #2283, 1000.000000000000000 ) ;
#1385 = VERTEX_POINT ( 'NONE', #39 ) ;
#1386 = ORIENTED_EDGE ( 'NONE', *, *, #1976, .T. ) ;
#1387 = CARTESIAN_POINT ( 'NONE',  ( -27.50000000000000711, -62.50000000000000000, 8.000000000000000000 ) ) ;
#1388 = DIRECTION ( 'NONE',  ( 1.000000000000000000, 0.000000000000000000, 0.000000000000000000 ) ) ;
#1389 = ADVANCED_FACE ( 'NONE', ( #1608 ), #121, .F. ) ;
#1390 = DIRECTION ( 'NONE',  ( 0.000000000000000000, 0.000000000000000000, -1.000000000000000000 ) ) ;
#1391 = ORIENTED_EDGE ( 'NONE', *, *, #2548, .T. ) ;
#1392 = EDGE_CURVE ( 'NONE', #8, #2296, #875, .T. ) ;
#1393 = DIRECTION ( 'NONE',  ( -1.000000000000000000, 0.000000000000000000, -1.734723475976806848E-16 ) ) ;
#1394 = LINE ( 'NONE', #344, #2222 ) ;
#1395 = EDGE_CURVE ( 'NONE', #71, #2207, #348, .T. ) ;
#1396 = VERTEX_POINT ( 'NONE', #136 ) ;
#1397 = DIRECTION ( 'NONE',  ( -0.000000000000000000, -0.000000000000000000, -1.000000000000000000 ) ) ;
#1398 = FACE_OUTER_BOUND ( 'NONE', #1230, .T. ) ;
#1399 = VERTEX_POINT ( 'NONE', #1203 ) ;
#1400 = ORIENTED_EDGE ( 'NONE', *, *, #969, .F. ) ;
#1401 = CARTESIAN_POINT ( 'NONE',  ( 15.55483125857386106, -56.41433110559691499, 7.818391610895042199 ) ) ;
#1402 = LINE ( 'NONE', #2246, #896 ) ;
#1403 = DIRECTION ( 'NONE',  ( -0.000000000000000000, -0.000000000000000000, -1.000000000000000000 ) ) ;
#1404 = CARTESIAN_POINT ( 'NONE',  ( -19.50000000000000711, -45.00000000000000711, -19.00000000000004974 ) ) ;
#1405 = CARTESIAN_POINT ( 'NONE',  ( 12.99999999999999289, -58.00000000000000000, 10.10628645568517214 ) ) ;
#1406 = VERTEX_POINT ( 'NONE', #321 ) ;
#1407 = EDGE_CURVE ( 'NONE', #634, #873, #2462, .T. ) ;
#1408 = DIRECTION ( 'NONE',  ( -0.000000000000000000, -0.000000000000000000, -1.000000000000000000 ) ) ;
#1409 = VERTEX_POINT ( 'NONE', #1807 ) ;
#1410 = ORIENTED_EDGE ( 'NONE', *, *, #999, .F. ) ;
#1411 = DIRECTION ( 'NONE',  ( 0.000000000000000000, 0.000000000000000000, 1.000000000000000000 ) ) ;
#1412 = CARTESIAN_POINT ( 'NONE',  ( -11.36396103067888319, -33.63603896932109194, -23.00000000000004619 ) ) ;
#1413 = VECTOR ( 'NONE', #1767, 999.9999999999998863 ) ;
#1414 = CARTESIAN_POINT ( 'NONE',  ( 22.50000000000001066, -62.50000000000000000, 8.000000000000000000 ) ) ;
#1415 = VECTOR ( 'NONE', #655, 1000.000000000000000 ) ;
#1416 = CARTESIAN_POINT ( 'NONE',  ( -55.98528137423858908, -67.50000000000005684, -26.00000000000004619 ) ) ;
#1417 = CARTESIAN_POINT ( 'NONE',  ( -10.71826096059522193, -33.95928426898510111, 5.699527415062314972 ) ) ;
#1418 = VECTOR ( 'NONE', #1165, 1000.000000000000000 ) ;
#1419 = EDGE_LOOP ( 'NONE', ( #1620, #4, #1978, #782, #1377, #1116 ) ) ;
#1420 = CYLINDRICAL_SURFACE ( 'NONE', #754, 3.000000000000000888 ) ;
#1421 = EDGE_CURVE ( 'NONE', #2577, #740, #365, .T. ) ;
#1422 = EDGE_LOOP ( 'NONE', ( #2141, #1057, #1726, #2055, #322, #1370, #2427, #1832, #1593, #2330, #945, #421, #205, #2550 ) ) ;
#1423 = CIRCLE ( 'NONE', #1777, 20.99999999999999645 ) ;
#1424 = ORIENTED_EDGE ( 'NONE', *, *, #1959, .T. ) ;
#1425 = FACE_OUTER_BOUND ( 'NONE', #74, .T. ) ;
#1426 = EDGE_CURVE ( 'NONE', #2002, #66, #2695, .T. ) ;
#1427 = LINE ( 'NONE', #818, #1860 ) ;
#1428 = EDGE_CURVE ( 'NONE', #1144, #2256, #2472, .T. ) ;
#1429 = DIRECTION ( 'NONE',  ( 1.349221823327174429E-16, -1.967543734044216016E-16, -1.000000000000000000 ) ) ;
#1430 = CARTESIAN_POINT ( 'NONE',  ( -13.70141607093321667, -55.05895703067904634, 6.938511581063598221 ) ) ;
#1431 = CARTESIAN_POINT ( 'NONE',  ( 10.17276737868303549, -59.02600818645603908, 7.110594165352967622 ) ) ;
#1432 = VERTEX_POINT ( 'NONE', #2420 ) ;
#1433 = FACE_OUTER_BOUND ( 'NONE', #401, .T. ) ;
#1434 = CARTESIAN_POINT ( 'NONE',  ( 37.85530313790588508, -54.01471862576141802, -6.000000000000034639 ) ) ;
#1435 = ORIENTED_EDGE ( 'NONE', *, *, #1233, .T. ) ;
#1436 = EDGE_CURVE ( 'NONE', #753, #2519, #1822, .T. ) ;
#1437 = VERTEX_POINT ( 'NONE', #2043 ) ;
#1438 = CARTESIAN_POINT ( 'NONE',  ( 15.18017070030533411, -55.92974316300816184, 7.666680784866142240 ) ) ;
#1439 = CARTESIAN_POINT ( 'NONE',  ( -19.50000000000000355, -62.50000000000000000, -26.00000000000004263 ) ) ;
#1440 = ADVANCED_FACE ( 'NONE', ( #1842 ), #1420, .F. ) ;
#1441 = CARTESIAN_POINT ( 'NONE',  ( -50.98528137423859619, -67.50000000000005684, -16.00000000000003908 ) ) ;
#1442 = EDGE_CURVE ( 'NONE', #1257, #2121, #1335, .T. ) ;
#1443 = DIRECTION ( 'NONE',  ( 0.000000000000000000, -1.000000000000000000, 0.000000000000000000 ) ) ;
#1444 = DIRECTION ( 'NONE',  ( 9.376883653928686131E-17, -1.000000000000000000, 1.967543734044216262E-16 ) ) ;
#1445 = DIRECTION ( 'NONE',  ( 0.7071067811865467956, -0.7071067811865483499, 4.906538933386753855E-16 ) ) ;
#1446 = ORIENTED_EDGE ( 'NONE', *, *, #2064, .T. ) ;
#1447 = CARTESIAN_POINT ( 'NONE',  ( -19.50000000000000711, -22.50000000000000355, 0.000000000000000000 ) ) ;
#1448 = DIRECTION ( 'NONE',  ( -1.000000000000000000, 0.000000000000000000, 0.000000000000000000 ) ) ;
#1449 = EDGE_LOOP ( 'NONE', ( #1345, #1446, #1963, #1740 ) ) ;
#1450 = ORIENTED_EDGE ( 'NONE', *, *, #1152, .F. ) ;
#1451 = DIRECTION ( 'NONE',  ( 0.000000000000000000, 0.000000000000000000, 1.000000000000000000 ) ) ;
#1452 = DIRECTION ( 'NONE',  ( 1.349221823327174429E-16, -1.967543734044216016E-16, -1.000000000000000000 ) ) ;
#1453 = PLANE ( 'NONE',  #2033 ) ;
#1454 = PLANE ( 'NONE',  #2225 ) ;
#1455 = ADVANCED_FACE ( 'NONE', ( #783 ), #795, .F. ) ;
#1456 = CARTESIAN_POINT ( 'NONE',  ( -10.00000000000000711, -31.99999999997533351, 6.546084143070757477 ) ) ;
#1457 = DIRECTION ( 'NONE',  ( -0.000000000000000000, -0.000000000000000000, -1.000000000000000000 ) ) ;
#1458 = DIRECTION ( 'NONE',  ( 3.413144305457568632E-32, 1.000000000000000000, -1.967543734044216016E-16 ) ) ;
#1459 = ORIENTED_EDGE ( 'NONE', *, *, #1559, .T. ) ;
#1460 = AXIS2_PLACEMENT_3D ( 'NONE', #1055, #1457, #2107 ) ;
#1461 = DIRECTION ( 'NONE',  ( 3.413144305457568632E-32, 1.000000000000000000, -1.967543734044216016E-16 ) ) ;
#1462 = LINE ( 'NONE', #429, #1154 ) ;
#1463 = ORIENTED_EDGE ( 'NONE', *, *, #327, .F. ) ;
#1464 = VECTOR ( 'NONE', #2611, 1000.000000000000000 ) ;
#1465 = ORIENTED_EDGE ( 'NONE', *, *, #2299, .T. ) ;
#1466 = CARTESIAN_POINT ( 'NONE',  ( -13.00000000000000711, -58.00000000000000000, 5.000000000000000000 ) ) ;
#1467 = VECTOR ( 'NONE', #1977, 1000.000000000000000 ) ;
#1468 = AXIS2_PLACEMENT_3D ( 'NONE', #1219, #2716, #2058 ) ;
#1469 = CARTESIAN_POINT ( 'NONE',  ( 22.50000000000001066, -62.50000000000000000, -26.00000000000003553 ) ) ;
#1470 = EDGE_CURVE ( 'NONE', #2417, #1853, #1619, .T. ) ;
#1471 = CARTESIAN_POINT ( 'NONE',  ( -15.82626924853200023, -56.97288259304797720, 7.918248935844310665 ) ) ;
#1472 = CARTESIAN_POINT ( 'NONE',  ( -37.24264068711929099, -48.00000000000000711, -23.00000000000004974 ) ) ;
#1473 = CARTESIAN_POINT ( 'NONE',  ( 10.87703318997231605, -60.13220816386787959, 7.646205605600703947 ) ) ;
#1474 = ORIENTED_EDGE ( 'NONE', *, *, #1011, .F. ) ;
#1475 = DIRECTION ( 'NONE',  ( 0.000000000000000000, -0.000000000000000000, -1.000000000000000000 ) ) ;
#1476 = EDGE_CURVE ( 'NONE', #2587, #2490, #1366, .T. ) ;
#1477 = FACE_OUTER_BOUND ( 'NONE', #251, .T. ) ;
#1478 = ORIENTED_EDGE ( 'NONE', *, *, #2337, .T. ) ;
#1479 = ORIENTED_EDGE ( 'NONE', *, *, #367, .F. ) ;
#1480 = DIRECTION ( 'NONE',  ( 1.349221823327174429E-16, -1.967543734044215769E-16, -1.000000000000000000 ) ) ;
#1481 = CARTESIAN_POINT ( 'NONE',  ( -35.98528137423858198, -62.50000000000000000, -20.00000000000004619 ) ) ;
#1482 = FACE_OUTER_BOUND ( 'NONE', #2644, .T. ) ;
#1483 = APPLICATION_CONTEXT ( 'automotive_design' ) ;
#1484 = CARTESIAN_POINT ( 'NONE',  ( -20.99999999999999645, -45.00000000000000711, 0.000000000000000000 ) ) ;
#1485 = FACE_OUTER_BOUND ( 'NONE', #2366, .T. ) ;
#1486 = DIRECTION ( 'NONE',  ( -1.000000000000000000, 0.000000000000000000, -0.000000000000000000 ) ) ;
#1487 = ORIENTED_EDGE ( 'NONE', *, *, #294, .F. ) ;
#1488 = DIRECTION ( 'NONE',  ( 1.349221823327174429E-16, -1.967543734044216016E-16, -1.000000000000000000 ) ) ;
#1489 = LINE ( 'NONE', #1434, #1202 ) ;
#1490 = ORIENTED_EDGE ( 'NONE', *, *, #1233, .F. ) ;
#1491 = EDGE_CURVE ( 'NONE', #1522, #2587, #2432, .T. ) ;
#1492 = DIRECTION ( 'NONE',  ( 0.000000000000000000, 0.000000000000000000, -1.000000000000000000 ) ) ;
#1493 = PLANE ( 'NONE',  #2657 ) ;
#1494 = ORIENTED_EDGE ( 'NONE', *, *, #247, .F. ) ;
#1495 = DIRECTION ( 'NONE',  ( -0.000000000000000000, -0.000000000000000000, -1.000000000000000000 ) ) ;
#1496 = LINE ( 'NONE', #243, #2575 ) ;
#1497 = CARTESIAN_POINT ( 'NONE',  ( -10.00000000000000711, -58.00000000000000000, 5.000000000000000000 ) ) ;
#1498 = LINE ( 'NONE', #2343, #2619 ) ;
#1499 = ORIENTED_EDGE ( 'NONE', *, *, #2418, .T. ) ;
#1500 = CARTESIAN_POINT ( 'NONE',  ( -13.69762540848754817, -60.91775920689707391, 8.000000000000000000 ) ) ;
#1501 = CARTESIAN_POINT ( 'NONE',  ( 51.74264068711924835, -62.50000000000004974, -21.75735931288075165 ) ) ;
#1502 = AXIS2_PLACEMENT_3D ( 'NONE', #2186, #1174, #551 ) ;
#1503 = CARTESIAN_POINT ( 'NONE',  ( -32.50000000000007105, -67.50000000000004263, -0.8284438740353595731 ) ) ;
#1504 = EDGE_LOOP ( 'NONE', ( #159, #2460, #1311, #2620, #1805 ) ) ;
#1505 = AXIS2_PLACEMENT_3D ( 'NONE', #391, #2510, #2742 ) ;
#1506 = EDGE_CURVE ( 'NONE', #971, #302, #2303, .T. ) ;
#1507 = ORIENTED_EDGE ( 'NONE', *, *, #2387, .T. ) ;
#1508 = FACE_BOUND ( 'NONE', #1519, .T. ) ;
#1509 = EDGE_LOOP ( 'NONE', ( #2397, #620, #1703, #1248 ) ) ;
#1510 = AXIS2_PLACEMENT_3D ( 'NONE', #2574, #1101, #1941 ) ;
#1511 = VECTOR ( 'NONE', #976, 1000.000000000000000 ) ;
#1512 = ORIENTED_EDGE ( 'NONE', *, *, #2709, .F. ) ;
#1513 = ADVANCED_FACE ( 'NONE', ( #1398 ), #2242, .F. ) ;
#1514 = DIRECTION ( 'NONE',  ( 1.000000000000000000, -1.652117596168387953E-15, 0.000000000000000000 ) ) ;
#1515 = AXIS2_PLACEMENT_3D ( 'NONE', #200, #2544, #1881 ) ;
#1516 = CIRCLE ( 'NONE', #587, 2.000000000000001776 ) ;
#1517 = CARTESIAN_POINT ( 'NONE',  ( -10.08397145824010721, -57.27137415582107849, 6.150996369066823455 ) ) ;
#1518 = LINE ( 'NONE', #479, #538 ) ;
#1519 = EDGE_LOOP ( 'NONE', ( #2464, #52 ) ) ;
#1520 = CARTESIAN_POINT ( 'NONE',  ( -11.83171729173988673, -60.77314175414296926, 7.899413426301217456 ) ) ;
#1521 = CARTESIAN_POINT ( 'NONE',  ( 15.99999999999999289, -31.99999999999663558, 7.990755995505704590 ) ) ;
#1522 = VERTEX_POINT ( 'NONE', #2294 ) ;
#1523 = DIRECTION ( 'NONE',  ( 0.000000000000000000, 0.000000000000000000, -1.000000000000000000 ) ) ;
#1524 = DIRECTION ( 'NONE',  ( 0.000000000000000000, 0.000000000000000000, 1.000000000000000000 ) ) ;
#1525 = VERTEX_POINT ( 'NONE', #619 ) ;
#1526 = EDGE_CURVE ( 'NONE', #732, #1399, #2215, .T. ) ;
#1527 = ORIENTED_EDGE ( 'NONE', *, *, #1568, .T. ) ;
#1528 = CARTESIAN_POINT ( 'NONE',  ( 15.91775920689705082, -31.30237459151244295, 8.000000000000000000 ) ) ;
#1529 = PRODUCT ( '\X2\5de67535673a652f67b6\X0\', '\X2\5de67535673a652f67b6\X0\', '', ( #305 ) ) ;
#1530 = EDGE_CURVE ( 'NONE', #1802, #561, #2497, .T. ) ;
#1531 = DIRECTION ( 'NONE',  ( -1.000000000000000000, 0.000000000000000000, 0.000000000000000000 ) ) ;
#1532 = CARTESIAN_POINT ( 'NONE',  ( 19.50000000000000711, -30.50000000000000355, -26.00000000000004263 ) ) ;
#1533 = ORIENTED_EDGE ( 'NONE', *, *, #2630, .F. ) ;
#1534 = EDGE_CURVE ( 'NONE', #279, #2155, #1489, .T. ) ;
#1535 = SURFACE_STYLE_USAGE ( .BOTH. , #233 ) ;
#1536 = CARTESIAN_POINT ( 'NONE',  ( 50.50000000000000000, -61.25735931288076586, -23.00000000000003908 ) ) ;
#1537 = ORIENTED_EDGE ( 'NONE', *, *, #123, .T. ) ;
#1538 = DIRECTION ( 'NONE',  ( 0.000000000000000000, 0.000000000000000000, 1.000000000000000000 ) ) ;
#1539 = DIRECTION ( 'NONE',  ( -0.000000000000000000, 0.000000000000000000, -1.000000000000000000 ) ) ;
#1540 = ORIENTED_EDGE ( 'NONE', *, *, #1927, .F. ) ;
#1541 = LINE ( 'NONE', #14, #944 ) ;
#1542 = EDGE_CURVE ( 'NONE', #2674, #785, #1462, .T. ) ;
#1543 = CARTESIAN_POINT ( 'NONE',  ( -10.27636919891152090, -56.72746953430890215, 5.896403161952992633 ) ) ;
#1544 = CARTESIAN_POINT ( 'NONE',  ( -55.98528137423858908, -62.50000000000000000, -20.00000000000004974 ) ) ;
#1545 = EDGE_LOOP ( 'NONE', ( #2506, #910, #508, #255, #1204, #2491, #1930, #920, #895, #2269, #1628, #267, #1487, #1435, #1810, #99, #1226, #1660 ) ) ;
#1546 =( BOUNDED_CURVE ( )  B_SPLINE_CURVE ( 3, ( #2412, #2220, #763, #340 ),
 .UNSPECIFIED., .F., .F. ) 
 B_SPLINE_CURVE_WITH_KNOTS ( ( 4, 4 ),
 ( 4.712388980384689674, 6.283185307179584456 ),
 .UNSPECIFIED. ) 
 CURVE ( )  GEOMETRIC_REPRESENTATION_ITEM ( )  RATIONAL_B_SPLINE_CURVE ( ( 1.000000000000000000, 0.8047378541243649375, 0.8047378541243649375, 1.000000000000000000 ) ) 
 REPRESENTATION_ITEM ( '' )  );
#1547 = DIRECTION ( 'NONE',  ( -8.786684129385956955E-17, 1.000000000000000000, 0.000000000000000000 ) ) ;
#1548 = CARTESIAN_POINT ( 'NONE',  ( 11.69888118381677700, -34.71013468924129342, 5.884779315276301048 ) ) ;
#1549 = ORIENTED_EDGE ( 'NONE', *, *, #781, .T. ) ;
#1550 = CARTESIAN_POINT ( 'NONE',  ( 27.50000000000000000, -62.50000000000000000, 8.000000000000000000 ) ) ;
#1551 = CIRCLE ( 'NONE', #709, 1.600000000000000755 ) ;
#1552 = ORIENTED_EDGE ( 'NONE', *, *, #1710, .T. ) ;
#1553 = AXIS2_PLACEMENT_3D ( 'NONE', #1012, #370, #833 ) ;
#1554 = CARTESIAN_POINT ( 'NONE',  ( -35.98528137423858198, -62.50000000000000000, -20.00000000000004619 ) ) ;
#1555 = VECTOR ( 'NONE', #1187, 1000.000000000000000 ) ;
#1556 = LINE ( 'NONE', #245, #2665 ) ;
#1557 = AXIS2_PLACEMENT_3D ( 'NONE', #2036, #2192, #1801 ) ;
#1558 = ORIENTED_EDGE ( 'NONE', *, *, #2203, .F. ) ;
#1559 = EDGE_CURVE ( 'NONE', #2152, #2112, #1228, .T. ) ;
#1560 = VECTOR ( 'NONE', #2634, 1000.000000000000000 ) ;
#1561 = FACE_OUTER_BOUND ( 'NONE', #758, .T. ) ;
#1562 = CARTESIAN_POINT ( 'NONE',  ( -55.98528137423858908, -67.50000000000005684, -6.000000000000043521 ) ) ;
#1563 = VERTEX_POINT ( 'NONE', #2067 ) ;
#1564 = EDGE_CURVE ( 'NONE', #2193, #1326, #592, .T. ) ;
#1565 = ADVANCED_FACE ( 'NONE', ( #1477 ), #2322, .T. ) ;
#1566 = CARTESIAN_POINT ( 'NONE',  ( -13.00000000000000711, -32.00000000000000711, 0.000000000000000000 ) ) ;
#1567 = DIRECTION ( 'NONE',  ( 0.000000000000000000, -1.000000000000000000, 1.967543734044216262E-16 ) ) ;
#1568 = EDGE_CURVE ( 'NONE', #1823, #2178, #2037, .T. ) ;
#1569 = ORIENTED_EDGE ( 'NONE', *, *, #1677, .T. ) ;
#1570 = LINE ( 'NONE', #2202, #326 ) ;
#1571 = FACE_BOUND ( 'NONE', #1599, .T. ) ;
#1572 = VERTEX_POINT ( 'NONE', #2726 ) ;
#1573 = CARTESIAN_POINT ( 'NONE',  ( -11.22593525065721920, -29.57003194841547611, 7.769955018145760839 ) ) ;
#1574 = CARTESIAN_POINT ( 'NONE',  ( 9.999999999999992895, -32.00000000000000711, 6.546084143057011140 ) ) ;
#1575 = APPLICATION_PROTOCOL_DEFINITION ( 'draft international standard', 'automotive_design', 1998, #2675 ) ;
#1576 = ORIENTED_EDGE ( 'NONE', *, *, #1272, .F. ) ;
#1577 = DIRECTION ( 'NONE',  ( -0.000000000000000000, -0.000000000000000000, 1.000000000000000000 ) ) ;
#1578 = LINE ( 'NONE', #2157, #2123 ) ;
#1579 = EDGE_CURVE ( 'NONE', #815, #323, #1644, .T. ) ;
#1580 = ORIENTED_EDGE ( 'NONE', *, *, #208, .F. ) ;
#1581 = ORIENTED_EDGE ( 'NONE', *, *, #2459, .F. ) ;
#1582 = DIRECTION ( 'NONE',  ( -0.7193398003386547446, -1.366770724097958448E-16, -0.6946583704589935904 ) ) ;
#1583 = DIRECTION ( 'NONE',  ( 0.7071067811865475727, 0.7071067811865475727, 0.000000000000000000 ) ) ;
#1584 = ORIENTED_EDGE ( 'NONE', *, *, #1442, .F. ) ;
#1585 = CARTESIAN_POINT ( 'NONE',  ( -13.00000000000000711, -32.00000000000000711, 5.000000000000000000 ) ) ;
#1586 = FACE_OUTER_BOUND ( 'NONE', #2643, .T. ) ;
#1587 = ORIENTED_EDGE ( 'NONE', *, *, #2333, .T. ) ;
#1588 = CARTESIAN_POINT ( 'NONE',  ( -11.40000000000000568, -32.00000000000000711, 10.10628645568517214 ) ) ;
#1589 = CARTESIAN_POINT ( 'NONE',  ( -15.91775920689707213, -31.30237459151246426, 8.000000000000000000 ) ) ;
#1590 = EDGE_LOOP ( 'NONE', ( #1213, #194, #420, #761 ) ) ;
#1591 = ADVANCED_FACE ( 'NONE', ( #386 ), #1916, .T. ) ;
#1592 = VECTOR ( 'NONE', #662, 1000.000000000000000 ) ;
#1593 = ORIENTED_EDGE ( 'NONE', *, *, #1923, .T. ) ;
#1594 = CARTESIAN_POINT ( 'NONE',  ( -13.00000000000000711, -32.00000000000000711, 5.000000000000000000 ) ) ;
#1595 = DIRECTION ( 'NONE',  ( -1.000000000000000000, 0.000000000000000000, 0.000000000000000000 ) ) ;
#1596 = AXIS2_PLACEMENT_3D ( 'NONE', #1038, #2313, #1874 ) ;
#1597 = EDGE_CURVE ( 'NONE', #617, #2443, #1246, .T. ) ;
#1598 = LINE ( 'NONE', #989, #232 ) ;
#1599 = EDGE_LOOP ( 'NONE', ( #881, #1994 ) ) ;
#1600 = VECTOR ( 'NONE', #2212, 999.9999999999998863 ) ;
#1601 = AXIS2_PLACEMENT_3D ( 'NONE', #1996, #1170, #990 ) ;
#1602 = AXIS2_PLACEMENT_3D ( 'NONE', #1441, #567, #407 ) ;
#1603 = CARTESIAN_POINT ( 'NONE',  ( -13.46776563885106626, -29.02728217441074321, 8.000000000000000000 ) ) ;
#1604 = CARTESIAN_POINT ( 'NONE',  ( 22.50000000000001066, -59.50000000000001421, -26.00000000000003553 ) ) ;
#1605 = ORIENTED_EDGE ( 'NONE', *, *, #2489, .F. ) ;
#1606 = CIRCLE ( 'NONE', #2311, 2.000000000000001776 ) ;
#1607 = DIRECTION ( 'NONE',  ( -1.000000000000000000, -0.000000000000000000, -1.349221823327174429E-16 ) ) ;
#1608 = FACE_OUTER_BOUND ( 'NONE', #1674, .T. ) ;
#1609 = ORIENTED_EDGE ( 'NONE', *, *, #2658, .F. ) ;
#1610 = ORIENTED_EDGE ( 'NONE', *, *, #1353, .F. ) ;
#1611 = CARTESIAN_POINT ( 'NONE',  ( -19.50000000000000355, -62.50000000000000000, -26.00000000000004263 ) ) ;
#1612 = DIRECTION ( 'NONE',  ( 1.000000000000000000, -7.584913611344741827E-33, 1.349221823327174429E-16 ) ) ;
#1613 = CARTESIAN_POINT ( 'NONE',  ( -27.50000000000000711, -48.00000000000000711, -19.00000000000004974 ) ) ;
#1614 = EDGE_CURVE ( 'NONE', #1943, #1120, #405, .T. ) ;
#1615 = CYLINDRICAL_SURFACE ( 'NONE', #1852, 8.000000000000000000 ) ;
#1616 = LINE ( 'NONE', #1183, #2578 ) ;
#1617 = ORIENTED_EDGE ( 'NONE', *, *, #2509, .T. ) ;
#1618 = CARTESIAN_POINT ( 'NONE',  ( 27.50000000000000711, -38.25735931288071612, -23.00000000000004263 ) ) ;
#1619 = LINE ( 'NONE', #562, #2262 ) ;
#1620 = ORIENTED_EDGE ( 'NONE', *, *, #208, .T. ) ;
#1621 = ORIENTED_EDGE ( 'NONE', *, *, #650, .T. ) ;
#1622 = FACE_BOUND ( 'NONE', #2639, .T. ) ;
#1623 = CARTESIAN_POINT ( 'NONE',  ( 12.05799307609855298, -29.14198143782743244, 7.929086602308275999 ) ) ;
#1624 = LINE ( 'NONE', #1196, #846 ) ;
#1625 = ADVANCED_FACE ( 'NONE', ( #1081 ), #2737, .F. ) ;
#1626 = CARTESIAN_POINT ( 'NONE',  ( 36.50000000000004263, -61.25735931288075165, -23.00000000000003908 ) ) ;
#1627 = CARTESIAN_POINT ( 'NONE',  ( -10.36649309390730522, -33.45150227032323187, 5.826421535444821664 ) ) ;
#1628 = ORIENTED_EDGE ( 'NONE', *, *, #1275, .F. ) ;
#1629 = EDGE_CURVE ( 'NONE', #1093, #350, #2332, .T. ) ;
#1630 = DIRECTION ( 'NONE',  ( 3.413144305457568632E-32, 1.000000000000000000, -1.967543734044216016E-16 ) ) ;
#1631 = ORIENTED_EDGE ( 'NONE', *, *, #2524, .F. ) ;
#1632 = ORIENTED_EDGE ( 'NONE', *, *, #935, .T. ) ;
#1633 = DIRECTION ( 'NONE',  ( 1.000000000000000000, 0.000000000000000000, 0.000000000000000000 ) ) ;
#1634 = CARTESIAN_POINT ( 'NONE',  ( 11.22644812991053698, -29.56932787031585264, 7.770276603561646844 ) ) ;
#1635 = AXIS2_PLACEMENT_3D ( 'NONE', #596, #762, #1007 ) ;
#1636 = CARTESIAN_POINT ( 'NONE',  ( -6.129432651239146066E-15, -45.00000000000001421, -23.00000000000003553 ) ) ;
#1637 = AXIS2_PLACEMENT_3D ( 'NONE', #626, #1877, #1906 ) ;
#1638 = CARTESIAN_POINT ( 'NONE',  ( 0.000000000000000000, -45.00000000000000711, 8.000000000000000000 ) ) ;
#1639 = CARTESIAN_POINT ( 'NONE',  ( 13.46582898349950952, -60.97318087270348741, 8.000000000000074607 ) ) ;
#1640 = VECTOR ( 'NONE', #2453, 1000.000000000000000 ) ;
#1641 = AXIS2_PLACEMENT_3D ( 'NONE', #33, #1753, #2598 ) ;
#1642 = ORIENTED_EDGE ( 'NONE', *, *, #294, .T. ) ;
#1643 = ADVANCED_FACE ( 'NONE', ( #2712 ), #2488, .F. ) ;
#1644 = CIRCLE ( 'NONE', #1067, 2.999999999999999112 ) ;
#1645 = DIRECTION ( 'NONE',  ( 1.000000000000000000, 0.000000000000000000, 1.349221823327174429E-16 ) ) ;
#1646 = DIRECTION ( 'NONE',  ( 3.413144305457568632E-32, 1.000000000000000000, -1.967543734044216016E-16 ) ) ;
#1647 = ORIENTED_EDGE ( 'NONE', *, *, #2368, .F. ) ;
#1648 = EDGE_CURVE ( 'NONE', #308, #2003, #1855, .T. ) ;
#1649 = VECTOR ( 'NONE', #987, 1000.000000000000000 ) ;
#1650 = ORIENTED_EDGE ( 'NONE', *, *, #2664, .F. ) ;
#1651 = CARTESIAN_POINT ( 'NONE',  ( 13.70350156309589629, -55.07787431787208732, 6.936675396032305763 ) ) ;
#1652 = DIRECTION ( 'NONE',  ( -0.000000000000000000, -0.000000000000000000, -1.000000000000000000 ) ) ;
#1653 = LINE ( 'NONE', #2495, #2391 ) ;
#1654 = DIRECTION ( 'NONE',  ( -0.000000000000000000, -0.000000000000000000, -1.000000000000000000 ) ) ;
#1655 = CARTESIAN_POINT ( 'NONE',  ( 35.98528137423860329, -62.50000000000005684, -21.75735931288075165 ) ) ;
#1656 = DIRECTION ( 'NONE',  ( -3.413144305457568632E-32, -1.000000000000000000, 1.967543734044216016E-16 ) ) ;
#1657 = VERTEX_POINT ( 'NONE', #1562 ) ;
#1658 = CARTESIAN_POINT ( 'NONE',  ( -51.74264068711926967, -62.50000000000000000, -26.00000000000004619 ) ) ;
#1659 = CARTESIAN_POINT ( 'NONE',  ( -37.22792206135787296, -59.50000000000000711, -23.00000000000004619 ) ) ;
#1660 = ORIENTED_EDGE ( 'NONE', *, *, #2541, .F. ) ;
#1661 = ADVANCED_FACE ( 'NONE', ( #658 ), #1929, .T. ) ;
#1662 = ORIENTED_EDGE ( 'NONE', *, *, #32, .F. ) ;
#1663 = FACE_OUTER_BOUND ( 'NONE', #1422, .T. ) ;
#1664 = CARTESIAN_POINT ( 'NONE',  ( -35.98528137423858198, -62.50000000000000000, -4.194140974181630455 ) ) ;
#1665 = EDGE_CURVE ( 'NONE', #2692, #571, #507, .T. ) ;
#1666 = CARTESIAN_POINT ( 'NONE',  ( -15.91775920689707213, -31.30237459151246426, 8.000000000000000000 ) ) ;
#1667 = B_SPLINE_CURVE_WITH_KNOTS ( 'NONE', 3,
 ( #1521, #1970, #51, #1299, #1942, #2195, #76, #912, #922, #2362, #702, #471, #1143, #1324, #675, #249, #868, #1742, #34, #1548, #1764, #688, #2347, #2167, #1957, #278, #455, #1119, #65, #1092, #291, #1574 ),
 .UNSPECIFIED., .F., .F.,
 ( 4, 2, 2, 2, 2, 2, 2, 2, 2, 2, 2, 2, 2, 2, 2, 4 ),
 ( 0.009206135961103614068, 0.009830095993693768394, 0.01045405602628392445, 0.01107801605887407531, 0.01170197609146422443, 0.01294989615664452962, 0.01357385618923468221, 0.01419781622182483480, 0.01482177625441498739, 0.01544573628700513998, 0.01606969631959528910, 0.01669365635218544169, 0.01731761638477559428, 0.01794157641736574688, 0.01856553644995589947, 0.01918949648254604859 ),
 .UNSPECIFIED. ) ;
#1668 = DIRECTION ( 'NONE',  ( 0.000000000000000000, 0.000000000000000000, 1.000000000000000000 ) ) ;
#1669 = CARTESIAN_POINT ( 'NONE',  ( -1.002719433606884536, -62.50000000000000000, 7.194733585819320432 ) ) ;
#1670 = CARTESIAN_POINT ( 'NONE',  ( -15.99999999999858780, -32.21001139474942221, 7.984384102871703526 ) ) ;
#1671 = ORIENTED_EDGE ( 'NONE', *, *, #1073, .T. ) ;
#1672 = CARTESIAN_POINT ( 'NONE',  ( -19.50000000000000355, -59.50000000000001421, -26.00000000000004263 ) ) ;
#1673 = CARTESIAN_POINT ( 'NONE',  ( -13.00000000000000711, -58.00000000000000000, 5.000000000000000000 ) ) ;
#1674 = EDGE_LOOP ( 'NONE', ( #2351, #1698, #1301, #482, #1605, #2671 ) ) ;
#1675 = EDGE_LOOP ( 'NONE', ( #1369, #2470, #2135, #162, #57, #2430, #580, #1191, #2129, #916, #1558, #649, #1315, #1265, #689, #282 ) ) ;
#1676 = DIRECTION ( 'NONE',  ( -3.413144305457568632E-32, -1.000000000000000000, 1.967543734044216016E-16 ) ) ;
#1677 = EDGE_CURVE ( 'NONE', #1037, #1926, #2350, .T. ) ;
#1678 = DIRECTION ( 'NONE',  ( -0.000000000000000000, 0.000000000000000000, -1.000000000000000000 ) ) ;
#1679 = ADVANCED_FACE ( 'NONE', ( #2376 ), #1711, .F. ) ;
#1680 = EDGE_CURVE ( 'NONE', #1762, #841, #2561, .T. ) ;
#1681 = FACE_OUTER_BOUND ( 'NONE', #510, .T. ) ;
#1682 = LINE ( 'NONE', #1076, #2569 ) ;
#1683 = CARTESIAN_POINT ( 'NONE',  ( -14.73243143709817460, -34.45676438417156362, 7.465124915802102024 ) ) ;
#1684 = EDGE_LOOP ( 'NONE', ( #1459, #2068, #1985, #1006 ) ) ;
#1685 = AXIS2_PLACEMENT_3D ( 'NONE', #2017, #125, #972 ) ;
#1686 = CARTESIAN_POINT ( 'NONE',  ( -20.99999999999999645, -45.00000000000000711, 8.000000000000000000 ) ) ;
#1687 = CIRCLE ( 'NONE', #1898, 3.000000000000002665 ) ;
#1688 = VERTEX_POINT ( 'NONE', #481 ) ;
#1689 = AXIS2_PLACEMENT_3D ( 'NONE', #1604, #2469, #2229 ) ;
#1690 = ORIENTED_EDGE ( 'NONE', *, *, #2027, .F. ) ;
#1691 = CARTESIAN_POINT ( 'NONE',  ( 55.98528137423861750, -62.50000000000005684, -6.000000000000029310 ) ) ;
#1692 = AXIS2_PLACEMENT_3D ( 'NONE', #1098, #2181, #1320 ) ;
#1693 = CIRCLE ( 'NONE', #900, 3.000000000000002665 ) ;
#1694 = DIRECTION ( 'NONE',  ( 1.000000000000000000, 0.000000000000000000, 0.000000000000000000 ) ) ;
#1695 = CARTESIAN_POINT ( 'NONE',  ( -32.50000000000007816, -67.50000000000004263, 25.51609221829270169 ) ) ;
#1696 = DIRECTION ( 'NONE',  ( 0.000000000000000000, 0.000000000000000000, -1.000000000000000000 ) ) ;
#1697 = CARTESIAN_POINT ( 'NONE',  ( -15.89079756849284131, -32.82863911157009085, 7.940869636406944210 ) ) ;
#1698 = ORIENTED_EDGE ( 'NONE', *, *, #1998, .T. ) ;
#1699 = CYLINDRICAL_SURFACE ( 'NONE', #317, 8.000000000000000000 ) ;
#1700 = DIRECTION ( 'NONE',  ( 0.000000000000000000, 0.000000000000000000, 1.000000000000000000 ) ) ;
#1701 = VERTEX_POINT ( 'NONE', #2403 ) ;
#1702 = CARTESIAN_POINT ( 'NONE',  ( -55.98528137423858908, -62.50000000000000000, -26.00000000000004619 ) ) ;
#1703 = ORIENTED_EDGE ( 'NONE', *, *, #1011, .T. ) ;
#1704 = DIRECTION ( 'NONE',  ( -1.349221823327174429E-16, 1.967543734044216016E-16, 1.000000000000000000 ) ) ;
#1705 = DIRECTION ( 'NONE',  ( 0.000000000000000000, 1.000000000000000000, 0.000000000000000000 ) ) ;
#1706 = DIRECTION ( 'NONE',  ( -0.000000000000000000, 0.000000000000000000, -1.000000000000000000 ) ) ;
#1707 = CARTESIAN_POINT ( 'NONE',  ( -7.748877537573823915, -62.49999999999999289, 7.785545078315767142 ) ) ;
#1708 = CARTESIAN_POINT ( 'NONE',  ( -22.50000000000000355, -59.50000000000001421, -26.00000000000004263 ) ) ;
#1709 = ORIENTED_EDGE ( 'NONE', *, *, #2133, .F. ) ;
#1710 = EDGE_CURVE ( 'NONE', #2421, #1522, #1173, .T. ) ;
#1711 = CYLINDRICAL_SURFACE ( 'NONE', #936, 2.000000000000001776 ) ;
#1712 = ORIENTED_EDGE ( 'NONE', *, *, #1392, .F. ) ;
#1713 = EDGE_CURVE ( 'NONE', #350, #1932, #671, .T. ) ;
#1714 = ORIENTED_EDGE ( 'NONE', *, *, #1564, .F. ) ;
#1715 = CARTESIAN_POINT ( 'NONE',  ( 27.50000000000000000, -62.50000000000000000, 4.000000000000037303 ) ) ;
#1716 = ORIENTED_EDGE ( 'NONE', *, *, #984, .T. ) ;
#1717 = CARTESIAN_POINT ( 'NONE',  ( 15.96570793933464749, -31.53279165429209030, 7.999456060013437231 ) ) ;
#1718 = CARTESIAN_POINT ( 'NONE',  ( -11.40000000000000568, -58.00000000000000000, 0.000000000000000000 ) ) ;
#1719 = CARTESIAN_POINT ( 'NONE',  ( -15.99298241337786308, -58.23614406577165425, 7.996643692835836426 ) ) ;
#1720 = EDGE_LOOP ( 'NONE', ( #1240, #2230, #2535, #170, #1258, #737, #2244, #1918 ) ) ;
#1721 = CIRCLE ( 'NONE', #2072, 2.000000000000001776 ) ;
#1722 = CARTESIAN_POINT ( 'NONE',  ( 32.50000000000004974, -67.50000000000004263, -0.8284438740353214925 ) ) ;
#1723 = DIRECTION ( 'NONE',  ( -0.000000000000000000, -0.000000000000000000, 1.000000000000000000 ) ) ;
#1724 = EDGE_CURVE ( 'NONE', #215, #1269, #1667, .T. ) ;
#1725 = APPLICATION_PROTOCOL_DEFINITION ( 'draft international standard', 'automotive_design', 1998, #1483 ) ;
#1726 = ORIENTED_EDGE ( 'NONE', *, *, #1944, .T. ) ;
#1727 = AXIS2_PLACEMENT_3D ( 'NONE', #417, #1645, #1255 ) ;
#1728 = CARTESIAN_POINT ( 'NONE',  ( 38.98528137423861750, -67.50000000000005684, -18.00000000000003908 ) ) ;
#1729 = EDGE_CURVE ( 'NONE', #201, #1943, #2530, .T. ) ;
#1730 = AXIS2_PLACEMENT_3D ( 'NONE', #2268, #2683, #374 ) ;
#1731 = CIRCLE ( 'NONE', #2437, 1.600000000000000755 ) ;
#1732 = AXIS2_PLACEMENT_3D ( 'NONE', #536, #1408, #1004 ) ;
#1733 = EDGE_LOOP ( 'NONE', ( #469, #1569 ) ) ;
#1734 = DIRECTION ( 'NONE',  ( 1.000000000000000000, 0.000000000000000000, 0.000000000000000000 ) ) ;
#1735 = PRODUCT_RELATED_PRODUCT_CATEGORY ( 'part', '', ( #1529 ) ) ;
#1736 = CIRCLE ( 'NONE', #2486, 20.99999999999999645 ) ;
#1737 = CARTESIAN_POINT ( 'NONE',  ( -11.17758342053746290, -55.61469972750897739, 5.727114148388333881 ) ) ;
#1738 = CARTESIAN_POINT ( 'NONE',  ( 3.837219318710695770, -62.49999999999999289, 7.372832897412102682 ) ) ;
#1739 = DIRECTION ( 'NONE',  ( 0.000000000000000000, 0.000000000000000000, 1.000000000000000000 ) ) ;
#1740 = ORIENTED_EDGE ( 'NONE', *, *, #546, .T. ) ;
#1741 = DIRECTION ( 'NONE',  ( 1.349221823327174429E-16, -1.003808469612657231E-16, -1.000000000000000000 ) ) ;
#1742 = CARTESIAN_POINT ( 'NONE',  ( 12.23966590301304080, -34.90798722507536667, 6.134787942751350087 ) ) ;
#1743 = ORIENTED_EDGE ( 'NONE', *, *, #572, .T. ) ;
#1744 = DIRECTION ( 'NONE',  ( 1.000000000000000000, 0.000000000000000000, 0.000000000000000000 ) ) ;
#1745 = CARTESIAN_POINT ( 'NONE',  ( 19.50000000000000711, -25.50000000000000355, -63.85498646149545721 ) ) ;
#1746 = EDGE_CURVE ( 'NONE', #387, #680, #1171, .T. ) ;
#1747 = ORIENTED_EDGE ( 'NONE', *, *, #1149, .T. ) ;
#1748 = DIRECTION ( 'NONE',  ( 0.000000000000000000, 1.000000000000000000, 0.000000000000000000 ) ) ;
#1749 = CARTESIAN_POINT ( 'NONE',  ( 10.72216108046198002, -56.03618960616635292, 5.699006167643941190 ) ) ;
#1750 = CARTESIAN_POINT ( 'NONE',  ( -15.94498533391765882, -58.58375443731019061, 7.999999999999998224 ) ) ;
#1751 = EDGE_LOOP ( 'NONE', ( #1291, #2708, #27, #2537 ) ) ;
#1752 = UNCERTAINTY_MEASURE_WITH_UNIT (LENGTH_MEASURE( 1.000000000000000082E-05 ), #235, 'distance_accuracy_value', 'NONE');
#1753 = DIRECTION ( 'NONE',  ( 0.000000000000000000, 1.000000000000000000, 0.000000000000000000 ) ) ;
#1754 = DIRECTION ( 'NONE',  ( 0.000000000000000000, 0.000000000000000000, 1.000000000000000000 ) ) ;
#1755 = ORIENTED_EDGE ( 'NONE', *, *, #650, .F. ) ;
#1756 = LINE ( 'NONE', #10, #568 ) ;
#1757 = FACE_OUTER_BOUND ( 'NONE', #947, .T. ) ;
#1758 = ORIENTED_EDGE ( 'NONE', *, *, #1792, .F. ) ;
#1759 = CARTESIAN_POINT ( 'NONE',  ( 27.50000000000000711, -38.25735931288070901, -20.00000000000004619 ) ) ;
#1760 = EDGE_CURVE ( 'NONE', #522, #2334, #452, .T. ) ;
#1761 = CARTESIAN_POINT ( 'NONE',  ( -19.50000000000000711, -51.00000000000000711, -26.00000000000004619 ) ) ;
#1762 = VERTEX_POINT ( 'NONE', #2651 ) ;
#1763 = EDGE_CURVE ( 'NONE', #1406, #617, #117, .T. ) ;
#1764 = CARTESIAN_POINT ( 'NONE',  ( 11.52041844076796018, -34.61771893042633508, 5.816658200672508272 ) ) ;
#1765 = ORIENTED_EDGE ( 'NONE', *, *, #2471, .T. ) ;
#1766 = EDGE_CURVE ( 'NONE', #1188, #1035, #332, .T. ) ;
#1767 = DIRECTION ( 'NONE',  ( -0.7071067811865464625, 0.7071067811865486830, -2.023929239686235922E-16 ) ) ;
#1768 = AXIS2_PLACEMENT_3D ( 'NONE', #509, #2241, #518 ) ;
#1769 = PLANE ( 'NONE',  #273 ) ;
#1770 = ORIENTED_EDGE ( 'NONE', *, *, #952, .F. ) ;
#1771 = VECTOR ( 'NONE', #639, 1000.000000000000000 ) ;
#1772 = AXIS2_PLACEMENT_3D ( 'NONE', #1817, #1155, #2428 ) ;
#1773 = CYLINDRICAL_SURFACE ( 'NONE', #237, 2.000000000000001776 ) ;
#1774 = LINE ( 'NONE', #1181, #1775 ) ;
#1775 = VECTOR ( 'NONE', #84, 1000.000000000000000 ) ;
#1776 = ORIENTED_EDGE ( 'NONE', *, *, #2583, .T. ) ;
#1777 = AXIS2_PLACEMENT_3D ( 'NONE', #1922, #2116, #1514 ) ;
#1778 = CARTESIAN_POINT ( 'NONE',  ( -13.69762540848754817, -29.08224079310294030, 8.000000000000000000 ) ) ;
#1779 = CARTESIAN_POINT ( 'NONE',  ( -12.24314744878222072, -34.90889012973374861, 6.136560891913228843 ) ) ;
#1780 = ORIENTED_EDGE ( 'NONE', *, *, #2717, .T. ) ;
#1781 = DIRECTION ( 'NONE',  ( 1.000000000000000000, 0.000000000000000000, 0.000000000000000000 ) ) ;
#1782 = DIRECTION ( 'NONE',  ( -0.7071067811865464625, 0.7071067811865486830, -2.345307417223290386E-16 ) ) ;
#1783 = VERTEX_POINT ( 'NONE', #2628 ) ;
#1784 = ORIENTED_EDGE ( 'NONE', *, *, #92, .F. ) ;
#1785 = DIRECTION ( 'NONE',  ( 0.000000000000000000, 0.000000000000000000, -1.000000000000000000 ) ) ;
#1786 = DIRECTION ( 'NONE',  ( 0.000000000000000000, -1.000000000000000000, 0.000000000000000000 ) ) ;
#1787 = DIRECTION ( 'NONE',  ( 3.413144305457568632E-32, 1.000000000000000000, -1.967543734044216016E-16 ) ) ;
#1788 = ORIENTED_EDGE ( 'NONE', *, *, #906, .T. ) ;
#1789 = CARTESIAN_POINT ( 'NONE',  ( -12.05678523712900585, -29.14219758955007578, 7.929001779362360836 ) ) ;
#1790 = CARTESIAN_POINT ( 'NONE',  ( -11.69968828858488052, -34.71047341944225906, 5.885129535705253545 ) ) ;
#1791 = ORIENTED_EDGE ( 'NONE', *, *, #2187, .F. ) ;
#1792 = EDGE_CURVE ( 'NONE', #2155, #231, #2458, .T. ) ;
#1793 = LINE ( 'NONE', #1588, #357 ) ;
#1794 = CARTESIAN_POINT ( 'NONE',  ( -87.19707759714370354, -51.00000000000001421, -26.00000000000005329 ) ) ;
#1795 = ORIENTED_EDGE ( 'NONE', *, *, #1017, .T. ) ;
#1796 = EDGE_CURVE ( 'NONE', #2652, #606, #132, .T. ) ;
#1797 = EDGE_CURVE ( 'NONE', #1279, #2193, #2670, .T. ) ;
#1798 = VERTEX_POINT ( 'NONE', #371 ) ;
#1799 = CARTESIAN_POINT ( 'NONE',  ( -27.50000000000000711, -54.01471862576145355, -20.00000000000004974 ) ) ;
#1800 = CARTESIAN_POINT ( 'NONE',  ( 50.98528137423861750, -67.50000000000005684, -16.00000000000003908 ) ) ;
#1801 = DIRECTION ( 'NONE',  ( -1.000000000000000000, 0.000000000000000000, 0.000000000000000000 ) ) ;
#1802 = VERTEX_POINT ( 'NONE', #516 ) ;
#1803 = CARTESIAN_POINT ( 'NONE',  ( -13.00000000000000711, -32.00000000000000711, 5.000000000000000000 ) ) ;
#1804 = CARTESIAN_POINT ( 'NONE',  ( -10.00000000000000711, -31.99999999997533351, 6.546084143070757477 ) ) ;
#1805 = ORIENTED_EDGE ( 'NONE', *, *, #1426, .T. ) ;
#1806 = LINE ( 'NONE', #705, #134 ) ;
#1807 = CARTESIAN_POINT ( 'NONE',  ( -19.50000000000000711, -45.00000000000000711, -16.00000000000004974 ) ) ;
#1808 = EDGE_LOOP ( 'NONE', ( #2146, #2448 ) ) ;
#1809 = EDGE_CURVE ( 'NONE', #427, #723, #1394, .T. ) ;
#1810 = ORIENTED_EDGE ( 'NONE', *, *, #222, .F. ) ;
#1811 = LINE ( 'NONE', #1611, #1640 ) ;
#1812 = CARTESIAN_POINT ( 'NONE',  ( 35.98528137423861040, -59.50000000000004974, -23.00000000000003908 ) ) ;
#1813 = AXIS2_PLACEMENT_3D ( 'NONE', #1329, #1122, #68 ) ;
#1814 = AXIS2_PLACEMENT_3D ( 'NONE', #1638, #411, #2106 ) ;
#1815 = CARTESIAN_POINT ( 'NONE',  ( 12.99999999999999289, -32.00000000000000711, 10.10628645568517214 ) ) ;
#1816 = VECTOR ( 'NONE', #2384, 1000.000000000000000 ) ;
#1817 = CARTESIAN_POINT ( 'NONE',  ( 12.99999999999999289, -58.00000000000000000, 0.000000000000000000 ) ) ;
#1818 = CARTESIAN_POINT ( 'NONE',  ( 11.39999999999999147, -32.00000000000000711, 0.000000000000000000 ) ) ;
#1819 = ORIENTED_EDGE ( 'NONE', *, *, #1407, .T. ) ;
#1820 = VECTOR ( 'NONE', #476, 1000.000000000000000 ) ;
#1821 = CARTESIAN_POINT ( 'NONE',  ( -3.896392965663875607, -62.49999999999999289, 7.378399263334605607 ) ) ;
#1822 = LINE ( 'NONE', #2641, #2395 ) ;
#1823 = VERTEX_POINT ( 'NONE', #768 ) ;
#1824 = ORIENTED_EDGE ( 'NONE', *, *, #1395, .F. ) ;
#1825 = DIRECTION ( 'NONE',  ( -1.000000000000000000, 0.000000000000000000, 0.000000000000000000 ) ) ;
#1826 = EDGE_CURVE ( 'NONE', #841, #1432, #1616, .T. ) ;
#1827 = CARTESIAN_POINT ( 'NONE',  ( -19.50000000000001066, -25.50000000000000355, 0.000000000000000000 ) ) ;
#1828 = CARTESIAN_POINT ( 'NONE',  ( -38.98528137423858908, -67.50000000000005684, -16.00000000000003908 ) ) ;
#1829 = CARTESIAN_POINT ( 'NONE',  ( -10.01648873979669396, -32.36464719081718044, 6.343666268918664919 ) ) ;
#1830 = EDGE_LOOP ( 'NONE', ( #254, #1631, #1002, #1164 ) ) ;
#1831 = DIRECTION ( 'NONE',  ( 1.000000000000000000, 0.000000000000000000, 0.000000000000000000 ) ) ;
#1832 = ORIENTED_EDGE ( 'NONE', *, *, #1506, .T. ) ;
#1833 = ORIENTED_EDGE ( 'NONE', *, *, #572, .F. ) ;
#1834 = CARTESIAN_POINT ( 'NONE',  ( 15.82560655809936812, -56.97092039726010881, 7.918015312738720723 ) ) ;
#1835 = DIRECTION ( 'NONE',  ( 1.349221823327174429E-16, -1.003808469612657231E-16, -1.000000000000000000 ) ) ;
#1836 = ADVANCED_FACE ( 'NONE', ( #1586 ), #954, .F. ) ;
#1837 = PLANE ( 'NONE',  #501 ) ;
#1838 = CARTESIAN_POINT ( 'NONE',  ( -16.00000000000000711, -57.99999999999999289, 7.990755995505600673 ) ) ;
#1839 = DIRECTION ( 'NONE',  ( 0.000000000000000000, 0.000000000000000000, -1.000000000000000000 ) ) ;
#1840 = VERTEX_POINT ( 'NONE', #1818 ) ;
#1841 = CARTESIAN_POINT ( 'NONE',  ( -10.02164321995491747, -58.41559440243668178, 6.778317589287200740 ) ) ;
#1842 = FACE_OUTER_BOUND ( 'NONE', #692, .T. ) ;
#1843 = EDGE_LOOP ( 'NONE', ( #1650, #62, #338, #430, #607 ) ) ;
#1844 = VERTEX_POINT ( 'NONE', #2209 ) ;
#1845 = CARTESIAN_POINT ( 'NONE',  ( 15.99999999999999289, -57.99999999998321698, 7.990755995505091747 ) ) ;
#1846 = CARTESIAN_POINT ( 'NONE',  ( 13.69762540848755350, -29.08224079310294741, 8.000000000000000000 ) ) ;
#1847 = AXIS2_PLACEMENT_3D ( 'NONE', #849, #412, #2139 ) ;
#1848 = CARTESIAN_POINT ( 'NONE',  ( -22.50000000000000355, -62.50000000000000000, -26.00000000000004263 ) ) ;
#1849 = VECTOR ( 'NONE', #192, 1000.000000000000000 ) ;
#1850 = CARTESIAN_POINT ( 'NONE',  ( -12.05381652078419386, -55.14656475177213224, 6.041797605060382104 ) ) ;
#1851 = CARTESIAN_POINT ( 'NONE',  ( -13.70105817540204463, -34.92270012258813949, 6.935339691230973713 ) ) ;
#1852 = AXIS2_PLACEMENT_3D ( 'NONE', #738, #1182, #2650 ) ;
#1853 = VERTEX_POINT ( 'NONE', #2249 ) ;
#1854 = EDGE_CURVE ( 'NONE', #1035, #1939, #355, .T. ) ;
#1855 = CIRCLE ( 'NONE', #230, 1.600000000000000755 ) ;
#1856 = CARTESIAN_POINT ( 'NONE',  ( -50.98528137423859619, -67.50000000000005684, -14.00000000000003730 ) ) ;
#1857 = CARTESIAN_POINT ( 'NONE',  ( -36.50000000000002132, -61.25735931288072322, -23.00000000000003908 ) ) ;
#1858 = EDGE_LOOP ( 'NONE', ( #2713, #1981 ) ) ;
#1859 = VECTOR ( 'NONE', #1429, 1000.000000000000000 ) ;
#1860 = VECTOR ( 'NONE', #1863, 1000.000000000000000 ) ;
#1861 = VERTEX_POINT ( 'NONE', #316 ) ;
#1862 = DIRECTION ( 'NONE',  ( 0.000000000000000000, 0.000000000000000000, 1.000000000000000000 ) ) ;
#1863 = DIRECTION ( 'NONE',  ( 1.349221823327174429E-16, -1.967543734044216016E-16, -1.000000000000000000 ) ) ;
#1864 = DIRECTION ( 'NONE',  ( -1.875376730785737226E-16, 1.000000000000000000, 0.000000000000000000 ) ) ;
#1865 = CARTESIAN_POINT ( 'NONE',  ( -38.98528137423858908, -67.50000000000005684, -14.00000000000003730 ) ) ;
#1866 = DIRECTION ( 'NONE',  ( -0.7071067811865467956, 0.7071067811865483499, 0.000000000000000000 ) ) ;
#1867 = CARTESIAN_POINT ( 'NONE',  ( 27.50000000000001066, -62.50000000000000000, -26.00000000000003553 ) ) ;
#1868 = ORIENTED_EDGE ( 'NONE', *, *, #700, .F. ) ;
#1869 = CARTESIAN_POINT ( 'NONE',  ( 50.98528137423861750, -62.50000000000000000, -18.00000000000003908 ) ) ;
#1870 = DIRECTION ( 'NONE',  ( -0.000000000000000000, 0.000000000000000000, -1.000000000000000000 ) ) ;
#1871 = EDGE_CURVE ( 'NONE', #2100, #8, #2190, .T. ) ;
#1872 = ORIENTED_EDGE ( 'NONE', *, *, #1766, .F. ) ;
#1873 = ORIENTED_EDGE ( 'NONE', *, *, #1123, .F. ) ;
#1874 = DIRECTION ( 'NONE',  ( 0.000000000000000000, 0.000000000000000000, -1.000000000000000000 ) ) ;
#1875 = EDGE_CURVE ( 'NONE', #1385, #1144, #1056, .T. ) ;
#1876 = EDGE_CURVE ( 'NONE', #1229, #414, #2515, .T. ) ;
#1877 = DIRECTION ( 'NONE',  ( -0.000000000000000000, -0.000000000000000000, -1.000000000000000000 ) ) ;
#1878 = CARTESIAN_POINT ( 'NONE',  ( 38.98528137423861750, -67.50000000000005684, -16.00000000000003908 ) ) ;
#1879 = DIRECTION ( 'NONE',  ( -3.413144305457568632E-32, -1.000000000000000000, 1.967543734044216016E-16 ) ) ;
#1880 = CARTESIAN_POINT ( 'NONE',  ( 14.59999999999999254, -32.00000000000000711, 5.000000000000000000 ) ) ;
#1881 = DIRECTION ( 'NONE',  ( 1.000000000000000000, 0.000000000000000000, 0.000000000000000000 ) ) ;
#1882 = ORIENTED_EDGE ( 'NONE', *, *, #817, .T. ) ;
#1883 = DIRECTION ( 'NONE',  ( 1.000000000000000000, 0.000000000000000000, 0.000000000000000000 ) ) ;
#1884 = DIRECTION ( 'NONE',  ( 1.000000000000000000, 0.000000000000000000, 0.000000000000000000 ) ) ;
#1885 = ORIENTED_EDGE ( 'NONE', *, *, #901, .F. ) ;
#1886 = EDGE_LOOP ( 'NONE', ( #791, #107, #2271, #1662 ) ) ;
#1887 = CARTESIAN_POINT ( 'NONE',  ( -27.50000000000000711, -22.50000000000000355, 8.000000000000000000 ) ) ;
#1888 = ADVANCED_FACE ( 'NONE', ( #3 ), #2318, .F. ) ;
#1889 = CARTESIAN_POINT ( 'NONE',  ( 0.000000000000000000, -45.00000000000000711, 0.000000000000000000 ) ) ;
#1890 = VECTOR ( 'NONE', #2449, 1000.000000000000000 ) ;
#1891 = FACE_OUTER_BOUND ( 'NONE', #1509, .T. ) ;
#1892 = CARTESIAN_POINT ( 'NONE',  ( -50.98528137423859619, -62.50000000000000000, -16.00000000000003908 ) ) ;
#1893 = CARTESIAN_POINT ( 'NONE',  ( 10.10763363628554501, -58.82362553415965323, 7.002134907348945170 ) ) ;
#1894 = ORIENTED_EDGE ( 'NONE', *, *, #154, .F. ) ;
#1895 = CIRCLE ( 'NONE', #1637, 2.999999999999999112 ) ;
#1896 = CIRCLE ( 'NONE', #404, 2.000000000000001776 ) ;
#1897 = LINE ( 'NONE', #1856, #1062 ) ;
#1898 = AXIS2_PLACEMENT_3D ( 'NONE', #1404, #767, #354 ) ;
#1899 = DIRECTION ( 'NONE',  ( -3.413144305457568632E-32, -1.000000000000000000, 1.967543734044216016E-16 ) ) ;
#1900 = ORIENTED_EDGE ( 'NONE', *, *, #2717, .F. ) ;
#1901 = VECTOR ( 'NONE', #981, 1000.000000000000000 ) ;
#1902 = CARTESIAN_POINT ( 'NONE',  ( 50.98528137423861750, -67.50000000000005684, -16.00000000000003908 ) ) ;
#1903 = AXIS2_PLACEMENT_3D ( 'NONE', #1708, #451, #656 ) ;
#1904 = AXIS2_PLACEMENT_3D ( 'NONE', #2018, #2647, #1595 ) ;
#1905 = EDGE_LOOP ( 'NONE', ( #2158, #40 ) ) ;
#1906 = DIRECTION ( 'NONE',  ( 1.000000000000000000, 0.000000000000000000, 0.000000000000000000 ) ) ;
#1907 = CARTESIAN_POINT ( 'NONE',  ( 15.99999999999988987, -31.88231626005679686, 7.994326602503976531 ) ) ;
#1908 = ADVANCED_FACE ( 'NONE', ( #835 ), #2302, .F. ) ;
#1909 = CARTESIAN_POINT ( 'NONE',  ( -11.01646210672647896, -55.74690501642879070, 5.703208370658292559 ) ) ;
#1910 = CARTESIAN_POINT ( 'NONE',  ( -13.00000000000000711, -32.00000000000000711, 8.000000000000000000 ) ) ;
#1911 = CARTESIAN_POINT ( 'NONE',  ( 27.50000000000000000, -62.50000000000001421, -20.00000000000003908 ) ) ;
#1912 = EDGE_CURVE ( 'NONE', #676, #1844, #1239, .T. ) ;
#1913 = ORIENTED_EDGE ( 'NONE', *, *, #297, .F. ) ;
#1914 = ADVANCED_FACE ( 'NONE', ( #413 ), #2396, .T. ) ;
#1915 = LINE ( 'NONE', #2375, #2082 ) ;
#1916 = CYLINDRICAL_SURFACE ( 'NONE', #2436, 2.999999999999999112 ) ;
#1917 = CARTESIAN_POINT ( 'NONE',  ( -10.00000000000000711, -32.00000000000000711, 5.000000000000000000 ) ) ;
#1918 = ORIENTED_EDGE ( 'NONE', *, *, #1976, .F. ) ;
#1919 = VERTEX_POINT ( 'NONE', #790 ) ;
#1920 = DIRECTION ( 'NONE',  ( -1.000000000000000000, 0.000000000000000000, 0.000000000000000000 ) ) ;
#1921 = ORIENTED_EDGE ( 'NONE', *, *, #904, .F. ) ;
#1922 = CARTESIAN_POINT ( 'NONE',  ( 0.000000000000000000, -45.00000000000000711, 8.000000000000000000 ) ) ;
#1923 = EDGE_CURVE ( 'NONE', #302, #329, #773, .T. ) ;
#1924 = PLANE ( 'NONE',  #2479 ) ;
#1925 = CARTESIAN_POINT ( 'NONE',  ( 27.50000000000000000, -62.50000000000000000, 8.000000000000000000 ) ) ;
#1926 = VERTEX_POINT ( 'NONE', #2063 ) ;
#1927 = EDGE_CURVE ( 'NONE', #1932, #350, #2705, .T. ) ;
#1928 = PLANE ( 'NONE',  #1641 ) ;
#1929 = PLANE ( 'NONE',  #582 ) ;
#1930 = ORIENTED_EDGE ( 'NONE', *, *, #1017, .F. ) ;
#1931 = EDGE_CURVE ( 'NONE', #2674, #1229, #2586, .T. ) ;
#1932 = VERTEX_POINT ( 'NONE', #710 ) ;
#1933 = DIRECTION ( 'NONE',  ( -0.000000000000000000, -0.000000000000000000, -1.000000000000000000 ) ) ;
#1934 = VERTEX_POINT ( 'NONE', #1938 ) ;
#1935 = FACE_BOUND ( 'NONE', #2572, .T. ) ;
#1936 = CARTESIAN_POINT ( 'NONE',  ( 11.60818676624389845, -62.50000000000000000, 8.000000000000000000 ) ) ;
#1937 = AXIS2_PLACEMENT_3D ( 'NONE', #678, #1960, #1523 ) ;
#1938 = CARTESIAN_POINT ( 'NONE',  ( -30.50000000000000711, -52.77207793864215546, -23.00000000000004619 ) ) ;
#1939 = VERTEX_POINT ( 'NONE', #288 ) ;
#1940 = CIRCLE ( 'NONE', #398, 2.000000000000001776 ) ;
#1941 = DIRECTION ( 'NONE',  ( -1.000000000000000000, 0.000000000000000000, 0.000000000000000000 ) ) ;
#1942 = CARTESIAN_POINT ( 'NONE',  ( 15.82696364950480650, -33.02552732687698267, 7.918501576307031442 ) ) ;
#1943 = VERTEX_POINT ( 'NONE', #271 ) ;
#1944 = EDGE_CURVE ( 'NONE', #2028, #1005, #2723, .T. ) ;
#1945 = AXIS2_PLACEMENT_3D ( 'NONE', #253, #1933, #1355 ) ;
#1946 = VECTOR ( 'NONE', #834, 1000.000000000000000 ) ;
#1947 = LINE ( 'NONE', #638, #1592 ) ;
#1948 = CARTESIAN_POINT ( 'NONE',  ( -27.50000000000000711, -38.25735931288072322, -23.00000000000004974 ) ) ;
#1949 = AXIS2_PLACEMENT_3D ( 'NONE', #203, #1047, #1884 ) ;
#1950 = VECTOR ( 'NONE', #1403, 1000.000000000000000 ) ;
#1951 = VERTEX_POINT ( 'NONE', #1925 ) ;
#1952 = CARTESIAN_POINT ( 'NONE',  ( 16.00000000000066436, -58.11800591026624829, 7.994336377376468405 ) ) ;
#1953 = VECTOR ( 'NONE', #2159, 1000.000000000000000 ) ;
#1954 = PLANE ( 'NONE',  #1288 ) ;
#1955 = CARTESIAN_POINT ( 'NONE',  ( -15.91775920689707213, -58.69762540848754639, 8.000000000000000000 ) ) ;
#1956 = ORIENTED_EDGE ( 'NONE', *, *, #2583, .F. ) ;
#1957 = CARTESIAN_POINT ( 'NONE',  ( 10.58887452284097641, -33.79668044286665918, 5.727532887029060049 ) ) ;
#1958 = VERTEX_POINT ( 'NONE', #44 ) ;
#1959 = EDGE_CURVE ( 'NONE', #2152, #1306, #2596, .T. ) ;
#1960 = DIRECTION ( 'NONE',  ( -3.413144305457568632E-32, -1.000000000000000000, 1.967543734044216016E-16 ) ) ;
#1961 = DIRECTION ( 'NONE',  ( 0.000000000000000000, 0.000000000000000000, -1.000000000000000000 ) ) ;
#1962 = ORIENTED_EDGE ( 'NONE', *, *, #2444, .F. ) ;
#1963 = ORIENTED_EDGE ( 'NONE', *, *, #1530, .F. ) ;
#1964 = EDGE_CURVE ( 'NONE', #2417, #1951, #1556, .T. ) ;
#1965 = DIRECTION ( 'NONE',  ( -1.000000000000000000, -2.654652944323094449E-32, -1.349221823327174429E-16 ) ) ;
#1966 = EDGE_CURVE ( 'NONE', #1853, #193, #2038, .T. ) ;
#1967 = CARTESIAN_POINT ( 'NONE',  ( -15.96547534288236392, -58.46868298171059308, 7.999466622543812022 ) ) ;
#1968 = ORIENTED_EDGE ( 'NONE', *, *, #1648, .F. ) ;
#1969 = FILL_AREA_STYLE_COLOUR ( '', #362 ) ;
#1970 = CARTESIAN_POINT ( 'NONE',  ( 16.00000000000025935, -32.20934674564846034, 7.984404268791008619 ) ) ;
#1971 = EDGE_LOOP ( 'NONE', ( #2614, #2216, #2520, #2185 ) ) ;
#1972 = DIRECTION ( 'NONE',  ( 1.000000000000000000, 0.000000000000000000, 0.000000000000000000 ) ) ;
#1973 = FACE_BOUND ( 'NONE', #1858, .T. ) ;
#1974 = ORIENTED_EDGE ( 'NONE', *, *, #1797, .T. ) ;
#1975 = LINE ( 'NONE', #1812, #1294 ) ;
#1976 = EDGE_CURVE ( 'NONE', #2490, #753, #2400, .T. ) ;
#1977 = DIRECTION ( 'NONE',  ( -1.000000000000000000, 0.000000000000000000, -0.000000000000000000 ) ) ;
#1978 = ORIENTED_EDGE ( 'NONE', *, *, #2113, .T. ) ;
#1979 = CYLINDRICAL_SURFACE ( 'NONE', #491, 2.999999999999999112 ) ;
#1980 = DIRECTION ( 'NONE',  ( 0.7071067811865464625, -0.7071067811865486830, 2.345307417223290386E-16 ) ) ;
#1981 = ORIENTED_EDGE ( 'NONE', *, *, #2320, .F. ) ;
#1982 = B_SPLINE_CURVE_WITH_KNOTS ( 'NONE', 3,
 ( #1166, #2424, #524, #1372, #747, #1232, #787, #2678, #2700, #1634, #142, #2348, #1623, #803, #2466, #2127, #1024, #1846 ),
 .UNSPECIFIED., .F., .F.,
 ( 4, 2, 2, 2, 2, 2, 2, 2, 4 ),
 ( 0.01918949648254604859, 0.01989797146179289253, 0.02060644644103972953, 0.02131492142028656306, 0.02202339639953340006, 0.02273187137878023706, 0.02344034635802707406, 0.02414882133727390759, 0.02485729631652074459 ),
 .UNSPECIFIED. ) ;
#1983 = CARTESIAN_POINT ( 'NONE',  ( 27.50000000000001066, -54.01471862576142513, -20.00000000000003908 ) ) ;
#1984 = CARTESIAN_POINT ( 'NONE',  ( -35.98528137423858908, -62.50000000000000000, 25.51609221829270169 ) ) ;
#1985 = ORIENTED_EDGE ( 'NONE', *, *, #2658, .T. ) ;
#1986 = CIRCLE ( 'NONE', #574, 8.000000000000000000 ) ;
#1987 = VERTEX_POINT ( 'NONE', #685 ) ;
#1988 = CIRCLE ( 'NONE', #933, 2.999999999999999112 ) ;
#1989 = CARTESIAN_POINT ( 'NONE',  ( 55.98528137423861750, -62.50000000000005684, -6.000000000000029310 ) ) ;
#1990 = VECTOR ( 'NONE', #751, 1000.000000000000000 ) ;
#1991 = ADVANCED_FACE ( 'NONE', ( #259 ), #30, .F. ) ;
#1992 = DIRECTION ( 'NONE',  ( 0.000000000000000000, 0.000000000000000000, 1.000000000000000000 ) ) ;
#1993 = AXIS2_PLACEMENT_3D ( 'NONE', #2623, #1992, #950 ) ;
#1994 = ORIENTED_EDGE ( 'NONE', *, *, #2337, .F. ) ;
#1995 = CIRCLE ( 'NONE', #630, 1.600000000000000755 ) ;
#1996 = CARTESIAN_POINT ( 'NONE',  ( 50.98528137423861750, -67.50000000000005684, -16.00000000000003908 ) ) ;
#1997 = DIRECTION ( 'NONE',  ( 1.000000000000000000, 8.786684129385969281E-17, 2.201794655477298742E-16 ) ) ;
#1998 = EDGE_CURVE ( 'NONE', #1086, #329, #670, .T. ) ;
#1999 = ORIENTED_EDGE ( 'NONE', *, *, #1426, .F. ) ;
#2000 = CARTESIAN_POINT ( 'NONE',  ( 27.50000000000000000, -54.01471862576141802, -21.75735931288075165 ) ) ;
#2001 = CARTESIAN_POINT ( 'NONE',  ( 30.50000000000000355, -41.25735931288072322, -23.00000000000004263 ) ) ;
#2002 = VERTEX_POINT ( 'NONE', #1761 ) ;
#2003 = VERTEX_POINT ( 'NONE', #1278 ) ;
#2004 = CARTESIAN_POINT ( 'NONE',  ( 15.99999999999882405, -57.78952749015393664, 7.984370112316812929 ) ) ;
#2005 = DIRECTION ( 'NONE',  ( 0.000000000000000000, 0.000000000000000000, 1.000000000000000000 ) ) ;
#2006 = DIRECTION ( 'NONE',  ( -1.875376730785737226E-16, -1.000000000000000000, 2.201794655477296769E-16 ) ) ;
#2007 = EDGE_LOOP ( 'NONE', ( #150, #564, #970, #1050 ) ) ;
#2008 = EDGE_CURVE ( 'NONE', #2281, #634, #1072, .T. ) ;
#2009 = LINE ( 'NONE', #937, #668 ) ;
#2010 = CARTESIAN_POINT ( 'NONE',  ( 55.98528137423861750, -67.50000000000004263, -6.000000000000029310 ) ) ;
#2011 = ORIENTED_EDGE ( 'NONE', *, *, #2439, .T. ) ;
#2012 = EDGE_CURVE ( 'NONE', #2360, #201, #185, .T. ) ;
#2013 = CARTESIAN_POINT ( 'NONE',  ( 35.98528137423861040, -62.50000000000005684, -4.194140974181637560 ) ) ;
#2014 = DIRECTION ( 'NONE',  ( 1.000000000000000000, 1.420821132704813648E-14, 0.000000000000000000 ) ) ;
#2015 = ORIENTED_EDGE ( 'NONE', *, *, #16, .F. ) ;
#2016 = EDGE_LOOP ( 'NONE', ( #31, #2169 ) ) ;
#2017 = CARTESIAN_POINT ( 'NONE',  ( 12.99999999999999289, -32.00000000000000711, 5.000000000000000000 ) ) ;
#2018 = CARTESIAN_POINT ( 'NONE',  ( 12.99999999999999289, -32.00000000000000711, 0.000000000000000000 ) ) ;
#2019 = ADVANCED_BREP_SHAPE_REPRESENTATION ( '\X2\5de67535673a652f67b6\X0\', ( #766, #544 ), #946 ) ;
#2020 = DIRECTION ( 'NONE',  ( -1.000000000000000000, -1.875376730785737226E-16, 0.000000000000000000 ) ) ;
#2021 = FACE_OUTER_BOUND ( 'NONE', #1134, .T. ) ;
#2022 = CYLINDRICAL_SURFACE ( 'NONE', #1333, 2.000000000000001776 ) ;
#2023 = DIRECTION ( 'NONE',  ( -0.000000000000000000, 0.000000000000000000, -1.000000000000000000 ) ) ;
#2024 = ORIENTED_EDGE ( 'NONE', *, *, #2422, .F. ) ;
#2025 = PLANE ( 'NONE',  #528 ) ;
#2026 = CARTESIAN_POINT ( 'NONE',  ( -15.94521888576205093, -31.41722237350541747, 8.000000000000044409 ) ) ;
#2027 = EDGE_CURVE ( 'NONE', #2608, #2112, #2140, .T. ) ;
#2028 = VERTEX_POINT ( 'NONE', #1955 ) ;
#2029 = VECTOR ( 'NONE', #1607, 1000.000000000000000 ) ;
#2030 = EDGE_LOOP ( 'NONE', ( #878, #2156, #2590, #363, #1128, #1172 ) ) ;
#2031 = DIRECTION ( 'NONE',  ( 0.000000000000000000, -1.967543734044216016E-16, -1.000000000000000000 ) ) ;
#2032 = CARTESIAN_POINT ( 'NONE',  ( -19.50000000000000711, -45.00000000000000711, -19.00000000000004974 ) ) ;
#2033 = AXIS2_PLACEMENT_3D ( 'NONE', #2104, #1704, #224 ) ;
#2034 = CIRCLE ( 'NONE', #1241, 2.000000000000001776 ) ;
#2035 = CIRCLE ( 'NONE', #843, 2.000000000000001776 ) ;
#2036 = CARTESIAN_POINT ( 'NONE',  ( 12.99999999999999289, -58.00000000000000000, 0.000000000000000000 ) ) ;
#2037 = CIRCLE ( 'NONE', #979, 20.99999999999999645 ) ;
#2038 = CIRCLE ( 'NONE', #454, 8.000000000000000000 ) ;
#2039 = CYLINDRICAL_SURFACE ( 'NONE', #1601, 2.000000000000001776 ) ;
#2040 = DIRECTION ( 'NONE',  ( -0.000000000000000000, 0.000000000000000000, -1.000000000000000000 ) ) ;
#2041 = ORIENTED_EDGE ( 'NONE', *, *, #1470, .T. ) ;
#2042 = VECTOR ( 'NONE', #183, 1000.000000000000000 ) ;
#2043 = CARTESIAN_POINT ( 'NONE',  ( 27.50000000000000711, -38.25735931288071612, -26.00000000000003908 ) ) ;
#2044 = EDGE_LOOP ( 'NONE', ( #514, #1716, #1163, #1341 ) ) ;
#2045 = EDGE_CURVE ( 'NONE', #1783, #2201, #1518, .T. ) ;
#2046 = ORIENTED_EDGE ( 'NONE', *, *, #2333, .F. ) ;
#2047 = CARTESIAN_POINT ( 'NONE',  ( -37.85530313790587797, -68.50000000000005684, -6.000000000000043521 ) ) ;
#2048 = CARTESIAN_POINT ( 'NONE',  ( -27.50000000000000711, -62.50000000000000000, -26.00000000000004263 ) ) ;
#2049 = EDGE_CURVE ( 'NONE', #858, #1688, #1498, .T. ) ;
#2050 = CARTESIAN_POINT ( 'NONE',  ( -27.50000000000000711, -22.50000000000000355, -26.00000000000004263 ) ) ;
#2051 = DIRECTION ( 'NONE',  ( -3.413144305457568632E-32, -1.000000000000000000, 1.967543734044216016E-16 ) ) ;
#2052 = CARTESIAN_POINT ( 'NONE',  ( 38.98528137423861750, -67.50000000000005684, -16.00000000000003908 ) ) ;
#2053 = EDGE_LOOP ( 'NONE', ( #693, #1157 ) ) ;
#2054 = CARTESIAN_POINT ( 'NONE',  ( 0.000000000000000000, -45.00000000000000711, 8.000000000000000000 ) ) ;
#2055 = ORIENTED_EDGE ( 'NONE', *, *, #999, .T. ) ;
#2056 = ORIENTED_EDGE ( 'NONE', *, *, #1158, .F. ) ;
#2057 = CARTESIAN_POINT ( 'NONE',  ( 15.65701925002900197, -56.59170104206356200, 7.856564953990452516 ) ) ;
#2058 = DIRECTION ( 'NONE',  ( 0.000000000000000000, 0.000000000000000000, -1.000000000000000000 ) ) ;
#2059 = CYLINDRICAL_SURFACE ( 'NONE', #2345, 3.000000000000000888 ) ;
#2060 = CARTESIAN_POINT ( 'NONE',  ( -30.50000000000000711, -54.01471862576144645, -23.00000000000004619 ) ) ;
#2061 = ADVANCED_FACE ( 'NONE', ( #1090 ), #61, .F. ) ;
#2062 = CARTESIAN_POINT ( 'NONE',  ( -12.60272978449322778, -55.02058077895431865, 6.325874573479111973 ) ) ;
#2063 = CARTESIAN_POINT ( 'NONE',  ( -14.60000000000000675, -58.00000000000000000, 0.000000000000000000 ) ) ;
#2064 = EDGE_CURVE ( 'NONE', #1399, #561, #909, .T. ) ;
#2065 = ORIENTED_EDGE ( 'NONE', *, *, #681, .F. ) ;
#2066 = DIRECTION ( 'NONE',  ( 0.7193398003386547446, 2.429441099613009087E-16, 0.6946583704589935904 ) ) ;
#2067 = CARTESIAN_POINT ( 'NONE',  ( 14.59999999999999254, -58.00000000000000000, 5.000000000000000000 ) ) ;
#2068 = ORIENTED_EDGE ( 'NONE', *, *, #1312, .T. ) ;
#2069 = EDGE_LOOP ( 'NONE', ( #81, #1584 ) ) ;
#2070 = DIRECTION ( 'NONE',  ( 0.000000000000000000, 0.000000000000000000, 1.000000000000000000 ) ) ;
#2071 = LINE ( 'NONE', #1439, #1384 ) ;
#2072 = AXIS2_PLACEMENT_3D ( 'NONE', #2144, #1094, #1492 ) ;
#2073 = CARTESIAN_POINT ( 'NONE',  ( 12.99999999999999289, -58.00000000000000000, 10.10628645568517214 ) ) ;
#2074 = CARTESIAN_POINT ( 'NONE',  ( -27.50000000000000711, -62.50000000000000000, -26.00000000000004263 ) ) ;
#2075 = VECTOR ( 'NONE', #1064, 999.9999999999998863 ) ;
#2076 = VECTOR ( 'NONE', #1488, 1000.000000000000000 ) ;
#2077 = EDGE_CURVE ( 'NONE', #1783, #1919, #1336, .T. ) ;
#2078 = CARTESIAN_POINT ( 'NONE',  ( 11.60818676624389845, -62.50000000000000000, 8.000000000000000000 ) ) ;
#2079 = FACE_OUTER_BOUND ( 'NONE', #960, .T. ) ;
#2080 = CARTESIAN_POINT ( 'NONE',  ( -14.88785344437071601, -34.33994327884565934, 7.537304800504843527 ) ) ;
#2081 = VECTOR ( 'NONE', #1267, 1000.000000000000000 ) ;
#2082 = VECTOR ( 'NONE', #2183, 1000.000000000000000 ) ;
#2083 = EDGE_LOOP ( 'NONE', ( #2531, #1882 ) ) ;
#2084 = ADVANCED_FACE ( 'NONE', ( #2021 ), #748, .F. ) ;
#2085 = CARTESIAN_POINT ( 'NONE',  ( 38.98528137423861750, -67.50000000000005684, -14.00000000000003730 ) ) ;
#2086 = EDGE_CURVE ( 'NONE', #1188, #2411, #1598, .T. ) ;
#2087 = CARTESIAN_POINT ( 'NONE',  ( 0.000000000000000000, -45.00000000000000711, 8.000000000000000000 ) ) ;
#2088 = ORIENTED_EDGE ( 'NONE', *, *, #2287, .T. ) ;
#2089 = AXIS2_PLACEMENT_3D ( 'NONE', #2120, #468, #1114 ) ;
#2090 = VECTOR ( 'NONE', #1965, 1000.000000000000000 ) ;
#2091 = EDGE_LOOP ( 'NONE', ( #682, #2356, #377, #2501, #272 ) ) ;
#2092 = DIRECTION ( 'NONE',  ( -3.413144305457568632E-32, -1.000000000000000000, 1.967543734044216016E-16 ) ) ;
#2093 = DIRECTION ( 'NONE',  ( 1.000000000000000000, 0.000000000000000000, 0.000000000000000000 ) ) ;
#2094 = DIRECTION ( 'NONE',  ( -0.7071067811865483499, -0.7071067811865467956, 4.372196160242406829E-17 ) ) ;
#2095 = CARTESIAN_POINT ( 'NONE',  ( -13.15488991394217244, -35.00156986539120396, 6.632252868391404377 ) ) ;
#2096 = ORIENTED_EDGE ( 'NONE', *, *, #2494, .F. ) ;
#2097 = B_SPLINE_CURVE_WITH_KNOTS ( 'NONE', 3,
 ( #478, #1319, #2160, #2118, #696, #227, #17, #270, #1749, #1075, #862, #654, #2341, #449, #140, #112, #996, #555, #2282, #1651, #2245, #2677, #2465, #389, #1218, #1438, #775, #1401, #2057, #1834, #1192, #2686, #2004, #1845 ),
 .UNSPECIFIED., .F., .F.,
 ( 4, 2, 2, 2, 2, 2, 2, 2, 2, 2, 2, 2, 2, 2, 2, 2, 4 ),
 ( 0.01711037300822459278, 0.01773453172427629648, 0.01835869044032800018, 0.01898284915637970388, 0.01960700787243140758, 0.02023116658848311128, 0.02085532530453481498, 0.02147948402058651868, 0.02210364273663822238, 0.02272780145268992608, 0.02335196016874162978, 0.02397611888479333347, 0.02460027760084503717, 0.02522443631689674087, 0.02584859503294844457, 0.02647275374900015521, 0.02709691246505186238 ),
 .UNSPECIFIED. ) ;
#2098 = CARTESIAN_POINT ( 'NONE',  ( 14.59999999999999254, -58.00000000000000000, 10.10628645568517214 ) ) ;
#2099 = DIRECTION ( 'NONE',  ( 0.000000000000000000, 0.000000000000000000, 1.000000000000000000 ) ) ;
#2100 = VERTEX_POINT ( 'NONE', #342 ) ;
#2101 = EDGE_CURVE ( 'NONE', #2577, #706, #1167, .T. ) ;
#2102 = VERTEX_POINT ( 'NONE', #973 ) ;
#2103 = LINE ( 'NONE', #207, #2171 ) ;
#2104 = CARTESIAN_POINT ( 'NONE',  ( -87.19707759714370354, -68.50000000000005684, -26.00000000000004974 ) ) ;
#2105 = DIRECTION ( 'NONE',  ( -0.000000000000000000, -1.000000000000000000, 2.201794655477297262E-16 ) ) ;
#2106 = DIRECTION ( 'NONE',  ( 1.000000000000000000, 0.000000000000000000, 0.000000000000000000 ) ) ;
#2107 = DIRECTION ( 'NONE',  ( 1.000000000000000000, 0.000000000000000000, 0.000000000000000000 ) ) ;
#2108 = CARTESIAN_POINT ( 'NONE',  ( 10.45867785671139671, -59.60963504646526445, 7.406695966547347965 ) ) ;
#2109 = ORIENTED_EDGE ( 'NONE', *, *, #2626, .F. ) ;
#2110 = CARTESIAN_POINT ( 'NONE',  ( -22.50000000000000355, -62.50000000000000000, 0.000000000000000000 ) ) ;
#2111 = DIRECTION ( 'NONE',  ( 1.000000000000000000, 0.000000000000000000, 0.000000000000000000 ) ) ;
#2112 = VERTEX_POINT ( 'NONE', #1613 ) ;
#2113 = EDGE_CURVE ( 'NONE', #1326, #740, #1624, .T. ) ;
#2114 = DIRECTION ( 'NONE',  ( 1.000000000000000000, 8.786684129385966815E-17, 1.349221823327174182E-16 ) ) ;
#2115 = EDGE_CURVE ( 'NONE', #706, #2281, #513, .T. ) ;
#2116 = DIRECTION ( 'NONE',  ( 0.000000000000000000, 0.000000000000000000, 1.000000000000000000 ) ) ;
#2117 = AXIS2_PLACEMENT_3D ( 'NONE', #1892, #199, #1696 ) ;
#2118 = CARTESIAN_POINT ( 'NONE',  ( 10.08515990522919203, -57.26631339590817760, 6.148382657207829283 ) ) ;
#2119 = DIRECTION ( 'NONE',  ( 1.000000000000000000, 0.000000000000000000, 0.000000000000000000 ) ) ;
#2120 = CARTESIAN_POINT ( 'NONE',  ( 0.000000000000000000, -45.00000000000000711, 8.000000000000000000 ) ) ;
#2121 = VERTEX_POINT ( 'NONE', #1361 ) ;
#2122 = CIRCLE ( 'NONE', #532, 20.99999999999999645 ) ;
#2123 = VECTOR ( 'NONE', #679, 1000.000000000000000 ) ;
#2124 = CARTESIAN_POINT ( 'NONE',  ( -12.75358440974481944, -60.99925196689463291, 7.983142282826344527 ) ) ;
#2125 = CIRCLE ( 'NONE', #2219, 20.99999999999999645 ) ;
#2126 = CARTESIAN_POINT ( 'NONE',  ( -17.49999999999999645, -39.00000000000000711, -23.00000000000004974 ) ) ;
#2127 = CARTESIAN_POINT ( 'NONE',  ( 13.23090900258662472, -28.99940332912207452, 7.997871368906948497 ) ) ;
#2128 = EDGE_LOOP ( 'NONE', ( #238, #2295, #85, #1824 ) ) ;
#2129 = ORIENTED_EDGE ( 'NONE', *, *, #393, .T. ) ;
#2130 = CARTESIAN_POINT ( 'NONE',  ( -13.00000000000000711, -58.00000000000000000, 10.10628645568517214 ) ) ;
#2131 = AXIS2_PLACEMENT_3D ( 'NONE', #1815, #2206, #545 ) ;
#2132 = ORIENTED_EDGE ( 'NONE', *, *, #939, .F. ) ;
#2133 = EDGE_CURVE ( 'NONE', #749, #2312, #1774, .T. ) ;
#2134 = VECTOR ( 'NONE', #1612, 1000.000000000000000 ) ;
#2135 = ORIENTED_EDGE ( 'NONE', *, *, #1158, .T. ) ;
#2136 = DIRECTION ( 'NONE',  ( 1.000000000000000000, 0.000000000000000000, 0.000000000000000000 ) ) ;
#2137 = EDGE_CURVE ( 'NONE', #246, #858, #585, .T. ) ;
#2138 = CARTESIAN_POINT ( 'NONE',  ( -10.13537294228175156, -57.08818294217624612, 6.058409977254265222 ) ) ;
#2139 = DIRECTION ( 'NONE',  ( 0.000000000000000000, 1.967543734044216262E-16, 1.000000000000000000 ) ) ;
#2140 = LINE ( 'NONE', #2151, #2353 ) ;
#2141 = ORIENTED_EDGE ( 'NONE', *, *, #1073, .F. ) ;
#2142 = DIRECTION ( 'NONE',  ( 3.413144305457568632E-32, 1.000000000000000000, -1.967543734044216016E-16 ) ) ;
#2143 = ORIENTED_EDGE ( 'NONE', *, *, #2579, .F. ) ;
#2144 = CARTESIAN_POINT ( 'NONE',  ( 38.98528137423861750, -62.50000000000000000, -16.00000000000003908 ) ) ;
#2145 = DIRECTION ( 'NONE',  ( 0.7071067811865486830, 0.7071067811865464625, 0.000000000000000000 ) ) ;
#2146 = ORIENTED_EDGE ( 'NONE', *, *, #92, .T. ) ;
#2147 = ORIENTED_EDGE ( 'NONE', *, *, #659, .T. ) ;
#2148 = DIRECTION ( 'NONE',  ( -0.7071067811865472397, -0.7071067811865479058, 0.000000000000000000 ) ) ;
#2149 = ADVANCED_FACE ( 'NONE', ( #328 ), #2635, .F. ) ;
#2150 = DIRECTION ( 'NONE',  ( -1.000000000000000000, -0.000000000000000000, -2.201794655477298988E-16 ) ) ;
#2151 = CARTESIAN_POINT ( 'NONE',  ( -27.50000000000000711, -48.00000000000000000, 7.999999999999996447 ) ) ;
#2152 = VERTEX_POINT ( 'NONE', #526 ) ;
#2153 = LINE ( 'NONE', #1129, #2662 ) ;
#2154 = DIRECTION ( 'NONE',  ( 1.000000000000000000, 0.000000000000000000, 0.000000000000000000 ) ) ;
#2155 = VERTEX_POINT ( 'NONE', #129 ) ;
#2156 = ORIENTED_EDGE ( 'NONE', *, *, #2284, .T. ) ;
#2157 = CARTESIAN_POINT ( 'NONE',  ( -27.50000000000000711, -48.00000000000000711, -20.00000000000004974 ) ) ;
#2158 = ORIENTED_EDGE ( 'NONE', *, *, #1088, .F. ) ;
#2159 = DIRECTION ( 'NONE',  ( 1.000000000000000000, -7.745271583493977455E-32, -2.201794655477302193E-16 ) ) ;
#2160 = CARTESIAN_POINT ( 'NONE',  ( 10.01685934602495998, -57.63195020756881348, 6.341797338294996145 ) ) ;
#2161 = PLANE ( 'NONE',  #1330 ) ;
#2162 = VECTOR ( 'NONE', #856, 1000.000000000000000 ) ;
#2163 = CARTESIAN_POINT ( 'NONE',  ( 27.50000000000000355, -62.50000000000000000, 25.51609221829270879 ) ) ;
#2164 = ORIENTED_EDGE ( 'NONE', *, *, #2115, .F. ) ;
#2165 = ADVANCED_FACE ( 'NONE', ( #2413 ), #736, .F. ) ;
#2166 = CARTESIAN_POINT ( 'NONE',  ( -12.05515867925865514, -60.85708244584485271, 7.928754743616654110 ) ) ;
#2167 = CARTESIAN_POINT ( 'NONE',  ( 10.72159330798583987, -33.96271087175782100, 5.699448933054972244 ) ) ;
#2168 = CIRCLE ( 'NONE', #90, 1.600000000000000755 ) ;
#2169 = ORIENTED_EDGE ( 'NONE', *, *, #36, .T. ) ;
#2170 = ADVANCED_FACE ( 'NONE', ( #2668 ), #557, .F. ) ;
#2171 = VECTOR ( 'NONE', #1051, 1000.000000000000000 ) ;
#2172 =( GEOMETRIC_REPRESENTATION_CONTEXT ( 3 ) GLOBAL_UNCERTAINTY_ASSIGNED_CONTEXT ( ( #2388 ) ) GLOBAL_UNIT_ASSIGNED_CONTEXT ( ( #1313, #2560, #2346 ) ) REPRESENTATION_CONTEXT ( 'NONE', 'WORKASPACE' ) );
#2173 = ADVANCED_FACE ( 'NONE', ( #963 ), #2247, .F. ) ;
#2174 = DIRECTION ( 'NONE',  ( 0.000000000000000000, 0.000000000000000000, 1.000000000000000000 ) ) ;
#2175 = DIRECTION ( 'NONE',  ( 1.000000000000000000, 0.000000000000000000, 0.000000000000000000 ) ) ;
#2176 = AXIS2_PLACEMENT_3D ( 'NONE', #1351, #2576, #2599 ) ;
#2177 = AXIS2_PLACEMENT_3D ( 'NONE', #1001, #396, #850 ) ;
#2178 = VERTEX_POINT ( 'NONE', #353 ) ;
#2179 = CARTESIAN_POINT ( 'NONE',  ( 55.98528137423861750, -62.50000000000005684, -26.00000000000003197 ) ) ;
#2180 = VECTOR ( 'NONE', #2493, 1000.000000000000000 ) ;
#2181 = DIRECTION ( 'NONE',  ( 1.000000000000000000, -4.336808689942014655E-17, 0.000000000000000000 ) ) ;
#2182 = ORIENTED_EDGE ( 'NONE', *, *, #2646, .F. ) ;
#2183 = DIRECTION ( 'NONE',  ( -0.5839517053348524112, -0.5839517053348509679, -0.5639156068713093717 ) ) ;
#2184 = CARTESIAN_POINT ( 'NONE',  ( -27.50000000000001421, -62.50000000000000000, 25.51609221829270169 ) ) ;
#2185 = ORIENTED_EDGE ( 'NONE', *, *, #173, .F. ) ;
#2186 = CARTESIAN_POINT ( 'NONE',  ( -19.50000000000000711, -30.50000000000000355, 8.000000000000000000 ) ) ;
#2187 = EDGE_CURVE ( 'NONE', #1525, #2305, #804, .T. ) ;
#2188 = ORIENTED_EDGE ( 'NONE', *, *, #1579, .T. ) ;
#2189 = DIRECTION ( 'NONE',  ( 0.7071067811865486830, 0.7071067811865464625, 5.916456789157589416E-31 ) ) ;
#2190 = B_SPLINE_CURVE_WITH_KNOTS ( 'NONE', 3,
 ( #1804, #1364, #1829, #570, #2681, #780, #1627, #2429, #1417, #530, #89, #938, #1790, #1156, #1779, #2638, #383, #2095, #426, #1851, #436, #616, #633, #1683, #2080, #188, #158, #1044, #602, #2329, #1697, #2291, #1670, #809 ),
 .UNSPECIFIED., .F., .F.,
 ( 4, 2, 2, 2, 2, 2, 2, 2, 2, 2, 2, 2, 2, 2, 2, 2, 4 ),
 ( 0.007311506379829411581, 0.007937241030254926430, 0.008562975680680441279, 0.009188710331105956128, 0.009814444981531470977, 0.01044017963195698583, 0.01106591428238250067, 0.01169164893280801552, 0.01231738358323353037, 0.01294311823365904522, 0.01356885288408456007, 0.01419458753451007492, 0.01482032218493559150, 0.01544605683536110462, 0.01607179148578662120, 0.01669752613621213605, 0.01732326078663764743 ),
 .UNSPECIFIED. ) ;
#2191 = CARTESIAN_POINT ( 'NONE',  ( 7.715598108667967914, -62.50000000000000000, 7.781827689344526178 ) ) ;
#2192 = DIRECTION ( 'NONE',  ( -0.000000000000000000, -0.000000000000000000, 1.000000000000000000 ) ) ;
#2193 = VERTEX_POINT ( 'NONE', #1827 ) ;
#2194 = CARTESIAN_POINT ( 'NONE',  ( -37.85530313790587797, -62.50000000000000000, -6.000000000000040856 ) ) ;
#2195 = CARTESIAN_POINT ( 'NONE',  ( 15.65801706788064607, -33.40654720526835320, 7.856936942452904304 ) ) ;
#2196 = EDGE_LOOP ( 'NONE', ( #388, #1709, #1537, #590 ) ) ;
#2197 = CARTESIAN_POINT ( 'NONE',  ( 20.99999999999999645, -45.00000000000000711, 8.000000000000000000 ) ) ;
#2198 = FACE_OUTER_BOUND ( 'NONE', #148, .T. ) ;
#2199 = EDGE_LOOP ( 'NONE', ( #2473, #711, #1338, #133 ) ) ;
#2200 = ADVANCED_FACE ( 'NONE', ( #2426, #2648, #102, #725, #1571, #312 ), #1376, .F. ) ;
#2201 = VERTEX_POINT ( 'NONE', #2074 ) ;
#2202 = CARTESIAN_POINT ( 'NONE',  ( -37.85530313790587797, -62.50000000000000000, -6.000000000000044409 ) ) ;
#2203 = EDGE_CURVE ( 'NONE', #2411, #20, #368, .T. ) ;
#2204 = ADVANCED_FACE ( 'NONE', ( #392 ), #806, .F. ) ;
#2205 = CARTESIAN_POINT ( 'NONE',  ( -17.49999999999999645, -42.00000000000000711, -23.00000000000004974 ) ) ;
#2206 = DIRECTION ( 'NONE',  ( -0.000000000000000000, 0.000000000000000000, -1.000000000000000000 ) ) ;
#2207 = VERTEX_POINT ( 'NONE', #423 ) ;
#2208 = CARTESIAN_POINT ( 'NONE',  ( -10.34870636088559692, -30.57969990840614471, 7.313558846581535100 ) ) ;
#2209 = CARTESIAN_POINT ( 'NONE',  ( 38.98528137423861750, -62.50000000000000000, -14.00000000000003730 ) ) ;
#2210 = ORIENTED_EDGE ( 'NONE', *, *, #280, .T. ) ;
#2211 = CARTESIAN_POINT ( 'NONE',  ( 28.74264068711927678, -53.49999999999999289, -23.00000000000003908 ) ) ;
#2212 = DIRECTION ( 'NONE',  ( -0.7071067811865464625, 0.7071067811865486830, -2.023929239686235922E-16 ) ) ;
#2213 = EDGE_LOOP ( 'NONE', ( #2559, #189, #1621, #967 ) ) ;
#2214 = CIRCLE ( 'NONE', #2573, 2.999999999999999112 ) ;
#2215 =( BOUNDED_CURVE ( )  B_SPLINE_CURVE ( 3, ( #2534, #1018, #419, #636 ),
 .UNSPECIFIED., .F., .F. ) 
 B_SPLINE_CURVE_WITH_KNOTS ( ( 4, 4 ),
 ( 1.570796326794896780, 3.141592653589793116 ),
 .UNSPECIFIED. ) 
 CURVE ( )  GEOMETRIC_REPRESENTATION_ITEM ( )  RATIONAL_B_SPLINE_CURVE ( ( 1.000000000000000000, 0.8047378541243650485, 0.8047378541243650485, 1.000000000000000000 ) ) 
 REPRESENTATION_ITEM ( '' )  );
#2216 = ORIENTED_EDGE ( 'NONE', *, *, #579, .T. ) ;
#2217 = PLANE ( 'NONE',  #934 ) ;
#2218 = VECTOR ( 'NONE', #1524, 1000.000000000000000 ) ;
#2219 = AXIS2_PLACEMENT_3D ( 'NONE', #434, #2595, #2369 ) ;
#2220 = CARTESIAN_POINT ( 'NONE',  ( -28.74264068711929099, -53.50000000000001421, -23.00000000000003908 ) ) ;
#2221 = EDGE_CURVE ( 'NONE', #1657, #2735, #1222, .T. ) ;
#2222 = VECTOR ( 'NONE', #1997, 1000.000000000000000 ) ;
#2223 = CARTESIAN_POINT ( 'NONE',  ( 0.000000000000000000, -45.00000000000000711, 0.000000000000000000 ) ) ;
#2224 = EDGE_CURVE ( 'NONE', #1987, #193, #599, .T. ) ;
#2225 = AXIS2_PLACEMENT_3D ( 'NONE', #1636, #1210, #2719 ) ;
#2226 = ORIENTED_EDGE ( 'NONE', *, *, #416, .T. ) ;
#2227 = AXIS2_PLACEMENT_3D ( 'NONE', #1026, #611, #1864 ) ;
#2228 = DIRECTION ( 'NONE',  ( 1.000000000000000000, 0.000000000000000000, 0.000000000000000000 ) ) ;
#2229 = DIRECTION ( 'NONE',  ( 0.000000000000000000, 1.000000000000000000, 0.000000000000000000 ) ) ;
#2230 = ORIENTED_EDGE ( 'NONE', *, *, #393, .F. ) ;
#2231 = DIRECTION ( 'NONE',  ( 1.875376730785737226E-16, 1.000000000000000000, 0.000000000000000000 ) ) ;
#2232 = CARTESIAN_POINT ( 'NONE',  ( 0.000000000000000000, -45.00000000000000711, 8.000000000000000000 ) ) ;
#2233 = ORIENTED_EDGE ( 'NONE', *, *, #2455, .F. ) ;
#2234 = ORIENTED_EDGE ( 'NONE', *, *, #901, .T. ) ;
#2235 = LINE ( 'NONE', #339, #495 ) ;
#2236 = DIRECTION ( 'NONE',  ( -3.413144305457568632E-32, -1.000000000000000000, 1.967543734044216016E-16 ) ) ;
#2237 = DIRECTION ( 'NONE',  ( 1.349221823327174429E-16, -1.967543734044216016E-16, -1.000000000000000000 ) ) ;
#2238 = PLANE ( 'NONE',  #799 ) ;
#2239 = CARTESIAN_POINT ( 'NONE',  ( 14.59999999999999254, -32.00000000000000711, 10.10628645568517214 ) ) ;
#2240 = ORIENTED_EDGE ( 'NONE', *, *, #242, .T. ) ;
#2241 = DIRECTION ( 'NONE',  ( 0.000000000000000000, 0.000000000000000000, 1.000000000000000000 ) ) ;
#2242 = CYLINDRICAL_SURFACE ( 'NONE', #534, 1.600000000000000755 ) ;
#2243 = ORIENTED_EDGE ( 'NONE', *, *, #984, .F. ) ;
#2244 = ORIENTED_EDGE ( 'NONE', *, *, #2642, .T. ) ;
#2245 = CARTESIAN_POINT ( 'NONE',  ( 13.88128595115245645, -55.12627397829084686, 7.033181486662378745 ) ) ;
#2246 = CARTESIAN_POINT ( 'NONE',  ( 50.98528137423861750, -67.50000000000005684, -14.00000000000003730 ) ) ;
#2247 = CYLINDRICAL_SURFACE ( 'NONE', #1993, 2.999999999999999112 ) ;
#2248 = DIRECTION ( 'NONE',  ( 0.000000000000000000, 0.000000000000000000, 1.000000000000000000 ) ) ;
#2249 = CARTESIAN_POINT ( 'NONE',  ( 27.50000000000000711, -30.50000000000000711, -26.00000000000004263 ) ) ;
#2250 = ORIENTED_EDGE ( 'NONE', *, *, #1205, .F. ) ;
#2251 = ADVANCED_FACE ( 'NONE', ( #1040 ), #1454, .T. ) ;
#2252 = DIRECTION ( 'NONE',  ( 0.000000000000000000, 1.000000000000000000, 0.000000000000000000 ) ) ;
#2253 = VERTEX_POINT ( 'NONE', #2298 ) ;
#2254 = EDGE_CURVE ( 'NONE', #2121, #1257, #53, .T. ) ;
#2255 = CIRCLE ( 'NONE', #2474, 1.600000000000000755 ) ;
#2256 = VERTEX_POINT ( 'NONE', #155 ) ;
#2257 = DIRECTION ( 'NONE',  ( -0.000000000000000000, -0.000000000000000000, -1.000000000000000000 ) ) ;
#2258 = DIRECTION ( 'NONE',  ( -0.7071067811865486830, -0.7071067811865464625, -5.916456789157589416E-31 ) ) ;
#2259 = VECTOR ( 'NONE', #2066, 999.9999999999998863 ) ;
#2260 = CIRCLE ( 'NONE', #1553, 1.600000000000000755 ) ;
#2261 = DIRECTION ( 'NONE',  ( -1.000000000000000000, -0.000000000000000000, -1.734723475976806848E-16 ) ) ;
#2262 = VECTOR ( 'NONE', #743, 1000.000000000000000 ) ;
#2263 = VECTOR ( 'NONE', #2607, 1000.000000000000000 ) ;
#2264 = LINE ( 'NONE', #1054, #274 ) ;
#2265 = DIRECTION ( 'NONE',  ( -0.7193398003386551887, 1.366770724097957955E-16, 0.6946583704589930353 ) ) ;
#2266 = EDGE_LOOP ( 'NONE', ( #2451, #2739, #502, #461 ) ) ;
#2267 = VECTOR ( 'NONE', #556, 1000.000000000000000 ) ;
#2268 = CARTESIAN_POINT ( 'NONE',  ( -50.98528137423859619, -67.50000000000005684, -16.00000000000003908 ) ) ;
#2269 = ORIENTED_EDGE ( 'NONE', *, *, #1506, .F. ) ;
#2270 = EDGE_CURVE ( 'NONE', #740, #522, #2480, .T. ) ;
#2271 = ORIENTED_EDGE ( 'NONE', *, *, #2045, .F. ) ;
#2272 = DIRECTION ( 'NONE',  ( 1.000000000000000000, 0.000000000000000000, 0.000000000000000000 ) ) ;
#2273 = CARTESIAN_POINT ( 'NONE',  ( -10.00000000000000711, -32.00000000000000711, 5.000000000000000000 ) ) ;
#2274 = FACE_OUTER_BOUND ( 'NONE', #78, .T. ) ;
#2275 = CARTESIAN_POINT ( 'NONE',  ( -13.33043414028652229, -54.99611242782965803, 6.729881161409621448 ) ) ;
#2276 = CARTESIAN_POINT ( 'NONE',  ( 9.999999999999088729, -58.20688459504339818, 6.661285200836672082 ) ) ;
#2277 = ORIENTED_EDGE ( 'NONE', *, *, #764, .F. ) ;
#2278 = CARTESIAN_POINT ( 'NONE',  ( -10.10757791210802381, -58.82293516272660128, 7.001746634400489278 ) ) ;
#2279 = DIRECTION ( 'NONE',  ( -0.000000000000000000, -0.000000000000000000, -1.000000000000000000 ) ) ;
#2280 = ORIENTED_EDGE ( 'NONE', *, *, #83, .F. ) ;
#2281 = VERTEX_POINT ( 'NONE', #1848 ) ;
#2282 = CARTESIAN_POINT ( 'NONE',  ( 13.34178826519237759, -55.01387981936315441, 6.737061301618508580 ) ) ;
#2283 = DIRECTION ( 'NONE',  ( 1.875376730785737226E-16, -1.000000000000000000, 1.967543734044216262E-16 ) ) ;
#2284 = EDGE_CURVE ( 'NONE', #815, #1005, #1250, .T. ) ;
#2285 = LINE ( 'NONE', #2314, #180 ) ;
#2286 = FACE_OUTER_BOUND ( 'NONE', #1352, .T. ) ;
#2287 = EDGE_CURVE ( 'NONE', #723, #1934, #1261, .T. ) ;
#2288 = ADVANCED_FACE ( 'NONE', ( #2286 ), #1837, .F. ) ;
#2289 = FACE_OUTER_BOUND ( 'NONE', #1545, .T. ) ;
#2290 = LINE ( 'NONE', #2328, #794 ) ;
#2291 = CARTESIAN_POINT ( 'NONE',  ( -15.97755271753992545, -32.42134685651889470, 7.973866508433010480 ) ) ;
#2292 = ORIENTED_EDGE ( 'NONE', *, *, #333, .F. ) ;
#2293 = CARTESIAN_POINT ( 'NONE',  ( -37.85530313790587797, -67.50000000000005684, -6.000000000000043521 ) ) ;
#2294 = CARTESIAN_POINT ( 'NONE',  ( 48.74264068711928388, -59.50000000000004974, -23.00000000000003553 ) ) ;
#2295 = ORIENTED_EDGE ( 'NONE', *, *, #1912, .T. ) ;
#2296 = VERTEX_POINT ( 'NONE', #1666 ) ;
#2297 = CARTESIAN_POINT ( 'NONE',  ( 9.999999999999992895, -32.00000000000000711, 6.546084143057011140 ) ) ;
#2298 = CARTESIAN_POINT ( 'NONE',  ( -19.50000000000000711, -22.50000000000000355, 8.000000000000000000 ) ) ;
#2299 = EDGE_CURVE ( 'NONE', #2334, #2577, #381, .T. ) ;
#2300 = CARTESIAN_POINT ( 'NONE',  ( -38.98528137423858908, -67.50000000000005684, -16.00000000000003908 ) ) ;
#2301 = LINE ( 'NONE', #632, #1946 ) ;
#2302 = CYLINDRICAL_SURFACE ( 'NONE', #2177, 2.999999999999999112 ) ;
#2303 = CIRCLE ( 'NONE', #493, 20.99999999999999645 ) ;
#2304 = AXIS2_PLACEMENT_3D ( 'NONE', #164, #1411, #2272 ) ;
#2305 = VERTEX_POINT ( 'NONE', #832 ) ;
#2306 = VECTOR ( 'NONE', #197, 1000.000000000000000 ) ;
#2307 = PLANE ( 'NONE',  #1727 ) ;
#2308 = DIRECTION ( 'NONE',  ( 1.000000000000000000, 0.000000000000000000, 0.000000000000000000 ) ) ;
#2309 = ADVANCED_FACE ( 'NONE', ( #2274 ), #2688, .F. ) ;
#2310 = ORIENTED_EDGE ( 'NONE', *, *, #2387, .F. ) ;
#2311 = AXIS2_PLACEMENT_3D ( 'NONE', #310, #2236, #2621 ) ;
#2312 = VERTEX_POINT ( 'NONE', #2743 ) ;
#2313 = DIRECTION ( 'NONE',  ( -1.000000000000000000, -0.000000000000000000, -0.000000000000000000 ) ) ;
#2314 = CARTESIAN_POINT ( 'NONE',  ( 5.319899557242833718E-15, -59.50000000000000711, -23.00000000000003908 ) ) ;
#2315 = DIRECTION ( 'NONE',  ( 0.000000000000000000, 0.000000000000000000, 1.000000000000000000 ) ) ;
#2316 = CARTESIAN_POINT ( 'NONE',  ( -15.31730057440775283, -56.08370485152473606, 7.723884724528510048 ) ) ;
#2317 = PLANE ( 'NONE',  #752 ) ;
#2318 = CYLINDRICAL_SURFACE ( 'NONE', #2532, 2.000000000000001776 ) ;
#2319 = EDGE_LOOP ( 'NONE', ( #810, #475, #1788, #1549 ) ) ;
#2320 = EDGE_CURVE ( 'NONE', #676, #71, #369, .T. ) ;
#2321 = CARTESIAN_POINT ( 'NONE',  ( -13.00000000000000711, -32.00000000000000711, 5.000000000000000000 ) ) ;
#2322 = PLANE ( 'NONE',  #889 ) ;
#2323 = ORIENTED_EDGE ( 'NONE', *, *, #1289, .T. ) ;
#2324 = DIRECTION ( 'NONE',  ( -3.413144305457568632E-32, -1.000000000000000000, 1.967543734044216016E-16 ) ) ;
#2325 = CARTESIAN_POINT ( 'NONE',  ( 19.50000000000000711, -25.50000000000000355, -26.00000000000004263 ) ) ;
#2326 = LINE ( 'NONE', #1307, #410 ) ;
#2327 = CARTESIAN_POINT ( 'NONE',  ( -11.51606607736187371, -55.38472705719284761, 5.815141963602872721 ) ) ;
#2328 = CARTESIAN_POINT ( 'NONE',  ( 27.50000000000000711, -25.49999999999999645, -26.00000000000004263 ) ) ;
#2329 = CARTESIAN_POINT ( 'NONE',  ( -15.82569790751597871, -33.02898338342542672, 7.918050460572213289 ) ) ;
#2330 = ORIENTED_EDGE ( 'NONE', *, *, #1079, .T. ) ;
#2331 = SURFACE_STYLE_FILL_AREA ( #248 ) ;
#2332 = LINE ( 'NONE', #234, #1290 ) ;
#2333 = EDGE_CURVE ( 'NONE', #231, #883, #1053, .T. ) ;
#2334 = VERTEX_POINT ( 'NONE', #1469 ) ;
#2335 = ORIENTED_EDGE ( 'NONE', *, *, #367, .T. ) ;
#2336 = LINE ( 'NONE', #1887, #1771 ) ;
#2337 = EDGE_CURVE ( 'NONE', #1120, #1943, #1027, .T. ) ;
#2338 = ORIENTED_EDGE ( 'NONE', *, *, #1407, .F. ) ;
#2339 = CARTESIAN_POINT ( 'NONE',  ( 55.98528137423861750, -67.50000000000005684, -26.00000000000003197 ) ) ;
#2340 = CLOSED_SHELL ( 'NONE', ( #819, #1389, #1440, #1190, #2512, #1888, #440, #1455, #1914, #1513, #2149, #1836, #2204, #492, #1643, #584, #929, #1236, #1374, #2288, #209, #2200, #959, #777, #1991, #2309, #714, #1360, #380, #1565, #1100, #698, #813, #1661, #1066, #861, #1223, #2728, #465, #988, #1322, #1049, #1138, #2251, #695, #1135, #1169, #645, #852, #830, #2084, #1679, #885, #2410, #2173, #156, #1105, #166, #498, #845, #138, #1039, #311, #2170, #2165, #1625, #104, #1591, #1357, #1908, #2666, #741, #2061, #882, #733 ) ) ;
#2341 = CARTESIAN_POINT ( 'NONE',  ( 11.70247493801488581, -55.28818580582186826, 5.886247989527984004 ) ) ;
#2342 = CARTESIAN_POINT ( 'NONE',  ( -4.859595533697728342, -62.49999999999998579, 7.477886719870329379 ) ) ;
#2343 = CARTESIAN_POINT ( 'NONE',  ( -87.19707759714370354, -39.00000000000000711, -26.00000000000005684 ) ) ;
#2344 = ORIENTED_EDGE ( 'NONE', *, *, #1854, .F. ) ;
#2345 = AXIS2_PLACEMENT_3D ( 'NONE', #1009, #2702, #196 ) ;
#2346 =( NAMED_UNIT ( * ) SI_UNIT ( $, .STERADIAN. ) SOLID_ANGLE_UNIT ( ) );
#2347 = CARTESIAN_POINT ( 'NONE',  ( 11.01463939705421957, -34.25869747788453878, 5.697000441304894025 ) ) ;
#2348 = CARTESIAN_POINT ( 'NONE',  ( 11.83262764890447727, -29.22662731366853350, 7.899485188609386199 ) ) ;
#2349 = EDGE_LOOP ( 'NONE', ( #2434, #825, #1494, #1063, #2597, #978, #2380, #1061, #1743, #96, #334, #2164 ) ) ;
#2350 = CIRCLE ( 'NONE', #275, 1.600000000000000755 ) ;
#2351 = ORIENTED_EDGE ( 'NONE', *, *, #257, .T. ) ;
#2352 = FACE_OUTER_BOUND ( 'NONE', #637, .T. ) ;
#2353 = VECTOR ( 'NONE', #2371, 1000.000000000000000 ) ;
#2354 = EDGE_CURVE ( 'NONE', #1688, #533, #1074, .T. ) ;
#2355 = AXIS2_PLACEMENT_3D ( 'NONE', #609, #1835, #869 ) ;
#2356 = ORIENTED_EDGE ( 'NONE', *, *, #2221, .T. ) ;
#2357 = LINE ( 'NONE', #2339, #191 ) ;
#2358 = CARTESIAN_POINT ( 'NONE',  ( -10.00000000000001776, -57.81645298341744166, 6.443878319282712930 ) ) ;
#2359 = CARTESIAN_POINT ( 'NONE',  ( -19.50000000000000711, -48.00000000000001421, -63.85498646149545721 ) ) ;
#2360 = VERTEX_POINT ( 'NONE', #226 ) ;
#2361 = DIRECTION ( 'NONE',  ( 1.000000000000000000, 0.000000000000000000, 0.000000000000000000 ) ) ;
#2362 = CARTESIAN_POINT ( 'NONE',  ( 14.74448398947919969, -34.47276987134969062, 7.473920605080102142 ) ) ;
#2363 = ORIENTED_EDGE ( 'NONE', *, *, #1629, .T. ) ;
#2364 = DIRECTION ( 'NONE',  ( 0.5839517053348524112, 0.5839517053348509679, 0.5639156068713093717 ) ) ;
#2365 = CARTESIAN_POINT ( 'NONE',  ( -13.69762540848754817, -60.91775920689707391, 8.000000000000000000 ) ) ;
#2366 = EDGE_LOOP ( 'NONE', ( #1358, #1014, #899, #2724 ) ) ;
#2367 = CARTESIAN_POINT ( 'NONE',  ( -13.00000000000000711, -32.00000000000000711, 5.000000000000000000 ) ) ;
#2368 = EDGE_CURVE ( 'NONE', #1086, #2652, #1206, .T. ) ;
#2369 = DIRECTION ( 'NONE',  ( 1.000000000000000000, 0.000000000000000000, 0.000000000000000000 ) ) ;
#2370 = CARTESIAN_POINT ( 'NONE',  ( 9.653326197472598125, -62.50000000000000000, 8.000000000000003553 ) ) ;
#2371 = DIRECTION ( 'NONE',  ( 0.000000000000000000, 1.967543734044216262E-16, 1.000000000000000000 ) ) ;
#2372 = EDGE_CURVE ( 'NONE', #66, #427, #37, .T. ) ;
#2373 = ORIENTED_EDGE ( 'NONE', *, *, #1189, .T. ) ;
#2374 = EDGE_CURVE ( 'NONE', #2296, #672, #1423, .T. ) ;
#2375 = CARTESIAN_POINT ( 'NONE',  ( -39.26362404039936393, -65.77834266616076775, -7.359999686864155066 ) ) ;
#2376 = FACE_OUTER_BOUND ( 'NONE', #1590, .T. ) ;
#2377 = ORIENTED_EDGE ( 'NONE', *, *, #1428, .T. ) ;
#2378 = FACE_OUTER_BOUND ( 'NONE', #293, .T. ) ;
#2379 = CARTESIAN_POINT ( 'NONE',  ( -16.00000000000000711, -32.00000000000000711, 5.000000000000000000 ) ) ;
#2380 = ORIENTED_EDGE ( 'NONE', *, *, #445, .F. ) ;
#2381 = CARTESIAN_POINT ( 'NONE',  ( 27.50000000000000711, -30.50000000000000711, 8.000000000000000000 ) ) ;
#2382 = CARTESIAN_POINT ( 'NONE',  ( -10.00000000000000711, -57.99999999999993605, 6.546084143056976501 ) ) ;
#2383 = VECTOR ( 'NONE', #2174, 1000.000000000000000 ) ;
#2384 = DIRECTION ( 'NONE',  ( 3.689885735629804459E-32, -1.967543734044216262E-16, -1.000000000000000000 ) ) ;
#2385 = ORIENTED_EDGE ( 'NONE', *, *, #1442, .T. ) ;
#2386 = CIRCLE ( 'NONE', #1195, 8.000000000000000000 ) ;
#2387 = EDGE_CURVE ( 'NONE', #1035, #279, #1334, .T. ) ;
#2388 = UNCERTAINTY_MEASURE_WITH_UNIT (LENGTH_MEASURE( 1.000000000000000082E-05 ), #1313, 'distance_accuracy_value', 'NONE');
#2389 = FACE_OUTER_BOUND ( 'NONE', #45, .T. ) ;
#2390 = DIRECTION ( 'NONE',  ( 1.000000000000000000, -7.584913611344741827E-33, 1.349221823327174429E-16 ) ) ;
#2391 = VECTOR ( 'NONE', #831, 1000.000000000000000 ) ;
#2392 = ORIENTED_EDGE ( 'NONE', *, *, #1476, .T. ) ;
#2393 = AXIS2_PLACEMENT_3D ( 'NONE', #1466, #239, #2553 ) ;
#2394 = DIRECTION ( 'NONE',  ( 0.000000000000000000, 0.000000000000000000, 1.000000000000000000 ) ) ;
#2395 = VECTOR ( 'NONE', #2655, 1000.000000000000000 ) ;
#2396 = TOROIDAL_SURFACE ( 'NONE', #1515, 20.99999999999999645, 8.000000000000000000 ) ;
#2397 = ORIENTED_EDGE ( 'NONE', *, *, #1746, .F. ) ;
#2398 = DIRECTION ( 'NONE',  ( 1.354360293642049904E-32, 1.000000000000000000, -1.003808469612657108E-16 ) ) ;
#2399 = VECTOR ( 'NONE', #627, 1000.000000000000000 ) ;
#2400 = LINE ( 'NONE', #1911, #2263 ) ;
#2401 = ORIENTED_EDGE ( 'NONE', *, *, #56, .F. ) ;
#2402 = DIRECTION ( 'NONE',  ( 3.413144305457568632E-32, 1.000000000000000000, -1.967543734044216016E-16 ) ) ;
#2403 = CARTESIAN_POINT ( 'NONE',  ( 15.99999999999999289, -32.00000000000000711, 5.000000000000000000 ) ) ;
#2404 = ORIENTED_EDGE ( 'NONE', *, *, #1312, .F. ) ;
#2405 = EDGE_CURVE ( 'NONE', #1572, #215, #2625, .T. ) ;
#2406 = DIRECTION ( 'NONE',  ( -1.000000000000000000, 0.000000000000000000, 0.000000000000000000 ) ) ;
#2407 = PLANE ( 'NONE',  #798 ) ;
#2408 = ORIENTED_EDGE ( 'NONE', *, *, #1036, .F. ) ;
#2409 = EDGE_CURVE ( 'NONE', #1939, #2411, #2357, .T. ) ;
#2410 = ADVANCED_FACE ( 'NONE', ( #1482, #72 ), #486, .T. ) ;
#2411 = VERTEX_POINT ( 'NONE', #2179 ) ;
#2412 = CARTESIAN_POINT ( 'NONE',  ( -30.50000000000000711, -52.77207793864215546, -23.00000000000004619 ) ) ;
#2413 = FACE_OUTER_BOUND ( 'NONE', #2319, .T. ) ;
#2414 = ORIENTED_EDGE ( 'NONE', *, *, #1189, .F. ) ;
#2415 = CARTESIAN_POINT ( 'NONE',  ( -10.87887145721445847, -29.86625583268222428, 7.646840407814029739 ) ) ;
#2416 = CARTESIAN_POINT ( 'NONE',  ( -19.50000000000001066, -25.50000000000000355, -63.85498646149545721 ) ) ;
#2417 = VERTEX_POINT ( 'NONE', #2381 ) ;
#2418 = EDGE_CURVE ( 'NONE', #2281, #2201, #2326, .T. ) ;
#2419 = CARTESIAN_POINT ( 'NONE',  ( 19.50000000000000711, -22.50000000000000355, -26.00000000000004263 ) ) ;
#2420 = CARTESIAN_POINT ( 'NONE',  ( -37.85530313790587797, -67.50000000000005684, -6.000000000000047962 ) ) ;
#2421 = VERTEX_POINT ( 'NONE', #433 ) ;
#2422 = EDGE_CURVE ( 'NONE', #427, #732, #1274, .T. ) ;
#2423 = ORIENTED_EDGE ( 'NONE', *, *, #462, .T. ) ;
#2424 = CARTESIAN_POINT ( 'NONE',  ( 9.999999999999991118, -31.79205198436357804, 6.661877353080615016 ) ) ;
#2425 = PRODUCT_DEFINITION ( 'æœ', '', #415, #63 ) ;
#2426 = FACE_BOUND ( 'NONE', #1733, .T. ) ;
#2427 = ORIENTED_EDGE ( 'NONE', *, *, #445, .T. ) ;
#2428 = DIRECTION ( 'NONE',  ( -1.000000000000000000, 0.000000000000000000, 0.000000000000000000 ) ) ;
#2429 = CARTESIAN_POINT ( 'NONE',  ( -10.58898180877252670, -33.79699992953855769, 5.727368187634686691 ) ) ;
#2430 = ORIENTED_EDGE ( 'NONE', *, *, #558, .F. ) ;
#2431 = PLANE ( 'NONE',  #1768 ) ;
#2432 = LINE ( 'NONE', #1383, #1600 ) ;
#2433 = ORIENTED_EDGE ( 'NONE', *, *, #56, .T. ) ;
#2434 = ORIENTED_EDGE ( 'NONE', *, *, #2101, .F. ) ;
#2435 = CARTESIAN_POINT ( 'NONE',  ( 19.50000000000000711, -22.50000000000000355, 8.000000000000000000 ) ) ;
#2436 = AXIS2_PLACEMENT_3D ( 'NONE', #2126, #827, #2099 ) ;
#2437 = AXIS2_PLACEMENT_3D ( 'NONE', #1594, #2699, #1633 ) ;
#2438 = CARTESIAN_POINT ( 'NONE',  ( 30.50000000000000355, -41.25735931288072322, -23.00000000000004263 ) ) ;
#2439 = EDGE_CURVE ( 'NONE', #1279, #540, #1541, .T. ) ;
#2440 = VECTOR ( 'NONE', #1445, 1000.000000000000000 ) ;
#2441 = DIRECTION ( 'NONE',  ( 1.000000000000000000, 0.000000000000000000, 0.000000000000000000 ) ) ;
#2442 = VECTOR ( 'NONE', #153, 1000.000000000000000 ) ;
#2443 = VERTEX_POINT ( 'NONE', #653 ) ;
#2444 = EDGE_CURVE ( 'NONE', #2121, #1958, #860, .T. ) ;
#2445 = AXIS2_PLACEMENT_3D ( 'NONE', #2605, #708, #1388 ) ;
#2446 = CARTESIAN_POINT ( 'NONE',  ( -11.42165302739183197, -29.43808494771644746, 7.820910543047671304 ) ) ;
#2447 = DIRECTION ( 'NONE',  ( -1.354360293642049904E-32, -1.000000000000000000, 1.003808469612657108E-16 ) ) ;
#2448 = ORIENTED_EDGE ( 'NONE', *, *, #327, .T. ) ;
#2449 = DIRECTION ( 'NONE',  ( -9.376883653928686131E-17, 1.000000000000000000, -1.967543734044216262E-16 ) ) ;
#2450 = CARTESIAN_POINT ( 'NONE',  ( -16.00000000000000711, -32.00000000002040679, 7.990755995504984277 ) ) ;
#2451 = ORIENTED_EDGE ( 'NONE', *, *, #1766, .T. ) ;
#2452 = EDGE_LOOP ( 'NONE', ( #2738, #444, #951, #707 ) ) ;
#2453 = DIRECTION ( 'NONE',  ( 1.875376730785737226E-16, -1.000000000000000000, 1.967543734044216262E-16 ) ) ;
#2454 = DIRECTION ( 'NONE',  ( 1.000000000000000000, 0.000000000000000000, 0.000000000000000000 ) ) ;
#2455 = EDGE_CURVE ( 'NONE', #431, #1406, #1516, .T. ) ;
#2456 = CARTESIAN_POINT ( 'NONE',  ( -22.50000000000000355, -62.50000000000000000, 8.000000000000000000 ) ) ;
#2457 = FACE_OUTER_BOUND ( 'NONE', #836, .T. ) ;
#2458 = LINE ( 'NONE', #549, #802 ) ;
#2459 = EDGE_CURVE ( 'NONE', #2633, #1317, #9, .T. ) ;
#2460 = ORIENTED_EDGE ( 'NONE', *, *, #1809, .T. ) ;
#2461 = PRODUCT_DEFINITION_SHAPE ( 'NONE', 'NONE',  #2425 ) ;
#2462 = LINE ( 'NONE', #957, #1555 ) ;
#2463 = ORIENTED_EDGE ( 'NONE', *, *, #1271, .F. ) ;
#2464 = ORIENTED_EDGE ( 'NONE', *, *, #1713, .T. ) ;
#2465 = CARTESIAN_POINT ( 'NONE',  ( 14.40549265244290567, -55.34259582100506236, 7.305840404656149367 ) ) ;
#2466 = CARTESIAN_POINT ( 'NONE',  ( 12.75383885645597992, -29.00061605655956498, 7.983174310249974148 ) ) ;
#2467 = DIRECTION ( 'NONE',  ( 1.000000000000000000, 0.000000000000000000, 0.000000000000000000 ) ) ;
#2468 = CARTESIAN_POINT ( 'NONE',  ( -15.65859692310426077, -56.59478455981938794, 7.857147841831719326 ) ) ;
#2469 = DIRECTION ( 'NONE',  ( -1.349221823327174429E-16, 1.967543734044216016E-16, 1.000000000000000000 ) ) ;
#2470 = ORIENTED_EDGE ( 'NONE', *, *, #2439, .F. ) ;
#2471 = EDGE_CURVE ( 'NONE', #2519, #2421, #1318, .T. ) ;
#2472 = LINE ( 'NONE', #575, #181 ) ;
#2473 = ORIENTED_EDGE ( 'NONE', *, *, #1491, .T. ) ;
#2474 = AXIS2_PLACEMENT_3D ( 'NONE', #1566, #1577, #2406 ) ;
#2475 = VERTEX_POINT ( 'NONE', #268 ) ;
#2476 = FACE_BOUND ( 'NONE', #2016, .T. ) ;
#2477 = LINE ( 'NONE', #23, #1162 ) ;
#2478 = AXIS2_PLACEMENT_3D ( 'NONE', #903, #884, #2175 ) ;
#2479 = AXIS2_PLACEMENT_3D ( 'NONE', #1, #466, #2150 ) ;
#2480 = LINE ( 'NONE', #2703, #408 ) ;
#2481 = AXIS2_PLACEMENT_3D ( 'NONE', #812, #2503, #1448 ) ;
#2482 = AXIS2_PLACEMENT_3D ( 'NONE', #1151, #2441, #504 ) ;
#2483 = CARTESIAN_POINT ( 'NONE',  ( -15.18213116176676003, -55.93173462415236230, 7.667525701926605208 ) ) ;
#2484 = CARTESIAN_POINT ( 'NONE',  ( 13.23119841005571651, -61.00048289076701735, 7.997859222637378807 ) ) ;
#2485 = ORIENTED_EDGE ( 'NONE', *, *, #2133, .T. ) ;
#2486 = AXIS2_PLACEMENT_3D ( 'NONE', #1137, #2005, #2454 ) ;
#2487 = CARTESIAN_POINT ( 'NONE',  ( 14.59999999999999254, -32.00000000000000711, 0.000000000000000000 ) ) ;
#2488 = CYLINDRICAL_SURFACE ( 'NONE', #2481, 1.600000000000000755 ) ;
#2489 = EDGE_CURVE ( 'NONE', #606, #2360, #1302, .T. ) ;
#2490 = VERTEX_POINT ( 'NONE', #1759 ) ;
#2491 = ORIENTED_EDGE ( 'NONE', *, *, #409, .T. ) ;
#2492 = DIRECTION ( 'NONE',  ( -0.6946583704589935904, 7.220793841094193300E-17, 0.7193398003386547446 ) ) ;
#2493 = DIRECTION ( 'NONE',  ( 0.000000000000000000, 0.000000000000000000, 1.000000000000000000 ) ) ;
#2494 = EDGE_CURVE ( 'NONE', #2155, #1188, #2663, .T. ) ;
#2495 = CARTESIAN_POINT ( 'NONE',  ( 30.50000000000000355, -45.00000000000002132, -23.00000000000004263 ) ) ;
#2496 = DIRECTION ( 'NONE',  ( 0.000000000000000000, -0.000000000000000000, -1.000000000000000000 ) ) ;
#2497 =( BOUNDED_CURVE ( )  B_SPLINE_CURVE ( 3, ( #1659, #1857, #647, #605 ),
 .UNSPECIFIED., .F., .F. ) 
 B_SPLINE_CURVE_WITH_KNOTS ( ( 4, 4 ),
 ( 4.712388980384689674, 6.283185307179586232 ),
 .UNSPECIFIED. ) 
 CURVE ( )  GEOMETRIC_REPRESENTATION_ITEM ( )  RATIONAL_B_SPLINE_CURVE ( ( 1.000000000000000000, 0.8047378541243649375, 0.8047378541243649375, 1.000000000000000000 ) ) 
 REPRESENTATION_ITEM ( '' )  );
#2498 = DIRECTION ( 'NONE',  ( -1.000000000000000000, 0.000000000000000000, 0.000000000000000000 ) ) ;
#2499 = LINE ( 'NONE', #1618, #621 ) ;
#2500 = CARTESIAN_POINT ( 'NONE',  ( 10.02106779609175469, -58.41243802805379914, 6.776576639983325379 ) ) ;
#2501 = ORIENTED_EDGE ( 'NONE', *, *, #1665, .F. ) ;
#2502 = LINE ( 'NONE', #1242, #1849 ) ;
#2503 = DIRECTION ( 'NONE',  ( -0.000000000000000000, 0.000000000000000000, -1.000000000000000000 ) ) ;
#2504 = ORIENTED_EDGE ( 'NONE', *, *, #1724, .F. ) ;
#2505 = EDGE_CURVE ( 'NONE', #561, #1095, #82, .T. ) ;
#2506 = ORIENTED_EDGE ( 'NONE', *, *, #1342, .T. ) ;
#2507 = CARTESIAN_POINT ( 'NONE',  ( -30.50000000000000711, -48.00000000000000711, -20.00000000000004974 ) ) ;
#2508 = LINE ( 'NONE', #1917, #2180 ) ;
#2509 = EDGE_CURVE ( 'NONE', #2312, #1409, #1693, .T. ) ;
#2510 = DIRECTION ( 'NONE',  ( 0.000000000000000000, 0.000000000000000000, 1.000000000000000000 ) ) ;
#2511 = DIRECTION ( 'NONE',  ( -1.000000000000000000, 0.000000000000000000, 0.000000000000000000 ) ) ;
#2512 = ADVANCED_FACE ( 'NONE', ( #917 ), #1773, .F. ) ;
#2513 = CARTESIAN_POINT ( 'NONE',  ( 37.22792206135789428, -59.50000000000004974, -23.00000000000003908 ) ) ;
#2514 = FACE_OUTER_BOUND ( 'NONE', #511, .T. ) ;
#2515 = LINE ( 'NONE', #1867, #2440 ) ;
#2516 = ORIENTED_EDGE ( 'NONE', *, *, #1392, .T. ) ;
#2517 = CARTESIAN_POINT ( 'NONE',  ( 37.85530313790588508, -68.50000000000007105, -6.000000000000033751 ) ) ;
#2518 = DIRECTION ( 'NONE',  ( 0.000000000000000000, 0.000000000000000000, 1.000000000000000000 ) ) ;
#2519 = VERTEX_POINT ( 'NONE', #503 ) ;
#2520 = ORIENTED_EDGE ( 'NONE', *, *, #1353, .T. ) ;
#2521 = DIRECTION ( 'NONE',  ( 1.000000000000000000, 0.000000000000000000, 0.000000000000000000 ) ) ;
#2522 = AXIS2_PLACEMENT_3D ( 'NONE', #980, #2394, #335 ) ;
#2523 = DIRECTION ( 'NONE',  ( 0.000000000000000000, 0.000000000000000000, -1.000000000000000000 ) ) ;
#2524 = EDGE_CURVE ( 'NONE', #1657, #1762, #1359, .T. ) ;
#2525 = AXIS2_PLACEMENT_3D ( 'NONE', #11, #2070, #2521 ) ;
#2526 = MECHANICAL_DESIGN_GEOMETRIC_PRESENTATION_REPRESENTATION (  '', ( #277 ), #2172 ) ;
#2527 = CARTESIAN_POINT ( 'NONE',  ( -16.00000000000001066, -57.78891346806031493, 7.984351482457092253 ) ) ;
#2528 = CARTESIAN_POINT ( 'NONE',  ( -50.98528137423859619, -67.50000000000005684, -16.00000000000003908 ) ) ;
#2529 = CARTESIAN_POINT ( 'NONE',  ( 11.83605671182487740, -60.77487846571636965, 7.900029533968067064 ) ) ;
#2530 = CIRCLE ( 'NONE', #141, 8.000000000000000000 ) ;
#2531 = ORIENTED_EDGE ( 'NONE', *, *, #2187, .T. ) ;
#2532 = AXIS2_PLACEMENT_3D ( 'NONE', #2052, #2722, #1839 ) ;
#2533 = DIRECTION ( 'NONE',  ( -0.000000000000000000, -0.000000000000000000, -1.000000000000000000 ) ) ;
#2534 = CARTESIAN_POINT ( 'NONE',  ( -48.74264068711926967, -59.50000000000000711, -23.00000000000004974 ) ) ;
#2535 = ORIENTED_EDGE ( 'NONE', *, *, #1470, .F. ) ;
#2536 = AXIS2_PLACEMENT_3D ( 'NONE', #1126, #888, #1694 ) ;
#2537 = ORIENTED_EDGE ( 'NONE', *, *, #2270, .F. ) ;
#2538 = DIRECTION ( 'NONE',  ( 3.413144305457568632E-32, 1.000000000000000000, -1.967543734044216016E-16 ) ) ;
#2539 = CARTESIAN_POINT ( 'NONE',  ( -19.50000000000000711, -42.00000000000000711, -23.00000000000004974 ) ) ;
#2540 = CARTESIAN_POINT ( 'NONE',  ( -38.48528137423856776, -49.24264068711929809, -26.00000000000004619 ) ) ;
#2541 = EDGE_CURVE ( 'NONE', #1331, #1385, #1736, .T. ) ;
#2542 = DIRECTION ( 'NONE',  ( 0.000000000000000000, -1.967543734044216262E-16, -1.000000000000000000 ) ) ;
#2543 = LINE ( 'NONE', #1472, #87 ) ;
#2544 = DIRECTION ( 'NONE',  ( 0.000000000000000000, 0.000000000000000000, 1.000000000000000000 ) ) ;
#2545 = ORIENTED_EDGE ( 'NONE', *, *, #2368, .T. ) ;
#2546 = EDGE_CURVE ( 'NONE', #1432, #1657, #542, .T. ) ;
#2547 = DIRECTION ( 'NONE',  ( -1.349221823327174429E-16, 1.967543734044216016E-16, 1.000000000000000000 ) ) ;
#2548 = EDGE_CURVE ( 'NONE', #1522, #2714, #1975, .T. ) ;
#2549 = DIRECTION ( 'NONE',  ( 1.000000000000000000, 0.000000000000000000, 0.000000000000000000 ) ) ;
#2550 = ORIENTED_EDGE ( 'NONE', *, *, #1614, .T. ) ;
#2551 = EDGE_CURVE ( 'NONE', #1861, #1563, #101, .T. ) ;
#2552 = FACE_OUTER_BOUND ( 'NONE', #940, .T. ) ;
#2553 = DIRECTION ( 'NONE',  ( 1.000000000000000000, 0.000000000000000000, 0.000000000000000000 ) ) ;
#2554 = EDGE_LOOP ( 'NONE', ( #2280, #2233 ) ) ;
#2555 = DIRECTION ( 'NONE',  ( 1.000000000000000000, 0.000000000000000000, 0.000000000000000000 ) ) ;
#2556 = LINE ( 'NONE', #59, #1020 ) ;
#2557 = CARTESIAN_POINT ( 'NONE',  ( -10.00000000000000711, -57.99999999999993605, 6.546084143056976501 ) ) ;
#2558 = DIRECTION ( 'NONE',  ( 1.349221823327174429E-16, -1.967543734044216016E-16, -1.000000000000000000 ) ) ;
#2559 = ORIENTED_EDGE ( 'NONE', *, *, #629, .F. ) ;
#2560 =( NAMED_UNIT ( * ) PLANE_ANGLE_UNIT ( ) SI_UNIT ( $, .RADIAN. ) );
#2561 = LINE ( 'NONE', #1102, #624 ) ;
#2562 = CARTESIAN_POINT ( 'NONE',  ( 15.99999999999999289, -58.00000000000000000, 5.000000000000000000 ) ) ;
#2563 = ORIENTED_EDGE ( 'NONE', *, *, #477, .F. ) ;
#2564 = EDGE_CURVE ( 'NONE', #1840, #680, #760, .T. ) ;
#2565 = DIRECTION ( 'NONE',  ( 0.000000000000000000, 0.000000000000000000, -1.000000000000000000 ) ) ;
#2566 = DIRECTION ( 'NONE',  ( -1.875376730785737226E-16, -1.000000000000000000, 1.003808469612656861E-16 ) ) ;
#2567 = ORIENTED_EDGE ( 'NONE', *, *, #2027, .T. ) ;
#2568 = CARTESIAN_POINT ( 'NONE',  ( -27.50000000000000711, -38.25735931288072322, -23.00000000000004974 ) ) ;
#2569 = VECTOR ( 'NONE', #244, 1000.000000000000000 ) ;
#2570 = CARTESIAN_POINT ( 'NONE',  ( -17.49999999999999645, -42.00000000000000000, -16.00000000000004974 ) ) ;
#2571 = DIRECTION ( 'NONE',  ( 0.000000000000000000, 0.000000000000000000, -1.000000000000000000 ) ) ;
#2572 = EDGE_LOOP ( 'NONE', ( #1770, #1576 ) ) ;
#2573 = AXIS2_PLACEMENT_3D ( 'NONE', #2321, #2533, #1033 ) ;
#2574 = CARTESIAN_POINT ( 'NONE',  ( 12.99999999999999289, -32.00000000000000711, 0.000000000000000000 ) ) ;
#2575 = VECTOR ( 'NONE', #1706, 1000.000000000000000 ) ;
#2576 = DIRECTION ( 'NONE',  ( -3.413144305457568632E-32, -1.000000000000000000, 1.967543734044216016E-16 ) ) ;
#2577 = VERTEX_POINT ( 'NONE', #100 ) ;
#2578 = VECTOR ( 'NONE', #966, 1000.000000000000000 ) ;
#2579 = EDGE_CURVE ( 'NONE', #2682, #841, #1570, .T. ) ;
#2580 = DIRECTION ( 'NONE',  ( 0.000000000000000000, 0.000000000000000000, -1.000000000000000000 ) ) ;
#2581 = CIRCLE ( 'NONE', #2622, 3.000000000000000888 ) ;
#2582 = ORIENTED_EDGE ( 'NONE', *, *, #2606, .F. ) ;
#2583 = EDGE_CURVE ( 'NONE', #2443, #617, #1606, .T. ) ;
#2584 = CARTESIAN_POINT ( 'NONE',  ( 15.99309902562820085, -31.76533972957663821, 7.996618247252299305 ) ) ;
#2585 = DIRECTION ( 'NONE',  ( 1.477285665293037452E-16, -1.000000000000000000, 1.967543734044216509E-16 ) ) ;
#2586 = LINE ( 'NONE', #2163, #1337 ) ;
#2587 = VERTEX_POINT ( 'NONE', #2438 ) ;
#2588 = DIRECTION ( 'NONE',  ( 0.000000000000000000, 0.000000000000000000, 1.000000000000000000 ) ) ;
#2589 = CARTESIAN_POINT ( 'NONE',  ( -32.50000000000007816, -67.50000000000004263, 25.51609221829270169 ) ) ;
#2590 = ORIENTED_EDGE ( 'NONE', *, *, #1944, .F. ) ;
#2591 = CARTESIAN_POINT ( 'NONE',  ( -40.24264068711928388, -51.00000000000000711, -26.00000000000004619 ) ) ;
#2592 = VERTEX_POINT ( 'NONE', #113 ) ;
#2593 = CARTESIAN_POINT ( 'NONE',  ( 15.96563357997167110, -58.46768004378999706, 7.999459442586036140 ) ) ;
#2594 = EDGE_CURVE ( 'NONE', #533, #2312, #724, .T. ) ;
#2595 = DIRECTION ( 'NONE',  ( 0.000000000000000000, 0.000000000000000000, 1.000000000000000000 ) ) ;
#2596 = LINE ( 'NONE', #2359, #1816 ) ;
#2597 = ORIENTED_EDGE ( 'NONE', *, *, #2613, .F. ) ;
#2598 = DIRECTION ( 'NONE',  ( 0.000000000000000000, 0.000000000000000000, -1.000000000000000000 ) ) ;
#2599 = DIRECTION ( 'NONE',  ( 0.000000000000000000, 0.000000000000000000, -1.000000000000000000 ) ) ;
#2600 = ORIENTED_EDGE ( 'NONE', *, *, #2606, .T. ) ;
#2601 = CARTESIAN_POINT ( 'NONE',  ( -11.40000000000000568, -58.00000000000000000, 10.10628645568517214 ) ) ;
#2602 = LINE ( 'NONE', #1133, #93 ) ;
#2603 = ORIENTED_EDGE ( 'NONE', *, *, #1530, .T. ) ;
#2604 = ORIENTED_EDGE ( 'NONE', *, *, #257, .F. ) ;
#2605 = CARTESIAN_POINT ( 'NONE',  ( 12.99999999999999289, -58.00000000000000000, 5.000000000000000000 ) ) ;
#2606 = EDGE_CURVE ( 'NONE', #1934, #1095, #1546, .T. ) ;
#2607 = DIRECTION ( 'NONE',  ( -1.875376730785737226E-16, -1.000000000000000000, 2.201794655477296769E-16 ) ) ;
#2608 = VERTEX_POINT ( 'NONE', #1148 ) ;
#2609 = CIRCLE ( 'NONE', #1328, 3.000000000000000888 ) ;
#2610 = FACE_OUTER_BOUND ( 'NONE', #774, .T. ) ;
#2611 = DIRECTION ( 'NONE',  ( 1.349221823327174429E-16, -1.967543734044216016E-16, -1.000000000000000000 ) ) ;
#2612 = AXIS2_PLACEMENT_3D ( 'NONE', #1180, #2020, #127 ) ;
#2613 = EDGE_CURVE ( 'NONE', #1951, #2674, #948, .T. ) ;
#2614 = ORIENTED_EDGE ( 'NONE', *, *, #204, .F. ) ;
#2615 = AXIS2_PLACEMENT_3D ( 'NONE', #470, #75, #1547 ) ;
#2616 = CARTESIAN_POINT ( 'NONE',  ( 13.69762540848755350, -60.91775920689706680, 8.000000000000000000 ) ) ;
#2617 = CARTESIAN_POINT ( 'NONE',  ( 32.50000000000004263, -67.50000000000004263, 25.51609221829271235 ) ) ;
#2618 = AXIS2_PLACEMENT_3D ( 'NONE', #1175, #1161, #109 ) ;
#2619 = VECTOR ( 'NONE', #697, 1000.000000000000000 ) ;
#2620 = ORIENTED_EDGE ( 'NONE', *, *, #477, .T. ) ;
#2621 = DIRECTION ( 'NONE',  ( 0.000000000000000000, 0.000000000000000000, -1.000000000000000000 ) ) ;
#2622 = AXIS2_PLACEMENT_3D ( 'NONE', #456, #1652, #379 ) ;
#2623 = CARTESIAN_POINT ( 'NONE',  ( -13.00000000000000711, -58.00000000000000000, 5.000000000000000000 ) ) ;
#2624 = EDGE_LOOP ( 'NONE', ( #2109, #35, #375, #1956 ) ) ;
#2625 = B_SPLINE_CURVE_WITH_KNOTS ( 'NONE', 3,
 ( #1528, #874, #1717, #2584, #1907, #464 ),
 .UNSPECIFIED., .F., .F.,
 ( 4, 2, 4 ),
 ( 0.008504620874450951815, 0.008855378417777282074, 0.009206135961103614068 ),
 .UNSPECIFIED. ) ;
#2626 = EDGE_CURVE ( 'NONE', #431, #2443, #1402, .T. ) ;
#2627 = CARTESIAN_POINT ( 'NONE',  ( -13.22749855062290258, -28.99932047024406856, 7.997783157616388472 ) ) ;
#2628 = CARTESIAN_POINT ( 'NONE',  ( -27.50000000000000711, -62.50000000000000000, 4.000000000000026645 ) ) ;
#2629 = ORIENTED_EDGE ( 'NONE', *, *, #935, .F. ) ;
#2630 = EDGE_CURVE ( 'NONE', #1269, #1823, #1982, .T. ) ;
#2631 = DIRECTION ( 'NONE',  ( 1.000000000000000000, 0.000000000000000000, 0.000000000000000000 ) ) ;
#2632 = ORIENTED_EDGE ( 'NONE', *, *, #1597, .T. ) ;
#2633 = VERTEX_POINT ( 'NONE', #2273 ) ;
#2634 = DIRECTION ( 'NONE',  ( -1.000000000000000000, -1.477285665293037698E-16, -1.349221823327174182E-16 ) ) ;
#2635 = CYLINDRICAL_SURFACE ( 'NONE', #2131, 1.600000000000000755 ) ;
#2636 = ORIENTED_EDGE ( 'NONE', *, *, #1254, .T. ) ;
#2637 = FACE_OUTER_BOUND ( 'NONE', #472, .T. ) ;
#2638 = CARTESIAN_POINT ( 'NONE',  ( -12.60758109396787496, -34.98001257939220920, 6.328526589315475626 ) ) ;
#2639 = EDGE_LOOP ( 'NONE', ( #2632, #1776 ) ) ;
#2640 = DIRECTION ( 'NONE',  ( -0.000000000000000000, 0.000000000000000000, -1.000000000000000000 ) ) ;
#2641 = CARTESIAN_POINT ( 'NONE',  ( 35.98528137423861040, -62.50000000000005684, -20.00000000000003908 ) ) ;
#2642 = EDGE_CURVE ( 'NONE', #883, #753, #1427, .T. ) ;
#2643 = EDGE_LOOP ( 'NONE', ( #1125, #1362, #1791, #1755 ) ) ;
#2644 = EDGE_LOOP ( 'NONE', ( #1873, #563 ) ) ;
#2645 = CARTESIAN_POINT ( 'NONE',  ( -38.98528137423858908, -67.50000000000005684, -18.00000000000003908 ) ) ;
#2646 = EDGE_CURVE ( 'NONE', #384, #1701, #2581, .T. ) ;
#2647 = DIRECTION ( 'NONE',  ( -0.000000000000000000, -0.000000000000000000, 1.000000000000000000 ) ) ;
#2648 = FACE_BOUND ( 'NONE', #520, .T. ) ;
#2649 = ORIENTED_EDGE ( 'NONE', *, *, #2372, .F. ) ;
#2650 = DIRECTION ( 'NONE',  ( -1.000000000000000000, 0.000000000000000000, 0.000000000000000000 ) ) ;
#2651 = CARTESIAN_POINT ( 'NONE',  ( -55.98528137423859619, -62.50000000000000000, -6.000000000000043521 ) ) ;
#2652 = VERTEX_POINT ( 'NONE', #2562 ) ;
#2653 = DIRECTION ( 'NONE',  ( -0.000000000000000000, -0.000000000000000000, -1.000000000000000000 ) ) ;
#2654 = AXIS2_PLACEMENT_3D ( 'NONE', #1910, #615, #642 ) ;
#2655 = DIRECTION ( 'NONE',  ( 0.7071067811865465735, -0.7071067811865484609, -3.081487911019578049E-33 ) ) ;
#2656 = ORIENTED_EDGE ( 'NONE', *, *, #70, .F. ) ;
#2657 = AXIS2_PLACEMENT_3D ( 'NONE', #1286, #2538, #2715 ) ;
#2658 = EDGE_CURVE ( 'NONE', #2475, #1409, #566, .T. ) ;
#2659 = ORIENTED_EDGE ( 'NONE', *, *, #2505, .F. ) ;
#2660 = DIRECTION ( 'NONE',  ( 1.000000000000000000, 0.000000000000000000, 0.000000000000000000 ) ) ;
#2661 = AXIS2_PLACEMENT_3D ( 'NONE', #838, #7, #1700 ) ;
#2662 = VECTOR ( 'NONE', #879, 1000.000000000000000 ) ;
#2663 = LINE ( 'NONE', #1989, #2134 ) ;
#2664 = EDGE_CURVE ( 'NONE', #1934, #1802, #776, .T. ) ;
#2665 = VECTOR ( 'NONE', #73, 1000.000000000000000 ) ;
#2666 = ADVANCED_FACE ( 'NONE', ( #366 ), #179, .F. ) ;
#2667 = FACE_OUTER_BOUND ( 'NONE', #263, .T. ) ;
#2668 = FACE_OUTER_BOUND ( 'NONE', #69, .T. ) ;
#2669 = FACE_OUTER_BOUND ( 'NONE', #2044, .T. ) ;
#2670 = LINE ( 'NONE', #2416, #1511 ) ;
#2671 = ORIENTED_EDGE ( 'NONE', *, *, #1796, .F. ) ;
#2672 = PLANE ( 'NONE',  #1847 ) ;
#2673 = CARTESIAN_POINT ( 'NONE',  ( 12.99999999999999289, -32.00000000000000711, 5.000000000000000000 ) ) ;
#2674 = VERTEX_POINT ( 'NONE', #1300 ) ;
#2675 = APPLICATION_CONTEXT ( 'automotive_design' ) ;
#2676 = ORIENTED_EDGE ( 'NONE', *, *, #1308, .T. ) ;
#2677 = CARTESIAN_POINT ( 'NONE',  ( 14.23132157045963986, -55.25795452888399950, 7.217307566969748400 ) ) ;
#2678 = CARTESIAN_POINT ( 'NONE',  ( 10.72205334629869000, -30.03542472897241922, 7.572549364039796949 ) ) ;
#2679 = CARTESIAN_POINT ( 'NONE',  ( 30.50000000000000000, -62.50000000000001421, -20.00000000000003908 ) ) ;
#2680 = FACE_OUTER_BOUND ( 'NONE', #2696, .T. ) ;
#2681 = CARTESIAN_POINT ( 'NONE',  ( -10.13583784413941480, -32.91324301535928498, 6.057721687851632453 ) ) ;
#2682 = VERTEX_POINT ( 'NONE', #1664 ) ;
#2683 = DIRECTION ( 'NONE',  ( -3.413144305457568632E-32, -1.000000000000000000, 1.967543734044216016E-16 ) ) ;
#2684 = ORIENTED_EDGE ( 'NONE', *, *, #610, .F. ) ;
#2685 = ORIENTED_EDGE ( 'NONE', *, *, #700, .T. ) ;
#2686 = CARTESIAN_POINT ( 'NONE',  ( 15.97764508872376332, -57.57934999324157843, 7.973906519458220821 ) ) ;
#2687 = DIRECTION ( 'NONE',  ( -0.000000000000000000, -0.000000000000000000, 1.000000000000000000 ) ) ;
#2688 = PLANE ( 'NONE',  #2227 ) ;
#2689 = EDGE_CURVE ( 'NONE', #1926, #1037, #1995, .T. ) ;
#2690 = CARTESIAN_POINT ( 'NONE',  ( 38.98528137423861750, -62.50000000000000000, -16.00000000000003908 ) ) ;
#2691 = CARTESIAN_POINT ( 'NONE',  ( 38.98528137423861750, -67.50000000000005684, -14.00000000000003730 ) ) ;
#2692 = VERTEX_POINT ( 'NONE', #1503 ) ;
#2693 = CARTESIAN_POINT ( 'NONE',  ( 19.50000000000000711, -30.50000000000000355, 0.000000000000000000 ) ) ;
#2694 = EDGE_CURVE ( 'NONE', #414, #1939, #165, .T. ) ;
#2695 = LINE ( 'NONE', #1794, #1901 ) ;
#2696 = EDGE_LOOP ( 'NONE', ( #1216, #1632, #704, #1900 ) ) ;
#2697 = AXIS2_PLACEMENT_3D ( 'NONE', #441, #483, #1744 ) ;
#2698 = EDGE_LOOP ( 'NONE', ( #1031, #745, #1490, #1894 ) ) ;
#2699 = DIRECTION ( 'NONE',  ( 0.000000000000000000, 0.000000000000000000, 1.000000000000000000 ) ) ;
#2700 = CARTESIAN_POINT ( 'NONE',  ( 10.87434600989377209, -29.87038774602827473, 7.645093836538310761 ) ) ;
#2701 = CIRCLE ( 'NONE', #1505, 1.600000000000000755 ) ;
#2702 = DIRECTION ( 'NONE',  ( 0.000000000000000000, 0.000000000000000000, 1.000000000000000000 ) ) ;
#2703 = CARTESIAN_POINT ( 'NONE',  ( 19.50000000000001066, -59.50000000000000711, -63.85498646149545721 ) ) ;
#2704 = VECTOR ( 'NONE', #739, 1000.000000000000000 ) ;
#2705 = CIRCLE ( 'NONE', #983, 2.000000000000001776 ) ;
#2706 = CARTESIAN_POINT ( 'NONE',  ( -10.00000000000171241, -31.79297503174444728, 6.661363365876217024 ) ) ;
#2707 = CARTESIAN_POINT ( 'NONE',  ( 10.72316764210254014, -59.96603093383835414, 7.573224487841746289 ) ) ;
#2708 = ORIENTED_EDGE ( 'NONE', *, *, #1289, .F. ) ;
#2709 = EDGE_CURVE ( 'NONE', #571, #2201, #1209, .T. ) ;
#2710 = AXIS2_PLACEMENT_3D ( 'NONE', #683, #241, #2136 ) ;
#2711 = CARTESIAN_POINT ( 'NONE',  ( 37.85530313790588508, -67.50000000000005684, -6.000000000000033751 ) ) ;
#2712 = FACE_OUTER_BOUND ( 'NONE', #1971, .T. ) ;
#2713 = ORIENTED_EDGE ( 'NONE', *, *, #1185, .F. ) ;
#2714 = VERTEX_POINT ( 'NONE', #1082 ) ;
#2715 = DIRECTION ( 'NONE',  ( 0.000000000000000000, -1.967543734044216016E-16, -1.000000000000000000 ) ) ;
#2716 = DIRECTION ( 'NONE',  ( 1.000000000000000000, 9.189829725788341711E-33, 2.201794655477298988E-16 ) ) ;
#2717 = EDGE_CURVE ( 'NONE', #2633, #2100, #2508, .T. ) ;
#2718 = LINE ( 'NONE', #820, #1197 ) ;
#2719 = DIRECTION ( 'NONE',  ( 1.000000000000000000, 0.000000000000000000, -2.201794655477302193E-16 ) ) ;
#2720 = CARTESIAN_POINT ( 'NONE',  ( -15.55654943412603330, -56.41692576324093977, 7.819061168414699559 ) ) ;
#2721 = CARTESIAN_POINT ( 'NONE',  ( -1.967969714915156931, -62.50000000000000000, 7.236404845301787958 ) ) ;
#2722 = DIRECTION ( 'NONE',  ( 3.413144305457568632E-32, 1.000000000000000000, -1.967543734044216016E-16 ) ) ;
#2723 = B_SPLINE_CURVE_WITH_KNOTS ( 'NONE', 3,
 ( #1127, #1750, #1967, #1719, #1077, #864 ),
 .UNSPECIFIED., .F., .F.,
 ( 4, 2, 4 ),
 ( 0.01443484291753884506, 0.01478499234147184239, 0.01513514176540483973 ),
 .UNSPECIFIED. ) ;
#2724 = ORIENTED_EDGE ( 'NONE', *, *, #1542, .F. ) ;
#2725 = DIRECTION ( 'NONE',  ( 0.7193398003386551887, -1.366770724097957955E-16, -0.6946583704589930353 ) ) ;
#2726 = CARTESIAN_POINT ( 'NONE',  ( 15.91775920689705082, -31.30237459151244295, 8.000000000000000000 ) ) ;
#2727 = EDGE_LOOP ( 'NONE', ( #1091, #2147, #111, #851, #1587, #2636 ) ) ;
#2728 = ADVANCED_FACE ( 'NONE', ( #997 ), #390, .F. ) ;
#2729 = ORIENTED_EDGE ( 'NONE', *, *, #2077, .F. ) ;
#2730 = CARTESIAN_POINT ( 'NONE',  ( -38.98528137423858908, -67.50000000000005684, -16.00000000000003908 ) ) ;
#2731 = DIRECTION ( 'NONE',  ( -3.413144305457568632E-32, -1.000000000000000000, 1.967543734044216016E-16 ) ) ;
#2732 = CARTESIAN_POINT ( 'NONE',  ( -10.10783261686831835, -31.17607869020331179, 7.002282553556726796 ) ) ;
#2733 = CYLINDRICAL_SURFACE ( 'NONE', #974, 2.000000000000001776 ) ;
#2734 = CARTESIAN_POINT ( 'NONE',  ( 11.42002119551446881, -60.56093370764664741, 7.820537620693841063 ) ) ;
#2735 = VERTEX_POINT ( 'NONE', #597 ) ;
#2736 = DIRECTION ( 'NONE',  ( 1.000000000000000000, 0.000000000000000000, 0.000000000000000000 ) ) ;
#2737 = CYLINDRICAL_SURFACE ( 'NONE', #2661, 2.999999999999999112 ) ;
#2738 = ORIENTED_EDGE ( 'NONE', *, *, #83, .T. ) ;
#2739 = ORIENTED_EDGE ( 'NONE', *, *, #1854, .T. ) ;
#2740 = CARTESIAN_POINT ( 'NONE',  ( 27.50000000000001066, -62.50000000000000000, -26.00000000000003553 ) ) ;
#2741 = EDGE_CURVE ( 'NONE', #1919, #1095, #2477, .T. ) ;
#2742 = DIRECTION ( 'NONE',  ( 1.000000000000000000, 0.000000000000000000, 0.000000000000000000 ) ) ;
#2743 = CARTESIAN_POINT ( 'NONE',  ( -19.50000000000000711, -42.00000000000000711, -19.00000000000004619 ) ) ;
#2744 = EDGE_CURVE ( 'NONE', #2002, #634, #2071, .T. ) ;
ENDSEC;
END-ISO-10303-21;
