ISO-10303-21;
HEADER;
FILE_DESCRIPTION (( 'STEP AP214' ),
    '1' );
FILE_NAME ('ÃΩ’Î∂®Œª∞Â.STEP',
    '2025-09-24T09:52:44',
    ( '' ),
    ( '' ),
    'SwSTEP 2.0',
    'SolidWorks 2025',
    '' );
FILE_SCHEMA (( 'AUTOMOTIVE_DESIGN' ));
ENDSEC;

DATA;
#1 = VERTEX_POINT ( 'NONE', #3138 ) ;
#2 = LINE ( 'NONE', #1657, #776 ) ;
#3 = CIRCLE ( 'NONE', #3099, 1.000000000000000888 ) ;
#4 = CIRCLE ( 'NONE', #6648, 1.000000000000000888 ) ;
#5 = VERTEX_POINT ( 'NONE', #1222 ) ;
#6 = ORIENTED_EDGE ( 'NONE', *, *, #1400, .F. ) ;
#7 = CARTESIAN_POINT ( 'NONE',  ( -10.63399999999999856, 5.006115644616000893, 9.999999999999996447 ) ) ;
#8 = EDGE_CURVE ( 'NONE', #1690, #2350, #2395, .T. ) ;
#9 = EDGE_CURVE ( 'NONE', #595, #3846, #6285, .T. ) ;
#10 = DIRECTION ( 'NONE',  ( 1.000000000000000000, 0.000000000000000000, 0.000000000000000000 ) ) ;
#11 = AXIS2_PLACEMENT_3D ( 'NONE', #5370, #6856, #32 ) ;
#12 = DIRECTION ( 'NONE',  ( 1.000000000000000000, 0.000000000000000000, 0.000000000000000000 ) ) ;
#13 = VECTOR ( 'NONE', #6814, 1000.000000000000000 ) ;
#14 = DIRECTION ( 'NONE',  ( -0.000000000000000000, -0.000000000000000000, -1.000000000000000000 ) ) ;
#15 = ORIENTED_EDGE ( 'NONE', *, *, #4380, .F. ) ;
#16 = EDGE_LOOP ( 'NONE', ( #4720, #1077, #1236, #1636 ) ) ;
#17 = CARTESIAN_POINT ( 'NONE',  ( -155.2664947509699971, 91.01554107666001414, 9.999999999999996447 ) ) ;
#18 = ORIENTED_EDGE ( 'NONE', *, *, #983, .F. ) ;
#19 = CARTESIAN_POINT ( 'NONE',  ( -153.2352752685500263, 18.47896957397500017, 0.000000000000000000 ) ) ;
#20 = EDGE_CURVE ( 'NONE', #1644, #5673, #5334, .T. ) ;
#21 = ADVANCED_FACE ( 'NONE', ( #2718 ), #6438, .F. ) ;
#22 = CYLINDRICAL_SURFACE ( 'NONE', #6608, 1.000000000000000888 ) ;
#23 = CARTESIAN_POINT ( 'NONE',  ( -153.0462188720700283, 15.76586341857899853, 0.000000000000000000 ) ) ;
#24 = EDGE_CURVE ( 'NONE', #2608, #1554, #6835, .T. ) ;
#25 = AXIS2_PLACEMENT_3D ( 'NONE', #4227, #1129, #1057 ) ;
#26 = CARTESIAN_POINT ( 'NONE',  ( -15.63240926640897399, 158.7275907335900058, 0.000000000000000000 ) ) ;
#27 = ORIENTED_EDGE ( 'NONE', *, *, #1652, .T. ) ;
#28 = CARTESIAN_POINT ( 'NONE',  ( -70.05499267578099420, 12.13757514953599959, 9.999999999999996447 ) ) ;
#29 = ORIENTED_EDGE ( 'NONE', *, *, #4134, .F. ) ;
#30 = DIRECTION ( 'NONE',  ( -0.000000000000000000, -0.000000000000000000, -1.000000000000000000 ) ) ;
#31 = DIRECTION ( 'NONE',  ( -0.000000000000000000, -0.000000000000000000, -1.000000000000000000 ) ) ;
#32 = DIRECTION ( 'NONE',  ( 1.000000000000000000, 0.000000000000000000, 0.000000000000000000 ) ) ;
#33 = LINE ( 'NONE', #5792, #3633 ) ;
#34 = ORIENTED_EDGE ( 'NONE', *, *, #2131, .T. ) ;
#35 = DIRECTION ( 'NONE',  ( -0.000000000000000000, 0.000000000000000000, 1.000000000000000000 ) ) ;
#36 = ORIENTED_EDGE ( 'NONE', *, *, #1612, .F. ) ;
#37 = DIRECTION ( 'NONE',  ( -1.000000000000000000, 0.000000000000000000, 0.000000000000000000 ) ) ;
#38 = EDGE_LOOP ( 'NONE', ( #4278, #2699 ) ) ;
#39 = DIRECTION ( 'NONE',  ( -0.000000000000000000, 0.000000000000000000, 1.000000000000000000 ) ) ;
#40 = CIRCLE ( 'NONE', #4690, 4.998409266409764129 ) ;
#41 = ORIENTED_EDGE ( 'NONE', *, *, #482, .T. ) ;
#42 = VERTEX_POINT ( 'NONE', #6055 ) ;
#43 = DIRECTION ( 'NONE',  ( -1.000000000000000000, 0.000000000000000000, 0.000000000000000000 ) ) ;
#44 = FACE_BOUND ( 'NONE', #3355, .T. ) ;
#45 = DIRECTION ( 'NONE',  ( 1.000000000000000000, 0.000000000000000000, 0.000000000000000000 ) ) ;
#46 = CYLINDRICAL_SURFACE ( 'NONE', #6436, 1.000000000000000888 ) ;
#47 = EDGE_LOOP ( 'NONE', ( #4074, #4882, #4623, #6331 ) ) ;
#48 = ORIENTED_EDGE ( 'NONE', *, *, #2458, .F. ) ;
#49 = CARTESIAN_POINT ( 'NONE',  ( -151.0163726806600266, 98.63555145263703139, 9.999999999999996447 ) ) ;
#50 = AXIS2_PLACEMENT_3D ( 'NONE', #4122, #4156, #6334 ) ;
#51 = CARTESIAN_POINT ( 'NONE',  ( -151.9851531982400275, 21.01897430419899493, 9.999999999999996447 ) ) ;
#52 = CYLINDRICAL_SURFACE ( 'NONE', #5037, 1.000000000000000888 ) ;
#53 = CARTESIAN_POINT ( 'NONE',  ( -162.2835907335899606, 158.7275907335900058, 6.999999999999996447 ) ) ;
#54 = EDGE_CURVE ( 'NONE', #1290, #4988, #1891, .T. ) ;
#55 = EDGE_CURVE ( 'NONE', #3871, #1926, #5729, .T. ) ;
#56 = ORIENTED_EDGE ( 'NONE', *, *, #2511, .F. ) ;
#57 = EDGE_CURVE ( 'NONE', #5010, #6520, #6716, .T. ) ;
#58 = CARTESIAN_POINT ( 'NONE',  ( -22.48940849304198508, 135.1278839111299988, 9.999999999999996447 ) ) ;
#59 = DIRECTION ( 'NONE',  ( 1.000000000000000000, 0.000000000000000000, 0.000000000000000000 ) ) ;
#60 = CARTESIAN_POINT ( 'NONE',  ( -22.45818710327100831, 62.59131622314498600, 9.999999999999996447 ) ) ;
#61 = CARTESIAN_POINT ( 'NONE',  ( -73.24639129638698876, 140.7248382568299974, 0.000000000000000000 ) ) ;
#62 = ADVANCED_FACE ( 'NONE', ( #5124 ), #4078, .F. ) ;
#63 = CARTESIAN_POINT ( 'NONE',  ( -48.98910522460901973, 15.85206127166699908, 9.999999999999996447 ) ) ;
#64 = VERTEX_POINT ( 'NONE', #3450 ) ;
#65 = ORIENTED_EDGE ( 'NONE', *, *, #5884, .F. ) ;
#66 = CARTESIAN_POINT ( 'NONE',  ( -155.2508850097599691, 57.28725814819298989, 9.999999999999996447 ) ) ;
#67 = ORIENTED_EDGE ( 'NONE', *, *, #4171, .T. ) ;
#68 = DIRECTION ( 'NONE',  ( 1.000000000000000000, 0.000000000000000000, 0.000000000000000000 ) ) ;
#69 = AXIS2_PLACEMENT_3D ( 'NONE', #467, #5701, #1562 ) ;
#70 = CIRCLE ( 'NONE', #6169, 1.000000000000000888 ) ;
#71 = ORIENTED_EDGE ( 'NONE', *, *, #1862, .F. ) ;
#72 = CYLINDRICAL_SURFACE ( 'NONE', #3135, 1.000000000000000888 ) ;
#73 = ORIENTED_EDGE ( 'NONE', *, *, #849, .F. ) ;
#74 = CYLINDRICAL_SURFACE ( 'NONE', #5190, 1.000000000000000888 ) ;
#75 = FACE_BOUND ( 'NONE', #4767, .T. ) ;
#76 = AXIS2_PLACEMENT_3D ( 'NONE', #1461, #2529, #6148 ) ;
#77 = DIRECTION ( 'NONE',  ( -0.000000000000000000, 0.000000000000000000, 1.000000000000000000 ) ) ;
#78 = CYLINDRICAL_SURFACE ( 'NONE', #3212, 1.000000000000000888 ) ;
#79 = ORIENTED_EDGE ( 'NONE', *, *, #2966, .T. ) ;
#80 = EDGE_LOOP ( 'NONE', ( #6475, #3469 ) ) ;
#81 = CARTESIAN_POINT ( 'NONE',  ( -152.0462188720700283, 15.76586341857899853, 9.999999999999996447 ) ) ;
#82 = CARTESIAN_POINT ( 'NONE',  ( -152.0462188720700283, 15.76586341857899853, 9.999999999999996447 ) ) ;
#83 = DIRECTION ( 'NONE',  ( 1.000000000000000000, 0.000000000000000000, 0.000000000000000000 ) ) ;
#84 = CARTESIAN_POINT ( 'NONE',  ( -21.46797561645499997, 13.62300586700400018, 9.999999999999996447 ) ) ;
#85 = LINE ( 'NONE', #4290, #466 ) ;
#86 = ORIENTED_EDGE ( 'NONE', *, *, #3237, .T. ) ;
#87 = FACE_OUTER_BOUND ( 'NONE', #485, .T. ) ;
#88 = DIRECTION ( 'NONE',  ( -0.000000000000000000, 0.000000000000000000, 1.000000000000000000 ) ) ;
#89 = CIRCLE ( 'NONE', #1853, 1.599999999999990319 ) ;
#90 = EDGE_CURVE ( 'NONE', #3503, #4598, #372, .T. ) ;
#91 = ADVANCED_FACE ( 'NONE', ( #3652 ), #22, .F. ) ;
#92 = CARTESIAN_POINT ( 'NONE',  ( -24.65830802917500009, 60.05131149291999293, 9.999999999999996447 ) ) ;
#93 = CIRCLE ( 'NONE', #4331, 1.000000000000000888 ) ;
#94 = EDGE_CURVE ( 'NONE', #1787, #5121, #3067, .T. ) ;
#95 = AXIS2_PLACEMENT_3D ( 'NONE', #4749, #6276, #559 ) ;
#96 = EDGE_LOOP ( 'NONE', ( #1694, #5186, #1171, #2583 ) ) ;
#97 = CARTESIAN_POINT ( 'NONE',  ( -15.63411564461599923, 5.006115644616000893, 6.999999999999996447 ) ) ;
#98 = ORIENTED_EDGE ( 'NONE', *, *, #1233, .T. ) ;
#99 = EDGE_LOOP ( 'NONE', ( #5404, #711, #1020, #3584 ) ) ;
#100 = LINE ( 'NONE', #1689, #4086 ) ;
#101 = AXIS2_PLACEMENT_3D ( 'NONE', #6345, #6566, #5266 ) ;
#102 = ORIENTED_EDGE ( 'NONE', *, *, #6327, .F. ) ;
#103 = CARTESIAN_POINT ( 'NONE',  ( -152.0663909912099996, 88.47553253173801124, 9.999999999999996447 ) ) ;
#104 = EDGE_CURVE ( 'NONE', #3503, #2071, #3841, .T. ) ;
#105 = CIRCLE ( 'NONE', #4421, 1.000000000000000888 ) ;
#106 = EDGE_CURVE ( 'NONE', #5169, #654, #3954, .T. ) ;
#107 = CIRCLE ( 'NONE', #5309, 1.000000000000000888 ) ;
#108 = AXIS2_PLACEMENT_3D ( 'NONE', #3836, #35, #3222 ) ;
#109 = VERTEX_POINT ( 'NONE', #2506 ) ;
#110 = CIRCLE ( 'NONE', #3980, 1.000000000000000888 ) ;
#111 = CARTESIAN_POINT ( 'NONE',  ( -128.7355880737300140, 137.7547912597600259, 0.000000000000000000 ) ) ;
#112 = VERTEX_POINT ( 'NONE', #6229 ) ;
#113 = DIRECTION ( 'NONE',  ( 1.000000000000000000, 0.000000000000000000, 0.000000000000000000 ) ) ;
#114 = CARTESIAN_POINT ( 'NONE',  ( -25.65830802917500009, 60.05131149291999293, 0.000000000000000000 ) ) ;
#115 = AXIS2_PLACEMENT_3D ( 'NONE', #1457, #6691, #5172 ) ;
#116 = CIRCLE ( 'NONE', #5648, 1.000000000000000888 ) ;
#117 = CYLINDRICAL_SURFACE ( 'NONE', #3522, 1.000000000000000888 ) ;
#118 = CARTESIAN_POINT ( 'NONE',  ( -22.47379875183100495, 101.3996047973600412, 9.999999999999996447 ) ) ;
#119 = VERTEX_POINT ( 'NONE', #4626 ) ;
#120 = EDGE_LOOP ( 'NONE', ( #645, #2248, #539, #5776 ) ) ;
#121 = CARTESIAN_POINT ( 'NONE',  ( -72.24639129638698876, 140.7248382568299974, 0.000000000000000000 ) ) ;
#122 = VECTOR ( 'NONE', #5028, 1000.000000000000000 ) ;
#123 = DIRECTION ( 'NONE',  ( 1.000000000000000000, 0.000000000000000000, 0.000000000000000000 ) ) ;
#124 = DIRECTION ( 'NONE',  ( -0.000000000000000000, 0.000000000000000000, 1.000000000000000000 ) ) ;
#125 = AXIS2_PLACEMENT_3D ( 'NONE', #4294, #1648, #3765 ) ;
#126 = VERTEX_POINT ( 'NONE', #1992 ) ;
#127 = CARTESIAN_POINT ( 'NONE',  ( -22.45818710327099410, 57.51130294799799714, 9.999999999999996447 ) ) ;
#128 = DIRECTION ( 'NONE',  ( 1.000000000000000000, 0.000000000000000000, 0.000000000000000000 ) ) ;
#129 = AXIS2_PLACEMENT_3D ( 'NONE', #6783, #3588, #409 ) ;
#130 = FACE_OUTER_BOUND ( 'NONE', #5238, .T. ) ;
#131 = AXIS2_PLACEMENT_3D ( 'NONE', #709, #4457, #6634 ) ;
#132 = EDGE_CURVE ( 'NONE', #5201, #3397, #6333, .T. ) ;
#133 = ORIENTED_EDGE ( 'NONE', *, *, #2929, .F. ) ;
#134 = ORIENTED_EDGE ( 'NONE', *, *, #20, .F. ) ;
#135 = VERTEX_POINT ( 'NONE', #4735 ) ;
#136 = FACE_OUTER_BOUND ( 'NONE', #5605, .T. ) ;
#137 = ORIENTED_EDGE ( 'NONE', *, *, #6707, .T. ) ;
#138 = DIRECTION ( 'NONE',  ( -0.000000000000000000, -0.000000000000000000, -1.000000000000000000 ) ) ;
#139 = EDGE_CURVE ( 'NONE', #109, #4553, #1402, .T. ) ;
#140 = EDGE_CURVE ( 'NONE', #449, #2739, #4071, .T. ) ;
#141 = ORIENTED_EDGE ( 'NONE', *, *, #5693, .F. ) ;
#142 = DIRECTION ( 'NONE',  ( -0.000000000000000000, 0.000000000000000000, 1.000000000000000000 ) ) ;
#143 = ORIENTED_EDGE ( 'NONE', *, *, #6408, .T. ) ;
#144 = LINE ( 'NONE', #6069, #4517 ) ;
#145 = VECTOR ( 'NONE', #288, 1000.000000000000000 ) ;
#146 = CYLINDRICAL_SURFACE ( 'NONE', #3979, 1.000000000000000888 ) ;
#147 = ORIENTED_EDGE ( 'NONE', *, *, #6707, .F. ) ;
#148 = ADVANCED_FACE ( 'NONE', ( #6263 ), #4907, .F. ) ;
#149 = DIRECTION ( 'NONE',  ( -0.000000000000000000, 0.000000000000000000, 1.000000000000000000 ) ) ;
#150 = DIRECTION ( 'NONE',  ( 1.000000000000000000, 0.000000000000000000, 0.000000000000000000 ) ) ;
#151 = EDGE_CURVE ( 'NONE', #5143, #3719, #765, .T. ) ;
#152 = CYLINDRICAL_SURFACE ( 'NONE', #4236, 1.000000000000000888 ) ;
#153 = ORIENTED_EDGE ( 'NONE', *, *, #571, .T. ) ;
#154 = ORIENTED_EDGE ( 'NONE', *, *, #5554, .T. ) ;
#155 = DIRECTION ( 'NONE',  ( -0.000000000000000000, -0.000000000000000000, -1.000000000000000000 ) ) ;
#156 = CIRCLE ( 'NONE', #1805, 1.000000000000000888 ) ;
#157 = DIRECTION ( 'NONE',  ( 1.000000000000000000, 0.000000000000000000, 0.000000000000000000 ) ) ;
#158 = CARTESIAN_POINT ( 'NONE',  ( -23.70830154418900193, 54.97129821777300407, 0.000000000000000000 ) ) ;
#159 = DIRECTION ( 'NONE',  ( 1.000000000000000000, 0.000000000000000000, 0.000000000000000000 ) ) ;
#160 = AXIS2_PLACEMENT_3D ( 'NONE', #818, #4564, #2507 ) ;
#161 = ORIENTED_EDGE ( 'NONE', *, *, #1074, .F. ) ;
#162 = LINE ( 'NONE', #1646, #4319 ) ;
#163 = DIRECTION ( 'NONE',  ( -0.000000000000000000, -0.000000000000000000, -1.000000000000000000 ) ) ;
#164 = CYLINDRICAL_SURFACE ( 'NONE', #1477, 1.000000000000000888 ) ;
#165 = AXIS2_PLACEMENT_3D ( 'NONE', #4257, #6364, #3133 ) ;
#166 = DIRECTION ( 'NONE',  ( -0.000000000000000000, -0.000000000000000000, -1.000000000000000000 ) ) ;
#167 = ORIENTED_EDGE ( 'NONE', *, *, #151, .F. ) ;
#168 = AXIS2_PLACEMENT_3D ( 'NONE', #4289, #4908, #6017 ) ;
#169 = EDGE_LOOP ( 'NONE', ( #5961, #4713 ) ) ;
#170 = CARTESIAN_POINT ( 'NONE',  ( -128.6887512206999986, 21.32992744445799715, 9.999999999999996447 ) ) ;
#171 = ORIENTED_EDGE ( 'NONE', *, *, #1783, .F. ) ;
#172 = CARTESIAN_POINT ( 'NONE',  ( -104.4783020019499986, 12.88201141357400026, 9.999999999999996447 ) ) ;
#173 = CARTESIAN_POINT ( 'NONE',  ( -0.000000000000000000, 0.005999999998001527557, 0.000000000000000000 ) ) ;
#174 = ORIENTED_EDGE ( 'NONE', *, *, #1831, .F. ) ;
#175 = DIRECTION ( 'NONE',  ( 1.000000000000000000, 0.000000000000000000, 0.000000000000000000 ) ) ;
#176 = AXIS2_PLACEMENT_3D ( 'NONE', #3265, #1729, #5382 ) ;
#177 = EDGE_LOOP ( 'NONE', ( #2356, #589, #1319, #2041 ) ) ;
#178 = CARTESIAN_POINT ( 'NONE',  ( -154.0509948730399969, 129.7940063476499972, 9.999999999999996447 ) ) ;
#179 = ORIENTED_EDGE ( 'NONE', *, *, #5098, .F. ) ;
#180 = FACE_BOUND ( 'NONE', #1654, .T. ) ;
#181 = ADVANCED_FACE ( 'NONE', ( #5849 ), #3244, .F. ) ;
#182 = EDGE_CURVE ( 'NONE', #5372, #6277, #876, .T. ) ;
#183 = CIRCLE ( 'NONE', #2496, 1.000000000000000888 ) ;
#184 = EDGE_CURVE ( 'NONE', #2803, #851, #1758, .T. ) ;
#185 = FACE_OUTER_BOUND ( 'NONE', #2537, .T. ) ;
#186 = DIRECTION ( 'NONE',  ( 1.000000000000000000, 0.000000000000000000, 0.000000000000000000 ) ) ;
#187 = ORIENTED_EDGE ( 'NONE', *, *, #4809, .T. ) ;
#188 = EDGE_LOOP ( 'NONE', ( #1105, #6545 ) ) ;
#189 = CYLINDRICAL_SURFACE ( 'NONE', #2617, 1.000000000000000888 ) ;
#190 = CIRCLE ( 'NONE', #4610, 1.000000000000000888 ) ;
#191 = DIRECTION ( 'NONE',  ( 1.000000000000000000, 0.000000000000000000, 0.000000000000000000 ) ) ;
#192 = EDGE_CURVE ( 'NONE', #2873, #480, #3208, .T. ) ;
#193 = CARTESIAN_POINT ( 'NONE',  ( -151.0507659912100280, 54.74725341796900580, 9.999999999999996447 ) ) ;
#194 = AXIS2_PLACEMENT_3D ( 'NONE', #6121, #2494, #5075 ) ;
#195 = EDGE_LOOP ( 'NONE', ( #6419, #4659 ) ) ;
#196 = DIRECTION ( 'NONE',  ( -0.000000000000000000, 0.000000000000000000, 1.000000000000000000 ) ) ;
#197 = FACE_OUTER_BOUND ( 'NONE', #120, .T. ) ;
#198 = AXIS2_PLACEMENT_3D ( 'NONE', #1571, #6844, #3686 ) ;
#199 = AXIS2_PLACEMENT_3D ( 'NONE', #6353, #3676, #1666 ) ;
#200 = CARTESIAN_POINT ( 'NONE',  ( -152.0663909912100280, 93.55554199218801159, 9.999999999999996447 ) ) ;
#201 = VERTEX_POINT ( 'NONE', #5922 ) ;
#202 = LINE ( 'NONE', #1788, #1092 ) ;
#203 = EDGE_LOOP ( 'NONE', ( #1167, #1969, #6043, #4343 ) ) ;
#204 = DIRECTION ( 'NONE',  ( 1.000000000000000000, 0.000000000000000000, 0.000000000000000000 ) ) ;
#205 = CARTESIAN_POINT ( 'NONE',  ( -22.47379875183100495, 101.3996047973600412, 0.000000000000000000 ) ) ;
#206 = EDGE_LOOP ( 'NONE', ( #5156, #6776 ) ) ;
#207 = VECTOR ( 'NONE', #2003, 1000.000000000000000 ) ;
#208 = EDGE_LOOP ( 'NONE', ( #755, #6190 ) ) ;
#209 = DIRECTION ( 'NONE',  ( -0.000000000000000000, 0.000000000000000000, 1.000000000000000000 ) ) ;
#210 = ORIENTED_EDGE ( 'NONE', *, *, #2837, .F. ) ;
#211 = CARTESIAN_POINT ( 'NONE',  ( -151.0820007324199992, 127.2838211059499685, 9.999999999999996447 ) ) ;
#212 = VECTOR ( 'NONE', #2750, 1000.000000000000000 ) ;
#213 = CYLINDRICAL_SURFACE ( 'NONE', #1169, 1.000000000000000888 ) ;
#214 = CIRCLE ( 'NONE', #6308, 1.000000000000000888 ) ;
#215 = CARTESIAN_POINT ( 'NONE',  ( -23.45818710327100831, 62.59131622314498600, 9.999999999999996447 ) ) ;
#216 = LINE ( 'NONE', #5586, #145 ) ;
#217 = VERTEX_POINT ( 'NONE', #1154 ) ;
#218 = ADVANCED_FACE ( 'NONE', ( #4872 ), #2783, .F. ) ;
#219 = ORIENTED_EDGE ( 'NONE', *, *, #1079, .T. ) ;
#220 = DIRECTION ( 'NONE',  ( 1.000000000000000000, 0.000000000000000000, 0.000000000000000000 ) ) ;
#221 = EDGE_CURVE ( 'NONE', #5, #6481, #6861, .T. ) ;
#222 = ORIENTED_EDGE ( 'NONE', *, *, #4465, .T. ) ;
#223 = DIRECTION ( 'NONE',  ( -0.000000000000000000, 0.000000000000000000, 1.000000000000000000 ) ) ;
#224 = CIRCLE ( 'NONE', #1323, 1.599999999999990319 ) ;
#225 = CARTESIAN_POINT ( 'NONE',  ( -47.98910522460901262, 15.85206127166699908, 0.000000000000000000 ) ) ;
#226 = CIRCLE ( 'NONE', #4110, 1.000000000000000888 ) ;
#227 = AXIS2_PLACEMENT_3D ( 'NONE', #3150, #1139, #5273 ) ;
#228 = CARTESIAN_POINT ( 'NONE',  ( -152.0507659912100280, 54.74725341796900580, 0.000000000000000000 ) ) ;
#229 = VERTEX_POINT ( 'NONE', #1512 ) ;
#230 = EDGE_CURVE ( 'NONE', #3571, #806, #2648, .T. ) ;
#231 = EDGE_CURVE ( 'NONE', #4413, #4776, #2760, .T. ) ;
#232 = VERTEX_POINT ( 'NONE', #6478 ) ;
#233 = CARTESIAN_POINT ( 'NONE',  ( -154.2352752685500263, 18.47896957397500017, 0.000000000000000000 ) ) ;
#234 = CIRCLE ( 'NONE', #4991, 1.000000000000000888 ) ;
#235 = CARTESIAN_POINT ( 'NONE',  ( -154.2254791259699971, 62.36726760864300445, 9.999999999999996447 ) ) ;
#236 = EDGE_CURVE ( 'NONE', #6014, #4055, #5202, .T. ) ;
#237 = DIRECTION ( 'NONE',  ( -1.000000000000000000, 0.000000000000000000, 0.000000000000000000 ) ) ;
#238 = EDGE_LOOP ( 'NONE', ( #3115, #1599, #437, #4577 ) ) ;
#239 = ORIENTED_EDGE ( 'NONE', *, *, #772, .F. ) ;
#240 = CARTESIAN_POINT ( 'NONE',  ( -73.19956207275401994, 24.29997634887700286, 9.999999999999996447 ) ) ;
#241 = AXIS2_PLACEMENT_3D ( 'NONE', #6194, #5712, #3033 ) ;
#242 = CARTESIAN_POINT ( 'NONE',  ( -155.2508850097599691, 57.28725814819298989, 9.999999999999996447 ) ) ;
#243 = EDGE_LOOP ( 'NONE', ( #1480, #1950 ) ) ;
#244 = CARTESIAN_POINT ( 'NONE',  ( -23.44257545471200999, 23.78302574157699922, 9.999999999999996447 ) ) ;
#245 = AXIS2_PLACEMENT_3D ( 'NONE', #3025, #5593, #330 ) ;
#246 = ORIENTED_EDGE ( 'NONE', *, *, #5394, .T. ) ;
#247 = DIRECTION ( 'NONE',  ( 1.000000000000000000, 0.000000000000000000, 0.000000000000000000 ) ) ;
#248 = EDGE_LOOP ( 'NONE', ( #925, #3041 ) ) ;
#249 = CARTESIAN_POINT ( 'NONE',  ( -103.6479949951099968, 51.94300079345699572, 0.000000000000000000 ) ) ;
#250 = ORIENTED_EDGE ( 'NONE', *, *, #2847, .T. ) ;
#251 = AXIS2_PLACEMENT_3D ( 'NONE', #4318, #533, #2082 ) ;
#252 = CARTESIAN_POINT ( 'NONE',  ( -151.0319824218700262, 137.4438476562500284, 0.000000000000000000 ) ) ;
#253 = DIRECTION ( 'NONE',  ( 1.000000000000000000, 0.000000000000000000, 0.000000000000000000 ) ) ;
#254 = CARTESIAN_POINT ( 'NONE',  ( -103.5095214843699836, 90.49858856201201718, 9.999999999999996447 ) ) ;
#255 = DIRECTION ( 'NONE',  ( -0.000000000000000000, -0.000000000000000000, -1.000000000000000000 ) ) ;
#256 = VERTEX_POINT ( 'NONE', #5964 ) ;
#257 = ORIENTED_EDGE ( 'NONE', *, *, #6581, .T. ) ;
#258 = DIRECTION ( 'NONE',  ( -0.000000000000000000, -0.000000000000000000, -1.000000000000000000 ) ) ;
#259 = ORIENTED_EDGE ( 'NONE', *, *, #1161, .T. ) ;
#260 = CARTESIAN_POINT ( 'NONE',  ( -21.49919891357400559, 91.23958587646500007, 9.999999999999996447 ) ) ;
#261 = CARTESIAN_POINT ( 'NONE',  ( -104.6479949951099968, 51.94300079345699572, 0.000000000000000000 ) ) ;
#262 = ORIENTED_EDGE ( 'NONE', *, *, #1959, .F. ) ;
#263 = DIRECTION ( 'NONE',  ( -0.000000000000000000, 0.000000000000000000, 1.000000000000000000 ) ) ;
#264 = CARTESIAN_POINT ( 'NONE',  ( -106.6540756225499820, 102.6609878540000125, 0.000000000000000000 ) ) ;
#265 = CARTESIAN_POINT ( 'NONE',  ( -69.05499267578099420, 12.13757514953599959, 0.000000000000000000 ) ) ;
#266 = EDGE_CURVE ( 'NONE', #6699, #3603, #2198, .T. ) ;
#267 = AXIS2_PLACEMENT_3D ( 'NONE', #2296, #4948, #2751 ) ;
#268 = EDGE_CURVE ( 'NONE', #5102, #1212, #3089, .T. ) ;
#269 = DIRECTION ( 'NONE',  ( -0.000000000000000000, 0.000000000000000000, 1.000000000000000000 ) ) ;
#270 = ADVANCED_FACE ( 'NONE', ( #728 ), #146, .F. ) ;
#271 = ORIENTED_EDGE ( 'NONE', *, *, #182, .T. ) ;
#272 = DIRECTION ( 'NONE',  ( 1.000000000000000000, 0.000000000000000000, 0.000000000000000000 ) ) ;
#273 = CARTESIAN_POINT ( 'NONE',  ( -72.19956207275401994, 24.29997634887700286, 9.999999999999996447 ) ) ;
#274 = AXIS2_PLACEMENT_3D ( 'NONE', #5225, #6264, #5291 ) ;
#275 = ORIENTED_EDGE ( 'NONE', *, *, #5563, .F. ) ;
#276 = DIRECTION ( 'NONE',  ( -1.000000000000000000, 0.000000000000000000, 0.000000000000000000 ) ) ;
#277 = EDGE_CURVE ( 'NONE', #3948, #6129, #4103, .T. ) ;
#278 = AXIS2_PLACEMENT_3D ( 'NONE', #2156, #641, #4360 ) ;
#279 = CARTESIAN_POINT ( 'NONE',  ( -105.4783020019499986, 12.88201141357400026, 9.999999999999996447 ) ) ;
#280 = ORIENTED_EDGE ( 'NONE', *, *, #2037, .F. ) ;
#281 = ORIENTED_EDGE ( 'NONE', *, *, #140, .T. ) ;
#282 = DIRECTION ( 'NONE',  ( -0.000000000000000000, -0.000000000000000000, -1.000000000000000000 ) ) ;
#283 = ORIENTED_EDGE ( 'NONE', *, *, #6288, .F. ) ;
#284 = DIRECTION ( 'NONE',  ( -0.000000000000000000, 0.000000000000000000, 1.000000000000000000 ) ) ;
#285 = DIRECTION ( 'NONE',  ( -1.000000000000000000, 0.000000000000000000, 0.000000000000000000 ) ) ;
#286 = CIRCLE ( 'NONE', #6266, 1.000000000000000888 ) ;
#287 = FACE_OUTER_BOUND ( 'NONE', #2520, .T. ) ;
#288 = DIRECTION ( 'NONE',  ( -1.000000000000000000, 0.000000000000000000, 0.000000000000000000 ) ) ;
#289 = ORIENTED_EDGE ( 'NONE', *, *, #5367, .T. ) ;
#290 = ORIENTED_EDGE ( 'NONE', *, *, #2546, .T. ) ;
#291 = CARTESIAN_POINT ( 'NONE',  ( -107.6540756225499820, 102.6609878540000125, 9.999999999999996447 ) ) ;
#292 = FACE_OUTER_BOUND ( 'NONE', #3147, .T. ) ;
#293 = AXIS2_PLACEMENT_3D ( 'NONE', #3361, #5477, #731 ) ;
#294 = DIRECTION ( 'NONE',  ( 1.000000000000000000, 0.000000000000000000, 0.000000000000000000 ) ) ;
#295 = CARTESIAN_POINT ( 'NONE',  ( -152.0507659912100280, 54.74725341796900580, 9.999999999999996447 ) ) ;
#296 = DIRECTION ( 'NONE',  ( 1.000000000000000000, 0.000000000000000000, 0.000000000000000000 ) ) ;
#297 = ORIENTED_EDGE ( 'NONE', *, *, #649, .T. ) ;
#298 = ORIENTED_EDGE ( 'NONE', *, *, #266, .F. ) ;
#299 = DIRECTION ( 'NONE',  ( -0.000000000000000000, 0.000000000000000000, 1.000000000000000000 ) ) ;
#300 = CARTESIAN_POINT ( 'NONE',  ( -151.9851531982400275, 21.01897430419899493, 9.999999999999996447 ) ) ;
#301 = VECTOR ( 'NONE', #5838, 1000.000000000000000 ) ;
#302 = DIRECTION ( 'NONE',  ( -1.000000000000000000, 0.000000000000000000, 0.000000000000000000 ) ) ;
#303 = ORIENTED_EDGE ( 'NONE', *, *, #4973, .T. ) ;
#304 = DIRECTION ( 'NONE',  ( -1.000000000000000000, 0.000000000000000000, 0.000000000000000000 ) ) ;
#305 = EDGE_CURVE ( 'NONE', #6699, #2106, #3928, .T. ) ;
#306 = LINE ( 'NONE', #3420, #6523 ) ;
#307 = EDGE_CURVE ( 'NONE', #1038, #3594, #5882, .T. ) ;
#308 = ORIENTED_EDGE ( 'NONE', *, *, #1912, .T. ) ;
#309 = DIRECTION ( 'NONE',  ( 1.000000000000000000, 0.000000000000000000, 0.000000000000000000 ) ) ;
#310 = EDGE_CURVE ( 'NONE', #6821, #6446, #2921, .T. ) ;
#311 = CARTESIAN_POINT ( 'NONE',  ( 0.000000000000000000, 0.000000000000000000, 0.000000000000000000 ) ) ;
#312 = ORIENTED_EDGE ( 'NONE', *, *, #2345, .T. ) ;
#313 = ORIENTED_EDGE ( 'NONE', *, *, #3734, .T. ) ;
#314 = CARTESIAN_POINT ( 'NONE',  ( -24.68952941894499276, 137.6678924560500263, 9.999999999999996447 ) ) ;
#315 = EDGE_CURVE ( 'NONE', #3622, #6617, #6635, .T. ) ;
#316 = ORIENTED_EDGE ( 'NONE', *, *, #5025, .F. ) ;
#317 = CARTESIAN_POINT ( 'NONE',  ( -153.2352752685499979, 13.39896011352499627, 0.000000000000000000 ) ) ;
#318 = FACE_BOUND ( 'NONE', #1898, .T. ) ;
#319 = ADVANCED_FACE ( 'NONE', ( #4521 ), #4007, .F. ) ;
#320 = CIRCLE ( 'NONE', #3189, 1.000000000000000888 ) ;
#321 = DIRECTION ( 'NONE',  ( -1.000000000000000000, 0.000000000000000000, 0.000000000000000000 ) ) ;
#322 = AXIS2_PLACEMENT_3D ( 'NONE', #6268, #6748, #5233 ) ;
#323 = LINE ( 'NONE', #2428, #1799 ) ;
#324 = ORIENTED_EDGE ( 'NONE', *, *, #4381, .F. ) ;
#325 = ORIENTED_EDGE ( 'NONE', *, *, #6287, .T. ) ;
#326 = CYLINDRICAL_SURFACE ( 'NONE', #6604, 1.000000000000000888 ) ;
#327 = VERTEX_POINT ( 'NONE', #6153 ) ;
#328 = CARTESIAN_POINT ( 'NONE',  ( -112.9545745849599996, 43.75185394287098717, 9.999999999999996447 ) ) ;
#329 = CIRCLE ( 'NONE', #4427, 1.000000000000000888 ) ;
#330 = DIRECTION ( 'NONE',  ( 1.000000000000000000, 0.000000000000000000, 0.000000000000000000 ) ) ;
#331 = AXIS2_PLACEMENT_3D ( 'NONE', #2018, #6773, #6356 ) ;
#332 = DIRECTION ( 'NONE',  ( 1.000000000000000000, 0.000000000000000000, 0.000000000000000000 ) ) ;
#333 = ORIENTED_EDGE ( 'NONE', *, *, #5695, .F. ) ;
#334 = AXIS2_PLACEMENT_3D ( 'NONE', #1274, #1639, #2187 ) ;
#335 = EDGE_LOOP ( 'NONE', ( #3791, #1330, #5752, #6157 ) ) ;
#336 = CARTESIAN_POINT ( 'NONE',  ( -50.00470733642600862, 54.66035079956099452, 9.999999999999996447 ) ) ;
#337 = DIRECTION ( 'NONE',  ( -0.000000000000000000, 0.000000000000000000, 1.000000000000000000 ) ) ;
#338 = CARTESIAN_POINT ( 'NONE',  ( -105.6479949951099968, 51.94300079345699572, 9.999999999999996447 ) ) ;
#339 = AXIS2_PLACEMENT_3D ( 'NONE', #4790, #39, #628 ) ;
#340 = ORIENTED_EDGE ( 'NONE', *, *, #6065, .F. ) ;
#341 = CARTESIAN_POINT ( 'NONE',  ( -152.9851531982400275, 21.01897430419899493, 9.999999999999996447 ) ) ;
#342 = EDGE_LOOP ( 'NONE', ( #1943, #969 ) ) ;
#343 = CARTESIAN_POINT ( 'NONE',  ( -22.48358726501501081, 52.43129348754900576, 9.999999999999996447 ) ) ;
#344 = AXIS2_PLACEMENT_3D ( 'NONE', #1685, #2755, #4881 ) ;
#345 = VECTOR ( 'NONE', #5234, 1000.000000000000000 ) ;
#346 = CARTESIAN_POINT ( 'NONE',  ( -22.45818710327099410, 57.51130294799799714, 0.000000000000000000 ) ) ;
#347 = ORIENTED_EDGE ( 'NONE', *, *, #90, .F. ) ;
#348 = ORIENTED_EDGE ( 'NONE', *, *, #2176, .T. ) ;
#349 = CYLINDRICAL_SURFACE ( 'NONE', #5736, 1.000000000000000888 ) ;
#350 = ORIENTED_EDGE ( 'NONE', *, *, #3993, .T. ) ;
#351 = DIRECTION ( 'NONE',  ( -0.000000000000000000, -0.000000000000000000, 1.000000000000000000 ) ) ;
#352 = DIRECTION ( 'NONE',  ( 1.000000000000000000, 0.000000000000000000, 0.000000000000000000 ) ) ;
#353 = AXIS2_PLACEMENT_3D ( 'NONE', #6543, #3934, #1785 ) ;
#354 = EDGE_CURVE ( 'NONE', #1637, #361, #2424, .T. ) ;
#355 = EDGE_CURVE ( 'NONE', #705, #1010, #662, .T. ) ;
#356 = CARTESIAN_POINT ( 'NONE',  ( -151.0820007324199992, 127.2838211059499685, 0.000000000000000000 ) ) ;
#357 = EDGE_CURVE ( 'NONE', #796, #1592, #5532, .T. ) ;
#358 = VECTOR ( 'NONE', #2468, 1000.000000000000000 ) ;
#359 = CYLINDRICAL_SURFACE ( 'NONE', #1915, 1.000000000000000888 ) ;
#360 = ORIENTED_EDGE ( 'NONE', *, *, #1959, .T. ) ;
#361 = VERTEX_POINT ( 'NONE', #431 ) ;
#362 = DIRECTION ( 'NONE',  ( -0.000000000000000000, -0.000000000000000000, -1.000000000000000000 ) ) ;
#363 = CARTESIAN_POINT ( 'NONE',  ( -22.44257545471200999, 23.78302574157699922, 9.999999999999996447 ) ) ;
#364 = EDGE_CURVE ( 'NONE', #4622, #112, #2534, .T. ) ;
#365 = CARTESIAN_POINT ( 'NONE',  ( -15.63240926640897399, 158.7275907335900058, 9.999999999999996447 ) ) ;
#366 = DIRECTION ( 'NONE',  ( -0.000000000000000000, 0.000000000000000000, 1.000000000000000000 ) ) ;
#367 = DIRECTION ( 'NONE',  ( -0.000000000000000000, -0.000000000000000000, -1.000000000000000000 ) ) ;
#368 = ORIENTED_EDGE ( 'NONE', *, *, #94, .F. ) ;
#369 = ORIENTED_EDGE ( 'NONE', *, *, #1455, .T. ) ;
#370 = ORIENTED_EDGE ( 'NONE', *, *, #4348, .F. ) ;
#371 = FACE_OUTER_BOUND ( 'NONE', #2552, .T. ) ;
#372 = LINE ( 'NONE', #5565, #3728 ) ;
#373 = CARTESIAN_POINT ( 'NONE',  ( -159.2835907335899606, 158.7275907335900058, 0.000000000000000000 ) ) ;
#374 = CYLINDRICAL_SURFACE ( 'NONE', #2110, 1.000000000000000888 ) ;
#375 = AXIS2_PLACEMENT_3D ( 'NONE', #4719, #1044, #5801 ) ;
#376 = ORIENTED_EDGE ( 'NONE', *, *, #6502, .T. ) ;
#377 = CARTESIAN_POINT ( 'NONE',  ( -48.00470733642600862, 54.66035079956099452, 9.999999999999996447 ) ) ;
#378 = VERTEX_POINT ( 'NONE', #3611 ) ;
#379 = LINE ( 'NONE', #1899, #5889 ) ;
#380 = CARTESIAN_POINT ( 'NONE',  ( -151.0163726806600266, 98.63555145263703139, 0.000000000000000000 ) ) ;
#381 = CIRCLE ( 'NONE', #1252, 1.000000000000000888 ) ;
#382 = ORIENTED_EDGE ( 'NONE', *, *, #1025, .F. ) ;
#383 = ORIENTED_EDGE ( 'NONE', *, *, #2806, .F. ) ;
#384 = FACE_OUTER_BOUND ( 'NONE', #5378, .T. ) ;
#385 = VERTEX_POINT ( 'NONE', #5735 ) ;
#386 = CARTESIAN_POINT ( 'NONE',  ( -151.9851531982400275, 21.01897430419899493, 9.999999999999996447 ) ) ;
#387 = DIRECTION ( 'NONE',  ( -1.000000000000000000, 0.000000000000000000, 0.000000000000000000 ) ) ;
#388 = AXIS2_PLACEMENT_3D ( 'NONE', #5011, #6124, #1884 ) ;
#389 = FACE_BOUND ( 'NONE', #3152, .T. ) ;
#390 = DIRECTION ( 'NONE',  ( 1.000000000000000000, 0.000000000000000000, 0.000000000000000000 ) ) ;
#391 = ORIENTED_EDGE ( 'NONE', *, *, #4846, .T. ) ;
#392 = ORIENTED_EDGE ( 'NONE', *, *, #1109, .T. ) ;
#393 = CARTESIAN_POINT ( 'NONE',  ( -114.9545745849599996, 43.75185394287098717, 9.999999999999996447 ) ) ;
#394 = EDGE_CURVE ( 'NONE', #3347, #4951, #5318, .T. ) ;
#395 = ADVANCED_FACE ( 'NONE', ( #1564 ), #5773, .F. ) ;
#396 = CARTESIAN_POINT ( 'NONE',  ( -24.72391319274899857, 93.77958679199200276, 9.999999999999996447 ) ) ;
#397 = EDGE_CURVE ( 'NONE', #3230, #3552, #4985, .T. ) ;
#398 = CARTESIAN_POINT ( 'NONE',  ( -106.6228561401299970, 25.04441070556600479, 0.000000000000000000 ) ) ;
#399 = CARTESIAN_POINT ( 'NONE',  ( -23.45818710327099410, 57.51130294799799714, 9.999999999999996447 ) ) ;
#400 = CARTESIAN_POINT ( 'NONE',  ( -48.00470733642600862, 54.66035079956099452, 0.000000000000000000 ) ) ;
#401 = EDGE_LOOP ( 'NONE', ( #6136, #6216 ) ) ;
#402 = VERTEX_POINT ( 'NONE', #3679 ) ;
#403 = CIRCLE ( 'NONE', #2940, 1.000000000000000888 ) ;
#404 = VERTEX_POINT ( 'NONE', #6256 ) ;
#405 = DIRECTION ( 'NONE',  ( 1.000000000000000000, 0.000000000000000000, 0.000000000000000000 ) ) ;
#406 = ADVANCED_FACE ( 'NONE', ( #2573 ), #1494, .F. ) ;
#407 = DIRECTION ( 'NONE',  ( 1.000000000000000000, 0.000000000000000000, 0.000000000000000000 ) ) ;
#408 = CARTESIAN_POINT ( 'NONE',  ( -154.2664947509699971, 91.01554107666001414, 9.999999999999996447 ) ) ;
#409 = DIRECTION ( 'NONE',  ( -1.000000000000000000, 0.000000000000000000, 0.000000000000000000 ) ) ;
#410 = VERTEX_POINT ( 'NONE', #2498 ) ;
#411 = DIRECTION ( 'NONE',  ( -0.000000000000000000, -0.000000000000000000, -1.000000000000000000 ) ) ;
#412 = DIRECTION ( 'NONE',  ( -0.000000000000000000, 0.000000000000000000, 1.000000000000000000 ) ) ;
#413 = AXIS2_PLACEMENT_3D ( 'NONE', #618, #1189, #3898 ) ;
#414 = LINE ( 'NONE', #2514, #2858 ) ;
#415 = VERTEX_POINT ( 'NONE', #4619 ) ;
#416 = DIRECTION ( 'NONE',  ( -0.000000000000000000, -0.000000000000000000, -1.000000000000000000 ) ) ;
#417 = CARTESIAN_POINT ( 'NONE',  ( -114.9701919555599972, 82.56014251709001428, 0.000000000000000000 ) ) ;
#418 = VERTEX_POINT ( 'NONE', #5217 ) ;
#419 = DIRECTION ( 'NONE',  ( -0.000000000000000000, 0.000000000000000000, 1.000000000000000000 ) ) ;
#420 = CARTESIAN_POINT ( 'NONE',  ( -153.2821044921799967, 134.9038391113200248, 0.000000000000000000 ) ) ;
#421 = DIRECTION ( 'NONE',  ( -0.000000000000000000, 0.000000000000000000, 1.000000000000000000 ) ) ;
#422 = VERTEX_POINT ( 'NONE', #6733 ) ;
#423 = EDGE_LOOP ( 'NONE', ( #290, #590, #2023, #6790 ) ) ;
#424 = DIRECTION ( 'NONE',  ( -0.000000000000000000, -0.000000000000000000, 1.000000000000000000 ) ) ;
#425 = CIRCLE ( 'NONE', #4309, 1.000000000000000888 ) ;
#426 = DIRECTION ( 'NONE',  ( -0.000000000000000000, 0.000000000000000000, 1.000000000000000000 ) ) ;
#427 = AXIS2_PLACEMENT_3D ( 'NONE', #3955, #3920, #5514 ) ;
#428 = DIRECTION ( 'NONE',  ( -0.000000000000000000, -0.000000000000000000, -1.000000000000000000 ) ) ;
#429 = AXIS2_PLACEMENT_3D ( 'NONE', #2622, #3224, #2107 ) ;
#430 = EDGE_CURVE ( 'NONE', #5635, #2339, #5094, .T. ) ;
#431 = CARTESIAN_POINT ( 'NONE',  ( -18.63240926640897399, 158.7275907335900058, 6.999999999999996447 ) ) ;
#432 = LINE ( 'NONE', #1598, #6098 ) ;
#433 = VERTEX_POINT ( 'NONE', #5321 ) ;
#434 = ORIENTED_EDGE ( 'NONE', *, *, #354, .F. ) ;
#435 = CYLINDRICAL_SURFACE ( 'NONE', #4287, 2.999999999999999112 ) ;
#436 = AXIS2_PLACEMENT_3D ( 'NONE', #3665, #5237, #6717 ) ;
#437 = ORIENTED_EDGE ( 'NONE', *, *, #3108, .T. ) ;
#438 = DIRECTION ( 'NONE',  ( -0.000000000000000000, 0.000000000000000000, 1.000000000000000000 ) ) ;
#439 = DIRECTION ( 'NONE',  ( 1.000000000000000000, 0.000000000000000000, 0.000000000000000000 ) ) ;
#440 = CYLINDRICAL_SURFACE ( 'NONE', #274, 1.000000000000000888 ) ;
#441 = VECTOR ( 'NONE', #1608, 1000.000000000000000 ) ;
#442 = CARTESIAN_POINT ( 'NONE',  ( -21.45818710327099410, 57.51130294799799714, 9.999999999999996447 ) ) ;
#443 = ADVANCED_FACE ( 'NONE', ( #4830 ), #4866, .F. ) ;
#444 = ADVANCED_FACE ( 'NONE', ( #3299 ), #4282, .F. ) ;
#445 = AXIS2_PLACEMENT_3D ( 'NONE', #1991, #6228, #405 ) ;
#446 = EDGE_LOOP ( 'NONE', ( #4671, #2480, #2510, #5241 ) ) ;
#447 = EDGE_CURVE ( 'NONE', #2692, #4188, #3194, .T. ) ;
#448 = DIRECTION ( 'NONE',  ( -0.000000000000000000, -0.000000000000000000, -1.000000000000000000 ) ) ;
#449 = VERTEX_POINT ( 'NONE', #6493 ) ;
#450 =( NAMED_UNIT ( * ) PLANE_ANGLE_UNIT ( ) SI_UNIT ( $, .RADIAN. ) );
#451 = CIRCLE ( 'NONE', #3983, 1.000000000000000888 ) ;
#452 = ADVANCED_FACE ( 'NONE', ( #185 ), #117, .F. ) ;
#453 = CARTESIAN_POINT ( 'NONE',  ( -159.2835907335899606, 158.7275907335900058, 9.999999999999996447 ) ) ;
#454 = ORIENTED_EDGE ( 'NONE', *, *, #2546, .F. ) ;
#455 = AXIS2_PLACEMENT_3D ( 'NONE', #2513, #6611, #3519 ) ;
#456 = EDGE_LOOP ( 'NONE', ( #3435, #846 ) ) ;
#457 = CARTESIAN_POINT ( 'NONE',  ( -23.49919891357400559, 91.23958587646500007, 9.999999999999996447 ) ) ;
#458 = ORIENTED_EDGE ( 'NONE', *, *, #2806, .T. ) ;
#459 = LINE ( 'NONE', #4025, #1203 ) ;
#460 = CIRCLE ( 'NONE', #11, 1.000000000000000888 ) ;
#461 = FACE_BOUND ( 'NONE', #1046, .T. ) ;
#462 = CIRCLE ( 'NONE', #4003, 1.000000000000000888 ) ;
#463 = DIRECTION ( 'NONE',  ( 1.000000000000000000, 0.000000000000000000, 0.000000000000000000 ) ) ;
#464 = EDGE_LOOP ( 'NONE', ( #2706, #2639 ) ) ;
#465 = FACE_OUTER_BOUND ( 'NONE', #1936, .T. ) ;
#466 = VECTOR ( 'NONE', #3206, 1000.000000000000000 ) ;
#467 = CARTESIAN_POINT ( 'NONE',  ( -152.0351562500000284, 10.85895442962599766, 0.000000000000000000 ) ) ;
#468 = CYLINDRICAL_SURFACE ( 'NONE', #4244, 1.000000000000000888 ) ;
#469 = AXIS2_PLACEMENT_3D ( 'NONE', #5892, #3134, #1286 ) ;
#470 = CARTESIAN_POINT ( 'NONE',  ( -62.78571701049798293, 148.6632843017500250, 0.000000000000000000 ) ) ;
#471 = EDGE_LOOP ( 'NONE', ( #4959, #6747, #6470, #6504 ) ) ;
#472 = ORIENTED_EDGE ( 'NONE', *, *, #2001, .F. ) ;
#473 = DIRECTION ( 'NONE',  ( 1.000000000000000000, 0.000000000000000000, 0.000000000000000000 ) ) ;
#474 = EDGE_LOOP ( 'NONE', ( #2244, #3681, #3936, #1112 ) ) ;
#475 = CARTESIAN_POINT ( 'NONE',  ( -22.51480865478498572, 130.0478668212800244, 9.999999999999996447 ) ) ;
#476 = DIRECTION ( 'NONE',  ( -0.000000000000000000, 0.000000000000000000, 1.000000000000000000 ) ) ;
#477 = CARTESIAN_POINT ( 'NONE',  ( 0.000000000000000000, 0.005999999998001527557, 9.999999999999996447 ) ) ;
#478 = ORIENTED_EDGE ( 'NONE', *, *, #3608, .T. ) ;
#479 = CARTESIAN_POINT ( 'NONE',  ( -126.7043685912999962, 60.13821411132799710, 0.000000000000000000 ) ) ;
#480 = VERTEX_POINT ( 'NONE', #5352 ) ;
#481 = DIRECTION ( 'NONE',  ( 0.000000000000000000, 0.000000000000000000, 1.000000000000000000 ) ) ;
#482 = EDGE_CURVE ( 'NONE', #42, #829, #3854, .T. ) ;
#483 = ADVANCED_FACE ( 'NONE', ( #4354 ), #3749, .F. ) ;
#484 = CARTESIAN_POINT ( 'NONE',  ( -153.2254791259699971, 62.36726760864300445, 9.999999999999996447 ) ) ;
#485 = EDGE_LOOP ( 'NONE', ( #3329, #1300, #3059, #3160 ) ) ;
#486 = CARTESIAN_POINT ( 'NONE',  ( -23.46797561645499997, 13.62300586700400018, 9.999999999999996447 ) ) ;
#487 = CIRCLE ( 'NONE', #1040, 1.000000000000000888 ) ;
#488 = VERTEX_POINT ( 'NONE', #5416 ) ;
#489 = CARTESIAN_POINT ( 'NONE',  ( -159.2835907335899606, 158.7275907335900058, 6.999999999999996447 ) ) ;
#490 = EDGE_CURVE ( 'NONE', #5939, #2203, #1882, .T. ) ;
#491 = FACE_BOUND ( 'NONE', #6529, .T. ) ;
#492 = DIRECTION ( 'NONE',  ( -1.000000000000000000, 0.000000000000000000, 0.000000000000000000 ) ) ;
#493 = ORIENTED_EDGE ( 'NONE', *, *, #4262, .T. ) ;
#494 = CYLINDRICAL_SURFACE ( 'NONE', #3400, 1.000000000000000888 ) ;
#495 = AXIS2_PLACEMENT_3D ( 'NONE', #5188, #5780, #3722 ) ;
#496 = CYLINDRICAL_SURFACE ( 'NONE', #3275, 1.000000000000000888 ) ;
#497 = CARTESIAN_POINT ( 'NONE',  ( -151.9851531982400275, 21.01897430419899493, 0.000000000000000000 ) ) ;
#498 = CIRCLE ( 'NONE', #1157, 1.000000000000000888 ) ;
#499 = CARTESIAN_POINT ( 'NONE',  ( -22.47379875183100495, 101.3996047973600412, 9.999999999999996447 ) ) ;
#500 = ORIENTED_EDGE ( 'NONE', *, *, #3944, .F. ) ;
#501 = VERTEX_POINT ( 'NONE', #2672 ) ;
#502 = DIRECTION ( 'NONE',  ( -0.000000000000000000, 0.000000000000000000, 1.000000000000000000 ) ) ;
#503 = EDGE_LOOP ( 'NONE', ( #2391, #3940, #5902, #2160 ) ) ;
#504 = LINE ( 'NONE', #540, #553 ) ;
#505 = DIRECTION ( 'NONE',  ( 1.000000000000000000, 0.000000000000000000, 0.000000000000000000 ) ) ;
#506 = LINE ( 'NONE', #5814, #4813 ) ;
#507 = DIRECTION ( 'NONE',  ( 1.000000000000000000, 0.000000000000000000, 0.000000000000000000 ) ) ;
#508 = AXIS2_PLACEMENT_3D ( 'NONE', #6729, #5178, #976 ) ;
#509 = VERTEX_POINT ( 'NONE', #4796 ) ;
#510 = DIRECTION ( 'NONE',  ( -0.000000000000000000, 0.000000000000000000, 1.000000000000000000 ) ) ;
#511 = ORIENTED_EDGE ( 'NONE', *, *, #2557, .F. ) ;
#512 = DIRECTION ( 'NONE',  ( 1.000000000000000000, 0.000000000000000000, 0.000000000000000000 ) ) ;
#513 = CIRCLE ( 'NONE', #2380, 1.000000000000000888 ) ;
#514 = EDGE_CURVE ( 'NONE', #4229, #2621, #5208, .T. ) ;
#515 = CARTESIAN_POINT ( 'NONE',  ( -155.2821044921799967, 134.9038391113200248, 0.000000000000000000 ) ) ;
#516 = EDGE_CURVE ( 'NONE', #2550, #2792, #702, .T. ) ;
#517 = ORIENTED_EDGE ( 'NONE', *, *, #6200, .F. ) ;
#518 = ORIENTED_EDGE ( 'NONE', *, *, #6539, .F. ) ;
#519 = CARTESIAN_POINT ( 'NONE',  ( -50.03593063354500003, 132.2769317626899976, 0.000000000000000000 ) ) ;
#520 = ORIENTED_EDGE ( 'NONE', *, *, #5731, .F. ) ;
#521 = DIRECTION ( 'NONE',  ( 1.000000000000000000, 0.000000000000000000, 0.000000000000000000 ) ) ;
#522 = CIRCLE ( 'NONE', #3837, 1.000000000000000888 ) ;
#523 = ADVANCED_FACE ( 'NONE', ( #3713 ), #5383, .F. ) ;
#524 = FACE_BOUND ( 'NONE', #4778, .T. ) ;
#525 = EDGE_CURVE ( 'NONE', #6277, #5372, #757, .T. ) ;
#526 = CARTESIAN_POINT ( 'NONE',  ( -62.77010726928697437, 109.8549957275300244, 9.999999999999996447 ) ) ;
#527 = VERTEX_POINT ( 'NONE', #6389 ) ;
#528 = ORIENTED_EDGE ( 'NONE', *, *, #6243, .T. ) ;
#529 = LINE ( 'NONE', #6322, #5390 ) ;
#530 = EDGE_CURVE ( 'NONE', #5114, #4660, #6460, .T. ) ;
#531 = AXIS2_PLACEMENT_3D ( 'NONE', #6780, #4121, #505 ) ;
#532 = DIRECTION ( 'NONE',  ( 1.000000000000000000, 0.000000000000000000, 0.000000000000000000 ) ) ;
#533 = DIRECTION ( 'NONE',  ( -0.000000000000000000, 0.000000000000000000, 1.000000000000000000 ) ) ;
#534 = AXIS2_PLACEMENT_3D ( 'NONE', #5972, #5545, #3882 ) ;
#535 = CARTESIAN_POINT ( 'NONE',  ( -157.6835907335899662, 158.7275907335900058, 0.000000000000000000 ) ) ;
#536 = ORIENTED_EDGE ( 'NONE', *, *, #5430, .F. ) ;
#537 = EDGE_LOOP ( 'NONE', ( #6123, #6239 ) ) ;
#538 = DIRECTION ( 'NONE',  ( -0.000000000000000000, -0.000000000000000000, -1.000000000000000000 ) ) ;
#539 = ORIENTED_EDGE ( 'NONE', *, *, #5350, .F. ) ;
#540 = CARTESIAN_POINT ( 'NONE',  ( -63.78571701049798293, 148.6632843017500250, 9.999999999999996447 ) ) ;
#541 = CARTESIAN_POINT ( 'NONE',  ( -23.68952941894498920, 137.6678924560500263, 0.000000000000000000 ) ) ;
#542 = CIRCLE ( 'NONE', #4192, 1.000000000000000888 ) ;
#543 = CARTESIAN_POINT ( 'NONE',  ( -63.77010726928697437, 109.8549957275300244, 9.999999999999996447 ) ) ;
#544 = CIRCLE ( 'NONE', #6189, 1.000000000000000888 ) ;
#545 = EDGE_LOOP ( 'NONE', ( #6146, #2474, #297, #3097 ) ) ;
#546 = VECTOR ( 'NONE', #3211, 1000.000000000000000 ) ;
#547 = DIRECTION ( 'NONE',  ( -1.000000000000000000, 0.000000000000000000, 0.000000000000000000 ) ) ;
#548 = ORIENTED_EDGE ( 'NONE', *, *, #4425, .T. ) ;
#549 = CARTESIAN_POINT ( 'NONE',  ( -24.67391777038599443, 103.9396057128900139, 9.999999999999996447 ) ) ;
#550 = LINE ( 'NONE', #4267, #4281 ) ;
#551 = AXIS2_PLACEMENT_3D ( 'NONE', #3731, #746, #4458 ) ;
#552 = FACE_OUTER_BOUND ( 'NONE', #5971, .T. ) ;
#553 = VECTOR ( 'NONE', #4770, 1000.000000000000000 ) ;
#554 = DIRECTION ( 'NONE',  ( 1.000000000000000000, 0.000000000000000000, 0.000000000000000000 ) ) ;
#555 = VERTEX_POINT ( 'NONE', #1176 ) ;
#556 = AXIS2_PLACEMENT_3D ( 'NONE', #6186, #5048, #3027 ) ;
#557 = AXIS2_PLACEMENT_3D ( 'NONE', #5594, #366, #6670 ) ;
#558 = VERTEX_POINT ( 'NONE', #4902 ) ;
#559 = DIRECTION ( 'NONE',  ( -1.000000000000000000, 0.000000000000000000, 0.000000000000000000 ) ) ;
#560 = EDGE_LOOP ( 'NONE', ( #5373, #5453, #5122, #6775 ) ) ;
#561 = CARTESIAN_POINT ( 'NONE',  ( -152.0462188720700283, 15.76586341857899853, 9.999999999999996447 ) ) ;
#562 = AXIS2_PLACEMENT_3D ( 'NONE', #3007, #2970, #5163 ) ;
#563 = FACE_BOUND ( 'NONE', #4206, .T. ) ;
#564 = CARTESIAN_POINT ( 'NONE',  ( -107.6540756225499820, 102.6609878540000125, 9.999999999999996447 ) ) ;
#565 = EDGE_LOOP ( 'NONE', ( #1246, #2663, #3874, #6453 ) ) ;
#566 = ORIENTED_EDGE ( 'NONE', *, *, #855, .F. ) ;
#567 = CYLINDRICAL_SURFACE ( 'NONE', #3740, 1.000000000000000888 ) ;
#568 = AXIS2_PLACEMENT_3D ( 'NONE', #672, #4283, #3750 ) ;
#569 = DIRECTION ( 'NONE',  ( -0.000000000000000000, -0.000000000000000000, -1.000000000000000000 ) ) ;
#570 = AXIS2_PLACEMENT_3D ( 'NONE', #4336, #3698, #4782 ) ;
#571 = EDGE_CURVE ( 'NONE', #1086, #6456, #4750, .T. ) ;
#572 = EDGE_CURVE ( 'NONE', #3622, #2873, #2253, .T. ) ;
#573 = CARTESIAN_POINT ( 'NONE',  ( -15.63240926640897399, 158.7275907335900058, 6.999999999999996447 ) ) ;
#574 = AXIS2_PLACEMENT_3D ( 'NONE', #1504, #992, #5127 ) ;
#575 = DIRECTION ( 'NONE',  ( 1.000000000000000000, 0.000000000000000000, 0.000000000000000000 ) ) ;
#576 = EDGE_LOOP ( 'NONE', ( #6013, #3982, #2331, #625 ) ) ;
#577 = ORIENTED_EDGE ( 'NONE', *, *, #2753, .F. ) ;
#578 = CYLINDRICAL_SURFACE ( 'NONE', #844, 1.000000000000000888 ) ;
#579 = DIRECTION ( 'NONE',  ( 1.000000000000000000, 0.000000000000000000, 0.000000000000000000 ) ) ;
#580 = DIRECTION ( 'NONE',  ( 1.000000000000000000, 0.000000000000000000, 0.000000000000000000 ) ) ;
#581 = EDGE_CURVE ( 'NONE', #4553, #4374, #5978, .T. ) ;
#582 = CARTESIAN_POINT ( 'NONE',  ( -21.48358726501500726, 52.43129348754900576, 9.999999999999996447 ) ) ;
#583 = VERTEX_POINT ( 'NONE', #254 ) ;
#584 = DIRECTION ( 'NONE',  ( 1.000000000000000000, 0.000000000000000000, 0.000000000000000000 ) ) ;
#585 = LINE ( 'NONE', #6788, #345 ) ;
#586 = FACE_OUTER_BOUND ( 'NONE', #6840, .T. ) ;
#587 = DIRECTION ( 'NONE',  ( 1.000000000000000000, 0.000000000000000000, 0.000000000000000000 ) ) ;
#588 = DIRECTION ( 'NONE',  ( -0.000000000000000000, -0.000000000000000000, -1.000000000000000000 ) ) ;
#589 = ORIENTED_EDGE ( 'NONE', *, *, #2716, .T. ) ;
#590 = ORIENTED_EDGE ( 'NONE', *, *, #2459, .T. ) ;
#591 = FACE_OUTER_BOUND ( 'NONE', #6710, .T. ) ;
#592 = ORIENTED_EDGE ( 'NONE', *, *, #5470, .F. ) ;
#593 = CYLINDRICAL_SURFACE ( 'NONE', #3760, 3.000000000000002665 ) ;
#594 = FACE_BOUND ( 'NONE', #4358, .T. ) ;
#595 = VERTEX_POINT ( 'NONE', #2426 ) ;
#596 = CARTESIAN_POINT ( 'NONE',  ( -151.0820007324199992, 127.2838211059499685, 9.999999999999996447 ) ) ;
#597 = ORIENTED_EDGE ( 'NONE', *, *, #3823, .F. ) ;
#598 = DIRECTION ( 'NONE',  ( -1.000000000000000000, 0.000000000000000000, 0.000000000000000000 ) ) ;
#599 = FACE_BOUND ( 'NONE', #4303, .T. ) ;
#600 = VECTOR ( 'NONE', #3281, 1000.000000000000000 ) ;
#601 = APPLICATION_PROTOCOL_DEFINITION ( 'draft international standard', 'automotive_design', 1998, #4067 ) ;
#602 = DIRECTION ( 'NONE',  ( -0.000000000000000000, -0.000000000000000000, -1.000000000000000000 ) ) ;
#603 = FACE_OUTER_BOUND ( 'NONE', #4350, .T. ) ;
#604 = ORIENTED_EDGE ( 'NONE', *, *, #57, .T. ) ;
#605 = EDGE_CURVE ( 'NONE', #2759, #4916, #2852, .T. ) ;
#606 = ORIENTED_EDGE ( 'NONE', *, *, #3174, .T. ) ;
#607 = CARTESIAN_POINT ( 'NONE',  ( -155.2098693847599975, 23.55898094177199908, 9.999999999999996447 ) ) ;
#608 = AXIS2_PLACEMENT_3D ( 'NONE', #408, #2476, #3411 ) ;
#609 = EDGE_CURVE ( 'NONE', #6749, #4251, #4858, .T. ) ;
#610 = DIRECTION ( 'NONE',  ( 1.000000000000000000, 0.000000000000000000, 0.000000000000000000 ) ) ;
#611 = DIRECTION ( 'NONE',  ( -0.000000000000000000, 0.000000000000000000, 1.000000000000000000 ) ) ;
#612 = EDGE_CURVE ( 'NONE', #4632, #6749, #1837, .T. ) ;
#613 = AXIS2_PLACEMENT_3D ( 'NONE', #2710, #6396, #1126 ) ;
#614 = DIRECTION ( 'NONE',  ( -0.000000000000000000, -0.000000000000000000, -1.000000000000000000 ) ) ;
#615 = ORIENTED_EDGE ( 'NONE', *, *, #2893, .T. ) ;
#616 = EDGE_CURVE ( 'NONE', #6694, #3802, #1751, .T. ) ;
#617 = CARTESIAN_POINT ( 'NONE',  ( -22.48940849304197087, 140.2078857421799682, 9.999999999999996447 ) ) ;
#618 = CARTESIAN_POINT ( 'NONE',  ( -70.05499267578099420, 12.13757514953599959, 9.999999999999996447 ) ) ;
#619 = DIRECTION ( 'NONE',  ( -0.000000000000000000, -0.000000000000000000, -1.000000000000000000 ) ) ;
#620 = ADVANCED_FACE ( 'NONE', ( #287 ), #5585, .F. ) ;
#621 = DIRECTION ( 'NONE',  ( -0.000000000000000000, 0.000000000000000000, 1.000000000000000000 ) ) ;
#622 = CARTESIAN_POINT ( 'NONE',  ( -23.47379875183100495, 96.31959533691403408, 9.999999999999996447 ) ) ;
#623 = ORIENTED_EDGE ( 'NONE', *, *, #2838, .T. ) ;
#624 = ADVANCED_FACE ( 'NONE', ( #1277 ), #767, .F. ) ;
#625 = ORIENTED_EDGE ( 'NONE', *, *, #4968, .F. ) ;
#626 = CARTESIAN_POINT ( 'NONE',  ( -22.46797561645499997, 13.62300586700400018, 0.000000000000000000 ) ) ;
#627 = EDGE_LOOP ( 'NONE', ( #4387, #5239 ) ) ;
#628 = DIRECTION ( 'NONE',  ( 1.000000000000000000, 0.000000000000000000, 0.000000000000000000 ) ) ;
#629 = AXIS2_PLACEMENT_3D ( 'NONE', #6212, #31, #1062 ) ;
#630 = AXIS2_PLACEMENT_3D ( 'NONE', #2055, #4183, #1534 ) ;
#631 = ORIENTED_EDGE ( 'NONE', *, *, #5772, .T. ) ;
#632 = EDGE_LOOP ( 'NONE', ( #1764, #1663, #3351, #518 ) ) ;
#633 = DIRECTION ( 'NONE',  ( -0.000000000000000000, -0.000000000000000000, -1.000000000000000000 ) ) ;
#634 = CYLINDRICAL_SURFACE ( 'NONE', #5603, 1.000000000000000888 ) ;
#635 = CIRCLE ( 'NONE', #4502, 1.000000000000000888 ) ;
#636 = CARTESIAN_POINT ( 'NONE',  ( -106.6228561401299970, 25.04441070556600479, 9.999999999999996447 ) ) ;
#637 = CARTESIAN_POINT ( 'NONE',  ( -104.4783020019499986, 12.88201141357400026, 9.999999999999996447 ) ) ;
#638 = ORIENTED_EDGE ( 'NONE', *, *, #6372, .F. ) ;
#639 = ORIENTED_EDGE ( 'NONE', *, *, #4091, .T. ) ;
#640 = DIRECTION ( 'NONE',  ( -1.000000000000000000, 0.000000000000000000, 0.000000000000000000 ) ) ;
#641 = DIRECTION ( 'NONE',  ( -0.000000000000000000, 0.000000000000000000, 1.000000000000000000 ) ) ;
#642 = EDGE_CURVE ( 'NONE', #6726, #501, #3742, .T. ) ;
#643 = DIRECTION ( 'NONE',  ( -0.000000000000000000, 0.000000000000000000, 1.000000000000000000 ) ) ;
#644 = CIRCLE ( 'NONE', #5626, 1.000000000000000888 ) ;
#645 = ORIENTED_EDGE ( 'NONE', *, *, #5861, .T. ) ;
#646 = DIRECTION ( 'NONE',  ( -1.000000000000000000, 0.000000000000000000, 0.000000000000000000 ) ) ;
#647 = DIRECTION ( 'NONE',  ( -1.000000000000000000, 0.000000000000000000, 0.000000000000000000 ) ) ;
#648 = AXIS2_PLACEMENT_3D ( 'NONE', #5965, #1197, #688 ) ;
#649 = EDGE_CURVE ( 'NONE', #4681, #2347, #2316, .T. ) ;
#650 = EDGE_CURVE ( 'NONE', #4188, #3555, #2204, .T. ) ;
#651 = CYLINDRICAL_SURFACE ( 'NONE', #4996, 1.000000000000000888 ) ;
#652 = AXIS2_PLACEMENT_3D ( 'NONE', #6109, #2306, #4925 ) ;
#653 = ADVANCED_FACE ( 'NONE', ( #6041 ), #1800, .F. ) ;
#654 = VERTEX_POINT ( 'NONE', #215 ) ;
#655 = ORIENTED_EDGE ( 'NONE', *, *, #4430, .F. ) ;
#656 = DIRECTION ( 'NONE',  ( -1.000000000000000000, 0.000000000000000000, 0.000000000000000000 ) ) ;
#657 = VECTOR ( 'NONE', #5826, 1000.000000000000000 ) ;
#658 = ORIENTED_EDGE ( 'NONE', *, *, #2329, .T. ) ;
#659 = DIRECTION ( 'NONE',  ( -0.000000000000000000, -0.000000000000000000, 1.000000000000000000 ) ) ;
#660 = CIRCLE ( 'NONE', #3531, 5.000115644616999866 ) ;
#661 = EDGE_CURVE ( 'NONE', #402, #663, #3094, .T. ) ;
#662 = CIRCLE ( 'NONE', #4538, 1.000000000000000888 ) ;
#663 = VERTEX_POINT ( 'NONE', #1244 ) ;
#664 = VECTOR ( 'NONE', #4154, 1000.000000000000000 ) ;
#665 = DIRECTION ( 'NONE',  ( -0.000000000000000000, -0.000000000000000000, -1.000000000000000000 ) ) ;
#666 = ORIENTED_EDGE ( 'NONE', *, *, #2287, .T. ) ;
#667 = DIRECTION ( 'NONE',  ( -1.000000000000000000, 0.000000000000000000, 0.000000000000000000 ) ) ;
#668 = ORIENTED_EDGE ( 'NONE', *, *, #2549, .T. ) ;
#669 = FACE_BOUND ( 'NONE', #6315, .T. ) ;
#670 = AXIS2_PLACEMENT_3D ( 'NONE', #1589, #5906, #5376 ) ;
#671 = CARTESIAN_POINT ( 'NONE',  ( -62.78571701049798293, 148.6632843017500250, 9.999999999999996447 ) ) ;
#672 = CARTESIAN_POINT ( 'NONE',  ( -154.2410888671799682, 101.1755599975499820, 9.999999999999996447 ) ) ;
#673 = ORIENTED_EDGE ( 'NONE', *, *, #3278, .T. ) ;
#674 = ORIENTED_EDGE ( 'NONE', *, *, #4809, .F. ) ;
#675 = DIRECTION ( 'NONE',  ( 1.000000000000000000, 0.000000000000000000, 0.000000000000000000 ) ) ;
#676 = CIRCLE ( 'NONE', #2990, 1.000000000000000888 ) ;
#677 = CARTESIAN_POINT ( 'NONE',  ( -105.5251312255799974, 129.3068695068300258, 9.999999999999996447 ) ) ;
#678 = CARTESIAN_POINT ( 'NONE',  ( -152.0007629394500270, 59.82726287841799717, 9.999999999999996447 ) ) ;
#679 = ORIENTED_EDGE ( 'NONE', *, *, #5731, .T. ) ;
#680 = DIRECTION ( 'NONE',  ( -0.000000000000000000, 0.000000000000000000, 1.000000000000000000 ) ) ;
#681 = DIRECTION ( 'NONE',  ( 1.128484796917769133E-17, 1.000000000000000000, 0.000000000000000000 ) ) ;
#682 = AXIS2_PLACEMENT_3D ( 'NONE', #3514, #2060, #4124 ) ;
#683 = DIRECTION ( 'NONE',  ( 1.000000000000000000, 0.000000000000000000, 0.000000000000000000 ) ) ;
#684 = VECTOR ( 'NONE', #1917, 1000.000000000000000 ) ;
#685 = ORIENTED_EDGE ( 'NONE', *, *, #722, .F. ) ;
#686 = ORIENTED_EDGE ( 'NONE', *, *, #6827, .T. ) ;
#687 = ADVANCED_FACE ( 'NONE', ( #4028 ), #2840, .F. ) ;
#688 = DIRECTION ( 'NONE',  ( -1.000000000000000000, 0.000000000000000000, 0.000000000000000000 ) ) ;
#689 = ADVANCED_FACE ( 'NONE', ( #6145 ), #1350, .F. ) ;
#690 = ORIENTED_EDGE ( 'NONE', *, *, #5563, .T. ) ;
#691 = CARTESIAN_POINT ( 'NONE',  ( -153.2352752685499979, 13.39896011352499627, 9.999999999999996447 ) ) ;
#692 = EDGE_CURVE ( 'NONE', #1393, #3029, #93, .T. ) ;
#693 = CIRCLE ( 'NONE', #4676, 1.000000000000000888 ) ;
#694 = FACE_BOUND ( 'NONE', #3966, .T. ) ;
#695 = ORIENTED_EDGE ( 'NONE', *, *, #397, .F. ) ;
#696 = ORIENTED_EDGE ( 'NONE', *, *, #4707, .T. ) ;
#697 = FACE_OUTER_BOUND ( 'NONE', #2360, .T. ) ;
#698 = EDGE_CURVE ( 'NONE', #6832, #4605, #1302, .T. ) ;
#699 = VERTEX_POINT ( 'NONE', #2984 ) ;
#700 = DIRECTION ( 'NONE',  ( -0.000000000000000000, -0.000000000000000000, -1.000000000000000000 ) ) ;
#701 = CIRCLE ( 'NONE', #4804, 1.000000000000000888 ) ;
#702 = LINE ( 'NONE', #4935, #4524 ) ;
#703 = CARTESIAN_POINT ( 'NONE',  ( -114.9389648437500142, 4.943568706511997313, 9.999999999999996447 ) ) ;
#704 = VERTEX_POINT ( 'NONE', #356 ) ;
#705 = VERTEX_POINT ( 'NONE', #420 ) ;
#706 = DIRECTION ( 'NONE',  ( -1.000000000000000000, 0.000000000000000000, 0.000000000000000000 ) ) ;
#707 = CARTESIAN_POINT ( 'NONE',  ( -24.64269638061500345, 26.32303047180200295, 9.999999999999996447 ) ) ;
#708 = CARTESIAN_POINT ( 'NONE',  ( -159.2818843553800150, 5.006115644616000893, 0.000000000000000000 ) ) ;
#709 = CARTESIAN_POINT ( 'NONE',  ( -24.69269180297900590, 16.16301155090300057, 9.999999999999996447 ) ) ;
#710 = AXIS2_PLACEMENT_3D ( 'NONE', #888, #5711, #1605 ) ;
#711 = ORIENTED_EDGE ( 'NONE', *, *, #1671, .T. ) ;
#712 = CARTESIAN_POINT ( 'NONE',  ( -113.9389648437500142, 4.943568706511997313, 9.999999999999996447 ) ) ;
#713 = DIRECTION ( 'NONE',  ( 1.000000000000000000, 0.000000000000000000, 0.000000000000000000 ) ) ;
#714 = DIRECTION ( 'NONE',  ( -0.000000000000000000, -0.000000000000000000, -1.000000000000000000 ) ) ;
#715 = CYLINDRICAL_SURFACE ( 'NONE', #4449, 1.600000000000000755 ) ;
#716 = ORIENTED_EDGE ( 'NONE', *, *, #4102, .T. ) ;
#717 = ORIENTED_EDGE ( 'NONE', *, *, #5992, .F. ) ;
#718 = LINE ( 'NONE', #170, #6516 ) ;
#719 = VERTEX_POINT ( 'NONE', #3634 ) ;
#720 = LINE ( 'NONE', #4921, #4112 ) ;
#721 = ADVANCED_FACE ( 'NONE', ( #6214 ), #4648, .F. ) ;
#722 = EDGE_CURVE ( 'NONE', #1103, #3961, #5409, .T. ) ;
#723 = FACE_BOUND ( 'NONE', #5685, .T. ) ;
#724 = ORIENTED_EDGE ( 'NONE', *, *, #2721, .F. ) ;
#725 = AXIS2_PLACEMENT_3D ( 'NONE', #2634, #4760, #10 ) ;
#726 = ORIENTED_EDGE ( 'NONE', *, *, #5833, .F. ) ;
#727 = CARTESIAN_POINT ( 'NONE',  ( -48.98910522460901973, 15.85206127166699908, 9.999999999999996447 ) ) ;
#728 = FACE_OUTER_BOUND ( 'NONE', #3905, .T. ) ;
#729 = ORIENTED_EDGE ( 'NONE', *, *, #1119, .F. ) ;
#730 = CARTESIAN_POINT ( 'NONE',  ( -154.2098693847599975, 23.55898094177199908, 9.999999999999996447 ) ) ;
#731 = DIRECTION ( 'NONE',  ( 1.000000000000000000, 0.000000000000000000, 0.000000000000000000 ) ) ;
#732 = CIRCLE ( 'NONE', #4056, 1.000000000000000888 ) ;
#733 = EDGE_CURVE ( 'NONE', #1228, #3974, #6076, .T. ) ;
#734 = ADVANCED_FACE ( 'NONE', ( #3534, #1417, #6764, #939, #5209, #5660, #4684, #908, #972, #4105, #1940, #3567, #1486, #491, #2044, #4173, #6281, #3046, #4717, #3600, #3151, #2011, #4140, #4611, #5277, #6724, #2524, #2490, #1974, #524, #461, #3083, #6319, #2627, #2598, #4062, #2566, #6799, #4202, #3017, #5243, #1008, #6829, #3121, #1518, #2075, #389, #1557, #3672, #5799, #1043, #2111, #594, #2698, #2243, #1590, #5407, #1692, #563, #1624, #4791, #6416, #5907, #3259, #2213, #3779, #5377, #4347, #6452, #1170, #2768, #4894, #4373, #6483, #1723, #3842, #3328, #5443, #694, #1266, #6066, #5542, #2275, #723, #4955 ), #3385, .F. ) ;
#735 = DIRECTION ( 'NONE',  ( -0.000000000000000000, -0.000000000000000000, -1.000000000000000000 ) ) ;
#736 = EDGE_CURVE ( 'NONE', #4581, #5255, #2413, .T. ) ;
#737 = CYLINDRICAL_SURFACE ( 'NONE', #568, 1.000000000000000888 ) ;
#738 = ORIENTED_EDGE ( 'NONE', *, *, #4855, .F. ) ;
#739 = ORIENTED_EDGE ( 'NONE', *, *, #2001, .T. ) ;
#740 = DIRECTION ( 'NONE',  ( -0.000000000000000000, 0.000000000000000000, 1.000000000000000000 ) ) ;
#741 = AXIS2_PLACEMENT_3D ( 'NONE', #5042, #3399, #2881 ) ;
#742 = ORIENTED_EDGE ( 'NONE', *, *, #5151, .T. ) ;
#743 = DIRECTION ( 'NONE',  ( -0.000000000000000000, -0.000000000000000000, -1.000000000000000000 ) ) ;
#744 = EDGE_CURVE ( 'NONE', #1110, #1017, #2742, .T. ) ;
#745 = DIRECTION ( 'NONE',  ( 1.000000000000000000, 0.000000000000000000, 0.000000000000000000 ) ) ;
#746 = DIRECTION ( 'NONE',  ( -0.000000000000000000, 0.000000000000000000, 1.000000000000000000 ) ) ;
#747 = EDGE_LOOP ( 'NONE', ( #1172, #3959, #2822, #4438 ) ) ;
#748 = DIRECTION ( 'NONE',  ( -1.000000000000000000, 0.000000000000000000, 0.000000000000000000 ) ) ;
#749 = FACE_OUTER_BOUND ( 'NONE', #4065, .T. ) ;
#750 = CYLINDRICAL_SURFACE ( 'NONE', #5336, 3.000000000000002665 ) ;
#751 = ORIENTED_EDGE ( 'NONE', *, *, #6211, .T. ) ;
#752 = DIRECTION ( 'NONE',  ( -0.000000000000000000, 0.000000000000000000, 1.000000000000000000 ) ) ;
#753 = VECTOR ( 'NONE', #3813, 1000.000000000000000 ) ;
#754 = DIRECTION ( 'NONE',  ( -0.000000000000000000, -0.000000000000000000, -1.000000000000000000 ) ) ;
#755 = ORIENTED_EDGE ( 'NONE', *, *, #4924, .F. ) ;
#756 = CARTESIAN_POINT ( 'NONE',  ( -22.44257545471200999, 18.70301628112799719, 9.999999999999996447 ) ) ;
#757 = CIRCLE ( 'NONE', #4197, 1.000000000000000888 ) ;
#758 = ORIENTED_EDGE ( 'NONE', *, *, #132, .F. ) ;
#759 = AXIS2_PLACEMENT_3D ( 'NONE', #453, #2035, #5132 ) ;
#760 = ORIENTED_EDGE ( 'NONE', *, *, #430, .T. ) ;
#761 = EDGE_LOOP ( 'NONE', ( #4051, #3043 ) ) ;
#762 = DIRECTION ( 'NONE',  ( -0.000000000000000000, 0.000000000000000000, 1.000000000000000000 ) ) ;
#763 = AXIS2_PLACEMENT_3D ( 'NONE', #712, #6399, #3279 ) ;
#764 = FACE_BOUND ( 'NONE', #1705, .T. ) ;
#765 = CIRCLE ( 'NONE', #3415, 3.000000000000002665 ) ;
#766 = CIRCLE ( 'NONE', #6638, 1.000000000000000888 ) ;
#767 = PLANE ( 'NONE',  #5970 ) ;
#768 = DIRECTION ( 'NONE',  ( -1.000000000000000000, 0.000000000000000000, 0.000000000000000000 ) ) ;
#769 = ORIENTED_EDGE ( 'NONE', *, *, #6373, .T. ) ;
#770 = ORIENTED_EDGE ( 'NONE', *, *, #1370, .T. ) ;
#771 = DIRECTION ( 'NONE',  ( -0.000000000000000000, 0.000000000000000000, 1.000000000000000000 ) ) ;
#772 = EDGE_CURVE ( 'NONE', #5852, #4687, #2410, .T. ) ;
#773 = EDGE_CURVE ( 'NONE', #2246, #951, #6551, .T. ) ;
#774 = ORIENTED_EDGE ( 'NONE', *, *, #2511, .T. ) ;
#775 = CARTESIAN_POINT ( 'NONE',  ( -62.73888397216798296, 32.23841857910200304, 9.999999999999996447 ) ) ;
#776 = VECTOR ( 'NONE', #6413, 1000.000000000000000 ) ;
#777 = EDGE_CURVE ( 'NONE', #4757, #4739, #2299, .T. ) ;
#778 = FACE_OUTER_BOUND ( 'NONE', #5999, .T. ) ;
#779 = CIRCLE ( 'NONE', #3104, 1.000000000000000888 ) ;
#780 = DIRECTION ( 'NONE',  ( -0.000000000000000000, 0.000000000000000000, 1.000000000000000000 ) ) ;
#781 = ORIENTED_EDGE ( 'NONE', *, *, #6711, .T. ) ;
#782 = DIRECTION ( 'NONE',  ( 1.000000000000000000, 0.000000000000000000, 0.000000000000000000 ) ) ;
#783 = EDGE_CURVE ( 'NONE', #6721, #4956, #4471, .T. ) ;
#784 = CARTESIAN_POINT ( 'NONE',  ( -164.2819999999999538, -2.966235830515918007E-14, 0.000000000000000000 ) ) ;
#785 = AXIS2_PLACEMENT_3D ( 'NONE', #4365, #1715, #5959 ) ;
#786 = CARTESIAN_POINT ( 'NONE',  ( -156.2818843553800150, 5.006115644616000893, 6.999999999999996447 ) ) ;
#787 = ORIENTED_EDGE ( 'NONE', *, *, #1862, .T. ) ;
#788 = FACE_OUTER_BOUND ( 'NONE', #4514, .T. ) ;
#789 = AXIS2_PLACEMENT_3D ( 'NONE', #1573, #6433, #6337 ) ;
#790 = DIRECTION ( 'NONE',  ( 1.000000000000000000, 0.000000000000000000, 0.000000000000000000 ) ) ;
#791 = ORIENTED_EDGE ( 'NONE', *, *, #1820, .T. ) ;
#792 = CYLINDRICAL_SURFACE ( 'NONE', #5431, 1.000000000000000888 ) ;
#793 = AXIS2_PLACEMENT_3D ( 'NONE', #2094, #4258, #4874 ) ;
#794 = DIRECTION ( 'NONE',  ( -0.000000000000000000, 0.000000000000000000, 1.000000000000000000 ) ) ;
#795 = ORIENTED_EDGE ( 'NONE', *, *, #6828, .F. ) ;
#796 = VERTEX_POINT ( 'NONE', #279 ) ;
#797 = DIRECTION ( 'NONE',  ( 1.000000000000000000, 0.000000000000000000, 0.000000000000000000 ) ) ;
#798 = ORIENTED_EDGE ( 'NONE', *, *, #4802, .F. ) ;
#799 = DIRECTION ( 'NONE',  ( 1.000000000000000000, 0.000000000000000000, 0.000000000000000000 ) ) ;
#800 = FACE_BOUND ( 'NONE', #5136, .T. ) ;
#801 = DIRECTION ( 'NONE',  ( -0.000000000000000000, -0.000000000000000000, -1.000000000000000000 ) ) ;
#802 = LINE ( 'NONE', #2948, #902 ) ;
#803 = EDGE_LOOP ( 'NONE', ( #5561, #6119, #6378, #4132 ) ) ;
#804 = ORIENTED_EDGE ( 'NONE', *, *, #5358, .T. ) ;
#805 = DIRECTION ( 'NONE',  ( 1.000000000000000000, 0.000000000000000000, 0.000000000000000000 ) ) ;
#806 = VERTEX_POINT ( 'NONE', #1760 ) ;
#807 = PLANE ( 'NONE',  #388 ) ;
#808 = DIRECTION ( 'NONE',  ( -0.000000000000000000, 0.000000000000000000, 1.000000000000000000 ) ) ;
#809 = EDGE_CURVE ( 'NONE', #1051, #2246, #6582, .T. ) ;
#810 = DIRECTION ( 'NONE',  ( -0.000000000000000000, -0.000000000000000000, -1.000000000000000000 ) ) ;
#811 = EDGE_CURVE ( 'NONE', #5546, #3844, #2642, .T. ) ;
#812 = CYLINDRICAL_SURFACE ( 'NONE', #1423, 1.000000000000000888 ) ;
#813 = ORIENTED_EDGE ( 'NONE', *, *, #3610, .F. ) ;
#814 = AXIS2_PLACEMENT_3D ( 'NONE', #6831, #3085, #5696 ) ;
#815 = EDGE_CURVE ( 'NONE', #1789, #6412, #3748, .T. ) ;
#816 = CARTESIAN_POINT ( 'NONE',  ( -164.2819999999999823, 158.7275907335900058, 0.000000000000000000 ) ) ;
#817 = DIRECTION ( 'NONE',  ( 1.000000000000000000, 0.000000000000000000, 0.000000000000000000 ) ) ;
#818 = CARTESIAN_POINT ( 'NONE',  ( -49.03593063354500003, 132.2769317626899976, 9.999999999999996447 ) ) ;
#819 = CYLINDRICAL_SURFACE ( 'NONE', #5226, 1.000000000000000888 ) ;
#820 = EDGE_LOOP ( 'NONE', ( #3037, #2774 ) ) ;
#821 = CYLINDRICAL_SURFACE ( 'NONE', #6709, 1.000000000000000888 ) ;
#822 = EDGE_CURVE ( 'NONE', #3347, #911, #4503, .T. ) ;
#823 = CYLINDRICAL_SURFACE ( 'NONE', #1309, 1.000000000000000888 ) ;
#824 = AXIS2_PLACEMENT_3D ( 'NONE', #5637, #1924, #1365 ) ;
#825 = VERTEX_POINT ( 'NONE', #484 ) ;
#826 = DIRECTION ( 'NONE',  ( 1.000000000000000000, 0.000000000000000000, 0.000000000000000000 ) ) ;
#827 = CARTESIAN_POINT ( 'NONE',  ( -104.6479949951099968, 51.94300079345699572, 0.000000000000000000 ) ) ;
#828 = ORIENTED_EDGE ( 'NONE', *, *, #649, .F. ) ;
#829 = VERTEX_POINT ( 'NONE', #4677 ) ;
#830 = DIRECTION ( 'NONE',  ( -1.000000000000000000, 0.000000000000000000, 0.000000000000000000 ) ) ;
#831 = EDGE_LOOP ( 'NONE', ( #2941, #2087, #5183, #5721 ) ) ;
#832 = DIRECTION ( 'NONE',  ( -0.000000000000000000, -0.000000000000000000, -1.000000000000000000 ) ) ;
#833 = FACE_BOUND ( 'NONE', #2257, .T. ) ;
#834 = VECTOR ( 'NONE', #1491, 1000.000000000000000 ) ;
#835 = CARTESIAN_POINT ( 'NONE',  ( -49.02031707763698876, 93.46864318847700304, 9.999999999999996447 ) ) ;
#836 = CARTESIAN_POINT ( 'NONE',  ( -15.63240926640897399, 163.7259999999995159, 9.999999999999996447 ) ) ;
#837 = ORIENTED_EDGE ( 'NONE', *, *, #2678, .T. ) ;
#838 = EDGE_LOOP ( 'NONE', ( #376, #6448, #1952, #6685 ) ) ;
#839 = CARTESIAN_POINT ( 'NONE',  ( -62.78571701049798293, 148.6632843017500250, 9.999999999999996447 ) ) ;
#840 = ORIENTED_EDGE ( 'NONE', *, *, #5949, .F. ) ;
#841 = CYLINDRICAL_SURFACE ( 'NONE', #6033, 1.000000000000000888 ) ;
#842 = AXIS2_PLACEMENT_3D ( 'NONE', #4248, #6354, #3711 ) ;
#843 = LINE ( 'NONE', #2955, #684 ) ;
#844 = AXIS2_PLACEMENT_3D ( 'NONE', #2154, #4286, #6393 ) ;
#845 = CARTESIAN_POINT ( 'NONE',  ( -106.6540756225499820, 102.6609878540000125, 9.999999999999996447 ) ) ;
#846 = ORIENTED_EDGE ( 'NONE', *, *, #904, .T. ) ;
#847 = CARTESIAN_POINT ( 'NONE',  ( -15.63411564461599923, 5.006115644616000893, 0.000000000000000000 ) ) ;
#848 = DIRECTION ( 'NONE',  ( -1.000000000000000000, 0.000000000000000000, 0.000000000000000000 ) ) ;
#849 = EDGE_CURVE ( 'NONE', #6326, #3247, #544, .T. ) ;
#850 = FACE_OUTER_BOUND ( 'NONE', #4896, .T. ) ;
#851 = VERTEX_POINT ( 'NONE', #1932 ) ;
#852 = CARTESIAN_POINT ( 'NONE',  ( -151.0663909912100280, 93.55554199218801159, 9.999999999999996447 ) ) ;
#853 = EDGE_LOOP ( 'NONE', ( #5623, #1379, #3834, #5157 ) ) ;
#854 = CARTESIAN_POINT ( 'NONE',  ( -63.75449371337899152, 71.04670715332001407, 9.999999999999996447 ) ) ;
#855 = EDGE_CURVE ( 'NONE', #6352, #4009, #1550, .T. ) ;
#856 = EDGE_CURVE ( 'NONE', #327, #4598, #5304, .T. ) ;
#857 = ADVANCED_FACE ( 'NONE', ( #1446 ), #1000, .F. ) ;
#858 = AXIS2_PLACEMENT_3D ( 'NONE', #314, #6686, #4543 ) ;
#859 = CARTESIAN_POINT ( 'NONE',  ( -154.0509948730399969, 129.7940063476499972, 0.000000000000000000 ) ) ;
#860 = ORIENTED_EDGE ( 'NONE', *, *, #3858, .T. ) ;
#861 = ORIENTED_EDGE ( 'NONE', *, *, #3484, .F. ) ;
#862 = CYLINDRICAL_SURFACE ( 'NONE', #1634, 4.998409266409764129 ) ;
#863 = ORIENTED_EDGE ( 'NONE', *, *, #904, .F. ) ;
#864 = CARTESIAN_POINT ( 'NONE',  ( -71.21517181396500007, 63.10826492309600155, 0.000000000000000000 ) ) ;
#865 = EDGE_CURVE ( 'NONE', #2674, #4198, #1965, .T. ) ;
#866 = PLANE ( 'NONE',  #4602 ) ;
#867 = AXIS2_PLACEMENT_3D ( 'NONE', #3266, #1633, #1731 ) ;
#868 = DIRECTION ( 'NONE',  ( 1.000000000000000000, 0.000000000000000000, 0.000000000000000000 ) ) ;
#869 = AXIS2_PLACEMENT_3D ( 'NONE', #4569, #6679, #4496 ) ;
#870 = DIRECTION ( 'NONE',  ( -0.000000000000000000, -0.000000000000000000, -1.000000000000000000 ) ) ;
#871 = ORIENTED_EDGE ( 'NONE', *, *, #3269, .T. ) ;
#872 = ORIENTED_EDGE ( 'NONE', *, *, #744, .F. ) ;
#873 = CARTESIAN_POINT ( 'NONE',  ( -152.0663909912100280, 93.55554199218801159, 9.999999999999996447 ) ) ;
#874 = CIRCLE ( 'NONE', #759, 3.000000000000002665 ) ;
#875 = CARTESIAN_POINT ( 'NONE',  ( -104.5251312255799974, 129.3068695068300258, 0.000000000000000000 ) ) ;
#876 = CIRCLE ( 'NONE', #3082, 1.000000000000000888 ) ;
#877 = AXIS2_PLACEMENT_3D ( 'NONE', #6363, #6738, #2126 ) ;
#878 = CARTESIAN_POINT ( 'NONE',  ( -112.9389648437500142, 4.943568706511997313, 0.000000000000000000 ) ) ;
#879 = DIRECTION ( 'NONE',  ( 1.000000000000000000, 0.000000000000000000, 0.000000000000000000 ) ) ;
#880 = VECTOR ( 'NONE', #4368, 1000.000000000000000 ) ;
#881 = FACE_OUTER_BOUND ( 'NONE', #6417, .T. ) ;
#882 = VERTEX_POINT ( 'NONE', #3558 ) ;
#883 = ORIENTED_EDGE ( 'NONE', *, *, #6571, .T. ) ;
#884 = AXIS2_PLACEMENT_3D ( 'NONE', #3916, #284, #6039 ) ;
#885 = ORIENTED_EDGE ( 'NONE', *, *, #4102, .F. ) ;
#886 = CARTESIAN_POINT ( 'NONE',  ( -10.63399999999999679, 158.7275907335900058, 9.999999999999996447 ) ) ;
#887 = DIRECTION ( 'NONE',  ( -0.000000000000000000, 0.000000000000000000, 1.000000000000000000 ) ) ;
#888 = CARTESIAN_POINT ( 'NONE',  ( -154.2098693847599975, 23.55898094177199908, 9.999999999999996447 ) ) ;
#889 = DIRECTION ( 'NONE',  ( -1.000000000000000000, 0.000000000000000000, 0.000000000000000000 ) ) ;
#890 = VECTOR ( 'NONE', #1790, 1000.000000000000000 ) ;
#891 = VERTEX_POINT ( 'NONE', #1510 ) ;
#892 = CARTESIAN_POINT ( 'NONE',  ( -22.45818710327100831, 62.59131622314498600, 0.000000000000000000 ) ) ;
#893 = ORIENTED_EDGE ( 'NONE', *, *, #2168, .T. ) ;
#894 = FACE_OUTER_BOUND ( 'NONE', #6392, .T. ) ;
#895 = AXIS2_PLACEMENT_3D ( 'NONE', #549, #4232, #2098 ) ;
#896 = EDGE_CURVE ( 'NONE', #6205, #5007, #874, .T. ) ;
#897 = CARTESIAN_POINT ( 'NONE',  ( -154.2821044921799967, 134.9038391113200248, 9.999999999999996447 ) ) ;
#898 = EDGE_CURVE ( 'NONE', #2661, #112, #3081, .T. ) ;
#899 = ORIENTED_EDGE ( 'NONE', *, *, #1152, .F. ) ;
#900 = ORIENTED_EDGE ( 'NONE', *, *, #3317, .T. ) ;
#901 = DIRECTION ( 'NONE',  ( 0.000000000000000000, 0.000000000000000000, 1.000000000000000000 ) ) ;
#902 = VECTOR ( 'NONE', #3434, 1000.000000000000000 ) ;
#903 = EDGE_LOOP ( 'NONE', ( #4604, #4415 ) ) ;
#904 = EDGE_CURVE ( 'NONE', #5749, #6227, #1643, .T. ) ;
#905 = CARTESIAN_POINT ( 'NONE',  ( -151.0507659912100280, 49.66724395752000731, 9.999999999999996447 ) ) ;
#906 = CYLINDRICAL_SURFACE ( 'NONE', #5276, 1.000000000000000888 ) ;
#907 = AXIS2_PLACEMENT_3D ( 'NONE', #6503, #3371, #1808 ) ;
#908 = FACE_BOUND ( 'NONE', #5579, .T. ) ;
#909 = EDGE_CURVE ( 'NONE', #6181, #6005, #4970, .T. ) ;
#910 = CARTESIAN_POINT ( 'NONE',  ( -152.0507659912100280, 49.66724395752000731, 0.000000000000000000 ) ) ;
#911 = VERTEX_POINT ( 'NONE', #380 ) ;
#912 = EDGE_LOOP ( 'NONE', ( #102, #4176 ) ) ;
#913 = DIRECTION ( 'NONE',  ( 0.000000000000000000, -0.000000000000000000, -1.000000000000000000 ) ) ;
#914 = DIRECTION ( 'NONE',  ( -0.000000000000000000, -0.000000000000000000, -1.000000000000000000 ) ) ;
#915 = DIRECTION ( 'NONE',  ( -0.000000000000000000, 0.000000000000000000, 1.000000000000000000 ) ) ;
#916 = DIRECTION ( 'NONE',  ( -0.000000000000000000, -0.000000000000000000, -1.000000000000000000 ) ) ;
#917 = DIRECTION ( 'NONE',  ( 1.000000000000000000, 0.000000000000000000, -0.000000000000000000 ) ) ;
#918 = VERTEX_POINT ( 'NONE', #4164 ) ;
#919 = EDGE_LOOP ( 'NONE', ( #5342, #5444, #3461, #1706 ) ) ;
#920 = ORIENTED_EDGE ( 'NONE', *, *, #815, .F. ) ;
#921 = DIRECTION ( 'NONE',  ( 1.000000000000000000, 0.000000000000000000, 0.000000000000000000 ) ) ;
#922 = CARTESIAN_POINT ( 'NONE',  ( -113.9701919555599972, 82.56014251709001428, 0.000000000000000000 ) ) ;
#923 = CARTESIAN_POINT ( 'NONE',  ( -151.0663909912100280, 93.55554199218801159, 9.999999999999996447 ) ) ;
#924 = CIRCLE ( 'NONE', #5687, 1.000000000000000888 ) ;
#925 = ORIENTED_EDGE ( 'NONE', *, *, #6163, .F. ) ;
#926 = CARTESIAN_POINT ( 'NONE',  ( -152.0663909912099996, 88.47553253173801124, 0.000000000000000000 ) ) ;
#927 = EDGE_LOOP ( 'NONE', ( #2343, #813 ) ) ;
#928 = DIRECTION ( 'NONE',  ( 1.000000000000000000, 0.000000000000000000, 0.000000000000000000 ) ) ;
#929 = CARTESIAN_POINT ( 'NONE',  ( -104.6479949951099968, 51.94300079345699572, 9.999999999999996447 ) ) ;
#930 = CIRCLE ( 'NONE', #1372, 1.000000000000000888 ) ;
#931 = ORIENTED_EDGE ( 'NONE', *, *, #231, .F. ) ;
#932 = DIRECTION ( 'NONE',  ( -1.000000000000000000, 0.000000000000000000, 0.000000000000000000 ) ) ;
#933 = ORIENTED_EDGE ( 'NONE', *, *, #4046, .T. ) ;
#934 = LINE ( 'NONE', #5580, #4742 ) ;
#935 = ORIENTED_EDGE ( 'NONE', *, *, #3092, .F. ) ;
#936 = LINE ( 'NONE', #1348, #2095 ) ;
#937 = ADVANCED_FACE ( 'NONE', ( #6236 ), #5097, .F. ) ;
#938 = VECTOR ( 'NONE', #3273, 1000.000000000000000 ) ;
#939 = FACE_BOUND ( 'NONE', #2014, .T. ) ;
#940 = DIRECTION ( 'NONE',  ( -0.000000000000000000, 0.000000000000000000, 1.000000000000000000 ) ) ;
#941 = ORIENTED_EDGE ( 'NONE', *, *, #5822, .F. ) ;
#942 = EDGE_LOOP ( 'NONE', ( #6380, #3373 ) ) ;
#943 = DIRECTION ( 'NONE',  ( -0.000000000000000000, -0.000000000000000000, -1.000000000000000000 ) ) ;
#944 = CARTESIAN_POINT ( 'NONE',  ( -50.03593063354500003, 132.2769317626899976, 9.999999999999996447 ) ) ;
#945 = EDGE_CURVE ( 'NONE', #6791, #1052, #6855, .T. ) ;
#946 = EDGE_CURVE ( 'NONE', #6680, #5, #5756, .T. ) ;
#947 = CIRCLE ( 'NONE', #5379, 1.000000000000000888 ) ;
#948 = LINE ( 'NONE', #2017, #3004 ) ;
#949 = ADVANCED_FACE ( 'NONE', ( #3114 ), #3525, .F. ) ;
#950 = CYLINDRICAL_SURFACE ( 'NONE', #5531, 1.000000000000000888 ) ;
#951 = VERTEX_POINT ( 'NONE', #4093 ) ;
#952 = ORIENTED_EDGE ( 'NONE', *, *, #773, .F. ) ;
#953 = LINE ( 'NONE', #1498, #1063 ) ;
#954 = AXIS2_PLACEMENT_3D ( 'NONE', #3918, #3391, #253 ) ;
#955 = ORIENTED_EDGE ( 'NONE', *, *, #3184, .T. ) ;
#956 = CYLINDRICAL_SURFACE ( 'NONE', #877, 1.000000000000000888 ) ;
#957 = CARTESIAN_POINT ( 'NONE',  ( -21.48940849304198508, 135.1278839111299988, 9.999999999999996447 ) ) ;
#958 = DIRECTION ( 'NONE',  ( 1.000000000000000000, 0.000000000000000000, 0.000000000000000000 ) ) ;
#959 = EDGE_CURVE ( 'NONE', #4624, #2996, #414, .T. ) ;
#960 = CARTESIAN_POINT ( 'NONE',  ( -15.63411564461599923, 5.006115644616000893, 9.999999999999996447 ) ) ;
#961 = CIRCLE ( 'NONE', #4395, 1.000000000000000888 ) ;
#962 = EDGE_LOOP ( 'NONE', ( #3359, #4242 ) ) ;
#963 = CARTESIAN_POINT ( 'NONE',  ( -48.02031707763698876, 93.46864318847700304, 0.000000000000000000 ) ) ;
#964 = DIRECTION ( 'NONE',  ( -0.000000000000000000, -0.000000000000000000, -1.000000000000000000 ) ) ;
#965 = CARTESIAN_POINT ( 'NONE',  ( -113.9389648437500142, 4.943568706511997313, 0.000000000000000000 ) ) ;
#966 = ORIENTED_EDGE ( 'NONE', *, *, #139, .F. ) ;
#967 = ORIENTED_EDGE ( 'NONE', *, *, #4081, .T. ) ;
#968 = DIRECTION ( 'NONE',  ( 1.000000000000000000, 0.000000000000000000, 0.000000000000000000 ) ) ;
#969 = ORIENTED_EDGE ( 'NONE', *, *, #4381, .T. ) ;
#970 = DIRECTION ( 'NONE',  ( -0.000000000000000000, 0.000000000000000000, 1.000000000000000000 ) ) ;
#971 = CIRCLE ( 'NONE', #199, 1.000000000000000888 ) ;
#972 = FACE_BOUND ( 'NONE', #6242, .T. ) ;
#973 = DIRECTION ( 'NONE',  ( -1.000000000000000000, 0.000000000000000000, 0.000000000000000000 ) ) ;
#974 = ORIENTED_EDGE ( 'NONE', *, *, #3830, .T. ) ;
#975 = CYLINDRICAL_SURFACE ( 'NONE', #194, 1.000000000000000888 ) ;
#976 = DIRECTION ( 'NONE',  ( 1.000000000000000000, 0.000000000000000000, 0.000000000000000000 ) ) ;
#977 = AXIS2_PLACEMENT_3D ( 'NONE', #6116, #5109, #4963 ) ;
#978 = DIRECTION ( 'NONE',  ( -0.000000000000000000, 0.000000000000000000, 1.000000000000000000 ) ) ;
#979 = CIRCLE ( 'NONE', #3300, 1.000000000000000888 ) ;
#980 = DIRECTION ( 'NONE',  ( -0.000000000000000000, -0.000000000000000000, -1.000000000000000000 ) ) ;
#981 = CARTESIAN_POINT ( 'NONE',  ( -155.2410888671799682, 101.1755599975499820, 9.999999999999996447 ) ) ;
#982 = ORIENTED_EDGE ( 'NONE', *, *, #5063, .F. ) ;
#983 = EDGE_CURVE ( 'NONE', #1554, #2608, #2089, .T. ) ;
#984 = EDGE_LOOP ( 'NONE', ( #760, #6427 ) ) ;
#985 = DIRECTION ( 'NONE',  ( 1.000000000000000000, 0.000000000000000000, 0.000000000000000000 ) ) ;
#986 = EDGE_CURVE ( 'NONE', #404, #4419, #1755, .T. ) ;
#987 = ORIENTED_EDGE ( 'NONE', *, *, #3092, .T. ) ;
#988 = DIRECTION ( 'NONE',  ( -0.000000000000000000, 0.000000000000000000, 1.000000000000000000 ) ) ;
#989 = CARTESIAN_POINT ( 'NONE',  ( -22.49919891357400559, 91.23958587646500007, 0.000000000000000000 ) ) ;
#990 = ADVANCED_FACE ( 'NONE', ( #6820 ), #1065, .F. ) ;
#991 = AXIS2_PLACEMENT_3D ( 'NONE', #926, #5162, #5129 ) ;
#992 = DIRECTION ( 'NONE',  ( -0.000000000000000000, 0.000000000000000000, 1.000000000000000000 ) ) ;
#993 = VECTOR ( 'NONE', #5154, 1000.000000000000000 ) ;
#994 = AXIS2_PLACEMENT_3D ( 'NONE', #2328, #4038, #1810 ) ;
#995 = AXIS2_PLACEMENT_3D ( 'NONE', #1953, #4563, #1890 ) ;
#996 = ORIENTED_EDGE ( 'NONE', *, *, #490, .T. ) ;
#997 = EDGE_CURVE ( 'NONE', #2309, #3552, #5901, .T. ) ;
#998 = CYLINDRICAL_SURFACE ( 'NONE', #6305, 1.000000000000000888 ) ;
#999 = CARTESIAN_POINT ( 'NONE',  ( -23.67391777038599443, 103.9396057128900139, 9.999999999999996447 ) ) ;
#1000 = CYLINDRICAL_SURFACE ( 'NONE', #2973, 1.000000000000000888 ) ;
#1001 = ORIENTED_EDGE ( 'NONE', *, *, #305, .T. ) ;
#1002 = VECTOR ( 'NONE', #4402, 1000.000000000000000 ) ;
#1003 = DIRECTION ( 'NONE',  ( -0.000000000000000000, 0.000000000000000000, 1.000000000000000000 ) ) ;
#1004 = FACE_OUTER_BOUND ( 'NONE', #1496, .T. ) ;
#1005 = ORIENTED_EDGE ( 'NONE', *, *, #612, .F. ) ;
#1006 = CARTESIAN_POINT ( 'NONE',  ( -10.63399999999999856, 1.200030733042355740E-16, 0.000000000000000000 ) ) ;
#1007 = CIRCLE ( 'NONE', #1669, 1.000000000000000888 ) ;
#1008 = FACE_BOUND ( 'NONE', #1284, .T. ) ;
#1009 = CYLINDRICAL_SURFACE ( 'NONE', #814, 1.000000000000000888 ) ;
#1010 = VERTEX_POINT ( 'NONE', #515 ) ;
#1011 = FACE_OUTER_BOUND ( 'NONE', #1369, .T. ) ;
#1012 = VECTOR ( 'NONE', #5925, 1000.000000000000000 ) ;
#1013 = DIRECTION ( 'NONE',  ( 1.000000000000000000, 0.000000000000000000, 0.000000000000000000 ) ) ;
#1014 = CARTESIAN_POINT ( 'NONE',  ( -151.0663909912099996, 88.47553253173801124, 9.999999999999996447 ) ) ;
#1015 = AXIS2_PLACEMENT_3D ( 'NONE', #678, #2262, #5424 ) ;
#1016 = DIRECTION ( 'NONE',  ( 1.000000000000000000, 0.000000000000000000, 0.000000000000000000 ) ) ;
#1017 = VERTEX_POINT ( 'NONE', #4816 ) ;
#1018 = ORIENTED_EDGE ( 'NONE', *, *, #986, .F. ) ;
#1019 = CARTESIAN_POINT ( 'NONE',  ( -10.63399999999999679, 158.7275907335900058, 0.000000000000000000 ) ) ;
#1020 = ORIENTED_EDGE ( 'NONE', *, *, #6211, .F. ) ;
#1021 = DIRECTION ( 'NONE',  ( 1.000000000000000000, 0.000000000000000000, 0.000000000000000000 ) ) ;
#1022 = DIRECTION ( 'NONE',  ( -0.000000000000000000, -0.000000000000000000, -1.000000000000000000 ) ) ;
#1023 = DIRECTION ( 'NONE',  ( 1.000000000000000000, 0.000000000000000000, 0.000000000000000000 ) ) ;
#1024 = EDGE_CURVE ( 'NONE', #5632, #2357, #3414, .T. ) ;
#1025 = EDGE_CURVE ( 'NONE', #2904, #911, #5198, .T. ) ;
#1026 = FACE_OUTER_BOUND ( 'NONE', #3650, .T. ) ;
#1027 = ORIENTED_EDGE ( 'NONE', *, *, #5307, .F. ) ;
#1028 = LINE ( 'NONE', #6786, #2749 ) ;
#1029 = ORIENTED_EDGE ( 'NONE', *, *, #6797, .T. ) ;
#1030 = CARTESIAN_POINT ( 'NONE',  ( -107.6384658813399966, 63.85269927978499993, 0.000000000000000000 ) ) ;
#1031 = DIRECTION ( 'NONE',  ( -0.000000000000000000, -0.000000000000000000, -1.000000000000000000 ) ) ;
#1032 = EDGE_CURVE ( 'NONE', #6721, #6577, #2523, .T. ) ;
#1033 = AXIS2_PLACEMENT_3D ( 'NONE', #3743, #1204, #1725 ) ;
#1034 = ADVANCED_FACE ( 'NONE', ( #2619 ), #4238, .F. ) ;
#1035 = EDGE_CURVE ( 'NONE', #4951, #3347, #4418, .T. ) ;
#1036 = DIRECTION ( 'NONE',  ( 1.000000000000000000, 0.000000000000000000, 0.000000000000000000 ) ) ;
#1037 = ORIENTED_EDGE ( 'NONE', *, *, #1334, .F. ) ;
#1038 = VERTEX_POINT ( 'NONE', #4301 ) ;
#1039 = DIRECTION ( 'NONE',  ( -0.000000000000000000, 0.000000000000000000, 1.000000000000000000 ) ) ;
#1040 = AXIS2_PLACEMENT_3D ( 'NONE', #5938, #142, #2245 ) ;
#1041 = EDGE_LOOP ( 'NONE', ( #1439, #2871 ) ) ;
#1042 = CYLINDRICAL_SURFACE ( 'NONE', #670, 1.000000000000000888 ) ;
#1043 = FACE_BOUND ( 'NONE', #243, .T. ) ;
#1044 = DIRECTION ( 'NONE',  ( 0.000000000000000000, 0.000000000000000000, 1.000000000000000000 ) ) ;
#1045 = ORIENTED_EDGE ( 'NONE', *, *, #744, .T. ) ;
#1046 = EDGE_LOOP ( 'NONE', ( #2861, #3709 ) ) ;
#1047 = CARTESIAN_POINT ( 'NONE',  ( -17.23411564461600065, 5.006115644616000893, 6.999999999999996447 ) ) ;
#1048 = VECTOR ( 'NONE', #1056, 1000.000000000000000 ) ;
#1049 = FACE_OUTER_BOUND ( 'NONE', #1066, .T. ) ;
#1050 = CARTESIAN_POINT ( 'NONE',  ( -22.46797561645499997, 13.62300586700400018, 9.999999999999996447 ) ) ;
#1051 = VERTEX_POINT ( 'NONE', #1583 ) ;
#1052 = VERTEX_POINT ( 'NONE', #6019 ) ;
#1053 = CARTESIAN_POINT ( 'NONE',  ( -62.78571701049798293, 148.6632843017500250, 9.999999999999996447 ) ) ;
#1054 = ORIENTED_EDGE ( 'NONE', *, *, #5475, .F. ) ;
#1055 = DIRECTION ( 'NONE',  ( -0.000000000000000000, 0.000000000000000000, 1.000000000000000000 ) ) ;
#1056 = DIRECTION ( 'NONE',  ( -0.000000000000000000, -0.000000000000000000, -1.000000000000000000 ) ) ;
#1057 = DIRECTION ( 'NONE',  ( 1.000000000000000000, 0.000000000000000000, 0.000000000000000000 ) ) ;
#1058 = CIRCLE ( 'NONE', #1939, 1.000000000000000888 ) ;
#1059 = EDGE_LOOP ( 'NONE', ( #2683, #996 ) ) ;
#1060 = FACE_OUTER_BOUND ( 'NONE', #474, .T. ) ;
#1061 = DIRECTION ( 'NONE',  ( -1.000000000000000000, 0.000000000000000000, 0.000000000000000000 ) ) ;
#1062 = DIRECTION ( 'NONE',  ( -1.000000000000000000, 0.000000000000000000, 0.000000000000000000 ) ) ;
#1063 = VECTOR ( 'NONE', #3098, 1000.000000000000000 ) ;
#1064 = FACE_OUTER_BOUND ( 'NONE', #3702, .T. ) ;
#1065 = CYLINDRICAL_SURFACE ( 'NONE', #5088, 1.000000000000000888 ) ;
#1066 = EDGE_LOOP ( 'NONE', ( #3769, #4998, #3835, #6034 ) ) ;
#1067 = AXIS2_PLACEMENT_3D ( 'NONE', #5556, #4455, #675 ) ;
#1068 = ORIENTED_EDGE ( 'NONE', *, *, #6830, .F. ) ;
#1069 = EDGE_CURVE ( 'NONE', #911, #2904, #3973, .T. ) ;
#1070 = CYLINDRICAL_SURFACE ( 'NONE', #3080, 1.000000000000000888 ) ;
#1071 = EDGE_CURVE ( 'NONE', #5830, #2761, #33, .T. ) ;
#1072 = VERTEX_POINT ( 'NONE', #4849 ) ;
#1073 = CARTESIAN_POINT ( 'NONE',  ( -21.44257545471200999, 18.70301628112799719, 0.000000000000000000 ) ) ;
#1074 = EDGE_CURVE ( 'NONE', #3752, #378, #2416, .T. ) ;
#1075 = CARTESIAN_POINT ( 'NONE',  ( -24.70830154418900193, 54.97129821777300407, 9.999999999999996447 ) ) ;
#1076 = ORIENTED_EDGE ( 'NONE', *, *, #865, .F. ) ;
#1077 = ORIENTED_EDGE ( 'NONE', *, *, #4134, .T. ) ;
#1078 = FACE_OUTER_BOUND ( 'NONE', #3546, .T. ) ;
#1079 = EDGE_CURVE ( 'NONE', #3636, #6053, #3252, .T. ) ;
#1080 = AXIS2_PLACEMENT_3D ( 'NONE', #2025, #4664, #4155 ) ;
#1081 = CARTESIAN_POINT ( 'NONE',  ( -21.44257545471200999, 18.70301628112799719, 9.999999999999996447 ) ) ;
#1082 = DIRECTION ( 'NONE',  ( -0.000000000000000000, 0.000000000000000000, 1.000000000000000000 ) ) ;
#1083 = AXIS2_PLACEMENT_3D ( 'NONE', #2382, #282, #6174 ) ;
#1084 = DIRECTION ( 'NONE',  ( -0.000000000000000000, 0.000000000000000000, 1.000000000000000000 ) ) ;
#1085 = ORIENTED_EDGE ( 'NONE', *, *, #4014, .F. ) ;
#1086 = VERTEX_POINT ( 'NONE', #3175 ) ;
#1087 = LINE ( 'NONE', #607, #2387 ) ;
#1088 = EDGE_LOOP ( 'NONE', ( #1794, #133 ) ) ;
#1089 = DIRECTION ( 'NONE',  ( -0.000000000000000000, -0.000000000000000000, -1.000000000000000000 ) ) ;
#1090 = DIRECTION ( 'NONE',  ( -0.000000000000000000, 0.000000000000000000, 1.000000000000000000 ) ) ;
#1091 = CARTESIAN_POINT ( 'NONE',  ( -25.72391319274899857, 93.77958679199200276, 0.000000000000000000 ) ) ;
#1092 = VECTOR ( 'NONE', #1718, 1000.000000000000000 ) ;
#1093 = LINE ( 'NONE', #3723, #2326 ) ;
#1094 = AXIS2_PLACEMENT_3D ( 'NONE', #897, #4638, #2482 ) ;
#1095 = VERTEX_POINT ( 'NONE', #4338 ) ;
#1096 = AXIS2_PLACEMENT_3D ( 'NONE', #892, #5091, #790 ) ;
#1097 = LINE ( 'NONE', #4128, #546 ) ;
#1098 = FACE_OUTER_BOUND ( 'NONE', #238, .T. ) ;
#1099 = DIRECTION ( 'NONE',  ( 1.000000000000000000, 0.000000000000000000, 0.000000000000000000 ) ) ;
#1100 = VECTOR ( 'NONE', #2924, 1000.000000000000000 ) ;
#1101 = DIRECTION ( 'NONE',  ( 0.000000000000000000, 0.000000000000000000, 1.000000000000000000 ) ) ;
#1102 = ORIENTED_EDGE ( 'NONE', *, *, #6461, .T. ) ;
#1103 = VERTEX_POINT ( 'NONE', #3144 ) ;
#1104 = DIRECTION ( 'NONE',  ( -0.000000000000000000, -0.000000000000000000, -1.000000000000000000 ) ) ;
#1105 = ORIENTED_EDGE ( 'NONE', *, *, #6029, .T. ) ;
#1106 = CARTESIAN_POINT ( 'NONE',  ( -153.0663909912100280, 93.55554199218801159, 0.000000000000000000 ) ) ;
#1107 = VECTOR ( 'NONE', #2564, 1000.000000000000000 ) ;
#1108 = EDGE_CURVE ( 'NONE', #1, #2319, #6307, .T. ) ;
#1109 = EDGE_CURVE ( 'NONE', #6577, #3426, #1779, .T. ) ;
#1110 = VERTEX_POINT ( 'NONE', #2138 ) ;
#1111 = EDGE_CURVE ( 'NONE', #5544, #2792, #3310, .T. ) ;
#1112 = ORIENTED_EDGE ( 'NONE', *, *, #5645, .F. ) ;
#1113 = VERTEX_POINT ( 'NONE', #3895 ) ;
#1114 = CARTESIAN_POINT ( 'NONE',  ( -127.7199783325200002, 98.94650268554700290, 9.999999999999996447 ) ) ;
#1115 = FACE_BOUND ( 'NONE', #3253, .T. ) ;
#1116 = MECHANICAL_DESIGN_GEOMETRIC_PRESENTATION_REPRESENTATION (  '', ( #6213 ), #6108 ) ;
#1117 = ADVANCED_FACE ( 'NONE', ( #5340 ), #1253, .T. ) ;
#1118 = DIRECTION ( 'NONE',  ( 1.000000000000000000, 0.000000000000000000, 0.000000000000000000 ) ) ;
#1119 = EDGE_CURVE ( 'NONE', #480, #2873, #4325, .T. ) ;
#1120 = VECTOR ( 'NONE', #6100, 1000.000000000000000 ) ;
#1121 = FACE_OUTER_BOUND ( 'NONE', #2234, .T. ) ;
#1122 = EDGE_LOOP ( 'NONE', ( #668, #1796 ) ) ;
#1123 = ORIENTED_EDGE ( 'NONE', *, *, #1745, .T. ) ;
#1124 = DIRECTION ( 'NONE',  ( -0.000000000000000000, -0.000000000000000000, -1.000000000000000000 ) ) ;
#1125 = FACE_OUTER_BOUND ( 'NONE', #2787, .T. ) ;
#1126 = DIRECTION ( 'NONE',  ( 1.000000000000000000, 0.000000000000000000, 0.000000000000000000 ) ) ;
#1127 = VECTOR ( 'NONE', #6772, 1000.000000000000000 ) ;
#1128 = ADVANCED_FACE ( 'NONE', ( #881 ), #812, .F. ) ;
#1129 = DIRECTION ( 'NONE',  ( -0.000000000000000000, 0.000000000000000000, 1.000000000000000000 ) ) ;
#1130 = ORIENTED_EDGE ( 'NONE', *, *, #6828, .T. ) ;
#1131 = FACE_OUTER_BOUND ( 'NONE', #1280, .T. ) ;
#1132 = DIRECTION ( 'NONE',  ( -1.000000000000000000, 0.000000000000000000, 0.000000000000000000 ) ) ;
#1133 = DIRECTION ( 'NONE',  ( -0.000000000000000000, -0.000000000000000000, -1.000000000000000000 ) ) ;
#1134 = DIRECTION ( 'NONE',  ( -0.000000000000000000, -0.000000000000000000, -1.000000000000000000 ) ) ;
#1135 = EDGE_LOOP ( 'NONE', ( #3510, #933, #3986, #2144 ) ) ;
#1136 = VERTEX_POINT ( 'NONE', #3477 ) ;
#1137 = CYLINDRICAL_SURFACE ( 'NONE', #1749, 1.000000000000000888 ) ;
#1138 = EDGE_LOOP ( 'NONE', ( #2601, #6818 ) ) ;
#1139 = DIRECTION ( 'NONE',  ( -0.000000000000000000, 0.000000000000000000, 1.000000000000000000 ) ) ;
#1140 = CIRCLE ( 'NONE', #3685, 1.000000000000000888 ) ;
#1141 = ORIENTED_EDGE ( 'NONE', *, *, #3282, .F. ) ;
#1142 = ORIENTED_EDGE ( 'NONE', *, *, #2721, .T. ) ;
#1143 = CARTESIAN_POINT ( 'NONE',  ( -153.2098693847599975, 23.55898094177199908, 9.999999999999996447 ) ) ;
#1144 = EDGE_CURVE ( 'NONE', #3201, #6680, #4977, .T. ) ;
#1145 = CARTESIAN_POINT ( 'NONE',  ( -21.51480865478498572, 130.0478668212800244, 9.999999999999996447 ) ) ;
#1146 = DIRECTION ( 'NONE',  ( -0.000000000000000000, -0.000000000000000000, -1.000000000000000000 ) ) ;
#1147 = CARTESIAN_POINT ( 'NONE',  ( -22.48940849304198508, 135.1278839111299988, 9.999999999999996447 ) ) ;
#1148 = ORIENTED_EDGE ( 'NONE', *, *, #898, .F. ) ;
#1149 = ORIENTED_EDGE ( 'NONE', *, *, #2420, .F. ) ;
#1150 = CARTESIAN_POINT ( 'NONE',  ( -104.5095214843699836, 90.49858856201201718, 9.999999999999996447 ) ) ;
#1151 = AXIS2_PLACEMENT_3D ( 'NONE', #2127, #2580, #3653 ) ;
#1152 = EDGE_CURVE ( 'NONE', #4446, #6082, #6195, .T. ) ;
#1153 = EDGE_CURVE ( 'NONE', #3086, #5205, #6744, .T. ) ;
#1154 = CARTESIAN_POINT ( 'NONE',  ( -25.67391777038599443, 98.85959625244100835, 9.999999999999996447 ) ) ;
#1155 = CARTESIAN_POINT ( 'NONE',  ( -24.67391777038599443, 98.85959625244100835, 0.000000000000000000 ) ) ;
#1156 = ADVANCED_FACE ( 'NONE', ( #6636 ), #5670, .F. ) ;
#1157 = AXIS2_PLACEMENT_3D ( 'NONE', #4941, #5486, #123 ) ;
#1158 = CYLINDRICAL_SURFACE ( 'NONE', #469, 1.000000000000000888 ) ;
#1159 = ORIENTED_EDGE ( 'NONE', *, *, #5962, .T. ) ;
#1160 = FACE_OUTER_BOUND ( 'NONE', #6600, .T. ) ;
#1161 = EDGE_CURVE ( 'NONE', #5253, #4366, #5524, .T. ) ;
#1162 = LINE ( 'NONE', #4364, #2694 ) ;
#1163 = CARTESIAN_POINT ( 'NONE',  ( -153.2508850097599975, 52.20724868774399852, 9.999999999999996447 ) ) ;
#1164 = ORIENTED_EDGE ( 'NONE', *, *, #4637, .F. ) ;
#1165 = ORIENTED_EDGE ( 'NONE', *, *, #2597, .T. ) ;
#1166 = CYLINDRICAL_SURFACE ( 'NONE', #2297, 1.000000000000000888 ) ;
#1167 = ORIENTED_EDGE ( 'NONE', *, *, #1825, .T. ) ;
#1168 = DIRECTION ( 'NONE',  ( 1.000000000000000000, 0.000000000000000000, 0.000000000000000000 ) ) ;
#1169 = AXIS2_PLACEMENT_3D ( 'NONE', #1798, #1275, #285 ) ;
#1170 = FACE_BOUND ( 'NONE', #3118, .T. ) ;
#1171 = ORIENTED_EDGE ( 'NONE', *, *, #2504, .F. ) ;
#1172 = ORIENTED_EDGE ( 'NONE', *, *, #2937, .T. ) ;
#1173 = DIRECTION ( 'NONE',  ( -0.000000000000000000, -0.000000000000000000, -1.000000000000000000 ) ) ;
#1174 = FACE_BOUND ( 'NONE', #1855, .T. ) ;
#1175 = VECTOR ( 'NONE', #1560, 1000.000000000000000 ) ;
#1176 = CARTESIAN_POINT ( 'NONE',  ( -153.0820007324199992, 132.3638305663999688, 9.999999999999996447 ) ) ;
#1177 = DIRECTION ( 'NONE',  ( 1.000000000000000000, 0.000000000000000000, 0.000000000000000000 ) ) ;
#1178 = ORIENTED_EDGE ( 'NONE', *, *, #192, .T. ) ;
#1179 = ORIENTED_EDGE ( 'NONE', *, *, #1226, .F. ) ;
#1180 = DIRECTION ( 'NONE',  ( -0.000000000000000000, -0.000000000000000000, -1.000000000000000000 ) ) ;
#1181 = CARTESIAN_POINT ( 'NONE',  ( -105.4783020019499986, 12.88201141357400026, 9.999999999999996447 ) ) ;
#1182 = CARTESIAN_POINT ( 'NONE',  ( -112.9701919555599829, 82.56014251709001428, 9.999999999999996447 ) ) ;
#1183 = AXIS2_PLACEMENT_3D ( 'NONE', #1271, #4929, #4999 ) ;
#1184 = EDGE_CURVE ( 'NONE', #882, #1867, #4095, .T. ) ;
#1185 = EDGE_CURVE ( 'NONE', #3289, #2780, #1979, .T. ) ;
#1186 = ORIENTED_EDGE ( 'NONE', *, *, #856, .F. ) ;
#1187 = ADVANCED_FACE ( 'NONE', ( #5595, #6698 ), #1359, .T. ) ;
#1188 = DIRECTION ( 'NONE',  ( -0.000000000000000000, -0.000000000000000000, -1.000000000000000000 ) ) ;
#1189 = DIRECTION ( 'NONE',  ( -0.000000000000000000, 0.000000000000000000, 1.000000000000000000 ) ) ;
#1190 = DIRECTION ( 'NONE',  ( -0.000000000000000000, -0.000000000000000000, -1.000000000000000000 ) ) ;
#1191 = AXIS2_PLACEMENT_3D ( 'NONE', #3148, #1621, #2562 ) ;
#1192 = CARTESIAN_POINT ( 'NONE',  ( -113.9545745849599996, 43.75185394287098717, 9.999999999999996447 ) ) ;
#1193 = ADVANCED_FACE ( 'NONE', ( #2994 ), #1289, .F. ) ;
#1194 = AXIS2_PLACEMENT_3D ( 'NONE', #273, #6609, #4534 ) ;
#1195 = ORIENTED_EDGE ( 'NONE', *, *, #3476, .T. ) ;
#1196 = ORIENTED_EDGE ( 'NONE', *, *, #5061, .F. ) ;
#1197 = DIRECTION ( 'NONE',  ( -0.000000000000000000, -0.000000000000000000, -1.000000000000000000 ) ) ;
#1198 = AXIS2_PLACEMENT_3D ( 'NONE', #859, #5682, #3626 ) ;
#1199 = ORIENTED_EDGE ( 'NONE', *, *, #3486, .F. ) ;
#1200 = LINE ( 'NONE', #4470, #6429 ) ;
#1201 = CIRCLE ( 'NONE', #5875, 1.000000000000000888 ) ;
#1202 = ORIENTED_EDGE ( 'NONE', *, *, #2242, .T. ) ;
#1203 = VECTOR ( 'NONE', #832, 1000.000000000000000 ) ;
#1204 = DIRECTION ( 'NONE',  ( -0.000000000000000000, 0.000000000000000000, 1.000000000000000000 ) ) ;
#1205 = ORIENTED_EDGE ( 'NONE', *, *, #8, .T. ) ;
#1206 = DIRECTION ( 'NONE',  ( -1.000000000000000000, 0.000000000000000000, 0.000000000000000000 ) ) ;
#1207 = ORIENTED_EDGE ( 'NONE', *, *, #6754, .T. ) ;
#1208 = FACE_BOUND ( 'NONE', #4912, .T. ) ;
#1209 = AXIS2_PLACEMENT_3D ( 'NONE', #2624, #4752, #1623 ) ;
#1210 = DIRECTION ( 'NONE',  ( -1.000000000000000000, 0.000000000000000000, 0.000000000000000000 ) ) ;
#1211 = DIRECTION ( 'NONE',  ( -0.000000000000000000, -0.000000000000000000, -1.000000000000000000 ) ) ;
#1212 = VERTEX_POINT ( 'NONE', #4073 ) ;
#1213 = ORIENTED_EDGE ( 'NONE', *, *, #1667, .T. ) ;
#1214 = LINE ( 'NONE', #291, #4061 ) ;
#1215 = VECTOR ( 'NONE', #1133, 1000.000000000000000 ) ;
#1216 = CARTESIAN_POINT ( 'NONE',  ( -153.2254791259699971, 62.36726760864300445, 0.000000000000000000 ) ) ;
#1217 = CYLINDRICAL_SURFACE ( 'NONE', #907, 1.000000000000000888 ) ;
#1218 = CIRCLE ( 'NONE', #3664, 1.000000000000000888 ) ;
#1219 = ORIENTED_EDGE ( 'NONE', *, *, #3486, .T. ) ;
#1220 = AXIS2_PLACEMENT_3D ( 'NONE', #1147, #6390, #4385 ) ;
#1221 = FACE_OUTER_BOUND ( 'NONE', #3146, .T. ) ;
#1222 = CARTESIAN_POINT ( 'NONE',  ( -25.73952293395999291, 132.5878753662099712, 0.000000000000000000 ) ) ;
#1223 = DIRECTION ( 'NONE',  ( -0.000000000000000000, -0.000000000000000000, -1.000000000000000000 ) ) ;
#1224 = CIRCLE ( 'NONE', #3335, 2.999999999999999112 ) ;
#1225 = EDGE_CURVE ( 'NONE', #6326, #5546, #2887, .T. ) ;
#1226 = EDGE_CURVE ( 'NONE', #4823, #6275, #2982, .T. ) ;
#1227 = CARTESIAN_POINT ( 'NONE',  ( -159.2835907335899606, 158.7275907335900058, 6.999999999999996447 ) ) ;
#1228 = VERTEX_POINT ( 'NONE', #5081 ) ;
#1229 = ORIENTED_EDGE ( 'NONE', *, *, #2290, .T. ) ;
#1230 = FACE_OUTER_BOUND ( 'NONE', #4883, .T. ) ;
#1231 = ORIENTED_EDGE ( 'NONE', *, *, #6711, .F. ) ;
#1232 = CARTESIAN_POINT ( 'NONE',  ( -159.2818843553800150, 5.006115644616000893, 6.999999999999996447 ) ) ;
#1233 = EDGE_CURVE ( 'NONE', #5996, #1839, #107, .T. ) ;
#1234 = ADVANCED_FACE ( 'NONE', ( #2439 ), #4561, .F. ) ;
#1235 = EDGE_CURVE ( 'NONE', #1, #5426, #1429, .T. ) ;
#1236 = ORIENTED_EDGE ( 'NONE', *, *, #1873, .F. ) ;
#1237 = VERTEX_POINT ( 'NONE', #400 ) ;
#1238 = CARTESIAN_POINT ( 'NONE',  ( -107.6384658813399966, 63.85269927978499993, 9.999999999999996447 ) ) ;
#1239 = EDGE_LOOP ( 'NONE', ( #1409, #871 ) ) ;
#1240 = DIRECTION ( 'NONE',  ( -0.000000000000000000, -0.000000000000000000, -1.000000000000000000 ) ) ;
#1241 = EDGE_CURVE ( 'NONE', #6005, #6181, #6860, .T. ) ;
#1242 = DIRECTION ( 'NONE',  ( 1.000000000000000000, 0.000000000000000000, 0.000000000000000000 ) ) ;
#1243 = AXIS2_PLACEMENT_3D ( 'NONE', #4312, #2731, #5347 ) ;
#1244 = CARTESIAN_POINT ( 'NONE',  ( -23.67391777038599443, 103.9396057128900139, 0.000000000000000000 ) ) ;
#1245 = CARTESIAN_POINT ( 'NONE',  ( -164.2819999999999538, 5.006115644616000893, 9.999999999999996447 ) ) ;
#1246 = ORIENTED_EDGE ( 'NONE', *, *, #4046, .F. ) ;
#1247 = ORIENTED_EDGE ( 'NONE', *, *, #8, .F. ) ;
#1248 = DIRECTION ( 'NONE',  ( 1.000000000000000000, 0.000000000000000000, 0.000000000000000000 ) ) ;
#1249 = VERTEX_POINT ( 'NONE', #6807 ) ;
#1250 = DIRECTION ( 'NONE',  ( -1.000000000000000000, 0.000000000000000000, 0.000000000000000000 ) ) ;
#1251 = CARTESIAN_POINT ( 'NONE',  ( -153.2098693847599975, 23.55898094177199908, 0.000000000000000000 ) ) ;
#1252 = AXIS2_PLACEMENT_3D ( 'NONE', #6533, #3306, #4972 ) ;
#1253 = CYLINDRICAL_SURFACE ( 'NONE', #2754, 4.998409266409247209 ) ;
#1254 = ORIENTED_EDGE ( 'NONE', *, *, #5772, .F. ) ;
#1255 = DIRECTION ( 'NONE',  ( -1.805575675068430612E-16, 1.000000000000000000, 0.000000000000000000 ) ) ;
#1256 = DIRECTION ( 'NONE',  ( -0.000000000000000000, -0.000000000000000000, -1.000000000000000000 ) ) ;
#1257 = CARTESIAN_POINT ( 'NONE',  ( -23.73952293395999291, 132.5878753662099712, 9.999999999999996447 ) ) ;
#1258 = CIRCLE ( 'NONE', #2927, 1.000000000000000888 ) ;
#1259 = CARTESIAN_POINT ( 'NONE',  ( -103.5251312255799974, 129.3068695068300258, 0.000000000000000000 ) ) ;
#1260 = EDGE_LOOP ( 'NONE', ( #4150, #5433, #3294, #171 ) ) ;
#1261 = ORIENTED_EDGE ( 'NONE', *, *, #3696, .F. ) ;
#1262 = DIRECTION ( 'NONE',  ( -0.000000000000000000, -0.000000000000000000, -1.000000000000000000 ) ) ;
#1263 = VERTEX_POINT ( 'NONE', #3579 ) ;
#1264 = FACE_OUTER_BOUND ( 'NONE', #99, .T. ) ;
#1265 = EDGE_CURVE ( 'NONE', #6842, #5286, #1427, .T. ) ;
#1266 = FACE_BOUND ( 'NONE', #1239, .T. ) ;
#1267 = EDGE_CURVE ( 'NONE', #3260, #4508, #6311, .T. ) ;
#1268 = ORIENTED_EDGE ( 'NONE', *, *, #3610, .T. ) ;
#1269 = VECTOR ( 'NONE', #3729, 1000.000000000000000 ) ;
#1270 = ORIENTED_EDGE ( 'NONE', *, *, #514, .F. ) ;
#1271 = CARTESIAN_POINT ( 'NONE',  ( -22.44257545471200999, 23.78302574157699922, 0.000000000000000000 ) ) ;
#1272 = ORIENTED_EDGE ( 'NONE', *, *, #4838, .F. ) ;
#1273 = EDGE_CURVE ( 'NONE', #5683, #64, #3315, .T. ) ;
#1274 = CARTESIAN_POINT ( 'NONE',  ( -22.51480865478498572, 130.0478668212800244, 0.000000000000000000 ) ) ;
#1275 = DIRECTION ( 'NONE',  ( -0.000000000000000000, -0.000000000000000000, -1.000000000000000000 ) ) ;
#1276 = VECTOR ( 'NONE', #3582, 1000.000000000000000 ) ;
#1277 = FACE_OUTER_BOUND ( 'NONE', #5497, .T. ) ;
#1278 = ADVANCED_FACE ( 'NONE', ( #2535 ), #950, .F. ) ;
#1279 = CARTESIAN_POINT ( 'NONE',  ( -151.0351562500000284, 10.85895442962599766, 9.999999999999996447 ) ) ;
#1280 = EDGE_LOOP ( 'NONE', ( #758, #3488, #6248, #6358 ) ) ;
#1281 = EDGE_LOOP ( 'NONE', ( #5482, #4573, #5278, #5400 ) ) ;
#1282 = DIRECTION ( 'NONE',  ( -0.000000000000000000, -0.000000000000000000, -1.000000000000000000 ) ) ;
#1283 = VECTOR ( 'NONE', #1180, 1000.000000000000000 ) ;
#1284 = EDGE_LOOP ( 'NONE', ( #4917, #2995 ) ) ;
#1285 = DIRECTION ( 'NONE',  ( 1.000000000000000000, 0.000000000000000000, -0.000000000000000000 ) ) ;
#1286 = DIRECTION ( 'NONE',  ( -1.000000000000000000, 0.000000000000000000, 0.000000000000000000 ) ) ;
#1287 = AXIS2_PLACEMENT_3D ( 'NONE', #6507, #5460, #713 ) ;
#1288 = CARTESIAN_POINT ( 'NONE',  ( -151.0663909912099996, 88.47553253173801124, 9.999999999999996447 ) ) ;
#1289 = CYLINDRICAL_SURFACE ( 'NONE', #6090, 1.000000000000000888 ) ;
#1290 = VERTEX_POINT ( 'NONE', #1465 ) ;
#1291 = DIRECTION ( 'NONE',  ( -0.000000000000000000, 0.000000000000000000, 1.000000000000000000 ) ) ;
#1292 = CARTESIAN_POINT ( 'NONE',  ( -152.0507659912100280, 49.66724395752000731, 9.999999999999996447 ) ) ;
#1293 = CYLINDRICAL_SURFACE ( 'NONE', #6252, 1.000000000000000888 ) ;
#1294 = DIRECTION ( 'NONE',  ( -0.000000000000000000, 0.000000000000000000, 1.000000000000000000 ) ) ;
#1295 = ORIENTED_EDGE ( 'NONE', *, *, #6165, .F. ) ;
#1296 = ORIENTED_EDGE ( 'NONE', *, *, #1311, .F. ) ;
#1297 = CARTESIAN_POINT ( 'NONE',  ( -71.05499267578099420, 12.13757514953599959, 0.000000000000000000 ) ) ;
#1298 = CIRCLE ( 'NONE', #2078, 1.000000000000000888 ) ;
#1299 = DIRECTION ( 'NONE',  ( -0.000000000000000000, -0.000000000000000000, -1.000000000000000000 ) ) ;
#1300 = ORIENTED_EDGE ( 'NONE', *, *, #2080, .T. ) ;
#1301 = CARTESIAN_POINT ( 'NONE',  ( -21.51480865478498572, 130.0478668212800244, 9.999999999999996447 ) ) ;
#1302 = CIRCLE ( 'NONE', #1861, 1.000000000000000888 ) ;
#1303 = AXIS2_PLACEMENT_3D ( 'NONE', #3076, #3629, #2173 ) ;
#1304 = ORIENTED_EDGE ( 'NONE', *, *, #4772, .F. ) ;
#1305 = VERTEX_POINT ( 'NONE', #535 ) ;
#1306 = DIRECTION ( 'NONE',  ( -1.000000000000000000, 0.000000000000000000, 0.000000000000000000 ) ) ;
#1307 = ORIENTED_EDGE ( 'NONE', *, *, #1161, .F. ) ;
#1308 = LINE ( 'NONE', #3202, #3869 ) ;
#1309 = AXIS2_PLACEMENT_3D ( 'NONE', #2934, #3005, #4599 ) ;
#1310 = FACE_BOUND ( 'NONE', #3596, .T. ) ;
#1311 = EDGE_CURVE ( 'NONE', #5205, #3086, #3207, .T. ) ;
#1312 = EDGE_CURVE ( 'NONE', #3356, #558, #2432, .T. ) ;
#1313 = AXIS2_PLACEMENT_3D ( 'NONE', #4522, #1919, #4008 ) ;
#1314 = EDGE_CURVE ( 'NONE', #6862, #4190, #432, .T. ) ;
#1315 = AXIS2_PLACEMENT_3D ( 'NONE', #2475, #1291, #1394 ) ;
#1316 = CARTESIAN_POINT ( 'NONE',  ( -70.08621215820299710, 89.75415039062501421, 9.999999999999996447 ) ) ;
#1317 = CARTESIAN_POINT ( 'NONE',  ( -71.10182952880897744, 128.5624389648399983, 9.999999999999996447 ) ) ;
#1318 = EDGE_LOOP ( 'NONE', ( #6532, #3338 ) ) ;
#1319 = ORIENTED_EDGE ( 'NONE', *, *, #2549, .F. ) ;
#1320 = CYLINDRICAL_SURFACE ( 'NONE', #5064, 1.000000000000000888 ) ;
#1321 = AXIS2_PLACEMENT_3D ( 'NONE', #671, #2777, #150 ) ;
#1322 = DIRECTION ( 'NONE',  ( -0.000000000000000000, -0.000000000000000000, -1.000000000000000000 ) ) ;
#1323 = AXIS2_PLACEMENT_3D ( 'NONE', #6114, #3464, #6278 ) ;
#1324 = ADVANCED_FACE ( 'NONE', ( #6774 ), #5806, .F. ) ;
#1325 = CARTESIAN_POINT ( 'NONE',  ( -152.0007629394500270, 59.82726287841799717, 0.000000000000000000 ) ) ;
#1326 = ADVANCED_FACE ( 'NONE', ( #5322 ), #2019, .F. ) ;
#1327 = CIRCLE ( 'NONE', #5770, 1.000000000000000888 ) ;
#1328 = DIRECTION ( 'NONE',  ( -1.000000000000000000, 0.000000000000000000, 0.000000000000000000 ) ) ;
#1329 = EDGE_LOOP ( 'NONE', ( #3107, #6347, #739, #6816 ) ) ;
#1330 = ORIENTED_EDGE ( 'NONE', *, *, #3697, .F. ) ;
#1331 = DIRECTION ( 'NONE',  ( -0.000000000000000000, -0.000000000000000000, -1.000000000000000000 ) ) ;
#1332 = DIRECTION ( 'NONE',  ( -1.000000000000000000, 0.000000000000000000, 0.000000000000000000 ) ) ;
#1333 = CARTESIAN_POINT ( 'NONE',  ( -70.08621215820299710, 89.75415039062501421, 9.999999999999996447 ) ) ;
#1334 = EDGE_CURVE ( 'NONE', #6680, #3201, #3988, .T. ) ;
#1335 = VECTOR ( 'NONE', #5462, 1000.000000000000000 ) ;
#1336 = LINE ( 'NONE', #786, #2886 ) ;
#1337 = ORIENTED_EDGE ( 'NONE', *, *, #5470, .T. ) ;
#1338 = FACE_OUTER_BOUND ( 'NONE', #5845, .T. ) ;
#1339 = LINE ( 'NONE', #2479, #3307 ) ;
#1340 = ORIENTED_EDGE ( 'NONE', *, *, #2893, .F. ) ;
#1341 = CARTESIAN_POINT ( 'NONE',  ( -69.07060241699200276, 50.94586563110399879, 9.999999999999996447 ) ) ;
#1342 = VECTOR ( 'NONE', #4911, 1000.000000000000000 ) ;
#1343 = DIRECTION ( 'NONE',  ( -0.000000000000000000, 0.000000000000000000, 1.000000000000000000 ) ) ;
#1344 = EDGE_LOOP ( 'NONE', ( #6802, #5144, #4505, #36 ) ) ;
#1345 = ORIENTED_EDGE ( 'NONE', *, *, #5019, .T. ) ;
#1346 = CARTESIAN_POINT ( 'NONE',  ( -156.2818843553800150, 5.006115644616000893, 6.999999999999996447 ) ) ;
#1347 = ORIENTED_EDGE ( 'NONE', *, *, #605, .T. ) ;
#1348 = CARTESIAN_POINT ( 'NONE',  ( -25.64269638061500345, 26.32303047180200295, 9.999999999999996447 ) ) ;
#1349 = FACE_BOUND ( 'NONE', #169, .T. ) ;
#1350 = CYLINDRICAL_SURFACE ( 'NONE', #6519, 1.000000000000000888 ) ;
#1351 = CARTESIAN_POINT ( 'NONE',  ( -151.0007629394500270, 59.82726287841799717, 9.999999999999996447 ) ) ;
#1352 = ORIENTED_EDGE ( 'NONE', *, *, #192, .F. ) ;
#1353 = ADVANCED_FACE ( 'NONE', ( #4149 ), #3158, .F. ) ;
#1354 = EDGE_LOOP ( 'NONE', ( #2501, #4793, #3223, #6167 ) ) ;
#1355 = CARTESIAN_POINT ( 'NONE',  ( 0.000000000000000000, 163.7259999999995159, 9.999999999999996447 ) ) ;
#1356 = EDGE_LOOP ( 'NONE', ( #5543, #1895, #5517, #18 ) ) ;
#1357 = CARTESIAN_POINT ( 'NONE',  ( -153.2664947509699971, 96.09555053710899131, 9.999999999999996447 ) ) ;
#1358 = DIRECTION ( 'NONE',  ( -1.000000000000000000, 0.000000000000000000, 0.000000000000000000 ) ) ;
#1359 = PLANE ( 'NONE',  #6415 ) ;
#1360 = ORIENTED_EDGE ( 'NONE', *, *, #4382, .T. ) ;
#1361 = EDGE_CURVE ( 'NONE', #3704, #135, #5737, .T. ) ;
#1362 = VECTOR ( 'NONE', #3019, 1000.000000000000000 ) ;
#1363 = EDGE_CURVE ( 'NONE', #5175, #5426, #3656, .T. ) ;
#1364 = DIRECTION ( 'NONE',  ( 1.000000000000000000, 0.000000000000000000, 0.000000000000000000 ) ) ;
#1365 = DIRECTION ( 'NONE',  ( -1.000000000000000000, 0.000000000000000000, 0.000000000000000000 ) ) ;
#1366 = EDGE_CURVE ( 'NONE', #4401, #4819, #5285, .T. ) ;
#1367 = CIRCLE ( 'NONE', #1809, 1.000000000000000888 ) ;
#1368 = CYLINDRICAL_SURFACE ( 'NONE', #2778, 1.000000000000000888 ) ;
#1369 = EDGE_LOOP ( 'NONE', ( #2917, #246, #5581, #5504 ) ) ;
#1370 = EDGE_CURVE ( 'NONE', #2214, #2433, #2437, .T. ) ;
#1371 = FACE_OUTER_BOUND ( 'NONE', #1716, .T. ) ;
#1372 = AXIS2_PLACEMENT_3D ( 'NONE', #922, #2367, #5675 ) ;
#1373 = ORIENTED_EDGE ( 'NONE', *, *, #1314, .F. ) ;
#1374 = DIRECTION ( 'NONE',  ( -0.000000000000000000, -0.000000000000000000, -1.000000000000000000 ) ) ;
#1375 = DIRECTION ( 'NONE',  ( -0.000000000000000000, -0.000000000000000000, -1.000000000000000000 ) ) ;
#1376 = ORIENTED_EDGE ( 'NONE', *, *, #6657, .T. ) ;
#1377 = ORIENTED_EDGE ( 'NONE', *, *, #184, .F. ) ;
#1378 = DIRECTION ( 'NONE',  ( -0.000000000000000000, -0.000000000000000000, -1.000000000000000000 ) ) ;
#1379 = ORIENTED_EDGE ( 'NONE', *, *, #5194, .T. ) ;
#1380 = DIRECTION ( 'NONE',  ( -0.000000000000000000, -0.000000000000000000, -1.000000000000000000 ) ) ;
#1381 = FACE_BOUND ( 'NONE', #3537, .T. ) ;
#1382 = CARTESIAN_POINT ( 'NONE',  ( -104.5251312255799974, 129.3068695068300258, 9.999999999999996447 ) ) ;
#1383 = DIRECTION ( 'NONE',  ( 1.000000000000000000, 0.000000000000000000, 0.000000000000000000 ) ) ;
#1384 = ORIENTED_EDGE ( 'NONE', *, *, #90, .T. ) ;
#1385 = EDGE_LOOP ( 'NONE', ( #3436, #250, #1618, #1340 ) ) ;
#1386 = CYLINDRICAL_SURFACE ( 'NONE', #1730, 1.000000000000000888 ) ;
#1387 = DIRECTION ( 'NONE',  ( -1.000000000000000000, 0.000000000000000000, 0.000000000000000000 ) ) ;
#1388 = AXIS2_PLACEMENT_3D ( 'NONE', #5282, #6253, #532 ) ;
#1389 = DIRECTION ( 'NONE',  ( -0.000000000000000000, -0.000000000000000000, -1.000000000000000000 ) ) ;
#1390 = DIRECTION ( 'NONE',  ( 0.000000000000000000, 0.000000000000000000, 1.000000000000000000 ) ) ;
#1391 = DIRECTION ( 'NONE',  ( -1.000000000000000000, 0.000000000000000000, 0.000000000000000000 ) ) ;
#1392 = ORIENTED_EDGE ( 'NONE', *, *, #5230, .F. ) ;
#1393 = VERTEX_POINT ( 'NONE', #4797 ) ;
#1394 = DIRECTION ( 'NONE',  ( 1.000000000000000000, 0.000000000000000000, 0.000000000000000000 ) ) ;
#1395 = CARTESIAN_POINT ( 'NONE',  ( -22.46797561645499997, 13.62300586700400018, 9.999999999999996447 ) ) ;
#1396 = AXIS2_PLACEMENT_3D ( 'NONE', #1355, #4144, #913 ) ;
#1397 = ADVANCED_FACE ( 'NONE', ( #1985 ), #4115, .F. ) ;
#1398 = ADVANCED_FACE ( 'NONE', ( #6462 ), #2738, .F. ) ;
#1399 = DIRECTION ( 'NONE',  ( -0.000000000000000000, -0.000000000000000000, -1.000000000000000000 ) ) ;
#1400 = EDGE_CURVE ( 'NONE', #5099, #5268, #3876, .T. ) ;
#1401 = ORIENTED_EDGE ( 'NONE', *, *, #5061, .T. ) ;
#1402 = CIRCLE ( 'NONE', #198, 1.000000000000000888 ) ;
#1403 = DIRECTION ( 'NONE',  ( -0.000000000000000000, -0.000000000000000000, -1.000000000000000000 ) ) ;
#1404 = VERTEX_POINT ( 'NONE', #3364 ) ;
#1405 = DIRECTION ( 'NONE',  ( -0.000000000000000000, -0.000000000000000000, -1.000000000000000000 ) ) ;
#1406 = ADVANCED_FACE ( 'NONE', ( #1121 ), #737, .F. ) ;
#1407 = CIRCLE ( 'NONE', #4856, 1.000000000000000888 ) ;
#1408 = DIRECTION ( 'NONE',  ( -1.000000000000000000, 0.000000000000000000, 0.000000000000000000 ) ) ;
#1409 = ORIENTED_EDGE ( 'NONE', *, *, #3484, .T. ) ;
#1410 = ORIENTED_EDGE ( 'NONE', *, *, #6450, .T. ) ;
#1411 = LINE ( 'NONE', #1903, #1964 ) ;
#1412 = ORIENTED_EDGE ( 'NONE', *, *, #5821, .F. ) ;
#1413 = DIRECTION ( 'NONE',  ( 1.000000000000000000, 0.000000000000000000, 0.000000000000000000 ) ) ;
#1414 = DIRECTION ( 'NONE',  ( -0.000000000000000000, -0.000000000000000000, -1.000000000000000000 ) ) ;
#1415 = CIRCLE ( 'NONE', #5968, 1.000000000000000888 ) ;
#1416 = VECTOR ( 'NONE', #5613, 1000.000000000000000 ) ;
#1417 = FACE_BOUND ( 'NONE', #5569, .T. ) ;
#1418 = CIRCLE ( 'NONE', #5086, 1.000000000000000888 ) ;
#1419 = FACE_BOUND ( 'NONE', #3168, .T. ) ;
#1420 = EDGE_LOOP ( 'NONE', ( #3996, #6642, #4020, #6560 ) ) ;
#1421 = ORIENTED_EDGE ( 'NONE', *, *, #5743, .F. ) ;
#1422 = DIRECTION ( 'NONE',  ( -1.000000000000000000, 0.000000000000000000, 0.000000000000000000 ) ) ;
#1423 = AXIS2_PLACEMENT_3D ( 'NONE', #1888, #2364, #2922 ) ;
#1424 = CARTESIAN_POINT ( 'NONE',  ( -21.45818710327099410, 57.51130294799799714, 0.000000000000000000 ) ) ;
#1425 = CARTESIAN_POINT ( 'NONE',  ( -113.9701919555599972, 82.56014251709001428, 9.999999999999996447 ) ) ;
#1426 = DIRECTION ( 'NONE',  ( -0.000000000000000000, 0.000000000000000000, 1.000000000000000000 ) ) ;
#1427 = CIRCLE ( 'NONE', #2864, 2.999999999999999112 ) ;
#1428 = AXIS2_PLACEMENT_3D ( 'NONE', #2956, #1918, #2438 ) ;
#1429 = LINE ( 'NONE', #6052, #993 ) ;
#1430 = ORIENTED_EDGE ( 'NONE', *, *, #1616, .F. ) ;
#1431 = ORIENTED_EDGE ( 'NONE', *, *, #777, .F. ) ;
#1432 = CIRCLE ( 'NONE', #2308, 1.600000000000002531 ) ;
#1433 = EDGE_LOOP ( 'NONE', ( #6719, #717 ) ) ;
#1434 = DIRECTION ( 'NONE',  ( -1.000000000000000000, 0.000000000000000000, 0.000000000000000000 ) ) ;
#1435 = DIRECTION ( 'NONE',  ( -0.000000000000000000, 0.000000000000000000, 1.000000000000000000 ) ) ;
#1436 = DIRECTION ( 'NONE',  ( -0.000000000000000000, 0.000000000000000000, 1.000000000000000000 ) ) ;
#1437 = CARTESIAN_POINT ( 'NONE',  ( -105.5095214843699836, 90.49858856201201718, 9.999999999999996447 ) ) ;
#1438 = CIRCLE ( 'NONE', #6206, 1.000000000000000888 ) ;
#1439 = ORIENTED_EDGE ( 'NONE', *, *, #4838, .T. ) ;
#1440 = EDGE_CURVE ( 'NONE', #4957, #3581, #2657, .T. ) ;
#1441 = CARTESIAN_POINT ( 'NONE',  ( -154.2664947509699971, 96.09555053710899131, 0.000000000000000000 ) ) ;
#1442 = EDGE_CURVE ( 'NONE', #1103, #3719, #1770, .T. ) ;
#1443 = VERTEX_POINT ( 'NONE', #1673 ) ;
#1444 = CARTESIAN_POINT ( 'NONE',  ( -24.65830802917498588, 65.13131713867201711, 9.999999999999996447 ) ) ;
#1445 = CIRCLE ( 'NONE', #3438, 1.000000000000000888 ) ;
#1446 = FACE_OUTER_BOUND ( 'NONE', #4651, .T. ) ;
#1447 = ORIENTED_EDGE ( 'NONE', *, *, #1119, .T. ) ;
#1448 = ORIENTED_EDGE ( 'NONE', *, *, #1783, .T. ) ;
#1449 = ADVANCED_FACE ( 'NONE', ( #4867 ), #78, .F. ) ;
#1450 = CARTESIAN_POINT ( 'NONE',  ( -12.63240926640897577, 158.7275907335900058, 9.999999999999996447 ) ) ;
#1451 = EDGE_CURVE ( 'NONE', #3741, #422, #234, .T. ) ;
#1452 = ORIENTED_EDGE ( 'NONE', *, *, #4337, .T. ) ;
#1453 = DIRECTION ( 'NONE',  ( 1.000000000000000000, 0.000000000000000000, 0.000000000000000000 ) ) ;
#1454 = CARTESIAN_POINT ( 'NONE',  ( -152.0319824218700262, 137.4438476562500284, 0.000000000000000000 ) ) ;
#1455 = EDGE_CURVE ( 'NONE', #5485, #4064, #226, .T. ) ;
#1456 = CIRCLE ( 'NONE', #2785, 1.000000000000000888 ) ;
#1457 = CARTESIAN_POINT ( 'NONE',  ( -159.2818843553800150, 5.006115644616000893, 6.999999999999996447 ) ) ;
#1458 = DIRECTION ( 'NONE',  ( 1.000000000000000000, 0.000000000000000000, 0.000000000000000000 ) ) ;
#1459 = ORIENTED_EDGE ( 'NONE', *, *, #983, .T. ) ;
#1460 = ORIENTED_EDGE ( 'NONE', *, *, #1311, .T. ) ;
#1461 = CARTESIAN_POINT ( 'NONE',  ( -152.0462188720700283, 15.76586341857899853, 9.999999999999996447 ) ) ;
#1462 = DIRECTION ( 'NONE',  ( -0.000000000000000000, 0.000000000000000000, 1.000000000000000000 ) ) ;
#1463 = DIRECTION ( 'NONE',  ( 1.000000000000000000, 0.000000000000000000, 0.000000000000000000 ) ) ;
#1464 = DIRECTION ( 'NONE',  ( -1.000000000000000000, 0.000000000000000000, 0.000000000000000000 ) ) ;
#1465 = CARTESIAN_POINT ( 'NONE',  ( -23.65830802917498588, 65.13131713867201711, 9.999999999999996447 ) ) ;
#1466 = VERTEX_POINT ( 'NONE', #5979 ) ;
#1467 = ORIENTED_EDGE ( 'NONE', *, *, #5520, .T. ) ;
#1468 = CARTESIAN_POINT ( 'NONE',  ( -153.2508850097599975, 52.20724868774399852, 0.000000000000000000 ) ) ;
#1469 = EDGE_LOOP ( 'NONE', ( #2174, #1142, #239, #3365 ) ) ;
#1470 = DIRECTION ( 'NONE',  ( -0.000000000000000000, 0.000000000000000000, 1.000000000000000000 ) ) ;
#1471 = CARTESIAN_POINT ( 'NONE',  ( -25.64269638061500345, 26.32303047180200295, 9.999999999999996447 ) ) ;
#1472 = CARTESIAN_POINT ( 'NONE',  ( -128.7199783325199860, 98.94650268554700290, 9.999999999999996447 ) ) ;
#1473 = AXIS2_PLACEMENT_3D ( 'NONE', #5835, #3707, #2076 ) ;
#1474 = ORIENTED_EDGE ( 'NONE', *, *, #2037, .T. ) ;
#1475 = CARTESIAN_POINT ( 'NONE',  ( -114.9545745849599996, 43.75185394287098717, 0.000000000000000000 ) ) ;
#1476 = CARTESIAN_POINT ( 'NONE',  ( -107.6696853637699718, 141.4692840576099968, 9.999999999999996447 ) ) ;
#1477 = AXIS2_PLACEMENT_3D ( 'NONE', #3249, #3344, #2789 ) ;
#1478 = DIRECTION ( 'NONE',  ( -0.000000000000000000, 0.000000000000000000, 1.000000000000000000 ) ) ;
#1479 = EDGE_LOOP ( 'NONE', ( #174, #4857, #4369, #4032 ) ) ;
#1480 = ORIENTED_EDGE ( 'NONE', *, *, #1492, .T. ) ;
#1481 = DIRECTION ( 'NONE',  ( -0.000000000000000000, 0.000000000000000000, 1.000000000000000000 ) ) ;
#1482 = EDGE_LOOP ( 'NONE', ( #685, #3561, #4195, #517 ) ) ;
#1483 = FACE_OUTER_BOUND ( 'NONE', #203, .T. ) ;
#1484 = ADVANCED_FACE ( 'NONE', ( #603 ), #3301, .F. ) ;
#1485 = ADVANCED_FACE ( 'NONE', ( #4903 ), #152, .F. ) ;
#1486 = FACE_BOUND ( 'NONE', #4570, .T. ) ;
#1487 = ADVANCED_FACE ( 'NONE', ( #4831 ), #6425, .F. ) ;
#1488 = ORIENTED_EDGE ( 'NONE', *, *, #650, .T. ) ;
#1489 = ORIENTED_EDGE ( 'NONE', *, *, #822, .T. ) ;
#1490 = FACE_OUTER_BOUND ( 'NONE', #3185, .T. ) ;
#1491 = DIRECTION ( 'NONE',  ( -0.000000000000000000, -0.000000000000000000, -1.000000000000000000 ) ) ;
#1492 = EDGE_CURVE ( 'NONE', #4076, #6514, #2220, .T. ) ;
#1493 = CARTESIAN_POINT ( 'NONE',  ( -49.03593063354500003, 132.2769317626899976, 9.999999999999996447 ) ) ;
#1494 = CYLINDRICAL_SURFACE ( 'NONE', #3759, 1.000000000000000888 ) ;
#1495 = DIRECTION ( 'NONE',  ( -1.000000000000000000, 0.000000000000000000, 0.000000000000000000 ) ) ;
#1496 = EDGE_LOOP ( 'NONE', ( #3401, #137, #6630, #2300 ) ) ;
#1497 = VERTEX_POINT ( 'NONE', #1245 ) ;
#1498 = CARTESIAN_POINT ( 'NONE',  ( -114.9389648437500142, 4.943568706511997313, 9.999999999999996447 ) ) ;
#1499 = CIRCLE ( 'NONE', #842, 1.000000000000000888 ) ;
#1500 = VERTEX_POINT ( 'NONE', #703 ) ;
#1501 = CARTESIAN_POINT ( 'NONE',  ( -162.2835907335899606, 158.7275907335900058, 9.999999999999996447 ) ) ;
#1502 = CARTESIAN_POINT ( 'NONE',  ( -127.7043685912999962, 60.13821411132799710, 9.999999999999996447 ) ) ;
#1503 = CARTESIAN_POINT ( 'NONE',  ( -70.07060241699200276, 50.94586563110399879, 9.999999999999996447 ) ) ;
#1504 = CARTESIAN_POINT ( 'NONE',  ( -62.77010726928697437, 109.8549957275300244, 9.999999999999996447 ) ) ;
#1505 = ORIENTED_EDGE ( 'NONE', *, *, #2467, .T. ) ;
#1506 = CARTESIAN_POINT ( 'NONE',  ( -153.2410888671799682, 101.1755599975499820, 9.999999999999996447 ) ) ;
#1507 = ORIENTED_EDGE ( 'NONE', *, *, #1874, .F. ) ;
#1508 = FILL_AREA_STYLE ('',( #2553 ) ) ;
#1509 = VECTOR ( 'NONE', #5879, 1000.000000000000000 ) ;
#1510 = CARTESIAN_POINT ( 'NONE',  ( -164.2819999999999538, 5.006115644616000893, 0.000000000000000000 ) ) ;
#1511 = ORIENTED_EDGE ( 'NONE', *, *, #4806, .F. ) ;
#1512 = CARTESIAN_POINT ( 'NONE',  ( -23.48940849304197087, 140.2078857421799682, 9.999999999999996447 ) ) ;
#1513 = ORIENTED_EDGE ( 'NONE', *, *, #6490, .F. ) ;
#1514 = DIRECTION ( 'NONE',  ( -0.000000000000000000, 0.000000000000000000, 1.000000000000000000 ) ) ;
#1515 = ORIENTED_EDGE ( 'NONE', *, *, #4637, .T. ) ;
#1516 = LINE ( 'NONE', #3119, #3209 ) ;
#1517 = AXIS2_PLACEMENT_3D ( 'NONE', #2247, #2733, #1206 ) ;
#1518 = FACE_BOUND ( 'NONE', #2006, .T. ) ;
#1519 = CARTESIAN_POINT ( 'NONE',  ( -23.48358726501501081, 52.43129348754900576, 9.999999999999996447 ) ) ;
#1520 = ORIENTED_EDGE ( 'NONE', *, *, #3697, .T. ) ;
#1521 = ORIENTED_EDGE ( 'NONE', *, *, #5600, .F. ) ;
#1522 = LINE ( 'NONE', #3187, #6524 ) ;
#1523 = EDGE_CURVE ( 'NONE', #5467, #704, #3111, .T. ) ;
#1524 = EDGE_CURVE ( 'NONE', #4920, #5267, #4891, .T. ) ;
#1525 = CARTESIAN_POINT ( 'NONE',  ( -105.6384658813399824, 63.85269927978499993, 9.999999999999996447 ) ) ;
#1526 = VECTOR ( 'NONE', #1792, 1000.000000000000000 ) ;
#1527 = ADVANCED_FACE ( 'NONE', ( #2841 ), #46, .F. ) ;
#1528 = DIRECTION ( 'NONE',  ( 0.000000000000000000, 0.000000000000000000, 1.000000000000000000 ) ) ;
#1529 = VECTOR ( 'NONE', #2967, 1000.000000000000000 ) ;
#1530 = DIRECTION ( 'NONE',  ( -0.000000000000000000, 0.000000000000000000, 1.000000000000000000 ) ) ;
#1531 = DIRECTION ( 'NONE',  ( -1.000000000000000000, 0.000000000000000000, 0.000000000000000000 ) ) ;
#1532 = ORIENTED_EDGE ( 'NONE', *, *, #1265, .F. ) ;
#1533 = ORIENTED_EDGE ( 'NONE', *, *, #4924, .T. ) ;
#1534 = DIRECTION ( 'NONE',  ( -1.000000000000000000, 0.000000000000000000, 0.000000000000000000 ) ) ;
#1535 = VECTOR ( 'NONE', #2202, 1000.000000000000000 ) ;
#1536 = EDGE_LOOP ( 'NONE', ( #4043, #1027 ) ) ;
#1537 = LINE ( 'NONE', #3651, #2646 ) ;
#1538 = EDGE_CURVE ( 'NONE', #4860, #699, #462, .T. ) ;
#1539 = CARTESIAN_POINT ( 'NONE',  ( -24.67391777038599443, 103.9396057128900139, 0.000000000000000000 ) ) ;
#1540 = VECTOR ( 'NONE', #2505, 1000.000000000000000 ) ;
#1541 = EDGE_CURVE ( 'NONE', #654, #6128, #802, .T. ) ;
#1542 = DIRECTION ( 'NONE',  ( -0.000000000000000000, -0.000000000000000000, -1.000000000000000000 ) ) ;
#1543 = AXIS2_PLACEMENT_3D ( 'NONE', #2333, #5529, #1434 ) ;
#1544 = ORIENTED_EDGE ( 'NONE', *, *, #2466, .T. ) ;
#1545 = CARTESIAN_POINT ( 'NONE',  ( -23.65830802917500009, 60.05131149291999293, 9.999999999999996447 ) ) ;
#1546 = EDGE_CURVE ( 'NONE', #6704, #1305, #6042, .T. ) ;
#1547 = FACE_OUTER_BOUND ( 'NONE', #1726, .T. ) ;
#1548 = CIRCLE ( 'NONE', #4434, 1.000000000000000888 ) ;
#1549 = VECTOR ( 'NONE', #14, 1000.000000000000000 ) ;
#1550 = LINE ( 'NONE', #2067, #207 ) ;
#1551 = VERTEX_POINT ( 'NONE', #1279 ) ;
#1552 = ORIENTED_EDGE ( 'NONE', *, *, #6279, .T. ) ;
#1553 = CARTESIAN_POINT ( 'NONE',  ( -21.44257545471200999, 23.78302574157699922, 0.000000000000000000 ) ) ;
#1554 = VERTEX_POINT ( 'NONE', #2461 ) ;
#1555 = CYLINDRICAL_SURFACE ( 'NONE', #3427, 1.000000000000000888 ) ;
#1556 = CIRCLE ( 'NONE', #344, 1.000000000000000888 ) ;
#1557 = FACE_BOUND ( 'NONE', #3984, .T. ) ;
#1558 = DIRECTION ( 'NONE',  ( -0.000000000000000000, 0.000000000000000000, 1.000000000000000000 ) ) ;
#1559 = ORIENTED_EDGE ( 'NONE', *, *, #1079, .F. ) ;
#1560 = DIRECTION ( 'NONE',  ( -0.000000000000000000, -0.000000000000000000, -1.000000000000000000 ) ) ;
#1561 = AXIS2_PLACEMENT_3D ( 'NONE', #2547, #6676, #3657 ) ;
#1562 = DIRECTION ( 'NONE',  ( 1.000000000000000000, 0.000000000000000000, 0.000000000000000000 ) ) ;
#1563 = CIRCLE ( 'NONE', #6340, 5.000115644618968958 ) ;
#1564 = FACE_OUTER_BOUND ( 'NONE', #1753, .T. ) ;
#1565 = DIRECTION ( 'NONE',  ( 1.000000000000000000, 0.000000000000000000, 0.000000000000000000 ) ) ;
#1566 = ORIENTED_EDGE ( 'NONE', *, *, #4084, .T. ) ;
#1567 = VERTEX_POINT ( 'NONE', #1317 ) ;
#1568 = CARTESIAN_POINT ( 'NONE',  ( -103.4783020019499986, 12.88201141357400026, 0.000000000000000000 ) ) ;
#1569 = EDGE_LOOP ( 'NONE', ( #5113, #5718, #4058, #1085 ) ) ;
#1570 = CARTESIAN_POINT ( 'NONE',  ( -104.5095214843699836, 90.49858856201201718, 0.000000000000000000 ) ) ;
#1571 = CARTESIAN_POINT ( 'NONE',  ( -127.6887512206999986, 21.32992744445799715, 9.999999999999996447 ) ) ;
#1572 = CARTESIAN_POINT ( 'NONE',  ( -152.0351562500000284, 10.85895442962599766, 0.000000000000000000 ) ) ;
#1573 = CARTESIAN_POINT ( 'NONE',  ( -22.48940849304197087, 140.2078857421799682, 0.000000000000000000 ) ) ;
#1574 = EDGE_CURVE ( 'NONE', #4956, #3426, #5895, .T. ) ;
#1575 = ADVANCED_FACE ( 'NONE', ( #1419, #4480 ), #6559, .T. ) ;
#1576 = EDGE_LOOP ( 'NONE', ( #724, #6484, #5553, #6321 ) ) ;
#1577 = ADVANCED_FACE ( 'NONE', ( #6179 ), #6692, .F. ) ;
#1578 = CARTESIAN_POINT ( 'NONE',  ( -154.2567138671799967, 139.9838409423799988, 9.999999999999996447 ) ) ;
#1579 = LINE ( 'NONE', #999, #3221 ) ;
#1580 = DIRECTION ( 'NONE',  ( 1.000000000000000000, 0.000000000000000000, 0.000000000000000000 ) ) ;
#1581 = CIRCLE ( 'NONE', #1473, 1.000000000000000888 ) ;
#1582 = DIRECTION ( 'NONE',  ( -0.000000000000000000, -0.000000000000000000, -1.000000000000000000 ) ) ;
#1583 = CARTESIAN_POINT ( 'NONE',  ( -159.2818843553800150, 0.005999999998001527557, 9.999999999999996447 ) ) ;
#1584 = ORIENTED_EDGE ( 'NONE', *, *, #5510, .F. ) ;
#1585 = ORIENTED_EDGE ( 'NONE', *, *, #4707, .F. ) ;
#1586 = FACE_OUTER_BOUND ( 'NONE', #6787, .T. ) ;
#1587 = VECTOR ( 'NONE', #619, 1000.000000000000000 ) ;
#1588 = VERTEX_POINT ( 'NONE', #2877 ) ;
#1589 = CARTESIAN_POINT ( 'NONE',  ( -152.0820007324199992, 127.2838211059499685, 9.999999999999996447 ) ) ;
#1590 = FACE_BOUND ( 'NONE', #4821, .T. ) ;
#1591 = DIRECTION ( 'NONE',  ( -0.000000000000000000, 0.000000000000000000, 1.000000000000000000 ) ) ;
#1592 = VERTEX_POINT ( 'NONE', #2355 ) ;
#1593 = VERTEX_POINT ( 'NONE', #5661 ) ;
#1594 = LINE ( 'NONE', #7, #1175 ) ;
#1595 = CIRCLE ( 'NONE', #5469, 1.000000000000000888 ) ;
#1596 = DIRECTION ( 'NONE',  ( -0.000000000000000000, -0.000000000000000000, -1.000000000000000000 ) ) ;
#1597 = APPLICATION_PROTOCOL_DEFINITION ( 'draft international standard', 'automotive_design', 1998, #4910 ) ;
#1598 = CARTESIAN_POINT ( 'NONE',  ( -107.6228561401299970, 25.04441070556600479, 9.999999999999996447 ) ) ;
#1599 = ORIENTED_EDGE ( 'NONE', *, *, #4943, .T. ) ;
#1600 = VERTEX_POINT ( 'NONE', #1838 ) ;
#1601 = CARTESIAN_POINT ( 'NONE',  ( -152.0507659912100280, 54.74725341796900580, 9.999999999999996447 ) ) ;
#1602 = ORIENTED_EDGE ( 'NONE', *, *, #959, .F. ) ;
#1603 = DIRECTION ( 'NONE',  ( -1.000000000000000000, 0.000000000000000000, 0.000000000000000000 ) ) ;
#1604 = CARTESIAN_POINT ( 'NONE',  ( -70.10182952880897744, 128.5624389648399983, 9.999999999999996447 ) ) ;
#1605 = DIRECTION ( 'NONE',  ( 1.000000000000000000, 0.000000000000000000, 0.000000000000000000 ) ) ;
#1606 = CARTESIAN_POINT ( 'NONE',  ( -23.48940849304198508, 135.1278839111299988, 9.999999999999996447 ) ) ;
#1607 = EDGE_LOOP ( 'NONE', ( #2256, #2560 ) ) ;
#1608 = DIRECTION ( 'NONE',  ( -0.000000000000000000, -0.000000000000000000, -1.000000000000000000 ) ) ;
#1609 = ORIENTED_EDGE ( 'NONE', *, *, #5733, .F. ) ;
#1610 = DIRECTION ( 'NONE',  ( -0.000000000000000000, -0.000000000000000000, -1.000000000000000000 ) ) ;
#1611 = ADVANCED_FACE ( 'NONE', ( #5622 ), #5006, .F. ) ;
#1612 = EDGE_CURVE ( 'NONE', #4493, #2203, #3467, .T. ) ;
#1613 = CARTESIAN_POINT ( 'NONE',  ( -127.7355880737299998, 137.7547912597600259, 9.999999999999996447 ) ) ;
#1614 = CIRCLE ( 'NONE', #1836, 1.000000000000000888 ) ;
#1615 = CARTESIAN_POINT ( 'NONE',  ( -25.67391777038599443, 98.85959625244100835, 9.999999999999996447 ) ) ;
#1616 = EDGE_CURVE ( 'NONE', #1656, #1113, #216, .T. ) ;
#1617 = DIRECTION ( 'NONE',  ( -0.000000000000000000, 0.000000000000000000, 1.000000000000000000 ) ) ;
#1618 = ORIENTED_EDGE ( 'NONE', *, *, #1071, .T. ) ;
#1619 = AXIS2_PLACEMENT_3D ( 'NONE', #4967, #3339, #220 ) ;
#1620 = ORIENTED_EDGE ( 'NONE', *, *, #3568, .F. ) ;
#1621 = DIRECTION ( 'NONE',  ( -0.000000000000000000, 0.000000000000000000, 1.000000000000000000 ) ) ;
#1622 = ORIENTED_EDGE ( 'NONE', *, *, #5659, .F. ) ;
#1623 = DIRECTION ( 'NONE',  ( -1.000000000000000000, 0.000000000000000000, 0.000000000000000000 ) ) ;
#1624 = FACE_BOUND ( 'NONE', #3526, .T. ) ;
#1625 = EDGE_LOOP ( 'NONE', ( #4705, #5633 ) ) ;
#1626 = LINE ( 'NONE', #596, #5249 ) ;
#1627 = ORIENTED_EDGE ( 'NONE', *, *, #1948, .F. ) ;
#1628 = DIRECTION ( 'NONE',  ( -1.000000000000000000, 0.000000000000000000, 0.000000000000000000 ) ) ;
#1629 = EDGE_CURVE ( 'NONE', #2311, #5023, #701, .T. ) ;
#1630 = FACE_BOUND ( 'NONE', #927, .T. ) ;
#1631 = AXIS2_PLACEMENT_3D ( 'NONE', #4177, #5768, #598 ) ;
#1632 =( NAMED_UNIT ( * ) PLANE_ANGLE_UNIT ( ) SI_UNIT ( $, .RADIAN. ) );
#1633 = DIRECTION ( 'NONE',  ( -0.000000000000000000, 0.000000000000000000, 1.000000000000000000 ) ) ;
#1634 = AXIS2_PLACEMENT_3D ( 'NONE', #5135, #3528, #2976 ) ;
#1635 = DIRECTION ( 'NONE',  ( 1.000000000000000000, 0.000000000000000000, 0.000000000000000000 ) ) ;
#1636 = ORIENTED_EDGE ( 'NONE', *, *, #5786, .F. ) ;
#1637 = VERTEX_POINT ( 'NONE', #1908 ) ;
#1638 = CARTESIAN_POINT ( 'NONE',  ( -73.21517181396500007, 63.10826492309600155, 9.999999999999996447 ) ) ;
#1639 = DIRECTION ( 'NONE',  ( -0.000000000000000000, 0.000000000000000000, 1.000000000000000000 ) ) ;
#1640 = DIRECTION ( 'NONE',  ( 1.000000000000000000, 0.000000000000000000, 0.000000000000000000 ) ) ;
#1641 = AXIS2_PLACEMENT_3D ( 'NONE', #2207, #6547, #4342 ) ;
#1642 = CARTESIAN_POINT ( 'NONE',  ( -23.72391319274899502, 93.77958679199200276, 0.000000000000000000 ) ) ;
#1643 = CIRCLE ( 'NONE', #1198, 1.000000000000000888 ) ;
#1644 = VERTEX_POINT ( 'NONE', #3995 ) ;
#1645 = CIRCLE ( 'NONE', #1194, 1.000000000000000888 ) ;
#1646 = CARTESIAN_POINT ( 'NONE',  ( -153.0820007324199992, 132.3638305663999688, 9.999999999999996447 ) ) ;
#1647 = DIRECTION ( 'NONE',  ( -0.000000000000000000, -0.000000000000000000, -1.000000000000000000 ) ) ;
#1648 = DIRECTION ( 'NONE',  ( -0.000000000000000000, -0.000000000000000000, -1.000000000000000000 ) ) ;
#1649 = DIRECTION ( 'NONE',  ( 1.000000000000000000, 0.000000000000000000, 0.000000000000000000 ) ) ;
#1650 = DIRECTION ( 'NONE',  ( 1.000000000000000000, 0.000000000000000000, 0.000000000000000000 ) ) ;
#1651 = CIRCLE ( 'NONE', #3757, 1.000000000000000888 ) ;
#1652 = EDGE_CURVE ( 'NONE', #4064, #5485, #2136, .T. ) ;
#1653 = VERTEX_POINT ( 'NONE', #1351 ) ;
#1654 = EDGE_LOOP ( 'NONE', ( #1037, #2061 ) ) ;
#1655 = DIRECTION ( 'NONE',  ( -0.000000000000000000, -0.000000000000000000, -1.000000000000000000 ) ) ;
#1656 = VERTEX_POINT ( 'NONE', #836 ) ;
#1657 = CARTESIAN_POINT ( 'NONE',  ( -61.77010726928697437, 109.8549957275300244, 9.999999999999996447 ) ) ;
#1658 = AXIS2_PLACEMENT_3D ( 'NONE', #5797, #2043, #521 ) ;
#1659 = VECTOR ( 'NONE', #3336, 1000.000000000000000 ) ;
#1660 = VECTOR ( 'NONE', #1374, 1000.000000000000000 ) ;
#1661 = EDGE_CURVE ( 'NONE', #4454, #5981, #323, .T. ) ;
#1662 = ADVANCED_FACE ( 'NONE', ( #4029 ), #359, .F. ) ;
#1663 = ORIENTED_EDGE ( 'NONE', *, *, #2420, .T. ) ;
#1664 = DIRECTION ( 'NONE',  ( 1.000000000000000000, 0.000000000000000000, 0.000000000000000000 ) ) ;
#1665 = EDGE_LOOP ( 'NONE', ( #2303, #289, #1780, #2201 ) ) ;
#1666 = DIRECTION ( 'NONE',  ( 1.000000000000000000, 0.000000000000000000, 0.000000000000000000 ) ) ;
#1667 = EDGE_CURVE ( 'NONE', #2430, #3802, #5142, .T. ) ;
#1668 = LINE ( 'NONE', #1145, #6703 ) ;
#1669 = AXIS2_PLACEMENT_3D ( 'NONE', #200, #3483, #2895 ) ;
#1670 = CARTESIAN_POINT ( 'NONE',  ( -24.67391777038599443, 103.9396057128900139, 9.999999999999996447 ) ) ;
#1671 = EDGE_CURVE ( 'NONE', #558, #5253, #4612, .T. ) ;
#1672 = AXIS2_PLACEMENT_3D ( 'NONE', #4738, #124, #4839 ) ;
#1673 = CARTESIAN_POINT ( 'NONE',  ( -153.2664947509699971, 96.09555053710899131, 0.000000000000000000 ) ) ;
#1674 = ORIENTED_EDGE ( 'NONE', *, *, #3139, .T. ) ;
#1675 = ORIENTED_EDGE ( 'NONE', *, *, #4390, .T. ) ;
#1676 = DIRECTION ( 'NONE',  ( 1.000000000000000000, 0.000000000000000000, 0.000000000000000000 ) ) ;
#1677 = DIRECTION ( 'NONE',  ( 1.000000000000000000, 0.000000000000000000, 0.000000000000000000 ) ) ;
#1678 = CARTESIAN_POINT ( 'NONE',  ( -152.0507659912100280, 54.74725341796900580, 0.000000000000000000 ) ) ;
#1679 = DIRECTION ( 'NONE',  ( -0.000000000000000000, -0.000000000000000000, -1.000000000000000000 ) ) ;
#1680 = CIRCLE ( 'NONE', #3784, 1.000000000000000888 ) ;
#1681 = CARTESIAN_POINT ( 'NONE',  ( -154.2508850097599975, 52.20724868774399852, 0.000000000000000000 ) ) ;
#1682 = ORIENTED_EDGE ( 'NONE', *, *, #1144, .T. ) ;
#1683 = CARTESIAN_POINT ( 'NONE',  ( -22.44257545471200999, 23.78302574157699922, 9.999999999999996447 ) ) ;
#1684 = DIRECTION ( 'NONE',  ( -0.000000000000000000, 0.000000000000000000, 1.000000000000000000 ) ) ;
#1685 = CARTESIAN_POINT ( 'NONE',  ( -106.6384658813399824, 63.85269927978499993, 9.999999999999996447 ) ) ;
#1686 = ORIENTED_EDGE ( 'NONE', *, *, #1440, .F. ) ;
#1687 = EDGE_LOOP ( 'NONE', ( #885, #2399, #3903, #3011 ) ) ;
#1688 = ORIENTED_EDGE ( 'NONE', *, *, #3777, .F. ) ;
#1689 = CARTESIAN_POINT ( 'NONE',  ( -69.08621215820299710, 89.75415039062501421, 9.999999999999996447 ) ) ;
#1690 = VERTEX_POINT ( 'NONE', #6725 ) ;
#1691 = CARTESIAN_POINT ( 'NONE',  ( -154.2254791259699971, 62.36726760864300445, 9.999999999999996447 ) ) ;
#1692 = FACE_BOUND ( 'NONE', #2365, .T. ) ;
#1693 = CIRCLE ( 'NONE', #2353, 1.000000000000000888 ) ;
#1694 = ORIENTED_EDGE ( 'NONE', *, *, #4683, .T. ) ;
#1695 = CARTESIAN_POINT ( 'NONE',  ( -72.19956207275401994, 24.29997634887700286, 9.999999999999996447 ) ) ;
#1696 = ORIENTED_EDGE ( 'NONE', *, *, #3016, .T. ) ;
#1697 = LINE ( 'NONE', #6457, #6292 ) ;
#1698 = FACE_BOUND ( 'NONE', #3296, .T. ) ;
#1699 = EDGE_CURVE ( 'NONE', #1113, #4481, #40, .T. ) ;
#1700 = AXIS2_PLACEMENT_3D ( 'NONE', #2854, #3314, #5929 ) ;
#1701 = EDGE_CURVE ( 'NONE', #2939, #126, #1140, .T. ) ;
#1702 = EDGE_CURVE ( 'NONE', #4607, #1863, #2028, .T. ) ;
#1703 = CARTESIAN_POINT ( 'NONE',  ( -71.07060241699200276, 50.94586563110399879, 9.999999999999996447 ) ) ;
#1704 = DIRECTION ( 'NONE',  ( -1.000000000000000000, 0.000000000000000000, 0.000000000000000000 ) ) ;
#1705 = EDGE_LOOP ( 'NONE', ( #1620, #5617 ) ) ;
#1706 = ORIENTED_EDGE ( 'NONE', *, *, #5440, .F. ) ;
#1707 = CARTESIAN_POINT ( 'NONE',  ( -23.47379875183100495, 96.31959533691403408, 0.000000000000000000 ) ) ;
#1708 = DIRECTION ( 'NONE',  ( -0.000000000000000000, 0.000000000000000000, 1.000000000000000000 ) ) ;
#1709 = CARTESIAN_POINT ( 'NONE',  ( -62.73888397216798296, 32.23841857910200304, 9.999999999999996447 ) ) ;
#1710 = ADVANCED_FACE ( 'NONE', ( #2113 ), #4106, .F. ) ;
#1711 = CARTESIAN_POINT ( 'NONE',  ( -23.65830802917500009, 60.05131149291999293, 0.000000000000000000 ) ) ;
#1712 = ORIENTED_EDGE ( 'NONE', *, *, #3946, .T. ) ;
#1713 = CYLINDRICAL_SURFACE ( 'NONE', #4865, 1.000000000000000888 ) ;
#1714 = CARTESIAN_POINT ( 'NONE',  ( -151.0663909912100280, 93.55554199218801159, 0.000000000000000000 ) ) ;
#1715 = DIRECTION ( 'NONE',  ( -1.000000000000000000, 1.128484796917769133E-17, 0.000000000000000000 ) ) ;
#1716 = EDGE_LOOP ( 'NONE', ( #6584, #6445, #639, #3149 ) ) ;
#1717 = EDGE_LOOP ( 'NONE', ( #3761, #5167 ) ) ;
#1718 = DIRECTION ( 'NONE',  ( -0.000000000000000000, -0.000000000000000000, -1.000000000000000000 ) ) ;
#1719 = EDGE_LOOP ( 'NONE', ( #3691, #1909, #6273, #1307 ) ) ;
#1720 = DIRECTION ( 'NONE',  ( -0.000000000000000000, -0.000000000000000000, -1.000000000000000000 ) ) ;
#1721 = CIRCLE ( 'NONE', #3494, 1.000000000000000888 ) ;
#1722 = CIRCLE ( 'NONE', #5610, 1.000000000000000888 ) ;
#1723 = FACE_BOUND ( 'NONE', #761, .T. ) ;
#1724 = ORIENTED_EDGE ( 'NONE', *, *, #1225, .F. ) ;
#1725 = DIRECTION ( 'NONE',  ( 1.000000000000000000, 0.000000000000000000, 0.000000000000000000 ) ) ;
#1726 = EDGE_LOOP ( 'NONE', ( #2997, #1682, #6563, #324 ) ) ;
#1727 = CARTESIAN_POINT ( 'NONE',  ( -10.63399999999999856, 5.006115644616000893, 0.000000000000000000 ) ) ;
#1728 = EDGE_LOOP ( 'NONE', ( #257, #4789 ) ) ;
#1729 = DIRECTION ( 'NONE',  ( -0.000000000000000000, 0.000000000000000000, 1.000000000000000000 ) ) ;
#1730 = AXIS2_PLACEMENT_3D ( 'NONE', #6628, #5115, #6769 ) ;
#1731 = DIRECTION ( 'NONE',  ( 1.000000000000000000, 0.000000000000000000, 0.000000000000000000 ) ) ;
#1732 = AXIS2_PLACEMENT_3D ( 'NONE', #3213, #3280, #3865 ) ;
#1733 = DIRECTION ( 'NONE',  ( -0.000000000000000000, 0.000000000000000000, 1.000000000000000000 ) ) ;
#1734 = ORIENTED_EDGE ( 'NONE', *, *, #6235, .T. ) ;
#1735 = EDGE_CURVE ( 'NONE', #1600, #4681, #5458, .T. ) ;
#1736 = ORIENTED_EDGE ( 'NONE', *, *, #6001, .T. ) ;
#1737 = CARTESIAN_POINT ( 'NONE',  ( -154.2352752685500263, 18.47896957397500017, 9.999999999999996447 ) ) ;
#1738 = ADVANCED_FACE ( 'NONE', ( #4756 ), #1009, .F. ) ;
#1739 = DIRECTION ( 'NONE',  ( 0.000000000000000000, 0.000000000000000000, 1.000000000000000000 ) ) ;
#1740 = CARTESIAN_POINT ( 'NONE',  ( -22.45818710327099410, 57.51130294799799714, 0.000000000000000000 ) ) ;
#1741 = CARTESIAN_POINT ( 'NONE',  ( -23.46797561645499997, 13.62300586700400018, 9.999999999999996447 ) ) ;
#1742 = CIRCLE ( 'NONE', #4962, 1.000000000000000888 ) ;
#1743 = VERTEX_POINT ( 'NONE', #5766 ) ;
#1744 = EDGE_CURVE ( 'NONE', #2843, #6487, #4576, .T. ) ;
#1745 = EDGE_CURVE ( 'NONE', #5830, #5104, #1581, .T. ) ;
#1746 = LINE ( 'NONE', #3313, #212 ) ;
#1747 = LINE ( 'NONE', #3866, #2799 ) ;
#1748 = EDGE_CURVE ( 'NONE', #4643, #488, #1693, .T. ) ;
#1749 = AXIS2_PLACEMENT_3D ( 'NONE', #1754, #3904, #3323 ) ;
#1750 = DIRECTION ( 'NONE',  ( 1.000000000000000000, 0.000000000000000000, 0.000000000000000000 ) ) ;
#1751 = CIRCLE ( 'NONE', #5634, 1.000000000000000888 ) ;
#1752 = ORIENTED_EDGE ( 'NONE', *, *, #5513, .T. ) ;
#1753 = EDGE_LOOP ( 'NONE', ( #742, #1829, #4272, #1164 ) ) ;
#1754 = CARTESIAN_POINT ( 'NONE',  ( -48.98910522460901973, 15.85206127166699908, 9.999999999999996447 ) ) ;
#1755 = CIRCLE ( 'NONE', #5640, 1.000000000000000888 ) ;
#1756 = ORIENTED_EDGE ( 'NONE', *, *, #4497, .T. ) ;
#1757 = LINE ( 'NONE', #2304, #5326 ) ;
#1758 = CIRCLE ( 'NONE', #3867, 1.000000000000000888 ) ;
#1759 = AXIS2_PLACEMENT_3D ( 'NONE', #4663, #4222, #2644 ) ;
#1760 = CARTESIAN_POINT ( 'NONE',  ( -61.73888397216798296, 32.23841857910200304, 0.000000000000000000 ) ) ;
#1761 = EDGE_LOOP ( 'NONE', ( #6701, #360, #1001, #6778 ) ) ;
#1762 = AXIS2_PLACEMENT_3D ( 'NONE', #2421, #5170, #5722 ) ;
#1763 = CARTESIAN_POINT ( 'NONE',  ( -25.70830154418900193, 54.97129821777300407, 9.999999999999996447 ) ) ;
#1764 = ORIENTED_EDGE ( 'NONE', *, *, #4855, .T. ) ;
#1765 = DIRECTION ( 'NONE',  ( -0.000000000000000000, -0.000000000000000000, -1.000000000000000000 ) ) ;
#1766 = ORIENTED_EDGE ( 'NONE', *, *, #6235, .F. ) ;
#1767 = FACE_BOUND ( 'NONE', #3277, .T. ) ;
#1768 = CIRCLE ( 'NONE', #5986, 1.000000000000000888 ) ;
#1769 = CARTESIAN_POINT ( 'NONE',  ( 0.000000000000000000, 0.005999999998001527557, 9.999999999999996447 ) ) ;
#1770 = LINE ( 'NONE', #2223, #1659 ) ;
#1771 = ORIENTED_EDGE ( 'NONE', *, *, #3648, .F. ) ;
#1772 = EDGE_LOOP ( 'NONE', ( #1817, #4397 ) ) ;
#1773 = CARTESIAN_POINT ( 'NONE',  ( -106.6540756225499820, 102.6609878540000125, 0.000000000000000000 ) ) ;
#1774 = VECTOR ( 'NONE', #1610, 1000.000000000000000 ) ;
#1775 = ORIENTED_EDGE ( 'NONE', *, *, #6669, .T. ) ;
#1776 = DIRECTION ( 'NONE',  ( 1.000000000000000000, 0.000000000000000000, 0.000000000000000000 ) ) ;
#1777 = DIRECTION ( 'NONE',  ( 1.000000000000000000, 0.000000000000000000, 0.000000000000000000 ) ) ;
#1778 = CIRCLE ( 'NONE', #1672, 1.000000000000000888 ) ;
#1779 = LINE ( 'NONE', #622, #1535 ) ;
#1780 = ORIENTED_EDGE ( 'NONE', *, *, #1361, .T. ) ;
#1781 = DIRECTION ( 'NONE',  ( -0.000000000000000000, 0.000000000000000000, 1.000000000000000000 ) ) ;
#1782 = CARTESIAN_POINT ( 'NONE',  ( -10.63399999999999856, 1.200030733042355740E-16, 9.999999999999996447 ) ) ;
#1783 = EDGE_CURVE ( 'NONE', #201, #4660, #2797, .T. ) ;
#1784 = EDGE_CURVE ( 'NONE', #3321, #3614, #5359, .T. ) ;
#1785 = DIRECTION ( 'NONE',  ( 1.000000000000000000, 0.000000000000000000, 0.000000000000000000 ) ) ;
#1786 = EDGE_CURVE ( 'NONE', #6514, #4076, #924, .T. ) ;
#1787 = VERTEX_POINT ( 'NONE', #5244 ) ;
#1788 = CARTESIAN_POINT ( 'NONE',  ( -69.05499267578099420, 12.13757514953599959, 9.999999999999996447 ) ) ;
#1789 = VERTEX_POINT ( 'NONE', #4204 ) ;
#1790 = DIRECTION ( 'NONE',  ( -0.000000000000000000, -0.000000000000000000, -1.000000000000000000 ) ) ;
#1791 = EDGE_CURVE ( 'NONE', #4481, #4832, #6215, .T. ) ;
#1792 = DIRECTION ( 'NONE',  ( 1.000000000000000000, 0.000000000000000000, 0.000000000000000000 ) ) ;
#1793 = ORIENTED_EDGE ( 'NONE', *, *, #3382, .T. ) ;
#1794 = ORIENTED_EDGE ( 'NONE', *, *, #55, .F. ) ;
#1795 = CARTESIAN_POINT ( 'NONE',  ( -114.9858016967699825, 121.3684310913000246, 9.999999999999996447 ) ) ;
#1796 = ORIENTED_EDGE ( 'NONE', *, *, #6365, .T. ) ;
#1797 = DIRECTION ( 'NONE',  ( 1.000000000000000000, 0.000000000000000000, 0.000000000000000000 ) ) ;
#1798 = CARTESIAN_POINT ( 'NONE',  ( -104.4783020019499986, 12.88201141357400026, 9.999999999999996447 ) ) ;
#1799 = VECTOR ( 'NONE', #4964, 1000.000000000000000 ) ;
#1800 = CYLINDRICAL_SURFACE ( 'NONE', #6099, 1.000000000000000888 ) ;
#1801 = DIRECTION ( 'NONE',  ( -0.000000000000000000, 0.000000000000000000, 1.000000000000000000 ) ) ;
#1802 = EDGE_LOOP ( 'NONE', ( #4166, #658, #696, #4798 ) ) ;
#1803 = ORIENTED_EDGE ( 'NONE', *, *, #3143, .T. ) ;
#1804 = FACE_OUTER_BOUND ( 'NONE', #2090, .T. ) ;
#1805 = AXIS2_PLACEMENT_3D ( 'NONE', #4375, #5445, #175 ) ;
#1806 = ORIENTED_EDGE ( 'NONE', *, *, #1273, .T. ) ;
#1807 = CYLINDRICAL_SURFACE ( 'NONE', #1826, 1.000000000000000888 ) ;
#1808 = DIRECTION ( 'NONE',  ( -1.000000000000000000, 0.000000000000000000, 0.000000000000000000 ) ) ;
#1809 = AXIS2_PLACEMENT_3D ( 'NONE', #1954, #4079, #4627 ) ;
#1810 = DIRECTION ( 'NONE',  ( 1.000000000000000000, 0.000000000000000000, 0.000000000000000000 ) ) ;
#1811 = DIRECTION ( 'NONE',  ( -0.000000000000000000, 0.000000000000000000, 1.000000000000000000 ) ) ;
#1812 = ORIENTED_EDGE ( 'NONE', *, *, #6580, .F. ) ;
#1813 = CARTESIAN_POINT ( 'NONE',  ( -160.8835907335899549, 158.7275907335900058, 6.999999999999996447 ) ) ;
#1814 = LINE ( 'NONE', #5493, #2033 ) ;
#1815 = AXIS2_PLACEMENT_3D ( 'NONE', #4001, #3962, #4519 ) ;
#1816 = DIRECTION ( 'NONE',  ( -0.000000000000000000, 0.000000000000000000, 1.000000000000000000 ) ) ;
#1817 = ORIENTED_EDGE ( 'NONE', *, *, #6658, .T. ) ;
#1818 = EDGE_LOOP ( 'NONE', ( #2209, #3378 ) ) ;
#1819 = DIRECTION ( 'NONE',  ( -0.000000000000000000, 0.000000000000000000, 1.000000000000000000 ) ) ;
#1820 = EDGE_CURVE ( 'NONE', #1653, #6352, #2688, .T. ) ;
#1821 = DIRECTION ( 'NONE',  ( 1.805575675068430612E-16, -1.000000000000000000, 0.000000000000000000 ) ) ;
#1822 = EDGE_CURVE ( 'NONE', #5007, #6205, #4023, .T. ) ;
#1823 = EDGE_LOOP ( 'NONE', ( #3136, #5909 ) ) ;
#1824 = CYLINDRICAL_SURFACE ( 'NONE', #2655, 1.000000000000000888 ) ;
#1825 = EDGE_CURVE ( 'NONE', #829, #42, #5029, .T. ) ;
#1826 = AXIS2_PLACEMENT_3D ( 'NONE', #5558, #914, #6047 ) ;
#1827 = DIRECTION ( 'NONE',  ( -0.000000000000000000, -0.000000000000000000, -1.000000000000000000 ) ) ;
#1828 = ORIENTED_EDGE ( 'NONE', *, *, #5308, .F. ) ;
#1829 = ORIENTED_EDGE ( 'NONE', *, *, #5949, .T. ) ;
#1830 = LINE ( 'NONE', #1795, #753 ) ;
#1831 = EDGE_CURVE ( 'NONE', #5099, #704, #1626, .T. ) ;
#1832 = ORIENTED_EDGE ( 'NONE', *, *, #2466, .F. ) ;
#1833 = LINE ( 'NONE', #3952, #2983 ) ;
#1834 = FACE_BOUND ( 'NONE', #3950, .T. ) ;
#1835 = EDGE_CURVE ( 'NONE', #3719, #5143, #4256, .T. ) ;
#1836 = AXIS2_PLACEMENT_3D ( 'NONE', #5498, #752, #6360 ) ;
#1837 = LINE ( 'NONE', #5038, #6730 ) ;
#1838 = CARTESIAN_POINT ( 'NONE',  ( -153.2567138671799967, 139.9838409423799988, 9.999999999999996447 ) ) ;
#1839 = VERTEX_POINT ( 'NONE', #564 ) ;
#1840 = ORIENTED_EDGE ( 'NONE', *, *, #2931, .T. ) ;
#1841 = LINE ( 'NONE', #6497, #3057 ) ;
#1842 = CIRCLE ( 'NONE', #2724, 1.000000000000000888 ) ;
#1843 = ORIENTED_EDGE ( 'NONE', *, *, #6804, .F. ) ;
#1844 = CYLINDRICAL_SURFACE ( 'NONE', #3815, 1.000000000000000888 ) ;
#1845 = DIRECTION ( 'NONE',  ( -0.000000000000000000, 0.000000000000000000, 1.000000000000000000 ) ) ;
#1846 = VECTOR ( 'NONE', #3410, 1000.000000000000000 ) ;
#1847 = CARTESIAN_POINT ( 'NONE',  ( -15.63240926640897399, 158.7275907335900058, 6.999999999999996447 ) ) ;
#1848 = ORIENTED_EDGE ( 'NONE', *, *, #4763, .T. ) ;
#1849 = EDGE_LOOP ( 'NONE', ( #5762, #6232 ) ) ;
#1850 = FACE_OUTER_BOUND ( 'NONE', #6175, .T. ) ;
#1851 = DIRECTION ( 'NONE',  ( -0.000000000000000000, 0.000000000000000000, 1.000000000000000000 ) ) ;
#1852 = DIRECTION ( 'NONE',  ( -1.000000000000000000, 0.000000000000000000, 0.000000000000000000 ) ) ;
#1853 = AXIS2_PLACEMENT_3D ( 'NONE', #6240, #901, #6653 ) ;
#1854 = CYLINDRICAL_SURFACE ( 'NONE', #6649, 1.000000000000000888 ) ;
#1855 = EDGE_LOOP ( 'NONE', ( #4165, #6735 ) ) ;
#1856 = DIRECTION ( 'NONE',  ( 0.000000000000000000, 0.000000000000000000, 1.000000000000000000 ) ) ;
#1857 = CIRCLE ( 'NONE', #3964, 1.000000000000000888 ) ;
#1858 = FACE_OUTER_BOUND ( 'NONE', #6811, .T. ) ;
#1859 = ORIENTED_EDGE ( 'NONE', *, *, #6624, .F. ) ;
#1860 = CARTESIAN_POINT ( 'NONE',  ( -155.2821044921799967, 134.9038391113200248, 9.999999999999996447 ) ) ;
#1861 = AXIS2_PLACEMENT_3D ( 'NONE', #3500, #5621, #868 ) ;
#1862 = EDGE_CURVE ( 'NONE', #4413, #4758, #6677, .T. ) ;
#1863 = VERTEX_POINT ( 'NONE', #5312 ) ;
#1864 = VECTOR ( 'NONE', #3073, 1000.000000000000000 ) ;
#1865 = ORIENTED_EDGE ( 'NONE', *, *, #4511, .T. ) ;
#1866 = DIRECTION ( 'NONE',  ( -0.000000000000000000, 0.000000000000000000, 1.000000000000000000 ) ) ;
#1867 = VERTEX_POINT ( 'NONE', #4824 ) ;
#1868 = CARTESIAN_POINT ( 'NONE',  ( -127.7199783325200002, 98.94650268554700290, 9.999999999999996447 ) ) ;
#1869 = CIRCLE ( 'NONE', #1096, 1.000000000000000888 ) ;
#1870 = FACE_BOUND ( 'NONE', #3006, .T. ) ;
#1871 = AXIS2_PLACEMENT_3D ( 'NONE', #4621, #6734, #5843 ) ;
#1872 = VECTOR ( 'NONE', #810, 1000.000000000000000 ) ;
#1873 = EDGE_CURVE ( 'NONE', #6082, #4446, #6466, .T. ) ;
#1874 = EDGE_CURVE ( 'NONE', #4632, #433, #6241, .T. ) ;
#1875 = AXIS2_PLACEMENT_3D ( 'NONE', #4595, #4077, #6158 ) ;
#1876 = DIRECTION ( 'NONE',  ( -0.000000000000000000, 0.000000000000000000, 1.000000000000000000 ) ) ;
#1877 = ADVANCED_FACE ( 'NONE', ( #3261 ), #72, .F. ) ;
#1878 = CARTESIAN_POINT ( 'NONE',  ( -24.68952941894499276, 137.6678924560500263, 9.999999999999996447 ) ) ;
#1879 = VERTEX_POINT ( 'NONE', #2178 ) ;
#1880 = VERTEX_POINT ( 'NONE', #111 ) ;
#1881 = FACE_OUTER_BOUND ( 'NONE', #2390, .T. ) ;
#1882 = CIRCLE ( 'NONE', #5192, 1.000000000000000888 ) ;
#1883 = EDGE_LOOP ( 'NONE', ( #1196, #368 ) ) ;
#1884 = DIRECTION ( 'NONE',  ( 1.000000000000000000, 0.000000000000000000, -0.000000000000000000 ) ) ;
#1885 = EDGE_CURVE ( 'NONE', #6173, #3397, #487, .T. ) ;
#1886 = DIRECTION ( 'NONE',  ( 0.000000000000000000, 0.000000000000000000, 1.000000000000000000 ) ) ;
#1887 = AXIS2_PLACEMENT_3D ( 'NONE', #1444, #964, #1999 ) ;
#1888 = CARTESIAN_POINT ( 'NONE',  ( -22.47379875183100495, 96.31959533691403408, 9.999999999999996447 ) ) ;
#1889 = VERTEX_POINT ( 'NONE', #6485 ) ;
#1890 = DIRECTION ( 'NONE',  ( -1.000000000000000000, 0.000000000000000000, 0.000000000000000000 ) ) ;
#1891 = LINE ( 'NONE', #6096, #1846 ) ;
#1892 = CARTESIAN_POINT ( 'NONE',  ( -22.45818710327099410, 57.51130294799799714, 9.999999999999996447 ) ) ;
#1893 = CIRCLE ( 'NONE', #4114, 1.000000000000000888 ) ;
#1894 = DIRECTION ( 'NONE',  ( 1.000000000000000000, 0.000000000000000000, 0.000000000000000000 ) ) ;
#1895 = ORIENTED_EDGE ( 'NONE', *, *, #5320, .T. ) ;
#1896 = CIRCLE ( 'NONE', #1561, 1.000000000000000888 ) ;
#1897 = LINE ( 'NONE', #6166, #2855 ) ;
#1898 = EDGE_LOOP ( 'NONE', ( #4137, #4808 ) ) ;
#1899 = CARTESIAN_POINT ( 'NONE',  ( -21.48358726501500726, 52.43129348754900576, 9.999999999999996447 ) ) ;
#1900 = CIRCLE ( 'NONE', #245, 1.599999999999990319 ) ;
#1901 = ORIENTED_EDGE ( 'NONE', *, *, #1241, .F. ) ;
#1902 = ORIENTED_EDGE ( 'NONE', *, *, #5350, .T. ) ;
#1903 = CARTESIAN_POINT ( 'NONE',  ( -155.2352752685499979, 13.39896011352499627, 9.999999999999996447 ) ) ;
#1904 = EDGE_LOOP ( 'NONE', ( #3116, #4639, #5375, #5918 ) ) ;
#1905 = FACE_OUTER_BOUND ( 'NONE', #4695, .T. ) ;
#1906 = FACE_BOUND ( 'NONE', #4787, .T. ) ;
#1907 = DIRECTION ( 'NONE',  ( -0.000000000000000000, 0.000000000000000000, 1.000000000000000000 ) ) ;
#1908 = CARTESIAN_POINT ( 'NONE',  ( -12.63240926640897577, 158.7275907335900058, 6.999999999999996447 ) ) ;
#1909 = ORIENTED_EDGE ( 'NONE', *, *, #4806, .T. ) ;
#1910 = ORIENTED_EDGE ( 'NONE', *, *, #4898, .F. ) ;
#1911 = CARTESIAN_POINT ( 'NONE',  ( -21.47379875183100140, 101.3996047973600412, 9.999999999999996447 ) ) ;
#1912 = EDGE_CURVE ( 'NONE', #3555, #4188, #156, .T. ) ;
#1913 = EDGE_CURVE ( 'NONE', #2943, #2214, #2277, .T. ) ;
#1914 = DIRECTION ( 'NONE',  ( -0.000000000000000000, -0.000000000000000000, -1.000000000000000000 ) ) ;
#1915 = AXIS2_PLACEMENT_3D ( 'NONE', #3501, #870, #973 ) ;
#1916 = EDGE_CURVE ( 'NONE', #2943, #6164, #2250, .T. ) ;
#1917 = DIRECTION ( 'NONE',  ( -0.000000000000000000, -0.000000000000000000, -1.000000000000000000 ) ) ;
#1918 = DIRECTION ( 'NONE',  ( -0.000000000000000000, -0.000000000000000000, -1.000000000000000000 ) ) ;
#1919 = DIRECTION ( 'NONE',  ( -0.000000000000000000, 0.000000000000000000, 1.000000000000000000 ) ) ;
#1920 = ORIENTED_EDGE ( 'NONE', *, *, #230, .T. ) ;
#1921 = ORIENTED_EDGE ( 'NONE', *, *, #6203, .F. ) ;
#1922 = CARTESIAN_POINT ( 'NONE',  ( -24.65830802917498588, 65.13131713867201711, 0.000000000000000000 ) ) ;
#1923 = EDGE_CURVE ( 'NONE', #851, #402, #3912, .T. ) ;
#1924 = DIRECTION ( 'NONE',  ( -0.000000000000000000, -0.000000000000000000, -1.000000000000000000 ) ) ;
#1925 = DIRECTION ( 'NONE',  ( -0.000000000000000000, 0.000000000000000000, 1.000000000000000000 ) ) ;
#1926 = VERTEX_POINT ( 'NONE', #2719 ) ;
#1927 = CARTESIAN_POINT ( 'NONE',  ( -73.21517181396500007, 63.10826492309600155, 0.000000000000000000 ) ) ;
#1928 = VECTOR ( 'NONE', #4665, 1000.000000000000000 ) ;
#1929 = ORIENTED_EDGE ( 'NONE', *, *, #616, .T. ) ;
#1930 = DIRECTION ( 'NONE',  ( -0.000000000000000000, -0.000000000000000000, -1.000000000000000000 ) ) ;
#1931 = CIRCLE ( 'NONE', #5043, 1.000000000000000888 ) ;
#1932 = CARTESIAN_POINT ( 'NONE',  ( -25.67391777038599443, 103.9396057128900139, 9.999999999999996447 ) ) ;
#1933 = ORIENTED_EDGE ( 'NONE', *, *, #6165, .T. ) ;
#1934 = ORIENTED_EDGE ( 'NONE', *, *, #2458, .T. ) ;
#1935 = LINE ( 'NONE', #3595, #5746 ) ;
#1936 = EDGE_LOOP ( 'NONE', ( #153, #4482, #1296, #3485 ) ) ;
#1937 = DIRECTION ( 'NONE',  ( -1.000000000000000000, 0.000000000000000000, 0.000000000000000000 ) ) ;
#1938 = FACE_BOUND ( 'NONE', #208, .T. ) ;
#1939 = AXIS2_PLACEMENT_3D ( 'NONE', #4654, #4146, #4211 ) ;
#1940 = FACE_BOUND ( 'NONE', #4851, .T. ) ;
#1941 = CARTESIAN_POINT ( 'NONE',  ( -22.49919891357400559, 91.23958587646500007, 9.999999999999996447 ) ) ;
#1942 = ORIENTED_EDGE ( 'NONE', *, *, #3064, .F. ) ;
#1943 = ORIENTED_EDGE ( 'NONE', *, *, #221, .T. ) ;
#1944 = DIRECTION ( 'NONE',  ( 1.000000000000000000, 0.000000000000000000, 0.000000000000000000 ) ) ;
#1945 = DIRECTION ( 'NONE',  ( -1.000000000000000000, 0.000000000000000000, 0.000000000000000000 ) ) ;
#1946 = FACE_OUTER_BOUND ( 'NONE', #3715, .T. ) ;
#1947 = EDGE_CURVE ( 'NONE', #1052, #6791, #5692, .T. ) ;
#1948 = EDGE_CURVE ( 'NONE', #1656, #4508, #1162, .T. ) ;
#1949 = DIRECTION ( 'NONE',  ( 0.000000000000000000, 0.000000000000000000, 1.000000000000000000 ) ) ;
#1950 = ORIENTED_EDGE ( 'NONE', *, *, #1786, .T. ) ;
#1951 = ORIENTED_EDGE ( 'NONE', *, *, #3055, .T. ) ;
#1952 = ORIENTED_EDGE ( 'NONE', *, *, #2712, .F. ) ;
#1953 = CARTESIAN_POINT ( 'NONE',  ( -24.63163185119600485, 21.41612434387199926, 9.999999999999996447 ) ) ;
#1954 = CARTESIAN_POINT ( 'NONE',  ( -22.45818710327099410, 57.51130294799799714, 9.999999999999996447 ) ) ;
#1955 = CARTESIAN_POINT ( 'NONE',  ( -154.2098693847599975, 23.55898094177199908, 9.999999999999996447 ) ) ;
#1956 = EDGE_CURVE ( 'NONE', #3201, #6481, #6472, .T. ) ;
#1957 = EDGE_CURVE ( 'NONE', #217, #1644, #6572, .T. ) ;
#1958 = ORIENTED_EDGE ( 'NONE', *, *, #4091, .F. ) ;
#1959 = EDGE_CURVE ( 'NONE', #3603, #6699, #3583, .T. ) ;
#1960 = LINE ( 'NONE', #4635, #1529 ) ;
#1961 = ORIENTED_EDGE ( 'NONE', *, *, #4296, .T. ) ;
#1962 = CARTESIAN_POINT ( 'NONE',  ( -154.2098693847599975, 23.55898094177199908, 0.000000000000000000 ) ) ;
#1963 = EDGE_CURVE ( 'NONE', #2071, #327, #6508, .T. ) ;
#1964 = VECTOR ( 'NONE', #6140, 1000.000000000000000 ) ;
#1965 = LINE ( 'NONE', #4054, #1864 ) ;
#1966 = VERTEX_POINT ( 'NONE', #1714 ) ;
#1967 = ORIENTED_EDGE ( 'NONE', *, *, #4540, .F. ) ;
#1968 = DIRECTION ( 'NONE',  ( 1.000000000000000000, 0.000000000000000000, 0.000000000000000000 ) ) ;
#1969 = ORIENTED_EDGE ( 'NONE', *, *, #6367, .T. ) ;
#1970 = DIRECTION ( 'NONE',  ( -0.000000000000000000, -0.000000000000000000, -1.000000000000000000 ) ) ;
#1971 = LINE ( 'NONE', #2099, #6819 ) ;
#1972 = CIRCLE ( 'NONE', #4745, 1.000000000000000888 ) ;
#1973 = VECTOR ( 'NONE', #4603, 1000.000000000000000 ) ;
#1974 = FACE_BOUND ( 'NONE', #2184, .T. ) ;
#1975 = CARTESIAN_POINT ( 'NONE',  ( -154.2664947509699971, 91.01554107666001414, 9.999999999999996447 ) ) ;
#1976 = EDGE_LOOP ( 'NONE', ( #1431, #1832 ) ) ;
#1977 = EDGE_LOOP ( 'NONE', ( #5697, #2452 ) ) ;
#1978 = CYLINDRICAL_SURFACE ( 'NONE', #5723, 1.000000000000000888 ) ;
#1979 = CIRCLE ( 'NONE', #4210, 1.000000000000000888 ) ;
#1980 = DIRECTION ( 'NONE',  ( -0.000000000000000000, 0.000000000000000000, 1.000000000000000000 ) ) ;
#1981 = CIRCLE ( 'NONE', #445, 1.000000000000000888 ) ;
#1982 = CARTESIAN_POINT ( 'NONE',  ( -154.2821044921799967, 134.9038391113200248, 0.000000000000000000 ) ) ;
#1983 = AXIS2_PLACEMENT_3D ( 'NONE', #470, #4765, #1565 ) ;
#1984 = AXIS2_PLACEMENT_3D ( 'NONE', #4215, #4148, #3026 ) ;
#1985 = FACE_OUTER_BOUND ( 'NONE', #6138, .T. ) ;
#1986 = ORIENTED_EDGE ( 'NONE', *, *, #3734, .F. ) ;
#1987 = EDGE_LOOP ( 'NONE', ( #4117, #5000 ) ) ;
#1988 = DIRECTION ( 'NONE',  ( -0.000000000000000000, 0.000000000000000000, 1.000000000000000000 ) ) ;
#1989 = VECTOR ( 'NONE', #5345, 1000.000000000000000 ) ;
#1990 = EDGE_LOOP ( 'NONE', ( #3078, #5803, #6407, #872 ) ) ;
#1991 = CARTESIAN_POINT ( 'NONE',  ( -24.69269180297900590, 16.16301155090300057, 0.000000000000000000 ) ) ;
#1992 = CARTESIAN_POINT ( 'NONE',  ( -63.73888397216798296, 32.23841857910200304, 9.999999999999996447 ) ) ;
#1993 = DIRECTION ( 'NONE',  ( -1.000000000000000000, 0.000000000000000000, 0.000000000000000000 ) ) ;
#1994 = DIRECTION ( 'NONE',  ( 0.000000000000000000, 0.000000000000000000, 1.000000000000000000 ) ) ;
#1995 = AXIS2_PLACEMENT_3D ( 'NONE', #3489, #5681, #4601 ) ;
#1996 = ORIENTED_EDGE ( 'NONE', *, *, #3521, .F. ) ;
#1997 = CARTESIAN_POINT ( 'NONE',  ( -153.2352752685500263, 18.47896957397500017, 9.999999999999996447 ) ) ;
#1998 = ORIENTED_EDGE ( 'NONE', *, *, #642, .F. ) ;
#1999 = DIRECTION ( 'NONE',  ( -1.000000000000000000, 0.000000000000000000, 0.000000000000000000 ) ) ;
#2000 = EDGE_CURVE ( 'NONE', #1497, #891, #2266, .T. ) ;
#2001 = EDGE_CURVE ( 'NONE', #5632, #4076, #1814, .T. ) ;
#2002 = ADVANCED_FACE ( 'NONE', ( #2196 ), #164, .F. ) ;
#2003 = DIRECTION ( 'NONE',  ( -0.000000000000000000, -0.000000000000000000, -1.000000000000000000 ) ) ;
#2004 = ORIENTED_EDGE ( 'NONE', *, *, #5562, .T. ) ;
#2005 = DIRECTION ( 'NONE',  ( 1.000000000000000000, 0.000000000000000000, 0.000000000000000000 ) ) ;
#2006 = EDGE_LOOP ( 'NONE', ( #6172, #67 ) ) ;
#2007 = CARTESIAN_POINT ( 'NONE',  ( -70.07060241699200276, 50.94586563110399879, 9.999999999999996447 ) ) ;
#2008 = EDGE_LOOP ( 'NONE', ( #3210, #2225 ) ) ;
#2009 = CYLINDRICAL_SURFACE ( 'NONE', #6317, 1.000000000000000888 ) ;
#2010 = CIRCLE ( 'NONE', #2116, 1.000000000000000888 ) ;
#2011 = FACE_BOUND ( 'NONE', #984, .T. ) ;
#2012 = CARTESIAN_POINT ( 'NONE',  ( -152.0007629394500270, 59.82726287841799717, 9.999999999999996447 ) ) ;
#2013 = EDGE_LOOP ( 'NONE', ( #5793, #6849 ) ) ;
#2014 = EDGE_LOOP ( 'NONE', ( #5246, #281 ) ) ;
#2015 = DIRECTION ( 'NONE',  ( -1.000000000000000000, 0.000000000000000000, 0.000000000000000000 ) ) ;
#2016 = CARTESIAN_POINT ( 'NONE',  ( -154.2352752685500263, 18.47896957397500017, 9.999999999999996447 ) ) ;
#2017 = CARTESIAN_POINT ( 'NONE',  ( -103.4783020019499986, 12.88201141357400026, 9.999999999999996447 ) ) ;
#2018 = CARTESIAN_POINT ( 'NONE',  ( -152.0163726806600266, 98.63555145263703139, 9.999999999999996447 ) ) ;
#2019 = CYLINDRICAL_SURFACE ( 'NONE', #3763, 1.000000000000000888 ) ;
#2020 = ORIENTED_EDGE ( 'NONE', *, *, #2469, .F. ) ;
#2021 = ORIENTED_EDGE ( 'NONE', *, *, #5645, .T. ) ;
#2022 = CARTESIAN_POINT ( 'NONE',  ( -153.0820007324199992, 132.3638305663999688, 0.000000000000000000 ) ) ;
#2023 = ORIENTED_EDGE ( 'NONE', *, *, #230, .F. ) ;
#2024 = CARTESIAN_POINT ( 'NONE',  ( -113.9389648437500142, 4.943568706511997313, 9.999999999999996447 ) ) ;
#2025 = CARTESIAN_POINT ( 'NONE',  ( -24.63163185119600485, 21.41612434387199926, 0.000000000000000000 ) ) ;
#2026 = DIRECTION ( 'NONE',  ( -0.000000000000000000, -0.000000000000000000, -1.000000000000000000 ) ) ;
#2027 = CARTESIAN_POINT ( 'NONE',  ( -23.51480865478498927, 130.0478668212800244, 9.999999999999996447 ) ) ;
#2028 = CIRCLE ( 'NONE', #2910, 1.000000000000000888 ) ;
#2029 = ORIENTED_EDGE ( 'NONE', *, *, #5994, .T. ) ;
#2030 = FACE_OUTER_BOUND ( 'NONE', #5555, .T. ) ;
#2031 = ORIENTED_EDGE ( 'NONE', *, *, #3443, .F. ) ;
#2032 = DIRECTION ( 'NONE',  ( 1.000000000000000000, 0.000000000000000000, 0.000000000000000000 ) ) ;
#2033 = VECTOR ( 'NONE', #2819, 1000.000000000000000 ) ;
#2034 = EDGE_CURVE ( 'NONE', #699, #4860, #5577, .T. ) ;
#2035 = DIRECTION ( 'NONE',  ( 0.000000000000000000, 0.000000000000000000, 1.000000000000000000 ) ) ;
#2036 = CIRCLE ( 'NONE', #5584, 1.000000000000000888 ) ;
#2037 = EDGE_CURVE ( 'NONE', #2758, #4246, #5428, .T. ) ;
#2038 = EDGE_LOOP ( 'NONE', ( #738, #6310 ) ) ;
#2039 = ORIENTED_EDGE ( 'NONE', *, *, #6251, .F. ) ;
#2040 = DIRECTION ( 'NONE',  ( -1.000000000000000000, 0.000000000000000000, 0.000000000000000000 ) ) ;
#2041 = ORIENTED_EDGE ( 'NONE', *, *, #5784, .F. ) ;
#2042 = ADVANCED_FACE ( 'NONE', ( #197 ), #4429, .F. ) ;
#2043 = DIRECTION ( 'NONE',  ( -0.000000000000000000, 0.000000000000000000, 1.000000000000000000 ) ) ;
#2044 = FACE_BOUND ( 'NONE', #5615, .T. ) ;
#2045 = EDGE_CURVE ( 'NONE', #5121, #1228, #6439, .T. ) ;
#2046 = DIRECTION ( 'NONE',  ( -0.000000000000000000, 0.000000000000000000, 1.000000000000000000 ) ) ;
#2047 = EDGE_LOOP ( 'NONE', ( #5905, #1360 ) ) ;
#2048 = ORIENTED_EDGE ( 'NONE', *, *, #3105, .T. ) ;
#2049 = CARTESIAN_POINT ( 'NONE',  ( -162.2818843553800150, 5.006115644616000893, 9.999999999999996447 ) ) ;
#2050 = EDGE_CURVE ( 'NONE', #6359, #6548, #5364, .T. ) ;
#2051 = CARTESIAN_POINT ( 'NONE',  ( -69.10182952880897744, 128.5624389648399983, 0.000000000000000000 ) ) ;
#2052 = VECTOR ( 'NONE', #2604, 1000.000000000000000 ) ;
#2053 = ORIENTED_EDGE ( 'NONE', *, *, #104, .T. ) ;
#2054 = ORIENTED_EDGE ( 'NONE', *, *, #2469, .T. ) ;
#2055 = CARTESIAN_POINT ( 'NONE',  ( -22.48940849304197087, 140.2078857421799682, 9.999999999999996447 ) ) ;
#2056 = AXIS2_PLACEMENT_3D ( 'NONE', #1613, #6371, #5690 ) ;
#2057 = ORIENTED_EDGE ( 'NONE', *, *, #2337, .T. ) ;
#2058 = CARTESIAN_POINT ( 'NONE',  ( -23.47379875183100495, 101.3996047973600412, 9.999999999999996447 ) ) ;
#2059 = DIRECTION ( 'NONE',  ( 1.000000000000000000, 0.000000000000000000, 0.000000000000000000 ) ) ;
#2060 = DIRECTION ( 'NONE',  ( -0.000000000000000000, 0.000000000000000000, 1.000000000000000000 ) ) ;
#2061 = ORIENTED_EDGE ( 'NONE', *, *, #1144, .F. ) ;
#2062 = DIRECTION ( 'NONE',  ( -0.000000000000000000, 0.000000000000000000, 1.000000000000000000 ) ) ;
#2063 = ORIENTED_EDGE ( 'NONE', *, *, #5471, .T. ) ;
#2064 = DIRECTION ( 'NONE',  ( 1.000000000000000000, 0.000000000000000000, 0.000000000000000000 ) ) ;
#2065 = CIRCLE ( 'NONE', #6826, 1.000000000000000888 ) ;
#2066 = AXIS2_PLACEMENT_3D ( 'NONE', #3969, #1256, #1332 ) ;
#2067 = CARTESIAN_POINT ( 'NONE',  ( -153.0007629394500270, 59.82726287841799717, 9.999999999999996447 ) ) ;
#2068 = EDGE_LOOP ( 'NONE', ( #6016, #5008, #2958, #6801 ) ) ;
#2069 = ORIENTED_EDGE ( 'NONE', *, *, #5014, .F. ) ;
#2070 = LINE ( 'NONE', #3703, #2190 ) ;
#2071 = VERTEX_POINT ( 'NONE', #5461 ) ;
#2072 = CARTESIAN_POINT ( 'NONE',  ( -154.2508850097599975, 52.20724868774399852, 0.000000000000000000 ) ) ;
#2073 = ADVANCED_FACE ( 'NONE', ( #2232 ), #4914, .F. ) ;
#2074 = CIRCLE ( 'NONE', #2962, 1.000000000000000888 ) ;
#2075 = FACE_BOUND ( 'NONE', #3930, .T. ) ;
#2076 = DIRECTION ( 'NONE',  ( 1.000000000000000000, 0.000000000000000000, 0.000000000000000000 ) ) ;
#2077 = ORIENTED_EDGE ( 'NONE', *, *, #3660, .T. ) ;
#2078 = AXIS2_PLACEMENT_3D ( 'NONE', #6760, #1481, #797 ) ;
#2079 = CARTESIAN_POINT ( 'NONE',  ( -150.9851531982400275, 21.01897430419899493, 9.999999999999996447 ) ) ;
#2080 = EDGE_CURVE ( 'NONE', #5169, #4600, #1747, .T. ) ;
#2081 = AXIS2_PLACEMENT_3D ( 'NONE', #2460, #1876, #2911 ) ;
#2082 = DIRECTION ( 'NONE',  ( 1.000000000000000000, 0.000000000000000000, 0.000000000000000000 ) ) ;
#2083 = ADVANCED_FACE ( 'NONE', ( #749 ), #4984, .F. ) ;
#2084 = CIRCLE ( 'NONE', #4092, 1.000000000000000888 ) ;
#2085 = DIRECTION ( 'NONE',  ( -0.000000000000000000, 0.000000000000000000, 1.000000000000000000 ) ) ;
#2086 = EDGE_LOOP ( 'NONE', ( #6030, #3536 ) ) ;
#2087 = ORIENTED_EDGE ( 'NONE', *, *, #4259, .T. ) ;
#2088 = DIRECTION ( 'NONE',  ( -0.000000000000000000, 0.000000000000000000, 1.000000000000000000 ) ) ;
#2089 = CIRCLE ( 'NONE', #6411, 1.600000000000002531 ) ;
#2090 = EDGE_LOOP ( 'NONE', ( #987, #6258, #5935, #141 ) ) ;
#2091 = FACE_OUTER_BOUND ( 'NONE', #5516, .T. ) ;
#2092 = CARTESIAN_POINT ( 'NONE',  ( -154.2664947509699971, 96.09555053710899131, 9.999999999999996447 ) ) ;
#2093 = CIRCLE ( 'NONE', #3090, 1.000000000000000888 ) ;
#2094 = CARTESIAN_POINT ( 'NONE',  ( -154.2664947509699971, 91.01554107666001414, 9.999999999999996447 ) ) ;
#2095 = VECTOR ( 'NONE', #3498, 1000.000000000000000 ) ;
#2096 = ORIENTED_EDGE ( 'NONE', *, *, #1667, .F. ) ;
#2097 = DIRECTION ( 'NONE',  ( -0.000000000000000000, -0.000000000000000000, -1.000000000000000000 ) ) ;
#2098 = DIRECTION ( 'NONE',  ( -1.000000000000000000, 0.000000000000000000, 0.000000000000000000 ) ) ;
#2099 = CARTESIAN_POINT ( 'NONE',  ( -14.03240926640897612, 158.7275907335900058, 9.999999999999996447 ) ) ;
#2100 = CIRCLE ( 'NONE', #339, 1.000000000000000888 ) ;
#2101 = CARTESIAN_POINT ( 'NONE',  ( -154.2254791259699971, 62.36726760864300445, 9.999999999999996447 ) ) ;
#2102 = AXIS2_PLACEMENT_3D ( 'NONE', #1050, #6293, #1531 ) ;
#2103 = CARTESIAN_POINT ( 'NONE',  ( -152.0163726806600266, 98.63555145263703139, 0.000000000000000000 ) ) ;
#2104 = VERTEX_POINT ( 'NONE', #6570 ) ;
#2105 = CIRCLE ( 'NONE', #4340, 1.000000000000000888 ) ;
#2106 = VERTEX_POINT ( 'NONE', #6706 ) ;
#2107 = DIRECTION ( 'NONE',  ( -1.000000000000000000, 0.000000000000000000, 0.000000000000000000 ) ) ;
#2108 = ORIENTED_EDGE ( 'NONE', *, *, #2555, .F. ) ;
#2109 = CARTESIAN_POINT ( 'NONE',  ( -113.9389648437500142, 4.943568706511997313, 9.999999999999996447 ) ) ;
#2110 = AXIS2_PLACEMENT_3D ( 'NONE', #6160, #1399, #3550 ) ;
#2111 = FACE_BOUND ( 'NONE', #5044, .T. ) ;
#2112 = VECTOR ( 'NONE', #5112, 1000.000000000000000 ) ;
#2113 = FACE_OUTER_BOUND ( 'NONE', #6592, .T. ) ;
#2114 = ORIENTED_EDGE ( 'NONE', *, *, #2368, .T. ) ;
#2115 = DIRECTION ( 'NONE',  ( -0.000000000000000000, 0.000000000000000000, 1.000000000000000000 ) ) ;
#2116 = AXIS2_PLACEMENT_3D ( 'NONE', #4944, #4422, #745 ) ;
#2117 = CARTESIAN_POINT ( 'NONE',  ( -23.69269180297900590, 16.16301155090300057, 9.999999999999996447 ) ) ;
#2118 = CIRCLE ( 'NONE', #4669, 1.000000000000000888 ) ;
#2119 = DIRECTION ( 'NONE',  ( -0.000000000000000000, 0.000000000000000000, 1.000000000000000000 ) ) ;
#2120 = VERTEX_POINT ( 'NONE', #265 ) ;
#2121 = ADVANCED_FACE ( 'NONE', ( #4596 ), #2443, .F. ) ;
#2122 = EDGE_LOOP ( 'NONE', ( #15, #4697, #4107, #536 ) ) ;
#2123 = CARTESIAN_POINT ( 'NONE',  ( -153.2664947509699971, 91.01554107666001414, 0.000000000000000000 ) ) ;
#2124 = EDGE_CURVE ( 'NONE', #5212, #4622, #1367, .T. ) ;
#2125 = ORIENTED_EDGE ( 'NONE', *, *, #1963, .F. ) ;
#2126 = DIRECTION ( 'NONE',  ( -1.000000000000000000, 0.000000000000000000, 0.000000000000000000 ) ) ;
#2127 = CARTESIAN_POINT ( 'NONE',  ( -154.2254791259699971, 62.36726760864300445, 0.000000000000000000 ) ) ;
#2128 = EDGE_CURVE ( 'NONE', #4553, #109, #5815, .T. ) ;
#2129 = CYLINDRICAL_SURFACE ( 'NONE', #793, 1.000000000000000888 ) ;
#2130 = ORIENTED_EDGE ( 'NONE', *, *, #773, .T. ) ;
#2131 = EDGE_CURVE ( 'NONE', #3614, #3321, #3145, .T. ) ;
#2132 = CARTESIAN_POINT ( 'NONE',  ( -62.78571701049798293, 148.6632843017500250, 9.999999999999996447 ) ) ;
#2133 = EDGE_LOOP ( 'NONE', ( #2063, #679 ) ) ;
#2134 = CARTESIAN_POINT ( 'NONE',  ( -70.10182952880897744, 128.5624389648399983, 0.000000000000000000 ) ) ;
#2135 = DIRECTION ( 'NONE',  ( -0.000000000000000000, -0.000000000000000000, 1.000000000000000000 ) ) ;
#2136 = CIRCLE ( 'NONE', #3800, 1.000000000000000888 ) ;
#2137 = CARTESIAN_POINT ( 'NONE',  ( -112.9701919555599829, 82.56014251709001428, 0.000000000000000000 ) ) ;
#2138 = CARTESIAN_POINT ( 'NONE',  ( -21.47379875183100140, 101.3996047973600412, 0.000000000000000000 ) ) ;
#2139 = ORIENTED_EDGE ( 'NONE', *, *, #3141, .F. ) ;
#2140 = CARTESIAN_POINT ( 'NONE',  ( -152.0319824218700262, 137.4438476562500284, 9.999999999999996447 ) ) ;
#2141 = ORIENTED_EDGE ( 'NONE', *, *, #1574, .T. ) ;
#2142 = CARTESIAN_POINT ( 'NONE',  ( -159.2818843553800150, 5.006115644616000893, 0.000000000000000000 ) ) ;
#2143 = CIRCLE ( 'NONE', #4923, 1.000000000000000888 ) ;
#2144 = ORIENTED_EDGE ( 'NONE', *, *, #4675, .F. ) ;
#2145 = ORIENTED_EDGE ( 'NONE', *, *, #6752, .F. ) ;
#2146 = FACE_OUTER_BOUND ( 'NONE', #1469, .T. ) ;
#2147 = AXIS2_PLACEMENT_3D ( 'NONE', #4485, #5045, #4069 ) ;
#2148 = FACE_BOUND ( 'NONE', #1433, .T. ) ;
#2149 = DIRECTION ( 'NONE',  ( -0.000000000000000000, 0.000000000000000000, 1.000000000000000000 ) ) ;
#2150 = CARTESIAN_POINT ( 'NONE',  ( -22.44257545471200999, 18.70301628112799719, 0.000000000000000000 ) ) ;
#2151 = CARTESIAN_POINT ( 'NONE',  ( -62.75449371337899152, 71.04670715332001407, 9.999999999999996447 ) ) ;
#2152 = ORIENTED_EDGE ( 'NONE', *, *, #5362, .F. ) ;
#2153 = ORIENTED_EDGE ( 'NONE', *, *, #5151, .F. ) ;
#2154 = CARTESIAN_POINT ( 'NONE',  ( -72.19956207275401994, 24.29997634887700286, 9.999999999999996447 ) ) ;
#2155 = CYLINDRICAL_SURFACE ( 'NONE', #2539, 1.000000000000000888 ) ;
#2156 = CARTESIAN_POINT ( 'NONE',  ( -154.2098693847599975, 23.55898094177199908, 0.000000000000000000 ) ) ;
#2157 = ADVANCED_FACE ( 'NONE', ( #6675 ), #2401, .F. ) ;
#2158 = DIRECTION ( 'NONE',  ( -0.000000000000000000, -0.000000000000000000, -1.000000000000000000 ) ) ;
#2159 = AXIS2_PLACEMENT_3D ( 'NONE', #396, #1462, #3155 ) ;
#2160 = ORIENTED_EDGE ( 'NONE', *, *, #530, .F. ) ;
#2161 = DIRECTION ( 'NONE',  ( -1.000000000000000000, 0.000000000000000000, 0.000000000000000000 ) ) ;
#2162 = CYLINDRICAL_SURFACE ( 'NONE', #125, 1.000000000000000888 ) ;
#2163 = DIRECTION ( 'NONE',  ( -0.000000000000000000, -0.000000000000000000, -1.000000000000000000 ) ) ;
#2164 = AXIS2_PLACEMENT_3D ( 'NONE', #5254, #502, #2186 ) ;
#2165 = ADVANCED_FACE ( 'NONE', ( #6739 ), #5021, .F. ) ;
#2166 = EDGE_CURVE ( 'NONE', #5931, #4436, #2920, .T. ) ;
#2167 = CYLINDRICAL_SURFACE ( 'NONE', #4233, 1.000000000000000888 ) ;
#2168 = EDGE_CURVE ( 'NONE', #4832, #891, #5530, .T. ) ;
#2169 = DIRECTION ( 'NONE',  ( -0.000000000000000000, 0.000000000000000000, 1.000000000000000000 ) ) ;
#2170 = ORIENTED_EDGE ( 'NONE', *, *, #2678, .F. ) ;
#2171 = AXIS2_PLACEMENT_3D ( 'NONE', #2464, #424, #5699 ) ;
#2172 = ORIENTED_EDGE ( 'NONE', *, *, #5863, .T. ) ;
#2173 = DIRECTION ( 'NONE',  ( 1.000000000000000000, 0.000000000000000000, 0.000000000000000000 ) ) ;
#2174 = ORIENTED_EDGE ( 'NONE', *, *, #4802, .T. ) ;
#2175 = DIRECTION ( 'NONE',  ( -1.000000000000000000, 0.000000000000000000, 0.000000000000000000 ) ) ;
#2176 = EDGE_CURVE ( 'NONE', #4055, #6014, #930, .T. ) ;
#2177 = ORIENTED_EDGE ( 'NONE', *, *, #106, .F. ) ;
#2178 = CARTESIAN_POINT ( 'NONE',  ( -151.0007629394500270, 59.82726287841799717, 0.000000000000000000 ) ) ;
#2179 = EDGE_LOOP ( 'NONE', ( #1149, #1202, #6672, #920 ) ) ;
#2180 = DIRECTION ( 'NONE',  ( -1.000000000000000000, 0.000000000000000000, 0.000000000000000000 ) ) ;
#2181 = FACE_BOUND ( 'NONE', #4341, .T. ) ;
#2182 = DIRECTION ( 'NONE',  ( -0.000000000000000000, -0.000000000000000000, -1.000000000000000000 ) ) ;
#2183 = CARTESIAN_POINT ( 'NONE',  ( -152.0507659912100280, 49.66724395752000731, 9.999999999999996447 ) ) ;
#2184 = EDGE_LOOP ( 'NONE', ( #1488, #308 ) ) ;
#2185 = ORIENTED_EDGE ( 'NONE', *, *, #1265, .T. ) ;
#2186 = DIRECTION ( 'NONE',  ( 1.000000000000000000, 0.000000000000000000, 0.000000000000000000 ) ) ;
#2187 = DIRECTION ( 'NONE',  ( 1.000000000000000000, 0.000000000000000000, 0.000000000000000000 ) ) ;
#2188 = AXIS2_PLACEMENT_3D ( 'NONE', #5141, #5694, #5765 ) ;
#2189 = LINE ( 'NONE', #1181, #6255 ) ;
#2190 = VECTOR ( 'NONE', #5761, 1000.000000000000000 ) ;
#2191 = DIRECTION ( 'NONE',  ( -0.000000000000000000, 0.000000000000000000, 1.000000000000000000 ) ) ;
#2192 = VECTOR ( 'NONE', #1827, 1000.000000000000000 ) ;
#2193 = EDGE_LOOP ( 'NONE', ( #3380, #41, #666, #4159 ) ) ;
#2194 = AXIS2_PLACEMENT_3D ( 'NONE', #1578, #3169, #584 ) ;
#2195 = LINE ( 'NONE', #5492, #3193 ) ;
#2196 = FACE_OUTER_BOUND ( 'NONE', #2237, .T. ) ;
#2197 = AXIS2_PLACEMENT_3D ( 'NONE', #3543, #3508, #5119 ) ;
#2198 = CIRCLE ( 'NONE', #6091, 1.000000000000000888 ) ;
#2199 = LINE ( 'NONE', #1615, #3999 ) ;
#2200 = VECTOR ( 'NONE', #3031, 1000.000000000000000 ) ;
#2201 = ORIENTED_EDGE ( 'NONE', *, *, #5189, .F. ) ;
#2202 = DIRECTION ( 'NONE',  ( -0.000000000000000000, -0.000000000000000000, -1.000000000000000000 ) ) ;
#2203 = VERTEX_POINT ( 'NONE', #4490 ) ;
#2204 = CIRCLE ( 'NONE', #3408, 1.000000000000000888 ) ;
#2205 = VERTEX_POINT ( 'NONE', #3032 ) ;
#2206 = ADVANCED_FACE ( 'NONE', ( #5125 ), #1293, .F. ) ;
#2207 = CARTESIAN_POINT ( 'NONE',  ( -154.2508850097599691, 57.28725814819298989, 9.999999999999996447 ) ) ;
#2208 = EDGE_CURVE ( 'NONE', #1305, #5155, #6144, .T. ) ;
#2209 = ORIENTED_EDGE ( 'NONE', *, *, #2252, .T. ) ;
#2210 = FACE_OUTER_BOUND ( 'NONE', #1281, .T. ) ;
#2211 = ADVANCED_FACE ( 'NONE', ( #3970 ), #5599, .F. ) ;
#2212 = VECTOR ( 'NONE', #5131, 1000.000000000000000 ) ;
#2213 = FACE_BOUND ( 'NONE', #2614, .T. ) ;
#2214 = VERTEX_POINT ( 'NONE', #6097 ) ;
#2215 = ORIENTED_EDGE ( 'NONE', *, *, #1748, .F. ) ;
#2216 = CARTESIAN_POINT ( 'NONE',  ( -157.6818843553800207, 5.006115644616000893, 6.999999999999996447 ) ) ;
#2217 = EDGE_CURVE ( 'NONE', #4493, #2701, #2363, .T. ) ;
#2218 = FACE_BOUND ( 'NONE', #206, .T. ) ;
#2219 = PRESENTATION_LAYER_ASSIGNMENT (  '', '', ( #6213 ) ) ;
#2220 = CIRCLE ( 'NONE', #3551, 1.000000000000000888 ) ;
#2221 = CARTESIAN_POINT ( 'NONE',  ( -50.03593063354500003, 132.2769317626899976, 9.999999999999996447 ) ) ;
#2222 = AXIS2_PLACEMENT_3D ( 'NONE', #2477, #6231, #4187 ) ;
#2223 = CARTESIAN_POINT ( 'NONE',  ( -162.2818843553800150, 5.006115644616000893, 6.999999999999996447 ) ) ;
#2224 = EDGE_LOOP ( 'NONE', ( #952, #2108, #2591, #4153, #2860, #4792, #2152, #1304 ) ) ;
#2225 = ORIENTED_EDGE ( 'NONE', *, *, #1032, .F. ) ;
#2226 = DIRECTION ( 'NONE',  ( -0.000000000000000000, 0.000000000000000000, 1.000000000000000000 ) ) ;
#2227 = CARTESIAN_POINT ( 'NONE',  ( -61.73888397216798296, 32.23841857910200304, 9.999999999999996447 ) ) ;
#2228 = CIRCLE ( 'NONE', #5900, 1.000000000000000888 ) ;
#2229 = DIRECTION ( 'NONE',  ( 1.000000000000000000, 0.000000000000000000, 0.000000000000000000 ) ) ;
#2230 = ORIENTED_EDGE ( 'NONE', *, *, #2766, .T. ) ;
#2231 = CARTESIAN_POINT ( 'NONE',  ( -22.45818710327100831, 62.59131622314498600, 9.999999999999996447 ) ) ;
#2232 = FACE_OUTER_BOUND ( 'NONE', #576, .T. ) ;
#2233 = PLANE ( 'NONE',  #785 ) ;
#2234 = EDGE_LOOP ( 'NONE', ( #86, #303, #1068, #5344 ) ) ;
#2235 = ORIENTED_EDGE ( 'NONE', *, *, #1538, .T. ) ;
#2236 = CARTESIAN_POINT ( 'NONE',  ( -71.19956207275401994, 24.29997634887700286, 9.999999999999996447 ) ) ;
#2237 = EDGE_LOOP ( 'NONE', ( #5313, #3810, #1412, #370 ) ) ;
#2238 = LINE ( 'NONE', #4370, #5860 ) ;
#2239 = ORIENTED_EDGE ( 'NONE', *, *, #3112, .T. ) ;
#2240 = DIRECTION ( 'NONE',  ( -0.000000000000000000, -0.000000000000000000, -1.000000000000000000 ) ) ;
#2241 = ADVANCED_FACE ( 'NONE', ( #6132 ), #6640, .F. ) ;
#2242 = EDGE_CURVE ( 'NONE', #6538, #4085, #3694, .T. ) ;
#2243 = FACE_BOUND ( 'NONE', #3337, .T. ) ;
#2244 = ORIENTED_EDGE ( 'NONE', *, *, #4337, .F. ) ;
#2245 = DIRECTION ( 'NONE',  ( 1.000000000000000000, 0.000000000000000000, 0.000000000000000000 ) ) ;
#2246 = VERTEX_POINT ( 'NONE', #3512 ) ;
#2247 = CARTESIAN_POINT ( 'NONE',  ( -154.0509948730399969, 129.7940063476499972, 9.999999999999996447 ) ) ;
#2248 = ORIENTED_EDGE ( 'NONE', *, *, #1546, .T. ) ;
#2249 = FACE_BOUND ( 'NONE', #903, .T. ) ;
#2250 = CIRCLE ( 'NONE', #4260, 1.000000000000000888 ) ;
#2251 = EDGE_CURVE ( 'NONE', #1072, #3644, #3809, .T. ) ;
#2252 = EDGE_CURVE ( 'NONE', #2417, #2640, #3475, .T. ) ;
#2253 = LINE ( 'NONE', #4384, #2519 ) ;
#2254 = EDGE_CURVE ( 'NONE', #3603, #2748, #6781, .T. ) ;
#2255 = DIRECTION ( 'NONE',  ( -0.000000000000000000, 0.000000000000000000, 1.000000000000000000 ) ) ;
#2256 = ORIENTED_EDGE ( 'NONE', *, *, #354, .T. ) ;
#2257 = EDGE_LOOP ( 'NONE', ( #4926, #4953 ) ) ;
#2258 = CARTESIAN_POINT ( 'NONE',  ( -151.0462188720700283, 15.76586341857899853, 9.999999999999996447 ) ) ;
#2259 = CIRCLE ( 'NONE', #5700, 1.000000000000000888 ) ;
#2260 = LINE ( 'NONE', #3245, #3706 ) ;
#2261 = CIRCLE ( 'NONE', #6149, 1.000000000000000888 ) ;
#2262 = DIRECTION ( 'NONE',  ( -0.000000000000000000, -0.000000000000000000, -1.000000000000000000 ) ) ;
#2263 = ORIENTED_EDGE ( 'NONE', *, *, #6588, .F. ) ;
#2264 = CARTESIAN_POINT ( 'NONE',  ( -105.6384658813399824, 63.85269927978499993, 0.000000000000000000 ) ) ;
#2265 = DIRECTION ( 'NONE',  ( -1.000000000000000000, 0.000000000000000000, 0.000000000000000000 ) ) ;
#2266 = LINE ( 'NONE', #5396, #4034 ) ;
#2267 = DIRECTION ( 'NONE',  ( -0.000000000000000000, 0.000000000000000000, 1.000000000000000000 ) ) ;
#2268 = AXIS2_PLACEMENT_3D ( 'NONE', #5222, #6226, #473 ) ;
#2269 = ORIENTED_EDGE ( 'NONE', *, *, #2555, .T. ) ;
#2270 = ORIENTED_EDGE ( 'NONE', *, *, #5140, .T. ) ;
#2271 = DIRECTION ( 'NONE',  ( -1.000000000000000000, 0.000000000000000000, 0.000000000000000000 ) ) ;
#2272 = ORIENTED_EDGE ( 'NONE', *, *, #5236, .F. ) ;
#2273 = LINE ( 'NONE', #2764, #1002 ) ;
#2274 = CIRCLE ( 'NONE', #2268, 1.000000000000000888 ) ;
#2275 = FACE_BOUND ( 'NONE', #2133, .T. ) ;
#2276 = ORIENTED_EDGE ( 'NONE', *, *, #783, .T. ) ;
#2277 = LINE ( 'NONE', #1763, #6355 ) ;
#2278 = ORIENTED_EDGE ( 'NONE', *, *, #1947, .F. ) ;
#2279 = FACE_OUTER_BOUND ( 'NONE', #1569, .T. ) ;
#2280 = EDGE_LOOP ( 'NONE', ( #1219, #6684, #5538, #1602 ) ) ;
#2281 = FACE_BOUND ( 'NONE', #5305, .T. ) ;
#2282 = CIRCLE ( 'NONE', #3171, 4.998409266409764129 ) ;
#2283 = DIRECTION ( 'NONE',  ( -0.000000000000000000, 0.000000000000000000, 1.000000000000000000 ) ) ;
#2284 = ORIENTED_EDGE ( 'NONE', *, *, #6454, .F. ) ;
#2285 = ORIENTED_EDGE ( 'NONE', *, *, #4082, .F. ) ;
#2286 = CARTESIAN_POINT ( 'NONE',  ( -127.7355880737299998, 137.7547912597600259, 9.999999999999996447 ) ) ;
#2287 = EDGE_CURVE ( 'NONE', #829, #2739, #4736, .T. ) ;
#2288 = ORIENTED_EDGE ( 'NONE', *, *, #692, .F. ) ;
#2289 = CARTESIAN_POINT ( 'NONE',  ( -127.7355880737299998, 137.7547912597600259, 9.999999999999996447 ) ) ;
#2290 = EDGE_CURVE ( 'NONE', #2320, #6489, #6028, .T. ) ;
#2291 = DIRECTION ( 'NONE',  ( -0.000000000000000000, -0.000000000000000000, -1.000000000000000000 ) ) ;
#2292 = AXIS2_PLACEMENT_3D ( 'NONE', #4445, #6036, #113 ) ;
#2293 = ORIENTED_EDGE ( 'NONE', *, *, #5148, .T. ) ;
#2294 = FACE_OUTER_BOUND ( 'NONE', #4641, .T. ) ;
#2295 = EDGE_CURVE ( 'NONE', #2621, #4229, #2259, .T. ) ;
#2296 = CARTESIAN_POINT ( 'NONE',  ( -24.67391777038599443, 98.85959625244100835, 9.999999999999996447 ) ) ;
#2297 = AXIS2_PLACEMENT_3D ( 'NONE', #3290, #3255, #2271 ) ;
#2298 = DIRECTION ( 'NONE',  ( -0.000000000000000000, -0.000000000000000000, -1.000000000000000000 ) ) ;
#2299 = CIRCLE ( 'NONE', #3860, 1.000000000000000888 ) ;
#2300 = ORIENTED_EDGE ( 'NONE', *, *, #1912, .F. ) ;
#2301 = DIRECTION ( 'NONE',  ( 1.000000000000000000, 0.000000000000000000, 0.000000000000000000 ) ) ;
#2302 = AXIS2_PLACEMENT_3D ( 'NONE', #3446, #4591, #2500 ) ;
#2303 = ORIENTED_EDGE ( 'NONE', *, *, #4973, .F. ) ;
#2304 = CARTESIAN_POINT ( 'NONE',  ( -153.0663909912099996, 88.47553253173801124, 9.999999999999996447 ) ) ;
#2305 = CIRCLE ( 'NONE', #1759, 1.000000000000000888 ) ;
#2306 = DIRECTION ( 'NONE',  ( -0.000000000000000000, 0.000000000000000000, 1.000000000000000000 ) ) ;
#2307 = ORIENTED_EDGE ( 'NONE', *, *, #5189, .T. ) ;
#2308 = AXIS2_PLACEMENT_3D ( 'NONE', #4099, #6210, #1453 ) ;
#2309 = VERTEX_POINT ( 'NONE', #4186 ) ;
#2310 = DIRECTION ( 'NONE',  ( 1.000000000000000000, 0.000000000000000000, 0.000000000000000000 ) ) ;
#2311 = VERTEX_POINT ( 'NONE', #5850 ) ;
#2312 = DIRECTION ( 'NONE',  ( -0.000000000000000000, 0.000000000000000000, 1.000000000000000000 ) ) ;
#2313 = AXIS2_PLACEMENT_3D ( 'NONE', #4180, #2119, #4216 ) ;
#2314 = CARTESIAN_POINT ( 'NONE',  ( -153.0163726806600266, 98.63555145263703139, 0.000000000000000000 ) ) ;
#2315 = CIRCLE ( 'NONE', #562, 1.000000000000000888 ) ;
#2316 = LINE ( 'NONE', #4450, #2635 ) ;
#2317 = AXIS2_PLACEMENT_3D ( 'NONE', #3643, #3714, #575 ) ;
#2318 = CARTESIAN_POINT ( 'NONE',  ( -157.6835907335899662, 158.7275907335900058, 9.999999999999996447 ) ) ;
#2319 = VERTEX_POINT ( 'NONE', #1471 ) ;
#2320 = VERTEX_POINT ( 'NONE', #1091 ) ;
#2321 = CARTESIAN_POINT ( 'NONE',  ( -62.75449371337899152, 71.04670715332001407, 9.999999999999996447 ) ) ;
#2322 = CIRCLE ( 'NONE', #5893, 1.000000000000000888 ) ;
#2323 = ORIENTED_EDGE ( 'NONE', *, *, #2810, .F. ) ;
#2324 = DIRECTION ( 'NONE',  ( -0.000000000000000000, 0.000000000000000000, 1.000000000000000000 ) ) ;
#2325 = DIRECTION ( 'NONE',  ( -0.000000000000000000, 0.000000000000000000, 1.000000000000000000 ) ) ;
#2326 = VECTOR ( 'NONE', #2158, 1000.000000000000000 ) ;
#2327 = EDGE_CURVE ( 'NONE', #3741, #1867, #506, .T. ) ;
#2328 = CARTESIAN_POINT ( 'NONE',  ( -15.63240926640897399, 158.7275907335900058, 9.999999999999996447 ) ) ;
#2329 = EDGE_CURVE ( 'NONE', #2309, #555, #5146, .T. ) ;
#2330 = DIRECTION ( 'NONE',  ( -0.000000000000000000, -0.000000000000000000, -1.000000000000000000 ) ) ;
#2331 = ORIENTED_EDGE ( 'NONE', *, *, #6666, .F. ) ;
#2332 = ADVANCED_FACE ( 'NONE', ( #4225 ), #440, .F. ) ;
#2333 = CARTESIAN_POINT ( 'NONE',  ( -154.2508850097599691, 57.28725814819298989, 9.999999999999996447 ) ) ;
#2334 = CARTESIAN_POINT ( 'NONE',  ( -49.02031707763698876, 93.46864318847700304, 9.999999999999996447 ) ) ;
#2335 = CIRCLE ( 'NONE', #5551, 1.000000000000000888 ) ;
#2336 = CARTESIAN_POINT ( 'NONE',  ( -23.72391319274899502, 93.77958679199200276, 9.999999999999996447 ) ) ;
#2337 = EDGE_CURVE ( 'NONE', #6464, #719, #2543, .T. ) ;
#2338 = ORIENTED_EDGE ( 'NONE', *, *, #2327, .F. ) ;
#2339 = VERTEX_POINT ( 'NONE', #541 ) ;
#2340 = DIRECTION ( 'NONE',  ( -0.000000000000000000, -0.000000000000000000, -1.000000000000000000 ) ) ;
#2341 = ADVANCED_FACE ( 'NONE', ( #3618 ), #6299, .F. ) ;
#2342 = DIRECTION ( 'NONE',  ( -0.000000000000000000, -0.000000000000000000, -1.000000000000000000 ) ) ;
#2343 = ORIENTED_EDGE ( 'NONE', *, *, #6408, .F. ) ;
#2344 = DIRECTION ( 'NONE',  ( -0.000000000000000000, 0.000000000000000000, 1.000000000000000000 ) ) ;
#2345 = EDGE_CURVE ( 'NONE', #663, #402, #2143, .T. ) ;
#2346 = DIRECTION ( 'NONE',  ( 1.000000000000000000, 0.000000000000000000, 0.000000000000000000 ) ) ;
#2347 = VERTEX_POINT ( 'NONE', #3587 ) ;
#2348 = ORIENTED_EDGE ( 'NONE', *, *, #2977, .T. ) ;
#2349 = DIRECTION ( 'NONE',  ( 1.000000000000000000, 0.000000000000000000, 0.000000000000000000 ) ) ;
#2350 = VERTEX_POINT ( 'NONE', #23 ) ;
#2351 = CARTESIAN_POINT ( 'NONE',  ( -21.45818710327100476, 62.59131622314498600, 9.999999999999996447 ) ) ;
#2352 = DIRECTION ( 'NONE',  ( -0.000000000000000000, 0.000000000000000000, 1.000000000000000000 ) ) ;
#2353 = AXIS2_PLACEMENT_3D ( 'NONE', #2567, #2046, #1458 ) ;
#2354 = DIRECTION ( 'NONE',  ( 0.000000000000000000, 1.000000000000000000, 0.000000000000000000 ) ) ;
#2355 = CARTESIAN_POINT ( 'NONE',  ( -103.4783020019499986, 12.88201141357400026, 9.999999999999996447 ) ) ;
#2356 = ORIENTED_EDGE ( 'NONE', *, *, #3956, .T. ) ;
#2357 = VERTEX_POINT ( 'NONE', #5744 ) ;
#2358 = CARTESIAN_POINT ( 'NONE',  ( -154.2664947509699971, 96.09555053710899131, 9.999999999999996447 ) ) ;
#2359 = ADVANCED_BREP_SHAPE_REPRESENTATION ( '\X2\63a294885b9a4f4d677f\X0\', ( #5870, #3454 ), #5790 ) ;
#2360 = EDGE_LOOP ( 'NONE', ( #3958, #686, #3096, #316 ) ) ;
#2361 = FACE_OUTER_BOUND ( 'NONE', #1802, .T. ) ;
#2362 = DIRECTION ( 'NONE',  ( -0.000000000000000000, 0.000000000000000000, 1.000000000000000000 ) ) ;
#2363 = CIRCLE ( 'NONE', #2589, 1.000000000000000888 ) ;
#2364 = DIRECTION ( 'NONE',  ( -0.000000000000000000, -0.000000000000000000, -1.000000000000000000 ) ) ;
#2365 = EDGE_LOOP ( 'NONE', ( #5223, #2959 ) ) ;
#2366 = CARTESIAN_POINT ( 'NONE',  ( -25.68952941894499276, 137.6678924560500263, 9.999999999999996447 ) ) ;
#2367 = DIRECTION ( 'NONE',  ( -0.000000000000000000, 0.000000000000000000, 1.000000000000000000 ) ) ;
#2368 = EDGE_CURVE ( 'NONE', #4398, #5500, #2697, .T. ) ;
#2369 = CARTESIAN_POINT ( 'NONE',  ( -24.72391319274899857, 93.77958679199200276, 0.000000000000000000 ) ) ;
#2370 = EDGE_LOOP ( 'NONE', ( #2972, #6224 ) ) ;
#2371 = LINE ( 'NONE', #4494, #1276 ) ;
#2372 = LINE ( 'NONE', #852, #6185 ) ;
#2373 = ORIENTED_EDGE ( 'NONE', *, *, #315, .T. ) ;
#2374 = DIRECTION ( 'NONE',  ( -0.000000000000000000, 0.000000000000000000, 1.000000000000000000 ) ) ;
#2375 = EDGE_CURVE ( 'NONE', #3796, #2429, #4157, .T. ) ;
#2376 = ADVANCED_FACE ( 'NONE', ( #4699 ), #6813, .F. ) ;
#2377 = EDGE_CURVE ( 'NONE', #1879, #4009, #6361, .T. ) ;
#2378 = DIRECTION ( 'NONE',  ( 1.000000000000000000, 0.000000000000000000, 0.000000000000000000 ) ) ;
#2379 = ORIENTED_EDGE ( 'NONE', *, *, #896, .F. ) ;
#2380 = AXIS2_PLACEMENT_3D ( 'NONE', #6386, #6010, #3885 ) ;
#2381 = ORIENTED_EDGE ( 'NONE', *, *, #5098, .T. ) ;
#2382 = CARTESIAN_POINT ( 'NONE',  ( -159.2835907335899606, 158.7275907335900058, 9.999999999999996447 ) ) ;
#2383 = ORIENTED_EDGE ( 'NONE', *, *, #3951, .T. ) ;
#2384 = CARTESIAN_POINT ( 'NONE',  ( -23.48940849304197087, 140.2078857421799682, 0.000000000000000000 ) ) ;
#2385 = ADVANCED_FACE ( 'NONE', ( #4805 ), #52, .F. ) ;
#2386 = FACE_BOUND ( 'NONE', #3021, .T. ) ;
#2387 = VECTOR ( 'NONE', #4253, 1000.000000000000000 ) ;
#2388 = DIRECTION ( 'NONE',  ( -1.000000000000000000, 0.000000000000000000, 0.000000000000000000 ) ) ;
#2389 = DIRECTION ( 'NONE',  ( -0.000000000000000000, 0.000000000000000000, 1.000000000000000000 ) ) ;
#2390 = EDGE_LOOP ( 'NONE', ( #5678, #2515, #6139, #1724 ) ) ;
#2391 = ORIENTED_EDGE ( 'NONE', *, *, #3052, .T. ) ;
#2392 = CARTESIAN_POINT ( 'NONE',  ( -24.67391777038599443, 103.9396057128900139, 9.999999999999996447 ) ) ;
#2393 = CARTESIAN_POINT ( 'NONE',  ( -153.0319824218700262, 137.4438476562500284, 9.999999999999996447 ) ) ;
#2394 = CYLINDRICAL_SURFACE ( 'NONE', #2894, 1.599999999999990319 ) ;
#2395 = CIRCLE ( 'NONE', #1732, 1.000000000000000888 ) ;
#2396 = DIRECTION ( 'NONE',  ( -0.000000000000000000, 0.000000000000000000, 1.000000000000000000 ) ) ;
#2397 = DIRECTION ( 'NONE',  ( 1.000000000000000000, 0.000000000000000000, 0.000000000000000000 ) ) ;
#2398 = ORIENTED_EDGE ( 'NONE', *, *, #2504, .T. ) ;
#2399 = ORIENTED_EDGE ( 'NONE', *, *, #6288, .T. ) ;
#2400 = DIRECTION ( 'NONE',  ( 1.000000000000000000, 0.000000000000000000, 0.000000000000000000 ) ) ;
#2401 = CYLINDRICAL_SURFACE ( 'NONE', #824, 1.000000000000000888 ) ;
#2402 = VECTOR ( 'NONE', #3357, 1000.000000000000000 ) ;
#2403 = CARTESIAN_POINT ( 'NONE',  ( -153.0462188720700283, 15.76586341857899853, 9.999999999999996447 ) ) ;
#2404 = ORIENTED_EDGE ( 'NONE', *, *, #6414, .F. ) ;
#2405 = DIRECTION ( 'NONE',  ( -0.000000000000000000, -0.000000000000000000, -1.000000000000000000 ) ) ;
#2406 = CIRCLE ( 'NONE', #6621, 1.000000000000000888 ) ;
#2407 = DIRECTION ( 'NONE',  ( -0.000000000000000000, -0.000000000000000000, -1.000000000000000000 ) ) ;
#2408 = ORIENTED_EDGE ( 'NONE', *, *, #1225, .T. ) ;
#2409 = DIRECTION ( 'NONE',  ( -0.000000000000000000, -0.000000000000000000, -1.000000000000000000 ) ) ;
#2410 = CIRCLE ( 'NONE', #652, 1.000000000000000888 ) ;
#2411 = VECTOR ( 'NONE', #2097, 1000.000000000000000 ) ;
#2412 = EDGE_CURVE ( 'NONE', #3342, #5068, #381, .T. ) ;
#2413 = LINE ( 'NONE', #4403, #3425 ) ;
#2414 = EDGE_CURVE ( 'NONE', #4660, #201, #2036, .T. ) ;
#2415 = EDGE_LOOP ( 'NONE', ( #2448, #4143 ) ) ;
#2416 = CIRCLE ( 'NONE', #5414, 1.600000000000002531 ) ;
#2417 = VERTEX_POINT ( 'NONE', #4837 ) ;
#2418 = CARTESIAN_POINT ( 'NONE',  ( -15.63411564461599923, 5.006115644616000893, 9.999999999999996447 ) ) ;
#2419 = EDGE_LOOP ( 'NONE', ( #1812, #4899, #2440, #5591 ) ) ;
#2420 = EDGE_CURVE ( 'NONE', #6538, #1789, #3756, .T. ) ;
#2421 = CARTESIAN_POINT ( 'NONE',  ( -24.63163185119600485, 21.41612434387199926, 9.999999999999996447 ) ) ;
#2422 = AXIS2_PLACEMENT_3D ( 'NONE', #6639, #6130, #3480 ) ;
#2423 = FACE_BOUND ( 'NONE', #4404, .T. ) ;
#2424 = CIRCLE ( 'NONE', #4646, 2.999999999999999112 ) ;
#2425 = AXIS2_PLACEMENT_3D ( 'NONE', #2072, #3632, #5763 ) ;
#2426 = CARTESIAN_POINT ( 'NONE',  ( -69.05499267578099420, 12.13757514953599959, 9.999999999999996447 ) ) ;
#2427 = EDGE_CURVE ( 'NONE', #2433, #2214, #3919, .T. ) ;
#2428 = CARTESIAN_POINT ( 'NONE',  ( -73.24639129638698876, 140.7248382568299974, 9.999999999999996447 ) ) ;
#2429 = VERTEX_POINT ( 'NONE', #1216 ) ;
#2430 = VERTEX_POINT ( 'NONE', #6467 ) ;
#2431 = CARTESIAN_POINT ( 'NONE',  ( -49.03593063354500003, 132.2769317626899976, 9.999999999999996447 ) ) ;
#2432 = CIRCLE ( 'NONE', #2313, 1.000000000000000888 ) ;
#2433 = VERTEX_POINT ( 'NONE', #158 ) ;
#2434 = DIRECTION ( 'NONE',  ( -0.000000000000000000, -0.000000000000000000, -1.000000000000000000 ) ) ;
#2435 = AXIS2_PLACEMENT_3D ( 'NONE', #5206, #1970, #6796 ) ;
#2436 = CARTESIAN_POINT ( 'NONE',  ( -15.63411564461599923, 5.006115644616000893, 9.999999999999996447 ) ) ;
#2437 = CIRCLE ( 'NONE', #2544, 1.000000000000000888 ) ;
#2438 = DIRECTION ( 'NONE',  ( -1.000000000000000000, 0.000000000000000000, 0.000000000000000000 ) ) ;
#2439 = FACE_OUTER_BOUND ( 'NONE', #632, .T. ) ;
#2440 = ORIENTED_EDGE ( 'NONE', *, *, #1612, .T. ) ;
#2441 = ORIENTED_EDGE ( 'NONE', *, *, #2791, .F. ) ;
#2442 = FACE_OUTER_BOUND ( 'NONE', #2793, .T. ) ;
#2443 = CYLINDRICAL_SURFACE ( 'NONE', #160, 1.000000000000000888 ) ;
#2444 = AXIS2_PLACEMENT_3D ( 'NONE', #4847, #5899, #587 ) ;
#2445 = DIRECTION ( 'NONE',  ( -0.000000000000000000, -0.000000000000000000, -1.000000000000000000 ) ) ;
#2446 = ORIENTED_EDGE ( 'NONE', *, *, #4224, .F. ) ;
#2447 = DIRECTION ( 'NONE',  ( -0.000000000000000000, 0.000000000000000000, 1.000000000000000000 ) ) ;
#2448 = ORIENTED_EDGE ( 'NONE', *, *, #772, .T. ) ;
#2449 = DIRECTION ( 'NONE',  ( -0.000000000000000000, 0.000000000000000000, 1.000000000000000000 ) ) ;
#2450 = CIRCLE ( 'NONE', #5668, 1.000000000000000888 ) ;
#2451 = DIRECTION ( 'NONE',  ( 1.000000000000000000, 0.000000000000000000, 0.000000000000000000 ) ) ;
#2452 = ORIENTED_EDGE ( 'NONE', *, *, #3699, .F. ) ;
#2453 = VERTEX_POINT ( 'NONE', #3893 ) ;
#2454 = CARTESIAN_POINT ( 'NONE',  ( -104.6479949951099968, 51.94300079345699572, 9.999999999999996447 ) ) ;
#2455 = ORIENTED_EDGE ( 'NONE', *, *, #2626, .T. ) ;
#2456 = CARTESIAN_POINT ( 'NONE',  ( -15.63240926640897399, 158.7275907335900058, 6.999999999999996447 ) ) ;
#2457 = CARTESIAN_POINT ( 'NONE',  ( -70.08621215820299710, 89.75415039062501421, 0.000000000000000000 ) ) ;
#2458 = EDGE_CURVE ( 'NONE', #5293, #5673, #4161, .T. ) ;
#2459 = EDGE_CURVE ( 'NONE', #2939, #806, #5983, .T. ) ;
#2460 = CARTESIAN_POINT ( 'NONE',  ( -154.2508850097599691, 57.28725814819298989, 0.000000000000000000 ) ) ;
#2461 = CARTESIAN_POINT ( 'NONE',  ( -14.03411564461599781, 5.006115644616000893, 0.000000000000000000 ) ) ;
#2462 = EDGE_LOOP ( 'NONE', ( #3302, #2472 ) ) ;
#2463 = ORIENTED_EDGE ( 'NONE', *, *, #1241, .T. ) ;
#2464 = CARTESIAN_POINT ( 'NONE',  ( -159.2818843553800150, 5.006115644616000893, 6.999999999999996447 ) ) ;
#2465 = FACE_OUTER_BOUND ( 'NONE', #2280, .T. ) ;
#2466 = EDGE_CURVE ( 'NONE', #4739, #4757, #498, .T. ) ;
#2467 = EDGE_CURVE ( 'NONE', #4371, #1237, #2260, .T. ) ;
#2468 = DIRECTION ( 'NONE',  ( -0.000000000000000000, -0.000000000000000000, -1.000000000000000000 ) ) ;
#2469 = EDGE_CURVE ( 'NONE', #796, #2780, #2189, .T. ) ;
#2470 = DIRECTION ( 'NONE',  ( -0.000000000000000000, 0.000000000000000000, 1.000000000000000000 ) ) ;
#2471 = DIRECTION ( 'NONE',  ( -0.000000000000000000, 0.000000000000000000, 1.000000000000000000 ) ) ;
#2472 = ORIENTED_EDGE ( 'NONE', *, *, #1233, .F. ) ;
#2473 = ORIENTED_EDGE ( 'NONE', *, *, #6065, .T. ) ;
#2474 = ORIENTED_EDGE ( 'NONE', *, *, #1735, .T. ) ;
#2475 = CARTESIAN_POINT ( 'NONE',  ( -72.21517181396500007, 63.10826492309600155, 9.999999999999996447 ) ) ;
#2476 = DIRECTION ( 'NONE',  ( -0.000000000000000000, 0.000000000000000000, 1.000000000000000000 ) ) ;
#2477 = CARTESIAN_POINT ( 'NONE',  ( -72.21517181396500007, 63.10826492309600155, 0.000000000000000000 ) ) ;
#2478 = ORIENTED_EDGE ( 'NONE', *, *, #6421, .F. ) ;
#2479 = CARTESIAN_POINT ( 'NONE',  ( -25.68952941894499276, 137.6678924560500263, 9.999999999999996447 ) ) ;
#2480 = ORIENTED_EDGE ( 'NONE', *, *, #4892, .T. ) ;
#2481 = CYLINDRICAL_SURFACE ( 'NONE', #1887, 1.000000000000000888 ) ;
#2482 = DIRECTION ( 'NONE',  ( 1.000000000000000000, 0.000000000000000000, 0.000000000000000000 ) ) ;
#2483 = ORIENTED_EDGE ( 'NONE', *, *, #2208, .T. ) ;
#2484 = ORIENTED_EDGE ( 'NONE', *, *, #1699, .F. ) ;
#2485 = DIRECTION ( 'NONE',  ( -1.000000000000000000, 0.000000000000000000, 0.000000000000000000 ) ) ;
#2486 = ORIENTED_EDGE ( 'NONE', *, *, #3578, .T. ) ;
#2487 = CARTESIAN_POINT ( 'NONE',  ( -126.7355880737299998, 137.7547912597600259, 0.000000000000000000 ) ) ;
#2488 = LINE ( 'NONE', #4743, #3599 ) ;
#2489 = CIRCLE ( 'NONE', #6271, 1.000000000000000888 ) ;
#2490 = FACE_BOUND ( 'NONE', #5927, .T. ) ;
#2491 = DIRECTION ( 'NONE',  ( 1.000000000000000000, 0.000000000000000000, 0.000000000000000000 ) ) ;
#2492 = EDGE_LOOP ( 'NONE', ( #1934, #5354 ) ) ;
#2493 = ORIENTED_EDGE ( 'NONE', *, *, #2251, .F. ) ;
#2494 = DIRECTION ( 'NONE',  ( -0.000000000000000000, -0.000000000000000000, -1.000000000000000000 ) ) ;
#2495 = CARTESIAN_POINT ( 'NONE',  ( -71.23078155517598020, 101.9165573120100134, 0.000000000000000000 ) ) ;
#2496 = AXIS2_PLACEMENT_3D ( 'NONE', #6575, #1819, #6061 ) ;
#2497 = CARTESIAN_POINT ( 'NONE',  ( -159.2818843553800150, 5.006115644616000893, 9.999999999999996447 ) ) ;
#2498 = CARTESIAN_POINT ( 'NONE',  ( -153.2567138671799967, 139.9838409423799988, 0.000000000000000000 ) ) ;
#2499 = CIRCLE ( 'NONE', #5840, 1.000000000000000888 ) ;
#2500 = DIRECTION ( 'NONE',  ( 1.000000000000000000, 0.000000000000000000, 0.000000000000000000 ) ) ;
#2501 = ORIENTED_EDGE ( 'NONE', *, *, #3648, .T. ) ;
#2502 = EDGE_CURVE ( 'NONE', #2339, #5635, #4931, .T. ) ;
#2503 = ORIENTED_EDGE ( 'NONE', *, *, #3348, .T. ) ;
#2504 = EDGE_CURVE ( 'NONE', #112, #2661, #1931, .T. ) ;
#2505 = DIRECTION ( 'NONE',  ( -0.000000000000000000, -0.000000000000000000, -1.000000000000000000 ) ) ;
#2506 = CARTESIAN_POINT ( 'NONE',  ( -128.6887512206999986, 21.32992744445799715, 9.999999999999996447 ) ) ;
#2507 = DIRECTION ( 'NONE',  ( -1.000000000000000000, 0.000000000000000000, 0.000000000000000000 ) ) ;
#2508 = EDGE_CURVE ( 'NONE', #1880, #5255, #2261, .T. ) ;
#2509 = DIRECTION ( 'NONE',  ( -0.000000000000000000, -0.000000000000000000, -1.000000000000000000 ) ) ;
#2510 = ORIENTED_EDGE ( 'NONE', *, *, #4179, .T. ) ;
#2511 = EDGE_CURVE ( 'NONE', #509, #2104, #3794, .T. ) ;
#2512 = LINE ( 'NONE', #3487, #5521 ) ;
#2513 = CARTESIAN_POINT ( 'NONE',  ( -154.2352752685500263, 18.47896957397500017, 9.999999999999996447 ) ) ;
#2514 = CARTESIAN_POINT ( 'NONE',  ( -155.2352752685500263, 18.47896957397500017, 9.999999999999996447 ) ) ;
#2515 = ORIENTED_EDGE ( 'NONE', *, *, #5825, .T. ) ;
#2516 = CARTESIAN_POINT ( 'NONE',  ( -24.73952293395999291, 132.5878753662099712, 0.000000000000000000 ) ) ;
#2517 = ORIENTED_EDGE ( 'NONE', *, *, #6075, .T. ) ;
#2518 = CARTESIAN_POINT ( 'NONE',  ( -153.0507659912100280, 49.66724395752000731, 0.000000000000000000 ) ) ;
#2519 = VECTOR ( 'NONE', #3848, 1000.000000000000000 ) ;
#2520 = EDGE_LOOP ( 'NONE', ( #5739, #1505, #5817, #5903 ) ) ;
#2521 = CARTESIAN_POINT ( 'NONE',  ( -21.45818710327099410, 57.51130294799799714, 9.999999999999996447 ) ) ;
#2522 = VECTOR ( 'NONE', #1403, 1000.000000000000000 ) ;
#2523 = CIRCLE ( 'NONE', #551, 1.000000000000000888 ) ;
#2524 = FACE_BOUND ( 'NONE', #5314, .T. ) ;
#2525 = AXIS2_PLACEMENT_3D ( 'NONE', #2551, #448, #4670 ) ;
#2526 = DIRECTION ( 'NONE',  ( -0.000000000000000000, -0.000000000000000000, -1.000000000000000000 ) ) ;
#2527 = EDGE_LOOP ( 'NONE', ( #1961, #3441 ) ) ;
#2528 = VERTEX_POINT ( 'NONE', #4389 ) ;
#2529 = DIRECTION ( 'NONE',  ( -0.000000000000000000, 0.000000000000000000, 1.000000000000000000 ) ) ;
#2530 = DIRECTION ( 'NONE',  ( -0.000000000000000000, -0.000000000000000000, -1.000000000000000000 ) ) ;
#2531 = AXIS2_PLACEMENT_3D ( 'NONE', #1678, #1090, #3793 ) ;
#2532 = AXIS2_PLACEMENT_3D ( 'NONE', #1922, #299, #4526 ) ;
#2533 = DIRECTION ( 'NONE',  ( -0.000000000000000000, 0.000000000000000000, 1.000000000000000000 ) ) ;
#2534 = LINE ( 'NONE', #399, #3316 ) ;
#2535 = FACE_OUTER_BOUND ( 'NONE', #5708, .T. ) ;
#2536 = VERTEX_POINT ( 'NONE', #5388 ) ;
#2537 = EDGE_LOOP ( 'NONE', ( #134, #2905, #4905, #3010 ) ) ;
#2538 = FACE_OUTER_BOUND ( 'NONE', #4333, .T. ) ;
#2539 = AXIS2_PLACEMENT_3D ( 'NONE', #4288, #4476, #6394 ) ;
#2540 = VERTEX_POINT ( 'NONE', #677 ) ;
#2541 = LINE ( 'NONE', #3684, #1540 ) ;
#2542 = DIRECTION ( 'NONE',  ( -0.000000000000000000, -0.000000000000000000, -1.000000000000000000 ) ) ;
#2543 = LINE ( 'NONE', #4771, #1928 ) ;
#2544 = AXIS2_PLACEMENT_3D ( 'NONE', #4250, #1084, #3196 ) ;
#2545 = EDGE_CURVE ( 'NONE', #6646, #3303, #4271, .T. ) ;
#2546 = EDGE_CURVE ( 'NONE', #126, #2939, #1595, .T. ) ;
#2547 = CARTESIAN_POINT ( 'NONE',  ( -152.0319824218700262, 137.4438476562500284, 9.999999999999996447 ) ) ;
#2548 = CIRCLE ( 'NONE', #2767, 1.000000000000000888 ) ;
#2549 = EDGE_CURVE ( 'NONE', #5133, #256, #3482, .T. ) ;
#2550 = VERTEX_POINT ( 'NONE', #6501 ) ;
#2551 = CARTESIAN_POINT ( 'NONE',  ( -24.65830802917500009, 60.05131149291999293, 9.999999999999996447 ) ) ;
#2552 = EDGE_LOOP ( 'NONE', ( #2463, #5027, #1843, #1254 ) ) ;
#2553 = FILL_AREA_STYLE_COLOUR ( '', #4775 ) ;
#2554 = CIRCLE ( 'NONE', #3770, 1.000000000000000888 ) ;
#2555 = EDGE_CURVE ( 'NONE', #891, #2246, #3368, .T. ) ;
#2556 = AXIS2_PLACEMENT_3D ( 'NONE', #2811, #4937, #186 ) ;
#2557 = EDGE_CURVE ( 'NONE', #5642, #4581, #1258, .T. ) ;
#2558 = CIRCLE ( 'NONE', #2222, 1.000000000000000888 ) ;
#2559 = DIRECTION ( 'NONE',  ( -0.000000000000000000, 0.000000000000000000, 1.000000000000000000 ) ) ;
#2560 = ORIENTED_EDGE ( 'NONE', *, *, #2889, .T. ) ;
#2561 = ORIENTED_EDGE ( 'NONE', *, *, #4014, .T. ) ;
#2562 = DIRECTION ( 'NONE',  ( 1.000000000000000000, 0.000000000000000000, 0.000000000000000000 ) ) ;
#2563 = ORIENTED_EDGE ( 'NONE', *, *, #572, .F. ) ;
#2564 = DIRECTION ( 'NONE',  ( -0.000000000000000000, -0.000000000000000000, -1.000000000000000000 ) ) ;
#2565 = CIRCLE ( 'NONE', #5449, 2.999999999999999112 ) ;
#2566 = FACE_BOUND ( 'NONE', #3060, .T. ) ;
#2567 = CARTESIAN_POINT ( 'NONE',  ( -154.2508850097599975, 52.20724868774399852, 9.999999999999996447 ) ) ;
#2568 = VERTEX_POINT ( 'NONE', #2918 ) ;
#2569 = ORIENTED_EDGE ( 'NONE', *, *, #855, .T. ) ;
#2570 = CARTESIAN_POINT ( 'NONE',  ( -71.23078155517598020, 101.9165573120100134, 9.999999999999996447 ) ) ;
#2571 = DIRECTION ( 'NONE',  ( -0.000000000000000000, -0.000000000000000000, -1.000000000000000000 ) ) ;
#2572 = CARTESIAN_POINT ( 'NONE',  ( -22.44257545471200999, 18.70301628112799719, 9.999999999999996447 ) ) ;
#2573 = FACE_OUTER_BOUND ( 'NONE', #3593, .T. ) ;
#2574 = DIRECTION ( 'NONE',  ( -1.000000000000000000, 0.000000000000000000, 0.000000000000000000 ) ) ;
#2575 = EDGE_LOOP ( 'NONE', ( #2404, #98, #6134, #4323 ) ) ;
#2576 = ORIENTED_EDGE ( 'NONE', *, *, #3105, .F. ) ;
#2577 = CARTESIAN_POINT ( 'NONE',  ( -72.23078155517598020, 101.9165573120100134, 0.000000000000000000 ) ) ;
#2578 = ORIENTED_EDGE ( 'NONE', *, *, #4005, .F. ) ;
#2579 = DIRECTION ( 'NONE',  ( 1.000000000000000000, 0.000000000000000000, 0.000000000000000000 ) ) ;
#2580 = DIRECTION ( 'NONE',  ( -0.000000000000000000, 0.000000000000000000, 1.000000000000000000 ) ) ;
#2581 = CYLINDRICAL_SURFACE ( 'NONE', #4237, 1.599999999999997202 ) ;
#2582 = VECTOR ( 'NONE', #2526, 1000.000000000000000 ) ;
#2583 = ORIENTED_EDGE ( 'NONE', *, *, #364, .F. ) ;
#2584 = ADVANCED_FACE ( 'NONE', ( #6665, #4035 ), #3926, .T. ) ;
#2585 = CARTESIAN_POINT ( 'NONE',  ( -21.45818710327100476, 62.59131622314498600, 0.000000000000000000 ) ) ;
#2586 = EDGE_LOOP ( 'NONE', ( #1902, #2483 ) ) ;
#2587 = VECTOR ( 'NONE', #714, 1000.000000000000000 ) ;
#2588 = DIRECTION ( 'NONE',  ( 1.000000000000000000, 0.000000000000000000, 0.000000000000000000 ) ) ;
#2589 = AXIS2_PLACEMENT_3D ( 'NONE', #300, #4527, #3548 ) ;
#2590 = ORIENTED_EDGE ( 'NONE', *, *, #3474, .F. ) ;
#2591 = ORIENTED_EDGE ( 'NONE', *, *, #2168, .F. ) ;
#2592 = ADVANCED_FACE ( 'NONE', ( #5116, #3540 ), #807, .T. ) ;
#2593 = LINE ( 'NONE', #6823, #3412 ) ;
#2594 = ADVANCED_FACE ( 'NONE', ( #2361 ), #1844, .F. ) ;
#2595 = ORIENTED_EDGE ( 'NONE', *, *, #3308, .F. ) ;
#2596 = DIRECTION ( 'NONE',  ( -0.000000000000000000, 0.000000000000000000, 1.000000000000000000 ) ) ;
#2597 = EDGE_CURVE ( 'NONE', #1263, #719, #4704, .T. ) ;
#2598 = FACE_BOUND ( 'NONE', #401, .T. ) ;
#2599 = DIRECTION ( 'NONE',  ( 1.000000000000000000, 0.000000000000000000, 0.000000000000000000 ) ) ;
#2600 = ORIENTED_EDGE ( 'NONE', *, *, #268, .T. ) ;
#2601 = ORIENTED_EDGE ( 'NONE', *, *, #5861, .F. ) ;
#2602 = DIRECTION ( 'NONE',  ( -0.000000000000000000, -0.000000000000000000, -1.000000000000000000 ) ) ;
#2603 = ADVANCED_FACE ( 'NONE', ( #292 ), #841, .F. ) ;
#2604 = DIRECTION ( 'NONE',  ( -0.000000000000000000, -0.000000000000000000, -1.000000000000000000 ) ) ;
#2605 = CARTESIAN_POINT ( 'NONE',  ( -72.24639129638698876, 140.7248382568299974, 9.999999999999996447 ) ) ;
#2606 = DIRECTION ( 'NONE',  ( -1.000000000000000000, 0.000000000000000000, 0.000000000000000000 ) ) ;
#2607 = VERTEX_POINT ( 'NONE', #2393 ) ;
#2608 = VERTEX_POINT ( 'NONE', #6596 ) ;
#2609 = DIRECTION ( 'NONE',  ( -0.000000000000000000, 0.000000000000000000, 1.000000000000000000 ) ) ;
#2610 = CIRCLE ( 'NONE', #3935, 2.999999999999999112 ) ;
#2611 = CARTESIAN_POINT ( 'NONE',  ( -153.0163726806600266, 98.63555145263703139, 9.999999999999996447 ) ) ;
#2612 = DIRECTION ( 'NONE',  ( -0.000000000000000000, -0.000000000000000000, -1.000000000000000000 ) ) ;
#2613 = CARTESIAN_POINT ( 'NONE',  ( -105.6540756225499820, 102.6609878540000125, 9.999999999999996447 ) ) ;
#2614 = EDGE_LOOP ( 'NONE', ( #1178, #1447 ) ) ;
#2615 = DIRECTION ( 'NONE',  ( 1.000000000000000000, 0.000000000000000000, 0.000000000000000000 ) ) ;
#2616 = CARTESIAN_POINT ( 'NONE',  ( -24.73952293395999291, 132.5878753662099712, 9.999999999999996447 ) ) ;
#2617 = AXIS2_PLACEMENT_3D ( 'NONE', #2358, #1282, #706 ) ;
#2618 = CARTESIAN_POINT ( 'NONE',  ( -22.48940849304198508, 135.1278839111299988, 9.999999999999996447 ) ) ;
#2619 = FACE_OUTER_BOUND ( 'NONE', #3518, .T. ) ;
#2620 = ORIENTED_EDGE ( 'NONE', *, *, #4049, .F. ) ;
#2621 = VERTEX_POINT ( 'NONE', #1357 ) ;
#2622 = CARTESIAN_POINT ( 'NONE',  ( -154.2567138671799967, 139.9838409423799988, 9.999999999999996447 ) ) ;
#2623 = ORIENTED_EDGE ( 'NONE', *, *, #3395, .T. ) ;
#2624 = CARTESIAN_POINT ( 'NONE',  ( -152.0319824218700262, 137.4438476562500284, 9.999999999999996447 ) ) ;
#2625 = VECTOR ( 'NONE', #3949, 1000.000000000000000 ) ;
#2626 = EDGE_CURVE ( 'NONE', #6129, #3948, #3036, .T. ) ;
#2627 = FACE_BOUND ( 'NONE', #4284, .T. ) ;
#2628 = EDGE_CURVE ( 'NONE', #5023, #5500, #5519, .T. ) ;
#2629 = DIRECTION ( 'NONE',  ( -0.000000000000000000, 0.000000000000000000, 1.000000000000000000 ) ) ;
#2630 = EDGE_LOOP ( 'NONE', ( #2897, #2986, #3497, #1373 ) ) ;
#2631 = ORIENTED_EDGE ( 'NONE', *, *, #1661, .F. ) ;
#2632 = LINE ( 'NONE', #6834, #1509 ) ;
#2633 = CIRCLE ( 'NONE', #5750, 1.000000000000000888 ) ;
#2634 = CARTESIAN_POINT ( 'NONE',  ( -22.48940849304197087, 140.2078857421799682, 9.999999999999996447 ) ) ;
#2635 = VECTOR ( 'NONE', #735, 1000.000000000000000 ) ;
#2636 = ADVANCED_FACE ( 'NONE', ( #6086 ), #3402, .F. ) ;
#2637 = AXIS2_PLACEMENT_3D ( 'NONE', #5427, #680, #3248 ) ;
#2638 = DIRECTION ( 'NONE',  ( 1.000000000000000000, 0.000000000000000000, 0.000000000000000000 ) ) ;
#2639 = ORIENTED_EDGE ( 'NONE', *, *, #2879, .T. ) ;
#2640 = VERTEX_POINT ( 'NONE', #3472 ) ;
#2641 = DIRECTION ( 'NONE',  ( -1.000000000000000000, 0.000000000000000000, 0.000000000000000000 ) ) ;
#2642 = CIRCLE ( 'NONE', #5867, 1.000000000000000888 ) ;
#2643 = ORIENTED_EDGE ( 'NONE', *, *, #2368, .F. ) ;
#2644 = DIRECTION ( 'NONE',  ( 1.000000000000000000, 0.000000000000000000, 0.000000000000000000 ) ) ;
#2645 = DIRECTION ( 'NONE',  ( -1.000000000000000000, 0.000000000000000000, 0.000000000000000000 ) ) ;
#2646 = VECTOR ( 'NONE', #5779, 1000.000000000000000 ) ;
#2647 = CARTESIAN_POINT ( 'NONE',  ( -23.72391319274899502, 93.77958679199200276, 9.999999999999996447 ) ) ;
#2648 = CIRCLE ( 'NONE', #4326, 1.000000000000000888 ) ;
#2649 = AXIS2_PLACEMENT_3D ( 'NONE', #2456, #351, #4682 ) ;
#2650 = ORIENTED_EDGE ( 'NONE', *, *, #722, .T. ) ;
#2651 = LINE ( 'NONE', #1997, #3524 ) ;
#2652 = ORIENTED_EDGE ( 'NONE', *, *, #3443, .T. ) ;
#2653 = FACE_OUTER_BOUND ( 'NONE', #3803, .T. ) ;
#2654 = DIRECTION ( 'NONE',  ( -0.000000000000000000, -0.000000000000000000, -1.000000000000000000 ) ) ;
#2655 = AXIS2_PLACEMENT_3D ( 'NONE', #6000, #2866, #4994 ) ;
#2656 = DIRECTION ( 'NONE',  ( -0.000000000000000000, -0.000000000000000000, 1.000000000000000000 ) ) ;
#2657 = CIRCLE ( 'NONE', #4441, 1.000000000000000888 ) ;
#2658 = DIRECTION ( 'NONE',  ( 1.000000000000000000, 0.000000000000000000, 0.000000000000000000 ) ) ;
#2659 = ORIENTED_EDGE ( 'NONE', *, *, #1873, .T. ) ;
#2660 = AXIS2_PLACEMENT_3D ( 'NONE', #2134, #3214, #59 ) ;
#2661 = VERTEX_POINT ( 'NONE', #1424 ) ;
#2662 = FACE_OUTER_BOUND ( 'NONE', #5741, .T. ) ;
#2663 = ORIENTED_EDGE ( 'NONE', *, *, #3573, .F. ) ;
#2664 = DIRECTION ( 'NONE',  ( -1.000000000000000000, 0.000000000000000000, 0.000000000000000000 ) ) ;
#2665 = ORIENTED_EDGE ( 'NONE', *, *, #3440, .T. ) ;
#2666 = ORIENTED_EDGE ( 'NONE', *, *, #2837, .T. ) ;
#2667 = CARTESIAN_POINT ( 'NONE',  ( -106.6384658813399824, 63.85269927978499993, 9.999999999999996447 ) ) ;
#2668 = AXIS2_PLACEMENT_3D ( 'NONE', #365, #2533, #3576 ) ;
#2669 = ADVANCED_FACE ( 'NONE', ( #3442 ), #1807, .F. ) ;
#2670 = ADVANCED_FACE ( 'NONE', ( #3023 ), #5077, .F. ) ;
#2671 = DIRECTION ( 'NONE',  ( 1.000000000000000000, 0.000000000000000000, 0.000000000000000000 ) ) ;
#2672 = CARTESIAN_POINT ( 'NONE',  ( -155.0509948730399969, 129.7940063476499972, 9.999999999999996447 ) ) ;
#2673 = CARTESIAN_POINT ( 'NONE',  ( -15.63240926640897399, 158.7275907335900058, 0.000000000000000000 ) ) ;
#2674 = VERTEX_POINT ( 'NONE', #2954 ) ;
#2675 = ORIENTED_EDGE ( 'NONE', *, *, #5601, .F. ) ;
#2676 = CARTESIAN_POINT ( 'NONE',  ( -152.0163726806600266, 98.63555145263703139, 9.999999999999996447 ) ) ;
#2677 = CARTESIAN_POINT ( 'NONE',  ( -151.0007629394500270, 59.82726287841799717, 9.999999999999996447 ) ) ;
#2678 = EDGE_CURVE ( 'NONE', #1038, #3028, #2884, .T. ) ;
#2679 = EDGE_CURVE ( 'NONE', #6352, #1653, #4277, .T. ) ;
#2680 = DIRECTION ( 'NONE',  ( 1.000000000000000000, 0.000000000000000000, 0.000000000000000000 ) ) ;
#2681 = EDGE_CURVE ( 'NONE', #4939, #6053, #947, .T. ) ;
#2682 = CARTESIAN_POINT ( 'NONE',  ( -23.73952293395999291, 132.5878753662099712, 0.000000000000000000 ) ) ;
#2683 = ORIENTED_EDGE ( 'NONE', *, *, #6837, .T. ) ;
#2684 = CARTESIAN_POINT ( 'NONE',  ( -112.9858016967699825, 121.3684310913000246, 9.999999999999996447 ) ) ;
#2685 = ADVANCED_FACE ( 'NONE', ( #2465 ), #496, .F. ) ;
#2686 = DIRECTION ( 'NONE',  ( -1.000000000000000000, 0.000000000000000000, 0.000000000000000000 ) ) ;
#2687 = FACE_OUTER_BOUND ( 'NONE', #3667, .T. ) ;
#2688 = CIRCLE ( 'NONE', #3353, 1.000000000000000888 ) ;
#2689 = LINE ( 'NONE', #1163, #1215 ) ;
#2690 = CARTESIAN_POINT ( 'NONE',  ( -70.10182952880897744, 128.5624389648399983, 0.000000000000000000 ) ) ;
#2691 = EDGE_LOOP ( 'NONE', ( #3034, #2723, #4766, #6567 ) ) ;
#2692 = VERTEX_POINT ( 'NONE', #944 ) ;
#2693 = DIRECTION ( 'NONE',  ( -0.000000000000000000, -0.000000000000000000, -1.000000000000000000 ) ) ;
#2694 = VECTOR ( 'NONE', #5989, 1000.000000000000000 ) ;
#2695 = ORIENTED_EDGE ( 'NONE', *, *, #4983, .T. ) ;
#2696 = LINE ( 'NONE', #1006, #1989 ) ;
#2697 = CIRCLE ( 'NONE', #5810, 1.000000000000000888 ) ;
#2698 = FACE_BOUND ( 'NONE', #3003, .T. ) ;
#2699 = ORIENTED_EDGE ( 'NONE', *, *, #5653, .T. ) ;
#2700 = DIRECTION ( 'NONE',  ( -0.000000000000000000, 0.000000000000000000, 1.000000000000000000 ) ) ;
#2701 = VERTEX_POINT ( 'NONE', #2079 ) ;
#2702 = CARTESIAN_POINT ( 'NONE',  ( -61.75449371337899152, 71.04670715332001407, 9.999999999999996447 ) ) ;
#2703 = FACE_BOUND ( 'NONE', #537, .T. ) ;
#2704 = CARTESIAN_POINT ( 'NONE',  ( -113.9858016967699825, 121.3684310913000246, 9.999999999999996447 ) ) ;
#2705 = CARTESIAN_POINT ( 'NONE',  ( -24.64269638061500345, 26.32303047180200295, 9.999999999999996447 ) ) ;
#2706 = ORIENTED_EDGE ( 'NONE', *, *, #5110, .T. ) ;
#2707 = ORIENTED_EDGE ( 'NONE', *, *, #315, .F. ) ;
#2708 = DIRECTION ( 'NONE',  ( 1.000000000000000000, 0.000000000000000000, 0.000000000000000000 ) ) ;
#2709 = CARTESIAN_POINT ( 'NONE',  ( -105.6384658813399824, 63.85269927978499993, 9.999999999999996447 ) ) ;
#2710 = CARTESIAN_POINT ( 'NONE',  ( -24.70830154418900193, 54.97129821777300407, 0.000000000000000000 ) ) ;
#2711 = DIRECTION ( 'NONE',  ( -0.000000000000000000, -0.000000000000000000, -1.000000000000000000 ) ) ;
#2712 = EDGE_CURVE ( 'NONE', #4251, #6749, #286, .T. ) ;
#2713 = EDGE_CURVE ( 'NONE', #3418, #5372, #6286, .T. ) ;
#2714 = AXIS2_PLACEMENT_3D ( 'NONE', #4379, #149, #4828 ) ;
#2715 = EDGE_LOOP ( 'NONE', ( #770, #3915 ) ) ;
#2716 = EDGE_CURVE ( 'NONE', #4094, #256, #4689, .T. ) ;
#2717 = CYLINDRICAL_SURFACE ( 'NONE', #4974, 1.000000000000000888 ) ;
#2718 = FACE_OUTER_BOUND ( 'NONE', #853, .T. ) ;
#2719 = CARTESIAN_POINT ( 'NONE',  ( -151.0507659912100280, 49.66724395752000731, 9.999999999999996447 ) ) ;
#2720 = DIRECTION ( 'NONE',  ( 1.000000000000000000, 0.000000000000000000, 0.000000000000000000 ) ) ;
#2721 = EDGE_CURVE ( 'NONE', #5130, #4687, #3053, .T. ) ;
#2722 = DIRECTION ( 'NONE',  ( -0.000000000000000000, 0.000000000000000000, 1.000000000000000000 ) ) ;
#2723 = ORIENTED_EDGE ( 'NONE', *, *, #3696, .T. ) ;
#2724 = AXIS2_PLACEMENT_3D ( 'NONE', #6182, #5728, #4555 ) ;
#2725 = ORIENTED_EDGE ( 'NONE', *, *, #5912, .T. ) ;
#2726 = DIRECTION ( 'NONE',  ( -0.000000000000000000, 0.000000000000000000, 1.000000000000000000 ) ) ;
#2727 = EDGE_LOOP ( 'NONE', ( #5128, #5323, #2595, #6391 ) ) ;
#2728 = DIRECTION ( 'NONE',  ( 1.000000000000000000, 0.000000000000000000, 0.000000000000000000 ) ) ;
#2729 = AXIS2_PLACEMENT_3D ( 'NONE', #1502, #3586, #439 ) ;
#2730 = ORIENTED_EDGE ( 'NONE', *, *, #1916, .F. ) ;
#2731 = DIRECTION ( 'NONE',  ( -0.000000000000000000, 0.000000000000000000, 1.000000000000000000 ) ) ;
#2732 = ORIENTED_EDGE ( 'NONE', *, *, #5025, .T. ) ;
#2733 = DIRECTION ( 'NONE',  ( -0.000000000000000000, -0.000000000000000000, -1.000000000000000000 ) ) ;
#2734 = DIRECTION ( 'NONE',  ( -0.000000000000000000, 0.000000000000000000, 1.000000000000000000 ) ) ;
#2735 = FACE_BOUND ( 'NONE', #5506, .T. ) ;
#2736 = VECTOR ( 'NONE', #5686, 1000.000000000000000 ) ;
#2737 = DIRECTION ( 'NONE',  ( -0.000000000000000000, 0.000000000000000000, 1.000000000000000000 ) ) ;
#2738 = CYLINDRICAL_SURFACE ( 'NONE', #3218, 1.000000000000000888 ) ;
#2739 = VERTEX_POINT ( 'NONE', #4178 ) ;
#2740 = ORIENTED_EDGE ( 'NONE', *, *, #6330, .T. ) ;
#2741 = CARTESIAN_POINT ( 'NONE',  ( -152.0663909912099996, 88.47553253173801124, 9.999999999999996447 ) ) ;
#2742 = CIRCLE ( 'NONE', #6622, 1.000000000000000888 ) ;
#2743 = DIRECTION ( 'NONE',  ( -0.000000000000000000, -0.000000000000000000, -1.000000000000000000 ) ) ;
#2744 = DIRECTION ( 'NONE',  ( -0.000000000000000000, 0.000000000000000000, 1.000000000000000000 ) ) ;
#2745 = CIRCLE ( 'NONE', #4862, 1.599999999999990319 ) ;
#2746 = DIRECTION ( 'NONE',  ( 1.000000000000000000, 0.000000000000000000, 0.000000000000000000 ) ) ;
#2747 = VECTOR ( 'NONE', #6682, 1000.000000000000000 ) ;
#2748 = VERTEX_POINT ( 'NONE', #2495 ) ;
#2749 = VECTOR ( 'NONE', #4703, 1000.000000000000000 ) ;
#2750 = DIRECTION ( 'NONE',  ( -0.000000000000000000, -0.000000000000000000, -1.000000000000000000 ) ) ;
#2751 = DIRECTION ( 'NONE',  ( 1.000000000000000000, 0.000000000000000000, 0.000000000000000000 ) ) ;
#2752 = ADVANCED_FACE ( 'NONE', ( #3126 ), #4724, .F. ) ;
#2753 = EDGE_CURVE ( 'NONE', #1593, #415, #6486, .T. ) ;
#2754 = AXIS2_PLACEMENT_3D ( 'NONE', #3372, #2850, #4978 ) ;
#2755 = DIRECTION ( 'NONE',  ( -0.000000000000000000, 0.000000000000000000, 1.000000000000000000 ) ) ;
#2756 = EDGE_CURVE ( 'NONE', #2540, #4939, #3605, .T. ) ;
#2757 = CIRCLE ( 'NONE', #3424, 1.000000000000000888 ) ;
#2758 = VERTEX_POINT ( 'NONE', #6220 ) ;
#2759 = VERTEX_POINT ( 'NONE', #5732 ) ;
#2760 = LINE ( 'NONE', #2236, #880 ) ;
#2761 = VERTEX_POINT ( 'NONE', #3677 ) ;
#2762 = CARTESIAN_POINT ( 'NONE',  ( -10.63399999999999679, 158.7275907335900058, 9.999999999999996447 ) ) ;
#2763 = EDGE_LOOP ( 'NONE', ( #478, #4119, #2484, #2383 ) ) ;
#2764 = CARTESIAN_POINT ( 'NONE',  ( -153.2508850097599691, 57.28725814819298989, 9.999999999999996447 ) ) ;
#2765 = ADVANCED_FACE ( 'NONE', ( #1049 ), #6836, .F. ) ;
#2766 = EDGE_CURVE ( 'NONE', #4678, #6180, #4053, .T. ) ;
#2767 = AXIS2_PLACEMENT_3D ( 'NONE', #172, #2344, #204 ) ;
#2768 = FACE_BOUND ( 'NONE', #188, .T. ) ;
#2769 = ORIENTED_EDGE ( 'NONE', *, *, #1024, .T. ) ;
#2770 = DIRECTION ( 'NONE',  ( 1.000000000000000000, 0.000000000000000000, 0.000000000000000000 ) ) ;
#2771 = ORIENTED_EDGE ( 'NONE', *, *, #3108, .F. ) ;
#2772 = CYLINDRICAL_SURFACE ( 'NONE', #3624, 1.000000000000000888 ) ;
#2773 = DIRECTION ( 'NONE',  ( 1.000000000000000000, 0.000000000000000000, 0.000000000000000000 ) ) ;
#2774 = ORIENTED_EDGE ( 'NONE', *, *, #394, .F. ) ;
#2775 = FACE_BOUND ( 'NONE', #5220, .T. ) ;
#2776 = CIRCLE ( 'NONE', #4123, 1.000000000000000888 ) ;
#2777 = DIRECTION ( 'NONE',  ( -0.000000000000000000, 0.000000000000000000, 1.000000000000000000 ) ) ;
#2778 = AXIS2_PLACEMENT_3D ( 'NONE', #5022, #166, #237 ) ;
#2779 = DIRECTION ( 'NONE',  ( -0.000000000000000000, -0.000000000000000000, -1.000000000000000000 ) ) ;
#2780 = VERTEX_POINT ( 'NONE', #5214 ) ;
#2781 = ORIENTED_EDGE ( 'NONE', *, *, #236, .T. ) ;
#2782 = LINE ( 'NONE', #4906, #6057 ) ;
#2783 = CYLINDRICAL_SURFACE ( 'NONE', #3423, 1.000000000000000888 ) ;
#2784 = DIRECTION ( 'NONE',  ( -0.000000000000000000, 0.000000000000000000, 1.000000000000000000 ) ) ;
#2785 = AXIS2_PLACEMENT_3D ( 'NONE', #3444, #6565, #5559 ) ;
#2786 = CARTESIAN_POINT ( 'NONE',  ( -159.2818843553800150, 5.006115644616000893, 9.999999999999996447 ) ) ;
#2787 = EDGE_LOOP ( 'NONE', ( #1552, #6383, #2576, #2096 ) ) ;
#2788 = FACE_OUTER_BOUND ( 'NONE', #6259, .T. ) ;
#2789 = DIRECTION ( 'NONE',  ( -1.000000000000000000, 0.000000000000000000, 0.000000000000000000 ) ) ;
#2790 = CARTESIAN_POINT ( 'NONE',  ( -160.8835907335899549, 158.7275907335900058, 9.999999999999996447 ) ) ;
#2791 = EDGE_CURVE ( 'NONE', #2640, #2417, #6048, .T. ) ;
#2792 = VERTEX_POINT ( 'NONE', #2051 ) ;
#2793 = EDGE_LOOP ( 'NONE', ( #6328, #4000, #4869, #566 ) ) ;
#2794 = DIRECTION ( 'NONE',  ( -0.000000000000000000, -0.000000000000000000, -1.000000000000000000 ) ) ;
#2795 = ORIENTED_EDGE ( 'NONE', *, *, #2626, .F. ) ;
#2796 = DIRECTION ( 'NONE',  ( -0.000000000000000000, -0.000000000000000000, -1.000000000000000000 ) ) ;
#2797 = CIRCLE ( 'NONE', #4027, 1.000000000000000888 ) ;
#2798 = EDGE_CURVE ( 'NONE', #4776, #3074, #1721, .T. ) ;
#2799 = VECTOR ( 'NONE', #1223, 1000.000000000000000 ) ;
#2800 = EDGE_CURVE ( 'NONE', #5673, #5293, #1058, .T. ) ;
#2801 = ORIENTED_EDGE ( 'NONE', *, *, #5182, .T. ) ;
#2802 = DIRECTION ( 'NONE',  ( -0.000000000000000000, 0.000000000000000000, 1.000000000000000000 ) ) ;
#2803 = VERTEX_POINT ( 'NONE', #5804 ) ;
#2804 = FACE_OUTER_BOUND ( 'NONE', #1329, .T. ) ;
#2805 = EDGE_LOOP ( 'NONE', ( #27, #369 ) ) ;
#2806 = EDGE_CURVE ( 'NONE', #1567, #2550, #5716, .T. ) ;
#2807 = FACE_BOUND ( 'NONE', #2008, .T. ) ;
#2808 = AXIS2_PLACEMENT_3D ( 'NONE', #1395, #2961, #5085 ) ;
#2809 = CARTESIAN_POINT ( 'NONE',  ( -154.2664947509699971, 96.09555053710899131, 9.999999999999996447 ) ) ;
#2810 = EDGE_CURVE ( 'NONE', #4094, #229, #3712, .T. ) ;
#2811 = CARTESIAN_POINT ( 'NONE',  ( -152.0820007324199992, 127.2838211059499685, 0.000000000000000000 ) ) ;
#2812 = ORIENTED_EDGE ( 'NONE', *, *, #5063, .T. ) ;
#2813 = ORIENTED_EDGE ( 'NONE', *, *, #2798, .T. ) ;
#2814 = DIRECTION ( 'NONE',  ( 1.000000000000000000, 0.000000000000000000, 0.000000000000000000 ) ) ;
#2815 = DIRECTION ( 'NONE',  ( -0.000000000000000000, 0.000000000000000000, 1.000000000000000000 ) ) ;
#2816 = FACE_OUTER_BOUND ( 'NONE', #5937, .T. ) ;
#2817 = ORIENTED_EDGE ( 'NONE', *, *, #783, .F. ) ;
#2818 = DIRECTION ( 'NONE',  ( -1.000000000000000000, 0.000000000000000000, 0.000000000000000000 ) ) ;
#2819 = DIRECTION ( 'NONE',  ( -0.000000000000000000, -0.000000000000000000, -1.000000000000000000 ) ) ;
#2820 = CARTESIAN_POINT ( 'NONE',  ( -107.6696853637699718, 141.4692840576099968, 0.000000000000000000 ) ) ;
#2821 = AXIS2_PLACEMENT_3D ( 'NONE', #3695, #4234, #3015 ) ;
#2822 = ORIENTED_EDGE ( 'NONE', *, *, #1885, .F. ) ;
#2823 = VERTEX_POINT ( 'NONE', #2117 ) ;
#2824 = DIRECTION ( 'NONE',  ( 1.000000000000000000, 0.000000000000000000, 0.000000000000000000 ) ) ;
#2825 = ORIENTED_EDGE ( 'NONE', *, *, #6246, .F. ) ;
#2826 = CARTESIAN_POINT ( 'NONE',  ( -25.68952941894499276, 137.6678924560500263, 0.000000000000000000 ) ) ;
#2827 = VECTOR ( 'NONE', #5571, 1000.000000000000000 ) ;
#2828 = CIRCLE ( 'NONE', #1619, 1.000000000000000888 ) ;
#2829 = ORIENTED_EDGE ( 'NONE', *, *, #3568, .T. ) ;
#2830 = ORIENTED_EDGE ( 'NONE', *, *, #514, .T. ) ;
#2831 = CARTESIAN_POINT ( 'NONE',  ( -25.68952941894499276, 142.7478942870999958, 9.999999999999996447 ) ) ;
#2832 = CARTESIAN_POINT ( 'NONE',  ( -22.48358726501501081, 52.43129348754900576, 9.999999999999996447 ) ) ;
#2833 = ORIENTED_EDGE ( 'NONE', *, *, #6742, .F. ) ;
#2834 = CARTESIAN_POINT ( 'NONE',  ( -25.64269638061500345, 26.32303047180200295, 0.000000000000000000 ) ) ;
#2835 = FACE_BOUND ( 'NONE', #5289, .T. ) ;
#2836 = VECTOR ( 'NONE', #1647, 1000.000000000000000 ) ;
#2837 = EDGE_CURVE ( 'NONE', #5588, #6297, #1499, .T. ) ;
#2838 = EDGE_CURVE ( 'NONE', #5588, #5221, #1668, .T. ) ;
#2839 = EDGE_CURVE ( 'NONE', #3074, #4776, #3045, .T. ) ;
#2840 = CYLINDRICAL_SURFACE ( 'NONE', #977, 1.000000000000000888 ) ;
#2841 = FACE_OUTER_BOUND ( 'NONE', #3680, .T. ) ;
#2842 = ORIENTED_EDGE ( 'NONE', *, *, #2756, .T. ) ;
#2843 = VERTEX_POINT ( 'NONE', #114 ) ;
#2844 = FACE_OUTER_BOUND ( 'NONE', #6510, .T. ) ;
#2845 = EDGE_LOOP ( 'NONE', ( #5796, #5474 ) ) ;
#2846 = DIRECTION ( 'NONE',  ( -0.000000000000000000, -0.000000000000000000, -1.000000000000000000 ) ) ;
#2847 = EDGE_CURVE ( 'NONE', #5104, #5830, #5274, .T. ) ;
#2848 = LINE ( 'NONE', #2919, #4784 ) ;
#2849 = DIRECTION ( 'NONE',  ( -0.000000000000000000, -0.000000000000000000, -1.000000000000000000 ) ) ;
#2850 = DIRECTION ( 'NONE',  ( -0.000000000000000000, -0.000000000000000000, -1.000000000000000000 ) ) ;
#2851 = VERTEX_POINT ( 'NONE', #4280 ) ;
#2852 = CIRCLE ( 'NONE', #2081, 1.000000000000000888 ) ;
#2853 = DIRECTION ( 'NONE',  ( -0.000000000000000000, -0.000000000000000000, -1.000000000000000000 ) ) ;
#2854 = CARTESIAN_POINT ( 'NONE',  ( -113.9389648437500142, 4.943568706511997313, 0.000000000000000000 ) ) ;
#2855 = VECTOR ( 'NONE', #1821, 1000.000000000000000 ) ;
#2856 = ADVANCED_FACE ( 'NONE', ( #3747 ), #634, .F. ) ;
#2857 = LINE ( 'NONE', #4986, #1120 ) ;
#2858 = VECTOR ( 'NONE', #2971, 1000.000000000000000 ) ;
#2859 = CIRCLE ( 'NONE', #5755, 1.000000000000000888 ) ;
#2860 = ORIENTED_EDGE ( 'NONE', *, *, #4425, .F. ) ;
#2861 = ORIENTED_EDGE ( 'NONE', *, *, #3272, .T. ) ;
#2862 = CARTESIAN_POINT ( 'NONE',  ( -12.63411564461600101, 5.006115644616000893, 9.999999999999996447 ) ) ;
#2863 = DIRECTION ( 'NONE',  ( -0.000000000000000000, 0.000000000000000000, 1.000000000000000000 ) ) ;
#2864 = AXIS2_PLACEMENT_3D ( 'NONE', #3058, #5180, #5219 ) ;
#2865 = ORIENTED_EDGE ( 'NONE', *, *, #4818, .T. ) ;
#2866 = DIRECTION ( 'NONE',  ( -0.000000000000000000, -0.000000000000000000, -1.000000000000000000 ) ) ;
#2867 = AXIS2_PLACEMENT_3D ( 'NONE', #5290, #5224, #2579 ) ;
#2868 = AXIS2_PLACEMENT_3D ( 'NONE', #4692, #1530, #3642 ) ;
#2869 = ORIENTED_EDGE ( 'NONE', *, *, #3870, .F. ) ;
#2870 = AXIS2_PLACEMENT_3D ( 'NONE', #1868, #762, #799 ) ;
#2871 = ORIENTED_EDGE ( 'NONE', *, *, #5475, .T. ) ;
#2872 = CARTESIAN_POINT ( 'NONE',  ( -23.48358726501501081, 52.43129348754900576, 0.000000000000000000 ) ) ;
#2873 = VERTEX_POINT ( 'NONE', #3847 ) ;
#2874 = LINE ( 'NONE', #5890, #6101 ) ;
#2875 = FACE_BOUND ( 'NONE', #4613, .T. ) ;
#2876 = CIRCLE ( 'NONE', #455, 1.000000000000000888 ) ;
#2877 = CARTESIAN_POINT ( 'NONE',  ( -114.9701919555599972, 82.56014251709001428, 9.999999999999996447 ) ) ;
#2878 = ORIENTED_EDGE ( 'NONE', *, *, #5520, .F. ) ;
#2879 = EDGE_CURVE ( 'NONE', #5221, #5778, #513, .T. ) ;
#2880 = ORIENTED_EDGE ( 'NONE', *, *, #1152, .T. ) ;
#2881 = DIRECTION ( 'NONE',  ( 1.000000000000000000, 0.000000000000000000, 0.000000000000000000 ) ) ;
#2882 = CIRCLE ( 'NONE', #5108, 1.000000000000000888 ) ;
#2883 = EDGE_LOOP ( 'NONE', ( #1920, #2029 ) ) ;
#2884 = LINE ( 'NONE', #328, #5478 ) ;
#2885 = DIRECTION ( 'NONE',  ( -1.000000000000000000, 0.000000000000000000, 0.000000000000000000 ) ) ;
#2886 = VECTOR ( 'NONE', #2930, 1000.000000000000000 ) ;
#2887 = LINE ( 'NONE', #6092, #5421 ) ;
#2888 = ORIENTED_EDGE ( 'NONE', *, *, #3746, .T. ) ;
#2889 = EDGE_CURVE ( 'NONE', #361, #1637, #2610, .T. ) ;
#2890 = ADVANCED_FACE ( 'NONE', ( #44, #6458, #1115, #3233, #5881, #5413, #2249, #75, #5975, #2735, #2181, #1208, #3333, #2148, #4316, #1630, #3785, #4932, #2807, #5351, #599, #5450, #5911, #180, #2703, #3190, #6422, #4863, #2281, #2218, #1698, #5317, #3816, #5941, #6525, #1174, #3298, #669, #2775, #1767, #4901, #2423, #5107, #3465, #800, #4477, #1381, #1938, #1870, #6689, #6115, #2386, #4546, #1834, #6656, #833, #5071, #3499, #318, #6072, #5508, #4579, #764, #2909, #1906, #5583, #2945, #4026, #2875, #6143, #5036, #4060, #3432, #2980, #4510, #6589, #6620, #4448, #3953, #3989, #1349, #2835, #5619, #1310, #6557 ), #866, .T. ) ;
#2891 = CARTESIAN_POINT ( 'NONE',  ( -106.6228561401299970, 25.04441070556600479, 9.999999999999996447 ) ) ;
#2892 = DIRECTION ( 'NONE',  ( 1.805575675068430612E-16, -1.000000000000000000, 0.000000000000000000 ) ) ;
#2893 = EDGE_CURVE ( 'NONE', #6606, #2761, #2489, .T. ) ;
#2894 = AXIS2_PLACEMENT_3D ( 'NONE', #2786, #5046, #2885 ) ;
#2895 = DIRECTION ( 'NONE',  ( 1.000000000000000000, 0.000000000000000000, 0.000000000000000000 ) ) ;
#2896 = CIRCLE ( 'NONE', #251, 1.000000000000000888 ) ;
#2897 = ORIENTED_EDGE ( 'NONE', *, *, #3910, .T. ) ;
#2898 = EDGE_CURVE ( 'NONE', #3881, #1443, #6492, .T. ) ;
#2899 = DIRECTION ( 'NONE',  ( -0.000000000000000000, -0.000000000000000000, 1.000000000000000000 ) ) ;
#2900 = CARTESIAN_POINT ( 'NONE',  ( -164.2819999999999823, 158.7275907335900058, 9.999999999999996447 ) ) ;
#2901 = EDGE_LOOP ( 'NONE', ( #1771, #147 ) ) ;
#2902 = DIRECTION ( 'NONE',  ( -0.000000000000000000, -0.000000000000000000, -1.000000000000000000 ) ) ;
#2903 = DIRECTION ( 'NONE',  ( 1.000000000000000000, 0.000000000000000000, 0.000000000000000000 ) ) ;
#2904 = VERTEX_POINT ( 'NONE', #2314 ) ;
#2905 = ORIENTED_EDGE ( 'NONE', *, *, #4934, .T. ) ;
#2906 = CARTESIAN_POINT ( 'NONE',  ( -22.45818710327100831, 62.59131622314498600, 9.999999999999996447 ) ) ;
#2907 = ORIENTED_EDGE ( 'NONE', *, *, #4969, .F. ) ;
#2908 = FACE_OUTER_BOUND ( 'NONE', #4313, .T. ) ;
#2909 = FACE_BOUND ( 'NONE', #3716, .T. ) ;
#2910 = AXIS2_PLACEMENT_3D ( 'NONE', #3635, #5210, #5173 ) ;
#2911 = DIRECTION ( 'NONE',  ( 1.000000000000000000, 0.000000000000000000, 0.000000000000000000 ) ) ;
#2912 = DIRECTION ( 'NONE',  ( -1.000000000000000000, 0.000000000000000000, 0.000000000000000000 ) ) ;
#2913 = EDGE_LOOP ( 'NONE', ( #5279, #2323 ) ) ;
#2914 = EDGE_LOOP ( 'NONE', ( #3270, #2381, #5120, #4721 ) ) ;
#2915 = CARTESIAN_POINT ( 'NONE',  ( -24.68952941894499276, 142.7478942870999958, 9.999999999999996447 ) ) ;
#2916 = VECTOR ( 'NONE', #4879, 1000.000000000000000 ) ;
#2917 = ORIENTED_EDGE ( 'NONE', *, *, #6327, .T. ) ;
#2918 = CARTESIAN_POINT ( 'NONE',  ( -25.65830802917498588, 65.13131713867201711, 0.000000000000000000 ) ) ;
#2919 = CARTESIAN_POINT ( 'NONE',  ( -150.9851531982400275, 21.01897430419899493, 9.999999999999996447 ) ) ;
#2920 = CIRCLE ( 'NONE', #5466, 1.000000000000000888 ) ;
#2921 = LINE ( 'NONE', #1288, #5758 ) ;
#2922 = DIRECTION ( 'NONE',  ( -1.000000000000000000, 0.000000000000000000, 0.000000000000000000 ) ) ;
#2923 = VERTEX_POINT ( 'NONE', #4961 ) ;
#2924 = DIRECTION ( 'NONE',  ( -0.000000000000000000, -0.000000000000000000, -1.000000000000000000 ) ) ;
#2925 = DIRECTION ( 'NONE',  ( -0.000000000000000000, -0.000000000000000000, -1.000000000000000000 ) ) ;
#2926 = DIRECTION ( 'NONE',  ( 1.000000000000000000, 0.000000000000000000, 0.000000000000000000 ) ) ;
#2927 = AXIS2_PLACEMENT_3D ( 'NONE', #2289, #4420, #6631 ) ;
#2928 = ADVANCED_FACE ( 'NONE', ( #6040 ), #213, .F. ) ;
#2929 = EDGE_CURVE ( 'NONE', #1926, #3871, #3156, .T. ) ;
#2930 = DIRECTION ( 'NONE',  ( -0.000000000000000000, -0.000000000000000000, 1.000000000000000000 ) ) ;
#2931 = EDGE_CURVE ( 'NONE', #1637, #3948, #3215, .T. ) ;
#2932 = ORIENTED_EDGE ( 'NONE', *, *, #5822, .T. ) ;
#2933 = CARTESIAN_POINT ( 'NONE',  ( -22.44257545471200999, 18.70301628112799719, 9.999999999999996447 ) ) ;
#2934 = CARTESIAN_POINT ( 'NONE',  ( -24.65830802917498588, 65.13131713867201711, 9.999999999999996447 ) ) ;
#2935 = ORIENTED_EDGE ( 'NONE', *, *, #1652, .F. ) ;
#2936 = CARTESIAN_POINT ( 'NONE',  ( -152.0820007324199992, 127.2838211059499685, 9.999999999999996447 ) ) ;
#2937 = EDGE_CURVE ( 'NONE', #6477, #5201, #4829, .T. ) ;
#2938 = CARTESIAN_POINT ( 'NONE',  ( -151.0163726806600266, 98.63555145263703139, 9.999999999999996447 ) ) ;
#2939 = VERTEX_POINT ( 'NONE', #5658 ) ;
#2940 = AXIS2_PLACEMENT_3D ( 'NONE', #3533, #5857, #512 ) ;
#2941 = ORIENTED_EDGE ( 'NONE', *, *, #5228, .F. ) ;
#2942 = CYLINDRICAL_SURFACE ( 'NONE', #1083, 1.599999999999990319 ) ;
#2943 = VERTEX_POINT ( 'NONE', #5265 ) ;
#2944 = DIRECTION ( 'NONE',  ( -0.000000000000000000, 0.000000000000000000, 1.000000000000000000 ) ) ;
#2945 = FACE_BOUND ( 'NONE', #1088, .T. ) ;
#2946 = VECTOR ( 'NONE', #1124, 1000.000000000000000 ) ;
#2947 = DIRECTION ( 'NONE',  ( -0.000000000000000000, 0.000000000000000000, 1.000000000000000000 ) ) ;
#2948 = CARTESIAN_POINT ( 'NONE',  ( -23.45818710327100831, 62.59131622314498600, 9.999999999999996447 ) ) ;
#2949 = EDGE_LOOP ( 'NONE', ( #383, #6593 ) ) ;
#2950 = EDGE_LOOP ( 'NONE', ( #6113, #2795 ) ) ;
#2951 = CARTESIAN_POINT ( 'NONE',  ( -153.2098693847599975, 23.55898094177199908, 9.999999999999996447 ) ) ;
#2952 = AXIS2_PLACEMENT_3D ( 'NONE', #2286, #3821, #5948 ) ;
#2953 = ORIENTED_EDGE ( 'NONE', *, *, #2414, .T. ) ;
#2954 = CARTESIAN_POINT ( 'NONE',  ( -21.44257545471200999, 23.78302574157699922, 9.999999999999996447 ) ) ;
#2955 = CARTESIAN_POINT ( 'NONE',  ( -153.0351562500000284, 10.85895442962599766, 9.999999999999996447 ) ) ;
#2956 = CARTESIAN_POINT ( 'NONE',  ( -106.6696853637699718, 141.4692840576099968, 9.999999999999996447 ) ) ;
#2957 = DIRECTION ( 'NONE',  ( -0.000000000000000000, 0.000000000000000000, 1.000000000000000000 ) ) ;
#2958 = ORIENTED_EDGE ( 'NONE', *, *, #959, .T. ) ;
#2959 = ORIENTED_EDGE ( 'NONE', *, *, #3474, .T. ) ;
#2960 = DIRECTION ( 'NONE',  ( -0.000000000000000000, 0.000000000000000000, 1.000000000000000000 ) ) ;
#2961 = DIRECTION ( 'NONE',  ( -0.000000000000000000, 0.000000000000000000, 1.000000000000000000 ) ) ;
#2962 = AXIS2_PLACEMENT_3D ( 'NONE', #3012, #1866, #4022 ) ;
#2963 = DIRECTION ( 'NONE',  ( 1.000000000000000000, 0.000000000000000000, 0.000000000000000000 ) ) ;
#2964 = ORIENTED_EDGE ( 'NONE', *, *, #1574, .F. ) ;
#2965 = PRODUCT_DEFINITION_CONTEXT ( 'detailed design', #4910, 'design' ) ;
#2966 = EDGE_CURVE ( 'NONE', #1787, #3974, #1971, .T. ) ;
#2967 = DIRECTION ( 'NONE',  ( -0.000000000000000000, -0.000000000000000000, -1.000000000000000000 ) ) ;
#2968 = ADVANCED_FACE ( 'NONE', ( #586 ), #906, .F. ) ;
#2969 = ORIENTED_EDGE ( 'NONE', *, *, #3358, .T. ) ;
#2970 = DIRECTION ( 'NONE',  ( -0.000000000000000000, 0.000000000000000000, 1.000000000000000000 ) ) ;
#2971 = DIRECTION ( 'NONE',  ( -0.000000000000000000, -0.000000000000000000, -1.000000000000000000 ) ) ;
#2972 = ORIENTED_EDGE ( 'NONE', *, *, #1784, .F. ) ;
#2973 = AXIS2_PLACEMENT_3D ( 'NONE', #5649, #6204, #4131 ) ;
#2974 = EDGE_LOOP ( 'NONE', ( #1270, #5272 ) ) ;
#2975 = ADVANCED_FACE ( 'NONE', ( #1098 ), #4101, .F. ) ;
#2976 = DIRECTION ( 'NONE',  ( -1.000000000000000000, 0.000000000000000000, 0.000000000000000000 ) ) ;
#2977 = EDGE_CURVE ( 'NONE', #4678, #2320, #2488, .T. ) ;
#2978 = ORIENTED_EDGE ( 'NONE', *, *, #2931, .F. ) ;
#2979 = DIRECTION ( 'NONE',  ( -0.000000000000000000, -0.000000000000000000, -1.000000000000000000 ) ) ;
#2980 = FACE_BOUND ( 'NONE', #2370, .T. ) ;
#2981 = ADVANCED_FACE ( 'NONE', ( #2687 ), #6177, .F. ) ;
#2982 = CIRCLE ( 'NONE', #556, 1.000000000000000888 ) ;
#2983 = VECTOR ( 'NONE', #6071, 1000.000000000000000 ) ;
#2984 = CARTESIAN_POINT ( 'NONE',  ( -23.68952941894498920, 137.6678924560500263, 9.999999999999996447 ) ) ;
#2985 = CARTESIAN_POINT ( 'NONE',  ( -24.70830154418900193, 54.97129821777300407, 9.999999999999996447 ) ) ;
#2986 = ORIENTED_EDGE ( 'NONE', *, *, #4540, .T. ) ;
#2987 = ORIENTED_EDGE ( 'NONE', *, *, #1916, .T. ) ;
#2988 = LINE ( 'NONE', #393, #6170 ) ;
#2989 = DIRECTION ( 'NONE',  ( 1.000000000000000000, 0.000000000000000000, 0.000000000000000000 ) ) ;
#2990 = AXIS2_PLACEMENT_3D ( 'NONE', #3352, #5936, #5468 ) ;
#2991 = DIRECTION ( 'NONE',  ( -0.000000000000000000, 0.000000000000000000, 1.000000000000000000 ) ) ;
#2992 = AXIS2_PLACEMENT_3D ( 'NONE', #4693, #6357, #1016 ) ;
#2993 = CARTESIAN_POINT ( 'NONE',  ( -154.2821044921799967, 134.9038391113200248, 0.000000000000000000 ) ) ;
#2994 = FACE_OUTER_BOUND ( 'NONE', #446, .T. ) ;
#2995 = ORIENTED_EDGE ( 'NONE', *, *, #5185, .T. ) ;
#2996 = VERTEX_POINT ( 'NONE', #6854 ) ;
#2997 = ORIENTED_EDGE ( 'NONE', *, *, #1956, .F. ) ;
#2998 = DIRECTION ( 'NONE',  ( -0.000000000000000000, 0.000000000000000000, 1.000000000000000000 ) ) ;
#2999 = DIRECTION ( 'NONE',  ( 1.000000000000000000, 0.000000000000000000, 0.000000000000000000 ) ) ;
#3000 = CARTESIAN_POINT ( 'NONE',  ( -127.6887512206999986, 21.32992744445799715, 9.999999999999996447 ) ) ;
#3001 = AXIS2_PLACEMENT_3D ( 'NONE', #4433, #1294, #3902 ) ;
#3002 = CARTESIAN_POINT ( 'NONE',  ( -153.0351562500000284, 10.85895442962599766, 9.999999999999996447 ) ) ;
#3003 = EDGE_LOOP ( 'NONE', ( #1674, #3389 ) ) ;
#3004 = VECTOR ( 'NONE', #5734, 1000.000000000000000 ) ;
#3005 = DIRECTION ( 'NONE',  ( -0.000000000000000000, -0.000000000000000000, -1.000000000000000000 ) ) ;
#3006 = EDGE_LOOP ( 'NONE', ( #935, #4030 ) ) ;
#3007 = CARTESIAN_POINT ( 'NONE',  ( -152.0820007324199992, 132.3638305663999688, 0.000000000000000000 ) ) ;
#3008 = CIRCLE ( 'NONE', #4130, 1.000000000000000888 ) ;
#3009 = CARTESIAN_POINT ( 'NONE',  ( -154.2098693847599975, 23.55898094177199908, 9.999999999999996447 ) ) ;
#3010 = ORIENTED_EDGE ( 'NONE', *, *, #2800, .F. ) ;
#3011 = ORIENTED_EDGE ( 'NONE', *, *, #2427, .F. ) ;
#3012 = CARTESIAN_POINT ( 'NONE',  ( -22.48940849304197087, 140.2078857421799682, 9.999999999999996447 ) ) ;
#3013 = ORIENTED_EDGE ( 'NONE', *, *, #1334, .T. ) ;
#3014 = FACE_OUTER_BOUND ( 'NONE', #423, .T. ) ;
#3015 = DIRECTION ( 'NONE',  ( -1.000000000000000000, 0.000000000000000000, 0.000000000000000000 ) ) ;
#3016 = EDGE_CURVE ( 'NONE', #361, #6129, #3142, .T. ) ;
#3017 = FACE_BOUND ( 'NONE', #5947, .T. ) ;
#3018 = EDGE_CURVE ( 'NONE', #4581, #5642, #5054, .T. ) ;
#3019 = DIRECTION ( 'NONE',  ( -0.000000000000000000, -0.000000000000000000, -1.000000000000000000 ) ) ;
#3020 = ORIENTED_EDGE ( 'NONE', *, *, #1956, .T. ) ;
#3021 = EDGE_LOOP ( 'NONE', ( #5705, #2620 ) ) ;
#3022 = FACE_OUTER_BOUND ( 'NONE', #2122, .T. ) ;
#3023 = FACE_OUTER_BOUND ( 'NONE', #5446, .T. ) ;
#3024 = VECTOR ( 'NONE', #3601, 1000.000000000000000 ) ;
#3025 = CARTESIAN_POINT ( 'NONE',  ( -159.2835907335899606, 158.7275907335900058, 6.999999999999996447 ) ) ;
#3026 = DIRECTION ( 'NONE',  ( 1.000000000000000000, 0.000000000000000000, 0.000000000000000000 ) ) ;
#3027 = DIRECTION ( 'NONE',  ( 1.000000000000000000, 0.000000000000000000, 0.000000000000000000 ) ) ;
#3028 = VERTEX_POINT ( 'NONE', #6401 ) ;
#3029 = VERTEX_POINT ( 'NONE', #6343 ) ;
#3030 = ORIENTED_EDGE ( 'NONE', *, *, #2217, .F. ) ;
#3031 = DIRECTION ( 'NONE',  ( -0.000000000000000000, -0.000000000000000000, -1.000000000000000000 ) ) ;
#3032 = CARTESIAN_POINT ( 'NONE',  ( -128.6887512206999986, 21.32992744445799715, 0.000000000000000000 ) ) ;
#3033 = DIRECTION ( 'NONE',  ( 1.000000000000000000, 0.000000000000000000, 0.000000000000000000 ) ) ;
#3034 = ORIENTED_EDGE ( 'NONE', *, *, #2251, .T. ) ;
#3035 = CARTESIAN_POINT ( 'NONE',  ( -160.8818843553800093, 5.006115644616000893, 6.999999999999996447 ) ) ;
#3036 = CIRCLE ( 'NONE', #1815, 2.999999999999999112 ) ;
#3037 = ORIENTED_EDGE ( 'NONE', *, *, #1035, .F. ) ;
#3038 = LINE ( 'NONE', #854, #3216 ) ;
#3039 = DIRECTION ( 'NONE',  ( 1.000000000000000000, 0.000000000000000000, 0.000000000000000000 ) ) ;
#3040 = ORIENTED_EDGE ( 'NONE', *, *, #2000, .F. ) ;
#3041 = ORIENTED_EDGE ( 'NONE', *, *, #3274, .F. ) ;
#3042 = CARTESIAN_POINT ( 'NONE',  ( -151.0462188720700283, 15.76586341857899853, 9.999999999999996447 ) ) ;
#3043 = ORIENTED_EDGE ( 'NONE', *, *, #4727, .T. ) ;
#3044 = CARTESIAN_POINT ( 'NONE',  ( -24.72391319274899857, 93.77958679199200276, 9.999999999999996447 ) ) ;
#3045 = CIRCLE ( 'NONE', #2714, 1.000000000000000888 ) ;
#3046 = FACE_BOUND ( 'NONE', #4877, .T. ) ;
#3047 = DIRECTION ( 'NONE',  ( 1.000000000000000000, 0.000000000000000000, 0.000000000000000000 ) ) ;
#3048 = ORIENTED_EDGE ( 'NONE', *, *, #5194, .F. ) ;
#3049 = ORIENTED_EDGE ( 'NONE', *, *, #2124, .T. ) ;
#3050 = CARTESIAN_POINT ( 'NONE',  ( -151.0820007324199992, 132.3638305663999688, 0.000000000000000000 ) ) ;
#3051 = EDGE_CURVE ( 'NONE', #6456, #3086, #4781, .T. ) ;
#3052 = EDGE_CURVE ( 'NONE', #5114, #6809, #6382, .T. ) ;
#3053 = LINE ( 'NONE', #1525, #834 ) ;
#3054 = AXIS2_PLACEMENT_3D ( 'NONE', #121, #2609, #4870 ) ;
#3055 = EDGE_CURVE ( 'NONE', #1212, #5102, #5832, .T. ) ;
#3056 = CARTESIAN_POINT ( 'NONE',  ( -114.9701919555599972, 82.56014251709001428, 9.999999999999996447 ) ) ;
#3057 = VECTOR ( 'NONE', #258, 1000.000000000000000 ) ;
#3058 = CARTESIAN_POINT ( 'NONE',  ( -15.63411564461599923, 5.006115644616000893, 6.999999999999996447 ) ) ;
#3059 = ORIENTED_EDGE ( 'NONE', *, *, #6026, .F. ) ;
#3060 = EDGE_LOOP ( 'NONE', ( #2652, #604 ) ) ;
#3061 = CARTESIAN_POINT ( 'NONE',  ( -112.9701919555599829, 82.56014251709001428, 9.999999999999996447 ) ) ;
#3062 = ORIENTED_EDGE ( 'NONE', *, *, #4943, .F. ) ;
#3063 = CARTESIAN_POINT ( 'NONE',  ( -155.2508850097599691, 57.28725814819298989, 0.000000000000000000 ) ) ;
#3064 = EDGE_CURVE ( 'NONE', #4895, #4371, #403, .T. ) ;
#3065 = CARTESIAN_POINT ( 'NONE',  ( -25.63163185119600485, 21.41612434387199926, 9.999999999999996447 ) ) ;
#3066 = EDGE_CURVE ( 'NONE', #3581, #1110, #550, .T. ) ;
#3067 = CIRCLE ( 'NONE', #531, 1.599999999999998979 ) ;
#3068 = DIRECTION ( 'NONE',  ( -0.000000000000000000, -0.000000000000000000, -1.000000000000000000 ) ) ;
#3069 = ORIENTED_EDGE ( 'NONE', *, *, #6745, .F. ) ;
#3070 = CARTESIAN_POINT ( 'NONE',  ( -23.45818710327099410, 57.51130294799799714, 9.999999999999996447 ) ) ;
#3071 = LINE ( 'NONE', #4672, #1774 ) ;
#3072 = AXIS2_PLACEMENT_3D ( 'NONE', #178, #4897, #2349 ) ;
#3073 = DIRECTION ( 'NONE',  ( -0.000000000000000000, -0.000000000000000000, -1.000000000000000000 ) ) ;
#3074 = VERTEX_POINT ( 'NONE', #4298 ) ;
#3075 = ORIENTED_EDGE ( 'NONE', *, *, #5362, .T. ) ;
#3076 = CARTESIAN_POINT ( 'NONE',  ( -152.0820007324199992, 132.3638305663999688, 9.999999999999996447 ) ) ;
#3077 = VECTOR ( 'NONE', #3817, 1000.000000000000000 ) ;
#3078 = ORIENTED_EDGE ( 'NONE', *, *, #3066, .F. ) ;
#3079 = CYLINDRICAL_SURFACE ( 'NONE', #2435, 1.000000000000000888 ) ;
#3080 = AXIS2_PLACEMENT_3D ( 'NONE', #3668, #1104, #3179 ) ;
#3081 = CIRCLE ( 'NONE', #3191, 1.000000000000000888 ) ;
#3082 = AXIS2_PLACEMENT_3D ( 'NONE', #3721, #1708, #83 ) ;
#3083 = FACE_BOUND ( 'NONE', #4302, .T. ) ;
#3084 = AXIS2_PLACEMENT_3D ( 'NONE', #3726, #3137, #5853 ) ;
#3085 = DIRECTION ( 'NONE',  ( -0.000000000000000000, -0.000000000000000000, -1.000000000000000000 ) ) ;
#3086 = VERTEX_POINT ( 'NONE', #3615 ) ;
#3087 = CYLINDRICAL_SURFACE ( 'NONE', #2171, 3.000000000000002665 ) ;
#3088 = DIRECTION ( 'NONE',  ( -0.000000000000000000, -0.000000000000000000, -1.000000000000000000 ) ) ;
#3089 = CIRCLE ( 'NONE', #4761, 1.000000000000000888 ) ;
#3090 = AXIS2_PLACEMENT_3D ( 'NONE', #4698, #6812, #4185 ) ;
#3091 = DIRECTION ( 'NONE',  ( 1.000000000000000000, 0.000000000000000000, 0.000000000000000000 ) ) ;
#3092 = EDGE_CURVE ( 'NONE', #422, #3741, #3827, .T. ) ;
#3093 = DIRECTION ( 'NONE',  ( -1.000000000000000000, 0.000000000000000000, 0.000000000000000000 ) ) ;
#3094 = CIRCLE ( 'NONE', #4311, 1.000000000000000888 ) ;
#3095 = CARTESIAN_POINT ( 'NONE',  ( -160.8818843553800093, 5.006115644616000893, 9.999999999999996447 ) ) ;
#3096 = ORIENTED_EDGE ( 'NONE', *, *, #3917, .F. ) ;
#3097 = ORIENTED_EDGE ( 'NONE', *, *, #3269, .F. ) ;
#3098 = DIRECTION ( 'NONE',  ( -0.000000000000000000, -0.000000000000000000, -1.000000000000000000 ) ) ;
#3099 = AXIS2_PLACEMENT_3D ( 'NONE', #4644, #4545, #5069 ) ;
#3100 = VERTEX_POINT ( 'NONE', #2862 ) ;
#3101 = DIRECTION ( 'NONE',  ( 1.000000000000000000, 0.000000000000000000, 0.000000000000000000 ) ) ;
#3102 = DIRECTION ( 'NONE',  ( -0.000000000000000000, -0.000000000000000000, -1.000000000000000000 ) ) ;
#3103 = DIRECTION ( 'NONE',  ( 1.000000000000000000, 0.000000000000000000, 0.000000000000000000 ) ) ;
#3104 = AXIS2_PLACEMENT_3D ( 'NONE', #343, #412, #6234 ) ;
#3105 = EDGE_CURVE ( 'NONE', #3802, #6694, #2274, .T. ) ;
#3106 = ADVANCED_FACE ( 'NONE', ( #1338 ), #6103, .F. ) ;
#3107 = ORIENTED_EDGE ( 'NONE', *, *, #6450, .F. ) ;
#3108 = EDGE_CURVE ( 'NONE', #1500, #1052, #953, .T. ) ;
#3109 = DIRECTION ( 'NONE',  ( -1.000000000000000000, 0.000000000000000000, 0.000000000000000000 ) ) ;
#3110 = AXIS2_PLACEMENT_3D ( 'NONE', #5298, #2656, #1650 ) ;
#3111 = CIRCLE ( 'NONE', #2556, 1.000000000000000888 ) ;
#3112 = EDGE_CURVE ( 'NONE', #4758, #3074, #4990, .T. ) ;
#3113 = CIRCLE ( 'NONE', #682, 1.000000000000000888 ) ;
#3114 = FACE_OUTER_BOUND ( 'NONE', #6209, .T. ) ;
#3115 = ORIENTED_EDGE ( 'NONE', *, *, #3476, .F. ) ;
#3116 = ORIENTED_EDGE ( 'NONE', *, *, #1546, .F. ) ;
#3117 = DIRECTION ( 'NONE',  ( 1.000000000000000000, 0.000000000000000000, 0.000000000000000000 ) ) ;
#3118 = EDGE_LOOP ( 'NONE', ( #5380, #4833 ) ) ;
#3119 = CARTESIAN_POINT ( 'NONE',  ( -63.73888397216798296, 32.23841857910200304, 9.999999999999996447 ) ) ;
#3120 = VECTOR ( 'NONE', #6597, 1000.000000000000000 ) ;
#3121 = FACE_BOUND ( 'NONE', #1728, .T. ) ;
#3122 = DIRECTION ( 'NONE',  ( -0.000000000000000000, 0.000000000000000000, 1.000000000000000000 ) ) ;
#3123 = ORIENTED_EDGE ( 'NONE', *, *, #3573, .T. ) ;
#3124 = VERTEX_POINT ( 'NONE', #1297 ) ;
#3125 = CARTESIAN_POINT ( 'NONE',  ( -106.6228561401299970, 25.04441070556600479, 9.999999999999996447 ) ) ;
#3126 = FACE_OUTER_BOUND ( 'NONE', #4098, .T. ) ;
#3127 = CARTESIAN_POINT ( 'NONE',  ( -12.63411564461600101, 5.006115644616000893, 6.999999999999996447 ) ) ;
#3128 = EDGE_LOOP ( 'NONE', ( #6574, #3262 ) ) ;
#3129 = EDGE_LOOP ( 'NONE', ( #4928, #883, #774, #5260 ) ) ;
#3130 = DIRECTION ( 'NONE',  ( 1.000000000000000000, 0.000000000000000000, 0.000000000000000000 ) ) ;
#3131 = ORIENTED_EDGE ( 'NONE', *, *, #5958, .T. ) ;
#3132 = DIRECTION ( 'NONE',  ( 1.000000000000000000, 0.000000000000000000, 0.000000000000000000 ) ) ;
#3133 = DIRECTION ( 'NONE',  ( -1.000000000000000000, 0.000000000000000000, 0.000000000000000000 ) ) ;
#3134 = DIRECTION ( 'NONE',  ( -0.000000000000000000, -0.000000000000000000, -1.000000000000000000 ) ) ;
#3135 = AXIS2_PLACEMENT_3D ( 'NONE', #4859, #4927, #4405 ) ;
#3136 = ORIENTED_EDGE ( 'NONE', *, *, #1957, .F. ) ;
#3137 = DIRECTION ( 'NONE',  ( -0.000000000000000000, -0.000000000000000000, -1.000000000000000000 ) ) ;
#3138 = CARTESIAN_POINT ( 'NONE',  ( -23.64269638061500345, 26.32303047180200295, 9.999999999999996447 ) ) ;
#3139 = EDGE_CURVE ( 'NONE', #2780, #3289, #183, .T. ) ;
#3140 = AXIS2_PLACEMENT_3D ( 'NONE', #2334, #3375, #4394 ) ;
#3141 = EDGE_CURVE ( 'NONE', #2851, #1593, #3975, .T. ) ;
#3142 = LINE ( 'NONE', #4609, #4492 ) ;
#3143 = EDGE_CURVE ( 'NONE', #6511, #6014, #3938, .T. ) ;
#3144 = CARTESIAN_POINT ( 'NONE',  ( -162.2818843553800150, 5.006115644616000893, 6.999999999999996447 ) ) ;
#3145 = CIRCLE ( 'NONE', #608, 1.000000000000000888 ) ;
#3146 = EDGE_LOOP ( 'NONE', ( #3421, #5161, #5608, #1910 ) ) ;
#3147 = EDGE_LOOP ( 'NONE', ( #4048, #5032, #6067, #5802 ) ) ;
#3148 = CARTESIAN_POINT ( 'NONE',  ( -24.64269638061500345, 26.32303047180200295, 9.999999999999996447 ) ) ;
#3149 = ORIENTED_EDGE ( 'NONE', *, *, #5745, .F. ) ;
#3150 = CARTESIAN_POINT ( 'NONE',  ( -152.0663909912099996, 88.47553253173801124, 0.000000000000000000 ) ) ;
#3151 = FACE_BOUND ( 'NONE', #3493, .T. ) ;
#3152 = EDGE_LOOP ( 'NONE', ( #3324, #3627 ) ) ;
#3153 = EDGE_LOOP ( 'NONE', ( #2578, #4904 ) ) ;
#3154 = DIRECTION ( 'NONE',  ( -0.000000000000000000, 0.000000000000000000, 1.000000000000000000 ) ) ;
#3155 = DIRECTION ( 'NONE',  ( 1.000000000000000000, 0.000000000000000000, 0.000000000000000000 ) ) ;
#3156 = CIRCLE ( 'NONE', #954, 1.000000000000000888 ) ;
#3157 = DIRECTION ( 'NONE',  ( -0.000000000000000000, -0.000000000000000000, -1.000000000000000000 ) ) ;
#3158 = CYLINDRICAL_SURFACE ( 'NONE', #6753, 1.000000000000000888 ) ;
#3159 = ORIENTED_EDGE ( 'NONE', *, *, #5523, .T. ) ;
#3160 = ORIENTED_EDGE ( 'NONE', *, *, #1541, .F. ) ;
#3161 = DIRECTION ( 'NONE',  ( 1.000000000000000000, 0.000000000000000000, 0.000000000000000000 ) ) ;
#3162 = AXIS2_PLACEMENT_3D ( 'NONE', #5707, #1856, #6607 ) ;
#3163 = ORIENTED_EDGE ( 'NONE', *, *, #2166, .T. ) ;
#3164 = CARTESIAN_POINT ( 'NONE',  ( -105.5251312255799974, 129.3068695068300258, 0.000000000000000000 ) ) ;
#3165 = DIRECTION ( 'NONE',  ( -0.000000000000000000, 0.000000000000000000, 1.000000000000000000 ) ) ;
#3166 = LINE ( 'NONE', #6468, #4345 ) ;
#3167 = CIRCLE ( 'NONE', #4835, 1.000000000000000888 ) ;
#3168 = EDGE_LOOP ( 'NONE', ( #161, #3725 ) ) ;
#3169 = DIRECTION ( 'NONE',  ( -0.000000000000000000, 0.000000000000000000, 1.000000000000000000 ) ) ;
#3170 = LINE ( 'NONE', #4779, #4442 ) ;
#3171 = AXIS2_PLACEMENT_3D ( 'NONE', #3604, #3504, #5589 ) ;
#3172 = CARTESIAN_POINT ( 'NONE',  ( -70.07060241699200276, 50.94586563110399879, 9.999999999999996447 ) ) ;
#3173 = CARTESIAN_POINT ( 'NONE',  ( -155.2821044921799967, 134.9038391113200248, 9.999999999999996447 ) ) ;
#3174 = EDGE_CURVE ( 'NONE', #2106, #2748, #732, .T. ) ;
#3175 = CARTESIAN_POINT ( 'NONE',  ( -63.78571701049798293, 148.6632843017500250, 9.999999999999996447 ) ) ;
#3176 = ADVANCED_FACE ( 'NONE', ( #788 ), #435, .F. ) ;
#3177 = EDGE_LOOP ( 'NONE', ( #1376, #3311 ) ) ;
#3178 = ORIENTED_EDGE ( 'NONE', *, *, #430, .F. ) ;
#3179 = DIRECTION ( 'NONE',  ( -1.000000000000000000, 0.000000000000000000, 0.000000000000000000 ) ) ;
#3180 = VERTEX_POINT ( 'NONE', #1468 ) ;
#3181 = FACE_OUTER_BOUND ( 'NONE', #6768, .T. ) ;
#3182 = AXIS2_PLACEMENT_3D ( 'NONE', #4135, #3496, #1968 ) ;
#3183 = EDGE_CURVE ( 'NONE', #3321, #5068, #2371, .T. ) ;
#3184 = EDGE_CURVE ( 'NONE', #5286, #6842, #4945, .T. ) ;
#3185 = EDGE_LOOP ( 'NONE', ( #548, #6346, #1430, #3495 ) ) ;
#3186 = EDGE_LOOP ( 'NONE', ( #528, #673, #1474, #1775, #6398, #6650, #1675, #1207 ) ) ;
#3187 = CARTESIAN_POINT ( 'NONE',  ( -153.2664947509699971, 96.09555053710899131, 9.999999999999996447 ) ) ;
#3188 = EDGE_CURVE ( 'NONE', #378, #1554, #6296, .T. ) ;
#3189 = AXIS2_PLACEMENT_3D ( 'NONE', #4304, #1514, #3117 ) ;
#3190 = FACE_BOUND ( 'NONE', #3128, .T. ) ;
#3191 = AXIS2_PLACEMENT_3D ( 'NONE', #346, #5200, #6171 ) ;
#3192 = SHAPE_DEFINITION_REPRESENTATION ( #3655, #2359 ) ;
#3193 = VECTOR ( 'NONE', #6505, 1000.000000000000000 ) ;
#3194 = LINE ( 'NONE', #2221, #5512 ) ;
#3195 = ADVANCED_FACE ( 'NONE', ( #2538 ), #821, .F. ) ;
#3196 = DIRECTION ( 'NONE',  ( 1.000000000000000000, 0.000000000000000000, 0.000000000000000000 ) ) ;
#3197 = ORIENTED_EDGE ( 'NONE', *, *, #2290, .F. ) ;
#3198 = ORIENTED_EDGE ( 'NONE', *, *, #4969, .T. ) ;
#3199 = DIRECTION ( 'NONE',  ( -0.000000000000000000, -0.000000000000000000, -1.000000000000000000 ) ) ;
#3200 = AXIS2_PLACEMENT_3D ( 'NONE', #6155, #5017, #296 ) ;
#3201 = VERTEX_POINT ( 'NONE', #6777 ) ;
#3202 = CARTESIAN_POINT ( 'NONE',  ( -153.0163726806600266, 98.63555145263703139, 9.999999999999996447 ) ) ;
#3203 = DIRECTION ( 'NONE',  ( -1.000000000000000000, 0.000000000000000000, 0.000000000000000000 ) ) ;
#3204 = DIRECTION ( 'NONE',  ( -0.000000000000000000, 0.000000000000000000, 1.000000000000000000 ) ) ;
#3205 = CIRCLE ( 'NONE', #6746, 1.599999999999998979 ) ;
#3206 = DIRECTION ( 'NONE',  ( -0.000000000000000000, -0.000000000000000000, -1.000000000000000000 ) ) ;
#3207 = CIRCLE ( 'NONE', #1983, 1.000000000000000888 ) ;
#3208 = CIRCLE ( 'NONE', #2531, 1.000000000000000888 ) ;
#3209 = VECTOR ( 'NONE', #3738, 1000.000000000000000 ) ;
#3210 = ORIENTED_EDGE ( 'NONE', *, *, #3946, .F. ) ;
#3211 = DIRECTION ( 'NONE',  ( -0.000000000000000000, -0.000000000000000000, -1.000000000000000000 ) ) ;
#3212 = AXIS2_PLACEMENT_3D ( 'NONE', #6528, #2779, #3888 ) ;
#3213 = CARTESIAN_POINT ( 'NONE',  ( -152.0462188720700283, 15.76586341857899853, 0.000000000000000000 ) ) ;
#3214 = DIRECTION ( 'NONE',  ( -0.000000000000000000, 0.000000000000000000, 1.000000000000000000 ) ) ;
#3215 = LINE ( 'NONE', #6723, #1269 ) ;
#3216 = VECTOR ( 'NONE', #2409, 1000.000000000000000 ) ;
#3217 = DIRECTION ( 'NONE',  ( -0.000000000000000000, 0.000000000000000000, 1.000000000000000000 ) ) ;
#3218 = AXIS2_PLACEMENT_3D ( 'NONE', #2183, #5885, #1704 ) ;
#3219 = DIRECTION ( 'NONE',  ( 1.000000000000000000, 0.000000000000000000, 0.000000000000000000 ) ) ;
#3220 = ORIENTED_EDGE ( 'NONE', *, *, #5062, .F. ) ;
#3221 = VECTOR ( 'NONE', #4706, 1000.000000000000000 ) ;
#3222 = DIRECTION ( 'NONE',  ( 1.000000000000000000, 0.000000000000000000, 0.000000000000000000 ) ) ;
#3223 = ORIENTED_EDGE ( 'NONE', *, *, #650, .F. ) ;
#3224 = DIRECTION ( 'NONE',  ( -0.000000000000000000, -0.000000000000000000, -1.000000000000000000 ) ) ;
#3225 = ORIENTED_EDGE ( 'NONE', *, *, #3395, .F. ) ;
#3226 = CARTESIAN_POINT ( 'NONE',  ( -24.67391777038599443, 98.85959625244100835, 9.999999999999996447 ) ) ;
#3227 = CIRCLE ( 'NONE', #4006, 1.000000000000000888 ) ;
#3228 = ORIENTED_EDGE ( 'NONE', *, *, #355, .F. ) ;
#3229 = ORIENTED_EDGE ( 'NONE', *, *, #2375, .T. ) ;
#3230 = VERTEX_POINT ( 'NONE', #2022 ) ;
#3231 = CARTESIAN_POINT ( 'NONE',  ( -25.65830802917500009, 60.05131149291999293, 9.999999999999996447 ) ) ;
#3232 = VECTOR ( 'NONE', #2291, 1000.000000000000000 ) ;
#3233 = FACE_BOUND ( 'NONE', #2950, .T. ) ;
#3234 = EDGE_CURVE ( 'NONE', #2357, #5632, #4725, .T. ) ;
#3235 = ADVANCED_FACE ( 'NONE', ( #4696 ), #6810, .F. ) ;
#3236 = CARTESIAN_POINT ( 'NONE',  ( -107.6228561401299970, 25.04441070556600479, 9.999999999999996447 ) ) ;
#3237 = EDGE_CURVE ( 'NONE', #3704, #4562, #1614, .T. ) ;
#3238 = DIRECTION ( 'NONE',  ( 1.000000000000000000, 0.000000000000000000, 0.000000000000000000 ) ) ;
#3239 = DIRECTION ( 'NONE',  ( -0.000000000000000000, 0.000000000000000000, 1.000000000000000000 ) ) ;
#3240 = ORIENTED_EDGE ( 'NONE', *, *, #5730, .T. ) ;
#3241 = ORIENTED_EDGE ( 'NONE', *, *, #5962, .F. ) ;
#3242 = CYLINDRICAL_SURFACE ( 'NONE', #6274, 1.000000000000000888 ) ;
#3243 = CARTESIAN_POINT ( 'NONE',  ( -156.2818843553800150, 5.006115644616000893, 9.999999999999996447 ) ) ;
#3244 = CYLINDRICAL_SURFACE ( 'NONE', #6632, 1.000000000000000888 ) ;
#3245 = CARTESIAN_POINT ( 'NONE',  ( -48.00470733642600862, 54.66035079956099452, 9.999999999999996447 ) ) ;
#3246 = CARTESIAN_POINT ( 'NONE',  ( -24.65830802917498588, 65.13131713867201711, 9.999999999999996447 ) ) ;
#3247 = VERTEX_POINT ( 'NONE', #4359 ) ;
#3248 = DIRECTION ( 'NONE',  ( 1.000000000000000000, 0.000000000000000000, 0.000000000000000000 ) ) ;
#3249 = CARTESIAN_POINT ( 'NONE',  ( -127.6887512206999986, 21.32992744445799715, 9.999999999999996447 ) ) ;
#3250 = AXIS2_PLACEMENT_3D ( 'NONE', #5876, #2802, #2770 ) ;
#3251 = DIRECTION ( 'NONE',  ( -0.000000000000000000, -0.000000000000000000, -1.000000000000000000 ) ) ;
#3252 = LINE ( 'NONE', #3700, #657 ) ;
#3253 = EDGE_LOOP ( 'NONE', ( #2379, #4162 ) ) ;
#3254 = ORIENTED_EDGE ( 'NONE', *, *, #5110, .F. ) ;
#3255 = DIRECTION ( 'NONE',  ( -0.000000000000000000, -0.000000000000000000, -1.000000000000000000 ) ) ;
#3256 = ORIENTED_EDGE ( 'NONE', *, *, #4497, .F. ) ;
#3257 = FACE_OUTER_BOUND ( 'NONE', #6530, .T. ) ;
#3258 = AXIS2_PLACEMENT_3D ( 'NONE', #1892, #4012, #848 ) ;
#3259 = FACE_BOUND ( 'NONE', #627, .T. ) ;
#3260 = VERTEX_POINT ( 'NONE', #1019 ) ;
#3261 = FACE_OUTER_BOUND ( 'NONE', #6120, .T. ) ;
#3262 = ORIENTED_EDGE ( 'NONE', *, *, #2034, .F. ) ;
#3263 = DIRECTION ( 'NONE',  ( -0.000000000000000000, 0.000000000000000000, 1.000000000000000000 ) ) ;
#3264 = AXIS2_PLACEMENT_3D ( 'NONE', #3370, #5455, #4329 ) ;
#3265 = CARTESIAN_POINT ( 'NONE',  ( -70.08621215820299710, 89.75415039062501421, 9.999999999999996447 ) ) ;
#3266 = CARTESIAN_POINT ( 'NONE',  ( -24.63163185119600485, 21.41612434387199926, 9.999999999999996447 ) ) ;
#3267 = CARTESIAN_POINT ( 'NONE',  ( -48.98910522460901973, 15.85206127166699908, 0.000000000000000000 ) ) ;
#3268 = ORIENTED_EDGE ( 'NONE', *, *, #1153, .F. ) ;
#3269 = EDGE_CURVE ( 'NONE', #410, #2347, #5489, .T. ) ;
#3270 = ORIENTED_EDGE ( 'NONE', *, *, #4983, .F. ) ;
#3271 = CARTESIAN_POINT ( 'NONE',  ( -15.63240926640897399, 158.7275907335900058, 9.999999999999996447 ) ) ;
#3272 = EDGE_CURVE ( 'NONE', #5981, #119, #6051, .T. ) ;
#3273 = DIRECTION ( 'NONE',  ( -0.000000000000000000, -0.000000000000000000, -1.000000000000000000 ) ) ;
#3274 = EDGE_CURVE ( 'NONE', #583, #418, #70, .T. ) ;
#3275 = AXIS2_PLACEMENT_3D ( 'NONE', #2016, #3088, #3574 ) ;
#3276 = CARTESIAN_POINT ( 'NONE',  ( -61.78571701049798293, 148.6632843017500250, 9.999999999999996447 ) ) ;
#3277 = EDGE_LOOP ( 'NONE', ( #4938, #1507 ) ) ;
#3278 = EDGE_CURVE ( 'NONE', #5966, #2758, #4500, .T. ) ;
#3279 = DIRECTION ( 'NONE',  ( 1.000000000000000000, 0.000000000000000000, 0.000000000000000000 ) ) ;
#3280 = DIRECTION ( 'NONE',  ( -0.000000000000000000, 0.000000000000000000, 1.000000000000000000 ) ) ;
#3281 = DIRECTION ( 'NONE',  ( -0.000000000000000000, -0.000000000000000000, -1.000000000000000000 ) ) ;
#3282 = EDGE_CURVE ( 'NONE', #6617, #3622, #3942, .T. ) ;
#3283 = VECTOR ( 'NONE', #2340, 1000.000000000000000 ) ;
#3284 = FACE_OUTER_BOUND ( 'NONE', #4966, .T. ) ;
#3285 = ORIENTED_EDGE ( 'NONE', *, *, #3823, .T. ) ;
#3286 = EDGE_CURVE ( 'NONE', #2104, #1743, #961, .T. ) ;
#3287 = DIRECTION ( 'NONE',  ( 1.000000000000000000, 0.000000000000000000, 0.000000000000000000 ) ) ;
#3288 = AXIS2_PLACEMENT_3D ( 'NONE', #1114, #3154, #5247 ) ;
#3289 = VERTEX_POINT ( 'NONE', #1568 ) ;
#3290 = CARTESIAN_POINT ( 'NONE',  ( -152.0507659912100280, 54.74725341796900580, 9.999999999999996447 ) ) ;
#3291 = EDGE_LOOP ( 'NONE', ( #941, #3751, #4252, #4730 ) ) ;
#3292 = DIRECTION ( 'NONE',  ( 1.000000000000000000, 0.000000000000000000, 0.000000000000000000 ) ) ;
#3293 = AXIS2_PLACEMENT_3D ( 'NONE', #264, #1851, #2999 ) ;
#3294 = ORIENTED_EDGE ( 'NONE', *, *, #530, .T. ) ;
#3295 = CARTESIAN_POINT ( 'NONE',  ( -159.2818843553800150, 5.006115644616000893, 9.999999999999996447 ) ) ;
#3296 = EDGE_LOOP ( 'NONE', ( #298, #262 ) ) ;
#3297 = DIRECTION ( 'NONE',  ( 1.000000000000000000, 0.000000000000000000, 0.000000000000000000 ) ) ;
#3298 = FACE_BOUND ( 'NONE', #6196, .T. ) ;
#3299 = FACE_OUTER_BOUND ( 'NONE', #4965, .T. ) ;
#3300 = AXIS2_PLACEMENT_3D ( 'NONE', #6027, #2863, #4992 ) ;
#3301 = CYLINDRICAL_SURFACE ( 'NONE', #5111, 1.000000000000000888 ) ;
#3302 = ORIENTED_EDGE ( 'NONE', *, *, #4629, .F. ) ;
#3303 = VERTEX_POINT ( 'NONE', #3682 ) ;
#3304 = DIRECTION ( 'NONE',  ( -0.000000000000000000, -0.000000000000000000, -1.000000000000000000 ) ) ;
#3305 = DIRECTION ( 'NONE',  ( 1.000000000000000000, 0.000000000000000000, 0.000000000000000000 ) ) ;
#3306 = DIRECTION ( 'NONE',  ( -0.000000000000000000, 0.000000000000000000, 1.000000000000000000 ) ) ;
#3307 = VECTOR ( 'NONE', #2407, 1000.000000000000000 ) ;
#3308 = EDGE_CURVE ( 'NONE', #5068, #3342, #3167, .T. ) ;
#3309 = CARTESIAN_POINT ( 'NONE',  ( -23.47379875183100495, 96.31959533691403408, 9.999999999999996447 ) ) ;
#3310 = CIRCLE ( 'NONE', #4201, 1.000000000000000888 ) ;
#3311 = ORIENTED_EDGE ( 'NONE', *, *, #2753, .T. ) ;
#3312 = AXIS2_PLACEMENT_3D ( 'NONE', #5674, #2853, #5636 ) ;
#3313 = CARTESIAN_POINT ( 'NONE',  ( -153.0663909912100280, 93.55554199218801159, 9.999999999999996447 ) ) ;
#3314 = DIRECTION ( 'NONE',  ( -0.000000000000000000, 0.000000000000000000, 1.000000000000000000 ) ) ;
#3315 = CIRCLE ( 'NONE', #3539, 1.000000000000000888 ) ;
#3316 = VECTOR ( 'NONE', #916, 1000.000000000000000 ) ;
#3317 = EDGE_CURVE ( 'NONE', #6456, #1086, #5719, .T. ) ;
#3318 = CARTESIAN_POINT ( 'NONE',  ( -152.0663909912100280, 93.55554199218801159, 0.000000000000000000 ) ) ;
#3319 = CIRCLE ( 'NONE', #334, 1.000000000000000888 ) ;
#3320 = ADVANCED_FACE ( 'NONE', ( #5288 ), #3242, .F. ) ;
#3321 = VERTEX_POINT ( 'NONE', #17 ) ;
#3322 = ORIENTED_EDGE ( 'NONE', *, *, #2508, .T. ) ;
#3323 = DIRECTION ( 'NONE',  ( -1.000000000000000000, 0.000000000000000000, 0.000000000000000000 ) ) ;
#3324 = ORIENTED_EDGE ( 'NONE', *, *, #3393, .T. ) ;
#3325 = DIRECTION ( 'NONE',  ( -0.000000000000000000, -0.000000000000000000, -1.000000000000000000 ) ) ;
#3326 = CIRCLE ( 'NONE', #1995, 1.599999999999990319 ) ;
#3327 = AXIS2_PLACEMENT_3D ( 'NONE', #1962, #2374, #309 ) ;
#3328 = FACE_BOUND ( 'NONE', #38, .T. ) ;
#3329 = ORIENTED_EDGE ( 'NONE', *, *, #4082, .T. ) ;
#3330 = EDGE_LOOP ( 'NONE', ( #638, #5836, #2348, #340 ) ) ;
#3331 = DIRECTION ( 'NONE',  ( -0.000000000000000000, -0.000000000000000000, -1.000000000000000000 ) ) ;
#3332 = VERTEX_POINT ( 'NONE', #5356 ) ;
#3333 = FACE_BOUND ( 'NONE', #1318, .T. ) ;
#3334 = DIRECTION ( 'NONE',  ( 1.000000000000000000, 0.000000000000000000, 0.000000000000000000 ) ) ;
#3335 = AXIS2_PLACEMENT_3D ( 'NONE', #960, #1994, #2963 ) ;
#3336 = DIRECTION ( 'NONE',  ( -0.000000000000000000, -0.000000000000000000, 1.000000000000000000 ) ) ;
#3337 = EDGE_LOOP ( 'NONE', ( #1029, #769 ) ) ;
#3338 = ORIENTED_EDGE ( 'NONE', *, *, #5730, .F. ) ;
#3339 = DIRECTION ( 'NONE',  ( -0.000000000000000000, 0.000000000000000000, 1.000000000000000000 ) ) ;
#3340 = DIRECTION ( 'NONE',  ( 1.000000000000000000, 0.000000000000000000, 0.000000000000000000 ) ) ;
#3341 = CARTESIAN_POINT ( 'NONE',  ( -113.9545745849599996, 43.75185394287098717, 0.000000000000000000 ) ) ;
#3342 = VERTEX_POINT ( 'NONE', #2123 ) ;
#3343 = CARTESIAN_POINT ( 'NONE',  ( -153.2508850097599975, 52.20724868774399852, 9.999999999999996447 ) ) ;
#3344 = DIRECTION ( 'NONE',  ( -0.000000000000000000, -0.000000000000000000, -1.000000000000000000 ) ) ;
#3345 = DIRECTION ( 'NONE',  ( 1.000000000000000000, 0.000000000000000000, 0.000000000000000000 ) ) ;
#3346 = EDGE_LOOP ( 'NONE', ( #5672, #5757, #3613, #2272 ) ) ;
#3347 = VERTEX_POINT ( 'NONE', #49 ) ;
#3348 = EDGE_CURVE ( 'NONE', #1072, #3303, #1087, .T. ) ;
#3349 = DIRECTION ( 'NONE',  ( -0.000000000000000000, -0.000000000000000000, -1.000000000000000000 ) ) ;
#3350 = ADVANCED_FACE ( 'NONE', ( #3717 ), #6428, .F. ) ;
#3351 = ORIENTED_EDGE ( 'NONE', *, *, #4296, .F. ) ;
#3352 = CARTESIAN_POINT ( 'NONE',  ( -62.77010726928697437, 109.8549957275300244, 9.999999999999996447 ) ) ;
#3353 = AXIS2_PLACEMENT_3D ( 'NONE', #2012, #1558, #2599 ) ;
#3354 = ADVANCED_FACE ( 'NONE', ( #5325 ), #578, .F. ) ;
#3355 = EDGE_LOOP ( 'NONE', ( #2145, #1766 ) ) ;
#3356 = VERTEX_POINT ( 'NONE', #1638 ) ;
#3357 = DIRECTION ( 'NONE',  ( -0.000000000000000000, -0.000000000000000000, -1.000000000000000000 ) ) ;
#3358 = EDGE_CURVE ( 'NONE', #4229, #3881, #5888, .T. ) ;
#3359 = ORIENTED_EDGE ( 'NONE', *, *, #2712, .T. ) ;
#3360 = CARTESIAN_POINT ( 'NONE',  ( -154.2508850097599975, 52.20724868774399852, 9.999999999999996447 ) ) ;
#3361 = CARTESIAN_POINT ( 'NONE',  ( -154.2664947509699971, 96.09555053710899131, 0.000000000000000000 ) ) ;
#3362 = AXIS2_PLACEMENT_3D ( 'NONE', #6845, #5330, #2680 ) ;
#3363 = DIRECTION ( 'NONE',  ( 1.000000000000000000, 0.000000000000000000, 0.000000000000000000 ) ) ;
#3364 = CARTESIAN_POINT ( 'NONE',  ( -112.9389648437500142, 4.943568706511997313, 9.999999999999996447 ) ) ;
#3365 = ORIENTED_EDGE ( 'NONE', *, *, #3909, .F. ) ;
#3366 = EDGE_LOOP ( 'NONE', ( #1942, #5332 ) ) ;
#3367 = DIRECTION ( 'NONE',  ( -0.000000000000000000, 0.000000000000000000, 1.000000000000000000 ) ) ;
#3368 = CIRCLE ( 'NONE', #5152, 5.000115644618968958 ) ;
#3369 = ORIENTED_EDGE ( 'NONE', *, *, #3272, .F. ) ;
#3370 = CARTESIAN_POINT ( 'NONE',  ( -24.68952941894499276, 137.6678924560500263, 0.000000000000000000 ) ) ;
#3371 = DIRECTION ( 'NONE',  ( -0.000000000000000000, -0.000000000000000000, -1.000000000000000000 ) ) ;
#3372 = CARTESIAN_POINT ( 'NONE',  ( -15.63240926640897399, 158.7275907335900058, 9.999999999999996447 ) ) ;
#3373 = ORIENTED_EDGE ( 'NONE', *, *, #5367, .F. ) ;
#3374 = CARTESIAN_POINT ( 'NONE',  ( -104.5095214843699836, 90.49858856201201718, 9.999999999999996447 ) ) ;
#3375 = DIRECTION ( 'NONE',  ( -0.000000000000000000, -0.000000000000000000, -1.000000000000000000 ) ) ;
#3376 = CARTESIAN_POINT ( 'NONE',  ( -23.44257545471200999, 18.70301628112799719, 9.999999999999996447 ) ) ;
#3377 = AXIS2_PLACEMENT_3D ( 'NONE', #1454, #3566, #1649 ) ;
#3378 = ORIENTED_EDGE ( 'NONE', *, *, #2791, .T. ) ;
#3379 = CARTESIAN_POINT ( 'NONE',  ( -49.02031707763698876, 93.46864318847700304, 9.999999999999996447 ) ) ;
#3380 = ORIENTED_EDGE ( 'NONE', *, *, #6367, .F. ) ;
#3381 = CYLINDRICAL_SURFACE ( 'NONE', #4547, 1.000000000000000888 ) ;
#3382 = EDGE_CURVE ( 'NONE', #3529, #6110, #1722, .T. ) ;
#3383 = ADVANCED_FACE ( 'NONE', ( #3792 ), #5920, .F. ) ;
#3384 = AXIS2_PLACEMENT_3D ( 'NONE', #3271, #5387, #640 ) ;
#3385 = PLANE ( 'NONE',  #5748 ) ;
#3386 = ORIENTED_EDGE ( 'NONE', *, *, #357, .F. ) ;
#3387 = EDGE_LOOP ( 'NONE', ( #2493, #982 ) ) ;
#3388 = DIRECTION ( 'NONE',  ( -0.000000000000000000, 0.000000000000000000, 1.000000000000000000 ) ) ;
#3389 = ORIENTED_EDGE ( 'NONE', *, *, #1185, .T. ) ;
#3390 = LINE ( 'NONE', #5507, #6423 ) ;
#3391 = DIRECTION ( 'NONE',  ( -0.000000000000000000, 0.000000000000000000, 1.000000000000000000 ) ) ;
#3392 = EDGE_CURVE ( 'NONE', #2528, #6821, #6498, .T. ) ;
#3393 = EDGE_CURVE ( 'NONE', #3889, #1237, #2828, .T. ) ;
#3394 = CARTESIAN_POINT ( 'NONE',  ( -49.00470733642600862, 54.66035079956099452, 9.999999999999996447 ) ) ;
#3395 = EDGE_CURVE ( 'NONE', #1466, #4386, #3724, .T. ) ;
#3396 = CARTESIAN_POINT ( 'NONE',  ( -152.0507659912100280, 54.74725341796900580, 9.999999999999996447 ) ) ;
#3397 = VERTEX_POINT ( 'NONE', #6562 ) ;
#3398 = ORIENTED_EDGE ( 'NONE', *, *, #2879, .F. ) ;
#3399 = DIRECTION ( 'NONE',  ( -0.000000000000000000, 0.000000000000000000, 1.000000000000000000 ) ) ;
#3400 = AXIS2_PLACEMENT_3D ( 'NONE', #5280, #2602, #3710 ) ;
#3401 = ORIENTED_EDGE ( 'NONE', *, *, #4231, .F. ) ;
#3402 = CYLINDRICAL_SURFACE ( 'NONE', #5590, 1.000000000000000888 ) ;
#3403 = ADVANCED_FACE ( 'NONE', ( #2844 ), #189, .F. ) ;
#3404 = CARTESIAN_POINT ( 'NONE',  ( -21.46797561645499997, 13.62300586700400018, 9.999999999999996447 ) ) ;
#3405 = CIRCLE ( 'NONE', #3182, 1.000000000000000888 ) ;
#3406 = DIRECTION ( 'NONE',  ( -0.000000000000000000, -0.000000000000000000, -1.000000000000000000 ) ) ;
#3407 = EDGE_LOOP ( 'NONE', ( #3123, #3883 ) ) ;
#3408 = AXIS2_PLACEMENT_3D ( 'NONE', #6011, #1907, #3363 ) ;
#3409 = LINE ( 'NONE', #886, #1100 ) ;
#3410 = DIRECTION ( 'NONE',  ( -0.000000000000000000, -0.000000000000000000, -1.000000000000000000 ) ) ;
#3411 = DIRECTION ( 'NONE',  ( 1.000000000000000000, 0.000000000000000000, 0.000000000000000000 ) ) ;
#3412 = VECTOR ( 'NONE', #2693, 1000.000000000000000 ) ;
#3413 = CARTESIAN_POINT ( 'NONE',  ( -23.70830154418900193, 54.97129821777300407, 9.999999999999996447 ) ) ;
#3414 = CIRCLE ( 'NONE', #5976, 1.000000000000000888 ) ;
#3415 = AXIS2_PLACEMENT_3D ( 'NONE', #3755, #1739, #157 ) ;
#3416 = CIRCLE ( 'NONE', #991, 1.000000000000000888 ) ;
#3417 = ORIENTED_EDGE ( 'NONE', *, *, #5235, .T. ) ;
#3418 = VERTEX_POINT ( 'NONE', #5518 ) ;
#3419 = CARTESIAN_POINT ( 'NONE',  ( -154.2254791259699971, 62.36726760864300445, 9.999999999999996447 ) ) ;
#3420 = CARTESIAN_POINT ( 'NONE',  ( 0.000000000000000000, 163.7259999999995159, 0.000000000000000000 ) ) ;
#3421 = ORIENTED_EDGE ( 'NONE', *, *, #3993, .F. ) ;
#3422 = CYLINDRICAL_SURFACE ( 'NONE', #5651, 1.000000000000000888 ) ;
#3423 = AXIS2_PLACEMENT_3D ( 'NONE', #5684, #416, #932 ) ;
#3424 = AXIS2_PLACEMENT_3D ( 'NONE', #233, #6054, #3511 ) ;
#3425 = VECTOR ( 'NONE', #1375, 1000.000000000000000 ) ;
#3426 = VERTEX_POINT ( 'NONE', #1707 ) ;
#3427 = AXIS2_PLACEMENT_3D ( 'NONE', #561, #3670, #2664 ) ;
#3428 = ORIENTED_EDGE ( 'NONE', *, *, #4511, .F. ) ;
#3429 = CARTESIAN_POINT ( 'NONE',  ( -22.48940849304198508, 135.1278839111299988, 0.000000000000000000 ) ) ;
#3430 = EDGE_LOOP ( 'NONE', ( #2185, #955 ) ) ;
#3431 = DIRECTION ( 'NONE',  ( -0.000000000000000000, 0.000000000000000000, 1.000000000000000000 ) ) ;
#3432 = FACE_BOUND ( 'NONE', #2086, .T. ) ;
#3433 = DIRECTION ( 'NONE',  ( -0.000000000000000000, -0.000000000000000000, -1.000000000000000000 ) ) ;
#3434 = DIRECTION ( 'NONE',  ( -0.000000000000000000, -0.000000000000000000, -1.000000000000000000 ) ) ;
#3435 = ORIENTED_EDGE ( 'NONE', *, *, #3917, .T. ) ;
#3436 = ORIENTED_EDGE ( 'NONE', *, *, #4262, .F. ) ;
#3437 = DIRECTION ( 'NONE',  ( -0.000000000000000000, -0.000000000000000000, -1.000000000000000000 ) ) ;
#3438 = AXIS2_PLACEMENT_3D ( 'NONE', #2101, #5338, #5824 ) ;
#3439 = EDGE_CURVE ( 'NONE', #3846, #595, #4949, .T. ) ;
#3440 = EDGE_CURVE ( 'NONE', #4895, #3889, #6594, .T. ) ;
#3441 = ORIENTED_EDGE ( 'NONE', *, *, #815, .T. ) ;
#3442 = FACE_OUTER_BOUND ( 'NONE', #4523, .T. ) ;
#3443 = EDGE_CURVE ( 'NONE', #6520, #5010, #2499, .T. ) ;
#3444 = CARTESIAN_POINT ( 'NONE',  ( -24.69269180297900590, 16.16301155090300057, 9.999999999999996447 ) ) ;
#3445 = AXIS2_PLACEMENT_3D ( 'NONE', #26, #643, #507 ) ;
#3446 = CARTESIAN_POINT ( 'NONE',  ( -62.75449371337899152, 71.04670715332001407, 0.000000000000000000 ) ) ;
#3447 = ORIENTED_EDGE ( 'NONE', *, *, #1451, .T. ) ;
#3448 = CARTESIAN_POINT ( 'NONE',  ( -22.46797561645499997, 13.62300586700400018, 9.999999999999996447 ) ) ;
#3449 = ADVANCED_FACE ( 'NONE', ( #1804 ), #1320, .F. ) ;
#3450 = CARTESIAN_POINT ( 'NONE',  ( -103.5095214843699836, 90.49858856201201718, 0.000000000000000000 ) ) ;
#3451 = CARTESIAN_POINT ( 'NONE',  ( -24.70830154418900193, 54.97129821777300407, 9.999999999999996447 ) ) ;
#3452 = CIRCLE ( 'NONE', #6117, 1.000000000000000888 ) ;
#3453 = CARTESIAN_POINT ( 'NONE',  ( -23.45818710327100831, 62.59131622314498600, 0.000000000000000000 ) ) ;
#3454 = AXIS2_PLACEMENT_3D ( 'NONE', #5914, #1528, #3678 ) ;
#3455 = ORIENTED_EDGE ( 'NONE', *, *, #3870, .T. ) ;
#3456 = CARTESIAN_POINT ( 'NONE',  ( -14.03411564461599781, 5.006115644616000893, 9.999999999999996447 ) ) ;
#3457 = DIRECTION ( 'NONE',  ( -0.000000000000000000, 0.000000000000000000, 1.000000000000000000 ) ) ;
#3458 = EDGE_LOOP ( 'NONE', ( #2284, #6 ) ) ;
#3459 = CARTESIAN_POINT ( 'NONE',  ( -23.48940849304197087, 140.2078857421799682, 9.999999999999996447 ) ) ;
#3460 = VERTEX_POINT ( 'NONE', #4388 ) ;
#3461 = ORIENTED_EDGE ( 'NONE', *, *, #5567, .T. ) ;
#3462 = CARTESIAN_POINT ( 'NONE',  ( -155.2254791259700255, 62.36726760864300445, 9.999999999999996447 ) ) ;
#3463 = ORIENTED_EDGE ( 'NONE', *, *, #2798, .F. ) ;
#3464 = DIRECTION ( 'NONE',  ( -0.000000000000000000, 0.000000000000000000, 1.000000000000000000 ) ) ;
#3465 = FACE_BOUND ( 'NONE', #3804, .T. ) ;
#3466 = DIRECTION ( 'NONE',  ( -0.000000000000000000, -0.000000000000000000, -1.000000000000000000 ) ) ;
#3467 = LINE ( 'NONE', #4513, #4141 ) ;
#3468 = ORIENTED_EDGE ( 'NONE', *, *, #2045, .F. ) ;
#3469 = ORIENTED_EDGE ( 'NONE', *, *, #1820, .F. ) ;
#3470 = FACE_OUTER_BOUND ( 'NONE', #831, .T. ) ;
#3471 = ORIENTED_EDGE ( 'NONE', *, *, #1025, .T. ) ;
#3472 = CARTESIAN_POINT ( 'NONE',  ( -151.0351562500000284, 10.85895442962599766, 0.000000000000000000 ) ) ;
#3473 = CARTESIAN_POINT ( 'NONE',  ( -157.6835907335899662, 158.7275907335900058, 6.999999999999996447 ) ) ;
#3474 = EDGE_CURVE ( 'NONE', #5267, #4920, #5494, .T. ) ;
#3475 = CIRCLE ( 'NONE', #4700, 1.000000000000000888 ) ;
#3476 = EDGE_CURVE ( 'NONE', #1404, #6791, #1841, .T. ) ;
#3477 = CARTESIAN_POINT ( 'NONE',  ( -18.63411564461599923, 5.006115644616000893, 9.999999999999996447 ) ) ;
#3478 = ORIENTED_EDGE ( 'NONE', *, *, #5394, .F. ) ;
#3479 = ADVANCED_FACE ( 'NONE', ( #3960 ), #6045, .F. ) ;
#3480 = DIRECTION ( 'NONE',  ( -1.000000000000000000, 0.000000000000000000, 0.000000000000000000 ) ) ;
#3481 = DIRECTION ( 'NONE',  ( 1.000000000000000000, 0.000000000000000000, 0.000000000000000000 ) ) ;
#3482 = CIRCLE ( 'NONE', #168, 1.000000000000000888 ) ;
#3483 = DIRECTION ( 'NONE',  ( -0.000000000000000000, 0.000000000000000000, 1.000000000000000000 ) ) ;
#3484 = EDGE_CURVE ( 'NONE', #2347, #410, #190, .T. ) ;
#3485 = ORIENTED_EDGE ( 'NONE', *, *, #5052, .F. ) ;
#3486 = EDGE_CURVE ( 'NONE', #4624, #232, #6387, .T. ) ;
#3487 = CARTESIAN_POINT ( 'NONE',  ( -23.48940849304198508, 135.1278839111299988, 9.999999999999996447 ) ) ;
#3488 = ORIENTED_EDGE ( 'NONE', *, *, #6125, .T. ) ;
#3489 = CARTESIAN_POINT ( 'NONE',  ( -159.2818843553800150, 5.006115644616000893, 0.000000000000000000 ) ) ;
#3490 = AXIS2_PLACEMENT_3D ( 'NONE', #6323, #2530, #5147 ) ;
#3491 = EDGE_CURVE ( 'NONE', #6181, #705, #6531, .T. ) ;
#3492 = DIRECTION ( 'NONE',  ( -0.000000000000000000, 0.000000000000000000, 1.000000000000000000 ) ) ;
#3493 = EDGE_LOOP ( 'NONE', ( #6068, #6020 ) ) ;
#3494 = AXIS2_PLACEMENT_3D ( 'NONE', #5769, #426, #1013 ) ;
#3495 = ORIENTED_EDGE ( 'NONE', *, *, #1948, .T. ) ;
#3496 = DIRECTION ( 'NONE',  ( -0.000000000000000000, 0.000000000000000000, 1.000000000000000000 ) ) ;
#3497 = ORIENTED_EDGE ( 'NONE', *, *, #6797, .F. ) ;
#3498 = DIRECTION ( 'NONE',  ( -0.000000000000000000, -0.000000000000000000, -1.000000000000000000 ) ) ;
#3499 = FACE_BOUND ( 'NONE', #5578, .T. ) ;
#3500 = CARTESIAN_POINT ( 'NONE',  ( -24.65830802917500009, 60.05131149291999293, 9.999999999999996447 ) ) ;
#3501 = CARTESIAN_POINT ( 'NONE',  ( -106.6540756225499820, 102.6609878540000125, 9.999999999999996447 ) ) ;
#3502 = EDGE_LOOP ( 'NONE', ( #1261, #2812, #2503, #3851 ) ) ;
#3503 = VERTEX_POINT ( 'NONE', #5982 ) ;
#3504 = DIRECTION ( 'NONE',  ( -0.000000000000000000, 0.000000000000000000, 1.000000000000000000 ) ) ;
#3505 = CIRCLE ( 'NONE', #4068, 1.000000000000000888 ) ;
#3506 = DIRECTION ( 'NONE',  ( 1.000000000000000000, 0.000000000000000000, 0.000000000000000000 ) ) ;
#3507 = DIRECTION ( 'NONE',  ( -1.000000000000000000, 0.000000000000000000, 0.000000000000000000 ) ) ;
#3508 = DIRECTION ( 'NONE',  ( -0.000000000000000000, 0.000000000000000000, 1.000000000000000000 ) ) ;
#3509 = ORIENTED_EDGE ( 'NONE', *, *, #6657, .F. ) ;
#3510 = ORIENTED_EDGE ( 'NONE', *, *, #2050, .F. ) ;
#3511 = DIRECTION ( 'NONE',  ( 1.000000000000000000, 0.000000000000000000, 0.000000000000000000 ) ) ;
#3512 = CARTESIAN_POINT ( 'NONE',  ( -159.2818843553800150, 0.005999999998001527557, 0.000000000000000000 ) ) ;
#3513 = CIRCLE ( 'NONE', #5856, 1.000000000000000888 ) ;
#3514 = CARTESIAN_POINT ( 'NONE',  ( -22.48358726501501081, 52.43129348754900576, 9.999999999999996447 ) ) ;
#3515 = ORIENTED_EDGE ( 'NONE', *, *, #221, .F. ) ;
#3516 = AXIS2_PLACEMENT_3D ( 'NONE', #3379, #5465, #4952 ) ;
#3517 = DIRECTION ( 'NONE',  ( -1.000000000000000000, 0.000000000000000000, 0.000000000000000000 ) ) ;
#3518 = EDGE_LOOP ( 'NONE', ( #5041, #1752, #5355, #1231 ) ) ;
#3519 = DIRECTION ( 'NONE',  ( 1.000000000000000000, 0.000000000000000000, 0.000000000000000000 ) ) ;
#3520 = EDGE_CURVE ( 'NONE', #1839, #6520, #1214, .T. ) ;
#3521 = EDGE_CURVE ( 'NONE', #851, #2803, #2065, .T. ) ;
#3522 = AXIS2_PLACEMENT_3D ( 'NONE', #4410, #1146, #5916 ) ;
#3523 = EDGE_CURVE ( 'NONE', #3614, #3342, #2782, .T. ) ;
#3524 = VECTOR ( 'NONE', #6370, 1000.000000000000000 ) ;
#3525 = CYLINDRICAL_SURFACE ( 'NONE', #436, 1.000000000000000888 ) ;
#3526 = EDGE_LOOP ( 'NONE', ( #2865, #4981 ) ) ;
#3527 = EDGE_LOOP ( 'NONE', ( #6294, #4989, #804, #4544 ) ) ;
#3528 = DIRECTION ( 'NONE',  ( -0.000000000000000000, -0.000000000000000000, -1.000000000000000000 ) ) ;
#3529 = VERTEX_POINT ( 'NONE', #2258 ) ;
#3530 = LINE ( 'NONE', #905, #1107 ) ;
#3531 = AXIS2_PLACEMENT_3D ( 'NONE', #847, #2998, #2400 ) ;
#3532 = EDGE_CURVE ( 'NONE', #119, #5981, #522, .T. ) ;
#3533 = CARTESIAN_POINT ( 'NONE',  ( -49.00470733642600862, 54.66035079956099452, 9.999999999999996447 ) ) ;
#3534 = FACE_BOUND ( 'NONE', #2527, .T. ) ;
#3535 = DIRECTION ( 'NONE',  ( 1.000000000000000000, 0.000000000000000000, -0.000000000000000000 ) ) ;
#3536 = ORIENTED_EDGE ( 'NONE', *, *, #4886, .F. ) ;
#3537 = EDGE_LOOP ( 'NONE', ( #73, #4435 ) ) ;
#3538 = DIRECTION ( 'NONE',  ( -0.000000000000000000, -0.000000000000000000, -1.000000000000000000 ) ) ;
#3539 = AXIS2_PLACEMENT_3D ( 'NONE', #5704, #4658, #2638 ) ;
#3540 = FACE_OUTER_BOUND ( 'NONE', #5203, .T. ) ;
#3541 = CIRCLE ( 'NONE', #6537, 1.000000000000000888 ) ;
#3542 = DIRECTION ( 'NONE',  ( -0.000000000000000000, -0.000000000000000000, -1.000000000000000000 ) ) ;
#3543 = CARTESIAN_POINT ( 'NONE',  ( -24.73952293395999291, 132.5878753662099712, 9.999999999999996447 ) ) ;
#3544 = ORIENTED_EDGE ( 'NONE', *, *, #3689, .F. ) ;
#3545 = ORIENTED_EDGE ( 'NONE', *, *, #182, .F. ) ;
#3546 = EDGE_LOOP ( 'NONE', ( #4556, #6269, #5437, #6673 ) ) ;
#3547 = CYLINDRICAL_SURFACE ( 'NONE', #995, 1.000000000000000888 ) ;
#3548 = DIRECTION ( 'NONE',  ( 1.000000000000000000, 0.000000000000000000, 0.000000000000000000 ) ) ;
#3549 = VECTOR ( 'NONE', #2445, 1000.000000000000000 ) ;
#3550 = DIRECTION ( 'NONE',  ( -1.000000000000000000, 0.000000000000000000, 0.000000000000000000 ) ) ;
#3551 = AXIS2_PLACEMENT_3D ( 'NONE', #3267, #5451, #6012 ) ;
#3552 = VERTEX_POINT ( 'NONE', #3050 ) ;
#3553 = CIRCLE ( 'NONE', #25, 1.000000000000000888 ) ;
#3554 = DIRECTION ( 'NONE',  ( 1.000000000000000000, 0.000000000000000000, 0.000000000000000000 ) ) ;
#3555 = VERTEX_POINT ( 'NONE', #4583 ) ;
#3556 = CARTESIAN_POINT ( 'NONE',  ( -127.6887512206999986, 21.32992744445799715, 0.000000000000000000 ) ) ;
#3557 = ADVANCED_FACE ( 'NONE', ( #1490 ), #6695, .F. ) ;
#3558 = CARTESIAN_POINT ( 'NONE',  ( -63.75449371337899152, 71.04670715332001407, 0.000000000000000000 ) ) ;
#3559 = ADVANCED_FACE ( 'NONE', ( #3998 ), #6250, .F. ) ;
#3560 = ORIENTED_EDGE ( 'NONE', *, *, #2254, .T. ) ;
#3561 = ORIENTED_EDGE ( 'NONE', *, *, #1442, .T. ) ;
#3562 = CARTESIAN_POINT ( 'NONE',  ( -162.2835907335899606, 158.7275907335900058, 6.999999999999996447 ) ) ;
#3563 = EDGE_LOOP ( 'NONE', ( #1123, #493, #592, #4472 ) ) ;
#3564 = ADVANCED_FACE ( 'NONE', ( #5176 ), #3087, .F. ) ;
#3565 = DIRECTION ( 'NONE',  ( -0.000000000000000000, -0.000000000000000000, -1.000000000000000000 ) ) ;
#3566 = DIRECTION ( 'NONE',  ( -0.000000000000000000, 0.000000000000000000, 1.000000000000000000 ) ) ;
#3567 = FACE_BOUND ( 'NONE', #1041, .T. ) ;
#3568 = EDGE_CURVE ( 'NONE', #6110, #3529, #5284, .T. ) ;
#3569 = CARTESIAN_POINT ( 'NONE',  ( -154.2567138671799967, 139.9838409423799988, 9.999999999999996447 ) ) ;
#3570 = EDGE_LOOP ( 'NONE', ( #1806, #5837 ) ) ;
#3571 = VERTEX_POINT ( 'NONE', #5625 ) ;
#3572 = DIRECTION ( 'NONE',  ( 1.000000000000000000, 0.000000000000000000, 0.000000000000000000 ) ) ;
#3573 = EDGE_CURVE ( 'NONE', #6548, #6359, #3943, .T. ) ;
#3574 = DIRECTION ( 'NONE',  ( -1.000000000000000000, 0.000000000000000000, 0.000000000000000000 ) ) ;
#3575 = AXIS2_PLACEMENT_3D ( 'NONE', #1695, #2700, #3811 ) ;
#3576 = DIRECTION ( 'NONE',  ( 1.000000000000000000, 0.000000000000000000, 0.000000000000000000 ) ) ;
#3577 = DIRECTION ( 'NONE',  ( 1.000000000000000000, 0.000000000000000000, 0.000000000000000000 ) ) ;
#3578 = EDGE_CURVE ( 'NONE', #3594, #4536, #2988, .T. ) ;
#3579 = CARTESIAN_POINT ( 'NONE',  ( -61.77010726928697437, 109.8549957275300244, 0.000000000000000000 ) ) ;
#3580 = EDGE_LOOP ( 'NONE', ( #3417, #1384, #1186, #2125 ) ) ;
#3581 = VERTEX_POINT ( 'NONE', #1911 ) ;
#3582 = DIRECTION ( 'NONE',  ( -0.000000000000000000, -0.000000000000000000, -1.000000000000000000 ) ) ;
#3583 = CIRCLE ( 'NONE', #5805, 1.000000000000000888 ) ;
#3584 = ORIENTED_EDGE ( 'NONE', *, *, #6544, .F. ) ;
#3585 = CARTESIAN_POINT ( 'NONE',  ( -72.23078155517598020, 101.9165573120100134, 9.999999999999996447 ) ) ;
#3586 = DIRECTION ( 'NONE',  ( -0.000000000000000000, 0.000000000000000000, 1.000000000000000000 ) ) ;
#3587 = CARTESIAN_POINT ( 'NONE',  ( -155.2567138671799967, 139.9838409423799988, 0.000000000000000000 ) ) ;
#3588 = DIRECTION ( 'NONE',  ( -0.000000000000000000, -0.000000000000000000, -1.000000000000000000 ) ) ;
#3589 = ORIENTED_EDGE ( 'NONE', *, *, #6742, .T. ) ;
#3590 = CARTESIAN_POINT ( 'NONE',  ( -105.6228561401299970, 25.04441070556600479, 9.999999999999996447 ) ) ;
#3591 = DIRECTION ( 'NONE',  ( 1.000000000000000000, 0.000000000000000000, 0.000000000000000000 ) ) ;
#3592 = CARTESIAN_POINT ( 'NONE',  ( -24.68952941894499276, 142.7478942870999958, 0.000000000000000000 ) ) ;
#3593 = EDGE_LOOP ( 'NONE', ( #4614, #6761, #2643, #1958 ) ) ;
#3594 = VERTEX_POINT ( 'NONE', #4066 ) ;
#3595 = CARTESIAN_POINT ( 'NONE',  ( -159.2835907335899606, 163.7259999999995159, 9.999999999999996447 ) ) ;
#3596 = EDGE_LOOP ( 'NONE', ( #5847, #4532 ) ) ;
#3597 = CARTESIAN_POINT ( 'NONE',  ( -22.44257545471200999, 23.78302574157699922, 9.999999999999996447 ) ) ;
#3598 = ADVANCED_FACE ( 'NONE', ( #3470 ), #1386, .F. ) ;
#3599 = VECTOR ( 'NONE', #2654, 1000.000000000000000 ) ;
#3600 = FACE_BOUND ( 'NONE', #342, .T. ) ;
#3601 = DIRECTION ( 'NONE',  ( -0.000000000000000000, -0.000000000000000000, -1.000000000000000000 ) ) ;
#3602 = ORIENTED_EDGE ( 'NONE', *, *, #5308, .T. ) ;
#3603 = VERTEX_POINT ( 'NONE', #2570 ) ;
#3604 = CARTESIAN_POINT ( 'NONE',  ( -159.2835907335899606, 158.7275907335900058, 0.000000000000000000 ) ) ;
#3605 = LINE ( 'NONE', #4111, #5164 ) ;
#3606 = VECTOR ( 'NONE', #4661, 1000.000000000000000 ) ;
#3607 = ADVANCED_FACE ( 'NONE', ( #465 ), #1978, .F. ) ;
#3608 = EDGE_CURVE ( 'NONE', #3460, #4832, #2282, .T. ) ;
#3609 = DIRECTION ( 'NONE',  ( 1.000000000000000000, 0.000000000000000000, 0.000000000000000000 ) ) ;
#3610 = EDGE_CURVE ( 'NONE', #1290, #1249, #1842, .T. ) ;
#3611 = CARTESIAN_POINT ( 'NONE',  ( -14.03411564461599781, 5.006115644616000893, 6.999999999999996447 ) ) ;
#3612 = DIRECTION ( 'NONE',  ( -0.000000000000000000, -0.000000000000000000, -1.000000000000000000 ) ) ;
#3613 = ORIENTED_EDGE ( 'NONE', *, *, #1363, .F. ) ;
#3614 = VERTEX_POINT ( 'NONE', #4109 ) ;
#3615 = CARTESIAN_POINT ( 'NONE',  ( -61.78571701049798293, 148.6632843017500250, 0.000000000000000000 ) ) ;
#3616 = EDGE_LOOP ( 'NONE', ( #2907, #3225 ) ) ;
#3617 = CARTESIAN_POINT ( 'NONE',  ( -24.67391777038599443, 98.85959625244100835, 9.999999999999996447 ) ) ;
#3618 = FACE_OUTER_BOUND ( 'NONE', #503, .T. ) ;
#3619 = ADVANCED_FACE ( 'NONE', ( #3022 ), #326, .F. ) ;
#3620 = CARTESIAN_POINT ( 'NONE',  ( -23.44257545471200999, 18.70301628112799719, 0.000000000000000000 ) ) ;
#3621 = LINE ( 'NONE', #5196, #441 ) ;
#3622 = VERTEX_POINT ( 'NONE', #5213 ) ;
#3623 = SURFACE_SIDE_STYLE ('',( #5295 ) ) ;
#3624 = AXIS2_PLACEMENT_3D ( 'NONE', #5411, #3331, #667 ) ;
#3625 = CIRCLE ( 'NONE', #1641, 1.000000000000000888 ) ;
#3626 = DIRECTION ( 'NONE',  ( 1.000000000000000000, 0.000000000000000000, 0.000000000000000000 ) ) ;
#3627 = ORIENTED_EDGE ( 'NONE', *, *, #3907, .T. ) ;
#3628 = ORIENTED_EDGE ( 'NONE', *, *, #6251, .T. ) ;
#3629 = DIRECTION ( 'NONE',  ( -0.000000000000000000, 0.000000000000000000, 1.000000000000000000 ) ) ;
#3630 = AXIS2_PLACEMENT_3D ( 'NONE', #1670, #5842, #5883 ) ;
#3631 = EDGE_LOOP ( 'NONE', ( #966, #6663 ) ) ;
#3632 = DIRECTION ( 'NONE',  ( -0.000000000000000000, 0.000000000000000000, 1.000000000000000000 ) ) ;
#3633 = VECTOR ( 'NONE', #1134, 1000.000000000000000 ) ;
#3634 = CARTESIAN_POINT ( 'NONE',  ( -63.77010726928697437, 109.8549957275300244, 0.000000000000000000 ) ) ;
#3635 = CARTESIAN_POINT ( 'NONE',  ( -49.02031707763698876, 93.46864318847700304, 0.000000000000000000 ) ) ;
#3636 = VERTEX_POINT ( 'NONE', #5664 ) ;
#3637 = CARTESIAN_POINT ( 'NONE',  ( -62.77010726928697437, 109.8549957275300244, 9.999999999999996447 ) ) ;
#3638 = CARTESIAN_POINT ( 'NONE',  ( -15.63411564461599923, 5.006115644616000893, 9.999999999999996447 ) ) ;
#3639 = AXIS2_PLACEMENT_3D ( 'NONE', #295, #2396, #879 ) ;
#3640 = AXIS2_PLACEMENT_3D ( 'NONE', #3448, #263, #1364 ) ;
#3641 = CARTESIAN_POINT ( 'NONE',  ( -69.07060241699200276, 50.94586563110399879, 9.999999999999996447 ) ) ;
#3642 = DIRECTION ( 'NONE',  ( 1.000000000000000000, 0.000000000000000000, 0.000000000000000000 ) ) ;
#3643 = CARTESIAN_POINT ( 'NONE',  ( -24.73952293395999291, 132.5878753662099712, 9.999999999999996447 ) ) ;
#3644 = VERTEX_POINT ( 'NONE', #2951 ) ;
#3645 = ADVANCED_FACE ( 'NONE', ( #1881 ), #975, .F. ) ;
#3646 = ORIENTED_EDGE ( 'NONE', *, *, #3746, .F. ) ;
#3647 = DIRECTION ( 'NONE',  ( 1.000000000000000000, 0.000000000000000000, 0.000000000000000000 ) ) ;
#3648 = EDGE_CURVE ( 'NONE', #2692, #1095, #635, .T. ) ;
#3649 = CIRCLE ( 'NONE', #227, 1.000000000000000888 ) ;
#3650 = EDGE_LOOP ( 'NONE', ( #1566, #4733, #695, #1585 ) ) ;
#3651 = CARTESIAN_POINT ( 'NONE',  ( -155.0509948730399969, 129.7940063476499972, 9.999999999999996447 ) ) ;
#3652 = FACE_OUTER_BOUND ( 'NONE', #2575, .T. ) ;
#3653 = DIRECTION ( 'NONE',  ( 1.000000000000000000, 0.000000000000000000, 0.000000000000000000 ) ) ;
#3654 = EDGE_CURVE ( 'NONE', #5642, #1880, #2632, .T. ) ;
#3655 = PRODUCT_DEFINITION_SHAPE ( 'NONE', 'NONE',  #5070 ) ;
#3656 = CIRCLE ( 'NONE', #2992, 1.000000000000000888 ) ;
#3657 = DIRECTION ( 'NONE',  ( 1.000000000000000000, 0.000000000000000000, 0.000000000000000000 ) ) ;
#3658 = CIRCLE ( 'NONE', #6757, 1.000000000000000888 ) ;
#3659 = EDGE_LOOP ( 'NONE', ( #4885, #3131, #6626, #4979 ) ) ;
#3660 = EDGE_CURVE ( 'NONE', #6832, #2843, #4722, .T. ) ;
#3661 = FACE_OUTER_BOUND ( 'NONE', #6808, .T. ) ;
#3662 = CARTESIAN_POINT ( 'NONE',  ( -159.2835907335899606, 158.7275907335900058, 6.999999999999996447 ) ) ;
#3663 = CIRCLE ( 'NONE', #5990, 1.599999999999990319 ) ;
#3664 = AXIS2_PLACEMENT_3D ( 'NONE', #5191, #5087, #5160 ) ;
#3665 = CARTESIAN_POINT ( 'NONE',  ( -154.2508850097599975, 52.20724868774399852, 9.999999999999996447 ) ) ;
#3666 = ORIENTED_EDGE ( 'NONE', *, *, #1370, .F. ) ;
#3667 = EDGE_LOOP ( 'NONE', ( #6759, #4475, #781, #2441 ) ) ;
#3668 = CARTESIAN_POINT ( 'NONE',  ( -22.51480865478498572, 130.0478668212800244, 9.999999999999996447 ) ) ;
#3669 = ORIENTED_EDGE ( 'NONE', *, *, #2375, .F. ) ;
#3670 = DIRECTION ( 'NONE',  ( -0.000000000000000000, -0.000000000000000000, -1.000000000000000000 ) ) ;
#3671 = AXIS2_PLACEMENT_3D ( 'NONE', #1493, #2991, #3609 ) ;
#3672 = FACE_BOUND ( 'NONE', #2883, .T. ) ;
#3673 = AXIS2_PLACEMENT_3D ( 'NONE', #398, #915, #6731 ) ;
#3674 = DIRECTION ( 'NONE',  ( -0.000000000000000000, -0.000000000000000000, -1.000000000000000000 ) ) ;
#3675 = ORIENTED_EDGE ( 'NONE', *, *, #1111, .T. ) ;
#3676 = DIRECTION ( 'NONE',  ( -0.000000000000000000, 0.000000000000000000, 1.000000000000000000 ) ) ;
#3677 = CARTESIAN_POINT ( 'NONE',  ( -71.08621215820299710, 89.75415039062501421, 0.000000000000000000 ) ) ;
#3678 = DIRECTION ( 'NONE',  ( 1.000000000000000000, 0.000000000000000000, 0.000000000000000000 ) ) ;
#3679 = CARTESIAN_POINT ( 'NONE',  ( -25.67391777038599443, 103.9396057128900139, 0.000000000000000000 ) ) ;
#3680 = EDGE_LOOP ( 'NONE', ( #2373, #6795, #1352, #2563 ) ) ;
#3681 = ORIENTED_EDGE ( 'NONE', *, *, #9, .T. ) ;
#3682 = CARTESIAN_POINT ( 'NONE',  ( -155.2098693847599975, 23.55898094177199908, 0.000000000000000000 ) ) ;
#3683 = ORIENTED_EDGE ( 'NONE', *, *, #1440, .T. ) ;
#3684 = CARTESIAN_POINT ( 'NONE',  ( -50.02031707763698876, 93.46864318847700304, 9.999999999999996447 ) ) ;
#3685 = AXIS2_PLACEMENT_3D ( 'NONE', #6282, #6351, #463 ) ;
#3686 = DIRECTION ( 'NONE',  ( 1.000000000000000000, 0.000000000000000000, 0.000000000000000000 ) ) ;
#3687 = CARTESIAN_POINT ( 'NONE',  ( -71.23078155517598020, 101.9165573120100134, 9.999999999999996447 ) ) ;
#3688 = EDGE_CURVE ( 'NONE', #5268, #5467, #529, .T. ) ;
#3689 = EDGE_CURVE ( 'NONE', #2851, #3332, #6280, .T. ) ;
#3690 = DIRECTION ( 'NONE',  ( -0.000000000000000000, -0.000000000000000000, -1.000000000000000000 ) ) ;
#3691 = ORIENTED_EDGE ( 'NONE', *, *, #1671, .F. ) ;
#3692 = CYLINDRICAL_SURFACE ( 'NONE', #322, 1.000000000000000888 ) ;
#3693 = CARTESIAN_POINT ( 'NONE',  ( -113.9701919555599972, 82.56014251709001428, 9.999999999999996447 ) ) ;
#3694 = CIRCLE ( 'NONE', #2808, 1.000000000000000888 ) ;
#3695 = CARTESIAN_POINT ( 'NONE',  ( -113.9389648437500142, 4.943568706511997313, 9.999999999999996447 ) ) ;
#3696 = EDGE_CURVE ( 'NONE', #3644, #6646, #4759, .T. ) ;
#3697 = EDGE_CURVE ( 'NONE', #2758, #3790, #1594, .T. ) ;
#3698 = DIRECTION ( 'NONE',  ( -0.000000000000000000, 0.000000000000000000, 1.000000000000000000 ) ) ;
#3699 = EDGE_CURVE ( 'NONE', #5023, #2311, #3505, .T. ) ;
#3700 = CARTESIAN_POINT ( 'NONE',  ( -103.5251312255799974, 129.3068695068300258, 9.999999999999996447 ) ) ;
#3701 = ORIENTED_EDGE ( 'NONE', *, *, #1831, .T. ) ;
#3702 = EDGE_LOOP ( 'NONE', ( #4367, #34, #4444, #6824 ) ) ;
#3703 = CARTESIAN_POINT ( 'NONE',  ( -105.6696853637699718, 141.4692840576099968, 9.999999999999996447 ) ) ;
#3704 = VERTEX_POINT ( 'NONE', #5381 ) ;
#3705 = FACE_OUTER_BOUND ( 'NONE', #1135, .T. ) ;
#3706 = VECTOR ( 'NONE', #743, 1000.000000000000000 ) ;
#3707 = DIRECTION ( 'NONE',  ( -0.000000000000000000, 0.000000000000000000, 1.000000000000000000 ) ) ;
#3708 = ORIENTED_EDGE ( 'NONE', *, *, #6074, .F. ) ;
#3709 = ORIENTED_EDGE ( 'NONE', *, *, #3532, .T. ) ;
#3710 = DIRECTION ( 'NONE',  ( -1.000000000000000000, 0.000000000000000000, 0.000000000000000000 ) ) ;
#3711 = DIRECTION ( 'NONE',  ( 1.000000000000000000, 0.000000000000000000, 0.000000000000000000 ) ) ;
#3712 = CIRCLE ( 'NONE', #725, 1.000000000000000888 ) ;
#3713 = FACE_OUTER_BOUND ( 'NONE', #4694, .T. ) ;
#3714 = DIRECTION ( 'NONE',  ( -0.000000000000000000, 0.000000000000000000, 1.000000000000000000 ) ) ;
#3715 = EDGE_LOOP ( 'NONE', ( #2269, #6207, #6060, #6822 ) ) ;
#3716 = EDGE_LOOP ( 'NONE', ( #1199, #1421 ) ) ;
#3717 = FACE_OUTER_BOUND ( 'NONE', #5457, .T. ) ;
#3718 = AXIS2_PLACEMENT_3D ( 'NONE', #4152, #6260, #985 ) ;
#3719 = VERTEX_POINT ( 'NONE', #2049 ) ;
#3720 = CARTESIAN_POINT ( 'NONE',  ( -15.63240926640897399, 158.7275907335900058, 6.999999999999996447 ) ) ;
#3721 = CARTESIAN_POINT ( 'NONE',  ( -22.44257545471200999, 18.70301628112799719, 0.000000000000000000 ) ) ;
#3722 = DIRECTION ( 'NONE',  ( 1.000000000000000000, 0.000000000000000000, 0.000000000000000000 ) ) ;
#3723 = CARTESIAN_POINT ( 'NONE',  ( -23.63163185119600129, 21.41612434387199926, 9.999999999999996447 ) ) ;
#3724 = CIRCLE ( 'NONE', #4399, 1.000000000000000888 ) ;
#3725 = ORIENTED_EDGE ( 'NONE', *, *, #5320, .F. ) ;
#3726 = CARTESIAN_POINT ( 'NONE',  ( -22.45818710327099410, 57.51130294799799714, 9.999999999999996447 ) ) ;
#3727 = DIRECTION ( 'NONE',  ( -0.000000000000000000, 0.000000000000000000, 1.000000000000000000 ) ) ;
#3728 = VECTOR ( 'NONE', #2925, 1000.000000000000000 ) ;
#3729 = DIRECTION ( 'NONE',  ( -0.000000000000000000, -0.000000000000000000, 1.000000000000000000 ) ) ;
#3730 = CARTESIAN_POINT ( 'NONE',  ( -154.2664947509699971, 91.01554107666001414, 9.999999999999996447 ) ) ;
#3731 = CARTESIAN_POINT ( 'NONE',  ( -22.47379875183100495, 96.31959533691403408, 9.999999999999996447 ) ) ;
#3732 = EDGE_LOOP ( 'NONE', ( #3285, #4488 ) ) ;
#3733 = EDGE_LOOP ( 'NONE', ( #5348, #3241 ) ) ;
#3734 = EDGE_CURVE ( 'NONE', #3923, #2923, #4314, .T. ) ;
#3735 = DIRECTION ( 'NONE',  ( 1.000000000000000000, 0.000000000000000000, 0.000000000000000000 ) ) ;
#3736 = ADVANCED_FACE ( 'NONE', ( #6420 ), #3783, .F. ) ;
#3737 = ORIENTED_EDGE ( 'NONE', *, *, #616, .F. ) ;
#3738 = DIRECTION ( 'NONE',  ( -0.000000000000000000, -0.000000000000000000, -1.000000000000000000 ) ) ;
#3739 = ADVANCED_FACE ( 'NONE', ( #1078 ), #494, .F. ) ;
#3740 = AXIS2_PLACEMENT_3D ( 'NONE', #2667, #4794, #43 ) ;
#3741 = VERTEX_POINT ( 'NONE', #2702 ) ;
#3742 = CIRCLE ( 'NONE', #4631, 1.000000000000000888 ) ;
#3743 = CARTESIAN_POINT ( 'NONE',  ( -106.6696853637699718, 141.4692840576099968, 0.000000000000000000 ) ) ;
#3744 = EDGE_LOOP ( 'NONE', ( #4040, #3839, #4133, #3890 ) ) ;
#3745 = FACE_OUTER_BOUND ( 'NONE', #2630, .T. ) ;
#3746 = EDGE_CURVE ( 'NONE', #2429, #3796, #971, .T. ) ;
#3747 = FACE_OUTER_BOUND ( 'NONE', #4702, .T. ) ;
#3748 = CIRCLE ( 'NONE', #6526, 1.000000000000000888 ) ;
#3749 = CYLINDRICAL_SURFACE ( 'NONE', #4875, 1.000000000000000888 ) ;
#3750 = DIRECTION ( 'NONE',  ( -1.000000000000000000, 0.000000000000000000, 0.000000000000000000 ) ) ;
#3751 = ORIENTED_EDGE ( 'NONE', *, *, #184, .T. ) ;
#3752 = VERTEX_POINT ( 'NONE', #1047 ) ;
#3753 = CARTESIAN_POINT ( 'NONE',  ( -155.2664947509699971, 96.09555053710899131, 9.999999999999996447 ) ) ;
#3754 = CARTESIAN_POINT ( 'NONE',  ( -17.23240926640897186, 158.7275907335900058, 6.999999999999996447 ) ) ;
#3755 = CARTESIAN_POINT ( 'NONE',  ( -159.2818843553800150, 5.006115644616000893, 9.999999999999996447 ) ) ;
#3756 = LINE ( 'NONE', #84, #6473 ) ;
#3757 = AXIS2_PLACEMENT_3D ( 'NONE', #730, #5848, #6009 ) ;
#3758 = DIRECTION ( 'NONE',  ( 1.000000000000000000, 0.000000000000000000, 0.000000000000000000 ) ) ;
#3759 = AXIS2_PLACEMENT_3D ( 'NONE', #5153, #980, #1464 ) ;
#3760 = AXIS2_PLACEMENT_3D ( 'NONE', #489, #4715, #68 ) ;
#3761 = ORIENTED_EDGE ( 'NONE', *, *, #4551, .F. ) ;
#3762 = CYLINDRICAL_SURFACE ( 'NONE', #4753, 1.000000000000000888 ) ;
#3763 = AXIS2_PLACEMENT_3D ( 'NONE', #6325, #4729, #2574 ) ;
#3764 = CARTESIAN_POINT ( 'NONE',  ( -23.67391777038599443, 98.85959625244100835, 9.999999999999996447 ) ) ;
#3765 = DIRECTION ( 'NONE',  ( -1.000000000000000000, 0.000000000000000000, 0.000000000000000000 ) ) ;
#3766 = CIRCLE ( 'NONE', #4655, 1.000000000000000888 ) ;
#3767 = DIRECTION ( 'NONE',  ( 1.000000000000000000, 0.000000000000000000, 0.000000000000000000 ) ) ;
#3768 = CARTESIAN_POINT ( 'NONE',  ( -152.0163726806600266, 98.63555145263703139, 9.999999999999996447 ) ) ;
#3769 = ORIENTED_EDGE ( 'NONE', *, *, #1074, .T. ) ;
#3770 = AXIS2_PLACEMENT_3D ( 'NONE', #3318, #621, #2720 ) ;
#3771 = ORIENTED_EDGE ( 'NONE', *, *, #4297, .F. ) ;
#3772 = DIRECTION ( 'NONE',  ( -0.000000000000000000, 0.000000000000000000, 1.000000000000000000 ) ) ;
#3773 = ORIENTED_EDGE ( 'NONE', *, *, #2839, .T. ) ;
#3774 = DIRECTION ( 'NONE',  ( -1.000000000000000000, 0.000000000000000000, 0.000000000000000000 ) ) ;
#3775 = AXIS2_PLACEMENT_3D ( 'NONE', #4412, #2283, #5481 ) ;
#3776 = AXIS2_PLACEMENT_3D ( 'NONE', #5639, #1925, #3103 ) ;
#3777 = EDGE_CURVE ( 'NONE', #2621, #1443, #1522, .T. ) ;
#3778 = ADVANCED_FACE ( 'NONE', ( #2146 ), #567, .F. ) ;
#3779 = FACE_BOUND ( 'NONE', #6025, .T. ) ;
#3780 = ORIENTED_EDGE ( 'NONE', *, *, #2467, .F. ) ;
#3781 = ADVANCED_FACE ( 'NONE', ( #1011 ), #4279, .F. ) ;
#3782 = ORIENTED_EDGE ( 'NONE', *, *, #3907, .F. ) ;
#3783 = CYLINDRICAL_SURFACE ( 'NONE', #1631, 1.000000000000000888 ) ;
#3784 = AXIS2_PLACEMENT_3D ( 'NONE', #261, #2362, #1777 ) ;
#3785 = FACE_BOUND ( 'NONE', #1977, .T. ) ;
#3786 = ADVANCED_FACE ( 'NONE', ( #3745 ), #74, .F. ) ;
#3787 = DIRECTION ( 'NONE',  ( -0.000000000000000000, -0.000000000000000000, 1.000000000000000000 ) ) ;
#3788 = EDGE_CURVE ( 'NONE', #719, #1263, #1857, .T. ) ;
#3789 = DIRECTION ( 'NONE',  ( -1.000000000000000000, 0.000000000000000000, 0.000000000000000000 ) ) ;
#3790 = VERTEX_POINT ( 'NONE', #1727 ) ;
#3791 = ORIENTED_EDGE ( 'NONE', *, *, #4772, .T. ) ;
#3792 = FACE_OUTER_BOUND ( 'NONE', #4711, .T. ) ;
#3793 = DIRECTION ( 'NONE',  ( 1.000000000000000000, 0.000000000000000000, 0.000000000000000000 ) ) ;
#3794 = LINE ( 'NONE', #5951, #938 ) ;
#3795 = DIRECTION ( 'NONE',  ( -0.000000000000000000, 0.000000000000000000, 1.000000000000000000 ) ) ;
#3796 = VERTEX_POINT ( 'NONE', #4377 ) ;
#3797 = DIRECTION ( 'NONE',  ( 1.000000000000000000, 0.000000000000000000, 0.000000000000000000 ) ) ;
#3798 = CARTESIAN_POINT ( 'NONE',  ( -24.65830802917500009, 60.05131149291999293, 9.999999999999996447 ) ) ;
#3799 = CARTESIAN_POINT ( 'NONE',  ( -17.23240926640897186, 158.7275907335900058, 9.999999999999996447 ) ) ;
#3800 = AXIS2_PLACEMENT_3D ( 'NONE', #910, #2389, #6080 ) ;
#3801 = CARTESIAN_POINT ( 'NONE',  ( -15.63411564461599923, 0.005999999998001527557, 9.999999999999996447 ) ) ;
#3802 = VERTEX_POINT ( 'NONE', #2872 ) ;
#3803 = EDGE_LOOP ( 'NONE', ( #6784, #1803, #6443, #5134 ) ) ;
#3804 = EDGE_LOOP ( 'NONE', ( #1513, #5082 ) ) ;
#3805 = CYLINDRICAL_SURFACE ( 'NONE', #5299, 1.000000000000000888 ) ;
#3806 = AXIS2_PLACEMENT_3D ( 'NONE', #3831, #1684, #5368 ) ;
#3807 = EDGE_LOOP ( 'NONE', ( #6007, #2666, #2270, #3398 ) ) ;
#3808 = DIRECTION ( 'NONE',  ( -0.000000000000000000, 0.000000000000000000, 1.000000000000000000 ) ) ;
#3809 = CIRCLE ( 'NONE', #710, 1.000000000000000888 ) ;
#3810 = ORIENTED_EDGE ( 'NONE', *, *, #581, .T. ) ;
#3811 = DIRECTION ( 'NONE',  ( 1.000000000000000000, 0.000000000000000000, 0.000000000000000000 ) ) ;
#3812 = ORIENTED_EDGE ( 'NONE', *, *, #6752, .T. ) ;
#3813 = DIRECTION ( 'NONE',  ( -0.000000000000000000, -0.000000000000000000, -1.000000000000000000 ) ) ;
#3814 = EDGE_CURVE ( 'NONE', #6842, #3100, #144, .T. ) ;
#3815 = AXIS2_PLACEMENT_3D ( 'NONE', #4587, #1322, #1945 ) ;
#3816 = FACE_BOUND ( 'NONE', #2901, .T. ) ;
#3817 = DIRECTION ( 'NONE',  ( -0.000000000000000000, -0.000000000000000000, -1.000000000000000000 ) ) ;
#3818 = DIRECTION ( 'NONE',  ( 1.000000000000000000, 0.000000000000000000, 0.000000000000000000 ) ) ;
#3819 = ORIENTED_EDGE ( 'NONE', *, *, #909, .F. ) ;
#3820 = ORIENTED_EDGE ( 'NONE', *, *, #4629, .T. ) ;
#3821 = DIRECTION ( 'NONE',  ( -0.000000000000000000, -0.000000000000000000, -1.000000000000000000 ) ) ;
#3822 = ADVANCED_FACE ( 'NONE', ( #697 ), #6554, .F. ) ;
#3823 = EDGE_CURVE ( 'NONE', #1889, #4198, #6512, .T. ) ;
#3824 = DIRECTION ( 'NONE',  ( 1.000000000000000000, 0.000000000000000000, 0.000000000000000000 ) ) ;
#3825 = ADVANCED_FACE ( 'NONE', ( #2279 ), #2772, .F. ) ;
#3826 = CARTESIAN_POINT ( 'NONE',  ( -69.08621215820299710, 89.75415039062501421, 0.000000000000000000 ) ) ;
#3827 = CIRCLE ( 'NONE', #4716, 1.000000000000000888 ) ;
#3828 = ORIENTED_EDGE ( 'NONE', *, *, #104, .F. ) ;
#3829 = CARTESIAN_POINT ( 'NONE',  ( -25.72391319274899857, 93.77958679199200276, 9.999999999999996447 ) ) ;
#3830 = EDGE_CURVE ( 'NONE', #3247, #6326, #1742, .T. ) ;
#3831 = CARTESIAN_POINT ( 'NONE',  ( -24.68952941894499276, 137.6678924560500263, 9.999999999999996447 ) ) ;
#3832 = VECTOR ( 'NONE', #5184, 1000.000000000000000 ) ;
#3833 = CARTESIAN_POINT ( 'NONE',  ( -105.6540756225499820, 102.6609878540000125, 9.999999999999996447 ) ) ;
#3834 = ORIENTED_EDGE ( 'NONE', *, *, #1744, .F. ) ;
#3835 = ORIENTED_EDGE ( 'NONE', *, *, #24, .F. ) ;
#3836 = CARTESIAN_POINT ( 'NONE',  ( -113.9701919555599972, 82.56014251709001428, 0.000000000000000000 ) ) ;
#3837 = AXIS2_PLACEMENT_3D ( 'NONE', #3853, #4940, #3572 ) ;
#3838 = CYLINDRICAL_SURFACE ( 'NONE', #648, 1.000000000000000888 ) ;
#3839 = ORIENTED_EDGE ( 'NONE', *, *, #5562, .F. ) ;
#3840 = CARTESIAN_POINT ( 'NONE',  ( -21.49919891357400559, 91.23958587646500007, 0.000000000000000000 ) ) ;
#3841 = CIRCLE ( 'NONE', #2729, 1.000000000000000888 ) ;
#3842 = FACE_BOUND ( 'NONE', #456, .T. ) ;
#3843 = ORIENTED_EDGE ( 'NONE', *, *, #6454, .T. ) ;
#3844 = VERTEX_POINT ( 'NONE', #249 ) ;
#3845 = CARTESIAN_POINT ( 'NONE',  ( -153.0507659912100280, 49.66724395752000731, 9.999999999999996447 ) ) ;
#3846 = VERTEX_POINT ( 'NONE', #5505 ) ;
#3847 = CARTESIAN_POINT ( 'NONE',  ( -153.0507659912100280, 54.74725341796900580, 0.000000000000000000 ) ) ;
#3848 = DIRECTION ( 'NONE',  ( -0.000000000000000000, -0.000000000000000000, -1.000000000000000000 ) ) ;
#3849 = CIRCLE ( 'NONE', #3971, 1.000000000000000888 ) ;
#3850 = CARTESIAN_POINT ( 'NONE',  ( -152.0507659912100280, 49.66724395752000731, 0.000000000000000000 ) ) ;
#3851 = ORIENTED_EDGE ( 'NONE', *, *, #2545, .F. ) ;
#3852 = EDGE_LOOP ( 'NONE', ( #6833, #5767 ) ) ;
#3853 = CARTESIAN_POINT ( 'NONE',  ( -72.24639129638698876, 140.7248382568299974, 0.000000000000000000 ) ) ;
#3854 = CIRCLE ( 'NONE', #867, 1.000000000000000888 ) ;
#3855 = CARTESIAN_POINT ( 'NONE',  ( -127.7355880737299998, 137.7547912597600259, 0.000000000000000000 ) ) ;
#3856 = CIRCLE ( 'NONE', #4528, 1.000000000000000888 ) ;
#3857 = CARTESIAN_POINT ( 'NONE',  ( -107.6540756225499820, 102.6609878540000125, 0.000000000000000000 ) ) ;
#3858 = EDGE_CURVE ( 'NONE', #433, #4251, #1830, .T. ) ;
#3859 = EDGE_CURVE ( 'NONE', #4419, #404, #3513, .T. ) ;
#3860 = AXIS2_PLACEMENT_3D ( 'NONE', #5502, #1343, #2346 ) ;
#3861 = ORIENTED_EDGE ( 'NONE', *, *, #898, .T. ) ;
#3862 = EDGE_CURVE ( 'NONE', #501, #6726, #6073, .T. ) ;
#3863 = CIRCLE ( 'NONE', #4980, 1.000000000000000888 ) ;
#3864 = DIRECTION ( 'NONE',  ( -0.000000000000000000, -0.000000000000000000, 1.000000000000000000 ) ) ;
#3865 = DIRECTION ( 'NONE',  ( 1.000000000000000000, 0.000000000000000000, 0.000000000000000000 ) ) ;
#3866 = CARTESIAN_POINT ( 'NONE',  ( -21.45818710327100476, 62.59131622314498600, 9.999999999999996447 ) ) ;
#3867 = AXIS2_PLACEMENT_3D ( 'NONE', #4328, #6431, #3305 ) ;
#3868 = FACE_OUTER_BOUND ( 'NONE', #16, .T. ) ;
#3869 = VECTOR ( 'NONE', #5357, 1000.000000000000000 ) ;
#3870 = EDGE_CURVE ( 'NONE', #4386, #404, #6585, .T. ) ;
#3871 = VERTEX_POINT ( 'NONE', #3845 ) ;
#3872 = ORIENTED_EDGE ( 'NONE', *, *, #572, .T. ) ;
#3873 = DIRECTION ( 'NONE',  ( -1.000000000000000000, 0.000000000000000000, 0.000000000000000000 ) ) ;
#3874 = ORIENTED_EDGE ( 'NONE', *, *, #4675, .T. ) ;
#3875 = DIRECTION ( 'NONE',  ( -1.000000000000000000, 0.000000000000000000, 0.000000000000000000 ) ) ;
#3876 = CIRCLE ( 'NONE', #4773, 1.000000000000000888 ) ;
#3877 = AXIS2_PLACEMENT_3D ( 'NONE', #4268, #6441, #3767 ) ;
#3878 = DIRECTION ( 'NONE',  ( -0.000000000000000000, 0.000000000000000000, 1.000000000000000000 ) ) ;
#3879 = EDGE_LOOP ( 'NONE', ( #4459, #4469, #48, #4582 ) ) ;
#3880 = DIRECTION ( 'NONE',  ( -0.000000000000000000, -0.000000000000000000, -1.000000000000000000 ) ) ;
#3881 = VERTEX_POINT ( 'NONE', #4861 ) ;
#3882 = DIRECTION ( 'NONE',  ( 1.000000000000000000, 0.000000000000000000, 0.000000000000000000 ) ) ;
#3883 = ORIENTED_EDGE ( 'NONE', *, *, #2050, .T. ) ;
#3884 = CARTESIAN_POINT ( 'NONE',  ( -69.08621215820299710, 89.75415039062501421, 9.999999999999996447 ) ) ;
#3885 = DIRECTION ( 'NONE',  ( 1.000000000000000000, 0.000000000000000000, 0.000000000000000000 ) ) ;
#3886 = AXIS2_PLACEMENT_3D ( 'NONE', #1955, #2509, #4628 ) ;
#3887 = CARTESIAN_POINT ( 'NONE',  ( -126.6887512206999986, 21.32992744445799715, 9.999999999999996447 ) ) ;
#3888 = DIRECTION ( 'NONE',  ( -1.000000000000000000, 0.000000000000000000, 0.000000000000000000 ) ) ;
#3889 = VERTEX_POINT ( 'NONE', #5940 ) ;
#3890 = ORIENTED_EDGE ( 'NONE', *, *, #151, .T. ) ;
#3891 = CARTESIAN_POINT ( 'NONE',  ( -153.2821044921799967, 134.9038391113200248, 9.999999999999996447 ) ) ;
#3892 = ORIENTED_EDGE ( 'NONE', *, *, #5052, .T. ) ;
#3893 = CARTESIAN_POINT ( 'NONE',  ( -23.44257545471200999, 18.70301628112799719, 9.999999999999996447 ) ) ;
#3894 = LINE ( 'NONE', #1741, #3120 ) ;
#3895 = CARTESIAN_POINT ( 'NONE',  ( -159.2835907335899606, 163.7259999999995159, 9.999999999999996447 ) ) ;
#3896 = ORIENTED_EDGE ( 'NONE', *, *, #2898, .F. ) ;
#3897 = DIRECTION ( 'NONE',  ( -0.000000000000000000, -0.000000000000000000, -1.000000000000000000 ) ) ;
#3898 = DIRECTION ( 'NONE',  ( 1.000000000000000000, 0.000000000000000000, 0.000000000000000000 ) ) ;
#3899 = CARTESIAN_POINT ( 'NONE',  ( -159.2835907335899606, 158.7275907335900058, 9.999999999999996447 ) ) ;
#3900 = ADVANCED_FACE ( 'NONE', ( #2804 ), #6521, .F. ) ;
#3901 = EDGE_CURVE ( 'NONE', #3397, #6173, #644, .T. ) ;
#3902 = DIRECTION ( 'NONE',  ( 1.000000000000000000, 0.000000000000000000, 0.000000000000000000 ) ) ;
#3903 = ORIENTED_EDGE ( 'NONE', *, *, #1913, .T. ) ;
#3904 = DIRECTION ( 'NONE',  ( -0.000000000000000000, -0.000000000000000000, -1.000000000000000000 ) ) ;
#3905 = EDGE_LOOP ( 'NONE', ( #1609, #3240, #1213, #3737 ) ) ;
#3906 = CARTESIAN_POINT ( 'NONE',  ( -153.0462188720700283, 15.76586341857899853, 9.999999999999996447 ) ) ;
#3907 = EDGE_CURVE ( 'NONE', #1237, #3889, #5401, .T. ) ;
#3908 = AXIS2_PLACEMENT_3D ( 'NONE', #526, #3674, #492 ) ;
#3909 = EDGE_CURVE ( 'NONE', #4349, #5852, #6006, .T. ) ;
#3910 = EDGE_CURVE ( 'NONE', #6862, #385, #1407, .T. ) ;
#3911 = ORIENTED_EDGE ( 'NONE', *, *, #4630, .T. ) ;
#3912 = LINE ( 'NONE', #5101, #1587 ) ;
#3913 = ORIENTED_EDGE ( 'NONE', *, *, #3521, .T. ) ;
#3914 = CARTESIAN_POINT ( 'NONE',  ( -104.6479949951099968, 51.94300079345699572, 9.999999999999996447 ) ) ;
#3915 = ORIENTED_EDGE ( 'NONE', *, *, #2427, .T. ) ;
#3916 = CARTESIAN_POINT ( 'NONE',  ( -154.2410888671799682, 101.1755599975499820, 0.000000000000000000 ) ) ;
#3917 = EDGE_CURVE ( 'NONE', #6227, #5749, #5296, .T. ) ;
#3918 = CARTESIAN_POINT ( 'NONE',  ( -152.0507659912100280, 49.66724395752000731, 9.999999999999996447 ) ) ;
#3919 = CIRCLE ( 'NONE', #613, 1.000000000000000888 ) ;
#3920 = DIRECTION ( 'NONE',  ( -0.000000000000000000, 0.000000000000000000, 1.000000000000000000 ) ) ;
#3921 = CARTESIAN_POINT ( 'NONE',  ( -15.63411564461599923, 5.006115644616000893, 6.999999999999996447 ) ) ;
#3922 = ORIENTED_EDGE ( 'NONE', *, *, #1913, .F. ) ;
#3923 = VERTEX_POINT ( 'NONE', #2216 ) ;
#3924 = DIRECTION ( 'NONE',  ( -0.000000000000000000, -0.000000000000000000, -1.000000000000000000 ) ) ;
#3925 = ORIENTED_EDGE ( 'NONE', *, *, #364, .T. ) ;
#3926 = PLANE ( 'NONE',  #5819 ) ;
#3927 = DIRECTION ( 'NONE',  ( 1.000000000000000000, 0.000000000000000000, 0.000000000000000000 ) ) ;
#3928 = LINE ( 'NONE', #6050, #1872 ) ;
#3929 = DIRECTION ( 'NONE',  ( 1.000000000000000000, 0.000000000000000000, 0.000000000000000000 ) ) ;
#3930 = EDGE_LOOP ( 'NONE', ( #751, #259 ) ) ;
#3931 = AXIS2_PLACEMENT_3D ( 'NONE', #4557, #223, #3506 ) ;
#3932 = FACE_OUTER_BOUND ( 'NONE', #2193, .T. ) ;
#3933 = CARTESIAN_POINT ( 'NONE',  ( -159.2835907335899606, 158.7275907335900058, 6.999999999999996447 ) ) ;
#3934 = DIRECTION ( 'NONE',  ( -0.000000000000000000, 0.000000000000000000, 1.000000000000000000 ) ) ;
#3935 = AXIS2_PLACEMENT_3D ( 'NONE', #4409, #6491, #2671 ) ;
#3936 = ORIENTED_EDGE ( 'NONE', *, *, #4584, .T. ) ;
#3937 = ORIENTED_EDGE ( 'NONE', *, *, #6618, .T. ) ;
#3938 = LINE ( 'NONE', #3061, #3606 ) ;
#3939 = LINE ( 'NONE', #6645, #2522 ) ;
#3940 = ORIENTED_EDGE ( 'NONE', *, *, #5783, .T. ) ;
#3941 = FACE_OUTER_BOUND ( 'NONE', #545, .T. ) ;
#3942 = CIRCLE ( 'NONE', #6598, 1.000000000000000888 ) ;
#3943 = CIRCLE ( 'NONE', #4728, 3.000000000000002665 ) ;
#3944 = EDGE_CURVE ( 'NONE', #2607, #1212, #1697, .T. ) ;
#3945 = DIRECTION ( 'NONE',  ( 1.000000000000000000, 0.000000000000000000, 0.000000000000000000 ) ) ;
#3946 = EDGE_CURVE ( 'NONE', #6577, #6721, #3405, .T. ) ;
#3947 = EDGE_LOOP ( 'NONE', ( #3773, #2813 ) ) ;
#3948 = VERTEX_POINT ( 'NONE', #1450 ) ;
#3949 = DIRECTION ( 'NONE',  ( -0.000000000000000000, -0.000000000000000000, -1.000000000000000000 ) ) ;
#3950 = EDGE_LOOP ( 'NONE', ( #5049, #71 ) ) ;
#3951 = EDGE_CURVE ( 'NONE', #1113, #3460, #1935, .T. ) ;
#3952 = CARTESIAN_POINT ( 'NONE',  ( -23.51480865478498927, 130.0478668212800244, 9.999999999999996447 ) ) ;
#3953 = FACE_BOUND ( 'NONE', #3458, .T. ) ;
#3954 = CIRCLE ( 'NONE', #4737, 1.000000000000000888 ) ;
#3955 = CARTESIAN_POINT ( 'NONE',  ( -113.9858016967699825, 121.3684310913000246, 0.000000000000000000 ) ) ;
#3956 = EDGE_CURVE ( 'NONE', #229, #4094, #2074, .T. ) ;
#3957 = DIRECTION ( 'NONE',  ( -1.000000000000000000, 0.000000000000000000, 0.000000000000000000 ) ) ;
#3958 = ORIENTED_EDGE ( 'NONE', *, *, #3862, .T. ) ;
#3959 = ORIENTED_EDGE ( 'NONE', *, *, #132, .T. ) ;
#3960 = FACE_OUTER_BOUND ( 'NONE', #5887, .T. ) ;
#3961 = VERTEX_POINT ( 'NONE', #1346 ) ;
#3962 = DIRECTION ( 'NONE',  ( 0.000000000000000000, 0.000000000000000000, 1.000000000000000000 ) ) ;
#3963 = LINE ( 'NONE', #193, #3232 ) ;
#3964 = AXIS2_PLACEMENT_3D ( 'NONE', #5910, #3263, #6284 ) ;
#3965 = DIRECTION ( 'NONE',  ( -1.000000000000000000, 0.000000000000000000, 0.000000000000000000 ) ) ;
#3966 = EDGE_LOOP ( 'NONE', ( #1951, #2600 ) ) ;
#3967 = CARTESIAN_POINT ( 'NONE',  ( -152.0319824218700262, 137.4438476562500284, 0.000000000000000000 ) ) ;
#3968 = CYLINDRICAL_SURFACE ( 'NONE', #2422, 1.000000000000000888 ) ;
#3969 = CARTESIAN_POINT ( 'NONE',  ( -72.19956207275401994, 24.29997634887700286, 9.999999999999996447 ) ) ;
#3970 = FACE_OUTER_BOUND ( 'NONE', #3563, .T. ) ;
#3971 = AXIS2_PLACEMENT_3D ( 'NONE', #626, #3772, #4437 ) ;
#3972 = FACE_OUTER_BOUND ( 'NONE', #5472, .T. ) ;
#3973 = CIRCLE ( 'NONE', #6629, 1.000000000000000888 ) ;
#3974 = VERTEX_POINT ( 'NONE', #6616 ) ;
#3975 = LINE ( 'NONE', #5740, #3832 ) ;
#3976 = CARTESIAN_POINT ( 'NONE',  ( -23.49919891357400559, 91.23958587646500007, 0.000000000000000000 ) ) ;
#3977 = ORIENTED_EDGE ( 'NONE', *, *, #1366, .F. ) ;
#3978 = CARTESIAN_POINT ( 'NONE',  ( -24.64269638061500345, 26.32303047180200295, 0.000000000000000000 ) ) ;
#3979 = AXIS2_PLACEMENT_3D ( 'NONE', #2832, #2849, #5015 ) ;
#3980 = AXIS2_PLACEMENT_3D ( 'NONE', #6430, #3431, #1677 ) ;
#3981 = AXIS2_PLACEMENT_3D ( 'NONE', #5724, #6245, #6178 ) ;
#3982 = ORIENTED_EDGE ( 'NONE', *, *, #5228, .T. ) ;
#3983 = AXIS2_PLACEMENT_3D ( 'NONE', #3360, #5035, #4447 ) ;
#3984 = EDGE_LOOP ( 'NONE', ( #2953, #1448 ) ) ;
#3985 = FACE_OUTER_BOUND ( 'NONE', #1904, .T. ) ;
#3986 = ORIENTED_EDGE ( 'NONE', *, *, #1822, .T. ) ;
#3987 = DIRECTION ( 'NONE',  ( 1.000000000000000000, 0.000000000000000000, 0.000000000000000000 ) ) ;
#3988 = CIRCLE ( 'NONE', #2317, 1.000000000000000888 ) ;
#3989 = FACE_BOUND ( 'NONE', #4088, .T. ) ;
#3990 = ADVANCED_FACE ( 'NONE', ( #6112 ), #4575, .T. ) ;
#3991 = ADVANCED_FACE ( 'NONE', ( #3985 ), #2942, .F. ) ;
#3992 = VECTOR ( 'NONE', #6549, 1000.000000000000000 ) ;
#3993 = EDGE_CURVE ( 'NONE', #583, #64, #934, .T. ) ;
#3994 = DIRECTION ( 'NONE',  ( 1.000000000000000000, 0.000000000000000000, 0.000000000000000000 ) ) ;
#3995 = CARTESIAN_POINT ( 'NONE',  ( -23.67391777038599443, 98.85959625244100835, 9.999999999999996447 ) ) ;
#3996 = ORIENTED_EDGE ( 'NONE', *, *, #5554, .F. ) ;
#3997 = VERTEX_POINT ( 'NONE', #3462 ) ;
#3998 = FACE_OUTER_BOUND ( 'NONE', #4240, .T. ) ;
#3999 = VECTOR ( 'NONE', #1582, 1000.000000000000000 ) ;
#4000 = ORIENTED_EDGE ( 'NONE', *, *, #5062, .T. ) ;
#4001 = CARTESIAN_POINT ( 'NONE',  ( -15.63240926640897399, 158.7275907335900058, 9.999999999999996447 ) ) ;
#4002 = ADVANCED_FACE ( 'NONE', ( #4057 ), #5067, .F. ) ;
#4003 = AXIS2_PLACEMENT_3D ( 'NONE', #1878, #6591, #5552 ) ;
#4004 = CARTESIAN_POINT ( 'NONE',  ( -154.2664947509699971, 96.09555053710899131, 9.999999999999996447 ) ) ;
#4005 = EDGE_CURVE ( 'NONE', #4401, #3923, #89, .T. ) ;
#4006 = AXIS2_PLACEMENT_3D ( 'NONE', #5816, #5259, #2229 ) ;
#4007 = CYLINDRICAL_SURFACE ( 'NONE', #1428, 1.000000000000000888 ) ;
#4008 = DIRECTION ( 'NONE',  ( 1.000000000000000000, 0.000000000000000000, 0.000000000000000000 ) ) ;
#4009 = VERTEX_POINT ( 'NONE', #4506 ) ;
#4010 = EDGE_LOOP ( 'NONE', ( #3471, #5597 ) ) ;
#4011 = CYLINDRICAL_SURFACE ( 'NONE', #1543, 1.000000000000000888 ) ;
#4012 = DIRECTION ( 'NONE',  ( -0.000000000000000000, -0.000000000000000000, -1.000000000000000000 ) ) ;
#4013 = AXIS2_PLACEMENT_3D ( 'NONE', #3341, #1845, #3927 ) ;
#4014 = EDGE_CURVE ( 'NONE', #4757, #4920, #1411, .T. ) ;
#4015 = DIRECTION ( 'NONE',  ( -1.000000000000000000, 0.000000000000000000, 0.000000000000000000 ) ) ;
#4016 = ORIENTED_EDGE ( 'NONE', *, *, #1035, .T. ) ;
#4017 = CARTESIAN_POINT ( 'NONE',  ( -126.6887512206999986, 21.32992744445799715, 0.000000000000000000 ) ) ;
#4018 = ORIENTED_EDGE ( 'NONE', *, *, #5511, .T. ) ;
#4019 = DIRECTION ( 'NONE',  ( -0.000000000000000000, 0.000000000000000000, 1.000000000000000000 ) ) ;
#4020 = ORIENTED_EDGE ( 'NONE', *, *, #4224, .T. ) ;
#4021 = ORIENTED_EDGE ( 'NONE', *, *, #1748, .T. ) ;
#4022 = DIRECTION ( 'NONE',  ( 1.000000000000000000, 0.000000000000000000, 0.000000000000000000 ) ) ;
#4023 = CIRCLE ( 'NONE', #375, 3.000000000000002665 ) ;
#4024 = ORIENTED_EDGE ( 'NONE', *, *, #1108, .F. ) ;
#4025 = CARTESIAN_POINT ( 'NONE',  ( -48.02031707763698876, 93.46864318847700304, 9.999999999999996447 ) ) ;
#4026 = FACE_BOUND ( 'NONE', #4504, .T. ) ;
#4027 = AXIS2_PLACEMENT_3D ( 'NONE', #4245, #3122, #390 ) ;
#4028 = FACE_OUTER_BOUND ( 'NONE', #5074, .T. ) ;
#4029 = FACE_OUTER_BOUND ( 'NONE', #5908, .T. ) ;
#4030 = ORIENTED_EDGE ( 'NONE', *, *, #1451, .F. ) ;
#4031 = ADVANCED_FACE ( 'NONE', ( #5616 ), #862, .T. ) ;
#4032 = ORIENTED_EDGE ( 'NONE', *, *, #4727, .F. ) ;
#4033 = DIRECTION ( 'NONE',  ( -1.000000000000000000, 0.000000000000000000, 0.000000000000000000 ) ) ;
#4034 = VECTOR ( 'NONE', #1190, 1000.000000000000000 ) ;
#4035 = FACE_OUTER_BOUND ( 'NONE', #3407, .T. ) ;
#4036 = CARTESIAN_POINT ( 'NONE',  ( -153.0509948730399969, 129.7940063476499972, 9.999999999999996447 ) ) ;
#4037 = AXIS2_PLACEMENT_3D ( 'NONE', #373, #1436, #2926 ) ;
#4038 = DIRECTION ( 'NONE',  ( 0.000000000000000000, 0.000000000000000000, 1.000000000000000000 ) ) ;
#4039 = DIRECTION ( 'NONE',  ( -0.000000000000000000, -0.000000000000000000, -1.000000000000000000 ) ) ;
#4040 = ORIENTED_EDGE ( 'NONE', *, *, #1442, .F. ) ;
#4041 = ADVANCED_FACE ( 'NONE', ( #384 ), #349, .F. ) ;
#4042 = EDGE_CURVE ( 'NONE', #3529, #1690, #4606, .T. ) ;
#4043 = ORIENTED_EDGE ( 'NONE', *, *, #2766, .F. ) ;
#4044 = CYLINDRICAL_SURFACE ( 'NONE', #1875, 1.000000000000000888 ) ;
#4045 = CARTESIAN_POINT ( 'NONE',  ( -106.6696853637699718, 141.4692840576099968, 9.999999999999996447 ) ) ;
#4046 = EDGE_CURVE ( 'NONE', #6359, #5007, #4097, .T. ) ;
#4047 = FACE_OUTER_BOUND ( 'NONE', #4993, .T. ) ;
#4048 = ORIENTED_EDGE ( 'NONE', *, *, #2557, .T. ) ;
#4049 = EDGE_CURVE ( 'NONE', #6809, #5114, #425, .T. ) ;
#4050 = CARTESIAN_POINT ( 'NONE',  ( -25.68952941894499276, 142.7478942870999958, 9.999999999999996447 ) ) ;
#4051 = ORIENTED_EDGE ( 'NONE', *, *, #1523, .T. ) ;
#4052 = CARTESIAN_POINT ( 'NONE',  ( -23.67391777038599443, 98.85959625244100835, 0.000000000000000000 ) ) ;
#4053 = CIRCLE ( 'NONE', #2159, 1.000000000000000888 ) ;
#4054 = CARTESIAN_POINT ( 'NONE',  ( -21.44257545471200999, 23.78302574157699922, 9.999999999999996447 ) ) ;
#4055 = VERTEX_POINT ( 'NONE', #417 ) ;
#4056 = AXIS2_PLACEMENT_3D ( 'NONE', #2577, #4118, #5536 ) ;
#4057 = FACE_OUTER_BOUND ( 'NONE', #4731, .T. ) ;
#4058 = ORIENTED_EDGE ( 'NONE', *, *, #1524, .F. ) ;
#4059 = CYLINDRICAL_SURFACE ( 'NONE', #1762, 1.000000000000000888 ) ;
#4060 = FACE_BOUND ( 'NONE', #3733, .T. ) ;
#4061 = VECTOR ( 'NONE', #3304, 1000.000000000000000 ) ;
#4062 = FACE_BOUND ( 'NONE', #962, .T. ) ;
#4063 = DIRECTION ( 'NONE',  ( 1.000000000000000000, 0.000000000000000000, 0.000000000000000000 ) ) ;
#4064 = VERTEX_POINT ( 'NONE', #2518 ) ;
#4065 = EDGE_LOOP ( 'NONE', ( #726, #1159, #4408, #3646 ) ) ;
#4066 = CARTESIAN_POINT ( 'NONE',  ( -114.9545745849599996, 43.75185394287098717, 9.999999999999996447 ) ) ;
#4067 = APPLICATION_CONTEXT ( 'automotive_design' ) ;
#4068 = AXIS2_PLACEMENT_3D ( 'NONE', #4207, #2115, #4247 ) ;
#4069 = DIRECTION ( 'NONE',  ( 1.000000000000000000, 0.000000000000000000, 0.000000000000000000 ) ) ;
#4070 = FACE_OUTER_BOUND ( 'NONE', #3659, .T. ) ;
#4071 = CIRCLE ( 'NONE', #1080, 1.000000000000000888 ) ;
#4072 = CARTESIAN_POINT ( 'NONE',  ( -104.4783020019499986, 12.88201141357400026, 9.999999999999996447 ) ) ;
#4073 = CARTESIAN_POINT ( 'NONE',  ( -153.0319824218700262, 137.4438476562500284, 0.000000000000000000 ) ) ;
#4074 = ORIENTED_EDGE ( 'NONE', *, *, #4307, .T. ) ;
#4075 = ORIENTED_EDGE ( 'NONE', *, *, #6461, .F. ) ;
#4076 = VERTEX_POINT ( 'NONE', #4642 ) ;
#4077 = DIRECTION ( 'NONE',  ( -0.000000000000000000, -0.000000000000000000, -1.000000000000000000 ) ) ;
#4078 = CYLINDRICAL_SURFACE ( 'NONE', #2066, 1.000000000000000888 ) ;
#4079 = DIRECTION ( 'NONE',  ( -0.000000000000000000, 0.000000000000000000, 1.000000000000000000 ) ) ;
#4080 = AXIS2_PLACEMENT_3D ( 'NONE', #2418, #1378, #830 ) ;
#4081 = EDGE_CURVE ( 'NONE', #4371, #4895, #1298, .T. ) ;
#4082 = EDGE_CURVE ( 'NONE', #654, #5169, #542, .T. ) ;
#4083 = CYLINDRICAL_SURFACE ( 'NONE', #129, 1.000000000000000888 ) ;
#4084 = EDGE_CURVE ( 'NONE', #555, #2309, #6404, .T. ) ;
#4085 = VERTEX_POINT ( 'NONE', #486 ) ;
#4086 = VECTOR ( 'NONE', #2342, 1000.000000000000000 ) ;
#4087 = CYLINDRICAL_SURFACE ( 'NONE', #2525, 1.000000000000000888 ) ;
#4088 = EDGE_LOOP ( 'NONE', ( #4424, #1998 ) ) ;
#4089 = LINE ( 'NONE', #3459, #122 ) ;
#4090 = AXIS2_PLACEMENT_3D ( 'NONE', #4193, #2559, #6789 ) ;
#4091 = EDGE_CURVE ( 'NONE', #2311, #4398, #5343, .T. ) ;
#4092 = AXIS2_PLACEMENT_3D ( 'NONE', #5333, #510, #2615 ) ;
#4093 = CARTESIAN_POINT ( 'NONE',  ( -15.63411564461599923, 0.005999999998001527557, 0.000000000000000000 ) ) ;
#4094 = VERTEX_POINT ( 'NONE', #4712 ) ;
#4095 = CIRCLE ( 'NONE', #2302, 1.000000000000000888 ) ;
#4096 = ORIENTED_EDGE ( 'NONE', *, *, #6414, .T. ) ;
#4097 = LINE ( 'NONE', #3562, #2736 ) ;
#4098 = EDGE_LOOP ( 'NONE', ( #1521, #1544, #2561, #2590 ) ) ;
#4099 = CARTESIAN_POINT ( 'NONE',  ( -15.63411564461599923, 5.006115644616000893, 6.999999999999996447 ) ) ;
#4100 = CIRCLE ( 'NONE', #1315, 1.000000000000000888 ) ;
#4101 = CYLINDRICAL_SURFACE ( 'NONE', #2821, 1.000000000000000888 ) ;
#4102 = EDGE_CURVE ( 'NONE', #6164, #2433, #5720, .T. ) ;
#4103 = CIRCLE ( 'NONE', #994, 2.999999999999999112 ) ;
#4104 = CIRCLE ( 'NONE', #4876, 1.000000000000000888 ) ;
#4105 = FACE_BOUND ( 'NONE', #5491, .T. ) ;
#4106 = CYLINDRICAL_SURFACE ( 'NONE', #3908, 1.000000000000000888 ) ;
#4107 = ORIENTED_EDGE ( 'NONE', *, *, #4673, .T. ) ;
#4108 = ORIENTED_EDGE ( 'NONE', *, *, #2377, .F. ) ;
#4109 = CARTESIAN_POINT ( 'NONE',  ( -153.2664947509699971, 91.01554107666001414, 9.999999999999996447 ) ) ;
#4110 = AXIS2_PLACEMENT_3D ( 'NONE', #3850, #5353, #1177 ) ;
#4111 = CARTESIAN_POINT ( 'NONE',  ( -105.5251312255799974, 129.3068695068300258, 9.999999999999996447 ) ) ;
#4112 = VECTOR ( 'NONE', #2240, 1000.000000000000000 ) ;
#4113 = CARTESIAN_POINT ( 'NONE',  ( -25.73952293395999291, 132.5878753662099712, 9.999999999999996447 ) ) ;
#4114 = AXIS2_PLACEMENT_3D ( 'NONE', #6344, #3217, #1099 ) ;
#4115 = CYLINDRICAL_SURFACE ( 'NONE', #6541, 1.000000000000000888 ) ;
#4116 = ORIENTED_EDGE ( 'NONE', *, *, #1874, .T. ) ;
#4117 = ORIENTED_EDGE ( 'NONE', *, *, #6804, .T. ) ;
#4118 = DIRECTION ( 'NONE',  ( -0.000000000000000000, 0.000000000000000000, 1.000000000000000000 ) ) ;
#4119 = ORIENTED_EDGE ( 'NONE', *, *, #1791, .F. ) ;
#4120 = DIRECTION ( 'NONE',  ( -0.000000000000000000, 0.000000000000000000, 1.000000000000000000 ) ) ;
#4121 = DIRECTION ( 'NONE',  ( 0.000000000000000000, 0.000000000000000000, 1.000000000000000000 ) ) ;
#4122 = CARTESIAN_POINT ( 'NONE',  ( -24.72391319274899857, 93.77958679199200276, 0.000000000000000000 ) ) ;
#4123 = AXIS2_PLACEMENT_3D ( 'NONE', #4491, #269, #6605 ) ;
#4124 = DIRECTION ( 'NONE',  ( 1.000000000000000000, 0.000000000000000000, 0.000000000000000000 ) ) ;
#4125 = ORIENTED_EDGE ( 'NONE', *, *, #1541, .T. ) ;
#4126 = CIRCLE ( 'NONE', #3671, 1.000000000000000888 ) ;
#4127 = EDGE_CURVE ( 'NONE', #2319, #1, #4411, .T. ) ;
#4128 = CARTESIAN_POINT ( 'NONE',  ( -17.23411564461600065, 5.006115644616000893, 9.999999999999996447 ) ) ;
#4129 = DIRECTION ( 'NONE',  ( -0.000000000000000000, 0.000000000000000000, 1.000000000000000000 ) ) ;
#4130 = AXIS2_PLACEMENT_3D ( 'NONE', #1982, #6221, #5841 ) ;
#4131 = DIRECTION ( 'NONE',  ( -1.000000000000000000, 0.000000000000000000, 0.000000000000000000 ) ) ;
#4132 = ORIENTED_EDGE ( 'NONE', *, *, #3112, .F. ) ;
#4133 = ORIENTED_EDGE ( 'NONE', *, *, #6200, .T. ) ;
#4134 = EDGE_CURVE ( 'NONE', #5931, #4446, #2070, .T. ) ;
#4135 = CARTESIAN_POINT ( 'NONE',  ( -22.47379875183100495, 96.31959533691403408, 9.999999999999996447 ) ) ;
#4136 = EDGE_CURVE ( 'NONE', #3923, #4401, #2745, .T. ) ;
#4137 = ORIENTED_EDGE ( 'NONE', *, *, #3910, .F. ) ;
#4138 = DIRECTION ( 'NONE',  ( -1.000000000000000000, 0.000000000000000000, 0.000000000000000000 ) ) ;
#4139 = ADVANCED_FACE ( 'NONE', ( #591 ), #5204, .F. ) ;
#4140 = FACE_BOUND ( 'NONE', #1122, .T. ) ;
#4141 = VECTOR ( 'NONE', #6625, 1000.000000000000000 ) ;
#4142 = DIRECTION ( 'NONE',  ( 1.000000000000000000, 0.000000000000000000, 0.000000000000000000 ) ) ;
#4143 = ORIENTED_EDGE ( 'NONE', *, *, #5924, .T. ) ;
#4144 = DIRECTION ( 'NONE',  ( 0.000000000000000000, -1.000000000000000000, 0.000000000000000000 ) ) ;
#4145 = ADVANCED_FACE ( 'NONE', ( #4167 ), #1070, .F. ) ;
#4146 = DIRECTION ( 'NONE',  ( -0.000000000000000000, 0.000000000000000000, 1.000000000000000000 ) ) ;
#4147 = DIRECTION ( 'NONE',  ( 1.000000000000000000, 0.000000000000000000, 0.000000000000000000 ) ) ;
#4148 = DIRECTION ( 'NONE',  ( -0.000000000000000000, 0.000000000000000000, 1.000000000000000000 ) ) ;
#4149 = FACE_OUTER_BOUND ( 'NONE', #5738, .T. ) ;
#4150 = ORIENTED_EDGE ( 'NONE', *, *, #5783, .F. ) ;
#4151 = ORIENTED_EDGE ( 'NONE', *, *, #4136, .T. ) ;
#4152 = CARTESIAN_POINT ( 'NONE',  ( -48.98910522460901973, 15.85206127166699908, 9.999999999999996447 ) ) ;
#4153 = ORIENTED_EDGE ( 'NONE', *, *, #3608, .F. ) ;
#4154 = DIRECTION ( 'NONE',  ( -0.000000000000000000, -0.000000000000000000, -1.000000000000000000 ) ) ;
#4155 = DIRECTION ( 'NONE',  ( 1.000000000000000000, 0.000000000000000000, 0.000000000000000000 ) ) ;
#4156 = DIRECTION ( 'NONE',  ( -0.000000000000000000, 0.000000000000000000, 1.000000000000000000 ) ) ;
#4157 = CIRCLE ( 'NONE', #1151, 1.000000000000000888 ) ;
#4158 = CARTESIAN_POINT ( 'NONE',  ( -156.2835907335899606, 158.7275907335900058, 9.999999999999996447 ) ) ;
#4159 = ORIENTED_EDGE ( 'NONE', *, *, #140, .F. ) ;
#4160 = CARTESIAN_POINT ( 'NONE',  ( -24.68952941894499276, 142.7478942870999958, 9.999999999999996447 ) ) ;
#4161 = CIRCLE ( 'NONE', #6476, 1.000000000000000888 ) ;
#4162 = ORIENTED_EDGE ( 'NONE', *, *, #1822, .F. ) ;
#4163 = CARTESIAN_POINT ( 'NONE',  ( -24.65830802917500009, 60.05131149291999293, 0.000000000000000000 ) ) ;
#4164 = CARTESIAN_POINT ( 'NONE',  ( -155.2508850097599975, 52.20724868774399852, 0.000000000000000000 ) ) ;
#4165 = ORIENTED_EDGE ( 'NONE', *, *, #571, .F. ) ;
#4166 = ORIENTED_EDGE ( 'NONE', *, *, #997, .F. ) ;
#4167 = FACE_OUTER_BOUND ( 'NONE', #3807, .T. ) ;
#4168 = EDGE_LOOP ( 'NONE', ( #454, #6687 ) ) ;
#4169 = DIRECTION ( 'NONE',  ( -0.000000000000000000, 0.000000000000000000, 1.000000000000000000 ) ) ;
#4170 = ADVANCED_FACE ( 'NONE', ( #1004 ), #5303, .F. ) ;
#4171 = EDGE_CURVE ( 'NONE', #1867, #882, #320, .T. ) ;
#4172 = AXIS2_PLACEMENT_3D ( 'NONE', #2618, #5138, #1580 ) ;
#4173 = FACE_BOUND ( 'NONE', #2492, .T. ) ;
#4174 = EDGE_CURVE ( 'NONE', #3581, #4957, #6732, .T. ) ;
#4175 = CARTESIAN_POINT ( 'NONE',  ( -159.2835907335899606, 158.7275907335900058, 9.999999999999996447 ) ) ;
#4176 = ORIENTED_EDGE ( 'NONE', *, *, #5480, .F. ) ;
#4177 = CARTESIAN_POINT ( 'NONE',  ( -106.6384658813399824, 63.85269927978499993, 9.999999999999996447 ) ) ;
#4178 = CARTESIAN_POINT ( 'NONE',  ( -25.63163185119600485, 21.41612434387199926, 0.000000000000000000 ) ) ;
#4179 = EDGE_CURVE ( 'NONE', #1567, #5544, #2593, .T. ) ;
#4180 = CARTESIAN_POINT ( 'NONE',  ( -72.21517181396500007, 63.10826492309600155, 9.999999999999996447 ) ) ;
#4181 = ORIENTED_EDGE ( 'NONE', *, *, #6745, .T. ) ;
#4182 = ORIENTED_EDGE ( 'NONE', *, *, #6581, .F. ) ;
#4183 = DIRECTION ( 'NONE',  ( -0.000000000000000000, -0.000000000000000000, -1.000000000000000000 ) ) ;
#4184 = ORIENTED_EDGE ( 'NONE', *, *, #2977, .F. ) ;
#4185 = DIRECTION ( 'NONE',  ( 1.000000000000000000, 0.000000000000000000, 0.000000000000000000 ) ) ;
#4186 = CARTESIAN_POINT ( 'NONE',  ( -151.0820007324199992, 132.3638305663999688, 9.999999999999996447 ) ) ;
#4187 = DIRECTION ( 'NONE',  ( 1.000000000000000000, 0.000000000000000000, 0.000000000000000000 ) ) ;
#4188 = VERTEX_POINT ( 'NONE', #519 ) ;
#4189 = DIRECTION ( 'NONE',  ( -1.000000000000000000, 0.000000000000000000, 0.000000000000000000 ) ) ;
#4190 = VERTEX_POINT ( 'NONE', #6314 ) ;
#4191 = AXIS2_PLACEMENT_3D ( 'NONE', #3637, #6385, #1628 ) ;
#4192 = AXIS2_PLACEMENT_3D ( 'NONE', #2906, #1039, #3735 ) ;
#4193 = CARTESIAN_POINT ( 'NONE',  ( -127.7043685912999962, 60.13821411132799710, 0.000000000000000000 ) ) ;
#4194 = ORIENTED_EDGE ( 'NONE', *, *, #6122, .T. ) ;
#4195 = ORIENTED_EDGE ( 'NONE', *, *, #1835, .T. ) ;
#4196 = CARTESIAN_POINT ( 'NONE',  ( -22.47379875183100495, 101.3996047973600412, 9.999999999999996447 ) ) ;
#4197 = AXIS2_PLACEMENT_3D ( 'NONE', #2150, #2737, #1118 ) ;
#4198 = VERTEX_POINT ( 'NONE', #1553 ) ;
#4199 = CYLINDRICAL_SURFACE ( 'NONE', #4647, 1.000000000000000888 ) ;
#4200 = AXIS2_PLACEMENT_3D ( 'NONE', #5607, #5026, #5679 ) ;
#4201 = AXIS2_PLACEMENT_3D ( 'NONE', #2690, #4270, #6376 ) ;
#4202 = FACE_BOUND ( 'NONE', #3570, .T. ) ;
#4203 = CIRCLE ( 'NONE', #3640, 1.000000000000000888 ) ;
#4204 = CARTESIAN_POINT ( 'NONE',  ( -21.46797561645499997, 13.62300586700400018, 0.000000000000000000 ) ) ;
#4205 = EDGE_LOOP ( 'NONE', ( #3229, #2888 ) ) ;
#4206 = EDGE_LOOP ( 'NONE', ( #6093, #1205 ) ) ;
#4207 = CARTESIAN_POINT ( 'NONE',  ( -22.49919891357400559, 91.23958587646500007, 9.999999999999996447 ) ) ;
#4208 = ADVANCED_FACE ( 'NONE', ( #5795 ), #4274, .F. ) ;
#4209 = ADVANCED_FACE ( 'NONE', ( #2662 ), #4788, .F. ) ;
#4210 = AXIS2_PLACEMENT_3D ( 'NONE', #4487, #2471, #6599 ) ;
#4211 = DIRECTION ( 'NONE',  ( 1.000000000000000000, 0.000000000000000000, 0.000000000000000000 ) ) ;
#4212 = AXIS2_PLACEMENT_3D ( 'NONE', #6291, #5669, #3093 ) ;
#4213 = AXIS2_PLACEMENT_3D ( 'NONE', #82, #1240, #4509 ) ;
#4214 =( NAMED_UNIT ( * ) SI_UNIT ( $, .STERADIAN. ) SOLID_ANGLE_UNIT ( ) );
#4215 = CARTESIAN_POINT ( 'NONE',  ( -152.0820007324199992, 132.3638305663999688, 0.000000000000000000 ) ) ;
#4216 = DIRECTION ( 'NONE',  ( 1.000000000000000000, 0.000000000000000000, 0.000000000000000000 ) ) ;
#4217 = ORIENTED_EDGE ( 'NONE', *, *, #5825, .F. ) ;
#4218 = ORIENTED_EDGE ( 'NONE', *, *, #307, .T. ) ;
#4219 = CARTESIAN_POINT ( 'NONE',  ( -24.69269180297900590, 16.16301155090300057, 0.000000000000000000 ) ) ;
#4220 = AXIS2_PLACEMENT_3D ( 'NONE', #1232, #6482, #6515 ) ;
#4221 = VERTEX_POINT ( 'NONE', #66 ) ;
#4222 = DIRECTION ( 'NONE',  ( -0.000000000000000000, 0.000000000000000000, 1.000000000000000000 ) ) ;
#4223 = ADVANCED_FACE ( 'NONE', ( #1586 ), #6409, .F. ) ;
#4224 = EDGE_CURVE ( 'NONE', #4221, #4916, #4852, .T. ) ;
#4225 = FACE_OUTER_BOUND ( 'NONE', #5894, .T. ) ;
#4226 = ADVANCED_FACE ( 'NONE', ( #136 ), #1137, .F. ) ;
#4227 = CARTESIAN_POINT ( 'NONE',  ( -104.5251312255799974, 129.3068695068300258, 9.999999999999996447 ) ) ;
#4228 = AXIS2_PLACEMENT_3D ( 'NONE', #3693, #5820, #1061 ) ;
#4229 = VERTEX_POINT ( 'NONE', #4468 ) ;
#4230 = DIRECTION ( 'NONE',  ( -0.000000000000000000, -0.000000000000000000, -1.000000000000000000 ) ) ;
#4231 = EDGE_CURVE ( 'NONE', #1095, #3555, #2238, .T. ) ;
#4232 = DIRECTION ( 'NONE',  ( -0.000000000000000000, -0.000000000000000000, -1.000000000000000000 ) ) ;
#4233 = AXIS2_PLACEMENT_3D ( 'NONE', #3730, #3251, #5858 ) ;
#4234 = DIRECTION ( 'NONE',  ( -0.000000000000000000, -0.000000000000000000, -1.000000000000000000 ) ) ;
#4235 = CARTESIAN_POINT ( 'NONE',  ( -150.9851531982400275, 21.01897430419899493, 0.000000000000000000 ) ) ;
#4236 = AXIS2_PLACEMENT_3D ( 'NONE', #5917, #4356, #4321 ) ;
#4237 = AXIS2_PLACEMENT_3D ( 'NONE', #6302, #3068, #889 ) ;
#4238 = CYLINDRICAL_SURFACE ( 'NONE', #101, 1.000000000000000888 ) ;
#4239 = ORIENTED_EDGE ( 'NONE', *, *, #1825, .F. ) ;
#4240 = EDGE_LOOP ( 'NONE', ( #6496, #6044, #6756, #56 ) ) ;
#4241 = CARTESIAN_POINT ( 'NONE',  ( -70.05499267578099420, 12.13757514953599959, 9.999999999999996447 ) ) ;
#4242 = ORIENTED_EDGE ( 'NONE', *, *, #609, .T. ) ;
#4243 = FACE_OUTER_BOUND ( 'NONE', #5386, .T. ) ;
#4244 = AXIS2_PLACEMENT_3D ( 'NONE', #4004, #1389, #3507 ) ;
#4245 = CARTESIAN_POINT ( 'NONE',  ( -70.07060241699200276, 50.94586563110399879, 0.000000000000000000 ) ) ;
#4246 = VERTEX_POINT ( 'NONE', #2762 ) ;
#4247 = DIRECTION ( 'NONE',  ( 1.000000000000000000, 0.000000000000000000, 0.000000000000000000 ) ) ;
#4248 = CARTESIAN_POINT ( 'NONE',  ( -22.51480865478498572, 130.0478668212800244, 9.999999999999996447 ) ) ;
#4249 = CARTESIAN_POINT ( 'NONE',  ( -153.0509948730399969, 129.7940063476499972, 9.999999999999996447 ) ) ;
#4250 = CARTESIAN_POINT ( 'NONE',  ( -24.70830154418900193, 54.97129821777300407, 0.000000000000000000 ) ) ;
#4251 = VERTEX_POINT ( 'NONE', #6576 ) ;
#4252 = ORIENTED_EDGE ( 'NONE', *, *, #1923, .T. ) ;
#4253 = DIRECTION ( 'NONE',  ( -0.000000000000000000, -0.000000000000000000, -1.000000000000000000 ) ) ;
#4254 = EDGE_LOOP ( 'NONE', ( #6261, #3062 ) ) ;
#4255 = FACE_OUTER_BOUND ( 'NONE', #2914, .T. ) ;
#4256 = CIRCLE ( 'NONE', #6568, 3.000000000000002665 ) ;
#4257 = CARTESIAN_POINT ( 'NONE',  ( -151.9851531982400275, 21.01897430419899493, 9.999999999999996447 ) ) ;
#4258 = DIRECTION ( 'NONE',  ( -0.000000000000000000, -0.000000000000000000, -1.000000000000000000 ) ) ;
#4259 = EDGE_CURVE ( 'NONE', #3029, #1393, #6301, .T. ) ;
#4260 = AXIS2_PLACEMENT_3D ( 'NONE', #1075, #6651, #247 ) ;
#4261 = ORIENTED_EDGE ( 'NONE', *, *, #1273, .F. ) ;
#4262 = EDGE_CURVE ( 'NONE', #5104, #6606, #100, .T. ) ;
#4263 = FACE_OUTER_BOUND ( 'NONE', #4305, .T. ) ;
#4264 = ORIENTED_EDGE ( 'NONE', *, *, #4259, .F. ) ;
#4265 =( LENGTH_UNIT ( ) NAMED_UNIT ( * ) SI_UNIT ( .MILLI., .METRE. ) );
#4266 = AXIS2_PLACEMENT_3D ( 'NONE', #1503, #3102, #2645 ) ;
#4267 = CARTESIAN_POINT ( 'NONE',  ( -21.47379875183100140, 101.3996047973600412, 9.999999999999996447 ) ) ;
#4268 = CARTESIAN_POINT ( 'NONE',  ( -22.45818710327100831, 62.59131622314498600, 0.000000000000000000 ) ) ;
#4269 = ADVANCED_FACE ( 'NONE', ( #5499 ), #3805, .F. ) ;
#4270 = DIRECTION ( 'NONE',  ( -0.000000000000000000, 0.000000000000000000, 1.000000000000000000 ) ) ;
#4271 = CIRCLE ( 'NONE', #278, 1.000000000000000888 ) ;
#4272 = ORIENTED_EDGE ( 'NONE', *, *, #5360, .F. ) ;
#4273 = ORIENTED_EDGE ( 'NONE', *, *, #6618, .F. ) ;
#4274 = CYLINDRICAL_SURFACE ( 'NONE', #429, 1.000000000000000888 ) ;
#4275 = ORIENTED_EDGE ( 'NONE', *, *, #3689, .T. ) ;
#4276 = CYLINDRICAL_SURFACE ( 'NONE', #1209, 1.000000000000000888 ) ;
#4277 = CIRCLE ( 'NONE', #3931, 1.000000000000000888 ) ;
#4278 = ORIENTED_EDGE ( 'NONE', *, *, #397, .T. ) ;
#4279 = CYLINDRICAL_SURFACE ( 'NONE', #4191, 1.000000000000000888 ) ;
#4280 = CARTESIAN_POINT ( 'NONE',  ( -126.7199783325200002, 98.94650268554700290, 9.999999999999996447 ) ) ;
#4281 = VECTOR ( 'NONE', #2163, 1000.000000000000000 ) ;
#4282 = CYLINDRICAL_SURFACE ( 'NONE', #5083, 2.999999999999999112 ) ;
#4283 = DIRECTION ( 'NONE',  ( -0.000000000000000000, -0.000000000000000000, -1.000000000000000000 ) ) ;
#4284 = EDGE_LOOP ( 'NONE', ( #2659, #2880 ) ) ;
#4285 = ORIENTED_EDGE ( 'NONE', *, *, #2889, .F. ) ;
#4286 = DIRECTION ( 'NONE',  ( -0.000000000000000000, -0.000000000000000000, -1.000000000000000000 ) ) ;
#4287 = AXIS2_PLACEMENT_3D ( 'NONE', #6643, #2899, #5024 ) ;
#4288 = CARTESIAN_POINT ( 'NONE',  ( -22.48358726501501081, 52.43129348754900576, 9.999999999999996447 ) ) ;
#4289 = CARTESIAN_POINT ( 'NONE',  ( -22.48940849304197087, 140.2078857421799682, 0.000000000000000000 ) ) ;
#4290 = CARTESIAN_POINT ( 'NONE',  ( -23.47379875183100495, 101.3996047973600412, 9.999999999999996447 ) ) ;
#4291 = AXIS2_PLACEMENT_3D ( 'NONE', #1737, #5484, #2814 ) ;
#4292 = ORIENTED_EDGE ( 'NONE', *, *, #5863, .F. ) ;
#4293 = DIRECTION ( 'NONE',  ( 1.000000000000000000, 0.000000000000000000, 0.000000000000000000 ) ) ;
#4294 = CARTESIAN_POINT ( 'NONE',  ( -154.2352752685500263, 18.47896957397500017, 9.999999999999996447 ) ) ;
#4295 = AXIS2_PLACEMENT_3D ( 'NONE', #3798, #163, #2265 ) ;
#4296 = EDGE_CURVE ( 'NONE', #6412, #1789, #3849, .T. ) ;
#4297 = EDGE_CURVE ( 'NONE', #3028, #4536, #2406, .T. ) ;
#4298 = CARTESIAN_POINT ( 'NONE',  ( -73.19956207275401994, 24.29997634887700286, 0.000000000000000000 ) ) ;
#4299 = DIRECTION ( 'NONE',  ( -0.000000000000000000, 0.000000000000000000, 1.000000000000000000 ) ) ;
#4300 = EDGE_CURVE ( 'NONE', #5698, #4221, #3625, .T. ) ;
#4301 = CARTESIAN_POINT ( 'NONE',  ( -112.9545745849599996, 43.75185394287098717, 9.999999999999996447 ) ) ;
#4302 = EDGE_LOOP ( 'NONE', ( #1460, #4473 ) ) ;
#4303 = EDGE_LOOP ( 'NONE', ( #1686, #5301 ) ) ;
#4304 = CARTESIAN_POINT ( 'NONE',  ( -62.75449371337899152, 71.04670715332001407, 0.000000000000000000 ) ) ;
#4305 = EDGE_LOOP ( 'NONE', ( #2801, #4751, #3509, #5945 ) ) ;
#4306 = DIRECTION ( 'NONE',  ( -0.000000000000000000, -0.000000000000000000, -1.000000000000000000 ) ) ;
#4307 = EDGE_CURVE ( 'NONE', #2453, #3418, #1415, .T. ) ;
#4308 = ADVANCED_FACE ( 'NONE', ( #5934 ), #1166, .F. ) ;
#4309 = AXIS2_PLACEMENT_3D ( 'NONE', #2007, #5168, #5033 ) ;
#4310 = ORIENTED_EDGE ( 'NONE', *, *, #3491, .F. ) ;
#4311 = AXIS2_PLACEMENT_3D ( 'NONE', #4512, #6623, #3994 ) ;
#4312 = CARTESIAN_POINT ( 'NONE',  ( -24.63163185119600485, 21.41612434387199926, 9.999999999999996447 ) ) ;
#4313 = EDGE_LOOP ( 'NONE', ( #5031, #1793, #6046, #1247 ) ) ;
#4314 = LINE ( 'NONE', #6803, #4975 ) ;
#4315 = AXIS2_PLACEMENT_3D ( 'NONE', #4241, #6348, #37 ) ;
#4316 = FACE_BOUND ( 'NONE', #6435, .T. ) ;
#4317 = AXIS2_PLACEMENT_3D ( 'NONE', #1604, #5329, #6395 ) ;
#4318 = CARTESIAN_POINT ( 'NONE',  ( -154.2410888671799682, 101.1755599975499820, 0.000000000000000000 ) ) ;
#4319 = VECTOR ( 'NONE', #4810, 1000.000000000000000 ) ;
#4320 = DIRECTION ( 'NONE',  ( -0.000000000000000000, -0.000000000000000000, -1.000000000000000000 ) ) ;
#4321 = DIRECTION ( 'NONE',  ( -1.000000000000000000, 0.000000000000000000, 0.000000000000000000 ) ) ;
#4322 = ORIENTED_EDGE ( 'NONE', *, *, #94, .T. ) ;
#4323 = ORIENTED_EDGE ( 'NONE', *, *, #57, .F. ) ;
#4324 = DIRECTION ( 'NONE',  ( -0.000000000000000000, 0.000000000000000000, 1.000000000000000000 ) ) ;
#4325 = CIRCLE ( 'NONE', #4535, 1.000000000000000888 ) ;
#4326 = AXIS2_PLACEMENT_3D ( 'NONE', #5759, #1003, #3287 ) ;
#4327 = CARTESIAN_POINT ( 'NONE',  ( -71.07060241699200276, 50.94586563110399879, 9.999999999999996447 ) ) ;
#4328 = CARTESIAN_POINT ( 'NONE',  ( -24.67391777038599443, 103.9396057128900139, 9.999999999999996447 ) ) ;
#4329 = DIRECTION ( 'NONE',  ( 1.000000000000000000, 0.000000000000000000, 0.000000000000000000 ) ) ;
#4330 = LINE ( 'NONE', #5782, #1012 ) ;
#4331 = AXIS2_PLACEMENT_3D ( 'NONE', #835, #2947, #5072 ) ;
#4332 = AXIS2_PLACEMENT_3D ( 'NONE', #4960, #6556, #1797 ) ;
#4333 = EDGE_LOOP ( 'NONE', ( #5596, #6601, #2517, #3545 ) ) ;
#4334 = PLANE ( 'NONE',  #6633 ) ;
#4335 = DIRECTION ( 'NONE',  ( -0.000000000000000000, -0.000000000000000000, -1.000000000000000000 ) ) ;
#4336 = CARTESIAN_POINT ( 'NONE',  ( -113.9701919555599972, 82.56014251709001428, 9.999999999999996447 ) ) ;
#4337 = EDGE_CURVE ( 'NONE', #595, #2120, #202, .T. ) ;
#4338 = CARTESIAN_POINT ( 'NONE',  ( -48.03593063354500003, 132.2769317626899976, 9.999999999999996447 ) ) ;
#4339 = ORIENTED_EDGE ( 'NONE', *, *, #2681, .F. ) ;
#4340 = AXIS2_PLACEMENT_3D ( 'NONE', #4163, #3727, #6270 ) ;
#4341 = EDGE_LOOP ( 'NONE', ( #2730, #283 ) ) ;
#4342 = DIRECTION ( 'NONE',  ( 1.000000000000000000, 0.000000000000000000, 0.000000000000000000 ) ) ;
#4343 = ORIENTED_EDGE ( 'NONE', *, *, #2287, .F. ) ;
#4344 = CARTESIAN_POINT ( 'NONE',  ( -151.0507659912100280, 49.66724395752000731, 0.000000000000000000 ) ) ;
#4345 = VECTOR ( 'NONE', #614, 1000.000000000000000 ) ;
#4346 = ADVANCED_FACE ( 'NONE', ( #5436 ), #3838, .F. ) ;
#4347 = FACE_BOUND ( 'NONE', #4205, .T. ) ;
#4348 = EDGE_CURVE ( 'NONE', #109, #2205, #718, .T. ) ;
#4349 = VERTEX_POINT ( 'NONE', #4918 ) ;
#4350 = EDGE_LOOP ( 'NONE', ( #6426, #5018, #4679, #333 ) ) ;
#4351 = DIRECTION ( 'NONE',  ( 1.000000000000000000, 0.000000000000000000, 0.000000000000000000 ) ) ;
#4352 = ADVANCED_FACE ( 'NONE', ( #1230 ), #4400, .F. ) ;
#4353 = DIRECTION ( 'NONE',  ( -1.000000000000000000, 0.000000000000000000, 0.000000000000000000 ) ) ;
#4354 = FACE_OUTER_BOUND ( 'NONE', #6518, .T. ) ;
#4355 = EDGE_CURVE ( 'NONE', #2739, #449, #979, .T. ) ;
#4356 = DIRECTION ( 'NONE',  ( -0.000000000000000000, -0.000000000000000000, -1.000000000000000000 ) ) ;
#4357 = VERTEX_POINT ( 'NONE', #5904 ) ;
#4358 = EDGE_LOOP ( 'NONE', ( #6718, #4518 ) ) ;
#4359 = CARTESIAN_POINT ( 'NONE',  ( -103.6479949951099968, 51.94300079345699572, 9.999999999999996447 ) ) ;
#4360 = DIRECTION ( 'NONE',  ( 1.000000000000000000, 0.000000000000000000, 0.000000000000000000 ) ) ;
#4361 = DIRECTION ( 'NONE',  ( -0.000000000000000000, 0.000000000000000000, 1.000000000000000000 ) ) ;
#4362 = ORIENTED_EDGE ( 'NONE', *, *, #6499, .F. ) ;
#4363 = DIRECTION ( 'NONE',  ( -0.000000000000000000, -0.000000000000000000, -1.000000000000000000 ) ) ;
#4364 = CARTESIAN_POINT ( 'NONE',  ( -15.63240926640897399, 163.7259999999995159, 9.999999999999996447 ) ) ;
#4365 = CARTESIAN_POINT ( 'NONE',  ( -10.63399999999999856, 1.200030733042355740E-16, 9.999999999999996447 ) ) ;
#4366 = VERTEX_POINT ( 'NONE', #1927 ) ;
#4367 = ORIENTED_EDGE ( 'NONE', *, *, #3523, .F. ) ;
#4368 = DIRECTION ( 'NONE',  ( -0.000000000000000000, -0.000000000000000000, -1.000000000000000000 ) ) ;
#4369 = ORIENTED_EDGE ( 'NONE', *, *, #3688, .T. ) ;
#4370 = CARTESIAN_POINT ( 'NONE',  ( -48.03593063354500003, 132.2769317626899976, 9.999999999999996447 ) ) ;
#4371 = VERTEX_POINT ( 'NONE', #377 ) ;
#4372 = CARTESIAN_POINT ( 'NONE',  ( -105.6479949951099968, 51.94300079345699572, 0.000000000000000000 ) ) ;
#4373 = FACE_BOUND ( 'NONE', #4010, .T. ) ;
#4374 = VERTEX_POINT ( 'NONE', #4017 ) ;
#4375 = CARTESIAN_POINT ( 'NONE',  ( -49.03593063354500003, 132.2769317626899976, 0.000000000000000000 ) ) ;
#4376 = ORIENTED_EDGE ( 'NONE', *, *, #3139, .F. ) ;
#4377 = CARTESIAN_POINT ( 'NONE',  ( -155.2254791259700255, 62.36726760864300445, 0.000000000000000000 ) ) ;
#4378 = ORIENTED_EDGE ( 'NONE', *, *, #2756, .F. ) ;
#4379 = CARTESIAN_POINT ( 'NONE',  ( -72.19956207275401994, 24.29997634887700286, 0.000000000000000000 ) ) ;
#4380 = EDGE_CURVE ( 'NONE', #6275, #1966, #2372, .T. ) ;
#4381 = EDGE_CURVE ( 'NONE', #6481, #5, #1972, .T. ) ;
#4382 = EDGE_CURVE ( 'NONE', #1443, #3881, #2633, .T. ) ;
#4383 = VECTOR ( 'NONE', #2571, 1000.000000000000000 ) ;
#4384 = CARTESIAN_POINT ( 'NONE',  ( -153.0507659912100280, 54.74725341796900580, 9.999999999999996447 ) ) ;
#4385 = DIRECTION ( 'NONE',  ( -1.000000000000000000, 0.000000000000000000, 0.000000000000000000 ) ) ;
#4386 = VERTEX_POINT ( 'NONE', #4050 ) ;
#4387 = ORIENTED_EDGE ( 'NONE', *, *, #5360, .T. ) ;
#4388 = CARTESIAN_POINT ( 'NONE',  ( -159.2835907335899606, 163.7259999999995159, 0.000000000000000000 ) ) ;
#4389 = CARTESIAN_POINT ( 'NONE',  ( -153.0663909912099996, 88.47553253173801124, 9.999999999999996447 ) ) ;
#4390 = EDGE_CURVE ( 'NONE', #4481, #1497, #1897, .T. ) ;
#4391 = DIRECTION ( 'NONE',  ( 1.000000000000000000, 0.000000000000000000, 0.000000000000000000 ) ) ;
#4392 = ORIENTED_EDGE ( 'NONE', *, *, #6330, .F. ) ;
#4393 = CARTESIAN_POINT ( 'NONE',  ( -71.07060241699200276, 50.94586563110399879, 0.000000000000000000 ) ) ;
#4394 = DIRECTION ( 'NONE',  ( -1.000000000000000000, 0.000000000000000000, 0.000000000000000000 ) ) ;
#4395 = AXIS2_PLACEMENT_3D ( 'NONE', #4219, #4768, #6329 ) ;
#4396 = DIRECTION ( 'NONE',  ( -0.000000000000000000, -0.000000000000000000, -1.000000000000000000 ) ) ;
#4397 = ORIENTED_EDGE ( 'NONE', *, *, #2377, .T. ) ;
#4398 = VERTEX_POINT ( 'NONE', #3976 ) ;
#4399 = AXIS2_PLACEMENT_3D ( 'NONE', #2915, #771, #5454 ) ;
#4400 = CYLINDRICAL_SURFACE ( 'NONE', #5629, 1.000000000000000888 ) ;
#4401 = VERTEX_POINT ( 'NONE', #3035 ) ;
#4402 = DIRECTION ( 'NONE',  ( -0.000000000000000000, -0.000000000000000000, -1.000000000000000000 ) ) ;
#4403 = CARTESIAN_POINT ( 'NONE',  ( -126.7355880737299998, 137.7547912597600259, 9.999999999999996447 ) ) ;
#4404 = EDGE_LOOP ( 'NONE', ( #6070, #3544 ) ) ;
#4405 = DIRECTION ( 'NONE',  ( -1.000000000000000000, 0.000000000000000000, 0.000000000000000000 ) ) ;
#4406 = ORIENTED_EDGE ( 'NONE', *, *, #5821, .T. ) ;
#4407 = DIRECTION ( 'NONE',  ( 1.000000000000000000, 0.000000000000000000, 0.000000000000000000 ) ) ;
#4408 = ORIENTED_EDGE ( 'NONE', *, *, #5271, .T. ) ;
#4409 = CARTESIAN_POINT ( 'NONE',  ( -15.63240926640897399, 158.7275907335900058, 6.999999999999996447 ) ) ;
#4410 = CARTESIAN_POINT ( 'NONE',  ( -24.67391777038599443, 98.85959625244100835, 9.999999999999996447 ) ) ;
#4411 = CIRCLE ( 'NONE', #1191, 1.000000000000000888 ) ;
#4412 = CARTESIAN_POINT ( 'NONE',  ( -154.2352752685499979, 13.39896011352499627, 0.000000000000000000 ) ) ;
#4413 = VERTEX_POINT ( 'NONE', #6135 ) ;
#4414 = ADVANCED_FACE ( 'NONE', ( #1371 ), #5537, .F. ) ;
#4415 = ORIENTED_EDGE ( 'NONE', *, *, #6667, .F. ) ;
#4416 = CARTESIAN_POINT ( 'NONE',  ( -154.2567138671799967, 139.9838409423799988, 0.000000000000000000 ) ) ;
#4417 = EDGE_CURVE ( 'NONE', #5966, #951, #3939, .T. ) ;
#4418 = CIRCLE ( 'NONE', #6084, 1.000000000000000888 ) ;
#4419 = VERTEX_POINT ( 'NONE', #6104 ) ;
#4420 = DIRECTION ( 'NONE',  ( -0.000000000000000000, 0.000000000000000000, 1.000000000000000000 ) ) ;
#4421 = AXIS2_PLACEMENT_3D ( 'NONE', #5928, #1781, #4293 ) ;
#4422 = DIRECTION ( 'NONE',  ( -0.000000000000000000, 0.000000000000000000, 1.000000000000000000 ) ) ;
#4423 = VECTOR ( 'NONE', #2330, 1000.000000000000000 ) ;
#4424 = ORIENTED_EDGE ( 'NONE', *, *, #3862, .F. ) ;
#4425 = EDGE_CURVE ( 'NONE', #4508, #3460, #306, .T. ) ;
#4426 = EDGE_CURVE ( 'NONE', #6477, #6173, #2512, .T. ) ;
#4427 = AXIS2_PLACEMENT_3D ( 'NONE', #5598, #2960, #5084 ) ;
#4428 = DIRECTION ( 'NONE',  ( -0.000000000000000000, 0.000000000000000000, 1.000000000000000000 ) ) ;
#4429 = CYLINDRICAL_SURFACE ( 'NONE', #5926, 1.599999999999990319 ) ;
#4430 = EDGE_CURVE ( 'NONE', #4860, #5635, #1339, .T. ) ;
#4431 = AXIS2_PLACEMENT_3D ( 'NONE', #6671, #4039, #1391 ) ;
#4432 = AXIS2_PLACEMENT_3D ( 'NONE', #2516, #6758, #2005 ) ;
#4433 = CARTESIAN_POINT ( 'NONE',  ( -104.5095214843699836, 90.49858856201201718, 9.999999999999996447 ) ) ;
#4434 = AXIS2_PLACEMENT_3D ( 'NONE', #3044, #970, #1413 ) ;
#4435 = ORIENTED_EDGE ( 'NONE', *, *, #3830, .F. ) ;
#4436 = VERTEX_POINT ( 'NONE', #6062 ) ;
#4437 = DIRECTION ( 'NONE',  ( 1.000000000000000000, 0.000000000000000000, 0.000000000000000000 ) ) ;
#4438 = ORIENTED_EDGE ( 'NONE', *, *, #4426, .F. ) ;
#4439 = CARTESIAN_POINT ( 'NONE',  ( -49.98910522460901973, 15.85206127166699908, 9.999999999999996447 ) ) ;
#4440 = AXIS2_PLACEMENT_3D ( 'NONE', #2936, #1930, #6647 ) ;
#4441 = AXIS2_PLACEMENT_3D ( 'NONE', #118, #3239, #5944 ) ;
#4442 = VECTOR ( 'NONE', #30, 1000.000000000000000 ) ;
#4443 = EDGE_LOOP ( 'NONE', ( #458, #5410, #6522, #6188 ) ) ;
#4444 = ORIENTED_EDGE ( 'NONE', *, *, #3183, .T. ) ;
#4445 = CARTESIAN_POINT ( 'NONE',  ( -154.0509948730399969, 129.7940063476499972, 0.000000000000000000 ) ) ;
#4446 = VERTEX_POINT ( 'NONE', #5572 ) ;
#4447 = DIRECTION ( 'NONE',  ( 1.000000000000000000, 0.000000000000000000, 0.000000000000000000 ) ) ;
#4448 = FACE_BOUND ( 'NONE', #942, .T. ) ;
#4449 = AXIS2_PLACEMENT_3D ( 'NONE', #6133, #2298, #4015 ) ;
#4450 = CARTESIAN_POINT ( 'NONE',  ( -155.2567138671799967, 139.9838409423799988, 9.999999999999996447 ) ) ;
#4451 = CIRCLE ( 'NONE', #131, 1.000000000000000888 ) ;
#4452 = DIRECTION ( 'NONE',  ( -0.000000000000000000, -0.000000000000000000, -1.000000000000000000 ) ) ;
#4453 = ORIENTED_EDGE ( 'NONE', *, *, #865, .T. ) ;
#4454 = VERTEX_POINT ( 'NONE', #5644 ) ;
#4455 = DIRECTION ( 'NONE',  ( -0.000000000000000000, 0.000000000000000000, 1.000000000000000000 ) ) ;
#4456 = DIRECTION ( 'NONE',  ( 0.000000000000000000, 0.000000000000000000, 1.000000000000000000 ) ) ;
#4457 = DIRECTION ( 'NONE',  ( -0.000000000000000000, 0.000000000000000000, 1.000000000000000000 ) ) ;
#4458 = DIRECTION ( 'NONE',  ( 1.000000000000000000, 0.000000000000000000, 0.000000000000000000 ) ) ;
#4459 = ORIENTED_EDGE ( 'NONE', *, *, #1957, .T. ) ;
#4460 = CARTESIAN_POINT ( 'NONE',  ( -160.8818843553800093, 5.006115644616000893, 0.000000000000000000 ) ) ;
#4461 = DIRECTION ( 'NONE',  ( -0.000000000000000000, -0.000000000000000000, -1.000000000000000000 ) ) ;
#4462 = EDGE_CURVE ( 'NONE', #2536, #6446, #3416, .T. ) ;
#4463 = EDGE_CURVE ( 'NONE', #2823, #1743, #1960, .T. ) ;
#4464 = CARTESIAN_POINT ( 'NONE',  ( -153.2821044921799967, 134.9038391113200248, 9.999999999999996447 ) ) ;
#4465 = EDGE_CURVE ( 'NONE', #4600, #6128, #1869, .T. ) ;
#4466 = ORIENTED_EDGE ( 'NONE', *, *, #1366, .T. ) ;
#4467 = CARTESIAN_POINT ( 'NONE',  ( -62.75449371337899152, 71.04670715332001407, 9.999999999999996447 ) ) ;
#4468 = CARTESIAN_POINT ( 'NONE',  ( -155.2664947509699971, 96.09555053710899131, 9.999999999999996447 ) ) ;
#4469 = ORIENTED_EDGE ( 'NONE', *, *, #20, .T. ) ;
#4470 = CARTESIAN_POINT ( 'NONE',  ( -18.63411564461599923, 5.006115644616000893, 6.999999999999996447 ) ) ;
#4471 = LINE ( 'NONE', #6517, #1416 ) ;
#4472 = ORIENTED_EDGE ( 'NONE', *, *, #1071, .F. ) ;
#4473 = ORIENTED_EDGE ( 'NONE', *, *, #1153, .T. ) ;
#4474 = DIRECTION ( 'NONE',  ( -0.000000000000000000, -0.000000000000000000, 1.000000000000000000 ) ) ;
#4475 = ORIENTED_EDGE ( 'NONE', *, *, #4718, .T. ) ;
#4476 = DIRECTION ( 'NONE',  ( -0.000000000000000000, -0.000000000000000000, -1.000000000000000000 ) ) ;
#4477 = FACE_BOUND ( 'NONE', #6102, .T. ) ;
#4478 = AXIS2_PLACEMENT_3D ( 'NONE', #3000, #337, #5566 ) ;
#4479 = DIRECTION ( 'NONE',  ( -0.000000000000000000, 0.000000000000000000, 1.000000000000000000 ) ) ;
#4480 = FACE_OUTER_BOUND ( 'NONE', #3430, .T. ) ;
#4481 = VERTEX_POINT ( 'NONE', #2900 ) ;
#4482 = ORIENTED_EDGE ( 'NONE', *, *, #3051, .T. ) ;
#4483 = DIRECTION ( 'NONE',  ( 1.000000000000000000, 0.000000000000000000, 0.000000000000000000 ) ) ;
#4484 = ORIENTED_EDGE ( 'NONE', *, *, #3654, .T. ) ;
#4485 = CARTESIAN_POINT ( 'NONE',  ( -62.77010726928697437, 109.8549957275300244, 0.000000000000000000 ) ) ;
#4486 = CARTESIAN_POINT ( 'NONE',  ( -127.7199783325200002, 98.94650268554700290, 0.000000000000000000 ) ) ;
#4487 = CARTESIAN_POINT ( 'NONE',  ( -104.4783020019499986, 12.88201141357400026, 0.000000000000000000 ) ) ;
#4488 = ORIENTED_EDGE ( 'NONE', *, *, #5230, .T. ) ;
#4489 = DIRECTION ( 'NONE',  ( -0.000000000000000000, 0.000000000000000000, 1.000000000000000000 ) ) ;
#4490 = CARTESIAN_POINT ( 'NONE',  ( -152.9851531982400275, 21.01897430419899493, 0.000000000000000000 ) ) ;
#4491 = CARTESIAN_POINT ( 'NONE',  ( -22.44257545471200999, 23.78302574157699922, 9.999999999999996447 ) ) ;
#4492 = VECTOR ( 'NONE', #2135, 1000.000000000000000 ) ;
#4493 = VERTEX_POINT ( 'NONE', #341 ) ;
#4494 = CARTESIAN_POINT ( 'NONE',  ( -155.2664947509699971, 91.01554107666001414, 9.999999999999996447 ) ) ;
#4495 = EDGE_CURVE ( 'NONE', #4758, #4413, #1645, .T. ) ;
#4496 = DIRECTION ( 'NONE',  ( 1.000000000000000000, 0.000000000000000000, 0.000000000000000000 ) ) ;
#4497 = EDGE_CURVE ( 'NONE', #3636, #2540, #5412, .T. ) ;
#4498 = ORIENTED_EDGE ( 'NONE', *, *, #5140, .F. ) ;
#4499 = CARTESIAN_POINT ( 'NONE',  ( -22.49919891357400559, 91.23958587646500007, 0.000000000000000000 ) ) ;
#4500 = CIRCLE ( 'NONE', #5060, 5.000115644616999866 ) ;
#4501 = ADVANCED_FACE ( 'NONE', ( #1858 ), #823, .F. ) ;
#4502 = AXIS2_PLACEMENT_3D ( 'NONE', #2431, #4615, #6728 ) ;
#4503 = LINE ( 'NONE', #2938, #2747 ) ;
#4504 = EDGE_LOOP ( 'NONE', ( #2153, #2215 ) ) ;
#4505 = ORIENTED_EDGE ( 'NONE', *, *, #6837, .F. ) ;
#4506 = CARTESIAN_POINT ( 'NONE',  ( -153.0007629394500270, 59.82726287841799717, 0.000000000000000000 ) ) ;
#4507 = ADVANCED_FACE ( 'NONE', ( #6712 ), #4087, .F. ) ;
#4508 = VERTEX_POINT ( 'NONE', #6233 ) ;
#4509 = DIRECTION ( 'NONE',  ( -1.000000000000000000, 0.000000000000000000, 0.000000000000000000 ) ) ;
#4510 = FACE_BOUND ( 'NONE', #5807, .T. ) ;
#4511 = EDGE_CURVE ( 'NONE', #3871, #4064, #1028, .T. ) ;
#4512 = CARTESIAN_POINT ( 'NONE',  ( -24.67391777038599443, 103.9396057128900139, 0.000000000000000000 ) ) ;
#4513 = CARTESIAN_POINT ( 'NONE',  ( -152.9851531982400275, 21.01897430419899493, 9.999999999999996447 ) ) ;
#4514 = EDGE_LOOP ( 'NONE', ( #6637, #690, #1734, #6627 ) ) ;
#4515 = ORIENTED_EDGE ( 'NONE', *, *, #4633, .T. ) ;
#4516 = DIRECTION ( 'NONE',  ( 1.000000000000000000, 0.000000000000000000, 0.000000000000000000 ) ) ;
#4517 = VECTOR ( 'NONE', #4474, 1000.000000000000000 ) ;
#4518 = ORIENTED_EDGE ( 'NONE', *, *, #945, .T. ) ;
#4519 = DIRECTION ( 'NONE',  ( 1.000000000000000000, 0.000000000000000000, 0.000000000000000000 ) ) ;
#4520 = CARTESIAN_POINT ( 'NONE',  ( -73.21517181396500007, 63.10826492309600155, 9.999999999999996447 ) ) ;
#4521 = FACE_OUTER_BOUND ( 'NONE', #5995, .T. ) ;
#4522 = CARTESIAN_POINT ( 'NONE',  ( -62.78571701049798293, 148.6632843017500250, 0.000000000000000000 ) ) ;
#4523 = EDGE_LOOP ( 'NONE', ( #2139, #4275, #325, #577 ) ) ;
#4524 = VECTOR ( 'NONE', #6527, 1000.000000000000000 ) ;
#4525 = ORIENTED_EDGE ( 'NONE', *, *, #4683, .F. ) ;
#4526 = DIRECTION ( 'NONE',  ( 1.000000000000000000, 0.000000000000000000, 0.000000000000000000 ) ) ;
#4527 = DIRECTION ( 'NONE',  ( -0.000000000000000000, 0.000000000000000000, 1.000000000000000000 ) ) ;
#4528 = AXIS2_PLACEMENT_3D ( 'NONE', #127, #196, #4843 ) ;
#4529 = CARTESIAN_POINT ( 'NONE',  ( -154.2352752685500263, 18.47896957397500017, 0.000000000000000000 ) ) ;
#4530 = AXIS2_PLACEMENT_3D ( 'NONE', #6405, #5300, #554 ) ;
#4531 = CIRCLE ( 'NONE', #6857, 1.000000000000000888 ) ;
#4532 = ORIENTED_EDGE ( 'NONE', *, *, #1735, .F. ) ;
#4533 = DIRECTION ( 'NONE',  ( -0.000000000000000000, -0.000000000000000000, -1.000000000000000000 ) ) ;
#4534 = DIRECTION ( 'NONE',  ( 1.000000000000000000, 0.000000000000000000, 0.000000000000000000 ) ) ;
#4535 = AXIS2_PLACEMENT_3D ( 'NONE', #228, #1811, #2397 ) ;
#4536 = VERTEX_POINT ( 'NONE', #1475 ) ;
#4537 = DIRECTION ( 'NONE',  ( 1.000000000000000000, 0.000000000000000000, 0.000000000000000000 ) ) ;
#4538 = AXIS2_PLACEMENT_3D ( 'NONE', #2993, #2470, #4590 ) ;
#4539 = CIRCLE ( 'NONE', #5641, 1.000000000000000888 ) ;
#4540 = EDGE_CURVE ( 'NONE', #385, #4357, #5788, .T. ) ;
#4541 = ORIENTED_EDGE ( 'NONE', *, *, #6163, .T. ) ;
#4542 = ORIENTED_EDGE ( 'NONE', *, *, #5271, .F. ) ;
#4543 = DIRECTION ( 'NONE',  ( -1.000000000000000000, 0.000000000000000000, 0.000000000000000000 ) ) ;
#4544 = ORIENTED_EDGE ( 'NONE', *, *, #5994, .F. ) ;
#4545 = DIRECTION ( 'NONE',  ( -0.000000000000000000, 0.000000000000000000, 1.000000000000000000 ) ) ;
#4546 = FACE_BOUND ( 'NONE', #4168, .T. ) ;
#4547 = AXIS2_PLACEMENT_3D ( 'NONE', #103, #1720, #6578 ) ;
#4548 = ADVANCED_FACE ( 'NONE', ( #2030 ), #998, .F. ) ;
#4549 = ADVANCED_FACE ( 'NONE', ( #4263 ), #3692, .F. ) ;
#4550 = DIRECTION ( 'NONE',  ( 0.000000000000000000, -0.000000000000000000, 1.000000000000000000 ) ) ;
#4551 = EDGE_CURVE ( 'NONE', #4221, #5698, #1418, .T. ) ;
#4552 = CARTESIAN_POINT ( 'NONE',  ( -22.47379875183100495, 96.31959533691403408, 0.000000000000000000 ) ) ;
#4553 = VERTEX_POINT ( 'NONE', #5714 ) ;
#4554 = ORIENTED_EDGE ( 'NONE', *, *, #3358, .F. ) ;
#4555 = DIRECTION ( 'NONE',  ( 1.000000000000000000, 0.000000000000000000, 0.000000000000000000 ) ) ;
#4556 = ORIENTED_EDGE ( 'NONE', *, *, #581, .F. ) ;
#4557 = CARTESIAN_POINT ( 'NONE',  ( -152.0007629394500270, 59.82726287841799717, 9.999999999999996447 ) ) ;
#4558 = ADVANCED_FACE ( 'NONE', ( #1060 ), #6817, .F. ) ;
#4559 = CARTESIAN_POINT ( 'NONE',  ( -159.2818843553800150, 5.006115644616000893, 9.999999999999996447 ) ) ;
#4560 = CIRCLE ( 'NONE', #3445, 1.599999999999998979 ) ;
#4561 = CYLINDRICAL_SURFACE ( 'NONE', #4431, 1.000000000000000888 ) ;
#4562 = VERTEX_POINT ( 'NONE', #1506 ) ;
#4563 = DIRECTION ( 'NONE',  ( -0.000000000000000000, -0.000000000000000000, -1.000000000000000000 ) ) ;
#4564 = DIRECTION ( 'NONE',  ( -0.000000000000000000, -0.000000000000000000, -1.000000000000000000 ) ) ;
#4565 = CIRCLE ( 'NONE', #6660, 1.000000000000000888 ) ;
#4566 = LINE ( 'NONE', #1437, #3549 ) ;
#4567 = VECTOR ( 'NONE', #3157, 1000.000000000000000 ) ;
#4568 = EDGE_LOOP ( 'NONE', ( #5713, #5932 ) ) ;
#4569 = CARTESIAN_POINT ( 'NONE',  ( -104.5251312255799974, 129.3068695068300258, 9.999999999999996447 ) ) ;
#4570 = EDGE_LOOP ( 'NONE', ( #2114, #5652 ) ) ;
#4571 = CARTESIAN_POINT ( 'NONE',  ( -105.5095214843699836, 90.49858856201201718, 0.000000000000000000 ) ) ;
#4572 = CARTESIAN_POINT ( 'NONE',  ( -25.73952293395999291, 132.5878753662099712, 9.999999999999996447 ) ) ;
#4573 = ORIENTED_EDGE ( 'NONE', *, *, #310, .T. ) ;
#4574 = EDGE_LOOP ( 'NONE', ( #5865, #5650 ) ) ;
#4575 = CYLINDRICAL_SURFACE ( 'NONE', #4080, 5.000115644617001642 ) ;
#4576 = CIRCLE ( 'NONE', #5800, 1.000000000000000888 ) ;
#4577 = ORIENTED_EDGE ( 'NONE', *, *, #945, .F. ) ;
#4578 = FACE_OUTER_BOUND ( 'NONE', #1344, .T. ) ;
#4579 = FACE_BOUND ( 'NONE', #1976, .T. ) ;
#4580 = DIRECTION ( 'NONE',  ( -1.000000000000000000, 0.000000000000000000, 0.000000000000000000 ) ) ;
#4581 = VERTEX_POINT ( 'NONE', #5818 ) ;
#4582 = ORIENTED_EDGE ( 'NONE', *, *, #5955, .F. ) ;
#4583 = CARTESIAN_POINT ( 'NONE',  ( -48.03593063354500003, 132.2769317626899976, 0.000000000000000000 ) ) ;
#4584 = EDGE_CURVE ( 'NONE', #3846, #3124, #3621, .T. ) ;
#4585 = VECTOR ( 'NONE', #2026, 1000.000000000000000 ) ;
#4586 = ADVANCED_FACE ( 'NONE', ( #5751 ), #4740, .F. ) ;
#4587 = CARTESIAN_POINT ( 'NONE',  ( -152.0820007324199992, 132.3638305663999688, 9.999999999999996447 ) ) ;
#4588 = EDGE_CURVE ( 'NONE', #232, #5055, #2651, .T. ) ;
#4589 = CARTESIAN_POINT ( 'NONE',  ( -21.48358726501500726, 52.43129348754900576, 0.000000000000000000 ) ) ;
#4590 = DIRECTION ( 'NONE',  ( 1.000000000000000000, 0.000000000000000000, 0.000000000000000000 ) ) ;
#4591 = DIRECTION ( 'NONE',  ( -0.000000000000000000, 0.000000000000000000, 1.000000000000000000 ) ) ;
#4592 = ORIENTED_EDGE ( 'NONE', *, *, #6410, .F. ) ;
#4593 = ORIENTED_EDGE ( 'NONE', *, *, #1314, .T. ) ;
#4594 = ORIENTED_EDGE ( 'NONE', *, *, #2597, .F. ) ;
#4595 = CARTESIAN_POINT ( 'NONE',  ( -152.0007629394500270, 59.82726287841799717, 9.999999999999996447 ) ) ;
#4596 = FACE_OUTER_BOUND ( 'NONE', #1354, .T. ) ;
#4597 = FACE_OUTER_BOUND ( 'NONE', #3502, .T. ) ;
#4598 = VERTEX_POINT ( 'NONE', #479 ) ;
#4599 = DIRECTION ( 'NONE',  ( -1.000000000000000000, 0.000000000000000000, 0.000000000000000000 ) ) ;
#4600 = VERTEX_POINT ( 'NONE', #2585 ) ;
#4601 = DIRECTION ( 'NONE',  ( 1.000000000000000000, 0.000000000000000000, 0.000000000000000000 ) ) ;
#4602 = AXIS2_PLACEMENT_3D ( 'NONE', #5002, #5548, #352 ) ;
#4603 = DIRECTION ( 'NONE',  ( -0.000000000000000000, -0.000000000000000000, -1.000000000000000000 ) ) ;
#4604 = ORIENTED_EDGE ( 'NONE', *, *, #4307, .F. ) ;
#4605 = VERTEX_POINT ( 'NONE', #1545 ) ;
#4606 = LINE ( 'NONE', #3042, #5509 ) ;
#4607 = VERTEX_POINT ( 'NONE', #963 ) ;
#4608 = CARTESIAN_POINT ( 'NONE',  ( -21.48940849304198508, 135.1278839111299988, 9.999999999999996447 ) ) ;
#4609 = CARTESIAN_POINT ( 'NONE',  ( -18.63240926640897399, 158.7275907335900058, 6.999999999999996447 ) ) ;
#4610 = AXIS2_PLACEMENT_3D ( 'NONE', #4416, #6083, #805 ) ;
#4611 = FACE_BOUND ( 'NONE', #6552, .T. ) ;
#4612 = LINE ( 'NONE', #4685, #1362 ) ;
#4613 = EDGE_LOOP ( 'NONE', ( #2707, #1141 ) ) ;
#4614 = ORIENTED_EDGE ( 'NONE', *, *, #1629, .T. ) ;
#4615 = DIRECTION ( 'NONE',  ( -0.000000000000000000, 0.000000000000000000, 1.000000000000000000 ) ) ;
#4616 = CARTESIAN_POINT ( 'NONE',  ( -21.48940849304197087, 140.2078857421799682, 9.999999999999996447 ) ) ;
#4617 = CARTESIAN_POINT ( 'NONE',  ( -23.68952941894498920, 137.6678924560500263, 9.999999999999996447 ) ) ;
#4618 = ADVANCED_FACE ( 'NONE', ( #3661 ), #6341, .F. ) ;
#4619 = CARTESIAN_POINT ( 'NONE',  ( -128.7199783325199860, 98.94650268554700290, 0.000000000000000000 ) ) ;
#4620 = EDGE_CURVE ( 'NONE', #3752, #2608, #1097, .T. ) ;
#4621 = CARTESIAN_POINT ( 'NONE',  ( -154.2821044921799967, 134.9038391113200248, 9.999999999999996447 ) ) ;
#4622 = VERTEX_POINT ( 'NONE', #3070 ) ;
#4623 = ORIENTED_EDGE ( 'NONE', *, *, #525, .F. ) ;
#4624 = VERTEX_POINT ( 'NONE', #5263 ) ;
#4625 = DIRECTION ( 'NONE',  ( 1.000000000000000000, 0.000000000000000000, 0.000000000000000000 ) ) ;
#4626 = CARTESIAN_POINT ( 'NONE',  ( -71.24639129638698876, 140.7248382568299974, 0.000000000000000000 ) ) ;
#4627 = DIRECTION ( 'NONE',  ( 1.000000000000000000, 0.000000000000000000, 0.000000000000000000 ) ) ;
#4628 = DIRECTION ( 'NONE',  ( -1.000000000000000000, 0.000000000000000000, 0.000000000000000000 ) ) ;
#4629 = EDGE_CURVE ( 'NONE', #1839, #5996, #2084, .T. ) ;
#4630 = EDGE_CURVE ( 'NONE', #4681, #1600, #5974, .T. ) ;
#4631 = AXIS2_PLACEMENT_3D ( 'NONE', #5550, #4479, #6590 ) ;
#4632 = VERTEX_POINT ( 'NONE', #2684 ) ;
#4633 = EDGE_CURVE ( 'NONE', #1500, #1404, #6193, .T. ) ;
#4634 = VECTOR ( 'NONE', #3349, 1000.000000000000000 ) ;
#4635 = CARTESIAN_POINT ( 'NONE',  ( -23.69269180297900590, 16.16301155090300057, 9.999999999999996447 ) ) ;
#4636 = LINE ( 'NONE', #1860, #1660 ) ;
#4637 = EDGE_CURVE ( 'NONE', #488, #918, #2195, .T. ) ;
#4638 = DIRECTION ( 'NONE',  ( -0.000000000000000000, 0.000000000000000000, 1.000000000000000000 ) ) ;
#4639 = ORIENTED_EDGE ( 'NONE', *, *, #6700, .T. ) ;
#4640 = AXIS2_PLACEMENT_3D ( 'NONE', #5631, #367, #1328 ) ;
#4641 = EDGE_LOOP ( 'NONE', ( #6852, #5646, #6198, #5614 ) ) ;
#4642 = CARTESIAN_POINT ( 'NONE',  ( -49.98910522460901973, 15.85206127166699908, 0.000000000000000000 ) ) ;
#4643 = VERTEX_POINT ( 'NONE', #3343 ) ;
#4644 = CARTESIAN_POINT ( 'NONE',  ( -127.7043685912999962, 60.13821411132799710, 9.999999999999996447 ) ) ;
#4645 = CIRCLE ( 'NONE', #5527, 1.000000000000000888 ) ;
#4646 = AXIS2_PLACEMENT_3D ( 'NONE', #5080, #1390, #5630 ) ;
#4647 = AXIS2_PLACEMENT_3D ( 'NONE', #2109, #6350, #2175 ) ;
#4648 = CYLINDRICAL_SURFACE ( 'NONE', #2188, 1.000000000000000888 ) ;
#4649 = CARTESIAN_POINT ( 'NONE',  ( -48.98910522460901973, 15.85206127166699908, 0.000000000000000000 ) ) ;
#4650 = ORIENTED_EDGE ( 'NONE', *, *, #3520, .F. ) ;
#4651 = EDGE_LOOP ( 'NONE', ( #1712, #2276, #4273, #5066 ) ) ;
#4652 = CARTESIAN_POINT ( 'NONE',  ( -159.2835907335899606, 158.7275907335900058, 6.999999999999996447 ) ) ;
#4653 = VECTOR ( 'NONE', #6838, 1000.000000000000000 ) ;
#4654 = CARTESIAN_POINT ( 'NONE',  ( -24.67391777038599443, 98.85959625244100835, 0.000000000000000000 ) ) ;
#4655 = AXIS2_PLACEMENT_3D ( 'NONE', #4499, #4019, #3591 ) ;
#4656 = CARTESIAN_POINT ( 'NONE',  ( -127.7355880737299998, 137.7547912597600259, 0.000000000000000000 ) ) ;
#4657 = AXIS2_PLACEMENT_3D ( 'NONE', #2369, #1816, #1750 ) ;
#4658 = DIRECTION ( 'NONE',  ( -0.000000000000000000, 0.000000000000000000, 1.000000000000000000 ) ) ;
#4659 = ORIENTED_EDGE ( 'NONE', *, *, #4718, .F. ) ;
#4660 = VERTEX_POINT ( 'NONE', #4393 ) ;
#4661 = DIRECTION ( 'NONE',  ( -0.000000000000000000, -0.000000000000000000, -1.000000000000000000 ) ) ;
#4662 = EDGE_LOOP ( 'NONE', ( #3780, #967, #2665, #3782 ) ) ;
#4663 = CARTESIAN_POINT ( 'NONE',  ( -24.68952941894499276, 142.7478942870999958, 9.999999999999996447 ) ) ;
#4664 = DIRECTION ( 'NONE',  ( -0.000000000000000000, 0.000000000000000000, 1.000000000000000000 ) ) ;
#4665 = DIRECTION ( 'NONE',  ( -0.000000000000000000, -0.000000000000000000, -1.000000000000000000 ) ) ;
#4666 = VECTOR ( 'NONE', #3690, 1000.000000000000000 ) ;
#4667 = CARTESIAN_POINT ( 'NONE',  ( -155.0509948730399969, 129.7940063476499972, 0.000000000000000000 ) ) ;
#4668 = ORIENTED_EDGE ( 'NONE', *, *, #5992, .T. ) ;
#4669 = AXIS2_PLACEMENT_3D ( 'NONE', #5985, #4976, #6534 ) ;
#4670 = DIRECTION ( 'NONE',  ( -1.000000000000000000, 0.000000000000000000, 0.000000000000000000 ) ) ;
#4671 = ORIENTED_EDGE ( 'NONE', *, *, #516, .F. ) ;
#4672 = CARTESIAN_POINT ( 'NONE',  ( -153.2254791259699971, 62.36726760864300445, 9.999999999999996447 ) ) ;
#4673 = EDGE_CURVE ( 'NONE', #4823, #5448, #1746, .T. ) ;
#4674 = ADVANCED_FACE ( 'NONE', ( #1160 ), #2717, .F. ) ;
#4675 = EDGE_CURVE ( 'NONE', #6548, #6205, #4878, .T. ) ;
#4676 = AXIS2_PLACEMENT_3D ( 'NONE', #497, #5771, #12 ) ;
#4677 = CARTESIAN_POINT ( 'NONE',  ( -25.63163185119600485, 21.41612434387199926, 9.999999999999996447 ) ) ;
#4678 = VERTEX_POINT ( 'NONE', #3829 ) ;
#4679 = ORIENTED_EDGE ( 'NONE', *, *, #5236, .T. ) ;
#4680 = CARTESIAN_POINT ( 'NONE',  ( -24.68952941894499276, 142.7478942870999958, 9.999999999999996447 ) ) ;
#4681 = VERTEX_POINT ( 'NONE', #5459 ) ;
#4682 = DIRECTION ( 'NONE',  ( 1.000000000000000000, 0.000000000000000000, 0.000000000000000000 ) ) ;
#4683 = EDGE_CURVE ( 'NONE', #4622, #5212, #3856, .T. ) ;
#4684 = FACE_BOUND ( 'NONE', #2715, .T. ) ;
#4685 = CARTESIAN_POINT ( 'NONE',  ( -71.21517181396500007, 63.10826492309600155, 9.999999999999996447 ) ) ;
#4686 = ORIENTED_EDGE ( 'NONE', *, *, #733, .T. ) ;
#4687 = VERTEX_POINT ( 'NONE', #2264 ) ;
#4688 = DIRECTION ( 'NONE',  ( -0.000000000000000000, -0.000000000000000000, -1.000000000000000000 ) ) ;
#4689 = LINE ( 'NONE', #4616, #2052 ) ;
#4690 = AXIS2_PLACEMENT_3D ( 'NONE', #4175, #5725, #6766 ) ;
#4691 = CARTESIAN_POINT ( 'NONE',  ( -112.9858016967699825, 121.3684310913000246, 0.000000000000000000 ) ) ;
#4692 = CARTESIAN_POINT ( 'NONE',  ( -24.68952941894499276, 137.6678924560500263, 0.000000000000000000 ) ) ;
#4693 = CARTESIAN_POINT ( 'NONE',  ( -24.64269638061500345, 26.32303047180200295, 0.000000000000000000 ) ) ;
#4694 = EDGE_LOOP ( 'NONE', ( #3913, #2932, #6839, #6553 ) ) ;
#4695 = EDGE_LOOP ( 'NONE', ( #4285, #1696, #2455, #2978 ) ) ;
#4696 = FACE_OUTER_BOUND ( 'NONE', #177, .T. ) ;
#4697 = ORIENTED_EDGE ( 'NONE', *, *, #6074, .T. ) ;
#4698 = CARTESIAN_POINT ( 'NONE',  ( -72.23078155517598020, 101.9165573120100134, 0.000000000000000000 ) ) ;
#4699 = FACE_OUTER_BOUND ( 'NONE', #2419, .T. ) ;
#4700 = AXIS2_PLACEMENT_3D ( 'NONE', #1572, #5258, #958 ) ;
#4701 = LINE ( 'NONE', #442, #13 ) ;
#4702 = EDGE_LOOP ( 'NONE', ( #6737, #5252, #2293, #6615 ) ) ;
#4703 = DIRECTION ( 'NONE',  ( -0.000000000000000000, -0.000000000000000000, -1.000000000000000000 ) ) ;
#4704 = CIRCLE ( 'NONE', #2147, 1.000000000000000888 ) ;
#4705 = ORIENTED_EDGE ( 'NONE', *, *, #4763, .F. ) ;
#4706 = DIRECTION ( 'NONE',  ( -0.000000000000000000, -0.000000000000000000, -1.000000000000000000 ) ) ;
#4707 = EDGE_CURVE ( 'NONE', #555, #3230, #162, .T. ) ;
#4708 = DIRECTION ( 'NONE',  ( 1.000000000000000000, 0.000000000000000000, 0.000000000000000000 ) ) ;
#4709 = ADVANCED_FACE ( 'NONE', ( #87 ), #3762, .F. ) ;
#4710 = VERTEX_POINT ( 'NONE', #5896 ) ;
#4711 = EDGE_LOOP ( 'NONE', ( #1401, #79, #6652, #3468 ) ) ;
#4712 = CARTESIAN_POINT ( 'NONE',  ( -21.48940849304197087, 140.2078857421799682, 9.999999999999996447 ) ) ;
#4713 = ORIENTED_EDGE ( 'NONE', *, *, #2329, .F. ) ;
#4714 = ADVANCED_FACE ( 'NONE', ( #2788 ), #4334, .F. ) ;
#4715 = DIRECTION ( 'NONE',  ( -0.000000000000000000, -0.000000000000000000, 1.000000000000000000 ) ) ;
#4716 = AXIS2_PLACEMENT_3D ( 'NONE', #4467, #1988, #272 ) ;
#4717 = FACE_BOUND ( 'NONE', #464, .T. ) ;
#4718 = EDGE_CURVE ( 'NONE', #1551, #6304, #105, .T. ) ;
#4719 = CARTESIAN_POINT ( 'NONE',  ( -159.2835907335899606, 158.7275907335900058, 9.999999999999996447 ) ) ;
#4720 = ORIENTED_EDGE ( 'NONE', *, *, #5659, .T. ) ;
#4721 = ORIENTED_EDGE ( 'NONE', *, *, #3532, .F. ) ;
#4722 = LINE ( 'NONE', #3231, #5612 ) ;
#4723 = ADVANCED_FACE ( 'NONE', ( #1131 ), #1713, .F. ) ;
#4724 = CYLINDRICAL_SURFACE ( 'NONE', #3490, 1.000000000000000888 ) ;
#4725 = CIRCLE ( 'NONE', #3718, 1.000000000000000888 ) ;
#4726 = LINE ( 'NONE', #4249, #4567 ) ;
#4727 = EDGE_CURVE ( 'NONE', #704, #5467, #6850, .T. ) ;
#4728 = AXIS2_PLACEMENT_3D ( 'NONE', #4652, #5145, #1944 ) ;
#4729 = DIRECTION ( 'NONE',  ( -0.000000000000000000, -0.000000000000000000, -1.000000000000000000 ) ) ;
#4730 = ORIENTED_EDGE ( 'NONE', *, *, #2345, .F. ) ;
#4731 = EDGE_LOOP ( 'NONE', ( #2235, #5464, #3178, #655 ) ) ;
#4732 = CARTESIAN_POINT ( 'NONE',  ( -15.63411564461599923, 5.006115644616000893, 9.999999999999996447 ) ) ;
#4733 = ORIENTED_EDGE ( 'NONE', *, *, #997, .T. ) ;
#4734 = LINE ( 'NONE', #6262, #2200 ) ;
#4735 = CARTESIAN_POINT ( 'NONE',  ( -155.2410888671799682, 101.1755599975499820, 0.000000000000000000 ) ) ;
#4736 = LINE ( 'NONE', #3065, #1048 ) ;
#4737 = AXIS2_PLACEMENT_3D ( 'NONE', #5813, #1435, #407 ) ;
#4738 = CARTESIAN_POINT ( 'NONE',  ( -106.6228561401299970, 25.04441070556600479, 0.000000000000000000 ) ) ;
#4739 = VERTEX_POINT ( 'NONE', #4913 ) ;
#4740 = CYLINDRICAL_SURFACE ( 'NONE', #6087, 1.000000000000000888 ) ;
#4741 = DIRECTION ( 'NONE',  ( -0.000000000000000000, -0.000000000000000000, -1.000000000000000000 ) ) ;
#4742 = VECTOR ( 'NONE', #6208, 1000.000000000000000 ) ;
#4743 = CARTESIAN_POINT ( 'NONE',  ( -25.72391319274899857, 93.77958679199200276, 9.999999999999996447 ) ) ;
#4744 = CARTESIAN_POINT ( 'NONE',  ( -71.24639129638698876, 140.7248382568299974, 9.999999999999996447 ) ) ;
#4745 = AXIS2_PLACEMENT_3D ( 'NONE', #5057, #3457, #6197 ) ;
#4746 = CARTESIAN_POINT ( 'NONE',  ( -152.0663909912100280, 93.55554199218801159, 9.999999999999996447 ) ) ;
#4747 = ORIENTED_EDGE ( 'NONE', *, *, #642, .T. ) ;
#4748 = ORIENTED_EDGE ( 'NONE', *, *, #4171, .F. ) ;
#4749 = CARTESIAN_POINT ( 'NONE',  ( -49.03593063354500003, 132.2769317626899976, 9.999999999999996447 ) ) ;
#4750 = CIRCLE ( 'NONE', #1321, 1.000000000000000888 ) ;
#4751 = ORIENTED_EDGE ( 'NONE', *, *, #3141, .T. ) ;
#4752 = DIRECTION ( 'NONE',  ( -0.000000000000000000, -0.000000000000000000, -1.000000000000000000 ) ) ;
#4753 = AXIS2_PLACEMENT_3D ( 'NONE', #2231, #4363, #748 ) ;
#4754 = AXIS2_PLACEMENT_3D ( 'NONE', #965, #5165, #2451 ) ;
#4755 = CIRCLE ( 'NONE', #5415, 1.000000000000000888 ) ;
#4756 = FACE_OUTER_BOUND ( 'NONE', #3580, .T. ) ;
#4757 = VERTEX_POINT ( 'NONE', #5366 ) ;
#4758 = VERTEX_POINT ( 'NONE', #6437 ) ;
#4759 = LINE ( 'NONE', #1143, #301 ) ;
#4760 = DIRECTION ( 'NONE',  ( -0.000000000000000000, 0.000000000000000000, 1.000000000000000000 ) ) ;
#4761 = AXIS2_PLACEMENT_3D ( 'NONE', #3967, #2734, #2773 ) ;
#4762 = ADVANCED_FACE ( 'NONE', ( #2294 ), #5988, .F. ) ;
#4763 = EDGE_CURVE ( 'NONE', #5166, #2674, #2859, .T. ) ;
#4764 = ADVANCED_FACE ( 'NONE', ( #1221 ), #6021, .F. ) ;
#4765 = DIRECTION ( 'NONE',  ( -0.000000000000000000, 0.000000000000000000, 1.000000000000000000 ) ) ;
#4766 = ORIENTED_EDGE ( 'NONE', *, *, #5691, .F. ) ;
#4767 = EDGE_LOOP ( 'NONE', ( #4239, #6085 ) ) ;
#4768 = DIRECTION ( 'NONE',  ( -0.000000000000000000, 0.000000000000000000, 1.000000000000000000 ) ) ;
#4769 = ORIENTED_EDGE ( 'NONE', *, *, #5148, .F. ) ;
#4770 = DIRECTION ( 'NONE',  ( -0.000000000000000000, -0.000000000000000000, -1.000000000000000000 ) ) ;
#4771 = CARTESIAN_POINT ( 'NONE',  ( -63.77010726928697437, 109.8549957275300244, 9.999999999999996447 ) ) ;
#4772 = EDGE_CURVE ( 'NONE', #951, #3790, #660, .T. ) ;
#4773 = AXIS2_PLACEMENT_3D ( 'NONE', #6494, #1733, #1635 ) ;
#4774 = CARTESIAN_POINT ( 'NONE',  ( -23.46797561645499997, 13.62300586700400018, 0.000000000000000000 ) ) ;
#4775 = COLOUR_RGB ( '',1.000000000000000000, 1.000000000000000000, 1.000000000000000000 ) ;
#4776 = VERTEX_POINT ( 'NONE', #6674 ) ;
#4777 = DIRECTION ( 'NONE',  ( 1.000000000000000000, 0.000000000000000000, 0.000000000000000000 ) ) ;
#4778 = EDGE_LOOP ( 'NONE', ( #3675, #2725 ) ) ;
#4779 = CARTESIAN_POINT ( 'NONE',  ( -23.68952941894498920, 142.7478942870999958, 9.999999999999996447 ) ) ;
#4780 = CIRCLE ( 'NONE', #789, 1.000000000000000888 ) ;
#4781 = LINE ( 'NONE', #4814, #5487 ) ;
#4782 = DIRECTION ( 'NONE',  ( 1.000000000000000000, 0.000000000000000000, 0.000000000000000000 ) ) ;
#4783 = AXIS2_PLACEMENT_3D ( 'NONE', #3921, #5515, #3535 ) ;
#4784 = VECTOR ( 'NONE', #6018, 1000.000000000000000 ) ;
#4785 = DIRECTION ( 'NONE',  ( 1.000000000000000000, 0.000000000000000000, 0.000000000000000000 ) ) ;
#4786 = EDGE_LOOP ( 'NONE', ( #1337, #615 ) ) ;
#4787 = EDGE_LOOP ( 'NONE', ( #3030, #5231 ) ) ;
#4788 = CYLINDRICAL_SURFACE ( 'NONE', #4315, 1.000000000000000888 ) ;
#4789 = ORIENTED_EDGE ( 'NONE', *, *, #4297, .T. ) ;
#4790 = CARTESIAN_POINT ( 'NONE',  ( -70.08621215820299710, 89.75415039062501421, 0.000000000000000000 ) ) ;
#4791 = FACE_BOUND ( 'NONE', #1059, .T. ) ;
#4792 = ORIENTED_EDGE ( 'NONE', *, *, #1267, .F. ) ;
#4793 = ORIENTED_EDGE ( 'NONE', *, *, #4231, .T. ) ;
#4794 = DIRECTION ( 'NONE',  ( -0.000000000000000000, -0.000000000000000000, -1.000000000000000000 ) ) ;
#4795 = CARTESIAN_POINT ( 'NONE',  ( -152.0163726806600266, 98.63555145263703139, 9.999999999999996447 ) ) ;
#4796 = CARTESIAN_POINT ( 'NONE',  ( -25.69269180297900590, 16.16301155090300057, 9.999999999999996447 ) ) ;
#4797 = CARTESIAN_POINT ( 'NONE',  ( -50.02031707763698876, 93.46864318847700304, 9.999999999999996447 ) ) ;
#4798 = ORIENTED_EDGE ( 'NONE', *, *, #5653, .F. ) ;
#4799 = ADVANCED_FACE ( 'NONE', ( #2442 ), #4044, .F. ) ;
#4800 = EDGE_LOOP ( 'NONE', ( #5073, #3602, #2935, #3428 ) ) ;
#4801 = DIRECTION ( 'NONE',  ( -0.000000000000000000, 0.000000000000000000, 1.000000000000000000 ) ) ;
#4802 = EDGE_CURVE ( 'NONE', #4349, #5130, #214, .T. ) ;
#4803 = LINE ( 'NONE', #2677, #6094 ) ;
#4804 = AXIS2_PLACEMENT_3D ( 'NONE', #1941, #6661, #1383 ) ;
#4805 = FACE_OUTER_BOUND ( 'NONE', #5960, .T. ) ;
#4806 = EDGE_CURVE ( 'NONE', #558, #3356, #4100, .T. ) ;
#4807 = DIRECTION ( 'NONE',  ( -0.000000000000000000, 0.000000000000000000, 1.000000000000000000 ) ) ;
#4808 = ORIENTED_EDGE ( 'NONE', *, *, #4846, .F. ) ;
#4809 = EDGE_CURVE ( 'NONE', #4246, #3260, #3409, .T. ) ;
#4810 = DIRECTION ( 'NONE',  ( -0.000000000000000000, -0.000000000000000000, -1.000000000000000000 ) ) ;
#4811 =( NAMED_UNIT ( * ) SI_UNIT ( $, .STERADIAN. ) SOLID_ANGLE_UNIT ( ) );
#4812 = ADVANCED_FACE ( 'NONE', ( #3932 ), #3547, .F. ) ;
#4813 = VECTOR ( 'NONE', #2612, 1000.000000000000000 ) ;
#4814 = CARTESIAN_POINT ( 'NONE',  ( -61.78571701049798293, 148.6632843017500250, 9.999999999999996447 ) ) ;
#4815 = DIRECTION ( 'NONE',  ( -0.000000000000000000, -0.000000000000000000, -1.000000000000000000 ) ) ;
#4816 = CARTESIAN_POINT ( 'NONE',  ( -23.47379875183100495, 101.3996047973600412, 0.000000000000000000 ) ) ;
#4817 = ORIENTED_EDGE ( 'NONE', *, *, #6290, .T. ) ;
#4818 = EDGE_CURVE ( 'NONE', #2996, #5055, #2757, .T. ) ;
#4819 = VERTEX_POINT ( 'NONE', #4460 ) ;
#4820 = DIRECTION ( 'NONE',  ( -0.000000000000000000, -0.000000000000000000, -1.000000000000000000 ) ) ;
#4821 = EDGE_LOOP ( 'NONE', ( #4406, #5663 ) ) ;
#4822 = CARTESIAN_POINT ( 'NONE',  ( -154.2410888671799682, 101.1755599975499820, 9.999999999999996447 ) ) ;
#4823 = VERTEX_POINT ( 'NONE', #5050 ) ;
#4824 = CARTESIAN_POINT ( 'NONE',  ( -61.75449371337899152, 71.04670715332001407, 0.000000000000000000 ) ) ;
#4825 = VERTEX_POINT ( 'NONE', #1813 ) ;
#4826 = DIRECTION ( 'NONE',  ( -0.000000000000000000, -0.000000000000000000, -1.000000000000000000 ) ) ;
#4827 = PRODUCT ( '\X2\63a294885b9a4f4d677f\X0\', '\X2\63a294885b9a4f4d677f\X0\', '', ( #6388 ) ) ;
#4828 = DIRECTION ( 'NONE',  ( 1.000000000000000000, 0.000000000000000000, 0.000000000000000000 ) ) ;
#4829 = CIRCLE ( 'NONE', #4172, 1.000000000000000888 ) ;
#4830 = FACE_OUTER_BOUND ( 'NONE', #838, .T. ) ;
#4831 = FACE_OUTER_BOUND ( 'NONE', #747, .T. ) ;
#4832 = VERTEX_POINT ( 'NONE', #816 ) ;
#4833 = ORIENTED_EDGE ( 'NONE', *, *, #2412, .T. ) ;
#4834 = DIRECTION ( 'NONE',  ( -1.000000000000000000, 0.000000000000000000, 0.000000000000000000 ) ) ;
#4835 = AXIS2_PLACEMENT_3D ( 'NONE', #5809, #2226, #2708 ) ;
#4836 = CYLINDRICAL_SURFACE ( 'NONE', #4213, 1.000000000000000888 ) ;
#4837 = CARTESIAN_POINT ( 'NONE',  ( -153.0351562500000284, 10.85895442962599766, 0.000000000000000000 ) ) ;
#4838 = EDGE_CURVE ( 'NONE', #2568, #4988, #6418, .T. ) ;
#4839 = DIRECTION ( 'NONE',  ( 1.000000000000000000, 0.000000000000000000, 0.000000000000000000 ) ) ;
#4840 = VECTOR ( 'NONE', #3924, 1000.000000000000000 ) ;
#4841 = ORIENTED_EDGE ( 'NONE', *, *, #54, .T. ) ;
#4842 = CARTESIAN_POINT ( 'NONE',  ( -72.23078155517598020, 101.9165573120100134, 9.999999999999996447 ) ) ;
#4843 = DIRECTION ( 'NONE',  ( 1.000000000000000000, 0.000000000000000000, 0.000000000000000000 ) ) ;
#4844 = CARTESIAN_POINT ( 'NONE',  ( -72.23078155517598020, 101.9165573120100134, 9.999999999999996447 ) ) ;
#4845 = ADVANCED_FACE ( 'NONE', ( #6191 ), #4011, .F. ) ;
#4846 = EDGE_CURVE ( 'NONE', #385, #6862, #4531, .T. ) ;
#4847 = CARTESIAN_POINT ( 'NONE',  ( -15.63411564461599923, 5.006115644616000893, 6.999999999999996447 ) ) ;
#4848 = ADVANCED_FACE ( 'NONE', ( #371 ), #6705, .F. ) ;
#4849 = CARTESIAN_POINT ( 'NONE',  ( -155.2098693847599975, 23.55898094177199908, 9.999999999999996447 ) ) ;
#4850 = ORIENTED_EDGE ( 'NONE', *, *, #3814, .T. ) ;
#4851 = EDGE_LOOP ( 'NONE', ( #5727, #222 ) ) ;
#4852 = LINE ( 'NONE', #242, #4634 ) ;
#4853 = EDGE_LOOP ( 'NONE', ( #5463, #1627, #5706, #187 ) ) ;
#4854 = CARTESIAN_POINT ( 'NONE',  ( -24.65830802917498588, 65.13131713867201711, 0.000000000000000000 ) ) ;
#4855 = EDGE_CURVE ( 'NONE', #4085, #6538, #4203, .T. ) ;
#4856 = AXIS2_PLACEMENT_3D ( 'NONE', #5473, #209, #2310 ) ;
#4857 = ORIENTED_EDGE ( 'NONE', *, *, #1400, .T. ) ;
#4858 = CIRCLE ( 'NONE', #427, 1.000000000000000888 ) ;
#4859 = CARTESIAN_POINT ( 'NONE',  ( -152.0507659912100280, 49.66724395752000731, 9.999999999999996447 ) ) ;
#4860 = VERTEX_POINT ( 'NONE', #2366 ) ;
#4861 = CARTESIAN_POINT ( 'NONE',  ( -155.2664947509699971, 96.09555053710899131, 0.000000000000000000 ) ) ;
#4862 = AXIS2_PLACEMENT_3D ( 'NONE', #5829, #6863, #968 ) ;
#4863 = FACE_BOUND ( 'NONE', #3616, .T. ) ;
#4864 = AXIS2_PLACEMENT_3D ( 'NONE', #3009, #6309, #1408 ) ;
#4865 = AXIS2_PLACEMENT_3D ( 'NONE', #58, #1188, #2818 ) ;
#4866 = CYLINDRICAL_SURFACE ( 'NONE', #6303, 1.000000000000000888 ) ;
#4867 = FACE_OUTER_BOUND ( 'NONE', #1990, .T. ) ;
#4868 = ORIENTED_EDGE ( 'NONE', *, *, #2045, .T. ) ;
#4869 = ORIENTED_EDGE ( 'NONE', *, *, #6658, .F. ) ;
#4870 = DIRECTION ( 'NONE',  ( 1.000000000000000000, 0.000000000000000000, 0.000000000000000000 ) ) ;
#4871 = AXIS2_PLACEMENT_3D ( 'NONE', #6127, #780, #3929 ) ;
#4872 = FACE_OUTER_BOUND ( 'NONE', #1260, .T. ) ;
#4873 = DIRECTION ( 'NONE',  ( -0.000000000000000000, -0.000000000000000000, -1.000000000000000000 ) ) ;
#4874 = DIRECTION ( 'NONE',  ( -1.000000000000000000, 0.000000000000000000, 0.000000000000000000 ) ) ;
#4875 = AXIS2_PLACEMENT_3D ( 'NONE', #636, #602, #6424 ) ;
#4876 = AXIS2_PLACEMENT_3D ( 'NONE', #4822, #2596, #5242 ) ;
#4877 = EDGE_LOOP ( 'NONE', ( #5418, #312 ) ) ;
#4878 = LINE ( 'NONE', #4947, #5199 ) ;
#4879 = DIRECTION ( 'NONE',  ( -0.000000000000000000, -0.000000000000000000, -1.000000000000000000 ) ) ;
#4880 = CIRCLE ( 'NONE', #4220, 3.000000000000002665 ) ;
#4881 = DIRECTION ( 'NONE',  ( 1.000000000000000000, 0.000000000000000000, 0.000000000000000000 ) ) ;
#4882 = ORIENTED_EDGE ( 'NONE', *, *, #2713, .T. ) ;
#4883 = EDGE_LOOP ( 'NONE', ( #1130, #2695, #3369, #2631 ) ) ;
#4884 = AXIS2_PLACEMENT_3D ( 'NONE', #2616, #4741, #2686 ) ;
#4885 = ORIENTED_EDGE ( 'NONE', *, *, #3143, .F. ) ;
#4886 = EDGE_CURVE ( 'NONE', #6821, #2528, #4755, .T. ) ;
#4887 = DIRECTION ( 'NONE',  ( -0.000000000000000000, 0.000000000000000000, 1.000000000000000000 ) ) ;
#4888 = ADVANCED_FACE ( 'NONE', ( #1850 ), #3968, .F. ) ;
#4889 = ORIENTED_EDGE ( 'NONE', *, *, #3018, .F. ) ;
#4890 = DIRECTION ( 'NONE',  ( 1.000000000000000000, 0.000000000000000000, 0.000000000000000000 ) ) ;
#4891 = CIRCLE ( 'NONE', #3775, 1.000000000000000888 ) ;
#4892 = EDGE_CURVE ( 'NONE', #2550, #1567, #329, .T. ) ;
#4893 = CIRCLE ( 'NONE', #5781, 1.000000000000000888 ) ;
#4894 = FACE_BOUND ( 'NONE', #2047, .T. ) ;
#4895 = VERTEX_POINT ( 'NONE', #336 ) ;
#4896 = EDGE_LOOP ( 'NONE', ( #6313, #4322, #4868, #4592 ) ) ;
#4897 = DIRECTION ( 'NONE',  ( -0.000000000000000000, 0.000000000000000000, 1.000000000000000000 ) ) ;
#4898 = EDGE_CURVE ( 'NONE', #64, #5683, #5977, .T. ) ;
#4899 = ORIENTED_EDGE ( 'NONE', *, *, #5096, .T. ) ;
#4900 = AXIS2_PLACEMENT_3D ( 'NONE', #4486, #6089, #4391 ) ;
#4901 = FACE_BOUND ( 'NONE', #2462, .T. ) ;
#4902 = CARTESIAN_POINT ( 'NONE',  ( -71.21517181396500007, 63.10826492309600155, 9.999999999999996447 ) ) ;
#4903 = FACE_OUTER_BOUND ( 'NONE', #3330, .T. ) ;
#4904 = ORIENTED_EDGE ( 'NONE', *, *, #4136, .F. ) ;
#4905 = ORIENTED_EDGE ( 'NONE', *, *, #5955, .T. ) ;
#4906 = CARTESIAN_POINT ( 'NONE',  ( -153.2664947509699971, 91.01554107666001414, 9.999999999999996447 ) ) ;
#4907 = CYLINDRICAL_SURFACE ( 'NONE', #4317, 1.000000000000000888 ) ;
#4908 = DIRECTION ( 'NONE',  ( -0.000000000000000000, 0.000000000000000000, 1.000000000000000000 ) ) ;
#4909 = AXIS2_PLACEMENT_3D ( 'NONE', #2985, #6118, #3957 ) ;
#4910 = APPLICATION_CONTEXT ( 'automotive_design' ) ;
#4911 = DIRECTION ( 'NONE',  ( -0.000000000000000000, -0.000000000000000000, -1.000000000000000000 ) ) ;
#4912 = EDGE_LOOP ( 'NONE', ( #4525, #6495 ) ) ;
#4913 = CARTESIAN_POINT ( 'NONE',  ( -153.2352752685499979, 13.39896011352499627, 9.999999999999996447 ) ) ;
#4914 = CYLINDRICAL_SURFACE ( 'NONE', #3140, 1.000000000000000888 ) ;
#4915 = DIRECTION ( 'NONE',  ( -0.000000000000000000, -0.000000000000000000, 1.000000000000000000 ) ) ;
#4916 = VERTEX_POINT ( 'NONE', #3063 ) ;
#4917 = ORIENTED_EDGE ( 'NONE', *, *, #856, .T. ) ;
#4918 = CARTESIAN_POINT ( 'NONE',  ( -107.6384658813399966, 63.85269927978499993, 9.999999999999996447 ) ) ;
#4919 = AXIS2_PLACEMENT_3D ( 'NONE', #235, #4461, #1132 ) ;
#4920 = VERTEX_POINT ( 'NONE', #5709 ) ;
#4921 = CARTESIAN_POINT ( 'NONE',  ( -151.0351562500000284, 10.85895442962599766, 9.999999999999996447 ) ) ;
#4922 = ADVANCED_FACE ( 'NONE', ( #4255 ), #956, .F. ) ;
#4923 = AXIS2_PLACEMENT_3D ( 'NONE', #1539, #3204, #580 ) ;
#4924 = EDGE_CURVE ( 'NONE', #3594, #1038, #766, .T. ) ;
#4925 = DIRECTION ( 'NONE',  ( 1.000000000000000000, 0.000000000000000000, 0.000000000000000000 ) ) ;
#4926 = ORIENTED_EDGE ( 'NONE', *, *, #3439, .F. ) ;
#4927 = DIRECTION ( 'NONE',  ( -0.000000000000000000, -0.000000000000000000, -1.000000000000000000 ) ) ;
#4928 = ORIENTED_EDGE ( 'NONE', *, *, #4463, .F. ) ;
#4929 = DIRECTION ( 'NONE',  ( -0.000000000000000000, 0.000000000000000000, 1.000000000000000000 ) ) ;
#4930 = ORIENTED_EDGE ( 'NONE', *, *, #3016, .F. ) ;
#4931 = CIRCLE ( 'NONE', #3264, 1.000000000000000888 ) ;
#4932 = FACE_BOUND ( 'NONE', #1536, .T. ) ;
#4933 = EDGE_CURVE ( 'NONE', #1743, #2104, #1981, .T. ) ;
#4934 = EDGE_CURVE ( 'NONE', #1644, #217, #3863, .T. ) ;
#4935 = CARTESIAN_POINT ( 'NONE',  ( -69.10182952880897744, 128.5624389648399983, 9.999999999999996447 ) ) ;
#4936 = ADVANCED_FACE ( 'NONE', ( #2091 ), #5812, .F. ) ;
#4937 = DIRECTION ( 'NONE',  ( -0.000000000000000000, 0.000000000000000000, 1.000000000000000000 ) ) ;
#4938 = ORIENTED_EDGE ( 'NONE', *, *, #6502, .F. ) ;
#4939 = VERTEX_POINT ( 'NONE', #3164 ) ;
#4940 = DIRECTION ( 'NONE',  ( -0.000000000000000000, 0.000000000000000000, 1.000000000000000000 ) ) ;
#4941 = CARTESIAN_POINT ( 'NONE',  ( -154.2352752685499979, 13.39896011352499627, 9.999999999999996447 ) ) ;
#4942 = AXIS2_PLACEMENT_3D ( 'NONE', #3638, #1596, #6806 ) ;
#4943 = EDGE_CURVE ( 'NONE', #1404, #1500, #1201, .T. ) ;
#4944 = CARTESIAN_POINT ( 'NONE',  ( -22.47379875183100495, 96.31959533691403408, 0.000000000000000000 ) ) ;
#4945 = CIRCLE ( 'NONE', #3162, 2.999999999999999112 ) ;
#4946 = ORIENTED_EDGE ( 'NONE', *, *, #3788, .T. ) ;
#4947 = CARTESIAN_POINT ( 'NONE',  ( -156.2835907335899606, 158.7275907335900058, 6.999999999999996447 ) ) ;
#4948 = DIRECTION ( 'NONE',  ( -0.000000000000000000, 0.000000000000000000, 1.000000000000000000 ) ) ;
#4949 = CIRCLE ( 'NONE', #741, 1.000000000000000888 ) ;
#4950 = DIRECTION ( 'NONE',  ( -1.000000000000000000, 0.000000000000000000, 0.000000000000000000 ) ) ;
#4951 = VERTEX_POINT ( 'NONE', #2611 ) ;
#4952 = DIRECTION ( 'NONE',  ( 1.000000000000000000, 0.000000000000000000, 0.000000000000000000 ) ) ;
#4953 = ORIENTED_EDGE ( 'NONE', *, *, #9, .F. ) ;
#4954 = CARTESIAN_POINT ( 'NONE',  ( -128.7355880737300140, 137.7547912597600259, 9.999999999999996447 ) ) ;
#4955 = FACE_OUTER_BOUND ( 'NONE', #2224, .T. ) ;
#4956 = VERTEX_POINT ( 'NONE', #6332 ) ;
#4957 = VERTEX_POINT ( 'NONE', #2058 ) ;
#4958 = DIRECTION ( 'NONE',  ( -0.000000000000000000, 0.000000000000000000, 1.000000000000000000 ) ) ;
#4959 = ORIENTED_EDGE ( 'NONE', *, *, #6792, .F. ) ;
#4960 = CARTESIAN_POINT ( 'NONE',  ( -127.7043685912999962, 60.13821411132799710, 0.000000000000000000 ) ) ;
#4961 = CARTESIAN_POINT ( 'NONE',  ( -157.6818843553800207, 5.006115644616000893, 0.000000000000000000 ) ) ;
#4962 = AXIS2_PLACEMENT_3D ( 'NONE', #3914, #5447, #3297 ) ;
#4963 = DIRECTION ( 'NONE',  ( -1.000000000000000000, 0.000000000000000000, 0.000000000000000000 ) ) ;
#4964 = DIRECTION ( 'NONE',  ( -0.000000000000000000, -0.000000000000000000, -1.000000000000000000 ) ) ;
#4965 = EDGE_LOOP ( 'NONE', ( #4930, #434, #1840, #6736 ) ) ;
#4966 = EDGE_LOOP ( 'NONE', ( #275, #1532, #4850, #3812 ) ) ;
#4967 = CARTESIAN_POINT ( 'NONE',  ( -49.00470733642600862, 54.66035079956099452, 0.000000000000000000 ) ) ;
#4968 = EDGE_CURVE ( 'NONE', #1393, #1863, #2541, .T. ) ;
#4969 = EDGE_CURVE ( 'NONE', #4386, #1466, #2305, .T. ) ;
#4970 = CIRCLE ( 'NONE', #1094, 1.000000000000000888 ) ;
#4971 = ORIENTED_EDGE ( 'NONE', *, *, #6410, .T. ) ;
#4972 = DIRECTION ( 'NONE',  ( 1.000000000000000000, 0.000000000000000000, 0.000000000000000000 ) ) ;
#4973 = EDGE_CURVE ( 'NONE', #4562, #5785, #5256, .T. ) ;
#4974 = AXIS2_PLACEMENT_3D ( 'NONE', #5395, #5956, #646 ) ;
#4975 = VECTOR ( 'NONE', #5349, 1000.000000000000000 ) ;
#4976 = DIRECTION ( 'NONE',  ( -0.000000000000000000, 0.000000000000000000, 1.000000000000000000 ) ) ;
#4977 = CIRCLE ( 'NONE', #2197, 1.000000000000000888 ) ;
#4978 = DIRECTION ( 'NONE',  ( -1.000000000000000000, 0.000000000000000000, 0.000000000000000000 ) ) ;
#4979 = ORIENTED_EDGE ( 'NONE', *, *, #236, .F. ) ;
#4980 = AXIS2_PLACEMENT_3D ( 'NONE', #3617, #4120, #921 ) ;
#4981 = ORIENTED_EDGE ( 'NONE', *, *, #6162, .T. ) ;
#4982 = DIRECTION ( 'NONE',  ( -0.000000000000000000, 0.000000000000000000, 1.000000000000000000 ) ) ;
#4983 = EDGE_CURVE ( 'NONE', #6035, #119, #4734, .T. ) ;
#4984 = CYLINDRICAL_SURFACE ( 'NONE', #4919, 1.000000000000000888 ) ;
#4985 = CIRCLE ( 'NONE', #1984, 1.000000000000000888 ) ;
#4986 = CARTESIAN_POINT ( 'NONE',  ( -151.0319824218700262, 137.4438476562500284, 9.999999999999996447 ) ) ;
#4987 = CIRCLE ( 'NONE', #2425, 1.000000000000000888 ) ;
#4988 = VERTEX_POINT ( 'NONE', #5158 ) ;
#4989 = ORIENTED_EDGE ( 'NONE', *, *, #1701, .T. ) ;
#4990 = LINE ( 'NONE', #240, #3283 ) ;
#4991 = AXIS2_PLACEMENT_3D ( 'NONE', #2151, #2255, #3818 ) ;
#4992 = DIRECTION ( 'NONE',  ( 1.000000000000000000, 0.000000000000000000, 0.000000000000000000 ) ) ;
#4993 = EDGE_LOOP ( 'NONE', ( #1005, #4116, #860, #5393 ) ) ;
#4994 = DIRECTION ( 'NONE',  ( -1.000000000000000000, 0.000000000000000000, 0.000000000000000000 ) ) ;
#4995 = CIRCLE ( 'NONE', #6318, 1.000000000000000888 ) ;
#4996 = AXIS2_PLACEMENT_3D ( 'NONE', #1192, #4815, #5930 ) ;
#4997 = EDGE_LOOP ( 'NONE', ( #5452, #1511 ) ) ;
#4998 = ORIENTED_EDGE ( 'NONE', *, *, #3188, .T. ) ;
#4999 = DIRECTION ( 'NONE',  ( 1.000000000000000000, 0.000000000000000000, 0.000000000000000000 ) ) ;
#5000 = ORIENTED_EDGE ( 'NONE', *, *, #355, .T. ) ;
#5001 = DIRECTION ( 'NONE',  ( -0.000000000000000000, -0.000000000000000000, -1.000000000000000000 ) ) ;
#5002 = CARTESIAN_POINT ( 'NONE',  ( 0.000000000000000000, 0.000000000000000000, 9.999999999999996447 ) ) ;
#5003 = CIRCLE ( 'NONE', #353, 1.000000000000000888 ) ;
#5004 = DIRECTION ( 'NONE',  ( -0.000000000000000000, -0.000000000000000000, -1.000000000000000000 ) ) ;
#5005 = AXIS2_PLACEMENT_3D ( 'NONE', #4656, #6151, #5078 ) ;
#5006 = CYLINDRICAL_SURFACE ( 'NONE', #4909, 1.000000000000000888 ) ;
#5007 = VERTEX_POINT ( 'NONE', #1501 ) ;
#5008 = ORIENTED_EDGE ( 'NONE', *, *, #5743, .T. ) ;
#5009 = DIRECTION ( 'NONE',  ( -1.000000000000000000, 0.000000000000000000, 0.000000000000000000 ) ) ;
#5010 = VERTEX_POINT ( 'NONE', #6843 ) ;
#5011 = CARTESIAN_POINT ( 'NONE',  ( -159.2818843553800150, 5.006115644616000893, 6.999999999999996447 ) ) ;
#5012 = CIRCLE ( 'NONE', #5676, 1.000000000000000888 ) ;
#5013 = CYLINDRICAL_SURFACE ( 'NONE', #1015, 1.000000000000000888 ) ;
#5014 = EDGE_CURVE ( 'NONE', #6297, #5588, #4539, .T. ) ;
#5015 = DIRECTION ( 'NONE',  ( -1.000000000000000000, 0.000000000000000000, 0.000000000000000000 ) ) ;
#5016 = EDGE_CURVE ( 'NONE', #2350, #1690, #5089, .T. ) ;
#5017 = DIRECTION ( 'NONE',  ( -0.000000000000000000, 0.000000000000000000, 1.000000000000000000 ) ) ;
#5018 = ORIENTED_EDGE ( 'NONE', *, *, #1108, .T. ) ;
#5019 = EDGE_CURVE ( 'NONE', #2748, #2106, #2093, .T. ) ;
#5020 = DIRECTION ( 'NONE',  ( 1.000000000000000000, 0.000000000000000000, 0.000000000000000000 ) ) ;
#5021 = CYLINDRICAL_SURFACE ( 'NONE', #6683, 1.000000000000000888 ) ;
#5022 = CARTESIAN_POINT ( 'NONE',  ( -24.73952293395999291, 132.5878753662099712, 9.999999999999996447 ) ) ;
#5023 = VERTEX_POINT ( 'NONE', #6298 ) ;
#5024 = DIRECTION ( 'NONE',  ( 1.000000000000000000, 0.000000000000000000, 0.000000000000000000 ) ) ;
#5025 = EDGE_CURVE ( 'NONE', #501, #6227, #1537, .T. ) ;
#5026 = DIRECTION ( 'NONE',  ( -0.000000000000000000, -0.000000000000000000, -1.000000000000000000 ) ) ;
#5027 = ORIENTED_EDGE ( 'NONE', *, *, #3491, .T. ) ;
#5028 = DIRECTION ( 'NONE',  ( -0.000000000000000000, -0.000000000000000000, -1.000000000000000000 ) ) ;
#5029 = CIRCLE ( 'NONE', #1243, 1.000000000000000888 ) ;
#5030 = CARTESIAN_POINT ( 'NONE',  ( -22.46797561645499997, 13.62300586700400018, 0.000000000000000000 ) ) ;
#5031 = ORIENTED_EDGE ( 'NONE', *, *, #4042, .F. ) ;
#5032 = ORIENTED_EDGE ( 'NONE', *, *, #736, .T. ) ;
#5033 = DIRECTION ( 'NONE',  ( 1.000000000000000000, 0.000000000000000000, 0.000000000000000000 ) ) ;
#5034 = ORIENTED_EDGE ( 'NONE', *, *, #1835, .F. ) ;
#5035 = DIRECTION ( 'NONE',  ( -0.000000000000000000, 0.000000000000000000, 1.000000000000000000 ) ) ;
#5036 = FACE_BOUND ( 'NONE', #80, .T. ) ;
#5037 = AXIS2_PLACEMENT_3D ( 'NONE', #6230, #2846, #1250 ) ;
#5038 = CARTESIAN_POINT ( 'NONE',  ( -112.9858016967699825, 121.3684310913000246, 9.999999999999996447 ) ) ;
#5039 = CARTESIAN_POINT ( 'NONE',  ( -154.2821044921799967, 134.9038391113200248, 9.999999999999996447 ) ) ;
#5040 = ORIENTED_EDGE ( 'NONE', *, *, #5139, .F. ) ;
#5041 = ORIENTED_EDGE ( 'NONE', *, *, #5275, .T. ) ;
#5042 = CARTESIAN_POINT ( 'NONE',  ( -70.05499267578099420, 12.13757514953599959, 9.999999999999996447 ) ) ;
#5043 = AXIS2_PLACEMENT_3D ( 'NONE', #1740, #5422, #6432 ) ;
#5044 = EDGE_LOOP ( 'NONE', ( #3628, #2021 ) ) ;
#5045 = DIRECTION ( 'NONE',  ( -0.000000000000000000, 0.000000000000000000, 1.000000000000000000 ) ) ;
#5046 = DIRECTION ( 'NONE',  ( -0.000000000000000000, -0.000000000000000000, -1.000000000000000000 ) ) ;
#5047 = DIRECTION ( 'NONE',  ( -0.000000000000000000, -0.000000000000000000, -1.000000000000000000 ) ) ;
#5048 = DIRECTION ( 'NONE',  ( -0.000000000000000000, 0.000000000000000000, 1.000000000000000000 ) ) ;
#5049 = ORIENTED_EDGE ( 'NONE', *, *, #4495, .F. ) ;
#5050 = CARTESIAN_POINT ( 'NONE',  ( -153.0663909912100280, 93.55554199218801159, 9.999999999999996447 ) ) ;
#5051 = DIRECTION ( 'NONE',  ( -0.000000000000000000, -0.000000000000000000, -1.000000000000000000 ) ) ;
#5052 = EDGE_CURVE ( 'NONE', #1086, #5205, #504, .T. ) ;
#5053 = DIRECTION ( 'NONE',  ( -0.000000000000000000, -0.000000000000000000, -1.000000000000000000 ) ) ;
#5054 = CIRCLE ( 'NONE', #2056, 1.000000000000000888 ) ;
#5055 = VERTEX_POINT ( 'NONE', #19 ) ;
#5056 = DIRECTION ( 'NONE',  ( -1.000000000000000000, 0.000000000000000000, 0.000000000000000000 ) ) ;
#5057 = CARTESIAN_POINT ( 'NONE',  ( -24.73952293395999291, 132.5878753662099712, 0.000000000000000000 ) ) ;
#5058 = ORIENTED_EDGE ( 'NONE', *, *, #4382, .F. ) ;
#5059 = DIRECTION ( 'NONE',  ( -0.000000000000000000, 0.000000000000000000, 1.000000000000000000 ) ) ;
#5060 = AXIS2_PLACEMENT_3D ( 'NONE', #4732, #2088, #3130 ) ;
#5061 = EDGE_CURVE ( 'NONE', #5121, #1787, #3205, .T. ) ;
#5062 = EDGE_CURVE ( 'NONE', #1653, #1879, #4803, .T. ) ;
#5063 = EDGE_CURVE ( 'NONE', #3644, #1072, #1651, .T. ) ;
#5064 = AXIS2_PLACEMENT_3D ( 'NONE', #2321, #3437, #5009 ) ;
#5065 = ORIENTED_EDGE ( 'NONE', *, *, #5139, .T. ) ;
#5066 = ORIENTED_EDGE ( 'NONE', *, *, #1109, .F. ) ;
#5067 = CYLINDRICAL_SURFACE ( 'NONE', #858, 1.000000000000000888 ) ;
#5068 = VERTEX_POINT ( 'NONE', #5328 ) ;
#5069 = DIRECTION ( 'NONE',  ( 1.000000000000000000, 0.000000000000000000, 0.000000000000000000 ) ) ;
#5070 = PRODUCT_DEFINITION ( 'Êú', '', #6782, #2965 ) ;
#5071 = FACE_BOUND ( 'NONE', #4254, .T. ) ;
#5072 = DIRECTION ( 'NONE',  ( 1.000000000000000000, 0.000000000000000000, 0.000000000000000000 ) ) ;
#5073 = ORIENTED_EDGE ( 'NONE', *, *, #55, .T. ) ;
#5074 = EDGE_LOOP ( 'NONE', ( #1533, #837, #4182, #6654 ) ) ;
#5075 = DIRECTION ( 'NONE',  ( -1.000000000000000000, 0.000000000000000000, 0.000000000000000000 ) ) ;
#5076 = ORIENTED_EDGE ( 'NONE', *, *, #106, .T. ) ;
#5077 = CYLINDRICAL_SURFACE ( 'NONE', #6815, 1.000000000000000888 ) ;
#5078 = DIRECTION ( 'NONE',  ( 1.000000000000000000, 0.000000000000000000, 0.000000000000000000 ) ) ;
#5079 = AXIS2_PLACEMENT_3D ( 'NONE', #4680, #5866, #2040 ) ;
#5080 = CARTESIAN_POINT ( 'NONE',  ( -15.63240926640897399, 158.7275907335900058, 6.999999999999996447 ) ) ;
#5081 = CARTESIAN_POINT ( 'NONE',  ( -17.23240926640897186, 158.7275907335900058, 0.000000000000000000 ) ) ;
#5082 = ORIENTED_EDGE ( 'NONE', *, *, #5958, .F. ) ;
#5083 = AXIS2_PLACEMENT_3D ( 'NONE', #573, #3787, #3238 ) ;
#5084 = DIRECTION ( 'NONE',  ( 1.000000000000000000, 0.000000000000000000, 0.000000000000000000 ) ) ;
#5085 = DIRECTION ( 'NONE',  ( 1.000000000000000000, 0.000000000000000000, 0.000000000000000000 ) ) ;
#5086 = AXIS2_PLACEMENT_3D ( 'NONE', #5294, #2062, #4777 ) ;
#5087 = DIRECTION ( 'NONE',  ( -0.000000000000000000, 0.000000000000000000, 1.000000000000000000 ) ) ;
#5088 = AXIS2_PLACEMENT_3D ( 'NONE', #4746, #588, #5490 ) ;
#5089 = CIRCLE ( 'NONE', #2867, 1.000000000000000888 ) ;
#5090 = EDGE_LOOP ( 'NONE', ( #6767, #154, #4392, #2446 ) ) ;
#5091 = DIRECTION ( 'NONE',  ( -0.000000000000000000, 0.000000000000000000, 1.000000000000000000 ) ) ;
#5092 = ORIENTED_EDGE ( 'NONE', *, *, #4005, .T. ) ;
#5093 = CARTESIAN_POINT ( 'NONE',  ( -106.6696853637699718, 141.4692840576099968, 9.999999999999996447 ) ) ;
#5094 = CIRCLE ( 'NONE', #2868, 1.000000000000000888 ) ;
#5095 = CIRCLE ( 'NONE', #2870, 1.000000000000000888 ) ;
#5096 = EDGE_CURVE ( 'NONE', #2701, #4493, #4645, .T. ) ;
#5097 = CYLINDRICAL_SURFACE ( 'NONE', #4864, 1.000000000000000888 ) ;
#5098 = EDGE_CURVE ( 'NONE', #6035, #4454, #110, .T. ) ;
#5099 = VERTEX_POINT ( 'NONE', #211 ) ;
#5100 = AXIS2_PLACEMENT_3D ( 'NONE', #2142, #6381, #2728 ) ;
#5101 = CARTESIAN_POINT ( 'NONE',  ( -25.67391777038599443, 103.9396057128900139, 9.999999999999996447 ) ) ;
#5102 = VERTEX_POINT ( 'NONE', #252 ) ;
#5103 = DIRECTION ( 'NONE',  ( -0.000000000000000000, -0.000000000000000000, -1.000000000000000000 ) ) ;
#5104 = VERTEX_POINT ( 'NONE', #3884 ) ;
#5105 = ADVANCED_FACE ( 'NONE', ( #1125 ), #2155, .F. ) ;
#5106 = CARTESIAN_POINT ( 'NONE',  ( -152.0351562500000284, 10.85895442962599766, 9.999999999999996447 ) ) ;
#5107 = FACE_BOUND ( 'NONE', #248, .T. ) ;
#5108 = AXIS2_PLACEMENT_3D ( 'NONE', #5398, #6402, #683 ) ;
#5109 = DIRECTION ( 'NONE',  ( -0.000000000000000000, -0.000000000000000000, -1.000000000000000000 ) ) ;
#5110 = EDGE_CURVE ( 'NONE', #5778, #5221, #3319, .T. ) ;
#5111 = AXIS2_PLACEMENT_3D ( 'NONE', #2705, #5417, #3789 ) ;
#5112 = DIRECTION ( 'NONE',  ( -0.000000000000000000, -0.000000000000000000, -1.000000000000000000 ) ) ;
#5113 = ORIENTED_EDGE ( 'NONE', *, *, #777, .T. ) ;
#5114 = VERTEX_POINT ( 'NONE', #4327 ) ;
#5115 = DIRECTION ( 'NONE',  ( -0.000000000000000000, -0.000000000000000000, -1.000000000000000000 ) ) ;
#5116 = FACE_BOUND ( 'NONE', #3153, .T. ) ;
#5117 = LINE ( 'NONE', #4617, #358 ) ;
#5118 = VECTOR ( 'NONE', #5229, 1000.000000000000000 ) ;
#5119 = DIRECTION ( 'NONE',  ( 1.000000000000000000, 0.000000000000000000, 0.000000000000000000 ) ) ;
#5120 = ORIENTED_EDGE ( 'NONE', *, *, #1661, .T. ) ;
#5121 = VERTEX_POINT ( 'NONE', #3754 ) ;
#5122 = ORIENTED_EDGE ( 'NONE', *, *, #6029, .F. ) ;
#5123 = DIRECTION ( 'NONE',  ( -0.000000000000000000, 0.000000000000000000, 1.000000000000000000 ) ) ;
#5124 = FACE_OUTER_BOUND ( 'NONE', #803, .T. ) ;
#5125 = FACE_OUTER_BOUND ( 'NONE', #1761, .T. ) ;
#5126 = CIRCLE ( 'NONE', #3673, 1.000000000000000888 ) ;
#5127 = DIRECTION ( 'NONE',  ( 1.000000000000000000, 0.000000000000000000, 0.000000000000000000 ) ) ;
#5128 = ORIENTED_EDGE ( 'NONE', *, *, #1784, .T. ) ;
#5129 = DIRECTION ( 'NONE',  ( 1.000000000000000000, 0.000000000000000000, 0.000000000000000000 ) ) ;
#5130 = VERTEX_POINT ( 'NONE', #2709 ) ;
#5131 = DIRECTION ( 'NONE',  ( -0.000000000000000000, -0.000000000000000000, -1.000000000000000000 ) ) ;
#5132 = DIRECTION ( 'NONE',  ( 1.000000000000000000, 0.000000000000000000, 0.000000000000000000 ) ) ;
#5133 = VERTEX_POINT ( 'NONE', #2384 ) ;
#5134 = ORIENTED_EDGE ( 'NONE', *, *, #6741, .F. ) ;
#5135 = CARTESIAN_POINT ( 'NONE',  ( -159.2835907335899606, 158.7275907335900058, 9.999999999999996447 ) ) ;
#5136 = EDGE_LOOP ( 'NONE', ( #798, #6238 ) ) ;
#5137 = CARTESIAN_POINT ( 'NONE',  ( -21.51480865478498572, 130.0478668212800244, 0.000000000000000000 ) ) ;
#5138 = DIRECTION ( 'NONE',  ( -0.000000000000000000, 0.000000000000000000, 1.000000000000000000 ) ) ;
#5139 = EDGE_CURVE ( 'NONE', #1249, #2568, #2874, .T. ) ;
#5140 = EDGE_CURVE ( 'NONE', #6297, #5778, #1833, .T. ) ;
#5141 = CARTESIAN_POINT ( 'NONE',  ( -154.2410888671799682, 101.1755599975499820, 9.999999999999996447 ) ) ;
#5142 = LINE ( 'NONE', #1519, #3024 ) ;
#5143 = VERTEX_POINT ( 'NONE', #3243 ) ;
#5144 = ORIENTED_EDGE ( 'NONE', *, *, #6580, .T. ) ;
#5145 = DIRECTION ( 'NONE',  ( 0.000000000000000000, 0.000000000000000000, 1.000000000000000000 ) ) ;
#5146 = CIRCLE ( 'NONE', #495, 1.000000000000000888 ) ;
#5147 = DIRECTION ( 'NONE',  ( -1.000000000000000000, 0.000000000000000000, 0.000000000000000000 ) ) ;
#5148 = EDGE_CURVE ( 'NONE', #4951, #2904, #1308, .T. ) ;
#5149 = ADVANCED_FACE ( 'NONE', ( #2908 ), #4836, .F. ) ;
#5150 = LINE ( 'NONE', #3056, #1127 ) ;
#5151 = EDGE_CURVE ( 'NONE', #488, #4643, #451, .T. ) ;
#5152 = AXIS2_PLACEMENT_3D ( 'NONE', #708, #2815, #191 ) ;
#5153 = CARTESIAN_POINT ( 'NONE',  ( -22.49919891357400559, 91.23958587646500007, 9.999999999999996447 ) ) ;
#5154 = DIRECTION ( 'NONE',  ( -0.000000000000000000, -0.000000000000000000, -1.000000000000000000 ) ) ;
#5155 = VERTEX_POINT ( 'NONE', #6619 ) ;
#5156 = ORIENTED_EDGE ( 'NONE', *, *, #1745, .F. ) ;
#5157 = ORIENTED_EDGE ( 'NONE', *, *, #3660, .F. ) ;
#5158 = CARTESIAN_POINT ( 'NONE',  ( -23.65830802917498588, 65.13131713867201711, 0.000000000000000000 ) ) ;
#5159 = DIRECTION ( 'NONE',  ( -1.000000000000000000, 0.000000000000000000, 0.000000000000000000 ) ) ;
#5160 = DIRECTION ( 'NONE',  ( 1.000000000000000000, 0.000000000000000000, 0.000000000000000000 ) ) ;
#5161 = ORIENTED_EDGE ( 'NONE', *, *, #3274, .T. ) ;
#5162 = DIRECTION ( 'NONE',  ( -0.000000000000000000, 0.000000000000000000, 1.000000000000000000 ) ) ;
#5163 = DIRECTION ( 'NONE',  ( 1.000000000000000000, 0.000000000000000000, 0.000000000000000000 ) ) ;
#5164 = VECTOR ( 'NONE', #5248, 1000.000000000000000 ) ;
#5165 = DIRECTION ( 'NONE',  ( -0.000000000000000000, 0.000000000000000000, 1.000000000000000000 ) ) ;
#5166 = VERTEX_POINT ( 'NONE', #5476 ) ;
#5167 = ORIENTED_EDGE ( 'NONE', *, *, #4300, .F. ) ;
#5168 = DIRECTION ( 'NONE',  ( -0.000000000000000000, 0.000000000000000000, 1.000000000000000000 ) ) ;
#5169 = VERTEX_POINT ( 'NONE', #2351 ) ;
#5170 = DIRECTION ( 'NONE',  ( -0.000000000000000000, -0.000000000000000000, -1.000000000000000000 ) ) ;
#5171 = AXIS2_PLACEMENT_3D ( 'NONE', #6218, #943, #4033 ) ;
#5172 = DIRECTION ( 'NONE',  ( 1.000000000000000000, 0.000000000000000000, 0.000000000000000000 ) ) ;
#5173 = DIRECTION ( 'NONE',  ( 1.000000000000000000, 0.000000000000000000, 0.000000000000000000 ) ) ;
#5174 = ORIENTED_EDGE ( 'NONE', *, *, #525, .T. ) ;
#5175 = VERTEX_POINT ( 'NONE', #2834 ) ;
#5176 = FACE_OUTER_BOUND ( 'NONE', #1482, .T. ) ;
#5177 = AXIS2_PLACEMENT_3D ( 'NONE', #1292, #887, #817 ) ;
#5178 = DIRECTION ( 'NONE',  ( -0.000000000000000000, 0.000000000000000000, 1.000000000000000000 ) ) ;
#5179 = CARTESIAN_POINT ( 'NONE',  ( -49.02031707763698876, 93.46864318847700304, 0.000000000000000000 ) ) ;
#5180 = DIRECTION ( 'NONE',  ( 0.000000000000000000, 0.000000000000000000, 1.000000000000000000 ) ) ;
#5181 = EDGE_LOOP ( 'NONE', ( #167, #5034 ) ) ;
#5182 = EDGE_CURVE ( 'NONE', #3332, #2851, #5095, .T. ) ;
#5183 = ORIENTED_EDGE ( 'NONE', *, *, #4968, .T. ) ;
#5184 = DIRECTION ( 'NONE',  ( -0.000000000000000000, -0.000000000000000000, -1.000000000000000000 ) ) ;
#5185 = EDGE_CURVE ( 'NONE', #4598, #327, #6751, .T. ) ;
#5186 = ORIENTED_EDGE ( 'NONE', *, *, #6246, .T. ) ;
#5187 = DIRECTION ( 'NONE',  ( -0.000000000000000000, -0.000000000000000000, -1.000000000000000000 ) ) ;
#5188 = CARTESIAN_POINT ( 'NONE',  ( -152.0820007324199992, 132.3638305663999688, 9.999999999999996447 ) ) ;
#5189 = EDGE_CURVE ( 'NONE', #5785, #135, #5423, .T. ) ;
#5190 = AXIS2_PLACEMENT_3D ( 'NONE', #3125, #633, #2180 ) ;
#5191 = CARTESIAN_POINT ( 'NONE',  ( -70.05499267578099420, 12.13757514953599959, 0.000000000000000000 ) ) ;
#5192 = AXIS2_PLACEMENT_3D ( 'NONE', #5943, #77, #3334 ) ;
#5193 = ORIENTED_EDGE ( 'NONE', *, *, #1791, .T. ) ;
#5194 = EDGE_CURVE ( 'NONE', #4605, #6487, #3390, .T. ) ;
#5195 = VECTOR ( 'NONE', #6379, 1000.000000000000000 ) ;
#5196 = CARTESIAN_POINT ( 'NONE',  ( -71.05499267578099420, 12.13757514953599959, 9.999999999999996447 ) ) ;
#5197 = CYLINDRICAL_SURFACE ( 'NONE', #3110, 3.000000000000002665 ) ;
#5198 = CIRCLE ( 'NONE', #5754, 1.000000000000000888 ) ;
#5199 = VECTOR ( 'NONE', #3864, 1000.000000000000000 ) ;
#5200 = DIRECTION ( 'NONE',  ( -0.000000000000000000, 0.000000000000000000, 1.000000000000000000 ) ) ;
#5201 = VERTEX_POINT ( 'NONE', #4608 ) ;
#5202 = CIRCLE ( 'NONE', #108, 1.000000000000000888 ) ;
#5203 = EDGE_LOOP ( 'NONE', ( #2004, #2650 ) ) ;
#5204 = CYLINDRICAL_SURFACE ( 'NONE', #5079, 1.000000000000000888 ) ;
#5205 = VERTEX_POINT ( 'NONE', #5689 ) ;
#5206 = CARTESIAN_POINT ( 'NONE',  ( -62.73888397216798296, 32.23841857910200304, 9.999999999999996447 ) ) ;
#5207 = AXIS2_PLACEMENT_3D ( 'NONE', #1570, #1470, #4625 ) ;
#5208 = CIRCLE ( 'NONE', #6848, 1.000000000000000888 ) ;
#5209 = FACE_BOUND ( 'NONE', #3732, .T. ) ;
#5210 = DIRECTION ( 'NONE',  ( -0.000000000000000000, 0.000000000000000000, 1.000000000000000000 ) ) ;
#5211 = ORIENTED_EDGE ( 'NONE', *, *, #5786, .T. ) ;
#5212 = VERTEX_POINT ( 'NONE', #2521 ) ;
#5213 = CARTESIAN_POINT ( 'NONE',  ( -153.0507659912100280, 54.74725341796900580, 9.999999999999996447 ) ) ;
#5214 = CARTESIAN_POINT ( 'NONE',  ( -105.4783020019499986, 12.88201141357400026, 0.000000000000000000 ) ) ;
#5215 = CIRCLE ( 'NONE', #5100, 1.599999999999990319 ) ;
#5216 = FACE_OUTER_BOUND ( 'NONE', #5419, .T. ) ;
#5217 = CARTESIAN_POINT ( 'NONE',  ( -105.5095214843699836, 90.49858856201201718, 9.999999999999996447 ) ) ;
#5218 = CIRCLE ( 'NONE', #570, 1.000000000000000888 ) ;
#5219 = DIRECTION ( 'NONE',  ( 1.000000000000000000, 0.000000000000000000, 0.000000000000000000 ) ) ;
#5220 = EDGE_LOOP ( 'NONE', ( #4075, #3256 ) ) ;
#5221 = VERTEX_POINT ( 'NONE', #5137 ) ;
#5222 = CARTESIAN_POINT ( 'NONE',  ( -22.48358726501501081, 52.43129348754900576, 0.000000000000000000 ) ) ;
#5223 = ORIENTED_EDGE ( 'NONE', *, *, #1524, .T. ) ;
#5224 = DIRECTION ( 'NONE',  ( -0.000000000000000000, 0.000000000000000000, 1.000000000000000000 ) ) ;
#5225 = CARTESIAN_POINT ( 'NONE',  ( -104.5095214843699836, 90.49858856201201718, 9.999999999999996447 ) ) ;
#5226 = AXIS2_PLACEMENT_3D ( 'NONE', #6641, #5053, #302 ) ;
#5227 = ADVANCED_FACE ( 'NONE', ( #4578 ), #2009, .F. ) ;
#5228 = EDGE_CURVE ( 'NONE', #3029, #4607, #459, .T. ) ;
#5229 = DIRECTION ( 'NONE',  ( 1.000000000000000000, 0.000000000000000000, 0.000000000000000000 ) ) ;
#5230 = EDGE_CURVE ( 'NONE', #4198, #1889, #5319, .T. ) ;
#5231 = ORIENTED_EDGE ( 'NONE', *, *, #5096, .F. ) ;
#5232 = AXIS2_PLACEMENT_3D ( 'NONE', #5389, #4807, #2746 ) ;
#5233 = DIRECTION ( 'NONE',  ( -1.000000000000000000, 0.000000000000000000, 0.000000000000000000 ) ) ;
#5234 = DIRECTION ( 'NONE',  ( -0.000000000000000000, -0.000000000000000000, -1.000000000000000000 ) ) ;
#5235 = EDGE_CURVE ( 'NONE', #2071, #3503, #3, .T. ) ;
#5236 = EDGE_CURVE ( 'NONE', #2319, #5175, #936, .T. ) ;
#5237 = DIRECTION ( 'NONE',  ( -0.000000000000000000, -0.000000000000000000, -1.000000000000000000 ) ) ;
#5238 = EDGE_LOOP ( 'NONE', ( #3075, #674, #280, #1520 ) ) ;
#5239 = ORIENTED_EDGE ( 'NONE', *, *, #6499, .T. ) ;
#5240 = DIRECTION ( 'NONE',  ( 1.000000000000000000, 0.000000000000000000, 0.000000000000000000 ) ) ;
#5241 = ORIENTED_EDGE ( 'NONE', *, *, #5912, .F. ) ;
#5242 = DIRECTION ( 'NONE',  ( 1.000000000000000000, 0.000000000000000000, 0.000000000000000000 ) ) ;
#5243 = FACE_BOUND ( 'NONE', #2415, .T. ) ;
#5244 = CARTESIAN_POINT ( 'NONE',  ( -14.03240926640897612, 158.7275907335900058, 6.999999999999996447 ) ) ;
#5245 = ORIENTED_EDGE ( 'NONE', *, *, #2166, .F. ) ;
#5246 = ORIENTED_EDGE ( 'NONE', *, *, #4355, .T. ) ;
#5247 = DIRECTION ( 'NONE',  ( 1.000000000000000000, 0.000000000000000000, 0.000000000000000000 ) ) ;
#5248 = DIRECTION ( 'NONE',  ( -0.000000000000000000, -0.000000000000000000, -1.000000000000000000 ) ) ;
#5249 = VECTOR ( 'NONE', #665, 1000.000000000000000 ) ;
#5250 = CARTESIAN_POINT ( 'NONE',  ( -25.65830802917500009, 60.05131149291999293, 9.999999999999996447 ) ) ;
#5251 = DIRECTION ( 'NONE',  ( 1.000000000000000000, 0.000000000000000000, 0.000000000000000000 ) ) ;
#5252 = ORIENTED_EDGE ( 'NONE', *, *, #394, .T. ) ;
#5253 = VERTEX_POINT ( 'NONE', #864 ) ;
#5254 = CARTESIAN_POINT ( 'NONE',  ( -154.2567138671799967, 139.9838409423799988, 0.000000000000000000 ) ) ;
#5255 = VERTEX_POINT ( 'NONE', #2487 ) ;
#5256 = LINE ( 'NONE', #6779, #664 ) ;
#5257 = CARTESIAN_POINT ( 'NONE',  ( -106.6540756225499820, 102.6609878540000125, 9.999999999999996447 ) ) ;
#5258 = DIRECTION ( 'NONE',  ( -0.000000000000000000, 0.000000000000000000, 1.000000000000000000 ) ) ;
#5259 = DIRECTION ( 'NONE',  ( -0.000000000000000000, 0.000000000000000000, 1.000000000000000000 ) ) ;
#5260 = ORIENTED_EDGE ( 'NONE', *, *, #4933, .F. ) ;
#5261 = DIRECTION ( 'NONE',  ( -0.000000000000000000, 0.000000000000000000, 1.000000000000000000 ) ) ;
#5262 = ADVANCED_FACE ( 'NONE', ( #1905 ), #5582, .F. ) ;
#5263 = CARTESIAN_POINT ( 'NONE',  ( -155.2352752685500263, 18.47896957397500017, 9.999999999999996447 ) ) ;
#5264 = CYLINDRICAL_SURFACE ( 'NONE', #4884, 1.000000000000000888 ) ;
#5265 = CARTESIAN_POINT ( 'NONE',  ( -25.70830154418900193, 54.97129821777300407, 9.999999999999996447 ) ) ;
#5266 = DIRECTION ( 'NONE',  ( -1.000000000000000000, 0.000000000000000000, 0.000000000000000000 ) ) ;
#5267 = VERTEX_POINT ( 'NONE', #317 ) ;
#5268 = VERTEX_POINT ( 'NONE', #5618 ) ;
#5269 = ADVANCED_FACE ( 'NONE', ( #1483 ), #4059, .F. ) ;
#5270 = DIRECTION ( 'NONE',  ( -0.000000000000000000, 0.000000000000000000, 1.000000000000000000 ) ) ;
#5271 = EDGE_CURVE ( 'NONE', #3997, #3796, #6655, .T. ) ;
#5272 = ORIENTED_EDGE ( 'NONE', *, *, #2295, .F. ) ;
#5273 = DIRECTION ( 'NONE',  ( 1.000000000000000000, 0.000000000000000000, 0.000000000000000000 ) ) ;
#5274 = CIRCLE ( 'NONE', #176, 1.000000000000000888 ) ;
#5275 = EDGE_CURVE ( 'NONE', #6304, #1551, #116, .T. ) ;
#5276 = AXIS2_PLACEMENT_3D ( 'NONE', #60, #1414, #387 ) ;
#5277 = FACE_BOUND ( 'NONE', #4568, .T. ) ;
#5278 = ORIENTED_EDGE ( 'NONE', *, *, #4462, .F. ) ;
#5279 = ORIENTED_EDGE ( 'NONE', *, *, #3956, .F. ) ;
#5280 = CARTESIAN_POINT ( 'NONE',  ( -127.6887512206999986, 21.32992744445799715, 9.999999999999996447 ) ) ;
#5281 = ADVANCED_FACE ( 'NONE', ( #6762 ), #6688, .F. ) ;
#5282 = CARTESIAN_POINT ( 'NONE',  ( -70.10182952880897744, 128.5624389648399983, 9.999999999999996447 ) ) ;
#5283 = DIRECTION ( 'NONE',  ( 1.000000000000000000, 0.000000000000000000, 0.000000000000000000 ) ) ;
#5284 = CIRCLE ( 'NONE', #76, 1.000000000000000888 ) ;
#5285 = LINE ( 'NONE', #3095, #1549 ) ;
#5286 = VERTEX_POINT ( 'NONE', #6176 ) ;
#5287 = ORIENTED_EDGE ( 'NONE', *, *, #3688, .F. ) ;
#5288 = FACE_OUTER_BOUND ( 'NONE', #5688, .T. ) ;
#5289 = EDGE_LOOP ( 'NONE', ( #1901, #3819 ) ) ;
#5290 = CARTESIAN_POINT ( 'NONE',  ( -152.0462188720700283, 15.76586341857899853, 0.000000000000000000 ) ) ;
#5291 = DIRECTION ( 'NONE',  ( -1.000000000000000000, 0.000000000000000000, 0.000000000000000000 ) ) ;
#5292 = LINE ( 'NONE', #2647, #4666 ) ;
#5293 = VERTEX_POINT ( 'NONE', #6244 ) ;
#5294 = CARTESIAN_POINT ( 'NONE',  ( -154.2508850097599691, 57.28725814819298989, 9.999999999999996447 ) ) ;
#5295 = SURFACE_STYLE_FILL_AREA ( #1508 ) ;
#5296 = CIRCLE ( 'NONE', #2292, 1.000000000000000888 ) ;
#5297 = DIRECTION ( 'NONE',  ( -0.000000000000000000, 0.000000000000000000, 1.000000000000000000 ) ) ;
#5298 = CARTESIAN_POINT ( 'NONE',  ( -159.2818843553800150, 5.006115644616000893, 6.999999999999996447 ) ) ;
#5299 = AXIS2_PLACEMENT_3D ( 'NONE', #5998, #6480, #5403 ) ;
#5300 = DIRECTION ( 'NONE',  ( -0.000000000000000000, 0.000000000000000000, 1.000000000000000000 ) ) ;
#5301 = ORIENTED_EDGE ( 'NONE', *, *, #4174, .F. ) ;
#5302 = ORIENTED_EDGE ( 'NONE', *, *, #1032, .T. ) ;
#5303 = CYLINDRICAL_SURFACE ( 'NONE', #95, 1.000000000000000888 ) ;
#5304 = CIRCLE ( 'NONE', #4090, 1.000000000000000888 ) ;
#5305 = EDGE_LOOP ( 'NONE', ( #2288, #4264 ) ) ;
#5306 = FACE_OUTER_BOUND ( 'NONE', #3879, .T. ) ;
#5307 = EDGE_CURVE ( 'NONE', #6180, #4678, #1548, .T. ) ;
#5308 = EDGE_CURVE ( 'NONE', #1926, #5485, #3530, .T. ) ;
#5309 = AXIS2_PLACEMENT_3D ( 'NONE', #845, #2957, #332 ) ;
#5310 = ADVANCED_FACE ( 'NONE', ( #3014 ), #3079, .F. ) ;
#5311 = AXIS2_PLACEMENT_3D ( 'NONE', #3585, #5187, #1603 ) ;
#5312 = CARTESIAN_POINT ( 'NONE',  ( -50.02031707763698876, 93.46864318847700304, 0.000000000000000000 ) ) ;
#5313 = ORIENTED_EDGE ( 'NONE', *, *, #139, .T. ) ;
#5314 = EDGE_LOOP ( 'NONE', ( #606, #1345 ) ) ;
#5315 = DIRECTION ( 'NONE',  ( -0.000000000000000000, -0.000000000000000000, -1.000000000000000000 ) ) ;
#5316 = AXIS2_PLACEMENT_3D ( 'NONE', #2673, #2085, #5251 ) ;
#5317 = FACE_BOUND ( 'NONE', #912, .T. ) ;
#5318 = CIRCLE ( 'NONE', #331, 1.000000000000000888 ) ;
#5319 = CIRCLE ( 'NONE', #5425, 1.000000000000000888 ) ;
#5320 = EDGE_CURVE ( 'NONE', #378, #3752, #1432, .T. ) ;
#5321 = CARTESIAN_POINT ( 'NONE',  ( -114.9858016967699825, 121.3684310913000246, 9.999999999999996447 ) ) ;
#5322 = FACE_OUTER_BOUND ( 'NONE', #919, .T. ) ;
#5323 = ORIENTED_EDGE ( 'NONE', *, *, #3523, .T. ) ;
#5324 = ORIENTED_EDGE ( 'NONE', *, *, #1024, .F. ) ;
#5325 = FACE_OUTER_BOUND ( 'NONE', #6141, .T. ) ;
#5326 = VECTOR ( 'NONE', #138, 1000.000000000000000 ) ;
#5327 = ORIENTED_EDGE ( 'NONE', *, *, #3777, .T. ) ;
#5328 = CARTESIAN_POINT ( 'NONE',  ( -155.2664947509699971, 91.01554107666001414, 0.000000000000000000 ) ) ;
#5329 = DIRECTION ( 'NONE',  ( -0.000000000000000000, -0.000000000000000000, -1.000000000000000000 ) ) ;
#5330 = DIRECTION ( 'NONE',  ( -0.000000000000000000, 0.000000000000000000, 1.000000000000000000 ) ) ;
#5331 = CARTESIAN_POINT ( 'NONE',  ( -151.0663909912099996, 88.47553253173801124, 0.000000000000000000 ) ) ;
#5332 = ORIENTED_EDGE ( 'NONE', *, *, #4081, .F. ) ;
#5333 = CARTESIAN_POINT ( 'NONE',  ( -106.6540756225499820, 102.6609878540000125, 9.999999999999996447 ) ) ;
#5334 = LINE ( 'NONE', #3764, #2836 ) ;
#5335 = FACE_OUTER_BOUND ( 'NONE', #2068, .T. ) ;
#5336 = AXIS2_PLACEMENT_3D ( 'NONE', #1227, #4915, #3345 ) ;
#5337 = DIRECTION ( 'NONE',  ( 1.000000000000000000, 0.000000000000000000, 0.000000000000000000 ) ) ;
#5338 = DIRECTION ( 'NONE',  ( -0.000000000000000000, 0.000000000000000000, 1.000000000000000000 ) ) ;
#5339 = CIRCLE ( 'NONE', #4013, 1.000000000000000888 ) ;
#5340 = FACE_OUTER_BOUND ( 'NONE', #4853, .T. ) ;
#5341 = ORIENTED_EDGE ( 'NONE', *, *, #6001, .F. ) ;
#5342 = ORIENTED_EDGE ( 'NONE', *, *, #310, .F. ) ;
#5343 = LINE ( 'NONE', #457, #6079 ) ;
#5344 = ORIENTED_EDGE ( 'NONE', *, *, #1361, .F. ) ;
#5345 = DIRECTION ( 'NONE',  ( 1.128484796917769133E-17, 1.000000000000000000, 0.000000000000000000 ) ) ;
#5346 = EDGE_LOOP ( 'NONE', ( #4310, #5844, #631, #3228 ) ) ;
#5347 = DIRECTION ( 'NONE',  ( 1.000000000000000000, 0.000000000000000000, 0.000000000000000000 ) ) ;
#5348 = ORIENTED_EDGE ( 'NONE', *, *, #5511, .F. ) ;
#5349 = DIRECTION ( 'NONE',  ( -0.000000000000000000, -0.000000000000000000, -1.000000000000000000 ) ) ;
#5350 = EDGE_CURVE ( 'NONE', #5155, #1305, #224, .T. ) ;
#5351 = FACE_BOUND ( 'NONE', #1823, .T. ) ;
#5352 = CARTESIAN_POINT ( 'NONE',  ( -151.0507659912100280, 54.74725341796900580, 0.000000000000000000 ) ) ;
#5353 = DIRECTION ( 'NONE',  ( -0.000000000000000000, 0.000000000000000000, 1.000000000000000000 ) ) ;
#5354 = ORIENTED_EDGE ( 'NONE', *, *, #2800, .T. ) ;
#5355 = ORIENTED_EDGE ( 'NONE', *, *, #2252, .F. ) ;
#5356 = CARTESIAN_POINT ( 'NONE',  ( -128.7199783325199860, 98.94650268554700290, 9.999999999999996447 ) ) ;
#5357 = DIRECTION ( 'NONE',  ( -0.000000000000000000, -0.000000000000000000, -1.000000000000000000 ) ) ;
#5358 = EDGE_CURVE ( 'NONE', #126, #3571, #1516, .T. ) ;
#5359 = CIRCLE ( 'NONE', #5575, 1.000000000000000888 ) ;
#5360 = EDGE_CURVE ( 'NONE', #918, #3180, #4987, .T. ) ;
#5361 = DIRECTION ( 'NONE',  ( -0.000000000000000000, -0.000000000000000000, -1.000000000000000000 ) ) ;
#5362 = EDGE_CURVE ( 'NONE', #3790, #3260, #2696, .T. ) ;
#5363 = CARTESIAN_POINT ( 'NONE',  ( -152.0820007324199992, 127.2838211059499685, 9.999999999999996447 ) ) ;
#5364 = CIRCLE ( 'NONE', #6798, 3.000000000000002665 ) ;
#5365 = ORIENTED_EDGE ( 'NONE', *, *, #1492, .F. ) ;
#5366 = CARTESIAN_POINT ( 'NONE',  ( -155.2352752685499979, 13.39896011352499627, 9.999999999999996447 ) ) ;
#5367 = EDGE_CURVE ( 'NONE', #4562, #3704, #4104, .T. ) ;
#5368 = DIRECTION ( 'NONE',  ( 1.000000000000000000, 0.000000000000000000, 0.000000000000000000 ) ) ;
#5369 = AXIS2_PLACEMENT_3D ( 'NONE', #1333, #5051, #5159 ) ;
#5370 = CARTESIAN_POINT ( 'NONE',  ( -22.47379875183100495, 101.3996047973600412, 0.000000000000000000 ) ) ;
#5371 = DIRECTION ( 'NONE',  ( -0.000000000000000000, 0.000000000000000000, 1.000000000000000000 ) ) ;
#5372 = VERTEX_POINT ( 'NONE', #1073 ) ;
#5373 = ORIENTED_EDGE ( 'NONE', *, *, #1226, .T. ) ;
#5374 = CARTESIAN_POINT ( 'NONE',  ( -113.9545745849599996, 43.75185394287098717, 0.000000000000000000 ) ) ;
#5375 = ORIENTED_EDGE ( 'NONE', *, *, #6078, .T. ) ;
#5376 = DIRECTION ( 'NONE',  ( -1.000000000000000000, 0.000000000000000000, 0.000000000000000000 ) ) ;
#5377 = FACE_BOUND ( 'NONE', #1772, .T. ) ;
#5378 = EDGE_LOOP ( 'NONE', ( #4217, #974, #2408, #1859 ) ) ;
#5379 = AXIS2_PLACEMENT_3D ( 'NONE', #875, #2324, #2989 ) ;
#5380 = ORIENTED_EDGE ( 'NONE', *, *, #3308, .T. ) ;
#5381 = CARTESIAN_POINT ( 'NONE',  ( -155.2410888671799682, 101.1755599975499820, 9.999999999999996447 ) ) ;
#5382 = DIRECTION ( 'NONE',  ( 1.000000000000000000, 0.000000000000000000, 0.000000000000000000 ) ) ;
#5383 = CYLINDRICAL_SURFACE ( 'NONE', #3630, 1.000000000000000888 ) ;
#5384 = DIRECTION ( 'NONE',  ( -1.000000000000000000, 0.000000000000000000, 0.000000000000000000 ) ) ;
#5385 = ORIENTED_EDGE ( 'NONE', *, *, #6373, .F. ) ;
#5386 = EDGE_LOOP ( 'NONE', ( #3843, #3701, #6713, #5287 ) ) ;
#5387 = DIRECTION ( 'NONE',  ( -0.000000000000000000, -0.000000000000000000, -1.000000000000000000 ) ) ;
#5388 = CARTESIAN_POINT ( 'NONE',  ( -153.0663909912099996, 88.47553253173801124, 0.000000000000000000 ) ) ;
#5389 = CARTESIAN_POINT ( 'NONE',  ( -113.9701919555599972, 82.56014251709001428, 9.999999999999996447 ) ) ;
#5390 = VECTOR ( 'NONE', #4688, 1000.000000000000000 ) ;
#5391 = ADVANCED_FACE ( 'NONE', ( #3705 ), #593, .F. ) ;
#5392 = ADVANCED_FACE ( 'NONE', ( #3181 ), #4199, .F. ) ;
#5393 = ORIENTED_EDGE ( 'NONE', *, *, #609, .F. ) ;
#5394 = EDGE_CURVE ( 'NONE', #527, #1263, #2, .T. ) ;
#5395 = CARTESIAN_POINT ( 'NONE',  ( -154.0509948730399969, 129.7940063476499972, 9.999999999999996447 ) ) ;
#5396 = CARTESIAN_POINT ( 'NONE',  ( -164.2819999999999538, 5.006115644616000893, 9.999999999999996447 ) ) ;
#5397 = CLOSED_SHELL ( 'NONE', ( #3176, #3564, #5391, #5262, #1234, #3559, #5604, #5269, #2670, #181, #1611, #2241, #5105, #21, #4709, #5791, #406, #4888, #857, #5399, #1278, #523, #2385, #6152, #1487, #4002, #3235, #4139, #2073, #2211, #4936, #3781, #2121, #148, #4352, #3607, #2603, #6088, #1353, #443, #1662, #4549, #2332, #5880, #3778, #1738, #3645, #687, #3449, #5611, #620, #2341, #5310, #62, #4226, #4209, #5392, #1397, #3786, #2002, #1034, #3825, #5429, #2685, #5227, #937, #1398, #395, #1527, #4845, #4799, #3106, #5570, #6459, #990, #6785, #3320, #1406, #5439, #3822, #6500, #4848, #4223, #4208, #2042, #3383, #6506, #2765, #6154, #3350, #6237, #3991, #624, #3990, #6037, #1117, #3557, #4031, #4714, #5643, #5441, #1577, #2594, #4674, #5655, #721, #2856, #3403, #3619, #5991, #1326, #2083, #6612, #6201, #4308, #949, #1877, #6339, #2376, #5913, #5149, #2752, #2981, #3739, #483, #2928, #2975, #4558, #3900, #3354, #2636, #218, #4346, #4269, #6536, #5952, #4041, #2157, #3736, #6794, #4764, #2669, #91, #6335, #689, #319, #3479, #4586, #4922, #1193, #4170, #1710, #2206, #653, #3598, #4548, #4762, #1156, #4723, #5872, #4145, #5873, #1449, #452, #1128, #1485, #4414, #4501, #2968, #4507, #270, #4618, #2165, #1484, #5281, #4812, #3195, #6300, #1324, #6702, #2890, #734, #444, #1187, #6131, #2584, #5915, #2592, #5946, #1575 ) ) ;
#5398 = CARTESIAN_POINT ( 'NONE',  ( -62.73888397216798296, 32.23841857910200304, 0.000000000000000000 ) ) ;
#5399 = ADVANCED_FACE ( 'NONE', ( #5306 ), #5869, .F. ) ;
#5400 = ORIENTED_EDGE ( 'NONE', *, *, #5567, .F. ) ;
#5401 = CIRCLE ( 'NONE', #534, 1.000000000000000888 ) ;
#5402 = EDGE_LOOP ( 'NONE', ( #795, #179 ) ) ;
#5403 = DIRECTION ( 'NONE',  ( -1.000000000000000000, 0.000000000000000000, 0.000000000000000000 ) ) ;
#5404 = ORIENTED_EDGE ( 'NONE', *, *, #1312, .T. ) ;
#5405 = CARTESIAN_POINT ( 'NONE',  ( -71.10182952880897744, 128.5624389648399983, 0.000000000000000000 ) ) ;
#5406 = AXIS2_PLACEMENT_3D ( 'NONE', #2140, #1655, #656 ) ;
#5407 = FACE_BOUND ( 'NONE', #1818, .T. ) ;
#5408 = ORIENTED_EDGE ( 'NONE', *, *, #3439, .T. ) ;
#5409 = CIRCLE ( 'NONE', #115, 3.000000000000002665 ) ;
#5410 = ORIENTED_EDGE ( 'NONE', *, *, #516, .T. ) ;
#5411 = CARTESIAN_POINT ( 'NONE',  ( -154.2352752685499979, 13.39896011352499627, 9.999999999999996447 ) ) ;
#5412 = CIRCLE ( 'NONE', #869, 1.000000000000000888 ) ;
#5413 = FACE_BOUND ( 'NONE', #6406, .T. ) ;
#5414 = AXIS2_PLACEMENT_3D ( 'NONE', #97, #1101, #3219 ) ;
#5415 = AXIS2_PLACEMENT_3D ( 'NONE', #5564, #4489, #6602 ) ;
#5416 = CARTESIAN_POINT ( 'NONE',  ( -155.2508850097599975, 52.20724868774399852, 9.999999999999996447 ) ) ;
#5417 = DIRECTION ( 'NONE',  ( -0.000000000000000000, -0.000000000000000000, -1.000000000000000000 ) ) ;
#5418 = ORIENTED_EDGE ( 'NONE', *, *, #661, .T. ) ;
#5419 = EDGE_LOOP ( 'NONE', ( #2830, #5327, #3896, #4554 ) ) ;
#5420 = CARTESIAN_POINT ( 'NONE',  ( -50.00470733642600862, 54.66035079956099452, 9.999999999999996447 ) ) ;
#5421 = VECTOR ( 'NONE', #5560, 1000.000000000000000 ) ;
#5422 = DIRECTION ( 'NONE',  ( -0.000000000000000000, 0.000000000000000000, 1.000000000000000000 ) ) ;
#5423 = CIRCLE ( 'NONE', #884, 1.000000000000000888 ) ;
#5424 = DIRECTION ( 'NONE',  ( -1.000000000000000000, 0.000000000000000000, 0.000000000000000000 ) ) ;
#5425 = AXIS2_PLACEMENT_3D ( 'NONE', #6142, #2944, #5657 ) ;
#5426 = VERTEX_POINT ( 'NONE', #6825 ) ;
#5427 = CARTESIAN_POINT ( 'NONE',  ( -152.0820007324199992, 127.2838211059499685, 0.000000000000000000 ) ) ;
#5428 = LINE ( 'NONE', #1782, #6469 ) ;
#5429 = ADVANCED_FACE ( 'NONE', ( #6316 ), #1555, .F. ) ;
#5430 = EDGE_CURVE ( 'NONE', #1966, #5448, #5764, .T. ) ;
#5431 = AXIS2_PLACEMENT_3D ( 'NONE', #5539, #2902, #276 ) ;
#5432 = CYLINDRICAL_SURFACE ( 'NONE', #2444, 2.999999999999999112 ) ;
#5433 = ORIENTED_EDGE ( 'NONE', *, *, #4049, .T. ) ;
#5434 = ORIENTED_EDGE ( 'NONE', *, *, #5833, .T. ) ;
#5435 = CIRCLE ( 'NONE', #4657, 1.000000000000000888 ) ;
#5436 = FACE_OUTER_BOUND ( 'NONE', #4662, .T. ) ;
#5437 = ORIENTED_EDGE ( 'NONE', *, *, #4348, .T. ) ;
#5438 = LINE ( 'NONE', #244, #3992 ) ;
#5439 = ADVANCED_FACE ( 'NONE', ( #4243 ), #1042, .F. ) ;
#5440 = EDGE_CURVE ( 'NONE', #6446, #2536, #3649, .T. ) ;
#5441 = ADVANCED_FACE ( 'NONE', ( #3257 ), #4276, .F. ) ;
#5442 = CIRCLE ( 'NONE', #574, 1.000000000000000888 ) ;
#5443 = FACE_BOUND ( 'NONE', #1987, .T. ) ;
#5444 = ORIENTED_EDGE ( 'NONE', *, *, #4886, .T. ) ;
#5445 = DIRECTION ( 'NONE',  ( -0.000000000000000000, 0.000000000000000000, 1.000000000000000000 ) ) ;
#5446 = EDGE_LOOP ( 'NONE', ( #1848, #4453, #597, #1584 ) ) ;
#5447 = DIRECTION ( 'NONE',  ( -0.000000000000000000, 0.000000000000000000, 1.000000000000000000 ) ) ;
#5448 = VERTEX_POINT ( 'NONE', #1106 ) ;
#5449 = AXIS2_PLACEMENT_3D ( 'NONE', #2436, #1886, #4147 ) ;
#5450 = FACE_BOUND ( 'NONE', #5662, .T. ) ;
#5451 = DIRECTION ( 'NONE',  ( -0.000000000000000000, 0.000000000000000000, 1.000000000000000000 ) ) ;
#5452 = ORIENTED_EDGE ( 'NONE', *, *, #1312, .F. ) ;
#5453 = ORIENTED_EDGE ( 'NONE', *, *, #4380, .T. ) ;
#5454 = DIRECTION ( 'NONE',  ( 1.000000000000000000, 0.000000000000000000, 0.000000000000000000 ) ) ;
#5455 = DIRECTION ( 'NONE',  ( -0.000000000000000000, 0.000000000000000000, 1.000000000000000000 ) ) ;
#5456 = CARTESIAN_POINT ( 'NONE',  ( -113.9858016967699825, 121.3684310913000246, 9.999999999999996447 ) ) ;
#5457 = EDGE_LOOP ( 'NONE', ( #1986, #4151, #4466, #520 ) ) ;
#5458 = CIRCLE ( 'NONE', #5921, 1.000000000000000888 ) ;
#5459 = CARTESIAN_POINT ( 'NONE',  ( -155.2567138671799967, 139.9838409423799988, 9.999999999999996447 ) ) ;
#5460 = DIRECTION ( 'NONE',  ( -0.000000000000000000, 0.000000000000000000, 1.000000000000000000 ) ) ;
#5461 = CARTESIAN_POINT ( 'NONE',  ( -128.7043685912999820, 60.13821411132799710, 9.999999999999996447 ) ) ;
#5462 = DIRECTION ( 'NONE',  ( -0.000000000000000000, -0.000000000000000000, -1.000000000000000000 ) ) ;
#5463 = ORIENTED_EDGE ( 'NONE', *, *, #1267, .T. ) ;
#5464 = ORIENTED_EDGE ( 'NONE', *, *, #6792, .T. ) ;
#5465 = DIRECTION ( 'NONE',  ( -0.000000000000000000, 0.000000000000000000, 1.000000000000000000 ) ) ;
#5466 = AXIS2_PLACEMENT_3D ( 'NONE', #4045, #6056, #3481 ) ;
#5467 = VERTEX_POINT ( 'NONE', #5831 ) ;
#5468 = DIRECTION ( 'NONE',  ( 1.000000000000000000, 0.000000000000000000, 0.000000000000000000 ) ) ;
#5469 = AXIS2_PLACEMENT_3D ( 'NONE', #1709, #2784, #3824 ) ;
#5470 = EDGE_CURVE ( 'NONE', #2761, #6606, #2100, .T. ) ;
#5471 = EDGE_CURVE ( 'NONE', #4819, #2923, #5215, .T. ) ;
#5472 = EDGE_LOOP ( 'NONE', ( #3013, #3020, #3515, #6349 ) ) ;
#5473 = CARTESIAN_POINT ( 'NONE',  ( -106.6228561401299970, 25.04441070556600479, 9.999999999999996447 ) ) ;
#5474 = ORIENTED_EDGE ( 'NONE', *, *, #5695, .T. ) ;
#5475 = EDGE_CURVE ( 'NONE', #4988, #2568, #1768, .T. ) ;
#5476 = CARTESIAN_POINT ( 'NONE',  ( -23.44257545471200999, 23.78302574157699922, 9.999999999999996447 ) ) ;
#5477 = DIRECTION ( 'NONE',  ( -0.000000000000000000, 0.000000000000000000, 1.000000000000000000 ) ) ;
#5478 = VECTOR ( 'NONE', #2434, 1000.000000000000000 ) ;
#5479 = DIRECTION ( 'NONE',  ( -0.000000000000000000, -0.000000000000000000, -1.000000000000000000 ) ) ;
#5480 = EDGE_CURVE ( 'NONE', #527, #6464, #676, .T. ) ;
#5481 = DIRECTION ( 'NONE',  ( 1.000000000000000000, 0.000000000000000000, 0.000000000000000000 ) ) ;
#5482 = ORIENTED_EDGE ( 'NONE', *, *, #3392, .T. ) ;
#5483 = ORIENTED_EDGE ( 'NONE', *, *, #4417, .F. ) ;
#5484 = DIRECTION ( 'NONE',  ( -0.000000000000000000, 0.000000000000000000, 1.000000000000000000 ) ) ;
#5485 = VERTEX_POINT ( 'NONE', #4344 ) ;
#5486 = DIRECTION ( 'NONE',  ( -0.000000000000000000, 0.000000000000000000, 1.000000000000000000 ) ) ;
#5487 = VECTOR ( 'NONE', #5823, 1000.000000000000000 ) ;
#5488 = CARTESIAN_POINT ( 'NONE',  ( -156.2835907335899606, 158.7275907335900058, 6.999999999999996447 ) ) ;
#5489 = CIRCLE ( 'NONE', #2164, 1.000000000000000888 ) ;
#5490 = DIRECTION ( 'NONE',  ( -1.000000000000000000, 0.000000000000000000, 0.000000000000000000 ) ) ;
#5491 = EDGE_LOOP ( 'NONE', ( #5726, #2172 ) ) ;
#5492 = CARTESIAN_POINT ( 'NONE',  ( -155.2508850097599975, 52.20724868774399852, 9.999999999999996447 ) ) ;
#5493 = CARTESIAN_POINT ( 'NONE',  ( -49.98910522460901973, 15.85206127166699908, 9.999999999999996447 ) ) ;
#5494 = CIRCLE ( 'NONE', #1067, 1.000000000000000888 ) ;
#5495 = LINE ( 'NONE', #2790, #1335 ) ;
#5496 = ORIENTED_EDGE ( 'NONE', *, *, #5235, .F. ) ;
#5497 = EDGE_LOOP ( 'NONE', ( #2130, #5483, #5878, #5827 ) ) ;
#5498 = CARTESIAN_POINT ( 'NONE',  ( -154.2410888671799682, 101.1755599975499820, 9.999999999999996447 ) ) ;
#5499 = FACE_OUTER_BOUND ( 'NONE', #1719, .T. ) ;
#5500 = VERTEX_POINT ( 'NONE', #3840 ) ;
#5501 = FACE_OUTER_BOUND ( 'NONE', #47, .T. ) ;
#5502 = CARTESIAN_POINT ( 'NONE',  ( -154.2352752685499979, 13.39896011352499627, 9.999999999999996447 ) ) ;
#5503 = ORIENTED_EDGE ( 'NONE', *, *, #3286, .T. ) ;
#5504 = ORIENTED_EDGE ( 'NONE', *, *, #2337, .F. ) ;
#5505 = CARTESIAN_POINT ( 'NONE',  ( -71.05499267578099420, 12.13757514953599959, 9.999999999999996447 ) ) ;
#5506 = EDGE_LOOP ( 'NONE', ( #6463, #4024 ) ) ;
#5507 = CARTESIAN_POINT ( 'NONE',  ( -23.65830802917500009, 60.05131149291999293, 9.999999999999996447 ) ) ;
#5508 = FACE_BOUND ( 'NONE', #195, .T. ) ;
#5509 = VECTOR ( 'NONE', #6720, 1000.000000000000000 ) ;
#5510 = EDGE_CURVE ( 'NONE', #5166, #1889, #5438, .T. ) ;
#5511 = EDGE_CURVE ( 'NONE', #3997, #825, #3658, .T. ) ;
#5512 = VECTOR ( 'NONE', #2182, 1000.000000000000000 ) ;
#5513 = EDGE_CURVE ( 'NONE', #1551, #2640, #720, .T. ) ;
#5514 = DIRECTION ( 'NONE',  ( 1.000000000000000000, 0.000000000000000000, 0.000000000000000000 ) ) ;
#5515 = DIRECTION ( 'NONE',  ( 0.000000000000000000, 0.000000000000000000, 1.000000000000000000 ) ) ;
#5516 = EDGE_LOOP ( 'NONE', ( #5680, #3560, #6561, #5671 ) ) ;
#5517 = ORIENTED_EDGE ( 'NONE', *, *, #4620, .T. ) ;
#5518 = CARTESIAN_POINT ( 'NONE',  ( -21.44257545471200999, 18.70301628112799719, 9.999999999999996447 ) ) ;
#5519 = LINE ( 'NONE', #260, #6690 ) ;
#5520 = EDGE_CURVE ( 'NONE', #1592, #796, #2548, .T. ) ;
#5521 = VECTOR ( 'NONE', #411, 1000.000000000000000 ) ;
#5522 = LINE ( 'NONE', #4520, #1342 ) ;
#5523 = EDGE_CURVE ( 'NONE', #2607, #4710, #4, .T. ) ;
#5524 = CIRCLE ( 'NONE', #4871, 1.000000000000000888 ) ;
#5525 = CARTESIAN_POINT ( 'NONE',  ( -70.10182952880897744, 128.5624389648399983, 9.999999999999996447 ) ) ;
#5526 = ORIENTED_EDGE ( 'NONE', *, *, #2080, .F. ) ;
#5527 = AXIS2_PLACEMENT_3D ( 'NONE', #51, #2312, #610 ) ;
#5528 = DIRECTION ( 'NONE',  ( 1.000000000000000000, 0.000000000000000000, 0.000000000000000000 ) ) ;
#5529 = DIRECTION ( 'NONE',  ( -0.000000000000000000, -0.000000000000000000, -1.000000000000000000 ) ) ;
#5530 = LINE ( 'NONE', #784, #6805 ) ;
#5531 = AXIS2_PLACEMENT_3D ( 'NONE', #499, #3612, #2606 ) ;
#5532 = CIRCLE ( 'NONE', #6312, 1.000000000000000888 ) ;
#5533 = CARTESIAN_POINT ( 'NONE',  ( -23.48940849304198508, 135.1278839111299988, 0.000000000000000000 ) ) ;
#5534 = AXIS2_PLACEMENT_3D ( 'NONE', #3226, #4306, #3774 ) ;
#5535 = EDGE_LOOP ( 'NONE', ( #2069, #210 ) ) ;
#5536 = DIRECTION ( 'NONE',  ( 1.000000000000000000, 0.000000000000000000, 0.000000000000000000 ) ) ;
#5537 = CYLINDRICAL_SURFACE ( 'NONE', #4200, 1.000000000000000888 ) ;
#5538 = ORIENTED_EDGE ( 'NONE', *, *, #4818, .F. ) ;
#5539 = CARTESIAN_POINT ( 'NONE',  ( -154.2567138671799967, 139.9838409423799988, 9.999999999999996447 ) ) ;
#5540 = VECTOR ( 'NONE', #5715, 1000.000000000000000 ) ;
#5541 = CIRCLE ( 'NONE', #2660, 1.000000000000000888 ) ;
#5542 = FACE_BOUND ( 'NONE', #6586, .T. ) ;
#5543 = ORIENTED_EDGE ( 'NONE', *, *, #3188, .F. ) ;
#5544 = VERTEX_POINT ( 'NONE', #5405 ) ;
#5545 = DIRECTION ( 'NONE',  ( -0.000000000000000000, 0.000000000000000000, 1.000000000000000000 ) ) ;
#5546 = VERTEX_POINT ( 'NONE', #4372 ) ;
#5547 = DIRECTION ( 'NONE',  ( -0.000000000000000000, -0.000000000000000000, -1.000000000000000000 ) ) ;
#5548 = DIRECTION ( 'NONE',  ( -0.000000000000000000, 0.000000000000000000, 1.000000000000000000 ) ) ;
#5549 = CIRCLE ( 'NONE', #6440, 1.000000000000000888 ) ;
#5550 = CARTESIAN_POINT ( 'NONE',  ( -154.0509948730399969, 129.7940063476499972, 9.999999999999996447 ) ) ;
#5551 = AXIS2_PLACEMENT_3D ( 'NONE', #1325, #808, #159 ) ;
#5552 = DIRECTION ( 'NONE',  ( 1.000000000000000000, 0.000000000000000000, 0.000000000000000000 ) ) ;
#5553 = ORIENTED_EDGE ( 'NONE', *, *, #3909, .T. ) ;
#5554 = EDGE_CURVE ( 'NONE', #5698, #2759, #2273, .T. ) ;
#5555 = EDGE_LOOP ( 'NONE', ( #65, #2623, #3455, #6384 ) ) ;
#5556 = CARTESIAN_POINT ( 'NONE',  ( -154.2352752685499979, 13.39896011352499627, 0.000000000000000000 ) ) ;
#5557 = EDGE_LOOP ( 'NONE', ( #5092, #313, #5811, #3977 ) ) ;
#5558 = CARTESIAN_POINT ( 'NONE',  ( -127.7199783325200002, 98.94650268554700290, 9.999999999999996447 ) ) ;
#5559 = DIRECTION ( 'NONE',  ( 1.000000000000000000, 0.000000000000000000, 0.000000000000000000 ) ) ;
#5560 = DIRECTION ( 'NONE',  ( -0.000000000000000000, -0.000000000000000000, -1.000000000000000000 ) ) ;
#5561 = ORIENTED_EDGE ( 'NONE', *, *, #4495, .T. ) ;
#5562 = EDGE_CURVE ( 'NONE', #3961, #1103, #4880, .T. ) ;
#5563 = EDGE_CURVE ( 'NONE', #5286, #1136, #1200, .T. ) ;
#5564 = CARTESIAN_POINT ( 'NONE',  ( -152.0663909912099996, 88.47553253173801124, 9.999999999999996447 ) ) ;
#5565 = CARTESIAN_POINT ( 'NONE',  ( -126.7043685912999962, 60.13821411132799710, 9.999999999999996447 ) ) ;
#5566 = DIRECTION ( 'NONE',  ( 1.000000000000000000, 0.000000000000000000, 0.000000000000000000 ) ) ;
#5567 = EDGE_CURVE ( 'NONE', #2528, #2536, #1757, .T. ) ;
#5568 = FACE_OUTER_BOUND ( 'NONE', #1420, .T. ) ;
#5569 = EDGE_LOOP ( 'NONE', ( #5503, #5573 ) ) ;
#5570 = ADVANCED_FACE ( 'NONE', ( #2210 ), #3381, .F. ) ;
#5571 = DIRECTION ( 'NONE',  ( -0.000000000000000000, -0.000000000000000000, -1.000000000000000000 ) ) ;
#5572 = CARTESIAN_POINT ( 'NONE',  ( -105.6696853637699718, 141.4692840576099968, 0.000000000000000000 ) ) ;
#5573 = ORIENTED_EDGE ( 'NONE', *, *, #4933, .T. ) ;
#5574 = CYLINDRICAL_SURFACE ( 'NONE', #4440, 1.000000000000000888 ) ;
#5575 = AXIS2_PLACEMENT_3D ( 'NONE', #1975, #421, #2491 ) ;
#5576 = CARTESIAN_POINT ( 'NONE',  ( -159.2818843553800150, 0.005999999998001527557, 9.999999999999996447 ) ) ;
#5577 = CIRCLE ( 'NONE', #3806, 1.000000000000000888 ) ;
#5578 = EDGE_LOOP ( 'NONE', ( #3386, #2878 ) ) ;
#5579 = EDGE_LOOP ( 'NONE', ( #2398, #3861 ) ) ;
#5580 = CARTESIAN_POINT ( 'NONE',  ( -103.5095214843699836, 90.49858856201201718, 9.999999999999996447 ) ) ;
#5581 = ORIENTED_EDGE ( 'NONE', *, *, #3788, .F. ) ;
#5582 = CYLINDRICAL_SURFACE ( 'NONE', #2649, 2.999999999999999112 ) ;
#5583 = FACE_BOUND ( 'NONE', #3387, .T. ) ;
#5584 = AXIS2_PLACEMENT_3D ( 'NONE', #5891, #611, #1640 ) ;
#5585 = CYLINDRICAL_SURFACE ( 'NONE', #6403, 1.000000000000000888 ) ;
#5586 = CARTESIAN_POINT ( 'NONE',  ( 0.000000000000000000, 163.7259999999995159, 9.999999999999996447 ) ) ;
#5587 = ORIENTED_EDGE ( 'NONE', *, *, #6372, .T. ) ;
#5588 = VERTEX_POINT ( 'NONE', #1301 ) ;
#5589 = DIRECTION ( 'NONE',  ( 1.000000000000000000, 0.000000000000000000, 0.000000000000000000 ) ) ;
#5590 = AXIS2_PLACEMENT_3D ( 'NONE', #775, #5666, #6564 ) ;
#5591 = ORIENTED_EDGE ( 'NONE', *, *, #490, .F. ) ;
#5592 = DIRECTION ( 'NONE',  ( -0.000000000000000000, -0.000000000000000000, -1.000000000000000000 ) ) ;
#5593 = DIRECTION ( 'NONE',  ( 0.000000000000000000, 0.000000000000000000, 1.000000000000000000 ) ) ;
#5594 = CARTESIAN_POINT ( 'NONE',  ( -113.9545745849599996, 43.75185394287098717, 9.999999999999996447 ) ) ;
#5595 = FACE_BOUND ( 'NONE', #1883, .T. ) ;
#5596 = ORIENTED_EDGE ( 'NONE', *, *, #2713, .F. ) ;
#5597 = ORIENTED_EDGE ( 'NONE', *, *, #1069, .T. ) ;
#5598 = CARTESIAN_POINT ( 'NONE',  ( -70.10182952880897744, 128.5624389648399983, 9.999999999999996447 ) ) ;
#5599 = CYLINDRICAL_SURFACE ( 'NONE', #5369, 1.000000000000000888 ) ;
#5600 = EDGE_CURVE ( 'NONE', #4739, #5267, #6031, .T. ) ;
#5601 = EDGE_CURVE ( 'NONE', #6110, #2350, #5967, .T. ) ;
#5602 = DIRECTION ( 'NONE',  ( -0.000000000000000000, -0.000000000000000000, -1.000000000000000000 ) ) ;
#5603 = AXIS2_PLACEMENT_3D ( 'NONE', #4795, #700, #4353 ) ;
#5604 = ADVANCED_FACE ( 'NONE', ( #5501 ), #3422, .F. ) ;
#5605 = EDGE_LOOP ( 'NONE', ( #2769, #1410, #5365, #472 ) ) ;
#5606 = UNCERTAINTY_MEASURE_WITH_UNIT (LENGTH_MEASURE( 1.000000000000000082E-05 ), #6289, 'distance_accuracy_value', 'NONE');
#5607 = CARTESIAN_POINT ( 'NONE',  ( -22.49919891357400559, 91.23958587646500007, 9.999999999999996447 ) ) ;
#5608 = ORIENTED_EDGE ( 'NONE', *, *, #6203, .T. ) ;
#5609 = CARTESIAN_POINT ( 'NONE',  ( -70.05499267578099420, 12.13757514953599959, 0.000000000000000000 ) ) ;
#5610 = AXIS2_PLACEMENT_3D ( 'NONE', #81, #4324, #1676 ) ;
#5611 = ADVANCED_FACE ( 'NONE', ( #1264 ), #1824, .F. ) ;
#5612 = VECTOR ( 'NONE', #5315, 1000.000000000000000 ) ;
#5613 = DIRECTION ( 'NONE',  ( -0.000000000000000000, -0.000000000000000000, -1.000000000000000000 ) ) ;
#5614 = ORIENTED_EDGE ( 'NONE', *, *, #6365, .F. ) ;
#5615 = EDGE_LOOP ( 'NONE', ( #3937, #2141 ) ) ;
#5616 = FACE_OUTER_BOUND ( 'NONE', #2763, .T. ) ;
#5617 = ORIENTED_EDGE ( 'NONE', *, *, #3382, .F. ) ;
#5618 = CARTESIAN_POINT ( 'NONE',  ( -153.0820007324199992, 127.2838211059499685, 9.999999999999996447 ) ) ;
#5619 = FACE_BOUND ( 'NONE', #4574, .T. ) ;
#5620 = VECTOR ( 'NONE', #2542, 1000.000000000000000 ) ;
#5621 = DIRECTION ( 'NONE',  ( -0.000000000000000000, 0.000000000000000000, 1.000000000000000000 ) ) ;
#5622 = FACE_OUTER_BOUND ( 'NONE', #6063, .T. ) ;
#5623 = ORIENTED_EDGE ( 'NONE', *, *, #698, .T. ) ;
#5624 = ORIENTED_EDGE ( 'NONE', *, *, #4584, .F. ) ;
#5625 = CARTESIAN_POINT ( 'NONE',  ( -63.73888397216798296, 32.23841857910200304, 0.000000000000000000 ) ) ;
#5626 = AXIS2_PLACEMENT_3D ( 'NONE', #3429, #3388, #4351 ) ;
#5627 = DIRECTION ( 'NONE',  ( -1.000000000000000000, 0.000000000000000000, 0.000000000000000000 ) ) ;
#5628 = DIRECTION ( 'NONE',  ( -0.000000000000000000, 0.000000000000000000, 1.000000000000000000 ) ) ;
#5629 = AXIS2_PLACEMENT_3D ( 'NONE', #6513, #754, #3873 ) ;
#5630 = DIRECTION ( 'NONE',  ( 1.000000000000000000, 0.000000000000000000, 0.000000000000000000 ) ) ;
#5631 = CARTESIAN_POINT ( 'NONE',  ( -24.68952941894499276, 137.6678924560500263, 9.999999999999996447 ) ) ;
#5632 = VERTEX_POINT ( 'NONE', #4439 ) ;
#5633 = ORIENTED_EDGE ( 'NONE', *, *, #6122, .F. ) ;
#5634 = AXIS2_PLACEMENT_3D ( 'NONE', #6077, #6558, #6659 ) ;
#5635 = VERTEX_POINT ( 'NONE', #2826 ) ;
#5636 = DIRECTION ( 'NONE',  ( -1.000000000000000000, 0.000000000000000000, 0.000000000000000000 ) ) ;
#5637 = CARTESIAN_POINT ( 'NONE',  ( -127.7043685912999962, 60.13821411132799710, 9.999999999999996447 ) ) ;
#5638 = AXIS2_PLACEMENT_3D ( 'NONE', #28, #6851, #4189 ) ;
#5639 = CARTESIAN_POINT ( 'NONE',  ( -154.2508850097599691, 57.28725814819298989, 0.000000000000000000 ) ) ;
#5640 = AXIS2_PLACEMENT_3D ( 'NONE', #3592, #5717, #4708 ) ;
#5641 = AXIS2_PLACEMENT_3D ( 'NONE', #475, #988, #3101 ) ;
#5642 = VERTEX_POINT ( 'NONE', #4954 ) ;
#5643 = ADVANCED_FACE ( 'NONE', ( #3941 ), #792, .F. ) ;
#5644 = CARTESIAN_POINT ( 'NONE',  ( -73.24639129638698876, 140.7248382568299974, 9.999999999999996447 ) ) ;
#5645 = EDGE_CURVE ( 'NONE', #2120, #3124, #3541, .T. ) ;
#5646 = ORIENTED_EDGE ( 'NONE', *, *, #2810, .T. ) ;
#5647 = LINE ( 'NONE', #1341, #5540 ) ;
#5648 = AXIS2_PLACEMENT_3D ( 'NONE', #5106, #419, #3987 ) ;
#5649 = CARTESIAN_POINT ( 'NONE',  ( -22.47379875183100495, 96.31959533691403408, 9.999999999999996447 ) ) ;
#5650 = ORIENTED_EDGE ( 'NONE', *, *, #6290, .F. ) ;
#5651 = AXIS2_PLACEMENT_3D ( 'NONE', #756, #3325, #3875 ) ;
#5652 = ORIENTED_EDGE ( 'NONE', *, *, #5745, .T. ) ;
#5653 = EDGE_CURVE ( 'NONE', #3552, #3230, #2315, .T. ) ;
#5654 = DIRECTION ( 'NONE',  ( -0.000000000000000000, -0.000000000000000000, -1.000000000000000000 ) ) ;
#5655 = ADVANCED_FACE ( 'NONE', ( #6168 ), #5574, .F. ) ;
#5656 = ORIENTED_EDGE ( 'NONE', *, *, #3944, .T. ) ;
#5657 = DIRECTION ( 'NONE',  ( 1.000000000000000000, 0.000000000000000000, 0.000000000000000000 ) ) ;
#5658 = CARTESIAN_POINT ( 'NONE',  ( -61.73888397216798296, 32.23841857910200304, 9.999999999999996447 ) ) ;
#5659 = EDGE_CURVE ( 'NONE', #4436, #5931, #1438, .T. ) ;
#5660 = FACE_BOUND ( 'NONE', #2845, .T. ) ;
#5661 = CARTESIAN_POINT ( 'NONE',  ( -126.7199783325200002, 98.94650268554700290, 0.000000000000000000 ) ) ;
#5662 = EDGE_LOOP ( 'NONE', ( #1996, #1377 ) ) ;
#5663 = ORIENTED_EDGE ( 'NONE', *, *, #6375, .T. ) ;
#5664 = CARTESIAN_POINT ( 'NONE',  ( -103.5251312255799974, 129.3068695068300258, 9.999999999999996447 ) ) ;
#5665 = CIRCLE ( 'NONE', #3001, 1.000000000000000888 ) ;
#5666 = DIRECTION ( 'NONE',  ( -0.000000000000000000, -0.000000000000000000, -1.000000000000000000 ) ) ;
#5667 = DIRECTION ( 'NONE',  ( -1.000000000000000000, 0.000000000000000000, 0.000000000000000000 ) ) ;
#5668 = AXIS2_PLACEMENT_3D ( 'NONE', #2572, #978, #1463 ) ;
#5669 = DIRECTION ( 'NONE',  ( -0.000000000000000000, -0.000000000000000000, -1.000000000000000000 ) ) ;
#5670 = CYLINDRICAL_SURFACE ( 'NONE', #4640, 1.000000000000000888 ) ;
#5671 = ORIENTED_EDGE ( 'NONE', *, *, #305, .F. ) ;
#5672 = ORIENTED_EDGE ( 'NONE', *, *, #4127, .T. ) ;
#5673 = VERTEX_POINT ( 'NONE', #4052 ) ;
#5674 = CARTESIAN_POINT ( 'NONE',  ( -154.2821044921799967, 134.9038391113200248, 9.999999999999996447 ) ) ;
#5675 = DIRECTION ( 'NONE',  ( 1.000000000000000000, 0.000000000000000000, 0.000000000000000000 ) ) ;
#5676 = AXIS2_PLACEMENT_3D ( 'NONE', #2605, #2149, #5283 ) ;
#5677 = LINE ( 'NONE', #477, #5118 ) ;
#5678 = ORIENTED_EDGE ( 'NONE', *, *, #849, .T. ) ;
#5679 = DIRECTION ( 'NONE',  ( -1.000000000000000000, 0.000000000000000000, 0.000000000000000000 ) ) ;
#5680 = ORIENTED_EDGE ( 'NONE', *, *, #266, .T. ) ;
#5681 = DIRECTION ( 'NONE',  ( -0.000000000000000000, 0.000000000000000000, 1.000000000000000000 ) ) ;
#5682 = DIRECTION ( 'NONE',  ( -0.000000000000000000, 0.000000000000000000, 1.000000000000000000 ) ) ;
#5683 = VERTEX_POINT ( 'NONE', #4571 ) ;
#5684 = CARTESIAN_POINT ( 'NONE',  ( -70.07060241699200276, 50.94586563110399879, 9.999999999999996447 ) ) ;
#5685 = EDGE_LOOP ( 'NONE', ( #5874, #1459 ) ) ;
#5686 = DIRECTION ( 'NONE',  ( -0.000000000000000000, -0.000000000000000000, 1.000000000000000000 ) ) ;
#5687 = AXIS2_PLACEMENT_3D ( 'NONE', #4649, #1591, #4142 ) ;
#5688 = EDGE_LOOP ( 'NONE', ( #4016, #1489, #382, #4769 ) ) ;
#5689 = CARTESIAN_POINT ( 'NONE',  ( -63.78571701049798293, 148.6632843017500250, 0.000000000000000000 ) ) ;
#5690 = DIRECTION ( 'NONE',  ( 1.000000000000000000, 0.000000000000000000, 0.000000000000000000 ) ) ;
#5691 = EDGE_CURVE ( 'NONE', #3303, #6646, #6324, .T. ) ;
#5692 = CIRCLE ( 'NONE', #1700, 1.000000000000000888 ) ;
#5693 = EDGE_CURVE ( 'NONE', #422, #882, #3038, .T. ) ;
#5694 = DIRECTION ( 'NONE',  ( -0.000000000000000000, -0.000000000000000000, -1.000000000000000000 ) ) ;
#5695 = EDGE_CURVE ( 'NONE', #5426, #5175, #4995, .T. ) ;
#5696 = DIRECTION ( 'NONE',  ( -1.000000000000000000, 0.000000000000000000, 0.000000000000000000 ) ) ;
#5697 = ORIENTED_EDGE ( 'NONE', *, *, #1629, .F. ) ;
#5698 = VERTEX_POINT ( 'NONE', #6681 ) ;
#5699 = DIRECTION ( 'NONE',  ( 1.000000000000000000, 0.000000000000000000, 0.000000000000000000 ) ) ;
#5700 = AXIS2_PLACEMENT_3D ( 'NONE', #2092, #3165, #2059 ) ;
#5701 = DIRECTION ( 'NONE',  ( -0.000000000000000000, 0.000000000000000000, 1.000000000000000000 ) ) ;
#5702 = PRODUCT_RELATED_PRODUCT_CATEGORY ( 'part', '', ( #4827 ) ) ;
#5703 = CARTESIAN_POINT ( 'NONE',  ( -21.47379875183100140, 96.31959533691403408, 9.999999999999996447 ) ) ;
#5704 = CARTESIAN_POINT ( 'NONE',  ( -104.5095214843699836, 90.49858856201201718, 0.000000000000000000 ) ) ;
#5705 = ORIENTED_EDGE ( 'NONE', *, *, #3052, .F. ) ;
#5706 = ORIENTED_EDGE ( 'NONE', *, *, #6669, .F. ) ;
#5707 = CARTESIAN_POINT ( 'NONE',  ( -15.63411564461599923, 5.006115644616000893, 6.999999999999996447 ) ) ;
#5708 = EDGE_LOOP ( 'NONE', ( #3683, #6105, #5341, #2478 ) ) ;
#5709 = CARTESIAN_POINT ( 'NONE',  ( -155.2352752685499979, 13.39896011352499627, 0.000000000000000000 ) ) ;
#5710 = DIRECTION ( 'NONE',  ( -1.000000000000000000, 0.000000000000000000, 0.000000000000000000 ) ) ;
#5711 = DIRECTION ( 'NONE',  ( -0.000000000000000000, 0.000000000000000000, 1.000000000000000000 ) ) ;
#5712 = DIRECTION ( 'NONE',  ( -0.000000000000000000, 0.000000000000000000, 1.000000000000000000 ) ) ;
#5713 = ORIENTED_EDGE ( 'NONE', *, *, #6666, .T. ) ;
#5714 = CARTESIAN_POINT ( 'NONE',  ( -126.6887512206999986, 21.32992744445799715, 9.999999999999996447 ) ) ;
#5715 = DIRECTION ( 'NONE',  ( -0.000000000000000000, -0.000000000000000000, -1.000000000000000000 ) ) ;
#5716 = CIRCLE ( 'NONE', #1388, 1.000000000000000888 ) ;
#5717 = DIRECTION ( 'NONE',  ( -0.000000000000000000, 0.000000000000000000, 1.000000000000000000 ) ) ;
#5718 = ORIENTED_EDGE ( 'NONE', *, *, #5600, .T. ) ;
#5719 = CIRCLE ( 'NONE', #6161, 1.000000000000000888 ) ;
#5720 = LINE ( 'NONE', #6793, #5195 ) ;
#5721 = ORIENTED_EDGE ( 'NONE', *, *, #1702, .F. ) ;
#5722 = DIRECTION ( 'NONE',  ( -1.000000000000000000, 0.000000000000000000, 0.000000000000000000 ) ) ;
#5723 = AXIS2_PLACEMENT_3D ( 'NONE', #839, #362, #2015 ) ;
#5724 = CARTESIAN_POINT ( 'NONE',  ( -15.63240926640897399, 158.7275907335900058, 0.000000000000000000 ) ) ;
#5725 = DIRECTION ( 'NONE',  ( -0.000000000000000000, 0.000000000000000000, 1.000000000000000000 ) ) ;
#5726 = ORIENTED_EDGE ( 'NONE', *, *, #1744, .T. ) ;
#5727 = ORIENTED_EDGE ( 'NONE', *, *, #6026, .T. ) ;
#5728 = DIRECTION ( 'NONE',  ( -0.000000000000000000, 0.000000000000000000, 1.000000000000000000 ) ) ;
#5729 = CIRCLE ( 'NONE', #5177, 1.000000000000000888 ) ;
#5730 = EDGE_CURVE ( 'NONE', #6479, #2430, #779, .T. ) ;
#5731 = EDGE_CURVE ( 'NONE', #2923, #4819, #3326, .T. ) ;
#5732 = CARTESIAN_POINT ( 'NONE',  ( -153.2508850097599691, 57.28725814819298989, 0.000000000000000000 ) ) ;
#5733 = EDGE_CURVE ( 'NONE', #6479, #6694, #379, .T. ) ;
#5734 = DIRECTION ( 'NONE',  ( -0.000000000000000000, -0.000000000000000000, -1.000000000000000000 ) ) ;
#5735 = CARTESIAN_POINT ( 'NONE',  ( -105.6228561401299970, 25.04441070556600479, 9.999999999999996447 ) ) ;
#5736 = AXIS2_PLACEMENT_3D ( 'NONE', #2454, #5654, #2485 ) ;
#5737 = LINE ( 'NONE', #981, #4653 ) ;
#5738 = EDGE_LOOP ( 'NONE', ( #1102, #219, #4339, #4378 ) ) ;
#5739 = ORIENTED_EDGE ( 'NONE', *, *, #3064, .T. ) ;
#5740 = CARTESIAN_POINT ( 'NONE',  ( -126.7199783325200002, 98.94650268554700290, 9.999999999999996447 ) ) ;
#5741 = EDGE_LOOP ( 'NONE', ( #5408, #1452, #2039, #5624 ) ) ;
#5742 = CARTESIAN_POINT ( 'NONE',  ( -113.9545745849599996, 43.75185394287098717, 9.999999999999996447 ) ) ;
#5743 = EDGE_CURVE ( 'NONE', #232, #4624, #2876, .T. ) ;
#5744 = CARTESIAN_POINT ( 'NONE',  ( -47.98910522460901262, 15.85206127166699908, 9.999999999999996447 ) ) ;
#5745 = EDGE_CURVE ( 'NONE', #5500, #4398, #3766, .T. ) ;
#5746 = VECTOR ( 'NONE', #5103, 1000.000000000000000 ) ;
#5747 = FACE_OUTER_BOUND ( 'NONE', #3129, .T. ) ;
#5748 = AXIS2_PLACEMENT_3D ( 'NONE', #311, #794, #6613 ) ;
#5749 = VERTEX_POINT ( 'NONE', #6714 ) ;
#5750 = AXIS2_PLACEMENT_3D ( 'NONE', #1441, #2447, #3554 ) ;
#5751 = FACE_OUTER_BOUND ( 'NONE', #6369, .T. ) ;
#5752 = ORIENTED_EDGE ( 'NONE', *, *, #3278, .F. ) ;
#5753 = SURFACE_STYLE_USAGE ( .BOTH. , #3623 ) ;
#5754 = AXIS2_PLACEMENT_3D ( 'NONE', #2103, #2169, #1036 ) ;
#5755 = AXIS2_PLACEMENT_3D ( 'NONE', #1683, #4428, #3797 ) ;
#5756 = LINE ( 'NONE', #4572, #1973 ) ;
#5757 = ORIENTED_EDGE ( 'NONE', *, *, #1235, .T. ) ;
#5758 = VECTOR ( 'NONE', #5047, 1000.000000000000000 ) ;
#5759 = CARTESIAN_POINT ( 'NONE',  ( -62.73888397216798296, 32.23841857910200304, 0.000000000000000000 ) ) ;
#5760 = EDGE_LOOP ( 'NONE', ( #3322, #3589 ) ) ;
#5761 = DIRECTION ( 'NONE',  ( -0.000000000000000000, -0.000000000000000000, -1.000000000000000000 ) ) ;
#5762 = ORIENTED_EDGE ( 'NONE', *, *, #811, .T. ) ;
#5763 = DIRECTION ( 'NONE',  ( 1.000000000000000000, 0.000000000000000000, 0.000000000000000000 ) ) ;
#5764 = CIRCLE ( 'NONE', #1658, 1.000000000000000888 ) ;
#5765 = DIRECTION ( 'NONE',  ( -1.000000000000000000, 0.000000000000000000, 0.000000000000000000 ) ) ;
#5766 = CARTESIAN_POINT ( 'NONE',  ( -23.69269180297900590, 16.16301155090300057, 0.000000000000000000 ) ) ;
#5767 = ORIENTED_EDGE ( 'NONE', *, *, #5440, .T. ) ;
#5768 = DIRECTION ( 'NONE',  ( -0.000000000000000000, -0.000000000000000000, -1.000000000000000000 ) ) ;
#5769 = CARTESIAN_POINT ( 'NONE',  ( -72.19956207275401994, 24.29997634887700286, 0.000000000000000000 ) ) ;
#5770 = AXIS2_PLACEMENT_3D ( 'NONE', #3556, #4129, #2064 ) ;
#5771 = DIRECTION ( 'NONE',  ( -0.000000000000000000, 0.000000000000000000, 1.000000000000000000 ) ) ;
#5772 = EDGE_CURVE ( 'NONE', #6005, #1010, #4636, .T. ) ;
#5773 = CYLINDRICAL_SURFACE ( 'NONE', #4212, 1.000000000000000888 ) ;
#5774 = DIRECTION ( 'NONE',  ( -0.000000000000000000, -0.000000000000000000, -1.000000000000000000 ) ) ;
#5775 = ORIENTED_EDGE ( 'NONE', *, *, #5884, .T. ) ;
#5776 = ORIENTED_EDGE ( 'NONE', *, *, #6078, .F. ) ;
#5777 = DIRECTION ( 'NONE',  ( -0.000000000000000000, 0.000000000000000000, 1.000000000000000000 ) ) ;
#5778 = VERTEX_POINT ( 'NONE', #6106 ) ;
#5779 = DIRECTION ( 'NONE',  ( -0.000000000000000000, -0.000000000000000000, -1.000000000000000000 ) ) ;
#5780 = DIRECTION ( 'NONE',  ( -0.000000000000000000, 0.000000000000000000, 1.000000000000000000 ) ) ;
#5781 = AXIS2_PLACEMENT_3D ( 'NONE', #5363, #2191, #6847 ) ;
#5782 = CARTESIAN_POINT ( 'NONE',  ( -153.2567138671799967, 139.9838409423799988, 9.999999999999996447 ) ) ;
#5783 = EDGE_CURVE ( 'NONE', #6809, #201, #5647, .T. ) ;
#5784 = EDGE_CURVE ( 'NONE', #229, #5133, #4089, .T. ) ;
#5785 = VERTEX_POINT ( 'NONE', #6199 ) ;
#5786 = EDGE_CURVE ( 'NONE', #4436, #6082, #6750, .T. ) ;
#5787 = AXIS2_PLACEMENT_3D ( 'NONE', #2497, #428, #1358 ) ;
#5788 = LINE ( 'NONE', #3590, #2411 ) ;
#5789 = CARTESIAN_POINT ( 'NONE',  ( -71.08621215820299710, 89.75415039062501421, 9.999999999999996447 ) ) ;
#5790 =( GEOMETRIC_REPRESENTATION_CONTEXT ( 3 ) GLOBAL_UNCERTAINTY_ASSIGNED_CONTEXT ( ( #5606 ) ) GLOBAL_UNIT_ASSIGNED_CONTEXT ( ( #6289, #1632, #4214 ) ) REPRESENTATION_CONTEXT ( 'NONE', 'WORKASPACE' ) );
#5791 = ADVANCED_FACE ( 'NONE', ( #894 ), #2481, .F. ) ;
#5792 = CARTESIAN_POINT ( 'NONE',  ( -71.08621215820299710, 89.75415039062501421, 9.999999999999996447 ) ) ;
#5793 = ORIENTED_EDGE ( 'NONE', *, *, #5691, .T. ) ;
#5794 = EDGE_LOOP ( 'NONE', ( #347, #2053, #6249, #6362 ) ) ;
#5795 = FACE_OUTER_BOUND ( 'NONE', #5980, .T. ) ;
#5796 = ORIENTED_EDGE ( 'NONE', *, *, #1363, .T. ) ;
#5797 = CARTESIAN_POINT ( 'NONE',  ( -152.0663909912100280, 93.55554199218801159, 0.000000000000000000 ) ) ;
#5798 = AXIS2_PLACEMENT_3D ( 'NONE', #5039, #255, #768 ) ;
#5799 = FACE_BOUND ( 'NONE', #3947, .T. ) ;
#5800 = AXIS2_PLACEMENT_3D ( 'NONE', #6247, #2629, #3047 ) ;
#5801 = DIRECTION ( 'NONE',  ( 1.000000000000000000, 0.000000000000000000, 0.000000000000000000 ) ) ;
#5802 = ORIENTED_EDGE ( 'NONE', *, *, #3654, .F. ) ;
#5803 = ORIENTED_EDGE ( 'NONE', *, *, #4174, .T. ) ;
#5804 = CARTESIAN_POINT ( 'NONE',  ( -23.67391777038599443, 103.9396057128900139, 9.999999999999996447 ) ) ;
#5805 = AXIS2_PLACEMENT_3D ( 'NONE', #4844, #88, #6542 ) ;
#5806 = CYLINDRICAL_SURFACE ( 'NONE', #2102, 1.000000000000000888 ) ;
#5807 = EDGE_LOOP ( 'NONE', ( #1179, #3708 ) ) ;
#5808 = EDGE_LOOP ( 'NONE', ( #3069, #1467, #2054, #6693 ) ) ;
#5809 = CARTESIAN_POINT ( 'NONE',  ( -154.2664947509699971, 91.01554107666001414, 0.000000000000000000 ) ) ;
#5810 = AXIS2_PLACEMENT_3D ( 'NONE', #989, #476, #1023 ) ;
#5811 = ORIENTED_EDGE ( 'NONE', *, *, #5471, .F. ) ;
#5812 = CYLINDRICAL_SURFACE ( 'NONE', #5311, 1.000000000000000888 ) ;
#5813 = CARTESIAN_POINT ( 'NONE',  ( -22.45818710327100831, 62.59131622314498600, 9.999999999999996447 ) ) ;
#5814 = CARTESIAN_POINT ( 'NONE',  ( -61.75449371337899152, 71.04670715332001407, 9.999999999999996447 ) ) ;
#5815 = CIRCLE ( 'NONE', #4478, 1.000000000000000888 ) ;
#5816 = CARTESIAN_POINT ( 'NONE',  ( -127.6887512206999986, 21.32992744445799715, 0.000000000000000000 ) ) ;
#5817 = ORIENTED_EDGE ( 'NONE', *, *, #3393, .F. ) ;
#5818 = CARTESIAN_POINT ( 'NONE',  ( -126.7355880737299998, 137.7547912597600259, 9.999999999999996447 ) ) ;
#5819 = AXIS2_PLACEMENT_3D ( 'NONE', #6183, #4456, #1285 ) ;
#5820 = DIRECTION ( 'NONE',  ( -0.000000000000000000, -0.000000000000000000, -1.000000000000000000 ) ) ;
#5821 = EDGE_CURVE ( 'NONE', #2205, #4374, #1327, .T. ) ;
#5822 = EDGE_CURVE ( 'NONE', #2803, #663, #1579, .T. ) ;
#5823 = DIRECTION ( 'NONE',  ( -0.000000000000000000, -0.000000000000000000, -1.000000000000000000 ) ) ;
#5824 = DIRECTION ( 'NONE',  ( 1.000000000000000000, 0.000000000000000000, 0.000000000000000000 ) ) ;
#5825 = EDGE_CURVE ( 'NONE', #3247, #3844, #585, .T. ) ;
#5826 = DIRECTION ( 'NONE',  ( -0.000000000000000000, -0.000000000000000000, -1.000000000000000000 ) ) ;
#5827 = ORIENTED_EDGE ( 'NONE', *, *, #809, .T. ) ;
#5828 = ORIENTED_EDGE ( 'NONE', *, *, #3234, .F. ) ;
#5829 = CARTESIAN_POINT ( 'NONE',  ( -159.2818843553800150, 5.006115644616000893, 6.999999999999996447 ) ) ;
#5830 = VERTEX_POINT ( 'NONE', #5789 ) ;
#5831 = CARTESIAN_POINT ( 'NONE',  ( -153.0820007324199992, 127.2838211059499685, 0.000000000000000000 ) ) ;
#5832 = CIRCLE ( 'NONE', #3377, 1.000000000000000888 ) ;
#5833 = EDGE_CURVE ( 'NONE', #825, #2429, #3071, .T. ) ;
#5834 = AXIS2_PLACEMENT_3D ( 'NONE', #3419, #4533, #5056 ) ;
#5835 = CARTESIAN_POINT ( 'NONE',  ( -70.08621215820299710, 89.75415039062501421, 9.999999999999996447 ) ) ;
#5836 = ORIENTED_EDGE ( 'NONE', *, *, #5307, .T. ) ;
#5837 = ORIENTED_EDGE ( 'NONE', *, *, #4898, .T. ) ;
#5838 = DIRECTION ( 'NONE',  ( -0.000000000000000000, -0.000000000000000000, -1.000000000000000000 ) ) ;
#5839 = DIRECTION ( 'NONE',  ( 1.000000000000000000, 0.000000000000000000, 0.000000000000000000 ) ) ;
#5840 = AXIS2_PLACEMENT_3D ( 'NONE', #1773, #6015, #4483 ) ;
#5841 = DIRECTION ( 'NONE',  ( 1.000000000000000000, 0.000000000000000000, 0.000000000000000000 ) ) ;
#5842 = DIRECTION ( 'NONE',  ( -0.000000000000000000, -0.000000000000000000, -1.000000000000000000 ) ) ;
#5843 = DIRECTION ( 'NONE',  ( 1.000000000000000000, 0.000000000000000000, 0.000000000000000000 ) ) ;
#5844 = ORIENTED_EDGE ( 'NONE', *, *, #909, .T. ) ;
#5845 = EDGE_LOOP ( 'NONE', ( #4018, #5434, #3669, #4542 ) ) ;
#5846 = CARTESIAN_POINT ( 'NONE',  ( -159.2818843553800150, 5.006115644616000893, 9.999999999999996447 ) ) ;
#5847 = ORIENTED_EDGE ( 'NONE', *, *, #4630, .F. ) ;
#5848 = DIRECTION ( 'NONE',  ( -0.000000000000000000, 0.000000000000000000, 1.000000000000000000 ) ) ;
#5849 = FACE_OUTER_BOUND ( 'NONE', #3346, .T. ) ;
#5850 = CARTESIAN_POINT ( 'NONE',  ( -23.49919891357400559, 91.23958587646500007, 9.999999999999996447 ) ) ;
#5851 = DIRECTION ( 'NONE',  ( 1.000000000000000000, 0.000000000000000000, 0.000000000000000000 ) ) ;
#5852 = VERTEX_POINT ( 'NONE', #1030 ) ;
#5853 = DIRECTION ( 'NONE',  ( -1.000000000000000000, 0.000000000000000000, 0.000000000000000000 ) ) ;
#5854 = ORIENTED_EDGE ( 'NONE', *, *, #2929, .T. ) ;
#5855 = FACE_OUTER_BOUND ( 'NONE', #3291, .T. ) ;
#5856 = AXIS2_PLACEMENT_3D ( 'NONE', #6488, #4958, #4407 ) ;
#5857 = DIRECTION ( 'NONE',  ( -0.000000000000000000, 0.000000000000000000, 1.000000000000000000 ) ) ;
#5858 = DIRECTION ( 'NONE',  ( -1.000000000000000000, 0.000000000000000000, 0.000000000000000000 ) ) ;
#5859 = VECTOR ( 'NONE', #5004, 1000.000000000000000 ) ;
#5860 = VECTOR ( 'NONE', #1262, 1000.000000000000000 ) ;
#5861 = EDGE_CURVE ( 'NONE', #4825, #6704, #3663, .T. ) ;
#5862 = DIRECTION ( 'NONE',  ( 1.000000000000000000, 0.000000000000000000, 0.000000000000000000 ) ) ;
#5863 = EDGE_CURVE ( 'NONE', #6487, #2843, #2105, .T. ) ;
#5864 = EDGE_LOOP ( 'NONE', ( #5174, #271 ) ) ;
#5865 = ORIENTED_EDGE ( 'NONE', *, *, #5523, .F. ) ;
#5866 = DIRECTION ( 'NONE',  ( -0.000000000000000000, -0.000000000000000000, -1.000000000000000000 ) ) ;
#5867 = AXIS2_PLACEMENT_3D ( 'NONE', #827, #3878, #3945 ) ;
#5868 = ORIENTED_EDGE ( 'NONE', *, *, #54, .F. ) ;
#5869 = CYLINDRICAL_SURFACE ( 'NONE', #5534, 1.000000000000000888 ) ;
#5870 = MANIFOLD_SOLID_BREP ( '\X2\52079664\X0\-\X2\62c94f38\X0\1', #5397 ) ;
#5871 = AXIS2_PLACEMENT_3D ( 'NONE', #617, #3897, #2161 ) ;
#5872 = ADVANCED_FACE ( 'NONE', ( #1547 ), #5264, .F. ) ;
#5873 = ADVANCED_FACE ( 'NONE', ( #5855 ), #6853, .F. ) ;
#5874 = ORIENTED_EDGE ( 'NONE', *, *, #24, .T. ) ;
#5875 = AXIS2_PLACEMENT_3D ( 'NONE', #2024, #438, #3132 ) ;
#5876 = CARTESIAN_POINT ( 'NONE',  ( -113.9858016967699825, 121.3684310913000246, 9.999999999999996447 ) ) ;
#5877 = ORIENTED_EDGE ( 'NONE', *, *, #268, .F. ) ;
#5878 = ORIENTED_EDGE ( 'NONE', *, *, #6243, .F. ) ;
#5879 = DIRECTION ( 'NONE',  ( -0.000000000000000000, -0.000000000000000000, -1.000000000000000000 ) ) ;
#5880 = ADVANCED_FACE ( 'NONE', ( #2653 ), #6342, .F. ) ;
#5881 = FACE_BOUND ( 'NONE', #2038, .T. ) ;
#5882 = CIRCLE ( 'NONE', #557, 1.000000000000000888 ) ;
#5883 = DIRECTION ( 'NONE',  ( -1.000000000000000000, 0.000000000000000000, 0.000000000000000000 ) ) ;
#5884 = EDGE_CURVE ( 'NONE', #1466, #4419, #3170, .T. ) ;
#5885 = DIRECTION ( 'NONE',  ( -0.000000000000000000, -0.000000000000000000, -1.000000000000000000 ) ) ;
#5886 = ORIENTED_EDGE ( 'NONE', *, *, #1455, .F. ) ;
#5887 = EDGE_LOOP ( 'NONE', ( #6187, #6283, #4484, #2833 ) ) ;
#5888 = LINE ( 'NONE', #3753, #2946 ) ;
#5889 = VECTOR ( 'NONE', #1405, 1000.000000000000000 ) ;
#5890 = CARTESIAN_POINT ( 'NONE',  ( -25.65830802917498588, 65.13131713867201711, 9.999999999999996447 ) ) ;
#5891 = CARTESIAN_POINT ( 'NONE',  ( -70.07060241699200276, 50.94586563110399879, 0.000000000000000000 ) ) ;
#5892 = CARTESIAN_POINT ( 'NONE',  ( -152.0820007324199992, 132.3638305663999688, 9.999999999999996447 ) ) ;
#5893 = AXIS2_PLACEMENT_3D ( 'NONE', #92, #4299, #6374 ) ;
#5894 = EDGE_LOOP ( 'NONE', ( #4541, #350, #4261, #1921 ) ) ;
#5895 = CIRCLE ( 'NONE', #6765, 1.000000000000000888 ) ;
#5896 = CARTESIAN_POINT ( 'NONE',  ( -151.0319824218700262, 137.4438476562500284, 9.999999999999996447 ) ) ;
#5897 = FACE_OUTER_BOUND ( 'NONE', #3744, .T. ) ;
#5898 = AXIS2_PLACEMENT_3D ( 'NONE', #4529, #2267, #1894 ) ;
#5899 = DIRECTION ( 'NONE',  ( -0.000000000000000000, -0.000000000000000000, 1.000000000000000000 ) ) ;
#5900 = AXIS2_PLACEMENT_3D ( 'NONE', #5179, #6126, #6668 ) ;
#5901 = LINE ( 'NONE', #6858, #4423 ) ;
#5902 = ORIENTED_EDGE ( 'NONE', *, *, #2414, .F. ) ;
#5903 = ORIENTED_EDGE ( 'NONE', *, *, #3440, .F. ) ;
#5904 = CARTESIAN_POINT ( 'NONE',  ( -105.6228561401299970, 25.04441070556600479, 0.000000000000000000 ) ) ;
#5905 = ORIENTED_EDGE ( 'NONE', *, *, #2898, .T. ) ;
#5906 = DIRECTION ( 'NONE',  ( -0.000000000000000000, -0.000000000000000000, -1.000000000000000000 ) ) ;
#5907 = FACE_BOUND ( 'NONE', #2805, .T. ) ;
#5908 = EDGE_LOOP ( 'NONE', ( #3820, #4096, #2031, #4650 ) ) ;
#5909 = ORIENTED_EDGE ( 'NONE', *, *, #4934, .F. ) ;
#5910 = CARTESIAN_POINT ( 'NONE',  ( -62.77010726928697437, 109.8549957275300244, 0.000000000000000000 ) ) ;
#5911 = FACE_BOUND ( 'NONE', #5535, .T. ) ;
#5912 = EDGE_CURVE ( 'NONE', #2792, #5544, #5541, .T. ) ;
#5913 = ADVANCED_FACE ( 'NONE', ( #5335 ), #2162, .F. ) ;
#5914 = CARTESIAN_POINT ( 'NONE',  ( 0.000000000000000000, 0.000000000000000000, 0.000000000000000000 ) ) ;
#5915 = ADVANCED_FACE ( 'NONE', ( #5897 ), #5197, .F. ) ;
#5916 = DIRECTION ( 'NONE',  ( -1.000000000000000000, 0.000000000000000000, 0.000000000000000000 ) ) ;
#5917 = CARTESIAN_POINT ( 'NONE',  ( -24.72391319274899857, 93.77958679199200276, 9.999999999999996447 ) ) ;
#5918 = ORIENTED_EDGE ( 'NONE', *, *, #2208, .F. ) ;
#5919 = ORIENTED_EDGE ( 'NONE', *, *, #6571, .F. ) ;
#5920 = CYLINDRICAL_SURFACE ( 'NONE', #3384, 1.599999999999997202 ) ;
#5921 = AXIS2_PLACEMENT_3D ( 'NONE', #3569, #940, #6800 ) ;
#5922 = CARTESIAN_POINT ( 'NONE',  ( -69.07060241699200276, 50.94586563110399879, 0.000000000000000000 ) ) ;
#5923 = DIRECTION ( 'NONE',  ( -0.000000000000000000, 0.000000000000000000, 1.000000000000000000 ) ) ;
#5924 = EDGE_CURVE ( 'NONE', #4687, #5852, #1893, .T. ) ;
#5925 = DIRECTION ( 'NONE',  ( -0.000000000000000000, -0.000000000000000000, -1.000000000000000000 ) ) ;
#5926 = AXIS2_PLACEMENT_3D ( 'NONE', #3899, #4335, #647 ) ;
#5927 = EDGE_LOOP ( 'NONE', ( #4946, #1165 ) ) ;
#5928 = CARTESIAN_POINT ( 'NONE',  ( -152.0351562500000284, 10.85895442962599766, 9.999999999999996447 ) ) ;
#5929 = DIRECTION ( 'NONE',  ( 1.000000000000000000, 0.000000000000000000, 0.000000000000000000 ) ) ;
#5930 = DIRECTION ( 'NONE',  ( -1.000000000000000000, 0.000000000000000000, 0.000000000000000000 ) ) ;
#5931 = VERTEX_POINT ( 'NONE', #6474 ) ;
#5932 = ORIENTED_EDGE ( 'NONE', *, *, #1702, .T. ) ;
#5933 = ORIENTED_EDGE ( 'NONE', *, *, #3859, .T. ) ;
#5934 = FACE_OUTER_BOUND ( 'NONE', #6662, .T. ) ;
#5935 = ORIENTED_EDGE ( 'NONE', *, *, #1184, .F. ) ;
#5936 = DIRECTION ( 'NONE',  ( -0.000000000000000000, 0.000000000000000000, 1.000000000000000000 ) ) ;
#5937 = EDGE_LOOP ( 'NONE', ( #3220, #791, #2569, #4108 ) ) ;
#5938 = CARTESIAN_POINT ( 'NONE',  ( -22.48940849304198508, 135.1278839111299988, 0.000000000000000000 ) ) ;
#5939 = VERTEX_POINT ( 'NONE', #4235 ) ;
#5940 = CARTESIAN_POINT ( 'NONE',  ( -50.00470733642600862, 54.66035079956099452, 0.000000000000000000 ) ) ;
#5941 = FACE_BOUND ( 'NONE', #2949, .T. ) ;
#5942 = AXIS2_PLACEMENT_3D ( 'NONE', #3172, #5297, #5337 ) ;
#5943 = CARTESIAN_POINT ( 'NONE',  ( -151.9851531982400275, 21.01897430419899493, 0.000000000000000000 ) ) ;
#5944 = DIRECTION ( 'NONE',  ( 1.000000000000000000, 0.000000000000000000, 0.000000000000000000 ) ) ;
#5945 = ORIENTED_EDGE ( 'NONE', *, *, #6287, .F. ) ;
#5946 = ADVANCED_FACE ( 'NONE', ( #3284 ), #5432, .F. ) ;
#5947 = EDGE_LOOP ( 'NONE', ( #348, #2781 ) ) ;
#5948 = DIRECTION ( 'NONE',  ( -1.000000000000000000, 0.000000000000000000, 0.000000000000000000 ) ) ;
#5949 = EDGE_CURVE ( 'NONE', #4643, #3180, #2689, .T. ) ;
#5950 = AXIS2_PLACEMENT_3D ( 'NONE', #5846, #3199, #4834 ) ;
#5951 = CARTESIAN_POINT ( 'NONE',  ( -25.69269180297900590, 16.16301155090300057, 9.999999999999996447 ) ) ;
#5952 = ADVANCED_FACE ( 'NONE', ( #552 ), #651, .F. ) ;
#5953 = CARTESIAN_POINT ( 'NONE',  ( -151.0507659912100280, 54.74725341796900580, 9.999999999999996447 ) ) ;
#5954 = EDGE_LOOP ( 'NONE', ( #2829, #6555, #6583, #2675 ) ) ;
#5955 = EDGE_CURVE ( 'NONE', #217, #5293, #2199, .T. ) ;
#5956 = DIRECTION ( 'NONE',  ( -0.000000000000000000, -0.000000000000000000, -1.000000000000000000 ) ) ;
#5957 = CARTESIAN_POINT ( 'NONE',  ( -128.7043685912999820, 60.13821411132799710, 9.999999999999996447 ) ) ;
#5958 = EDGE_CURVE ( 'NONE', #6511, #1588, #5218, .T. ) ;
#5959 = DIRECTION ( 'NONE',  ( -1.128484796917769133E-17, -1.000000000000000000, 0.000000000000000000 ) ) ;
#5960 = EDGE_LOOP ( 'NONE', ( #6147, #623, #3254, #4498 ) ) ;
#5961 = ORIENTED_EDGE ( 'NONE', *, *, #4084, .F. ) ;
#5962 = EDGE_CURVE ( 'NONE', #825, #3997, #1445, .T. ) ;
#5963 = AXIS2_PLACEMENT_3D ( 'NONE', #727, #1765, #1306 ) ;
#5964 = CARTESIAN_POINT ( 'NONE',  ( -21.48940849304197087, 140.2078857421799682, 0.000000000000000000 ) ) ;
#5965 = CARTESIAN_POINT ( 'NONE',  ( -49.00470733642600862, 54.66035079956099452, 9.999999999999996447 ) ) ;
#5966 = VERTEX_POINT ( 'NONE', #3801 ) ;
#5967 = LINE ( 'NONE', #3906, #6107 ) ;
#5968 = AXIS2_PLACEMENT_3D ( 'NONE', #6447, #4887, #2824 ) ;
#5969 = ORIENTED_EDGE ( 'NONE', *, *, #5693, .T. ) ;
#5970 = AXIS2_PLACEMENT_3D ( 'NONE', #1769, #2354, #4550 ) ;
#5971 = EDGE_LOOP ( 'NONE', ( #2170, #4218, #2486, #3771 ) ) ;
#5972 = CARTESIAN_POINT ( 'NONE',  ( -49.00470733642600862, 54.66035079956099452, 0.000000000000000000 ) ) ;
#5973 = EDGE_LOOP ( 'NONE', ( #5324, #5828 ) ) ;
#5974 = CIRCLE ( 'NONE', #2194, 1.000000000000000888 ) ;
#5975 = FACE_BOUND ( 'NONE', #1625, .T. ) ;
#5976 = AXIS2_PLACEMENT_3D ( 'NONE', #63, #1617, #2658 ) ;
#5977 = CIRCLE ( 'NONE', #5207, 1.000000000000000888 ) ;
#5978 = LINE ( 'NONE', #3887, #5859 ) ;
#5979 = CARTESIAN_POINT ( 'NONE',  ( -23.68952941894498920, 142.7478942870999958, 9.999999999999996447 ) ) ;
#5980 = EDGE_LOOP ( 'NONE', ( #3911, #6678, #861, #828 ) ) ;
#5981 = VERTEX_POINT ( 'NONE', #61 ) ;
#5982 = CARTESIAN_POINT ( 'NONE',  ( -126.7043685912999962, 60.13821411132799710, 9.999999999999996447 ) ) ;
#5983 = LINE ( 'NONE', #2227, #6366 ) ;
#5984 = VECTOR ( 'NONE', #2979, 1000.000000000000000 ) ;
#5985 = CARTESIAN_POINT ( 'NONE',  ( -104.5251312255799974, 129.3068695068300258, 0.000000000000000000 ) ) ;
#5986 = AXIS2_PLACEMENT_3D ( 'NONE', #4854, #4169, #4890 ) ;
#5987 = ORIENTED_EDGE ( 'NONE', *, *, #3051, .F. ) ;
#5988 = CYLINDRICAL_SURFACE ( 'NONE', #5871, 1.000000000000000888 ) ;
#5989 = DIRECTION ( 'NONE',  ( -0.000000000000000000, -0.000000000000000000, -1.000000000000000000 ) ) ;
#5990 = AXIS2_PLACEMENT_3D ( 'NONE', #3662, #481, #2032 ) ;
#5991 = ADVANCED_FACE ( 'NONE', ( #1064 ), #2167, .F. ) ;
#5992 = EDGE_CURVE ( 'NONE', #4605, #6832, #2322, .T. ) ;
#5993 = CARTESIAN_POINT ( 'NONE',  ( -18.63240926640897399, 158.7275907335900058, 9.999999999999996447 ) ) ;
#5994 = EDGE_CURVE ( 'NONE', #806, #3571, #2882, .T. ) ;
#5995 = EDGE_LOOP ( 'NONE', ( #29, #3163, #5211, #899 ) ) ;
#5996 = VERTEX_POINT ( 'NONE', #3833 ) ;
#5997 = CIRCLE ( 'NONE', #5898, 1.000000000000000888 ) ;
#5998 = CARTESIAN_POINT ( 'NONE',  ( -72.21517181396500007, 63.10826492309600155, 9.999999999999996447 ) ) ;
#5999 = EDGE_LOOP ( 'NONE', ( #2338, #3447, #5969, #4748 ) ) ;
#6000 = CARTESIAN_POINT ( 'NONE',  ( -72.21517181396500007, 63.10826492309600155, 9.999999999999996447 ) ) ;
#6001 = EDGE_CURVE ( 'NONE', #1017, #1110, #460, .T. ) ;
#6002 = CIRCLE ( 'NONE', #2668, 4.998409266409246321 ) ;
#6003 = DIRECTION ( 'NONE',  ( -0.000000000000000000, 0.000000000000000000, 1.000000000000000000 ) ) ;
#6004 = ORIENTED_EDGE ( 'NONE', *, *, #5480, .T. ) ;
#6005 = VERTEX_POINT ( 'NONE', #3173 ) ;
#6006 = LINE ( 'NONE', #1238, #2402 ) ;
#6007 = ORIENTED_EDGE ( 'NONE', *, *, #2838, .F. ) ;
#6008 = AXIS2_PLACEMENT_3D ( 'NONE', #1425, #3542, #5667 ) ;
#6009 = DIRECTION ( 'NONE',  ( 1.000000000000000000, 0.000000000000000000, 0.000000000000000000 ) ) ;
#6010 = DIRECTION ( 'NONE',  ( -0.000000000000000000, 0.000000000000000000, 1.000000000000000000 ) ) ;
#6011 = CARTESIAN_POINT ( 'NONE',  ( -49.03593063354500003, 132.2769317626899976, 0.000000000000000000 ) ) ;
#6012 = DIRECTION ( 'NONE',  ( 1.000000000000000000, 0.000000000000000000, 0.000000000000000000 ) ) ;
#6013 = ORIENTED_EDGE ( 'NONE', *, *, #692, .T. ) ;
#6014 = VERTEX_POINT ( 'NONE', #2137 ) ;
#6015 = DIRECTION ( 'NONE',  ( -0.000000000000000000, 0.000000000000000000, 1.000000000000000000 ) ) ;
#6016 = ORIENTED_EDGE ( 'NONE', *, *, #4588, .F. ) ;
#6017 = DIRECTION ( 'NONE',  ( 1.000000000000000000, 0.000000000000000000, 0.000000000000000000 ) ) ;
#6018 = DIRECTION ( 'NONE',  ( -0.000000000000000000, -0.000000000000000000, -1.000000000000000000 ) ) ;
#6019 = CARTESIAN_POINT ( 'NONE',  ( -114.9389648437500142, 4.943568706511997313, 0.000000000000000000 ) ) ;
#6020 = ORIENTED_EDGE ( 'NONE', *, *, #3901, .T. ) ;
#6021 = CYLINDRICAL_SURFACE ( 'NONE', #6740, 1.000000000000000888 ) ;
#6022 = DIRECTION ( 'NONE',  ( 0.000000000000000000, 0.000000000000000000, 1.000000000000000000 ) ) ;
#6023 = CARTESIAN_POINT ( 'NONE',  ( -106.6696853637699718, 141.4692840576099968, 9.999999999999996447 ) ) ;
#6024 = ORIENTED_EDGE ( 'NONE', *, *, #4390, .F. ) ;
#6025 = EDGE_LOOP ( 'NONE', ( #2740, #1347 ) ) ;
#6026 = EDGE_CURVE ( 'NONE', #6128, #4600, #6763, .T. ) ;
#6027 = CARTESIAN_POINT ( 'NONE',  ( -24.63163185119600485, 21.41612434387199926, 0.000000000000000000 ) ) ;
#6028 = CIRCLE ( 'NONE', #50, 1.000000000000000888 ) ;
#6029 = EDGE_CURVE ( 'NONE', #5448, #1966, #2554, .T. ) ;
#6030 = ORIENTED_EDGE ( 'NONE', *, *, #3392, .F. ) ;
#6031 = LINE ( 'NONE', #691, #890 ) ;
#6032 = EDGE_CURVE ( 'NONE', #5130, #4349, #1556, .T. ) ;
#6033 = AXIS2_PLACEMENT_3D ( 'NONE', #6696, #6150, #1387 ) ;
#6034 = ORIENTED_EDGE ( 'NONE', *, *, #4620, .F. ) ;
#6035 = VERTEX_POINT ( 'NONE', #4744 ) ;
#6036 = DIRECTION ( 'NONE',  ( -0.000000000000000000, 0.000000000000000000, 1.000000000000000000 ) ) ;
#6037 = ADVANCED_FACE ( 'NONE', ( #130 ), #2233, .F. ) ;
#6038 = ORIENTED_EDGE ( 'NONE', *, *, #5510, .T. ) ;
#6039 = DIRECTION ( 'NONE',  ( 1.000000000000000000, 0.000000000000000000, 0.000000000000000000 ) ) ;
#6040 = FACE_OUTER_BOUND ( 'NONE', #5808, .T. ) ;
#6041 = FACE_OUTER_BOUND ( 'NONE', #1385, .T. ) ;
#6042 = LINE ( 'NONE', #2318, #2112 ) ;
#6043 = ORIENTED_EDGE ( 'NONE', *, *, #4355, .F. ) ;
#6044 = ORIENTED_EDGE ( 'NONE', *, *, #4463, .T. ) ;
#6045 = CYLINDRICAL_SURFACE ( 'NONE', #2952, 1.000000000000000888 ) ;
#6046 = ORIENTED_EDGE ( 'NONE', *, *, #5601, .T. ) ;
#6047 = DIRECTION ( 'NONE',  ( -1.000000000000000000, 0.000000000000000000, 0.000000000000000000 ) ) ;
#6048 = CIRCLE ( 'NONE', #69, 1.000000000000000888 ) ;
#6049 = FACE_OUTER_BOUND ( 'NONE', #5557, .T. ) ;
#6050 = CARTESIAN_POINT ( 'NONE',  ( -73.23078155517598020, 101.9165573120100134, 9.999999999999996447 ) ) ;
#6051 = CIRCLE ( 'NONE', #3054, 1.000000000000000888 ) ;
#6052 = CARTESIAN_POINT ( 'NONE',  ( -23.64269638061500345, 26.32303047180200295, 9.999999999999996447 ) ) ;
#6053 = VERTEX_POINT ( 'NONE', #1259 ) ;
#6054 = DIRECTION ( 'NONE',  ( -0.000000000000000000, 0.000000000000000000, 1.000000000000000000 ) ) ;
#6055 = CARTESIAN_POINT ( 'NONE',  ( -23.63163185119600129, 21.41612434387199926, 9.999999999999996447 ) ) ;
#6056 = DIRECTION ( 'NONE',  ( -0.000000000000000000, 0.000000000000000000, 1.000000000000000000 ) ) ;
#6057 = VECTOR ( 'NONE', #155, 1000.000000000000000 ) ;
#6058 = FACE_OUTER_BOUND ( 'NONE', #1356, .T. ) ;
#6059 = ORIENTED_EDGE ( 'NONE', *, *, #357, .T. ) ;
#6060 = ORIENTED_EDGE ( 'NONE', *, *, #6754, .F. ) ;
#6061 = DIRECTION ( 'NONE',  ( 1.000000000000000000, 0.000000000000000000, 0.000000000000000000 ) ) ;
#6062 = CARTESIAN_POINT ( 'NONE',  ( -107.6696853637699718, 141.4692840576099968, 9.999999999999996447 ) ) ;
#6063 = EDGE_LOOP ( 'NONE', ( #2987, #716, #3666, #3922 ) ) ;
#6064 = CARTESIAN_POINT ( 'NONE',  ( -152.0319824218700262, 137.4438476562500284, 9.999999999999996447 ) ) ;
#6065 = EDGE_CURVE ( 'NONE', #6489, #2320, #5435, .T. ) ;
#6066 = FACE_BOUND ( 'NONE', #2586, .T. ) ;
#6067 = ORIENTED_EDGE ( 'NONE', *, *, #2508, .F. ) ;
#6068 = ORIENTED_EDGE ( 'NONE', *, *, #1885, .T. ) ;
#6069 = CARTESIAN_POINT ( 'NONE',  ( -12.63411564461600101, 5.006115644616000893, 6.999999999999996447 ) ) ;
#6070 = ORIENTED_EDGE ( 'NONE', *, *, #5182, .F. ) ;
#6071 = DIRECTION ( 'NONE',  ( -0.000000000000000000, -0.000000000000000000, -1.000000000000000000 ) ) ;
#6072 = FACE_BOUND ( 'NONE', #3631, .T. ) ;
#6073 = CIRCLE ( 'NONE', #3072, 1.000000000000000888 ) ;
#6074 = EDGE_CURVE ( 'NONE', #6275, #4823, #1007, .T. ) ;
#6075 = EDGE_CURVE ( 'NONE', #2453, #6277, #6509, .T. ) ;
#6076 = CIRCLE ( 'NONE', #3981, 1.599999999999998979 ) ;
#6077 = CARTESIAN_POINT ( 'NONE',  ( -22.48358726501501081, 52.43129348754900576, 0.000000000000000000 ) ) ;
#6078 = EDGE_CURVE ( 'NONE', #4825, #5155, #5495, .T. ) ;
#6079 = VECTOR ( 'NONE', #4820, 1000.000000000000000 ) ;
#6080 = DIRECTION ( 'NONE',  ( 1.000000000000000000, 0.000000000000000000, 0.000000000000000000 ) ) ;
#6081 = ORIENTED_EDGE ( 'NONE', *, *, #6827, .F. ) ;
#6082 = VERTEX_POINT ( 'NONE', #2820 ) ;
#6083 = DIRECTION ( 'NONE',  ( -0.000000000000000000, 0.000000000000000000, 1.000000000000000000 ) ) ;
#6084 = AXIS2_PLACEMENT_3D ( 'NONE', #3768, #2722, #5862 ) ;
#6085 = ORIENTED_EDGE ( 'NONE', *, *, #482, .F. ) ;
#6086 = FACE_OUTER_BOUND ( 'NONE', #3527, .T. ) ;
#6087 = AXIS2_PLACEMENT_3D ( 'NONE', #2132, #6306, #547 ) ;
#6088 = ADVANCED_FACE ( 'NONE', ( #3868 ), #1854, .F. ) ;
#6089 = DIRECTION ( 'NONE',  ( -0.000000000000000000, 0.000000000000000000, 1.000000000000000000 ) ) ;
#6090 = AXIS2_PLACEMENT_3D ( 'NONE', #5525, #3406, #3965 ) ;
#6091 = AXIS2_PLACEMENT_3D ( 'NONE', #4842, #5261, #5528 ) ;
#6092 = CARTESIAN_POINT ( 'NONE',  ( -105.6479949951099968, 51.94300079345699572, 9.999999999999996447 ) ) ;
#6093 = ORIENTED_EDGE ( 'NONE', *, *, #5016, .T. ) ;
#6094 = VECTOR ( 'NONE', #5547, 1000.000000000000000 ) ;
#6095 = DIRECTION ( 'NONE',  ( -1.000000000000000000, 0.000000000000000000, 0.000000000000000000 ) ) ;
#6096 = CARTESIAN_POINT ( 'NONE',  ( -23.65830802917498588, 65.13131713867201711, 9.999999999999996447 ) ) ;
#6097 = CARTESIAN_POINT ( 'NONE',  ( -25.70830154418900193, 54.97129821777300407, 0.000000000000000000 ) ) ;
#6098 = VECTOR ( 'NONE', #6223, 1000.000000000000000 ) ;
#6099 = AXIS2_PLACEMENT_3D ( 'NONE', #1316, #3433, #2388 ) ;
#6100 = DIRECTION ( 'NONE',  ( -0.000000000000000000, -0.000000000000000000, -1.000000000000000000 ) ) ;
#6101 = VECTOR ( 'NONE', #1089, 1000.000000000000000 ) ;
#6102 = EDGE_LOOP ( 'NONE', ( #5496, #3828 ) ) ;
#6103 = CYLINDRICAL_SURFACE ( 'NONE', #5834, 1.000000000000000888 ) ;
#6104 = CARTESIAN_POINT ( 'NONE',  ( -23.68952941894498920, 142.7478942870999958, 0.000000000000000000 ) ) ;
#6105 = ORIENTED_EDGE ( 'NONE', *, *, #3066, .T. ) ;
#6106 = CARTESIAN_POINT ( 'NONE',  ( -23.51480865478498927, 130.0478668212800244, 0.000000000000000000 ) ) ;
#6107 = VECTOR ( 'NONE', #2796, 1000.000000000000000 ) ;
#6108 =( GEOMETRIC_REPRESENTATION_CONTEXT ( 3 ) GLOBAL_UNCERTAINTY_ASSIGNED_CONTEXT ( ( #6644 ) ) GLOBAL_UNIT_ASSIGNED_CONTEXT ( ( #4265, #450, #4811 ) ) REPRESENTATION_CONTEXT ( 'NONE', 'WORKASPACE' ) );
#6109 = CARTESIAN_POINT ( 'NONE',  ( -106.6384658813399824, 63.85269927978499993, 0.000000000000000000 ) ) ;
#6110 = VERTEX_POINT ( 'NONE', #2403 ) ;
#6111 = ORIENTED_EDGE ( 'NONE', *, *, #4465, .F. ) ;
#6112 = FACE_OUTER_BOUND ( 'NONE', #335, .T. ) ;
#6113 = ORIENTED_EDGE ( 'NONE', *, *, #277, .F. ) ;
#6114 = CARTESIAN_POINT ( 'NONE',  ( -159.2835907335899606, 158.7275907335900058, 0.000000000000000000 ) ) ;
#6115 = FACE_BOUND ( 'NONE', #3366, .T. ) ;
#6116 = CARTESIAN_POINT ( 'NONE',  ( -113.9545745849599996, 43.75185394287098717, 9.999999999999996447 ) ) ;
#6117 = AXIS2_PLACEMENT_3D ( 'NONE', #5456, #2325, #294 ) ;
#6118 = DIRECTION ( 'NONE',  ( -0.000000000000000000, -0.000000000000000000, -1.000000000000000000 ) ) ;
#6119 = ORIENTED_EDGE ( 'NONE', *, *, #231, .T. ) ;
#6120 = EDGE_LOOP ( 'NONE', ( #1828, #5854, #1865, #5886 ) ) ;
#6121 = CARTESIAN_POINT ( 'NONE',  ( -104.6479949951099968, 51.94300079345699572, 9.999999999999996447 ) ) ;
#6122 = EDGE_CURVE ( 'NONE', #2674, #5166, #2776, .T. ) ;
#6123 = ORIENTED_EDGE ( 'NONE', *, *, #2937, .F. ) ;
#6124 = DIRECTION ( 'NONE',  ( 0.000000000000000000, 0.000000000000000000, 1.000000000000000000 ) ) ;
#6125 = EDGE_CURVE ( 'NONE', #5201, #6477, #5003, .T. ) ;
#6126 = DIRECTION ( 'NONE',  ( -0.000000000000000000, 0.000000000000000000, 1.000000000000000000 ) ) ;
#6127 = CARTESIAN_POINT ( 'NONE',  ( -72.21517181396500007, 63.10826492309600155, 0.000000000000000000 ) ) ;
#6128 = VERTEX_POINT ( 'NONE', #3453 ) ;
#6129 = VERTEX_POINT ( 'NONE', #5993 ) ;
#6130 = DIRECTION ( 'NONE',  ( -0.000000000000000000, -0.000000000000000000, -1.000000000000000000 ) ) ;
#6131 = ADVANCED_FACE ( 'NONE', ( #6573 ), #750, .F. ) ;
#6132 = FACE_OUTER_BOUND ( 'NONE', #96, .T. ) ;
#6133 = CARTESIAN_POINT ( 'NONE',  ( -15.63411564461599923, 5.006115644616000893, 9.999999999999996447 ) ) ;
#6134 = ORIENTED_EDGE ( 'NONE', *, *, #3520, .T. ) ;
#6135 = CARTESIAN_POINT ( 'NONE',  ( -71.19956207275401994, 24.29997634887700286, 9.999999999999996447 ) ) ;
#6136 = ORIENTED_EDGE ( 'NONE', *, *, #2681, .T. ) ;
#6137 = DIRECTION ( 'NONE',  ( -0.000000000000000000, 0.000000000000000000, 1.000000000000000000 ) ) ;
#6138 = EDGE_LOOP ( 'NONE', ( #6059, #4181, #4376, #2020 ) ) ;
#6139 = ORIENTED_EDGE ( 'NONE', *, *, #811, .F. ) ;
#6140 = DIRECTION ( 'NONE',  ( -0.000000000000000000, -0.000000000000000000, -1.000000000000000000 ) ) ;
#6141 = EDGE_LOOP ( 'NONE', ( #931, #787, #2239, #3463 ) ) ;
#6142 = CARTESIAN_POINT ( 'NONE',  ( -22.44257545471200999, 23.78302574157699922, 0.000000000000000000 ) ) ;
#6143 = FACE_BOUND ( 'NONE', #1717, .T. ) ;
#6144 = CIRCLE ( 'NONE', #4037, 1.599999999999990319 ) ;
#6145 = FACE_OUTER_BOUND ( 'NONE', #6859, .T. ) ;
#6146 = ORIENTED_EDGE ( 'NONE', *, *, #6451, .F. ) ;
#6147 = ORIENTED_EDGE ( 'NONE', *, *, #5014, .T. ) ;
#6148 = DIRECTION ( 'NONE',  ( 1.000000000000000000, 0.000000000000000000, 0.000000000000000000 ) ) ;
#6149 = AXIS2_PLACEMENT_3D ( 'NONE', #3855, #5923, #3340 ) ;
#6150 = DIRECTION ( 'NONE',  ( -0.000000000000000000, -0.000000000000000000, -1.000000000000000000 ) ) ;
#6151 = DIRECTION ( 'NONE',  ( -0.000000000000000000, 0.000000000000000000, 1.000000000000000000 ) ) ;
#6152 = ADVANCED_FACE ( 'NONE', ( #3972 ), #1368, .F. ) ;
#6153 = CARTESIAN_POINT ( 'NONE',  ( -128.7043685912999820, 60.13821411132799710, 0.000000000000000000 ) ) ;
#6154 = ADVANCED_FACE ( 'NONE', ( #6058 ), #715, .F. ) ;
#6155 = CARTESIAN_POINT ( 'NONE',  ( -106.6696853637699718, 141.4692840576099968, 0.000000000000000000 ) ) ;
#6156 = EDGE_LOOP ( 'NONE', ( #6267, #2307 ) ) ;
#6157 = ORIENTED_EDGE ( 'NONE', *, *, #4417, .T. ) ;
#6158 = DIRECTION ( 'NONE',  ( -1.000000000000000000, 0.000000000000000000, 0.000000000000000000 ) ) ;
#6159 = CARTESIAN_POINT ( 'NONE',  ( -72.23078155517598020, 101.9165573120100134, 9.999999999999996447 ) ) ;
#6160 = CARTESIAN_POINT ( 'NONE',  ( -113.9858016967699825, 121.3684310913000246, 9.999999999999996447 ) ) ;
#6161 = AXIS2_PLACEMENT_3D ( 'NONE', #1053, #5777, #3161 ) ;
#6162 = EDGE_CURVE ( 'NONE', #5055, #2996, #5997, .T. ) ;
#6163 = EDGE_CURVE ( 'NONE', #418, #583, #5665, .T. ) ;
#6164 = VERTEX_POINT ( 'NONE', #3413 ) ;
#6165 = EDGE_CURVE ( 'NONE', #4710, #5102, #2857, .T. ) ;
#6166 = CARTESIAN_POINT ( 'NONE',  ( -164.2819999999999538, -2.966235830515918007E-14, 9.999999999999996447 ) ) ;
#6167 = ORIENTED_EDGE ( 'NONE', *, *, #447, .F. ) ;
#6168 = FACE_OUTER_BOUND ( 'NONE', #1479, .T. ) ;
#6169 = AXIS2_PLACEMENT_3D ( 'NONE', #1150, #4801, #6465 ) ;
#6170 = VECTOR ( 'NONE', #6664, 1000.000000000000000 ) ;
#6171 = DIRECTION ( 'NONE',  ( 1.000000000000000000, 0.000000000000000000, 0.000000000000000000 ) ) ;
#6172 = ORIENTED_EDGE ( 'NONE', *, *, #1184, .T. ) ;
#6173 = VERTEX_POINT ( 'NONE', #5533 ) ;
#6174 = DIRECTION ( 'NONE',  ( -1.000000000000000000, 0.000000000000000000, 0.000000000000000000 ) ) ;
#6175 = EDGE_LOOP ( 'NONE', ( #2230, #5587, #3197, #4184 ) ) ;
#6176 = CARTESIAN_POINT ( 'NONE',  ( -18.63411564461599923, 5.006115644616000893, 6.999999999999996447 ) ) ;
#6177 = CYLINDRICAL_SURFACE ( 'NONE', #629, 1.000000000000000888 ) ;
#6178 = DIRECTION ( 'NONE',  ( 1.000000000000000000, 0.000000000000000000, 0.000000000000000000 ) ) ;
#6179 = FACE_OUTER_BOUND ( 'NONE', #5346, .T. ) ;
#6180 = VERTEX_POINT ( 'NONE', #2336 ) ;
#6181 = VERTEX_POINT ( 'NONE', #4464 ) ;
#6182 = CARTESIAN_POINT ( 'NONE',  ( -24.65830802917498588, 65.13131713867201711, 9.999999999999996447 ) ) ;
#6183 = CARTESIAN_POINT ( 'NONE',  ( -159.2835907335899606, 158.7275907335900058, 6.999999999999996447 ) ) ;
#6184 = CYLINDRICAL_SURFACE ( 'NONE', #6008, 1.000000000000000888 ) ;
#6185 = VECTOR ( 'NONE', #1299, 1000.000000000000000 ) ;
#6186 = CARTESIAN_POINT ( 'NONE',  ( -152.0663909912100280, 93.55554199218801159, 9.999999999999996447 ) ) ;
#6187 = ORIENTED_EDGE ( 'NONE', *, *, #736, .F. ) ;
#6188 = ORIENTED_EDGE ( 'NONE', *, *, #4179, .F. ) ;
#6189 = AXIS2_PLACEMENT_3D ( 'NONE', #929, #6272, #3039 ) ;
#6190 = ORIENTED_EDGE ( 'NONE', *, *, #307, .F. ) ;
#6191 = FACE_OUTER_BOUND ( 'NONE', #5090, .T. ) ;
#6192 = DIRECTION ( 'NONE',  ( -0.000000000000000000, -0.000000000000000000, -1.000000000000000000 ) ) ;
#6193 = CIRCLE ( 'NONE', #763, 1.000000000000000888 ) ;
#6194 = CARTESIAN_POINT ( 'NONE',  ( -24.70830154418900193, 54.97129821777300407, 9.999999999999996447 ) ) ;
#6195 = CIRCLE ( 'NONE', #3200, 1.000000000000000888 ) ;
#6196 = EDGE_LOOP ( 'NONE', ( #511, #4889 ) ) ;
#6197 = DIRECTION ( 'NONE',  ( 1.000000000000000000, 0.000000000000000000, 0.000000000000000000 ) ) ;
#6198 = ORIENTED_EDGE ( 'NONE', *, *, #5784, .T. ) ;
#6199 = CARTESIAN_POINT ( 'NONE',  ( -153.2410888671799682, 101.1755599975499820, 0.000000000000000000 ) ) ;
#6200 = EDGE_CURVE ( 'NONE', #3961, #5143, #1336, .T. ) ;
#6201 = ADVANCED_FACE ( 'NONE', ( #5568 ), #819, .F. ) ;
#6202 = AXIS2_PLACEMENT_3D ( 'NONE', #3597, #3565, #4138 ) ;
#6203 = EDGE_CURVE ( 'NONE', #418, #5683, #4566, .T. ) ;
#6204 = DIRECTION ( 'NONE',  ( -0.000000000000000000, -0.000000000000000000, -1.000000000000000000 ) ) ;
#6205 = VERTEX_POINT ( 'NONE', #4158 ) ;
#6206 = AXIS2_PLACEMENT_3D ( 'NONE', #5093, #2449, #928 ) ;
#6207 = ORIENTED_EDGE ( 'NONE', *, *, #809, .F. ) ;
#6208 = DIRECTION ( 'NONE',  ( -0.000000000000000000, -0.000000000000000000, -1.000000000000000000 ) ) ;
#6209 = EDGE_LOOP ( 'NONE', ( #840, #4021, #1515, #4362 ) ) ;
#6210 = DIRECTION ( 'NONE',  ( 0.000000000000000000, 0.000000000000000000, 1.000000000000000000 ) ) ;
#6211 = EDGE_CURVE ( 'NONE', #4366, #5253, #2558, .T. ) ;
#6212 = CARTESIAN_POINT ( 'NONE',  ( -152.0351562500000284, 10.85895442962599766, 9.999999999999996447 ) ) ;
#6213 = STYLED_ITEM ( 'NONE', ( #6400 ), #5870 ) ;
#6214 = FACE_OUTER_BOUND ( 'NONE', #1665, .T. ) ;
#6215 = LINE ( 'NONE', #6320, #2582 ) ;
#6216 = ORIENTED_EDGE ( 'NONE', *, *, #6535, .T. ) ;
#6217 = ORIENTED_EDGE ( 'NONE', *, *, #2295, .T. ) ;
#6218 = CARTESIAN_POINT ( 'NONE',  ( -24.69269180297900590, 16.16301155090300057, 9.999999999999996447 ) ) ;
#6219 = CIRCLE ( 'NONE', #3776, 1.000000000000000888 ) ;
#6220 = CARTESIAN_POINT ( 'NONE',  ( -10.63399999999999856, 5.006115644616000893, 9.999999999999996447 ) ) ;
#6221 = DIRECTION ( 'NONE',  ( -0.000000000000000000, 0.000000000000000000, 1.000000000000000000 ) ) ;
#6222 = CIRCLE ( 'NONE', #5232, 1.000000000000000888 ) ;
#6223 = DIRECTION ( 'NONE',  ( -0.000000000000000000, -0.000000000000000000, -1.000000000000000000 ) ) ;
#6224 = ORIENTED_EDGE ( 'NONE', *, *, #2131, .F. ) ;
#6225 = ORIENTED_EDGE ( 'NONE', *, *, #6535, .F. ) ;
#6226 = DIRECTION ( 'NONE',  ( -0.000000000000000000, 0.000000000000000000, 1.000000000000000000 ) ) ;
#6227 = VERTEX_POINT ( 'NONE', #4667 ) ;
#6228 = DIRECTION ( 'NONE',  ( -0.000000000000000000, 0.000000000000000000, 1.000000000000000000 ) ) ;
#6229 = CARTESIAN_POINT ( 'NONE',  ( -23.45818710327099410, 57.51130294799799714, 0.000000000000000000 ) ) ;
#6230 = CARTESIAN_POINT ( 'NONE',  ( -22.51480865478498572, 130.0478668212800244, 9.999999999999996447 ) ) ;
#6231 = DIRECTION ( 'NONE',  ( -0.000000000000000000, 0.000000000000000000, 1.000000000000000000 ) ) ;
#6232 = ORIENTED_EDGE ( 'NONE', *, *, #6624, .T. ) ;
#6233 = CARTESIAN_POINT ( 'NONE',  ( -15.63240926640897399, 163.7259999999995159, 0.000000000000000000 ) ) ;
#6234 = DIRECTION ( 'NONE',  ( 1.000000000000000000, 0.000000000000000000, 0.000000000000000000 ) ) ;
#6235 = EDGE_CURVE ( 'NONE', #1136, #3100, #1224, .T. ) ;
#6236 = FACE_OUTER_BOUND ( 'NONE', #2691, .T. ) ;
#6237 = ADVANCED_FACE ( 'NONE', ( #850 ), #2581, .F. ) ;
#6238 = ORIENTED_EDGE ( 'NONE', *, *, #6032, .F. ) ;
#6239 = ORIENTED_EDGE ( 'NONE', *, *, #6125, .F. ) ;
#6240 = CARTESIAN_POINT ( 'NONE',  ( -159.2818843553800150, 5.006115644616000893, 6.999999999999996447 ) ) ;
#6241 = CIRCLE ( 'NONE', #3250, 1.000000000000000888 ) ;
#6242 = EDGE_LOOP ( 'NONE', ( #2048, #1929 ) ) ;
#6243 = EDGE_CURVE ( 'NONE', #1051, #5966, #5677, .T. ) ;
#6244 = CARTESIAN_POINT ( 'NONE',  ( -25.67391777038599443, 98.85959625244100835, 0.000000000000000000 ) ) ;
#6245 = DIRECTION ( 'NONE',  ( -0.000000000000000000, 0.000000000000000000, 1.000000000000000000 ) ) ;
#6246 = EDGE_CURVE ( 'NONE', #5212, #2661, #4701, .T. ) ;
#6247 = CARTESIAN_POINT ( 'NONE',  ( -24.65830802917500009, 60.05131149291999293, 0.000000000000000000 ) ) ;
#6248 = ORIENTED_EDGE ( 'NONE', *, *, #4426, .T. ) ;
#6249 = ORIENTED_EDGE ( 'NONE', *, *, #1963, .T. ) ;
#6250 = CYLINDRICAL_SURFACE ( 'NONE', #5171, 1.000000000000000888 ) ;
#6251 = EDGE_CURVE ( 'NONE', #3124, #2120, #1218, .T. ) ;
#6252 = AXIS2_PLACEMENT_3D ( 'NONE', #6159, #6603, #1852 ) ;
#6253 = DIRECTION ( 'NONE',  ( -0.000000000000000000, 0.000000000000000000, 1.000000000000000000 ) ) ;
#6254 = CARTESIAN_POINT ( 'NONE',  ( -73.23078155517598020, 101.9165573120100134, 9.999999999999996447 ) ) ;
#6255 = VECTOR ( 'NONE', #5361, 1000.000000000000000 ) ;
#6256 = CARTESIAN_POINT ( 'NONE',  ( -25.68952941894499276, 142.7478942870999958, 0.000000000000000000 ) ) ;
#6257 = CARTESIAN_POINT ( 'NONE',  ( -104.5251312255799974, 129.3068695068300258, 9.999999999999996447 ) ) ;
#6258 = ORIENTED_EDGE ( 'NONE', *, *, #2327, .T. ) ;
#6259 = EDGE_LOOP ( 'NONE', ( #893, #3040, #6024, #5193 ) ) ;
#6260 = DIRECTION ( 'NONE',  ( -0.000000000000000000, 0.000000000000000000, 1.000000000000000000 ) ) ;
#6261 = ORIENTED_EDGE ( 'NONE', *, *, #4633, .F. ) ;
#6262 = CARTESIAN_POINT ( 'NONE',  ( -71.24639129638698876, 140.7248382568299974, 9.999999999999996447 ) ) ;
#6263 = FACE_OUTER_BOUND ( 'NONE', #4443, .T. ) ;
#6264 = DIRECTION ( 'NONE',  ( -0.000000000000000000, -0.000000000000000000, -1.000000000000000000 ) ) ;
#6265 = LINE ( 'NONE', #1472, #6770 ) ;
#6266 = AXIS2_PLACEMENT_3D ( 'NONE', #6771, #1980, #5839 ) ;
#6267 = ORIENTED_EDGE ( 'NONE', *, *, #6830, .T. ) ;
#6268 = CARTESIAN_POINT ( 'NONE',  ( -127.7199783325200002, 98.94650268554700290, 9.999999999999996447 ) ) ;
#6269 = ORIENTED_EDGE ( 'NONE', *, *, #2128, .T. ) ;
#6270 = DIRECTION ( 'NONE',  ( 1.000000000000000000, 0.000000000000000000, 0.000000000000000000 ) ) ;
#6271 = AXIS2_PLACEMENT_3D ( 'NONE', #2457, #2352, #1242 ) ;
#6272 = DIRECTION ( 'NONE',  ( -0.000000000000000000, 0.000000000000000000, 1.000000000000000000 ) ) ;
#6273 = ORIENTED_EDGE ( 'NONE', *, *, #6544, .T. ) ;
#6274 = AXIS2_PLACEMENT_3D ( 'NONE', #2676, #538, #2641 ) ;
#6275 = VERTEX_POINT ( 'NONE', #923 ) ;
#6276 = DIRECTION ( 'NONE',  ( -0.000000000000000000, -0.000000000000000000, -1.000000000000000000 ) ) ;
#6277 = VERTEX_POINT ( 'NONE', #3620 ) ;
#6278 = DIRECTION ( 'NONE',  ( 1.000000000000000000, 0.000000000000000000, 0.000000000000000000 ) ) ;
#6279 = EDGE_CURVE ( 'NONE', #2430, #6479, #3113, .T. ) ;
#6280 = CIRCLE ( 'NONE', #3288, 1.000000000000000888 ) ;
#6281 = FACE_BOUND ( 'NONE', #6595, .T. ) ;
#6282 = CARTESIAN_POINT ( 'NONE',  ( -62.73888397216798296, 32.23841857910200304, 9.999999999999996447 ) ) ;
#6283 = ORIENTED_EDGE ( 'NONE', *, *, #3018, .T. ) ;
#6284 = DIRECTION ( 'NONE',  ( 1.000000000000000000, 0.000000000000000000, 0.000000000000000000 ) ) ;
#6285 = CIRCLE ( 'NONE', #413, 1.000000000000000888 ) ;
#6286 = LINE ( 'NONE', #1081, #4383 ) ;
#6287 = EDGE_CURVE ( 'NONE', #3332, #415, #6265, .T. ) ;
#6288 = EDGE_CURVE ( 'NONE', #6164, #2943, #6546, .T. ) ;
#6289 =( LENGTH_UNIT ( ) NAMED_UNIT ( * ) SI_UNIT ( .MILLI., .METRE. ) );
#6290 = EDGE_CURVE ( 'NONE', #4710, #2607, #1896, .T. ) ;
#6291 = CARTESIAN_POINT ( 'NONE',  ( -154.2508850097599975, 52.20724868774399852, 9.999999999999996447 ) ) ;
#6292 = VECTOR ( 'NONE', #1173, 1000.000000000000000 ) ;
#6293 = DIRECTION ( 'NONE',  ( -0.000000000000000000, -0.000000000000000000, -1.000000000000000000 ) ) ;
#6294 = ORIENTED_EDGE ( 'NONE', *, *, #2459, .F. ) ;
#6295 = EDGE_LOOP ( 'NONE', ( #3048, #4668, #2077, #4292 ) ) ;
#6296 = LINE ( 'NONE', #3456, #2827 ) ;
#6297 = VERTEX_POINT ( 'NONE', #2027 ) ;
#6298 = CARTESIAN_POINT ( 'NONE',  ( -21.49919891357400559, 91.23958587646500007, 9.999999999999996447 ) ) ;
#6299 = CYLINDRICAL_SURFACE ( 'NONE', #4266, 1.000000000000000888 ) ;
#6300 = ADVANCED_FACE ( 'NONE', ( #5747 ), #4083, .F. ) ;
#6301 = CIRCLE ( 'NONE', #3516, 1.000000000000000888 ) ;
#6302 = CARTESIAN_POINT ( 'NONE',  ( -15.63240926640897399, 158.7275907335900058, 9.999999999999996447 ) ) ;
#6303 = AXIS2_PLACEMENT_3D ( 'NONE', #2704, #4320, #1210 ) ;
#6304 = VERTEX_POINT ( 'NONE', #3002 ) ;
#6305 = AXIS2_PLACEMENT_3D ( 'NONE', #4160, #4230, #3109 ) ;
#6306 = DIRECTION ( 'NONE',  ( -0.000000000000000000, -0.000000000000000000, -1.000000000000000000 ) ) ;
#6307 = CIRCLE ( 'NONE', #4530, 1.000000000000000888 ) ;
#6308 = AXIS2_PLACEMENT_3D ( 'NONE', #6569, #4982, #782 ) ;
#6309 = DIRECTION ( 'NONE',  ( -0.000000000000000000, -0.000000000000000000, -1.000000000000000000 ) ) ;
#6310 = ORIENTED_EDGE ( 'NONE', *, *, #2242, .F. ) ;
#6311 = CIRCLE ( 'NONE', #5316, 4.998409266409246321 ) ;
#6312 = AXIS2_PLACEMENT_3D ( 'NONE', #4072, #1426, #3577 ) ;
#6313 = ORIENTED_EDGE ( 'NONE', *, *, #2966, .F. ) ;
#6314 = CARTESIAN_POINT ( 'NONE',  ( -107.6228561401299970, 25.04441070556600479, 0.000000000000000000 ) ) ;
#6315 = EDGE_LOOP ( 'NONE', ( #1622, #5245 ) ) ;
#6316 = FACE_OUTER_BOUND ( 'NONE', #5954, .T. ) ;
#6317 = AXIS2_PLACEMENT_3D ( 'NONE', #386, #1380, #1937 ) ;
#6318 = AXIS2_PLACEMENT_3D ( 'NONE', #3978, #6137, #4537 ) ;
#6319 = FACE_BOUND ( 'NONE', #5760, .T. ) ;
#6320 = CARTESIAN_POINT ( 'NONE',  ( -164.2819999999999823, 158.7275907335900058, 9.999999999999996447 ) ) ;
#6321 = ORIENTED_EDGE ( 'NONE', *, *, #5924, .F. ) ;
#6322 = CARTESIAN_POINT ( 'NONE',  ( -153.0820007324199992, 127.2838211059499685, 9.999999999999996447 ) ) ;
#6323 = CARTESIAN_POINT ( 'NONE',  ( -154.2352752685499979, 13.39896011352499627, 9.999999999999996447 ) ) ;
#6324 = CIRCLE ( 'NONE', #3327, 1.000000000000000888 ) ;
#6325 = CARTESIAN_POINT ( 'NONE',  ( -152.0663909912099996, 88.47553253173801124, 9.999999999999996447 ) ) ;
#6326 = VERTEX_POINT ( 'NONE', #338 ) ;
#6327 = EDGE_CURVE ( 'NONE', #6464, #527, #5442, .T. ) ;
#6328 = ORIENTED_EDGE ( 'NONE', *, *, #2679, .T. ) ;
#6329 = DIRECTION ( 'NONE',  ( 1.000000000000000000, 0.000000000000000000, 0.000000000000000000 ) ) ;
#6330 = EDGE_CURVE ( 'NONE', #4916, #2759, #6219, .T. ) ;
#6331 = ORIENTED_EDGE ( 'NONE', *, *, #6075, .F. ) ;
#6332 = CARTESIAN_POINT ( 'NONE',  ( -21.47379875183100140, 96.31959533691403408, 0.000000000000000000 ) ) ;
#6333 = LINE ( 'NONE', #957, #5620 ) ;
#6334 = DIRECTION ( 'NONE',  ( 1.000000000000000000, 0.000000000000000000, 0.000000000000000000 ) ) ;
#6335 = ADVANCED_FACE ( 'NONE', ( #4047 ), #374, .F. ) ;
#6336 = VECTOR ( 'NONE', #2711, 1000.000000000000000 ) ;
#6337 = DIRECTION ( 'NONE',  ( 1.000000000000000000, 0.000000000000000000, 0.000000000000000000 ) ) ;
#6338 = ORIENTED_EDGE ( 'NONE', *, *, #6579, .F. ) ;
#6339 = ADVANCED_FACE ( 'NONE', ( #4597 ), #6708, .F. ) ;
#6340 = AXIS2_PLACEMENT_3D ( 'NONE', #4559, #5628, #3091 ) ;
#6341 = CYLINDRICAL_SURFACE ( 'NONE', #3084, 1.000000000000000888 ) ;
#6342 = CYLINDRICAL_SURFACE ( 'NONE', #4228, 1.000000000000000888 ) ;
#6343 = CARTESIAN_POINT ( 'NONE',  ( -48.02031707763698876, 93.46864318847700304, 9.999999999999996447 ) ) ;
#6344 = CARTESIAN_POINT ( 'NONE',  ( -106.6384658813399824, 63.85269927978499993, 0.000000000000000000 ) ) ;
#6345 = CARTESIAN_POINT ( 'NONE',  ( -152.0351562500000284, 10.85895442962599766, 9.999999999999996447 ) ) ;
#6346 = ORIENTED_EDGE ( 'NONE', *, *, #3951, .F. ) ;
#6347 = ORIENTED_EDGE ( 'NONE', *, *, #3234, .T. ) ;
#6348 = DIRECTION ( 'NONE',  ( -0.000000000000000000, -0.000000000000000000, -1.000000000000000000 ) ) ;
#6349 = ORIENTED_EDGE ( 'NONE', *, *, #946, .F. ) ;
#6350 = DIRECTION ( 'NONE',  ( -0.000000000000000000, -0.000000000000000000, -1.000000000000000000 ) ) ;
#6351 = DIRECTION ( 'NONE',  ( -0.000000000000000000, 0.000000000000000000, 1.000000000000000000 ) ) ;
#6352 = VERTEX_POINT ( 'NONE', #6743 ) ;
#6353 = CARTESIAN_POINT ( 'NONE',  ( -154.2254791259699971, 62.36726760864300445, 0.000000000000000000 ) ) ;
#6354 = DIRECTION ( 'NONE',  ( -0.000000000000000000, 0.000000000000000000, 1.000000000000000000 ) ) ;
#6355 = VECTOR ( 'NONE', #3880, 1000.000000000000000 ) ;
#6356 = DIRECTION ( 'NONE',  ( 1.000000000000000000, 0.000000000000000000, 0.000000000000000000 ) ) ;
#6357 = DIRECTION ( 'NONE',  ( -0.000000000000000000, 0.000000000000000000, 1.000000000000000000 ) ) ;
#6358 = ORIENTED_EDGE ( 'NONE', *, *, #3901, .F. ) ;
#6359 = VERTEX_POINT ( 'NONE', #53 ) ;
#6360 = DIRECTION ( 'NONE',  ( 1.000000000000000000, 0.000000000000000000, 0.000000000000000000 ) ) ;
#6361 = CIRCLE ( 'NONE', #3362, 1.000000000000000888 ) ;
#6362 = ORIENTED_EDGE ( 'NONE', *, *, #5185, .F. ) ;
#6363 = CARTESIAN_POINT ( 'NONE',  ( -72.24639129638698876, 140.7248382568299974, 9.999999999999996447 ) ) ;
#6364 = DIRECTION ( 'NONE',  ( -0.000000000000000000, -0.000000000000000000, -1.000000000000000000 ) ) ;
#6365 = EDGE_CURVE ( 'NONE', #256, #5133, #4780, .T. ) ;
#6366 = VECTOR ( 'NONE', #1679, 1000.000000000000000 ) ;
#6367 = EDGE_CURVE ( 'NONE', #42, #449, #1093, .T. ) ;
#6368 = FACE_OUTER_BOUND ( 'NONE', #2727, .T. ) ;
#6369 = EDGE_LOOP ( 'NONE', ( #5987, #900, #3892, #3268 ) ) ;
#6370 = DIRECTION ( 'NONE',  ( -0.000000000000000000, -0.000000000000000000, -1.000000000000000000 ) ) ;
#6371 = DIRECTION ( 'NONE',  ( -0.000000000000000000, 0.000000000000000000, 1.000000000000000000 ) ) ;
#6372 = EDGE_CURVE ( 'NONE', #6180, #6489, #5292, .T. ) ;
#6373 = EDGE_CURVE ( 'NONE', #4357, #4190, #1778, .T. ) ;
#6374 = DIRECTION ( 'NONE',  ( 1.000000000000000000, 0.000000000000000000, 0.000000000000000000 ) ) ;
#6375 = EDGE_CURVE ( 'NONE', #4374, #2205, #3227, .T. ) ;
#6376 = DIRECTION ( 'NONE',  ( 1.000000000000000000, 0.000000000000000000, 0.000000000000000000 ) ) ;
#6377 = ORIENTED_EDGE ( 'NONE', *, *, #3055, .F. ) ;
#6378 = ORIENTED_EDGE ( 'NONE', *, *, #2839, .F. ) ;
#6379 = DIRECTION ( 'NONE',  ( -0.000000000000000000, -0.000000000000000000, -1.000000000000000000 ) ) ;
#6380 = ORIENTED_EDGE ( 'NONE', *, *, #3237, .F. ) ;
#6381 = DIRECTION ( 'NONE',  ( -0.000000000000000000, 0.000000000000000000, 1.000000000000000000 ) ) ;
#6382 = CIRCLE ( 'NONE', #5942, 1.000000000000000888 ) ;
#6383 = ORIENTED_EDGE ( 'NONE', *, *, #5733, .T. ) ;
#6384 = ORIENTED_EDGE ( 'NONE', *, *, #3859, .F. ) ;
#6385 = DIRECTION ( 'NONE',  ( -0.000000000000000000, -0.000000000000000000, -1.000000000000000000 ) ) ;
#6386 = CARTESIAN_POINT ( 'NONE',  ( -22.51480865478498572, 130.0478668212800244, 0.000000000000000000 ) ) ;
#6387 = CIRCLE ( 'NONE', #4291, 1.000000000000000888 ) ;
#6388 = PRODUCT_CONTEXT ( 'NONE', #4067, 'mechanical' ) ;
#6389 = CARTESIAN_POINT ( 'NONE',  ( -61.77010726928697437, 109.8549957275300244, 9.999999999999996447 ) ) ;
#6390 = DIRECTION ( 'NONE',  ( -0.000000000000000000, -0.000000000000000000, -1.000000000000000000 ) ) ;
#6391 = ORIENTED_EDGE ( 'NONE', *, *, #3183, .F. ) ;
#6392 = EDGE_LOOP ( 'NONE', ( #143, #4841, #1272, #5040 ) ) ;
#6393 = DIRECTION ( 'NONE',  ( -1.000000000000000000, 0.000000000000000000, 0.000000000000000000 ) ) ;
#6394 = DIRECTION ( 'NONE',  ( -1.000000000000000000, 0.000000000000000000, 0.000000000000000000 ) ) ;
#6395 = DIRECTION ( 'NONE',  ( -1.000000000000000000, 0.000000000000000000, 0.000000000000000000 ) ) ;
#6396 = DIRECTION ( 'NONE',  ( -0.000000000000000000, 0.000000000000000000, 1.000000000000000000 ) ) ;
#6397 = LINE ( 'NONE', #2613, #6336 ) ;
#6398 = ORIENTED_EDGE ( 'NONE', *, *, #1616, .T. ) ;
#6399 = DIRECTION ( 'NONE',  ( -0.000000000000000000, 0.000000000000000000, 1.000000000000000000 ) ) ;
#6400 = PRESENTATION_STYLE_ASSIGNMENT (( #5753 ) ) ;
#6401 = CARTESIAN_POINT ( 'NONE',  ( -112.9545745849599996, 43.75185394287098717, 0.000000000000000000 ) ) ;
#6402 = DIRECTION ( 'NONE',  ( -0.000000000000000000, 0.000000000000000000, 1.000000000000000000 ) ) ;
#6403 = AXIS2_PLACEMENT_3D ( 'NONE', #3394, #5479, #4580 ) ;
#6404 = CIRCLE ( 'NONE', #1303, 1.000000000000000888 ) ;
#6405 = CARTESIAN_POINT ( 'NONE',  ( -24.64269638061500345, 26.32303047180200295, 9.999999999999996447 ) ) ;
#6406 = EDGE_LOOP ( 'NONE', ( #6338, #5919 ) ) ;
#6407 = ORIENTED_EDGE ( 'NONE', *, *, #6421, .T. ) ;
#6408 = EDGE_CURVE ( 'NONE', #1249, #1290, #5549, .T. ) ;
#6409 = CYLINDRICAL_SURFACE ( 'NONE', #5406, 1.000000000000000888 ) ;
#6410 = EDGE_CURVE ( 'NONE', #3974, #1228, #4560, .T. ) ;
#6411 = AXIS2_PLACEMENT_3D ( 'NONE', #6755, #1478, #2588 ) ;
#6412 = VERTEX_POINT ( 'NONE', #4774 ) ;
#6413 = DIRECTION ( 'NONE',  ( -0.000000000000000000, -0.000000000000000000, -1.000000000000000000 ) ) ;
#6414 = EDGE_CURVE ( 'NONE', #5996, #5010, #6397, .T. ) ;
#6415 = AXIS2_PLACEMENT_3D ( 'NONE', #1847, #1949, #917 ) ;
#6416 = FACE_BOUND ( 'NONE', #2013, .T. ) ;
#6417 = EDGE_LOOP ( 'NONE', ( #2817, #5302, #392, #2964 ) ) ;
#6418 = CIRCLE ( 'NONE', #2532, 1.000000000000000888 ) ;
#6419 = ORIENTED_EDGE ( 'NONE', *, *, #5275, .F. ) ;
#6420 = FACE_OUTER_BOUND ( 'NONE', #1576, .T. ) ;
#6421 = EDGE_CURVE ( 'NONE', #4957, #1017, #85, .T. ) ;
#6422 = FACE_BOUND ( 'NONE', #2913, .T. ) ;
#6423 = VECTOR ( 'NONE', #5001, 1000.000000000000000 ) ;
#6424 = DIRECTION ( 'NONE',  ( -1.000000000000000000, 0.000000000000000000, 0.000000000000000000 ) ) ;
#6425 = CYLINDRICAL_SURFACE ( 'NONE', #1220, 1.000000000000000888 ) ;
#6426 = ORIENTED_EDGE ( 'NONE', *, *, #1235, .F. ) ;
#6427 = ORIENTED_EDGE ( 'NONE', *, *, #2502, .T. ) ;
#6428 = CYLINDRICAL_SURFACE ( 'NONE', #5950, 1.599999999999990319 ) ;
#6429 = VECTOR ( 'NONE', #659, 1000.000000000000000 ) ;
#6430 = CARTESIAN_POINT ( 'NONE',  ( -72.24639129638698876, 140.7248382568299974, 9.999999999999996447 ) ) ;
#6431 = DIRECTION ( 'NONE',  ( -0.000000000000000000, 0.000000000000000000, 1.000000000000000000 ) ) ;
#6432 = DIRECTION ( 'NONE',  ( 1.000000000000000000, 0.000000000000000000, 0.000000000000000000 ) ) ;
#6433 = DIRECTION ( 'NONE',  ( -0.000000000000000000, 0.000000000000000000, 1.000000000000000000 ) ) ;
#6434 = VECTOR ( 'NONE', #4396, 1000.000000000000000 ) ;
#6435 = EDGE_LOOP ( 'NONE', ( #2285, #2177 ) ) ;
#6436 = AXIS2_PLACEMENT_3D ( 'NONE', #3396, #4452, #2912 ) ;
#6437 = CARTESIAN_POINT ( 'NONE',  ( -73.19956207275401994, 24.29997634887700286, 9.999999999999996447 ) ) ;
#6438 = CYLINDRICAL_SURFACE ( 'NONE', #4295, 1.000000000000000888 ) ;
#6439 = LINE ( 'NONE', #3799, #2916 ) ;
#6440 = AXIS2_PLACEMENT_3D ( 'NONE', #3246, #4361, #5851 ) ;
#6441 = DIRECTION ( 'NONE',  ( -0.000000000000000000, 0.000000000000000000, 1.000000000000000000 ) ) ;
#6442 = CIRCLE ( 'NONE', #4900, 1.000000000000000888 ) ;
#6443 = ORIENTED_EDGE ( 'NONE', *, *, #2176, .F. ) ;
#6444 = CARTESIAN_POINT ( 'NONE',  ( -152.0163726806600266, 98.63555145263703139, 0.000000000000000000 ) ) ;
#6445 = ORIENTED_EDGE ( 'NONE', *, *, #3699, .T. ) ;
#6446 = VERTEX_POINT ( 'NONE', #5331 ) ;
#6447 = CARTESIAN_POINT ( 'NONE',  ( -22.44257545471200999, 18.70301628112799719, 9.999999999999996447 ) ) ;
#6448 = ORIENTED_EDGE ( 'NONE', *, *, #612, .T. ) ;
#6449 = DIRECTION ( 'NONE',  ( -0.000000000000000000, 0.000000000000000000, 1.000000000000000000 ) ) ;
#6450 = EDGE_CURVE ( 'NONE', #2357, #6514, #3166, .T. ) ;
#6451 = EDGE_CURVE ( 'NONE', #1600, #410, #4330, .T. ) ;
#6452 = FACE_BOUND ( 'NONE', #3852, .T. ) ;
#6453 = ORIENTED_EDGE ( 'NONE', *, *, #896, .T. ) ;
#6454 = EDGE_CURVE ( 'NONE', #5268, #5099, #4893, .T. ) ;
#6455 = DIRECTION ( 'NONE',  ( 0.000000000000000000, 0.000000000000000000, 1.000000000000000000 ) ) ;
#6456 = VERTEX_POINT ( 'NONE', #3276 ) ;
#6457 = CARTESIAN_POINT ( 'NONE',  ( -153.0319824218700262, 137.4438476562500284, 9.999999999999996447 ) ) ;
#6458 = FACE_BOUND ( 'NONE', #5181, .T. ) ;
#6459 = ADVANCED_FACE ( 'NONE', ( #6368 ), #2129, .F. ) ;
#6460 = LINE ( 'NONE', #1703, #3077 ) ;
#6461 = EDGE_CURVE ( 'NONE', #2540, #3636, #3553, .T. ) ;
#6462 = FACE_OUTER_BOUND ( 'NONE', #4800, .T. ) ;
#6463 = ORIENTED_EDGE ( 'NONE', *, *, #4127, .F. ) ;
#6464 = VERTEX_POINT ( 'NONE', #543 ) ;
#6465 = DIRECTION ( 'NONE',  ( 1.000000000000000000, 0.000000000000000000, 0.000000000000000000 ) ) ;
#6466 = CIRCLE ( 'NONE', #1033, 1.000000000000000888 ) ;
#6467 = CARTESIAN_POINT ( 'NONE',  ( -23.48358726501501081, 52.43129348754900576, 9.999999999999996447 ) ) ;
#6468 = CARTESIAN_POINT ( 'NONE',  ( -47.98910522460901262, 15.85206127166699908, 9.999999999999996447 ) ) ;
#6469 = VECTOR ( 'NONE', #681, 1000.000000000000000 ) ;
#6470 = ORIENTED_EDGE ( 'NONE', *, *, #4430, .T. ) ;
#6471 = CARTESIAN_POINT ( 'NONE',  ( -164.2819999999999538, -2.966235830515918007E-14, 9.999999999999996447 ) ) ;
#6472 = LINE ( 'NONE', #1257, #2587 ) ;
#6473 = VECTOR ( 'NONE', #4873, 1000.000000000000000 ) ;
#6474 = CARTESIAN_POINT ( 'NONE',  ( -105.6696853637699718, 141.4692840576099968, 9.999999999999996447 ) ) ;
#6475 = ORIENTED_EDGE ( 'NONE', *, *, #2679, .F. ) ;
#6476 = AXIS2_PLACEMENT_3D ( 'NONE', #1155, #2744, #1776 ) ;
#6477 = VERTEX_POINT ( 'NONE', #1606 ) ;
#6478 = CARTESIAN_POINT ( 'NONE',  ( -153.2352752685500263, 18.47896957397500017, 9.999999999999996447 ) ) ;
#6479 = VERTEX_POINT ( 'NONE', #582 ) ;
#6480 = DIRECTION ( 'NONE',  ( -0.000000000000000000, -0.000000000000000000, -1.000000000000000000 ) ) ;
#6481 = VERTEX_POINT ( 'NONE', #2682 ) ;
#6482 = DIRECTION ( 'NONE',  ( 0.000000000000000000, 0.000000000000000000, 1.000000000000000000 ) ) ;
#6483 = FACE_BOUND ( 'NONE', #6156, .T. ) ;
#6484 = ORIENTED_EDGE ( 'NONE', *, *, #6032, .T. ) ;
#6485 = CARTESIAN_POINT ( 'NONE',  ( -23.44257545471200999, 23.78302574157699922, 0.000000000000000000 ) ) ;
#6486 = CIRCLE ( 'NONE', #508, 1.000000000000000888 ) ;
#6487 = VERTEX_POINT ( 'NONE', #1711 ) ;
#6488 = CARTESIAN_POINT ( 'NONE',  ( -24.68952941894499276, 142.7478942870999958, 0.000000000000000000 ) ) ;
#6489 = VERTEX_POINT ( 'NONE', #1642 ) ;
#6490 = EDGE_CURVE ( 'NONE', #1588, #6511, #6222, .T. ) ;
#6491 = DIRECTION ( 'NONE',  ( 0.000000000000000000, 0.000000000000000000, 1.000000000000000000 ) ) ;
#6492 = CIRCLE ( 'NONE', #293, 1.000000000000000888 ) ;
#6493 = CARTESIAN_POINT ( 'NONE',  ( -23.63163185119600129, 21.41612434387199926, 0.000000000000000000 ) ) ;
#6494 = CARTESIAN_POINT ( 'NONE',  ( -152.0820007324199992, 127.2838211059499685, 9.999999999999996447 ) ) ;
#6495 = ORIENTED_EDGE ( 'NONE', *, *, #2124, .F. ) ;
#6496 = ORIENTED_EDGE ( 'NONE', *, *, #6579, .T. ) ;
#6497 = CARTESIAN_POINT ( 'NONE',  ( -112.9389648437500142, 4.943568706511997313, 9.999999999999996447 ) ) ;
#6498 = CIRCLE ( 'NONE', #6715, 1.000000000000000888 ) ;
#6499 = EDGE_CURVE ( 'NONE', #3180, #918, #4565, .T. ) ;
#6500 = ADVANCED_FACE ( 'NONE', ( #1026 ), #1158, .F. ) ;
#6501 = CARTESIAN_POINT ( 'NONE',  ( -69.10182952880897744, 128.5624389648399983, 9.999999999999996447 ) ) ;
#6502 = EDGE_CURVE ( 'NONE', #433, #4632, #3452, .T. ) ;
#6503 = CARTESIAN_POINT ( 'NONE',  ( -62.75449371337899152, 71.04670715332001407, 9.999999999999996447 ) ) ;
#6504 = ORIENTED_EDGE ( 'NONE', *, *, #2502, .F. ) ;
#6505 = DIRECTION ( 'NONE',  ( -0.000000000000000000, -0.000000000000000000, -1.000000000000000000 ) ) ;
#6506 = ADVANCED_FACE ( 'NONE', ( #6049 ), #2394, .F. ) ;
#6507 = CARTESIAN_POINT ( 'NONE',  ( -15.63411564461599923, 5.006115644616000893, 0.000000000000000000 ) ) ;
#6508 = LINE ( 'NONE', #5957, #600 ) ;
#6509 = LINE ( 'NONE', #3376, #6434 ) ;
#6510 = EDGE_LOOP ( 'NONE', ( #1688, #6217, #2969, #5058 ) ) ;
#6511 = VERTEX_POINT ( 'NONE', #1182 ) ;
#6512 = CIRCLE ( 'NONE', #1183, 1.000000000000000888 ) ;
#6513 = CARTESIAN_POINT ( 'NONE',  ( -72.24639129638698876, 140.7248382568299974, 9.999999999999996447 ) ) ;
#6514 = VERTEX_POINT ( 'NONE', #225 ) ;
#6515 = DIRECTION ( 'NONE',  ( 1.000000000000000000, 0.000000000000000000, 0.000000000000000000 ) ) ;
#6516 = VECTOR ( 'NONE', #2794, 1000.000000000000000 ) ;
#6517 = CARTESIAN_POINT ( 'NONE',  ( -21.47379875183100140, 96.31959533691403408, 9.999999999999996447 ) ) ;
#6518 = EDGE_LOOP ( 'NONE', ( #1967, #391, #4593, #5385 ) ) ;
#6519 = AXIS2_PLACEMENT_3D ( 'NONE', #1382, #3466, #321 ) ;
#6520 = VERTEX_POINT ( 'NONE', #3857 ) ;
#6521 = CYLINDRICAL_SURFACE ( 'NONE', #5963, 1.000000000000000888 ) ;
#6522 = ORIENTED_EDGE ( 'NONE', *, *, #1111, .F. ) ;
#6523 = VECTOR ( 'NONE', #3517, 1000.000000000000000 ) ;
#6524 = VECTOR ( 'NONE', #4826, 1000.000000000000000 ) ;
#6525 = FACE_BOUND ( 'NONE', #5402, .T. ) ;
#6526 = AXIS2_PLACEMENT_3D ( 'NONE', #5030, #6003, #2378 ) ;
#6527 = DIRECTION ( 'NONE',  ( -0.000000000000000000, -0.000000000000000000, -1.000000000000000000 ) ) ;
#6528 = CARTESIAN_POINT ( 'NONE',  ( -22.47379875183100495, 101.3996047973600412, 9.999999999999996447 ) ) ;
#6529 = EDGE_LOOP ( 'NONE', ( #1229, #2473 ) ) ;
#6530 = EDGE_LOOP ( 'NONE', ( #1295, #4817, #5656, #5877 ) ) ;
#6531 = LINE ( 'NONE', #3891, #1283 ) ;
#6532 = ORIENTED_EDGE ( 'NONE', *, *, #6279, .F. ) ;
#6533 = CARTESIAN_POINT ( 'NONE',  ( -154.2664947509699971, 91.01554107666001414, 0.000000000000000000 ) ) ;
#6534 = DIRECTION ( 'NONE',  ( 1.000000000000000000, 0.000000000000000000, 0.000000000000000000 ) ) ;
#6535 = EDGE_CURVE ( 'NONE', #6053, #4939, #2118, .T. ) ;
#6536 = ADVANCED_FACE ( 'NONE', ( #778 ), #1217, .F. ) ;
#6537 = AXIS2_PLACEMENT_3D ( 'NONE', #5609, #5059, #826 ) ;
#6538 = VERTEX_POINT ( 'NONE', #3404 ) ;
#6539 = EDGE_CURVE ( 'NONE', #4085, #6412, #3894, .T. ) ;
#6540 = DIRECTION ( 'NONE',  ( 1.000000000000000000, 1.805575675068430612E-16, -0.000000000000000000 ) ) ;
#6541 = AXIS2_PLACEMENT_3D ( 'NONE', #637, #1211, #5384 ) ;
#6542 = DIRECTION ( 'NONE',  ( 1.000000000000000000, 0.000000000000000000, 0.000000000000000000 ) ) ;
#6543 = CARTESIAN_POINT ( 'NONE',  ( -22.48940849304198508, 135.1278839111299988, 9.999999999999996447 ) ) ;
#6544 = EDGE_CURVE ( 'NONE', #3356, #4366, #5522, .T. ) ;
#6545 = ORIENTED_EDGE ( 'NONE', *, *, #5430, .T. ) ;
#6546 = CIRCLE ( 'NONE', #241, 1.000000000000000888 ) ;
#6547 = DIRECTION ( 'NONE',  ( -0.000000000000000000, 0.000000000000000000, 1.000000000000000000 ) ) ;
#6548 = VERTEX_POINT ( 'NONE', #5488 ) ;
#6549 = DIRECTION ( 'NONE',  ( -0.000000000000000000, -0.000000000000000000, -1.000000000000000000 ) ) ;
#6550 = CIRCLE ( 'NONE', #5005, 1.000000000000000888 ) ;
#6551 = LINE ( 'NONE', #173, #1526 ) ;
#6552 = EDGE_LOOP ( 'NONE', ( #6614, #5933 ) ) ;
#6553 = ORIENTED_EDGE ( 'NONE', *, *, #1923, .F. ) ;
#6554 = CYLINDRICAL_SURFACE ( 'NONE', #1517, 1.000000000000000888 ) ;
#6555 = ORIENTED_EDGE ( 'NONE', *, *, #4042, .T. ) ;
#6556 = DIRECTION ( 'NONE',  ( -0.000000000000000000, 0.000000000000000000, 1.000000000000000000 ) ) ;
#6557 = FACE_OUTER_BOUND ( 'NONE', #3186, .T. ) ;
#6558 = DIRECTION ( 'NONE',  ( -0.000000000000000000, 0.000000000000000000, 1.000000000000000000 ) ) ;
#6559 = PLANE ( 'NONE',  #4783 ) ;
#6560 = ORIENTED_EDGE ( 'NONE', *, *, #605, .F. ) ;
#6561 = ORIENTED_EDGE ( 'NONE', *, *, #3174, .F. ) ;
#6562 = CARTESIAN_POINT ( 'NONE',  ( -21.48940849304198508, 135.1278839111299988, 0.000000000000000000 ) ) ;
#6563 = ORIENTED_EDGE ( 'NONE', *, *, #946, .T. ) ;
#6564 = DIRECTION ( 'NONE',  ( -1.000000000000000000, 0.000000000000000000, 0.000000000000000000 ) ) ;
#6565 = DIRECTION ( 'NONE',  ( -0.000000000000000000, 0.000000000000000000, 1.000000000000000000 ) ) ;
#6566 = DIRECTION ( 'NONE',  ( -0.000000000000000000, -0.000000000000000000, -1.000000000000000000 ) ) ;
#6567 = ORIENTED_EDGE ( 'NONE', *, *, #3348, .F. ) ;
#6568 = AXIS2_PLACEMENT_3D ( 'NONE', #3295, #6455, #1664 ) ;
#6569 = CARTESIAN_POINT ( 'NONE',  ( -106.6384658813399824, 63.85269927978499993, 9.999999999999996447 ) ) ;
#6570 = CARTESIAN_POINT ( 'NONE',  ( -25.69269180297900590, 16.16301155090300057, 0.000000000000000000 ) ) ;
#6571 = EDGE_CURVE ( 'NONE', #2823, #509, #4451, .T. ) ;
#6572 = CIRCLE ( 'NONE', #267, 1.000000000000000888 ) ;
#6573 = FACE_OUTER_BOUND ( 'NONE', #565, .T. ) ;
#6574 = ORIENTED_EDGE ( 'NONE', *, *, #1538, .F. ) ;
#6575 = CARTESIAN_POINT ( 'NONE',  ( -104.4783020019499986, 12.88201141357400026, 0.000000000000000000 ) ) ;
#6576 = CARTESIAN_POINT ( 'NONE',  ( -114.9858016967699825, 121.3684310913000246, 0.000000000000000000 ) ) ;
#6577 = VERTEX_POINT ( 'NONE', #3309 ) ;
#6578 = DIRECTION ( 'NONE',  ( -1.000000000000000000, 0.000000000000000000, 0.000000000000000000 ) ) ;
#6579 = EDGE_CURVE ( 'NONE', #509, #2823, #1456, .T. ) ;
#6580 = EDGE_CURVE ( 'NONE', #2701, #5939, #2848, .T. ) ;
#6581 = EDGE_CURVE ( 'NONE', #4536, #3028, #5339, .T. ) ;
#6582 = LINE ( 'NONE', #5576, #2192 ) ;
#6583 = ORIENTED_EDGE ( 'NONE', *, *, #5016, .F. ) ;
#6584 = ORIENTED_EDGE ( 'NONE', *, *, #2628, .F. ) ;
#6585 = LINE ( 'NONE', #2831, #2625 ) ;
#6586 = EDGE_LOOP ( 'NONE', ( #4686, #4971 ) ) ;
#6587 = DIRECTION ( 'NONE',  ( 0.000000000000000000, 0.000000000000000000, 1.000000000000000000 ) ) ;
#6588 = EDGE_CURVE ( 'NONE', #6617, #480, #3963, .T. ) ;
#6589 = FACE_BOUND ( 'NONE', #2974, .T. ) ;
#6590 = DIRECTION ( 'NONE',  ( 1.000000000000000000, 0.000000000000000000, 0.000000000000000000 ) ) ;
#6591 = DIRECTION ( 'NONE',  ( -0.000000000000000000, 0.000000000000000000, 1.000000000000000000 ) ) ;
#6592 = EDGE_LOOP ( 'NONE', ( #3478, #6004, #2057, #4594 ) ) ;
#6593 = ORIENTED_EDGE ( 'NONE', *, *, #4892, .F. ) ;
#6594 = LINE ( 'NONE', #5420, #4840 ) ;
#6595 = EDGE_LOOP ( 'NONE', ( #1736, #1045 ) ) ;
#6596 = CARTESIAN_POINT ( 'NONE',  ( -17.23411564461600065, 5.006115644616000893, 0.000000000000000000 ) ) ;
#6597 = DIRECTION ( 'NONE',  ( -0.000000000000000000, -0.000000000000000000, -1.000000000000000000 ) ) ;
#6598 = AXIS2_PLACEMENT_3D ( 'NONE', #1601, #6841, #3647 ) ;
#6599 = DIRECTION ( 'NONE',  ( 1.000000000000000000, 0.000000000000000000, 0.000000000000000000 ) ) ;
#6600 = EDGE_LOOP ( 'NONE', ( #6081, #4747, #2732, #863 ) ) ;
#6601 = ORIENTED_EDGE ( 'NONE', *, *, #6667, .T. ) ;
#6602 = DIRECTION ( 'NONE',  ( 1.000000000000000000, 0.000000000000000000, 0.000000000000000000 ) ) ;
#6603 = DIRECTION ( 'NONE',  ( -0.000000000000000000, -0.000000000000000000, -1.000000000000000000 ) ) ;
#6604 = AXIS2_PLACEMENT_3D ( 'NONE', #873, #3538, #1422 ) ;
#6605 = DIRECTION ( 'NONE',  ( 1.000000000000000000, 0.000000000000000000, 0.000000000000000000 ) ) ;
#6606 = VERTEX_POINT ( 'NONE', #3826 ) ;
#6607 = DIRECTION ( 'NONE',  ( 1.000000000000000000, 0.000000000000000000, 0.000000000000000000 ) ) ;
#6608 = AXIS2_PLACEMENT_3D ( 'NONE', #5257, #1022, #5710 ) ;
#6609 = DIRECTION ( 'NONE',  ( -0.000000000000000000, 0.000000000000000000, 1.000000000000000000 ) ) ;
#6610 = ORIENTED_EDGE ( 'NONE', *, *, #3282, .T. ) ;
#6611 = DIRECTION ( 'NONE',  ( -0.000000000000000000, 0.000000000000000000, 1.000000000000000000 ) ) ;
#6612 = ADVANCED_FACE ( 'NONE', ( #2816 ), #5013, .F. ) ;
#6613 = DIRECTION ( 'NONE',  ( 1.000000000000000000, 0.000000000000000000, 0.000000000000000000 ) ) ;
#6614 = ORIENTED_EDGE ( 'NONE', *, *, #986, .T. ) ;
#6615 = ORIENTED_EDGE ( 'NONE', *, *, #1069, .F. ) ;
#6616 = CARTESIAN_POINT ( 'NONE',  ( -14.03240926640897612, 158.7275907335900058, 0.000000000000000000 ) ) ;
#6617 = VERTEX_POINT ( 'NONE', #5953 ) ;
#6618 = EDGE_CURVE ( 'NONE', #3426, #4956, #2010, .T. ) ;
#6619 = CARTESIAN_POINT ( 'NONE',  ( -160.8835907335899549, 158.7275907335900058, 0.000000000000000000 ) ) ;
#6620 = FACE_BOUND ( 'NONE', #820, .T. ) ;
#6621 = AXIS2_PLACEMENT_3D ( 'NONE', #5374, #2726, #2301 ) ;
#6622 = AXIS2_PLACEMENT_3D ( 'NONE', #205, #3492, #2903 ) ;
#6623 = DIRECTION ( 'NONE',  ( -0.000000000000000000, 0.000000000000000000, 1.000000000000000000 ) ) ;
#6624 = EDGE_CURVE ( 'NONE', #3844, #5546, #1680, .T. ) ;
#6625 = DIRECTION ( 'NONE',  ( -0.000000000000000000, -0.000000000000000000, -1.000000000000000000 ) ) ;
#6626 = ORIENTED_EDGE ( 'NONE', *, *, #6741, .T. ) ;
#6627 = ORIENTED_EDGE ( 'NONE', *, *, #3814, .F. ) ;
#6628 = CARTESIAN_POINT ( 'NONE',  ( -49.02031707763698876, 93.46864318847700304, 9.999999999999996447 ) ) ;
#6629 = AXIS2_PLACEMENT_3D ( 'NONE', #6444, #5371, #4785 ) ;
#6630 = ORIENTED_EDGE ( 'NONE', *, *, #447, .T. ) ;
#6631 = DIRECTION ( 'NONE',  ( 1.000000000000000000, 0.000000000000000000, 0.000000000000000000 ) ) ;
#6632 = AXIS2_PLACEMENT_3D ( 'NONE', #707, #2743, #3203 ) ;
#6633 = AXIS2_PLACEMENT_3D ( 'NONE', #6471, #6540, #1255 ) ;
#6634 = DIRECTION ( 'NONE',  ( 1.000000000000000000, 0.000000000000000000, 0.000000000000000000 ) ) ;
#6635 = CIRCLE ( 'NONE', #3639, 1.000000000000000888 ) ;
#6636 = FACE_OUTER_BOUND ( 'NONE', #471, .T. ) ;
#6637 = ORIENTED_EDGE ( 'NONE', *, *, #3184, .F. ) ;
#6638 = AXIS2_PLACEMENT_3D ( 'NONE', #5742, #1055, #1021 ) ;
#6639 = CARTESIAN_POINT ( 'NONE',  ( -24.72391319274899857, 93.77958679199200276, 9.999999999999996447 ) ) ;
#6640 = CYLINDRICAL_SURFACE ( 'NONE', #3258, 1.000000000000000888 ) ;
#6641 = CARTESIAN_POINT ( 'NONE',  ( -154.2508850097599691, 57.28725814819298989, 9.999999999999996447 ) ) ;
#6642 = ORIENTED_EDGE ( 'NONE', *, *, #4300, .T. ) ;
#6643 = CARTESIAN_POINT ( 'NONE',  ( -15.63411564461599923, 5.006115644616000893, 6.999999999999996447 ) ) ;
#6644 = UNCERTAINTY_MEASURE_WITH_UNIT (LENGTH_MEASURE( 1.000000000000000082E-05 ), #4265, 'distance_accuracy_value', 'NONE');
#6645 = CARTESIAN_POINT ( 'NONE',  ( -15.63411564461599923, 0.005999999998001527557, 9.999999999999996447 ) ) ;
#6646 = VERTEX_POINT ( 'NONE', #1251 ) ;
#6647 = DIRECTION ( 'NONE',  ( -1.000000000000000000, 0.000000000000000000, 0.000000000000000000 ) ) ;
#6648 = AXIS2_PLACEMENT_3D ( 'NONE', #6064, #6449, #3292 ) ;
#6649 = AXIS2_PLACEMENT_3D ( 'NONE', #6023, #5602, #4950 ) ;
#6650 = ORIENTED_EDGE ( 'NONE', *, *, #1699, .T. ) ;
#6651 = DIRECTION ( 'NONE',  ( -0.000000000000000000, 0.000000000000000000, 1.000000000000000000 ) ) ;
#6652 = ORIENTED_EDGE ( 'NONE', *, *, #733, .F. ) ;
#6653 = DIRECTION ( 'NONE',  ( 1.000000000000000000, 0.000000000000000000, 0.000000000000000000 ) ) ;
#6654 = ORIENTED_EDGE ( 'NONE', *, *, #3578, .F. ) ;
#6655 = LINE ( 'NONE', #6722, #5984 ) ;
#6656 = FACE_BOUND ( 'NONE', #5973, .T. ) ;
#6657 = EDGE_CURVE ( 'NONE', #415, #1593, #6442, .T. ) ;
#6658 = EDGE_CURVE ( 'NONE', #4009, #1879, #2335, .T. ) ;
#6659 = DIRECTION ( 'NONE',  ( 1.000000000000000000, 0.000000000000000000, 0.000000000000000000 ) ) ;
#6660 = AXIS2_PLACEMENT_3D ( 'NONE', #1681, #3795, #3758 ) ;
#6661 = DIRECTION ( 'NONE',  ( -0.000000000000000000, 0.000000000000000000, 1.000000000000000000 ) ) ;
#6662 = EDGE_LOOP ( 'NONE', ( #2263, #6610, #3872, #729 ) ) ;
#6663 = ORIENTED_EDGE ( 'NONE', *, *, #2128, .F. ) ;
#6664 = DIRECTION ( 'NONE',  ( -0.000000000000000000, -0.000000000000000000, -1.000000000000000000 ) ) ;
#6665 = FACE_BOUND ( 'NONE', #1138, .T. ) ;
#6666 = EDGE_CURVE ( 'NONE', #1863, #4607, #2228, .T. ) ;
#6667 = EDGE_CURVE ( 'NONE', #3418, #2453, #2450, .T. ) ;
#6668 = DIRECTION ( 'NONE',  ( 1.000000000000000000, 0.000000000000000000, 0.000000000000000000 ) ) ;
#6669 = EDGE_CURVE ( 'NONE', #4246, #1656, #6002, .T. ) ;
#6670 = DIRECTION ( 'NONE',  ( 1.000000000000000000, 0.000000000000000000, 0.000000000000000000 ) ) ;
#6671 = CARTESIAN_POINT ( 'NONE',  ( -22.46797561645499997, 13.62300586700400018, 9.999999999999996447 ) ) ;
#6672 = ORIENTED_EDGE ( 'NONE', *, *, #6539, .T. ) ;
#6673 = ORIENTED_EDGE ( 'NONE', *, *, #6375, .F. ) ;
#6674 = CARTESIAN_POINT ( 'NONE',  ( -71.19956207275401994, 24.29997634887700286, 0.000000000000000000 ) ) ;
#6675 = FACE_OUTER_BOUND ( 'NONE', #5794, .T. ) ;
#6676 = DIRECTION ( 'NONE',  ( -0.000000000000000000, 0.000000000000000000, 1.000000000000000000 ) ) ;
#6677 = CIRCLE ( 'NONE', #3575, 1.000000000000000888 ) ;
#6678 = ORIENTED_EDGE ( 'NONE', *, *, #6451, .T. ) ;
#6679 = DIRECTION ( 'NONE',  ( -0.000000000000000000, 0.000000000000000000, 1.000000000000000000 ) ) ;
#6680 = VERTEX_POINT ( 'NONE', #4113 ) ;
#6681 = CARTESIAN_POINT ( 'NONE',  ( -153.2508850097599691, 57.28725814819298989, 9.999999999999996447 ) ) ;
#6682 = DIRECTION ( 'NONE',  ( -0.000000000000000000, -0.000000000000000000, -1.000000000000000000 ) ) ;
#6683 = AXIS2_PLACEMENT_3D ( 'NONE', #3451, #6192, #1993 ) ;
#6684 = ORIENTED_EDGE ( 'NONE', *, *, #4588, .T. ) ;
#6685 = ORIENTED_EDGE ( 'NONE', *, *, #3858, .F. ) ;
#6686 = DIRECTION ( 'NONE',  ( -0.000000000000000000, -0.000000000000000000, -1.000000000000000000 ) ) ;
#6687 = ORIENTED_EDGE ( 'NONE', *, *, #1701, .F. ) ;
#6688 = CYLINDRICAL_SURFACE ( 'NONE', #6202, 1.000000000000000888 ) ;
#6689 = FACE_BOUND ( 'NONE', #4997, .T. ) ;
#6690 = VECTOR ( 'NONE', #1914, 1000.000000000000000 ) ;
#6691 = DIRECTION ( 'NONE',  ( 0.000000000000000000, 0.000000000000000000, 1.000000000000000000 ) ) ;
#6692 = CYLINDRICAL_SURFACE ( 'NONE', #5798, 1.000000000000000888 ) ;
#6693 = ORIENTED_EDGE ( 'NONE', *, *, #1185, .F. ) ;
#6694 = VERTEX_POINT ( 'NONE', #4589 ) ;
#6695 = PLANE ( 'NONE',  #1396 ) ;
#6696 = CARTESIAN_POINT ( 'NONE',  ( -127.7355880737299998, 137.7547912597600259, 9.999999999999996447 ) ) ;
#6697 = CYLINDRICAL_SURFACE ( 'NONE', #5787, 5.000115644618968958 ) ;
#6698 = FACE_OUTER_BOUND ( 'NONE', #1607, .T. ) ;
#6699 = VERTEX_POINT ( 'NONE', #6254 ) ;
#6700 = EDGE_CURVE ( 'NONE', #6704, #4825, #1900, .T. ) ;
#6701 = ORIENTED_EDGE ( 'NONE', *, *, #2254, .F. ) ;
#6702 = ADVANCED_FACE ( 'NONE', ( #1946 ), #6697, .T. ) ;
#6703 = VECTOR ( 'NONE', #569, 1000.000000000000000 ) ;
#6704 = VERTEX_POINT ( 'NONE', #3473 ) ;
#6705 = CYLINDRICAL_SURFACE ( 'NONE', #3312, 1.000000000000000888 ) ;
#6706 = CARTESIAN_POINT ( 'NONE',  ( -73.23078155517598020, 101.9165573120100134, 0.000000000000000000 ) ) ;
#6707 = EDGE_CURVE ( 'NONE', #1095, #2692, #4126, .T. ) ;
#6708 = CYLINDRICAL_SURFACE ( 'NONE', #3886, 1.000000000000000888 ) ;
#6709 = AXIS2_PLACEMENT_3D ( 'NONE', #2933, #2405, #304 ) ;
#6710 = EDGE_LOOP ( 'NONE', ( #3198, #5775, #1018, #2869 ) ) ;
#6711 = EDGE_CURVE ( 'NONE', #6304, #2417, #843, .T. ) ;
#6712 = FACE_OUTER_BOUND ( 'NONE', #6295, .T. ) ;
#6713 = ORIENTED_EDGE ( 'NONE', *, *, #1523, .F. ) ;
#6714 = CARTESIAN_POINT ( 'NONE',  ( -153.0509948730399969, 129.7940063476499972, 0.000000000000000000 ) ) ;
#6715 = AXIS2_PLACEMENT_3D ( 'NONE', #2741, #740, #1248 ) ;
#6716 = CIRCLE ( 'NONE', #3293, 1.000000000000000888 ) ;
#6717 = DIRECTION ( 'NONE',  ( -1.000000000000000000, 0.000000000000000000, 0.000000000000000000 ) ) ;
#6718 = ORIENTED_EDGE ( 'NONE', *, *, #1947, .T. ) ;
#6719 = ORIENTED_EDGE ( 'NONE', *, *, #698, .F. ) ;
#6720 = DIRECTION ( 'NONE',  ( -0.000000000000000000, -0.000000000000000000, -1.000000000000000000 ) ) ;
#6721 = VERTEX_POINT ( 'NONE', #5703 ) ;
#6722 = CARTESIAN_POINT ( 'NONE',  ( -155.2254791259700255, 62.36726760864300445, 9.999999999999996447 ) ) ;
#6723 = CARTESIAN_POINT ( 'NONE',  ( -12.63240926640897577, 158.7275907335900058, 6.999999999999996447 ) ) ;
#6724 = FACE_BOUND ( 'NONE', #4786, .T. ) ;
#6725 = CARTESIAN_POINT ( 'NONE',  ( -151.0462188720700283, 15.76586341857899853, 0.000000000000000000 ) ) ;
#6726 = VERTEX_POINT ( 'NONE', #4036 ) ;
#6727 = EDGE_LOOP ( 'NONE', ( #1076, #4194, #6038, #1392 ) ) ;
#6728 = DIRECTION ( 'NONE',  ( 1.000000000000000000, 0.000000000000000000, 0.000000000000000000 ) ) ;
#6729 = CARTESIAN_POINT ( 'NONE',  ( -127.7199783325200002, 98.94650268554700290, 0.000000000000000000 ) ) ;
#6730 = VECTOR ( 'NONE', #801, 1000.000000000000000 ) ;
#6731 = DIRECTION ( 'NONE',  ( 1.000000000000000000, 0.000000000000000000, 0.000000000000000000 ) ) ;
#6732 = CIRCLE ( 'NONE', #6846, 1.000000000000000888 ) ;
#6733 = CARTESIAN_POINT ( 'NONE',  ( -63.75449371337899152, 71.04670715332001407, 9.999999999999996447 ) ) ;
#6734 = DIRECTION ( 'NONE',  ( -0.000000000000000000, 0.000000000000000000, 1.000000000000000000 ) ) ;
#6735 = ORIENTED_EDGE ( 'NONE', *, *, #3317, .F. ) ;
#6736 = ORIENTED_EDGE ( 'NONE', *, *, #277, .T. ) ;
#6737 = ORIENTED_EDGE ( 'NONE', *, *, #822, .F. ) ;
#6738 = DIRECTION ( 'NONE',  ( -0.000000000000000000, -0.000000000000000000, -1.000000000000000000 ) ) ;
#6739 = FACE_OUTER_BOUND ( 'NONE', #1687, .T. ) ;
#6740 = AXIS2_PLACEMENT_3D ( 'NONE', #3374, #1331, #6095 ) ;
#6741 = EDGE_CURVE ( 'NONE', #1588, #4055, #5150, .T. ) ;
#6742 = EDGE_CURVE ( 'NONE', #5255, #1880, #6550, .T. ) ;
#6743 = CARTESIAN_POINT ( 'NONE',  ( -153.0007629394500270, 59.82726287841799717, 9.999999999999996447 ) ) ;
#6744 = CIRCLE ( 'NONE', #1313, 1.000000000000000888 ) ;
#6745 = EDGE_CURVE ( 'NONE', #1592, #3289, #948, .T. ) ;
#6746 = AXIS2_PLACEMENT_3D ( 'NONE', #3720, #6587, #579 ) ;
#6747 = ORIENTED_EDGE ( 'NONE', *, *, #2034, .T. ) ;
#6748 = DIRECTION ( 'NONE',  ( -0.000000000000000000, -0.000000000000000000, -1.000000000000000000 ) ) ;
#6749 = VERTEX_POINT ( 'NONE', #4691 ) ;
#6750 = LINE ( 'NONE', #1476, #2212 ) ;
#6751 = CIRCLE ( 'NONE', #4332, 1.000000000000000888 ) ;
#6752 = EDGE_CURVE ( 'NONE', #3100, #1136, #2565, .T. ) ;
#6753 = AXIS2_PLACEMENT_3D ( 'NONE', #6257, #5774, #1495 ) ;
#6754 = EDGE_CURVE ( 'NONE', #1497, #1051, #1563, .T. ) ;
#6755 = CARTESIAN_POINT ( 'NONE',  ( -15.63411564461599923, 5.006115644616000893, 0.000000000000000000 ) ) ;
#6756 = ORIENTED_EDGE ( 'NONE', *, *, #3286, .F. ) ;
#6757 = AXIS2_PLACEMENT_3D ( 'NONE', #1691, #3808, #1168 ) ;
#6758 = DIRECTION ( 'NONE',  ( -0.000000000000000000, 0.000000000000000000, 1.000000000000000000 ) ) ;
#6759 = ORIENTED_EDGE ( 'NONE', *, *, #5513, .F. ) ;
#6760 = CARTESIAN_POINT ( 'NONE',  ( -49.00470733642600862, 54.66035079956099452, 9.999999999999996447 ) ) ;
#6761 = ORIENTED_EDGE ( 'NONE', *, *, #2628, .T. ) ;
#6762 = FACE_OUTER_BOUND ( 'NONE', #6727, .T. ) ;
#6763 = CIRCLE ( 'NONE', #3877, 1.000000000000000888 ) ;
#6764 = FACE_BOUND ( 'NONE', #5864, .T. ) ;
#6765 = AXIS2_PLACEMENT_3D ( 'NONE', #4552, #1801, #4063 ) ;
#6766 = DIRECTION ( 'NONE',  ( 1.000000000000000000, 0.000000000000000000, 0.000000000000000000 ) ) ;
#6767 = ORIENTED_EDGE ( 'NONE', *, *, #4551, .T. ) ;
#6768 = EDGE_LOOP ( 'NONE', ( #4515, #1195, #2278, #2771 ) ) ;
#6769 = DIRECTION ( 'NONE',  ( -1.000000000000000000, 0.000000000000000000, 0.000000000000000000 ) ) ;
#6770 = VECTOR ( 'NONE', #1542, 1000.000000000000000 ) ;
#6771 = CARTESIAN_POINT ( 'NONE',  ( -113.9858016967699825, 121.3684310913000246, 0.000000000000000000 ) ) ;
#6772 = DIRECTION ( 'NONE',  ( -0.000000000000000000, -0.000000000000000000, -1.000000000000000000 ) ) ;
#6773 = DIRECTION ( 'NONE',  ( -0.000000000000000000, 0.000000000000000000, 1.000000000000000000 ) ) ;
#6774 = FACE_OUTER_BOUND ( 'NONE', #2179, .T. ) ;
#6775 = ORIENTED_EDGE ( 'NONE', *, *, #4673, .F. ) ;
#6776 = ORIENTED_EDGE ( 'NONE', *, *, #2847, .F. ) ;
#6777 = CARTESIAN_POINT ( 'NONE',  ( -23.73952293395999291, 132.5878753662099712, 9.999999999999996447 ) ) ;
#6778 = ORIENTED_EDGE ( 'NONE', *, *, #5019, .F. ) ;
#6779 = CARTESIAN_POINT ( 'NONE',  ( -153.2410888671799682, 101.1755599975499820, 9.999999999999996447 ) ) ;
#6780 = CARTESIAN_POINT ( 'NONE',  ( -15.63240926640897399, 158.7275907335900058, 6.999999999999996447 ) ) ;
#6781 = LINE ( 'NONE', #3687, #4585 ) ;
#6782 = PRODUCT_DEFINITION_FORMATION_WITH_SPECIFIED_SOURCE ( '‰ª', '', #4827, .NOT_KNOWN. ) ;
#6783 = CARTESIAN_POINT ( 'NONE',  ( -24.69269180297900590, 16.16301155090300057, 9.999999999999996447 ) ) ;
#6784 = ORIENTED_EDGE ( 'NONE', *, *, #6490, .T. ) ;
#6785 = ADVANCED_FACE ( 'NONE', ( #5216 ), #468, .F. ) ;
#6786 = CARTESIAN_POINT ( 'NONE',  ( -153.0507659912100280, 49.66724395752000731, 9.999999999999996447 ) ) ;
#6787 = EDGE_LOOP ( 'NONE', ( #3159, #1933, #6377, #500 ) ) ;
#6788 = CARTESIAN_POINT ( 'NONE',  ( -103.6479949951099968, 51.94300079345699572, 9.999999999999996447 ) ) ;
#6789 = DIRECTION ( 'NONE',  ( 1.000000000000000000, 0.000000000000000000, 0.000000000000000000 ) ) ;
#6790 = ORIENTED_EDGE ( 'NONE', *, *, #5358, .F. ) ;
#6791 = VERTEX_POINT ( 'NONE', #878 ) ;
#6792 = EDGE_CURVE ( 'NONE', #699, #2339, #5117, .T. ) ;
#6793 = CARTESIAN_POINT ( 'NONE',  ( -23.70830154418900193, 54.97129821777300407, 9.999999999999996447 ) ) ;
#6794 = ADVANCED_FACE ( 'NONE', ( #4070 ), #6184, .F. ) ;
#6795 = ORIENTED_EDGE ( 'NONE', *, *, #6588, .T. ) ;
#6796 = DIRECTION ( 'NONE',  ( -1.000000000000000000, 0.000000000000000000, 0.000000000000000000 ) ) ;
#6797 = EDGE_CURVE ( 'NONE', #4190, #4357, #5126, .T. ) ;
#6798 = AXIS2_PLACEMENT_3D ( 'NONE', #3933, #6022, #128 ) ;
#6799 = FACE_BOUND ( 'NONE', #3177, .T. ) ;
#6800 = DIRECTION ( 'NONE',  ( 1.000000000000000000, 0.000000000000000000, 0.000000000000000000 ) ) ;
#6801 = ORIENTED_EDGE ( 'NONE', *, *, #6162, .F. ) ;
#6802 = ORIENTED_EDGE ( 'NONE', *, *, #2217, .T. ) ;
#6803 = CARTESIAN_POINT ( 'NONE',  ( -157.6818843553800207, 5.006115644616000893, 9.999999999999996447 ) ) ;
#6804 = EDGE_CURVE ( 'NONE', #1010, #705, #3008, .T. ) ;
#6805 = VECTOR ( 'NONE', #2892, 1000.000000000000000 ) ;
#6806 = DIRECTION ( 'NONE',  ( -1.000000000000000000, 0.000000000000000000, 0.000000000000000000 ) ) ;
#6807 = CARTESIAN_POINT ( 'NONE',  ( -25.65830802917498588, 65.13131713867201711, 9.999999999999996447 ) ) ;
#6808 = EDGE_LOOP ( 'NONE', ( #2825, #3049, #3925, #1148 ) ) ;
#6809 = VERTEX_POINT ( 'NONE', #3641 ) ;
#6810 = CYLINDRICAL_SURFACE ( 'NONE', #630, 1.000000000000000888 ) ;
#6811 = EDGE_LOOP ( 'NONE', ( #5868, #1268, #5065, #1054 ) ) ;
#6812 = DIRECTION ( 'NONE',  ( -0.000000000000000000, 0.000000000000000000, 1.000000000000000000 ) ) ;
#6813 = CYLINDRICAL_SURFACE ( 'NONE', #165, 1.000000000000000888 ) ;
#6814 = DIRECTION ( 'NONE',  ( -0.000000000000000000, -0.000000000000000000, -1.000000000000000000 ) ) ;
#6815 = AXIS2_PLACEMENT_3D ( 'NONE', #363, #5592, #5627 ) ;
#6816 = ORIENTED_EDGE ( 'NONE', *, *, #1786, .F. ) ;
#6817 = CYLINDRICAL_SURFACE ( 'NONE', #5638, 1.000000000000000888 ) ;
#6818 = ORIENTED_EDGE ( 'NONE', *, *, #6700, .F. ) ;
#6819 = VECTOR ( 'NONE', #1031, 1000.000000000000000 ) ;
#6820 = FACE_OUTER_BOUND ( 'NONE', #560, .T. ) ;
#6821 = VERTEX_POINT ( 'NONE', #1014 ) ;
#6822 = ORIENTED_EDGE ( 'NONE', *, *, #2000, .T. ) ;
#6823 = CARTESIAN_POINT ( 'NONE',  ( -71.10182952880897744, 128.5624389648399983, 9.999999999999996447 ) ) ;
#6824 = ORIENTED_EDGE ( 'NONE', *, *, #2412, .F. ) ;
#6825 = CARTESIAN_POINT ( 'NONE',  ( -23.64269638061500345, 26.32303047180200295, 0.000000000000000000 ) ) ;
#6826 = AXIS2_PLACEMENT_3D ( 'NONE', #2392, #3367, #4516 ) ;
#6827 = EDGE_CURVE ( 'NONE', #6726, #5749, #4726, .T. ) ;
#6828 = EDGE_CURVE ( 'NONE', #4454, #6035, #5012, .T. ) ;
#6829 = FACE_BOUND ( 'NONE', #1849, .T. ) ;
#6830 = EDGE_CURVE ( 'NONE', #135, #5785, #2896, .T. ) ;
#6831 = CARTESIAN_POINT ( 'NONE',  ( -127.7043685912999962, 60.13821411132799710, 9.999999999999996447 ) ) ;
#6832 = VERTEX_POINT ( 'NONE', #5250 ) ;
#6833 = ORIENTED_EDGE ( 'NONE', *, *, #4462, .T. ) ;
#6834 = CARTESIAN_POINT ( 'NONE',  ( -128.7355880737300140, 137.7547912597600259, 9.999999999999996447 ) ) ;
#6835 = CIRCLE ( 'NONE', #1287, 1.600000000000002531 ) ;
#6836 = CYLINDRICAL_SURFACE ( 'NONE', #4942, 1.600000000000000755 ) ;
#6837 = EDGE_CURVE ( 'NONE', #2203, #5939, #693, .T. ) ;
#6838 = DIRECTION ( 'NONE',  ( -0.000000000000000000, -0.000000000000000000, -1.000000000000000000 ) ) ;
#6839 = ORIENTED_EDGE ( 'NONE', *, *, #661, .F. ) ;
#6840 = EDGE_LOOP ( 'NONE', ( #5526, #5076, #4125, #6111 ) ) ;
#6841 = DIRECTION ( 'NONE',  ( -0.000000000000000000, 0.000000000000000000, 1.000000000000000000 ) ) ;
#6842 = VERTEX_POINT ( 'NONE', #3127 ) ;
#6843 = CARTESIAN_POINT ( 'NONE',  ( -105.6540756225499820, 102.6609878540000125, 0.000000000000000000 ) ) ;
#6844 = DIRECTION ( 'NONE',  ( -0.000000000000000000, 0.000000000000000000, 1.000000000000000000 ) ) ;
#6845 = CARTESIAN_POINT ( 'NONE',  ( -152.0007629394500270, 59.82726287841799717, 0.000000000000000000 ) ) ;
#6846 = AXIS2_PLACEMENT_3D ( 'NONE', #4196, #5270, #5240 ) ;
#6847 = DIRECTION ( 'NONE',  ( 1.000000000000000000, 0.000000000000000000, 0.000000000000000000 ) ) ;
#6848 = AXIS2_PLACEMENT_3D ( 'NONE', #2809, #1082, #45 ) ;
#6849 = ORIENTED_EDGE ( 'NONE', *, *, #2545, .T. ) ;
#6850 = CIRCLE ( 'NONE', #2637, 1.000000000000000888 ) ;
#6851 = DIRECTION ( 'NONE',  ( -0.000000000000000000, -0.000000000000000000, -1.000000000000000000 ) ) ;
#6852 = ORIENTED_EDGE ( 'NONE', *, *, #2716, .F. ) ;
#6853 = CYLINDRICAL_SURFACE ( 'NONE', #895, 1.000000000000000888 ) ;
#6854 = CARTESIAN_POINT ( 'NONE',  ( -155.2352752685500263, 18.47896957397500017, 0.000000000000000000 ) ) ;
#6855 = CIRCLE ( 'NONE', #4754, 1.000000000000000888 ) ;
#6856 = DIRECTION ( 'NONE',  ( -0.000000000000000000, 0.000000000000000000, 1.000000000000000000 ) ) ;
#6857 = AXIS2_PLACEMENT_3D ( 'NONE', #2891, #5123, #5020 ) ;
#6858 = CARTESIAN_POINT ( 'NONE',  ( -151.0820007324199992, 132.3638305663999688, 9.999999999999996447 ) ) ;
#6859 = EDGE_LOOP ( 'NONE', ( #1559, #1756, #2842, #6225 ) ) ;
#6860 = CIRCLE ( 'NONE', #1871, 1.000000000000000888 ) ;
#6861 = CIRCLE ( 'NONE', #4432, 1.000000000000000888 ) ;
#6862 = VERTEX_POINT ( 'NONE', #3236 ) ;
#6863 = DIRECTION ( 'NONE',  ( 0.000000000000000000, 0.000000000000000000, 1.000000000000000000 ) ) ;
ENDSEC;
END-ISO-10303-21;
