ISO-10303-21;
HEADER;
FILE_DESCRIPTION (( 'STEP AP214' ),
    '1' );
FILE_NAME ('µÆ°å.STEP',
    '2025-09-22T09:53:37',
    ( '' ),
    ( '' ),
    'SwSTEP 2.0',
    'SolidWorks 2025',
    '' );
FILE_SCHEMA (( 'AUTOMOTIVE_DESIGN' ));
ENDSEC;

DATA;
#1 = CARTESIAN_POINT ( 'NONE',  ( -62.58348464965800417, -1.984387807914870121E-15, 8.000000000000000000 ) ) ;
#2 = VECTOR ( 'NONE', #917, 1000.000000000000000 ) ;
#3 = DIRECTION ( 'NONE',  ( 1.000000000000000000, 1.840207436943464248E-16, 0.000000000000000000 ) ) ;
#4 = VERTEX_POINT ( 'NONE', #129 ) ;
#5 = CIRCLE ( 'NONE', #1679, 2.049999999999996270 ) ;
#6 = ORIENTED_EDGE ( 'NONE', *, *, #2209, .T. ) ;
#7 = CARTESIAN_POINT ( 'NONE',  ( -25.40000915527398817, 2.349120206389891032E-15, 5.999999999999998224 ) ) ;
#8 = AXIS2_PLACEMENT_3D ( 'NONE', #301, #283, #2833 ) ;
#9 = EDGE_CURVE ( 'NONE', #1299, #1153, #2129, .T. ) ;
#10 = CIRCLE ( 'NONE', #2990, 2.049999999999996270 ) ;
#11 = UNCERTAINTY_MEASURE_WITH_UNIT (LENGTH_MEASURE( 1.000000000000000082E-05 ), #2291, 'distance_accuracy_value', 'NONE');
#12 = CARTESIAN_POINT ( 'NONE',  ( 9.777732658080476929E-16, -5.313386122555500357, 8.000000000000000000 ) ) ;
#13 = VERTEX_POINT ( 'NONE', #2916 ) ;
#14 = VERTEX_POINT ( 'NONE', #1397 ) ;
#15 = DIRECTION ( 'NONE',  ( 1.000000000000000000, 0.000000000000000000, 0.000000000000000000 ) ) ;
#16 = DIRECTION ( 'NONE',  ( -1.000000000000000000, 0.000000000000000000, 0.000000000000000000 ) ) ;
#17 = LINE ( 'NONE', #1772, #754 ) ;
#18 = DIRECTION ( 'NONE',  ( -0.000000000000000000, -0.000000000000000000, -1.000000000000000000 ) ) ;
#19 = AXIS2_PLACEMENT_3D ( 'NONE', #924, #987, #1972 ) ;
#20 = FACE_OUTER_BOUND ( 'NONE', #70, .T. ) ;
#21 = VERTEX_POINT ( 'NONE', #2157 ) ;
#22 = VECTOR ( 'NONE', #496, 1000.000000000000000 ) ;
#23 = EDGE_LOOP ( 'NONE', ( #1646, #624, #2085, #1265 ) ) ;
#24 = DIRECTION ( 'NONE',  ( 0.000000000000000000, 0.000000000000000000, 1.000000000000000000 ) ) ;
#25 = ORIENTED_EDGE ( 'NONE', *, *, #1403, .F. ) ;
#26 = ADVANCED_FACE ( 'NONE', ( #933 ), #2676, .T. ) ;
#27 = DIRECTION ( 'NONE',  ( -0.000000000000000000, -0.000000000000000000, -1.000000000000000000 ) ) ;
#28 = CONICAL_SURFACE ( 'NONE', #2593, 2.999999999999999112, 0.7853981633974482790 ) ;
#29 = ORIENTED_EDGE ( 'NONE', *, *, #772, .F. ) ;
#30 = ORIENTED_EDGE ( 'NONE', *, *, #547, .F. ) ;
#31 = DIRECTION ( 'NONE',  ( 1.000000000000000000, 0.000000000000000000, 0.000000000000000000 ) ) ;
#32 = AXIS2_PLACEMENT_3D ( 'NONE', #1687, #1360, #1114 ) ;
#33 = ADVANCED_FACE ( 'NONE', ( #1117 ), #1135, .F. ) ;
#34 = DIRECTION ( 'NONE',  ( 1.000000000000000000, 0.000000000000000000, 0.000000000000000000 ) ) ;
#35 = FACE_OUTER_BOUND ( 'NONE', #1075, .T. ) ;
#36 = AXIS2_PLACEMENT_3D ( 'NONE', #359, #149, #667 ) ;
#37 = CARTESIAN_POINT ( 'NONE',  ( 2.999992370605008229, -12.69506454467800260, 5.999999999999998224 ) ) ;
#38 = DIRECTION ( 'NONE',  ( 0.000000000000000000, 0.7071067811865475727, -0.7071067811865475727 ) ) ;
#39 = AXIS2_PLACEMENT_3D ( 'NONE', #1779, #2784, #535 ) ;
#40 = ORIENTED_EDGE ( 'NONE', *, *, #2838, .T. ) ;
#41 = FACE_BOUND ( 'NONE', #1041, .T. ) ;
#42 = EDGE_LOOP ( 'NONE', ( #2551, #731, #1543, #2769 ) ) ;
#43 = CARTESIAN_POINT ( 'NONE',  ( 13.61651611327399714, 2.999999999999999556, 5.999999999999998224 ) ) ;
#44 = ORIENTED_EDGE ( 'NONE', *, *, #1127, .T. ) ;
#45 = ORIENTED_EDGE ( 'NONE', *, *, #1467, .F. ) ;
#46 = LINE ( 'NONE', #2804, #1055 ) ;
#47 = DIRECTION ( 'NONE',  ( -0.000000000000000000, -0.000000000000000000, -1.000000000000000000 ) ) ;
#48 = EDGE_CURVE ( 'NONE', #1534, #1805, #1424, .T. ) ;
#49 = ORIENTED_EDGE ( 'NONE', *, *, #196, .F. ) ;
#50 = CYLINDRICAL_SURFACE ( 'NONE', #2622, 3.313386122555505242 ) ;
#51 = DIRECTION ( 'NONE',  ( 1.000000000000000000, 0.000000000000000000, 0.000000000000000000 ) ) ;
#52 = DIRECTION ( 'NONE',  ( 1.000000000000000000, 0.000000000000000000, 0.000000000000000000 ) ) ;
#53 = ORIENTED_EDGE ( 'NONE', *, *, #1110, .F. ) ;
#54 = LINE ( 'NONE', #2050, #2943 ) ;
#55 = CIRCLE ( 'NONE', #3090, 2.049999999999996270 ) ;
#56 = DIRECTION ( 'NONE',  ( 0.000000000000000000, 0.7071067811865474617, -0.7071067811865474617 ) ) ;
#57 = ORIENTED_EDGE ( 'NONE', *, *, #352, .T. ) ;
#58 = VERTEX_POINT ( 'NONE', #1866 ) ;
#59 = EDGE_LOOP ( 'NONE', ( #1138, #2135, #1936, #1362 ) ) ;
#60 = CARTESIAN_POINT ( 'NONE',  ( 66.38151507568400689, -12.61499963378900269, 5.000000000000000000 ) ) ;
#61 = CARTESIAN_POINT ( 'NONE',  ( -7.629394992506033368E-06, 3.000000000000002665, 0.000000000000000000 ) ) ;
#62 = DIRECTION ( 'NONE',  ( -1.000000000000000000, 0.000000000000000000, 0.000000000000000000 ) ) ;
#63 = CARTESIAN_POINT ( 'NONE',  ( -37.16888427734399158, -9.695064544678006158, 0.000000000000000000 ) ) ;
#64 = CARTESIAN_POINT ( 'NONE',  ( -62.58348464965800417, -12.70000076293900015, 5.999999999999970690 ) ) ;
#65 = EDGE_CURVE ( 'NONE', #13, #1598, #1179, .T. ) ;
#66 = EDGE_CURVE ( 'NONE', #2817, #830, #2247, .T. ) ;
#67 = EDGE_LOOP ( 'NONE', ( #708, #833, #695, #1356 ) ) ;
#68 = CARTESIAN_POINT ( 'NONE',  ( -20.08662303271848160, 2.349120206389891032E-15, 8.000000000000000000 ) ) ;
#69 = EDGE_CURVE ( 'NONE', #3019, #849, #1831, .T. ) ;
#70 = EDGE_LOOP ( 'NONE', ( #25, #2368, #188, #1303 ) ) ;
#71 = VECTOR ( 'NONE', #2640, 1000.000000000000000 ) ;
#72 = AXIS2_PLACEMENT_3D ( 'NONE', #623, #2884, #378 ) ;
#73 = CARTESIAN_POINT ( 'NONE',  ( -172.6684849243160329, -18.74199963378898914, 8.000000000000000000 ) ) ;
#74 = ORIENTED_EDGE ( 'NONE', *, *, #2364, .T. ) ;
#75 = ORIENTED_EDGE ( 'NONE', *, *, #178, .F. ) ;
#76 = CARTESIAN_POINT ( 'NONE',  ( -50.80000686645399810, 1.823661992376926331E-16, 5.999999999999998224 ) ) ;
#77 = ORIENTED_EDGE ( 'NONE', *, *, #1923, .T. ) ;
#78 = LINE ( 'NONE', #3079, #764 ) ;
#79 = AXIS2_PLACEMENT_3D ( 'NONE', #2776, #1744, #1264 ) ;
#80 = CARTESIAN_POINT ( 'NONE',  ( 80.33151507568400973, -4.541999633788991630, 0.000000000000000000 ) ) ;
#81 = CONICAL_SURFACE ( 'NONE', #916, 2.999999999999995559, 0.7853981633974482790 ) ;
#82 = CARTESIAN_POINT ( 'NONE',  ( 13.61651611327399714, -5.000000000000000888, 8.000000000000000000 ) ) ;
#83 = CARTESIAN_POINT ( 'NONE',  ( 0.000000000000000000, 5.000000000000000888, 8.000000000000000000 ) ) ;
#84 = CARTESIAN_POINT ( 'NONE',  ( 78.33151507568400973, -4.541999633788991630, 0.000000000000000000 ) ) ;
#85 = AXIS2_PLACEMENT_3D ( 'NONE', #1452, #974, #488 ) ;
#86 = EDGE_CURVE ( 'NONE', #1885, #478, #379, .T. ) ;
#87 = AXIS2_PLACEMENT_3D ( 'NONE', #1794, #27, #1767 ) ;
#88 = DIRECTION ( 'NONE',  ( -0.000000000000000000, -0.000000000000000000, -1.000000000000000000 ) ) ;
#89 = EDGE_CURVE ( 'NONE', #2762, #1842, #2871, .T. ) ;
#90 = CARTESIAN_POINT ( 'NONE',  ( -172.6684849243160329, -18.74199963378898914, 8.000000000000000000 ) ) ;
#91 = VERTEX_POINT ( 'NONE', #2611 ) ;
#92 = EDGE_LOOP ( 'NONE', ( #2312, #177, #2560, #1695 ) ) ;
#93 = ORIENTED_EDGE ( 'NONE', *, *, #1088, .T. ) ;
#94 = DIRECTION ( 'NONE',  ( 0.000000000000000000, 0.000000000000000000, 1.000000000000000000 ) ) ;
#95 = ORIENTED_EDGE ( 'NONE', *, *, #792, .F. ) ;
#96 = CARTESIAN_POINT ( 'NONE',  ( 4.999992370605010450, -12.69506454467800260, 8.000000000000000000 ) ) ;
#97 = DIRECTION ( 'NONE',  ( -0.000000000000000000, -0.000000000000000000, -1.000000000000000000 ) ) ;
#98 = LINE ( 'NONE', #1035, #1175 ) ;
#99 = CARTESIAN_POINT ( 'NONE',  ( -37.18348693847600828, -3.313386122555504798, 0.000000000000000000 ) ) ;
#100 = ORIENTED_EDGE ( 'NONE', *, *, #3203, .F. ) ;
#101 = CARTESIAN_POINT ( 'NONE',  ( 62.28151507568401257, 6.658000366211003218, 0.000000000000000000 ) ) ;
#102 = EDGE_CURVE ( 'NONE', #1192, #506, #626, .T. ) ;
#103 = AXIS2_PLACEMENT_3D ( 'NONE', #965, #2508, #255 ) ;
#104 = ADVANCED_FACE ( 'NONE', ( #1625 ), #1640, .T. ) ;
#105 = EDGE_CURVE ( 'NONE', #2906, #1209, #2642, .T. ) ;
#106 = ORIENTED_EDGE ( 'NONE', *, *, #2448, .F. ) ;
#107 = VECTOR ( 'NONE', #1608, 1000.000000000000000 ) ;
#108 = ORIENTED_EDGE ( 'NONE', *, *, #3231, .T. ) ;
#109 = EDGE_LOOP ( 'NONE', ( #2536, #920, #1975, #169, #2891 ) ) ;
#110 = DIRECTION ( 'NONE',  ( -0.000000000000000000, -0.000000000000000000, -1.000000000000000000 ) ) ;
#111 = ORIENTED_EDGE ( 'NONE', *, *, #1008, .T. ) ;
#112 = DIRECTION ( 'NONE',  ( 1.000000000000000000, 0.000000000000000000, 0.000000000000000000 ) ) ;
#113 = CARTESIAN_POINT ( 'NONE',  ( -172.6684849243160045, 9.658000366211005883, 8.000000000000000000 ) ) ;
#114 = CARTESIAN_POINT ( 'NONE',  ( 13.61651611327399714, 0.000000000000000000, 0.000000000000000000 ) ) ;
#115 = DIRECTION ( 'NONE',  ( 1.000000000000000000, 1.472165949554773075E-16, 0.000000000000000000 ) ) ;
#116 = CARTESIAN_POINT ( 'NONE',  ( -11.78348541259700788, -9.695064544678004381, 5.999999999999998224 ) ) ;
#117 = CIRCLE ( 'NONE', #2371, 3.000000000000002665 ) ;
#118 = SURFACE_SIDE_STYLE ('',( #1616 ) ) ;
#119 = CIRCLE ( 'NONE', #698, 5.313386122555511015 ) ;
#120 = ADVANCED_FACE ( 'NONE', ( #2660 ), #1659, .F. ) ;
#121 = ORIENTED_EDGE ( 'NONE', *, *, #792, .T. ) ;
#122 = DIRECTION ( 'NONE',  ( 0.000000000000000000, 0.000000000000000000, 1.000000000000000000 ) ) ;
#123 = EDGE_CURVE ( 'NONE', #1271, #2843, #1464, .T. ) ;
#124 = ORIENTED_EDGE ( 'NONE', *, *, #162, .F. ) ;
#125 = CARTESIAN_POINT ( 'NONE',  ( -11.78348541259700788, 0.000000000000000000, 8.000000000000000000 ) ) ;
#126 = DIRECTION ( 'NONE',  ( 0.000000000000000000, 0.000000000000000000, 1.000000000000000000 ) ) ;
#127 = CARTESIAN_POINT ( 'NONE',  ( -25.38540649414000683, -9.695064544678004381, 8.000000000000000000 ) ) ;
#128 = AXIS2_PLACEMENT_3D ( 'NONE', #674, #2423, #175 ) ;
#129 = CARTESIAN_POINT ( 'NONE',  ( -50.80000686645399810, -2.999999999999998224, 5.999999999999998224 ) ) ;
#130 = CARTESIAN_POINT ( 'NONE',  ( -76.24448492431599789, -12.61499963378900269, 5.000000000000000000 ) ) ;
#131 = VECTOR ( 'NONE', #947, 1000.000000000000000 ) ;
#132 = VECTOR ( 'NONE', #864, 1000.000000000000000 ) ;
#133 = DIRECTION ( 'NONE',  ( 0.000000000000000000, 0.000000000000000000, 1.000000000000000000 ) ) ;
#134 = ORIENTED_EDGE ( 'NONE', *, *, #1877, .T. ) ;
#135 = VERTEX_POINT ( 'NONE', #1163 ) ;
#136 = DIRECTION ( 'NONE',  ( -0.000000000000000000, -0.000000000000000000, -1.000000000000000000 ) ) ;
#137 = EDGE_LOOP ( 'NONE', ( #3076, #1374, #57, #161 ) ) ;
#138 = LINE ( 'NONE', #2621, #1522 ) ;
#139 = DIRECTION ( 'NONE',  ( -0.000000000000000000, -0.000000000000000000, -1.000000000000000000 ) ) ;
#140 = CARTESIAN_POINT ( 'NONE',  ( -22.08662303271848515, 2.349120206389891032E-15, 5.999999999999998224 ) ) ;
#141 = ADVANCED_FACE ( 'NONE', ( #1895 ), #2901, .F. ) ;
#142 = DIRECTION ( 'NONE',  ( -1.000000000000000000, 0.000000000000000000, 0.000000000000000000 ) ) ;
#143 = DIRECTION ( 'NONE',  ( 1.000000000000000000, 0.000000000000000000, 0.000000000000000000 ) ) ;
#144 = DIRECTION ( 'NONE',  ( -0.000000000000000000, -0.000000000000000000, -1.000000000000000000 ) ) ;
#145 = DIRECTION ( 'NONE',  ( 0.000000000000000000, 0.000000000000000000, 1.000000000000000000 ) ) ;
#146 = ORIENTED_EDGE ( 'NONE', *, *, #928, .F. ) ;
#147 = AXIS2_PLACEMENT_3D ( 'NONE', #1148, #3147, #2442 ) ;
#148 = CIRCLE ( 'NONE', #2782, 2.049999999999996270 ) ;
#149 = DIRECTION ( 'NONE',  ( 0.000000000000000000, 0.000000000000000000, 1.000000000000000000 ) ) ;
#150 = VECTOR ( 'NONE', #3045, 1000.000000000000000 ) ;
#151 = VERTEX_POINT ( 'NONE', #2257 ) ;
#152 = PLANE ( 'NONE',  #3036 ) ;
#153 = AXIS2_PLACEMENT_3D ( 'NONE', #1520, #2007, #1552 ) ;
#154 = CARTESIAN_POINT ( 'NONE',  ( 13.61651611327399714, -2.999999999999999556, 5.999999999999998224 ) ) ;
#155 = DIRECTION ( 'NONE',  ( 0.000000000000000000, 0.000000000000000000, 1.000000000000000000 ) ) ;
#156 = AXIS2_PLACEMENT_3D ( 'NONE', #2824, #2797, #1330 ) ;
#157 = CARTESIAN_POINT ( 'NONE',  ( 60.29851531982401269, -12.69400024414100336, 6.000000000000014211 ) ) ;
#158 = EDGE_CURVE ( 'NONE', #1717, #2472, #2672, .T. ) ;
#159 = FACE_OUTER_BOUND ( 'NONE', #1602, .T. ) ;
#160 = EDGE_CURVE ( 'NONE', #4, #733, #1676, .T. ) ;
#161 = ORIENTED_EDGE ( 'NONE', *, *, #2184, .F. ) ;
#162 = EDGE_CURVE ( 'NONE', #1153, #2246, #3035, .T. ) ;
#163 = DIRECTION ( 'NONE',  ( 0.000000000000000000, 0.000000000000000000, 1.000000000000000000 ) ) ;
#164 = DIRECTION ( 'NONE',  ( 0.000000000000000000, -0.000000000000000000, 1.000000000000000000 ) ) ;
#165 = ORIENTED_EDGE ( 'NONE', *, *, #1648, .T. ) ;
#166 = AXIS2_PLACEMENT_3D ( 'NONE', #2920, #2464, #1954 ) ;
#167 = DIRECTION ( 'NONE',  ( -1.000000000000000000, -1.840207436943464248E-16, 0.000000000000000000 ) ) ;
#168 = CIRCLE ( 'NONE', #546, 2.000000000000001776 ) ;
#169 = ORIENTED_EDGE ( 'NONE', *, *, #3145, .T. ) ;
#170 = DIRECTION ( 'NONE',  ( 0.000000000000000000, -0.000000000000000000, -1.000000000000000000 ) ) ;
#171 = AXIS2_PLACEMENT_3D ( 'NONE', #574, #1830, #2836 ) ;
#172 = DIRECTION ( 'NONE',  ( 0.000000000000000000, 0.000000000000000000, -1.000000000000000000 ) ) ;
#173 = LINE ( 'NONE', #140, #71 ) ;
#174 = DIRECTION ( 'NONE',  ( 4.886545002751569919E-16, 1.000000000000000000, -0.000000000000000000 ) ) ;
#175 = DIRECTION ( 'NONE',  ( 1.000000000000000000, 1.840207436943464248E-16, -0.000000000000000000 ) ) ;
#176 = CIRCLE ( 'NONE', #604, 3.000000000000002665 ) ;
#177 = ORIENTED_EDGE ( 'NONE', *, *, #3109, .T. ) ;
#178 = EDGE_CURVE ( 'NONE', #3223, #531, #256, .T. ) ;
#179 = AXIS2_PLACEMENT_3D ( 'NONE', #1275, #1800, #785 ) ;
#180 = DIRECTION ( 'NONE',  ( -1.000000000000000000, 0.000000000000000000, 0.000000000000000000 ) ) ;
#181 = DIRECTION ( 'NONE',  ( 1.000000000000000000, -1.360567432138672174E-17, 0.000000000000000000 ) ) ;
#182 = ORIENTED_EDGE ( 'NONE', *, *, #1840, .T. ) ;
#183 = CIRCLE ( 'NONE', #973, 4.999999999999997335 ) ;
#184 = EDGE_CURVE ( 'NONE', #2501, #794, #2192, .T. ) ;
#185 = EDGE_LOOP ( 'NONE', ( #2600, #2616, #2577, #2633 ) ) ;
#186 = CIRCLE ( 'NONE', #87, 5.000000000000000888 ) ;
#187 = DIRECTION ( 'NONE',  ( 0.000000000000000000, 0.000000000000000000, 1.000000000000000000 ) ) ;
#188 = ORIENTED_EDGE ( 'NONE', *, *, #2425, .F. ) ;
#189 = DIRECTION ( 'NONE',  ( -1.000000000000000000, 0.000000000000000000, 0.000000000000000000 ) ) ;
#190 = CARTESIAN_POINT ( 'NONE',  ( -7.629394990771309892E-06, -9.695064544678004381, 0.000000000000000000 ) ) ;
#191 = LINE ( 'NONE', #127, #3212 ) ;
#192 = DIRECTION ( 'NONE',  ( -1.000000000000000000, 0.000000000000000000, 0.000000000000000000 ) ) ;
#193 = FACE_OUTER_BOUND ( 'NONE', #2768, .T. ) ;
#194 = VERTEX_POINT ( 'NONE', #1493 ) ;
#195 = CARTESIAN_POINT ( 'NONE',  ( -11.78348541259700788, -12.69506454467800260, 5.999999999999998224 ) ) ;
#196 = EDGE_CURVE ( 'NONE', #2159, #3110, #1781, .T. ) ;
#197 = CARTESIAN_POINT ( 'NONE',  ( 0.000000000000000000, -17.69506454467800438, 8.000000000000000000 ) ) ;
#198 = ORIENTED_EDGE ( 'NONE', *, *, #3169, .F. ) ;
#199 = ADVANCED_FACE ( 'NONE', ( #2998 ), #1691, .F. ) ;
#200 = DIRECTION ( 'NONE',  ( 1.000000000000000000, 0.000000000000000000, 0.000000000000000000 ) ) ;
#201 = EDGE_CURVE ( 'NONE', #2037, #2483, #1102, .T. ) ;
#202 = EDGE_LOOP ( 'NONE', ( #309, #2747, #1255, #758, #1559 ) ) ;
#203 = ORIENTED_EDGE ( 'NONE', *, *, #2385, .F. ) ;
#204 = CARTESIAN_POINT ( 'NONE',  ( -25.40000915527398817, 2.349120206389891032E-15, 0.000000000000000000 ) ) ;
#205 = CARTESIAN_POINT ( 'NONE',  ( 78.33151507568400973, -4.541999633788991630, 8.000000000000000000 ) ) ;
#206 = VECTOR ( 'NONE', #1278, 1000.000000000000114 ) ;
#207 = DIRECTION ( 'NONE',  ( -1.301223157452639990E-16, 0.7071067811865476838, -0.7071067811865473507 ) ) ;
#208 = VECTOR ( 'NONE', #1405, 1000.000000000000000 ) ;
#209 = DIRECTION ( 'NONE',  ( 0.000000000000000000, -0.7071067811865474617, -0.7071067811865474617 ) ) ;
#210 = FACE_OUTER_BOUND ( 'NONE', #357, .T. ) ;
#211 = VECTOR ( 'NONE', #1816, 1000.000000000000000 ) ;
#212 = VERTEX_POINT ( 'NONE', #1979 ) ;
#213 = VERTEX_POINT ( 'NONE', #2240 ) ;
#214 = DIRECTION ( 'NONE',  ( 1.798265645175175095E-06, -0.7071067811854043761, -0.7071067811854040430 ) ) ;
#215 = LINE ( 'NONE', #1790, #696 ) ;
#216 = CIRCLE ( 'NONE', #2107, 5.000000000000000888 ) ;
#217 = LINE ( 'NONE', #470, #1339 ) ;
#218 = ORIENTED_EDGE ( 'NONE', *, *, #2758, .F. ) ;
#219 = ADVANCED_FACE ( 'NONE', ( #2691 ), #2210, .F. ) ;
#220 = EDGE_LOOP ( 'NONE', ( #3040, #320, #464, #3166 ) ) ;
#221 = CARTESIAN_POINT ( 'NONE',  ( -62.58348464965800417, -12.70000076293900015, 8.000000000000000000 ) ) ;
#222 = CARTESIAN_POINT ( 'NONE',  ( -62.58348464965800417, -3.000000000000000444, 0.000000000000000000 ) ) ;
#223 = CIRCLE ( 'NONE', #1845, 2.049999999999996270 ) ;
#224 = CARTESIAN_POINT ( 'NONE',  ( -62.58348464965800417, -12.70000076293900015, 8.000000000000000000 ) ) ;
#225 = EDGE_CURVE ( 'NONE', #712, #2349, #476, .T. ) ;
#226 = AXIS2_PLACEMENT_3D ( 'NONE', #2586, #3027, #2322 ) ;
#227 = DIRECTION ( 'NONE',  ( 1.000000000000000000, 0.000000000000000000, 0.000000000000000000 ) ) ;
#228 = CARTESIAN_POINT ( 'NONE',  ( -9.201037184717338745E-16, 5.000000000000008882, 8.000000000000000000 ) ) ;
#229 = VERTEX_POINT ( 'NONE', #1458 ) ;
#230 = ORIENTED_EDGE ( 'NONE', *, *, #66, .T. ) ;
#231 = PLANE ( 'NONE',  #3039 ) ;
#232 = CARTESIAN_POINT ( 'NONE',  ( 64.33151507568400973, 6.658000366211003218, 5.000000000000000000 ) ) ;
#233 = AXIS2_PLACEMENT_3D ( 'NONE', #1049, #1556, #1310 ) ;
#234 = CARTESIAN_POINT ( 'NONE',  ( -11.78348541259700788, -9.695064544678004381, 5.999999999999998224 ) ) ;
#235 = AXIS2_PLACEMENT_3D ( 'NONE', #1862, #2869, #2914 ) ;
#236 = VERTEX_POINT ( 'NONE', #2982 ) ;
#237 = VECTOR ( 'NONE', #1357, 1000.000000000000000 ) ;
#238 = ORIENTED_EDGE ( 'NONE', *, *, #2471, .T. ) ;
#239 = LINE ( 'NONE', #2963, #2829 ) ;
#240 = DIRECTION ( 'NONE',  ( -1.000000000000000000, 0.000000000000000000, 0.000000000000000000 ) ) ;
#241 = CARTESIAN_POINT ( 'NONE',  ( 13.61651611327399714, 0.000000000000000000, 5.999999999999998224 ) ) ;
#242 = EDGE_CURVE ( 'NONE', #1981, #355, #2300, .T. ) ;
#243 = DIRECTION ( 'NONE',  ( 1.000000000000000000, 2.944331899109546150E-16, -0.000000000000000000 ) ) ;
#244 = DIRECTION ( 'NONE',  ( -1.000000000000000000, -1.840207436943774123E-16, 0.000000000000000000 ) ) ;
#245 = ADVANCED_FACE ( 'NONE', ( #515 ), #2476, .F. ) ;
#246 = VERTEX_POINT ( 'NONE', #1509 ) ;
#247 = FACE_OUTER_BOUND ( 'NONE', #1029, .T. ) ;
#248 = ORIENTED_EDGE ( 'NONE', *, *, #123, .F. ) ;
#249 = DIRECTION ( 'NONE',  ( 1.000000000000000000, 0.000000000000000000, 0.000000000000000000 ) ) ;
#250 = ORIENTED_EDGE ( 'NONE', *, *, #2737, .F. ) ;
#251 = ORIENTED_EDGE ( 'NONE', *, *, #2102, .T. ) ;
#252 = DIRECTION ( 'NONE',  ( -1.000000000000000000, 0.000000000000000000, 0.000000000000000000 ) ) ;
#253 = CARTESIAN_POINT ( 'NONE',  ( -14.78348541259700788, -12.69506454467800260, 0.000000000000000000 ) ) ;
#254 = DIRECTION ( 'NONE',  ( -0.000000000000000000, -0.000000000000000000, -1.000000000000000000 ) ) ;
#255 = DIRECTION ( 'NONE',  ( 1.000000000000000000, 0.000000000000000000, 0.000000000000000000 ) ) ;
#256 = CIRCLE ( 'NONE', #1570, 4.999999999999997335 ) ;
#257 = LINE ( 'NONE', #1249, #1853 ) ;
#258 = VECTOR ( 'NONE', #1686, 1000.000000000000000 ) ;
#259 = VERTEX_POINT ( 'NONE', #2759 ) ;
#260 = EDGE_CURVE ( 'NONE', #3111, #2299, #2949, .T. ) ;
#261 = DIRECTION ( 'NONE',  ( -1.000000000000000000, 0.000000000000000000, 0.000000000000000000 ) ) ;
#262 = CIRCLE ( 'NONE', #2145, 2.999999999999995559 ) ;
#263 = EDGE_CURVE ( 'NONE', #297, #618, #1309, .T. ) ;
#264 = VECTOR ( 'NONE', #1198, 1000.000000000000000 ) ;
#265 = CARTESIAN_POINT ( 'NONE',  ( -76.24448492431599789, 6.658000366211003218, 0.000000000000000000 ) ) ;
#266 = EDGE_LOOP ( 'NONE', ( #337, #831, #3189, #1551, #1076 ) ) ;
#267 = ORIENTED_EDGE ( 'NONE', *, *, #298, .F. ) ;
#268 = ORIENTED_EDGE ( 'NONE', *, *, #1708, .F. ) ;
#269 = LINE ( 'NONE', #2270, #423 ) ;
#270 = CARTESIAN_POINT ( 'NONE',  ( 76.33151507568400973, -4.541999633788991630, 8.000000000000000000 ) ) ;
#271 = DIRECTION ( 'NONE',  ( -0.000000000000000000, -0.000000000000000000, -1.000000000000000000 ) ) ;
#272 = DIRECTION ( 'NONE',  ( -0.000000000000000000, -0.000000000000000000, -1.000000000000000000 ) ) ;
#273 = CARTESIAN_POINT ( 'NONE',  ( 13.61651611327399714, 0.000000000000000000, 5.999999999999998224 ) ) ;
#274 = VECTOR ( 'NONE', #1538, 1000.000000000000000 ) ;
#275 = EDGE_LOOP ( 'NONE', ( #2014, #1990, #779, #2864, #2705 ) ) ;
#276 = DIRECTION ( 'NONE',  ( 1.000000000000000000, 0.000000000000000000, 0.000000000000000000 ) ) ;
#277 = ADVANCED_FACE ( 'NONE', ( #1263 ), #1624, .F. ) ;
#278 = CARTESIAN_POINT ( 'NONE',  ( 25.39999389648399486, -17.69506454467800438, 8.000000000000000000 ) ) ;
#279 = EDGE_CURVE ( 'NONE', #1791, #1225, #1964, .T. ) ;
#280 = AXIS2_PLACEMENT_3D ( 'NONE', #2130, #1410, #918 ) ;
#281 = ORIENTED_EDGE ( 'NONE', *, *, #3188, .F. ) ;
#282 = ORIENTED_EDGE ( 'NONE', *, *, #491, .F. ) ;
#283 = DIRECTION ( 'NONE',  ( -0.000000000000000000, -0.000000000000000000, -1.000000000000000000 ) ) ;
#284 = AXIS2_PLACEMENT_3D ( 'NONE', #2137, #2671, #3116 ) ;
#285 = FACE_OUTER_BOUND ( 'NONE', #3219, .T. ) ;
#286 = DIRECTION ( 'NONE',  ( 1.000000000000000000, 0.000000000000000000, 0.000000000000000000 ) ) ;
#287 = VECTOR ( 'NONE', #47, 1000.000000000000000 ) ;
#288 = CARTESIAN_POINT ( 'NONE',  ( 13.61651611327399714, -12.69506454467800260, 5.999999999999998224 ) ) ;
#289 = DIRECTION ( 'NONE',  ( 1.000000000000000000, 0.000000000000000000, 0.000000000000000000 ) ) ;
#290 = VECTOR ( 'NONE', #3072, 1000.000000000000000 ) ;
#291 = DIRECTION ( 'NONE',  ( 1.000000000000000000, -1.360567432138672174E-17, 0.000000000000000000 ) ) ;
#292 = ORIENTED_EDGE ( 'NONE', *, *, #1531, .T. ) ;
#293 = DIRECTION ( 'NONE',  ( 0.000000000000000000, -0.7071067811865475727, -0.7071067811865475727 ) ) ;
#294 = EDGE_CURVE ( 'NONE', #830, #2817, #148, .T. ) ;
#295 = CARTESIAN_POINT ( 'NONE',  ( -25.40000915527398817, -3.313386122555503022, 5.999999999999998224 ) ) ;
#296 = VERTEX_POINT ( 'NONE', #324 ) ;
#297 = VERTEX_POINT ( 'NONE', #1308 ) ;
#298 = EDGE_CURVE ( 'NONE', #733, #665, #343, .T. ) ;
#299 = VERTEX_POINT ( 'NONE', #2092 ) ;
#300 = EDGE_CURVE ( 'NONE', #537, #1108, #788, .T. ) ;
#301 = CARTESIAN_POINT ( 'NONE',  ( 78.33151507568400973, -4.541999633788991630, 8.000000000000000000 ) ) ;
#302 = DIRECTION ( 'NONE',  ( 1.000000000000000000, 0.000000000000000000, 0.000000000000000000 ) ) ;
#303 = DIRECTION ( 'NONE',  ( 0.000000000000000000, 0.000000000000000000, 1.000000000000000000 ) ) ;
#304 = EDGE_CURVE ( 'NONE', #1796, #1941, #2307, .T. ) ;
#305 = DIRECTION ( 'NONE',  ( 0.7071067811865474617, 0.000000000000000000, 0.7071067811865474617 ) ) ;
#306 = CARTESIAN_POINT ( 'NONE',  ( 0.000000000000000000, -7.695064544678001717, 8.000000000000000000 ) ) ;
#307 = DIRECTION ( 'NONE',  ( 0.000000000000000000, 0.000000000000000000, -1.000000000000000000 ) ) ;
#308 = ORIENTED_EDGE ( 'NONE', *, *, #572, .T. ) ;
#309 = ORIENTED_EDGE ( 'NONE', *, *, #2160, .T. ) ;
#310 = DIRECTION ( 'NONE',  ( 0.000000000000000000, 0.000000000000000000, -1.000000000000000000 ) ) ;
#311 = AXIS2_PLACEMENT_3D ( 'NONE', #1475, #3195, #739 ) ;
#312 = CIRCLE ( 'NONE', #2358, 3.000000000000002665 ) ;
#313 = LINE ( 'NONE', #1023, #2440 ) ;
#314 = ORIENTED_EDGE ( 'NONE', *, *, #2591, .T. ) ;
#315 = ORIENTED_EDGE ( 'NONE', *, *, #666, .F. ) ;
#316 = VECTOR ( 'NONE', #1584, 1000.000000000000000 ) ;
#317 = ORIENTED_EDGE ( 'NONE', *, *, #3211, .T. ) ;
#318 = ORIENTED_EDGE ( 'NONE', *, *, #2854, .F. ) ;
#319 = DIRECTION ( 'NONE',  ( 0.000000000000000000, 0.000000000000000000, -1.000000000000000000 ) ) ;
#320 = ORIENTED_EDGE ( 'NONE', *, *, #382, .T. ) ;
#321 = LINE ( 'NONE', #3026, #287 ) ;
#322 = CARTESIAN_POINT ( 'NONE',  ( -11.78348541259700788, 3.000000000000000444, 8.000000000000000000 ) ) ;
#323 = ADVANCED_FACE ( 'NONE', ( #1034 ), #1818, .F. ) ;
#324 = CARTESIAN_POINT ( 'NONE',  ( -37.18348693847600828, 5.313386122555507463, 8.000000000000000000 ) ) ;
#325 = PLANE ( 'NONE',  #3220 ) ;
#326 = DIRECTION ( 'NONE',  ( 0.000000000000000000, -0.7071067811865474617, 0.7071067811865474617 ) ) ;
#328 = EDGE_CURVE ( 'NONE', #975, #2876, #2138, .T. ) ;
#327 = ORIENTED_EDGE ( 'NONE', *, *, #1289, .T. ) ;
#329 = VECTOR ( 'NONE', #1541, 1000.000000000000000 ) ;
#330 = DIRECTION ( 'NONE',  ( 0.000000000000000000, -0.000000000000000000, 1.000000000000000000 ) ) ;
#331 = ORIENTED_EDGE ( 'NONE', *, *, #572, .F. ) ;
#332 = CIRCLE ( 'NONE', #2156, 5.000000000000000888 ) ;
#333 = LINE ( 'NONE', #12, #1342 ) ;
#334 = EDGE_LOOP ( 'NONE', ( #218, #1910, #584, #783 ) ) ;
#335 = VERTEX_POINT ( 'NONE', #1343 ) ;
#336 = ORIENTED_EDGE ( 'NONE', *, *, #681, .T. ) ;
#337 = ORIENTED_EDGE ( 'NONE', *, *, #514, .T. ) ;
#338 = CARTESIAN_POINT ( 'NONE',  ( -62.58348464965800417, -12.70000076293900015, 8.000000000000000000 ) ) ;
#339 = ORIENTED_EDGE ( 'NONE', *, *, #444, .T. ) ;
#340 = CARTESIAN_POINT ( 'NONE',  ( 64.33151507568400973, -12.61499963378900269, 5.000000000000000000 ) ) ;
#341 = AXIS2_PLACEMENT_3D ( 'NONE', #2496, #1279, #1494 ) ;
#342 = VECTOR ( 'NONE', #1637, 1000.000000000000000 ) ;
#343 = LINE ( 'NONE', #2078, #206 ) ;
#344 = EDGE_CURVE ( 'NONE', #536, #2935, #1150, .T. ) ;
#345 = DIRECTION ( 'NONE',  ( -1.000000000000000000, 0.000000000000000000, 0.000000000000000000 ) ) ;
#346 = CARTESIAN_POINT ( 'NONE',  ( -62.58473982447705453, -9.700001025516312936, 0.000000000000000000 ) ) ;
#347 = AXIS2_PLACEMENT_3D ( 'NONE', #340, #1341, #2805 ) ;
#348 = ORIENTED_EDGE ( 'NONE', *, *, #3011, .F. ) ;
#349 = COLOUR_RGB ( '',1.000000000000000000, 1.000000000000000000, 1.000000000000000000 ) ;
#350 = EDGE_CURVE ( 'NONE', #259, #2434, #55, .T. ) ;
#351 = FACE_OUTER_BOUND ( 'NONE', #1336, .T. ) ;
#352 = EDGE_CURVE ( 'NONE', #2414, #1109, #1572, .T. ) ;
#353 = CARTESIAN_POINT ( 'NONE',  ( -62.58348464965800417, -3.000000000000000444, 5.999999999999998224 ) ) ;
#354 = VERTEX_POINT ( 'NONE', #1324 ) ;
#355 = VERTEX_POINT ( 'NONE', #1802 ) ;
#356 = ORIENTED_EDGE ( 'NONE', *, *, #294, .F. ) ;
#357 = EDGE_LOOP ( 'NONE', ( #3240, #2035, #1620, #2960 ) ) ;
#358 = ORIENTED_EDGE ( 'NONE', *, *, #1945, .T. ) ;
#359 = CARTESIAN_POINT ( 'NONE',  ( -62.58348464965800417, -1.984387807914870121E-15, 5.999999999999998224 ) ) ;
#360 = DIRECTION ( 'NONE',  ( -0.000000000000000000, -0.000000000000000000, -1.000000000000000000 ) ) ;
#361 = CARTESIAN_POINT ( 'NONE',  ( 64.33151507568400973, 6.658000366211003218, 5.000000000000000000 ) ) ;
#362 = DIRECTION ( 'NONE',  ( 0.000000000000000000, 0.000000000000000000, 1.000000000000000000 ) ) ;
#363 = FACE_OUTER_BOUND ( 'NONE', #1955, .T. ) ;
#364 = CARTESIAN_POINT ( 'NONE',  ( -7.629394988341248600E-06, -3.000000000000000444, 8.000000000000000000 ) ) ;
#365 = LINE ( 'NONE', #2065, #1499 ) ;
#366 = EDGE_CURVE ( 'NONE', #2907, #2499, #2028, .T. ) ;
#367 = EDGE_LOOP ( 'NONE', ( #521, #308, #1348, #1951 ) ) ;
#368 = VECTOR ( 'NONE', #2377, 1000.000000000000114 ) ;
#369 = CARTESIAN_POINT ( 'NONE',  ( -11.78348541259700788, -3.000000000000000444, 5.999999999999998224 ) ) ;
#370 = VERTEX_POINT ( 'NONE', #82 ) ;
#371 = ADVANCED_FACE ( 'NONE', ( #592 ), #1525, .F. ) ;
#372 = AXIS2_PLACEMENT_3D ( 'NONE', #1889, #2357, #1861 ) ;
#373 = ORIENTED_EDGE ( 'NONE', *, *, #2796, .F. ) ;
#374 = CARTESIAN_POINT ( 'NONE',  ( -172.6684849243160045, 9.658000366211005883, 8.000000000000000000 ) ) ;
#375 = ORIENTED_EDGE ( 'NONE', *, *, #1788, .T. ) ;
#376 = DIRECTION ( 'NONE',  ( -0.000000000000000000, -0.000000000000000000, -1.000000000000000000 ) ) ;
#377 = DIRECTION ( 'NONE',  ( 1.000000000000000000, 0.000000000000000000, 0.000000000000000000 ) ) ;
#378 = DIRECTION ( 'NONE',  ( -1.000000000000000000, 0.000000000000000000, 0.000000000000000000 ) ) ;
#379 = LINE ( 'NONE', #3146, #789 ) ;
#380 = CARTESIAN_POINT ( 'NONE',  ( -65.58348464965800417, -12.70000076293900015, 8.000000000000000000 ) ) ;
#381 = VECTOR ( 'NONE', #1854, 1000.000000000000114 ) ;
#382 = EDGE_CURVE ( 'NONE', #794, #1280, #1292, .T. ) ;
#383 = DIRECTION ( 'NONE',  ( 1.000000000000000000, 1.040834085586084059E-15, 0.000000000000000000 ) ) ;
#384 = ORIENTED_EDGE ( 'NONE', *, *, #2002, .T. ) ;
#385 = AXIS2_PLACEMENT_3D ( 'NONE', #803, #1554, #2606 ) ;
#386 = ORIENTED_EDGE ( 'NONE', *, *, #2248, .F. ) ;
#387 = ORIENTED_EDGE ( 'NONE', *, *, #725, .T. ) ;
#388 = ADVANCED_FACE ( 'NONE', ( #1098 ), #2541, .F. ) ;
#389 = CARTESIAN_POINT ( 'NONE',  ( -11.78348541259700788, -9.695064544678004381, 5.999999999999998224 ) ) ;
#390 = ORIENTED_EDGE ( 'NONE', *, *, #1970, .T. ) ;
#391 = FACE_OUTER_BOUND ( 'NONE', #2367, .T. ) ;
#392 = FACE_OUTER_BOUND ( 'NONE', #691, .T. ) ;
#393 = CARTESIAN_POINT ( 'NONE',  ( -37.18348693847600828, -3.313386122555504798, 5.999999999999998224 ) ) ;
#394 = DIRECTION ( 'NONE',  ( -0.000000000000000000, -0.000000000000000000, -1.000000000000000000 ) ) ;
#395 = CARTESIAN_POINT ( 'NONE',  ( 52.29851531982403401, -12.69400024414100336, 8.000000000000000000 ) ) ;
#396 = EDGE_LOOP ( 'NONE', ( #2151, #356 ) ) ;
#397 = AXIS2_PLACEMENT_3D ( 'NONE', #2089, #2303, #1829 ) ;
#398 = AXIS2_PLACEMENT_3D ( 'NONE', #1375, #122, #619 ) ;
#399 = DIRECTION ( 'NONE',  ( -0.000000000000000000, -0.000000000000000000, -1.000000000000000000 ) ) ;
#400 = FILL_AREA_STYLE ('',( #2863 ) ) ;
#401 = ORIENTED_EDGE ( 'NONE', *, *, #766, .F. ) ;
#402 = ORIENTED_EDGE ( 'NONE', *, *, #1425, .F. ) ;
#403 = CARTESIAN_POINT ( 'NONE',  ( -37.16888427734399158, -15.69506454467799905, 0.000000000000000000 ) ) ;
#404 = PRODUCT ( '\X2\706f677f\X0\', '\X2\706f677f\X0\', '', ( #2341 ) ) ;
#405 = EDGE_CURVE ( 'NONE', #713, #1139, #1573, .T. ) ;
#406 = ADVANCED_FACE ( 'NONE', ( #3063 ), #3142, .F. ) ;
#407 = ORIENTED_EDGE ( 'NONE', *, *, #2027, .F. ) ;
#408 = FACE_OUTER_BOUND ( 'NONE', #1140, .T. ) ;
#409 = CARTESIAN_POINT ( 'NONE',  ( -40.16888427734400580, -12.69506454467800438, 5.999999999999998224 ) ) ;
#410 = DIRECTION ( 'NONE',  ( 0.000000000000000000, 0.000000000000000000, 1.000000000000000000 ) ) ;
#411 = EDGE_CURVE ( 'NONE', #13, #2977, #2775, .T. ) ;
#412 = DIRECTION ( 'NONE',  ( -0.000000000000000000, -0.000000000000000000, -1.000000000000000000 ) ) ;
#413 = CARTESIAN_POINT ( 'NONE',  ( -62.58348464965800417, 2.999999999999996003, 8.000000000000000000 ) ) ;
#414 = ORIENTED_EDGE ( 'NONE', *, *, #2027, .T. ) ;
#415 = CARTESIAN_POINT ( 'NONE',  ( -62.58222947483896093, -15.70000050036168915, 8.000000000000000000 ) ) ;
#416 = FACE_OUTER_BOUND ( 'NONE', #1839, .T. ) ;
#417 = EDGE_LOOP ( 'NONE', ( #121, #165, #1811, #2584 ) ) ;
#418 = VECTOR ( 'NONE', #2886, 1000.000000000000114 ) ;
#419 = DIRECTION ( 'NONE',  ( -1.000000000000000000, 0.000000000000000000, 0.000000000000000000 ) ) ;
#420 = AXIS2_PLACEMENT_3D ( 'NONE', #1670, #1174, #2656 ) ;
#421 = ORIENTED_EDGE ( 'NONE', *, *, #2351, .T. ) ;
#422 = DIRECTION ( 'NONE',  ( -0.000000000000000000, -0.000000000000000000, -1.000000000000000000 ) ) ;
#423 = VECTOR ( 'NONE', #1799, 1000.000000000000000 ) ;
#424 = CARTESIAN_POINT ( 'NONE',  ( 64.33151507568400973, 6.658000366211003218, 5.000000000000000000 ) ) ;
#425 = LINE ( 'NONE', #1177, #2215 ) ;
#426 = ADVANCED_FACE ( 'NONE', ( #2525 ), #50, .F. ) ;
#427 = VECTOR ( 'NONE', #214, 1000.000000000000114 ) ;
#428 = ORIENTED_EDGE ( 'NONE', *, *, #3087, .T. ) ;
#429 = CARTESIAN_POINT ( 'NONE',  ( 64.33151507568400973, -12.61499963378900269, 0.000000000000000000 ) ) ;
#430 = FACE_OUTER_BOUND ( 'NONE', #3205, .T. ) ;
#431 = ADVANCED_FACE ( 'NONE', ( #1159 ), #2607, .T. ) ;
#432 = ORIENTED_EDGE ( 'NONE', *, *, #1788, .F. ) ;
#433 = CARTESIAN_POINT ( 'NONE',  ( -74.19448492431600073, -12.61499963378900269, 5.000000000000000000 ) ) ;
#434 = DIRECTION ( 'NONE',  ( 0.0002958475420392115991, -0.7071067192964778370, 0.7071067811865503483 ) ) ;
#435 = ORIENTED_EDGE ( 'NONE', *, *, #2267, .F. ) ;
#436 = ORIENTED_EDGE ( 'NONE', *, *, #1425, .T. ) ;
#437 = CIRCLE ( 'NONE', #2263, 2.000000000000001776 ) ;
#438 = DIRECTION ( 'NONE',  ( 0.000000000000000000, 0.000000000000000000, 1.000000000000000000 ) ) ;
#439 = AXIS2_PLACEMENT_3D ( 'NONE', #1261, #1944, #1228 ) ;
#440 = ORIENTED_EDGE ( 'NONE', *, *, #745, .F. ) ;
#441 = FACE_OUTER_BOUND ( 'NONE', #1968, .T. ) ;
#442 = DIRECTION ( 'NONE',  ( 1.000000000000000000, 1.840207436943774369E-16, 0.000000000000000000 ) ) ;
#443 = FACE_OUTER_BOUND ( 'NONE', #1453, .T. ) ;
#444 = EDGE_CURVE ( 'NONE', #1450, #2977, #312, .T. ) ;
#445 = DIRECTION ( 'NONE',  ( 1.000000000000000000, 0.000000000000000000, 0.000000000000000000 ) ) ;
#446 = CARTESIAN_POINT ( 'NONE',  ( -9.201037184718880968E-16, 5.000000000000005329, 8.000000000000000000 ) ) ;
#447 = CONICAL_SURFACE ( 'NONE', #79, 3.313386122555505242, 0.7853981633974485010 ) ;
#448 = ORIENTED_EDGE ( 'NONE', *, *, #450, .F. ) ;
#449 = EDGE_CURVE ( 'NONE', #2453, #2086, #3156, .T. ) ;
#450 = EDGE_CURVE ( 'NONE', #1271, #774, #138, .T. ) ;
#451 = CIRCLE ( 'NONE', #2702, 3.000000000000002665 ) ;
#452 = EDGE_LOOP ( 'NONE', ( #2716, #3239, #2794, #1669 ) ) ;
#453 = DIRECTION ( 'NONE',  ( 0.000000000000000000, 0.000000000000000000, -1.000000000000000000 ) ) ;
#454 = LINE ( 'NONE', #2428, #1009 ) ;
#455 = ORIENTED_EDGE ( 'NONE', *, *, #2654, .F. ) ;
#456 = VECTOR ( 'NONE', #2579, 1000.000000000000114 ) ;
#457 = DIRECTION ( 'NONE',  ( 0.000000000000000000, -0.7071067811865474617, -0.7071067811865475727 ) ) ;
#458 = ORIENTED_EDGE ( 'NONE', *, *, #1088, .F. ) ;
#459 = FACE_OUTER_BOUND ( 'NONE', #1319, .T. ) ;
#460 = LINE ( 'NONE', #836, #1390 ) ;
#461 = CARTESIAN_POINT ( 'NONE',  ( -37.16888427734399158, -9.695064544678006158, 0.000000000000000000 ) ) ;
#462 = DIRECTION ( 'NONE',  ( 1.000000000000000000, 0.000000000000000000, 0.000000000000000000 ) ) ;
#463 = LINE ( 'NONE', #706, #865 ) ;
#464 = ORIENTED_EDGE ( 'NONE', *, *, #2651, .T. ) ;
#465 = CARTESIAN_POINT ( 'NONE',  ( -11.78348541259700788, -3.000000000000000444, 0.000000000000000000 ) ) ;
#466 = CARTESIAN_POINT ( 'NONE',  ( -37.18348693847600828, 3.313386122555504798, 0.000000000000000000 ) ) ;
#467 = ORIENTED_EDGE ( 'NONE', *, *, #528, .T. ) ;
#468 = EDGE_CURVE ( 'NONE', #1108, #1885, #2637, .T. ) ;
#469 = ORIENTED_EDGE ( 'NONE', *, *, #2180, .F. ) ;
#470 = CARTESIAN_POINT ( 'NONE',  ( -37.18348693847600828, -3.313386122555504798, 0.000000000000000000 ) ) ;
#471 = ADVANCED_FACE ( 'NONE', ( #391 ), #152, .F. ) ;
#472 = ORIENTED_EDGE ( 'NONE', *, *, #2391, .T. ) ;
#473 = ORIENTED_EDGE ( 'NONE', *, *, #2122, .T. ) ;
#474 = FACE_BOUND ( 'NONE', #2285, .T. ) ;
#475 = CARTESIAN_POINT ( 'NONE',  ( -37.16888427734399158, -15.69506454467799905, 5.999999999999998224 ) ) ;
#476 = CIRCLE ( 'NONE', #1932, 4.999999999999997335 ) ;
#477 = PLANE ( 'NONE',  #439 ) ;
#478 = VERTEX_POINT ( 'NONE', #2912 ) ;
#479 = CARTESIAN_POINT ( 'NONE',  ( -74.19448492431600073, 6.658000366211003218, 5.000000000000000000 ) ) ;
#480 = DIRECTION ( 'NONE',  ( 0.000000000000000000, 0.000000000000000000, 1.000000000000000000 ) ) ;
#481 = AXIS2_PLACEMENT_3D ( 'NONE', #784, #523, #1274 ) ;
#482 = ORIENTED_EDGE ( 'NONE', *, *, #65, .T. ) ;
#483 = ORIENTED_EDGE ( 'NONE', *, *, #2975, .F. ) ;
#484 = DIRECTION ( 'NONE',  ( -1.000000000000000000, -1.840207436943773876E-16, 0.000000000000000000 ) ) ;
#485 = CARTESIAN_POINT ( 'NONE',  ( -37.16888427734399158, -9.695064544678006158, 8.000000000000000000 ) ) ;
#486 = ORIENTED_EDGE ( 'NONE', *, *, #158, .F. ) ;
#487 = ADVANCED_FACE ( 'NONE', ( #408 ), #2417, .F. ) ;
#488 = DIRECTION ( 'NONE',  ( -1.000000000000000000, 0.000000000000000000, 0.000000000000000000 ) ) ;
#489 = ORIENTED_EDGE ( 'NONE', *, *, #1545, .F. ) ;
#490 = AXIS2_PLACEMENT_3D ( 'NONE', #1218, #2216, #3218 ) ;
#491 = EDGE_CURVE ( 'NONE', #2284, #2443, #1987, .T. ) ;
#492 = ORIENTED_EDGE ( 'NONE', *, *, #2888, .T. ) ;
#493 = CARTESIAN_POINT ( 'NONE',  ( -45.80000686645400521, 1.823661992376926331E-16, 8.000000000000000000 ) ) ;
#494 = DIRECTION ( 'NONE',  ( -0.000000000000000000, -0.000000000000000000, -1.000000000000000000 ) ) ;
#495 = CIRCLE ( 'NONE', #2690, 2.999999999999999112 ) ;
#496 = DIRECTION ( 'NONE',  ( -0.000000000000000000, -0.000000000000000000, -1.000000000000000000 ) ) ;
#497 =( GEOMETRIC_REPRESENTATION_CONTEXT ( 3 ) GLOBAL_UNCERTAINTY_ASSIGNED_CONTEXT ( ( #11 ) ) GLOBAL_UNIT_ASSIGNED_CONTEXT ( ( #2291, #1323, #1045 ) ) REPRESENTATION_CONTEXT ( 'NONE', 'WORKASPACE' ) );
#498 = DIRECTION ( 'NONE',  ( -0.000000000000000000, -0.000000000000000000, -1.000000000000000000 ) ) ;
#499 = LINE ( 'NONE', #2711, #1904 ) ;
#500 = ORIENTED_EDGE ( 'NONE', *, *, #2590, .F. ) ;
#501 = LINE ( 'NONE', #1530, #1001 ) ;
#502 = AXIS2_PLACEMENT_3D ( 'NONE', #1610, #562, #2608 ) ;
#503 = ORIENTED_EDGE ( 'NONE', *, *, #242, .T. ) ;
#504 = DIRECTION ( 'NONE',  ( 1.000000000000000000, 0.000000000000000000, 0.000000000000000000 ) ) ;
#505 = CIRCLE ( 'NONE', #1657, 2.999999999999995559 ) ;
#506 = VERTEX_POINT ( 'NONE', #670 ) ;
#507 = AXIS2_PLACEMENT_3D ( 'NONE', #3085, #2813, #2860 ) ;
#508 = AXIS2_PLACEMENT_3D ( 'NONE', #3238, #438, #990 ) ;
#509 = ORIENTED_EDGE ( 'NONE', *, *, #3032, .F. ) ;
#510 = DIRECTION ( 'NONE',  ( -0.000000000000000000, -0.000000000000000000, -1.000000000000000000 ) ) ;
#511 = DIRECTION ( 'NONE',  ( 1.000000000000000000, 1.840207436943774369E-16, -0.000000000000000000 ) ) ;
#512 = DIRECTION ( 'NONE',  ( 0.000000000000000000, 0.000000000000000000, 1.000000000000000000 ) ) ;
#513 = ADVANCED_FACE ( 'NONE', ( #896 ), #2670, .F. ) ;
#514 = EDGE_CURVE ( 'NONE', #506, #297, #1366, .T. ) ;
#515 = FACE_OUTER_BOUND ( 'NONE', #452, .T. ) ;
#516 = DIRECTION ( 'NONE',  ( -0.000000000000000000, -0.000000000000000000, -1.000000000000000000 ) ) ;
#517 = EDGE_CURVE ( 'NONE', #2881, #2499, #1378, .T. ) ;
#518 = FACE_BOUND ( 'NONE', #2940, .T. ) ;
#519 = EDGE_LOOP ( 'NONE', ( #1053, #2811, #1658, #669 ) ) ;
#520 = CARTESIAN_POINT ( 'NONE',  ( 57.29851531982400559, -12.69400024414100336, 0.000000000000000000 ) ) ;
#521 = ORIENTED_EDGE ( 'NONE', *, *, #411, .F. ) ;
#522 = ORIENTED_EDGE ( 'NONE', *, *, #1868, .F. ) ;
#523 = DIRECTION ( 'NONE',  ( -0.000000000000000000, -0.000000000000000000, -1.000000000000000000 ) ) ;
#524 = CARTESIAN_POINT ( 'NONE',  ( 25.39999389648399486, -15.69506454467800260, 5.999999999999998224 ) ) ;
#525 = DIRECTION ( 'NONE',  ( -1.000000000000000000, -1.472165949554773075E-16, -0.000000000000000000 ) ) ;
#526 = CARTESIAN_POINT ( 'NONE',  ( 60.29851531982401269, -12.69400024414100336, 8.000000000000000000 ) ) ;
#527 = EDGE_LOOP ( 'NONE', ( #1199, #2925, #1777, #2994 ) ) ;
#528 = EDGE_CURVE ( 'NONE', #4, #2159, #2855, .T. ) ;
#529 = LINE ( 'NONE', #2968, #1019 ) ;
#530 = AXIS2_PLACEMENT_3D ( 'NONE', #838, #2342, #1555 ) ;
#531 = VERTEX_POINT ( 'NONE', #606 ) ;
#532 = EDGE_CURVE ( 'NONE', #229, #1681, #1143, .T. ) ;
#533 = CARTESIAN_POINT ( 'NONE',  ( 78.33151507568400973, -4.541999633788991630, 0.000000000000000000 ) ) ;
#534 = CONICAL_SURFACE ( 'NONE', #1835, 2.999999999999999112, 0.7853981633974482790 ) ;
#535 = DIRECTION ( 'NONE',  ( 1.000000000000000000, 0.000000000000000000, 0.000000000000000000 ) ) ;
#536 = VERTEX_POINT ( 'NONE', #3141 ) ;
#537 = VERTEX_POINT ( 'NONE', #2152 ) ;
#538 = CARTESIAN_POINT ( 'NONE',  ( 13.61651611327399714, -7.695064544678001717, 8.000000000000000000 ) ) ;
#539 = DIRECTION ( 'NONE',  ( 0.000000000000000000, 0.000000000000000000, 1.000000000000000000 ) ) ;
#540 = LINE ( 'NONE', #3080, #598 ) ;
#541 = CARTESIAN_POINT ( 'NONE',  ( -37.16888427734399158, -9.695064544678006158, 5.999999999999998224 ) ) ;
#542 = AXIS2_PLACEMENT_3D ( 'NONE', #232, #1449, #2937 ) ;
#543 = DIRECTION ( 'NONE',  ( 0.000000000000000000, 0.000000000000000000, 1.000000000000000000 ) ) ;
#544 = CARTESIAN_POINT ( 'NONE',  ( -11.78348541259700788, -15.69506454467800260, 0.000000000000000000 ) ) ;
#545 = ORIENTED_EDGE ( 'NONE', *, *, #2180, .T. ) ;
#546 = AXIS2_PLACEMENT_3D ( 'NONE', #2673, #2420, #932 ) ;
#547 = EDGE_CURVE ( 'NONE', #355, #2850, #1785, .T. ) ;
#548 = CARTESIAN_POINT ( 'NONE',  ( -62.58348464965800417, -12.70000076293900015, 0.000000000000000000 ) ) ;
#549 = EDGE_CURVE ( 'NONE', #2499, #1225, #2984, .T. ) ;
#550 = ADVANCED_FACE ( 'NONE', ( #653, #1654, #2398, #2237, #961, #2995, #2206, #2189, #3241, #441, #474, #2979 ), #2437, .T. ) ;
#551 = DIRECTION ( 'NONE',  ( -1.000000000000000000, 0.000000000000000000, 0.000000000000000000 ) ) ;
#552 = ORIENTED_EDGE ( 'NONE', *, *, #1427, .F. ) ;
#553 = CIRCLE ( 'NONE', #2431, 3.000000000000002665 ) ;
#554 = ORIENTED_EDGE ( 'NONE', *, *, #2047, .F. ) ;
#555 = ORIENTED_EDGE ( 'NONE', *, *, #350, .T. ) ;
#556 = CARTESIAN_POINT ( 'NONE',  ( -25.40000915527398817, -5.313386122555504798, 8.000000000000000000 ) ) ;
#557 = CIRCLE ( 'NONE', #233, 3.000000000000002665 ) ;
#558 = DIRECTION ( 'NONE',  ( 0.000000000000000000, 0.000000000000000000, 1.000000000000000000 ) ) ;
#559 = DIRECTION ( 'NONE',  ( 0.000000000000000000, 0.000000000000000000, 1.000000000000000000 ) ) ;
#560 = VECTOR ( 'NONE', #3059, 1000.000000000000000 ) ;
#561 = CARTESIAN_POINT ( 'NONE',  ( 64.33151507568400973, -12.61499963378900269, 5.000000000000000000 ) ) ;
#562 = DIRECTION ( 'NONE',  ( 0.000000000000000000, -1.000000000000000000, 0.000000000000000000 ) ) ;
#563 = DIRECTION ( 'NONE',  ( 0.000000000000000000, 0.7071067811865474617, 0.7071067811865474617 ) ) ;
#564 = VERTEX_POINT ( 'NONE', #1471 ) ;
#565 = CARTESIAN_POINT ( 'NONE',  ( -14.78348541259700788, -12.69506454467800260, 5.999999999999998224 ) ) ;
#566 = ADVANCED_FACE ( 'NONE', ( #2686 ), #3227, .F. ) ;
#567 = DIRECTION ( 'NONE',  ( 1.000000000000000000, 0.000000000000000000, 0.000000000000000000 ) ) ;
#568 = ORIENTED_EDGE ( 'NONE', *, *, #2778, .T. ) ;
#569 = VERTEX_POINT ( 'NONE', #3206 ) ;
#570 = EDGE_LOOP ( 'NONE', ( #1617, #2565, #929, #315 ) ) ;
#571 = DIRECTION ( 'NONE',  ( 0.000000000000000000, 0.000000000000000000, 1.000000000000000000 ) ) ;
#572 = EDGE_CURVE ( 'NONE', #13, #2906, #2463, .T. ) ;
#573 = CARTESIAN_POINT ( 'NONE',  ( -172.6684849243160045, 9.658000366211005883, 8.000000000000000000 ) ) ;
#574 = CARTESIAN_POINT ( 'NONE',  ( 0.000000000000000000, 0.000000000000000000, 0.000000000000000000 ) ) ;
#575 = DIRECTION ( 'NONE',  ( 1.000000000000000000, 0.000000000000000000, 0.000000000000000000 ) ) ;
#576 = FACE_OUTER_BOUND ( 'NONE', #3201, .T. ) ;
#577 = CARTESIAN_POINT ( 'NONE',  ( 25.39999389648399486, -9.695064544678004381, 5.999999999999998224 ) ) ;
#578 = VECTOR ( 'NONE', #773, 1000.000000000000114 ) ;
#579 = DIRECTION ( 'NONE',  ( 0.000000000000000000, 0.000000000000000000, 1.000000000000000000 ) ) ;
#580 = VECTOR ( 'NONE', #2882, 1000.000000000000000 ) ;
#581 = AXIS2_PLACEMENT_3D ( 'NONE', #433, #453, #180 ) ;
#582 = DIRECTION ( 'NONE',  ( -1.000000000000000000, -2.944331899109546150E-16, 0.000000000000000000 ) ) ;
#583 = CIRCLE ( 'NONE', #156, 2.999999999999995559 ) ;
#584 = ORIENTED_EDGE ( 'NONE', *, *, #1529, .T. ) ;
#585 = PRODUCT_RELATED_PRODUCT_CATEGORY ( 'part', '', ( #404 ) ) ;
#586 = ORIENTED_EDGE ( 'NONE', *, *, #1571, .F. ) ;
#587 = PLANE ( 'NONE',  #1882 ) ;
#588 = EDGE_LOOP ( 'NONE', ( #2259, #645, #2786, #2000 ) ) ;
#589 = FACE_OUTER_BOUND ( 'NONE', #1173, .T. ) ;
#590 = CARTESIAN_POINT ( 'NONE',  ( -11.78348541259700788, -12.69506454467800260, 0.000000000000000000 ) ) ;
#591 = EDGE_CURVE ( 'NONE', #2911, #2051, #1438, .T. ) ;
#592 = FACE_OUTER_BOUND ( 'NONE', #334, .T. ) ;
#593 = CARTESIAN_POINT ( 'NONE',  ( -11.78348541259700788, -7.695064544678001717, 8.000000000000000000 ) ) ;
#594 = CARTESIAN_POINT ( 'NONE',  ( 1.132841200230115326E-15, -7.695064544677999052, 8.000000000000000000 ) ) ;
#595 = ORIENTED_EDGE ( 'NONE', *, *, #48, .T. ) ;
#596 = STYLED_ITEM ( 'NONE', ( #599 ), #2511 ) ;
#597 = CARTESIAN_POINT ( 'NONE',  ( -47.78540420532199562, -12.69506454467800260, 5.999999999999970690 ) ) ;
#598 = VECTOR ( 'NONE', #2853, 1000.000000000000000 ) ;
#599 = PRESENTATION_STYLE_ASSIGNMENT (( #2348 ) ) ;
#600 = ORIENTED_EDGE ( 'NONE', *, *, #449, .T. ) ;
#601 = ORIENTED_EDGE ( 'NONE', *, *, #1427, .T. ) ;
#602 = ORIENTED_EDGE ( 'NONE', *, *, #2532, .T. ) ;
#603 = CARTESIAN_POINT ( 'NONE',  ( -72.14448492431600357, 6.658000366211003218, 5.000000000000000000 ) ) ;
#604 = AXIS2_PLACEMENT_3D ( 'NONE', #790, #2808, #2343 ) ;
#605 = AXIS2_PLACEMENT_3D ( 'NONE', #2707, #3014, #1259 ) ;
#606 = CARTESIAN_POINT ( 'NONE',  ( -37.16888427734398448, -7.695064544678003493, 8.000000000000000000 ) ) ;
#607 = DIRECTION ( 'NONE',  ( -0.000000000000000000, -0.000000000000000000, -1.000000000000000000 ) ) ;
#608 = CARTESIAN_POINT ( 'NONE',  ( 62.28151507568401257, -12.61499963378900269, 0.000000000000000000 ) ) ;
#609 = ADVANCED_FACE ( 'NONE', ( #1210 ), #1703, .F. ) ;
#610 = AXIS2_PLACEMENT_3D ( 'NONE', #1536, #558, #2538 ) ;
#611 = ORIENTED_EDGE ( 'NONE', *, *, #1089, .F. ) ;
#612 = VECTOR ( 'NONE', #2563, 1000.000000000000000 ) ;
#613 = DIRECTION ( 'NONE',  ( 0.000000000000000000, 0.000000000000000000, 1.000000000000000000 ) ) ;
#614 = EDGE_CURVE ( 'NONE', #2196, #2762, #239, .T. ) ;
#615 = CARTESIAN_POINT ( 'NONE',  ( -11.78348541259700788, -5.000000000000002665, 8.000000000000000000 ) ) ;
#616 = EDGE_LOOP ( 'NONE', ( #469, #440, #251, #953 ) ) ;
#617 = ORIENTED_EDGE ( 'NONE', *, *, #2566, .T. ) ;
#618 = VERTEX_POINT ( 'NONE', #2221 ) ;
#619 = DIRECTION ( 'NONE',  ( 1.000000000000000000, 0.000000000000000000, 0.000000000000000000 ) ) ;
#620 = APPLICATION_PROTOCOL_DEFINITION ( 'draft international standard', 'automotive_design', 1998, #1577 ) ;
#621 = DIRECTION ( 'NONE',  ( -0.000000000000000000, -0.000000000000000000, -1.000000000000000000 ) ) ;
#622 = CARTESIAN_POINT ( 'NONE',  ( -50.78540420532200272, -12.69506454467800260, 5.999999999999970690 ) ) ;
#623 = CARTESIAN_POINT ( 'NONE',  ( -74.19448492431600073, -12.61499963378900269, 5.000000000000000000 ) ) ;
#624 = ORIENTED_EDGE ( 'NONE', *, *, #102, .F. ) ;
#625 = PRODUCT_DEFINITION ( 'æœ', '', #3215, #1417 ) ;
#626 = LINE ( 'NONE', #1878, #418 ) ;
#627 = CARTESIAN_POINT ( 'NONE',  ( -50.80000686645399810, 1.823661992376926331E-16, 8.000000000000000000 ) ) ;
#628 = EDGE_CURVE ( 'NONE', #1057, #212, #892, .T. ) ;
#629 = AXIS2_PLACEMENT_3D ( 'NONE', #1014, #2011, #445 ) ;
#630 = DIRECTION ( 'NONE',  ( -1.000000000000000000, 1.360567432138672174E-17, 0.000000000000000000 ) ) ;
#631 = ORIENTED_EDGE ( 'NONE', *, *, #3050, .T. ) ;
#632 = ORIENTED_EDGE ( 'NONE', *, *, #1372, .F. ) ;
#633 = ORIENTED_EDGE ( 'NONE', *, *, #3032, .T. ) ;
#634 = ORIENTED_EDGE ( 'NONE', *, *, #1208, .F. ) ;
#635 = CARTESIAN_POINT ( 'NONE',  ( -62.58348464965800417, -1.984387807914870121E-15, 8.000000000000000000 ) ) ;
#636 = VECTOR ( 'NONE', #2179, 1000.000000000000000 ) ;
#637 = ORIENTED_EDGE ( 'NONE', *, *, #2347, .T. ) ;
#638 = DIRECTION ( 'NONE',  ( 0.000000000000000000, -0.7071067811865474617, -0.7071067811865476838 ) ) ;
#639 = CARTESIAN_POINT ( 'NONE',  ( -62.58473982447705453, -9.700001025516314712, 0.000000000000000000 ) ) ;
#640 = DIRECTION ( 'NONE',  ( 0.000000000000000000, 0.7071067811865475727, -0.7071067811865474617 ) ) ;
#641 = CARTESIAN_POINT ( 'NONE',  ( -168.6684849243160329, -4.541999633788991630, 8.000000000000000000 ) ) ;
#642 = DIRECTION ( 'NONE',  ( 1.000000000000000000, 1.840207436943464248E-16, 0.000000000000000000 ) ) ;
#643 = CARTESIAN_POINT ( 'NONE',  ( -170.6684849243160329, -4.541999633788991630, 8.000000000000000000 ) ) ;
#644 = DIRECTION ( 'NONE',  ( -0.000000000000000000, -0.000000000000000000, -1.000000000000000000 ) ) ;
#645 = ORIENTED_EDGE ( 'NONE', *, *, #1673, .T. ) ;
#646 = ADVANCED_FACE ( 'NONE', ( #459 ), #1976, .F. ) ;
#647 = EDGE_CURVE ( 'NONE', #3175, #1107, #2721, .T. ) ;
#648 = CARTESIAN_POINT ( 'NONE',  ( -62.58139269162627016, -17.70000032531015677, 8.000000000000000000 ) ) ;
#649 = SHAPE_DEFINITION_REPRESENTATION ( #2659, #1039 ) ;
#650 = EDGE_CURVE ( 'NONE', #2483, #2037, #5, .T. ) ;
#651 = ORIENTED_EDGE ( 'NONE', *, *, #279, .F. ) ;
#652 = EDGE_LOOP ( 'NONE', ( #1025, #2918, #1635, #1824 ) ) ;
#653 = FACE_BOUND ( 'NONE', #1694, .T. ) ;
#654 = CIRCLE ( 'NONE', #1073, 3.000000000000002665 ) ;
#655 = FACE_OUTER_BOUND ( 'NONE', #3106, .T. ) ;
#656 = PLANE ( 'NONE',  #3108 ) ;
#657 = AXIS2_PLACEMENT_3D ( 'NONE', #702, #995, #1704 ) ;
#658 = ORIENTED_EDGE ( 'NONE', *, *, #160, .T. ) ;
#659 = FACE_OUTER_BOUND ( 'NONE', #1496, .T. ) ;
#660 = VECTOR ( 'NONE', #2202, 1000.000000000000000 ) ;
#661 = EDGE_LOOP ( 'NONE', ( #2095, #2430, #1720, #1480 ) ) ;
#662 = AXIS2_PLACEMENT_3D ( 'NONE', #1957, #1924, #1466 ) ;
#663 = LINE ( 'NONE', #3092, #998 ) ;
#664 = CARTESIAN_POINT ( 'NONE',  ( -25.40000915527398817, 3.313386122555507018, 8.000000000000000000 ) ) ;
#665 = VERTEX_POINT ( 'NONE', #493 ) ;
#666 = EDGE_CURVE ( 'NONE', #2183, #2972, #718, .T. ) ;
#667 = DIRECTION ( 'NONE',  ( 1.000000000000000000, 0.000000000000000000, 0.000000000000000000 ) ) ;
#668 = EDGE_CURVE ( 'NONE', #940, #983, #1740, .T. ) ;
#669 = ORIENTED_EDGE ( 'NONE', *, *, #65, .F. ) ;
#670 = CARTESIAN_POINT ( 'NONE',  ( -50.78749616335375094, -7.695064982306845103, 8.000000000000000000 ) ) ;
#671 = FACE_OUTER_BOUND ( 'NONE', #2171, .T. ) ;
#672 = CARTESIAN_POINT ( 'NONE',  ( -11.78348541259700788, -3.000000000000000444, 5.999999999999998224 ) ) ;
#673 = DIRECTION ( 'NONE',  ( 0.7071067811865456854, 0.000000000000000000, 0.7071067811865493491 ) ) ;
#674 = CARTESIAN_POINT ( 'NONE',  ( -62.58348464965800417, -3.000000000000000444, 5.999999999999998224 ) ) ;
#675 = VERTEX_POINT ( 'NONE', #2454 ) ;
#676 = CARTESIAN_POINT ( 'NONE',  ( 57.29851531982400559, -12.69400024414100336, 8.000000000000000000 ) ) ;
#677 = PLANE ( 'NONE',  #901 ) ;
#678 = ORIENTED_EDGE ( 'NONE', *, *, #1230, .T. ) ;
#679 = VECTOR ( 'NONE', #209, 1000.000000000000114 ) ;
#680 = DIRECTION ( 'NONE',  ( 1.000000000000000000, 0.000000000000000000, 0.000000000000000000 ) ) ;
#681 = EDGE_CURVE ( 'NONE', #1109, #1870, #1524, .T. ) ;
#682 = DIRECTION ( 'NONE',  ( -1.000000000000000000, 0.000000000000000000, 0.000000000000000000 ) ) ;
#683 = VECTOR ( 'NONE', #2427, 1000.000000000000000 ) ;
#684 = PLANE ( 'NONE',  #32 ) ;
#685 = DIRECTION ( 'NONE',  ( -1.000000000000000000, 0.000000000000000000, 0.000000000000000000 ) ) ;
#686 = EDGE_CURVE ( 'NONE', #2235, #478, #2505, .T. ) ;
#687 = ADVANCED_FACE ( 'NONE', ( #1927 ), #2730, .F. ) ;
#688 = EDGE_LOOP ( 'NONE', ( #2200, #1798, #74, #2412, #3162 ) ) ;
#689 = DIRECTION ( 'NONE',  ( 1.000000000000000000, 0.000000000000000000, 0.000000000000000000 ) ) ;
#690 = CARTESIAN_POINT ( 'NONE',  ( -62.58348464965800417, 2.999999999999996003, 5.999999999999998224 ) ) ;
#691 = EDGE_LOOP ( 'NONE', ( #3008, #483, #1780, #2436 ) ) ;
#692 = ORIENTED_EDGE ( 'NONE', *, *, #1846, .T. ) ;
#693 = CARTESIAN_POINT ( 'NONE',  ( 66.38151507568400689, -12.61499963378900269, 0.000000000000000000 ) ) ;
#694 = LINE ( 'NONE', #711, #957 ) ;
#695 = ORIENTED_EDGE ( 'NONE', *, *, #2244, .F. ) ;
#696 = VECTOR ( 'NONE', #434, 1000.000000000000114 ) ;
#697 = CARTESIAN_POINT ( 'NONE',  ( 13.61651611327399714, -2.999999999999999556, 5.999999999999998224 ) ) ;
#698 = AXIS2_PLACEMENT_3D ( 'NONE', #2689, #1929, #1913 ) ;
#699 = ORIENTED_EDGE ( 'NONE', *, *, #2328, .F. ) ;
#700 = ORIENTED_EDGE ( 'NONE', *, *, #549, .T. ) ;
#701 = CARTESIAN_POINT ( 'NONE',  ( 25.39999389648399486, -12.69506454467800260, 8.000000000000000000 ) ) ;
#702 = CARTESIAN_POINT ( 'NONE',  ( -37.16888427734400580, -12.69506454467800438, 5.999999999999998224 ) ) ;
#703 = CARTESIAN_POINT ( 'NONE',  ( 62.28151507568401257, -12.61499963378900269, 5.000000000000000000 ) ) ;
#704 = CARTESIAN_POINT ( 'NONE',  ( -37.16888427734399158, -15.69506454467799905, 5.999999999999998224 ) ) ;
#705 = EDGE_CURVE ( 'NONE', #2235, #1470, #2522, .T. ) ;
#706 = CARTESIAN_POINT ( 'NONE',  ( 25.39999389648399486, -9.695064544678004381, 8.000000000000000000 ) ) ;
#707 = VECTOR ( 'NONE', #1980, 1000.000000000000000 ) ;
#708 = ORIENTED_EDGE ( 'NONE', *, *, #2571, .F. ) ;
#709 = EDGE_CURVE ( 'NONE', #2620, #774, #3012, .T. ) ;
#710 = CYLINDRICAL_SURFACE ( 'NONE', #2625, 3.000000000009702017 ) ;
#711 = CARTESIAN_POINT ( 'NONE',  ( -37.16888427734399158, -9.695064544678006158, 5.999999999999998224 ) ) ;
#712 = VERTEX_POINT ( 'NONE', #2583 ) ;
#713 = VERTEX_POINT ( 'NONE', #1258 ) ;
#714 = EDGE_LOOP ( 'NONE', ( #124, #2695 ) ) ;
#715 = DIRECTION ( 'NONE',  ( 0.000000000000000000, 0.000000000000000000, 1.000000000000000000 ) ) ;
#716 = ORIENTED_EDGE ( 'NONE', *, *, #2930, .T. ) ;
#717 = VERTEX_POINT ( 'NONE', #556 ) ;
#718 = LINE ( 'NONE', #2172, #258 ) ;
#719 = CARTESIAN_POINT ( 'NONE',  ( 57.29851531982400559, -12.69400024414100336, 8.000000000000000000 ) ) ;
#720 = LINE ( 'NONE', #997, #1697 ) ;
#721 = DIRECTION ( 'NONE',  ( 0.000000000000000000, 0.000000000000000000, 1.000000000000000000 ) ) ;
#722 = CARTESIAN_POINT ( 'NONE',  ( -50.78540420532200272, -12.69506454467800260, 0.000000000000000000 ) ) ;
#723 = ORIENTED_EDGE ( 'NONE', *, *, #2832, .F. ) ;
#724 = ORIENTED_EDGE ( 'NONE', *, *, #532, .T. ) ;
#725 = EDGE_CURVE ( 'NONE', #2434, #830, #1770, .T. ) ;
#726 = ORIENTED_EDGE ( 'NONE', *, *, #2048, .F. ) ;
#727 = DIRECTION ( 'NONE',  ( -1.000000000000000000, -1.472165949554773075E-16, 0.000000000000000000 ) ) ;
#728 = CYLINDRICAL_SURFACE ( 'NONE', #542, 2.049999999999996270 ) ;
#729 = ADVANCED_FACE ( 'NONE', ( #2254 ), #817, .F. ) ;
#730 = CARTESIAN_POINT ( 'NONE',  ( -25.38540649414000683, -12.69506454467800260, 5.999999999999998224 ) ) ;
#731 = ORIENTED_EDGE ( 'NONE', *, *, #1901, .T. ) ;
#732 = AXIS2_PLACEMENT_3D ( 'NONE', #1590, #2044, #2573 ) ;
#733 = VERTEX_POINT ( 'NONE', #2818 ) ;
#734 = DIRECTION ( 'NONE',  ( -0.000000000000000000, -0.000000000000000000, -1.000000000000000000 ) ) ;
#735 = DIRECTION ( 'NONE',  ( 1.301223157452858653E-16, -0.7071067811865473507, -0.7071067811865476838 ) ) ;
#736 = AXIS2_PLACEMENT_3D ( 'NONE', #3129, #376, #1873 ) ;
#737 = CARTESIAN_POINT ( 'NONE',  ( -37.16888427734399158, -15.69506454467799905, 8.000000000000000000 ) ) ;
#738 = ORIENTED_EDGE ( 'NONE', *, *, #405, .F. ) ;
#739 = DIRECTION ( 'NONE',  ( 1.000000000000000000, 0.000000000000000000, 0.000000000000000000 ) ) ;
#740 = FACE_OUTER_BOUND ( 'NONE', #1477, .T. ) ;
#741 = CIRCLE ( 'NONE', #2467, 2.049999999999996270 ) ;
#742 = EDGE_LOOP ( 'NONE', ( #1433, #407, #2520, #3233 ) ) ;
#743 = FACE_BOUND ( 'NONE', #714, .T. ) ;
#744 = CARTESIAN_POINT ( 'NONE',  ( -62.58348464965800417, 2.999999999999996003, 5.999999999999998224 ) ) ;
#745 = EDGE_CURVE ( 'NONE', #1191, #2073, #741, .T. ) ;
#746 = CARTESIAN_POINT ( 'NONE',  ( -168.6684849243160329, -4.541999633788991630, 0.000000000000000000 ) ) ;
#747 = EDGE_CURVE ( 'NONE', #733, #2086, #262, .T. ) ;
#748 = ORIENTED_EDGE ( 'NONE', *, *, #3174, .T. ) ;
#749 = AXIS2_PLACEMENT_3D ( 'NONE', #1804, #2823, #1100 ) ;
#750 = EDGE_LOOP ( 'NONE', ( #108, #2750, #2119, #2564, #1661 ) ) ;
#751 = DIRECTION ( 'NONE',  ( -0.000000000000000000, -0.000000000000000000, -1.000000000000000000 ) ) ;
#752 = ADVANCED_FACE ( 'NONE', ( #2024 ), #1304, .T. ) ;
#753 = CARTESIAN_POINT ( 'NONE',  ( 13.61651611327399714, -15.69506454467800260, 5.999999999999998224 ) ) ;
#754 = VECTOR ( 'NONE', #271, 1000.000000000000000 ) ;
#755 = LINE ( 'NONE', #703, #22 ) ;
#756 = CARTESIAN_POINT ( 'NONE',  ( -37.16888427734400580, -12.69506454467800438, 8.000000000000000000 ) ) ;
#757 = FACE_OUTER_BOUND ( 'NONE', #1154, .T. ) ;
#758 = ORIENTED_EDGE ( 'NONE', *, *, #1306, .F. ) ;
#759 = DIRECTION ( 'NONE',  ( -0.000000000000000000, -0.000000000000000000, -1.000000000000000000 ) ) ;
#760 = AXIS2_PLACEMENT_3D ( 'NONE', #2226, #1997, #2999 ) ;
#761 = EDGE_LOOP ( 'NONE', ( #1386, #428, #282, #3105 ) ) ;
#762 = AXIS2_PLACEMENT_3D ( 'NONE', #1725, #2190, #1227 ) ;
#763 = CARTESIAN_POINT ( 'NONE',  ( 13.61651611327399714, -15.69506454467800260, 0.000000000000000000 ) ) ;
#764 = VECTOR ( 'NONE', #1290, 1000.000000000000000 ) ;
#765 = VERTEX_POINT ( 'NONE', #2770 ) ;
#766 = EDGE_CURVE ( 'NONE', #2219, #3237, #269, .T. ) ;
#767 = CIRCLE ( 'NONE', #508, 2.000000000000001776 ) ;
#768 = ORIENTED_EDGE ( 'NONE', *, *, #1868, .T. ) ;
#769 = DIRECTION ( 'NONE',  ( 1.000000000000000000, 0.000000000000000000, 0.000000000000000000 ) ) ;
#770 = DIRECTION ( 'NONE',  ( 0.000000000000000000, -0.7071067811865474617, 0.7071067811865474617 ) ) ;
#771 = LINE ( 'NONE', #461, #2317 ) ;
#772 = EDGE_CURVE ( 'NONE', #564, #151, #46, .T. ) ;
#773 = DIRECTION ( 'NONE',  ( 0.000000000000000000, -0.7071067811865474617, -0.7071067811865474617 ) ) ;
#774 = VERTEX_POINT ( 'NONE', #2056 ) ;
#775 = CARTESIAN_POINT ( 'NONE',  ( -11.78348541259700788, -12.69506454467800260, 0.000000000000000000 ) ) ;
#776 = EDGE_LOOP ( 'NONE', ( #401, #2630, #2787, #1392 ) ) ;
#777 = DIRECTION ( 'NONE',  ( 1.000000000000000000, 0.000000000000000000, -0.000000000000000000 ) ) ;
#778 = ORIENTED_EDGE ( 'NONE', *, *, #1982, .F. ) ;
#779 = ORIENTED_EDGE ( 'NONE', *, *, #881, .T. ) ;
#780 = DIRECTION ( 'NONE',  ( 0.9999999124742280365, 0.0004183916063498325393, 0.000000000000000000 ) ) ;
#781 = ORIENTED_EDGE ( 'NONE', *, *, #1529, .F. ) ;
#782 = ORIENTED_EDGE ( 'NONE', *, *, #2909, .T. ) ;
#783 = ORIENTED_EDGE ( 'NONE', *, *, #2777, .F. ) ;
#784 = CARTESIAN_POINT ( 'NONE',  ( -25.38540649414000683, -12.69506454467800260, 8.000000000000000000 ) ) ;
#785 = DIRECTION ( 'NONE',  ( 1.000000000000000000, 0.000000000000000000, 0.000000000000000000 ) ) ;
#786 = CARTESIAN_POINT ( 'NONE',  ( 0.000000000000000000, 0.000000000000000000, 8.000000000000000000 ) ) ;
#787 = EDGE_CURVE ( 'NONE', #1738, #91, #2678, .T. ) ;
#788 = LINE ( 'NONE', #2840, #578 ) ;
#789 = VECTOR ( 'NONE', #2422, 1000.000000000000000 ) ;
#790 = CARTESIAN_POINT ( 'NONE',  ( -62.58348464965800417, -12.70000076293900015, 5.999999999999970690 ) ) ;
#791 = ADVANCED_FACE ( 'NONE', ( #1011 ), #1315, .F. ) ;
#792 = EDGE_CURVE ( 'NONE', #299, #536, #2407, .T. ) ;
#793 = VECTOR ( 'NONE', #1539, 1000.000000000000000 ) ;
#794 = VERTEX_POINT ( 'NONE', #1783 ) ;
#795 = FACE_BOUND ( 'NONE', #2962, .T. ) ;
#796 = AXIS2_PLACEMENT_3D ( 'NONE', #2394, #2087, #2663 ) ;
#797 = CARTESIAN_POINT ( 'NONE',  ( -11.78348541259700788, -3.000000000000000444, 5.999999999999998224 ) ) ;
#798 = ORIENTED_EDGE ( 'NONE', *, *, #2975, .T. ) ;
#799 = ORIENTED_EDGE ( 'NONE', *, *, #1644, .F. ) ;
#800 = ORIENTED_EDGE ( 'NONE', *, *, #2324, .T. ) ;
#801 = CARTESIAN_POINT ( 'NONE',  ( -74.19448492431600073, 6.658000366211003218, 5.000000000000000000 ) ) ;
#802 = PLANE ( 'NONE',  #1021 ) ;
#803 = CARTESIAN_POINT ( 'NONE',  ( -25.38540649414000683, -12.69506454467800260, 0.000000000000000000 ) ) ;
#804 = DIRECTION ( 'NONE',  ( 0.000000000000000000, 0.000000000000000000, -1.000000000000000000 ) ) ;
#805 =( GEOMETRIC_REPRESENTATION_CONTEXT ( 3 ) GLOBAL_UNCERTAINTY_ASSIGNED_CONTEXT ( ( #2167 ) ) GLOBAL_UNIT_ASSIGNED_CONTEXT ( ( #1137, #2131, #2098 ) ) REPRESENTATION_CONTEXT ( 'NONE', 'WORKASPACE' ) );
#806 = DIRECTION ( 'NONE',  ( -0.000000000000000000, -0.000000000000000000, -1.000000000000000000 ) ) ;
#807 = CARTESIAN_POINT ( 'NONE',  ( 5.000000000009702461, 0.000000000000000000, 8.000000000000000000 ) ) ;
#808 = CIRCLE ( 'NONE', #226, 2.049999999999996270 ) ;
#809 = EDGE_LOOP ( 'NONE', ( #2877, #1340, #93, #2088 ) ) ;
#810 = EDGE_CURVE ( 'NONE', #1257, #370, #3077, .T. ) ;
#811 = CARTESIAN_POINT ( 'NONE',  ( -76.24448492431599789, 6.658000366211003218, 5.000000000000000000 ) ) ;
#812 = ADVANCED_FACE ( 'NONE', ( #1043 ), #1826, .F. ) ;
#813 = CARTESIAN_POINT ( 'NONE',  ( 25.39999389648399486, 3.000384657910999593E-16, 0.000000000000000000 ) ) ;
#814 = CONICAL_SURFACE ( 'NONE', #341, 3.000000000000000888, 0.7853981633974485010 ) ;
#815 = ORIENTED_EDGE ( 'NONE', *, *, #1808, .F. ) ;
#816 = VERTEX_POINT ( 'NONE', #538 ) ;
#817 = CYLINDRICAL_SURFACE ( 'NONE', #481, 2.999999999999995559 ) ;
#818 = AXIS2_PLACEMENT_3D ( 'NONE', #2474, #3228, #240 ) ;
#819 = DIRECTION ( 'NONE',  ( -0.000000000000000000, -0.000000000000000000, -1.000000000000000000 ) ) ;
#820 = FACE_OUTER_BOUND ( 'NONE', #92, .T. ) ;
#821 = AXIS2_PLACEMENT_3D ( 'NONE', #389, #2894, #419 ) ;
#822 = DIRECTION ( 'NONE',  ( 0.000000000000000000, 0.000000000000000000, 1.000000000000000000 ) ) ;
#823 = FACE_OUTER_BOUND ( 'NONE', #2005, .T. ) ;
#824 = LINE ( 'NONE', #2046, #329 ) ;
#825 = EDGE_LOOP ( 'NONE', ( #3185, #1320, #2827, #1768, #2053 ) ) ;
#826 = LINE ( 'NONE', #2561, #1993 ) ;
#827 = ORIENTED_EDGE ( 'NONE', *, *, #2468, .T. ) ;
#828 = ADVANCED_FACE ( 'NONE', ( #2289 ), #587, .T. ) ;
#829 = LINE ( 'NONE', #3054, #456 ) ;
#830 = VERTEX_POINT ( 'NONE', #693 ) ;
#831 = ORIENTED_EDGE ( 'NONE', *, *, #263, .T. ) ;
#832 = EDGE_CURVE ( 'NONE', #1981, #3019, #2919, .T. ) ;
#833 = ORIENTED_EDGE ( 'NONE', *, *, #3186, .T. ) ;
#834 = ORIENTED_EDGE ( 'NONE', *, *, #2531, .T. ) ;
#835 = DIRECTION ( 'NONE',  ( -1.000000000000000000, 0.000000000000000000, 0.000000000000000000 ) ) ;
#836 = CARTESIAN_POINT ( 'NONE',  ( -40.49687306103150775, 1.823661992376926331E-16, 8.000000000000000000 ) ) ;
#837 = DIRECTION ( 'NONE',  ( -0.000000000000000000, -0.000000000000000000, -1.000000000000000000 ) ) ;
#838 = CARTESIAN_POINT ( 'NONE',  ( -11.78348541259700788, 0.000000000000000000, 8.000000000000000000 ) ) ;
#839 = PLANE ( 'NONE',  #502 ) ;
#840 = DIRECTION ( 'NONE',  ( 1.000000000000000000, 0.000000000000000000, 0.000000000000000000 ) ) ;
#841 = AXIS2_PLACEMENT_3D ( 'NONE', #641, #394, #142 ) ;
#842 = CARTESIAN_POINT ( 'NONE',  ( -74.19448492431600073, -12.61499963378900269, 5.000000000000000000 ) ) ;
#843 = VECTOR ( 'NONE', #2388, 1000.000000000000000 ) ;
#844 = VECTOR ( 'NONE', #2197, 1000.000000000000000 ) ;
#845 = DIRECTION ( 'NONE',  ( -0.000000000000000000, -0.000000000000000000, -1.000000000000000000 ) ) ;
#846 = EDGE_LOOP ( 'NONE', ( #2504, #738, #53, #2099 ) ) ;
#847 = ORIENTED_EDGE ( 'NONE', *, *, #2421, .F. ) ;
#848 = ADVANCED_FACE ( 'NONE', ( #954 ), #888, .T. ) ;
#849 = VERTEX_POINT ( 'NONE', #1338 ) ;
#850 = EDGE_CURVE ( 'NONE', #1598, #1209, #2885, .T. ) ;
#851 = ORIENTED_EDGE ( 'NONE', *, *, #2758, .T. ) ;
#852 = CARTESIAN_POINT ( 'NONE',  ( 3.000000000009702017, 0.000000000000000000, 5.999999999999998224 ) ) ;
#853 = LINE ( 'NONE', #1033, #2001 ) ;
#854 = ADVANCED_FACE ( 'NONE', ( #1184 ), #2147, .F. ) ;
#855 = DIRECTION ( 'NONE',  ( -1.000000000000000000, 0.000000000000000000, -0.000000000000000000 ) ) ;
#856 = DIRECTION ( 'NONE',  ( 1.000000000000000000, 0.000000000000000000, 0.000000000000000000 ) ) ;
#857 = LINE ( 'NONE', #594, #2419 ) ;
#858 = VECTOR ( 'NONE', #2589, 1000.000000000000000 ) ;
#859 = DIRECTION ( 'NONE',  ( 1.000000000000000000, 0.000000000000000000, 0.000000000000000000 ) ) ;
#860 = CONICAL_SURFACE ( 'NONE', #2948, 2.999999999999995559, 0.7853981633974482790 ) ;
#861 = ORIENTED_EDGE ( 'NONE', *, *, #3210, .T. ) ;
#862 = VERTEX_POINT ( 'NONE', #923 ) ;
#863 = ORIENTED_EDGE ( 'NONE', *, *, #1689, .T. ) ;
#864 = DIRECTION ( 'NONE',  ( -0.000000000000000000, -0.000000000000000000, -1.000000000000000000 ) ) ;
#865 = VECTOR ( 'NONE', #2012, 1000.000000000000000 ) ;
#866 = EDGE_CURVE ( 'NONE', #2104, #1192, #1937, .T. ) ;
#867 = VECTOR ( 'NONE', #139, 1000.000000000000000 ) ;
#868 = CARTESIAN_POINT ( 'NONE',  ( -50.80000686645399810, -2.999999999999998224, 8.000000000000000000 ) ) ;
#869 = DIRECTION ( 'NONE',  ( -0.000000000000000000, -0.000000000000000000, -1.000000000000000000 ) ) ;
#870 = DIRECTION ( 'NONE',  ( 1.000000000000000000, 0.000000000000000000, 0.000000000000000000 ) ) ;
#871 = EDGE_CURVE ( 'NONE', #1470, #537, #663, .T. ) ;
#872 = DIRECTION ( 'NONE',  ( 0.000000000000000000, 0.000000000000000000, -1.000000000000000000 ) ) ;
#873 = AXIS2_PLACEMENT_3D ( 'NONE', #1884, #145, #2365 ) ;
#874 = DIRECTION ( 'NONE',  ( 1.000000000000000000, 0.000000000000000000, 0.000000000000000000 ) ) ;
#875 = DIRECTION ( 'NONE',  ( 1.000000000000000000, 1.840207436943464248E-16, 0.000000000000000000 ) ) ;
#876 = ORIENTED_EDGE ( 'NONE', *, *, #2778, .F. ) ;
#877 = EDGE_LOOP ( 'NONE', ( #146, #692, #1437, #1036 ) ) ;
#878 = LINE ( 'NONE', #374, #1812 ) ;
#879 = VERTEX_POINT ( 'NONE', #1883 ) ;
#880 = DIRECTION ( 'NONE',  ( 0.000000000000000000, 0.000000000000000000, -1.000000000000000000 ) ) ;
#881 = EDGE_CURVE ( 'NONE', #983, #1805, #1919, .T. ) ;
#882 = CARTESIAN_POINT ( 'NONE',  ( -72.14448492431600357, -12.61499963378900269, 5.000000000000000000 ) ) ;
#883 = CARTESIAN_POINT ( 'NONE',  ( -62.58348464965800417, 2.999999999999996003, 0.000000000000000000 ) ) ;
#884 = CARTESIAN_POINT ( 'NONE',  ( 25.39999389648399486, -12.69506454467800260, 0.000000000000000000 ) ) ;
#885 = EDGE_CURVE ( 'NONE', #2408, #1681, #1200, .T. ) ;
#886 = DIRECTION ( 'NONE',  ( 1.840207436943464248E-16, -1.000000000000000000, 0.000000000000000000 ) ) ;
#887 = EDGE_CURVE ( 'NONE', #91, #2284, #1898, .T. ) ;
#888 = PLANE ( 'NONE',  #2251 ) ;
#889 = VECTOR ( 'NONE', #673, 1000.000000000000114 ) ;
#890 = PLANE ( 'NONE',  #1765 ) ;
#891 = ORIENTED_EDGE ( 'NONE', *, *, #725, .F. ) ;
#892 = CIRCLE ( 'NONE', #2144, 3.313386122555502133 ) ;
#893 = CARTESIAN_POINT ( 'NONE',  ( -50.80000686645399810, -2.999999999999998224, 0.000000000000000000 ) ) ;
#894 = AXIS2_PLACEMENT_3D ( 'NONE', #204, #1959, #2488 ) ;
#895 = VERTEX_POINT ( 'NONE', #1934 ) ;
#896 = FACE_OUTER_BOUND ( 'NONE', #1020, .T. ) ;
#897 = CARTESIAN_POINT ( 'NONE',  ( 13.61651611327399714, -15.69506454467800260, 0.000000000000000000 ) ) ;
#898 = LINE ( 'NONE', #3178, #1482 ) ;
#899 = DIRECTION ( 'NONE',  ( 1.000000000000000000, 0.000000000000000000, 0.000000000000000000 ) ) ;
#900 = DIRECTION ( 'NONE',  ( -0.000000000000000000, -0.000000000000000000, -1.000000000000000000 ) ) ;
#901 = AXIS2_PLACEMENT_3D ( 'NONE', #2198, #2411, #164 ) ;
#902 = EDGE_LOOP ( 'NONE', ( #799, #1723, #1158, #2108 ) ) ;
#903 = ADVANCED_FACE ( 'NONE', ( #1696 ), #2519, .F. ) ;
#904 = CARTESIAN_POINT ( 'NONE',  ( -172.6684849243160329, -18.74199963378898914, 8.000000000000000000 ) ) ;
#905 = CARTESIAN_POINT ( 'NONE',  ( -50.78540420532200272, -12.69506454467800260, 5.999999999999970690 ) ) ;
#906 = AXIS2_PLACEMENT_3D ( 'NONE', #548, #613, #1365 ) ;
#907 = ORIENTED_EDGE ( 'NONE', *, *, #300, .F. ) ;
#908 = ADVANCED_FACE ( 'NONE', ( #2936 ), #710, .F. ) ;
#909 = CARTESIAN_POINT ( 'NONE',  ( -11.78348541259700788, 3.000000000000000444, 0.000000000000000000 ) ) ;
#910 = ORIENTED_EDGE ( 'NONE', *, *, #196, .T. ) ;
#911 = ORIENTED_EDGE ( 'NONE', *, *, #3046, .T. ) ;
#912 = DIRECTION ( 'NONE',  ( -1.000000000000000000, 0.000000000000000000, 0.000000000000000000 ) ) ;
#913 = VECTOR ( 'NONE', #607, 1000.000000000000000 ) ;
#914 = CARTESIAN_POINT ( 'NONE',  ( 54.29851531982400559, -12.69400024414100336, 8.000000000000000000 ) ) ;
#915 = CARTESIAN_POINT ( 'NONE',  ( -11.78348541259700788, -12.69506454467800260, 5.999999999999998224 ) ) ;
#916 = AXIS2_PLACEMENT_3D ( 'NONE', #1160, #2153, #1671 ) ;
#917 = DIRECTION ( 'NONE',  ( -0.000000000000000000, -0.000000000000000000, -1.000000000000000000 ) ) ;
#918 = DIRECTION ( 'NONE',  ( 1.000000000000000000, 0.000000000000000000, 0.000000000000000000 ) ) ;
#919 = VECTOR ( 'NONE', #2569, 1000.000000000000000 ) ;
#920 = ORIENTED_EDGE ( 'NONE', *, *, #1283, .T. ) ;
#921 = CONICAL_SURFACE ( 'NONE', #280, 2.999999999999999112, 0.7853981633974482790 ) ;
#922 = AXIS2_PLACEMENT_3D ( 'NONE', #520, #1823, #567 ) ;
#923 = CARTESIAN_POINT ( 'NONE',  ( 13.61651611327399714, 5.000000000000000888, 8.000000000000000000 ) ) ;
#924 = CARTESIAN_POINT ( 'NONE',  ( -11.78348541259700788, 0.000000000000000000, 0.000000000000000000 ) ) ;
#925 = ORIENTED_EDGE ( 'NONE', *, *, #366, .F. ) ;
#926 = EDGE_CURVE ( 'NONE', #2196, #675, #2337, .T. ) ;
#927 = CARTESIAN_POINT ( 'NONE',  ( -170.6684849243160329, -4.541999633788991630, 0.000000000000000000 ) ) ;
#928 = EDGE_CURVE ( 'NONE', #135, #2828, #3199, .T. ) ;
#929 = ORIENTED_EDGE ( 'NONE', *, *, #2892, .F. ) ;
#930 = DIRECTION ( 'NONE',  ( -0.000000000000000000, -0.000000000000000000, -1.000000000000000000 ) ) ;
#931 = CARTESIAN_POINT ( 'NONE',  ( -166.6684849243160045, -4.541999633788991630, 8.000000000000000000 ) ) ;
#932 = DIRECTION ( 'NONE',  ( 1.000000000000000000, 0.000000000000000000, 0.000000000000000000 ) ) ;
#933 = FACE_OUTER_BOUND ( 'NONE', #3123, .T. ) ;
#934 = CARTESIAN_POINT ( 'NONE',  ( -25.38540649414000683, -15.69506454467799905, 0.000000000000000000 ) ) ;
#935 = ORIENTED_EDGE ( 'NONE', *, *, #747, .F. ) ;
#936 = ORIENTED_EDGE ( 'NONE', *, *, #449, .F. ) ;
#937 = ORIENTED_EDGE ( 'NONE', *, *, #2042, .T. ) ;
#938 = DIRECTION ( 'NONE',  ( -0.000000000000000000, -0.000000000000000000, -1.000000000000000000 ) ) ;
#939 = LINE ( 'NONE', #1920, #1116 ) ;
#940 = VERTEX_POINT ( 'NONE', #1413 ) ;
#941 = CARTESIAN_POINT ( 'NONE',  ( -37.18348693847600828, 1.823661992376926331E-16, 5.999999999999998224 ) ) ;
#942 = ORIENTED_EDGE ( 'NONE', *, *, #1593, .F. ) ;
#943 = EDGE_CURVE ( 'NONE', #1079, #717, #2934, .T. ) ;
#944 = VERTEX_POINT ( 'NONE', #2680 ) ;
#945 = CARTESIAN_POINT ( 'NONE',  ( -37.18348693847600828, -3.313386122555504798, 5.999999999999998224 ) ) ;
#946 = CONICAL_SURFACE ( 'NONE', #2201, 3.313386122555505242, 0.7853981633974485010 ) ;
#947 = DIRECTION ( 'NONE',  ( 0.9999999124742280365, 0.0004183916063498324851, 0.000000000000000000 ) ) ;
#948 = DIRECTION ( 'NONE',  ( -0.000000000000000000, -0.000000000000000000, -1.000000000000000000 ) ) ;
#949 = EDGE_CURVE ( 'NONE', #3018, #2076, #1576, .T. ) ;
#950 = DIRECTION ( 'NONE',  ( 0.000000000000000000, 0.000000000000000000, -1.000000000000000000 ) ) ;
#951 = CARTESIAN_POINT ( 'NONE',  ( 76.33151507568400973, -4.541999633788991630, 8.000000000000000000 ) ) ;
#952 = EDGE_LOOP ( 'NONE', ( #6, #203, #2604, #586 ) ) ;
#953 = ORIENTED_EDGE ( 'NONE', *, *, #1847, .T. ) ;
#954 = FACE_OUTER_BOUND ( 'NONE', #2795, .T. ) ;
#955 = CARTESIAN_POINT ( 'NONE',  ( 0.000000000000000000, 0.000000000000000000, 5.999999999999998224 ) ) ;
#956 = ORIENTED_EDGE ( 'NONE', *, *, #1792, .F. ) ;
#957 = VECTOR ( 'NONE', #1935, 1000.000000000000114 ) ;
#958 = DIRECTION ( 'NONE',  ( 0.000000000000000000, 0.000000000000000000, 1.000000000000000000 ) ) ;
#959 = VECTOR ( 'NONE', #2127, 1000.000000000000000 ) ;
#960 = ORIENTED_EDGE ( 'NONE', *, *, #517, .T. ) ;
#961 = FACE_BOUND ( 'NONE', #1377, .T. ) ;
#962 = CARTESIAN_POINT ( 'NONE',  ( -11.78348541259700788, 3.000000000000000444, 5.999999999999998224 ) ) ;
#963 = CARTESIAN_POINT ( 'NONE',  ( -50.78414903050294527, -15.69506428210069160, 8.000000000000000000 ) ) ;
#964 = ADVANCED_FACE ( 'NONE', ( #2445 ), #534, .F. ) ;
#965 = CARTESIAN_POINT ( 'NONE',  ( -50.78540420532200272, -12.69506454467800260, 8.000000000000000000 ) ) ;
#966 = CARTESIAN_POINT ( 'NONE',  ( 13.61651611327399714, 2.999999999999999556, 8.000000000000000000 ) ) ;
#967 = ADVANCED_FACE ( 'NONE', ( #1746 ), #946, .F. ) ;
#968 = AXIS2_PLACEMENT_3D ( 'NONE', #2142, #1917, #2643 ) ;
#969 = ORIENTED_EDGE ( 'NONE', *, *, #705, .T. ) ;
#970 = AXIS2_PLACEMENT_3D ( 'NONE', #2792, #543, #856 ) ;
#971 = FACE_BOUND ( 'NONE', #2253, .T. ) ;
#972 = DIRECTION ( 'NONE',  ( -0.9999999124742280365, -0.0004183916063498328646, 0.000000000000000000 ) ) ;
#973 = AXIS2_PLACEMENT_3D ( 'NONE', #2866, #136, #1634 ) ;
#974 = DIRECTION ( 'NONE',  ( -0.000000000000000000, -0.000000000000000000, -1.000000000000000000 ) ) ;
#975 = VERTEX_POINT ( 'NONE', #2764 ) ;
#976 = VERTEX_POINT ( 'NONE', #2727 ) ;
#977 = CARTESIAN_POINT ( 'NONE',  ( -37.18348693847600828, 1.823661992376926331E-16, 5.999999999999998224 ) ) ;
#978 = CARTESIAN_POINT ( 'NONE',  ( 82.33151507568400973, 9.658000366211005883, 0.000000000000000000 ) ) ;
#979 = DIRECTION ( 'NONE',  ( -0.000000000000000000, -0.000000000000000000, -1.000000000000000000 ) ) ;
#980 = ORIENTED_EDGE ( 'NONE', *, *, #1146, .F. ) ;
#981 = DIRECTION ( 'NONE',  ( -1.000000000000000000, 0.000000000000000000, 0.000000000000000000 ) ) ;
#982 = DIRECTION ( 'NONE',  ( 0.000000000000000000, -0.000000000000000000, -1.000000000000000000 ) ) ;
#983 = VERTEX_POINT ( 'NONE', #465 ) ;
#984 = ADVANCED_FACE ( 'NONE', ( #3235, #1281, #3217, #743, #2480, #2500, #795, #518, #2714, #1478, #1730, #1217, #971, #1971, #1498, #41 ), #2973, .F. ) ;
#985 = ADVANCED_FACE ( 'NONE', ( #247 ), #1461, .T. ) ;
#986 = CYLINDRICAL_SURFACE ( 'NONE', #1629, 2.999999999999999112 ) ;
#987 = DIRECTION ( 'NONE',  ( 0.000000000000000000, 0.000000000000000000, 1.000000000000000000 ) ) ;
#988 = ORIENTED_EDGE ( 'NONE', *, *, #444, .F. ) ;
#989 = ADVANCED_FACE ( 'NONE', ( #2746 ), #986, .F. ) ;
#990 = DIRECTION ( 'NONE',  ( 1.000000000000000000, 0.000000000000000000, 0.000000000000000000 ) ) ;
#991 = ORIENTED_EDGE ( 'NONE', *, *, #3148, .T. ) ;
#992 = AXIS2_PLACEMENT_3D ( 'NONE', #288, #1787, #2821 ) ;
#993 = ORIENTED_EDGE ( 'NONE', *, *, #1089, .T. ) ;
#994 = CARTESIAN_POINT ( 'NONE',  ( -50.78665938014104597, -9.695064807255317163, 8.000000000000000000 ) ) ;
#995 = DIRECTION ( 'NONE',  ( 0.000000000000000000, 0.000000000000000000, 1.000000000000000000 ) ) ;
#996 = AXIS2_PLACEMENT_3D ( 'NONE', #2791, #272, #2587 ) ;
#997 = CARTESIAN_POINT ( 'NONE',  ( -7.629394991322401386E-06, -17.69506454467800438, 8.000000000000000000 ) ) ;
#998 = VECTOR ( 'NONE', #1399, 1000.000000000000000 ) ;
#999 = DIRECTION ( 'NONE',  ( -1.000000000000000000, 0.000000000000000000, 0.000000000000000000 ) ) ;
#1000 = FACE_OUTER_BOUND ( 'NONE', #42, .T. ) ;
#1001 = VECTOR ( 'NONE', #1252, 1000.000000000000114 ) ;
#1002 = ORIENTED_EDGE ( 'NONE', *, *, #926, .F. ) ;
#1003 = ORIENTED_EDGE ( 'NONE', *, *, #1028, .T. ) ;
#1004 = CARTESIAN_POINT ( 'NONE',  ( -62.58222947483896093, -15.70000050036168915, 8.000000000000000000 ) ) ;
#1005 = ORIENTED_EDGE ( 'NONE', *, *, #547, .T. ) ;
#1006 = ADVANCED_FACE ( 'NONE', ( #1778 ), #231, .F. ) ;
#1007 = FACE_OUTER_BOUND ( 'NONE', #1701, .T. ) ;
#1008 = EDGE_CURVE ( 'NONE', #1257, #1271, #501, .T. ) ;
#1009 = VECTOR ( 'NONE', #181, 1000.000000000000000 ) ;
#1010 = ORIENTED_EDGE ( 'NONE', *, *, #832, .T. ) ;
#1011 = FACE_OUTER_BOUND ( 'NONE', #519, .T. ) ;
#1012 = LINE ( 'NONE', #2755, #131 ) ;
#1013 = DIRECTION ( 'NONE',  ( -1.000000000000000000, 0.000000000000000000, 0.000000000000000000 ) ) ;
#1014 = CARTESIAN_POINT ( 'NONE',  ( 25.39999389648399486, 3.000384657910999593E-16, 5.999999999999998224 ) ) ;
#1015 = PLANE ( 'NONE',  #1647 ) ;
#1016 = ORIENTED_EDGE ( 'NONE', *, *, #681, .F. ) ;
#1017 = VERTEX_POINT ( 'NONE', #1237 ) ;
#1018 = DIRECTION ( 'NONE',  ( -0.0004183916063498324851, 0.9999999124742280365, 0.000000000000000000 ) ) ;
#1019 = VECTOR ( 'NONE', #3196, 1000.000000000000114 ) ;
#1020 = EDGE_LOOP ( 'NONE', ( #2233, #851, #1764, #1690 ) ) ;
#1021 = AXIS2_PLACEMENT_3D ( 'NONE', #573, #2772, #2555 ) ;
#1022 = ADVANCED_FACE ( 'NONE', ( #1514 ), #1983, .T. ) ;
#1023 = CARTESIAN_POINT ( 'NONE',  ( 0.000000000000000000, -17.69506454467800438, 8.000000000000000000 ) ) ;
#1024 = CONICAL_SURFACE ( 'NONE', #398, 2.999999999999999112, 0.7853981633974482790 ) ;
#1025 = ORIENTED_EDGE ( 'NONE', *, *, #2947, .T. ) ;
#1026 = ORIENTED_EDGE ( 'NONE', *, *, #2566, .F. ) ;
#1027 = CIRCLE ( 'NONE', #3124, 2.999999999999999112 ) ;
#1028 = EDGE_CURVE ( 'NONE', #2246, #1153, #10, .T. ) ;
#1029 = EDGE_LOOP ( 'NONE', ( #458, #3204, #595, #2726 ) ) ;
#1030 = EDGE_CURVE ( 'NONE', #3111, #1078, #2837, .T. ) ;
#1031 = CARTESIAN_POINT ( 'NONE',  ( 13.61651611327399714, -12.69506454467800260, 5.999999999999998224 ) ) ;
#1032 = CARTESIAN_POINT ( 'NONE',  ( -37.16888427734400580, -12.69506454467800438, 0.000000000000000000 ) ) ;
#1033 = CARTESIAN_POINT ( 'NONE',  ( 28.39999389648399131, 3.000384657910999593E-16, 5.999999999999998224 ) ) ;
#1034 = FACE_OUTER_BOUND ( 'NONE', #2545, .T. ) ;
#1035 = CARTESIAN_POINT ( 'NONE',  ( -7.629394992506033368E-06, 3.000000000000002665, 8.000000000000000000 ) ) ;
#1036 = ORIENTED_EDGE ( 'NONE', *, *, #2391, .F. ) ;
#1037 = EDGE_LOOP ( 'NONE', ( #3102, #1991, #3128, #634 ) ) ;
#1038 = CARTESIAN_POINT ( 'NONE',  ( -37.16888427734399158, -9.695064544678006158, 5.999999999999998224 ) ) ;
#1039 = ADVANCED_BREP_SHAPE_REPRESENTATION ( '\X2\706f677f\X0\', ( #2511, #171 ), #497 ) ;
#1040 = LINE ( 'NONE', #3037, #2334 ) ;
#1041 = EDGE_LOOP ( 'NONE', ( #2301, #2580 ) ) ;
#1042 = EDGE_LOOP ( 'NONE', ( #2486, #1633, #1369, #800, #678 ) ) ;
#1043 = FACE_OUTER_BOUND ( 'NONE', #776, .T. ) ;
#1044 = CARTESIAN_POINT ( 'NONE',  ( -7.629394991322401386E-06, -17.69506454467800438, 8.000000000000000000 ) ) ;
#1045 =( NAMED_UNIT ( * ) SI_UNIT ( $, .STERADIAN. ) SOLID_ANGLE_UNIT ( ) );
#1046 = EDGE_CURVE ( 'NONE', #2839, #335, #3020, .T. ) ;
#1047 = CARTESIAN_POINT ( 'NONE',  ( -25.40000915527398817, -3.313386122555503022, 8.000000000000000000 ) ) ;
#1048 = AXIS2_PLACEMENT_3D ( 'NONE', #1409, #2404, #192 ) ;
#1049 = CARTESIAN_POINT ( 'NONE',  ( -62.58348464965800417, -12.70000076293900015, 0.000000000000000000 ) ) ;
#1050 = DIRECTION ( 'NONE',  ( 1.000000000000000000, 0.000000000000000000, 0.000000000000000000 ) ) ;
#1051 = EDGE_CURVE ( 'NONE', #1769, #3237, #1579, .T. ) ;
#1052 = AXIS2_PLACEMENT_3D ( 'NONE', #3190, #2753, #1942 ) ;
#1053 = ORIENTED_EDGE ( 'NONE', *, *, #1462, .F. ) ;
#1054 = DIRECTION ( 'NONE',  ( -0.000000000000000000, -0.000000000000000000, -1.000000000000000000 ) ) ;
#1055 = VECTOR ( 'NONE', #2553, 1000.000000000000114 ) ;
#1056 = CARTESIAN_POINT ( 'NONE',  ( -166.6684849243160045, -4.541999633788991630, 0.000000000000000000 ) ) ;
#1057 = VERTEX_POINT ( 'NONE', #2033 ) ;
#1058 = ORIENTED_EDGE ( 'NONE', *, *, #3167, .T. ) ;
#1059 = ORIENTED_EDGE ( 'NONE', *, *, #48, .F. ) ;
#1060 = DIRECTION ( 'NONE',  ( -1.000000000000000000, 0.000000000000000000, 0.000000000000000000 ) ) ;
#1061 = LINE ( 'NONE', #2057, #560 ) ;
#1062 = CARTESIAN_POINT ( 'NONE',  ( -11.78348541259700788, 0.000000000000000000, 5.999999999999998224 ) ) ;
#1063 = AXIS2_PLACEMENT_3D ( 'NONE', #1869, #845, #383 ) ;
#1064 = DIRECTION ( 'NONE',  ( 1.000000000000000000, 0.000000000000000000, 0.000000000000000000 ) ) ;
#1065 = AXIS2_PLACEMENT_3D ( 'NONE', #1592, #1575, #2326 ) ;
#1066 = DIRECTION ( 'NONE',  ( 0.000000000000000000, 0.000000000000000000, 1.000000000000000000 ) ) ;
#1067 = DIRECTION ( 'NONE',  ( -0.000000000000000000, -0.000000000000000000, -1.000000000000000000 ) ) ;
#1068 = ORIENTED_EDGE ( 'NONE', *, *, #2971, .F. ) ;
#1069 = AXIS2_PLACEMENT_3D ( 'NONE', #590, #303, #286 ) ;
#1070 = EDGE_CURVE ( 'NONE', #2299, #2978, #583, .T. ) ;
#1071 = CARTESIAN_POINT ( 'NONE',  ( 13.61651611327399714, 0.000000000000000000, 5.999999999999998224 ) ) ;
#1072 = VERTEX_POINT ( 'NONE', #3069 ) ;
#1073 = AXIS2_PLACEMENT_3D ( 'NONE', #1459, #2458, #1215 ) ;
#1074 = LINE ( 'NONE', #2767, #2123 ) ;
#1075 = EDGE_LOOP ( 'NONE', ( #781, #748, #1186, #1219 ) ) ;
#1076 = ORIENTED_EDGE ( 'NONE', *, *, #102, .T. ) ;
#1077 = AXIS2_PLACEMENT_3D ( 'NONE', #154, #2623, #377 ) ;
#1078 = VERTEX_POINT ( 'NONE', #2594 ) ;
#1079 = VERTEX_POINT ( 'NONE', #68 ) ;
#1080 = DIRECTION ( 'NONE',  ( 0.000000000000000000, 0.000000000000000000, 1.000000000000000000 ) ) ;
#1081 = VECTOR ( 'NONE', #1817, 1000.000000000000114 ) ;
#1082 = DIRECTION ( 'NONE',  ( 0.000000000000000000, 0.000000000000000000, 1.000000000000000000 ) ) ;
#1083 = AXIS2_PLACEMENT_3D ( 'NONE', #1515, #2518, #1561 ) ;
#1084 = CARTESIAN_POINT ( 'NONE',  ( -50.78540420532200272, -12.69506454467800260, 5.999999999999970690 ) ) ;
#1085 = DIRECTION ( 'NONE',  ( 1.000000000000000000, 0.000000000000000000, 0.000000000000000000 ) ) ;
#1086 = LINE ( 'NONE', #2809, #1639 ) ;
#1087 = FACE_OUTER_BOUND ( 'NONE', #588, .T. ) ;
#1088 = EDGE_CURVE ( 'NONE', #2907, #983, #826, .T. ) ;
#1089 = EDGE_CURVE ( 'NONE', #3110, #2972, #365, .T. ) ;
#1090 = DIRECTION ( 'NONE',  ( -1.000000000000000000, 4.886545002751570905E-16, 0.000000000000000000 ) ) ;
#1091 = ADVANCED_FACE ( 'NONE', ( #1087 ), #2082, .F. ) ;
#1092 = EDGE_LOOP ( 'NONE', ( #1841, #2220, #1922, #2779 ) ) ;
#1093 = ORIENTED_EDGE ( 'NONE', *, *, #382, .F. ) ;
#1094 = DIRECTION ( 'NONE',  ( 1.000000000000000000, 0.000000000000000000, 0.000000000000000000 ) ) ;
#1095 = ORIENTED_EDGE ( 'NONE', *, *, #2892, .T. ) ;
#1096 = CARTESIAN_POINT ( 'NONE',  ( -50.78749616335375094, -7.695064982306845103, 8.000000000000000000 ) ) ;
#1097 = CARTESIAN_POINT ( 'NONE',  ( -37.16888427734399158, -17.69506454467800438, 8.000000000000000000 ) ) ;
#1098 = FACE_OUTER_BOUND ( 'NONE', #809, .T. ) ;
#1099 = CARTESIAN_POINT ( 'NONE',  ( 25.39999389648399486, 3.000384657910999593E-16, 8.000000000000000000 ) ) ;
#1100 = DIRECTION ( 'NONE',  ( 1.000000000000000000, 1.840207436943774123E-16, 0.000000000000000000 ) ) ;
#1101 = EDGE_LOOP ( 'NONE', ( #1814, #390, #1528, #2668 ) ) ;
#1102 = CIRCLE ( 'NONE', #2928, 2.049999999999996270 ) ;
#1103 = CARTESIAN_POINT ( 'NONE',  ( -25.38540649414000683, -12.69506454467800260, 8.000000000000000000 ) ) ;
#1104 = AXIS2_PLACEMENT_3D ( 'NONE', #2060, #822, #575 ) ;
#1105 = VECTOR ( 'NONE', #1321, 1000.000000000000114 ) ;
#1106 = EDGE_CURVE ( 'NONE', #1108, #2235, #2329, .T. ) ;
#1107 = VERTEX_POINT ( 'NONE', #1595 ) ;
#1108 = VERTEX_POINT ( 'NONE', #1560 ) ;
#1109 = VERTEX_POINT ( 'NONE', #2115 ) ;
#1110 = EDGE_CURVE ( 'NONE', #618, #713, #1852, .T. ) ;
#1111 = CARTESIAN_POINT ( 'NONE',  ( -37.18348693847600828, -3.313386122555504798, 5.999999999999998224 ) ) ;
#1112 = ORIENTED_EDGE ( 'NONE', *, *, #647, .F. ) ;
#1113 = DIRECTION ( 'NONE',  ( -0.000000000000000000, -0.000000000000000000, -1.000000000000000000 ) ) ;
#1114 = DIRECTION ( 'NONE',  ( 0.000000000000000000, -0.000000000000000000, -1.000000000000000000 ) ) ;
#1115 = CARTESIAN_POINT ( 'NONE',  ( 82.33151507568399552, -18.74199963378899270, 0.000000000000000000 ) ) ;
#1116 = VECTOR ( 'NONE', #1432, 1000.000000000000000 ) ;
#1117 = FACE_OUTER_BOUND ( 'NONE', #2952, .T. ) ;
#1118 = LINE ( 'NONE', #2612, #2603 ) ;
#1119 = AXIS2_PLACEMENT_3D ( 'NONE', #1875, #2376, #685 ) ;
#1120 = DIRECTION ( 'NONE',  ( -4.886545002751570905E-16, -1.000000000000000000, 0.000000000000000000 ) ) ;
#1121 = EDGE_LOOP ( 'NONE', ( #1900, #1401, #2626, #2851 ) ) ;
#1122 = ADVANCED_FACE ( 'NONE', ( #1793 ), #1821, .F. ) ;
#1123 = ORIENTED_EDGE ( 'NONE', *, *, #2696, .F. ) ;
#1124 = ORIENTED_EDGE ( 'NONE', *, *, #3087, .F. ) ;
#1125 = CARTESIAN_POINT ( 'NONE',  ( -62.58348464965800417, -3.000000000000000444, 8.000000000000000000 ) ) ;
#1126 = CIRCLE ( 'NONE', #2540, 5.000000000000000888 ) ;
#1127 = EDGE_CURVE ( 'NONE', #194, #2372, #3067, .T. ) ;
#1128 = EDGE_CURVE ( 'NONE', #1352, #976, #1916, .T. ) ;
#1129 = AXIS2_PLACEMENT_3D ( 'NONE', #719, #2722, #2009 ) ;
#1130 = EDGE_LOOP ( 'NONE', ( #2318, #2922, #1171, #2366 ) ) ;
#1131 = CARTESIAN_POINT ( 'NONE',  ( -50.80000686645399810, 4.999999999999999112, 8.000000000000000000 ) ) ;
#1132 = LINE ( 'NONE', #2112, #2118 ) ;
#1133 = DIRECTION ( 'NONE',  ( -1.000000000000000000, 0.000000000000000000, 0.000000000000000000 ) ) ;
#1134 = AXIS2_PLACEMENT_3D ( 'NONE', #941, #1254, #1751 ) ;
#1135 = CYLINDRICAL_SURFACE ( 'NONE', #2825, 2.000000000000001776 ) ;
#1136 = CARTESIAN_POINT ( 'NONE',  ( -7.629394990771309892E-06, -12.69506454467800260, 8.000000000000000000 ) ) ;
#1137 =( LENGTH_UNIT ( ) NAMED_UNIT ( * ) SI_UNIT ( .MILLI., .METRE. ) );
#1138 = ORIENTED_EDGE ( 'NONE', *, *, #2924, .F. ) ;
#1139 = VERTEX_POINT ( 'NONE', #597 ) ;
#1140 = EDGE_LOOP ( 'NONE', ( #2765, #2803, #1003, #2338 ) ) ;
#1141 = FACE_OUTER_BOUND ( 'NONE', #2339, .T. ) ;
#1142 = ORIENTED_EDGE ( 'NONE', *, *, #2532, .F. ) ;
#1143 = LINE ( 'NONE', #2373, #580 ) ;
#1144 = LINE ( 'NONE', #2687, #867 ) ;
#1145 = DIRECTION ( 'NONE',  ( 1.000000000000000000, 0.000000000000000000, 0.000000000000000000 ) ) ;
#1146 = EDGE_CURVE ( 'NONE', #236, #1057, #1118, .T. ) ;
#1147 = CARTESIAN_POINT ( 'NONE',  ( 25.39999389648399486, 3.000384657910999593E-16, 5.999999999999998224 ) ) ;
#1148 = CARTESIAN_POINT ( 'NONE',  ( 13.61651611327399714, -15.69506454467800260, 5.999999999999998224 ) ) ;
#1149 = ADVANCED_FACE ( 'NONE', ( #351 ), #1349, .T. ) ;
#1150 = CIRCLE ( 'NONE', #992, 2.999999999999999112 ) ;
#1151 = DIRECTION ( 'NONE',  ( 1.000000000000000000, 0.000000000000000000, 0.000000000000000000 ) ) ;
#1152 = DIRECTION ( 'NONE',  ( 1.000000000000000000, 0.000000000000000000, 0.000000000000000000 ) ) ;
#1153 = VERTEX_POINT ( 'NONE', #101 ) ;
#1154 = EDGE_LOOP ( 'NONE', ( #1651, #847, #435, #2512, #2055 ) ) ;
#1155 = AXIS2_PLACEMENT_3D ( 'NONE', #2302, #1080, #3058 ) ;
#1156 = FACE_OUTER_BOUND ( 'NONE', #1766, .T. ) ;
#1157 = VECTOR ( 'NONE', #835, 1000.000000000000000 ) ;
#1158 = ORIENTED_EDGE ( 'NONE', *, *, #514, .F. ) ;
#1159 = FACE_OUTER_BOUND ( 'NONE', #1682, .T. ) ;
#1160 = CARTESIAN_POINT ( 'NONE',  ( -37.16888427734400580, -12.69506454467800438, 5.999999999999998224 ) ) ;
#1161 = CARTESIAN_POINT ( 'NONE',  ( 10.61651611327399714, 0.000000000000000000, 0.000000000000000000 ) ) ;
#1162 = EDGE_CURVE ( 'NONE', #1886, #564, #1246, .T. ) ;
#1163 = CARTESIAN_POINT ( 'NONE',  ( -62.58222947483896093, -15.70000050036168915, 5.999999999999970690 ) ) ;
#1164 = DIRECTION ( 'NONE',  ( 1.000000000000000000, 0.000000000000000000, 0.000000000000000000 ) ) ;
#1165 = CIRCLE ( 'NONE', #1063, 5.000000000000000888 ) ;
#1166 = ORIENTED_EDGE ( 'NONE', *, *, #2022, .T. ) ;
#1167 = EDGE_CURVE ( 'NONE', #1017, #2828, #1354, .T. ) ;
#1168 = DIRECTION ( 'NONE',  ( 1.000000000000000000, 0.000000000000000000, 0.000000000000000000 ) ) ;
#1169 = CIRCLE ( 'NONE', #1484, 2.999999999999999112 ) ;
#1170 = DIRECTION ( 'NONE',  ( -0.0002958475420415003498, 0.7071067192964829440, -0.7071067811865453523 ) ) ;
#1171 = ORIENTED_EDGE ( 'NONE', *, *, #928, .T. ) ;
#1172 = LINE ( 'NONE', #2910, #132 ) ;
#1173 = EDGE_LOOP ( 'NONE', ( #267, #2072, #1420, #318 ) ) ;
#1174 = DIRECTION ( 'NONE',  ( 0.000000000000000000, 0.000000000000000000, 1.000000000000000000 ) ) ;
#1175 = VECTOR ( 'NONE', #1803, 1000.000000000000000 ) ;
#1176 = DIRECTION ( 'NONE',  ( -1.000000000000000000, 0.000000000000000000, 0.000000000000000000 ) ) ;
#1177 = CARTESIAN_POINT ( 'NONE',  ( -37.18348693847600828, -3.313386122555504798, 8.000000000000000000 ) ) ;
#1178 = AXIS2_PLACEMENT_3D ( 'NONE', #205, #1212, #2996 ) ;
#1179 = LINE ( 'NONE', #157, #889 ) ;
#1180 = CARTESIAN_POINT ( 'NONE',  ( -37.18348693847600828, 1.823661992376926331E-16, 5.999999999999998224 ) ) ;
#1181 = AXIS2_PLACEMENT_3D ( 'NONE', #746, #187, #504 ) ;
#1182 = VERTEX_POINT ( 'NONE', #565 ) ;
#1183 = VECTOR ( 'NONE', #56, 1000.000000000000114 ) ;
#1184 = FACE_OUTER_BOUND ( 'NONE', #3049, .T. ) ;
#1185 = CARTESIAN_POINT ( 'NONE',  ( -7.629394990771309892E-06, -12.69506454467800260, 5.999999999999998224 ) ) ;
#1186 = ORIENTED_EDGE ( 'NONE', *, *, #450, .T. ) ;
#1187 = AXIS2_PLACEMENT_3D ( 'NONE', #2346, #1614, #330 ) ;
#1188 = ADVANCED_FACE ( 'NONE', ( #2363 ), #1544, .F. ) ;
#1189 = LINE ( 'NONE', #2484, #1497 ) ;
#1190 = EDGE_CURVE ( 'NONE', #1139, #297, #54, .T. ) ;
#1191 = VERTEX_POINT ( 'NONE', #811 ) ;
#1192 = VERTEX_POINT ( 'NONE', #1806 ) ;
#1193 = CARTESIAN_POINT ( 'NONE',  ( -11.78348541259700788, 0.000000000000000000, 0.000000000000000000 ) ) ;
#1194 = AXIS2_PLACEMENT_3D ( 'NONE', #2844, #310, #2311 ) ;
#1195 = CARTESIAN_POINT ( 'NONE',  ( -20.38540649414000683, -12.69506454467800260, 8.000000000000000000 ) ) ;
#1196 = CARTESIAN_POINT ( 'NONE',  ( -62.58348464965800417, -1.984387807914870121E-15, 0.000000000000000000 ) ) ;
#1197 = CARTESIAN_POINT ( 'NONE',  ( -50.80000686645399810, 1.823661992376926331E-16, 5.999999999999998224 ) ) ;
#1198 = DIRECTION ( 'NONE',  ( -1.000000000000000000, -0.000000000000000000, -0.000000000000000000 ) ) ;
#1199 = ORIENTED_EDGE ( 'NONE', *, *, #2531, .F. ) ;
#1200 = LINE ( 'NONE', #904, #636 ) ;
#1201 = CARTESIAN_POINT ( 'NONE',  ( 13.61651611327399714, -2.999999999999999556, 0.000000000000000000 ) ) ;
#1202 = ORIENTED_EDGE ( 'NONE', *, *, #1847, .F. ) ;
#1203 = VECTOR ( 'NONE', #2967, 1000.000000000000000 ) ;
#1204 = ADVANCED_FACE ( 'NONE', ( #193 ), #2313, .F. ) ;
#1205 = DIRECTION ( 'NONE',  ( -0.000000000000000000, -0.000000000000000000, -1.000000000000000000 ) ) ;
#1206 = VECTOR ( 'NONE', #638, 1000.000000000000000 ) ;
#1207 = ORIENTED_EDGE ( 'NONE', *, *, #1813, .T. ) ;
#1208 = EDGE_CURVE ( 'NONE', #1941, #2032, #216, .T. ) ;
#1209 = VERTEX_POINT ( 'NONE', #395 ) ;
#1210 = FACE_OUTER_BOUND ( 'NONE', #2834, .T. ) ;
#1211 = AXIS2_PLACEMENT_3D ( 'NONE', #2280, #24, #777 ) ;
#1212 = DIRECTION ( 'NONE',  ( 0.000000000000000000, 0.000000000000000000, 1.000000000000000000 ) ) ;
#1213 = DIRECTION ( 'NONE',  ( 0.000000000000000000, -0.7071067811865477948, -0.7071067811865473507 ) ) ;
#1214 = CARTESIAN_POINT ( 'NONE',  ( 64.33151507568400973, 6.658000366211003218, 0.000000000000000000 ) ) ;
#1215 = DIRECTION ( 'NONE',  ( 1.000000000000000000, 0.000000000000000000, 0.000000000000000000 ) ) ;
#1216 = ORIENTED_EDGE ( 'NONE', *, *, #1965, .T. ) ;
#1217 = FACE_BOUND ( 'NONE', #275, .T. ) ;
#1218 = CARTESIAN_POINT ( 'NONE',  ( -7.629394990771309892E-06, -12.69506454467800260, 5.999999999999998224 ) ) ;
#1219 = ORIENTED_EDGE ( 'NONE', *, *, #709, .F. ) ;
#1220 = VECTOR ( 'NONE', #326, 1000.000000000000114 ) ;
#1221 = DIRECTION ( 'NONE',  ( -0.000000000000000000, -0.000000000000000000, -1.000000000000000000 ) ) ;
#1222 = AXIS2_PLACEMENT_3D ( 'NONE', #224, #979, #2456 ) ;
#1223 = EDGE_LOOP ( 'NONE', ( #509, #1729, #1010, #1404 ) ) ;
#1224 = ORIENTED_EDGE ( 'NONE', *, *, #1269, .F. ) ;
#1225 = VERTEX_POINT ( 'NONE', #2627 ) ;
#1226 = DIRECTION ( 'NONE',  ( 1.000000000000000000, 0.000000000000000000, -0.000000000000000000 ) ) ;
#1227 = DIRECTION ( 'NONE',  ( 1.000000000000000000, 0.000000000000000000, 0.000000000000000000 ) ) ;
#1228 = DIRECTION ( 'NONE',  ( 0.9999999124742280365, 0.0004183916063498328646, 0.000000000000000000 ) ) ;
#1229 = EDGE_CURVE ( 'NONE', #2903, #1017, #1444, .T. ) ;
#1230 = EDGE_CURVE ( 'NONE', #2729, #975, #1383, .T. ) ;
#1231 = DIRECTION ( 'NONE',  ( 0.000000000000000000, 0.000000000000000000, -1.000000000000000000 ) ) ;
#1232 = DIRECTION ( 'NONE',  ( 1.000000000000000000, 0.000000000000000000, 0.000000000000000000 ) ) ;
#1233 = CIRCLE ( 'NONE', #2485, 2.999999999999999112 ) ;
#1234 = ADVANCED_FACE ( 'NONE', ( #430 ), #2378, .F. ) ;
#1235 = ORIENTED_EDGE ( 'NONE', *, *, #468, .F. ) ;
#1236 = CONICAL_SURFACE ( 'NONE', #235, 3.000000000000002665, 0.7853981633974456145 ) ;
#1237 = CARTESIAN_POINT ( 'NONE',  ( -65.58348464965800417, -12.70000076293900015, 0.000000000000000000 ) ) ;
#1238 = DIRECTION ( 'NONE',  ( 0.0002958475420415002956, -0.7071067192964834991, -0.7071067811865447972 ) ) ;
#1239 = CIRCLE ( 'NONE', #610, 3.000000000009702017 ) ;
#1240 = CARTESIAN_POINT ( 'NONE',  ( 25.39999389648399486, 5.000000000000000888, 8.000000000000000000 ) ) ;
#1241 = ORIENTED_EDGE ( 'NONE', *, *, #2184, .T. ) ;
#1242 = ORIENTED_EDGE ( 'NONE', *, *, #1945, .F. ) ;
#1243 = DIRECTION ( 'NONE',  ( 0.000000000000000000, -0.7071067811865476838, 0.7071067811865474617 ) ) ;
#1244 = PLANE ( 'NONE',  #3163 ) ;
#1245 = DIRECTION ( 'NONE',  ( 0.000000000000000000, 0.000000000000000000, 1.000000000000000000 ) ) ;
#1246 = CIRCLE ( 'NONE', #2771, 4.999999999999997335 ) ;
#1247 = DIRECTION ( 'NONE',  ( 1.000000000000000000, 0.000000000000000000, 0.000000000000000000 ) ) ;
#1248 = ADVANCED_FACE ( 'NONE', ( #2917 ), #921, .F. ) ;
#1249 = CARTESIAN_POINT ( 'NONE',  ( -11.78348541259700788, 3.000000000000000444, 5.999999999999998224 ) ) ;
#1250 = ORIENTED_EDGE ( 'NONE', *, *, #2042, .F. ) ;
#1251 = EDGE_CURVE ( 'NONE', #2076, #2483, #1426, .T. ) ;
#1252 = DIRECTION ( 'NONE',  ( 0.000000000000000000, 0.7071067811865474617, -0.7071067811865474617 ) ) ;
#1253 = ORIENTED_EDGE ( 'NONE', *, *, #1615, .F. ) ;
#1254 = DIRECTION ( 'NONE',  ( 0.000000000000000000, 0.000000000000000000, 1.000000000000000000 ) ) ;
#1255 = ORIENTED_EDGE ( 'NONE', *, *, #591, .F. ) ;
#1256 = AXIS2_PLACEMENT_3D ( 'NONE', #1915, #3119, #2176 ) ;
#1257 = VERTEX_POINT ( 'NONE', #2902 ) ;
#1258 = CARTESIAN_POINT ( 'NONE',  ( -50.78414903050294527, -15.69506428210069160, 5.999999999999970690 ) ) ;
#1259 = DIRECTION ( 'NONE',  ( 1.000000000000000000, 0.000000000000000000, 0.000000000000000000 ) ) ;
#1260 = VECTOR ( 'NONE', #751, 1000.000000000000000 ) ;
#1261 = CARTESIAN_POINT ( 'NONE',  ( -62.58473982447705453, -9.700001025516314712, 8.000000000000000000 ) ) ;
#1262 = AXIS2_PLACEMENT_3D ( 'NONE', #2537, #1567, #15 ) ;
#1263 = FACE_OUTER_BOUND ( 'NONE', #1795, .T. ) ;
#1264 = DIRECTION ( 'NONE',  ( 1.000000000000000000, 0.000000000000000000, 0.000000000000000000 ) ) ;
#1265 = ORIENTED_EDGE ( 'NONE', *, *, #3167, .F. ) ;
#1266 = ADVANCED_FACE ( 'NONE', ( #659 ), #1867, .T. ) ;
#1267 = DIRECTION ( 'NONE',  ( 0.000000000000000000, 0.000000000000000000, 1.000000000000000000 ) ) ;
#1268 = ADVANCED_FACE ( 'NONE', ( #2193 ), #2158, .T. ) ;
#1269 = EDGE_CURVE ( 'NONE', #2453, #665, #2646, .T. ) ;
#1270 = DIRECTION ( 'NONE',  ( -1.000000000000000000, 0.000000000000000000, 0.000000000000000000 ) ) ;
#1271 = VERTEX_POINT ( 'NONE', #1879 ) ;
#1272 = VECTOR ( 'NONE', #1414, 1000.000000000000000 ) ;
#1273 = ORIENTED_EDGE ( 'NONE', *, *, #1846, .F. ) ;
#1274 = DIRECTION ( 'NONE',  ( -1.000000000000000000, 0.000000000000000000, 0.000000000000000000 ) ) ;
#1275 = CARTESIAN_POINT ( 'NONE',  ( -7.629394990771309892E-06, -12.69506454467800260, 0.000000000000000000 ) ) ;
#1276 = AXIS2_PLACEMENT_3D ( 'NONE', #2870, #1656, #1672 ) ;
#1277 = FACE_OUTER_BOUND ( 'NONE', #2416, .T. ) ;
#1278 = DIRECTION ( 'NONE',  ( 0.7071067811865474617, 0.000000000000000000, 0.7071067811865474617 ) ) ;
#1279 = DIRECTION ( 'NONE',  ( 0.000000000000000000, 0.000000000000000000, 1.000000000000000000 ) ) ;
#1280 = VERTEX_POINT ( 'NONE', #2661 ) ;
#1281 = FACE_BOUND ( 'NONE', #2617, .T. ) ;
#1282 = VECTOR ( 'NONE', #1850, 1000.000000000000000 ) ;
#1283 = EDGE_CURVE ( 'NONE', #2262, #213, #1126, .T. ) ;
#1284 = CARTESIAN_POINT ( 'NONE',  ( 66.38151507568400689, -12.61499963378900269, 5.000000000000000000 ) ) ;
#1285 = ORIENTED_EDGE ( 'NONE', *, *, #705, .F. ) ;
#1286 = AXIS2_PLACEMENT_3D ( 'NONE', #1351, #1838, #1152 ) ;
#1287 = ORIENTED_EDGE ( 'NONE', *, *, #1328, .F. ) ;
#1288 = DIRECTION ( 'NONE',  ( 0.000000000000000000, 0.000000000000000000, 1.000000000000000000 ) ) ;
#1289 = EDGE_CURVE ( 'NONE', #2414, #2847, #3118, .T. ) ;
#1290 = DIRECTION ( 'NONE',  ( -1.000000000000000000, -0.000000000000000000, -0.000000000000000000 ) ) ;
#1291 = CYLINDRICAL_SURFACE ( 'NONE', #2641, 3.000000000000000888 ) ;
#1292 = LINE ( 'NONE', #541, #793 ) ;
#1293 = FACE_OUTER_BOUND ( 'NONE', #1436, .T. ) ;
#1294 = CARTESIAN_POINT ( 'NONE',  ( -7.629394987979131850E-06, -5.000000000003881340, 8.000000000000000000 ) ) ;
#1295 = ORIENTED_EDGE ( 'NONE', *, *, #1648, .F. ) ;
#1296 = ORIENTED_EDGE ( 'NONE', *, *, #1391, .T. ) ;
#1297 = DIRECTION ( 'NONE',  ( 1.000000000000000000, 0.000000000000000000, 0.000000000000000000 ) ) ;
#1298 = DIRECTION ( 'NONE',  ( -0.000000000000000000, -0.000000000000000000, -1.000000000000000000 ) ) ;
#1299 = VERTEX_POINT ( 'NONE', #2405 ) ;
#1300 = EDGE_LOOP ( 'NONE', ( #798, #1969 ) ) ;
#1301 = ORIENTED_EDGE ( 'NONE', *, *, #2966, .F. ) ;
#1302 = ADVANCED_FACE ( 'NONE', ( #159 ), #3160, .F. ) ;
#1303 = ORIENTED_EDGE ( 'NONE', *, *, #1283, .F. ) ;
#1304 = PLANE ( 'NONE',  #153 ) ;
#1305 = FACE_OUTER_BOUND ( 'NONE', #1956, .T. ) ;
#1306 = EDGE_CURVE ( 'NONE', #212, #2911, #2063, .T. ) ;
#1307 = EDGE_LOOP ( 'NONE', ( #2017, #331, #482, #956 ) ) ;
#1308 = CARTESIAN_POINT ( 'NONE',  ( -45.78540420532198141, -12.69506454467800260, 8.000000000000000000 ) ) ;
#1309 = CIRCLE ( 'NONE', #103, 5.000000000000018652 ) ;
#1310 = DIRECTION ( 'NONE',  ( 1.000000000000000000, 0.000000000000000000, 0.000000000000000000 ) ) ;
#1311 = DIRECTION ( 'NONE',  ( 0.000000000000000000, 0.000000000000000000, 1.000000000000000000 ) ) ;
#1312 = AXIS2_PLACEMENT_3D ( 'NONE', #221, #1724, #189 ) ;
#1313 = VERTEX_POINT ( 'NONE', #934 ) ;
#1314 = CARTESIAN_POINT ( 'NONE',  ( -50.78331224729024740, -17.69506410704916632, 8.000000000000000000 ) ) ;
#1315 = CONICAL_SURFACE ( 'NONE', #1262, 3.000000000000002665, 0.7853981633974456145 ) ;
#1316 = EDGE_LOOP ( 'NONE', ( #2316, #2993, #1858, #3140, #95 ) ) ;
#1317 = LINE ( 'NONE', #797, #1501 ) ;
#1318 = ORIENTED_EDGE ( 'NONE', *, *, #2733, .F. ) ;
#1319 = EDGE_LOOP ( 'NONE', ( #1585, #503, #1005, #2081, #2354 ) ) ;
#1320 = ORIENTED_EDGE ( 'NONE', *, *, #405, .T. ) ;
#1321 = DIRECTION ( 'NONE',  ( 0.000000000000000000, 0.7071067811865474617, 0.7071067811865474617 ) ) ;
#1322 = LINE ( 'NONE', #270, #2435 ) ;
#1323 =( NAMED_UNIT ( * ) PLANE_ANGLE_UNIT ( ) SI_UNIT ( $, .RADIAN. ) );
#1324 = CARTESIAN_POINT ( 'NONE',  ( -40.16888427734400580, -12.69506454467800438, 0.000000000000000000 ) ) ;
#1325 = AXIS2_PLACEMENT_3D ( 'NONE', #2491, #1245, #3243 ) ;
#1326 = CARTESIAN_POINT ( 'NONE',  ( -11.78348541259700788, -12.69506454467800260, 8.000000000000000000 ) ) ;
#1327 = CARTESIAN_POINT ( 'NONE',  ( -172.6684849243160329, -18.74199963378898914, 8.000000000000000000 ) ) ;
#1328 = EDGE_CURVE ( 'NONE', #2183, #2349, #2933, .T. ) ;
#1329 = EDGE_CURVE ( 'NONE', #1225, #2839, #2693, .T. ) ;
#1330 = DIRECTION ( 'NONE',  ( 1.000000000000000000, 0.000000000000000000, 0.000000000000000000 ) ) ;
#1331 = ADVANCED_FACE ( 'NONE', ( #2742 ), #1015, .T. ) ;
#1332 = AXIS2_PLACEMENT_3D ( 'NONE', #2029, #1066, #2276 ) ;
#1333 = DIRECTION ( 'NONE',  ( -0.000000000000000000, -0.000000000000000000, -1.000000000000000000 ) ) ;
#1334 = ORIENTED_EDGE ( 'NONE', *, *, #3046, .F. ) ;
#1335 = VECTOR ( 'NONE', #2490, 1000.000000000000000 ) ;
#1336 = EDGE_LOOP ( 'NONE', ( #726, #2460, #2269, #1416 ) ) ;
#1337 = ORIENTED_EDGE ( 'NONE', *, *, #2243, .F. ) ;
#1338 = CARTESIAN_POINT ( 'NONE',  ( 25.39999389648399486, -9.695064544678004381, 0.000000000000000000 ) ) ;
#1339 = VECTOR ( 'NONE', #1435, 1000.000000000000000 ) ;
#1340 = ORIENTED_EDGE ( 'NONE', *, *, #3169, .T. ) ;
#1341 = DIRECTION ( 'NONE',  ( 0.000000000000000000, 0.000000000000000000, -1.000000000000000000 ) ) ;
#1342 = VECTOR ( 'NONE', #3005, 1000.000000000000000 ) ;
#1343 = CARTESIAN_POINT ( 'NONE',  ( -7.629394992506033368E-06, 3.000000000000002665, 5.999999999999998224 ) ) ;
#1344 = FACE_OUTER_BOUND ( 'NONE', #1092, .T. ) ;
#1345 = CARTESIAN_POINT ( 'NONE',  ( -62.58473982447705453, -9.700001025516314712, 5.999999999999970690 ) ) ;
#1346 = ORIENTED_EDGE ( 'NONE', *, *, #1792, .T. ) ;
#1347 = EDGE_CURVE ( 'NONE', #2850, #849, #463, .T. ) ;
#1348 = ORIENTED_EDGE ( 'NONE', *, *, #1628, .T. ) ;
#1349 = PLANE ( 'NONE',  #1187 ) ;
#1350 = EDGE_CURVE ( 'NONE', #1870, #2712, #3017, .T. ) ;
#1351 = CARTESIAN_POINT ( 'NONE',  ( -37.18348693847600828, 1.823661992376926331E-16, 0.000000000000000000 ) ) ;
#1352 = VERTEX_POINT ( 'NONE', #2983 ) ;
#1353 = ORIENTED_EDGE ( 'NONE', *, *, #225, .T. ) ;
#1354 = CIRCLE ( 'NONE', #906, 3.000000000000002665 ) ;
#1355 = ORIENTED_EDGE ( 'NONE', *, *, #1051, .T. ) ;
#1356 = ORIENTED_EDGE ( 'NONE', *, *, #2248, .T. ) ;
#1357 = DIRECTION ( 'NONE',  ( -0.000000000000000000, -0.000000000000000000, -1.000000000000000000 ) ) ;
#1358 = DIRECTION ( 'NONE',  ( -0.000000000000000000, -0.000000000000000000, -1.000000000000000000 ) ) ;
#1359 = DIRECTION ( 'NONE',  ( 1.000000000000000000, 0.000000000000000000, 0.000000000000000000 ) ) ;
#1360 = DIRECTION ( 'NONE',  ( 0.000000000000000000, -1.000000000000000000, 0.000000000000000000 ) ) ;
#1361 = CARTESIAN_POINT ( 'NONE',  ( 0.000000000000000000, 0.000000000000000000, 5.999999999999998224 ) ) ;
#1362 = ORIENTED_EDGE ( 'NONE', *, *, #184, .T. ) ;
#1363 = VECTOR ( 'NONE', #305, 1000.000000000000114 ) ;
#1364 = CARTESIAN_POINT ( 'NONE',  ( -37.16888427734399158, -9.695064544678006158, 8.000000000000000000 ) ) ;
#1365 = DIRECTION ( 'NONE',  ( 1.000000000000000000, 0.000000000000000000, 0.000000000000000000 ) ) ;
#1366 = CIRCLE ( 'NONE', #3194, 5.000000000000018652 ) ;
#1367 = ADVANCED_FACE ( 'NONE', ( #20 ), #28, .F. ) ;
#1368 = AXIS2_PLACEMENT_3D ( 'NONE', #3164, #1952, #1678 ) ;
#1369 = ORIENTED_EDGE ( 'NONE', *, *, #709, .T. ) ;
#1370 = ORIENTED_EDGE ( 'NONE', *, *, #2385, .T. ) ;
#1371 = ADVANCED_FACE ( 'NONE', ( #740 ), #814, .F. ) ;
#1372 = EDGE_CURVE ( 'NONE', #2735, #1886, #499, .T. ) ;
#1373 = ORIENTED_EDGE ( 'NONE', *, *, #2224, .T. ) ;
#1374 = ORIENTED_EDGE ( 'NONE', *, *, #2109, .T. ) ;
#1375 = CARTESIAN_POINT ( 'NONE',  ( -7.629394990771309892E-06, -12.69506454467800260, 5.999999999999998224 ) ) ;
#1376 = ORIENTED_EDGE ( 'NONE', *, *, #123, .T. ) ;
#1377 = EDGE_LOOP ( 'NONE', ( #1918, #317, #960, #700, #2268 ) ) ;
#1378 = LINE ( 'NONE', #2867, #843 ) ;
#1379 = DIRECTION ( 'NONE',  ( 1.000000000000000000, 0.000000000000000000, 0.000000000000000000 ) ) ;
#1380 = DIRECTION ( 'NONE',  ( 0.000000000000000000, 0.000000000000000000, 1.000000000000000000 ) ) ;
#1381 = CIRCLE ( 'NONE', #19, 3.000000000000000888 ) ;
#1382 = CARTESIAN_POINT ( 'NONE',  ( 54.29851531982400559, -12.69400024414100336, 6.000000000000014211 ) ) ;
#1383 = LINE ( 'NONE', #2887, #264 ) ;
#1384 = VECTOR ( 'NONE', #1587, 1000.000000000000000 ) ;
#1385 = CARTESIAN_POINT ( 'NONE',  ( -7.629394991322401386E-06, -15.69506454467800260, 5.999999999999998224 ) ) ;
#1386 = ORIENTED_EDGE ( 'NONE', *, *, #2966, .T. ) ;
#1387 = EDGE_CURVE ( 'NONE', #1865, #895, #1233, .T. ) ;
#1388 = CYLINDRICAL_SURFACE ( 'NONE', #2812, 2.049999999999996270 ) ;
#1389 = CONICAL_SURFACE ( 'NONE', #1492, 3.000000000000002665, 0.7853981633974456145 ) ;
#1390 = VECTOR ( 'NONE', #1521, 1000.000000000000000 ) ;
#1391 = EDGE_CURVE ( 'NONE', #335, #1791, #257, .T. ) ;
#1392 = ORIENTED_EDGE ( 'NONE', *, *, #2858, .F. ) ;
#1393 = CARTESIAN_POINT ( 'NONE',  ( -172.6684849243160045, 9.658000366211005883, 8.000000000000000000 ) ) ;
#1394 = CYLINDRICAL_SURFACE ( 'NONE', #3222, 2.049999999999996270 ) ;
#1395 = DIRECTION ( 'NONE',  ( -1.000000000000000000, 0.000000000000000000, 0.000000000000000000 ) ) ;
#1396 = AXIS2_PLACEMENT_3D ( 'NONE', #2523, #2025, #1568 ) ;
#1397 = CARTESIAN_POINT ( 'NONE',  ( -25.40000915527398817, 5.313386122555510127, 8.000000000000000000 ) ) ;
#1398 = CARTESIAN_POINT ( 'NONE',  ( -62.58348464965800417, -3.000000000000000444, 8.000000000000000000 ) ) ;
#1399 = DIRECTION ( 'NONE',  ( 1.000000000000000000, 0.000000000000000000, 0.000000000000000000 ) ) ;
#1400 = FACE_OUTER_BOUND ( 'NONE', #661, .T. ) ;
#1401 = ORIENTED_EDGE ( 'NONE', *, *, #2364, .F. ) ;
#1402 = CARTESIAN_POINT ( 'NONE',  ( -50.80000686645399810, 1.823661992376926331E-16, 8.000000000000000000 ) ) ;
#1403 = EDGE_CURVE ( 'NONE', #355, #2262, #529, .T. ) ;
#1404 = ORIENTED_EDGE ( 'NONE', *, *, #1689, .F. ) ;
#1405 = DIRECTION ( 'NONE',  ( -0.000000000000000000, -0.000000000000000000, -1.000000000000000000 ) ) ;
#1406 = DIRECTION ( 'NONE',  ( -0.000000000000000000, -0.000000000000000000, -1.000000000000000000 ) ) ;
#1407 = DIRECTION ( 'NONE',  ( -0.000000000000000000, -0.000000000000000000, -1.000000000000000000 ) ) ;
#1408 = ADVANCED_FACE ( 'NONE', ( #210 ), #447, .F. ) ;
#1409 = CARTESIAN_POINT ( 'NONE',  ( -62.58348464965800417, -1.984387807914870121E-15, 8.000000000000000000 ) ) ;
#1410 = DIRECTION ( 'NONE',  ( 0.000000000000000000, 0.000000000000000000, 1.000000000000000000 ) ) ;
#1411 = AXIS2_PLACEMENT_3D ( 'NONE', #429, #872, #2932 ) ;
#1412 = ORIENTED_EDGE ( 'NONE', *, *, #686, .T. ) ;
#1413 = CARTESIAN_POINT ( 'NONE',  ( -14.78348541259700966, 0.000000000000000000, 0.000000000000000000 ) ) ;
#1414 = DIRECTION ( 'NONE',  ( -1.000000000000000000, -1.840207436943464248E-16, 0.000000000000000000 ) ) ;
#1415 = ORIENTED_EDGE ( 'NONE', *, *, #201, .F. ) ;
#1416 = ORIENTED_EDGE ( 'NONE', *, *, #2774, .F. ) ;
#1417 = PRODUCT_DEFINITION_CONTEXT ( 'detailed design', #1577, 'design' ) ;
#1418 = LINE ( 'NONE', #2168, #237 ) ;
#1419 = AXIS2_PLACEMENT_3D ( 'NONE', #533, #2529, #276 ) ;
#1420 = ORIENTED_EDGE ( 'NONE', *, *, #2224, .F. ) ;
#1421 = DIRECTION ( 'NONE',  ( -0.000000000000000000, -0.000000000000000000, -1.000000000000000000 ) ) ;
#1422 = CYLINDRICAL_SURFACE ( 'NONE', #284, 3.000000000000002665 ) ;
#1423 = CARTESIAN_POINT ( 'NONE',  ( 60.29851531982401269, -12.69400024414100336, 0.000000000000000000 ) ) ;
#1424 = LINE ( 'NONE', #364, #2 ) ;
#1425 = EDGE_CURVE ( 'NONE', #151, #1313, #2241, .T. ) ;
#1426 = LINE ( 'NONE', #130, #1758 ) ;
#1427 = EDGE_CURVE ( 'NONE', #2349, #2453, #1526, .T. ) ;
#1428 = AXIS2_PLACEMENT_3D ( 'NONE', #2875, #133, #2728 ) ;
#1429 = ORIENTED_EDGE ( 'NONE', *, *, #2591, .F. ) ;
#1430 = EDGE_CURVE ( 'NONE', #58, #1107, #553, .T. ) ;
#1431 = DIRECTION ( 'NONE',  ( -0.000000000000000000, -0.000000000000000000, -1.000000000000000000 ) ) ;
#1432 = DIRECTION ( 'NONE',  ( 1.000000000000000000, 1.840207436943774369E-16, 0.000000000000000000 ) ) ;
#1433 = ORIENTED_EDGE ( 'NONE', *, *, #532, .F. ) ;
#1434 = VERTEX_POINT ( 'NONE', #951 ) ;
#1435 = DIRECTION ( 'NONE',  ( 1.000000000000000000, 1.840207436943774369E-16, 0.000000000000000000 ) ) ;
#1436 = EDGE_LOOP ( 'NONE', ( #1235, #2395, #1412, #3033 ) ) ;
#1437 = ORIENTED_EDGE ( 'NONE', *, *, #3135, .T. ) ;
#1438 = LINE ( 'NONE', #945, #2304 ) ;
#1439 = CIRCLE ( 'NONE', #3007, 5.000000000009702461 ) ;
#1440 = CYLINDRICAL_SURFACE ( 'NONE', #2433, 2.999999999999999112 ) ;
#1441 = CARTESIAN_POINT ( 'NONE',  ( 13.61651611327399714, 2.999999999999999556, 5.999999999999998224 ) ) ;
#1442 = CIRCLE ( 'NONE', #2067, 2.049999999999996270 ) ;
#1443 = DIRECTION ( 'NONE',  ( 1.000000000000000000, 0.000000000000000000, 0.000000000000000000 ) ) ;
#1444 = LINE ( 'NONE', #380, #2273 ) ;
#1445 = VECTOR ( 'NONE', #1700, 1000.000000000000000 ) ;
#1446 = ORIENTED_EDGE ( 'NONE', *, *, #866, .F. ) ;
#1447 = ADVANCED_FACE ( 'NONE', ( #1000 ), #2477, .F. ) ;
#1448 = CARTESIAN_POINT ( 'NONE',  ( -37.16888427734399158, -15.69506454467799905, 8.000000000000000000 ) ) ;
#1449 = DIRECTION ( 'NONE',  ( -0.000000000000000000, -0.000000000000000000, -1.000000000000000000 ) ) ;
#1450 = VERTEX_POINT ( 'NONE', #2258 ) ;
#1451 = ADVANCED_FACE ( 'NONE', ( #757 ), #2379, .F. ) ;
#1452 = CARTESIAN_POINT ( 'NONE',  ( 78.33151507568400973, -4.541999633788991630, 8.000000000000000000 ) ) ;
#1453 = EDGE_LOOP ( 'NONE', ( #2744, #2720, #782, #2071 ) ) ;
#1454 = ORIENTED_EDGE ( 'NONE', *, *, #2228, .F. ) ;
#1455 = DIRECTION ( 'NONE',  ( 0.000000000000000000, 0.000000000000000000, 1.000000000000000000 ) ) ;
#1456 = CARTESIAN_POINT ( 'NONE',  ( 2.999992370605008229, -12.69506454467800260, 5.999999999999998224 ) ) ;
#1457 = CARTESIAN_POINT ( 'NONE',  ( -62.58348464965800417, 2.999999999999996003, 5.999999999999998224 ) ) ;
#1458 = CARTESIAN_POINT ( 'NONE',  ( -172.6684849243160045, 9.658000366211005883, 0.000000000000000000 ) ) ;
#1459 = CARTESIAN_POINT ( 'NONE',  ( 57.29851531982400559, -12.69400024414100336, 6.000000000000014211 ) ) ;
#1460 = EDGE_LOOP ( 'NONE', ( #778, #2429, #1702, #611 ) ) ;
#1461 = PLANE ( 'NONE',  #2361 ) ;
#1462 = EDGE_CURVE ( 'NONE', #2906, #13, #654, .T. ) ;
#1463 = DIRECTION ( 'NONE',  ( 1.000000000000000000, 0.000000000000000000, 0.000000000000000000 ) ) ;
#1464 = CIRCLE ( 'NONE', #3192, 2.999999999999999112 ) ;
#1465 = EDGE_CURVE ( 'NONE', #879, #975, #2211, .T. ) ;
#1466 = DIRECTION ( 'NONE',  ( 1.000000000000000000, 0.000000000000000000, 0.000000000000000000 ) ) ;
#1467 = EDGE_CURVE ( 'NONE', #2847, #236, #2700, .T. ) ;
#1468 = ORIENTED_EDGE ( 'NONE', *, *, #766, .T. ) ;
#1469 = ORIENTED_EDGE ( 'NONE', *, *, #1030, .T. ) ;
#1470 = VERTEX_POINT ( 'NONE', #593 ) ;
#1471 = CARTESIAN_POINT ( 'NONE',  ( -25.38540649414000683, -17.69506454467800083, 8.000000000000000000 ) ) ;
#1472 = VECTOR ( 'NONE', #938, 1000.000000000000000 ) ;
#1473 = FACE_OUTER_BOUND ( 'NONE', #3004, .T. ) ;
#1474 = DIRECTION ( 'NONE',  ( 0.000000000000000000, -0.000000000000000000, 1.000000000000000000 ) ) ;
#1475 = CARTESIAN_POINT ( 'NONE',  ( 25.39999389648399486, -12.69506454467800260, 5.999999999999998224 ) ) ;
#1476 = CARTESIAN_POINT ( 'NONE',  ( -25.38540649414000683, -15.69506454467799905, 8.000000000000000000 ) ) ;
#1477 = EDGE_LOOP ( 'NONE', ( #2217, #1825, #925, #198, #942 ) ) ;
#1478 = FACE_BOUND ( 'NONE', #1519, .T. ) ;
#1479 = CYLINDRICAL_SURFACE ( 'NONE', #166, 2.999999999999995559 ) ;
#1480 = ORIENTED_EDGE ( 'NONE', *, *, #885, .T. ) ;
#1481 = MECHANICAL_DESIGN_GEOMETRIC_PRESENTATION_REPRESENTATION (  '', ( #596 ), #805 ) ;
#1482 = VECTOR ( 'NONE', #1407, 1000.000000000000000 ) ;
#1483 = DIRECTION ( 'NONE',  ( 0.000000000000000000, 0.7071067811865474617, -0.7071067811865474617 ) ) ;
#1484 = AXIS2_PLACEMENT_3D ( 'NONE', #915, #410, #2401 ) ;
#1485 = ORIENTED_EDGE ( 'NONE', *, *, #2146, .T. ) ;
#1486 = ADVANCED_FACE ( 'NONE', ( #576 ), #2574, .F. ) ;
#1487 = EDGE_LOOP ( 'NONE', ( #1902, #2683, #1370, #617, #1940 ) ) ;
#1488 = DIRECTION ( 'NONE',  ( 1.000000000000000000, 0.000000000000000000, 0.000000000000000000 ) ) ;
#1489 = CARTESIAN_POINT ( 'NONE',  ( 82.33151507568400973, 9.658000366211005883, 8.000000000000000000 ) ) ;
#1490 = FACE_OUTER_BOUND ( 'NONE', #1664, .T. ) ;
#1491 = ADVANCED_FACE ( 'NONE', ( #1574 ), #1389, .F. ) ;
#1492 = AXIS2_PLACEMENT_3D ( 'NONE', #2856, #2061, #3099 ) ;
#1493 = CARTESIAN_POINT ( 'NONE',  ( -72.14448492431600357, 6.658000366211003218, 0.000000000000000000 ) ) ;
#1494 = DIRECTION ( 'NONE',  ( 1.000000000000000000, 0.000000000000000000, 0.000000000000000000 ) ) ;
#1495 = AXIS2_PLACEMENT_3D ( 'NONE', #2835, #2077, #2271 ) ;
#1496 = EDGE_LOOP ( 'NONE', ( #1250, #602, #467, #432 ) ) ;
#1497 = VECTOR ( 'NONE', #2939, 1000.000000000000114 ) ;
#1498 = FACE_BOUND ( 'NONE', #2203, .T. ) ;
#1499 = VECTOR ( 'NONE', #2297, 1000.000000000000000 ) ;
#1500 = VERTEX_POINT ( 'NONE', #63 ) ;
#1501 = VECTOR ( 'NONE', #1580, 1000.000000000000000 ) ;
#1502 = AXIS2_PLACEMENT_3D ( 'NONE', #905, #1663, #2890 ) ;
#1503 = CARTESIAN_POINT ( 'NONE',  ( 25.39999389648399486, 3.000384657910999593E-16, 8.000000000000000000 ) ) ;
#1504 = ORIENTED_EDGE ( 'NONE', *, *, #2048, .T. ) ;
#1505 = ORIENTED_EDGE ( 'NONE', *, *, #2571, .T. ) ;
#1506 = DIRECTION ( 'NONE',  ( -1.000000000000000000, 0.000000000000000000, 0.000000000000000000 ) ) ;
#1507 = LINE ( 'NONE', #1489, #2754 ) ;
#1508 = PLANE ( 'NONE',  #2800 ) ;
#1509 = CARTESIAN_POINT ( 'NONE',  ( 25.39999389648399486, 5.000000000000000888, 8.000000000000000000 ) ) ;
#1510 = CARTESIAN_POINT ( 'NONE',  ( 25.39999389648399486, -12.69506454467800260, 5.999999999999998224 ) ) ;
#1511 = EDGE_CURVE ( 'NONE', #1699, #2729, #3047, .T. ) ;
#1512 = ADVANCED_FACE ( 'NONE', ( #1344 ), #325, .F. ) ;
#1513 = ORIENTED_EDGE ( 'NONE', *, *, #650, .F. ) ;
#1514 = FACE_OUTER_BOUND ( 'NONE', #877, .T. ) ;
#1515 = CARTESIAN_POINT ( 'NONE',  ( -7.629394990771309892E-06, -12.69506454467800260, 8.000000000000000000 ) ) ;
#1516 = ORIENTED_EDGE ( 'NONE', *, *, #3186, .F. ) ;
#1517 = ORIENTED_EDGE ( 'NONE', *, *, #1328, .T. ) ;
#1518 = AXIS2_PLACEMENT_3D ( 'NONE', #704, #2740, #243 ) ;
#1519 = EDGE_LOOP ( 'NONE', ( #134, #3056, #1241, #336, #2713 ) ) ;
#1520 = CARTESIAN_POINT ( 'NONE',  ( 64.33151507568400973, -12.61499963378900269, 5.000000000000000000 ) ) ;
#1521 = DIRECTION ( 'NONE',  ( -0.000000000000000000, -0.000000000000000000, -1.000000000000000000 ) ) ;
#1522 = VECTOR ( 'NONE', #621, 1000.000000000000000 ) ;
#1523 = CARTESIAN_POINT ( 'NONE',  ( -74.19448492431600073, 6.658000366211003218, 5.000000000000000000 ) ) ;
#1524 = CIRCLE ( 'NONE', #894, 3.313386122555505242 ) ;
#1525 = CYLINDRICAL_SURFACE ( 'NONE', #996, 2.999999999999999112 ) ;
#1526 = LINE ( 'NONE', #228, #2166 ) ;
#1527 = ORIENTED_EDGE ( 'NONE', *, *, #2244, .T. ) ;
#1528 = ORIENTED_EDGE ( 'NONE', *, *, #1549, .F. ) ;
#1529 = EDGE_CURVE ( 'NONE', #976, #2620, #2558, .T. ) ;
#1530 = CARTESIAN_POINT ( 'NONE',  ( 25.39999389648399486, -5.000000000000000888, 8.000000000000000000 ) ) ;
#1531 = EDGE_CURVE ( 'NONE', #1182, #2287, #2749, .T. ) ;
#1532 = CARTESIAN_POINT ( 'NONE',  ( 13.61651611327399714, 0.000000000000000000, 8.000000000000000000 ) ) ;
#1533 = ORIENTED_EDGE ( 'NONE', *, *, #1162, .F. ) ;
#1534 = VERTEX_POINT ( 'NONE', #2542 ) ;
#1535 = CARTESIAN_POINT ( 'NONE',  ( -74.19448492431600073, -12.61499963378900269, 5.000000000000000000 ) ) ;
#1536 = CARTESIAN_POINT ( 'NONE',  ( 0.000000000000000000, 0.000000000000000000, 5.999999999999998224 ) ) ;
#1537 = CIRCLE ( 'NONE', #1276, 2.999999999999995559 ) ;
#1538 = DIRECTION ( 'NONE',  ( -0.000000000000000000, -0.000000000000000000, -1.000000000000000000 ) ) ;
#1539 = DIRECTION ( 'NONE',  ( -1.000000000000000000, -1.472165949554773075E-16, 0.000000000000000000 ) ) ;
#1540 = DIRECTION ( 'NONE',  ( -0.000000000000000000, -0.000000000000000000, -1.000000000000000000 ) ) ;
#1541 = DIRECTION ( 'NONE',  ( -9.773090005503141810E-16, -1.000000000000000000, 0.000000000000000000 ) ) ;
#1542 = ORIENTED_EDGE ( 'NONE', *, *, #2288, .T. ) ;
#1543 = ORIENTED_EDGE ( 'NONE', *, *, #1877, .F. ) ;
#1544 = PLANE ( 'NONE',  #2745 ) ;
#1545 = EDGE_CURVE ( 'NONE', #335, #1950, #98, .T. ) ;
#1546 = CIRCLE ( 'NONE', #762, 2.999999999999995559 ) ;
#1547 = FACE_OUTER_BOUND ( 'NONE', #3179, .T. ) ;
#1548 = VECTOR ( 'NONE', #167, 1000.000000000000000 ) ;
#1549 = EDGE_CURVE ( 'NONE', #2839, #2802, #1439, .T. ) ;
#1550 = ORIENTED_EDGE ( 'NONE', *, *, #2310, .T. ) ;
#1551 = ORIENTED_EDGE ( 'NONE', *, *, #866, .T. ) ;
#1552 = DIRECTION ( 'NONE',  ( -1.000000000000000000, 0.000000000000000000, -0.000000000000000000 ) ) ;
#1553 = PLANE ( 'NONE',  #397 ) ;
#1554 = DIRECTION ( 'NONE',  ( 0.000000000000000000, 0.000000000000000000, 1.000000000000000000 ) ) ;
#1555 = DIRECTION ( 'NONE',  ( -1.000000000000000000, 0.000000000000000000, 0.000000000000000000 ) ) ;
#1556 = DIRECTION ( 'NONE',  ( 0.000000000000000000, 0.000000000000000000, 1.000000000000000000 ) ) ;
#1557 = LINE ( 'NONE', #1851, #858 ) ;
#1558 = ORIENTED_EDGE ( 'NONE', *, *, #3174, .F. ) ;
#1559 = ORIENTED_EDGE ( 'NONE', *, *, #628, .F. ) ;
#1560 = CARTESIAN_POINT ( 'NONE',  ( -7.629394990771309892E-06, -9.695064544678004381, 5.999999999999998224 ) ) ;
#1561 = DIRECTION ( 'NONE',  ( 1.000000000000000000, 0.000000000000000000, 0.000000000000000000 ) ) ;
#1562 = ORIENTED_EDGE ( 'NONE', *, *, #1753, .F. ) ;
#1563 = EDGE_LOOP ( 'NONE', ( #182, #358, #1782, #1974, #2880 ) ) ;
#1564 = EDGE_CURVE ( 'NONE', #862, #246, #3030, .T. ) ;
#1565 = ORIENTED_EDGE ( 'NONE', *, *, #2751, .T. ) ;
#1566 = EDGE_CURVE ( 'NONE', #2865, #2903, #176, .T. ) ;
#1567 = DIRECTION ( 'NONE',  ( 0.000000000000000000, 0.000000000000000000, 1.000000000000000000 ) ) ;
#1568 = DIRECTION ( 'NONE',  ( -1.000000000000000000, 0.000000000000000000, 0.000000000000000000 ) ) ;
#1569 = CARTESIAN_POINT ( 'NONE',  ( -62.58473982447705453, -9.700001025516314712, 5.999999999999970690 ) ) ;
#1570 = AXIS2_PLACEMENT_3D ( 'NONE', #1727, #18, #1443 ) ;
#1571 = EDGE_CURVE ( 'NONE', #2287, #2503, #2588, .T. ) ;
#1572 = LINE ( 'NONE', #1047, #2517 ) ;
#1573 = CIRCLE ( 'NONE', #1880, 3.000000000000002665 ) ;
#1574 = FACE_OUTER_BOUND ( 'NONE', #846, .T. ) ;
#1575 = DIRECTION ( 'NONE',  ( -0.000000000000000000, -0.000000000000000000, -1.000000000000000000 ) ) ;
#1576 = CIRCLE ( 'NONE', #581, 2.049999999999996270 ) ;
#1577 = APPLICATION_CONTEXT ( 'automotive_design' ) ;
#1578 = DIRECTION ( 'NONE',  ( 1.000000000000000000, 0.000000000000000000, 0.000000000000000000 ) ) ;
#1579 = CIRCLE ( 'NONE', #1419, 2.000000000000001776 ) ;
#1580 = DIRECTION ( 'NONE',  ( 1.000000000000000000, 1.840207436943773876E-16, 0.000000000000000000 ) ) ;
#1581 = ORIENTED_EDGE ( 'NONE', *, *, #1615, .T. ) ;
#1582 = ORIENTED_EDGE ( 'NONE', *, *, #2992, .F. ) ;
#1583 = ORIENTED_EDGE ( 'NONE', *, *, #2858, .T. ) ;
#1584 = DIRECTION ( 'NONE',  ( 1.000000000000000000, 0.000000000000000000, 0.000000000000000000 ) ) ;
#1585 = ORIENTED_EDGE ( 'NONE', *, *, #832, .F. ) ;
#1586 = DIRECTION ( 'NONE',  ( 0.000000000000000000, 0.000000000000000000, 1.000000000000000000 ) ) ;
#1587 = DIRECTION ( 'NONE',  ( 1.000000000000000000, 0.000000000000000000, 0.000000000000000000 ) ) ;
#1588 = VECTOR ( 'NONE', #870, 1000.000000000000000 ) ;
#1589 = ADVANCED_FACE ( 'NONE', ( #823 ), #2079, .F. ) ;
#1590 = CARTESIAN_POINT ( 'NONE',  ( 13.61651611327399714, 0.000000000000000000, 0.000000000000000000 ) ) ;
#1591 = CARTESIAN_POINT ( 'NONE',  ( 0.000000000000000000, 0.000000000000000000, 8.000000000000000000 ) ) ;
#1592 = CARTESIAN_POINT ( 'NONE',  ( -50.80000686645399810, 1.823661992376926331E-16, 8.000000000000000000 ) ) ;
#1593 = EDGE_CURVE ( 'NONE', #1791, #944, #2650, .T. ) ;
#1594 = ORIENTED_EDGE ( 'NONE', *, *, #2451, .F. ) ;
#1595 = CARTESIAN_POINT ( 'NONE',  ( -50.78665938014104597, -9.695064807255317163, 0.000000000000000000 ) ) ;
#1596 = VECTOR ( 'NONE', #289, 1000.000000000000000 ) ;
#1597 = LINE ( 'NONE', #2598, #2741 ) ;
#1598 = VERTEX_POINT ( 'NONE', #3083 ) ;
#1599 = EDGE_LOOP ( 'NONE', ( #1059, #1166, #77, #2036, #2665 ) ) ;
#1600 = VECTOR ( 'NONE', #770, 1000.000000000000114 ) ;
#1601 = EDGE_LOOP ( 'NONE', ( #1337, #768, #911, #1242 ) ) ;
#1602 = EDGE_LOOP ( 'NONE', ( #2550, #2101, #1373, #1142 ) ) ;
#1603 = EDGE_LOOP ( 'NONE', ( #632, #2444, #29, #1533 ) ) ;
#1604 = CIRCLE ( 'NONE', #2331, 2.999999999999995559 ) ;
#1605 = CYLINDRICAL_SURFACE ( 'NONE', #2961, 3.000000000000002665 ) ;
#1606 = DIRECTION ( 'NONE',  ( 1.000000000000000000, 1.040834085586084059E-15, 0.000000000000000000 ) ) ;
#1607 = AXIS2_PLACEMENT_3D ( 'NONE', #2234, #1205, #680 ) ;
#1608 = DIRECTION ( 'NONE',  ( -0.000000000000000000, -0.000000000000000000, -1.000000000000000000 ) ) ;
#1609 = ADVANCED_FACE ( 'NONE', ( #1293 ), #839, .T. ) ;
#1610 = CARTESIAN_POINT ( 'NONE',  ( -11.78348541259700788, -9.695064544678004381, 8.000000000000000000 ) ) ;
#1611 = FACE_OUTER_BOUND ( 'NONE', #2662, .T. ) ;
#1612 = EDGE_LOOP ( 'NONE', ( #2487, #658, #2679, #2252, #49 ) ) ;
#1613 = EDGE_CURVE ( 'NONE', #816, #2645, #2293, .T. ) ;
#1614 = DIRECTION ( 'NONE',  ( 0.000000000000000000, 1.000000000000000000, 0.000000000000000000 ) ) ;
#1615 = EDGE_CURVE ( 'NONE', #2848, #1017, #557, .T. ) ;
#1616 = SURFACE_STYLE_FILL_AREA ( #400 ) ;
#1617 = ORIENTED_EDGE ( 'NONE', *, *, #2047, .T. ) ;
#1618 = ORIENTED_EDGE ( 'NONE', *, *, #1753, .T. ) ;
#1619 = FACE_OUTER_BOUND ( 'NONE', #1612, .T. ) ;
#1620 = ORIENTED_EDGE ( 'NONE', *, *, #2468, .F. ) ;
#1621 = CARTESIAN_POINT ( 'NONE',  ( -50.78540420532200272, -12.69506454467800260, 8.000000000000000000 ) ) ;
#1622 = DIRECTION ( 'NONE',  ( -0.000000000000000000, -0.000000000000000000, -1.000000000000000000 ) ) ;
#1623 = DIRECTION ( 'NONE',  ( -0.000000000000000000, -0.000000000000000000, -1.000000000000000000 ) ) ;
#1624 = CONICAL_SURFACE ( 'NONE', #629, 2.999999999999999112, 0.7853981633974482790 ) ;
#1625 = FACE_OUTER_BOUND ( 'NONE', #220, .T. ) ;
#1626 = DIRECTION ( 'NONE',  ( -0.000000000000000000, -0.000000000000000000, -1.000000000000000000 ) ) ;
#1627 = VECTOR ( 'NONE', #2292, 1000.000000000000000 ) ;
#1628 = EDGE_CURVE ( 'NONE', #2906, #1450, #2308, .T. ) ;
#1629 = AXIS2_PLACEMENT_3D ( 'NONE', #2230, #759, #2245 ) ;
#1630 = LINE ( 'NONE', #1899, #381 ) ;
#1631 = ORIENTED_EDGE ( 'NONE', *, *, #2451, .T. ) ;
#1632 = ADVANCED_FACE ( 'NONE', ( #1928 ), #1422, .F. ) ;
#1633 = ORIENTED_EDGE ( 'NONE', *, *, #2777, .T. ) ;
#1634 = DIRECTION ( 'NONE',  ( 1.000000000000000000, 0.000000000000000000, 0.000000000000000000 ) ) ;
#1635 = ORIENTED_EDGE ( 'NONE', *, *, #3231, .F. ) ;
#1636 = DIRECTION ( 'NONE',  ( 0.000000000000000000, 0.000000000000000000, 1.000000000000000000 ) ) ;
#1637 = DIRECTION ( 'NONE',  ( -0.9999999124742280365, -0.0004183916063498328104, -0.000000000000000000 ) ) ;
#1638 = CARTESIAN_POINT ( 'NONE',  ( -37.18348693847600828, 1.823661992376926331E-16, 8.000000000000000000 ) ) ;
#1639 = VECTOR ( 'NONE', #563, 1000.000000000000114 ) ;
#1640 = PLANE ( 'NONE',  #2619 ) ;
#1641 = DIRECTION ( 'NONE',  ( -0.000000000000000000, -0.000000000000000000, -1.000000000000000000 ) ) ;
#1642 = CIRCLE ( 'NONE', #2581, 3.000000000000000888 ) ;
#1643 = DIRECTION ( 'NONE',  ( -1.000000000000000000, 0.000000000000000000, 0.000000000000000000 ) ) ;
#1644 = EDGE_CURVE ( 'NONE', #1139, #3175, #451, .T. ) ;
#1645 = LINE ( 'NONE', #664, #1891 ) ;
#1646 = ORIENTED_EDGE ( 'NONE', *, *, #2004, .F. ) ;
#1647 = AXIS2_PLACEMENT_3D ( 'NONE', #3232, #2725, #982 ) ;
#1648 = EDGE_CURVE ( 'NONE', #536, #1717, #1144, .T. ) ;
#1649 = CARTESIAN_POINT ( 'NONE',  ( -76.24448492431599789, -12.61499963378900269, 5.000000000000000000 ) ) ;
#1650 = VECTOR ( 'NONE', #1775, 1000.000000000000000 ) ;
#1651 = ORIENTED_EDGE ( 'NONE', *, *, #2448, .T. ) ;
#1652 = VECTOR ( 'NONE', #494, 1000.000000000000000 ) ;
#1653 = ORIENTED_EDGE ( 'NONE', *, *, #2868, .T. ) ;
#1654 = FACE_BOUND ( 'NONE', #109, .T. ) ;
#1655 = CARTESIAN_POINT ( 'NONE',  ( -37.16888427734399158, -15.69506454467799905, 0.000000000000000000 ) ) ;
#1656 = DIRECTION ( 'NONE',  ( 0.000000000000000000, 0.000000000000000000, 1.000000000000000000 ) ) ;
#1657 = AXIS2_PLACEMENT_3D ( 'NONE', #1032, #1082, #302 ) ;
#1658 = ORIENTED_EDGE ( 'NONE', *, *, #850, .F. ) ;
#1659 = CYLINDRICAL_SURFACE ( 'NONE', #841, 2.000000000000001776 ) ;
#1660 = DIRECTION ( 'NONE',  ( -0.000000000000000000, -0.000000000000000000, -1.000000000000000000 ) ) ;
#1661 = ORIENTED_EDGE ( 'NONE', *, *, #86, .T. ) ;
#1662 = DIRECTION ( 'NONE',  ( -0.000000000000000000, -0.000000000000000000, -1.000000000000000000 ) ) ;
#1663 = DIRECTION ( 'NONE',  ( 0.000000000000000000, 0.000000000000000000, 1.000000000000000000 ) ) ;
#1664 = EDGE_LOOP ( 'NONE', ( #3126, #2426, #1709, #2260 ) ) ;
#1665 = ORIENTED_EDGE ( 'NONE', *, *, #1269, .T. ) ;
#1666 = DIRECTION ( 'NONE',  ( -0.000000000000000000, -0.000000000000000000, -1.000000000000000000 ) ) ;
#1667 = EDGE_CURVE ( 'NONE', #618, #2104, #2898, .T. ) ;
#1668 = EDGE_CURVE ( 'NONE', #2503, #2074, #1132, .T. ) ;
#1669 = ORIENTED_EDGE ( 'NONE', *, *, #2651, .F. ) ;
#1670 = CARTESIAN_POINT ( 'NONE',  ( -168.6684849243160329, -4.541999633788991630, 0.000000000000000000 ) ) ;
#1671 = DIRECTION ( 'NONE',  ( 1.000000000000000000, 0.000000000000000000, 0.000000000000000000 ) ) ;
#1672 = DIRECTION ( 'NONE',  ( 1.000000000000000000, 0.000000000000000000, 0.000000000000000000 ) ) ;
#1673 = EDGE_CURVE ( 'NONE', #3018, #2037, #2418, .T. ) ;
#1674 = DIRECTION ( 'NONE',  ( 0.000000000000000000, 0.000000000000000000, 1.000000000000000000 ) ) ;
#1675 = DIRECTION ( 'NONE',  ( 1.000000000000000000, 0.000000000000000000, 0.000000000000000000 ) ) ;
#1676 = CIRCLE ( 'NONE', #1734, 2.999999999999995559 ) ;
#1677 = ORIENTED_EDGE ( 'NONE', *, *, #887, .T. ) ;
#1678 = DIRECTION ( 'NONE',  ( 1.000000000000000000, 0.000000000000000000, 0.000000000000000000 ) ) ;
#1679 = AXIS2_PLACEMENT_3D ( 'NONE', #1755, #2736, #1506 ) ;
#1680 = PLANE ( 'NONE',  #2578 ) ;
#1681 = VERTEX_POINT ( 'NONE', #2173 ) ;
#1682 = EDGE_LOOP ( 'NONE', ( #861, #3151 ) ) ;
#1683 = AXIS2_PLACEMENT_3D ( 'NONE', #1193, #1455, #1488 ) ;
#1684 = CARTESIAN_POINT ( 'NONE',  ( -65.58348464965800417, -1.984387807914870121E-15, 0.000000000000000000 ) ) ;
#1685 = ORIENTED_EDGE ( 'NONE', *, *, #411, .T. ) ;
#1686 = DIRECTION ( 'NONE',  ( -0.000000000000000000, -0.000000000000000000, -1.000000000000000000 ) ) ;
#1687 = CARTESIAN_POINT ( 'NONE',  ( 13.61651611327399714, 2.999999999999999556, 8.000000000000000000 ) ) ;
#1688 = CARTESIAN_POINT ( 'NONE',  ( -65.58348464965800417, -12.70000076293900015, 5.999999999999970690 ) ) ;
#1689 = EDGE_CURVE ( 'NONE', #2472, #3019, #1912, .T. ) ;
#1690 = ORIENTED_EDGE ( 'NONE', *, *, #1465, .F. ) ;
#1691 = CYLINDRICAL_SURFACE ( 'NONE', #1876, 2.049999999999996270 ) ;
#1692 = DIRECTION ( 'NONE',  ( 0.000000000000000000, 0.7071067811865473507, 0.7071067811865477948 ) ) ;
#1693 = ADVANCED_FACE ( 'NONE', ( #2399 ), #1236, .F. ) ;
#1694 = EDGE_LOOP ( 'NONE', ( #3006, #1346 ) ) ;
#1695 = ORIENTED_EDGE ( 'NONE', *, *, #3148, .F. ) ;
#1696 = FACE_OUTER_BOUND ( 'NONE', #1761, .T. ) ;
#1697 = VECTOR ( 'NONE', #2507, 1000.000000000000114 ) ;
#1698 = PLANE ( 'NONE',  #2893 ) ;
#1699 = VERTEX_POINT ( 'NONE', #3143 ) ;
#1700 = DIRECTION ( 'NONE',  ( 0.000000000000000000, -0.7071067811865474617, 0.7071067811865475727 ) ) ;
#1701 = EDGE_LOOP ( 'NONE', ( #935, #3182, #1224, #600 ) ) ;
#1702 = ORIENTED_EDGE ( 'NONE', *, *, #666, .T. ) ;
#1703 = CYLINDRICAL_SURFACE ( 'NONE', #1312, 3.000000000000002665 ) ;
#1704 = DIRECTION ( 'NONE',  ( 1.000000000000000000, 0.000000000000000000, 0.000000000000000000 ) ) ;
#1705 = ORIENTED_EDGE ( 'NONE', *, *, #352, .F. ) ;
#1706 = LINE ( 'NONE', #1962, #2743 ) ;
#1707 = VECTOR ( 'NONE', #3242, 1000.000000000000000 ) ;
#1708 = EDGE_CURVE ( 'NONE', #2336, #229, #2126, .T. ) ;
#1709 = ORIENTED_EDGE ( 'NONE', *, *, #2369, .F. ) ;
#1710 = DIRECTION ( 'NONE',  ( -1.000000000000000000, 0.000000000000000000, 0.000000000000000000 ) ) ;
#1711 = CARTESIAN_POINT ( 'NONE',  ( -37.18348693847600828, 3.313386122555504798, 0.000000000000000000 ) ) ;
#1712 = VECTOR ( 'NONE', #457, 1000.000000000000000 ) ;
#1713 = ORIENTED_EDGE ( 'NONE', *, *, #184, .F. ) ;
#1714 = CIRCLE ( 'NONE', #1083, 5.000000000000000888 ) ;
#1715 = ADVANCED_FACE ( 'NONE', ( #655 ), #3130, .F. ) ;
#1716 = EDGE_CURVE ( 'NONE', #2163, #1313, #1874, .T. ) ;
#1717 = VERTEX_POINT ( 'NONE', #3157 ) ;
#1718 = DIRECTION ( 'NONE',  ( 1.000000000000000000, 1.840207436943773876E-16, 0.000000000000000000 ) ) ;
#1719 = DIRECTION ( 'NONE',  ( 0.000000000000000000, 0.000000000000000000, 1.000000000000000000 ) ) ;
#1720 = ORIENTED_EDGE ( 'NONE', *, *, #2751, .F. ) ;
#1721 = VERTEX_POINT ( 'NONE', #409 ) ;
#1722 = LINE ( 'NONE', #2976, #660 ) ;
#1723 = ORIENTED_EDGE ( 'NONE', *, *, #1190, .T. ) ;
#1724 = DIRECTION ( 'NONE',  ( -0.000000000000000000, -0.000000000000000000, -1.000000000000000000 ) ) ;
#1725 = CARTESIAN_POINT ( 'NONE',  ( -37.16888427734400580, -12.69506454467800438, 0.000000000000000000 ) ) ;
#1726 = CARTESIAN_POINT ( 'NONE',  ( -65.58348464965800417, -1.984387807914870121E-15, 5.999999999999998224 ) ) ;
#1727 = CARTESIAN_POINT ( 'NONE',  ( -37.16888427734400580, -12.69506454467800438, 8.000000000000000000 ) ) ;
#1728 = CARTESIAN_POINT ( 'NONE',  ( -25.40000915527398817, 2.349120206389891032E-15, 5.999999999999998224 ) ) ;
#1729 = ORIENTED_EDGE ( 'NONE', *, *, #3203, .T. ) ;
#1730 = FACE_BOUND ( 'NONE', #1563, .T. ) ;
#1731 = LINE ( 'NONE', #197, #3152 ) ;
#1732 = AXIS2_PLACEMENT_3D ( 'NONE', #756, #1947, #999 ) ;
#1733 = ADVANCED_FACE ( 'NONE', ( #671 ), #81, .F. ) ;
#1734 = AXIS2_PLACEMENT_3D ( 'NONE', #1197, #721, #1247 ) ;
#1735 = CARTESIAN_POINT ( 'NONE',  ( -62.58348464965800417, 2.999999999999996003, 5.999999999999998224 ) ) ;
#1736 = EDGE_CURVE ( 'NONE', #1072, #1299, #1442, .T. ) ;
#1737 = VERTEX_POINT ( 'NONE', #3177 ) ;
#1738 = VERTEX_POINT ( 'NONE', #931 ) ;
#1739 = DIRECTION ( 'NONE',  ( 1.000000000000000000, 0.000000000000000000, 0.000000000000000000 ) ) ;
#1740 = CIRCLE ( 'NONE', #1683, 3.000000000000000888 ) ;
#1741 = CARTESIAN_POINT ( 'NONE',  ( -37.18348693847600828, 3.313386122555504798, 8.000000000000000000 ) ) ;
#1742 = CARTESIAN_POINT ( 'NONE',  ( 25.39999389648399486, -15.69506454467800260, 0.000000000000000000 ) ) ;
#1743 = DIRECTION ( 'NONE',  ( -0.000000000000000000, -0.000000000000000000, -1.000000000000000000 ) ) ;
#1744 = DIRECTION ( 'NONE',  ( 0.000000000000000000, 0.000000000000000000, 1.000000000000000000 ) ) ;
#1745 = ORIENTED_EDGE ( 'NONE', *, *, #1566, .T. ) ;
#1746 = FACE_OUTER_BOUND ( 'NONE', #2345, .T. ) ;
#1747 = ORIENTED_EDGE ( 'NONE', *, *, #2109, .F. ) ;
#1748 = CIRCLE ( 'NONE', #2945, 2.999999999999999112 ) ;
#1749 = VECTOR ( 'NONE', #2965, 1000.000000000000000 ) ;
#1750 = ADVANCED_FACE ( 'NONE', ( #2927 ), #684, .T. ) ;
#1751 = DIRECTION ( 'NONE',  ( 1.000000000000000000, 0.000000000000000000, 0.000000000000000000 ) ) ;
#1752 = EDGE_LOOP ( 'NONE', ( #2466, #2353, #3010, #2752 ) ) ;
#1753 = EDGE_CURVE ( 'NONE', #1107, #2848, #2883, .T. ) ;
#1754 = ORIENTED_EDGE ( 'NONE', *, *, #2204, .F. ) ;
#1755 = CARTESIAN_POINT ( 'NONE',  ( -74.19448492431600073, -12.61499963378900269, 0.000000000000000000 ) ) ;
#1756 = DIRECTION ( 'NONE',  ( -1.000000000000000000, 0.000000000000000000, 0.000000000000000000 ) ) ;
#1757 = CARTESIAN_POINT ( 'NONE',  ( -50.80000686645399810, -5.000000000000000000, 8.000000000000000000 ) ) ;
#1758 = VECTOR ( 'NONE', #1641, 1000.000000000000000 ) ;
#1759 = DIRECTION ( 'NONE',  ( 0.000000000000000000, 0.000000000000000000, 1.000000000000000000 ) ) ;
#1760 = DIRECTION ( 'NONE',  ( 0.000000000000000000, 0.000000000000000000, 1.000000000000000000 ) ) ;
#1761 = EDGE_LOOP ( 'NONE', ( #1517, #2124, #723, #1855, #554 ) ) ;
#1762 = AXIS2_PLACEMENT_3D ( 'NONE', #1503, #2991, #2923 ) ;
#1763 = DIRECTION ( 'NONE',  ( 0.000000000000000000, 0.000000000000000000, -1.000000000000000000 ) ) ;
#1764 = ORIENTED_EDGE ( 'NONE', *, *, #328, .F. ) ;
#1765 = AXIS2_PLACEMENT_3D ( 'NONE', #90, #2148, #630 ) ;
#1766 = EDGE_LOOP ( 'NONE', ( #2030, #1469, #937, #2320 ) ) ;
#1767 = DIRECTION ( 'NONE',  ( 1.000000000000000000, 0.000000000000000000, 0.000000000000000000 ) ) ;
#1768 = ORIENTED_EDGE ( 'NONE', *, *, #647, .T. ) ;
#1769 = VERTEX_POINT ( 'NONE', #2639 ) ;
#1770 = LINE ( 'NONE', #60, #211 ) ;
#1771 = LINE ( 'NONE', #222, #1707 ) ;
#1772 = CARTESIAN_POINT ( 'NONE',  ( -14.78348541259700966, 0.000000000000000000, 8.000000000000000000 ) ) ;
#1773 = ADVANCED_FACE ( 'NONE', ( #392 ), #1394, .F. ) ;
#1774 = DIRECTION ( 'NONE',  ( 0.000000000000000000, 0.000000000000000000, 1.000000000000000000 ) ) ;
#1775 = DIRECTION ( 'NONE',  ( -1.000000000000000000, -1.840207436943774369E-16, -0.000000000000000000 ) ) ;
#1776 = EDGE_CURVE ( 'NONE', #1057, #2712, #2455, .T. ) ;
#1777 = ORIENTED_EDGE ( 'NONE', *, *, #1776, .T. ) ;
#1778 = FACE_OUTER_BOUND ( 'NONE', #2333, .T. ) ;
#1779 = CARTESIAN_POINT ( 'NONE',  ( -50.80000686645399810, 1.823661992376926331E-16, 5.999999999999998224 ) ) ;
#1780 = ORIENTED_EDGE ( 'NONE', *, *, #1251, .T. ) ;
#1781 = CIRCLE ( 'NONE', #2516, 2.999999999999995559 ) ;
#1782 = ORIENTED_EDGE ( 'NONE', *, *, #1716, .T. ) ;
#1783 = CARTESIAN_POINT ( 'NONE',  ( -25.38540649414000683, -9.695064544678004381, 5.999999999999998224 ) ) ;
#1784 = LINE ( 'NONE', #1096, #1081 ) ;
#1785 = CIRCLE ( 'NONE', #372, 2.999999999999999112 ) ;
#1786 = DIRECTION ( 'NONE',  ( -0.9999999124742280365, -0.0004183916063498328646, 0.000000000000000000 ) ) ;
#1787 = DIRECTION ( 'NONE',  ( 0.000000000000000000, 0.000000000000000000, 1.000000000000000000 ) ) ;
#1788 = EDGE_CURVE ( 'NONE', #2978, #2159, #1771, .T. ) ;
#1789 = CARTESIAN_POINT ( 'NONE',  ( 13.61651611327399714, -2.999999999999999556, 8.000000000000000000 ) ) ;
#1790 = CARTESIAN_POINT ( 'NONE',  ( -62.58222947483896093, -15.70000050036168915, 5.999999999999970690 ) ) ;
#1791 = VERTEX_POINT ( 'NONE', #962 ) ;
#1792 = EDGE_CURVE ( 'NONE', #1209, #1598, #1906, .T. ) ;
#1793 = FACE_OUTER_BOUND ( 'NONE', #3055, .T. ) ;
#1794 = CARTESIAN_POINT ( 'NONE',  ( 25.39999389648399486, -12.69506454467800260, 8.000000000000000000 ) ) ;
#1795 = EDGE_LOOP ( 'NONE', ( #1516, #248, #2213, #1754 ) ) ;
#1796 = VERTEX_POINT ( 'NONE', #1456 ) ;
#1797 = VECTOR ( 'NONE', #875, 1000.000000000000000 ) ;
#1798 = ORIENTED_EDGE ( 'NONE', *, *, #1162, .T. ) ;
#1799 = DIRECTION ( 'NONE',  ( -0.000000000000000000, -0.000000000000000000, -1.000000000000000000 ) ) ;
#1800 = DIRECTION ( 'NONE',  ( 0.000000000000000000, 0.000000000000000000, 1.000000000000000000 ) ) ;
#1801 = CIRCLE ( 'NONE', #385, 2.999999999999995559 ) ;
#1802 = CARTESIAN_POINT ( 'NONE',  ( 28.39999389648399131, -12.69506454467800260, 5.999999999999998224 ) ) ;
#1803 = DIRECTION ( 'NONE',  ( -0.000000000000000000, -0.000000000000000000, -1.000000000000000000 ) ) ;
#1804 = CARTESIAN_POINT ( 'NONE',  ( -11.78348541259700788, 3.000000000000000444, 8.000000000000000000 ) ) ;
#1805 = VERTEX_POINT ( 'NONE', #1977 ) ;
#1806 = CARTESIAN_POINT ( 'NONE',  ( -62.58557660768976660, -7.700001200567841764, 8.000000000000000000 ) ) ;
#1807 = AXIS2_PLACEMENT_3D ( 'NONE', #627, #1660, #874 ) ;
#1808 = EDGE_CURVE ( 'NONE', #2219, #1434, #2544, .T. ) ;
#1809 = EDGE_CURVE ( 'NONE', #675, #1842, #1507, .T. ) ;
#1810 = CARTESIAN_POINT ( 'NONE',  ( -172.6684849243160045, 9.658000366211005883, 8.000000000000000000 ) ) ;
#1811 = ORIENTED_EDGE ( 'NONE', *, *, #2288, .F. ) ;
#1812 = VECTOR ( 'NONE', #3138, 1000.000000000000000 ) ;
#1813 = EDGE_CURVE ( 'NONE', #569, #151, #3207, .T. ) ;
#1814 = ORIENTED_EDGE ( 'NONE', *, *, #1923, .F. ) ;
#1815 = VERTEX_POINT ( 'NONE', #2207 ) ;
#1816 = DIRECTION ( 'NONE',  ( -0.000000000000000000, -0.000000000000000000, -1.000000000000000000 ) ) ;
#1817 = DIRECTION ( 'NONE',  ( 0.0002958475420416646607, -0.7071067192964783921, -0.7071067811865497932 ) ) ;
#1818 = CYLINDRICAL_SURFACE ( 'NONE', #2400, 2.049999999999996270 ) ;
#1819 = DIRECTION ( 'NONE',  ( 1.000000000000000000, 0.000000000000000000, 0.000000000000000000 ) ) ;
#1820 = LINE ( 'NONE', #1327, #3052 ) ;
#1821 = PLANE ( 'NONE',  #507 ) ;
#1822 = ADVANCED_FACE ( 'NONE', ( #3191 ), #1440, .F. ) ;
#1823 = DIRECTION ( 'NONE',  ( 0.000000000000000000, 0.000000000000000000, 1.000000000000000000 ) ) ;
#1824 = ORIENTED_EDGE ( 'NONE', *, *, #686, .F. ) ;
#1825 = ORIENTED_EDGE ( 'NONE', *, *, #549, .F. ) ;
#1826 = CYLINDRICAL_SURFACE ( 'NONE', #8, 2.000000000000001776 ) ;
#1827 = ORIENTED_EDGE ( 'NONE', *, *, #2305, .F. ) ;
#1828 = ADVANCED_FACE ( 'NONE', ( #1473 ), #1961, .F. ) ;
#1829 = DIRECTION ( 'NONE',  ( -1.000000000000000000, -1.840207436943774369E-16, 0.000000000000000000 ) ) ;
#1830 = DIRECTION ( 'NONE',  ( 0.000000000000000000, 0.000000000000000000, 1.000000000000000000 ) ) ;
#1831 = CIRCLE ( 'NONE', #2091, 2.999999999999999112 ) ;
#1832 = CARTESIAN_POINT ( 'NONE',  ( 64.33151507568400973, -12.61499963378900269, 0.000000000000000000 ) ) ;
#1833 = DIRECTION ( 'NONE',  ( -0.000000000000000000, -0.000000000000000000, -1.000000000000000000 ) ) ;
#1834 = CARTESIAN_POINT ( 'NONE',  ( -62.58473982447705453, -9.700001025516314712, 5.999999999999970690 ) ) ;
#1835 = AXIS2_PLACEMENT_3D ( 'NONE', #195, #94, #1094 ) ;
#1836 = DIRECTION ( 'NONE',  ( -0.0002958475420416646607, 0.7071067192964783921, -0.7071067811865497932 ) ) ;
#1837 = AXIS2_PLACEMENT_3D ( 'NONE', #2016, #1267, #2261 ) ;
#1838 = DIRECTION ( 'NONE',  ( 0.000000000000000000, 0.000000000000000000, 1.000000000000000000 ) ) ;
#1839 = EDGE_LOOP ( 'NONE', ( #2195, #2636, #1002, #2413 ) ) ;
#1840 = EDGE_CURVE ( 'NONE', #1500, #354, #1546, .T. ) ;
#1841 = ORIENTED_EDGE ( 'NONE', *, *, #2528, .F. ) ;
#1842 = VERTEX_POINT ( 'NONE', #978 ) ;
#1843 = DIRECTION ( 'NONE',  ( -0.000000000000000000, -0.000000000000000000, -1.000000000000000000 ) ) ;
#1844 = DIRECTION ( 'NONE',  ( 0.7071067811865474617, 0.000000000000000000, 0.7071067811865475727 ) ) ;
#1845 = AXIS2_PLACEMENT_3D ( 'NONE', #2559, #307, #2309 ) ;
#1846 = EDGE_CURVE ( 'NONE', #135, #713, #1012, .T. ) ;
#1847 = EDGE_CURVE ( 'NONE', #2372, #194, #2066, .T. ) ;
#1848 = CARTESIAN_POINT ( 'NONE',  ( 57.29851531982400559, -12.69400024414100336, 0.000000000000000000 ) ) ;
#1849 = AXIS2_PLACEMENT_3D ( 'NONE', #1523, #254, #1013 ) ;
#1850 = DIRECTION ( 'NONE',  ( -0.000000000000000000, -0.000000000000000000, -1.000000000000000000 ) ) ;
#1851 = CARTESIAN_POINT ( 'NONE',  ( -62.58348464965800417, -3.000000000000000444, 5.999999999999998224 ) ) ;
#1852 = LINE ( 'NONE', #1314, #2069 ) ;
#1853 = VECTOR ( 'NONE', #244, 1000.000000000000000 ) ;
#1854 = DIRECTION ( 'NONE',  ( 0.000000000000000000, -0.7071067811865474617, -0.7071067811865474617 ) ) ;
#1855 = ORIENTED_EDGE ( 'NONE', *, *, #1030, .F. ) ;
#1856 = AXIS2_PLACEMENT_3D ( 'NONE', #2819, #1586, #34 ) ;
#1857 = ORIENTED_EDGE ( 'NONE', *, *, #1668, .F. ) ;
#1858 = ORIENTED_EDGE ( 'NONE', *, *, #1881, .F. ) ;
#1859 = DIRECTION ( 'NONE',  ( -1.000000000000000000, 0.000000000000000000, 0.000000000000000000 ) ) ;
#1860 = AXIS2_PLACEMENT_3D ( 'NONE', #1532, #1298, #2298 ) ;
#1861 = DIRECTION ( 'NONE',  ( 1.000000000000000000, 0.000000000000000000, 0.000000000000000000 ) ) ;
#1862 = CARTESIAN_POINT ( 'NONE',  ( 57.29851531982400559, -12.69400024414100336, 6.000000000000014211 ) ) ;
#1863 = LINE ( 'NONE', #2360, #2314 ) ;
#1864 = ADVANCED_FACE ( 'NONE', ( #1943 ), #1244, .T. ) ;
#1865 = VERTEX_POINT ( 'NONE', #253 ) ;
#1866 = CARTESIAN_POINT ( 'NONE',  ( -50.78414903050294527, -15.69506428210069160, 0.000000000000000000 ) ) ;
#1867 = PLANE ( 'NONE',  #3161 ) ;
#1868 = EDGE_CURVE ( 'NONE', #1721, #569, #2489, .T. ) ;
#1869 = CARTESIAN_POINT ( 'NONE',  ( -11.78348541259700788, -12.69506454467800260, 8.000000000000000000 ) ) ;
#1870 = VERTEX_POINT ( 'NONE', #1994 ) ;
#1871 = CARTESIAN_POINT ( 'NONE',  ( 9.201037184717305218E-16, -4.999999999999991118, 8.000000000000000000 ) ) ;
#1872 = ORIENTED_EDGE ( 'NONE', *, *, #2022, .F. ) ;
#1873 = DIRECTION ( 'NONE',  ( -1.000000000000000000, 0.000000000000000000, 0.000000000000000000 ) ) ;
#1874 = LINE ( 'NONE', #1655, #3121 ) ;
#1875 = CARTESIAN_POINT ( 'NONE',  ( 13.61651611327399714, -12.69506454467800260, 8.000000000000000000 ) ) ;
#1876 = AXIS2_PLACEMENT_3D ( 'NONE', #479, #498, #2710 ) ;
#1877 = EDGE_CURVE ( 'NONE', #2712, #1815, #2382, .T. ) ;
#1878 = CARTESIAN_POINT ( 'NONE',  ( 0.003210659887893660761, -7.673814575031467022, 8.000000000000000000 ) ) ;
#1879 = CARTESIAN_POINT ( 'NONE',  ( 25.39999389648399486, -2.999999999999999112, 5.999999999999998224 ) ) ;
#1880 = AXIS2_PLACEMENT_3D ( 'NONE', #1084, #1774, #1064 ) ;
#1881 = EDGE_CURVE ( 'NONE', #2935, #21, #2438, .T. ) ;
#1882 = AXIS2_PLACEMENT_3D ( 'NONE', #1535, #2038, #2410 ) ;
#1883 = CARTESIAN_POINT ( 'NONE',  ( 13.61651611327399714, 2.999999999999999556, 5.999999999999998224 ) ) ;
#1884 = CARTESIAN_POINT ( 'NONE',  ( 0.000000000000000000, 0.000000000000000000, 0.000000000000000000 ) ) ;
#1885 = VERTEX_POINT ( 'NONE', #190 ) ;
#1886 = VERTEX_POINT ( 'NONE', #1195 ) ;
#1887 = CARTESIAN_POINT ( 'NONE',  ( -76.24448492431599789, 6.658000366211003218, 5.000000000000000000 ) ) ;
#1888 = ORIENTED_EDGE ( 'NONE', *, *, #1230, .F. ) ;
#1889 = CARTESIAN_POINT ( 'NONE',  ( 25.39999389648399486, -12.69506454467800260, 5.999999999999998224 ) ) ;
#1890 = DIRECTION ( 'NONE',  ( 1.000000000000000000, 0.000000000000000000, 0.000000000000000000 ) ) ;
#1891 = VECTOR ( 'NONE', #2648, 1000.000000000000000 ) ;
#1892 = FACE_OUTER_BOUND ( 'NONE', #2900, .T. ) ;
#1893 = AXIS2_PLACEMENT_3D ( 'NONE', #1196, #1380, #3131 ) ;
#1894 = ORIENTED_EDGE ( 'NONE', *, *, #2654, .T. ) ;
#1895 = FACE_OUTER_BOUND ( 'NONE', #570, .T. ) ;
#1896 = CARTESIAN_POINT ( 'NONE',  ( 25.39999389648399486, -12.69506454467800260, 5.999999999999998224 ) ) ;
#1897 = ORIENTED_EDGE ( 'NONE', *, *, #1430, .T. ) ;
#1898 = LINE ( 'NONE', #643, #1989 ) ;
#1899 = CARTESIAN_POINT ( 'NONE',  ( 25.39999389648399486, -7.695064544678001717, 8.000000000000000000 ) ) ;
#1900 = ORIENTED_EDGE ( 'NONE', *, *, #2737, .T. ) ;
#1901 = EDGE_CURVE ( 'NONE', #212, #1815, #460, .T. ) ;
#1902 = ORIENTED_EDGE ( 'NONE', *, *, #2369, .T. ) ;
#1903 = EDGE_CURVE ( 'NONE', #2074, #1885, #3066, .T. ) ;
#1904 = VECTOR ( 'NONE', #3214, 1000.000000000000114 ) ;
#1905 = DIRECTION ( 'NONE',  ( 1.000000000000000000, 1.840207436943774369E-16, 0.000000000000000000 ) ) ;
#1906 = CIRCLE ( 'NONE', #1129, 4.999999999999976907 ) ;
#1907 = ADVANCED_FACE ( 'NONE', ( #2321 ), #1553, .T. ) ;
#1908 = EDGE_LOOP ( 'NONE', ( #1653, #1446, #500, #1318, #3023 ) ) ;
#1909 = CIRCLE ( 'NONE', #2704, 2.999999999999995559 ) ;
#1910 = ORIENTED_EDGE ( 'NONE', *, *, #1128, .T. ) ;
#1911 = DIRECTION ( 'NONE',  ( -1.000000000000000000, 0.000000000000000000, 0.000000000000000000 ) ) ;
#1912 = LINE ( 'NONE', #897, #2810 ) ;
#1913 = DIRECTION ( 'NONE',  ( 1.000000000000000000, 0.000000000000000000, 0.000000000000000000 ) ) ;
#1914 = VECTOR ( 'NONE', #780, 1000.000000000000114 ) ;
#1915 = CARTESIAN_POINT ( 'NONE',  ( -74.19448492431600073, 6.658000366211003218, 5.000000000000000000 ) ) ;
#1916 = CIRCLE ( 'NONE', #2763, 2.999999999999999112 ) ;
#1917 = DIRECTION ( 'NONE',  ( 0.000000000000000000, 0.000000000000000000, 1.000000000000000000 ) ) ;
#1918 = ORIENTED_EDGE ( 'NONE', *, *, #1549, .T. ) ;
#1919 = LINE ( 'NONE', #2954, #2785 ) ;
#1920 = CARTESIAN_POINT ( 'NONE',  ( -9.777732658080502567E-16, 5.313386122555514568, 8.000000000000000000 ) ) ;
#1921 = ORIENTED_EDGE ( 'NONE', *, *, #2324, .F. ) ;
#1922 = ORIENTED_EDGE ( 'NONE', *, *, #2830, .F. ) ;
#1923 = EDGE_CURVE ( 'NONE', #2023, #335, #2013, .T. ) ;
#1924 = DIRECTION ( 'NONE',  ( 0.000000000000000000, 0.000000000000000000, 1.000000000000000000 ) ) ;
#1925 = ADVANCED_FACE ( 'NONE', ( #589 ), #2861, .F. ) ;
#1926 = ORIENTED_EDGE ( 'NONE', *, *, #2947, .F. ) ;
#1927 = FACE_OUTER_BOUND ( 'NONE', #1908, .T. ) ;
#1928 = FACE_OUTER_BOUND ( 'NONE', #825, .T. ) ;
#1929 = DIRECTION ( 'NONE',  ( -0.000000000000000000, -0.000000000000000000, -1.000000000000000000 ) ) ;
#1930 = CARTESIAN_POINT ( 'NONE',  ( -168.6684849243160329, -4.541999633788991630, 8.000000000000000000 ) ) ;
#1931 = CARTESIAN_POINT ( 'NONE',  ( 25.39999389648399486, -12.69506454467800260, 8.000000000000000000 ) ) ;
#1932 = AXIS2_PLACEMENT_3D ( 'NONE', #1, #1996, #462 ) ;
#1933 = EDGE_LOOP ( 'NONE', ( #402, #3150, #2149, #716, #281 ) ) ;
#1934 = CARTESIAN_POINT ( 'NONE',  ( -11.78348541259700788, -15.69506454467800260, 0.000000000000000000 ) ) ;
#1935 = DIRECTION ( 'NONE',  ( 2.453269466693396649E-15, 0.7071067811865474617, 0.7071067811865474617 ) ) ;
#1936 = ORIENTED_EDGE ( 'NONE', *, *, #2068, .F. ) ;
#1937 = CIRCLE ( 'NONE', #3096, 5.000000000000018652 ) ;
#1938 = CARTESIAN_POINT ( 'NONE',  ( 30.39999389648399486, -12.69506454467800260, 8.000000000000000000 ) ) ;
#1939 = ADVANCED_FACE ( 'NONE', ( #285 ), #802, .F. ) ;
#1940 = ORIENTED_EDGE ( 'NONE', *, *, #871, .T. ) ;
#1941 = VERTEX_POINT ( 'NONE', #96 ) ;
#1942 = DIRECTION ( 'NONE',  ( 1.000000000000000000, 0.000000000000000000, 0.000000000000000000 ) ) ;
#1943 = FACE_OUTER_BOUND ( 'NONE', #527, .T. ) ;
#1944 = DIRECTION ( 'NONE',  ( 0.0004183916063498328646, -0.9999999124742280365, 0.000000000000000000 ) ) ;
#1945 = EDGE_CURVE ( 'NONE', #354, #2163, #505, .T. ) ;
#1946 = ADVANCED_FACE ( 'NONE', ( #1305 ), #2340, .F. ) ;
#1947 = DIRECTION ( 'NONE',  ( -0.000000000000000000, -0.000000000000000000, -1.000000000000000000 ) ) ;
#1948 = DIRECTION ( 'NONE',  ( 0.000000000000000000, 0.000000000000000000, 1.000000000000000000 ) ) ;
#1949 = PRESENTATION_LAYER_ASSIGNMENT (  '', '', ( #596 ) ) ;
#1950 = VERTEX_POINT ( 'NONE', #61 ) ;
#1951 = ORIENTED_EDGE ( 'NONE', *, *, #2351, .F. ) ;
#1952 = DIRECTION ( 'NONE',  ( -0.000000000000000000, -0.000000000000000000, -1.000000000000000000 ) ) ;
#1953 = VECTOR ( 'NONE', #2272, 1000.000000000000000 ) ;
#1954 = DIRECTION ( 'NONE',  ( -1.000000000000000000, 0.000000000000000000, 0.000000000000000000 ) ) ;
#1955 = EDGE_LOOP ( 'NONE', ( #3089, #1872, #373, #3078 ) ) ;
#1956 = EDGE_LOOP ( 'NONE', ( #3038, #1685, #988, #2205 ) ) ;
#1957 = CARTESIAN_POINT ( 'NONE',  ( 25.39999389648399486, 3.000384657910999593E-16, 5.999999999999998224 ) ) ;
#1958 = ORIENTED_EDGE ( 'NONE', *, *, #3011, .T. ) ;
#1959 = DIRECTION ( 'NONE',  ( 0.000000000000000000, 0.000000000000000000, 1.000000000000000000 ) ) ;
#1960 = VECTOR ( 'NONE', #516, 1000.000000000000000 ) ;
#1961 = PLANE ( 'NONE',  #2169 ) ;
#1962 = CARTESIAN_POINT ( 'NONE',  ( -166.6684849243160045, -4.541999633788991630, 8.000000000000000000 ) ) ;
#1963 = VECTOR ( 'NONE', #51, 1000.000000000000000 ) ;
#1964 = LINE ( 'NONE', #2441, #1203 ) ;
#1965 = EDGE_CURVE ( 'NONE', #2850, #299, #2585, .T. ) ;
#1966 = DIRECTION ( 'NONE',  ( -0.000000000000000000, -0.000000000000000000, -1.000000000000000000 ) ) ;
#1967 = VECTOR ( 'NONE', #2396, 1000.000000000000000 ) ;
#1968 = EDGE_LOOP ( 'NONE', ( #568, #1565, #2006, #1485 ) ) ;
#1969 = ORIENTED_EDGE ( 'NONE', *, *, #949, .T. ) ;
#1970 = EDGE_CURVE ( 'NONE', #2023, #2802, #1061, .T. ) ;
#1971 = FACE_BOUND ( 'NONE', #2020, .T. ) ;
#1972 = DIRECTION ( 'NONE',  ( 1.000000000000000000, 0.000000000000000000, 0.000000000000000000 ) ) ;
#1973 = CARTESIAN_POINT ( 'NONE',  ( -50.80000686645399810, -5.000000000000000000, 8.000000000000000000 ) ) ;
#1974 = ORIENTED_EDGE ( 'NONE', *, *, #3188, .T. ) ;
#1975 = ORIENTED_EDGE ( 'NONE', *, *, #2696, .T. ) ;
#1976 = CYLINDRICAL_SURFACE ( 'NONE', #2249, 2.999999999999999112 ) ;
#1977 = CARTESIAN_POINT ( 'NONE',  ( -7.629394988341248600E-06, -3.000000000000000444, 0.000000000000000000 ) ) ;
#1978 = DIRECTION ( 'NONE',  ( 0.000000000000000000, 1.000000000000000000, 0.000000000000000000 ) ) ;
#1979 = CARTESIAN_POINT ( 'NONE',  ( -40.49687306103150775, 1.823661992376926331E-16, 5.999999999999998224 ) ) ;
#1980 = DIRECTION ( 'NONE',  ( 1.000000000000000000, 1.840207436943774123E-16, 0.000000000000000000 ) ) ;
#1981 = VERTEX_POINT ( 'NONE', #524 ) ;
#1982 = EDGE_CURVE ( 'NONE', #2086, #3110, #321, .T. ) ;
#1983 = PLANE ( 'NONE',  #2409 ) ;
#1984 = CARTESIAN_POINT ( 'NONE',  ( 25.39999389648399486, -7.695064544678001717, 8.000000000000000000 ) ) ;
#1985 = ORIENTED_EDGE ( 'NONE', *, *, #2799, .F. ) ;
#1986 = EDGE_CURVE ( 'NONE', #1434, #1769, #1322, .T. ) ;
#1987 = CIRCLE ( 'NONE', #420, 2.000000000000001776 ) ;
#1988 = CARTESIAN_POINT ( 'NONE',  ( 82.33151507568399552, -18.74199963378899270, 8.000000000000000000 ) ) ;
#1989 = VECTOR ( 'NONE', #1431, 1000.000000000000000 ) ;
#1990 = ORIENTED_EDGE ( 'NONE', *, *, #668, .T. ) ;
#1991 = ORIENTED_EDGE ( 'NONE', *, *, #2717, .F. ) ;
#1992 = CARTESIAN_POINT ( 'NONE',  ( 57.29851531982400559, -12.69400024414100336, 8.000000000000000000 ) ) ;
#1993 = VECTOR ( 'NONE', #88, 1000.000000000000000 ) ;
#1994 = CARTESIAN_POINT ( 'NONE',  ( -25.40000915527398817, 3.313386122555507018, 0.000000000000000000 ) ) ;
#1995 = CARTESIAN_POINT ( 'NONE',  ( -72.14448492431600357, -12.61499963378900269, 5.000000000000000000 ) ) ;
#1996 = DIRECTION ( 'NONE',  ( -0.000000000000000000, -0.000000000000000000, -1.000000000000000000 ) ) ;
#1997 = DIRECTION ( 'NONE',  ( -0.000000000000000000, -0.000000000000000000, -1.000000000000000000 ) ) ;
#1998 = ORIENTED_EDGE ( 'NONE', *, *, #2425, .T. ) ;
#1999 = CARTESIAN_POINT ( 'NONE',  ( 64.33151507568400973, 6.658000366211003218, 0.000000000000000000 ) ) ;
#2000 = ORIENTED_EDGE ( 'NONE', *, *, #1251, .F. ) ;
#2001 = VECTOR ( 'NONE', #1844, 1000.000000000000000 ) ;
#2002 = EDGE_CURVE ( 'NONE', #2434, #259, #2383, .T. ) ;
#2003 = DIRECTION ( 'NONE',  ( 1.000000000000000000, 0.000000000000000000, 0.000000000000000000 ) ) ;
#2004 = EDGE_CURVE ( 'NONE', #506, #3175, #1784, .T. ) ;
#2005 = EDGE_LOOP ( 'NONE', ( #448, #1376, #1505, #2242, #1921 ) ) ;
#2006 = ORIENTED_EDGE ( 'NONE', *, *, #926, .T. ) ;
#2007 = DIRECTION ( 'NONE',  ( 0.000000000000000000, 0.000000000000000000, -1.000000000000000000 ) ) ;
#2008 = EDGE_CURVE ( 'NONE', #1280, #1721, #1604, .T. ) ;
#2009 = DIRECTION ( 'NONE',  ( 1.000000000000000000, 0.000000000000000000, 0.000000000000000000 ) ) ;
#2010 = CARTESIAN_POINT ( 'NONE',  ( 13.61651611327399714, -15.69506454467800260, 8.000000000000000000 ) ) ;
#2011 = DIRECTION ( 'NONE',  ( 0.000000000000000000, 0.000000000000000000, 1.000000000000000000 ) ) ;
#2012 = DIRECTION ( 'NONE',  ( -0.000000000000000000, -0.000000000000000000, -1.000000000000000000 ) ) ;
#2013 = CIRCLE ( 'NONE', #1495, 3.000000000009702017 ) ;
#2014 = ORIENTED_EDGE ( 'NONE', *, *, #2610, .T. ) ;
#2015 = CIRCLE ( 'NONE', #2494, 5.000000000000000888 ) ;
#2016 = CARTESIAN_POINT ( 'NONE',  ( -62.58348464965800417, -1.984387807914870121E-15, 5.999999999999998224 ) ) ;
#2017 = ORIENTED_EDGE ( 'NONE', *, *, #105, .F. ) ;
#2018 = CIRCLE ( 'NONE', #1607, 5.313386122555507463 ) ;
#2019 = CARTESIAN_POINT ( 'NONE',  ( -62.58222947483896093, -15.70000050036168915, 0.000000000000000000 ) ) ;
#2020 = EDGE_LOOP ( 'NONE', ( #1355, #1583 ) ) ;
#2021 = ORIENTED_EDGE ( 'NONE', *, *, #344, .T. ) ;
#2022 = EDGE_CURVE ( 'NONE', #1534, #2023, #1239, .T. ) ;
#2023 = VERTEX_POINT ( 'NONE', #852 ) ;
#2024 = FACE_OUTER_BOUND ( 'NONE', #2938, .T. ) ;
#2025 = DIRECTION ( 'NONE',  ( -0.000000000000000000, -0.000000000000000000, -1.000000000000000000 ) ) ;
#2026 = CARTESIAN_POINT ( 'NONE',  ( 13.61651611327399714, -9.695064544678004381, 0.000000000000000000 ) ) ;
#2027 = EDGE_CURVE ( 'NONE', #1842, #229, #78, .T. ) ;
#2028 = LINE ( 'NONE', #2323, #150 ) ;
#2029 = CARTESIAN_POINT ( 'NONE',  ( -11.78348541259700788, -12.69506454467800260, 5.999999999999998224 ) ) ;
#2030 = ORIENTED_EDGE ( 'NONE', *, *, #260, .F. ) ;
#2031 = ORIENTED_EDGE ( 'NONE', *, *, #2160, .F. ) ;
#2032 = VERTEX_POINT ( 'NONE', #1044 ) ;
#2033 = CARTESIAN_POINT ( 'NONE',  ( -37.18348693847600828, 3.313386122555504798, 5.999999999999998224 ) ) ;
#2034 = LINE ( 'NONE', #43, #290 ) ;
#2035 = ORIENTED_EDGE ( 'NONE', *, *, #1289, .F. ) ;
#2036 = ORIENTED_EDGE ( 'NONE', *, *, #1545, .T. ) ;
#2037 = VERTEX_POINT ( 'NONE', #2039 ) ;
#2038 = DIRECTION ( 'NONE',  ( 0.000000000000000000, 0.000000000000000000, -1.000000000000000000 ) ) ;
#2039 = CARTESIAN_POINT ( 'NONE',  ( -72.14448492431600357, -12.61499963378900269, 0.000000000000000000 ) ) ;
#2040 = AXIS2_PLACEMENT_3D ( 'NONE', #125, #2125, #2896 ) ;
#2041 = DIRECTION ( 'NONE',  ( -1.000000000000000000, 0.000000000000000000, 0.000000000000000000 ) ) ;
#2042 = EDGE_CURVE ( 'NONE', #1078, #2978, #3043, .T. ) ;
#2043 = AXIS2_PLACEMENT_3D ( 'NONE', #676, #144, #1151 ) ;
#2044 = DIRECTION ( 'NONE',  ( 0.000000000000000000, 0.000000000000000000, 1.000000000000000000 ) ) ;
#2045 = DIRECTION ( 'NONE',  ( -1.000000000000000000, 0.000000000000000000, 0.000000000000000000 ) ) ;
#2046 = CARTESIAN_POINT ( 'NONE',  ( -172.6684849243160045, 9.658000366211005883, 8.000000000000000000 ) ) ;
#2047 = EDGE_CURVE ( 'NONE', #2183, #3111, #3225, .T. ) ;
#2048 = EDGE_CURVE ( 'NONE', #2287, #895, #1418, .T. ) ;
#2049 = EDGE_LOOP ( 'NONE', ( #969, #1026, #3021, #2296, #1926 ) ) ;
#2050 = CARTESIAN_POINT ( 'NONE',  ( -47.78540420532199562, -12.69506454467800260, 5.999999999999970690 ) ) ;
#2051 = VERTEX_POINT ( 'NONE', #2653 ) ;
#2052 = CARTESIAN_POINT ( 'NONE',  ( -50.80000686645399810, 4.999999999999999112, 8.000000000000000000 ) ) ;
#2053 = ORIENTED_EDGE ( 'NONE', *, *, #1430, .F. ) ;
#2054 = CIRCLE ( 'NONE', #1065, 4.999999999999997335 ) ;
#2055 = ORIENTED_EDGE ( 'NONE', *, *, #3028, .F. ) ;
#2056 = CARTESIAN_POINT ( 'NONE',  ( 25.39999389648399486, -2.999999999999999112, 0.000000000000000000 ) ) ;
#2057 = CARTESIAN_POINT ( 'NONE',  ( 3.000000000009702017, 0.000000000000000000, 5.999999999999998224 ) ) ;
#2058 = CIRCLE ( 'NONE', #2481, 5.000000000009702461 ) ;
#2059 = DIRECTION ( 'NONE',  ( 1.000000000000000000, 0.000000000000000000, 0.000000000000000000 ) ) ;
#2060 = CARTESIAN_POINT ( 'NONE',  ( -25.38540649414000683, -12.69506454467800260, 5.999999999999998224 ) ) ;
#2061 = DIRECTION ( 'NONE',  ( 0.000000000000000000, 0.000000000000000000, 1.000000000000000000 ) ) ;
#2062 = CARTESIAN_POINT ( 'NONE',  ( 28.39999389648399131, 3.000384657910999593E-16, 5.999999999999998224 ) ) ;
#2063 = CIRCLE ( 'NONE', #2116, 3.313386122555502133 ) ;
#2064 = ADVANCED_FACE ( 'NONE', ( #1156 ), #1605, .F. ) ;
#2065 = CARTESIAN_POINT ( 'NONE',  ( -62.58348464965800417, 2.999999999999996003, 0.000000000000000000 ) ) ;
#2066 = CIRCLE ( 'NONE', #818, 2.049999999999996270 ) ;
#2067 = AXIS2_PLACEMENT_3D ( 'NONE', #424, #172, #1176 ) ;
#2068 = EDGE_CURVE ( 'NONE', #2501, #1886, #183, .T. ) ;
#2069 = VECTOR ( 'NONE', #1836, 1000.000000000000114 ) ;
#2070 = CARTESIAN_POINT ( 'NONE',  ( -11.78348541259700788, 3.000000000000000444, 0.000000000000000000 ) ) ;
#2071 = ORIENTED_EDGE ( 'NONE', *, *, #2493, .F. ) ;
#2072 = ORIENTED_EDGE ( 'NONE', *, *, #160, .F. ) ;
#2073 = VERTEX_POINT ( 'NONE', #603 ) ;
#2074 = VERTEX_POINT ( 'NONE', #2605 ) ;
#2075 = DIRECTION ( 'NONE',  ( 0.000000000000000000, 0.000000000000000000, 1.000000000000000000 ) ) ;
#2076 = VERTEX_POINT ( 'NONE', #1649 ) ;
#2077 = DIRECTION ( 'NONE',  ( 0.000000000000000000, 0.000000000000000000, 1.000000000000000000 ) ) ;
#2078 = CARTESIAN_POINT ( 'NONE',  ( -47.80000686645400521, 1.823661992376926331E-16, 5.999999999999998224 ) ) ;
#2079 = CYLINDRICAL_SURFACE ( 'NONE', #3013, 2.999999999999999112 ) ;
#2080 = CARTESIAN_POINT ( 'NONE',  ( -62.58222947483896093, -15.70000050036168915, 0.000000000000000000 ) ) ;
#2081 = ORIENTED_EDGE ( 'NONE', *, *, #1347, .T. ) ;
#2082 = CYLINDRICAL_SURFACE ( 'NONE', #3171, 2.049999999999996270 ) ;
#2083 = EDGE_CURVE ( 'NONE', #1950, #2335, #3173, .T. ) ;
#2084 = ADVANCED_FACE ( 'NONE', ( #1141 ), #1388, .F. ) ;
#2085 = ORIENTED_EDGE ( 'NONE', *, *, #2868, .F. ) ;
#2086 = VERTEX_POINT ( 'NONE', #3153 ) ;
#2087 = DIRECTION ( 'NONE',  ( -1.301223157452858653E-16, 0.7071067811865473507, -0.7071067811865476838 ) ) ;
#2088 = ORIENTED_EDGE ( 'NONE', *, *, #668, .F. ) ;
#2089 = CARTESIAN_POINT ( 'NONE',  ( -37.18348693847600828, -3.313386122555504798, 8.000000000000000000 ) ) ;
#2090 = DIRECTION ( 'NONE',  ( 1.000000000000000000, 0.000000000000000000, 0.000000000000000000 ) ) ;
#2091 = AXIS2_PLACEMENT_3D ( 'NONE', #884, #1674, #689 ) ;
#2092 = CARTESIAN_POINT ( 'NONE',  ( 13.61651611327399714, -9.695064544678004381, 5.999999999999998224 ) ) ;
#2093 = DIRECTION ( 'NONE',  ( -1.000000000000000000, 0.000000000000000000, 0.000000000000000000 ) ) ;
#2094 = LINE ( 'NONE', #544, #1588 ) ;
#2095 = ORIENTED_EDGE ( 'NONE', *, *, #2692, .T. ) ;
#2096 = AXIS2_PLACEMENT_3D ( 'NONE', #2568, #1288, #31 ) ;
#2097 = DIRECTION ( 'NONE',  ( -0.000000000000000000, -0.000000000000000000, -1.000000000000000000 ) ) ;
#2098 =( NAMED_UNIT ( * ) SI_UNIT ( $, .STERADIAN. ) SOLID_ANGLE_UNIT ( ) );
#2099 = ORIENTED_EDGE ( 'NONE', *, *, #263, .F. ) ;
#2100 = ORIENTED_EDGE ( 'NONE', *, *, #1347, .F. ) ;
#2101 = ORIENTED_EDGE ( 'NONE', *, *, #2122, .F. ) ;
#2102 = EDGE_CURVE ( 'NONE', #1191, #2372, #2150, .T. ) ;
#2103 = ORIENTED_EDGE ( 'NONE', *, *, #2731, .T. ) ;
#2104 = VERTEX_POINT ( 'NONE', #648 ) ;
#2105 = LINE ( 'NONE', #1871, #1548 ) ;
#2106 = CONICAL_SURFACE ( 'NONE', #2111, 3.000000000009702017, 0.7853981633974479459 ) ;
#2107 = AXIS2_PLACEMENT_3D ( 'NONE', #1136, #1626, #1164 ) ;
#2108 = ORIENTED_EDGE ( 'NONE', *, *, #2004, .T. ) ;
#2109 = EDGE_CURVE ( 'NONE', #2911, #2414, #2355, .T. ) ;
#2110 = CARTESIAN_POINT ( 'NONE',  ( 64.33151507568400973, 6.658000366211003218, 5.000000000000000000 ) ) ;
#2111 = AXIS2_PLACEMENT_3D ( 'NONE', #1361, #155, #2929 ) ;
#2112 = CARTESIAN_POINT ( 'NONE',  ( -7.629394991322401386E-06, -15.69506454467800260, 8.000000000000000000 ) ) ;
#2113 = LINE ( 'NONE', #3117, #1220 ) ;
#2114 = CARTESIAN_POINT ( 'NONE',  ( 62.28151507568401257, 6.658000366211003218, 5.000000000000000000 ) ) ;
#2115 = CARTESIAN_POINT ( 'NONE',  ( -25.40000915527398817, -3.313386122555503022, 0.000000000000000000 ) ) ;
#2116 = AXIS2_PLACEMENT_3D ( 'NONE', #1180, #2177, #3180 ) ;
#2117 = DIRECTION ( 'NONE',  ( 1.301223157452858653E-16, -0.7071067811865475727, -0.7071067811865475727 ) ) ;
#2118 = VECTOR ( 'NONE', #869, 1000.000000000000000 ) ;
#2119 = ORIENTED_EDGE ( 'NONE', *, *, #2774, .T. ) ;
#2120 = AXIS2_PLACEMENT_3D ( 'NONE', #2450, #958, #200 ) ;
#2121 = LINE ( 'NONE', #2384, #2227 ) ;
#2122 = EDGE_CURVE ( 'NONE', #3057, #712, #2105, .T. ) ;
#2123 = VECTOR ( 'NONE', #582, 1000.000000000000000 ) ;
#2124 = ORIENTED_EDGE ( 'NONE', *, *, #225, .F. ) ;
#2125 = DIRECTION ( 'NONE',  ( -0.000000000000000000, -0.000000000000000000, -1.000000000000000000 ) ) ;
#2126 = LINE ( 'NONE', #113, #2277 ) ;
#2127 = DIRECTION ( 'NONE',  ( -1.000000000000000000, 0.000000000000000000, 0.000000000000000000 ) ) ;
#2128 = ADVANCED_FACE ( 'NONE', ( #3112 ), #1024, .F. ) ;
#2129 = LINE ( 'NONE', #2114, #2562 ) ;
#2130 = CARTESIAN_POINT ( 'NONE',  ( 13.61651611327399714, -12.69506454467800260, 5.999999999999998224 ) ) ;
#2131 =( NAMED_UNIT ( * ) PLANE_ANGLE_UNIT ( ) SI_UNIT ( $, .RADIAN. ) );
#2132 = EDGE_LOOP ( 'NONE', ( #2644, #2229, #2232, #1888 ) ) ;
#2133 = ORIENTED_EDGE ( 'NONE', *, *, #787, .T. ) ;
#2134 = CARTESIAN_POINT ( 'NONE',  ( 64.33151507568400973, -12.61499963378900269, 5.000000000000000000 ) ) ;
#2135 = ORIENTED_EDGE ( 'NONE', *, *, #1372, .T. ) ;
#2136 = DIRECTION ( 'NONE',  ( 0.000000000000000000, -1.000000000000000000, 0.000000000000000000 ) ) ;
#2137 = CARTESIAN_POINT ( 'NONE',  ( -50.78540420532200272, -12.69506454467800260, 8.000000000000000000 ) ) ;
#2138 = CIRCLE ( 'NONE', #732, 2.999999999999999112 ) ;
#2139 = CARTESIAN_POINT ( 'NONE',  ( -62.58348464965800417, -3.000000000000000444, 0.000000000000000000 ) ) ;
#2140 = DIRECTION ( 'NONE',  ( 0.000000000000000000, 0.000000000000000000, 1.000000000000000000 ) ) ;
#2141 = EDGE_CURVE ( 'NONE', #299, #3197, #1172, .T. ) ;
#2142 = CARTESIAN_POINT ( 'NONE',  ( -25.40000915527398817, 2.349120206389891032E-15, 5.999999999999998224 ) ) ;
#2143 = ADVANCED_FACE ( 'NONE', ( #1619 ), #2618, .F. ) ;
#2144 = AXIS2_PLACEMENT_3D ( 'NONE', #977, #2942, #1739 ) ;
#2145 = AXIS2_PLACEMENT_3D ( 'NONE', #76, #571, #769 ) ;
#2146 = EDGE_CURVE ( 'NONE', #675, #2336, #878, .T. ) ;
#2147 = PLANE ( 'NONE',  #796 ) ;
#2148 = DIRECTION ( 'NONE',  ( 1.360567432138672174E-17, 1.000000000000000000, -0.000000000000000000 ) ) ;
#2149 = ORIENTED_EDGE ( 'NONE', *, *, #2924, .T. ) ;
#2150 = LINE ( 'NONE', #1887, #2597 ) ;
#2151 = ORIENTED_EDGE ( 'NONE', *, *, #66, .F. ) ;
#2152 = CARTESIAN_POINT ( 'NONE',  ( -7.629394990771309892E-06, -7.695064544678001717, 8.000000000000000000 ) ) ;
#2153 = DIRECTION ( 'NONE',  ( 0.000000000000000000, 0.000000000000000000, 1.000000000000000000 ) ) ;
#2154 = VECTOR ( 'NONE', #2294, 999.9999999999998863 ) ;
#2155 = CARTESIAN_POINT ( 'NONE',  ( -7.629394987979131850E-06, -5.000000000003881340, 8.000000000000000000 ) ) ;
#2156 = AXIS2_PLACEMENT_3D ( 'NONE', #2570, #1358, #1606 ) ;
#2157 = CARTESIAN_POINT ( 'NONE',  ( 13.61651611327399714, -17.69506454467800438, 8.000000000000000000 ) ) ;
#2158 = PLANE ( 'NONE',  #2274 ) ;
#2159 = VERTEX_POINT ( 'NONE', #893 ) ;
#2160 = EDGE_CURVE ( 'NONE', #1057, #296, #2121, .T. ) ;
#2161 = DIRECTION ( 'NONE',  ( -1.000000000000000000, -2.944331899109546150E-16, 0.000000000000000000 ) ) ;
#2162 = FACE_OUTER_BOUND ( 'NONE', #1752, .T. ) ;
#2163 = VERTEX_POINT ( 'NONE', #403 ) ;
#2164 = ORIENTED_EDGE ( 'NONE', *, *, #1127, .F. ) ;
#2165 = ADVANCED_FACE ( 'NONE', ( #3127 ), #2666, .F. ) ;
#2166 = VECTOR ( 'NONE', #3, 1000.000000000000000 ) ;
#2167 = UNCERTAINTY_MEASURE_WITH_UNIT (LENGTH_MEASURE( 1.000000000000000082E-05 ), #1137, 'distance_accuracy_value', 'NONE');
#2168 = CARTESIAN_POINT ( 'NONE',  ( -11.78348541259700788, -15.69506454467800260, 8.000000000000000000 ) ) ;
#2169 = AXIS2_PLACEMENT_3D ( 'NONE', #2964, #735, #511 ) ;
#2170 = CIRCLE ( 'NONE', #1181, 2.000000000000001776 ) ;
#2171 = EDGE_LOOP ( 'NONE', ( #1894, #75, #250, #522, #2187 ) ) ;
#2172 = CARTESIAN_POINT ( 'NONE',  ( -62.58348464965800417, 2.999999999999996003, 8.000000000000000000 ) ) ;
#2173 = CARTESIAN_POINT ( 'NONE',  ( -172.6684849243160329, -18.74199963378898914, 0.000000000000000000 ) ) ;
#2174 = CARTESIAN_POINT ( 'NONE',  ( 13.61651611327399714, 2.999999999999999556, 5.999999999999998224 ) ) ;
#2175 = CONICAL_SURFACE ( 'NONE', #1502, 3.000000000000002665, 0.7853981633974456145 ) ;
#2176 = DIRECTION ( 'NONE',  ( -1.000000000000000000, 0.000000000000000000, -0.000000000000000000 ) ) ;
#2177 = DIRECTION ( 'NONE',  ( 0.000000000000000000, 0.000000000000000000, 1.000000000000000000 ) ) ;
#2178 = EDGE_LOOP ( 'NONE', ( #2100, #1216, #2816, #1594 ) ) ;
#2179 = DIRECTION ( 'NONE',  ( -0.000000000000000000, -0.000000000000000000, -1.000000000000000000 ) ) ;
#2180 = EDGE_CURVE ( 'NONE', #2073, #194, #2718, .T. ) ;
#2181 = DIRECTION ( 'NONE',  ( -0.000000000000000000, -0.000000000000000000, -1.000000000000000000 ) ) ;
#2182 = ORIENTED_EDGE ( 'NONE', *, *, #350, .F. ) ;
#2183 = VERTEX_POINT ( 'NONE', #1735 ) ;
#2184 = EDGE_CURVE ( 'NONE', #2781, #1109, #217, .T. ) ;
#2185 = CYLINDRICAL_SURFACE ( 'NONE', #85, 2.000000000000001776 ) ;
#2186 = ADVANCED_FACE ( 'NONE', ( #3187 ), #3170, .F. ) ;
#2187 = ORIENTED_EDGE ( 'NONE', *, *, #2008, .F. ) ;
#2188 = ORIENTED_EDGE ( 'NONE', *, *, #2305, .T. ) ;
#2189 = FACE_BOUND ( 'NONE', #266, .T. ) ;
#2190 = DIRECTION ( 'NONE',  ( 0.000000000000000000, 0.000000000000000000, 1.000000000000000000 ) ) ;
#2191 = CARTESIAN_POINT ( 'NONE',  ( 54.29851531982400559, -12.69400024414100336, 6.000000000000014211 ) ) ;
#2192 = LINE ( 'NONE', #3213, #679 ) ;
#2193 = FACE_OUTER_BOUND ( 'NONE', #1460, .T. ) ;
#2194 = VECTOR ( 'NONE', #1743, 1000.000000000000000 ) ;
#2195 = ORIENTED_EDGE ( 'NONE', *, *, #89, .T. ) ;
#2196 = VERTEX_POINT ( 'NONE', #1988 ) ;
#2197 = DIRECTION ( 'NONE',  ( -0.000000000000000000, -0.000000000000000000, -1.000000000000000000 ) ) ;
#2198 = CARTESIAN_POINT ( 'NONE',  ( 13.61651611327399714, -15.69506454467800260, 8.000000000000000000 ) ) ;
#2199 = ORIENTED_EDGE ( 'NONE', *, *, #810, .F. ) ;
#2200 = ORIENTED_EDGE ( 'NONE', *, *, #2068, .T. ) ;
#2201 = AXIS2_PLACEMENT_3D ( 'NONE', #7, #3034, #2515 ) ;
#2202 = DIRECTION ( 'NONE',  ( -0.000000000000000000, -0.000000000000000000, -1.000000000000000000 ) ) ;
#2203 = EDGE_LOOP ( 'NONE', ( #339, #421 ) ) ;
#2204 = EDGE_CURVE ( 'NONE', #1737, #1257, #2497, .T. ) ;
#2205 = ORIENTED_EDGE ( 'NONE', *, *, #1628, .F. ) ;
#2206 = FACE_BOUND ( 'NONE', #3093, .T. ) ;
#2207 = CARTESIAN_POINT ( 'NONE',  ( -40.49687306103150775, 1.823661992376926331E-16, 0.000000000000000000 ) ) ;
#2208 = DIRECTION ( 'NONE',  ( -1.000000000000000000, -1.840207436943464248E-16, 0.000000000000000000 ) ) ;
#2209 = EDGE_CURVE ( 'NONE', #2287, #3216, #1189, .T. ) ;
#2210 = PLANE ( 'NONE',  #1518 ) ;
#2211 = LINE ( 'NONE', #966, #3060 ) ;
#2212 = CIRCLE ( 'NONE', #1428, 2.999999999999999112 ) ;
#2213 = ORIENTED_EDGE ( 'NONE', *, *, #1008, .F. ) ;
#2214 = DIRECTION ( 'NONE',  ( -1.040978525962112978E-16, 0.7071067811865475727, -0.7071067811865474617 ) ) ;
#2215 = VECTOR ( 'NONE', #1623, 1000.000000000000000 ) ;
#2216 = DIRECTION ( 'NONE',  ( 0.000000000000000000, 0.000000000000000000, 1.000000000000000000 ) ) ;
#2217 = ORIENTED_EDGE ( 'NONE', *, *, #279, .T. ) ;
#2218 = LINE ( 'NONE', #1240, #1712 ) ;
#2219 = VERTEX_POINT ( 'NONE', #2748 ) ;
#2220 = ORIENTED_EDGE ( 'NONE', *, *, #1613, .F. ) ;
#2221 = CARTESIAN_POINT ( 'NONE',  ( -50.78331224729024740, -17.69506410704916632, 8.000000000000000000 ) ) ;
#2222 = DIRECTION ( 'NONE',  ( -0.000000000000000000, -0.000000000000000000, -1.000000000000000000 ) ) ;
#2223 = LINE ( 'NONE', #737, #1953 ) ;
#2224 = EDGE_CURVE ( 'NONE', #3057, #4, #2432, .T. ) ;
#2225 = CARTESIAN_POINT ( 'NONE',  ( -50.80000686645399810, 1.823661992376926331E-16, 0.000000000000000000 ) ) ;
#2226 = CARTESIAN_POINT ( 'NONE',  ( -37.18348693847600828, 1.823661992376926331E-16, 8.000000000000000000 ) ) ;
#2227 = VECTOR ( 'NONE', #2370, 1000.000000000000000 ) ;
#2228 = EDGE_CURVE ( 'NONE', #2443, #2284, #2170, .T. ) ;
#2229 = ORIENTED_EDGE ( 'NONE', *, *, #2971, .T. ) ;
#2230 = CARTESIAN_POINT ( 'NONE',  ( 13.61651611327399714, -12.69506454467800260, 8.000000000000000000 ) ) ;
#2231 = DIRECTION ( 'NONE',  ( 1.000000000000000000, 0.000000000000000000, 0.000000000000000000 ) ) ;
#2232 = ORIENTED_EDGE ( 'NONE', *, *, #1465, .T. ) ;
#2233 = ORIENTED_EDGE ( 'NONE', *, *, #3028, .T. ) ;
#2234 = CARTESIAN_POINT ( 'NONE',  ( -25.40000915527398817, 2.349120206389891032E-15, 8.000000000000000000 ) ) ;
#2235 = VERTEX_POINT ( 'NONE', #234 ) ;
#2236 = ORIENTED_EDGE ( 'NONE', *, *, #2628, .F. ) ;
#2237 = FACE_BOUND ( 'NONE', #1487, .T. ) ;
#2238 = DIRECTION ( 'NONE',  ( 1.840207436943774369E-16, -1.000000000000000000, 0.000000000000000000 ) ) ;
#2239 = DIRECTION ( 'NONE',  ( -0.000000000000000000, -0.000000000000000000, -1.000000000000000000 ) ) ;
#2240 = CARTESIAN_POINT ( 'NONE',  ( 25.39999389648399486, -17.69506454467800438, 8.000000000000000000 ) ) ;
#2241 = LINE ( 'NONE', #1476, #1960 ) ;
#2242 = ORIENTED_EDGE ( 'NONE', *, *, #1511, .T. ) ;
#2243 = EDGE_CURVE ( 'NONE', #1721, #354, #1722, .T. ) ;
#2244 = EDGE_CURVE ( 'NONE', #246, #1737, #2015, .T. ) ;
#2245 = DIRECTION ( 'NONE',  ( -1.000000000000000000, 0.000000000000000000, 0.000000000000000000 ) ) ;
#2246 = VERTEX_POINT ( 'NONE', #2732 ) ;
#2247 = CIRCLE ( 'NONE', #1411, 2.049999999999996270 ) ;
#2248 = EDGE_CURVE ( 'NONE', #246, #1699, #2218, .T. ) ;
#2249 = AXIS2_PLACEMENT_3D ( 'NONE', #701, #2706, #682 ) ;
#2250 = DIRECTION ( 'NONE',  ( 1.000000000000000000, 0.000000000000000000, 0.000000000000000000 ) ) ;
#2251 = AXIS2_PLACEMENT_3D ( 'NONE', #1448, #2697, #2161 ) ;
#2252 = ORIENTED_EDGE ( 'NONE', *, *, #1982, .T. ) ;
#2253 = EDGE_LOOP ( 'NONE', ( #1542, #3041, #863, #3002, #1631 ) ) ;
#2254 = FACE_OUTER_BOUND ( 'NONE', #1933, .T. ) ;
#2255 = CARTESIAN_POINT ( 'NONE',  ( -37.18348693847600828, 3.313386122555504798, 8.000000000000000000 ) ) ;
#2256 = DIRECTION ( 'NONE',  ( 1.000000000000000000, 0.000000000000000000, 0.000000000000000000 ) ) ;
#2257 = CARTESIAN_POINT ( 'NONE',  ( -25.38540649414000683, -15.69506454467799905, 5.999999999999998224 ) ) ;
#2258 = CARTESIAN_POINT ( 'NONE',  ( 54.29851531982400559, -12.69400024414100336, 0.000000000000000000 ) ) ;
#2259 = ORIENTED_EDGE ( 'NONE', *, *, #949, .F. ) ;
#2260 = ORIENTED_EDGE ( 'NONE', *, *, #300, .T. ) ;
#2261 = DIRECTION ( 'NONE',  ( 1.000000000000000000, 0.000000000000000000, 0.000000000000000000 ) ) ;
#2262 = VERTEX_POINT ( 'NONE', #1938 ) ;
#2263 = AXIS2_PLACEMENT_3D ( 'NONE', #84, #3084, #840 ) ;
#2264 = ADVANCED_FACE ( 'NONE', ( #3221 ), #2279, .F. ) ;
#2265 = AXIS2_PLACEMENT_3D ( 'NONE', #1638, #948, #1133 ) ;
#2266 = LINE ( 'NONE', #2019, #1914 ) ;
#2267 = EDGE_CURVE ( 'NONE', #976, #370, #2958, .T. ) ;
#2268 = ORIENTED_EDGE ( 'NONE', *, *, #1329, .T. ) ;
#2269 = ORIENTED_EDGE ( 'NONE', *, *, #1668, .T. ) ;
#2270 = CARTESIAN_POINT ( 'NONE',  ( 80.33151507568400973, -4.541999633788991630, 8.000000000000000000 ) ) ;
#2271 = DIRECTION ( 'NONE',  ( 1.000000000000000000, 0.000000000000000000, 0.000000000000000000 ) ) ;
#2272 = DIRECTION ( 'NONE',  ( -0.000000000000000000, -0.000000000000000000, -1.000000000000000000 ) ) ;
#2273 = VECTOR ( 'NONE', #2873, 1000.000000000000000 ) ;
#2274 = AXIS2_PLACEMENT_3D ( 'NONE', #413, #886, #642 ) ;
#2275 = DIRECTION ( 'NONE',  ( -1.000000000000000000, 0.000000000000000000, 0.000000000000000000 ) ) ;
#2276 = DIRECTION ( 'NONE',  ( 1.000000000000000000, 0.000000000000000000, 0.000000000000000000 ) ) ;
#2277 = VECTOR ( 'NONE', #1622, 1000.000000000000000 ) ;
#2278 = ORIENTED_EDGE ( 'NONE', *, *, #2310, .F. ) ;
#2279 = CONICAL_SURFACE ( 'NONE', #1134, 3.313386122555502133, 0.7853981633974485010 ) ;
#2280 = CARTESIAN_POINT ( 'NONE',  ( 0.000000000000000000, 0.000000000000000000, 0.000000000000000000 ) ) ;
#2281 = CIRCLE ( 'NONE', #873, 3.000000000009702017 ) ;
#2282 = ADVANCED_FACE ( 'NONE', ( #2701 ), #2185, .F. ) ;
#2283 = CARTESIAN_POINT ( 'NONE',  ( -62.58473982447705453, -9.700001025516314712, 8.000000000000000000 ) ) ;
#2284 = VERTEX_POINT ( 'NONE', #927 ) ;
#2285 = EDGE_LOOP ( 'NONE', ( #2278, #815 ) ) ;
#2286 = EDGE_CURVE ( 'NONE', #151, #2735, #1909, .T. ) ;
#2287 = VERTEX_POINT ( 'NONE', #3202 ) ;
#2288 = EDGE_CURVE ( 'NONE', #3197, #1717, #3122, .T. ) ;
#2289 = FACE_OUTER_BOUND ( 'NONE', #1300, .T. ) ;
#2290 = CARTESIAN_POINT ( 'NONE',  ( 13.61651611327399714, -9.695064544678004381, 5.999999999999998224 ) ) ;
#2291 =( LENGTH_UNIT ( ) NAMED_UNIT ( * ) SI_UNIT ( .MILLI., .METRE. ) );
#2292 = DIRECTION ( 'NONE',  ( -0.000000000000000000, -0.000000000000000000, -1.000000000000000000 ) ) ;
#2293 = LINE ( 'NONE', #306, #1963 ) ;
#2294 = DIRECTION ( 'NONE',  ( -1.280292750107121534E-16, 0.7071067811872332465, -0.7071067811858618990 ) ) ;
#2295 = ORIENTED_EDGE ( 'NONE', *, *, #2267, .T. ) ;
#2296 = ORIENTED_EDGE ( 'NONE', *, *, #1531, .F. ) ;
#2297 = DIRECTION ( 'NONE',  ( -1.000000000000000000, -1.840207436943464248E-16, -0.000000000000000000 ) ) ;
#2298 = DIRECTION ( 'NONE',  ( 1.000000000000000000, 8.881784197001252323E-16, 0.000000000000000000 ) ) ;
#2299 = VERTEX_POINT ( 'NONE', #1684 ) ;
#2300 = CIRCLE ( 'NONE', #311, 2.999999999999999112 ) ;
#2301 = ORIENTED_EDGE ( 'NONE', *, *, #491, .T. ) ;
#2302 = CARTESIAN_POINT ( 'NONE',  ( -62.58348464965800417, -12.70000076293900015, 5.999999999999970690 ) ) ;
#2303 = DIRECTION ( 'NONE',  ( -1.840207436943774369E-16, 1.000000000000000000, 0.000000000000000000 ) ) ;
#2304 = VECTOR ( 'NONE', #1243, 1000.000000000000000 ) ;
#2305 = EDGE_CURVE ( 'NONE', #14, #1079, #2018, .T. ) ;
#2306 = VECTOR ( 'NONE', #930, 1000.000000000000000 ) ;
#2307 = LINE ( 'NONE', #37, #1363 ) ;
#2308 = LINE ( 'NONE', #914, #2595 ) ;
#2309 = DIRECTION ( 'NONE',  ( -1.000000000000000000, 0.000000000000000000, 0.000000000000000000 ) ) ;
#2310 = EDGE_CURVE ( 'NONE', #1434, #2219, #767, .T. ) ;
#2311 = DIRECTION ( 'NONE',  ( -1.000000000000000000, 0.000000000000000000, 0.000000000000000000 ) ) ;
#2312 = ORIENTED_EDGE ( 'NONE', *, *, #1593, .T. ) ;
#2313 = CONICAL_SURFACE ( 'NONE', #3081, 2.999999999999999112, 0.7853981633974482790 ) ;
#2314 = VECTOR ( 'NONE', #1067, 1000.000000000000000 ) ;
#2315 = CARTESIAN_POINT ( 'NONE',  ( -7.629394990771309892E-06, -12.69506454467800260, 8.000000000000000000 ) ) ;
#2316 = ORIENTED_EDGE ( 'NONE', *, *, #2830, .T. ) ;
#2317 = VECTOR ( 'NONE', #525, 1000.000000000000000 ) ;
#2318 = ORIENTED_EDGE ( 'NONE', *, *, #1229, .F. ) ;
#2319 = CARTESIAN_POINT ( 'NONE',  ( 13.61651611327399714, -2.999999999999999556, 0.000000000000000000 ) ) ;
#2320 = ORIENTED_EDGE ( 'NONE', *, *, #1070, .F. ) ;
#2321 = FACE_OUTER_BOUND ( 'NONE', #137, .T. ) ;
#2322 = DIRECTION ( 'NONE',  ( -1.000000000000000000, 0.000000000000000000, 0.000000000000000000 ) ) ;
#2323 = CARTESIAN_POINT ( 'NONE',  ( -11.78348541259700788, -3.000000000000000444, 5.999999999999998224 ) ) ;
#2324 = EDGE_CURVE ( 'NONE', #774, #2729, #1027, .T. ) ;
#2325 = CARTESIAN_POINT ( 'NONE',  ( -11.78348541259700788, -15.69506454467800260, 5.999999999999998224 ) ) ;
#2326 = DIRECTION ( 'NONE',  ( 1.000000000000000000, 0.000000000000000000, 0.000000000000000000 ) ) ;
#2327 = AXIS2_PLACEMENT_3D ( 'NONE', #273, #1760, #2950 ) ;
#2328 = EDGE_CURVE ( 'NONE', #2645, #2262, #186, .T. ) ;
#2329 = LINE ( 'NONE', #116, #3224 ) ;
#2330 = VECTOR ( 'NONE', #1406, 1000.000000000000000 ) ;
#2331 = AXIS2_PLACEMENT_3D ( 'NONE', #2789, #539, #3095 ) ;
#2332 = CARTESIAN_POINT ( 'NONE',  ( 82.33151507568400973, 9.658000366211005883, 8.000000000000000000 ) ) ;
#2333 = EDGE_LOOP ( 'NONE', ( #1713, #1985, #455, #1093 ) ) ;
#2334 = VECTOR ( 'NONE', #2814, 1000.000000000000000 ) ;
#2335 = VERTEX_POINT ( 'NONE', #2070 ) ;
#2336 = VERTEX_POINT ( 'NONE', #1810 ) ;
#2337 = LINE ( 'NONE', #2647, #683 ) ;
#2338 = ORIENTED_EDGE ( 'NONE', *, *, #9, .F. ) ;
#2339 = EDGE_LOOP ( 'NONE', ( #3181, #387, #2387, #3091 ) ) ;
#2340 = CYLINDRICAL_SURFACE ( 'NONE', #1396, 3.000000000000002665 ) ;
#2341 = PRODUCT_CONTEXT ( 'NONE', #2913, 'mechanical' ) ;
#2342 = DIRECTION ( 'NONE',  ( -0.000000000000000000, -0.000000000000000000, -1.000000000000000000 ) ) ;
#2343 = DIRECTION ( 'NONE',  ( 1.000000000000000000, 0.000000000000000000, 0.000000000000000000 ) ) ;
#2344 = CARTESIAN_POINT ( 'NONE',  ( -1.271565832082693166E-05, 5.000000000000005329, 8.000000000000000000 ) ) ;
#2345 = EDGE_LOOP ( 'NONE', ( #45, #492, #1827, #1958 ) ) ;
#2346 = CARTESIAN_POINT ( 'NONE',  ( -11.78348541259700788, -15.69506454467800260, 8.000000000000000000 ) ) ;
#2347 = EDGE_CURVE ( 'NONE', #2865, #2848, #3022, .T. ) ;
#2348 = SURFACE_STYLE_USAGE ( .BOTH. , #118 ) ;
#2349 = VERTEX_POINT ( 'NONE', #2801 ) ;
#2350 = EDGE_LOOP ( 'NONE', ( #2381, #2602, #3155, #1273 ) ) ;
#2351 = EDGE_CURVE ( 'NONE', #2977, #1450, #2601, .T. ) ;
#2352 = ORIENTED_EDGE ( 'NONE', *, *, #810, .T. ) ;
#2353 = ORIENTED_EDGE ( 'NONE', *, *, #3210, .F. ) ;
#2354 = ORIENTED_EDGE ( 'NONE', *, *, #69, .F. ) ;
#2355 = LINE ( 'NONE', #1111, #2757 ) ;
#2356 = LINE ( 'NONE', #322, #274 ) ;
#2357 = DIRECTION ( 'NONE',  ( 0.000000000000000000, 0.000000000000000000, 1.000000000000000000 ) ) ;
#2358 = AXIS2_PLACEMENT_3D ( 'NONE', #1848, #1636, #112 ) ;
#2359 = DIRECTION ( 'NONE',  ( -0.000000000000000000, -0.000000000000000000, -1.000000000000000000 ) ) ;
#2360 = CARTESIAN_POINT ( 'NONE',  ( 10.61651611327399714, 0.000000000000000000, 8.000000000000000000 ) ) ;
#2361 = AXIS2_PLACEMENT_3D ( 'NONE', #2986, #3003, #484 ) ;
#2362 = DIRECTION ( 'NONE',  ( 1.472165949554773075E-16, -1.000000000000000000, 0.000000000000000000 ) ) ;
#2363 = FACE_OUTER_BOUND ( 'NONE', #952, .T. ) ;
#2364 = EDGE_CURVE ( 'NONE', #564, #3223, #1074, .T. ) ;
#2365 = DIRECTION ( 'NONE',  ( 1.000000000000000000, 0.000000000000000000, 0.000000000000000000 ) ) ;
#2366 = ORIENTED_EDGE ( 'NONE', *, *, #1167, .F. ) ;
#2367 = EDGE_LOOP ( 'NONE', ( #414, #268, #2682, #2669 ) ) ;
#2368 = ORIENTED_EDGE ( 'NONE', *, *, #242, .F. ) ;
#2369 = EDGE_CURVE ( 'NONE', #537, #1941, #1714, .T. ) ;
#2370 = DIRECTION ( 'NONE',  ( 0.000000000000000000, 0.7071067811865476838, 0.7071067811865474617 ) ) ;
#2371 = AXIS2_PLACEMENT_3D ( 'NONE', #64, #1311, #52 ) ;
#2372 = VERTEX_POINT ( 'NONE', #265 ) ;
#2373 = CARTESIAN_POINT ( 'NONE',  ( -172.6684849243160045, 9.658000366211005883, 0.000000000000000000 ) ) ;
#2374 = AXIS2_PLACEMENT_3D ( 'NONE', #1457, #207, #2208 ) ;
#2375 = DIRECTION ( 'NONE',  ( -0.9999999124742280365, -0.0004183916063498324851, 0.000000000000000000 ) ) ;
#2376 = DIRECTION ( 'NONE',  ( -0.000000000000000000, -0.000000000000000000, -1.000000000000000000 ) ) ;
#2377 = DIRECTION ( 'NONE',  ( -0.7071067811865456854, 8.659560562354909439E-17, 0.7071067811865493491 ) ) ;
#2378 = PLANE ( 'NONE',  #147 ) ;
#2379 = CONICAL_SURFACE ( 'NONE', #2327, 2.999999999999999112, 0.7853981633974482790 ) ;
#2380 = FACE_OUTER_BOUND ( 'NONE', #185, .T. ) ;
#2381 = ORIENTED_EDGE ( 'NONE', *, *, #2590, .T. ) ;
#2382 = CIRCLE ( 'NONE', #605, 3.313386122555502133 ) ;
#2383 = CIRCLE ( 'NONE', #347, 2.049999999999996270 ) ;
#2384 = CARTESIAN_POINT ( 'NONE',  ( -37.18348693847600828, 3.313386122555504798, 5.999999999999998224 ) ) ;
#2385 = EDGE_CURVE ( 'NONE', #2032, #3216, #313, .T. ) ;
#2386 = EDGE_CURVE ( 'NONE', #2907, #1534, #1317, .T. ) ;
#2387 = ORIENTED_EDGE ( 'NONE', *, *, #294, .T. ) ;
#2388 = DIRECTION ( 'NONE',  ( -1.000000000000000000, -1.840207436943773876E-16, 0.000000000000000000 ) ) ;
#2389 = CARTESIAN_POINT ( 'NONE',  ( 0.007394575951391997755, -17.67381369977378114, 8.000000000000000000 ) ) ;
#2390 = CYLINDRICAL_SURFACE ( 'NONE', #1119, 2.999999999999999112 ) ;
#2391 = EDGE_CURVE ( 'NONE', #2828, #58, #2266, .T. ) ;
#2392 = CARTESIAN_POINT ( 'NONE',  ( 82.33151507568400973, 9.658000366211005883, 0.000000000000000000 ) ) ;
#2393 = DIRECTION ( 'NONE',  ( -1.840207436943464248E-16, 1.000000000000000000, 0.000000000000000000 ) ) ;
#2394 = CARTESIAN_POINT ( 'NONE',  ( -37.18348693847600828, 3.313386122555504798, 5.999999999999998224 ) ) ;
#2395 = ORIENTED_EDGE ( 'NONE', *, *, #1106, .T. ) ;
#2396 = DIRECTION ( 'NONE',  ( -0.000000000000000000, -0.000000000000000000, -1.000000000000000000 ) ) ;
#2397 = EDGE_LOOP ( 'NONE', ( #1202, #2164 ) ) ;
#2398 = FACE_BOUND ( 'NONE', #3031, .T. ) ;
#2399 = FACE_OUTER_BOUND ( 'NONE', #1307, .T. ) ;
#2400 = AXIS2_PLACEMENT_3D ( 'NONE', #561, #97, #62 ) ;
#2401 = DIRECTION ( 'NONE',  ( 1.000000000000000000, 0.000000000000000000, 0.000000000000000000 ) ) ;
#2402 = ADVANCED_FACE ( 'NONE', ( #1547 ), #2549, .F. ) ;
#2403 = AXIS2_PLACEMENT_3D ( 'NONE', #2926, #2473, #1226 ) ;
#2404 = DIRECTION ( 'NONE',  ( -0.000000000000000000, -0.000000000000000000, -1.000000000000000000 ) ) ;
#2405 = CARTESIAN_POINT ( 'NONE',  ( 62.28151507568401257, 6.658000366211003218, 5.000000000000000000 ) ) ;
#2406 = ADVANCED_FACE ( 'NONE', ( #1007 ), #2761, .F. ) ;
#2407 = CIRCLE ( 'NONE', #2572, 2.999999999999999112 ) ;
#2408 = VERTEX_POINT ( 'NONE', #73 ) ;
#2409 = AXIS2_PLACEMENT_3D ( 'NONE', #1004, #1018, #2462 ) ;
#2410 = DIRECTION ( 'NONE',  ( -1.000000000000000000, 0.000000000000000000, -0.000000000000000000 ) ) ;
#2411 = DIRECTION ( 'NONE',  ( 0.000000000000000000, 1.000000000000000000, 0.000000000000000000 ) ) ;
#2412 = ORIENTED_EDGE ( 'NONE', *, *, #178, .T. ) ;
#2413 = ORIENTED_EDGE ( 'NONE', *, *, #614, .T. ) ;
#2414 = VERTEX_POINT ( 'NONE', #295 ) ;
#2415 = DIRECTION ( 'NONE',  ( -1.000000000000000000, 0.000000000000000000, 0.000000000000000000 ) ) ;
#2416 = EDGE_LOOP ( 'NONE', ( #1112, #1058, #637, #1562 ) ) ;
#2417 = CYLINDRICAL_SURFACE ( 'NONE', #2783, 2.049999999999996270 ) ;
#2418 = LINE ( 'NONE', #882, #2330 ) ;
#2419 = VECTOR ( 'NONE', #3048, 1000.000000000000000 ) ;
#2420 = DIRECTION ( 'NONE',  ( 0.000000000000000000, 0.000000000000000000, 1.000000000000000000 ) ) ;
#2421 = EDGE_CURVE ( 'NONE', #370, #862, #3172, .T. ) ;
#2422 = DIRECTION ( 'NONE',  ( -1.000000000000000000, -0.000000000000000000, -0.000000000000000000 ) ) ;
#2423 = DIRECTION ( 'NONE',  ( 1.301223157452639251E-16, -0.7071067811865473507, -0.7071067811865476838 ) ) ;
#2424 = ORIENTED_EDGE ( 'NONE', *, *, #2854, .T. ) ;
#2425 = EDGE_CURVE ( 'NONE', #213, #1981, #2534, .T. ) ;
#2426 = ORIENTED_EDGE ( 'NONE', *, *, #304, .T. ) ;
#2427 = DIRECTION ( 'NONE',  ( 4.886545002751569919E-16, 1.000000000000000000, -0.000000000000000000 ) ) ;
#2428 = CARTESIAN_POINT ( 'NONE',  ( -172.6684849243160329, -18.74199963378898914, 0.000000000000000000 ) ) ;
#2429 = ORIENTED_EDGE ( 'NONE', *, *, #2628, .T. ) ;
#2430 = ORIENTED_EDGE ( 'NONE', *, *, #614, .F. ) ;
#2431 = AXIS2_PLACEMENT_3D ( 'NONE', #722, #480, #2526 ) ;
#2432 = LINE ( 'NONE', #1973, #3068 ) ;
#2433 = AXIS2_PLACEMENT_3D ( 'NONE', #2506, #2980, #16 ) ;
#2434 = VERTEX_POINT ( 'NONE', #1284 ) ;
#2435 = VECTOR ( 'NONE', #819, 1000.000000000000000 ) ;
#2436 = ORIENTED_EDGE ( 'NONE', *, *, #650, .T. ) ;
#2437 = PLANE ( 'NONE',  #2403 ) ;
#2438 = LINE ( 'NONE', #753, #1600 ) ;
#2439 = LINE ( 'NONE', #1441, #959 ) ;
#2440 = VECTOR ( 'NONE', #1270, 1000.000000000000000 ) ;
#2441 = CARTESIAN_POINT ( 'NONE',  ( -11.78348541259700788, 3.000000000000000444, 5.999999999999998224 ) ) ;
#2442 = DIRECTION ( 'NONE',  ( 1.000000000000000000, 0.000000000000000000, 0.000000000000000000 ) ) ;
#2443 = VERTEX_POINT ( 'NONE', #1056 ) ;
#2444 = ORIENTED_EDGE ( 'NONE', *, *, #2286, .F. ) ;
#2445 = FACE_OUTER_BOUND ( 'NONE', #2049, .T. ) ;
#2446 = DIRECTION ( 'NONE',  ( 0.000000000000000000, 0.000000000000000000, 1.000000000000000000 ) ) ;
#2447 = ORIENTED_EDGE ( 'NONE', *, *, #2347, .F. ) ;
#2448 = EDGE_CURVE ( 'NONE', #879, #862, #2034, .T. ) ;
#2449 = ORIENTED_EDGE ( 'NONE', *, *, #2471, .F. ) ;
#2450 = CARTESIAN_POINT ( 'NONE',  ( 13.61651611327399714, -12.69506454467800260, 0.000000000000000000 ) ) ;
#2451 = EDGE_CURVE ( 'NONE', #849, #3197, #1040, .T. ) ;
#2452 = ORIENTED_EDGE ( 'NONE', *, *, #2717, .T. ) ;
#2453 = VERTEX_POINT ( 'NONE', #2052 ) ;
#2454 = CARTESIAN_POINT ( 'NONE',  ( 82.33151507568400973, 9.658000366211005883, 8.000000000000000000 ) ) ;
#2455 = LINE ( 'NONE', #2255, #1652 ) ;
#2456 = DIRECTION ( 'NONE',  ( -1.000000000000000000, 0.000000000000000000, 0.000000000000000000 ) ) ;
#2457 = CARTESIAN_POINT ( 'NONE',  ( -65.58348464965800417, -1.984387807914870121E-15, 8.000000000000000000 ) ) ;
#2458 = DIRECTION ( 'NONE',  ( 0.000000000000000000, 0.000000000000000000, 1.000000000000000000 ) ) ;
#2459 = CLOSED_SHELL ( 'NONE', ( #3113, #1091, #2084, #487, #2406, #2509, #967, #2905, #2596, #3071, #2186, #1204, #791, #120, #1946, #2282, #989, #513, #3234, #1822, #245, #609, #1447, #141, #550, #984, #1939, #2498, #2548, #471, #2064, #1266, #2143, #1268, #2951, #1907, #426, #1864, #3070, #1022, #1632, #3114, #2613, #848, #729, #104, #1486, #1149, #2402, #1609, #388, #985, #908, #2815, #371, #3009, #1589, #1750, #2874, #2631, #646, #1331, #812, #566, #33, #1693, #1512, #1248, #1367, #1234, #2989, #1451, #277, #1715, #2165, #964, #2128, #1188, #1122, #1371, #2872, #2554, #1006, #1733, #406, #219, #854, #2264, #1408, #1828, #2632, #687, #1491, #2674, #3132, #903, #1925, #1302, #2667, #431, #323, #752, #1773, #828, #199, #26 ) ) ;
#2460 = ORIENTED_EDGE ( 'NONE', *, *, #1571, .T. ) ;
#2461 = ORIENTED_EDGE ( 'NONE', *, *, #787, .F. ) ;
#2462 = DIRECTION ( 'NONE',  ( -0.9999999124742280365, -0.0004183916063498324851, 0.000000000000000000 ) ) ;
#2463 = CIRCLE ( 'NONE', #1052, 3.000000000000002665 ) ;
#2464 = DIRECTION ( 'NONE',  ( -0.000000000000000000, -0.000000000000000000, -1.000000000000000000 ) ) ;
#2465 = EDGE_LOOP ( 'NONE', ( #936, #552, #1287, #2236 ) ) ;
#2466 = ORIENTED_EDGE ( 'NONE', *, *, #2514, .F. ) ;
#2467 = AXIS2_PLACEMENT_3D ( 'NONE', #801, #319, #1060 ) ;
#2468 = EDGE_CURVE ( 'NONE', #717, #2414, #829, .T. ) ;
#2469 = CARTESIAN_POINT ( 'NONE',  ( -72.14448492431600357, 6.658000366211003218, 5.000000000000000000 ) ) ;
#2470 = ORIENTED_EDGE ( 'NONE', *, *, #1391, .F. ) ;
#2471 = EDGE_CURVE ( 'NONE', #717, #2051, #333, .T. ) ;
#2472 = VERTEX_POINT ( 'NONE', #763 ) ;
#2473 = DIRECTION ( 'NONE',  ( 0.000000000000000000, 0.000000000000000000, 1.000000000000000000 ) ) ;
#2474 = CARTESIAN_POINT ( 'NONE',  ( -74.19448492431600073, 6.658000366211003218, 0.000000000000000000 ) ) ;
#2475 = FACE_OUTER_BOUND ( 'NONE', #2699, .T. ) ;
#2476 = CYLINDRICAL_SURFACE ( 'NONE', #1732, 2.999999999999995559 ) ;
#2477 = CYLINDRICAL_SURFACE ( 'NONE', #760, 3.313386122555502133 ) ;
#2478 = AXIS2_PLACEMENT_3D ( 'NONE', #369, #2117, #2629 ) ;
#2479 = ORIENTED_EDGE ( 'NONE', *, *, #1716, .F. ) ;
#2480 = FACE_BOUND ( 'NONE', #1042, .T. ) ;
#2481 = AXIS2_PLACEMENT_3D ( 'NONE', #786, #360, #2090 ) ;
#2482 = FACE_OUTER_BOUND ( 'NONE', #1223, .T. ) ;
#2483 = VERTEX_POINT ( 'NONE', #3136 ) ;
#2484 = CARTESIAN_POINT ( 'NONE',  ( -11.78348541259700788, -15.69506454467800260, 5.999999999999998224 ) ) ;
#2485 = AXIS2_PLACEMENT_3D ( 'NONE', #775, #1948, #1232 ) ;
#2486 = ORIENTED_EDGE ( 'NONE', *, *, #328, .T. ) ;
#2487 = ORIENTED_EDGE ( 'NONE', *, *, #528, .F. ) ;
#2488 = DIRECTION ( 'NONE',  ( 1.000000000000000000, 0.000000000000000000, 0.000000000000000000 ) ) ;
#2489 = CIRCLE ( 'NONE', #657, 2.999999999999995559 ) ;
#2490 = DIRECTION ( 'NONE',  ( 1.000000000000000000, 2.944331899109546150E-16, 0.000000000000000000 ) ) ;
#2491 = CARTESIAN_POINT ( 'NONE',  ( -7.629394990771309892E-06, -12.69506454467800260, 5.999999999999998224 ) ) ;
#2492 = EDGE_CURVE ( 'NONE', #1805, #1950, #2281, .T. ) ;
#2493 = EDGE_CURVE ( 'NONE', #1815, #2781, #2709, .T. ) ;
#2494 = AXIS2_PLACEMENT_3D ( 'NONE', #2502, #2684, #249 ) ;
#2495 = DIRECTION ( 'NONE',  ( 0.000000000000000000, 0.000000000000000000, 1.000000000000000000 ) ) ;
#2496 = CARTESIAN_POINT ( 'NONE',  ( -11.78348541259700788, 0.000000000000000000, 5.999999999999998224 ) ) ;
#2497 = CIRCLE ( 'NONE', #1762, 5.000000000000000888 ) ;
#2498 = ADVANCED_FACE ( 'NONE', ( #1400 ), #890, .F. ) ;
#2499 = VERTEX_POINT ( 'NONE', #615 ) ;
#2500 = FACE_BOUND ( 'NONE', #750, .T. ) ;
#2501 = VERTEX_POINT ( 'NONE', #3104 ) ;
#2502 = CARTESIAN_POINT ( 'NONE',  ( 25.39999389648399486, 3.000384657910999593E-16, 8.000000000000000000 ) ) ;
#2503 = VERTEX_POINT ( 'NONE', #1385 ) ;
#2504 = ORIENTED_EDGE ( 'NONE', *, *, #1190, .F. ) ;
#2505 = LINE ( 'NONE', #3176, #2306 ) ;
#2506 = CARTESIAN_POINT ( 'NONE',  ( -11.78348541259700788, -12.69506454467800260, 8.000000000000000000 ) ) ;
#2507 = DIRECTION ( 'NONE',  ( 0.000000000000000000, 0.7071067811865474617, -0.7071067811865474617 ) ) ;
#2508 = DIRECTION ( 'NONE',  ( -0.000000000000000000, -0.000000000000000000, -1.000000000000000000 ) ) ;
#2509 = ADVANCED_FACE ( 'NONE', ( #2846 ), #2175, .F. ) ;
#2510 = DIRECTION ( 'NONE',  ( 1.000000000000000000, 0.000000000000000000, 0.000000000000000000 ) ) ;
#2511 = MANIFOLD_SOLID_BREP ( '\X2\52079664\X0\-\X2\62c94f38\X0\1', #2459 ) ;
#2512 = ORIENTED_EDGE ( 'NONE', *, *, #1128, .F. ) ;
#2513 = ORIENTED_EDGE ( 'NONE', *, *, #2970, .T. ) ;
#2514 = EDGE_CURVE ( 'NONE', #1072, #2246, #1597, .T. ) ;
#2515 = DIRECTION ( 'NONE',  ( 1.000000000000000000, 0.000000000000000000, 0.000000000000000000 ) ) ;
#2516 = AXIS2_PLACEMENT_3D ( 'NONE', #2225, #2495, #3016 ) ;
#2517 = VECTOR ( 'NONE', #3029, 1000.000000000000000 ) ;
#2518 = DIRECTION ( 'NONE',  ( -0.000000000000000000, -0.000000000000000000, -1.000000000000000000 ) ) ;
#2519 = CONICAL_SURFACE ( 'NONE', #2987, 2.999999999999995559, 0.7853981633974482790 ) ;
#2520 = ORIENTED_EDGE ( 'NONE', *, *, #89, .F. ) ;
#2521 = ORIENTED_EDGE ( 'NONE', *, *, #1167, .T. ) ;
#2522 = LINE ( 'NONE', #3042, #1105 ) ;
#2523 = CARTESIAN_POINT ( 'NONE',  ( 57.29851531982400559, -12.69400024414100336, 8.000000000000000000 ) ) ;
#2524 = CYLINDRICAL_SURFACE ( 'NONE', #1222, 3.000000000000002665 ) ;
#2525 = FACE_OUTER_BOUND ( 'NONE', #3024, .T. ) ;
#2526 = DIRECTION ( 'NONE',  ( 1.000000000000000000, 0.000000000000000000, 0.000000000000000000 ) ) ;
#2527 = ORIENTED_EDGE ( 'NONE', *, *, #2528, .T. ) ;
#2528 = EDGE_CURVE ( 'NONE', #2645, #2850, #1630, .T. ) ;
#2529 = DIRECTION ( 'NONE',  ( 0.000000000000000000, 0.000000000000000000, 1.000000000000000000 ) ) ;
#2530 = VECTOR ( 'NONE', #2181, 1000.000000000000000 ) ;
#2531 = EDGE_CURVE ( 'NONE', #236, #1870, #1645, .T. ) ;
#2532 = EDGE_CURVE ( 'NONE', #1078, #4, #2664, .T. ) ;
#2533 = CONICAL_SURFACE ( 'NONE', #1325, 2.999999999999999112, 0.7853981633974482790 ) ;
#2534 = LINE ( 'NONE', #278, #1183 ) ;
#2535 = EDGE_LOOP ( 'NONE', ( #1550, #1468, #2592, #2703 ) ) ;
#2536 = ORIENTED_EDGE ( 'NONE', *, *, #2328, .T. ) ;
#2537 = CARTESIAN_POINT ( 'NONE',  ( 57.29851531982400559, -12.69400024414100336, 6.000000000000014211 ) ) ;
#2538 = DIRECTION ( 'NONE',  ( 1.000000000000000000, 0.000000000000000000, 0.000000000000000000 ) ) ;
#2539 = CARTESIAN_POINT ( 'NONE',  ( -11.78348541259700788, -17.69506454467800438, 8.000000000000000000 ) ) ;
#2540 = AXIS2_PLACEMENT_3D ( 'NONE', #1931, #900, #143 ) ;
#2541 = CYLINDRICAL_SURFACE ( 'NONE', #530, 3.000000000000000888 ) ;
#2542 = CARTESIAN_POINT ( 'NONE',  ( -7.629394988341248600E-06, -3.000000000000000444, 5.999999999999998224 ) ) ;
#2543 = DIRECTION ( 'NONE',  ( 0.000000000000000000, 0.000000000000000000, 1.000000000000000000 ) ) ;
#2544 = CIRCLE ( 'NONE', #1178, 2.000000000000001776 ) ;
#2545 = EDGE_LOOP ( 'NONE', ( #891, #2182, #631, #230 ) ) ;
#2546 = VECTOR ( 'NONE', #2878, 1000.000000000000000 ) ;
#2547 = CARTESIAN_POINT ( 'NONE',  ( -11.78348541259700788, -15.69506454467800260, 5.999999999999998224 ) ) ;
#2548 = ADVANCED_FACE ( 'NONE', ( #416 ), #2614, .F. ) ;
#2549 = CYLINDRICAL_SURFACE ( 'NONE', #2908, 2.999999999999999112 ) ;
#2550 = ORIENTED_EDGE ( 'NONE', *, *, #2832, .T. ) ;
#2551 = ORIENTED_EDGE ( 'NONE', *, *, #628, .T. ) ;
#2552 = EDGE_LOOP ( 'NONE', ( #907, #2694, #1285, #2953 ) ) ;
#2553 = DIRECTION ( 'NONE',  ( 0.000000000000000000, 0.7071067811865474617, -0.7071067811865474617 ) ) ;
#2554 = ADVANCED_FACE ( 'NONE', ( #2380 ), #3088, .F. ) ;
#2555 = DIRECTION ( 'NONE',  ( 9.773090005503143782E-16, 1.000000000000000000, 0.000000000000000000 ) ) ;
#2556 = CARTESIAN_POINT ( 'NONE',  ( -50.78665938014104597, -9.695064807255317163, 5.999999999999970690 ) ) ;
#2557 = DIRECTION ( 'NONE',  ( -1.000000000000000000, 0.000000000000000000, 0.000000000000000000 ) ) ;
#2558 = LINE ( 'NONE', #1789, #913 ) ;
#2559 = CARTESIAN_POINT ( 'NONE',  ( -74.19448492431600073, 6.658000366211003218, 5.000000000000000000 ) ) ;
#2560 = ORIENTED_EDGE ( 'NONE', *, *, #2610, .F. ) ;
#2561 = CARTESIAN_POINT ( 'NONE',  ( -11.78348541259700788, -3.000000000000000444, 8.000000000000000000 ) ) ;
#2562 = VECTOR ( 'NONE', #412, 1000.000000000000000 ) ;
#2563 = DIRECTION ( 'NONE',  ( -0.000000000000000000, -0.000000000000000000, -1.000000000000000000 ) ) ;
#2564 = ORIENTED_EDGE ( 'NONE', *, *, #1903, .T. ) ;
#2565 = ORIENTED_EDGE ( 'NONE', *, *, #260, .T. ) ;
#2566 = EDGE_CURVE ( 'NONE', #3216, #1470, #1165, .T. ) ;
#2567 = EDGE_LOOP ( 'NONE', ( #1295, #2021, #633, #486 ) ) ;
#2568 = CARTESIAN_POINT ( 'NONE',  ( -168.6684849243160329, -4.541999633788991630, 8.000000000000000000 ) ) ;
#2569 = DIRECTION ( 'NONE',  ( -1.000000000000000000, 0.000000000000000000, 0.000000000000000000 ) ) ;
#2570 = CARTESIAN_POINT ( 'NONE',  ( 13.61651611327399714, -12.69506454467800260, 8.000000000000000000 ) ) ;
#2571 = EDGE_CURVE ( 'NONE', #2843, #1699, #2212, .T. ) ;
#2572 = AXIS2_PLACEMENT_3D ( 'NONE', #1031, #2075, #3025 ) ;
#2573 = DIRECTION ( 'NONE',  ( 1.000000000000000000, 0.000000000000000000, 0.000000000000000000 ) ) ;
#2574 = CYLINDRICAL_SURFACE ( 'NONE', #2806, 2.999999999999999112 ) ;
#2575 = CARTESIAN_POINT ( 'NONE',  ( -22.38540649414001038, -12.69506454467800260, 5.999999999999998224 ) ) ;
#2576 = DIRECTION ( 'NONE',  ( -1.000000000000000000, -1.840207436943774369E-16, 0.000000000000000000 ) ) ;
#2577 = ORIENTED_EDGE ( 'NONE', *, *, #2796, .T. ) ;
#2578 = AXIS2_PLACEMENT_3D ( 'NONE', #3236, #1170, #972 ) ;
#2579 = DIRECTION ( 'NONE',  ( 0.000000000000000000, 0.7071067811865474617, -0.7071067811865474617 ) ) ;
#2580 = ORIENTED_EDGE ( 'NONE', *, *, #2228, .T. ) ;
#2581 = AXIS2_PLACEMENT_3D ( 'NONE', #1062, #559, #2059 ) ;
#2582 = ORIENTED_EDGE ( 'NONE', *, *, #1229, .T. ) ;
#2583 = CARTESIAN_POINT ( 'NONE',  ( -62.58348464965800417, -5.000000000000001776, 8.000000000000000000 ) ) ;
#2584 = ORIENTED_EDGE ( 'NONE', *, *, #2141, .F. ) ;
#2585 = LINE ( 'NONE', #2290, #919 ) ;
#2586 = CARTESIAN_POINT ( 'NONE',  ( 64.33151507568400973, 6.658000366211003218, 5.000000000000000000 ) ) ;
#2587 = DIRECTION ( 'NONE',  ( -1.000000000000000000, 0.000000000000000000, 0.000000000000000000 ) ) ;
#2588 = LINE ( 'NONE', #2325, #2859 ) ;
#2589 = DIRECTION ( 'NONE',  ( 0.000000000000000000, -0.7071067811865474617, 0.7071067811865475727 ) ) ;
#2590 = EDGE_CURVE ( 'NONE', #135, #2104, #215, .T. ) ;
#2591 = EDGE_CURVE ( 'NONE', #296, #14, #939, .T. ) ;
#2592 = ORIENTED_EDGE ( 'NONE', *, *, #1051, .F. ) ;
#2593 = AXIS2_PLACEMENT_3D ( 'NONE', #1510, #2760, #2510 ) ;
#2594 = CARTESIAN_POINT ( 'NONE',  ( -62.58348464965800417, -3.000000000000000444, 5.999999999999998224 ) ) ;
#2595 = VECTOR ( 'NONE', #2359, 1000.000000000000000 ) ;
#2596 = ADVANCED_FACE ( 'NONE', ( #2793 ), #2895, .F. ) ;
#2597 = VECTOR ( 'NONE', #110, 1000.000000000000000 ) ;
#2598 = CARTESIAN_POINT ( 'NONE',  ( 66.38151507568400689, 6.658000366211003218, 5.000000000000000000 ) ) ;
#2599 = ORIENTED_EDGE ( 'NONE', *, *, #2204, .T. ) ;
#2600 = ORIENTED_EDGE ( 'NONE', *, *, #366, .T. ) ;
#2601 = CIRCLE ( 'NONE', #922, 3.000000000000002665 ) ;
#2602 = ORIENTED_EDGE ( 'NONE', *, *, #1667, .F. ) ;
#2603 = VECTOR ( 'NONE', #2576, 1000.000000000000000 ) ;
#2604 = ORIENTED_EDGE ( 'NONE', *, *, #3094, .T. ) ;
#2605 = CARTESIAN_POINT ( 'NONE',  ( -7.629394991322401386E-06, -15.69506454467800260, 0.000000000000000000 ) ) ;
#2606 = DIRECTION ( 'NONE',  ( 1.000000000000000000, 0.000000000000000000, 0.000000000000000000 ) ) ;
#2607 = PLANE ( 'NONE',  #2931 ) ;
#2608 = DIRECTION ( 'NONE',  ( 0.000000000000000000, -0.000000000000000000, -1.000000000000000000 ) ) ;
#2609 = LINE ( 'NONE', #1345, #2688 ) ;
#2610 = EDGE_CURVE ( 'NONE', #2335, #940, #1381, .T. ) ;
#2611 = CARTESIAN_POINT ( 'NONE',  ( -170.6684849243160329, -4.541999633788991630, 8.000000000000000000 ) ) ;
#2612 = CARTESIAN_POINT ( 'NONE',  ( -37.18348693847600828, 3.313386122555504798, 5.999999999999998224 ) ) ;
#2613 = ADVANCED_FACE ( 'NONE', ( #2698 ), #1479, .F. ) ;
#2614 = PLANE ( 'NONE',  #2845 ) ;
#2615 = ORIENTED_EDGE ( 'NONE', *, *, #591, .T. ) ;
#2616 = ORIENTED_EDGE ( 'NONE', *, *, #517, .F. ) ;
#2617 = EDGE_LOOP ( 'NONE', ( #1513, #1415 ) ) ;
#2618 = CYLINDRICAL_SURFACE ( 'NONE', #2862, 2.999999999999995559 ) ;
#2619 = AXIS2_PLACEMENT_3D ( 'NONE', #1364, #2362, #115 ) ;
#2620 = VERTEX_POINT ( 'NONE', #1201 ) ;
#2621 = CARTESIAN_POINT ( 'NONE',  ( 25.39999389648399486, -2.999999999999999112, 8.000000000000000000 ) ) ;
#2622 = AXIS2_PLACEMENT_3D ( 'NONE', #3115, #1421, #1911 ) ;
#2623 = DIRECTION ( 'NONE',  ( 0.000000000000000000, -0.7071067811865475727, -0.7071067811865474617 ) ) ;
#2624 = DIRECTION ( 'NONE',  ( -0.000000000000000000, -0.000000000000000000, -1.000000000000000000 ) ) ;
#2625 = AXIS2_PLACEMENT_3D ( 'NONE', #3183, #1662, #1643 ) ;
#2626 = ORIENTED_EDGE ( 'NONE', *, *, #772, .T. ) ;
#2627 = CARTESIAN_POINT ( 'NONE',  ( -11.78348541259700788, 5.000000000000002665, 8.000000000000000000 ) ) ;
#2628 = EDGE_CURVE ( 'NONE', #2086, #2183, #2955, .T. ) ;
#2629 = DIRECTION ( 'NONE',  ( 1.000000000000000000, 1.840207436943773876E-16, -0.000000000000000000 ) ) ;
#2630 = ORIENTED_EDGE ( 'NONE', *, *, #1808, .T. ) ;
#2631 = ADVANCED_FACE ( 'NONE', ( #2482 ), #677, .T. ) ;
#2632 = ADVANCED_FACE ( 'NONE', ( #2974 ), #1680, .F. ) ;
#2633 = ORIENTED_EDGE ( 'NONE', *, *, #2386, .F. ) ;
#2634 = DIRECTION ( 'NONE',  ( -1.000000000000000000, 0.000000000000000000, 0.000000000000000000 ) ) ;
#2635 = AXIS2_PLACEMENT_3D ( 'NONE', #955, #2446, #1463 ) ;
#2636 = ORIENTED_EDGE ( 'NONE', *, *, #1809, .F. ) ;
#2637 = LINE ( 'NONE', #3098, #107 ) ;
#2638 = VECTOR ( 'NONE', #2997, 1000.000000000000000 ) ;
#2639 = CARTESIAN_POINT ( 'NONE',  ( 76.33151507568400973, -4.541999633788991630, 0.000000000000000000 ) ) ;
#2640 = DIRECTION ( 'NONE',  ( 0.7071067811865476838, 0.000000000000000000, 0.7071067811865474617 ) ) ;
#2641 = AXIS2_PLACEMENT_3D ( 'NONE', #3061, #837, #2041 ) ;
#2642 = LINE ( 'NONE', #1382, #368 ) ;
#2643 = DIRECTION ( 'NONE',  ( 1.000000000000000000, 0.000000000000000000, 0.000000000000000000 ) ) ;
#2644 = ORIENTED_EDGE ( 'NONE', *, *, #1511, .F. ) ;
#2645 = VERTEX_POINT ( 'NONE', #1984 ) ;
#2646 = CIRCLE ( 'NONE', #1807, 4.999999999999997335 ) ;
#2647 = CARTESIAN_POINT ( 'NONE',  ( 82.33151507568400973, 9.658000366211005883, 8.000000000000000000 ) ) ;
#2648 = DIRECTION ( 'NONE',  ( -0.000000000000000000, -0.000000000000000000, -1.000000000000000000 ) ) ;
#2649 = ORIENTED_EDGE ( 'NONE', *, *, #885, .F. ) ;
#2650 = CIRCLE ( 'NONE', #970, 3.000000000000000888 ) ;
#2651 = EDGE_CURVE ( 'NONE', #1280, #1500, #3200, .T. ) ;
#2652 = VECTOR ( 'NONE', #1221, 1000.000000000000000 ) ;
#2653 = CARTESIAN_POINT ( 'NONE',  ( -37.18348693847600828, -5.313386122555507463, 8.000000000000000000 ) ) ;
#2654 = EDGE_CURVE ( 'NONE', #1280, #531, #694, .T. ) ;
#2655 = ORIENTED_EDGE ( 'NONE', *, *, #2083, .F. ) ;
#2656 = DIRECTION ( 'NONE',  ( 1.000000000000000000, 0.000000000000000000, 0.000000000000000000 ) ) ;
#2657 = DIRECTION ( 'NONE',  ( 1.000000000000000000, 2.944331899109546150E-16, 0.000000000000000000 ) ) ;
#2658 = CARTESIAN_POINT ( 'NONE',  ( 13.61651611327399714, -15.69506454467800260, 5.999999999999998224 ) ) ;
#2659 = PRODUCT_DEFINITION_SHAPE ( 'NONE', 'NONE',  #625 ) ;
#2660 = FACE_OUTER_BOUND ( 'NONE', #761, .T. ) ;
#2661 = CARTESIAN_POINT ( 'NONE',  ( -37.16888427734399158, -9.695064544678006158, 5.999999999999998224 ) ) ;
#2662 = EDGE_LOOP ( 'NONE', ( #489, #1296, #991, #2655 ) ) ;
#2663 = DIRECTION ( 'NONE',  ( -1.000000000000000000, -1.840207436943774369E-16, 0.000000000000000000 ) ) ;
#2664 = LINE ( 'NONE', #353, #1797 ) ;
#2665 = ORIENTED_EDGE ( 'NONE', *, *, #2492, .F. ) ;
#2666 = PLANE ( 'NONE',  #821 ) ;
#2667 = ADVANCED_FACE ( 'NONE', ( #2162 ), #728, .F. ) ;
#2668 = ORIENTED_EDGE ( 'NONE', *, *, #1046, .T. ) ;
#2669 = ORIENTED_EDGE ( 'NONE', *, *, #1809, .T. ) ;
#2670 = CYLINDRICAL_SURFACE ( 'NONE', #736, 2.999999999999999112 ) ;
#2671 = DIRECTION ( 'NONE',  ( -0.000000000000000000, -0.000000000000000000, -1.000000000000000000 ) ) ;
#2672 = CIRCLE ( 'NONE', #3086, 2.999999999999999112 ) ;
#2673 = CARTESIAN_POINT ( 'NONE',  ( -168.6684849243160329, -4.541999633788991630, 8.000000000000000000 ) ) ;
#2674 = ADVANCED_FACE ( 'NONE', ( #3184 ), #1698, .F. ) ;
#2675 = AXIS2_PLACEMENT_3D ( 'NONE', #1992, #734, #252 ) ;
#2676 = PLANE ( 'NONE',  #1256 ) ;
#2677 = DIRECTION ( 'NONE',  ( 0.000000000000000000, 0.000000000000000000, 1.000000000000000000 ) ) ;
#2678 = CIRCLE ( 'NONE', #2096, 2.000000000000001776 ) ;
#2679 = ORIENTED_EDGE ( 'NONE', *, *, #747, .T. ) ;
#2680 = CARTESIAN_POINT ( 'NONE',  ( -14.78348541259700966, 0.000000000000000000, 5.999999999999998224 ) ) ;
#2681 = DIRECTION ( 'NONE',  ( 0.9999999124742280365, 0.0004183916063498324851, -0.000000000000000000 ) ) ;
#2682 = ORIENTED_EDGE ( 'NONE', *, *, #2146, .F. ) ;
#2683 = ORIENTED_EDGE ( 'NONE', *, *, #1208, .T. ) ;
#2684 = DIRECTION ( 'NONE',  ( -0.000000000000000000, -0.000000000000000000, -1.000000000000000000 ) ) ;
#2685 = ORIENTED_EDGE ( 'NONE', *, *, #1387, .F. ) ;
#2686 = FACE_OUTER_BOUND ( 'NONE', #367, .T. ) ;
#2687 = CARTESIAN_POINT ( 'NONE',  ( 10.61651611327399714, -12.69506454467800260, 8.000000000000000000 ) ) ;
#2688 = VECTOR ( 'NONE', #2857, 1000.000000000000114 ) ;
#2689 = CARTESIAN_POINT ( 'NONE',  ( -37.18348693847600828, 1.823661992376926331E-16, 8.000000000000000000 ) ) ;
#2690 = AXIS2_PLACEMENT_3D ( 'NONE', #241, #512, #2256 ) ;
#2691 = FACE_OUTER_BOUND ( 'NONE', #1121, .T. ) ;
#2692 = EDGE_CURVE ( 'NONE', #1681, #2762, #454, .T. ) ;
#2693 = LINE ( 'NONE', #446, #707 ) ;
#2694 = ORIENTED_EDGE ( 'NONE', *, *, #871, .F. ) ;
#2695 = ORIENTED_EDGE ( 'NONE', *, *, #1028, .F. ) ;
#2696 = EDGE_CURVE ( 'NONE', #213, #21, #1731, .T. ) ;
#2697 = DIRECTION ( 'NONE',  ( -2.944331899109546150E-16, 1.000000000000000000, 0.000000000000000000 ) ) ;
#2698 = FACE_OUTER_BOUND ( 'NONE', #1601, .T. ) ;
#2699 = EDGE_LOOP ( 'NONE', ( #2831, #545, #44, #3000 ) ) ;
#2700 = CIRCLE ( 'NONE', #3062, 3.313386122555505242 ) ;
#2701 = FACE_OUTER_BOUND ( 'NONE', #2535, .T. ) ;
#2702 = AXIS2_PLACEMENT_3D ( 'NONE', #622, #126, #1379 ) ;
#2703 = ORIENTED_EDGE ( 'NONE', *, *, #1986, .F. ) ;
#2704 = AXIS2_PLACEMENT_3D ( 'NONE', #730, #715, #2250 ) ;
#2705 = ORIENTED_EDGE ( 'NONE', *, *, #2083, .T. ) ;
#2706 = DIRECTION ( 'NONE',  ( -0.000000000000000000, -0.000000000000000000, -1.000000000000000000 ) ) ;
#2707 = CARTESIAN_POINT ( 'NONE',  ( -37.18348693847600828, 1.823661992376926331E-16, 0.000000000000000000 ) ) ;
#2708 = PLANE ( 'NONE',  #2374 ) ;
#2709 = CIRCLE ( 'NONE', #1286, 3.313386122555502133 ) ;
#2710 = DIRECTION ( 'NONE',  ( -1.000000000000000000, 0.000000000000000000, 0.000000000000000000 ) ) ;
#2711 = CARTESIAN_POINT ( 'NONE',  ( -22.38540649414001038, -12.69506454467800260, 5.999999999999998224 ) ) ;
#2712 = VERTEX_POINT ( 'NONE', #466 ) ;
#2713 = ORIENTED_EDGE ( 'NONE', *, *, #1350, .T. ) ;
#2714 = FACE_OUTER_BOUND ( 'NONE', #742, .T. ) ;
#2715 = CARTESIAN_POINT ( 'NONE',  ( 25.39999389648399486, 2.999999999999999556, 0.000000000000000000 ) ) ;
#2716 = ORIENTED_EDGE ( 'NONE', *, *, #2008, .T. ) ;
#2717 = EDGE_CURVE ( 'NONE', #2503, #1796, #1748, .T. ) ;
#2718 = LINE ( 'NONE', #2469, #2652 ) ;
#2719 = ORIENTED_EDGE ( 'NONE', *, *, #1564, .T. ) ;
#2720 = ORIENTED_EDGE ( 'NONE', *, *, #1306, .T. ) ;
#2721 = LINE ( 'NONE', #994, #1260 ) ;
#2722 = DIRECTION ( 'NONE',  ( -0.000000000000000000, -0.000000000000000000, -1.000000000000000000 ) ) ;
#2723 = FACE_OUTER_BOUND ( 'NONE', #1130, .T. ) ;
#2724 = CARTESIAN_POINT ( 'NONE',  ( -74.19448492431600073, -12.61499963378900269, 0.000000000000000000 ) ) ;
#2725 = DIRECTION ( 'NONE',  ( 0.000000000000000000, -1.000000000000000000, 0.000000000000000000 ) ) ;
#2726 = ORIENTED_EDGE ( 'NONE', *, *, #881, .F. ) ;
#2727 = CARTESIAN_POINT ( 'NONE',  ( 13.61651611327399714, -2.999999999999999556, 5.999999999999998224 ) ) ;
#2728 = DIRECTION ( 'NONE',  ( 1.000000000000000000, 0.000000000000000000, 0.000000000000000000 ) ) ;
#2729 = VERTEX_POINT ( 'NONE', #2715 ) ;
#2730 = CONICAL_SURFACE ( 'NONE', #1155, 3.000000000000002665, 0.7853981633974452814 ) ;
#2731 = EDGE_CURVE ( 'NONE', #1796, #1108, #3103, .T. ) ;
#2732 = CARTESIAN_POINT ( 'NONE',  ( 66.38151507568400689, 6.658000366211003218, 0.000000000000000000 ) ) ;
#2733 = EDGE_CURVE ( 'NONE', #2903, #135, #117, .T. ) ;
#2734 = ORIENTED_EDGE ( 'NONE', *, *, #1046, .F. ) ;
#2735 = VERTEX_POINT ( 'NONE', #2575 ) ;
#2736 = DIRECTION ( 'NONE',  ( 0.000000000000000000, 0.000000000000000000, -1.000000000000000000 ) ) ;
#2737 = EDGE_CURVE ( 'NONE', #569, #3223, #2113, .T. ) ;
#2738 = CARTESIAN_POINT ( 'NONE',  ( -74.19448492431600073, -12.61499963378900269, 5.000000000000000000 ) ) ;
#2739 = LINE ( 'NONE', #2756, #2897 ) ;
#2740 = DIRECTION ( 'NONE',  ( 2.081957051924225217E-16, -0.7071067811865473507, -0.7071067811865476838 ) ) ;
#2741 = VECTOR ( 'NONE', #644, 1000.000000000000000 ) ;
#2742 = FACE_OUTER_BOUND ( 'NONE', #2178, .T. ) ;
#2743 = VECTOR ( 'NONE', #2239, 1000.000000000000000 ) ;
#2744 = ORIENTED_EDGE ( 'NONE', *, *, #1901, .F. ) ;
#2745 = AXIS2_PLACEMENT_3D ( 'NONE', #2547, #293, #1297 ) ;
#2746 = FACE_OUTER_BOUND ( 'NONE', #417, .T. ) ;
#2747 = ORIENTED_EDGE ( 'NONE', *, *, #2970, .F. ) ;
#2748 = CARTESIAN_POINT ( 'NONE',  ( 80.33151507568400973, -4.541999633788991630, 8.000000000000000000 ) ) ;
#2749 = CIRCLE ( 'NONE', #1332, 2.999999999999999112 ) ;
#2750 = ORIENTED_EDGE ( 'NONE', *, *, #1387, .T. ) ;
#2751 = EDGE_CURVE ( 'NONE', #2408, #2196, #1820, .T. ) ;
#2752 = ORIENTED_EDGE ( 'NONE', *, *, #162, .T. ) ;
#2753 = DIRECTION ( 'NONE',  ( 0.000000000000000000, 0.000000000000000000, 1.000000000000000000 ) ) ;
#2754 = VECTOR ( 'NONE', #2222, 1000.000000000000000 ) ;
#2755 = CARTESIAN_POINT ( 'NONE',  ( -62.58222947483896093, -15.70000050036168915, 5.999999999999970690 ) ) ;
#2756 = CARTESIAN_POINT ( 'NONE',  ( -25.40000915527398817, 5.313386122555510127, 8.000000000000000000 ) ) ;
#2757 = VECTOR ( 'NONE', #1905, 1000.000000000000000 ) ;
#2758 = EDGE_CURVE ( 'NONE', #1352, #2876, #1863, .T. ) ;
#2759 = CARTESIAN_POINT ( 'NONE',  ( 62.28151507568401257, -12.61499963378900269, 5.000000000000000000 ) ) ;
#2760 = DIRECTION ( 'NONE',  ( 0.000000000000000000, 0.000000000000000000, 1.000000000000000000 ) ) ;
#2761 = CONICAL_SURFACE ( 'NONE', #39, 2.999999999999995559, 0.7853981633974482790 ) ;
#2762 = VERTEX_POINT ( 'NONE', #1115 ) ;
#2763 = AXIS2_PLACEMENT_3D ( 'NONE', #1071, #579, #1578 ) ;
#2764 = CARTESIAN_POINT ( 'NONE',  ( 13.61651611327399714, 2.999999999999999556, 0.000000000000000000 ) ) ;
#2765 = ORIENTED_EDGE ( 'NONE', *, *, #1736, .F. ) ;
#2766 = ORIENTED_EDGE ( 'NONE', *, *, #1070, .T. ) ;
#2767 = CARTESIAN_POINT ( 'NONE',  ( 5.210014299569773844E-15, -17.69506454467799017, 8.000000000000000000 ) ) ;
#2768 = EDGE_LOOP ( 'NONE', ( #30, #2921, #699, #2527 ) ) ;
#2769 = ORIENTED_EDGE ( 'NONE', *, *, #1776, .F. ) ;
#2770 = CARTESIAN_POINT ( 'NONE',  ( -25.38540649414000683, -9.695064544678004381, 0.000000000000000000 ) ) ;
#2771 = AXIS2_PLACEMENT_3D ( 'NONE', #1103, #2097, #859 ) ;
#2772 = DIRECTION ( 'NONE',  ( 1.000000000000000000, -9.773090005503143782E-16, 0.000000000000000000 ) ) ;
#2773 = CYLINDRICAL_SURFACE ( 'NONE', #1849, 2.049999999999996270 ) ;
#2774 = EDGE_CURVE ( 'NONE', #895, #2074, #2094, .T. ) ;
#2775 = LINE ( 'NONE', #526, #1627 ) ;
#2776 = CARTESIAN_POINT ( 'NONE',  ( -25.40000915527398817, 2.349120206389891032E-15, 5.999999999999998224 ) ) ;
#2777 = EDGE_CURVE ( 'NONE', #2876, #2620, #2798, .T. ) ;
#2778 = EDGE_CURVE ( 'NONE', #2336, #2408, #824, .T. ) ;
#2779 = ORIENTED_EDGE ( 'NONE', *, *, #1965, .F. ) ;
#2780 = CARTESIAN_POINT ( 'NONE',  ( -1.271565832082693166E-05, 5.000000000000005329, 8.000000000000000000 ) ) ;
#2781 = VERTEX_POINT ( 'NONE', #99 ) ;
#2782 = AXIS2_PLACEMENT_3D ( 'NONE', #1832, #2807, #2557 ) ;
#2783 = AXIS2_PLACEMENT_3D ( 'NONE', #361, #1113, #912 ) ;
#2784 = DIRECTION ( 'NONE',  ( 0.000000000000000000, 0.000000000000000000, 1.000000000000000000 ) ) ;
#2785 = VECTOR ( 'NONE', #1718, 1000.000000000000000 ) ;
#2786 = ORIENTED_EDGE ( 'NONE', *, *, #201, .T. ) ;
#2787 = ORIENTED_EDGE ( 'NONE', *, *, #1986, .T. ) ;
#2788 = CARTESIAN_POINT ( 'NONE',  ( 0.000000000000000000, -5.000000000000000888, 8.000000000000000000 ) ) ;
#2789 = CARTESIAN_POINT ( 'NONE',  ( -37.16888427734400580, -12.69506454467800438, 5.999999999999998224 ) ) ;
#2790 = LINE ( 'NONE', #3044, #1384 ) ;
#2791 = CARTESIAN_POINT ( 'NONE',  ( 13.61651611327399714, 0.000000000000000000, 8.000000000000000000 ) ) ;
#2792 = CARTESIAN_POINT ( 'NONE',  ( -11.78348541259700788, 0.000000000000000000, 5.999999999999998224 ) ) ;
#2793 = FACE_OUTER_BOUND ( 'NONE', #1101, .T. ) ;
#2794 = ORIENTED_EDGE ( 'NONE', *, *, #1840, .F. ) ;
#2795 = EDGE_LOOP ( 'NONE', ( #1334, #1207, #436, #2479 ) ) ;
#2796 = EDGE_CURVE ( 'NONE', #2881, #1534, #2842, .T. ) ;
#2797 = DIRECTION ( 'NONE',  ( 0.000000000000000000, 0.000000000000000000, 1.000000000000000000 ) ) ;
#2798 = CIRCLE ( 'NONE', #3208, 2.999999999999999112 ) ;
#2799 = EDGE_CURVE ( 'NONE', #531, #2501, #857, .T. ) ;
#2800 = AXIS2_PLACEMENT_3D ( 'NONE', #3015, #1978, #1474 ) ;
#2801 = CARTESIAN_POINT ( 'NONE',  ( -62.58348464965800417, 4.999999999999996447, 8.000000000000000000 ) ) ;
#2802 = VERTEX_POINT ( 'NONE', #807 ) ;
#2803 = ORIENTED_EDGE ( 'NONE', *, *, #2514, .T. ) ;
#2804 = CARTESIAN_POINT ( 'NONE',  ( -25.38540649414000683, -17.69506454467800083, 8.000000000000000000 ) ) ;
#2805 = DIRECTION ( 'NONE',  ( -1.000000000000000000, 0.000000000000000000, 0.000000000000000000 ) ) ;
#2806 = AXIS2_PLACEMENT_3D ( 'NONE', #1326, #1540, #345 ) ;
#2807 = DIRECTION ( 'NONE',  ( 0.000000000000000000, 0.000000000000000000, -1.000000000000000000 ) ) ;
#2808 = DIRECTION ( 'NONE',  ( 0.000000000000000000, 0.000000000000000000, 1.000000000000000000 ) ) ;
#2809 = CARTESIAN_POINT ( 'NONE',  ( 13.61651611327399714, -9.695064544678004381, 5.999999999999998224 ) ) ;
#2810 = VECTOR ( 'NONE', #1890, 1000.000000000000000 ) ;
#2811 = ORIENTED_EDGE ( 'NONE', *, *, #105, .T. ) ;
#2812 = AXIS2_PLACEMENT_3D ( 'NONE', #2134, #2852, #2415 ) ;
#2813 = DIRECTION ( 'NONE',  ( -1.301223157452858406E-16, 0.7071067811865473507, -0.7071067811865476838 ) ) ;
#2814 = DIRECTION ( 'NONE',  ( -1.000000000000000000, -0.000000000000000000, -0.000000000000000000 ) ) ;
#2815 = ADVANCED_FACE ( 'NONE', ( #1611 ), #3100, .T. ) ;
#2816 = ORIENTED_EDGE ( 'NONE', *, *, #2141, .T. ) ;
#2817 = VERTEX_POINT ( 'NONE', #608 ) ;
#2818 = CARTESIAN_POINT ( 'NONE',  ( -47.80000686645400521, 1.823661992376926331E-16, 5.999999999999998224 ) ) ;
#2819 = CARTESIAN_POINT ( 'NONE',  ( -50.80000686645399810, 1.823661992376926331E-16, 5.999999999999998224 ) ) ;
#2820 = APPLICATION_PROTOCOL_DEFINITION ( 'draft international standard', 'automotive_design', 1998, #2913 ) ;
#2821 = DIRECTION ( 'NONE',  ( 1.000000000000000000, 0.000000000000000000, 0.000000000000000000 ) ) ;
#2822 = CARTESIAN_POINT ( 'NONE',  ( 25.39999389648399486, 2.999999999999999556, 8.000000000000000000 ) ) ;
#2823 = DIRECTION ( 'NONE',  ( 1.840207436943774123E-16, -1.000000000000000000, 0.000000000000000000 ) ) ;
#2824 = CARTESIAN_POINT ( 'NONE',  ( -62.58348464965800417, -1.984387807914870121E-15, 0.000000000000000000 ) ) ;
#2825 = AXIS2_PLACEMENT_3D ( 'NONE', #1930, #3159, #3133 ) ;
#2826 = DIRECTION ( 'NONE',  ( 0.000000000000000000, 0.000000000000000000, 1.000000000000000000 ) ) ;
#2827 = ORIENTED_EDGE ( 'NONE', *, *, #1644, .T. ) ;
#2828 = VERTEX_POINT ( 'NONE', #2080 ) ;
#2829 = VECTOR ( 'NONE', #510, 1000.000000000000000 ) ;
#2830 = EDGE_CURVE ( 'NONE', #299, #816, #1086, .T. ) ;
#2831 = ORIENTED_EDGE ( 'NONE', *, *, #2838, .F. ) ;
#2832 = EDGE_CURVE ( 'NONE', #1078, #712, #1557, .T. ) ;
#2833 = DIRECTION ( 'NONE',  ( -1.000000000000000000, 0.000000000000000000, 0.000000000000000000 ) ) ;
#2834 = EDGE_LOOP ( 'NONE', ( #1745, #2582, #1253, #2447 ) ) ;
#2835 = CARTESIAN_POINT ( 'NONE',  ( 0.000000000000000000, 0.000000000000000000, 5.999999999999998224 ) ) ;
#2836 = DIRECTION ( 'NONE',  ( 1.000000000000000000, 0.000000000000000000, 0.000000000000000000 ) ) ;
#2837 = CIRCLE ( 'NONE', #1837, 2.999999999999995559 ) ;
#2838 = EDGE_CURVE ( 'NONE', #2073, #1191, #223, .T. ) ;
#2839 = VERTEX_POINT ( 'NONE', #2344 ) ;
#2840 = CARTESIAN_POINT ( 'NONE',  ( -7.629394990771309892E-06, -7.695064544678001717, 8.000000000000000000 ) ) ;
#2841 = CARTESIAN_POINT ( 'NONE',  ( 13.61651611327399714, -9.695064544678004381, 5.999999999999998224 ) ) ;
#2842 = LINE ( 'NONE', #1294, #2154 ) ;
#2843 = VERTEX_POINT ( 'NONE', #2062 ) ;
#2844 = CARTESIAN_POINT ( 'NONE',  ( -74.19448492431600073, 6.658000366211003218, 0.000000000000000000 ) ) ;
#2845 = AXIS2_PLACEMENT_3D ( 'NONE', #2332, #1090, #1120 ) ;
#2846 = FACE_OUTER_BOUND ( 'NONE', #902, .T. ) ;
#2847 = VERTEX_POINT ( 'NONE', #3065 ) ;
#2848 = VERTEX_POINT ( 'NONE', #346 ) ;
#2849 = CIRCLE ( 'NONE', #1069, 2.999999999999999112 ) ;
#2850 = VERTEX_POINT ( 'NONE', #577 ) ;
#2851 = ORIENTED_EDGE ( 'NONE', *, *, #1813, .F. ) ;
#2852 = DIRECTION ( 'NONE',  ( -0.000000000000000000, -0.000000000000000000, -1.000000000000000000 ) ) ;
#2853 = DIRECTION ( 'NONE',  ( 1.000000000000000000, 0.000000000000000000, 0.000000000000000000 ) ) ;
#2854 = EDGE_CURVE ( 'NONE', #665, #3057, #2054, .T. ) ;
#2855 = LINE ( 'NONE', #868, #208 ) ;
#2856 = CARTESIAN_POINT ( 'NONE',  ( -50.78540420532200272, -12.69506454467800260, 5.999999999999970690 ) ) ;
#2857 = DIRECTION ( 'NONE',  ( -0.0002958475420441179391, 0.7071067192964783921, 0.7071067811865497932 ) ) ;
#2858 = EDGE_CURVE ( 'NONE', #3237, #1769, #437, .T. ) ;
#2859 = VECTOR ( 'NONE', #1085, 1000.000000000000000 ) ;
#2860 = DIRECTION ( 'NONE',  ( -1.000000000000000000, -1.840207436943774123E-16, 0.000000000000000000 ) ) ;
#2861 = CONICAL_SURFACE ( 'NONE', #1856, 2.999999999999995559, 0.7853981633974482790 ) ;
#2862 = AXIS2_PLACEMENT_3D ( 'NONE', #1402, #1666, #2634 ) ;
#2863 = FILL_AREA_STYLE_COLOUR ( '', #349 ) ;
#2864 = ORIENTED_EDGE ( 'NONE', *, *, #2492, .T. ) ;
#2865 = VERTEX_POINT ( 'NONE', #1834 ) ;
#2866 = CARTESIAN_POINT ( 'NONE',  ( -25.38540649414000683, -12.69506454467800260, 8.000000000000000000 ) ) ;
#2867 = CARTESIAN_POINT ( 'NONE',  ( 9.201037184718867163E-16, -4.999999999999999112, 8.000000000000000000 ) ) ;
#2868 = EDGE_CURVE ( 'NONE', #2865, #1192, #2609, .T. ) ;
#2869 = DIRECTION ( 'NONE',  ( 0.000000000000000000, 0.000000000000000000, 1.000000000000000000 ) ) ;
#2870 = CARTESIAN_POINT ( 'NONE',  ( -25.38540649414000683, -12.69506454467800260, 5.999999999999998224 ) ) ;
#2871 = LINE ( 'NONE', #2392, #3139 ) ;
#2872 = ADVANCED_FACE ( 'NONE', ( #363 ), #2106, .F. ) ;
#2873 = DIRECTION ( 'NONE',  ( -0.000000000000000000, -0.000000000000000000, -1.000000000000000000 ) ) ;
#2874 = ADVANCED_FACE ( 'NONE', ( #2915 ), #2390, .F. ) ;
#2875 = CARTESIAN_POINT ( 'NONE',  ( 25.39999389648399486, 3.000384657910999593E-16, 5.999999999999998224 ) ) ;
#2876 = VERTEX_POINT ( 'NONE', #1161 ) ;
#2877 = ORIENTED_EDGE ( 'NONE', *, *, #3109, .F. ) ;
#2878 = DIRECTION ( 'NONE',  ( -1.000000000000000000, -1.840207436943774123E-16, -0.000000000000000000 ) ) ;
#2879 = AXIS2_PLACEMENT_3D ( 'NONE', #1214, #950, #1710 ) ;
#2880 = ORIENTED_EDGE ( 'NONE', *, *, #3074, .T. ) ;
#2881 = VERTEX_POINT ( 'NONE', #2155 ) ;
#2882 = DIRECTION ( 'NONE',  ( -9.773090005503141810E-16, -1.000000000000000000, 0.000000000000000000 ) ) ;
#2883 = LINE ( 'NONE', #639, #342 ) ;
#2884 = DIRECTION ( 'NONE',  ( 0.000000000000000000, 0.000000000000000000, -1.000000000000000000 ) ) ;
#2885 = CIRCLE ( 'NONE', #2043, 4.999999999999976907 ) ;
#2886 = DIRECTION ( 'NONE',  ( 0.9999999124742280365, 0.0004183916063498328646, 0.000000000000000000 ) ) ;
#2887 = CARTESIAN_POINT ( 'NONE',  ( 13.61651611327399714, 2.999999999999999556, 0.000000000000000000 ) ) ;
#2888 = EDGE_CURVE ( 'NONE', #2847, #1079, #173, .T. ) ;
#2889 = CARTESIAN_POINT ( 'NONE',  ( 25.39999389648399486, -15.69506454467800260, 8.000000000000000000 ) ) ;
#2890 = DIRECTION ( 'NONE',  ( 1.000000000000000000, 0.000000000000000000, 0.000000000000000000 ) ) ;
#2891 = ORIENTED_EDGE ( 'NONE', *, *, #1613, .T. ) ;
#2892 = EDGE_CURVE ( 'NONE', #2972, #2299, #3001, .T. ) ;
#2893 = AXIS2_PLACEMENT_3D ( 'NONE', #3165, #1238, #2681 ) ;
#2894 = DIRECTION ( 'NONE',  ( 0.000000000000000000, 0.7071067811865475727, -0.7071067811865475727 ) ) ;
#2895 = CONICAL_SURFACE ( 'NONE', #2635, 3.000000000009702017, 0.7853981633974479459 ) ;
#2896 = DIRECTION ( 'NONE',  ( 1.000000000000000000, 8.881784197001252323E-16, 0.000000000000000000 ) ) ;
#2897 = VECTOR ( 'NONE', #1213, 999.9999999999998863 ) ;
#2898 = LINE ( 'NONE', #2389, #2959 ) ;
#2899 = FACE_OUTER_BOUND ( 'NONE', #59, .T. ) ;
#2900 = EDGE_LOOP ( 'NONE', ( #386, #2941, #106, #1068 ) ) ;
#2901 = CYLINDRICAL_SURFACE ( 'NONE', #1048, 3.000000000000002665 ) ;
#2902 = CARTESIAN_POINT ( 'NONE',  ( 25.39999389648399486, -5.000000000000000888, 8.000000000000000000 ) ) ;
#2903 = VERTEX_POINT ( 'NONE', #1688 ) ;
#2904 = CARTESIAN_POINT ( 'NONE',  ( -62.58348464965800417, -1.984387807914870121E-15, 5.999999999999998224 ) ) ;
#2905 = ADVANCED_FACE ( 'NONE', ( #2899 ), #860, .F. ) ;
#2906 = VERTEX_POINT ( 'NONE', #2191 ) ;
#2907 = VERTEX_POINT ( 'NONE', #672 ) ;
#2908 = AXIS2_PLACEMENT_3D ( 'NONE', #2315, #1333, #551 ) ;
#2909 = EDGE_CURVE ( 'NONE', #2911, #2781, #425, .T. ) ;
#2910 = CARTESIAN_POINT ( 'NONE',  ( 13.61651611327399714, -9.695064544678004381, 8.000000000000000000 ) ) ;
#2911 = VERTEX_POINT ( 'NONE', #393 ) ;
#2912 = CARTESIAN_POINT ( 'NONE',  ( -11.78348541259700788, -9.695064544678004381, 0.000000000000000000 ) ) ;
#2913 = APPLICATION_CONTEXT ( 'automotive_design' ) ;
#2914 = DIRECTION ( 'NONE',  ( 1.000000000000000000, 0.000000000000000000, 0.000000000000000000 ) ) ;
#2915 = FACE_OUTER_BOUND ( 'NONE', #2567, .T. ) ;
#2916 = CARTESIAN_POINT ( 'NONE',  ( 60.29851531982401269, -12.69400024414100336, 6.000000000000014211 ) ) ;
#2917 = FACE_OUTER_BOUND ( 'NONE', #1316, .T. ) ;
#2918 = ORIENTED_EDGE ( 'NONE', *, *, #2992, .T. ) ;
#2919 = LINE ( 'NONE', #2889, #844 ) ;
#2920 = CARTESIAN_POINT ( 'NONE',  ( -37.16888427734400580, -12.69506454467800438, 8.000000000000000000 ) ) ;
#2921 = ORIENTED_EDGE ( 'NONE', *, *, #1403, .T. ) ;
#2922 = ORIENTED_EDGE ( 'NONE', *, *, #2733, .T. ) ;
#2923 = DIRECTION ( 'NONE',  ( 1.000000000000000000, 0.000000000000000000, 0.000000000000000000 ) ) ;
#2924 = EDGE_CURVE ( 'NONE', #2735, #794, #1537, .T. ) ;
#2925 = ORIENTED_EDGE ( 'NONE', *, *, #1146, .T. ) ;
#2926 = CARTESIAN_POINT ( 'NONE',  ( 0.000000000000000000, 0.000000000000000000, 8.000000000000000000 ) ) ;
#2927 = FACE_OUTER_BOUND ( 'NONE', #2132, .T. ) ;
#2928 = AXIS2_PLACEMENT_3D ( 'NONE', #2724, #1231, #981 ) ;
#2929 = DIRECTION ( 'NONE',  ( 1.000000000000000000, 0.000000000000000000, 0.000000000000000000 ) ) ;
#2930 = EDGE_CURVE ( 'NONE', #794, #765, #191, .T. ) ;
#2931 = AXIS2_PLACEMENT_3D ( 'NONE', #2110, #880, #855 ) ;
#2932 = DIRECTION ( 'NONE',  ( -1.000000000000000000, 0.000000000000000000, 0.000000000000000000 ) ) ;
#2933 = LINE ( 'NONE', #690, #2957 ) ;
#2934 = CIRCLE ( 'NONE', #1368, 5.313386122555507463 ) ;
#2935 = VERTEX_POINT ( 'NONE', #2658 ) ;
#2936 = FACE_OUTER_BOUND ( 'NONE', #1599, .T. ) ;
#2937 = DIRECTION ( 'NONE',  ( -1.000000000000000000, 0.000000000000000000, 0.000000000000000000 ) ) ;
#2938 = EDGE_LOOP ( 'NONE', ( #555, #384 ) ) ;
#2939 = DIRECTION ( 'NONE',  ( 0.000000000000000000, -0.7071067811865474617, 0.7071067811865474617 ) ) ;
#2940 = EDGE_LOOP ( 'NONE', ( #1095, #2766, #375, #910, #993 ) ) ;
#2941 = ORIENTED_EDGE ( 'NONE', *, *, #1564, .F. ) ;
#2942 = DIRECTION ( 'NONE',  ( 0.000000000000000000, 0.000000000000000000, 1.000000000000000000 ) ) ;
#2943 = VECTOR ( 'NONE', #3051, 1000.000000000000114 ) ;
#2944 = DIRECTION ( 'NONE',  ( -0.000000000000000000, -0.000000000000000000, -1.000000000000000000 ) ) ;
#2945 = AXIS2_PLACEMENT_3D ( 'NONE', #1185, #1719, #2231 ) ;
#2946 = FACE_OUTER_BOUND ( 'NONE', #2465, .T. ) ;
#2947 = EDGE_CURVE ( 'NONE', #2235, #1182, #1169, .T. ) ;
#2948 = AXIS2_PLACEMENT_3D ( 'NONE', #3158, #3144, #1145 ) ;
#2949 = LINE ( 'NONE', #2457, #2194 ) ;
#2950 = DIRECTION ( 'NONE',  ( 1.000000000000000000, 0.000000000000000000, 0.000000000000000000 ) ) ;
#2951 = ADVANCED_FACE ( 'NONE', ( #443 ), #3193, .F. ) ;
#2952 = EDGE_LOOP ( 'NONE', ( #1124, #2133, #1677, #1454 ) ) ;
#2953 = ORIENTED_EDGE ( 'NONE', *, *, #1106, .F. ) ;
#2954 = CARTESIAN_POINT ( 'NONE',  ( -11.78348541259700788, -3.000000000000000444, 0.000000000000000000 ) ) ;
#2955 = LINE ( 'NONE', #744, #1272 ) ;
#2956 = ORIENTED_EDGE ( 'NONE', *, *, #1881, .T. ) ;
#2957 = VECTOR ( 'NONE', #1692, 1000.000000000000000 ) ;
#2958 = LINE ( 'NONE', #697, #1445 ) ;
#2959 = VECTOR ( 'NONE', #2375, 1000.000000000000114 ) ;
#2960 = ORIENTED_EDGE ( 'NONE', *, *, #943, .F. ) ;
#2961 = AXIS2_PLACEMENT_3D ( 'NONE', #635, #1843, #1859 ) ;
#2962 = EDGE_LOOP ( 'NONE', ( #1581, #2521, #472, #1897, #1618 ) ) ;
#2963 = CARTESIAN_POINT ( 'NONE',  ( 82.33151507568399552, -18.74199963378899270, 8.000000000000000000 ) ) ;
#2964 = CARTESIAN_POINT ( 'NONE',  ( -37.18348693847600828, -3.313386122555504798, 5.999999999999998224 ) ) ;
#2965 = DIRECTION ( 'NONE',  ( -0.000000000000000000, -0.000000000000000000, -1.000000000000000000 ) ) ;
#2966 = EDGE_CURVE ( 'NONE', #91, #1738, #168, .T. ) ;
#2967 = DIRECTION ( 'NONE',  ( 0.000000000000000000, 0.7071067811865476838, 0.7071067811865474617 ) ) ;
#2968 = CARTESIAN_POINT ( 'NONE',  ( 28.39999389648399131, -12.69506454467800260, 5.999999999999998224 ) ) ;
#2969 = ORIENTED_EDGE ( 'NONE', *, *, #2421, .T. ) ;
#2970 = EDGE_CURVE ( 'NONE', #2051, #296, #119, .T. ) ;
#2971 = EDGE_CURVE ( 'NONE', #1699, #879, #2439, .T. ) ;
#2972 = VERTEX_POINT ( 'NONE', #883 ) ;
#2973 = PLANE ( 'NONE',  #1211 ) ;
#2974 = FACE_OUTER_BOUND ( 'NONE', #23, .T. ) ;
#2975 = EDGE_CURVE ( 'NONE', #2076, #3018, #3154, .T. ) ;
#2976 = CARTESIAN_POINT ( 'NONE',  ( -40.16888427734400580, -12.69506454467800438, 8.000000000000000000 ) ) ;
#2977 = VERTEX_POINT ( 'NONE', #1423 ) ;
#2978 = VERTEX_POINT ( 'NONE', #2139 ) ;
#2979 = FACE_BOUND ( 'NONE', #2985, .T. ) ;
#2980 = DIRECTION ( 'NONE',  ( -0.000000000000000000, -0.000000000000000000, -1.000000000000000000 ) ) ;
#2981 = LINE ( 'NONE', #2010, #2638 ) ;
#2982 = CARTESIAN_POINT ( 'NONE',  ( -25.40000915527398817, 3.313386122555507018, 5.999999999999998224 ) ) ;
#2983 = CARTESIAN_POINT ( 'NONE',  ( 10.61651611327399714, 0.000000000000000000, 5.999999999999998224 ) ) ;
#2984 = CIRCLE ( 'NONE', #2040, 5.000000000000002665 ) ;
#2985 = EDGE_LOOP ( 'NONE', ( #1301, #2461 ) ) ;
#2986 = CARTESIAN_POINT ( 'NONE',  ( -11.78348541259700788, -3.000000000000000444, 8.000000000000000000 ) ) ;
#2987 = AXIS2_PLACEMENT_3D ( 'NONE', #2904, #163, #1168 ) ;
#2988 = DIRECTION ( 'NONE',  ( -1.000000000000000000, 0.000000000000000000, 0.000000000000000000 ) ) ;
#2989 = ADVANCED_FACE ( 'NONE', ( #1892 ), #656, .F. ) ;
#2990 = AXIS2_PLACEMENT_3D ( 'NONE', #1999, #1763, #261 ) ;
#2991 = DIRECTION ( 'NONE',  ( -0.000000000000000000, -0.000000000000000000, -1.000000000000000000 ) ) ;
#2992 = EDGE_CURVE ( 'NONE', #1182, #1865, #898, .T. ) ;
#2993 = ORIENTED_EDGE ( 'NONE', *, *, #3145, .F. ) ;
#2994 = ORIENTED_EDGE ( 'NONE', *, *, #1350, .F. ) ;
#2995 = FACE_BOUND ( 'NONE', #688, .T. ) ;
#2996 = DIRECTION ( 'NONE',  ( 1.000000000000000000, 0.000000000000000000, 0.000000000000000000 ) ) ;
#2997 = DIRECTION ( 'NONE',  ( -0.000000000000000000, -0.000000000000000000, -1.000000000000000000 ) ) ;
#2998 = FACE_OUTER_BOUND ( 'NONE', #616, .T. ) ;
#2999 = DIRECTION ( 'NONE',  ( -1.000000000000000000, 0.000000000000000000, 0.000000000000000000 ) ) ;
#3000 = ORIENTED_EDGE ( 'NONE', *, *, #2102, .F. ) ;
#3001 = CIRCLE ( 'NONE', #1893, 2.999999999999995559 ) ;
#3002 = ORIENTED_EDGE ( 'NONE', *, *, #69, .T. ) ;
#3003 = DIRECTION ( 'NONE',  ( -1.840207436943773876E-16, 1.000000000000000000, 0.000000000000000000 ) ) ;
#3004 = EDGE_LOOP ( 'NONE', ( #2615, #2449, #827, #1747 ) ) ;
#3005 = DIRECTION ( 'NONE',  ( -1.000000000000000000, -1.840207436943774369E-16, 0.000000000000000000 ) ) ;
#3006 = ORIENTED_EDGE ( 'NONE', *, *, #850, .T. ) ;
#3007 = AXIS2_PLACEMENT_3D ( 'NONE', #1591, #806, #3064 ) ;
#3008 = ORIENTED_EDGE ( 'NONE', *, *, #1673, .F. ) ;
#3009 = ADVANCED_FACE ( 'NONE', ( #35 ), #1508, .T. ) ;
#3010 = ORIENTED_EDGE ( 'NONE', *, *, #9, .T. ) ;
#3011 = EDGE_CURVE ( 'NONE', #14, #236, #2739, .T. ) ;
#3012 = LINE ( 'NONE', #2319, #316 ) ;
#3013 = AXIS2_PLACEMENT_3D ( 'NONE', #1099, #1833, #2093 ) ;
#3014 = DIRECTION ( 'NONE',  ( 0.000000000000000000, 0.000000000000000000, 1.000000000000000000 ) ) ;
#3015 = CARTESIAN_POINT ( 'NONE',  ( 13.61651611327399714, -2.999999999999999556, 8.000000000000000000 ) ) ;
#3016 = DIRECTION ( 'NONE',  ( 1.000000000000000000, 0.000000000000000000, 0.000000000000000000 ) ) ;
#3017 = LINE ( 'NONE', #1711, #1650 ) ;
#3018 = VERTEX_POINT ( 'NONE', #1995 ) ;
#3019 = VERTEX_POINT ( 'NONE', #1742 ) ;
#3020 = LINE ( 'NONE', #2780, #427 ) ;
#3021 = ORIENTED_EDGE ( 'NONE', *, *, #2209, .F. ) ;
#3022 = LINE ( 'NONE', #2283, #612 ) ;
#3023 = ORIENTED_EDGE ( 'NONE', *, *, #1566, .F. ) ;
#3024 = EDGE_LOOP ( 'NONE', ( #1705, #327, #3226, #834, #1016 ) ) ;
#3025 = DIRECTION ( 'NONE',  ( 1.000000000000000000, 0.000000000000000000, 0.000000000000000000 ) ) ;
#3026 = CARTESIAN_POINT ( 'NONE',  ( -50.80000686645399810, 2.999999999999998224, 8.000000000000000000 ) ) ;
#3027 = DIRECTION ( 'NONE',  ( 0.000000000000000000, 0.000000000000000000, -1.000000000000000000 ) ) ;
#3028 = EDGE_CURVE ( 'NONE', #879, #1352, #495, .T. ) ;
#3029 = DIRECTION ( 'NONE',  ( -0.000000000000000000, -0.000000000000000000, -1.000000000000000000 ) ) ;
#3030 = LINE ( 'NONE', #83, #1596 ) ;
#3032 = EDGE_CURVE ( 'NONE', #2935, #2472, #2981, .T. ) ;
#3031 = EDGE_LOOP ( 'NONE', ( #1527, #2599, #2352, #2969, #2719 ) ) ;
#3033 = ORIENTED_EDGE ( 'NONE', *, *, #86, .F. ) ;
#3034 = DIRECTION ( 'NONE',  ( 0.000000000000000000, 0.000000000000000000, 1.000000000000000000 ) ) ;
#3035 = CIRCLE ( 'NONE', #2879, 2.049999999999996270 ) ;
#3036 = AXIS2_PLACEMENT_3D ( 'NONE', #1393, #2136, #170 ) ;
#3037 = CARTESIAN_POINT ( 'NONE',  ( 13.61651611327399714, -9.695064544678004381, 0.000000000000000000 ) ) ;
#3038 = ORIENTED_EDGE ( 'NONE', *, *, #1462, .T. ) ;
#3039 = AXIS2_PLACEMENT_3D ( 'NONE', #1038, #2214, #727 ) ;
#3040 = ORIENTED_EDGE ( 'NONE', *, *, #2930, .F. ) ;
#3041 = ORIENTED_EDGE ( 'NONE', *, *, #158, .T. ) ;
#3042 = CARTESIAN_POINT ( 'NONE',  ( -11.78348541259700788, -9.695064544678004381, 5.999999999999998224 ) ) ;
#3043 = LINE ( 'NONE', #1125, #1967 ) ;
#3044 = CARTESIAN_POINT ( 'NONE',  ( 13.61651611327399714, -2.999999999999999556, 5.999999999999998224 ) ) ;
#3045 = DIRECTION ( 'NONE',  ( 0.000000000000000000, -0.7071067811865476838, 0.7071067811865474617 ) ) ;
#3046 = EDGE_CURVE ( 'NONE', #569, #2163, #2223, .T. ) ;
#3047 = LINE ( 'NONE', #2822, #1282 ) ;
#3048 = DIRECTION ( 'NONE',  ( 1.000000000000000000, 1.472165949554773075E-16, 0.000000000000000000 ) ) ;
#3049 = EDGE_LOOP ( 'NONE', ( #348, #1429, #2031, #980 ) ) ;
#3050 = EDGE_CURVE ( 'NONE', #259, #2817, #755, .T. ) ;
#3051 = DIRECTION ( 'NONE',  ( 0.7071067811865456854, 0.000000000000000000, 0.7071067811865493491 ) ) ;
#3052 = VECTOR ( 'NONE', #291, 1000.000000000000000 ) ;
#3053 = VECTOR ( 'NONE', #1786, 1000.000000000000000 ) ;
#3054 = CARTESIAN_POINT ( 'NONE',  ( -25.40000915527398817, -5.313386122555504798, 8.000000000000000000 ) ) ;
#3055 = EDGE_LOOP ( 'NONE', ( #2734, #3107, #651, #2470 ) ) ;
#3056 = ORIENTED_EDGE ( 'NONE', *, *, #2493, .T. ) ;
#3057 = VERTEX_POINT ( 'NONE', #1757 ) ;
#3058 = DIRECTION ( 'NONE',  ( 1.000000000000000000, 0.000000000000000000, 0.000000000000000000 ) ) ;
#3059 = DIRECTION ( 'NONE',  ( 0.7071067811865473507, 0.000000000000000000, 0.7071067811865477948 ) ) ;
#3060 = VECTOR ( 'NONE', #1966, 1000.000000000000000 ) ;
#3061 = CARTESIAN_POINT ( 'NONE',  ( -11.78348541259700788, 0.000000000000000000, 8.000000000000000000 ) ) ;
#3062 = AXIS2_PLACEMENT_3D ( 'NONE', #1728, #362, #1819 ) ;
#3063 = FACE_OUTER_BOUND ( 'NONE', #1603, .T. ) ;
#3064 = DIRECTION ( 'NONE',  ( 1.000000000000000000, -8.881784197001252323E-16, 0.000000000000000000 ) ) ;
#3065 = CARTESIAN_POINT ( 'NONE',  ( -22.08662303271848515, 2.349120206389891032E-15, 5.999999999999998224 ) ) ;
#3066 = CIRCLE ( 'NONE', #179, 2.999999999999999112 ) ;
#3067 = CIRCLE ( 'NONE', #1194, 2.049999999999996270 ) ;
#3068 = VECTOR ( 'NONE', #1483, 1000.000000000000114 ) ;
#3069 = CARTESIAN_POINT ( 'NONE',  ( 66.38151507568400689, 6.658000366211003218, 5.000000000000000000 ) ) ;
#3070 = ADVANCED_FACE ( 'NONE', ( #2723 ), #2524, .F. ) ;
#3071 = ADVANCED_FACE ( 'NONE', ( #1490 ), #2533, .F. ) ;
#3072 = DIRECTION ( 'NONE',  ( 0.000000000000000000, 0.7071067811865474617, 0.7071067811865475727 ) ) ;
#3073 = ORIENTED_EDGE ( 'NONE', *, *, #745, .T. ) ;
#3074 = EDGE_CURVE ( 'NONE', #765, #1500, #771, .T. ) ;
#3075 = ORIENTED_EDGE ( 'NONE', *, *, #1708, .T. ) ;
#3076 = ORIENTED_EDGE ( 'NONE', *, *, #2909, .F. ) ;
#3077 = LINE ( 'NONE', #2788, #1157 ) ;
#3078 = ORIENTED_EDGE ( 'NONE', *, *, #3211, .F. ) ;
#3079 = CARTESIAN_POINT ( 'NONE',  ( -172.6684849243160045, 9.658000366211005883, 0.000000000000000000 ) ) ;
#3080 = CARTESIAN_POINT ( 'NONE',  ( 13.61651611327399714, -15.69506454467800260, 5.999999999999998224 ) ) ;
#3081 = AXIS2_PLACEMENT_3D ( 'NONE', #1896, #2677, #1675 ) ;
#3082 = CARTESIAN_POINT ( 'NONE',  ( 64.33151507568400973, -12.61499963378900269, 5.000000000000000000 ) ) ;
#3083 = CARTESIAN_POINT ( 'NONE',  ( 62.29851531982398427, -12.69400024414100336, 8.000000000000000000 ) ) ;
#3084 = DIRECTION ( 'NONE',  ( 0.000000000000000000, 0.000000000000000000, 1.000000000000000000 ) ) ;
#3085 = CARTESIAN_POINT ( 'NONE',  ( -11.78348541259700788, 3.000000000000000444, 5.999999999999998224 ) ) ;
#3086 = AXIS2_PLACEMENT_3D ( 'NONE', #3230, #1759, #227 ) ;
#3087 = EDGE_CURVE ( 'NONE', #1738, #2443, #1706, .T. ) ;
#3088 = PLANE ( 'NONE',  #2478 ) ;
#3089 = ORIENTED_EDGE ( 'NONE', *, *, #1970, .F. ) ;
#3090 = AXIS2_PLACEMENT_3D ( 'NONE', #3082, #804, #2275 ) ;
#3091 = ORIENTED_EDGE ( 'NONE', *, *, #3050, .F. ) ;
#3092 = CARTESIAN_POINT ( 'NONE',  ( 0.000000000000000000, -7.695064544678001717, 8.000000000000000000 ) ) ;
#3093 = EDGE_LOOP ( 'NONE', ( #2188, #3125, #238, #2513, #314 ) ) ;
#3094 = EDGE_CURVE ( 'NONE', #2032, #2503, #720, .T. ) ;
#3095 = DIRECTION ( 'NONE',  ( 1.000000000000000000, 0.000000000000000000, 0.000000000000000000 ) ) ;
#3096 = AXIS2_PLACEMENT_3D ( 'NONE', #338, #399, #3149 ) ;
#3097 = LINE ( 'NONE', #1569, #3053 ) ;
#3098 = CARTESIAN_POINT ( 'NONE',  ( -7.629394990771309892E-06, -9.695064544678004381, 8.000000000000000000 ) ) ;
#3099 = DIRECTION ( 'NONE',  ( 1.000000000000000000, 0.000000000000000000, 0.000000000000000000 ) ) ;
#3100 = PLANE ( 'NONE',  #749 ) ;
#3101 = DIRECTION ( 'NONE',  ( -1.000000000000000000, 0.000000000000000000, 0.000000000000000000 ) ) ;
#3102 = ORIENTED_EDGE ( 'NONE', *, *, #304, .F. ) ;
#3103 = CIRCLE ( 'NONE', #490, 2.999999999999999112 ) ;
#3104 = CARTESIAN_POINT ( 'NONE',  ( -25.38540649414000683, -7.695064544678001717, 8.000000000000000000 ) ) ;
#3105 = ORIENTED_EDGE ( 'NONE', *, *, #887, .F. ) ;
#3106 = EDGE_LOOP ( 'NONE', ( #2295, #2199, #111, #1558 ) ) ;
#3107 = ORIENTED_EDGE ( 'NONE', *, *, #1329, .F. ) ;
#3108 = AXIS2_PLACEMENT_3D ( 'NONE', #2174, #640, #1395 ) ;
#3109 = EDGE_CURVE ( 'NONE', #944, #940, #17, .T. ) ;
#3110 = VERTEX_POINT ( 'NONE', #3229 ) ;
#3111 = VERTEX_POINT ( 'NONE', #1726 ) ;
#3112 = FACE_OUTER_BOUND ( 'NONE', #1037, .T. ) ;
#3113 = ADVANCED_FACE ( 'NONE', ( #2475 ), #2773, .F. ) ;
#3114 = ADVANCED_FACE ( 'NONE', ( #1277 ), #477, .T. ) ;
#3115 = CARTESIAN_POINT ( 'NONE',  ( -25.40000915527398817, 2.349120206389891032E-15, 8.000000000000000000 ) ) ;
#3116 = DIRECTION ( 'NONE',  ( -1.000000000000000000, 0.000000000000000000, 0.000000000000000000 ) ) ;
#3117 = CARTESIAN_POINT ( 'NONE',  ( -37.16888427734399158, -15.69506454467800260, 5.999999999999998224 ) ) ;
#3118 = CIRCLE ( 'NONE', #968, 3.313386122555505242 ) ;
#3119 = DIRECTION ( 'NONE',  ( 0.000000000000000000, 0.000000000000000000, -1.000000000000000000 ) ) ;
#3120 = DIRECTION ( 'NONE',  ( -1.000000000000000000, 0.000000000000000000, 0.000000000000000000 ) ) ;
#3121 = VECTOR ( 'NONE', #2657, 1000.000000000000000 ) ;
#3122 = CIRCLE ( 'NONE', #2120, 2.999999999999999112 ) ;
#3123 = EDGE_LOOP ( 'NONE', ( #3073, #40 ) ) ;
#3124 = AXIS2_PLACEMENT_3D ( 'NONE', #813, #2826, #2003 ) ;
#3125 = ORIENTED_EDGE ( 'NONE', *, *, #943, .T. ) ;
#3126 = ORIENTED_EDGE ( 'NONE', *, *, #2731, .F. ) ;
#3127 = FACE_OUTER_BOUND ( 'NONE', #2552, .T. ) ;
#3128 = ORIENTED_EDGE ( 'NONE', *, *, #3094, .F. ) ;
#3129 = CARTESIAN_POINT ( 'NONE',  ( 13.61651611327399714, 0.000000000000000000, 8.000000000000000000 ) ) ;
#3130 = PLANE ( 'NONE',  #1077 ) ;
#3131 = DIRECTION ( 'NONE',  ( 1.000000000000000000, 0.000000000000000000, 0.000000000000000000 ) ) ;
#3132 = ADVANCED_FACE ( 'NONE', ( #2946 ), #2708, .F. ) ;
#3133 = DIRECTION ( 'NONE',  ( -1.000000000000000000, 0.000000000000000000, 0.000000000000000000 ) ) ;
#3134 = DIRECTION ( 'NONE',  ( -1.000000000000000000, -1.840207436943464248E-16, 0.000000000000000000 ) ) ;
#3135 = EDGE_CURVE ( 'NONE', #713, #58, #3209, .T. ) ;
#3136 = CARTESIAN_POINT ( 'NONE',  ( -76.24448492431599789, -12.61499963378900269, 0.000000000000000000 ) ) ;
#3137 = EDGE_LOOP ( 'NONE', ( #1665, #2424, #473, #1353, #601 ) ) ;
#3138 = DIRECTION ( 'NONE',  ( -1.000000000000000000, -0.000000000000000000, -0.000000000000000000 ) ) ;
#3139 = VECTOR ( 'NONE', #174, 1000.000000000000000 ) ;
#3140 = ORIENTED_EDGE ( 'NONE', *, *, #344, .F. ) ;
#3141 = CARTESIAN_POINT ( 'NONE',  ( 10.61651611327399714, -12.69506454467800260, 5.999999999999998224 ) ) ;
#3142 = CONICAL_SURFACE ( 'NONE', #1104, 2.999999999999995559, 0.7853981633974482790 ) ;
#3143 = CARTESIAN_POINT ( 'NONE',  ( 25.39999389648399486, 2.999999999999999556, 5.999999999999998224 ) ) ;
#3144 = DIRECTION ( 'NONE',  ( 0.000000000000000000, 0.000000000000000000, 1.000000000000000000 ) ) ;
#3145 = EDGE_CURVE ( 'NONE', #21, #816, #332, .T. ) ;
#3146 = CARTESIAN_POINT ( 'NONE',  ( -11.78348541259700788, -9.695064544678004381, 0.000000000000000000 ) ) ;
#3147 = DIRECTION ( 'NONE',  ( 0.000000000000000000, -0.7071067811865475727, -0.7071067811865475727 ) ) ;
#3148 = EDGE_CURVE ( 'NONE', #1791, #2335, #2356, .T. ) ;
#3149 = DIRECTION ( 'NONE',  ( 1.000000000000000000, 0.000000000000000000, 0.000000000000000000 ) ) ;
#3150 = ORIENTED_EDGE ( 'NONE', *, *, #2286, .T. ) ;
#3151 = ORIENTED_EDGE ( 'NONE', *, *, #1736, .T. ) ;
#3152 = VECTOR ( 'NONE', #2988, 1000.000000000000000 ) ;
#3153 = CARTESIAN_POINT ( 'NONE',  ( -50.80000686645399810, 2.999999999999998224, 5.999999999999998224 ) ) ;
#3154 = CIRCLE ( 'NONE', #72, 2.049999999999996270 ) ;
#3155 = ORIENTED_EDGE ( 'NONE', *, *, #1110, .T. ) ;
#3156 = LINE ( 'NONE', #1131, #1206 ) ;
#3157 = CARTESIAN_POINT ( 'NONE',  ( 10.61651611327399714, -12.69506454467800260, 0.000000000000000000 ) ) ;
#3158 = CARTESIAN_POINT ( 'NONE',  ( -25.38540649414000683, -12.69506454467800260, 5.999999999999998224 ) ) ;
#3159 = DIRECTION ( 'NONE',  ( -0.000000000000000000, -0.000000000000000000, -1.000000000000000000 ) ) ;
#3160 = PLANE ( 'NONE',  #128 ) ;
#3161 = AXIS2_PLACEMENT_3D ( 'NONE', #1398, #2393, #3134 ) ;
#3162 = ORIENTED_EDGE ( 'NONE', *, *, #2799, .T. ) ;
#3163 = AXIS2_PLACEMENT_3D ( 'NONE', #1741, #2238, #442 ) ;
#3164 = CARTESIAN_POINT ( 'NONE',  ( -25.40000915527398817, 2.349120206389891032E-15, 8.000000000000000000 ) ) ;
#3165 = CARTESIAN_POINT ( 'NONE',  ( -62.58222947483896093, -15.70000050036168915, 5.999999999999970690 ) ) ;
#3166 = ORIENTED_EDGE ( 'NONE', *, *, #3074, .F. ) ;
#3167 = EDGE_CURVE ( 'NONE', #3175, #2865, #3097, .T. ) ;
#3168 = ORIENTED_EDGE ( 'NONE', *, *, #468, .T. ) ;
#3169 = EDGE_CURVE ( 'NONE', #944, #2907, #1642, .T. ) ;
#3170 = CONICAL_SURFACE ( 'NONE', #662, 2.999999999999999112, 0.7853981633974482790 ) ;
#3171 = AXIS2_PLACEMENT_3D ( 'NONE', #842, #1054, #3101 ) ;
#3172 = CIRCLE ( 'NONE', #1860, 5.000000000000000888 ) ;
#3173 = LINE ( 'NONE', #909, #2546 ) ;
#3174 = EDGE_CURVE ( 'NONE', #976, #1271, #2790, .T. ) ;
#3175 = VERTEX_POINT ( 'NONE', #2556 ) ;
#3176 = CARTESIAN_POINT ( 'NONE',  ( -11.78348541259700788, -9.695064544678004381, 8.000000000000000000 ) ) ;
#3177 = CARTESIAN_POINT ( 'NONE',  ( 30.39999389648399486, 3.000384657910999593E-16, 8.000000000000000000 ) ) ;
#3178 = CARTESIAN_POINT ( 'NONE',  ( -14.78348541259700788, -12.69506454467800260, 8.000000000000000000 ) ) ;
#3179 = EDGE_LOOP ( 'NONE', ( #1857, #2452, #2103, #3168, #3198 ) ) ;
#3180 = DIRECTION ( 'NONE',  ( 1.000000000000000000, 0.000000000000000000, 0.000000000000000000 ) ) ;
#3181 = ORIENTED_EDGE ( 'NONE', *, *, #2002, .F. ) ;
#3182 = ORIENTED_EDGE ( 'NONE', *, *, #298, .T. ) ;
#3183 = CARTESIAN_POINT ( 'NONE',  ( 0.000000000000000000, 0.000000000000000000, 8.000000000000000000 ) ) ;
#3184 = FACE_OUTER_BOUND ( 'NONE', #2350, .T. ) ;
#3185 = ORIENTED_EDGE ( 'NONE', *, *, #3135, .F. ) ;
#3186 = EDGE_CURVE ( 'NONE', #2843, #1737, #853, .T. ) ;
#3187 = FACE_OUTER_BOUND ( 'NONE', #67, .T. ) ;
#3188 = EDGE_CURVE ( 'NONE', #1313, #765, #1801, .T. ) ;
#3189 = ORIENTED_EDGE ( 'NONE', *, *, #1667, .T. ) ;
#3190 = CARTESIAN_POINT ( 'NONE',  ( 57.29851531982400559, -12.69400024414100336, 6.000000000000014211 ) ) ;
#3191 = FACE_OUTER_BOUND ( 'NONE', #652, .T. ) ;
#3192 = AXIS2_PLACEMENT_3D ( 'NONE', #1147, #2140, #899 ) ;
#3193 = CYLINDRICAL_SURFACE ( 'NONE', #2265, 3.313386122555502133 ) ;
#3194 = AXIS2_PLACEMENT_3D ( 'NONE', #1621, #422, #1359 ) ;
#3195 = DIRECTION ( 'NONE',  ( 0.000000000000000000, 0.000000000000000000, 1.000000000000000000 ) ) ;
#3196 = DIRECTION ( 'NONE',  ( 0.7071067811865474617, 0.000000000000000000, 0.7071067811865474617 ) ) ;
#3197 = VERTEX_POINT ( 'NONE', #2026 ) ;
#3198 = ORIENTED_EDGE ( 'NONE', *, *, #1903, .F. ) ;
#3199 = LINE ( 'NONE', #415, #1472 ) ;
#3200 = LINE ( 'NONE', #485, #2530 ) ;
#3201 = EDGE_LOOP ( 'NONE', ( #1582, #292, #1504, #2685 ) ) ;
#3202 = CARTESIAN_POINT ( 'NONE',  ( -11.78348541259700788, -15.69506454467800260, 5.999999999999998224 ) ) ;
#3203 = EDGE_CURVE ( 'NONE', #2935, #1981, #540, .T. ) ;
#3204 = ORIENTED_EDGE ( 'NONE', *, *, #2386, .T. ) ;
#3205 = EDGE_LOOP ( 'NONE', ( #2956, #1123, #1998, #100 ) ) ;
#3206 = CARTESIAN_POINT ( 'NONE',  ( -37.16888427734399158, -15.69506454467799905, 5.999999999999998224 ) ) ;
#3207 = LINE ( 'NONE', #475, #1335 ) ;
#3208 = AXIS2_PLACEMENT_3D ( 'NONE', #114, #2543, #1050 ) ;
#3209 = LINE ( 'NONE', #963, #1749 ) ;
#3210 = EDGE_CURVE ( 'NONE', #1299, #1072, #808, .T. ) ;
#3211 = EDGE_CURVE ( 'NONE', #2802, #2881, #2058, .T. ) ;
#3212 = VECTOR ( 'NONE', #2624, 1000.000000000000000 ) ;
#3213 = CARTESIAN_POINT ( 'NONE',  ( -25.38540649414000683, -7.695064544678001717, 8.000000000000000000 ) ) ;
#3214 = DIRECTION ( 'NONE',  ( 0.7071067811865474617, 0.000000000000000000, 0.7071067811865474617 ) ) ;
#3215 = PRODUCT_DEFINITION_FORMATION_WITH_SPECIFIED_SOURCE ( 'ä»', '', #404, .NOT_KNOWN. ) ;
#3216 = VERTEX_POINT ( 'NONE', #2539 ) ;
#3217 = FACE_BOUND ( 'NONE', #396, .T. ) ;
#3218 = DIRECTION ( 'NONE',  ( 1.000000000000000000, 0.000000000000000000, 0.000000000000000000 ) ) ;
#3219 = EDGE_LOOP ( 'NONE', ( #724, #2649, #876, #3075 ) ) ;
#3220 = AXIS2_PLACEMENT_3D ( 'NONE', #2841, #38, #2045 ) ;
#3221 = FACE_OUTER_BOUND ( 'NONE', #202, .T. ) ;
#3222 = AXIS2_PLACEMENT_3D ( 'NONE', #2738, #2944, #1756 ) ;
#3223 = VERTEX_POINT ( 'NONE', #1097 ) ;
#3224 = VECTOR ( 'NONE', #3120, 1000.000000000000000 ) ;
#3225 = CIRCLE ( 'NONE', #36, 2.999999999999995559 ) ;
#3226 = ORIENTED_EDGE ( 'NONE', *, *, #1467, .T. ) ;
#3227 = CYLINDRICAL_SURFACE ( 'NONE', #2675, 3.000000000000002665 ) ;
#3228 = DIRECTION ( 'NONE',  ( 0.000000000000000000, 0.000000000000000000, -1.000000000000000000 ) ) ;
#3229 = CARTESIAN_POINT ( 'NONE',  ( -50.80000686645399810, 2.999999999999998224, 0.000000000000000000 ) ) ;
#3230 = CARTESIAN_POINT ( 'NONE',  ( 13.61651611327399714, -12.69506454467800260, 0.000000000000000000 ) ) ;
#3231 = EDGE_CURVE ( 'NONE', #478, #1865, #2849, .T. ) ;
#3232 = CARTESIAN_POINT ( 'NONE',  ( 13.61651611327399714, -9.695064544678004381, 8.000000000000000000 ) ) ;
#3233 = ORIENTED_EDGE ( 'NONE', *, *, #2692, .F. ) ;
#3234 = ADVANCED_FACE ( 'NONE', ( #820 ), #1291, .F. ) ;
#3235 = FACE_BOUND ( 'NONE', #2397, .T. ) ;
#3236 = CARTESIAN_POINT ( 'NONE',  ( -62.58473982447705453, -9.700001025516314712, 5.999999999999970690 ) ) ;
#3237 = VERTEX_POINT ( 'NONE', #80 ) ;
#3238 = CARTESIAN_POINT ( 'NONE',  ( 78.33151507568400973, -4.541999633788991630, 8.000000000000000000 ) ) ;
#3239 = ORIENTED_EDGE ( 'NONE', *, *, #2243, .T. ) ;
#3240 = ORIENTED_EDGE ( 'NONE', *, *, #2888, .F. ) ;
#3241 = FACE_BOUND ( 'NONE', #3137, .T. ) ;
#3242 = DIRECTION ( 'NONE',  ( 1.000000000000000000, 1.840207436943464248E-16, 0.000000000000000000 ) ) ;
#3243 = DIRECTION ( 'NONE',  ( 1.000000000000000000, 0.000000000000000000, 0.000000000000000000 ) ) ;
ENDSEC;
END-ISO-10303-21;
