ISO-10303-21;
HEADER;
FILE_DESCRIPTION (( 'STEP AP214' ),
    '1' );
FILE_NAME ('À­¸Ë_×ó.STEP',
    '2025-11-05T04:26:51',
    ( '' ),
    ( '' ),
    'SwSTEP 2.0',
    'SolidWorks 2025',
    '' );
FILE_SCHEMA (( 'AUTOMOTIVE_DESIGN' ));
ENDSEC;

DATA;
#1 = EDGE_CURVE ( 'NONE', #1733, #1241, #465, .T. ) ;
#2 = DIRECTION ( 'NONE',  ( 0.000000000000000000, 0.000000000000000000, 1.000000000000000000 ) ) ;
#3 = EDGE_CURVE ( 'NONE', #363, #1400, #1599, .T. ) ;
#4 = AXIS2_PLACEMENT_3D ( 'NONE', #738, #1882, #2227 ) ;
#5 = CARTESIAN_POINT ( 'NONE',  ( 52.87158287404625412, -95.95468715529231929, 1.212883801129793326 ) ) ;
#6 = ORIENTED_EDGE ( 'NONE', *, *, #1, .T. ) ;
#7 = CARTESIAN_POINT ( 'NONE',  ( 17.65336133174098876, -87.60652329807768979, 15.00000000000000000 ) ) ;
#8 = CARTESIAN_POINT ( 'NONE',  ( 52.91094679413453150, -88.21587648232971901, 1.185120509871351313 ) ) ;
#9 = ORIENTED_EDGE ( 'NONE', *, *, #71, .F. ) ;
#10 = AXIS2_PLACEMENT_3D ( 'NONE', #798, #1538, #1298 ) ;
#11 = ORIENTED_EDGE ( 'NONE', *, *, #1936, .F. ) ;
#12 = EDGE_CURVE ( 'NONE', #113, #1181, #2397, .T. ) ;
#13 = LINE ( 'NONE', #571, #2090 ) ;
#14 = FACE_OUTER_BOUND ( 'NONE', #1369, .T. ) ;
#15 = ORIENTED_EDGE ( 'NONE', *, *, #1389, .F. ) ;
#16 = EDGE_CURVE ( 'NONE', #73, #2044, #866, .T. ) ;
#17 = DIRECTION ( 'NONE',  ( 1.000000000000000000, 0.000000000000000000, 0.000000000000000000 ) ) ;
#18 = ORIENTED_EDGE ( 'NONE', *, *, #1686, .F. ) ;
#19 = EDGE_CURVE ( 'NONE', #351, #1863, #1975, .T. ) ;
#20 = CARTESIAN_POINT ( 'NONE',  ( 0.000000000000000000, -25.30492968819588029, -20.00000000000000355 ) ) ;
#21 = ORIENTED_EDGE ( 'NONE', *, *, #103, .F. ) ;
#22 = CARTESIAN_POINT ( 'NONE',  ( 72.89347670192231021, -119.9765809831683328, 15.00000000000000000 ) ) ;
#23 = DIRECTION ( 'NONE',  ( 0.000000000000000000, 0.000000000000000000, -1.000000000000000000 ) ) ;
#24 = CARTESIAN_POINT ( 'NONE',  ( 45.00000000000023448, -80.30492968819555699, 3.699999999998589750 ) ) ;
#25 = EDGE_LOOP ( 'NONE', ( #1772, #1471, #785, #216, #380, #1783, #125, #1792, #1683, #38, #551 ) ) ;
#26 = EDGE_CURVE ( 'NONE', #2167, #697, #1420, .T. ) ;
#27 = CARTESIAN_POINT ( 'NONE',  ( 31.04364296267868895, -86.08629935223062546, -3.090641985521992208 ) ) ;
#28 = ORIENTED_EDGE ( 'NONE', *, *, #432, .T. ) ;
#29 = CARTESIAN_POINT ( 'NONE',  ( 37.04307482212236380, -106.9962367884590719, 1.152601186797927557 ) ) ;
#30 = EDGE_CURVE ( 'NONE', #1768, #1895, #1060, .T. ) ;
#31 = CARTESIAN_POINT ( 'NONE',  ( 45.00000000000023448, -80.30492968819555699, 3.699999999998589750 ) ) ;
#32 = VERTEX_POINT ( 'NONE', #1590 ) ;
#33 = VECTOR ( 'NONE', #1787, 1000.000000000000000 ) ;
#34 = DIRECTION ( 'NONE',  ( 0.000000000000000000, 0.000000000000000000, -1.000000000000000000 ) ) ;
#35 = CARTESIAN_POINT ( 'NONE',  ( 102.2686634406130963, -180.0000000000000000, 0.000000000000000000 ) ) ;
#36 = CIRCLE ( 'NONE', #116, 1.600000000000001199 ) ;
#37 = CARTESIAN_POINT ( 'NONE',  ( 52.85184614157781624, -95.93495042282386009, 0.000000000000000000 ) ) ;
#38 = ORIENTED_EDGE ( 'NONE', *, *, #651, .F. ) ;
#39 = FACE_OUTER_BOUND ( 'NONE', #1111, .T. ) ;
#40 = VECTOR ( 'NONE', #635, 1000.000000000000000 ) ;
#41 = PLANE ( 'NONE',  #727 ) ;
#42 = ORIENTED_EDGE ( 'NONE', *, *, #214, .T. ) ;
#43 = UNCERTAINTY_MEASURE_WITH_UNIT (LENGTH_MEASURE( 1.000000000000000082E-05 ), #715, 'distance_accuracy_value', 'NONE');
#44 = VECTOR ( 'NONE', #409, 1000.000000000000000 ) ;
#45 = DIRECTION ( 'NONE',  ( -0.000000000000000000, 1.000000000000000000, -0.000000000000000000 ) ) ;
#46 = EDGE_CURVE ( 'NONE', #2083, #765, #667, .T. ) ;
#47 = VECTOR ( 'NONE', #177, 1000.000000000000000 ) ;
#48 = LINE ( 'NONE', #628, #1851 ) ;
#49 = DIRECTION ( 'NONE',  ( -0.7071067811865532349, 0.7071067811865417996, -0.000000000000000000 ) ) ;
#50 = ORIENTED_EDGE ( 'NONE', *, *, #1675, .F. ) ;
#51 = EDGE_CURVE ( 'NONE', #1264, #1768, #493, .T. ) ;
#52 = AXIS2_PLACEMENT_3D ( 'NONE', #947, #1505, #788 ) ;
#53 = DIRECTION ( 'NONE',  ( -1.000000000000000000, 9.813077866773629194E-15, -0.000000000000000000 ) ) ;
#54 = FACE_OUTER_BOUND ( 'NONE', #1868, .T. ) ;
#55 = CARTESIAN_POINT ( 'NONE',  ( 9.999999999999998224, -10.30492968819588206, -5.000000000000004441 ) ) ;
#56 = ORIENTED_EDGE ( 'NONE', *, *, #1115, .F. ) ;
#57 = DIRECTION ( 'NONE',  ( -0.7071067811865473507, 0.7071067811865477948, -0.000000000000000000 ) ) ;
#58 = ORIENTED_EDGE ( 'NONE', *, *, #1952, .T. ) ;
#59 = DIRECTION ( 'NONE',  ( 0.7071067811865451302, 0.7071067811865500152, 0.000000000000000000 ) ) ;
#60 = ORIENTED_EDGE ( 'NONE', *, *, #1119, .T. ) ;
#61 = ADVANCED_FACE ( 'NONE', ( #303 ), #1215, .F. ) ;
#62 = CARTESIAN_POINT ( 'NONE',  ( -34.97658098316838249, -34.97658098316842512, 0.000000000000000000 ) ) ;
#63 = ORIENTED_EDGE ( 'NONE', *, *, #1598, .T. ) ;
#64 = CARTESIAN_POINT ( 'NONE',  ( 112.7635343870129248, -155.8466386682589757, 15.00000000000000000 ) ) ;
#65 = CARTESIAN_POINT ( 'NONE',  ( 18.20126396972769456, -143.3049296881958696, 25.73438252477685495 ) ) ;
#66 = ORIENTED_EDGE ( 'NONE', *, *, #1036, .F. ) ;
#67 = CARTESIAN_POINT ( 'NONE',  ( 82.39347670192228179, -125.4765809831683328, -20.00000000000000355 ) ) ;
#68 = DIRECTION ( 'NONE',  ( 0.000000000000000000, 0.000000000000000000, 1.000000000000000000 ) ) ;
#69 = EDGE_LOOP ( 'NONE', ( #1981, #11, #2345, #1654 ) ) ;
#70 = DIRECTION ( 'NONE',  ( -0.7071067811865474617, 0.7071067811865475727, -0.000000000000000000 ) ) ;
#71 = EDGE_CURVE ( 'NONE', #886, #1925, #1801, .T. ) ;
#72 = AXIS2_PLACEMENT_3D ( 'NONE', #474, #1048, #692 ) ;
#73 = VERTEX_POINT ( 'NONE', #658 ) ;
#74 = CARTESIAN_POINT ( 'NONE',  ( 118.0950703118059550, -169.9999999999999716, 11.99999999999999645 ) ) ;
#75 = EDGE_CURVE ( 'NONE', #1353, #1241, #876, .T. ) ;
#76 = VECTOR ( 'NONE', #1057, 1000.000000000000000 ) ;
#77 = DIRECTION ( 'NONE',  ( -0.000000000000000000, -0.000000000000000000, 1.000000000000000000 ) ) ;
#78 = PRESENTATION_LAYER_ASSIGNMENT (  '', '', ( #284 ) ) ;
#79 = ORIENTED_EDGE ( 'NONE', *, *, #1188, .F. ) ;
#80 = CARTESIAN_POINT ( 'NONE',  ( 12.15336133174097988, -55.23646561298703972, -20.00000000000000355 ) ) ;
#81 = AXIS2_PLACEMENT_3D ( 'NONE', #2130, #2151, #1754 ) ;
#82 = CARTESIAN_POINT ( 'NONE',  ( 16.15336133174101008, -82.10652329807768979, -20.00000000000000355 ) ) ;
#83 = EDGE_LOOP ( 'NONE', ( #1268, #849, #2269, #948, #742 ) ) ;
#84 = DIRECTION ( 'NONE',  ( -0.000000000000000000, 0.000000000000000000, 1.000000000000000000 ) ) ;
#85 = VECTOR ( 'NONE', #1205, 1000.000000000000000 ) ;
#86 = DIRECTION ( 'NONE',  ( 0.000000000000000000, 0.000000000000000000, -1.000000000000000000 ) ) ;
#87 = PRODUCT_DEFINITION ( 'æœ', '', #2095, #2311 ) ;
#88 = VERTEX_POINT ( 'NONE', #120 ) ;
#89 = CARTESIAN_POINT ( 'NONE',  ( 0.000000000000000000, -53.30492968819405775, 0.000000000000000000 ) ) ;
#90 = PLANE ( 'NONE',  #570 ) ;
#91 = ORIENTED_EDGE ( 'NONE', *, *, #979, .F. ) ;
#92 = DIRECTION ( 'NONE',  ( 0.000000000000000000, 1.000000000000000000, -0.000000000000000000 ) ) ;
#93 = CARTESIAN_POINT ( 'NONE',  ( 35.41343635916146582, -78.49654064040751678, -6.459064523421306762E-15 ) ) ;
#94 = VERTEX_POINT ( 'NONE', #519 ) ;
#95 = CARTESIAN_POINT ( 'NONE',  ( -10.00000000000000178, -67.73133655938873687, 15.00000000000000000 ) ) ;
#96 = CARTESIAN_POINT ( 'NONE',  ( -21.54155214062302903, -21.54155214062303259, 0.000000000000000000 ) ) ;
#97 = CARTESIAN_POINT ( 'NONE',  ( 44.52341901683162462, -91.60652329807768979, 3.691708095283194879 ) ) ;
#98 = CARTESIAN_POINT ( 'NONE',  ( 116.6950703118059209, -151.9999999999999716, -20.00000000000000355 ) ) ;
#99 = ORIENTED_EDGE ( 'NONE', *, *, #1328, .T. ) ;
#100 = LINE ( 'NONE', #1256, #2056 ) ;
#101 = DIRECTION ( 'NONE',  ( 0.000000000000000000, 0.000000000000000000, -1.000000000000000000 ) ) ;
#102 = EDGE_LOOP ( 'NONE', ( #175, #881, #835, #279 ) ) ;
#103 = EDGE_CURVE ( 'NONE', #426, #2005, #1725, .T. ) ;
#104 = CARTESIAN_POINT ( 'NONE',  ( 91.89347670192228179, -157.8466386682589757, 15.00000000000000000 ) ) ;
#105 = ORIENTED_EDGE ( 'NONE', *, *, #1319, .F. ) ;
#106 = CARTESIAN_POINT ( 'NONE',  ( 50.02341901683162462, -95.93495042282386009, 15.00000000000000000 ) ) ;
#107 = CARTESIAN_POINT ( 'NONE',  ( 41.69499189208547563, -111.6481538584221767, 3.295372180070033075 ) ) ;
#108 = DIRECTION ( 'NONE',  ( -0.000000000000000000, 1.000000000000000000, -0.000000000000000000 ) ) ;
#109 = CARTESIAN_POINT ( 'NONE',  ( 9.999999999999998224, -45.30492968819588384, 15.00000000000000000 ) ) ;
#110 = ORIENTED_EDGE ( 'NONE', *, *, #2143, .T. ) ;
#111 = CIRCLE ( 'NONE', #1077, 1.600000000000004086 ) ;
#112 = DIRECTION ( 'NONE',  ( -1.000000000000000000, -0.000000000000000000, -0.000000000000000000 ) ) ;
#113 = VERTEX_POINT ( 'NONE', #2012 ) ;
#114 = DIRECTION ( 'NONE',  ( -0.7071067811865475727, -0.7071067811865475727, 0.000000000000000000 ) ) ;
#115 = VECTOR ( 'NONE', #1926, 1000.000000000000000 ) ;
#116 = AXIS2_PLACEMENT_3D ( 'NONE', #324, #1285, #1480 ) ;
#117 = CARTESIAN_POINT ( 'NONE',  ( 122.6950703118059636, -169.9999999999999716, 12.00000000000000000 ) ) ;
#118 = EDGE_LOOP ( 'NONE', ( #2065, #1986, #311, #1832 ) ) ;
#119 = CIRCLE ( 'NONE', #1045, 1.600000000000001199 ) ;
#120 = CARTESIAN_POINT ( 'NONE',  ( 82.39347670192228179, -149.5182115435127912, 0.000000000000000000 ) ) ;
#121 = CARTESIAN_POINT ( 'NONE',  ( 90.72190382666853736, -133.8050081079146025, 0.000000000000000000 ) ) ;
#122 = AXIS2_PLACEMENT_3D ( 'NONE', #1442, #128, #526 ) ;
#123 = LINE ( 'NONE', #1438, #1225 ) ;
#124 = EDGE_CURVE ( 'NONE', #1211, #1087, #705, .T. ) ;
#125 = ORIENTED_EDGE ( 'NONE', *, *, #1630, .F. ) ;
#126 = DIRECTION ( 'NONE',  ( 0.000000000000000000, 0.000000000000000000, 1.000000000000000000 ) ) ;
#127 = VECTOR ( 'NONE', #1159, 1000.000000000000000 ) ;
#128 = DIRECTION ( 'NONE',  ( -0.000000000000000000, 0.000000000000000000, 1.000000000000000000 ) ) ;
#129 = ORIENTED_EDGE ( 'NONE', *, *, #26, .F. ) ;
#130 = FACE_OUTER_BOUND ( 'NONE', #1406, .T. ) ;
#131 =( BOUNDED_CURVE ( )  B_SPLINE_CURVE ( 3, ( #504, #737, #2408, #348 ),
 .UNSPECIFIED., .F., .F. ) 
 B_SPLINE_CURVE_WITH_KNOTS ( ( 4, 4 ),
 ( 4.096797689814920318, 4.336958649920497955 ),
 .UNSPECIFIED. ) 
 CURVE ( )  GEOMETRIC_REPRESENTATION_ITEM ( )  RATIONAL_B_SPLINE_CURVE ( ( 1.000000000000000000, 0.9951993321292562644, 0.9951993321292562644, 1.000000000000000000 ) ) 
 REPRESENTATION_ITEM ( '' )  );
#132 = LINE ( 'NONE', #902, #1665 ) ;
#133 = VERTEX_POINT ( 'NONE', #1446 ) ;
#134 = CARTESIAN_POINT ( 'NONE',  ( 116.6950703118059209, -151.9999999999999716, -20.00000000000000355 ) ) ;
#135 = CARTESIAN_POINT ( 'NONE',  ( 121.2950703118059579, -169.9999999999999716, -20.00000000000000355 ) ) ;
#136 = ORIENTED_EDGE ( 'NONE', *, *, #950, .T. ) ;
#137 = LINE ( 'NONE', #539, #1656 ) ;
#138 = ADVANCED_FACE ( 'NONE', ( #1033 ), #1088, .T. ) ;
#139 = CARTESIAN_POINT ( 'NONE',  ( 122.6950703118059636, -169.9999999999999716, 12.00000000000000000 ) ) ;
#140 = ORIENTED_EDGE ( 'NONE', *, *, #1303, .T. ) ;
#141 = DIRECTION ( 'NONE',  ( -0.5774413718346204094, 0.000000000000000000, 0.8164321540053108839 ) ) ;
#142 = LINE ( 'NONE', #2024, #1351 ) ;
#143 = ORIENTED_EDGE ( 'NONE', *, *, #1089, .F. ) ;
#144 = CARTESIAN_POINT ( 'NONE',  ( 118.0950703118059550, -169.9999999999999716, 0.000000000000000000 ) ) ;
#145 = FACE_BOUND ( 'NONE', #2264, .T. ) ;
#146 = ORIENTED_EDGE ( 'NONE', *, *, #1931, .F. ) ;
#147 = EDGE_CURVE ( 'NONE', #1333, #1255, #1774, .T. ) ;
#148 = FILL_AREA_STYLE ('',( #1105 ) ) ;
#149 = FACE_BOUND ( 'NONE', #244, .T. ) ;
#150 = ORIENTED_EDGE ( 'NONE', *, *, #313, .F. ) ;
#151 = ADVANCED_FACE ( 'NONE', ( #1816 ), #2197, .F. ) ;
#152 = LINE ( 'NONE', #2193, #2052 ) ;
#153 = VECTOR ( 'NONE', #1854, 1000.000000000000114 ) ;
#154 = CARTESIAN_POINT ( 'NONE',  ( 2.999999999999999112, -25.30492968819588029, 12.00000000000000000 ) ) ;
#155 = VECTOR ( 'NONE', #2364, 1000.000000000000000 ) ;
#156 = EDGE_LOOP ( 'NONE', ( #608, #414, #1213, #1664, #752, #574, #211, #1186, #1043, #711 ) ) ;
#157 = VECTOR ( 'NONE', #1977, 1000.000000000000000 ) ;
#158 = ORIENTED_EDGE ( 'NONE', *, *, #1410, .T. ) ;
#159 = VECTOR ( 'NONE', #1496, 1000.000000000000000 ) ;
#160 = DIRECTION ( 'NONE',  ( 1.000000000000000000, 0.000000000000000000, 0.000000000000000000 ) ) ;
#161 = CIRCLE ( 'NONE', #1041, 13.69999999999999751 ) ;
#162 = VERTEX_POINT ( 'NONE', #696 ) ;
#163 = DIRECTION ( 'NONE',  ( 1.000000000000000000, 0.000000000000000000, 0.000000000000000000 ) ) ;
#164 = CIRCLE ( 'NONE', #248, 3.000000000000002665 ) ;
#165 = PLANE ( 'NONE',  #2173 ) ;
#166 = EDGE_LOOP ( 'NONE', ( #289, #234, #91, #1026 ) ) ;
#167 = VECTOR ( 'NONE', #2182, 1000.000000000000000 ) ;
#168 = LINE ( 'NONE', #2421, #1157 ) ;
#169 = EDGE_CURVE ( 'NONE', #1241, #795, #2028, .T. ) ;
#170 = CARTESIAN_POINT ( 'NONE',  ( 2.999999999999999112, -25.30492968819588029, 12.00000000000000000 ) ) ;
#171 = VERTEX_POINT ( 'NONE', #1619 ) ;
#172 = EDGE_CURVE ( 'NONE', #1366, #2288, #123, .T. ) ;
#173 = CARTESIAN_POINT ( 'NONE',  ( 87.89347670192228179, -133.8050081079145741, 15.00000000000000000 ) ) ;
#174 = VERTEX_POINT ( 'NONE', #880 ) ;
#175 = ORIENTED_EDGE ( 'NONE', *, *, #418, .F. ) ;
#176 = CARTESIAN_POINT ( 'NONE',  ( 54.02341901683163172, -119.9765809831683328, 15.00000000000000000 ) ) ;
#177 = DIRECTION ( 'NONE',  ( -0.000000000000000000, 1.000000000000000000, -0.000000000000000000 ) ) ;
#178 = EDGE_LOOP ( 'NONE', ( #1703, #28 ) ) ;
#179 = CARTESIAN_POINT ( 'NONE',  ( 50.02341901683162462, -115.9765809831683612, 2.745793870187165364 ) ) ;
#180 = CARTESIAN_POINT ( 'NONE',  ( -1.600000000000001199, -25.30492968819588029, 11.99999999999999645 ) ) ;
#181 = ORIENTED_EDGE ( 'NONE', *, *, #197, .T. ) ;
#182 = EDGE_CURVE ( 'NONE', #903, #1752, #1631, .T. ) ;
#183 = PLANE ( 'NONE',  #1007 ) ;
#184 = EDGE_LOOP ( 'NONE', ( #1632, #1666, #1443, #997 ) ) ;
#185 = ADVANCED_FACE ( 'NONE', ( #2186 ), #1411, .T. ) ;
#186 = CARTESIAN_POINT ( 'NONE',  ( 102.2686634406130963, -180.0000000000000000, 15.00000000000000000 ) ) ;
#187 = DIRECTION ( 'NONE',  ( 0.8164321540053106618, 0.000000000000000000, -0.5774413718346207425 ) ) ;
#188 = ORIENTED_EDGE ( 'NONE', *, *, #2027, .T. ) ;
#189 = CARTESIAN_POINT ( 'NONE',  ( 82.39347670192228179, -149.5182115435127912, 15.00000000000000000 ) ) ;
#190 = DIRECTION ( 'NONE',  ( 0.000000000000000000, 0.000000000000000000, 1.000000000000000000 ) ) ;
#191 = ORIENTED_EDGE ( 'NONE', *, *, #1214, .F. ) ;
#192 = VECTOR ( 'NONE', #1170, 1000.000000000000000 ) ;
#194 = DIRECTION ( 'NONE',  ( 1.000000000000000000, 0.000000000000000000, 0.000000000000000000 ) ) ;
#193 = PRODUCT_RELATED_PRODUCT_CATEGORY ( 'part', '', ( #741 ) ) ;
#195 = ORIENTED_EDGE ( 'NONE', *, *, #1779, .F. ) ;
#196 = AXIS2_PLACEMENT_3D ( 'NONE', #782, #1672, #1167 ) ;
#197 = EDGE_CURVE ( 'NONE', #435, #1945, #1641, .T. ) ;
#198 = VECTOR ( 'NONE', #224, 1000.000000000000114 ) ;
#199 = CARTESIAN_POINT ( 'NONE',  ( -3.000000000000004885, -50.30492968819588384, 15.00000000000000000 ) ) ;
#200 = CIRCLE ( 'NONE', #1580, 1.600000000000004086 ) ;
#201 = EDGE_CURVE ( 'NONE', #961, #1179, #1230, .T. ) ;
#202 = FACE_BOUND ( 'NONE', #1434, .T. ) ;
#203 = ORIENTED_EDGE ( 'NONE', *, *, #277, .T. ) ;
#204 = CARTESIAN_POINT ( 'NONE',  ( 159.6950703118059494, -180.0000000000000000, 15.00000000000000000 ) ) ;
#205 = AXIS2_PLACEMENT_3D ( 'NONE', #444, #1050, #677 ) ;
#206 = CARTESIAN_POINT ( 'NONE',  ( 35.41343635916146582, -143.3049296881958696, -5.204170427930421283E-15 ) ) ;
#207 = VERTEX_POINT ( 'NONE', #319 ) ;
#208 = CARTESIAN_POINT ( 'NONE',  ( 159.6950703118059494, -151.9999999999999716, -20.00000000000000355 ) ) ;
#209 = CARTESIAN_POINT ( 'NONE',  ( 19.65336133174090705, -89.60652329807760452, 15.00000000000000000 ) ) ;
#210 = CARTESIAN_POINT ( 'NONE',  ( 0.000000000000000000, 0.000000000000000000, -20.00000000000000355 ) ) ;
#211 = ORIENTED_EDGE ( 'NONE', *, *, #2042, .F. ) ;
#212 = CARTESIAN_POINT ( 'NONE',  ( 119.6950703118059636, -169.9999999999999716, 11.99999999999999645 ) ) ;
#213 = DIRECTION ( 'NONE',  ( -0.000000000000000000, -0.000000000000000000, 1.000000000000000000 ) ) ;
#214 = EDGE_CURVE ( 'NONE', #2191, #2432, #2164, .T. ) ;
#215 = CYLINDRICAL_SURFACE ( 'NONE', #2286, 1.600000000000001199 ) ;
#216 = ORIENTED_EDGE ( 'NONE', *, *, #1983, .T. ) ;
#217 = LINE ( 'NONE', #204, #957 ) ;
#218 = CARTESIAN_POINT ( 'NONE',  ( 45.00000000000023448, -87.60652329807768979, -10.00000000000140687 ) ) ;
#219 = ORIENTED_EDGE ( 'NONE', *, *, #1106, .F. ) ;
#220 = DIRECTION ( 'NONE',  ( 1.000000000000000000, 0.000000000000000000, 0.000000000000000000 ) ) ;
#221 = DIRECTION ( 'NONE',  ( 0.7071067811865525687, 0.7071067811865425767, -0.000000000000000000 ) ) ;
#222 = ORIENTED_EDGE ( 'NONE', *, *, #2303, .F. ) ;
#223 = CARTESIAN_POINT ( 'NONE',  ( 54.02341901683163172, -119.9765809831683328, 15.00000000000000000 ) ) ;
#224 = DIRECTION ( 'NONE',  ( 0.7071067811865474617, 0.7071067811865474617, -0.000000000000000000 ) ) ;
#225 =( BOUNDED_CURVE ( )  B_SPLINE_CURVE ( 3, ( #700, #1834, #1805, #1451 ),
 .UNSPECIFIED., .F., .F. ) 
 B_SPLINE_CURVE_WITH_KNOTS ( ( 4, 4 ),
 ( 1.570796326794896558, 2.186387617364666802 ),
 .UNSPECIFIED. ) 
 CURVE ( )  GEOMETRIC_REPRESENTATION_ITEM ( )  RATIONAL_B_SPLINE_CURVE ( ( 1.000000000000000000, 0.9686691420038016087, 0.9686691420038016087, 1.000000000000000000 ) ) 
 REPRESENTATION_ITEM ( '' )  );
#226 = CARTESIAN_POINT ( 'NONE',  ( 52.91094679413453150, -130.6422833535222310, 1.185120509871351313 ) ) ;
#227 = ADVANCED_FACE ( 'NONE', ( #1460, #145 ), #916, .T. ) ;
#228 = EDGE_LOOP ( 'NONE', ( #1176, #1561, #1516, #789, #746, #865 ) ) ;
#229 = CYLINDRICAL_SURFACE ( 'NONE', #2245, 3.000000000000002665 ) ;
#230 = DIRECTION ( 'NONE',  ( 0.8164321540053106618, 0.000000000000000000, -0.5774413718346207425 ) ) ;
#231 = EDGE_CURVE ( 'NONE', #1087, #2040, #669, .T. ) ;
#232 = ORIENTED_EDGE ( 'NONE', *, *, #1394, .T. ) ;
#233 = DIRECTION ( 'NONE',  ( 0.000000000000000000, 0.000000000000000000, 1.000000000000000000 ) ) ;
#234 = ORIENTED_EDGE ( 'NONE', *, *, #1174, .T. ) ;
#235 = AXIS2_PLACEMENT_3D ( 'NONE', #787, #995, #453 ) ;
#236 = LINE ( 'NONE', #223, #281 ) ;
#237 = DIRECTION ( 'NONE',  ( 0.7071067811865479058, -0.7071067811865471286, 0.000000000000000000 ) ) ;
#238 = AXIS2_PLACEMENT_3D ( 'NONE', #1591, #1409, #2367 ) ;
#239 = DIRECTION ( 'NONE',  ( 0.000000000000000000, -1.000000000000000000, 0.000000000000000000 ) ) ;
#240 = ORIENTED_EDGE ( 'NONE', *, *, #341, .F. ) ;
#241 = FACE_OUTER_BOUND ( 'NONE', #2334, .T. ) ;
#242 = AXIS2_PLACEMENT_3D ( 'NONE', #870, #1841, #698 ) ;
#243 = LINE ( 'NONE', #1187, #1896 ) ;
#244 = EDGE_LOOP ( 'NONE', ( #271, #360, #2342, #1476, #66, #1426 ) ) ;
#245 = AXIS2_PLACEMENT_3D ( 'NONE', #1329, #2079, #1673 ) ;
#246 = DIRECTION ( 'NONE',  ( 0.000000000000000000, 0.000000000000000000, 1.000000000000000000 ) ) ;
#247 = EDGE_CURVE ( 'NONE', #1559, #2083, #1993, .T. ) ;
#248 = AXIS2_PLACEMENT_3D ( 'NONE', #2171, #1365, #1530 ) ;
#249 = FACE_OUTER_BOUND ( 'NONE', #184, .T. ) ;
#250 = DIRECTION ( 'NONE',  ( 1.000000000000000000, 0.000000000000000000, 0.000000000000000000 ) ) ;
#251 = EDGE_LOOP ( 'NONE', ( #1004, #491, #686, #296 ) ) ;
#252 = AXIS2_PLACEMENT_3D ( 'NONE', #1071, #1825, #873 ) ;
#253 = EDGE_CURVE ( 'NONE', #733, #1289, #2354, .T. ) ;
#254 = DIRECTION ( 'NONE',  ( 0.000000000000000000, 0.000000000000000000, 1.000000000000000000 ) ) ;
#255 = CARTESIAN_POINT ( 'NONE',  ( 10.00000000000000355, -53.30492968819405775, 0.000000000000000000 ) ) ;
#256 = EDGE_LOOP ( 'NONE', ( #1128, #1539 ) ) ;
#257 = CARTESIAN_POINT ( 'NONE',  ( 91.89347670192228179, -157.8466386682589757, -20.00000000000000355 ) ) ;
#258 = DIRECTION ( 'NONE',  ( 1.000000000000000000, 0.000000000000000000, 0.000000000000000000 ) ) ;
#259 = ORIENTED_EDGE ( 'NONE', *, *, #1009, .T. ) ;
#260 = CARTESIAN_POINT ( 'NONE',  ( 0.000000000000000000, -82.10652329807768979, 0.000000000000000000 ) ) ;
#261 = DIRECTION ( 'NONE',  ( 0.000000000000000000, 0.000000000000000000, 1.000000000000000000 ) ) ;
#262 = PLANE ( 'NONE',  #1585 ) ;
#263 = ORIENTED_EDGE ( 'NONE', *, *, #3, .F. ) ;
#264 = EDGE_CURVE ( 'NONE', #2205, #73, #1064, .T. ) ;
#265 = EDGE_CURVE ( 'NONE', #88, #1211, #1803, .T. ) ;
#266 = LINE ( 'NONE', #1761, #719 ) ;
#267 = LINE ( 'NONE', #2316, #811 ) ;
#268 = ORIENTED_EDGE ( 'NONE', *, *, #1784, .F. ) ;
#269 = DIRECTION ( 'NONE',  ( -0.7071067811865474617, -0.7071067811865474617, -0.000000000000000000 ) ) ;
#270 = LINE ( 'NONE', #625, #2060 ) ;
#271 = ORIENTED_EDGE ( 'NONE', *, *, #1730, .F. ) ;
#272 = PLANE ( 'NONE',  #1890 ) ;
#273 = CARTESIAN_POINT ( 'NONE',  ( 35.41343635916146582, -143.3049296881958696, -5.204170427930421283E-15 ) ) ;
#274 = ORIENTED_EDGE ( 'NONE', *, *, #1303, .F. ) ;
#275 = ORIENTED_EDGE ( 'NONE', *, *, #1730, .T. ) ;
#276 = DIRECTION ( 'NONE',  ( -1.000000000000000000, -0.000000000000000000, -0.000000000000000000 ) ) ;
#277 = EDGE_CURVE ( 'NONE', #588, #917, #2147, .T. ) ;
#278 = AXIS2_PLACEMENT_3D ( 'NONE', #537, #522, #478 ) ;
#279 = ORIENTED_EDGE ( 'NONE', *, *, #1484, .F. ) ;
#280 = PLANE ( 'NONE',  #1081 ) ;
#281 = VECTOR ( 'NONE', #817, 1000.000000000000000 ) ;
#282 = EDGE_CURVE ( 'NONE', #690, #133, #2110, .T. ) ;
#283 = PLANE ( 'NONE',  #1860 ) ;
#284 = STYLED_ITEM ( 'NONE', ( #734 ), #1103 ) ;
#285 = EDGE_LOOP ( 'NONE', ( #1917, #545, #1681, #2075, #1880, #2233 ) ) ;
#286 = FACE_BOUND ( 'NONE', #1315, .T. ) ;
#287 = VECTOR ( 'NONE', #1583, 1000.000000000000000 ) ;
#288 = CARTESIAN_POINT ( 'NONE',  ( 144.6950703118059494, -169.9999999999999716, 12.00000000000000000 ) ) ;
#289 = ORIENTED_EDGE ( 'NONE', *, *, #2158, .T. ) ;
#290 = CIRCLE ( 'NONE', #492, 13.69999999999999751 ) ;
#291 = CARTESIAN_POINT ( 'NONE',  ( 144.6950703118059494, -169.9999999999999716, 0.000000000000000000 ) ) ;
#292 = PLANE ( 'NONE',  #731 ) ;
#293 = VECTOR ( 'NONE', #2194, 1000.000000000000000 ) ;
#294 = FACE_BOUND ( 'NONE', #2201, .T. ) ;
#295 = CARTESIAN_POINT ( 'NONE',  ( 78.39347670192222495, -125.4765809831683328, 15.00000000000000000 ) ) ;
#296 = ORIENTED_EDGE ( 'NONE', *, *, #432, .F. ) ;
#297 = ADVANCED_FACE ( 'NONE', ( #249 ), #1010, .T. ) ;
#298 = DIRECTION ( 'NONE',  ( 0.000000000000000000, 0.000000000000000000, -1.000000000000000000 ) ) ;
#299 = DIRECTION ( 'NONE',  ( 0.7071067811865417996, 0.7071067811865533459, -0.000000000000000000 ) ) ;
#300 = ORIENTED_EDGE ( 'NONE', *, *, #282, .F. ) ;
#301 = CARTESIAN_POINT ( 'NONE',  ( 79.56504957717609727, -149.5182115435127628, 15.00000000000000000 ) ) ;
#302 = ORIENTED_EDGE ( 'NONE', *, *, #939, .F. ) ;
#303 = FACE_OUTER_BOUND ( 'NONE', #1885, .T. ) ;
#304 = VERTEX_POINT ( 'NONE', #1947 ) ;
#305 = DIRECTION ( 'NONE',  ( 1.000000000000000000, 0.000000000000000000, 0.000000000000000000 ) ) ;
#306 = CARTESIAN_POINT ( 'NONE',  ( 110.7635343870129248, -157.8466386682589757, 0.000000000000000000 ) ) ;
#307 = DIRECTION ( 'NONE',  ( -1.000000000000000000, -0.000000000000000000, -0.000000000000000000 ) ) ;
#308 = ORIENTED_EDGE ( 'NONE', *, *, #1952, .F. ) ;
#309 = EDGE_CURVE ( 'NONE', #2432, #2191, #394, .T. ) ;
#310 = DIRECTION ( 'NONE',  ( -0.7071067811865417996, -0.7071067811865532349, 0.000000000000000000 ) ) ;
#311 = ORIENTED_EDGE ( 'NONE', *, *, #265, .F. ) ;
#312 = FACE_OUTER_BOUND ( 'NONE', #406, .T. ) ;
#313 = EDGE_CURVE ( 'NONE', #2005, #338, #48, .T. ) ;
#314 = FACE_OUTER_BOUND ( 'NONE', #729, .T. ) ;
#315 = VERTEX_POINT ( 'NONE', #1020 ) ;
#316 = DIRECTION ( 'NONE',  ( -0.000000000000000000, 0.000000000000000000, 1.000000000000000000 ) ) ;
#317 = APPLICATION_PROTOCOL_DEFINITION ( 'draft international standard', 'automotive_design', 1998, #1335 ) ;
#318 = PLANE ( 'NONE',  #238 ) ;
#319 = CARTESIAN_POINT ( 'NONE',  ( 57.52341901683163172, -127.4765809831683328, 0.000000000000000000 ) ) ;
#320 = VERTEX_POINT ( 'NONE', #1358 ) ;
#321 = CARTESIAN_POINT ( 'NONE',  ( 50.02341901683162462, -115.9765809831683612, 15.00000000000000000 ) ) ;
#322 = CARTESIAN_POINT ( 'NONE',  ( 9.999999999999998224, -53.30492968819405775, -5.000000000000004441 ) ) ;
#323 = ORIENTED_EDGE ( 'NONE', *, *, #2073, .T. ) ;
#324 = CARTESIAN_POINT ( 'NONE',  ( 0.000000000000000000, -25.30492968819588029, 0.000000000000000000 ) ) ;
#325 = AXIS2_PLACEMENT_3D ( 'NONE', #1097, #141, #2395 ) ;
#326 = AXIS2_PLACEMENT_3D ( 'NONE', #257, #1401, #1966 ) ;
#327 = LINE ( 'NONE', #1086, #1942 ) ;
#328 = ORIENTED_EDGE ( 'NONE', *, *, #1643, .T. ) ;
#329 = EDGE_CURVE ( 'NONE', #588, #1289, #2096, .T. ) ;
#330 = VECTOR ( 'NONE', #389, 1000.000000000000000 ) ;
#331 = DIRECTION ( 'NONE',  ( 0.000000000000000000, -1.000000000000000000, 0.000000000000000000 ) ) ;
#332 = DIRECTION ( 'NONE',  ( 1.000000000000000000, 0.000000000000000000, 0.000000000000000000 ) ) ;
#333 = VECTOR ( 'NONE', #1740, 1000.000000000000000 ) ;
#334 = ORIENTED_EDGE ( 'NONE', *, *, #124, .T. ) ;
#335 = CARTESIAN_POINT ( 'NONE',  ( 1.600000000000001199, -25.30492968819588029, -20.00000000000000355 ) ) ;
#336 = VECTOR ( 'NONE', #237, 1000.000000000000000 ) ;
#337 = DIRECTION ( 'NONE',  ( -0.000000000000000000, -0.000000000000000000, -1.000000000000000000 ) ) ;
#338 = VERTEX_POINT ( 'NONE', #395 ) ;
#339 = LINE ( 'NONE', #703, #167 ) ;
#340 = EDGE_LOOP ( 'NONE', ( #2230, #191, #2068, #240 ) ) ;
#341 = EDGE_CURVE ( 'NONE', #914, #1568, #1158, .T. ) ;
#342 = CARTESIAN_POINT ( 'NONE',  ( 12.15336133174097988, -58.06489273773321713, -20.00000000000000355 ) ) ;
#343 = EDGE_CURVE ( 'NONE', #1949, #315, #1940, .T. ) ;
#344 = ORIENTED_EDGE ( 'NONE', *, *, #1073, .T. ) ;
#345 = CARTESIAN_POINT ( 'NONE',  ( 21.65336133174085376, -87.60652329807768979, 0.000000000000000000 ) ) ;
#346 = CARTESIAN_POINT ( 'NONE',  ( 45.00000000000023448, -95.93495042282386009, -10.00000000000140687 ) ) ;
#347 = EDGE_LOOP ( 'NONE', ( #274, #2260, #2314, #2240 ) ) ;
#348 = CARTESIAN_POINT ( 'NONE',  ( 50.02341901683162462, -115.9765809831683612, 2.745793870187165364 ) ) ;
#349 = CARTESIAN_POINT ( 'NONE',  ( 12.15336133174097988, -58.06489273773321713, 15.00000000000000000 ) ) ;
#350 = ORIENTED_EDGE ( 'NONE', *, *, #863, .F. ) ;
#351 = VERTEX_POINT ( 'NONE', #841 ) ;
#352 = LINE ( 'NONE', #744, #2399 ) ;
#353 = ORIENTED_EDGE ( 'NONE', *, *, #1615, .F. ) ;
#354 = DIRECTION ( 'NONE',  ( -0.7071067811865500152, 0.7071067811865451302, -0.000000000000000000 ) ) ;
#355 = ADVANCED_FACE ( 'NONE', ( #829 ), #1565, .F. ) ;
#356 = CARTESIAN_POINT ( 'NONE',  ( 44.52341901683162462, -91.60652329807768979, 15.00000000000000000 ) ) ;
#357 = ORIENTED_EDGE ( 'NONE', *, *, #514, .F. ) ;
#358 = DIRECTION ( 'NONE',  ( 0.000000000000000000, 0.000000000000000000, 1.000000000000000000 ) ) ;
#359 = CARTESIAN_POINT ( 'NONE',  ( 79.56504957717611148, -149.5182115435127628, 0.000000000000000000 ) ) ;
#360 = ORIENTED_EDGE ( 'NONE', *, *, #1766, .T. ) ;
#361 = AXIS2_PLACEMENT_3D ( 'NONE', #796, #2285, #160 ) ;
#362 = CARTESIAN_POINT ( 'NONE',  ( 42.14348077586221564, -77.44841046405758789, 3.699999999998590194 ) ) ;
#363 = VERTEX_POINT ( 'NONE', #1951 ) ;
#364 = VECTOR ( 'NONE', #968, 999.9999999999998863 ) ;
#365 = LINE ( 'NONE', #29, #1423 ) ;
#366 = CIRCLE ( 'NONE', #534, 1.599999999999990319 ) ;
#367 = EDGE_LOOP ( 'NONE', ( #99, #1194, #1668, #2256 ) ) ;
#368 = CARTESIAN_POINT ( 'NONE',  ( 82.39347670192228179, -129.4765809831683328, 0.000000000000000000 ) ) ;
#369 = DIRECTION ( 'NONE',  ( 0.000000000000000000, 0.000000000000000000, 1.000000000000000000 ) ) ;
#370 = ADVANCED_FACE ( 'NONE', ( #2315 ), #644, .T. ) ;
#371 = ORIENTED_EDGE ( 'NONE', *, *, #2275, .T. ) ;
#372 = CIRCLE ( 'NONE', #1546, 13.69999999999999751 ) ;
#373 = DIRECTION ( 'NONE',  ( 0.000000000000000000, 0.000000000000000000, 1.000000000000000000 ) ) ;
#374 = CARTESIAN_POINT ( 'NONE',  ( 50.57879265101394850, -85.88372233920917154, 2.834592889329572873 ) ) ;
#375 = ORIENTED_EDGE ( 'NONE', *, *, #1748, .F. ) ;
#376 = PLANE ( 'NONE',  #10 ) ;
#377 = EDGE_LOOP ( 'NONE', ( #1491, #749, #944, #50 ) ) ;
#378 = LINE ( 'NONE', #1903, #2168 ) ;
#379 = CARTESIAN_POINT ( 'NONE',  ( 18.00000000000000000, -10.30492968819588206, 15.00000000000000000 ) ) ;
#380 = ORIENTED_EDGE ( 'NONE', *, *, #2348, .T. ) ;
#381 = CARTESIAN_POINT ( 'NONE',  ( 37.08905320586595167, -114.8203897652539069, 1.185120509871358196 ) ) ;
#382 = DIRECTION ( 'NONE',  ( -0.000000000000000000, -0.000000000000000000, 1.000000000000000000 ) ) ;
#383 = VERTEX_POINT ( 'NONE', #1182 ) ;
#384 = EDGE_CURVE ( 'NONE', #1778, #2432, #266, .T. ) ;
#385 = DIRECTION ( 'NONE',  ( -0.000000000000000000, 0.000000000000000000, -1.000000000000000000 ) ) ;
#386 = ORIENTED_EDGE ( 'NONE', *, *, #172, .T. ) ;
#387 = EDGE_CURVE ( 'NONE', #2177, #1259, #1527, .T. ) ;
#388 = LINE ( 'NONE', #963, #959 ) ;
#389 = DIRECTION ( 'NONE',  ( 0.000000000000000000, 0.000000000000000000, 1.000000000000000000 ) ) ;
#390 = ORIENTED_EDGE ( 'NONE', *, *, #1456, .F. ) ;
#391 = CARTESIAN_POINT ( 'NONE',  ( 50.02341901683162462, -95.93495042282386009, 2.745793870187167141 ) ) ;
#392 = FACE_OUTER_BOUND ( 'NONE', #634, .T. ) ;
#393 = ORIENTED_EDGE ( 'NONE', *, *, #2259, .F. ) ;
#394 = CIRCLE ( 'NONE', #1612, 3.000000000000002665 ) ;
#395 = CARTESIAN_POINT ( 'NONE',  ( 143.0950703118059550, -169.9999999999999716, 11.99999999999999645 ) ) ;
#396 = CARTESIAN_POINT ( 'NONE',  ( 44.52341901683162462, -111.6481538584221767, 15.00000000000000000 ) ) ;
#397 = EDGE_LOOP ( 'NONE', ( #1306, #1482, #932, #1636 ) ) ;
#398 = EDGE_CURVE ( 'NONE', #765, #2092, #1750, .T. ) ;
#399 = AXIS2_PLACEMENT_3D ( 'NONE', #2163, #2153, #653 ) ;
#400 = VECTOR ( 'NONE', #951, 1000.000000000000000 ) ;
#401 = EDGE_CURVE ( 'NONE', #1696, #1206, #1721, .T. ) ;
#402 = LINE ( 'NONE', #1902, #115 ) ;
#403 = CARTESIAN_POINT ( 'NONE',  ( 0.000000000000000000, -25.30492968819588029, 12.00000000000000000 ) ) ;
#404 = AXIS2_PLACEMENT_3D ( 'NONE', #2071, #382, #577 ) ;
#405 = LINE ( 'NONE', #1175, #1662 ) ;
#406 = EDGE_LOOP ( 'NONE', ( #2376, #578, #1624, #1965, #1371, #953, #300 ) ) ;
#407 = LINE ( 'NONE', #954, #2206 ) ;
#408 =( GEOMETRIC_REPRESENTATION_CONTEXT ( 3 ) GLOBAL_UNCERTAINTY_ASSIGNED_CONTEXT ( ( #43 ) ) GLOBAL_UNIT_ASSIGNED_CONTEXT ( ( #715, #555, #1113 ) ) REPRESENTATION_CONTEXT ( 'NONE', 'WORKASPACE' ) );
#409 = DIRECTION ( 'NONE',  ( -0.000000000000000000, 1.000000000000000000, -0.000000000000000000 ) ) ;
#410 = CIRCLE ( 'NONE', #771, 3.000000000000002665 ) ;
#411 = ORIENTED_EDGE ( 'NONE', *, *, #309, .T. ) ;
#412 = DIRECTION ( 'NONE',  ( 1.000000000000000000, 0.000000000000000000, 0.000000000000000000 ) ) ;
#413 = DIRECTION ( 'NONE',  ( 1.000000000000000000, 0.000000000000000000, 0.000000000000000000 ) ) ;
#414 = ORIENTED_EDGE ( 'NONE', *, *, #2081, .F. ) ;
#415 = EDGE_CURVE ( 'NONE', #961, #1960, #803, .T. ) ;
#416 = LINE ( 'NONE', #1913, #2165 ) ;
#417 = FACE_OUTER_BOUND ( 'NONE', #1991, .T. ) ;
#418 = EDGE_CURVE ( 'NONE', #554, #2390, #1000, .T. ) ;
#419 = DIRECTION ( 'NONE',  ( 0.000000000000000000, -0.000000000000000000, -1.000000000000000000 ) ) ;
#420 = VERTEX_POINT ( 'NONE', #659 ) ;
#421 = CARTESIAN_POINT ( 'NONE',  ( 121.2950703118059579, -169.9999999999999716, 0.000000000000000000 ) ) ;
#422 = FACE_OUTER_BOUND ( 'NONE', #1403, .T. ) ;
#423 = EDGE_LOOP ( 'NONE', ( #542, #927 ) ) ;
#424 = DIRECTION ( 'NONE',  ( -0.000000000000000000, 1.000000000000000000, -0.000000000000000000 ) ) ;
#425 = DIRECTION ( 'NONE',  ( 1.000000000000000000, 0.000000000000000000, 0.000000000000000000 ) ) ;
#426 = VERTEX_POINT ( 'NONE', #427 ) ;
#427 = CARTESIAN_POINT ( 'NONE',  ( 146.2950703118059437, -169.9999999999999716, 0.000000000000000000 ) ) ;
#428 = EDGE_CURVE ( 'NONE', #2307, #2238, #402, .T. ) ;
#429 = CARTESIAN_POINT ( 'NONE',  ( 144.6950703118059494, -169.9999999999999716, -20.00000000000000355 ) ) ;
#430 = PLANE ( 'NONE',  #1162 ) ;
#431 = EDGE_LOOP ( 'NONE', ( #1465, #2310 ) ) ;
#432 = EDGE_CURVE ( 'NONE', #1008, #1752, #111, .T. ) ;
#433 = LINE ( 'NONE', #1269, #1694 ) ;
#434 = CARTESIAN_POINT ( 'NONE',  ( 0.000000000000000000, -119.9765809831683328, 0.000000000000000000 ) ) ;
#435 = VERTEX_POINT ( 'NONE', #22 ) ;
#436 = EDGE_CURVE ( 'NONE', #1989, #1768, #416, .T. ) ;
#437 = LINE ( 'NONE', #1237, #1852 ) ;
#438 = CARTESIAN_POINT ( 'NONE',  ( 1.600000000000001199, -25.30492968819588029, 0.000000000000000000 ) ) ;
#439 = EDGE_LOOP ( 'NONE', ( #1744, #146, #2411, #2435 ) ) ;
#440 = VECTOR ( 'NONE', #507, 1000.000000000000114 ) ;
#441 = VECTOR ( 'NONE', #358, 1000.000000000000000 ) ;
#442 = CARTESIAN_POINT ( 'NONE',  ( 110.7635343870129248, -157.8466386682589757, 0.000000000000000000 ) ) ;
#443 = AXIS2_PLACEMENT_3D ( 'NONE', #2384, #702, #1454 ) ;
#444 = CARTESIAN_POINT ( 'NONE',  ( 114.7635343870129248, -157.8466386682589757, -20.00000000000000355 ) ) ;
#445 = ORIENTED_EDGE ( 'NONE', *, *, #12, .F. ) ;
#446 = LINE ( 'NONE', #1919, #1537 ) ;
#447 = VECTOR ( 'NONE', #945, 999.9999999999998863 ) ;
#448 = EDGE_CURVE ( 'NONE', #2167, #1759, #236, .T. ) ;
#449 = CARTESIAN_POINT ( 'NONE',  ( 0.000000000000000000, -50.30492968819588384, 12.00000000000000000 ) ) ;
#450 = ORIENTED_EDGE ( 'NONE', *, *, #1524, .T. ) ;
#451 = VECTOR ( 'NONE', #101, 1000.000000000000000 ) ;
#452 = CARTESIAN_POINT ( 'NONE',  ( 3.000000000000004885, -50.30492968819588384, 12.00000000000000000 ) ) ;
#453 = DIRECTION ( 'NONE',  ( 0.000000000000000000, -0.000000000000000000, -1.000000000000000000 ) ) ;
#454 = CARTESIAN_POINT ( 'NONE',  ( 119.6950703118059636, -169.9999999999999716, -20.00000000000000355 ) ) ;
#455 = ORIENTED_EDGE ( 'NONE', *, *, #1009, .F. ) ;
#456 = VECTOR ( 'NONE', #2239, 1000.000000000000000 ) ;
#457 = CARTESIAN_POINT ( 'NONE',  ( 52.85184614157781624, -95.93495042282387431, 15.00000000000000000 ) ) ;
#458 = ORIENTED_EDGE ( 'NONE', *, *, #1918, .T. ) ;
#459 = CARTESIAN_POINT ( 'NONE',  ( 10.00000000000000355, -53.30492968819405775, -20.00000000000000355 ) ) ;
#460 = ORIENTED_EDGE ( 'NONE', *, *, #547, .F. ) ;
#461 = DIRECTION ( 'NONE',  ( -1.000000000000000000, 0.000000000000000000, -0.000000000000000000 ) ) ;
#462 = FACE_OUTER_BOUND ( 'NONE', #251, .T. ) ;
#463 = ORIENTED_EDGE ( 'NONE', *, *, #313, .T. ) ;
#464 = ADVANCED_FACE ( 'NONE', ( #1555 ), #868, .F. ) ;
#465 = LINE ( 'NONE', #1990, #33 ) ;
#466 = DIRECTION ( 'NONE',  ( -0.000000000000000000, 1.000000000000000000, -0.000000000000000000 ) ) ;
#467 = ORIENTED_EDGE ( 'NONE', *, *, #2179, .T. ) ;
#468 = CARTESIAN_POINT ( 'NONE',  ( 119.6950703118059636, -169.9999999999999716, 12.00000000000000000 ) ) ;
#469 = DIRECTION ( 'NONE',  ( 0.000000000000000000, 0.000000000000000000, 1.000000000000000000 ) ) ;
#470 = EDGE_LOOP ( 'NONE', ( #966, #1203, #2338, #1998 ) ) ;
#471 = DIRECTION ( 'NONE',  ( -1.000000000000000000, -0.000000000000000000, -0.000000000000000000 ) ) ;
#472 = LINE ( 'NONE', #1223, #1901 ) ;
#473 = ORIENTED_EDGE ( 'NONE', *, *, #619, .T. ) ;
#474 = CARTESIAN_POINT ( 'NONE',  ( 12.15336133174097988, -82.10652329807768979, -20.00000000000000355 ) ) ;
#475 = ADVANCED_FACE ( 'NONE', ( #694 ), #2015, .T. ) ;
#476 = LINE ( 'NONE', #1228, #157 ) ;
#477 = CIRCLE ( 'NONE', #1847, 2.999999999999999112 ) ;
#478 = DIRECTION ( 'NONE',  ( 0.7071067811865479058, -0.7071067811865471286, 0.000000000000000000 ) ) ;
#479 = EDGE_CURVE ( 'NONE', #1179, #690, #2185, .T. ) ;
#480 = VECTOR ( 'NONE', #1244, 1000.000000000000000 ) ;
#481 = ORIENTED_EDGE ( 'NONE', *, *, #547, .T. ) ;
#482 = DIRECTION ( 'NONE',  ( -0.8164321540053106618, 0.000000000000000000, 0.5774413718346207425 ) ) ;
#483 = AXIS2_PLACEMENT_3D ( 'NONE', #1946, #92, #639 ) ;
#484 = DIRECTION ( 'NONE',  ( 1.000000000000000000, -0.000000000000000000, -0.000000000000000000 ) ) ;
#485 = AXIS2_PLACEMENT_3D ( 'NONE', #1334, #213, #1710 ) ;
#486 = ORIENTED_EDGE ( 'NONE', *, *, #1347, .T. ) ;
#487 = CARTESIAN_POINT ( 'NONE',  ( 52.91094679413453150, -118.8641087604712396, 1.185120509871351313 ) ) ;
#488 =( BOUNDED_CURVE ( )  B_SPLINE_CURVE ( 3, ( #1879, #5, #550, #1150 ),
 .UNSPECIFIED., .F., .T. ) 
 B_SPLINE_CURVE_WITH_KNOTS ( ( 4, 4 ),
 ( 2.181113565798323606, 2.186387617364665914 ),
 .UNSPECIFIED. ) 
 CURVE ( )  GEOMETRIC_REPRESENTATION_ITEM ( )  RATIONAL_B_SPLINE_CURVE ( ( 1.000000000000000000, 0.9999976820330163108, 0.9999976820330163108, 1.000000000000000000 ) ) 
 REPRESENTATION_ITEM ( '' )  );
#489 = VECTOR ( 'NONE', #871, 1000.000000000000000 ) ;
#490 = CARTESIAN_POINT ( 'NONE',  ( 37.02341901683162462, -80.10652329807768979, 15.00000000000000000 ) ) ;
#491 = ORIENTED_EDGE ( 'NONE', *, *, #2207, .F. ) ;
#492 = AXIS2_PLACEMENT_3D ( 'NONE', #346, #2043, #934 ) ;
#493 = LINE ( 'NONE', #1226, #155 ) ;
#494 = CARTESIAN_POINT ( 'NONE',  ( 37.02341901683162462, -80.10652329807768979, 15.00000000000000000 ) ) ;
#495 = CIRCLE ( 'NONE', #854, 3.000000000000002665 ) ;
#496 = CARTESIAN_POINT ( 'NONE',  ( 40.03702968781129812, -109.9901916541479920, 2.883230387156875629 ) ) ;
#497 = ADVANCED_FACE ( 'NONE', ( #1603 ), #2172, .F. ) ;
#498 = CARTESIAN_POINT ( 'NONE',  ( -10.00000000000000178, -10.30492968819588206, 15.00000000000000000 ) ) ;
#499 = EDGE_LOOP ( 'NONE', ( #1866, #188 ) ) ;
#500 =( NAMED_UNIT ( * ) PLANE_ANGLE_UNIT ( ) SI_UNIT ( $, .RADIAN. ) );
#501 = EDGE_CURVE ( 'NONE', #1259, #162, #1217, .T. ) ;
#502 = CARTESIAN_POINT ( 'NONE',  ( 116.6950703118059209, -159.9999999999999716, 0.000000000000000000 ) ) ;
#503 = ORIENTED_EDGE ( 'NONE', *, *, #646, .T. ) ;
#504 = CARTESIAN_POINT ( 'NONE',  ( 52.91094679413453150, -118.8641087604712396, 1.185120509871351313 ) ) ;
#505 = DIRECTION ( 'NONE',  ( 0.6324255876883194682, -0.6324255876883092542, -0.4472982808755031070 ) ) ;
#506 = ORIENTED_EDGE ( 'NONE', *, *, #1257, .T. ) ;
#507 = DIRECTION ( 'NONE',  ( -0.6324255876883170258, 0.6324255876883126959, 0.4472982808755013862 ) ) ;
#508 = SHAPE_DEFINITION_REPRESENTATION ( #1651, #964 ) ;
#509 = LINE ( 'NONE', #895, #2436 ) ;
#510 = CARTESIAN_POINT ( 'NONE',  ( 72.89347670192231021, -119.9765809831683328, 0.000000000000000000 ) ) ;
#511 = ORIENTED_EDGE ( 'NONE', *, *, #501, .T. ) ;
#512 = LINE ( 'NONE', #2356, #885 ) ;
#513 = LINE ( 'NONE', #322, #1232 ) ;
#514 = EDGE_CURVE ( 'NONE', #2040, #420, #509, .T. ) ;
#515 = ORIENTED_EDGE ( 'NONE', *, *, #1595, .F. ) ;
#516 = DIRECTION ( 'NONE',  ( 0.000000000000000000, 0.000000000000000000, -1.000000000000000000 ) ) ;
#517 = EDGE_CURVE ( 'NONE', #2162, #363, #1812, .T. ) ;
#518 = VERTEX_POINT ( 'NONE', #1091 ) ;
#519 = CARTESIAN_POINT ( 'NONE',  ( -1.599999999999991651, -50.30492968819588384, 11.99999999999999645 ) ) ;
#520 = LINE ( 'NONE', #1265, #1822 ) ;
#521 = DIRECTION ( 'NONE',  ( 1.000000000000000000, 0.000000000000000000, 0.000000000000000000 ) ) ;
#522 = DIRECTION ( 'NONE',  ( -0.7071067811865471286, -0.7071067811865479058, 0.000000000000000000 ) ) ;
#523 = VERTEX_POINT ( 'NONE', #1830 ) ;
#524 = DIRECTION ( 'NONE',  ( 0.000000000000000000, -1.000000000000000000, 0.000000000000000000 ) ) ;
#525 = VECTOR ( 'NONE', #2339, 999.9999999999998863 ) ;
#526 = DIRECTION ( 'NONE',  ( 1.000000000000000000, 0.000000000000000000, 0.000000000000000000 ) ) ;
#527 = EDGE_LOOP ( 'NONE', ( #618, #1068, #458, #2271 ) ) ;
#528 = VECTOR ( 'NONE', #108, 1000.000000000000000 ) ;
#529 = EDGE_CURVE ( 'NONE', #2406, #1506, #1734, .T. ) ;
#530 = VECTOR ( 'NONE', #1833, 1000.000000000000000 ) ;
#531 = FACE_OUTER_BOUND ( 'NONE', #228, .T. ) ;
#532 = VERTEX_POINT ( 'NONE', #1253 ) ;
#533 = ADVANCED_FACE ( 'NONE', ( #856 ), #318, .T. ) ;
#534 = AXIS2_PLACEMENT_3D ( 'NONE', #1433, #594, #17 ) ;
#535 = DIRECTION ( 'NONE',  ( 0.000000000000000000, 0.000000000000000000, -1.000000000000000000 ) ) ;
#536 = DIRECTION ( 'NONE',  ( -0.000000000000000000, 1.000000000000000000, -0.000000000000000000 ) ) ;
#537 = CARTESIAN_POINT ( 'NONE',  ( 82.39347670192228179, -152.3466386682589473, -20.00000000000000355 ) ) ;
#538 = ORIENTED_EDGE ( 'NONE', *, *, #1023, .T. ) ;
#539 = CARTESIAN_POINT ( 'NONE',  ( 93.13579677452156602, -170.8671333339086402, 40.82553439408145834 ) ) ;
#540 = AXIS2_PLACEMENT_3D ( 'NONE', #1545, #1927, #2138 ) ;
#541 = CARTESIAN_POINT ( 'NONE',  ( 44.52341901683162462, -143.3049296881958696, 3.691708095283196212 ) ) ;
#542 = ORIENTED_EDGE ( 'NONE', *, *, #309, .F. ) ;
#543 = PLANE ( 'NONE',  #252 ) ;
#544 = ORIENTED_EDGE ( 'NONE', *, *, #2412, .T. ) ;
#545 = ORIENTED_EDGE ( 'NONE', *, *, #617, .T. ) ;
#546 = DIRECTION ( 'NONE',  ( 0.000000000000000000, 0.000000000000000000, -1.000000000000000000 ) ) ;
#547 = EDGE_CURVE ( 'NONE', #1863, #1813, #1727, .T. ) ;
#548 = ORIENTED_EDGE ( 'NONE', *, *, #2292, .F. ) ;
#549 = LINE ( 'NONE', #1878, #2014 ) ;
#550 = CARTESIAN_POINT ( 'NONE',  ( 52.89128313722970631, -95.97438741847577148, 1.199028106433662977 ) ) ;
#551 = ORIENTED_EDGE ( 'NONE', *, *, #926, .F. ) ;
#552 = CARTESIAN_POINT ( 'NONE',  ( 47.85651922413825332, -83.16144891233352610, 3.699999999998589306 ) ) ;
#553 = ORIENTED_EDGE ( 'NONE', *, *, #979, .T. ) ;
#554 = VERTEX_POINT ( 'NONE', #121 ) ;
#555 =( NAMED_UNIT ( * ) PLANE_ANGLE_UNIT ( ) SI_UNIT ( $, .RADIAN. ) );
#556 = DIRECTION ( 'NONE',  ( -0.6324255876883154714, 0.6324255876883154714, -0.4472982808754998874 ) ) ;
#557 = EDGE_CURVE ( 'NONE', #917, #1733, #1243, .T. ) ;
#558 = ORIENTED_EDGE ( 'NONE', *, *, #415, .F. ) ;
#559 = DIRECTION ( 'NONE',  ( -0.000000000000000000, -0.000000000000000000, 1.000000000000000000 ) ) ;
#560 = EDGE_CURVE ( 'NONE', #2117, #1259, #1051, .T. ) ;
#561 = FACE_BOUND ( 'NONE', #1418, .T. ) ;
#562 = ORIENTED_EDGE ( 'NONE', *, *, #1216, .F. ) ;
#563 = DIRECTION ( 'NONE',  ( 0.000000000000000000, 0.000000000000000000, 1.000000000000000000 ) ) ;
#564 = VECTOR ( 'NONE', #1385, 1000.000000000000000 ) ;
#565 = VERTEX_POINT ( 'NONE', #97 ) ;
#566 = AXIS2_PLACEMENT_3D ( 'NONE', #1867, #1535, #2231 ) ;
#567 = DIRECTION ( 'NONE',  ( 0.000000000000000000, 0.000000000000000000, 1.000000000000000000 ) ) ;
#568 = ORIENTED_EDGE ( 'NONE', *, *, #893, .T. ) ;
#569 = MECHANICAL_DESIGN_GEOMETRIC_PRESENTATION_REPRESENTATION (  '', ( #284 ), #1855 ) ;
#570 = AXIS2_PLACEMENT_3D ( 'NONE', #1414, #1234, #2180 ) ;
#571 = CARTESIAN_POINT ( 'NONE',  ( 159.6950703118059494, -159.9999999999999716, -20.00000000000000355 ) ) ;
#572 = CIRCLE ( 'NONE', #1543, 1.599999999999991651 ) ;
#573 = CARTESIAN_POINT ( 'NONE',  ( 0.000000000000000000, 0.000000000000000000, 15.00000000000000000 ) ) ;
#574 = ORIENTED_EDGE ( 'NONE', *, *, #2179, .F. ) ;
#575 = EDGE_CURVE ( 'NONE', #420, #2296, #476, .T. ) ;
#576 = VECTOR ( 'NONE', #1676, 999.9999999999998863 ) ;
#577 = DIRECTION ( 'NONE',  ( 1.000000000000000000, 0.000000000000000000, 0.000000000000000000 ) ) ;
#578 = ORIENTED_EDGE ( 'NONE', *, *, #201, .F. ) ;
#579 = ADVANCED_FACE ( 'NONE', ( #1790, #294, #1063 ), #2050, .F. ) ;
#580 = FACE_OUTER_BOUND ( 'NONE', #2033, .T. ) ;
#581 = ORIENTED_EDGE ( 'NONE', *, *, #723, .F. ) ;
#582 = DIRECTION ( 'NONE',  ( -0.000000000000000000, -0.000000000000000000, 1.000000000000000000 ) ) ;
#583 = FACE_BOUND ( 'NONE', #1526, .T. ) ;
#584 = ORIENTED_EDGE ( 'NONE', *, *, #1229, .T. ) ;
#585 = DIRECTION ( 'NONE',  ( 1.000000000000000000, 0.000000000000000000, 0.000000000000000000 ) ) ;
#586 = ADVANCED_FACE ( 'NONE', ( #2109 ), #1279, .F. ) ;
#587 = DIRECTION ( 'NONE',  ( 0.000000000000000000, 0.000000000000000000, 1.000000000000000000 ) ) ;
#588 = VERTEX_POINT ( 'NONE', #971 ) ;
#589 = CARTESIAN_POINT ( 'NONE',  ( 45.00000000000023448, -111.6481538584221767, -10.00000000000140687 ) ) ;
#590 = ORIENTED_EDGE ( 'NONE', *, *, #1595, .T. ) ;
#591 = CARTESIAN_POINT ( 'NONE',  ( 18.00000000000001421, -53.30492968819405775, -20.00000000000000355 ) ) ;
#592 = PLANE ( 'NONE',  #1275 ) ;
#593 = ORIENTED_EDGE ( 'NONE', *, *, #845, .T. ) ;
#594 = DIRECTION ( 'NONE',  ( -0.000000000000000000, -0.000000000000000000, -1.000000000000000000 ) ) ;
#595 = ORIENTED_EDGE ( 'NONE', *, *, #1389, .T. ) ;
#596 = CARTESIAN_POINT ( 'NONE',  ( 0.000000000000000000, 0.000000000000000000, 0.000000000000000000 ) ) ;
#597 = EDGE_CURVE ( 'NONE', #857, #1506, #1357, .T. ) ;
#598 = VECTOR ( 'NONE', #2157, 1000.000000000000114 ) ;
#599 = DIRECTION ( 'NONE',  ( -0.000000000000000000, 0.000000000000000000, 1.000000000000000000 ) ) ;
#600 = ORIENTED_EDGE ( 'NONE', *, *, #2100, .F. ) ;
#601 = ADVANCED_FACE ( 'NONE', ( #983 ), #1922, .T. ) ;
#602 = AXIS2_PLACEMENT_3D ( 'NONE', #2388, #716, #1076 ) ;
#603 = VECTOR ( 'NONE', #2150, 1000.000000000000000 ) ;
#604 = DIRECTION ( 'NONE',  ( -0.000000000000000000, -0.000000000000000000, -1.000000000000000000 ) ) ;
#605 = PLANE ( 'NONE',  #843 ) ;
#606 = VECTOR ( 'NONE', #899, 1000.000000000000000 ) ;
#607 = DIRECTION ( 'NONE',  ( 0.000000000000000000, 0.000000000000000000, 1.000000000000000000 ) ) ;
#608 = ORIENTED_EDGE ( 'NONE', *, *, #1887, .F. ) ;
#609 = LINE ( 'NONE', #1354, #2400 ) ;
#610 = CIRCLE ( 'NONE', #2175, 1.599999999999990319 ) ;
#611 = CARTESIAN_POINT ( 'NONE',  ( -10.00000000000000178, -67.73133655938873687, 15.00000000000000000 ) ) ;
#612 = CIRCLE ( 'NONE', #1984, 1.599999999999991651 ) ;
#613 = ORIENTED_EDGE ( 'NONE', *, *, #1524, .F. ) ;
#614 = CARTESIAN_POINT ( 'NONE',  ( 37.08905320586595167, -143.3049296881958696, 1.185120509871358196 ) ) ;
#615 = DIRECTION ( 'NONE',  ( 1.000000000000000000, -0.000000000000000000, -0.000000000000000000 ) ) ;
#617 = EDGE_CURVE ( 'NONE', #1506, #2299, #365, .T. ) ;
#616 = DIRECTION ( 'NONE',  ( -0.7071067811865532349, 0.7071067811865417996, -0.000000000000000000 ) ) ;
#618 = ORIENTED_EDGE ( 'NONE', *, *, #2027, .F. ) ;
#619 = EDGE_CURVE ( 'NONE', #1892, #1559, #1458, .T. ) ;
#620 = CARTESIAN_POINT ( 'NONE',  ( 82.39347670192228179, -149.5182115435127912, -20.00000000000000355 ) ) ;
#621 = DIRECTION ( 'NONE',  ( 0.000000000000000000, -1.000000000000000000, 0.000000000000000000 ) ) ;
#622 = DIRECTION ( 'NONE',  ( -0.7071067811865475727, 0.7071067811865475727, 0.000000000000000000 ) ) ;
#623 = VERTEX_POINT ( 'NONE', #1300 ) ;
#624 = DIRECTION ( 'NONE',  ( -0.000000000000000000, -0.000000000000000000, 1.000000000000000000 ) ) ;
#625 = CARTESIAN_POINT ( 'NONE',  ( 87.89347670192228179, -157.8466386682589757, 15.00000000000000000 ) ) ;
#626 = ORIENTED_EDGE ( 'NONE', *, *, #801, .F. ) ;
#627 = DIRECTION ( 'NONE',  ( -0.000000000000000000, 0.000000000000000000, 1.000000000000000000 ) ) ;
#628 = CARTESIAN_POINT ( 'NONE',  ( 143.0950703118059550, -169.9999999999999716, -20.00000000000000355 ) ) ;
#629 = DIRECTION ( 'NONE',  ( -0.000000000000000000, 0.000000000000000000, 1.000000000000000000 ) ) ;
#630 = VERTEX_POINT ( 'NONE', #786 ) ;
#631 = CARTESIAN_POINT ( 'NONE',  ( -21.54155214062303614, -21.54155214062303259, 0.000000000000000000 ) ) ;
#632 = EDGE_CURVE ( 'NONE', #1786, #630, #1341, .T. ) ;
#633 = PLANE ( 'NONE',  #809 ) ;
#634 = EDGE_LOOP ( 'NONE', ( #1047, #2403, #1479, #613 ) ) ;
#635 = DIRECTION ( 'NONE',  ( 1.000000000000000000, -0.000000000000000000, -0.000000000000000000 ) ) ;
#636 = EDGE_CURVE ( 'NONE', #872, #886, #993, .T. ) ;
#637 = DIRECTION ( 'NONE',  ( 0.000000000000000000, 0.000000000000000000, 1.000000000000000000 ) ) ;
#638 = EDGE_LOOP ( 'NONE', ( #9, #371, #548, #1061 ) ) ;
#639 = DIRECTION ( 'NONE',  ( 0.000000000000000000, 0.000000000000000000, 1.000000000000000000 ) ) ;
#640 = DIRECTION ( 'NONE',  ( 0.000000000000000000, 0.000000000000000000, 1.000000000000000000 ) ) ;
#641 = ORIENTED_EDGE ( 'NONE', *, *, #1661, .F. ) ;
#642 = VECTOR ( 'NONE', #2146, 1000.000000000000000 ) ;
#643 = VECTOR ( 'NONE', #1500, 1000.000000000000000 ) ;
#644 = PLANE ( 'NONE',  #760 ) ;
#645 = FACE_OUTER_BOUND ( 'NONE', #1449, .T. ) ;
#646 = EDGE_CURVE ( 'NONE', #1523, #351, #683, .T. ) ;
#647 = VERTEX_POINT ( 'NONE', #144 ) ;
#648 = DIRECTION ( 'NONE',  ( 0.000000000000000000, -0.000000000000000000, 1.000000000000000000 ) ) ;
#649 = VECTOR ( 'NONE', #1680, 1000.000000000000000 ) ;
#650 = CARTESIAN_POINT ( 'NONE',  ( 119.6950703118059636, -169.9999999999999716, 15.00000000000000000 ) ) ;
#651 = EDGE_CURVE ( 'NONE', #1453, #2374, #1667, .T. ) ;
#652 = EDGE_LOOP ( 'NONE', ( #1031, #1277, #641, #581, #1582 ) ) ;
#653 = DIRECTION ( 'NONE',  ( 0.000000000000000000, 0.000000000000000000, -1.000000000000000000 ) ) ;
#654 = CARTESIAN_POINT ( 'NONE',  ( 0.000000000000000000, -50.30492968819588384, 11.99999999999999645 ) ) ;
#655 = ADVANCED_FACE ( 'NONE', ( #1653 ), #730, .T. ) ;
#656 = ORIENTED_EDGE ( 'NONE', *, *, #833, .F. ) ;
#657 = VECTOR ( 'NONE', #567, 1000.000000000000000 ) ;
#658 = CARTESIAN_POINT ( 'NONE',  ( -10.00000000000000178, -10.30492968819588206, 15.00000000000000000 ) ) ;
#659 = CARTESIAN_POINT ( 'NONE',  ( 59.52341901683162462, -125.4765809831683328, 15.00000000000000000 ) ) ;
#660 = ORIENTED_EDGE ( 'NONE', *, *, #253, .T. ) ;
#661 = DIRECTION ( 'NONE',  ( -1.000000000000000000, 0.000000000000000000, 0.000000000000000000 ) ) ;
#662 = CARTESIAN_POINT ( 'NONE',  ( -21.54155214062300061, -21.54155214062298640, 0.000000000000000000 ) ) ;
#663 = ORIENTED_EDGE ( 'NONE', *, *, #2115, .F. ) ;
#664 = EDGE_CURVE ( 'NONE', #1925, #1059, #1290, .T. ) ;
#665 = DIRECTION ( 'NONE',  ( 0.000000000000000000, 0.000000000000000000, 1.000000000000000000 ) ) ;
#666 = ORIENTED_EDGE ( 'NONE', *, *, #1216, .T. ) ;
#667 = LINE ( 'NONE', #1252, #1497 ) ;
#668 = DIRECTION ( 'NONE',  ( -0.000000000000000000, -0.000000000000000000, 1.000000000000000000 ) ) ;
#669 = LINE ( 'NONE', #295, #1153 ) ;
#670 = ORIENTED_EDGE ( 'NONE', *, *, #2059, .T. ) ;
#671 = LINE ( 'NONE', #1429, #2284 ) ;
#672 = EDGE_LOOP ( 'NONE', ( #1608, #1620, #1123, #1912, #2283 ) ) ;
#673 = CARTESIAN_POINT ( 'NONE',  ( 52.91094679413453150, -88.21587648232971901, 1.185120509871351313 ) ) ;
#674 = ORIENTED_EDGE ( 'NONE', *, *, #418, .T. ) ;
#675 = EDGE_CURVE ( 'NONE', #1519, #2253, #352, .T. ) ;
#676 = ORIENTED_EDGE ( 'NONE', *, *, #282, .T. ) ;
#677 = DIRECTION ( 'NONE',  ( -0.7071067811865473507, 0.7071067811865477948, 0.000000000000000000 ) ) ;
#678 = EDGE_CURVE ( 'NONE', #1548, #1287, #1769, .T. ) ;
#679 = CARTESIAN_POINT ( 'NONE',  ( 37.08905320586595167, -143.3049296881958696, 1.185120509871358196 ) ) ;
#680 = VECTOR ( 'NONE', #1923, 1000.000000000000000 ) ;
#681 = ORIENTED_EDGE ( 'NONE', *, *, #560, .T. ) ;
#682 = SURFACE_STYLE_USAGE ( .BOTH. , #2404 ) ;
#683 = CIRCLE ( 'NONE', #883, 1.600000000000001199 ) ;
#684 = CARTESIAN_POINT ( 'NONE',  ( -1.599999999999991651, -50.30492968819588384, -20.00000000000000355 ) ) ;
#685 = VECTOR ( 'NONE', #524, 1000.000000000000000 ) ;
#686 = ORIENTED_EDGE ( 'NONE', *, *, #182, .T. ) ;
#687 = FACE_OUTER_BOUND ( 'NONE', #1571, .T. ) ;
#688 = AXIS2_PLACEMENT_3D ( 'NONE', #1522, #2046, #2270 ) ;
#689 = LINE ( 'NONE', #349, #1739 ) ;
#690 = VERTEX_POINT ( 'NONE', #1222 ) ;
#691 = ADVANCED_FACE ( 'NONE', ( #1416 ), #1745, .T. ) ;
#692 = DIRECTION ( 'NONE',  ( 0.000000000000000000, -0.000000000000000000, -1.000000000000000000 ) ) ;
#693 = VECTOR ( 'NONE', #2064, 1000.000000000000000 ) ;
#694 = FACE_OUTER_BOUND ( 'NONE', #83, .T. ) ;
#695 = ADVANCED_FACE ( 'NONE', ( #2300 ), #1958, .F. ) ;
#696 = CARTESIAN_POINT ( 'NONE',  ( 112.7635343870129532, -155.8466386682590041, 0.000000000000000000 ) ) ;
#697 = VERTEX_POINT ( 'NONE', #487 ) ;
#698 = DIRECTION ( 'NONE',  ( 1.000000000000000000, 0.000000000000000000, -0.000000000000000000 ) ) ;
#699 = EDGE_CURVE ( 'NONE', #2374, #2092, #437, .T. ) ;
#700 = CARTESIAN_POINT ( 'NONE',  ( 45.00000000000023448, -122.7313365593880548, 3.699999999998589750 ) ) ;
#701 = VERTEX_POINT ( 'NONE', #1380 ) ;
#702 = DIRECTION ( 'NONE',  ( -1.000000000000000000, 0.000000000000000000, -0.000000000000000000 ) ) ;
#703 = CARTESIAN_POINT ( 'NONE',  ( 1.599999999999991651, -50.30492968819588384, -20.00000000000000355 ) ) ;
#704 = ORIENTED_EDGE ( 'NONE', *, *, #1611, .F. ) ;
#705 = LINE ( 'NONE', #1961, #525 ) ;
#706 = DIRECTION ( 'NONE',  ( 0.000000000000000000, 0.000000000000000000, 1.000000000000000000 ) ) ;
#707 = EDGE_LOOP ( 'NONE', ( #1796, #222, #2112, #411 ) ) ;
#708 = ADVANCED_FACE ( 'NONE', ( #1987 ), #272, .F. ) ;
#709 = DIRECTION ( 'NONE',  ( 0.000000000000000000, -1.000000000000000000, 0.000000000000000000 ) ) ;
#710 = LINE ( 'NONE', #1996, #2402 ) ;
#711 = ORIENTED_EDGE ( 'NONE', *, *, #1452, .F. ) ;
#712 = EDGE_CURVE ( 'NONE', #1327, #1136, #1572, .T. ) ;
#713 = CARTESIAN_POINT ( 'NONE',  ( 58.56497115745465720, -58.56497115745465720, 0.000000000000000000 ) ) ;
#714 = ORIENTED_EDGE ( 'NONE', *, *, #1686, .T. ) ;
#715 =( LENGTH_UNIT ( ) NAMED_UNIT ( * ) SI_UNIT ( .MILLI., .METRE. ) );
#716 = DIRECTION ( 'NONE',  ( -0.000000000000000000, -0.000000000000000000, -1.000000000000000000 ) ) ;
#717 = ORIENTED_EDGE ( 'NONE', *, *, #990, .T. ) ;
#718 = PLANE ( 'NONE',  #1343 ) ;
#719 = VECTOR ( 'NONE', #1579, 1000.000000000000000 ) ;
#720 = CARTESIAN_POINT ( 'NONE',  ( 50.02341901683162462, -115.9765809831683612, 0.000000000000000000 ) ) ;
#721 = ORIENTED_EDGE ( 'NONE', *, *, #2174, .T. ) ;
#722 = VECTOR ( 'NONE', #1659, 1000.000000000000000 ) ;
#723 = EDGE_CURVE ( 'NONE', #32, #1136, #851, .T. ) ;
#724 = VECTOR ( 'NONE', #1177, 1000.000000000000000 ) ;
#725 = DIRECTION ( 'NONE',  ( 0.7071067811865500152, -0.7071067811865451302, 0.000000000000000000 ) ) ;
#726 = EDGE_LOOP ( 'NONE', ( #958, #2047, #1638, #1818 ) ) ;
#727 = AXIS2_PLACEMENT_3D ( 'NONE', #884, #310, #2161 ) ;
#728 = ADVANCED_FACE ( 'NONE', ( #1190, #286 ), #813, .T. ) ;
#729 = EDGE_LOOP ( 'NONE', ( #1724, #2247, #2198, #1083 ) ) ;
#730 = PLANE ( 'NONE',  #2242 ) ;
#731 = AXIS2_PLACEMENT_3D ( 'NONE', #1336, #239, #419 ) ;
#732 = VECTOR ( 'NONE', #1238, 1000.000000000000000 ) ;
#733 = VERTEX_POINT ( 'NONE', #1969 ) ;
#734 = PRESENTATION_STYLE_ASSIGNMENT (( #682 ) ) ;
#735 = CARTESIAN_POINT ( 'NONE',  ( 18.00000000000000000, -10.30492968819588206, -5.000000000000004441 ) ) ;
#736 = VERTEX_POINT ( 'NONE', #825 ) ;
#737 = CARTESIAN_POINT ( 'NONE',  ( 52.01337842231308173, -117.9665403886498041, 1.819947432595134362 ) ) ;
#738 = CARTESIAN_POINT ( 'NONE',  ( 87.89347670192228179, -157.8466386682589757, -20.00000000000000355 ) ) ;
#739 = ORIENTED_EDGE ( 'NONE', *, *, #71, .T. ) ;
#740 = EDGE_CURVE ( 'NONE', #1018, #1728, #1562, .T. ) ;
#741 = PRODUCT ( '\X2\62c96746\X0\_\X2\5de6\X0\', '\X2\62c96746\X0\_\X2\5de6\X0\', '', ( #904 ) ) ;
#742 = ORIENTED_EDGE ( 'NONE', *, *, #1229, .F. ) ;
#743 = APPLICATION_PROTOCOL_DEFINITION ( 'draft international standard', 'automotive_design', 1998, #1600 ) ;
#744 = CARTESIAN_POINT ( 'NONE',  ( 18.00000000000000000, -70.30492968819406485, -5.000000000000004441 ) ) ;
#745 = ADVANCED_FACE ( 'NONE', ( #1019 ), #1756, .F. ) ;
#746 = ORIENTED_EDGE ( 'NONE', *, *, #1950, .T. ) ;
#747 = CARTESIAN_POINT ( 'NONE',  ( 50.02341901683162462, -119.9765809831683328, -20.00000000000000355 ) ) ;
#748 = DIRECTION ( 'NONE',  ( 0.000000000000000000, -1.000000000000000000, 0.000000000000000000 ) ) ;
#749 = ORIENTED_EDGE ( 'NONE', *, *, #3, .T. ) ;
#750 = LINE ( 'NONE', #1152, #364 ) ;
#751 = CARTESIAN_POINT ( 'NONE',  ( 50.02341901683162462, -95.93495042282386009, 15.00000000000000000 ) ) ;
#752 = ORIENTED_EDGE ( 'NONE', *, *, #1410, .F. ) ;
#754 = EDGE_CURVE ( 'NONE', #351, #1523, #36, .T. ) ;
#753 = CARTESIAN_POINT ( 'NONE',  ( -2.999999999999999112, -25.30492968819588029, 15.00000000000000000 ) ) ;
#755 = ORIENTED_EDGE ( 'NONE', *, *, #1648, .F. ) ;
#756 = EDGE_CURVE ( 'NONE', #733, #770, #152, .T. ) ;
#757 = CARTESIAN_POINT ( 'NONE',  ( 35.41343635916146582, -113.1447729185496343, -5.204170427930421283E-15 ) ) ;
#758 = CARTESIAN_POINT ( 'NONE',  ( 119.6950703118059636, -169.9999999999999716, 11.99999999999999645 ) ) ;
#759 = ORIENTED_EDGE ( 'NONE', *, *, #1661, .T. ) ;
#760 = AXIS2_PLACEMENT_3D ( 'NONE', #620, #1737, #34 ) ;
#761 = CARTESIAN_POINT ( 'NONE',  ( 1.600000000000001199, -25.30492968819588029, 11.99999999999999645 ) ) ;
#762 = VECTOR ( 'NONE', #466, 1000.000000000000000 ) ;
#763 = ORIENTED_EDGE ( 'NONE', *, *, #1736, .F. ) ;
#764 = DIRECTION ( 'NONE',  ( -1.000000000000000000, 0.000000000000000000, 0.000000000000000000 ) ) ;
#765 = VERTEX_POINT ( 'NONE', #2034 ) ;
#766 = VECTOR ( 'NONE', #2262, 1000.000000000000000 ) ;
#767 = DIRECTION ( 'NONE',  ( -0.000000000000000000, -0.000000000000000000, 1.000000000000000000 ) ) ;
#768 = ADVANCED_FACE ( 'NONE', ( #130 ), #2214, .F. ) ;
#769 = LINE ( 'NONE', #1842, #649 ) ;
#770 = VERTEX_POINT ( 'NONE', #1466 ) ;
#771 = AXIS2_PLACEMENT_3D ( 'NONE', #2135, #852, #1746 ) ;
#772 = FACE_OUTER_BOUND ( 'NONE', #25, .T. ) ;
#773 = EDGE_CURVE ( 'NONE', #426, #1647, #887, .T. ) ;
#774 = LINE ( 'NONE', #206, #1978 ) ;
#775 = ORIENTED_EDGE ( 'NONE', *, *, #1361, .T. ) ;
#776 = FACE_OUTER_BOUND ( 'NONE', #439, .T. ) ;
#777 = ORIENTED_EDGE ( 'NONE', *, *, #1134, .F. ) ;
#778 = CARTESIAN_POINT ( 'NONE',  ( 116.6950703118059209, -151.9999999999999716, 15.00000000000000000 ) ) ;
#779 = PLANE ( 'NONE',  #1274 ) ;
#780 = ADVANCED_FACE ( 'NONE', ( #687 ), #901, .F. ) ;
#781 = ORIENTED_EDGE ( 'NONE', *, *, #398, .T. ) ;
#782 = CARTESIAN_POINT ( 'NONE',  ( 0.000000000000000000, -25.30492968819588029, 12.00000000000000000 ) ) ;
#783 = CARTESIAN_POINT ( 'NONE',  ( 116.6950703118059209, -151.9999999999999716, -20.00000000000000355 ) ) ;
#784 = EDGE_CURVE ( 'NONE', #2253, #2205, #1431, .T. ) ;
#785 = ORIENTED_EDGE ( 'NONE', *, *, #1964, .T. ) ;
#786 = CARTESIAN_POINT ( 'NONE',  ( -2.999999999999999112, -25.30492968819588029, 12.00000000000000000 ) ) ;
#787 = CARTESIAN_POINT ( 'NONE',  ( 159.6950703118059494, -159.9999999999999716, -20.00000000000000355 ) ) ;
#788 = DIRECTION ( 'NONE',  ( 0.8164321540053108839, 0.000000000000000000, 0.5774413718346204094 ) ) ;
#789 = ORIENTED_EDGE ( 'NONE', *, *, #1013, .T. ) ;
#790 = LINE ( 'NONE', #176, #2321 ) ;
#791 = CARTESIAN_POINT ( 'NONE',  ( 35.41343635916147292, -105.3665983254981882, -5.314767143186256430E-15 ) ) ;
#792 = EDGE_LOOP ( 'NONE', ( #562, #2187, #1717, #219 ) ) ;
#793 = CYLINDRICAL_SURFACE ( 'NONE', #196, 2.999999999999999112 ) ;
#794 = DIRECTION ( 'NONE',  ( -0.6324255876883154714, -0.6324255876883154714, -0.4472982808754999429 ) ) ;
#795 = VERTEX_POINT ( 'NONE', #2022 ) ;
#796 = CARTESIAN_POINT ( 'NONE',  ( 0.000000000000000000, -25.30492968819588029, 12.00000000000000000 ) ) ;
#797 = EDGE_CURVE ( 'NONE', #697, #872, #131, .T. ) ;
#798 = CARTESIAN_POINT ( 'NONE',  ( 116.6950703118059209, -151.9999999999999716, -20.00000000000000355 ) ) ;
#799 = ORIENTED_EDGE ( 'NONE', *, *, #756, .F. ) ;
#800 = AXIS2_PLACEMENT_3D ( 'NONE', #1551, #246, #2335 ) ;
#801 = EDGE_CURVE ( 'NONE', #174, #532, #1109, .T. ) ;
#802 = AXIS2_PLACEMENT_3D ( 'NONE', #2019, #909, #1066 ) ;
#803 = LINE ( 'NONE', #2137, #2241 ) ;
#804 = DIRECTION ( 'NONE',  ( -0.7071067811865500152, 0.7071067811865451302, -0.000000000000000000 ) ) ;
#805 = VECTOR ( 'NONE', #1570, 1000.000000000000000 ) ;
#806 = LINE ( 'NONE', #55, #1861 ) ;
#807 = ORIENTED_EDGE ( 'NONE', *, *, #863, .T. ) ;
#808 = DIRECTION ( 'NONE',  ( 0.000000000000000000, 0.000000000000000000, 1.000000000000000000 ) ) ;
#809 = AXIS2_PLACEMENT_3D ( 'NONE', #1422, #622, #1374 ) ;
#810 = LINE ( 'NONE', #1932, #287 ) ;
#811 = VECTOR ( 'NONE', #2304, 1000.000000000000000 ) ;
#812 = ORIENTED_EDGE ( 'NONE', *, *, #1361, .F. ) ;
#813 = PLANE ( 'NONE',  #800 ) ;
#814 = LINE ( 'NONE', #273, #85 ) ;
#815 = ORIENTED_EDGE ( 'NONE', *, *, #182, .F. ) ;
#816 = ADVANCED_FACE ( 'NONE', ( #312 ), #1249, .F. ) ;
#817 = DIRECTION ( 'NONE',  ( 0.000000000000000000, 0.000000000000000000, 1.000000000000000000 ) ) ;
#818 = CARTESIAN_POINT ( 'NONE',  ( 37.02341901683162462, -80.10652329807768979, 15.00000000000000000 ) ) ;
#819 = CARTESIAN_POINT ( 'NONE',  ( 87.89347670192228179, -133.8050081079145741, 0.000000000000000000 ) ) ;
#820 = VERTEX_POINT ( 'NONE', #912 ) ;
#821 = CARTESIAN_POINT ( 'NONE',  ( 17.65336133174098876, -87.60652329807768979, -20.00000000000000355 ) ) ;
#822 = DIRECTION ( 'NONE',  ( 1.000000000000000000, 0.000000000000000000, 0.000000000000000000 ) ) ;
#823 = VERTEX_POINT ( 'NONE', #1120 ) ;
#824 = UNCERTAINTY_MEASURE_WITH_UNIT (LENGTH_MEASURE( 1.000000000000000082E-05 ), #1053, 'distance_accuracy_value', 'NONE');
#825 = CARTESIAN_POINT ( 'NONE',  ( 2.999999999999999112, -25.30492968819588029, 15.00000000000000000 ) ) ;
#826 = CARTESIAN_POINT ( 'NONE',  ( 12.15336133174097988, -58.06489273773321713, 15.00000000000000000 ) ) ;
#827 = ORIENTED_EDGE ( 'NONE', *, *, #1394, .F. ) ;
#828 = ADVANCED_FACE ( 'NONE', ( #1999 ), #1069, .F. ) ;
#829 = FACE_OUTER_BOUND ( 'NONE', #156, .T. ) ;
#830 = LINE ( 'NONE', #1738, #1773 ) ;
#831 = EDGE_CURVE ( 'NONE', #1366, #1387, #2069, .T. ) ;
#832 = ORIENTED_EDGE ( 'NONE', *, *, #2131, .F. ) ;
#833 = EDGE_CURVE ( 'NONE', #88, #1989, #1512, .T. ) ;
#834 = DIRECTION ( 'NONE',  ( 0.5774413718346207425, 0.000000000000000000, 0.8164321540053106618 ) ) ;
#835 = ORIENTED_EDGE ( 'NONE', *, *, #2059, .F. ) ;
#836 = DIRECTION ( 'NONE',  ( 1.000000000000000000, 0.000000000000000000, 0.000000000000000000 ) ) ;
#837 = CARTESIAN_POINT ( 'NONE',  ( 78.08806185786595222, -121.1711661391120032, -16.62200258041374212 ) ) ;
#838 = ORIENTED_EDGE ( 'NONE', *, *, #1214, .T. ) ;
#839 = AXIS2_PLACEMENT_3D ( 'NONE', #2389, #706, #1448 ) ;
#840 = CIRCLE ( 'NONE', #1267, 2.999999999999999112 ) ;
#841 = CARTESIAN_POINT ( 'NONE',  ( -1.600000000000001199, -25.30492968819588029, 0.000000000000000000 ) ) ;
#842 = CARTESIAN_POINT ( 'NONE',  ( 116.6950703118059209, -151.9999999999999716, 0.000000000000000000 ) ) ;
#843 = AXIS2_PLACEMENT_3D ( 'NONE', #1173, #987, #1183 ) ;
#844 = EDGE_LOOP ( 'NONE', ( #2001, #1899, #1838, #2018, #714, #660, #2120, #1147, #232 ) ) ;
#845 = EDGE_CURVE ( 'NONE', #917, #1453, #217, .T. ) ;
#846 = CARTESIAN_POINT ( 'NONE',  ( -0.000000000000000000, -87.60652329807768979, 0.000000000000000000 ) ) ;
#847 = VECTOR ( 'NONE', #1609, 1000.000000000000114 ) ;
#848 = DIRECTION ( 'NONE',  ( 1.000000000000000000, -0.000000000000000000, -0.000000000000000000 ) ) ;
#849 = ORIENTED_EDGE ( 'NONE', *, *, #26, .T. ) ;
#850 = ADVANCED_FACE ( 'NONE', ( #2430 ), #793, .F. ) ;
#851 = LINE ( 'NONE', #1044, #76 ) ;
#852 = DIRECTION ( 'NONE',  ( 0.000000000000000000, 0.000000000000000000, 1.000000000000000000 ) ) ;
#853 = ORIENTED_EDGE ( 'NONE', *, *, #30, .F. ) ;
#854 = AXIS2_PLACEMENT_3D ( 'NONE', #288, #68, #1021 ) ;
#855 = DIRECTION ( 'NONE',  ( 1.000000000000000000, 0.000000000000000000, 0.000000000000000000 ) ) ;
#856 = FACE_OUTER_BOUND ( 'NONE', #340, .T. ) ;
#857 = VERTEX_POINT ( 'NONE', #381 ) ;
#858 = LINE ( 'NONE', #89, #1935 ) ;
#859 = EDGE_CURVE ( 'NONE', #1392, #736, #840, .T. ) ;
#860 = CARTESIAN_POINT ( 'NONE',  ( 52.91094679413453150, -95.99405107538058246, 1.185120509871351313 ) ) ;
#861 = ORIENTED_EDGE ( 'NONE', *, *, #387, .F. ) ;
#862 = DIRECTION ( 'NONE',  ( 0.6324255876883154714, -0.6324255876883155825, 0.4472982808754998874 ) ) ;
#863 = EDGE_CURVE ( 'NONE', #1759, #435, #1872, .T. ) ;
#864 = CARTESIAN_POINT ( 'NONE',  ( 9.999999999999998224, -45.30492968819588384, 0.000000000000000000 ) ) ;
#865 = ORIENTED_EDGE ( 'NONE', *, *, #2292, .T. ) ;
#866 = LINE ( 'NONE', #95, #1573 ) ;
#867 = DIRECTION ( 'NONE',  ( -0.7071067811865475727, 0.7071067811865474617, -0.000000000000000000 ) ) ;
#868 = CYLINDRICAL_SURFACE ( 'NONE', #2086, 1.599999999999991651 ) ;
#869 = ORIENTED_EDGE ( 'NONE', *, *, #75, .F. ) ;
#870 = CARTESIAN_POINT ( 'NONE',  ( 119.6950703118059636, -169.9999999999999716, 12.00000000000000000 ) ) ;
#871 = DIRECTION ( 'NONE',  ( 0.000000000000000000, -1.000000000000000000, 0.000000000000000000 ) ) ;
#872 = VERTEX_POINT ( 'NONE', #179 ) ;
#873 = DIRECTION ( 'NONE',  ( 1.210272192542009645E-16, -1.000000000000000000, 0.000000000000000000 ) ) ;
#874 = ORIENTED_EDGE ( 'NONE', *, *, #1013, .F. ) ;
#875 = EDGE_CURVE ( 'NONE', #1087, #2296, #407, .T. ) ;
#876 = LINE ( 'NONE', #134, #1495 ) ;
#877 = FACE_OUTER_BOUND ( 'NONE', #367, .T. ) ;
#878 = DIRECTION ( 'NONE',  ( 0.000000000000000000, 0.000000000000000000, -1.000000000000000000 ) ) ;
#879 = ADVANCED_FACE ( 'NONE', ( #1704, #1907, #772, #980, #2261 ), #1714, .F. ) ;
#880 = CARTESIAN_POINT ( 'NONE',  ( 44.52341901683162462, -111.6481538584221767, 3.691708095283196212 ) ) ;
#881 = ORIENTED_EDGE ( 'NONE', *, *, #2073, .F. ) ;
#882 = LINE ( 'NONE', #2189, #924 ) ;
#883 = AXIS2_PLACEMENT_3D ( 'NONE', #2208, #1100, #930 ) ;
#884 = CARTESIAN_POINT ( 'NONE',  ( 9.999999999999998224, -45.30492968819588384, 15.00000000000000000 ) ) ;
#885 = VECTOR ( 'NONE', #1606, 1000.000000000000000 ) ;
#886 = VERTEX_POINT ( 'NONE', #391 ) ;
#887 = LINE ( 'NONE', #2045, #1079 ) ;
#888 = VECTOR ( 'NONE', #1082, 1000.000000000000000 ) ;
#889 = CARTESIAN_POINT ( 'NONE',  ( 0.000000000000000000, -50.30492968819588384, 12.00000000000000000 ) ) ;
#890 = EDGE_LOOP ( 'NONE', ( #1627, #334, #1674, #666, #140, #2425 ) ) ;
#891 = VECTOR ( 'NONE', #867, 1000.000000000000000 ) ;
#892 = CARTESIAN_POINT ( 'NONE',  ( 79.56504957717609727, -149.5182115435127628, 0.000000000000000000 ) ) ;
#893 = EDGE_CURVE ( 'NONE', #383, #2036, #750, .T. ) ;
#894 = AXIS2_PLACEMENT_3D ( 'NONE', #2154, #629, #425 ) ;
#895 = CARTESIAN_POINT ( 'NONE',  ( 55.52341901683162462, -125.4765809831683328, 15.00000000000000000 ) ) ;
#896 = EDGE_CURVE ( 'NONE', #1568, #2021, #609, .T. ) ;
#897 = ORIENTED_EDGE ( 'NONE', *, *, #16, .T. ) ;
#898 = CARTESIAN_POINT ( 'NONE',  ( 14.98178845648715374, -58.06489273773323134, 0.000000000000000000 ) ) ;
#899 = DIRECTION ( 'NONE',  ( 1.000000000000000000, -9.813077866773629194E-15, 0.000000000000000000 ) ) ;
#900 = ORIENTED_EDGE ( 'NONE', *, *, #617, .F. ) ;
#901 = PLANE ( 'NONE',  #443 ) ;
#902 = CARTESIAN_POINT ( 'NONE',  ( 39.02341901683162462, -82.10652329807768979, 15.00000000000000000 ) ) ;
#903 = VERTEX_POINT ( 'NONE', #421 ) ;
#904 = PRODUCT_CONTEXT ( 'NONE', #1335, 'mechanical' ) ;
#905 = CARTESIAN_POINT ( 'NONE',  ( 41.69499189208547563, -111.6481538584221767, 3.295372180070033075 ) ) ;
#906 = EDGE_CURVE ( 'NONE', #1699, #2307, #168, .T. ) ;
#907 = DIRECTION ( 'NONE',  ( 0.7071067811865500152, -0.7071067811865451302, -0.000000000000000000 ) ) ;
#908 = ORIENTED_EDGE ( 'NONE', *, *, #754, .T. ) ;
#909 = DIRECTION ( 'NONE',  ( -0.000000000000000000, -0.000000000000000000, 1.000000000000000000 ) ) ;
#910 = CARTESIAN_POINT ( 'NONE',  ( 54.02341901683163172, -119.9765809831683185, 0.3982976449821472587 ) ) ;
#911 = ORIENTED_EDGE ( 'NONE', *, *, #19, .T. ) ;
#912 = CARTESIAN_POINT ( 'NONE',  ( 12.15336133174097988, -58.06489273773321713, 15.00000000000000000 ) ) ;
#913 = FACE_OUTER_BOUND ( 'NONE', #102, .T. ) ;
#914 = VERTEX_POINT ( 'NONE', #2237 ) ;
#915 = CARTESIAN_POINT ( 'NONE',  ( 159.6950703118059494, -159.9999999999999716, 0.000000000000000000 ) ) ;
#916 = PLANE ( 'NONE',  #1970 ) ;
#917 = VERTEX_POINT ( 'NONE', #1039 ) ;
#918 = FACE_BOUND ( 'NONE', #178, .T. ) ;
#919 = DIRECTION ( 'NONE',  ( 0.000000000000000000, -0.000000000000000000, -1.000000000000000000 ) ) ;
#920 = ADVANCED_FACE ( 'NONE', ( #241 ), #280, .F. ) ;
#921 = ORIENTED_EDGE ( 'NONE', *, *, #2427, .T. ) ;
#922 = CARTESIAN_POINT ( 'NONE',  ( 55.52341901683162462, -125.4765809831683328, -20.00000000000000355 ) ) ;
#923 = VECTOR ( 'NONE', #45, 1000.000000000000000 ) ;
#924 = VECTOR ( 'NONE', #126, 1000.000000000000000 ) ;
#925 = FACE_OUTER_BOUND ( 'NONE', #470, .T. ) ;
#926 = EDGE_CURVE ( 'NONE', #1289, #1453, #2297, .T. ) ;
#927 = ORIENTED_EDGE ( 'NONE', *, *, #214, .F. ) ;
#928 = CIRCLE ( 'NONE', #122, 1.599999999999990319 ) ;
#929 = EDGE_LOOP ( 'NONE', ( #1840, #900, #2003, #143 ) ) ;
#930 = DIRECTION ( 'NONE',  ( 1.000000000000000000, 0.000000000000000000, 0.000000000000000000 ) ) ;
#931 = AXIS2_PLACEMENT_3D ( 'NONE', #20, #1525, #413 ) ;
#932 = ORIENTED_EDGE ( 'NONE', *, *, #1690, .F. ) ;
#933 = FACE_OUTER_BOUND ( 'NONE', #527, .T. ) ;
#934 = DIRECTION ( 'NONE',  ( 0.000000000000000000, 0.000000000000000000, -1.000000000000000000 ) ) ;
#935 = ORIENTED_EDGE ( 'NONE', *, *, #2218, .F. ) ;
#936 = ADVANCED_FACE ( 'NONE', ( #39 ), #1200, .F. ) ;
#937 = CARTESIAN_POINT ( 'NONE',  ( 45.00000000000023448, -80.30492968819555699, 3.699999999998589750 ) ) ;
#938 = ORIENTED_EDGE ( 'NONE', *, *, #1319, .T. ) ;
#939 = EDGE_CURVE ( 'NONE', #961, #1112, #1209, .T. ) ;
#940 = LINE ( 'NONE', #1314, #693 ) ;
#941 = ORIENTED_EDGE ( 'NONE', *, *, #1900, .F. ) ;
#942 = DIRECTION ( 'NONE',  ( 0.7071067811865474617, -0.7071067811865474617, 0.000000000000000000 ) ) ;
#943 = DIRECTION ( 'NONE',  ( -0.000000000000000000, 0.000000000000000000, 1.000000000000000000 ) ) ;
#944 = ORIENTED_EDGE ( 'NONE', *, *, #1997, .T. ) ;
#945 = DIRECTION ( 'NONE',  ( -0.7071067811865525687, -0.7071067811865425767, -0.000000000000000000 ) ) ;
#946 = EDGE_LOOP ( 'NONE', ( #832, #1720, #2318, #268, #2398, #1297, #992, #1835, #455 ) ) ;
#947 = CARTESIAN_POINT ( 'NONE',  ( 11.80820444183482998, -143.3049296881958696, -16.69537074690824596 ) ) ;
#948 = ORIENTED_EDGE ( 'NONE', *, *, #2174, .F. ) ;
#949 = ADVANCED_FACE ( 'NONE', ( #2331 ), #1219, .T. ) ;
#950 = EDGE_CURVE ( 'NONE', #1396, #518, #1742, .T. ) ;
#951 = DIRECTION ( 'NONE',  ( 0.000000000000000000, 0.000000000000000000, -1.000000000000000000 ) ) ;
#952 = CARTESIAN_POINT ( 'NONE',  ( 87.89347670192228179, -153.8466386682590041, 0.000000000000000000 ) ) ;
#953 = ORIENTED_EDGE ( 'NONE', *, *, #1904, .T. ) ;
#954 = CARTESIAN_POINT ( 'NONE',  ( -0.000000000000000000, -125.4765809831683328, 0.000000000000000000 ) ) ;
#955 = VECTOR ( 'NONE', #1398, 1000.000000000000000 ) ;
#956 = CYLINDRICAL_SURFACE ( 'NONE', #404, 1.599999999999991651 ) ;
#957 = VECTOR ( 'NONE', #1133, 1000.000000000000000 ) ;
#958 = ORIENTED_EDGE ( 'NONE', *, *, #501, .F. ) ;
#959 = VECTOR ( 'NONE', #1669, 1000.000000000000114 ) ;
#960 = CARTESIAN_POINT ( 'NONE',  ( 159.6950703118059494, -151.9999999999999716, -20.00000000000000355 ) ) ;
#961 = VERTEX_POINT ( 'NONE', #1955 ) ;
#962 = ADVANCED_FACE ( 'NONE', ( #1016 ), #229, .F. ) ;
#963 = CARTESIAN_POINT ( 'NONE',  ( 92.49999999999997158, -92.49999999999997158, 0.000000000000000000 ) ) ;
#964 = ADVANCED_BREP_SHAPE_REPRESENTATION ( '\X2\62c96746\X0\_\X2\5de6\X0\', ( #1103, #2251 ), #408 ) ;
#965 = FACE_OUTER_BOUND ( 'NONE', #166, .T. ) ;
#966 = ORIENTED_EDGE ( 'NONE', *, *, #401, .F. ) ;
#967 = VECTOR ( 'NONE', #233, 1000.000000000000000 ) ;
#968 = DIRECTION ( 'NONE',  ( -0.7071067811865473507, 0.7071067811865477948, 0.000000000000000000 ) ) ;
#969 = FACE_OUTER_BOUND ( 'NONE', #1075, .T. ) ;
#970 = ORIENTED_EDGE ( 'NONE', *, *, #2218, .T. ) ;
#971 = CARTESIAN_POINT ( 'NONE',  ( 102.2686634406130963, -180.0000000000000000, 15.00000000000000000 ) ) ;
#972 = DIRECTION ( 'NONE',  ( 1.000000000000000000, 0.000000000000000000, 0.000000000000000000 ) ) ;
#973 = ORIENTED_EDGE ( 'NONE', *, *, #1983, .F. ) ;
#974 = DIRECTION ( 'NONE',  ( 1.000000000000000000, 0.000000000000000000, 0.000000000000000000 ) ) ;
#975 = EDGE_CURVE ( 'NONE', #383, #2117, #2308, .T. ) ;
#976 = DIRECTION ( 'NONE',  ( 1.000000000000000000, 0.000000000000000000, 0.000000000000000000 ) ) ;
#977 = CARTESIAN_POINT ( 'NONE',  ( 0.000000000000000000, -50.30492968819588384, 11.99999999999999645 ) ) ;
#978 = ORIENTED_EDGE ( 'NONE', *, *, #1185, .T. ) ;
#979 = EDGE_CURVE ( 'NONE', #1295, #2350, #858, .T. ) ;
#980 = FACE_BOUND ( 'NONE', #890, .T. ) ;
#981 = FACE_OUTER_BOUND ( 'NONE', #1299, .T. ) ;
#982 = ORIENTED_EDGE ( 'NONE', *, *, #1736, .T. ) ;
#983 = FACE_OUTER_BOUND ( 'NONE', #672, .T. ) ;
#984 = FACE_OUTER_BOUND ( 'NONE', #1104, .T. ) ;
#985 = ORIENTED_EDGE ( 'NONE', *, *, #2353, .T. ) ;
#986 = CARTESIAN_POINT ( 'NONE',  ( 0.000000000000000000, -133.8050081079145741, 0.000000000000000000 ) ) ;
#987 = DIRECTION ( 'NONE',  ( 0.7071067811865475727, 0.7071067811865474617, 0.000000000000000000 ) ) ;
#988 = PLANE ( 'NONE',  #1349 ) ;
#989 = ORIENTED_EDGE ( 'NONE', *, *, #1904, .F. ) ;
#990 = EDGE_CURVE ( 'NONE', #171, #32, #2128, .T. ) ;
#991 = CARTESIAN_POINT ( 'NONE',  ( 1.599999999999991651, -50.30492968819588384, 11.99999999999999645 ) ) ;
#992 = ORIENTED_EDGE ( 'NONE', *, *, #636, .F. ) ;
#993 = LINE ( 'NONE', #1729, #923 ) ;
#994 = AXIS2_PLACEMENT_3D ( 'NONE', #1399, #1163, #254 ) ;
#995 = DIRECTION ( 'NONE',  ( 0.000000000000000000, -1.000000000000000000, 0.000000000000000000 ) ) ;
#996 = DIRECTION ( 'NONE',  ( -0.000000000000000000, -0.000000000000000000, 1.000000000000000000 ) ) ;
#997 = ORIENTED_EDGE ( 'NONE', *, *, #1115, .T. ) ;
#998 = VECTOR ( 'NONE', #1393, 1000.000000000000000 ) ;
#999 = AXIS2_PLACEMENT_3D ( 'NONE', #1427, #1440, #2211 ) ;
#1000 = LINE ( 'NONE', #986, #1191 ) ;
#1001 = CYLINDRICAL_SURFACE ( 'NONE', #1037, 1.599999999999990319 ) ;
#1002 = VECTOR ( 'NONE', #57, 1000.000000000000000 ) ;
#1003 = LINE ( 'NONE', #96, #891 ) ;
#1004 = ORIENTED_EDGE ( 'NONE', *, *, #1137, .F. ) ;
#1005 = CARTESIAN_POINT ( 'NONE',  ( 159.6950703118059494, -180.0000000000000000, 0.000000000000000000 ) ) ;
#1006 = DIRECTION ( 'NONE',  ( 0.000000000000000000, 0.000000000000000000, -1.000000000000000000 ) ) ;
#1007 = AXIS2_PLACEMENT_3D ( 'NONE', #210, #385, #764 ) ;
#1008 = VERTEX_POINT ( 'NONE', #74 ) ;
#1009 = EDGE_CURVE ( 'NONE', #2423, #697, #1413, .T. ) ;
#1010 = PLANE ( 'NONE',  #235 ) ;
#1011 = CARTESIAN_POINT ( 'NONE',  ( 159.6950703118059494, -151.9999999999999716, -20.00000000000000355 ) ) ;
#1012 = ORIENTED_EDGE ( 'NONE', *, *, #2232, .F. ) ;
#1013 = EDGE_CURVE ( 'NONE', #1514, #2155, #446, .T. ) ;
#1014 = DIRECTION ( 'NONE',  ( 1.000000000000000000, 0.000000000000000000, 0.000000000000000000 ) ) ;
#1015 = ORIENTED_EDGE ( 'NONE', *, *, #906, .T. ) ;
#1016 = FACE_OUTER_BOUND ( 'NONE', #1322, .T. ) ;
#1017 = PLANE ( 'NONE',  #1622 ) ;
#1018 = VERTEX_POINT ( 'NONE', #1367 ) ;
#1019 = FACE_OUTER_BOUND ( 'NONE', #118, .T. ) ;
#1020 = CARTESIAN_POINT ( 'NONE',  ( 54.58656364083866208, -89.89149332903397749, -1.087692360992074925E-15 ) ) ;
#1021 = DIRECTION ( 'NONE',  ( 1.000000000000000000, 0.000000000000000000, 0.000000000000000000 ) ) ;
#1022 = ORIENTED_EDGE ( 'NONE', *, *, #1421, .T. ) ;
#1023 = EDGE_CURVE ( 'NONE', #770, #2167, #433, .T. ) ;
#1024 = CARTESIAN_POINT ( 'NONE',  ( 0.000000000000000000, -25.30492968819588029, 15.00000000000000000 ) ) ;
#1025 = ADVANCED_FACE ( 'NONE', ( #2199 ), #1450, .F. ) ;
#1026 = ORIENTED_EDGE ( 'NONE', *, *, #1962, .F. ) ;
#1027 = DIRECTION ( 'NONE',  ( 1.000000000000000000, 0.000000000000000000, 0.000000000000000000 ) ) ;
#1028 = CYLINDRICAL_SURFACE ( 'NONE', #1660, 1.599999999999990319 ) ;
#1029 = ORIENTED_EDGE ( 'NONE', *, *, #1145, .F. ) ;
#1030 = FACE_OUTER_BOUND ( 'NONE', #499, .T. ) ;
#1031 = ORIENTED_EDGE ( 'NONE', *, *, #2332, .F. ) ;
#1032 = VECTOR ( 'NONE', #1709, 1000.000000000000000 ) ;
#1033 = FACE_OUTER_BOUND ( 'NONE', #792, .T. ) ;
#1034 = VECTOR ( 'NONE', #2378, 1000.000000000000114 ) ;
#1035 = CARTESIAN_POINT ( 'NONE',  ( 0.000000000000000000, -50.30492968819588384, -20.00000000000000355 ) ) ;
#1036 = EDGE_CURVE ( 'NONE', #820, #701, #100, .T. ) ;
#1037 = AXIS2_PLACEMENT_3D ( 'NONE', #429, #1196, #1014 ) ;
#1038 = EDGE_LOOP ( 'NONE', ( #1144, #2225, #676, #2058, #1072, #2196, #869, #1973, #590 ) ) ;
#1039 = CARTESIAN_POINT ( 'NONE',  ( 159.6950703118059494, -180.0000000000000000, 15.00000000000000000 ) ) ;
#1040 = EDGE_CURVE ( 'NONE', #2037, #2307, #1819, .T. ) ;
#1041 = AXIS2_PLACEMENT_3D ( 'NONE', #218, #1490, #563 ) ;
#1042 = CARTESIAN_POINT ( 'NONE',  ( 102.2686634406130963, -180.0000000000000000, 15.00000000000000000 ) ) ;
#1043 = ORIENTED_EDGE ( 'NONE', *, *, #479, .T. ) ;
#1044 = CARTESIAN_POINT ( 'NONE',  ( 35.02341901683161751, -82.10652329807768979, 0.000000000000000000 ) ) ;
#1045 = AXIS2_PLACEMENT_3D ( 'NONE', #2123, #1937, #250 ) ;
#1046 = LINE ( 'NONE', #837, #1202 ) ;
#1047 = ORIENTED_EDGE ( 'NONE', *, *, #2103, .F. ) ;
#1048 = DIRECTION ( 'NONE',  ( 0.000000000000000000, -1.000000000000000000, 0.000000000000000000 ) ) ;
#1049 = EDGE_LOOP ( 'NONE', ( #2049, #110 ) ) ;
#1050 = DIRECTION ( 'NONE',  ( 0.7071067811865477948, 0.7071067811865473507, 0.000000000000000000 ) ) ;
#1051 = LINE ( 'NONE', #306, #1381 ) ;
#1052 = EDGE_LOOP ( 'NONE', ( #1218, #2380, #42, #1445 ) ) ;
#1053 =( LENGTH_UNIT ( ) NAMED_UNIT ( * ) SI_UNIT ( .MILLI., .METRE. ) );
#1054 = CARTESIAN_POINT ( 'NONE',  ( 141.6950703118059494, -169.9999999999999716, 15.00000000000000000 ) ) ;
#1055 = ADVANCED_FACE ( 'NONE', ( #1982, #918 ), #2381, .T. ) ;
#1056 = ORIENTED_EDGE ( 'NONE', *, *, #1309, .T. ) ;
#1057 = DIRECTION ( 'NONE',  ( 0.000000000000000000, 0.000000000000000000, -1.000000000000000000 ) ) ;
#1058 = CARTESIAN_POINT ( 'NONE',  ( 146.2950703118059437, -169.9999999999999716, 11.99999999999999645 ) ) ;
#1059 = VERTEX_POINT ( 'NONE', #321 ) ;
#1060 = LINE ( 'NONE', #892, #1419 ) ;
#1061 = ORIENTED_EDGE ( 'NONE', *, *, #1364, .F. ) ;
#1062 = CARTESIAN_POINT ( 'NONE',  ( 122.6950703118059636, -169.9999999999999716, 15.00000000000000000 ) ) ;
#1063 = FACE_BOUND ( 'NONE', #1324, .T. ) ;
#1064 = LINE ( 'NONE', #498, #1304 ) ;
#1065 = ORIENTED_EDGE ( 'NONE', *, *, #2369, .F. ) ;
#1066 = DIRECTION ( 'NONE',  ( 1.000000000000000000, 0.000000000000000000, 0.000000000000000000 ) ) ;
#1067 = CARTESIAN_POINT ( 'NONE',  ( 45.00000000000023448, -122.7313365593880548, 3.699999999998589750 ) ) ;
#1068 = ORIENTED_EDGE ( 'NONE', *, *, #401, .T. ) ;
#1069 = PLANE ( 'NONE',  #1689 ) ;
#1070 = ADVANCED_FACE ( 'NONE', ( #1621 ), #1633, .T. ) ;
#1071 = CARTESIAN_POINT ( 'NONE',  ( 9.999999999999998224, -10.30492968819588206, -20.00000000000000355 ) ) ;
#1072 = ORIENTED_EDGE ( 'NONE', *, *, #1260, .T. ) ;
#1073 = EDGE_CURVE ( 'NONE', #1523, #1813, #1282, .T. ) ;
#1074 = DIRECTION ( 'NONE',  ( 1.000000000000000000, 0.000000000000000000, 0.000000000000000000 ) ) ;
#1075 = EDGE_LOOP ( 'NONE', ( #861, #970, #58, #681 ) ) ;
#1076 = DIRECTION ( 'NONE',  ( 1.000000000000000000, 0.000000000000000000, 0.000000000000000000 ) ) ;
#1077 = AXIS2_PLACEMENT_3D ( 'NONE', #212, #604, #974 ) ;
#1078 = DIRECTION ( 'NONE',  ( -0.7071067811865532349, 0.7071067811865417996, -0.000000000000000000 ) ) ;
#1079 = VECTOR ( 'NONE', #2226, 1000.000000000000000 ) ;
#1080 = ORIENTED_EDGE ( 'NONE', *, *, #1484, .T. ) ;
#1081 = AXIS2_PLACEMENT_3D ( 'NONE', #1377, #2118, #1780 ) ;
#1082 = DIRECTION ( 'NONE',  ( 0.000000000000000000, 0.000000000000000000, -1.000000000000000000 ) ) ;
#1083 = ORIENTED_EDGE ( 'NONE', *, *, #950, .F. ) ;
#1084 = DIRECTION ( 'NONE',  ( 0.000000000000000000, -0.000000000000000000, 1.000000000000000000 ) ) ;
#1085 = VECTOR ( 'NONE', #1513, 1000.000000000000000 ) ;
#1086 = CARTESIAN_POINT ( 'NONE',  ( -32.97658098316866671, -32.97658098316890118, 0.000000000000000000 ) ) ;
#1087 = VERTEX_POINT ( 'NONE', #1644 ) ;
#1088 = PLANE ( 'NONE',  #1339 ) ;
#1089 = EDGE_CURVE ( 'NONE', #1255, #857, #137, .T. ) ;
#1090 = AXIS2_PLACEMENT_3D ( 'NONE', #1024, #1350, #2294 ) ;
#1091 = CARTESIAN_POINT ( 'NONE',  ( 9.999999999999998224, -10.30492968819588206, 0.000000000000000000 ) ) ;
#1092 = EDGE_CURVE ( 'NONE', #1989, #320, #512, .T. ) ;
#1093 = VERTEX_POINT ( 'NONE', #1477 ) ;
#1094 = CARTESIAN_POINT ( 'NONE',  ( 87.89347670192228179, -130.9765809831683328, 15.00000000000000000 ) ) ;
#1095 = CARTESIAN_POINT ( 'NONE',  ( 90.72190382666852315, -133.8050081079145741, 0.000000000000000000 ) ) ;
#1096 = ORIENTED_EDGE ( 'NONE', *, *, #632, .T. ) ;
#1097 = CARTESIAN_POINT ( 'NONE',  ( 11.80820444183482998, -143.3049296881958696, -16.69537074690824596 ) ) ;
#1098 = CARTESIAN_POINT ( 'NONE',  ( 44.52341901683162462, -91.60652329807768979, 0.000000000000000000 ) ) ;
#1099 = ORIENTED_EDGE ( 'NONE', *, *, #831, .F. ) ;
#1100 = DIRECTION ( 'NONE',  ( -0.000000000000000000, 0.000000000000000000, 1.000000000000000000 ) ) ;
#1101 = ADVANCED_FACE ( 'NONE', ( #2391 ), #718, .T. ) ;
#1102 = CARTESIAN_POINT ( 'NONE',  ( 14.14642072161498376, -87.60652329807768979, -15.04161077479241193 ) ) ;
#1103 = MANIFOLD_SOLID_BREP ( '\X2\52079664\X0\-\X2\62c94f38\X0\5', #1687 ) ;
#1104 = EDGE_LOOP ( 'NONE', ( #1245, #2140, #1118, #781 ) ) ;
#1105 = FILL_AREA_STYLE_COLOUR ( '', #1731 ) ;
#1106 = EDGE_CURVE ( 'NONE', #207, #1264, #882, .T. ) ;
#1107 = DIRECTION ( 'NONE',  ( -1.000000000000000000, 0.000000000000000000, -0.000000000000000000 ) ) ;
#1108 = ORIENTED_EDGE ( 'NONE', *, *, #277, .F. ) ;
#1109 = LINE ( 'NONE', #1273, #441 ) ;
#1110 = CARTESIAN_POINT ( 'NONE',  ( 121.2950703118059579, -169.9999999999999716, 11.99999999999999645 ) ) ;
#1111 = EDGE_LOOP ( 'NONE', ( #302, #1262, #1330, #1800, #2358, #838 ) ) ;
#1112 = VERTEX_POINT ( 'NONE', #345 ) ;
#1113 =( NAMED_UNIT ( * ) SI_UNIT ( $, .STERADIAN. ) SOLID_ANGLE_UNIT ( ) );
#1114 = VERTEX_POINT ( 'NONE', #898 ) ;
#1115 = EDGE_CURVE ( 'NONE', #1892, #2374, #13, .T. ) ;
#1116 = FACE_OUTER_BOUND ( 'NONE', #1375, .T. ) ;
#1117 = DIRECTION ( 'NONE',  ( 1.000000000000000000, 0.000000000000000000, 0.000000000000000000 ) ) ;
#1118 = ORIENTED_EDGE ( 'NONE', *, *, #46, .T. ) ;
#1119 = EDGE_CURVE ( 'NONE', #2044, #588, #2085, .T. ) ;
#1120 = CARTESIAN_POINT ( 'NONE',  ( 45.00000000000023448, -122.7313365593880548, 3.699999999998589750 ) ) ;
#1121 = AXIS2_PLACEMENT_3D ( 'NONE', #2340, #1963, #521 ) ;
#1122 = CARTESIAN_POINT ( 'NONE',  ( 0.000000000000000000, -50.30492968819588384, 15.00000000000000000 ) ) ;
#1123 = ORIENTED_EDGE ( 'NONE', *, *, #247, .T. ) ;
#1124 = VECTOR ( 'NONE', #2346, 1000.000000000000000 ) ;
#1125 = PLANE ( 'NONE',  #52 ) ;
#1126 = ORIENTED_EDGE ( 'NONE', *, *, #2365, .T. ) ;
#1127 = VECTOR ( 'NONE', #640, 1000.000000000000000 ) ;
#1128 = ORIENTED_EDGE ( 'NONE', *, *, #517, .T. ) ;
#1129 = LINE ( 'NONE', #1164, #1529 ) ;
#1130 = EDGE_CURVE ( 'NONE', #2021, #2406, #1508, .T. ) ;
#1131 = LINE ( 'NONE', #37, #333 ) ;
#1132 = EDGE_LOOP ( 'NONE', ( #2210, #1156 ) ) ;
#1133 = DIRECTION ( 'NONE',  ( -0.000000000000000000, -0.000000000000000000, -1.000000000000000000 ) ) ;
#1134 = EDGE_CURVE ( 'NONE', #2155, #435, #1129, .T. ) ;
#1135 = CARTESIAN_POINT ( 'NONE',  ( 159.6950703118059494, -159.9999999999999716, -20.00000000000000355 ) ) ;
#1136 = VERTEX_POINT ( 'NONE', #1149 ) ;
#1137 = EDGE_CURVE ( 'NONE', #647, #1008, #1869, .T. ) ;
#1138 = CARTESIAN_POINT ( 'NONE',  ( 37.08905320586595167, -107.0422151722026598, 1.185120509871358196 ) ) ;
#1139 = EDGE_LOOP ( 'NONE', ( #353, #989, #938, #1056, #2080, #544, #1151, #759, #558, #1281, #2383, #978, #2266, #1938, #1488, #1493, #79, #553 ) ) ;
#1140 = CYLINDRICAL_SURFACE ( 'NONE', #1384, 3.000000000000004885 ) ;
#1141 = CARTESIAN_POINT ( 'NONE',  ( 10.00000000000000355, -53.30492968819405775, -20.00000000000000355 ) ) ;
#1142 = EDGE_LOOP ( 'NONE', ( #2213, #1065, #136, #1239, #663, #2355 ) ) ;
#1143 = DIRECTION ( 'NONE',  ( 0.000000000000000000, 0.000000000000000000, 1.000000000000000000 ) ) ;
#1144 = ORIENTED_EDGE ( 'NONE', *, *, #1811, .T. ) ;
#1145 = EDGE_CURVE ( 'NONE', #630, #1786, #477, .T. ) ;
#1146 = FACE_OUTER_BOUND ( 'NONE', #929, .T. ) ;
#1147 = ORIENTED_EDGE ( 'NONE', *, *, #1119, .F. ) ;
#1148 = ADVANCED_FACE ( 'NONE', ( #933 ), #1140, .F. ) ;
#1149 = CARTESIAN_POINT ( 'NONE',  ( 35.02341901683161751, -82.10652329807768979, 0.000000000000000000 ) ) ;
#1150 = CARTESIAN_POINT ( 'NONE',  ( 52.91094679413453150, -95.99405107538058246, 1.185120509871351313 ) ) ;
#1151 = ORIENTED_EDGE ( 'NONE', *, *, #712, .T. ) ;
#1152 = CARTESIAN_POINT ( 'NONE',  ( 114.7635343870129248, -157.8466386682589757, 15.00000000000000000 ) ) ;
#1153 = VECTOR ( 'NONE', #1791, 1000.000000000000000 ) ;
#1154 = CARTESIAN_POINT ( 'NONE',  ( 54.62994231490911545, -54.62994231490987573, 0.000000000000000000 ) ) ;
#1155 = AXIS2_PLACEMENT_3D ( 'NONE', #1532, #2248, #585 ) ;
#1156 = ORIENTED_EDGE ( 'NONE', *, *, #1997, .F. ) ;
#1157 = VECTOR ( 'NONE', #1489, 1000.000000000000114 ) ;
#1158 = LINE ( 'NONE', #209, #192 ) ;
#1159 = DIRECTION ( 'NONE',  ( -1.000000000000000000, -0.000000000000000000, -0.000000000000000000 ) ) ;
#1160 = VERTEX_POINT ( 'NONE', #2243 ) ;
#1161 = VECTOR ( 'NONE', #637, 1000.000000000000000 ) ;
#1162 = AXIS2_PLACEMENT_3D ( 'NONE', #1558, #2280, #607 ) ;
#1163 = DIRECTION ( 'NONE',  ( -0.000000000000000000, 1.000000000000000000, -0.000000000000000000 ) ) ;
#1164 = CARTESIAN_POINT ( 'NONE',  ( 74.89347670192231021, -117.9765809831683612, 15.00000000000000000 ) ) ;
#1165 = CARTESIAN_POINT ( 'NONE',  ( 17.99999999999830180, -53.30492968819405775, 0.000000000000000000 ) ) ;
#1166 = ORIENTED_EDGE ( 'NONE', *, *, #1857, .F. ) ;
#1167 = DIRECTION ( 'NONE',  ( 1.000000000000000000, 0.000000000000000000, 0.000000000000000000 ) ) ;
#1168 = LINE ( 'NONE', #1695, #44 ) ;
#1169 = ORIENTED_EDGE ( 'NONE', *, *, #773, .T. ) ;
#1170 = DIRECTION ( 'NONE',  ( 0.000000000000000000, 0.000000000000000000, 1.000000000000000000 ) ) ;
#1171 = LINE ( 'NONE', #1911, #2178 ) ;
#1172 = ORIENTED_EDGE ( 'NONE', *, *, #893, .F. ) ;
#1173 = CARTESIAN_POINT ( 'NONE',  ( 39.02341901683162462, -82.10652329807768979, -20.00000000000000355 ) ) ;
#1174 = EDGE_CURVE ( 'NONE', #1519, #2350, #1889, .T. ) ;
#1175 = CARTESIAN_POINT ( 'NONE',  ( -32.97658098316839670, -32.97658098316862407, 0.000000000000000000 ) ) ;
#1176 = ORIENTED_EDGE ( 'NONE', *, *, #2244, .T. ) ;
#1177 = DIRECTION ( 'NONE',  ( -0.000000000000000000, 1.000000000000000000, -0.000000000000000000 ) ) ;
#1178 = CARTESIAN_POINT ( 'NONE',  ( 41.69499189208547563, -111.6481538584221767, 15.00000000000000000 ) ) ;
#1179 = VERTEX_POINT ( 'NONE', #1325 ) ;
#1180 = LINE ( 'NONE', #826, #967 ) ;
#1181 = VERTEX_POINT ( 'NONE', #2066 ) ;
#1182 = CARTESIAN_POINT ( 'NONE',  ( 112.7635343870129248, -155.8466386682589757, 15.00000000000000000 ) ) ;
#1183 = DIRECTION ( 'NONE',  ( -0.7071067811865474617, 0.7071067811865475727, 0.000000000000000000 ) ) ;
#1184 = DIRECTION ( 'NONE',  ( 1.000000000000000000, 0.000000000000000000, 0.000000000000000000 ) ) ;
#1185 = EDGE_CURVE ( 'NONE', #914, #2299, #1317, .T. ) ;
#1186 = ORIENTED_EDGE ( 'NONE', *, *, #1831, .F. ) ;
#1187 = CARTESIAN_POINT ( 'NONE',  ( 12.15336133174097988, -78.10652329807768979, 0.000000000000000000 ) ) ;
#1188 = EDGE_CURVE ( 'NONE', #1295, #518, #378, .T. ) ;
#1189 = ORIENTED_EDGE ( 'NONE', *, *, #1130, .F. ) ;
#1190 = FACE_OUTER_BOUND ( 'NONE', #2414, .T. ) ;
#1191 = VECTOR ( 'NONE', #2277, 1000.000000000000000 ) ;
#1192 = DIRECTION ( 'NONE',  ( -0.000000000000000000, -0.000000000000000000, 1.000000000000000000 ) ) ;
#1193 = CARTESIAN_POINT ( 'NONE',  ( 0.000000000000000000, -50.30492968819588384, 12.00000000000000000 ) ) ;
#1194 = ORIENTED_EDGE ( 'NONE', *, *, #2369, .T. ) ;
#1195 = VECTOR ( 'NONE', #536, 1000.000000000000000 ) ;
#1196 = DIRECTION ( 'NONE',  ( -0.000000000000000000, -0.000000000000000000, 1.000000000000000000 ) ) ;
#1197 = VECTOR ( 'NONE', #1795, 1000.000000000000000 ) ;
#1198 = FACE_OUTER_BOUND ( 'NONE', #1826, .T. ) ;
#1199 = ORIENTED_EDGE ( 'NONE', *, *, #678, .T. ) ;
#1200 = PLANE ( 'NONE',  #1310 ) ;
#1201 = DIRECTION ( 'NONE',  ( 1.000000000000000000, 0.000000000000000000, 0.000000000000000000 ) ) ;
#1202 = VECTOR ( 'NONE', #1575, 999.9999999999998863 ) ;
#1203 = ORIENTED_EDGE ( 'NONE', *, *, #1376, .F. ) ;
#1204 = ADVANCED_FACE ( 'NONE', ( #2041 ), #2223, .F. ) ;
#1205 = DIRECTION ( 'NONE',  ( -0.000000000000000000, 1.000000000000000000, -0.000000000000000000 ) ) ;
#1206 = VERTEX_POINT ( 'NONE', #199 ) ;
#1207 = LINE ( 'NONE', #1953, #1577 ) ;
#1208 = ORIENTED_EDGE ( 'NONE', *, *, #1979, .F. ) ;
#1209 = LINE ( 'NONE', #846, #1618 ) ;
#1210 = LINE ( 'NONE', #662, #1002 ) ;
#1211 = VERTEX_POINT ( 'NONE', #368 ) ;
#1212 = CYLINDRICAL_SURFACE ( 'NONE', #1391, 1.600000000000004086 ) ;
#1213 = ORIENTED_EDGE ( 'NONE', *, *, #597, .T. ) ;
#1214 = EDGE_CURVE ( 'NONE', #1387, #1112, #549, .T. ) ;
#1215 = PLANE ( 'NONE',  #72 ) ;
#1216 = EDGE_CURVE ( 'NONE', #2296, #207, #388, .T. ) ;
#1217 = LINE ( 'NONE', #1447, #1034 ) ;
#1218 = ORIENTED_EDGE ( 'NONE', *, *, #1598, .F. ) ;
#1219 = PLANE ( 'NONE',  #326 ) ;
#1220 = CARTESIAN_POINT ( 'NONE',  ( 90.72190382666852315, -133.8050081079145741, 15.00000000000000000 ) ) ;
#1221 = EDGE_LOOP ( 'NONE', ( #259, #129, #2274, #799, #18 ) ) ;
#1222 = CARTESIAN_POINT ( 'NONE',  ( 37.08905320586595167, -72.39398289406140918, 1.185120509871358196 ) ) ;
#1223 = CARTESIAN_POINT ( 'NONE',  ( 14.67744708052416414, -49.98237676871997337, 28.22668718060555904 ) ) ;
#1224 = EDGE_LOOP ( 'NONE', ( #1943, #1166, #15, #1806 ) ) ;
#1225 = VECTOR ( 'NONE', #907, 1000.000000000000114 ) ;
#1226 = CARTESIAN_POINT ( 'NONE',  ( 82.39347670192228179, -152.3466386682589473, 15.00000000000000000 ) ) ;
#1227 = VECTOR ( 'NONE', #2038, 1000.000000000000000 ) ;
#1228 = CARTESIAN_POINT ( 'NONE',  ( 59.52341901683162462, -125.4765809831683328, 0.000000000000000000 ) ) ;
#1229 = EDGE_CURVE ( 'NONE', #1759, #1059, #790, .T. ) ;
#1230 = LINE ( 'NONE', #1102, #1930 ) ;
#1231 = ORIENTED_EDGE ( 'NONE', *, *, #2427, .F. ) ;
#1232 = VECTOR ( 'NONE', #2357, 1000.000000000000000 ) ;
#1233 = ADVANCED_FACE ( 'NONE', ( #1116 ), #1701, .F. ) ;
#1234 = DIRECTION ( 'NONE',  ( 0.000000000000000000, 1.000000000000000000, 0.000000000000000000 ) ) ;
#1235 = ORIENTED_EDGE ( 'NONE', *, *, #1040, .F. ) ;
#1236 = VECTOR ( 'NONE', #1711, 1000.000000000000000 ) ;
#1237 = CARTESIAN_POINT ( 'NONE',  ( 124.6950703118059351, -159.9999999999999716, 0.000000000000000000 ) ) ;
#1238 = DIRECTION ( 'NONE',  ( -0.000000000000000000, -0.000000000000000000, 1.000000000000000000 ) ) ;
#1239 = ORIENTED_EDGE ( 'NONE', *, *, #2156, .T. ) ;
#1240 = CARTESIAN_POINT ( 'NONE',  ( -1.600000000000001199, -25.30492968819588029, -20.00000000000000355 ) ) ;
#1241 = VERTEX_POINT ( 'NONE', #778 ) ;
#1242 = FACE_OUTER_BOUND ( 'NONE', #1142, .T. ) ;
#1243 = LINE ( 'NONE', #2148, #762 ) ;
#1244 = DIRECTION ( 'NONE',  ( -1.000000000000000000, -0.000000000000000000, -0.000000000000000000 ) ) ;
#1245 = ORIENTED_EDGE ( 'NONE', *, *, #1494, .F. ) ;
#1246 = ADVANCED_FACE ( 'NONE', ( #2418 ), #2267, .F. ) ;
#1247 = LINE ( 'NONE', #2020, #606 ) ;
#1248 = ORIENTED_EDGE ( 'NONE', *, *, #1634, .F. ) ;
#1249 = PLANE ( 'NONE',  #325 ) ;
#1250 = DIRECTION ( 'NONE',  ( -0.000000000000000000, -0.000000000000000000, 1.000000000000000000 ) ) ;
#1251 = ORIENTED_EDGE ( 'NONE', *, *, #754, .F. ) ;
#1252 = CARTESIAN_POINT ( 'NONE',  ( 116.6950703118059209, -151.9999999999999716, -20.00000000000000355 ) ) ;
#1253 = CARTESIAN_POINT ( 'NONE',  ( 44.52341901683162462, -111.6481538584221624, 15.00000000000000000 ) ) ;
#1254 = DIRECTION ( 'NONE',  ( 0.000000000000000000, 0.000000000000000000, -1.000000000000000000 ) ) ;
#1255 = VERTEX_POINT ( 'NONE', #757 ) ;
#1256 = CARTESIAN_POINT ( 'NONE',  ( 12.15336133174097988, -55.23646561298703972, 15.00000000000000000 ) ) ;
#1257 = EDGE_CURVE ( 'NONE', #1264, #420, #1941, .T. ) ;
#1258 = CARTESIAN_POINT ( 'NONE',  ( 42.14348077586221564, -119.8748173352500856, 3.699999999998589750 ) ) ;
#1259 = VERTEX_POINT ( 'NONE', #442 ) ;
#1260 = EDGE_CURVE ( 'NONE', #2350, #795, #1207, .T. ) ;
#1261 = LINE ( 'NONE', #713, #1781 ) ;
#1262 = ORIENTED_EDGE ( 'NONE', *, *, #201, .T. ) ;
#1263 = ADVANCED_FACE ( 'NONE', ( #417 ), #605, .F. ) ;
#1264 = VERTEX_POINT ( 'NONE', #1722 ) ;
#1265 = CARTESIAN_POINT ( 'NONE',  ( 14.98178845648715907, -58.06489273773322424, 0.000000000000000000 ) ) ;
#1266 = VECTOR ( 'NONE', #2002, 1000.000000000000000 ) ;
#1267 = AXIS2_PLACEMENT_3D ( 'NONE', #1338, #1520, #1307 ) ;
#1268 = ORIENTED_EDGE ( 'NONE', *, *, #448, .F. ) ;
#1269 = CARTESIAN_POINT ( 'NONE',  ( 60.97378134888976575, -119.9765809831683328, -4.517514085462291717 ) ) ;
#1270 = AXIS2_PLACEMENT_3D ( 'NONE', #747, #1486, #1679 ) ;
#1271 = CARTESIAN_POINT ( 'NONE',  ( 39.42120734898653467, -117.1525439083744544, 2.834592889329576870 ) ) ;
#1272 = ORIENTED_EDGE ( 'NONE', *, *, #723, .T. ) ;
#1273 = CARTESIAN_POINT ( 'NONE',  ( 44.52341901683162462, -111.6481538584221767, 15.00000000000000000 ) ) ;
#1274 = AXIS2_PLACEMENT_3D ( 'NONE', #573, #1657, #2405 ) ;
#1275 = AXIS2_PLACEMENT_3D ( 'NONE', #1294, #1107, #1670 ) ;
#1276 = PLANE ( 'NONE',  #2099 ) ;
#1277 = ORIENTED_EDGE ( 'NONE', *, *, #2039, .T. ) ;
#1278 = VECTOR ( 'NONE', #621, 1000.000000000000000 ) ;
#1279 = CYLINDRICAL_SURFACE ( 'NONE', #1461, 2.999999999999999112 ) ;
#1280 = DIRECTION ( 'NONE',  ( -0.000000000000000000, -0.000000000000000000, 1.000000000000000000 ) ) ;
#1281 = ORIENTED_EDGE ( 'NONE', *, *, #939, .T. ) ;
#1282 = LINE ( 'NONE', #335, #530 ) ;
#1283 = FACE_OUTER_BOUND ( 'NONE', #844, .T. ) ;
#1284 = VERTEX_POINT ( 'NONE', #818 ) ;
#1285 = DIRECTION ( 'NONE',  ( -0.000000000000000000, 0.000000000000000000, 1.000000000000000000 ) ) ;
#1286 = DIRECTION ( 'NONE',  ( 1.000000000000000000, -2.453269466693407298E-15, -0.000000000000000000 ) ) ;
#1287 = VERTEX_POINT ( 'NONE', #2278 ) ;
#1288 = ADVANCED_FACE ( 'NONE', ( #645 ), #1001, .F. ) ;
#1289 = VERTEX_POINT ( 'NONE', #35 ) ;
#1290 = LINE ( 'NONE', #2416, #1227 ) ;
#1291 = EDGE_CURVE ( 'NONE', #171, #701, #830, .T. ) ;
#1292 = ORIENTED_EDGE ( 'NONE', *, *, #517, .F. ) ;
#1293 = CARTESIAN_POINT ( 'NONE',  ( 118.0950703118059550, -169.9999999999999716, -20.00000000000000355 ) ) ;
#1294 = CARTESIAN_POINT ( 'NONE',  ( 87.89347670192228179, -130.9765809831683328, -20.00000000000000355 ) ) ;
#1295 = VERTEX_POINT ( 'NONE', #255 ) ;
#1296 = DIRECTION ( 'NONE',  ( 0.000000000000000000, 0.000000000000000000, -1.000000000000000000 ) ) ;
#1297 = ORIENTED_EDGE ( 'NONE', *, *, #2275, .F. ) ;
#1298 = DIRECTION ( 'NONE',  ( 0.000000000000000000, 0.000000000000000000, 1.000000000000000000 ) ) ;
#1299 = EDGE_LOOP ( 'NONE', ( #1906, #1954, #1642, #1821 ) ) ;
#1300 = CARTESIAN_POINT ( 'NONE',  ( 141.6950703118059494, -169.9999999999999716, 12.00000000000000000 ) ) ;
#1301 = ORIENTED_EDGE ( 'NONE', *, *, #1779, .T. ) ;
#1302 = CARTESIAN_POINT ( 'NONE',  ( 0.000000000000000000, -50.30492968819588384, 12.00000000000000000 ) ) ;
#1303 = EDGE_CURVE ( 'NONE', #207, #1895, #1566, .T. ) ;
#1304 = VECTOR ( 'NONE', #307, 1000.000000000000000 ) ;
#1305 = DIRECTION ( 'NONE',  ( -0.000000000000000000, 1.000000000000000000, -0.000000000000000000 ) ) ;
#1306 = ORIENTED_EDGE ( 'NONE', *, *, #1036, .T. ) ;
#1307 = DIRECTION ( 'NONE',  ( 1.000000000000000000, 0.000000000000000000, 0.000000000000000000 ) ) ;
#1308 = AXIS2_PLACEMENT_3D ( 'NONE', #1617, #1629, #332 ) ;
#1309 = EDGE_CURVE ( 'NONE', #1114, #1160, #267, .T. ) ;
#1310 = AXIS2_PLACEMENT_3D ( 'NONE', #821, #1765, #648 ) ;
#1311 = DIRECTION ( 'NONE',  ( -0.000000000000000000, 1.000000000000000000, -0.000000000000000000 ) ) ;
#1312 = ORIENTED_EDGE ( 'NONE', *, *, #664, .F. ) ;
#1313 = CIRCLE ( 'NONE', #2209, 3.000000000000004885 ) ;
#1314 = CARTESIAN_POINT ( 'NONE',  ( 116.6950703118059209, 0.000000000000000000, 0.000000000000000000 ) ) ;
#1315 = EDGE_LOOP ( 'NONE', ( #2124, #481 ) ) ;
#1316 = AXIS2_PLACEMENT_3D ( 'NONE', #82, #59, #1948 ) ;
#1317 = LINE ( 'NONE', #2076, #1893 ) ;
#1318 = FACE_BOUND ( 'NONE', #423, .T. ) ;
#1319 = EDGE_CURVE ( 'NONE', #1548, #1114, #1556, .T. ) ;
#1320 = VERTEX_POINT ( 'NONE', #457 ) ;
#1321 = CARTESIAN_POINT ( 'NONE',  ( -10.00000000000000178, -67.73133655938873687, 0.000000000000000000 ) ) ;
#1322 = EDGE_LOOP ( 'NONE', ( #263, #1292, #1846, #1510 ) ) ;
#1323 = LINE ( 'NONE', #960, #2290 ) ;
#1324 = EDGE_LOOP ( 'NONE', ( #503, #908 ) ) ;
#1325 = CARTESIAN_POINT ( 'NONE',  ( 37.08905320586595167, -87.60652329807768979, 1.185120509871358196 ) ) ;
#1326 = CARTESIAN_POINT ( 'NONE',  ( 18.20126396972769456, -143.3049296881958696, 25.73438252477685495 ) ) ;
#1327 = VERTEX_POINT ( 'NONE', #1386 ) ;
#1328 = EDGE_CURVE ( 'NONE', #1848, #1396, #1751, .T. ) ;
#1329 = CARTESIAN_POINT ( 'NONE',  ( 119.6950703118059636, -169.9999999999999716, 15.00000000000000000 ) ) ;
#1330 = ORIENTED_EDGE ( 'NONE', *, *, #1831, .T. ) ;
#1331 = ADVANCED_FACE ( 'NONE', ( #54 ), #2125, .F. ) ;
#1332 = LINE ( 'NONE', #2287, #456 ) ;
#1333 = VERTEX_POINT ( 'NONE', #2102 ) ;
#1334 = CARTESIAN_POINT ( 'NONE',  ( 144.6950703118059494, -169.9999999999999716, 12.00000000000000000 ) ) ;
#1335 = APPLICATION_CONTEXT ( 'automotive_design' ) ;
#1336 = CARTESIAN_POINT ( 'NONE',  ( -10.00000000000000178, -10.30492968819588206, 15.00000000000000000 ) ) ;
#1337 = ORIENTED_EDGE ( 'NONE', *, *, #1040, .T. ) ;
#1338 = CARTESIAN_POINT ( 'NONE',  ( 0.000000000000000000, -25.30492968819588029, 15.00000000000000000 ) ) ;
#1339 = AXIS2_PLACEMENT_3D ( 'NONE', #1827, #1578, #2326 ) ;
#1340 = FACE_OUTER_BOUND ( 'NONE', #1224, .T. ) ;
#1341 = CIRCLE ( 'NONE', #361, 2.999999999999999112 ) ;
#1342 = ORIENTED_EDGE ( 'NONE', *, *, #1918, .F. ) ;
#1343 = AXIS2_PLACEMENT_3D ( 'NONE', #1463, #2031, #298 ) ;
#1344 = DIRECTION ( 'NONE',  ( 1.000000000000000000, 0.000000000000000000, 0.000000000000000000 ) ) ;
#1345 = CARTESIAN_POINT ( 'NONE',  ( 0.000000000000000000, -50.30492968819588384, 12.00000000000000000 ) ) ;
#1346 = ORIENTED_EDGE ( 'NONE', *, *, #2221, .F. ) ;
#1347 = EDGE_CURVE ( 'NONE', #736, #1392, #1864, .T. ) ;
#1348 = AXIS2_PLACEMENT_3D ( 'NONE', #1908, #1143, #1663 ) ;
#1349 = AXIS2_PLACEMENT_3D ( 'NONE', #1614, #2126, #2087 ) ;
#1350 = DIRECTION ( 'NONE',  ( 0.000000000000000000, 0.000000000000000000, 1.000000000000000000 ) ) ;
#1351 = VECTOR ( 'NONE', #505, 1000.000000000000114 ) ;
#1352 = CARTESIAN_POINT ( 'NONE',  ( 0.000000000000000000, -25.30492968819588029, -20.00000000000000355 ) ) ;
#1353 = VERTEX_POINT ( 'NONE', #842 ) ;
#1354 = CARTESIAN_POINT ( 'NONE',  ( 44.52341901683162462, -114.4765809831683328, 15.00000000000000000 ) ) ;
#1355 = CARTESIAN_POINT ( 'NONE',  ( 40.52341901683159620, -87.60652329807768979, 2.947981414147012202 ) ) ;
#1356 = ORIENTED_EDGE ( 'NONE', *, *, #448, .T. ) ;
#1357 = LINE ( 'NONE', #614, #1195 ) ;
#1358 = CARTESIAN_POINT ( 'NONE',  ( 82.39347670192228179, -129.4765809831683328, 15.00000000000000000 ) ) ;
#1359 = LINE ( 'NONE', #2111, #1432 ) ;
#1360 = EDGE_LOOP ( 'NONE', ( #1610, #1231, #375, #1462 ) ) ;
#1361 = EDGE_CURVE ( 'NONE', #2390, #2238, #1581, .T. ) ;
#1362 = DIRECTION ( 'NONE',  ( 1.000000000000000000, 0.000000000000000000, 0.000000000000000000 ) ) ;
#1363 = CARTESIAN_POINT ( 'NONE',  ( 57.52341901683162462, -127.4765809831683328, 15.00000000000000000 ) ) ;
#1364 = EDGE_CURVE ( 'NONE', #1925, #1320, #1528, .T. ) ;
#1365 = DIRECTION ( 'NONE',  ( 0.000000000000000000, 0.000000000000000000, 1.000000000000000000 ) ) ;
#1366 = VERTEX_POINT ( 'NONE', #1684 ) ;
#1367 = CARTESIAN_POINT ( 'NONE',  ( 3.000000000000004885, -50.30492968819588384, 12.00000000000000000 ) ) ;
#1368 = DIRECTION ( 'NONE',  ( 0.7071067811865524577, 0.7071067811865426878, -0.000000000000000000 ) ) ;
#1369 = EDGE_LOOP ( 'NONE', ( #1968, #1858, #1741, #897, #60, #203, #1877, #6 ) ) ;
#1370 = DIRECTION ( 'NONE',  ( -0.6324255876883193572, 0.6324255876883092542, 0.4472982808755030515 ) ) ;
#1371 = ORIENTED_EDGE ( 'NONE', *, *, #678, .F. ) ;
#1372 = DIRECTION ( 'NONE',  ( -0.000000000000000000, 1.000000000000000000, -0.000000000000000000 ) ) ;
#1373 = DIRECTION ( 'NONE',  ( -0.000000000000000000, 1.000000000000000000, -0.000000000000000000 ) ) ;
#1374 = DIRECTION ( 'NONE',  ( 0.000000000000000000, 0.000000000000000000, -1.000000000000000000 ) ) ;
#1375 = EDGE_LOOP ( 'NONE', ( #2429, #538, #1356, #807, #181 ) ) ;
#1376 = EDGE_CURVE ( 'NONE', #1018, #1696, #1625, .T. ) ;
#1377 = CARTESIAN_POINT ( 'NONE',  ( 44.52341901683162462, -87.60652329807768979, -20.00000000000000355 ) ) ;
#1378 = CARTESIAN_POINT ( 'NONE',  ( 144.6950703118059494, -169.9999999999999716, -20.00000000000000355 ) ) ;
#1379 = ORIENTED_EDGE ( 'NONE', *, *, #896, .F. ) ;
#1380 = CARTESIAN_POINT ( 'NONE',  ( 12.15336133174097988, -78.10652329807768979, 15.00000000000000000 ) ) ;
#1381 = VECTOR ( 'NONE', #878, 1000.000000000000000 ) ;
#1382 = CARTESIAN_POINT ( 'NONE',  ( 19.65336133174090705, -89.60652329807760452, 15.00000000000000000 ) ) ;
#1383 = ORIENTED_EDGE ( 'NONE', *, *, #975, .T. ) ;
#1384 = AXIS2_PLACEMENT_3D ( 'NONE', #1302, #582, #976 ) ;
#1385 = DIRECTION ( 'NONE',  ( -0.000000000000000000, -0.000000000000000000, 1.000000000000000000 ) ) ;
#1386 = CARTESIAN_POINT ( 'NONE',  ( 16.15336133174101008, -82.10652329807768979, 0.000000000000000000 ) ) ;
#1387 = VERTEX_POINT ( 'NONE', #2424 ) ;
#1388 = CARTESIAN_POINT ( 'NONE',  ( 9.999999999999998224, -10.30492968819588206, -20.00000000000000355 ) ) ;
#1389 = EDGE_CURVE ( 'NONE', #2040, #320, #1898, .T. ) ;
#1390 = CARTESIAN_POINT ( 'NONE',  ( 82.39347670192228179, -149.5182115435127912, 15.00000000000000000 ) ) ;
#1391 = AXIS2_PLACEMENT_3D ( 'NONE', #454, #996, #1785 ) ;
#1392 = VERTEX_POINT ( 'NONE', #753 ) ;
#1393 = DIRECTION ( 'NONE',  ( 1.000000000000000000, 0.000000000000000000, 0.000000000000000000 ) ) ;
#1394 = EDGE_CURVE ( 'NONE', #2044, #1333, #1332, .T. ) ;
#1395 = LINE ( 'NONE', #2144, #1127 ) ;
#1396 = VERTEX_POINT ( 'NONE', #1719 ) ;
#1397 =( BOUNDED_CURVE ( )  B_SPLINE_CURVE ( 3, ( #31, #362, #2273, #1492 ),
 .UNSPECIFIED., .F., .F. ) 
 B_SPLINE_CURVE_WITH_KNOTS ( ( 4, 4 ),
 ( 4.712388980384689674, 5.327980270954458142 ),
 .UNSPECIFIED. ) 
 CURVE ( )  GEOMETRIC_REPRESENTATION_ITEM ( )  RATIONAL_B_SPLINE_CURVE ( ( 1.000000000000000000, 0.9686691420038018308, 0.9686691420038018308, 1.000000000000000000 ) ) 
 REPRESENTATION_ITEM ( '' )  );
#1398 = DIRECTION ( 'NONE',  ( -0.000000000000000000, -0.000000000000000000, 1.000000000000000000 ) ) ;
#1399 = CARTESIAN_POINT ( 'NONE',  ( 45.00000000000023448, -143.3049296881958696, -10.00000000000140687 ) ) ;
#1400 = VERTEX_POINT ( 'NONE', #2265 ) ;
#1401 = DIRECTION ( 'NONE',  ( 0.7071067811865451302, 0.7071067811865500152, 0.000000000000000000 ) ) ;
#1402 = PLANE ( 'NONE',  #81 ) ;
#1403 = EDGE_LOOP ( 'NONE', ( #2281, #463, #195, #2149 ) ) ;
#1404 = ADVANCED_FACE ( 'NONE', ( #776 ), #183, .T. ) ;
#1405 = LINE ( 'NONE', #1959, #1507 ) ;
#1406 = EDGE_LOOP ( 'NONE', ( #1994, #1874, #1576, #2142 ) ) ;
#1407 = ADVANCED_FACE ( 'NONE', ( #1146 ), #1125, .F. ) ;
#1408 = CARTESIAN_POINT ( 'NONE',  ( 102.2686634406130963, -180.0000000000000000, 0.000000000000000000 ) ) ;
#1409 = DIRECTION ( 'NONE',  ( 0.7071067811865425767, -0.7071067811865525687, 0.000000000000000000 ) ) ;
#1410 = EDGE_CURVE ( 'NONE', #174, #2406, #372, .T. ) ;
#1411 = PLANE ( 'NONE',  #1809 ) ;
#1412 = ORIENTED_EDGE ( 'NONE', *, *, #906, .F. ) ;
#1413 = LINE ( 'NONE', #2160, #724 ) ;
#1414 = CARTESIAN_POINT ( 'NONE',  ( 44.52341901683162462, -111.6481538584221767, -20.00000000000000355 ) ) ;
#1415 = ORIENTED_EDGE ( 'NONE', *, *, #436, .T. ) ;
#1416 = FACE_OUTER_BOUND ( 'NONE', #652, .T. ) ;
#1417 = LINE ( 'NONE', #490, #847 ) ;
#1418 = EDGE_LOOP ( 'NONE', ( #1474, #1485, #350, #584, #1312, #1957 ) ) ;
#1419 = VECTOR ( 'NONE', #2169, 1000.000000000000000 ) ;
#1420 = LINE ( 'NONE', #1628, #440 ) ;
#1421 = EDGE_CURVE ( 'NONE', #1181, #113, #612, .T. ) ;
#1422 = CARTESIAN_POINT ( 'NONE',  ( 112.7635343870129248, -155.8466386682589757, -20.00000000000000355 ) ) ;
#1423 = VECTOR ( 'NONE', #556, 999.9999999999998863 ) ;
#1424 = AXIS2_PLACEMENT_3D ( 'NONE', #2234, #559, #2055 ) ;
#1425 = CARTESIAN_POINT ( 'NONE',  ( 102.2686634406130963, -180.0000000000000000, 0.000000000000000000 ) ) ;
#1426 = ORIENTED_EDGE ( 'NONE', *, *, #1748, .T. ) ;
#1427 = CARTESIAN_POINT ( 'NONE',  ( 18.00000000000000000, -10.30492968819588206, -20.00000000000000355 ) ) ;
#1428 = AXIS2_PLACEMENT_3D ( 'NONE', #650, #1956, #822 ) ;
#1429 = CARTESIAN_POINT ( 'NONE',  ( -10.00000000000000178, -10.30492968819588206, 0.000000000000000000 ) ) ;
#1430 = ORIENTED_EDGE ( 'NONE', *, *, #1260, .F. ) ;
#1431 = LINE ( 'NONE', #2202, #722 ) ;
#1432 = VECTOR ( 'NONE', #49, 1000.000000000000000 ) ;
#1433 = CARTESIAN_POINT ( 'NONE',  ( 144.6950703118059494, -169.9999999999999716, 11.99999999999999645 ) ) ;
#1434 = EDGE_LOOP ( 'NONE', ( #941, #1342 ) ) ;
#1435 = ORIENTED_EDGE ( 'NONE', *, *, #636, .T. ) ;
#1436 = CARTESIAN_POINT ( 'NONE',  ( 54.02341901683163172, -119.9765809831683328, -20.00000000000000355 ) ) ;
#1437 = ADVANCED_FACE ( 'NONE', ( #580 ), #1698, .F. ) ;
#1438 = CARTESIAN_POINT ( 'NONE',  ( 40.52341901683159620, -87.60652329807768979, 15.00000000000000000 ) ) ;
#1439 = ORIENTED_EDGE ( 'NONE', *, *, #2365, .F. ) ;
#1440 = DIRECTION ( 'NONE',  ( 1.000000000000000000, 4.034240641806699474E-16, -0.000000000000000000 ) ) ;
#1441 = EDGE_CURVE ( 'NONE', #1559, #1733, #1323, .T. ) ;
#1442 = CARTESIAN_POINT ( 'NONE',  ( 144.6950703118059494, -169.9999999999999716, 0.000000000000000000 ) ) ;
#1443 = ORIENTED_EDGE ( 'NONE', *, *, #1931, .T. ) ;
#1444 = DIRECTION ( 'NONE',  ( 0.7071067811865474617, 0.7071067811865475727, 0.000000000000000000 ) ) ;
#1445 = ORIENTED_EDGE ( 'NONE', *, *, #384, .F. ) ;
#1446 = CARTESIAN_POINT ( 'NONE',  ( 35.41343635916146582, -70.71836604735709386, -5.204170427930421283E-15 ) ) ;
#1447 = CARTESIAN_POINT ( 'NONE',  ( 134.3050865276359502, -134.3050865276359502, 0.000000000000000000 ) ) ;
#1448 = DIRECTION ( 'NONE',  ( 1.000000000000000000, 0.000000000000000000, 0.000000000000000000 ) ) ;
#1449 = EDGE_LOOP ( 'NONE', ( #150, #21, #1169, #1713 ) ) ;
#1450 = CYLINDRICAL_SURFACE ( 'NONE', #802, 3.000000000000002665 ) ;
#1451 = CARTESIAN_POINT ( 'NONE',  ( 52.91094679413453150, -130.6422833535222310, 1.185120509871351313 ) ) ;
#1452 = EDGE_CURVE ( 'NONE', #2420, #690, #1397, .T. ) ;
#1453 = VERTEX_POINT ( 'NONE', #1515 ) ;
#1454 = DIRECTION ( 'NONE',  ( -0.000000000000000000, 0.000000000000000000, 1.000000000000000000 ) ) ;
#1455 = CARTESIAN_POINT ( 'NONE',  ( 12.15336133174097988, 0.000000000000000000, 0.000000000000000000 ) ) ;
#1456 = EDGE_CURVE ( 'NONE', #532, #2021, #2082, .T. ) ;
#1457 = EDGE_LOOP ( 'NONE', ( #973, #2127, #777, #874 ) ) ;
#1458 = LINE ( 'NONE', #208, #1933 ) ;
#1459 = VECTOR ( 'NONE', #2176, 1000.000000000000114 ) ;
#1460 = FACE_OUTER_BOUND ( 'NONE', #1589, .T. ) ;
#1461 = AXIS2_PLACEMENT_3D ( 'NONE', #1850, #1910, #220 ) ;
#1462 = ORIENTED_EDGE ( 'NONE', *, *, #1584, .F. ) ;
#1463 = CARTESIAN_POINT ( 'NONE',  ( 50.02341901683162462, -95.93495042282386009, -20.00000000000000355 ) ) ;
#1464 = CARTESIAN_POINT ( 'NONE',  ( 91.89347670192228179, -157.8466386682589757, 0.000000000000000000 ) ) ;
#1465 = ORIENTED_EDGE ( 'NONE', *, *, #1347, .F. ) ;
#1466 = CARTESIAN_POINT ( 'NONE',  ( 54.58656364083866208, -119.9765809831683328, -1.087692360992074925E-15 ) ) ;
#1467 = AXIS2_PLACEMENT_3D ( 'NONE', #449, #469, #1201 ) ;
#1468 = EDGE_CURVE ( 'NONE', #1568, #1387, #1171, .T. ) ;
#1469 = VECTOR ( 'NONE', #1789, 1000.000000000000000 ) ;
#1470 = CARTESIAN_POINT ( 'NONE',  ( 54.02341901683163172, -119.9765809831683328, 15.00000000000000000 ) ) ;
#1471 = ORIENTED_EDGE ( 'NONE', *, *, #756, .T. ) ;
#1472 = ADVANCED_FACE ( 'NONE', ( #984 ), #376, .T. ) ;
#1473 = VECTOR ( 'NONE', #665, 1000.000000000000000 ) ;
#1474 = ORIENTED_EDGE ( 'NONE', *, *, #1950, .F. ) ;
#1475 = DIRECTION ( 'NONE',  ( -0.7071067811865425767, 0.7071067811865524577, 0.000000000000000000 ) ) ;
#1476 = ORIENTED_EDGE ( 'NONE', *, *, #1291, .T. ) ;
#1477 = CARTESIAN_POINT ( 'NONE',  ( 14.98178845648716262, -58.06489273773323134, 15.00000000000000000 ) ) ;
#1478 = PLANE ( 'NONE',  #2017 ) ;
#1479 = ORIENTED_EDGE ( 'NONE', *, *, #1648, .T. ) ;
#1480 = DIRECTION ( 'NONE',  ( 1.000000000000000000, 0.000000000000000000, 0.000000000000000000 ) ) ;
#1481 = LINE ( 'NONE', #1873, #1735 ) ;
#1482 = ORIENTED_EDGE ( 'NONE', *, *, #1936, .T. ) ;
#1483 = EDGE_LOOP ( 'NONE', ( #1172, #1383, #308, #1015, #1235, #670 ) ) ;
#1484 = EDGE_CURVE ( 'NONE', #2390, #2037, #2048, .T. ) ;
#1485 = ORIENTED_EDGE ( 'NONE', *, *, #1134, .T. ) ;
#1486 = DIRECTION ( 'NONE',  ( 0.000000000000000000, -1.000000000000000000, 0.000000000000000000 ) ) ;
#1487 = CARTESIAN_POINT ( 'NONE',  ( 45.00000000000023448, -143.3049296881958696, -10.00000000000140687 ) ) ;
#1488 = ORIENTED_EDGE ( 'NONE', *, *, #1875, .F. ) ;
#1489 = DIRECTION ( 'NONE',  ( -0.7071067811865500152, 0.7071067811865451302, -0.000000000000000000 ) ) ;
#1490 = DIRECTION ( 'NONE',  ( -0.000000000000000000, 1.000000000000000000, 0.000000000000000000 ) ) ;
#1491 = ORIENTED_EDGE ( 'NONE', *, *, #1557, .F. ) ;
#1492 = CARTESIAN_POINT ( 'NONE',  ( 37.08905320586595167, -72.39398289406140918, 1.185120509871358196 ) ) ;
#1493 = ORIENTED_EDGE ( 'NONE', *, *, #2156, .F. ) ;
#1494 = EDGE_CURVE ( 'NONE', #1353, #2092, #940, .T. ) ;
#1495 = VECTOR ( 'NONE', #2377, 1000.000000000000000 ) ;
#1496 = DIRECTION ( 'NONE',  ( 0.000000000000000000, 0.000000000000000000, 1.000000000000000000 ) ) ;
#1497 = VECTOR ( 'NONE', #331, 1000.000000000000000 ) ;
#1498 = LINE ( 'NONE', #2268, #47 ) ;
#1499 = EDGE_LOOP ( 'NONE', ( #763, #1934, #1412, #935 ) ) ;
#1500 = DIRECTION ( 'NONE',  ( -1.000000000000000000, -0.000000000000000000, -0.000000000000000000 ) ) ;
#1501 = CARTESIAN_POINT ( 'NONE',  ( 159.6950703118059494, -159.9999999999999716, -20.00000000000000355 ) ) ;
#1502 = ORIENTED_EDGE ( 'NONE', *, *, #2263, .T. ) ;
#1503 = VECTOR ( 'NONE', #2386, 1000.000000000000000 ) ;
#1504 = CIRCLE ( 'NONE', #1348, 3.000000000000004885 ) ;
#1505 = DIRECTION ( 'NONE',  ( -0.5774413718346204094, 0.000000000000000000, 0.8164321540053108839 ) ) ;
#1506 = VERTEX_POINT ( 'NONE', #1138 ) ;
#1507 = VECTOR ( 'NONE', #1924, 1000.000000000000000 ) ;
#1508 = LINE ( 'NONE', #2428, #400 ) ;
#1509 = FACE_BOUND ( 'NONE', #431, .T. ) ;
#1510 = ORIENTED_EDGE ( 'NONE', *, *, #1798, .T. ) ;
#1511 = EDGE_CURVE ( 'NONE', #1327, #171, #1876, .T. ) ;
#1512 = LINE ( 'NONE', #189, #2011 ) ;
#1513 = DIRECTION ( 'NONE',  ( -0.000000000000000000, -1.000000000000000000, -0.000000000000000000 ) ) ;
#1514 = VERTEX_POINT ( 'NONE', #1771 ) ;
#1515 = CARTESIAN_POINT ( 'NONE',  ( 159.6950703118059494, -180.0000000000000000, 0.000000000000000000 ) ) ;
#1516 = ORIENTED_EDGE ( 'NONE', *, *, #2348, .F. ) ;
#1517 = DIRECTION ( 'NONE',  ( -0.000000000000000000, 1.000000000000000000, -0.000000000000000000 ) ) ;
#1518 = DIRECTION ( 'NONE',  ( 1.000000000000000000, 0.000000000000000000, 0.000000000000000000 ) ) ;
#1519 = VERTEX_POINT ( 'NONE', #1972 ) ;
#1520 = DIRECTION ( 'NONE',  ( 0.000000000000000000, 0.000000000000000000, 1.000000000000000000 ) ) ;
#1521 = ADVANCED_FACE ( 'NONE', ( #462 ), #1212, .F. ) ;
#1522 = CARTESIAN_POINT ( 'NONE',  ( 78.39347670192222495, -125.4765809831683328, -20.00000000000000355 ) ) ;
#1523 = VERTEX_POINT ( 'NONE', #438 ) ;
#1524 = EDGE_CURVE ( 'NONE', #94, #2053, #2372, .T. ) ;
#1525 = DIRECTION ( 'NONE',  ( -0.000000000000000000, -0.000000000000000000, 1.000000000000000000 ) ) ;
#1526 = EDGE_LOOP ( 'NONE', ( #2236, #506, #357, #595, #2170, #1415 ) ) ;
#1527 = LINE ( 'NONE', #1544, #2084 ) ;
#1528 = LINE ( 'NONE', #2114, #2407 ) ;
#1529 = VECTOR ( 'NONE', #1688, 1000.000000000000000 ) ;
#1530 = DIRECTION ( 'NONE',  ( 1.000000000000000000, 0.000000000000000000, 0.000000000000000000 ) ) ;
#1531 = ORIENTED_EDGE ( 'NONE', *, *, #1763, .T. ) ;
#1532 = CARTESIAN_POINT ( 'NONE',  ( 0.000000000000000000, 0.000000000000000000, 0.000000000000000000 ) ) ;
#1533 = VECTOR ( 'NONE', #1078, 1000.000000000000000 ) ;
#1534 = ORIENTED_EDGE ( 'NONE', *, *, #1567, .F. ) ;
#1535 = DIRECTION ( 'NONE',  ( 0.000000000000000000, 1.000000000000000000, 0.000000000000000000 ) ) ;
#1536 = EDGE_CURVE ( 'NONE', #304, #1366, #1395, .T. ) ;
#1537 = VECTOR ( 'NONE', #808, 1000.000000000000000 ) ;
#1538 = DIRECTION ( 'NONE',  ( -1.000000000000000000, 0.000000000000000000, 0.000000000000000000 ) ) ;
#1539 = ORIENTED_EDGE ( 'NONE', *, *, #1557, .T. ) ;
#1540 = ADVANCED_FACE ( 'NONE', ( #2313 ), #2324, .T. ) ;
#1541 = CIRCLE ( 'NONE', #1428, 3.000000000000002665 ) ;
#1542 = CARTESIAN_POINT ( 'NONE',  ( 82.39347670192228179, 0.000000000000000000, 0.000000000000000000 ) ) ;
#1543 = AXIS2_PLACEMENT_3D ( 'NONE', #977, #1992, #305 ) ;
#1544 = CARTESIAN_POINT ( 'NONE',  ( 0.000000000000000000, -157.8466386682589757, 0.000000000000000000 ) ) ;
#1545 = CARTESIAN_POINT ( 'NONE',  ( -10.00000000000000178, -67.73133655938873687, 15.00000000000000000 ) ) ;
#1546 = AXIS2_PLACEMENT_3D ( 'NONE', #589, #1884, #2097 ) ;
#1547 = DIRECTION ( 'NONE',  ( -0.000000000000000000, -0.000000000000000000, 1.000000000000000000 ) ) ;
#1548 = VERTEX_POINT ( 'NONE', #93 ) ;
#1549 = CARTESIAN_POINT ( 'NONE',  ( 78.39347670192222495, -125.4765809831683328, 15.00000000000000000 ) ) ;
#1550 = ORIENTED_EDGE ( 'NONE', *, *, #801, .T. ) ;
#1551 = CARTESIAN_POINT ( 'NONE',  ( 0.000000000000000000, -25.30492968819588029, 12.00000000000000000 ) ) ;
#1552 = DIRECTION ( 'NONE',  ( -0.000000000000000000, -0.000000000000000000, -1.000000000000000000 ) ) ;
#1553 = ORIENTED_EDGE ( 'NONE', *, *, #1875, .T. ) ;
#1554 = EDGE_CURVE ( 'NONE', #623, #2191, #1405, .T. ) ;
#1555 = FACE_OUTER_BOUND ( 'NONE', #2394, .T. ) ;
#1556 = LINE ( 'NONE', #631, #1700 ) ;
#1557 = EDGE_CURVE ( 'NONE', #363, #2162, #410, .T. ) ;
#1558 = CARTESIAN_POINT ( 'NONE',  ( 159.6950703118059494, -159.9999999999999716, 15.00000000000000000 ) ) ;
#1559 = VERTEX_POINT ( 'NONE', #1011 ) ;
#1560 = CARTESIAN_POINT ( 'NONE',  ( 72.89347670192231021, -119.9765809831683328, 0.000000000000000000 ) ) ;
#1561 = ORIENTED_EDGE ( 'NONE', *, *, #1611, .T. ) ;
#1562 = LINE ( 'NONE', #452, #1770 ) ;
#1563 = FACE_BOUND ( 'NONE', #2219, .T. ) ;
#1564 = ORIENTED_EDGE ( 'NONE', *, *, #387, .T. ) ;
#1565 = CYLINDRICAL_SURFACE ( 'NONE', #994, 13.69999999999999751 ) ;
#1566 = LINE ( 'NONE', #62, #336 ) ;
#1567 = EDGE_CURVE ( 'NONE', #647, #903, #2023, .T. ) ;
#1568 = VERTEX_POINT ( 'NONE', #1382 ) ;
#1569 = EDGE_CURVE ( 'NONE', #1255, #2299, #814, .T. ) ;
#1570 = DIRECTION ( 'NONE',  ( 1.000000000000000000, 0.000000000000000000, 0.000000000000000000 ) ) ;
#1571 = EDGE_LOOP ( 'NONE', ( #721, #1435, #739, #1921 ) ) ;
#1572 = LINE ( 'NONE', #260, #998 ) ;
#1573 = VECTOR ( 'NONE', #2349, 1000.000000000000000 ) ;
#1574 = VECTOR ( 'NONE', #2089, 1000.000000000000000 ) ;
#1575 = DIRECTION ( 'NONE',  ( 0.6324255876883154714, -0.6324255876883152494, -0.4472982808755002759 ) ) ;
#1576 = ORIENTED_EDGE ( 'NONE', *, *, #875, .F. ) ;
#1577 = VECTOR ( 'NONE', #1762, 1000.000000000000000 ) ;
#1578 = DIRECTION ( 'NONE',  ( 0.7071067811865475727, -0.7071067811865475727, 0.000000000000000000 ) ) ;
#1579 = DIRECTION ( 'NONE',  ( -0.000000000000000000, -0.000000000000000000, 1.000000000000000000 ) ) ;
#1580 = AXIS2_PLACEMENT_3D ( 'NONE', #758, #1856, #1518 ) ;
#1581 = LINE ( 'NONE', #2328, #1278 ) ;
#1582 = ORIENTED_EDGE ( 'NONE', *, *, #1766, .F. ) ;
#1583 = DIRECTION ( 'NONE',  ( -0.7071067811865475727, 0.7071067811865474617, 0.000000000000000000 ) ) ;
#1584 = EDGE_CURVE ( 'NONE', #1160, #820, #1180, .T. ) ;
#1585 = AXIS2_PLACEMENT_3D ( 'NONE', #1193, #2337, #1587 ) ;
#1586 = EDGE_LOOP ( 'NONE', ( #1012, #2010, #1531, #486 ) ) ;
#1587 = DIRECTION ( 'NONE',  ( 1.000000000000000000, 0.000000000000000000, -0.000000000000000000 ) ) ;
#1588 = ADVANCED_FACE ( 'NONE', ( #1030, #1563 ), #262, .T. ) ;
#1589 = EDGE_LOOP ( 'NONE', ( #1658, #63 ) ) ;
#1590 = CARTESIAN_POINT ( 'NONE',  ( 35.02341901683161751, -82.10652329807768979, 15.00000000000000000 ) ) ;
#1591 = CARTESIAN_POINT ( 'NONE',  ( 19.65336133174090705, -89.60652329807760452, -20.00000000000000355 ) ) ;
#1592 = ORIENTED_EDGE ( 'NONE', *, *, #1511, .T. ) ;
#1593 = CARTESIAN_POINT ( 'NONE',  ( 12.15336133174097988, -82.10652329807768979, 15.00000000000000000 ) ) ;
#1594 = EDGE_LOOP ( 'NONE', ( #1708, #1788 ) ) ;
#1595 = EDGE_CURVE ( 'NONE', #315, #1764, #472, .T. ) ;
#1596 = CARTESIAN_POINT ( 'NONE',  ( 16.15336133174101008, -82.10652329807768979, 15.00000000000000000 ) ) ;
#1597 = ORIENTED_EDGE ( 'NONE', *, *, #2426, .T. ) ;
#1598 = EDGE_CURVE ( 'NONE', #623, #1778, #495, .T. ) ;
#1599 = LINE ( 'NONE', #2184, #955 ) ;
#1600 = APPLICATION_CONTEXT ( 'automotive_design' ) ;
#1601 = ORIENTED_EDGE ( 'NONE', *, *, #1468, .T. ) ;
#1602 = FACE_OUTER_BOUND ( 'NONE', #1810, .T. ) ;
#1603 = FACE_OUTER_BOUND ( 'NONE', #1871, .T. ) ;
#1604 = DIRECTION ( 'NONE',  ( 0.000000000000000000, 0.000000000000000000, 1.000000000000000000 ) ) ;
#1605 = VERTEX_POINT ( 'NONE', #1758 ) ;
#1606 = DIRECTION ( 'NONE',  ( -0.000000000000000000, 1.000000000000000000, -0.000000000000000000 ) ) ;
#1607 = FACE_OUTER_BOUND ( 'NONE', #2088, .T. ) ;
#1608 = ORIENTED_EDGE ( 'NONE', *, *, #1, .F. ) ;
#1609 = DIRECTION ( 'NONE',  ( -0.7071067811865474617, -0.7071067811865474617, -0.000000000000000000 ) ) ;
#1610 = ORIENTED_EDGE ( 'NONE', *, *, #1309, .F. ) ;
#1611 = EDGE_CURVE ( 'NONE', #2078, #1949, #1046, .T. ) ;
#1612 = AXIS2_PLACEMENT_3D ( 'NONE', #2122, #261, #1344 ) ;
#1613 = CARTESIAN_POINT ( 'NONE',  ( 0.000000000000000000, -50.30492968819588384, 0.000000000000000000 ) ) ;
#1614 = CARTESIAN_POINT ( 'NONE',  ( 9.999999999999998224, -70.30492968819406485, -5.000000000000004441 ) ) ;
#1615 = EDGE_CURVE ( 'NONE', #133, #2350, #1732, .T. ) ;
#1616 = AXIS2_PLACEMENT_3D ( 'NONE', #596, #2094, #412 ) ;
#1617 = CARTESIAN_POINT ( 'NONE',  ( 119.6950703118059636, -169.9999999999999716, 12.00000000000000000 ) ) ;
#1618 = VECTOR ( 'NONE', #661, 1000.000000000000000 ) ;
#1619 = CARTESIAN_POINT ( 'NONE',  ( 16.15336133174101008, -82.10652329807768979, 15.00000000000000000 ) ) ;
#1620 = ORIENTED_EDGE ( 'NONE', *, *, #1441, .F. ) ;
#1621 = FACE_OUTER_BOUND ( 'NONE', #1804, .T. ) ;
#1622 = AXIS2_PLACEMENT_3D ( 'NONE', #65, #834, #230 ) ;
#1623 = LINE ( 'NONE', #2382, #1697 ) ;
#1624 = ORIENTED_EDGE ( 'NONE', *, *, #415, .T. ) ;
#1625 = CIRCLE ( 'NONE', #2254, 3.000000000000004885 ) ;
#1626 = DIRECTION ( 'NONE',  ( 0.000000000000000000, -1.000000000000000000, -0.000000000000000000 ) ) ;
#1627 = ORIENTED_EDGE ( 'NONE', *, *, #265, .T. ) ;
#1628 = CARTESIAN_POINT ( 'NONE',  ( 59.79374816409966797, -125.7469101304363193, -3.682907097370610838 ) ) ;
#1629 = DIRECTION ( 'NONE',  ( 0.000000000000000000, 0.000000000000000000, 1.000000000000000000 ) ) ;
#1630 = EDGE_CURVE ( 'NONE', #1353, #315, #1359, .T. ) ;
#1631 = LINE ( 'NONE', #135, #2204 ) ;
#1632 = ORIENTED_EDGE ( 'NONE', *, *, #699, .T. ) ;
#1633 = PLANE ( 'NONE',  #999 ) ;
#1634 = EDGE_CURVE ( 'NONE', #1813, #1863, #119, .T. ) ;
#1635 = LINE ( 'NONE', #684, #1197 ) ;
#1636 = ORIENTED_EDGE ( 'NONE', *, *, #1584, .T. ) ;
#1637 = CYLINDRICAL_SURFACE ( 'NONE', #1824, 3.000000000000004885 ) ;
#1638 = ORIENTED_EDGE ( 'NONE', *, *, #975, .F. ) ;
#1639 = DIRECTION ( 'NONE',  ( 1.000000000000000000, 0.000000000000000000, 0.000000000000000000 ) ) ;
#1640 = CARTESIAN_POINT ( 'NONE',  ( 37.08905320586595167, -107.0422151722026598, 1.185120509871358196 ) ) ;
#1641 = LINE ( 'NONE', #510, #1888 ) ;
#1642 = ORIENTED_EDGE ( 'NONE', *, *, #1643, .F. ) ;
#1643 = EDGE_CURVE ( 'NONE', #2288, #565, #1808, .T. ) ;
#1644 = CARTESIAN_POINT ( 'NONE',  ( 78.39347670192222495, -125.4765809831683328, 0.000000000000000000 ) ) ;
#1645 =( BOUNDED_CURVE ( )  B_SPLINE_CURVE ( 3, ( #1355, #2107, #2298, #2119 ),
 .UNSPECIFIED., .F., .F. ) 
 B_SPLINE_CURVE_WITH_KNOTS ( ( 4, 4 ),
 ( 1.237925369911531792, 1.536002373770761986 ),
 .UNSPECIFIED. ) 
 CURVE ( )  GEOMETRIC_REPRESENTATION_ITEM ( )  RATIONAL_B_SPLINE_CURVE ( ( 1.000000000000000000, 0.9926095368940887065, 0.9926095368940887065, 1.000000000000000000 ) ) 
 REPRESENTATION_ITEM ( '' )  );
#1646 = CARTESIAN_POINT ( 'NONE',  ( 37.08905320586595167, -114.8203897652539069, 1.185120509871358196 ) ) ;
#1647 = VERTEX_POINT ( 'NONE', #1058 ) ;
#1648 = EDGE_CURVE ( 'NONE', #1181, #2053, #339, .T. ) ;
#1649 = CARTESIAN_POINT ( 'NONE',  ( -3.000000000000004885, -50.30492968819588384, 12.00000000000000000 ) ) ;
#1650 = EDGE_LOOP ( 'NONE', ( #775, #982, #1564, #511, #2330, #674 ) ) ;
#1651 = PRODUCT_DEFINITION_SHAPE ( 'NONE', 'NONE',  #87 ) ;
#1652 = CARTESIAN_POINT ( 'NONE',  ( 147.6950703118059494, -169.9999999999999716, 15.00000000000000000 ) ) ;
#1653 = FACE_OUTER_BOUND ( 'NONE', #1457, .T. ) ;
#1654 = ORIENTED_EDGE ( 'NONE', *, *, #1511, .F. ) ;
#1655 = SURFACE_STYLE_FILL_AREA ( #148 ) ;
#1656 = VECTOR ( 'NONE', #1793, 1000.000000000000000 ) ;
#1657 = DIRECTION ( 'NONE',  ( -0.000000000000000000, 0.000000000000000000, 1.000000000000000000 ) ) ;
#1658 = ORIENTED_EDGE ( 'NONE', *, *, #2303, .T. ) ;
#1659 = DIRECTION ( 'NONE',  ( 0.000000000000000000, 0.000000000000000000, 1.000000000000000000 ) ) ;
#1660 = AXIS2_PLACEMENT_3D ( 'NONE', #1378, #77, #2282 ) ;
#1661 = EDGE_CURVE ( 'NONE', #1136, #1960, #1261, .T. ) ;
#1662 = VECTOR ( 'NONE', #1905, 1000.000000000000114 ) ;
#1663 = DIRECTION ( 'NONE',  ( 1.000000000000000000, 0.000000000000000000, 0.000000000000000000 ) ) ;
#1664 = ORIENTED_EDGE ( 'NONE', *, *, #529, .F. ) ;
#1665 = VECTOR ( 'NONE', #1988, 1000.000000000000000 ) ;
#1666 = ORIENTED_EDGE ( 'NONE', *, *, #398, .F. ) ;
#1667 = LINE ( 'NONE', #915, #2279 ) ;
#1668 = ORIENTED_EDGE ( 'NONE', *, *, #675, .F. ) ;
#1669 = DIRECTION ( 'NONE',  ( -0.7071067811865474617, -0.7071067811865474617, -0.000000000000000000 ) ) ;
#1670 = DIRECTION ( 'NONE',  ( -0.000000000000000000, 0.000000000000000000, 1.000000000000000000 ) ) ;
#1671 = ORIENTED_EDGE ( 'NONE', *, *, #343, .F. ) ;
#1672 = DIRECTION ( 'NONE',  ( -0.000000000000000000, -0.000000000000000000, 1.000000000000000000 ) ) ;
#1673 = DIRECTION ( 'NONE',  ( 1.000000000000000000, 0.000000000000000000, 0.000000000000000000 ) ) ;
#1674 = ORIENTED_EDGE ( 'NONE', *, *, #875, .T. ) ;
#1675 = EDGE_CURVE ( 'NONE', #2162, #2387, #2166, .T. ) ;
#1676 = DIRECTION ( 'NONE',  ( 0.7071067811865525687, -0.7071067811865425767, -0.000000000000000000 ) ) ;
#1677 = ORIENTED_EDGE ( 'NONE', *, *, #784, .T. ) ;
#1678 = ADVANCED_FACE ( 'NONE', ( #913 ), #1276, .T. ) ;
#1679 = DIRECTION ( 'NONE',  ( 0.000000000000000000, -0.000000000000000000, -1.000000000000000000 ) ) ;
#1680 = DIRECTION ( 'NONE',  ( -4.034240641806699474E-16, 1.000000000000000000, -0.000000000000000000 ) ) ;
#1681 = ORIENTED_EDGE ( 'NONE', *, *, #1185, .F. ) ;
#1682 = LINE ( 'NONE', #1705, #766 ) ;
#1683 = ORIENTED_EDGE ( 'NONE', *, *, #699, .F. ) ;
#1684 = CARTESIAN_POINT ( 'NONE',  ( 40.52341901683158909, -87.60652329807768979, 15.00000000000000000 ) ) ;
#1685 = ORIENTED_EDGE ( 'NONE', *, *, #651, .T. ) ;
#1686 = EDGE_CURVE ( 'NONE', #2423, #733, #142, .T. ) ;
#1687 = CLOSED_SHELL ( 'NONE', ( #2289, #1148, #586, #1025, #1204, #2007, #497, #1437, #464, #579, #1828, #2319, #1521, #1288, #2054, #2336, #1331, #2188, #695, #2305, #2250, #879, #297, #1472, #601, #1404, #1749, #2229, #1070, #2385, #1914, #2272, #151, #768, #745, #1716, #1233, #780, #828, #936, #920, #1263, #61, #708, #227, #1246, #1055, #962, #728, #850, #1588, #1712, #1101, #138, #1886, #1678, #655, #475, #949, #2393, #370, #2070, #533, #2026, #691, #1540, #185, #2192, #2029, #355, #816, #1407, #2409 ) ) ;
#1688 = DIRECTION ( 'NONE',  ( -0.7071067811865524577, -0.7071067811865426878, -0.000000000000000000 ) ) ;
#1689 = AXIS2_PLACEMENT_3D ( 'NONE', #1807, #114, #1859 ) ;
#1690 = EDGE_CURVE ( 'NONE', #1160, #2133, #2216, .T. ) ;
#1691 = DIRECTION ( 'NONE',  ( 0.5774413718346207425, 0.000000000000000000, 0.8164321540053106618 ) ) ;
#1692 = EDGE_LOOP ( 'NONE', ( #2136, #2222, #1108, #1843 ) ) ;
#1693 = DIRECTION ( 'NONE',  ( -1.000000000000000000, 0.000000000000000000, 0.000000000000000000 ) ) ;
#1694 = VECTOR ( 'NONE', #482, 1000.000000000000000 ) ;
#1695 = CARTESIAN_POINT ( 'NONE',  ( 45.00000000000023448, -143.3049296881958696, 3.699999999998589750 ) ) ;
#1696 = VERTEX_POINT ( 'NONE', #1649 ) ;
#1697 = VECTOR ( 'NONE', #484, 1000.000000000000000 ) ;
#1698 = CYLINDRICAL_SURFACE ( 'NONE', #931, 1.600000000000001199 ) ;
#1699 = VERTEX_POINT ( 'NONE', #104 ) ;
#1700 = VECTOR ( 'NONE', #70, 1000.000000000000000 ) ;
#1701 = PLANE ( 'NONE',  #1270 ) ;
#1702 = FACE_BOUND ( 'NONE', #1483, .T. ) ;
#1703 = ORIENTED_EDGE ( 'NONE', *, *, #2259, .T. ) ;
#1704 = FACE_BOUND ( 'NONE', #1049, .T. ) ;
#1705 = CARTESIAN_POINT ( 'NONE',  ( 52.91094679413453150, -143.3049296881958696, 1.185120509871351313 ) ) ;
#1706 = ORIENTED_EDGE ( 'NONE', *, *, #1763, .F. ) ;
#1707 = CARTESIAN_POINT ( 'NONE',  ( 78.39347670192222495, -125.4765809831683328, 15.00000000000000000 ) ) ;
#1708 = ORIENTED_EDGE ( 'NONE', *, *, #2207, .T. ) ;
#1709 = DIRECTION ( 'NONE',  ( 0.000000000000000000, 0.000000000000000000, 1.000000000000000000 ) ) ;
#1710 = DIRECTION ( 'NONE',  ( 1.000000000000000000, 0.000000000000000000, 0.000000000000000000 ) ) ;
#1711 = DIRECTION ( 'NONE',  ( 0.000000000000000000, 0.000000000000000000, 1.000000000000000000 ) ) ;
#1712 = ADVANCED_FACE ( 'NONE', ( #925 ), #1637, .F. ) ;
#1713 = ORIENTED_EDGE ( 'NONE', *, *, #2426, .F. ) ;
#1714 = PLANE ( 'NONE',  #1155 ) ;
#1715 = LINE ( 'NONE', #27, #1776 ) ;
#1716 = ADVANCED_FACE ( 'NONE', ( #531 ), #2396, .F. ) ;
#1717 = ORIENTED_EDGE ( 'NONE', *, *, #1257, .F. ) ;
#1718 = CARTESIAN_POINT ( 'NONE',  ( 19.32785556466854970, -54.63278525286428788, -11.37691576104716340 ) ) ;
#1719 = CARTESIAN_POINT ( 'NONE',  ( 9.999999999999998224, -10.30492968819588206, -5.000000000000004441 ) ) ;
#1720 = ORIENTED_EDGE ( 'NONE', *, *, #1887, .T. ) ;
#1721 = LINE ( 'NONE', #2101, #564 ) ;
#1722 = CARTESIAN_POINT ( 'NONE',  ( 57.52341901683162462, -127.4765809831683328, 15.00000000000000000 ) ) ;
#1723 = CARTESIAN_POINT ( 'NONE',  ( 144.6950703118059494, -169.9999999999999716, 11.99999999999999645 ) ) ;
#1724 = ORIENTED_EDGE ( 'NONE', *, *, #1328, .F. ) ;
#1725 = CIRCLE ( 'NONE', #2433, 1.599999999999990319 ) ;
#1726 = FACE_OUTER_BOUND ( 'NONE', #1038, .T. ) ;
#1727 = CIRCLE ( 'NONE', #602, 1.600000000000001199 ) ;
#1728 = VERTEX_POINT ( 'NONE', #2008 ) ;
#1729 = CARTESIAN_POINT ( 'NONE',  ( 50.02341901683162462, -143.3049296881958696, 2.745793870187167141 ) ) ;
#1730 = EDGE_CURVE ( 'NONE', #1284, #1093, #132, .T. ) ;
#1731 = COLOUR_RGB ( '',0.6431372549019607199, 0.6156862745098039547, 0.5999999999999999778 ) ;
#1732 = LINE ( 'NONE', #864, #2215 ) ;
#1733 = VERTEX_POINT ( 'NONE', #2000 ) ;
#1734 =( BOUNDED_CURVE ( )  B_SPLINE_CURVE ( 3, ( #905, #496, #1815, #1640 ),
 .UNSPECIFIED., .F., .F. ) 
 B_SPLINE_CURVE_WITH_KNOTS ( ( 4, 4 ),
 ( 4.956033878665650150, 5.327980270954458142 ),
 .UNSPECIFIED. ) 
 CURVE ( )  GEOMETRIC_REPRESENTATION_ITEM ( )  RATIONAL_B_SPLINE_CURVE ( ( 1.000000000000000000, 0.9885045127510549978, 0.9885045127510549978, 1.000000000000000000 ) ) 
 REPRESENTATION_ITEM ( '' )  );
#1735 = VECTOR ( 'NONE', #1296, 1000.000000000000000 ) ;
#1736 = EDGE_CURVE ( 'NONE', #2238, #2177, #327, .T. ) ;
#1737 = DIRECTION ( 'NONE',  ( 9.813077866773629194E-15, 1.000000000000000000, 0.000000000000000000 ) ) ;
#1738 = CARTESIAN_POINT ( 'NONE',  ( 16.15336133174101008, -82.10652329807768979, 15.00000000000000000 ) ) ;
#1739 = VECTOR ( 'NONE', #1286, 1000.000000000000000 ) ;
#1740 = DIRECTION ( 'NONE',  ( 0.000000000000000000, 0.000000000000000000, -1.000000000000000000 ) ) ;
#1741 = ORIENTED_EDGE ( 'NONE', *, *, #264, .T. ) ;
#1742 = LINE ( 'NONE', #1388, #603 ) ;
#1743 = LINE ( 'NONE', #2309, #2093 ) ;
#1744 = ORIENTED_EDGE ( 'NONE', *, *, #619, .F. ) ;
#1745 = PLANE ( 'NONE',  #399 ) ;
#1746 = DIRECTION ( 'NONE',  ( 1.000000000000000000, 0.000000000000000000, 0.000000000000000000 ) ) ;
#1747 = ORIENTED_EDGE ( 'NONE', *, *, #1145, .T. ) ;
#1748 = EDGE_CURVE ( 'NONE', #820, #1093, #689, .T. ) ;
#1749 = ADVANCED_FACE ( 'NONE', ( #314 ), #543, .T. ) ;
#1750 = LINE ( 'NONE', #2327, #1032 ) ;
#1751 = LINE ( 'NONE', #1915, #2063 ) ;
#1752 = VERTEX_POINT ( 'NONE', #1110 ) ;
#1753 = DIRECTION ( 'NONE',  ( 1.000000000000000000, 0.000000000000000000, 0.000000000000000000 ) ) ;
#1754 = DIRECTION ( 'NONE',  ( 0.000000000000000000, 0.000000000000000000, -1.000000000000000000 ) ) ;
#1755 = EDGE_LOOP ( 'NONE', ( #626, #158, #1189, #390 ) ) ;
#1756 = PLANE ( 'NONE',  #1814 ) ;
#1757 = DIRECTION ( 'NONE',  ( -0.000000000000000000, -0.000000000000000000, -1.000000000000000000 ) ) ;
#1758 = CARTESIAN_POINT ( 'NONE',  ( 52.85184614157781624, -95.93495042282386009, 1.226687497608616395 ) ) ;
#1759 = VERTEX_POINT ( 'NONE', #1470 ) ;
#1760 = DIRECTION ( 'NONE',  ( 0.000000000000000000, 1.000000000000000000, -0.000000000000000000 ) ) ;
#1761 = CARTESIAN_POINT ( 'NONE',  ( 147.6950703118059494, -169.9999999999999716, 12.00000000000000000 ) ) ;
#1762 = DIRECTION ( 'NONE',  ( 0.000000000000000000, 0.000000000000000000, 1.000000000000000000 ) ) ;
#1763 = EDGE_CURVE ( 'NONE', #1786, #736, #1845, .T. ) ;
#1764 = VERTEX_POINT ( 'NONE', #673 ) ;
#1765 = DIRECTION ( 'NONE',  ( -0.000000000000000000, 1.000000000000000000, 0.000000000000000000 ) ) ;
#1766 = EDGE_CURVE ( 'NONE', #1284, #32, #1417, .T. ) ;
#1767 = CARTESIAN_POINT ( 'NONE',  ( 143.0950703118059550, -169.9999999999999716, 0.000000000000000000 ) ) ;
#1768 = VERTEX_POINT ( 'NONE', #301 ) ;
#1769 = LINE ( 'NONE', #1797, #2129 ) ;
#1770 = VECTOR ( 'NONE', #2312, 1000.000000000000000 ) ;
#1771 = CARTESIAN_POINT ( 'NONE',  ( 74.89347670192231021, -117.9765809831683612, 0.000000000000000000 ) ) ;
#1772 = ORIENTED_EDGE ( 'NONE', *, *, #253, .F. ) ;
#1773 = VECTOR ( 'NONE', #804, 1000.000000000000114 ) ;
#1774 = LINE ( 'NONE', #1408, #598 ) ;
#1775 = DIRECTION ( 'NONE',  ( 0.7071067811865451302, 0.7071067811865500152, 0.000000000000000000 ) ) ;
#1776 = VECTOR ( 'NONE', #794, 999.9999999999998863 ) ;
#1777 = AXIS2_PLACEMENT_3D ( 'NONE', #1487, #1305, #369 ) ;
#1778 = VERTEX_POINT ( 'NONE', #2361 ) ;
#1779 = EDGE_CURVE ( 'NONE', #1647, #338, #366, .T. ) ;
#1780 = DIRECTION ( 'NONE',  ( 0.000000000000000000, 0.000000000000000000, -1.000000000000000000 ) ) ;
#1781 = VECTOR ( 'NONE', #2375, 1000.000000000000114 ) ;
#1782 = DIRECTION ( 'NONE',  ( -0.7071067811865532349, 0.7071067811865416886, 0.000000000000000000 ) ) ;
#1783 = ORIENTED_EDGE ( 'NONE', *, *, #343, .T. ) ;
#1784 = EDGE_CURVE ( 'NONE', #2078, #1764, #1682, .T. ) ;
#1785 = DIRECTION ( 'NONE',  ( 1.000000000000000000, 0.000000000000000000, 0.000000000000000000 ) ) ;
#1786 = VERTEX_POINT ( 'NONE', #170 ) ;
#1787 = DIRECTION ( 'NONE',  ( -1.000000000000000000, -0.000000000000000000, -0.000000000000000000 ) ) ;
#1788 = ORIENTED_EDGE ( 'NONE', *, *, #1567, .T. ) ;
#1789 = DIRECTION ( 'NONE',  ( 0.000000000000000000, 0.000000000000000000, 1.000000000000000000 ) ) ;
#1790 = FACE_OUTER_BOUND ( 'NONE', #1139, .T. ) ;
#1791 = DIRECTION ( 'NONE',  ( 0.000000000000000000, 0.000000000000000000, 1.000000000000000000 ) ) ;
#1792 = ORIENTED_EDGE ( 'NONE', *, *, #1494, .T. ) ;
#1793 = DIRECTION ( 'NONE',  ( 0.6324255876883195793, -0.6324255876883092542, 0.4472982808755028294 ) ) ;
#1794 = EDGE_CURVE ( 'NONE', #2083, #1353, #2431, .T. ) ;
#1795 = DIRECTION ( 'NONE',  ( -0.000000000000000000, -0.000000000000000000, 1.000000000000000000 ) ) ;
#1796 = ORIENTED_EDGE ( 'NONE', *, *, #1554, .F. ) ;
#1797 = CARTESIAN_POINT ( 'NONE',  ( 32.64349145853033463, -75.72659573977639980, -1.959110472903348388 ) ) ;
#1798 = EDGE_CURVE ( 'NONE', #2387, #1400, #2368, .T. ) ;
#1799 = CARTESIAN_POINT ( 'NONE',  ( 76.89347670192228179, -119.9765809831683328, -20.00000000000000355 ) ) ;
#1800 = ORIENTED_EDGE ( 'NONE', *, *, #1536, .T. ) ;
#1801 = LINE ( 'NONE', #106, #1266 ) ;
#1802 = FACE_OUTER_BOUND ( 'NONE', #726, .T. ) ;
#1803 = LINE ( 'NONE', #1542, #2009 ) ;
#1804 = EDGE_LOOP ( 'NONE', ( #2098, #1677, #1346, #1430, #2347 ) ) ;
#1805 = CARTESIAN_POINT ( 'NONE',  ( 50.57879265101396271, -128.3101292104016977, 2.834592889329571097 ) ) ;
#1806 = ORIENTED_EDGE ( 'NONE', *, *, #231, .F. ) ;
#1807 = CARTESIAN_POINT ( 'NONE',  ( 44.52341901683162462, -114.4765809831683328, -20.00000000000000355 ) ) ;
#1808 = LINE ( 'NONE', #1098, #1503 ) ;
#1809 = AXIS2_PLACEMENT_3D ( 'NONE', #342, #2016, #2379 ) ;
#1810 = EDGE_LOOP ( 'NONE', ( #1685, #56, #473, #2325, #2025, #593 ) ) ;
#1811 = EDGE_CURVE ( 'NONE', #1764, #2420, #1995, .T. ) ;
#1812 = CIRCLE ( 'NONE', #1308, 3.000000000000002665 ) ;
#1813 = VERTEX_POINT ( 'NONE', #761 ) ;
#1814 = AXIS2_PLACEMENT_3D ( 'NONE', #67, #836, #2006 ) ;
#1815 = CARTESIAN_POINT ( 'NONE',  ( 38.48386237739238425, -108.4370243437290782, 2.171633005125797933 ) ) ;
#1816 = FACE_OUTER_BOUND ( 'NONE', #347, .T. ) ;
#1817 = AXIS2_PLACEMENT_3D ( 'NONE', #2032, #943, #1117 ) ;
#1818 = ORIENTED_EDGE ( 'NONE', *, *, #2353, .F. ) ;
#1819 = LINE ( 'NONE', #1094, #685 ) ;
#1820 = CIRCLE ( 'NONE', #1817, 1.600000000000004086 ) ;
#1821 = ORIENTED_EDGE ( 'NONE', *, *, #172, .F. ) ;
#1822 = VECTOR ( 'NONE', #535, 1000.000000000000000 ) ;
#1823 = DIRECTION ( 'NONE',  ( -0.000000000000000000, 1.000000000000000000, 0.000000000000000000 ) ) ;
#1824 = AXIS2_PLACEMENT_3D ( 'NONE', #889, #1250, #2203 ) ;
#1825 = DIRECTION ( 'NONE',  ( -1.000000000000000000, -1.210272192542009645E-16, 0.000000000000000000 ) ) ;
#1826 = EDGE_LOOP ( 'NONE', ( #2417, #2183, #344, #460 ) ) ;
#1827 = CARTESIAN_POINT ( 'NONE',  ( 57.52341901683162462, -127.4765809831683328, -20.00000000000000355 ) ) ;
#1828 = ADVANCED_FACE ( 'NONE', ( #392 ), #956, .F. ) ;
#1829 = DIRECTION ( 'NONE',  ( -0.000000000000000000, -0.000000000000000000, -1.000000000000000000 ) ) ;
#1830 = CARTESIAN_POINT ( 'NONE',  ( -10.00000000000000178, -10.30492968819588206, 0.000000000000000000 ) ) ;
#1831 = EDGE_CURVE ( 'NONE', #1179, #304, #161, .T. ) ;
#1832 = ORIENTED_EDGE ( 'NONE', *, *, #833, .T. ) ;
#1833 = DIRECTION ( 'NONE',  ( -0.000000000000000000, -0.000000000000000000, 1.000000000000000000 ) ) ;
#1834 = CARTESIAN_POINT ( 'NONE',  ( 47.85651922413825332, -125.5878557835260239, 3.699999999998589750 ) ) ;
#1835 = ORIENTED_EDGE ( 'NONE', *, *, #797, .F. ) ;
#1836 = DIRECTION ( 'NONE',  ( -0.000000000000000000, 1.000000000000000000, -0.000000000000000000 ) ) ;
#1837 = CARTESIAN_POINT ( 'NONE',  ( 87.89347670192228179, -133.8050081079145741, -20.00000000000000355 ) ) ;
#1838 = ORIENTED_EDGE ( 'NONE', *, *, #2081, .T. ) ;
#1839 = DIRECTION ( 'NONE',  ( 0.8164321540053108839, 0.000000000000000000, 0.5774413718346204094 ) ) ;
#1840 = ORIENTED_EDGE ( 'NONE', *, *, #1569, .T. ) ;
#1841 = DIRECTION ( 'NONE',  ( 0.000000000000000000, 0.000000000000000000, 1.000000000000000000 ) ) ;
#1842 = CARTESIAN_POINT ( 'NONE',  ( 18.00000000000000000, -10.30492968819588206, 15.00000000000000000 ) ) ;
#1843 = ORIENTED_EDGE ( 'NONE', *, *, #329, .T. ) ;
#1844 = EDGE_CURVE ( 'NONE', #1112, #914, #1862, .T. ) ;
#1845 = LINE ( 'NONE', #154, #1124 ) ;
#1846 = ORIENTED_EDGE ( 'NONE', *, *, #1675, .T. ) ;
#1847 = AXIS2_PLACEMENT_3D ( 'NONE', #403, #2257, #163 ) ;
#1848 = VERTEX_POINT ( 'NONE', #2252 ) ;
#1849 = DIRECTION ( 'NONE',  ( 1.000000000000000000, 0.000000000000000000, 0.000000000000000000 ) ) ;
#1850 = CARTESIAN_POINT ( 'NONE',  ( 0.000000000000000000, -25.30492968819588029, 12.00000000000000000 ) ) ;
#1851 = VECTOR ( 'NONE', #1192, 1000.000000000000000 ) ;
#1852 = VECTOR ( 'NONE', #471, 1000.000000000000000 ) ;
#1853 = ORIENTED_EDGE ( 'NONE', *, *, #2232, .T. ) ;
#1854 = DIRECTION ( 'NONE',  ( 0.7071067811865532349, -0.7071067811865416886, -0.000000000000000000 ) ) ;
#1855 =( GEOMETRIC_REPRESENTATION_CONTEXT ( 3 ) GLOBAL_UNCERTAINTY_ASSIGNED_CONTEXT ( ( #824 ) ) GLOBAL_UNIT_ASSIGNED_CONTEXT ( ( #1053, #500, #2371 ) ) REPRESENTATION_CONTEXT ( 'NONE', 'WORKASPACE' ) );
#1856 = DIRECTION ( 'NONE',  ( -0.000000000000000000, -0.000000000000000000, -1.000000000000000000 ) ) ;
#1857 = EDGE_CURVE ( 'NONE', #320, #1211, #1481, .T. ) ;
#1858 = ORIENTED_EDGE ( 'NONE', *, *, #2221, .T. ) ;
#1859 = DIRECTION ( 'NONE',  ( 0.7071067811865474617, -0.7071067811865474617, 0.000000000000000000 ) ) ;
#1860 = AXIS2_PLACEMENT_3D ( 'NONE', #1042, #299, #1782 ) ;
#1861 = VECTOR ( 'NONE', #2104, 1000.000000000000000 ) ;
#1862 = LINE ( 'NONE', #1154, #447 ) ;
#1863 = VERTEX_POINT ( 'NONE', #180 ) ;
#1864 = CIRCLE ( 'NONE', #1090, 2.999999999999999112 ) ;
#1865 = DIRECTION ( 'NONE',  ( 0.000000000000000000, 0.000000000000000000, 1.000000000000000000 ) ) ;
#1866 = ORIENTED_EDGE ( 'NONE', *, *, #1376, .T. ) ;
#1867 = CARTESIAN_POINT ( 'NONE',  ( 116.6950703118059209, -151.9999999999999716, -20.00000000000000355 ) ) ;
#1868 = EDGE_LOOP ( 'NONE', ( #1553, #827, #2108, #1929 ) ) ;
#1869 = LINE ( 'NONE', #1293, #1974 ) ;
#1870 = CARTESIAN_POINT ( 'NONE',  ( -2.999999999999999112, -25.30492968819588029, 12.00000000000000000 ) ) ;
#1871 = EDGE_LOOP ( 'NONE', ( #1534, #2062, #393, #815 ) ) ;
#1872 = LINE ( 'NONE', #1881, #1574 ) ;
#1873 = CARTESIAN_POINT ( 'NONE',  ( 82.39347670192228179, -129.4765809831683328, 0.000000000000000000 ) ) ;
#1874 = ORIENTED_EDGE ( 'NONE', *, *, #575, .T. ) ;
#1875 = EDGE_CURVE ( 'NONE', #523, #1333, #1894, .T. ) ;
#1876 = LINE ( 'NONE', #1596, #1473 ) ;
#1877 = ORIENTED_EDGE ( 'NONE', *, *, #557, .T. ) ;
#1878 = CARTESIAN_POINT ( 'NONE',  ( 21.65336133174085376, -87.60652329807768979, 0.000000000000000000 ) ) ;
#1879 = CARTESIAN_POINT ( 'NONE',  ( 52.85184614157781624, -95.93495042282386009, 1.226687497608616395 ) ) ;
#1880 = ORIENTED_EDGE ( 'NONE', *, *, #896, .T. ) ;
#1881 = CARTESIAN_POINT ( 'NONE',  ( 50.02341901683162462, -119.9765809831683328, 15.00000000000000000 ) ) ;
#1882 = DIRECTION ( 'NONE',  ( 0.000000000000000000, -1.000000000000000000, 0.000000000000000000 ) ) ;
#1883 = ORIENTED_EDGE ( 'NONE', *, *, #1456, .T. ) ;
#1884 = DIRECTION ( 'NONE',  ( 0.000000000000000000, -1.000000000000000000, -0.000000000000000000 ) ) ;
#1885 = EDGE_LOOP ( 'NONE', ( #717, #1272, #2181, #1592 ) ) ;
#1886 = ADVANCED_FACE ( 'NONE', ( #1340 ), #2091, .T. ) ;
#1887 = EDGE_CURVE ( 'NONE', #823, #2420, #1168, .T. ) ;
#1888 = VECTOR ( 'NONE', #1254, 1000.000000000000000 ) ;
#1889 = LINE ( 'NONE', #591, #159 ) ;
#1890 = AXIS2_PLACEMENT_3D ( 'NONE', #80, #461, #627 ) ;
#1891 = DIRECTION ( 'NONE',  ( -0.000000000000000000, -0.000000000000000000, 1.000000000000000000 ) ) ;
#1892 = VERTEX_POINT ( 'NONE', #1501 ) ;
#1893 = VECTOR ( 'NONE', #942, 1000.000000000000114 ) ;
#1894 = LINE ( 'NONE', #1321, #1085 ) ;
#1895 = VERTEX_POINT ( 'NONE', #359 ) ;
#1896 = VECTOR ( 'NONE', #1006, 1000.000000000000000 ) ;
#1897 = CARTESIAN_POINT ( 'NONE',  ( 102.2686634406130963, -180.0000000000000000, 15.00000000000000000 ) ) ;
#1898 = LINE ( 'NONE', #1707, #576 ) ;
#1899 = ORIENTED_EDGE ( 'NONE', *, *, #1089, .T. ) ;
#1900 = EDGE_CURVE ( 'NONE', #1728, #1206, #1504, .T. ) ;
#1901 = VECTOR ( 'NONE', #1370, 1000.000000000000227 ) ;
#1902 = CARTESIAN_POINT ( 'NONE',  ( 87.89347670192228179, -153.8466386682590041, 0.000000000000000000 ) ) ;
#1903 = CARTESIAN_POINT ( 'NONE',  ( 9.999999999999998224, -10.30492968819588206, 0.000000000000000000 ) ) ;
#1904 = EDGE_CURVE ( 'NONE', #1548, #133, #774, .T. ) ;
#1905 = DIRECTION ( 'NONE',  ( 0.7071067811865500152, -0.7071067811865451302, 0.000000000000000000 ) ) ;
#1906 = ORIENTED_EDGE ( 'NONE', *, *, #1536, .F. ) ;
#1907 = FACE_BOUND ( 'NONE', #1594, .T. ) ;
#1908 = CARTESIAN_POINT ( 'NONE',  ( 0.000000000000000000, -50.30492968819588384, 15.00000000000000000 ) ) ;
#1909 = ORIENTED_EDGE ( 'NONE', *, *, #428, .T. ) ;
#1910 = DIRECTION ( 'NONE',  ( -0.000000000000000000, -0.000000000000000000, 1.000000000000000000 ) ) ;
#1911 = CARTESIAN_POINT ( 'NONE',  ( 19.65336133174090705, -89.60652329807760452, 15.00000000000000000 ) ) ;
#1912 = ORIENTED_EDGE ( 'NONE', *, *, #1794, .T. ) ;
#1913 = CARTESIAN_POINT ( 'NONE',  ( 82.39347670192228179, -149.5182115435127912, 15.00000000000000000 ) ) ;
#1914 = ADVANCED_FACE ( 'NONE', ( #969 ), #2410, .F. ) ;
#1915 = CARTESIAN_POINT ( 'NONE',  ( 9.999999999999998224, -70.30492968819406485, -5.000000000000004441 ) ) ;
#1916 = CARTESIAN_POINT ( 'NONE',  ( 59.52341901683162462, -125.4765809831683328, 0.000000000000000000 ) ) ;
#1917 = ORIENTED_EDGE ( 'NONE', *, *, #529, .T. ) ;
#1918 = EDGE_CURVE ( 'NONE', #1206, #1728, #1313, .T. ) ;
#1919 = CARTESIAN_POINT ( 'NONE',  ( 74.89347670192231021, -117.9765809831683612, 15.00000000000000000 ) ) ;
#1920 = LINE ( 'NONE', #434, #805 ) ;
#1921 = ORIENTED_EDGE ( 'NONE', *, *, #664, .T. ) ;
#1922 = PLANE ( 'NONE',  #566 ) ;
#1923 = DIRECTION ( 'NONE',  ( -0.6324255876883195793, 0.6324255876883093652, -0.4472982808755028294 ) ) ;
#1924 = DIRECTION ( 'NONE',  ( -0.000000000000000000, -0.000000000000000000, 1.000000000000000000 ) ) ;
#1925 = VERTEX_POINT ( 'NONE', #751 ) ;
#1926 = DIRECTION ( 'NONE',  ( 0.000000000000000000, 0.000000000000000000, -1.000000000000000000 ) ) ;
#1927 = DIRECTION ( 'NONE',  ( 1.000000000000000000, 0.000000000000000000, 0.000000000000000000 ) ) ;
#1928 = LINE ( 'NONE', #494, #1469 ) ;
#1929 = ORIENTED_EDGE ( 'NONE', *, *, #2115, .T. ) ;
#1930 = VECTOR ( 'NONE', #1839, 1000.000000000000000 ) ;
#1931 = EDGE_CURVE ( 'NONE', #765, #1892, #2061, .T. ) ;
#1932 = CARTESIAN_POINT ( 'NONE',  ( 76.89347670192228179, -119.9765809831683328, 15.00000000000000000 ) ) ;
#1933 = VECTOR ( 'NONE', #424, 1000.000000000000000 ) ;
#1934 = ORIENTED_EDGE ( 'NONE', *, *, #428, .F. ) ;
#1935 = VECTOR ( 'NONE', #1027, 1000.000000000000000 ) ;
#1936 = EDGE_CURVE ( 'NONE', #701, #2133, #243, .T. ) ;
#1937 = DIRECTION ( 'NONE',  ( -0.000000000000000000, -0.000000000000000000, -1.000000000000000000 ) ) ;
#1938 = ORIENTED_EDGE ( 'NONE', *, *, #147, .F. ) ;
#1939 = CIRCLE ( 'NONE', #1467, 3.000000000000004885 ) ;
#1940 = LINE ( 'NONE', #2293, #2276 ) ;
#1941 = LINE ( 'NONE', #1363, #198 ) ;
#1942 = VECTOR ( 'NONE', #725, 1000.000000000000114 ) ;
#1943 = ORIENTED_EDGE ( 'NONE', *, *, #124, .F. ) ;
#1944 = FACE_OUTER_BOUND ( 'NONE', #1221, .T. ) ;
#1945 = VERTEX_POINT ( 'NONE', #1560 ) ;
#1946 = CARTESIAN_POINT ( 'NONE',  ( 159.6950703118059494, -180.0000000000000000, 15.00000000000000000 ) ) ;
#1947 = CARTESIAN_POINT ( 'NONE',  ( 40.52341901683159620, -87.60652329807768979, 2.947981414147012202 ) ) ;
#1948 = DIRECTION ( 'NONE',  ( 0.000000000000000000, 0.000000000000000000, -1.000000000000000000 ) ) ;
#1949 = VERTEX_POINT ( 'NONE', #2320 ) ;
#1950 = EDGE_CURVE ( 'NONE', #2155, #1320, #810, .T. ) ;
#1951 = CARTESIAN_POINT ( 'NONE',  ( 116.6950703118059494, -169.9999999999999716, 12.00000000000000000 ) ) ;
#1952 = EDGE_CURVE ( 'NONE', #1699, #2117, #270, .T. ) ;
#1953 = CARTESIAN_POINT ( 'NONE',  ( 18.00000000000001421, -53.30492968819405775, -20.00000000000000355 ) ) ;
#1954 = ORIENTED_EDGE ( 'NONE', *, *, #2042, .T. ) ;
#1955 = CARTESIAN_POINT ( 'NONE',  ( 35.41343635916146582, -87.60652329807768979, -5.204170427930421283E-15 ) ) ;
#1956 = DIRECTION ( 'NONE',  ( 0.000000000000000000, 0.000000000000000000, 1.000000000000000000 ) ) ;
#1957 = ORIENTED_EDGE ( 'NONE', *, *, #1364, .T. ) ;
#1958 = PLANE ( 'NONE',  #483 ) ;
#1959 = CARTESIAN_POINT ( 'NONE',  ( 141.6950703118059494, -169.9999999999999716, 12.00000000000000000 ) ) ;
#1960 = VERTEX_POINT ( 'NONE', #2141 ) ;
#1961 = CARTESIAN_POINT ( 'NONE',  ( -23.54155214062360457, -23.54155214062393142, 0.000000000000000000 ) ) ;
#1962 = EDGE_CURVE ( 'NONE', #1848, #1295, #2333, .T. ) ;
#1963 = DIRECTION ( 'NONE',  ( -0.000000000000000000, -0.000000000000000000, 1.000000000000000000 ) ) ;
#1964 = EDGE_CURVE ( 'NONE', #770, #1945, #1920, .T. ) ;
#1965 = ORIENTED_EDGE ( 'NONE', *, *, #2039, .F. ) ;
#1966 = DIRECTION ( 'NONE',  ( 0.000000000000000000, 0.000000000000000000, -1.000000000000000000 ) ) ;
#1967 = CARTESIAN_POINT ( 'NONE',  ( 87.89347670192228179, -133.8050081079145741, 15.00000000000000000 ) ) ;
#1968 = ORIENTED_EDGE ( 'NONE', *, *, #169, .T. ) ;
#1969 = CARTESIAN_POINT ( 'NONE',  ( 54.58656364083866208, -132.3179002002264895, -1.087692360992074925E-15 ) ) ;
#1970 = AXIS2_PLACEMENT_3D ( 'NONE', #2341, #1604, #1980 ) ;
#1971 = AXIS2_PLACEMENT_3D ( 'NONE', #1436, #1775, #86 ) ;
#1972 = CARTESIAN_POINT ( 'NONE',  ( 18.00000000000000000, -53.30492968819405775, -5.000000000000004441 ) ) ;
#1973 = ORIENTED_EDGE ( 'NONE', *, *, #1630, .T. ) ;
#1974 = VECTOR ( 'NONE', #767, 1000.000000000000000 ) ;
#1975 = LINE ( 'NONE', #1240, #642 ) ;
#1976 = LINE ( 'NONE', #2351, #1236 ) ;
#1977 = DIRECTION ( 'NONE',  ( 0.000000000000000000, 0.000000000000000000, -1.000000000000000000 ) ) ;
#1978 = VECTOR ( 'NONE', #1311, 1000.000000000000000 ) ;
#1979 = EDGE_CURVE ( 'NONE', #162, #554, #1210, .T. ) ;
#1980 = DIRECTION ( 'NONE',  ( 1.000000000000000000, 0.000000000000000000, -0.000000000000000000 ) ) ;
#1981 = ORIENTED_EDGE ( 'NONE', *, *, #2412, .F. ) ;
#1982 = FACE_OUTER_BOUND ( 'NONE', #256, .T. ) ;
#1983 = EDGE_CURVE ( 'NONE', #1945, #1514, #1743, .T. ) ;
#1984 = AXIS2_PLACEMENT_3D ( 'NONE', #2255, #599, #194 ) ;
#1985 = CARTESIAN_POINT ( 'NONE',  ( 110.7635343870129248, -157.8466386682589757, 15.00000000000000000 ) ) ;
#1986 = ORIENTED_EDGE ( 'NONE', *, *, #1857, .T. ) ;
#1987 = FACE_OUTER_BOUND ( 'NONE', #397, .T. ) ;
#1988 = DIRECTION ( 'NONE',  ( -0.7071067811865474617, 0.7071067811865475727, 0.000000000000000000 ) ) ;
#1989 = VERTEX_POINT ( 'NONE', #1390 ) ;
#1990 = CARTESIAN_POINT ( 'NONE',  ( 116.6950703118059209, -151.9999999999999716, 15.00000000000000000 ) ) ;
#1991 = EDGE_LOOP ( 'NONE', ( #105, #1199, #2217, #275, #921 ) ) ;
#1992 = DIRECTION ( 'NONE',  ( -0.000000000000000000, -0.000000000000000000, -1.000000000000000000 ) ) ;
#1993 = LINE ( 'NONE', #98, #480 ) ;
#1994 = ORIENTED_EDGE ( 'NONE', *, *, #514, .T. ) ;
#1995 =( BOUNDED_CURVE ( )  B_SPLINE_CURVE ( 3, ( #8, #374, #552, #937 ),
 .UNSPECIFIED., .F., .F. ) 
 B_SPLINE_CURVE_WITH_KNOTS ( ( 4, 4 ),
 ( 4.096797689814920318, 4.712388980384689674 ),
 .UNSPECIFIED. ) 
 CURVE ( )  GEOMETRIC_REPRESENTATION_ITEM ( )  RATIONAL_B_SPLINE_CURVE ( ( 1.000000000000000000, 0.9686691420038018308, 0.9686691420038018308, 1.000000000000000000 ) ) 
 REPRESENTATION_ITEM ( '' )  );
#1996 = CARTESIAN_POINT ( 'NONE',  ( -10.00000000000000178, -10.30492968819588206, 15.00000000000000000 ) ) ;
#1997 = EDGE_CURVE ( 'NONE', #1400, #2387, #1541, .T. ) ;
#1998 = ORIENTED_EDGE ( 'NONE', *, *, #1900, .T. ) ;
#1999 = FACE_OUTER_BOUND ( 'NONE', #285, .T. ) ;
#2000 = CARTESIAN_POINT ( 'NONE',  ( 159.6950703118059494, -151.9999999999999716, 15.00000000000000000 ) ) ;
#2001 = ORIENTED_EDGE ( 'NONE', *, *, #147, .T. ) ;
#2002 = DIRECTION ( 'NONE',  ( 0.000000000000000000, 0.000000000000000000, 1.000000000000000000 ) ) ;
#2003 = ORIENTED_EDGE ( 'NONE', *, *, #597, .F. ) ;
#2004 = CARTESIAN_POINT ( 'NONE',  ( 116.6950703118059209, -151.9999999999999716, -20.00000000000000355 ) ) ;
#2005 = VERTEX_POINT ( 'NONE', #1767 ) ;
#2006 = DIRECTION ( 'NONE',  ( 0.000000000000000000, 0.000000000000000000, -1.000000000000000000 ) ) ;
#2007 = ADVANCED_FACE ( 'NONE', ( #422 ), #1028, .F. ) ;
#2008 = CARTESIAN_POINT ( 'NONE',  ( 3.000000000000004885, -50.30492968819588384, 15.00000000000000000 ) ) ;
#2009 = VECTOR ( 'NONE', #1760, 1000.000000000000000 ) ;
#2010 = ORIENTED_EDGE ( 'NONE', *, *, #632, .F. ) ;
#2011 = VECTOR ( 'NONE', #373, 1000.000000000000000 ) ;
#2012 = CARTESIAN_POINT ( 'NONE',  ( -1.599999999999991651, -50.30492968819588384, 0.000000000000000000 ) ) ;
#2013 = CARTESIAN_POINT ( 'NONE',  ( 0.000000000000000000, 0.000000000000000000, 0.000000000000000000 ) ) ;
#2014 = VECTOR ( 'NONE', #23, 1000.000000000000000 ) ;
#2015 = PLANE ( 'NONE',  #1971 ) ;
#2016 = DIRECTION ( 'NONE',  ( -2.453269466693407298E-15, -1.000000000000000000, -0.000000000000000000 ) ) ;
#2017 = AXIS2_PLACEMENT_3D ( 'NONE', #1141, #748, #919 ) ;
#2018 = ORIENTED_EDGE ( 'NONE', *, *, #2131, .T. ) ;
#2019 = CARTESIAN_POINT ( 'NONE',  ( 119.6950703118059636, -169.9999999999999716, 12.00000000000000000 ) ) ;
#2020 = CARTESIAN_POINT ( 'NONE',  ( -1.467233852377214895E-12, -149.5182115435119954, 0.000000000000000000 ) ) ;
#2021 = VERTEX_POINT ( 'NONE', #1178 ) ;
#2022 = CARTESIAN_POINT ( 'NONE',  ( 18.00000000000001421, -53.30492968819405775, 15.00000000000000000 ) ) ;
#2023 = CIRCLE ( 'NONE', #894, 1.600000000000004086 ) ;
#2024 = CARTESIAN_POINT ( 'NONE',  ( 88.48538829037714493, -166.2167248497642618, -23.97576297452310001 ) ) ;
#2025 = ORIENTED_EDGE ( 'NONE', *, *, #557, .F. ) ;
#2026 = ADVANCED_FACE ( 'NONE', ( #981 ), #1402, .T. ) ;
#2027 = EDGE_CURVE ( 'NONE', #1696, #1018, #1939, .T. ) ;
#2028 = LINE ( 'NONE', #109, #1533 ) ;
#2029 = ADVANCED_FACE ( 'NONE', ( #1944 ), #1017, .F. ) ;
#2030 = EDGE_LOOP ( 'NONE', ( #1029, #1853, #2228, #1706 ) ) ;
#2031 = DIRECTION ( 'NONE',  ( 0.000000000000000000, -1.000000000000000000, -0.000000000000000000 ) ) ;
#2032 = CARTESIAN_POINT ( 'NONE',  ( 119.6950703118059636, -169.9999999999999716, 0.000000000000000000 ) ) ;
#2033 = EDGE_LOOP ( 'NONE', ( #1251, #911, #1248, #2322 ) ) ;
#2034 = CARTESIAN_POINT ( 'NONE',  ( 116.6950703118059209, -159.9999999999999716, -20.00000000000000355 ) ) ;
#2035 = DIRECTION ( 'NONE',  ( -0.7071067811865475727, 0.7071067811865474617, 0.000000000000000000 ) ) ;
#2036 = VERTEX_POINT ( 'NONE', #1220 ) ;
#2037 = VERTEX_POINT ( 'NONE', #1967 ) ;
#2038 = DIRECTION ( 'NONE',  ( 0.000000000000000000, -1.000000000000000000, 0.000000000000000000 ) ) ;
#2039 = EDGE_CURVE ( 'NONE', #1287, #1960, #1715, .T. ) ;
#2040 = VERTEX_POINT ( 'NONE', #1549 ) ;
#2041 = FACE_OUTER_BOUND ( 'NONE', #1052, .T. ) ;
#2042 = EDGE_CURVE ( 'NONE', #304, #565, #1645, .T. ) ;
#2043 = DIRECTION ( 'NONE',  ( 0.000000000000000000, 1.000000000000000000, 0.000000000000000000 ) ) ;
#2044 = VERTEX_POINT ( 'NONE', #611 ) ;
#2045 = CARTESIAN_POINT ( 'NONE',  ( 146.2950703118059437, -169.9999999999999716, -20.00000000000000355 ) ) ;
#2046 = DIRECTION ( 'NONE',  ( -0.7071067811865425767, -0.7071067811865524577, -0.000000000000000000 ) ) ;
#2047 = ORIENTED_EDGE ( 'NONE', *, *, #560, .F. ) ;
#2048 = LINE ( 'NONE', #173, #657 ) ;
#2049 = ORIENTED_EDGE ( 'NONE', *, *, #103, .T. ) ;
#2050 = PLANE ( 'NONE',  #1616 ) ;
#2051 = VECTOR ( 'NONE', #1757, 1000.000000000000000 ) ;
#2052 = VECTOR ( 'NONE', #1836, 1000.000000000000000 ) ;
#2053 = VERTEX_POINT ( 'NONE', #991 ) ;
#2054 = ADVANCED_FACE ( 'NONE', ( #1726 ), #41, .F. ) ;
#2055 = DIRECTION ( 'NONE',  ( 1.000000000000000000, 0.000000000000000000, 0.000000000000000000 ) ) ;
#2056 = VECTOR ( 'NONE', #709, 1000.000000000000000 ) ;
#2057 = FACE_OUTER_BOUND ( 'NONE', #946, .T. ) ;
#2058 = ORIENTED_EDGE ( 'NONE', *, *, #1615, .T. ) ;
#2059 = EDGE_CURVE ( 'NONE', #2037, #2036, #1623, .T. ) ;
#2060 = VECTOR ( 'NONE', #258, 1000.000000000000000 ) ;
#2061 = LINE ( 'NONE', #1135, #2249 ) ;
#2062 = ORIENTED_EDGE ( 'NONE', *, *, #1137, .T. ) ;
#2063 = VECTOR ( 'NONE', #1373, 1000.000000000000000 ) ;
#2064 = DIRECTION ( 'NONE',  ( 0.000000000000000000, -1.000000000000000000, 0.000000000000000000 ) ) ;
#2065 = ORIENTED_EDGE ( 'NONE', *, *, #1092, .T. ) ;
#2066 = CARTESIAN_POINT ( 'NONE',  ( 1.599999999999991651, -50.30492968819588384, 0.000000000000000000 ) ) ;
#2067 = FACE_BOUND ( 'NONE', #2302, .T. ) ;
#2068 = ORIENTED_EDGE ( 'NONE', *, *, #1468, .F. ) ;
#2069 = LINE ( 'NONE', #7, #643 ) ;
#2070 = ADVANCED_FACE ( 'NONE', ( #2344 ), #90, .T. ) ;
#2071 = CARTESIAN_POINT ( 'NONE',  ( 0.000000000000000000, -50.30492968819588384, -20.00000000000000355 ) ) ;
#2072 = ORIENTED_EDGE ( 'NONE', *, *, #12, .T. ) ;
#2073 = EDGE_CURVE ( 'NONE', #2036, #554, #2373, .T. ) ;
#2074 = DIRECTION ( 'NONE',  ( 0.000000000000000000, 0.000000000000000000, 1.000000000000000000 ) ) ;
#2075 = ORIENTED_EDGE ( 'NONE', *, *, #341, .T. ) ;
#2076 = CARTESIAN_POINT ( 'NONE',  ( -34.97658098316834696, -34.97658098316834696, 0.000000000000000000 ) ) ;
#2077 = CARTESIAN_POINT ( 'NONE',  ( 91.89347670192228179, -157.8466386682589757, 15.00000000000000000 ) ) ;
#2078 = VERTEX_POINT ( 'NONE', #860 ) ;
#2079 = DIRECTION ( 'NONE',  ( 0.000000000000000000, 0.000000000000000000, 1.000000000000000000 ) ) ;
#2080 = ORIENTED_EDGE ( 'NONE', *, *, #1690, .T. ) ;
#2081 = EDGE_CURVE ( 'NONE', #857, #823, #2413, .T. ) ;
#2082 = LINE ( 'NONE', #396, #127 ) ;
#2083 = VERTEX_POINT ( 'NONE', #2004 ) ;
#2084 = VECTOR ( 'NONE', #1362, 1000.000000000000000 ) ;
#2085 = LINE ( 'NONE', #186, #153 ) ;
#2086 = AXIS2_PLACEMENT_3D ( 'NONE', #1035, #668, #2352 ) ;
#2087 = DIRECTION ( 'NONE',  ( 1.000000000000000000, 0.000000000000000000, 0.000000000000000000 ) ) ;
#2088 = EDGE_LOOP ( 'NONE', ( #1671, #704, #2195, #515 ) ) ;
#2089 = DIRECTION ( 'NONE',  ( 1.000000000000000000, 0.000000000000000000, 0.000000000000000000 ) ) ;
#2090 = VECTOR ( 'NONE', #2, 1000.000000000000000 ) ;
#2091 = PLANE ( 'NONE',  #688 ) ;
#2092 = VERTEX_POINT ( 'NONE', #502 ) ;
#2093 = VECTOR ( 'NONE', #1368, 1000.000000000000000 ) ;
#2094 = DIRECTION ( 'NONE',  ( -0.000000000000000000, 0.000000000000000000, 1.000000000000000000 ) ) ;
#2095 = PRODUCT_DEFINITION_FORMATION_WITH_SPECIFIED_SOURCE ( 'ä»', '', #741, .NOT_KNOWN. ) ;
#2096 = LINE ( 'NONE', #1897, #2051 ) ;
#2097 = DIRECTION ( 'NONE',  ( 0.000000000000000000, 0.000000000000000000, 1.000000000000000000 ) ) ;
#2098 = ORIENTED_EDGE ( 'NONE', *, *, #675, .T. ) ;
#2099 = AXIS2_PLACEMENT_3D ( 'NONE', #1837, #1626, #516 ) ;
#2100 = EDGE_CURVE ( 'NONE', #1895, #88, #1247, .T. ) ;
#2101 = CARTESIAN_POINT ( 'NONE',  ( -3.000000000000004885, -50.30492968819588384, 12.00000000000000000 ) ) ;
#2102 = CARTESIAN_POINT ( 'NONE',  ( -10.00000000000000178, -67.73133655938873687, 0.000000000000000000 ) ) ;
#2103 = EDGE_CURVE ( 'NONE', #113, #94, #1635, .T. ) ;
#2104 = DIRECTION ( 'NONE',  ( 1.000000000000000000, 0.000000000000000000, 0.000000000000000000 ) ) ;
#2105 = ORIENTED_EDGE ( 'NONE', *, *, #2103, .T. ) ;
#2106 = DIRECTION ( 'NONE',  ( 0.7071067811865474617, -0.7071067811865474617, -0.000000000000000000 ) ) ;
#2107 = CARTESIAN_POINT ( 'NONE',  ( 41.81470327496347039, -88.89780755620957109, 3.394424637142503531 ) ) ;
#2108 = ORIENTED_EDGE ( 'NONE', *, *, #16, .F. ) ;
#2109 = FACE_OUTER_BOUND ( 'NONE', #2030, .T. ) ;
#2110 = LINE ( 'NONE', #1718, #680 ) ;
#2111 = CARTESIAN_POINT ( 'NONE',  ( 9.999999999999998224, -45.30492968819588384, 0.000000000000000000 ) ) ;
#2112 = ORIENTED_EDGE ( 'NONE', *, *, #384, .T. ) ;
#2113 = DIRECTION ( 'NONE',  ( -0.000000000000000000, 1.000000000000000000, -0.000000000000000000 ) ) ;
#2114 = CARTESIAN_POINT ( 'NONE',  ( 50.02341901683162462, -95.93495042282386009, 15.00000000000000000 ) ) ;
#2115 = EDGE_CURVE ( 'NONE', #73, #523, #710, .T. ) ;
#2116 = CARTESIAN_POINT ( 'NONE',  ( 87.89347670192228179, -153.8466386682590041, 15.00000000000000000 ) ) ;
#2117 = VERTEX_POINT ( 'NONE', #1985 ) ;
#2118 = DIRECTION ( 'NONE',  ( 1.000000000000000000, 0.000000000000000000, 0.000000000000000000 ) ) ;
#2119 = CARTESIAN_POINT ( 'NONE',  ( 44.52341901683162462, -91.60652329807768979, 3.691708095283194879 ) ) ;
#2120 = ORIENTED_EDGE ( 'NONE', *, *, #329, .F. ) ;
#2121 = DIRECTION ( 'NONE',  ( -0.000000000000000000, 1.000000000000000000, -0.000000000000000000 ) ) ;
#2122 = CARTESIAN_POINT ( 'NONE',  ( 144.6950703118059494, -169.9999999999999716, 15.00000000000000000 ) ) ;
#2123 = CARTESIAN_POINT ( 'NONE',  ( 0.000000000000000000, -25.30492968819588029, 11.99999999999999645 ) ) ;
#2124 = ORIENTED_EDGE ( 'NONE', *, *, #1634, .T. ) ;
#2125 = PLANE ( 'NONE',  #540 ) ;
#2126 = DIRECTION ( 'NONE',  ( -0.000000000000000000, 0.000000000000000000, 1.000000000000000000 ) ) ;
#2127 = ORIENTED_EDGE ( 'NONE', *, *, #197, .F. ) ;
#2128 = LINE ( 'NONE', #1593, #2132 ) ;
#2129 = VECTOR ( 'NONE', #862, 1000.000000000000000 ) ;
#2130 = CARTESIAN_POINT ( 'NONE',  ( 40.52341901683159620, -87.60652329807768979, -20.00000000000000355 ) ) ;
#2131 = EDGE_CURVE ( 'NONE', #823, #2423, #225, .T. ) ;
#2132 = VECTOR ( 'NONE', #2343, 1000.000000000000000 ) ;
#2133 = VERTEX_POINT ( 'NONE', #2200 ) ;
#2134 = VECTOR ( 'NONE', #587, 1000.000000000000000 ) ;
#2135 = CARTESIAN_POINT ( 'NONE',  ( 119.6950703118059636, -169.9999999999999716, 12.00000000000000000 ) ) ;
#2136 = ORIENTED_EDGE ( 'NONE', *, *, #926, .T. ) ;
#2137 = CARTESIAN_POINT ( 'NONE',  ( 35.41343635916146582, -143.3049296881958696, -5.204170427930421283E-15 ) ) ;
#2138 = DIRECTION ( 'NONE',  ( 0.000000000000000000, 0.000000000000000000, -1.000000000000000000 ) ) ;
#2139 = AXIS2_PLACEMENT_3D ( 'NONE', #1799, #1444, #2035 ) ;
#2140 = ORIENTED_EDGE ( 'NONE', *, *, #1794, .F. ) ;
#2141 = CARTESIAN_POINT ( 'NONE',  ( 35.41343635916145871, -81.71650595574784859, 0.000000000000000000 ) ) ;
#2142 = ORIENTED_EDGE ( 'NONE', *, *, #231, .T. ) ;
#2143 = EDGE_CURVE ( 'NONE', #2005, #426, #928, .T. ) ;
#2144 = CARTESIAN_POINT ( 'NONE',  ( 40.52341901683159620, -87.60652329807768979, 15.00000000000000000 ) ) ;
#2145 = EDGE_LOOP ( 'NONE', ( #600, #853, #2370, #656 ) ) ;
#2146 = DIRECTION ( 'NONE',  ( -0.000000000000000000, -0.000000000000000000, 1.000000000000000000 ) ) ;
#2147 = LINE ( 'NONE', #2291, #2317 ) ;
#2148 = CARTESIAN_POINT ( 'NONE',  ( 159.6950703118059494, -159.9999999999999716, 15.00000000000000000 ) ) ;
#2149 = ORIENTED_EDGE ( 'NONE', *, *, #773, .F. ) ;
#2150 = DIRECTION ( 'NONE',  ( 0.000000000000000000, 0.000000000000000000, 1.000000000000000000 ) ) ;
#2151 = DIRECTION ( 'NONE',  ( -0.7071067811865451302, -0.7071067811865500152, -0.000000000000000000 ) ) ;
#2152 = EDGE_LOOP ( 'NONE', ( #568, #323, #1208, #985 ) ) ;
#2153 = DIRECTION ( 'NONE',  ( -0.7071067811865475727, 0.7071067811865475727, 0.000000000000000000 ) ) ;
#2154 = CARTESIAN_POINT ( 'NONE',  ( 119.6950703118059636, -169.9999999999999716, 0.000000000000000000 ) ) ;
#2155 = VERTEX_POINT ( 'NONE', #2190 ) ;
#2156 = EDGE_CURVE ( 'NONE', #518, #523, #671, .T. ) ;
#2157 = DIRECTION ( 'NONE',  ( 0.7071067811865532349, -0.7071067811865416886, -0.000000000000000000 ) ) ;
#2158 = EDGE_CURVE ( 'NONE', #1848, #1519, #513, .T. ) ;
#2159 = EDGE_LOOP ( 'NONE', ( #812, #1080, #1337, #1909 ) ) ;
#2160 = CARTESIAN_POINT ( 'NONE',  ( 52.91094679413453150, -143.3049296881958696, 1.185120509871351313 ) ) ;
#2161 = DIRECTION ( 'NONE',  ( 0.7071067811865532349, -0.7071067811865417996, 0.000000000000000000 ) ) ;
#2162 = VERTEX_POINT ( 'NONE', #139 ) ;
#2163 = CARTESIAN_POINT ( 'NONE',  ( 37.02341901683162462, -80.10652329807768979, -20.00000000000000355 ) ) ;
#2164 = CIRCLE ( 'NONE', #839, 3.000000000000002665 ) ;
#2165 = VECTOR ( 'NONE', #53, 1000.000000000000000 ) ;
#2166 = LINE ( 'NONE', #117, #732 ) ;
#2167 = VERTEX_POINT ( 'NONE', #910 ) ;
#2168 = VECTOR ( 'NONE', #1517, 1000.000000000000000 ) ;
#2169 = DIRECTION ( 'NONE',  ( 0.000000000000000000, 0.000000000000000000, -1.000000000000000000 ) ) ;
#2170 = ORIENTED_EDGE ( 'NONE', *, *, #1092, .F. ) ;
#2171 = CARTESIAN_POINT ( 'NONE',  ( 144.6950703118059494, -169.9999999999999716, 12.00000000000000000 ) ) ;
#2172 = CYLINDRICAL_SURFACE ( 'NONE', #1121, 1.600000000000004086 ) ;
#2173 = AXIS2_PLACEMENT_3D ( 'NONE', #1326, #1691, #187 ) ;
#2174 = EDGE_CURVE ( 'NONE', #1059, #872, #2392, .T. ) ;
#2175 = AXIS2_PLACEMENT_3D ( 'NONE', #1723, #1829, #1639 ) ;
#2176 = DIRECTION ( 'NONE',  ( 0.7071067811865532349, -0.7071067811865416886, -0.000000000000000000 ) ) ;
#2177 = VERTEX_POINT ( 'NONE', #1464 ) ;
#2178 = VECTOR ( 'NONE', #221, 999.9999999999998863 ) ;
#2179 = EDGE_CURVE ( 'NONE', #565, #174, #2212, .T. ) ;
#2180 = DIRECTION ( 'NONE',  ( 0.000000000000000000, 0.000000000000000000, -1.000000000000000000 ) ) ;
#2181 = ORIENTED_EDGE ( 'NONE', *, *, #712, .F. ) ;
#2182 = DIRECTION ( 'NONE',  ( -0.000000000000000000, -0.000000000000000000, 1.000000000000000000 ) ) ;
#2183 = ORIENTED_EDGE ( 'NONE', *, *, #646, .F. ) ;
#2184 = CARTESIAN_POINT ( 'NONE',  ( 116.6950703118059494, -169.9999999999999716, 12.00000000000000000 ) ) ;
#2185 = LINE ( 'NONE', #679, #528 ) ;
#2186 = FACE_OUTER_BOUND ( 'NONE', #1360, .T. ) ;
#2187 = ORIENTED_EDGE ( 'NONE', *, *, #575, .F. ) ;
#2188 = ADVANCED_FACE ( 'NONE', ( #1283 ), #283, .F. ) ;
#2189 = CARTESIAN_POINT ( 'NONE',  ( 57.52341901683162462, -127.4765809831683328, 15.00000000000000000 ) ) ;
#2190 = CARTESIAN_POINT ( 'NONE',  ( 74.89347670192231021, -117.9765809831683612, 15.00000000000000000 ) ) ;
#2191 = VERTEX_POINT ( 'NONE', #1054 ) ;
#2192 = ADVANCED_FACE ( 'NONE', ( #1607 ), #165, .F. ) ;
#2193 = CARTESIAN_POINT ( 'NONE',  ( 54.58656364083866208, -143.3049296881958696, -1.087692360992074925E-15 ) ) ;
#2194 = DIRECTION ( 'NONE',  ( 0.000000000000000000, -1.000000000000000000, 0.000000000000000000 ) ) ;
#2195 = ORIENTED_EDGE ( 'NONE', *, *, #1784, .T. ) ;
#2196 = ORIENTED_EDGE ( 'NONE', *, *, #169, .F. ) ;
#2197 = PLANE ( 'NONE',  #278 ) ;
#2198 = ORIENTED_EDGE ( 'NONE', *, *, #1188, .T. ) ;
#2199 = FACE_OUTER_BOUND ( 'NONE', #377, .T. ) ;
#2200 = CARTESIAN_POINT ( 'NONE',  ( 12.15336133174097988, -78.10652329807768979, 0.000000000000000000 ) ) ;
#2201 = EDGE_LOOP ( 'NONE', ( #1022, #2072 ) ) ;
#2202 = CARTESIAN_POINT ( 'NONE',  ( 18.00000000000000000, -10.30492968819588206, -20.00000000000000355 ) ) ;
#2203 = DIRECTION ( 'NONE',  ( 1.000000000000000000, 0.000000000000000000, 0.000000000000000000 ) ) ;
#2204 = VECTOR ( 'NONE', #1280, 1000.000000000000000 ) ;
#2205 = VERTEX_POINT ( 'NONE', #379 ) ;
#2206 = VECTOR ( 'NONE', #1693, 1000.000000000000000 ) ;
#2207 = EDGE_CURVE ( 'NONE', #903, #647, #1820, .T. ) ;
#2208 = CARTESIAN_POINT ( 'NONE',  ( 0.000000000000000000, -25.30492968819588029, 0.000000000000000000 ) ) ;
#2209 = AXIS2_PLACEMENT_3D ( 'NONE', #1122, #190, #2422 ) ;
#2210 = ORIENTED_EDGE ( 'NONE', *, *, #1798, .F. ) ;
#2211 = DIRECTION ( 'NONE',  ( -4.034240641806699474E-16, 1.000000000000000000, 0.000000000000000000 ) ) ;
#2212 = LINE ( 'NONE', #541, #489 ) ;
#2213 = ORIENTED_EDGE ( 'NONE', *, *, #784, .F. ) ;
#2214 = PLANE ( 'NONE',  #2360 ) ;
#2215 = VECTOR ( 'NONE', #616, 1000.000000000000000 ) ;
#2216 = LINE ( 'NONE', #1455, #293 ) ;
#2217 = ORIENTED_EDGE ( 'NONE', *, *, #2332, .T. ) ;
#2218 = EDGE_CURVE ( 'NONE', #2177, #1699, #2235, .T. ) ;
#2219 = EDGE_LOOP ( 'NONE', ( #1126, #450 ) ) ;
#2220 = CARTESIAN_POINT ( 'NONE',  ( 74.89347670192231021, -117.9765809831683612, -20.00000000000000355 ) ) ;
#2221 = EDGE_CURVE ( 'NONE', #795, #2205, #769, .T. ) ;
#2222 = ORIENTED_EDGE ( 'NONE', *, *, #845, .F. ) ;
#2223 = CYLINDRICAL_SURFACE ( 'NONE', #485, 3.000000000000002665 ) ;
#2224 = LINE ( 'NONE', #1870, #2323 ) ;
#2225 = ORIENTED_EDGE ( 'NONE', *, *, #1452, .T. ) ;
#2226 = DIRECTION ( 'NONE',  ( -0.000000000000000000, -0.000000000000000000, 1.000000000000000000 ) ) ;
#2227 = DIRECTION ( 'NONE',  ( 0.000000000000000000, -0.000000000000000000, -1.000000000000000000 ) ) ;
#2228 = ORIENTED_EDGE ( 'NONE', *, *, #859, .T. ) ;
#2229 = ADVANCED_FACE ( 'NONE', ( #965 ), #1478, .T. ) ;
#2230 = ORIENTED_EDGE ( 'NONE', *, *, #1844, .F. ) ;
#2231 = DIRECTION ( 'NONE',  ( 0.000000000000000000, -0.000000000000000000, 1.000000000000000000 ) ) ;
#2232 = EDGE_CURVE ( 'NONE', #630, #1392, #2224, .T. ) ;
#2233 = ORIENTED_EDGE ( 'NONE', *, *, #1130, .T. ) ;
#2234 = CARTESIAN_POINT ( 'NONE',  ( 144.6950703118059494, -169.9999999999999716, 12.00000000000000000 ) ) ;
#2235 = LINE ( 'NONE', #2077, #330 ) ;
#2236 = ORIENTED_EDGE ( 'NONE', *, *, #51, .F. ) ;
#2237 = CARTESIAN_POINT ( 'NONE',  ( 19.65336133174092126, -89.60652329807760452, 0.000000000000000000 ) ) ;
#2238 = VERTEX_POINT ( 'NONE', #952 ) ;
#2239 = DIRECTION ( 'NONE',  ( -0.000000000000000000, -0.000000000000000000, -1.000000000000000000 ) ) ;
#2240 = ORIENTED_EDGE ( 'NONE', *, *, #30, .T. ) ;
#2241 = VECTOR ( 'NONE', #2113, 1000.000000000000000 ) ;
#2242 = AXIS2_PLACEMENT_3D ( 'NONE', #2220, #1475, #546 ) ;
#2243 = CARTESIAN_POINT ( 'NONE',  ( 12.15336133174097988, -58.06489273773321713, 0.000000000000000000 ) ) ;
#2244 = EDGE_CURVE ( 'NONE', #1605, #2078, #488, .T. ) ;
#2245 = AXIS2_PLACEMENT_3D ( 'NONE', #468, #624, #1753 ) ;
#2246 = FACE_OUTER_BOUND ( 'NONE', #2159, .T. ) ;
#2247 = ORIENTED_EDGE ( 'NONE', *, *, #1962, .T. ) ;
#2248 = DIRECTION ( 'NONE',  ( -0.000000000000000000, 0.000000000000000000, 1.000000000000000000 ) ) ;
#2249 = VECTOR ( 'NONE', #848, 1000.000000000000000 ) ;
#2250 = ADVANCED_FACE ( 'NONE', ( #1509, #202, #2258, #1318, #149, #2067, #561, #583, #1702, #14 ), #779, .T. ) ;
#2251 = AXIS2_PLACEMENT_3D ( 'NONE', #2013, #2415, #1849 ) ;
#2252 = CARTESIAN_POINT ( 'NONE',  ( 9.999999999999998224, -53.30492968819405775, -5.000000000000004441 ) ) ;
#2253 = VERTEX_POINT ( 'NONE', #735 ) ;
#2254 = AXIS2_PLACEMENT_3D ( 'NONE', #1345, #2074, #972 ) ;
#2255 = CARTESIAN_POINT ( 'NONE',  ( 0.000000000000000000, -50.30492968819588384, 0.000000000000000000 ) ) ;
#2256 = ORIENTED_EDGE ( 'NONE', *, *, #2158, .F. ) ;
#2257 = DIRECTION ( 'NONE',  ( 0.000000000000000000, 0.000000000000000000, 1.000000000000000000 ) ) ;
#2258 = FACE_BOUND ( 'NONE', #1132, .T. ) ;
#2259 = EDGE_CURVE ( 'NONE', #1752, #1008, #200, .T. ) ;
#2260 = ORIENTED_EDGE ( 'NONE', *, *, #1106, .T. ) ;
#2261 = FACE_BOUND ( 'NONE', #1650, .T. ) ;
#2262 = DIRECTION ( 'NONE',  ( -0.000000000000000000, 1.000000000000000000, -0.000000000000000000 ) ) ;
#2263 = EDGE_CURVE ( 'NONE', #532, #2288, #1498, .T. ) ;
#2264 = EDGE_LOOP ( 'NONE', ( #1301, #1597 ) ) ;
#2265 = CARTESIAN_POINT ( 'NONE',  ( 116.6950703118059494, -169.9999999999999716, 15.00000000000000000 ) ) ;
#2266 = ORIENTED_EDGE ( 'NONE', *, *, #1569, .F. ) ;
#2267 = CYLINDRICAL_SURFACE ( 'NONE', #1424, 3.000000000000002665 ) ;
#2268 = CARTESIAN_POINT ( 'NONE',  ( 44.52341901683162462, -87.60652329807768979, 15.00000000000000000 ) ) ;
#2269 = ORIENTED_EDGE ( 'NONE', *, *, #797, .T. ) ;
#2270 = DIRECTION ( 'NONE',  ( 0.000000000000000000, 0.000000000000000000, -1.000000000000000000 ) ) ;
#2271 = ORIENTED_EDGE ( 'NONE', *, *, #740, .F. ) ;
#2272 = ADVANCED_FACE ( 'NONE', ( #2246 ), #592, .F. ) ;
#2273 = CARTESIAN_POINT ( 'NONE',  ( 39.42120734898653467, -74.72613703718195666, 2.834592889329577758 ) ) ;
#2274 = ORIENTED_EDGE ( 'NONE', *, *, #1023, .F. ) ;
#2275 = EDGE_CURVE ( 'NONE', #886, #1605, #290, .T. ) ;
#2276 = VECTOR ( 'NONE', #1372, 1000.000000000000000 ) ;
#2277 = DIRECTION ( 'NONE',  ( -1.000000000000000000, -0.000000000000000000, -0.000000000000000000 ) ) ;
#2278 = CARTESIAN_POINT ( 'NONE',  ( 37.02341901683162462, -80.10652329807768979, 1.138699143479428910 ) ) ;
#2279 = VECTOR ( 'NONE', #2401, 1000.000000000000000 ) ;
#2280 = DIRECTION ( 'NONE',  ( -1.000000000000000000, 0.000000000000000000, 0.000000000000000000 ) ) ;
#2281 = ORIENTED_EDGE ( 'NONE', *, *, #2143, .F. ) ;
#2282 = DIRECTION ( 'NONE',  ( 1.000000000000000000, 0.000000000000000000, 0.000000000000000000 ) ) ;
#2283 = ORIENTED_EDGE ( 'NONE', *, *, #75, .T. ) ;
#2284 = VECTOR ( 'NONE', #112, 1000.000000000000000 ) ;
#2285 = DIRECTION ( 'NONE',  ( 0.000000000000000000, 0.000000000000000000, 1.000000000000000000 ) ) ;
#2286 = AXIS2_PLACEMENT_3D ( 'NONE', #1352, #1547, #1184 ) ;
#2287 = CARTESIAN_POINT ( 'NONE',  ( -10.00000000000000178, -67.73133655938873687, 15.00000000000000000 ) ) ;
#2288 = VERTEX_POINT ( 'NONE', #356 ) ;
#2289 = ADVANCED_FACE ( 'NONE', ( #2057 ), #2419, .F. ) ;
#2290 = VECTOR ( 'NONE', #1865, 1000.000000000000000 ) ;
#2291 = CARTESIAN_POINT ( 'NONE',  ( 159.6950703118059494, -180.0000000000000000, 15.00000000000000000 ) ) ;
#2292 = EDGE_CURVE ( 'NONE', #1320, #1605, #1131, .T. ) ;
#2293 = CARTESIAN_POINT ( 'NONE',  ( 54.58656364083866208, -143.3049296881958696, -1.087692360992074925E-15 ) ) ;
#2294 = DIRECTION ( 'NONE',  ( 1.000000000000000000, 0.000000000000000000, 0.000000000000000000 ) ) ;
#2295 = FACE_OUTER_BOUND ( 'NONE', #2152, .T. ) ;
#2296 = VERTEX_POINT ( 'NONE', #1916 ) ;
#2297 = LINE ( 'NONE', #1005, #40 ) ;
#2298 = CARTESIAN_POINT ( 'NONE',  ( 43.15796392658423031, -90.24106820783032390, 3.644179333725189984 ) ) ;
#2299 = VERTEX_POINT ( 'NONE', #791 ) ;
#2300 = FACE_OUTER_BOUND ( 'NONE', #1692, .T. ) ;
#2301 = DIRECTION ( 'NONE',  ( 1.000000000000000000, 0.000000000000000000, 0.000000000000000000 ) ) ;
#2302 = EDGE_LOOP ( 'NONE', ( #1379, #1601, #1099, #386, #2362, #1883 ) ) ;
#2303 = EDGE_CURVE ( 'NONE', #1778, #623, #164, .T. ) ;
#2304 = DIRECTION ( 'NONE',  ( -1.000000000000000000, 2.453269466693407298E-15, -0.000000000000000000 ) ) ;
#2305 = ADVANCED_FACE ( 'NONE', ( #1602 ), #430, .F. ) ;
#2306 = CARTESIAN_POINT ( 'NONE',  ( 159.6950703118059494, -159.9999999999999716, 0.000000000000000000 ) ) ;
#2307 = VERTEX_POINT ( 'NONE', #2116 ) ;
#2308 = LINE ( 'NONE', #64, #2363 ) ;
#2309 = CARTESIAN_POINT ( 'NONE',  ( 96.43502884254482410, -96.43502884254614571, 0.000000000000000000 ) ) ;
#2310 = ORIENTED_EDGE ( 'NONE', *, *, #859, .F. ) ;
#2311 = PRODUCT_DEFINITION_CONTEXT ( 'detailed design', #1600, 'design' ) ;
#2312 = DIRECTION ( 'NONE',  ( -0.000000000000000000, -0.000000000000000000, 1.000000000000000000 ) ) ;
#2313 = FACE_OUTER_BOUND ( 'NONE', #69, .T. ) ;
#2314 = ORIENTED_EDGE ( 'NONE', *, *, #51, .T. ) ;
#2315 = FACE_OUTER_BOUND ( 'NONE', #2145, .T. ) ;
#2316 = CARTESIAN_POINT ( 'NONE',  ( -1.424488284403085812E-13, -58.06489273773318871, 0.000000000000000000 ) ) ;
#2317 = VECTOR ( 'NONE', #615, 1000.000000000000000 ) ;
#2318 = ORIENTED_EDGE ( 'NONE', *, *, #1811, .F. ) ;
#2319 = ADVANCED_FACE ( 'NONE', ( #1198 ), #215, .F. ) ;
#2320 = CARTESIAN_POINT ( 'NONE',  ( 54.58656364083869050, -97.66966792208478410, 4.108951724294733270E-14 ) ) ;
#2321 = VECTOR ( 'NONE', #354, 1000.000000000000114 ) ;
#2322 = ORIENTED_EDGE ( 'NONE', *, *, #1073, .F. ) ;
#2323 = VECTOR ( 'NONE', #1891, 1000.000000000000000 ) ;
#2324 = PLANE ( 'NONE',  #1316 ) ;
#2325 = ORIENTED_EDGE ( 'NONE', *, *, #1441, .T. ) ;
#2326 = DIRECTION ( 'NONE',  ( 0.000000000000000000, 0.000000000000000000, -1.000000000000000000 ) ) ;
#2327 = CARTESIAN_POINT ( 'NONE',  ( 116.6950703118059209, -159.9999999999999716, -20.00000000000000355 ) ) ;
#2328 = CARTESIAN_POINT ( 'NONE',  ( 87.89347670192228179, 0.000000000000000000, 0.000000000000000000 ) ) ;
#2329 = AXIS2_PLACEMENT_3D ( 'NONE', #654, #1552, #2301 ) ;
#2330 = ORIENTED_EDGE ( 'NONE', *, *, #1979, .T. ) ;
#2331 = FACE_OUTER_BOUND ( 'NONE', #1499, .T. ) ;
#2332 = EDGE_CURVE ( 'NONE', #1287, #1284, #1928, .T. ) ;
#2333 = LINE ( 'NONE', #459, #1161 ) ;
#2334 = EDGE_LOOP ( 'NONE', ( #328, #467, #1550, #1502 ) ) ;
#2335 = DIRECTION ( 'NONE',  ( 1.000000000000000000, 0.000000000000000000, -0.000000000000000000 ) ) ;
#2336 = ADVANCED_FACE ( 'NONE', ( #1242 ), #292, .F. ) ;
#2337 = DIRECTION ( 'NONE',  ( 0.000000000000000000, 0.000000000000000000, 1.000000000000000000 ) ) ;
#2338 = ORIENTED_EDGE ( 'NONE', *, *, #740, .T. ) ;
#2339 = DIRECTION ( 'NONE',  ( -0.7071067811865525687, 0.7071067811865425767, -0.000000000000000000 ) ) ;
#2340 = CARTESIAN_POINT ( 'NONE',  ( 119.6950703118059636, -169.9999999999999716, -20.00000000000000355 ) ) ;
#2341 = CARTESIAN_POINT ( 'NONE',  ( 144.6950703118059494, -169.9999999999999716, 12.00000000000000000 ) ) ;
#2342 = ORIENTED_EDGE ( 'NONE', *, *, #990, .F. ) ;
#2343 = DIRECTION ( 'NONE',  ( 1.000000000000000000, 0.000000000000000000, 0.000000000000000000 ) ) ;
#2344 = FACE_OUTER_BOUND ( 'NONE', #1755, .T. ) ;
#2345 = ORIENTED_EDGE ( 'NONE', *, *, #1291, .F. ) ;
#2346 = DIRECTION ( 'NONE',  ( -0.000000000000000000, -0.000000000000000000, 1.000000000000000000 ) ) ;
#2347 = ORIENTED_EDGE ( 'NONE', *, *, #1174, .F. ) ;
#2348 = EDGE_CURVE ( 'NONE', #1514, #1949, #1003, .T. ) ;
#2349 = DIRECTION ( 'NONE',  ( -0.000000000000000000, -1.000000000000000000, -0.000000000000000000 ) ) ;
#2350 = VERTEX_POINT ( 'NONE', #1165 ) ;
#2351 = CARTESIAN_POINT ( 'NONE',  ( 112.7635343870129248, -155.8466386682589757, 15.00000000000000000 ) ) ;
#2352 = DIRECTION ( 'NONE',  ( 1.000000000000000000, 0.000000000000000000, 0.000000000000000000 ) ) ;
#2353 = EDGE_CURVE ( 'NONE', #162, #383, #1976, .T. ) ;
#2354 = LINE ( 'NONE', #1425, #1459 ) ;
#2355 = ORIENTED_EDGE ( 'NONE', *, *, #264, .F. ) ;
#2356 = CARTESIAN_POINT ( 'NONE',  ( 82.39347670192228179, -125.4765809831683328, 15.00000000000000000 ) ) ;
#2357 = DIRECTION ( 'NONE',  ( 1.000000000000000000, 0.000000000000000000, 0.000000000000000000 ) ) ;
#2358 = ORIENTED_EDGE ( 'NONE', *, *, #831, .T. ) ;
#2359 = AXIS2_PLACEMENT_3D ( 'NONE', #1613, #84, #855 ) ;
#2360 = AXIS2_PLACEMENT_3D ( 'NONE', #922, #1823, #1084 ) ;
#2361 = CARTESIAN_POINT ( 'NONE',  ( 147.6950703118059494, -169.9999999999999716, 12.00000000000000000 ) ) ;
#2362 = ORIENTED_EDGE ( 'NONE', *, *, #2263, .F. ) ;
#2363 = VECTOR ( 'NONE', #269, 1000.000000000000114 ) ;
#2364 = DIRECTION ( 'NONE',  ( 0.7071067811865479058, -0.7071067811865471286, -0.000000000000000000 ) ) ;
#2365 = EDGE_CURVE ( 'NONE', #2053, #94, #572, .T. ) ;
#2366 = PLANE ( 'NONE',  #205 ) ;
#2367 = DIRECTION ( 'NONE',  ( 0.000000000000000000, 0.000000000000000000, -1.000000000000000000 ) ) ;
#2368 = CIRCLE ( 'NONE', #245, 3.000000000000002665 ) ;
#2369 = EDGE_CURVE ( 'NONE', #1396, #2253, #806, .T. ) ;
#2370 = ORIENTED_EDGE ( 'NONE', *, *, #436, .F. ) ;
#2371 =( NAMED_UNIT ( * ) SI_UNIT ( $, .STERADIAN. ) SOLID_ANGLE_UNIT ( ) );
#2372 = CIRCLE ( 'NONE', #2329, 1.599999999999991651 ) ;
#2373 = LINE ( 'NONE', #1095, #888 ) ;
#2374 = VERTEX_POINT ( 'NONE', #2306 ) ;
#2375 = DIRECTION ( 'NONE',  ( 0.7071067811865474617, 0.7071067811865474617, -0.000000000000000000 ) ) ;
#2376 = ORIENTED_EDGE ( 'NONE', *, *, #479, .F. ) ;
#2377 = DIRECTION ( 'NONE',  ( 0.000000000000000000, 0.000000000000000000, 1.000000000000000000 ) ) ;
#2378 = DIRECTION ( 'NONE',  ( 0.7071067811865474617, 0.7071067811865474617, -0.000000000000000000 ) ) ;
#2379 = DIRECTION ( 'NONE',  ( 0.000000000000000000, 0.000000000000000000, -1.000000000000000000 ) ) ;
#2380 = ORIENTED_EDGE ( 'NONE', *, *, #1554, .T. ) ;
#2381 = PLANE ( 'NONE',  #242 ) ;
#2382 = CARTESIAN_POINT ( 'NONE',  ( 87.89347670192228179, -133.8050081079145741, 15.00000000000000000 ) ) ;
#2383 = ORIENTED_EDGE ( 'NONE', *, *, #1844, .T. ) ;
#2384 = CARTESIAN_POINT ( 'NONE',  ( 50.02341901683162462, -93.10652329807768979, -20.00000000000000355 ) ) ;
#2385 = ADVANCED_FACE ( 'NONE', ( #2295 ), #2366, .F. ) ;
#2386 = DIRECTION ( 'NONE',  ( 0.000000000000000000, 0.000000000000000000, -1.000000000000000000 ) ) ;
#2387 = VERTEX_POINT ( 'NONE', #1062 ) ;
#2388 = CARTESIAN_POINT ( 'NONE',  ( 0.000000000000000000, -25.30492968819588029, 11.99999999999999645 ) ) ;
#2389 = CARTESIAN_POINT ( 'NONE',  ( 144.6950703118059494, -169.9999999999999716, 15.00000000000000000 ) ) ;
#2390 = VERTEX_POINT ( 'NONE', #819 ) ;
#2391 = FACE_OUTER_BOUND ( 'NONE', #638, .T. ) ;
#2392 = LINE ( 'NONE', #720, #451 ) ;
#2393 = ADVANCED_FACE ( 'NONE', ( #1802 ), #633, .T. ) ;
#2394 = EDGE_LOOP ( 'NONE', ( #445, #2105, #1439, #755 ) ) ;
#2395 = DIRECTION ( 'NONE',  ( 0.8164321540053108839, 0.000000000000000000, 0.5774413718346204094 ) ) ;
#2396 = PLANE ( 'NONE',  #2139 ) ;
#2397 = CIRCLE ( 'NONE', #2359, 1.599999999999991651 ) ;
#2398 = ORIENTED_EDGE ( 'NONE', *, *, #2244, .F. ) ;
#2399 = VECTOR ( 'NONE', #2121, 1000.000000000000000 ) ;
#2400 = VECTOR ( 'NONE', #2106, 1000.000000000000114 ) ;
#2401 = DIRECTION ( 'NONE',  ( -0.000000000000000000, 1.000000000000000000, -0.000000000000000000 ) ) ;
#2402 = VECTOR ( 'NONE', #337, 1000.000000000000000 ) ;
#2403 = ORIENTED_EDGE ( 'NONE', *, *, #1421, .F. ) ;
#2404 = SURFACE_SIDE_STYLE ('',( #1655 ) ) ;
#2405 = DIRECTION ( 'NONE',  ( 1.000000000000000000, 0.000000000000000000, 0.000000000000000000 ) ) ;
#2406 = VERTEX_POINT ( 'NONE', #107 ) ;
#2407 = VECTOR ( 'NONE', #2434, 1000.000000000000000 ) ;
#2408 = CARTESIAN_POINT ( 'NONE',  ( 51.04622618654777000, -116.9993881528844923, 2.342681357994351288 ) ) ;
#2409 = ADVANCED_FACE ( 'NONE', ( #877 ), #988, .F. ) ;
#2410 = PLANE ( 'NONE',  #4 ) ;
#2411 = ORIENTED_EDGE ( 'NONE', *, *, #46, .F. ) ;
#2412 = EDGE_CURVE ( 'NONE', #2133, #1327, #405, .T. ) ;
#2413 =( BOUNDED_CURVE ( )  B_SPLINE_CURVE ( 3, ( #1646, #1271, #1258, #1067 ),
 .UNSPECIFIED., .F., .F. ) 
 B_SPLINE_CURVE_WITH_KNOTS ( ( 4, 4 ),
 ( 0.9552050362251282012, 1.570796326794896558 ),
 .UNSPECIFIED. ) 
 CURVE ( )  GEOMETRIC_REPRESENTATION_ITEM ( )  RATIONAL_B_SPLINE_CURVE ( ( 1.000000000000000000, 0.9686691420038018308, 0.9686691420038018308, 1.000000000000000000 ) ) 
 REPRESENTATION_ITEM ( '' )  );
#2414 = EDGE_LOOP ( 'NONE', ( #1096, #1747 ) ) ;
#2415 = DIRECTION ( 'NONE',  ( 0.000000000000000000, 0.000000000000000000, 1.000000000000000000 ) ) ;
#2416 = CARTESIAN_POINT ( 'NONE',  ( 50.02341901683162462, -93.10652329807768979, 15.00000000000000000 ) ) ;
#2417 = ORIENTED_EDGE ( 'NONE', *, *, #19, .F. ) ;
#2418 = FACE_OUTER_BOUND ( 'NONE', #707, .T. ) ;
#2419 = CYLINDRICAL_SURFACE ( 'NONE', #1777, 13.69999999999999751 ) ;
#2420 = VERTEX_POINT ( 'NONE', #24 ) ;
#2421 = CARTESIAN_POINT ( 'NONE',  ( 91.89347670192228179, -157.8466386682589757, 15.00000000000000000 ) ) ;
#2422 = DIRECTION ( 'NONE',  ( 1.000000000000000000, 0.000000000000000000, 0.000000000000000000 ) ) ;
#2423 = VERTEX_POINT ( 'NONE', #226 ) ;
#2424 = CARTESIAN_POINT ( 'NONE',  ( 21.65336133174085376, -87.60652329807768979, 15.00000000000000000 ) ) ;
#2425 = ORIENTED_EDGE ( 'NONE', *, *, #2100, .T. ) ;
#2426 = EDGE_CURVE ( 'NONE', #338, #1647, #610, .T. ) ;
#2427 = EDGE_CURVE ( 'NONE', #1093, #1114, #520, .T. ) ;
#2428 = CARTESIAN_POINT ( 'NONE',  ( 41.69499189208547563, -111.6481538584221767, 0.000000000000000000 ) ) ;
#2429 = ORIENTED_EDGE ( 'NONE', *, *, #1964, .F. ) ;
#2430 = FACE_OUTER_BOUND ( 'NONE', #1586, .T. ) ;
#2431 = LINE ( 'NONE', #783, #2134 ) ;
#2432 = VERTEX_POINT ( 'NONE', #1652 ) ;
#2433 = AXIS2_PLACEMENT_3D ( 'NONE', #291, #316, #1074 ) ;
#2434 = DIRECTION ( 'NONE',  ( 1.000000000000000000, -0.000000000000000000, -0.000000000000000000 ) ) ;
#2435 = ORIENTED_EDGE ( 'NONE', *, *, #247, .F. ) ;
#2436 = VECTOR ( 'NONE', #276, 1000.000000000000000 ) ;
ENDSEC;
END-ISO-10303-21;
