ISO-10303-21;
HEADER;
FILE_DESCRIPTION (( 'STEP AP214' ),
    '1' );
FILE_NAME ('À­¸Ë_ÓÒ.STEP',
    '2025-11-05T04:27:14',
    ( '' ),
    ( '' ),
    'SwSTEP 2.0',
    'SolidWorks 2025',
    '' );
FILE_SCHEMA (( 'AUTOMOTIVE_DESIGN' ));
ENDSEC;

DATA;
#1 = AXIS2_PLACEMENT_3D ( 'NONE', #1804, #2133, #1230 ) ;
#2 = CARTESIAN_POINT ( 'NONE',  ( 102.2685931288072680, -180.0000000000000000, 15.00000000000000000 ) ) ;
#3 = VECTOR ( 'NONE', #766, 1000.000000000000000 ) ;
#4 = CARTESIAN_POINT ( 'NONE',  ( 40.52338386092867495, -87.60655845398061103, 15.00000000000000000 ) ) ;
#5 = ORIENTED_EDGE ( 'NONE', *, *, #956, .T. ) ;
#6 = CARTESIAN_POINT ( 'NONE',  ( 90.72186867076553085, -133.8050432638174243, 0.5527740387043246217 ) ) ;
#7 = ORIENTED_EDGE ( 'NONE', *, *, #2163, .F. ) ;
#8 = EDGE_CURVE ( 'NONE', #1025, #1216, #557, .T. ) ;
#9 = DIRECTION ( 'NONE',  ( -7.359808400080149320E-15, -1.000000000000000000, -0.000000000000000000 ) ) ;
#10 = DIRECTION ( 'NONE',  ( 0.7071067811865420216, -0.7071067811865531239, 0.000000000000000000 ) ) ;
#11 = ORIENTED_EDGE ( 'NONE', *, *, #431, .F. ) ;
#12 = LINE ( 'NONE', #1700, #229 ) ;
#13 = CARTESIAN_POINT ( 'NONE',  ( 12.15332617583809949, -78.10655845398061103, 0.000000000000000000 ) ) ;
#14 = CARTESIAN_POINT ( 'NONE',  ( 50.02338386092873890, -95.93498557872678134, 0.000000000000000000 ) ) ;
#15 = EDGE_LOOP ( 'NONE', ( #1337, #2221, #2020, #1635 ) ) ;
#16 = CARTESIAN_POINT ( 'NONE',  ( -21.54158729652596804, -21.54158729652597870, 0.000000000000000000 ) ) ;
#17 = ORIENTED_EDGE ( 'NONE', *, *, #1534, .T. ) ;
#18 = CARTESIAN_POINT ( 'NONE',  ( 119.6950000000001353, -169.9999999999999716, 0.000000000000000000 ) ) ;
#19 = LINE ( 'NONE', #1474, #1704 ) ;
#20 = ORIENTED_EDGE ( 'NONE', *, *, #23, .T. ) ;
#21 = EDGE_CURVE ( 'NONE', #2195, #164, #461, .T. ) ;
#22 = ORIENTED_EDGE ( 'NONE', *, *, #215, .T. ) ;
#23 = EDGE_CURVE ( 'NONE', #2195, #961, #1217, .T. ) ;
#24 = DIRECTION ( 'NONE',  ( 0.000000000000000000, -0.000000000000000000, -1.000000000000000000 ) ) ;
#25 = DIRECTION ( 'NONE',  ( 0.7071067811865525687, -0.7071067811865425767, -0.000000000000000000 ) ) ;
#26 = CARTESIAN_POINT ( 'NONE',  ( 16.15332617583815988, -82.10655845398061103, 0.000000000000000000 ) ) ;
#27 = ORIENTED_EDGE ( 'NONE', *, *, #1952, .F. ) ;
#28 = ORIENTED_EDGE ( 'NONE', *, *, #592, .T. ) ;
#29 = LINE ( 'NONE', #2219, #36 ) ;
#30 = AXIS2_PLACEMENT_3D ( 'NONE', #195, #454, #1201 ) ;
#31 = CARTESIAN_POINT ( 'NONE',  ( -23.54158729652625937, -23.54158729652658621, 0.000000000000000000 ) ) ;
#32 = ORIENTED_EDGE ( 'NONE', *, *, #329, .T. ) ;
#33 = VECTOR ( 'NONE', #2001, 1000.000000000000000 ) ;
#34 = EDGE_CURVE ( 'NONE', #953, #2309, #1373, .T. ) ;
#35 = ORIENTED_EDGE ( 'NONE', *, *, #1965, .T. ) ;
#36 = VECTOR ( 'NONE', #548, 1000.000000000000000 ) ;
#37 = ADVANCED_FACE ( 'NONE', ( #1765 ), #1190, .F. ) ;
#38 = LINE ( 'NONE', #750, #696 ) ;
#39 = CARTESIAN_POINT ( 'NONE',  ( 0.000000000000000000, -50.30499999999961602, 11.99999999999999645 ) ) ;
#40 = VECTOR ( 'NONE', #437, 999.9999999999998863 ) ;
#41 = CYLINDRICAL_SURFACE ( 'NONE', #1429, 1.600000000000000533 ) ;
#42 = ORIENTED_EDGE ( 'NONE', *, *, #1550, .F. ) ;
#43 = LINE ( 'NONE', #16, #121 ) ;
#44 = ORIENTED_EDGE ( 'NONE', *, *, #2294, .F. ) ;
#45 = CARTESIAN_POINT ( 'NONE',  ( 19.65332617583807462, -89.60655845398059682, 15.00000000000000000 ) ) ;
#46 = CARTESIAN_POINT ( 'NONE',  ( 37.02338386092876021, -80.10655845398063946, 15.00000000000000000 ) ) ;
#47 = ORIENTED_EDGE ( 'NONE', *, *, #910, .T. ) ;
#48 = ORIENTED_EDGE ( 'NONE', *, *, #96, .F. ) ;
#49 = EDGE_CURVE ( 'NONE', #767, #1580, #1913, .T. ) ;
#50 = CARTESIAN_POINT ( 'NONE',  ( 82.39344154601936054, -129.4766161390711829, 2.947981414148414192 ) ) ;
#51 = CARTESIAN_POINT ( 'NONE',  ( 74.89344154601938897, -117.9766161390712682, 15.00000000000000000 ) ) ;
#52 = EDGE_CURVE ( 'NONE', #321, #1735, #990, .T. ) ;
#53 = LINE ( 'NONE', #1860, #1159 ) ;
#54 = EDGE_LOOP ( 'NONE', ( #1541, #1138, #204, #875 ) ) ;
#55 = CARTESIAN_POINT ( 'NONE',  ( 9.999999999999998224, -45.30499999999960892, 15.00000000000000000 ) ) ;
#56 = ORIENTED_EDGE ( 'NONE', *, *, #2072, .F. ) ;
#57 = LINE ( 'NONE', #571, #1511 ) ;
#58 = EDGE_LOOP ( 'NONE', ( #744, #303, #903, #92 ) ) ;
#59 = FACE_OUTER_BOUND ( 'NONE', #2387, .T. ) ;
#60 = ORIENTED_EDGE ( 'NONE', *, *, #1695, .F. ) ;
#61 = DIRECTION ( 'NONE',  ( 1.000000000000000000, 0.000000000000000000, 0.000000000000000000 ) ) ;
#62 = CARTESIAN_POINT ( 'NONE',  ( 2.999999999999999112, -25.30499999999960892, 15.00000000000000000 ) ) ;
#63 = ORIENTED_EDGE ( 'NONE', *, *, #1823, .T. ) ;
#64 =( LENGTH_UNIT ( ) NAMED_UNIT ( * ) SI_UNIT ( .MILLI., .METRE. ) );
#65 = EDGE_CURVE ( 'NONE', #2238, #197, #2118, .T. ) ;
#66 = CARTESIAN_POINT ( 'NONE',  ( 79.56501442127319024, -149.5182466994157551, 0.000000000000000000 ) ) ;
#67 = DIRECTION ( 'NONE',  ( 0.000000000000000000, 0.000000000000000000, 1.000000000000000000 ) ) ;
#68 = EDGE_CURVE ( 'NONE', #598, #1834, #1023, .T. ) ;
#69 = ORIENTED_EDGE ( 'NONE', *, *, #243, .T. ) ;
#70 = CARTESIAN_POINT ( 'NONE',  ( 82.39344154601936054, -134.5865987967432034, 3.890493303901781013E-22 ) ) ;
#71 = ORIENTED_EDGE ( 'NONE', *, *, #1132, .F. ) ;
#72 = AXIS2_PLACEMENT_3D ( 'NONE', #2006, #1060, #337 ) ;
#73 = VECTOR ( 'NONE', #1038, 1000.000000000000000 ) ;
#74 = DIRECTION ( 'NONE',  ( -0.000000000000000000, 1.000000000000000000, 0.000000000000000000 ) ) ;
#75 = AXIS2_PLACEMENT_3D ( 'NONE', #570, #9, #2060 ) ;
#76 = CARTESIAN_POINT ( 'NONE',  ( 59.52338386092871758, -125.4766161390712398, 3.691708095284589319 ) ) ;
#77 = CIRCLE ( 'NONE', #192, 1.599999999999998757 ) ;
#78 = ORIENTED_EDGE ( 'NONE', *, *, #507, .T. ) ;
#79 = CARTESIAN_POINT ( 'NONE',  ( 58.56497115745443693, -58.56497115745525406, 0.000000000000000000 ) ) ;
#80 = VECTOR ( 'NONE', #117, 1000.000000000000000 ) ;
#81 = DIRECTION ( 'NONE',  ( 0.7071067811865470176, -0.7071067811865479058, 0.000000000000000000 ) ) ;
#82 = VERTEX_POINT ( 'NONE', #1777 ) ;
#83 = PRODUCT_DEFINITION_FORMATION_WITH_SPECIFIED_SOURCE ( 'ä»', '', #1255, .NOT_KNOWN. ) ;
#84 = EDGE_CURVE ( 'NONE', #1090, #590, #1206, .T. ) ;
#85 = DIRECTION ( 'NONE',  ( -1.000000000000000000, -0.000000000000000000, -0.000000000000000000 ) ) ;
#86 = EDGE_LOOP ( 'NONE', ( #640, #1563, #1932, #2134 ) ) ;
#87 = LINE ( 'NONE', #51, #569 ) ;
#88 = DIRECTION ( 'NONE',  ( 0.000000000000000000, 0.5774413718346207425, 0.8164321540053106618 ) ) ;
#89 = VERTEX_POINT ( 'NONE', #1924 ) ;
#90 = LINE ( 'NONE', #79, #2205 ) ;
#91 = CARTESIAN_POINT ( 'NONE',  ( 12.15332617583809949, 0.000000000000000000, 0.000000000000000000 ) ) ;
#92 = ORIENTED_EDGE ( 'NONE', *, *, #1565, .F. ) ;
#93 = CARTESIAN_POINT ( 'NONE',  ( 0.000000000000000000, -50.30499999999961602, 12.00000000000000000 ) ) ;
#94 = CARTESIAN_POINT ( 'NONE',  ( 0.000000000000000000, -50.30499999999961602, 12.00000000000000000 ) ) ;
#95 = ORIENTED_EDGE ( 'NONE', *, *, #2131, .T. ) ;
#96 = EDGE_CURVE ( 'NONE', #961, #1086, #1013, .T. ) ;
#97 = ADVANCED_FACE ( 'NONE', ( #840 ), #2144, .F. ) ;
#98 = CARTESIAN_POINT ( 'NONE',  ( -10.00000000000000178, -10.30499999999960892, 15.00000000000000000 ) ) ;
#99 = DIRECTION ( 'NONE',  ( 0.6324255876883214667, -0.6324255876883112526, -0.4472982808754971118 ) ) ;
#100 = CARTESIAN_POINT ( 'NONE',  ( 59.48729127534373617, -129.4405235534862584, 3.113324992177556538 ) ) ;
#101 = VERTEX_POINT ( 'NONE', #2109 ) ;
#102 = CARTESIAN_POINT ( 'NONE',  ( 0.000000000000000000, -95.93498557872678134, 0.000000000000000000 ) ) ;
#103 = VERTEX_POINT ( 'NONE', #256 ) ;
#104 = FACE_OUTER_BOUND ( 'NONE', #656, .T. ) ;
#105 = CARTESIAN_POINT ( 'NONE',  ( 122.6950000000001353, -169.9999999999999716, 12.00000000000000000 ) ) ;
#106 = ORIENTED_EDGE ( 'NONE', *, *, #358, .T. ) ;
#107 = EDGE_CURVE ( 'NONE', #451, #1003, #90, .T. ) ;
#108 = DIRECTION ( 'NONE',  ( 0.000000000000000000, 0.000000000000000000, -1.000000000000000000 ) ) ;
#109 = AXIS2_PLACEMENT_3D ( 'NONE', #1174, #661, #2295 ) ;
#110 = ADVANCED_FACE ( 'NONE', ( #1035 ), #855, .F. ) ;
#111 = CARTESIAN_POINT ( 'NONE',  ( 91.50342420369132412, -134.5865987967432034, -3.469446757428949068E-15 ) ) ;
#112 = DIRECTION ( 'NONE',  ( 1.000000000000000000, 0.000000000000000000, 0.000000000000000000 ) ) ;
#113 = ORIENTED_EDGE ( 'NONE', *, *, #211, .F. ) ;
#114 = CARTESIAN_POINT ( 'NONE',  ( 143.0950000000001410, -169.9999999999999716, -20.00000000000000355 ) ) ;
#115 = VECTOR ( 'NONE', #212, 1000.000000000000000 ) ;
#116 = AXIS2_PLACEMENT_3D ( 'NONE', #1222, #2150, #477 ) ;
#117 = DIRECTION ( 'NONE',  ( 0.000000000000000000, 0.000000000000000000, 1.000000000000000000 ) ) ;
#118 = ORIENTED_EDGE ( 'NONE', *, *, #1472, .T. ) ;
#119 = AXIS2_PLACEMENT_3D ( 'NONE', #1218, #1208, #659 ) ;
#120 = CARTESIAN_POINT ( 'NONE',  ( 50.02338386092873890, -95.93498557872678134, 15.00000000000000000 ) ) ;
#121 = VECTOR ( 'NONE', #1729, 999.9999999999998863 ) ;
#122 = CYLINDRICAL_SURFACE ( 'NONE', #1240, 1.600000000000000533 ) ;
#123 = VERTEX_POINT ( 'NONE', #1382 ) ;
#124 = CARTESIAN_POINT ( 'NONE',  ( 57.52338386092871758, -127.4766161390712398, 3.474292064290691151 ) ) ;
#125 = EDGE_CURVE ( 'NONE', #800, #550, #1349, .T. ) ;
#126 = DIRECTION ( 'NONE',  ( -0.6324255876883205785, 0.6324255876883118077, -0.4472982808754977224 ) ) ;
#127 = LINE ( 'NONE', #1380, #965 ) ;
#128 = EDGE_LOOP ( 'NONE', ( #886, #2080, #906, #1195, #510, #1072 ) ) ;
#129 = FACE_OUTER_BOUND ( 'NONE', #1764, .T. ) ;
#130 = EDGE_CURVE ( 'NONE', #1580, #1068, #2290, .T. ) ;
#131 = DIRECTION ( 'NONE',  ( -0.000000000000000000, -0.000000000000000000, 1.000000000000000000 ) ) ;
#132 = ORIENTED_EDGE ( 'NONE', *, *, #2037, .T. ) ;
#133 = CARTESIAN_POINT ( 'NONE',  ( 50.02338386092873890, -95.93498557872678134, -20.00000000000000355 ) ) ;
#134 = LINE ( 'NONE', #105, #1008 ) ;
#135 = VERTEX_POINT ( 'NONE', #445 ) ;
#136 =( BOUNDED_CURVE ( )  B_SPLINE_CURVE ( 3, ( #2249, #1477, #2260, #218 ),
 .UNSPECIFIED., .F., .T. ) 
 B_SPLINE_CURVE_WITH_KNOTS ( ( 4, 4 ),
 ( 1.946226657259083170, 2.186387617364666358 ),
 .UNSPECIFIED. ) 
 CURVE ( )  GEOMETRIC_REPRESENTATION_ITEM ( )  RATIONAL_B_SPLINE_CURVE ( ( 1.000000000000000000, 0.9951993321292560424, 0.9951993321292560424, 1.000000000000000000 ) ) 
 REPRESENTATION_ITEM ( '' )  );
#137 = DIRECTION ( 'NONE',  ( 1.000000000000000000, -0.000000000000000000, -0.000000000000000000 ) ) ;
#138 = SURFACE_SIDE_STYLE ('',( #456 ) ) ;
#139 = DIRECTION ( 'NONE',  ( -1.000000000000000000, -0.000000000000000000, -0.000000000000000000 ) ) ;
#140 = ORIENTED_EDGE ( 'NONE', *, *, #718, .T. ) ;
#141 = DIRECTION ( 'NONE',  ( 0.000000000000000000, 0.000000000000000000, -1.000000000000000000 ) ) ;
#142 = EDGE_CURVE ( 'NONE', #2309, #89, #1934, .T. ) ;
#143 = DIRECTION ( 'NONE',  ( 1.000000000000000000, 0.000000000000000000, 0.000000000000000000 ) ) ;
#144 = ORIENTED_EDGE ( 'NONE', *, *, #184, .T. ) ;
#145 = EDGE_CURVE ( 'NONE', #1321, #1922, #1569, .T. ) ;
#146 = DIRECTION ( 'NONE',  ( 0.000000000000000000, 0.000000000000000000, -1.000000000000000000 ) ) ;
#147 = LINE ( 'NONE', #701, #2250 ) ;
#148 = ORIENTED_EDGE ( 'NONE', *, *, #2203, .F. ) ;
#149 = AXIS2_PLACEMENT_3D ( 'NONE', #2382, #1049, #1803 ) ;
#150 = CARTESIAN_POINT ( 'NONE',  ( 159.6950000000001069, -180.0000000000000000, 15.00000000000000000 ) ) ;
#151 = ORIENTED_EDGE ( 'NONE', *, *, #1481, .T. ) ;
#152 = CARTESIAN_POINT ( 'NONE',  ( 18.00000000000000355, -53.30499999999961602, 15.00000000000000000 ) ) ;
#153 = CARTESIAN_POINT ( 'NONE',  ( 44.52338386092873179, -114.4766161390712398, 15.00000000000000000 ) ) ;
#154 = EDGE_LOOP ( 'NONE', ( #1523, #1271, #765, #821, #787, #1728, #1331, #1889 ) ) ;
#155 = VECTOR ( 'NONE', #433, 1000.000000000000000 ) ;
#156 = LINE ( 'NONE', #1636, #376 ) ;
#157 = FACE_OUTER_BOUND ( 'NONE', #2378, .T. ) ;
#158 = ORIENTED_EDGE ( 'NONE', *, *, #825, .T. ) ;
#159 = VECTOR ( 'NONE', #1674, 1000.000000000000000 ) ;
#160 = EDGE_CURVE ( 'NONE', #2244, #468, #1698, .T. ) ;
#161 = AXIS2_PLACEMENT_3D ( 'NONE', #2292, #1744, #595 ) ;
#162 = VECTOR ( 'NONE', #2067, 1000.000000000000114 ) ;
#163 = LINE ( 'NONE', #542, #2052 ) ;
#164 = VERTEX_POINT ( 'NONE', #681 ) ;
#165 = PLANE ( 'NONE',  #1496 ) ;
#166 = DIRECTION ( 'NONE',  ( -0.000000000000000000, -0.000000000000000000, 1.000000000000000000 ) ) ;
#167 = ORIENTED_EDGE ( 'NONE', *, *, #1091, .F. ) ;
#168 = DIRECTION ( 'NONE',  ( 1.000000000000000000, 0.000000000000000000, 0.000000000000000000 ) ) ;
#169 = CARTESIAN_POINT ( 'NONE',  ( 0.000000000000000000, -50.30499999999961602, 12.00000000000000000 ) ) ;
#170 = ORIENTED_EDGE ( 'NONE', *, *, #579, .T. ) ;
#171 = EDGE_CURVE ( 'NONE', #1694, #2254, #1409, .T. ) ;
#172 = ADVANCED_FACE ( 'NONE', ( #129 ), #165, .F. ) ;
#173 = CARTESIAN_POINT ( 'NONE',  ( 50.02338386092873890, -93.10655845398062525, -20.00000000000000355 ) ) ;
#174 = DIRECTION ( 'NONE',  ( 0.000000000000000000, 0.000000000000000000, -1.000000000000000000 ) ) ;
#175 = VERTEX_POINT ( 'NONE', #1069 ) ;
#176 = DIRECTION ( 'NONE',  ( 0.000000000000000000, 0.000000000000000000, 1.000000000000000000 ) ) ;
#177 = VERTEX_POINT ( 'NONE', #1644 ) ;
#178 = FACE_OUTER_BOUND ( 'NONE', #1419, .T. ) ;
#179 = DIRECTION ( 'NONE',  ( 1.000000000000000000, 0.000000000000000000, 0.000000000000000000 ) ) ;
#180 = ORIENTED_EDGE ( 'NONE', *, *, #2053, .T. ) ;
#181 = ADVANCED_FACE ( 'NONE', ( #2021 ), #497, .T. ) ;
#182 = CARTESIAN_POINT ( 'NONE',  ( 41.69495673618257570, -111.6481890143250979, 15.00000000000000000 ) ) ;
#183 = DIRECTION ( 'NONE',  ( 0.000000000000000000, 0.000000000000000000, -1.000000000000000000 ) ) ;
#184 = EDGE_CURVE ( 'NONE', #879, #1735, #880, .T. ) ;
#185 = ORIENTED_EDGE ( 'NONE', *, *, #713, .F. ) ;
#186 = DIRECTION ( 'NONE',  ( 1.000000000000000000, 0.000000000000000000, -0.000000000000000000 ) ) ;
#187 = ORIENTED_EDGE ( 'NONE', *, *, #2217, .F. ) ;
#188 = CARTESIAN_POINT ( 'NONE',  ( 87.89344154601936054, -130.9766161390712398, 15.00000000000000000 ) ) ;
#189 = PLANE ( 'NONE',  #853 ) ;
#190 = ORIENTED_EDGE ( 'NONE', *, *, #1743, .F. ) ;
#191 = VECTOR ( 'NONE', #409, 1000.000000000000000 ) ;
#192 = AXIS2_PLACEMENT_3D ( 'NONE', #217, #973, #1893 ) ;
#193 = VECTOR ( 'NONE', #166, 1000.000000000000000 ) ;
#194 = LINE ( 'NONE', #1322, #1121 ) ;
#195 = CARTESIAN_POINT ( 'NONE',  ( 82.39344154601936054, -149.5182466994157551, -20.00000000000000355 ) ) ;
#196 = CARTESIAN_POINT ( 'NONE',  ( 74.29423811748225148, -117.3774127105341165, 1.389044873542021996 ) ) ;
#197 = VERTEX_POINT ( 'NONE', #1082 ) ;
#198 = CARTESIAN_POINT ( 'NONE',  ( 159.6950000000001069, -159.9999999999999716, 0.000000000000000000 ) ) ;
#199 = ADVANCED_FACE ( 'NONE', ( #869 ), #913, .F. ) ;
#200 = VERTEX_POINT ( 'NONE', #530 ) ;
#201 = DIRECTION ( 'NONE',  ( -0.7071067811865474617, 0.7071067811865474617, 0.000000000000000000 ) ) ;
#202 = CARTESIAN_POINT ( 'NONE',  ( 12.15332617583809949, -82.10655845398061103, -20.00000000000000355 ) ) ;
#203 = EDGE_LOOP ( 'NONE', ( #846, #1961, #1488, #2063, #1490, #1791 ) ) ;
#204 = ORIENTED_EDGE ( 'NONE', *, *, #1494, .T. ) ;
#205 = CARTESIAN_POINT ( 'NONE',  ( 9.999999999999998224, -53.30499999999961602, -20.00000000000000355 ) ) ;
#206 = LINE ( 'NONE', #4, #2010 ) ;
#207 = DIRECTION ( 'NONE',  ( 1.000000000000000000, -0.000000000000000000, -0.000000000000000000 ) ) ;
#208 = EDGE_LOOP ( 'NONE', ( #7, #1495, #1095, #71 ) ) ;
#209 =( NAMED_UNIT ( * ) SI_UNIT ( $, .STERADIAN. ) SOLID_ANGLE_UNIT ( ) );
#210 = ORIENTED_EDGE ( 'NONE', *, *, #1684, .F. ) ;
#211 = EDGE_CURVE ( 'NONE', #1723, #716, #483, .T. ) ;
#212 = DIRECTION ( 'NONE',  ( 1.000000000000000000, -4.906538933386862717E-15, 0.000000000000000000 ) ) ;
#213 = LINE ( 'NONE', #952, #541 ) ;
#214 = ORIENTED_EDGE ( 'NONE', *, *, #228, .F. ) ;
#215 = EDGE_CURVE ( 'NONE', #786, #1987, #351, .T. ) ;
#216 = VERTEX_POINT ( 'NONE', #2168 ) ;
#217 = CARTESIAN_POINT ( 'NONE',  ( 0.000000000000000000, -50.30499999999961602, 11.99999999999999645 ) ) ;
#218 = CARTESIAN_POINT ( 'NONE',  ( 51.13585608362579649, -117.0890883617682903, 1.185120509872752859 ) ) ;
#219 = DIRECTION ( 'NONE',  ( -0.6324255876883146943, 0.6324255876883159155, 0.4472982808755002759 ) ) ;
#220 = VERTEX_POINT ( 'NONE', #2192 ) ;
#221 = VERTEX_POINT ( 'NONE', #152 ) ;
#222 = DIRECTION ( 'NONE',  ( 0.000000000000000000, -1.000000000000000000, 0.000000000000000000 ) ) ;
#223 = CIRCLE ( 'NONE', #1582, 3.000000000000000000 ) ;
#224 = DIRECTION ( 'NONE',  ( -1.000000000000000000, 0.000000000000000000, 0.000000000000000000 ) ) ;
#225 = ORIENTED_EDGE ( 'NONE', *, *, #2233, .T. ) ;
#226 = VECTOR ( 'NONE', #1491, 1000.000000000000114 ) ;
#227 = ORIENTED_EDGE ( 'NONE', *, *, #1823, .F. ) ;
#228 = EDGE_CURVE ( 'NONE', #1470, #1749, #1093, .T. ) ;
#229 = VECTOR ( 'NONE', #935, 1000.000000000000114 ) ;
#230 = CARTESIAN_POINT ( 'NONE',  ( 78.39344154601936054, -125.4766161390712398, 3.691708095284596425 ) ) ;
#231 = DIRECTION ( 'NONE',  ( 0.6324255876883153604, -0.6324255876883153604, 0.4472982808755001649 ) ) ;
#232 = AXIS2_PLACEMENT_3D ( 'NONE', #2031, #2392, #2383 ) ;
#233 = DIRECTION ( 'NONE',  ( 0.000000000000000000, 0.000000000000000000, -1.000000000000000000 ) ) ;
#234 = VERTEX_POINT ( 'NONE', #2337 ) ;
#235 = ORIENTED_EDGE ( 'NONE', *, *, #1905, .F. ) ;
#236 = CARTESIAN_POINT ( 'NONE',  ( 47.45275170536365295, -113.4059839835061894, -1.419844072132088408 ) ) ;
#237 = DIRECTION ( 'NONE',  ( 0.000000000000000000, 0.000000000000000000, 1.000000000000000000 ) ) ;
#238 = ORIENTED_EDGE ( 'NONE', *, *, #532, .T. ) ;
#239 = EDGE_LOOP ( 'NONE', ( #308, #44 ) ) ;
#240 = ADVANCED_FACE ( 'NONE', ( #1838 ), #2359, .T. ) ;
#241 = LINE ( 'NONE', #1758, #536 ) ;
#242 = CARTESIAN_POINT ( 'NONE',  ( 116.6950000000001069, -151.9999999999999716, -5.000000000000004441 ) ) ;
#243 = EDGE_CURVE ( 'NONE', #1900, #1513, #1420, .T. ) ;
#244 = CARTESIAN_POINT ( 'NONE',  ( 19.65332617583807817, -89.60655845398059682, 15.00000000000000000 ) ) ;
#245 = ORIENTED_EDGE ( 'NONE', *, *, #52, .T. ) ;
#246 = CARTESIAN_POINT ( 'NONE',  ( 0.000000000000000000, -25.30499999999960892, 12.00000000000000000 ) ) ;
#247 = CARTESIAN_POINT ( 'NONE',  ( 93.58963804064288183, -171.3210449118357417, 39.54198241678730597 ) ) ;
#248 = DIRECTION ( 'NONE',  ( 0.000000000000000000, 0.000000000000000000, 1.000000000000000000 ) ) ;
#249 = VERTEX_POINT ( 'NONE', #1607 ) ;
#250 = UNCERTAINTY_MEASURE_WITH_UNIT (LENGTH_MEASURE( 1.000000000000000082E-05 ), #412, 'distance_accuracy_value', 'NONE');
#251 = CARTESIAN_POINT ( 'NONE',  ( 159.6950000000001069, -159.9999999999999716, -5.000000000000004441 ) ) ;
#252 = EDGE_LOOP ( 'NONE', ( #1669, #2367, #1759, #401, #27, #69 ) ) ;
#253 = DIRECTION ( 'NONE',  ( 1.000000000000000000, 0.000000000000000000, 0.000000000000000000 ) ) ;
#254 = DIRECTION ( 'NONE',  ( 1.000000000000000000, 0.000000000000000000, 0.000000000000000000 ) ) ;
#255 = ORIENTED_EDGE ( 'NONE', *, *, #2339, .F. ) ;
#256 = CARTESIAN_POINT ( 'NONE',  ( 54.02338386092879574, -119.9766161390712540, 2.745793870188593111 ) ) ;
#257 = ADVANCED_FACE ( 'NONE', ( #1633 ), #668, .F. ) ;
#258 = LINE ( 'NONE', #2061, #576 ) ;
#259 = ORIENTED_EDGE ( 'NONE', *, *, #856, .T. ) ;
#260 = CARTESIAN_POINT ( 'NONE',  ( 87.89344154601936054, -157.8466738241618827, -20.00000000000000355 ) ) ;
#261 = ORIENTED_EDGE ( 'NONE', *, *, #1046, .F. ) ;
#262 = CARTESIAN_POINT ( 'NONE',  ( 87.89344154601936054, -133.8050432638173959, -20.00000000000000355 ) ) ;
#263 = CIRCLE ( 'NONE', #1199, 1.600000000000004086 ) ;
#264 = PLANE ( 'NONE',  #2049 ) ;
#265 = AXIS2_PLACEMENT_3D ( 'NONE', #173, #1067, #2380 ) ;
#266 = ORIENTED_EDGE ( 'NONE', *, *, #1938, .T. ) ;
#267 = SHAPE_DEFINITION_REPRESENTATION ( #298, #676 ) ;
#268 = CARTESIAN_POINT ( 'NONE',  ( 87.89344154601936054, -157.8466738241618827, 15.00000000000000000 ) ) ;
#269 = AXIS2_PLACEMENT_3D ( 'NONE', #1293, #1270, #2241 ) ;
#270 = ADVANCED_FACE ( 'NONE', ( #892 ), #2348, .T. ) ;
#271 = CARTESIAN_POINT ( 'NONE',  ( 116.6950000000001353, -169.9999999999999716, 15.00000000000000000 ) ) ;
#272 = ORIENTED_EDGE ( 'NONE', *, *, #49, .F. ) ;
#273 = AXIS2_PLACEMENT_3D ( 'NONE', #246, #1678, #1336 ) ;
#274 = EDGE_CURVE ( 'NONE', #1281, #1387, #223, .T. ) ;
#275 = CARTESIAN_POINT ( 'NONE',  ( 14.98175330058430710, -58.06492789363618812, 0.000000000000000000 ) ) ;
#276 = EDGE_LOOP ( 'NONE', ( #2340, #2176, #78, #425 ) ) ;
#277 = CARTESIAN_POINT ( 'NONE',  ( 91.89344154601941739, -157.8466738241618827, 15.00000000000000000 ) ) ;
#278 = DIRECTION ( 'NONE',  ( -0.000000000000000000, 0.000000000000000000, 1.000000000000000000 ) ) ;
#279 = CARTESIAN_POINT ( 'NONE',  ( 50.02338386092873890, -119.9766161390712540, -20.00000000000000355 ) ) ;
#280 = ORIENTED_EDGE ( 'NONE', *, *, #2353, .F. ) ;
#281 = DIRECTION ( 'NONE',  ( -1.000000000000000000, 9.813077866773629194E-15, -0.000000000000000000 ) ) ;
#282 = LINE ( 'NONE', #1399, #2097 ) ;
#283 = ORIENTED_EDGE ( 'NONE', *, *, #1191, .T. ) ;
#284 = ADVANCED_FACE ( 'NONE', ( #1288 ), #762, .F. ) ;
#285 = PLANE ( 'NONE',  #300 ) ;
#286 = CARTESIAN_POINT ( 'NONE',  ( 87.89344154601936054, -134.5865987967432034, 3.890493303901781013E-22 ) ) ;
#287 = VERTEX_POINT ( 'NONE', #13 ) ;
#288 = EDGE_CURVE ( 'NONE', #1018, #1595, #1687, .T. ) ;
#289 = DIRECTION ( 'NONE',  ( 0.000000000000000000, 0.000000000000000000, -1.000000000000000000 ) ) ;
#290 = VERTEX_POINT ( 'NONE', #1701 ) ;
#291 = DIRECTION ( 'NONE',  ( 1.000000000000000000, 0.000000000000000000, 0.000000000000000000 ) ) ;
#292 = CARTESIAN_POINT ( 'NONE',  ( 26.69500000000013529, -44.87635872456091590, 63.44973534023392858 ) ) ;
#293 = ORIENTED_EDGE ( 'NONE', *, *, #2247, .T. ) ;
#294 = CARTESIAN_POINT ( 'NONE',  ( 26.69500000000013529, -115.4134715150620139, -1.250553921878853730E-22 ) ) ;
#295 = CARTESIAN_POINT ( 'NONE',  ( 72.89344154601938897, -119.9766161390712540, 2.745793870188587782 ) ) ;
#296 = ORIENTED_EDGE ( 'NONE', *, *, #1002, .F. ) ;
#297 = EDGE_CURVE ( 'NONE', #948, #216, #449, .T. ) ;
#298 = PRODUCT_DEFINITION_SHAPE ( 'NONE', 'NONE',  #1622 ) ;
#299 = CARTESIAN_POINT ( 'NONE',  ( 110.7634992311099467, -157.8466738241618827, 15.00000000000000000 ) ) ;
#300 = AXIS2_PLACEMENT_3D ( 'NONE', #260, #993, #645 ) ;
#301 = DIRECTION ( 'NONE',  ( 0.000000000000000000, 0.000000000000000000, 1.000000000000000000 ) ) ;
#302 = LINE ( 'NONE', #666, #155 ) ;
#303 = ORIENTED_EDGE ( 'NONE', *, *, #868, .T. ) ;
#304 = DIRECTION ( 'NONE',  ( 1.000000000000000000, 0.000000000000000000, 0.000000000000000000 ) ) ;
#305 = MECHANICAL_DESIGN_GEOMETRIC_PRESENTATION_REPRESENTATION (  '', ( #1854 ), #2130 ) ;
#306 = VECTOR ( 'NONE', #1450, 1000.000000000000000 ) ;
#307 = CARTESIAN_POINT ( 'NONE',  ( 119.6950000000001353, -169.9999999999999716, 0.000000000000000000 ) ) ;
#308 = ORIENTED_EDGE ( 'NONE', *, *, #274, .F. ) ;
#309 = VECTOR ( 'NONE', #1522, 1000.000000000000000 ) ;
#310 = CARTESIAN_POINT ( 'NONE',  ( 118.0950000000001268, -169.9999999999999716, -20.00000000000000355 ) ) ;
#311 = DIRECTION ( 'NONE',  ( -0.000000000000000000, 1.000000000000000000, -0.000000000000000000 ) ) ;
#312 = ORIENTED_EDGE ( 'NONE', *, *, #211, .T. ) ;
#313 = CARTESIAN_POINT ( 'NONE',  ( 159.6950000000001069, -159.9999999999999716, -20.00000000000000355 ) ) ;
#314 = EDGE_CURVE ( 'NONE', #379, #1321, #1881, .T. ) ;
#315 = CARTESIAN_POINT ( 'NONE',  ( 51.13585608362579649, -117.0890883617682903, 1.185120509872752859 ) ) ;
#316 = FACE_BOUND ( 'NONE', #1585, .T. ) ;
#317 = EDGE_LOOP ( 'NONE', ( #1847, #261, #803, #2066 ) ) ;
#318 = DIRECTION ( 'NONE',  ( -0.000000000000000000, -0.000000000000000000, 1.000000000000000000 ) ) ;
#319 = EDGE_CURVE ( 'NONE', #2057, #2188, #206, .T. ) ;
#320 = DIRECTION ( 'NONE',  ( -0.7071067811865467956, 0.7071067811865483499, -0.000000000000000000 ) ) ;
#321 = VERTEX_POINT ( 'NONE', #1464 ) ;
#322 = DIRECTION ( 'NONE',  ( 0.000000000000000000, 0.000000000000000000, -1.000000000000000000 ) ) ;
#323 = FACE_OUTER_BOUND ( 'NONE', #58, .T. ) ;
#324 = ORIENTED_EDGE ( 'NONE', *, *, #1668, .T. ) ;
#325 = DIRECTION ( 'NONE',  ( 0.000000000000000000, 1.000000000000000000, -0.000000000000000000 ) ) ;
#326 = ORIENTED_EDGE ( 'NONE', *, *, #2159, .F. ) ;
#327 = DIRECTION ( 'NONE',  ( 1.000000000000000000, -0.000000000000000000, -0.000000000000000000 ) ) ;
#328 = DIRECTION ( 'NONE',  ( -0.000000000000000000, -0.000000000000000000, 1.000000000000000000 ) ) ;
#329 = EDGE_CURVE ( 'NONE', #2113, #2015, #2076, .T. ) ;
#330 = ORIENTED_EDGE ( 'NONE', *, *, #1481, .F. ) ;
#331 = LINE ( 'NONE', #1782, #1385 ) ;
#332 = FACE_OUTER_BOUND ( 'NONE', #671, .T. ) ;
#333 = VERTEX_POINT ( 'NONE', #936 ) ;
#334 = AXIS2_PLACEMENT_3D ( 'NONE', #1956, #1177, #253 ) ;
#335 = DIRECTION ( 'NONE',  ( 1.000000000000000000, 0.000000000000000000, 0.000000000000000000 ) ) ;
#336 = EDGE_LOOP ( 'NONE', ( #976, #982, #438, #1964 ) ) ;
#337 = DIRECTION ( 'NONE',  ( 0.000000000000000000, 0.000000000000000000, -1.000000000000000000 ) ) ;
#338 = AXIS2_PLACEMENT_3D ( 'NONE', #1356, #1376, #612 ) ;
#339 = VECTOR ( 'NONE', #665, 1000.000000000000114 ) ;
#340 = DIRECTION ( 'NONE',  ( 0.000000000000000000, 0.000000000000000000, 1.000000000000000000 ) ) ;
#341 = ORIENTED_EDGE ( 'NONE', *, *, #1453, .T. ) ;
#342 = VECTOR ( 'NONE', #2224, 1000.000000000000000 ) ;
#343 = EDGE_CURVE ( 'NONE', #1694, #567, #1871, .T. ) ;
#344 = CARTESIAN_POINT ( 'NONE',  ( 9.999999999999998224, -10.30499999999960892, -20.00000000000000355 ) ) ;
#345 = FACE_OUTER_BOUND ( 'NONE', #208, .T. ) ;
#346 = VERTEX_POINT ( 'NONE', #1500 ) ;
#347 = AXIS2_PLACEMENT_3D ( 'NONE', #427, #131, #1062 ) ;
#348 = EDGE_CURVE ( 'NONE', #103, #1068, #136, .T. ) ;
#349 = DIRECTION ( 'NONE',  ( 0.000000000000000000, 0.000000000000000000, 1.000000000000000000 ) ) ;
#350 = VERTEX_POINT ( 'NONE', #385 ) ;
#351 = LINE ( 'NONE', #2156, #2047 ) ;
#352 = DIRECTION ( 'NONE',  ( 1.000000000000000000, 0.000000000000000000, 0.000000000000000000 ) ) ;
#353 = ORIENTED_EDGE ( 'NONE', *, *, #1070, .T. ) ;
#354 = LINE ( 'NONE', #2365, #1497 ) ;
#355 = DIRECTION ( 'NONE',  ( -0.000000000000000000, -0.000000000000000000, 1.000000000000000000 ) ) ;
#356 = ORIENTED_EDGE ( 'NONE', *, *, #2339, .T. ) ;
#357 = EDGE_CURVE ( 'NONE', #430, #2358, #568, .T. ) ;
#358 = EDGE_CURVE ( 'NONE', #1513, #350, #360, .T. ) ;
#359 = CARTESIAN_POINT ( 'NONE',  ( 54.02338386092879574, -119.9766161390712540, 15.00000000000000000 ) ) ;
#360 = LINE ( 'NONE', #1486, #1232 ) ;
#361 = ORIENTED_EDGE ( 'NONE', *, *, #2081, .T. ) ;
#362 = CARTESIAN_POINT ( 'NONE',  ( 141.6950000000001353, -169.9999999999999716, 15.00000000000000000 ) ) ;
#363 = ORIENTED_EDGE ( 'NONE', *, *, #760, .T. ) ;
#364 = DIRECTION ( 'NONE',  ( -0.000000000000000000, 0.000000000000000000, 1.000000000000000000 ) ) ;
#365 = DIRECTION ( 'NONE',  ( -0.000000000000000000, 0.000000000000000000, 1.000000000000000000 ) ) ;
#366 = ORIENTED_EDGE ( 'NONE', *, *, #900, .F. ) ;
#367 = PRODUCT_RELATED_PRODUCT_CATEGORY ( 'part', '', ( #1255 ) ) ;
#368 = EDGE_CURVE ( 'NONE', #2043, #767, #947, .T. ) ;
#369 = CARTESIAN_POINT ( 'NONE',  ( 159.6950000000001069, -151.9999999999999716, 15.00000000000000000 ) ) ;
#370 = FACE_OUTER_BOUND ( 'NONE', #2303, .T. ) ;
#371 = LINE ( 'NONE', #1727, #2246 ) ;
#372 = ORIENTED_EDGE ( 'NONE', *, *, #1920, .T. ) ;
#373 = LINE ( 'NONE', #2228, #1859 ) ;
#374 = EDGE_LOOP ( 'NONE', ( #828, #1180 ) ) ;
#375 = VECTOR ( 'NONE', #621, 1000.000000000000000 ) ;
#376 = VECTOR ( 'NONE', #2341, 1000.000000000000000 ) ;
#377 = PLANE ( 'NONE',  #1461 ) ;
#378 = DIRECTION ( 'NONE',  ( 1.000000000000000000, 0.000000000000000000, 0.000000000000000000 ) ) ;
#379 = VERTEX_POINT ( 'NONE', #1140 ) ;
#380 = CIRCLE ( 'NONE', #769, 2.999999999999999112 ) ;
#381 = VECTOR ( 'NONE', #1651, 1000.000000000000000 ) ;
#382 = VECTOR ( 'NONE', #81, 1000.000000000000114 ) ;
#383 = DIRECTION ( 'NONE',  ( 0.000000000000000000, -1.000000000000000000, 0.000000000000000000 ) ) ;
#384 = AXIS2_PLACEMENT_3D ( 'NONE', #2079, #2108, #2058 ) ;
#385 = CARTESIAN_POINT ( 'NONE',  ( 41.69495673618258991, -111.6481890143251121, 0.000000000000000000 ) ) ;
#386 = EDGE_CURVE ( 'NONE', #1209, #200, #1152, .T. ) ;
#387 = CARTESIAN_POINT ( 'NONE',  ( 57.52338386092871758, -127.4766161390712398, 3.474292064290691151 ) ) ;
#388 = DIRECTION ( 'NONE',  ( -0.000000000000000000, -0.000000000000000000, -1.000000000000000000 ) ) ;
#389 = ORIENTED_EDGE ( 'NONE', *, *, #2085, .F. ) ;
#390 = EDGE_CURVE ( 'NONE', #1520, #2147, #588, .T. ) ;
#391 = CARTESIAN_POINT ( 'NONE',  ( 79.56501442127319024, -149.5182466994157551, 15.00000000000000000 ) ) ;
#392 = CARTESIAN_POINT ( 'NONE',  ( 74.89344154601938897, -117.9766161390712682, 15.00000000000000000 ) ) ;
#393 =( BOUNDED_CURVE ( )  B_SPLINE_CURVE ( 3, ( #230, #407, #1151, #50 ),
 .UNSPECIFIED., .F., .T. ) 
 B_SPLINE_CURVE_WITH_KNOTS ( ( 4, 4 ),
 ( 4.747182933408828021, 5.045259937268053108 ),
 .UNSPECIFIED. ) 
 CURVE ( )  GEOMETRIC_REPRESENTATION_ITEM ( )  RATIONAL_B_SPLINE_CURVE ( ( 1.000000000000000000, 0.9926095368940888175, 0.9926095368940888175, 1.000000000000000000 ) ) 
 REPRESENTATION_ITEM ( '' )  );
#394 = VERTEX_POINT ( 'NONE', #1652 ) ;
#395 = ORIENTED_EDGE ( 'NONE', *, *, #1324, .T. ) ;
#396 = CARTESIAN_POINT ( 'NONE',  ( 26.69500000000013529, -117.0890883617682903, 1.185120509872752859 ) ) ;
#397 = CARTESIAN_POINT ( 'NONE',  ( 116.6950000000001069, -151.9999999999999716, 15.00000000000000000 ) ) ;
#398 = DIRECTION ( 'NONE',  ( 0.000000000000000000, -1.000000000000000000, 0.000000000000000000 ) ) ;
#399 = EDGE_LOOP ( 'NONE', ( #1291, #585, #113, #809, #1157, #170 ) ) ;
#400 = PLANE ( 'NONE',  #1050 ) ;
#401 = ORIENTED_EDGE ( 'NONE', *, *, #319, .T. ) ;
#402 = ADVANCED_FACE ( 'NONE', ( #2389 ), #563, .T. ) ;
#403 = LINE ( 'NONE', #1107, #226 ) ;
#404 = LINE ( 'NONE', #1903, #699 ) ;
#405 = ORIENTED_EDGE ( 'NONE', *, *, #415, .T. ) ;
#406 = ORIENTED_EDGE ( 'NONE', *, *, #2266, .T. ) ;
#407 = CARTESIAN_POINT ( 'NONE',  ( 79.75889663626672643, -126.8420712293186199, 3.644179333726575098 ) ) ;
#408 = DIRECTION ( 'NONE',  ( 0.000000000000000000, 0.000000000000000000, 1.000000000000000000 ) ) ;
#409 = DIRECTION ( 'NONE',  ( 0.000000000000000000, -1.000000000000000000, 0.000000000000000000 ) ) ;
#410 = VERTEX_POINT ( 'NONE', #1663 ) ;
#411 = ORIENTED_EDGE ( 'NONE', *, *, #2037, .F. ) ;
#412 =( LENGTH_UNIT ( ) NAMED_UNIT ( * ) SI_UNIT ( .MILLI., .METRE. ) );
#413 = CARTESIAN_POINT ( 'NONE',  ( 146.2950000000001296, -169.9999999999999716, 11.99999999999999645 ) ) ;
#414 = ORIENTED_EDGE ( 'NONE', *, *, #228, .T. ) ;
#415 = EDGE_CURVE ( 'NONE', #220, #997, #553, .T. ) ;
#416 = AXIS2_PLACEMENT_3D ( 'NONE', #262, #826, #2124 ) ;
#417 = EDGE_LOOP ( 'NONE', ( #1928, #1745, #1184, #259 ) ) ;
#418 = VECTOR ( 'NONE', #480, 1000.000000000000000 ) ;
#419 = ADVANCED_FACE ( 'NONE', ( #370 ), #1856, .T. ) ;
#420 = VECTOR ( 'NONE', #946, 1000.000000000000000 ) ;
#421 = LINE ( 'NONE', #205, #159 ) ;
#422 = CARTESIAN_POINT ( 'NONE',  ( 44.52338386092873179, 0.000000000000000000, 0.000000000000000000 ) ) ;
#423 = VECTOR ( 'NONE', #512, 1000.000000000000114 ) ;
#424 = FACE_OUTER_BOUND ( 'NONE', #1506, .T. ) ;
#425 = ORIENTED_EDGE ( 'NONE', *, *, #274, .T. ) ;
#426 = CARTESIAN_POINT ( 'NONE',  ( 44.52338386092873179, -114.4766161390712398, -20.00000000000000355 ) ) ;
#427 = CARTESIAN_POINT ( 'NONE',  ( 119.6950000000001353, -169.9999999999999716, 12.00000000000000000 ) ) ;
#428 = ORIENTED_EDGE ( 'NONE', *, *, #1949, .T. ) ;
#429 = LINE ( 'NONE', #466, #2245 ) ;
#430 = VERTEX_POINT ( 'NONE', #1378 ) ;
#431 = EDGE_CURVE ( 'NONE', #1404, #940, #1383, .T. ) ;
#432 = PLANE ( 'NONE',  #416 ) ;
#433 = DIRECTION ( 'NONE',  ( 1.000000000000000000, -0.000000000000000000, -0.000000000000000000 ) ) ;
#434 = ORIENTED_EDGE ( 'NONE', *, *, #547, .F. ) ;
#435 = CARTESIAN_POINT ( 'NONE',  ( 82.39344154601936054, -152.3466738241619112, -20.00000000000000355 ) ) ;
#436 = DIRECTION ( 'NONE',  ( 0.000000000000000000, 0.000000000000000000, 1.000000000000000000 ) ) ;
#437 = DIRECTION ( 'NONE',  ( -0.7071067811865525687, 0.7071067811865425767, -0.000000000000000000 ) ) ;
#438 = ORIENTED_EDGE ( 'NONE', *, *, #1772, .F. ) ;
#439 = FACE_OUTER_BOUND ( 'NONE', #626, .T. ) ;
#440 = ORIENTED_EDGE ( 'NONE', *, *, #2053, .F. ) ;
#441 = CARTESIAN_POINT ( 'NONE',  ( 118.0950000000001268, -169.9999999999999716, 11.99999999999999645 ) ) ;
#442 = ADVANCED_FACE ( 'NONE', ( #836 ), #2316, .T. ) ;
#443 = CARTESIAN_POINT ( 'NONE',  ( 19.65332617583808528, -89.60655845398061103, 0.000000000000000000 ) ) ;
#444 = ORIENTED_EDGE ( 'NONE', *, *, #1453, .F. ) ;
#445 = CARTESIAN_POINT ( 'NONE',  ( 19.65332617583807462, -89.60655845398059682, 15.00000000000000000 ) ) ;
#446 = EDGE_CURVE ( 'NONE', #101, #955, #1699, .T. ) ;
#447 = CARTESIAN_POINT ( 'NONE',  ( 0.000000000000000000, -50.30499999999961602, 0.000000000000000000 ) ) ;
#448 = ORIENTED_EDGE ( 'NONE', *, *, #871, .F. ) ;
#449 = CIRCLE ( 'NONE', #1000, 3.000000000000000000 ) ;
#450 = FACE_OUTER_BOUND ( 'NONE', #709, .T. ) ;
#451 = VERTEX_POINT ( 'NONE', #1944 ) ;
#452 = VECTOR ( 'NONE', #108, 1000.000000000000000 ) ;
#453 = VECTOR ( 'NONE', #851, 1000.000000000000000 ) ;
#454 = DIRECTION ( 'NONE',  ( 9.813077866773629194E-15, 1.000000000000000000, 0.000000000000000000 ) ) ;
#455 = VECTOR ( 'NONE', #1407, 1000.000000000000000 ) ;
#456 = SURFACE_STYLE_FILL_AREA ( #2098 ) ;
#457 = DIRECTION ( 'NONE',  ( 0.7071067811865532349, -0.7071067811865417996, -0.000000000000000000 ) ) ;
#458 = VECTOR ( 'NONE', #2026, 1000.000000000000000 ) ;
#459 = VERTEX_POINT ( 'NONE', #616 ) ;
#460 = EDGE_CURVE ( 'NONE', #800, #1755, #650, .T. ) ;
#461 = LINE ( 'NONE', #2096, #1423 ) ;
#462 = VECTOR ( 'NONE', #2302, 1000.000000000000000 ) ;
#463 = LINE ( 'NONE', #1421, #2291 ) ;
#464 = ADVANCED_FACE ( 'NONE', ( #815 ), #1393, .F. ) ;
#465 = VERTEX_POINT ( 'NONE', #2307 ) ;
#466 = CARTESIAN_POINT ( 'NONE',  ( 28.27024833746709120, -63.57524833746674631, -36.66383612929718083 ) ) ;
#467 = DIRECTION ( 'NONE',  ( 0.7071067811865525687, -0.7071067811865425767, 0.000000000000000000 ) ) ;
#468 = VERTEX_POINT ( 'NONE', #441 ) ;
#469 = DIRECTION ( 'NONE',  ( 1.000000000000000000, 0.000000000000000000, 0.000000000000000000 ) ) ;
#470 = CARTESIAN_POINT ( 'NONE',  ( 119.6950000000001353, -169.9999999999999716, 11.99999999999999645 ) ) ;
#471 = ORIENTED_EDGE ( 'NONE', *, *, #1029, .T. ) ;
#472 = DIRECTION ( 'NONE',  ( -0.000000000000000000, -0.000000000000000000, 1.000000000000000000 ) ) ;
#473 = DIRECTION ( 'NONE',  ( 0.000000000000000000, -1.000000000000000000, 0.000000000000000000 ) ) ;
#474 = ORIENTED_EDGE ( 'NONE', *, *, #1359, .F. ) ;
#475 = ADVANCED_FACE ( 'NONE', ( #1187 ), #1566, .T. ) ;
#476 = LINE ( 'NONE', #294, #73 ) ;
#477 = DIRECTION ( 'NONE',  ( 1.000000000000000000, 0.000000000000000000, 0.000000000000000000 ) ) ;
#478 = VERTEX_POINT ( 'NONE', #1725 ) ;
#479 = LINE ( 'NONE', #1225, #452 ) ;
#480 = DIRECTION ( 'NONE',  ( 0.000000000000000000, 0.000000000000000000, 1.000000000000000000 ) ) ;
#481 = FACE_BOUND ( 'NONE', #1302, .T. ) ;
#482 = ORIENTED_EDGE ( 'NONE', *, *, #1933, .F. ) ;
#483 = LINE ( 'NONE', #1229, #1111 ) ;
#484 = CARTESIAN_POINT ( 'NONE',  ( -10.00000000000000178, -67.73140687119452252, 0.000000000000000000 ) ) ;
#485 = ORIENTED_EDGE ( 'NONE', *, *, #2251, .T. ) ;
#486 = CARTESIAN_POINT ( 'NONE',  ( 116.6950000000001353, -169.9999999999999716, 12.00000000000000000 ) ) ;
#487 = LINE ( 'NONE', #1389, #1825 ) ;
#488 = ORIENTED_EDGE ( 'NONE', *, *, #1030, .F. ) ;
#489 = ADVANCED_FACE ( 'NONE', ( #1576 ), #1344, .T. ) ;
#490 = VECTOR ( 'NONE', #231, 999.9999999999998863 ) ;
#491 = ADVANCED_FACE ( 'NONE', ( #2105 ), #432, .T. ) ;
#492 = CARTESIAN_POINT ( 'NONE',  ( 57.52338386092872469, -127.4766161390712398, 15.00000000000000000 ) ) ;
#493 = VECTOR ( 'NONE', #137, 1000.000000000000000 ) ;
#494 = CARTESIAN_POINT ( 'NONE',  ( 134.3050865276347565, -134.3050865276375418, 0.000000000000000000 ) ) ;
#495 = CARTESIAN_POINT ( 'NONE',  ( -3.000000000000000000, -50.30499999999961602, 15.00000000000000000 ) ) ;
#496 = ORIENTED_EDGE ( 'NONE', *, *, #2145, .T. ) ;
#497 = PLANE ( 'NONE',  #2087 ) ;
#498 = CIRCLE ( 'NONE', #729, 1.600000000000004086 ) ;
#499 = VECTOR ( 'NONE', #1112, 1000.000000000000000 ) ;
#500 = LINE ( 'NONE', #1246, #80 ) ;
#501 = ORIENTED_EDGE ( 'NONE', *, *, #1597, .F. ) ;
#502 = VECTOR ( 'NONE', #473, 1000.000000000000000 ) ;
#503 = CARTESIAN_POINT ( 'NONE',  ( 50.27332046351399697, -128.0047273347075532, 4.655187657212546348 ) ) ;
#504 = CIRCLE ( 'NONE', #1471, 1.600000000000000533 ) ;
#505 = CARTESIAN_POINT ( 'NONE',  ( 40.52338386092867495, -87.60655845398061103, 15.00000000000000000 ) ) ;
#506 = ORIENTED_EDGE ( 'NONE', *, *, #2104, .F. ) ;
#507 = EDGE_CURVE ( 'NONE', #216, #1281, #1555, .T. ) ;
#508 = EDGE_CURVE ( 'NONE', #1947, #1276, #87, .T. ) ;
#509 = CARTESIAN_POINT ( 'NONE',  ( 87.89344154601936054, -133.8050432638173959, 15.00000000000000000 ) ) ;
#510 = ORIENTED_EDGE ( 'NONE', *, *, #2217, .T. ) ;
#511 = DIRECTION ( 'NONE',  ( 0.7071067811865475727, 0.7071067811865475727, 0.000000000000000000 ) ) ;
#512 = DIRECTION ( 'NONE',  ( 0.7071067811865470176, -0.7071067811865479058, -0.000000000000000000 ) ) ;
#513 = EDGE_LOOP ( 'NONE', ( #501, #1561, #1253, #185 ) ) ;
#514 = CARTESIAN_POINT ( 'NONE',  ( 91.89344154601941739, -157.8466738241618827, 15.00000000000000000 ) ) ;
#515 = CARTESIAN_POINT ( 'NONE',  ( -0.000000000000000000, -87.60655845398061103, 0.000000000000000000 ) ) ;
#516 = VERTEX_POINT ( 'NONE', #637 ) ;
#517 = CARTESIAN_POINT ( 'NONE',  ( 116.6950000000001069, -151.9999999999999716, 0.000000000000000000 ) ) ;
#518 = ORIENTED_EDGE ( 'NONE', *, *, #2233, .F. ) ;
#519 = DIRECTION ( 'NONE',  ( 1.000000000000000000, 0.000000000000000000, 0.000000000000000000 ) ) ;
#520 = EDGE_CURVE ( 'NONE', #1922, #1711, #789, .T. ) ;
#521 = CARTESIAN_POINT ( 'NONE',  ( 90.72186867076553085, -133.8050432638174243, 15.00000000000000000 ) ) ;
#522 = EDGE_LOOP ( 'NONE', ( #647, #660, #1568, #1059 ) ) ;
#523 = EDGE_CURVE ( 'NONE', #1987, #2200, #1761, .T. ) ;
#524 = PLANE ( 'NONE',  #2284 ) ;
#525 = FACE_OUTER_BOUND ( 'NONE', #1161, .T. ) ;
#526 = EDGE_LOOP ( 'NONE', ( #581, #1806, #613, #1776 ) ) ;
#527 = AXIS2_PLACEMENT_3D ( 'NONE', #1444, #318, #304 ) ;
#528 = FACE_BOUND ( 'NONE', #239, .T. ) ;
#529 = ORIENTED_EDGE ( 'NONE', *, *, #638, .T. ) ;
#530 = CARTESIAN_POINT ( 'NONE',  ( 74.00591376871639682, -117.0890883617682903, 1.185120509872752859 ) ) ;
#531 = VECTOR ( 'NONE', #2230, 1000.000000000000000 ) ;
#532 = EDGE_CURVE ( 'NONE', #333, #410, #600, .T. ) ;
#533 = AXIS2_PLACEMENT_3D ( 'NONE', #1047, #1790, #1394 ) ;
#534 = CARTESIAN_POINT ( 'NONE',  ( -1.600000000000000533, -25.30499999999960892, -20.00000000000000355 ) ) ;
#535 = ORIENTED_EDGE ( 'NONE', *, *, #21, .F. ) ;
#536 = VECTOR ( 'NONE', #2330, 1000.000000000000000 ) ;
#537 = EDGE_CURVE ( 'NONE', #459, #1276, #1167, .T. ) ;
#538 = CARTESIAN_POINT ( 'NONE',  ( 102.2685931288072680, -180.0000000000000000, 15.00000000000000000 ) ) ;
#539 = PLANE ( 'NONE',  #2288 ) ;
#540 = ORIENTED_EDGE ( 'NONE', *, *, #329, .F. ) ;
#541 = VECTOR ( 'NONE', #248, 1000.000000000000000 ) ;
#542 = CARTESIAN_POINT ( 'NONE',  ( 159.6950000000001069, -159.9999999999999716, 15.00000000000000000 ) ) ;
#543 = DIRECTION ( 'NONE',  ( 1.000000000000000000, 0.000000000000000000, 0.000000000000000000 ) ) ;
#544 = ORIENTED_EDGE ( 'NONE', *, *, #2297, .T. ) ;
#545 = LINE ( 'NONE', #1839, #1357 ) ;
#546 = VERTEX_POINT ( 'NONE', #242 ) ;
#547 = EDGE_CURVE ( 'NONE', #546, #1451, #801, .T. ) ;
#548 = DIRECTION ( 'NONE',  ( -8.068481283613054562E-17, 1.000000000000000000, -0.000000000000000000 ) ) ;
#549 = DIRECTION ( 'NONE',  ( 0.000000000000000000, -1.000000000000000000, 0.000000000000000000 ) ) ;
#550 = VERTEX_POINT ( 'NONE', #299 ) ;
#551 = ADVANCED_FACE ( 'NONE', ( #1615 ), #677, .T. ) ;
#552 = LINE ( 'NONE', #1297, #499 ) ;
#553 = LINE ( 'NONE', #1298, #1077 ) ;
#554 = LINE ( 'NONE', #764, #2173 ) ;
#555 = ORIENTED_EDGE ( 'NONE', *, *, #835, .T. ) ;
#556 = DIRECTION ( 'NONE',  ( 0.000000000000000000, 0.000000000000000000, 1.000000000000000000 ) ) ;
#557 = LINE ( 'NONE', #102, #375 ) ;
#558 = FACE_BOUND ( 'NONE', #597, .T. ) ;
#559 = VERTEX_POINT ( 'NONE', #124 ) ;
#560 = EDGE_CURVE ( 'NONE', #516, #2142, #1158, .T. ) ;
#561 = EDGE_CURVE ( 'NONE', #831, #123, #1031, .T. ) ;
#562 = DIRECTION ( 'NONE',  ( 0.000000000000000000, 0.000000000000000000, 1.000000000000000000 ) ) ;
#563 = PLANE ( 'NONE',  #763 ) ;
#564 = DIRECTION ( 'NONE',  ( 1.000000000000000000, 0.000000000000000000, 0.000000000000000000 ) ) ;
#565 = ORIENTED_EDGE ( 'NONE', *, *, #638, .F. ) ;
#566 = DIRECTION ( 'NONE',  ( -0.000000000000000000, -0.000000000000000000, 1.000000000000000000 ) ) ;
#567 = VERTEX_POINT ( 'NONE', #1967 ) ;
#568 = CIRCLE ( 'NONE', #1930, 1.599999999999998757 ) ;
#569 = VECTOR ( 'NONE', #628, 1000.000000000000000 ) ;
#570 = CARTESIAN_POINT ( 'NONE',  ( 12.15332617583809949, -58.06492789363616680, -20.00000000000000355 ) ) ;
#571 = CARTESIAN_POINT ( 'NONE',  ( 84.49773874110796612, -154.4509710192505167, -14.04955732148142999 ) ) ;
#572 = ORIENTED_EDGE ( 'NONE', *, *, #171, .F. ) ;
#573 = VECTOR ( 'NONE', #1896, 1000.000000000000000 ) ;
#574 = AXIS2_PLACEMENT_3D ( 'NONE', #2019, #715, #1845 ) ;
#575 = ORIENTED_EDGE ( 'NONE', *, *, #1907, .T. ) ;
#576 = VECTOR ( 'NONE', #67, 1000.000000000000000 ) ;
#577 = LINE ( 'NONE', #1855, #1785 ) ;
#578 = DIRECTION ( 'NONE',  ( 0.7071067811865532349, -0.7071067811865417996, -0.000000000000000000 ) ) ;
#579 = EDGE_CURVE ( 'NONE', #164, #1106, #479, .T. ) ;
#580 = DIRECTION ( 'NONE',  ( 0.7071067811865425767, 0.7071067811865524577, 0.000000000000000000 ) ) ;
#581 = ORIENTED_EDGE ( 'NONE', *, *, #2324, .F. ) ;
#582 = ORIENTED_EDGE ( 'NONE', *, *, #1611, .T. ) ;
#583 = DIRECTION ( 'NONE',  ( 1.000000000000000000, 0.000000000000000000, 0.000000000000000000 ) ) ;
#584 = CARTESIAN_POINT ( 'NONE',  ( 9.999999999999998224, -10.30499999999960892, -20.00000000000000355 ) ) ;
#585 = ORIENTED_EDGE ( 'NONE', *, *, #883, .T. ) ;
#586 = ORIENTED_EDGE ( 'NONE', *, *, #68, .T. ) ;
#587 = CARTESIAN_POINT ( 'NONE',  ( 144.6950000000001353, -169.9999999999999716, 15.00000000000000000 ) ) ;
#588 = LINE ( 'NONE', #397, #1816 ) ;
#589 = PLANE ( 'NONE',  #1936 ) ;
#590 = VERTEX_POINT ( 'NONE', #848 ) ;
#591 = DIRECTION ( 'NONE',  ( 0.000000000000000000, 0.000000000000000000, 1.000000000000000000 ) ) ;
#592 = EDGE_CURVE ( 'NONE', #1915, #1426, #1044, .T. ) ;
#593 = VERTEX_POINT ( 'NONE', #492 ) ;
#594 = DIRECTION ( 'NONE',  ( 0.000000000000000000, 0.000000000000000000, -1.000000000000000000 ) ) ;
#595 = DIRECTION ( 'NONE',  ( 1.000000000000000000, 0.000000000000000000, -0.000000000000000000 ) ) ;
#596 = EDGE_CURVE ( 'NONE', #720, #2198, #1983, .T. ) ;
#597 = EDGE_LOOP ( 'NONE', ( #361, #1739, #1212, #2257, #2032, #1926 ) ) ;
#598 = VERTEX_POINT ( 'NONE', #2332 ) ;
#599 = DIRECTION ( 'NONE',  ( -0.000000000000000000, -0.000000000000000000, 1.000000000000000000 ) ) ;
#600 = LINE ( 'NONE', #422, #1196 ) ;
#601 = CARTESIAN_POINT ( 'NONE',  ( 62.95774967189435500, -132.9109819500368985, 1.185120509872745975 ) ) ;
#602 = EDGE_LOOP ( 'NONE', ( #693, #1422, #1868, #619, #1993 ) ) ;
#603 = LINE ( 'NONE', #1170, #162 ) ;
#604 = DIRECTION ( 'NONE',  ( 1.000000000000000000, 0.000000000000000000, 0.000000000000000000 ) ) ;
#605 = EDGE_CURVE ( 'NONE', #2023, #1372, #1799, .T. ) ;
#606 = CARTESIAN_POINT ( 'NONE',  ( 159.6950000000001069, -180.0000000000000000, 15.00000000000000000 ) ) ;
#607 = VECTOR ( 'NONE', #281, 1000.000000000000000 ) ;
#608 = DIRECTION ( 'NONE',  ( -0.7071067811865474617, 0.7071067811865474617, -0.000000000000000000 ) ) ;
#609 = ORIENTED_EDGE ( 'NONE', *, *, #1042, .T. ) ;
#610 = AXIS2_PLACEMENT_3D ( 'NONE', #1551, #823, #1017 ) ;
#611 = EDGE_CURVE ( 'NONE', #2057, #2023, #664, .T. ) ;
#612 = DIRECTION ( 'NONE',  ( 0.000000000000000000, 0.000000000000000000, -1.000000000000000000 ) ) ;
#613 = ORIENTED_EDGE ( 'NONE', *, *, #1835, .T. ) ;
#614 = VECTOR ( 'NONE', #219, 1000.000000000000114 ) ;
#615 = AXIS2_PLACEMENT_3D ( 'NONE', #2271, #599, #761 ) ;
#616 = CARTESIAN_POINT ( 'NONE',  ( 54.02338386092879574, -119.9766161390712540, 15.00000000000000000 ) ) ;
#617 = VECTOR ( 'NONE', #719, 1000.000000000000000 ) ;
#618 = DIRECTION ( 'NONE',  ( 0.000000000000000000, -0.000000000000000000, -1.000000000000000000 ) ) ;
#619 = ORIENTED_EDGE ( 'NONE', *, *, #1472, .F. ) ;
#620 = DIRECTION ( 'NONE',  ( 0.000000000000000000, -1.000000000000000000, 0.000000000000000000 ) ) ;
#621 = DIRECTION ( 'NONE',  ( -1.000000000000000000, -0.000000000000000000, -0.000000000000000000 ) ) ;
#622 = DIRECTION ( 'NONE',  ( 0.000000000000000000, 0.000000000000000000, 1.000000000000000000 ) ) ;
#623 = EDGE_LOOP ( 'NONE', ( #772, #667, #1341, #2312, #963, #1443, #158, #2216 ) ) ;
#624 = ADVANCED_FACE ( 'NONE', ( #2313 ), #1005, .F. ) ;
#625 = CARTESIAN_POINT ( 'NONE',  ( 26.69500000000013529, -125.0000351559025802, -10.00000000000001599 ) ) ;
#626 = EDGE_LOOP ( 'NONE', ( #759, #1887, #2027, #1840 ) ) ;
#627 = EDGE_CURVE ( 'NONE', #839, #82, #1953, .T. ) ;
#628 = DIRECTION ( 'NONE',  ( -0.7071067811865524577, -0.7071067811865426878, -0.000000000000000000 ) ) ;
#629 = CARTESIAN_POINT ( 'NONE',  ( 18.00000000000000355, -53.30499999999961602, -20.00000000000000355 ) ) ;
#630 = ORIENTED_EDGE ( 'NONE', *, *, #125, .F. ) ;
#631 = CARTESIAN_POINT ( 'NONE',  ( 9.999999999999998224, -10.30499999999960892, -20.00000000000000355 ) ) ;
#632 = LINE ( 'NONE', #1410, #462 ) ;
#633 = EDGE_LOOP ( 'NONE', ( #1999, #1455 ) ) ;
#634 = CARTESIAN_POINT ( 'NONE',  ( 144.6950000000001353, -169.9999999999999716, 12.00000000000000000 ) ) ;
#635 = ORIENTED_EDGE ( 'NONE', *, *, #972, .T. ) ;
#636 = ADVANCED_FACE ( 'NONE', ( #1768 ), #285, .F. ) ;
#637 = CARTESIAN_POINT ( 'NONE',  ( 122.6950000000001353, -169.9999999999999716, 15.00000000000000000 ) ) ;
#638 = EDGE_CURVE ( 'NONE', #742, #346, #1041, .T. ) ;
#639 = DIRECTION ( 'NONE',  ( -0.000000000000000000, -0.000000000000000000, -1.000000000000000000 ) ) ;
#640 = ORIENTED_EDGE ( 'NONE', *, *, #611, .T. ) ;
#641 = CARTESIAN_POINT ( 'NONE',  ( 26.69500000000013529, -125.4766161390712398, 3.691708095284589319 ) ) ;
#642 = LINE ( 'NONE', #91, #502 ) ;
#643 = EDGE_LOOP ( 'NONE', ( #1326, #1437, #1707, #1109 ) ) ;
#644 = VECTOR ( 'NONE', #1265, 1000.000000000000000 ) ;
#645 = DIRECTION ( 'NONE',  ( 0.000000000000000000, -0.000000000000000000, -1.000000000000000000 ) ) ;
#646 = DIRECTION ( 'NONE',  ( -1.000000000000000000, 0.000000000000000000, 0.000000000000000000 ) ) ;
#647 = ORIENTED_EDGE ( 'NONE', *, *, #749, .F. ) ;
#648 = AXIS2_PLACEMENT_3D ( 'NONE', #634, #1962, #1367 ) ;
#649 = CIRCLE ( 'NONE', #1503, 3.000000000000002665 ) ;
#650 = LINE ( 'NONE', #277, #889 ) ;
#651 = ADVANCED_FACE ( 'NONE', ( #450 ), #1757, .F. ) ;
#652 = VECTOR ( 'NONE', #1630, 1000.000000000000000 ) ;
#653 = CARTESIAN_POINT ( 'NONE',  ( 116.6950000000001069, -159.9999999999999716, -20.00000000000000355 ) ) ;
#654 = PLANE ( 'NONE',  #533 ) ;
#655 = CIRCLE ( 'NONE', #2018, 2.999999999999999112 ) ;
#656 = EDGE_LOOP ( 'NONE', ( #1531, #1720, #1802, #2107 ) ) ;
#657 = DIRECTION ( 'NONE',  ( 0.7071067811865474617, -0.7071067811865474617, 0.000000000000000000 ) ) ;
#658 = ADVANCED_FACE ( 'NONE', ( #104 ), #2304, .T. ) ;
#659 = DIRECTION ( 'NONE',  ( 1.000000000000000000, 0.000000000000000000, 0.000000000000000000 ) ) ;
#660 = ORIENTED_EDGE ( 'NONE', *, *, #2390, .F. ) ;
#661 = DIRECTION ( 'NONE',  ( 4.906538933386862717E-15, 1.000000000000000000, 0.000000000000000000 ) ) ;
#662 = DIRECTION ( 'NONE',  ( -0.000000000000000000, -0.000000000000000000, 1.000000000000000000 ) ) ;
#663 = EDGE_LOOP ( 'NONE', ( #1679, #2343, #1942, #1028, #341 ) ) ;
#664 = LINE ( 'NONE', #1787, #2170 ) ;
#665 = DIRECTION ( 'NONE',  ( 0.7071067811865549002, 0.7071067811865402453, -0.000000000000000000 ) ) ;
#666 = CARTESIAN_POINT ( 'NONE',  ( 26.69500000000013529, -115.4134715150620139, -1.250553921878853730E-22 ) ) ;
#667 = ORIENTED_EDGE ( 'NONE', *, *, #713, .T. ) ;
#668 = CYLINDRICAL_SURFACE ( 'NONE', #527, 2.999999999999999112 ) ;
#669 = EDGE_CURVE ( 'NONE', #197, #1904, #2206, .T. ) ;
#670 = CARTESIAN_POINT ( 'NONE',  ( 72.89344154601938897, -119.9766161390712540, 2.745793870188587782 ) ) ;
#671 = EDGE_LOOP ( 'NONE', ( #544, #1063, #1219, #434 ) ) ;
#672 = ADVANCED_FACE ( 'NONE', ( #2112 ), #1197, .F. ) ;
#673 = DIRECTION ( 'NONE',  ( -0.7071067811865532349, 0.7071067811865417996, 0.000000000000000000 ) ) ;
#674 = LINE ( 'NONE', #1963, #1278 ) ;
#675 = ORIENTED_EDGE ( 'NONE', *, *, #1220, .T. ) ;
#676 = ADVANCED_BREP_SHAPE_REPRESENTATION ( '\X2\62c96746\X0\_\X2\53f3\X0\', ( #1099, #857 ), #2180 ) ;
#677 = PLANE ( 'NONE',  #1659 ) ;
#678 = CARTESIAN_POINT ( 'NONE',  ( 88.93922955649932760, -166.6706364276922727, -22.69221099722673785 ) ) ;
#679 = CARTESIAN_POINT ( 'NONE',  ( 12.15332617583809949, -58.06492789363616680, 15.00000000000000000 ) ) ;
#680 = ORIENTED_EDGE ( 'NONE', *, *, #107, .F. ) ;
#681 = CARTESIAN_POINT ( 'NONE',  ( 82.39344154601936054, -129.4766161390711829, 15.00000000000000000 ) ) ;
#682 = DIRECTION ( 'NONE',  ( 0.000000000000000000, 0.000000000000000000, 1.000000000000000000 ) ) ;
#683 = VERTEX_POINT ( 'NONE', #1587 ) ;
#684 = ADVANCED_FACE ( 'NONE', ( #1402 ), #844, .F. ) ;
#685 = DIRECTION ( 'NONE',  ( -0.000000000000000000, -0.000000000000000000, 1.000000000000000000 ) ) ;
#686 = DIRECTION ( 'NONE',  ( 1.000000000000000000, 0.000000000000000000, 0.000000000000000000 ) ) ;
#687 = ORIENTED_EDGE ( 'NONE', *, *, #822, .T. ) ;
#688 = EDGE_CURVE ( 'NONE', #1209, #478, #476, .T. ) ;
#689 = AXIS2_PLACEMENT_3D ( 'NONE', #904, #1452, #1829 ) ;
#690 = AXIS2_PLACEMENT_3D ( 'NONE', #2285, #1213, #1750 ) ;
#691 = CARTESIAN_POINT ( 'NONE',  ( 52.85181098567490210, -95.93498557872679555, 0.000000000000000000 ) ) ;
#692 = LINE ( 'NONE', #1092, #306 ) ;
#693 = ORIENTED_EDGE ( 'NONE', *, *, #348, .T. ) ;
#694 = DIRECTION ( 'NONE',  ( 0.7071067811865425767, 0.7071067811865524577, 0.000000000000000000 ) ) ;
#695 = VECTOR ( 'NONE', #2278, 1000.000000000000000 ) ;
#696 = VECTOR ( 'NONE', #2248, 1000.000000000000000 ) ;
#697 = LINE ( 'NONE', #534, #739 ) ;
#698 = ORIENTED_EDGE ( 'NONE', *, *, #314, .F. ) ;
#699 = VECTOR ( 'NONE', #1925, 1000.000000000000000 ) ;
#700 = LINE ( 'NONE', #344, #1544 ) ;
#701 = CARTESIAN_POINT ( 'NONE',  ( 9.999999999999998224, -10.30499999999960892, 0.000000000000000000 ) ) ;
#702 = ORIENTED_EDGE ( 'NONE', *, *, #1545, .F. ) ;
#703 = ADVANCED_FACE ( 'NONE', ( #59 ), #811, .T. ) ;
#704 = ADVANCED_FACE ( 'NONE', ( #2121 ), #2135, .F. ) ;
#705 = CARTESIAN_POINT ( 'NONE',  ( 0.000000000000000000, -50.30499999999961602, 0.000000000000000000 ) ) ;
#706 = ORIENTED_EDGE ( 'NONE', *, *, #145, .T. ) ;
#707 = CARTESIAN_POINT ( 'NONE',  ( 44.52338386092873179, -111.6481890143251121, 15.00000000000000000 ) ) ;
#708 = CARTESIAN_POINT ( 'NONE',  ( 114.7634992311100035, -157.8466738241618827, 15.00000000000000000 ) ) ;
#709 = EDGE_LOOP ( 'NONE', ( #1126, #1975, #1510, #2185, #1048, #1614, #1362, #1415, #2120, #1689, #909, #411, #1133, #2372, #2399 ) ) ;
#710 = FACE_OUTER_BOUND ( 'NONE', #2227, .T. ) ;
#711 = CARTESIAN_POINT ( 'NONE',  ( 116.6950000000001069, -151.9999999999999716, -20.00000000000000355 ) ) ;
#712 = EDGE_LOOP ( 'NONE', ( #1484, #2151, #575, #1589, #326 ) ) ;
#713 = EDGE_CURVE ( 'NONE', #1677, #478, #429, .T. ) ;
#714 = LINE ( 'NONE', #1527, #614 ) ;
#715 = DIRECTION ( 'NONE',  ( 0.000000000000000000, -0.5774413718346205204, 0.8164321540053107729 ) ) ;
#716 = VERTEX_POINT ( 'NONE', #70 ) ;
#717 = CARTESIAN_POINT ( 'NONE',  ( 159.6950000000001069, -180.0000000000000000, 0.000000000000000000 ) ) ;
#718 = EDGE_CURVE ( 'NONE', #1711, #164, #1210, .T. ) ;
#719 = DIRECTION ( 'NONE',  ( -0.000000000000000000, -1.000000000000000000, -0.000000000000000000 ) ) ;
#720 = VERTEX_POINT ( 'NONE', #251 ) ;
#721 = CARTESIAN_POINT ( 'NONE',  ( 0.000000000000000000, -50.30499999999961602, 12.00000000000000000 ) ) ;
#722 = FACE_BOUND ( 'NONE', #374, .T. ) ;
#723 = EDGE_LOOP ( 'NONE', ( #1289, #2263, #2138, #1440 ) ) ;
#724 = VECTOR ( 'NONE', #327, 1000.000000000000000 ) ;
#725 = FACE_OUTER_BOUND ( 'NONE', #1347, .T. ) ;
#726 = ADVANCED_FACE ( 'NONE', ( #439 ), #1185, .F. ) ;
#727 = DIRECTION ( 'NONE',  ( -0.000000000000000000, 0.000000000000000000, 1.000000000000000000 ) ) ;
#728 = VECTOR ( 'NONE', #2164, 1000.000000000000000 ) ;
#729 = AXIS2_PLACEMENT_3D ( 'NONE', #18, #1841, #951 ) ;
#730 = ORIENTED_EDGE ( 'NONE', *, *, #1224, .T. ) ;
#731 = CARTESIAN_POINT ( 'NONE',  ( 143.0950000000001410, -169.9999999999999716, 0.000000000000000000 ) ) ;
#732 = ADVANCED_FACE ( 'NONE', ( #2186 ), #524, .T. ) ;
#733 = ORIENTED_EDGE ( 'NONE', *, *, #520, .F. ) ;
#734 = CIRCLE ( 'NONE', #1354, 1.600000000000000533 ) ;
#735 = UNCERTAINTY_MEASURE_WITH_UNIT (LENGTH_MEASURE( 1.000000000000000082E-05 ), #64, 'distance_accuracy_value', 'NONE');
#736 = FACE_OUTER_BOUND ( 'NONE', #663, .T. ) ;
#737 = CYLINDRICAL_SURFACE ( 'NONE', #269, 3.000000000000002665 ) ;
#738 = ORIENTED_EDGE ( 'NONE', *, *, #592, .F. ) ;
#739 = VECTOR ( 'NONE', #1257, 1000.000000000000000 ) ;
#740 = LINE ( 'NONE', #396, #342 ) ;
#741 = DIRECTION ( 'NONE',  ( 1.000000000000000000, 0.000000000000000000, 0.000000000000000000 ) ) ;
#742 = VERTEX_POINT ( 'NONE', #1269 ) ;
#743 = LINE ( 'NONE', #1479, #934 ) ;
#744 = ORIENTED_EDGE ( 'NONE', *, *, #956, .F. ) ;
#745 = EDGE_CURVE ( 'NONE', #786, #953, #700, .T. ) ;
#746 = CARTESIAN_POINT ( 'NONE',  ( 9.999999999999998224, -10.30499999999960892, -20.00000000000000355 ) ) ;
#747 = FACE_BOUND ( 'NONE', #1198, .T. ) ;
#748 = ORIENTED_EDGE ( 'NONE', *, *, #23, .F. ) ;
#749 = EDGE_CURVE ( 'NONE', #101, #2242, #1424, .T. ) ;
#750 = CARTESIAN_POINT ( 'NONE',  ( -10.00000000000000178, -67.73140687119452252, 15.00000000000000000 ) ) ;
#751 = DIRECTION ( 'NONE',  ( -0.000000000000000000, -0.000000000000000000, -1.000000000000000000 ) ) ;
#752 = DIRECTION ( 'NONE',  ( 0.000000000000000000, 0.000000000000000000, 1.000000000000000000 ) ) ;
#753 = ORIENTED_EDGE ( 'NONE', *, *, #142, .F. ) ;
#754 = DIRECTION ( 'NONE',  ( -0.7071067811865483499, -0.7071067811865467956, 0.000000000000000000 ) ) ;
#755 = ORIENTED_EDGE ( 'NONE', *, *, #2336, .F. ) ;
#756 = CARTESIAN_POINT ( 'NONE',  ( -1.600000000000000533, -25.30499999999960892, 11.99999999999999645 ) ) ;
#757 = LINE ( 'NONE', #1123, #1507 ) ;
#758 = ORIENTED_EDGE ( 'NONE', *, *, #1149, .T. ) ;
#759 = ORIENTED_EDGE ( 'NONE', *, *, #297, .F. ) ;
#760 = EDGE_CURVE ( 'NONE', #550, #988, #1807, .T. ) ;
#761 = DIRECTION ( 'NONE',  ( 1.000000000000000000, 0.000000000000000000, 0.000000000000000000 ) ) ;
#762 = PLANE ( 'NONE',  #1345 ) ;
#763 = AXIS2_PLACEMENT_3D ( 'NONE', #1846, #922, #1128 ) ;
#764 = CARTESIAN_POINT ( 'NONE',  ( 50.02338386092873890, -93.10655845398062525, 15.00000000000000000 ) ) ;
#765 = ORIENTED_EDGE ( 'NONE', *, *, #523, .T. ) ;
#766 = DIRECTION ( 'NONE',  ( 0.000000000000000000, -1.000000000000000000, 0.000000000000000000 ) ) ;
#767 = VERTEX_POINT ( 'NONE', #2385 ) ;
#768 = AXIS2_PLACEMENT_3D ( 'NONE', #625, #832, #1562 ) ;
#769 = AXIS2_PLACEMENT_3D ( 'NONE', #1717, #752, #1487 ) ;
#770 = LINE ( 'NONE', #1329, #531 ) ;
#771 = CARTESIAN_POINT ( 'NONE',  ( 119.6950000000001353, -169.9999999999999716, 12.00000000000000000 ) ) ;
#772 = ORIENTED_EDGE ( 'NONE', *, *, #2179, .T. ) ;
#773 = VECTOR ( 'NONE', #1234, 1000.000000000000000 ) ;
#774 = ORIENTED_EDGE ( 'NONE', *, *, #357, .F. ) ;
#775 = AXIS2_PLACEMENT_3D ( 'NONE', #169, #1648, #2386 ) ;
#776 = EDGE_CURVE ( 'NONE', #2198, #1130, #1447, .T. ) ;
#777 = DIRECTION ( 'NONE',  ( 1.000000000000000000, -9.813077866773629194E-15, 0.000000000000000000 ) ) ;
#778 = CARTESIAN_POINT ( 'NONE',  ( 12.15332617583809949, -55.23650076888998228, -20.00000000000000355 ) ) ;
#779 = EDGE_CURVE ( 'NONE', #1580, #234, #1639, .T. ) ;
#780 = DIRECTION ( 'NONE',  ( 0.000000000000000000, 0.000000000000000000, -1.000000000000000000 ) ) ;
#781 = ORIENTED_EDGE ( 'NONE', *, *, #8, .F. ) ;
#782 = PLANE ( 'NONE',  #1670 ) ;
#783 = ORIENTED_EDGE ( 'NONE', *, *, #835, .F. ) ;
#784 = FACE_OUTER_BOUND ( 'NONE', #1300, .T. ) ;
#785 = CARTESIAN_POINT ( 'NONE',  ( 44.52338386092873179, -111.6481890143251121, 15.00000000000000000 ) ) ;
#786 = VERTEX_POINT ( 'NONE', #1991 ) ;
#787 = ORIENTED_EDGE ( 'NONE', *, *, #288, .T. ) ;
#788 = CARTESIAN_POINT ( 'NONE',  ( 102.2685931288072680, -180.0000000000000000, 15.00000000000000000 ) ) ;
#789 = LINE ( 'NONE', #1019, #1004 ) ;
#790 = ADVANCED_FACE ( 'NONE', ( #1832 ), #897, .F. ) ;
#791 = CARTESIAN_POINT ( 'NONE',  ( 74.89344154601938897, -117.9766161390712682, 1.762720149438744999 ) ) ;
#792 = EDGE_LOOP ( 'NONE', ( #353, #293, #1155, #2094 ) ) ;
#793 = LINE ( 'NONE', #949, #1512 ) ;
#794 = ORIENTED_EDGE ( 'NONE', *, *, #1100, .F. ) ;
#795 = EDGE_CURVE ( 'NONE', #2200, #89, #354, .T. ) ;
#796 = LINE ( 'NONE', #678, #1895 ) ;
#797 = PLANE ( 'NONE',  #161 ) ;
#798 = VERTEX_POINT ( 'NONE', #1438 ) ;
#799 = CARTESIAN_POINT ( 'NONE',  ( 55.52338386092871758, -125.4766161390712398, -20.00000000000000355 ) ) ;
#800 = VERTEX_POINT ( 'NONE', #514 ) ;
#801 = LINE ( 'NONE', #1538, #1236 ) ;
#802 = CARTESIAN_POINT ( 'NONE',  ( 59.52338386092871758, -125.4766161390712398, 3.691708095284589319 ) ) ;
#803 = ORIENTED_EDGE ( 'NONE', *, *, #1564, .T. ) ;
#804 = CARTESIAN_POINT ( 'NONE',  ( 122.6950000000001353, -169.9999999999999716, 12.00000000000000000 ) ) ;
#805 = DIRECTION ( 'NONE',  ( 0.000000000000000000, 0.000000000000000000, -1.000000000000000000 ) ) ;
#806 = EDGE_CURVE ( 'NONE', #798, #394, #331, .T. ) ;
#807 = VECTOR ( 'NONE', #1398, 1000.000000000000000 ) ;
#808 = LINE ( 'NONE', #392, #1433 ) ;
#809 = ORIENTED_EDGE ( 'NONE', *, *, #2104, .T. ) ;
#810 = VECTOR ( 'NONE', #289, 1000.000000000000000 ) ;
#811 = PLANE ( 'NONE',  #338 ) ;
#812 = ORIENTED_EDGE ( 'NONE', *, *, #1061, .T. ) ;
#813 = CIRCLE ( 'NONE', #2400, 1.599999999999990319 ) ;
#814 = VECTOR ( 'NONE', #845, 999.9999999999998863 ) ;
#815 = FACE_OUTER_BOUND ( 'NONE', #86, .T. ) ;
#816 = CIRCLE ( 'NONE', #2178, 3.000000000000000000 ) ;
#817 = CARTESIAN_POINT ( 'NONE',  ( 26.69500000000013529, -38.48329919666674925, -54.41072356236346508 ) ) ;
#818 = ORIENTED_EDGE ( 'NONE', *, *, #1640, .T. ) ;
#819 = DIRECTION ( 'NONE',  ( 0.7071067811865524577, 0.7071067811865426878, -0.000000000000000000 ) ) ;
#820 = CARTESIAN_POINT ( 'NONE',  ( 119.6950000000001353, -169.9999999999999716, 12.00000000000000000 ) ) ;
#821 = ORIENTED_EDGE ( 'NONE', *, *, #1498, .T. ) ;
#822 = EDGE_CURVE ( 'NONE', #1451, #1130, #860, .T. ) ;
#823 = DIRECTION ( 'NONE',  ( -0.000000000000000000, 0.000000000000000000, 1.000000000000000000 ) ) ;
#824 = ORIENTED_EDGE ( 'NONE', *, *, #2163, .T. ) ;
#825 = EDGE_CURVE ( 'NONE', #1451, #590, #1074, .T. ) ;
#826 = DIRECTION ( 'NONE',  ( -9.813077866773629194E-15, -1.000000000000000000, -0.000000000000000000 ) ) ;
#827 = DIRECTION ( 'NONE',  ( 0.000000000000000000, -1.000000000000000000, 0.000000000000000000 ) ) ;
#828 = ORIENTED_EDGE ( 'NONE', *, *, #1456, .T. ) ;
#829 = DIRECTION ( 'NONE',  ( -1.000000000000000000, -0.000000000000000000, -0.000000000000000000 ) ) ;
#830 = DIRECTION ( 'NONE',  ( 0.000000000000000000, -0.8164321540053107729, -0.5774413718346205204 ) ) ;
#831 = VERTEX_POINT ( 'NONE', #120 ) ;
#832 = DIRECTION ( 'NONE',  ( 1.000000000000000000, -0.000000000000000000, -0.000000000000000000 ) ) ;
#833 = DIRECTION ( 'NONE',  ( 0.000000000000000000, 0.000000000000000000, 1.000000000000000000 ) ) ;
#834 = ORIENTED_EDGE ( 'NONE', *, *, #1498, .F. ) ;
#835 = EDGE_CURVE ( 'NONE', #1144, #2172, #156, .T. ) ;
#836 = FACE_OUTER_BOUND ( 'NONE', #1958, .T. ) ;
#837 = LINE ( 'NONE', #1057, #1351 ) ;
#838 = LINE ( 'NONE', #1011, #1312 ) ;
#839 = VERTEX_POINT ( 'NONE', #2376 ) ;
#840 = FACE_OUTER_BOUND ( 'NONE', #2214, .T. ) ;
#841 = CARTESIAN_POINT ( 'NONE',  ( 26.69500000000013529, -38.48329919666674925, -54.41072356236346508 ) ) ;
#842 = VERTEX_POINT ( 'NONE', #486 ) ;
#843 = VECTOR ( 'NONE', #436, 1000.000000000000000 ) ;
#844 = CYLINDRICAL_SURFACE ( 'NONE', #1078, 2.999999999999999112 ) ;
#845 = DIRECTION ( 'NONE',  ( 0.7071067811865525687, -0.7071067811865425767, 0.000000000000000000 ) ) ;
#846 = ORIENTED_EDGE ( 'NONE', *, *, #142, .T. ) ;
#847 = AXIS2_PLACEMENT_3D ( 'NONE', #1600, #168, #322 ) ;
#848 = CARTESIAN_POINT ( 'NONE',  ( 99.28159879674339550, -134.5865987967432034, 3.890493303901781013E-22 ) ) ;
#849 = AXIS2_PLACEMENT_3D ( 'NONE', #150, #325, #349 ) ;
#850 = ADVANCED_FACE ( 'NONE', ( #710 ), #2207, .F. ) ;
#851 = DIRECTION ( 'NONE',  ( 1.000000000000000000, -0.000000000000000000, -0.000000000000000000 ) ) ;
#852 = LINE ( 'NONE', #1921, #455 ) ;
#853 = AXIS2_PLACEMENT_3D ( 'NONE', #932, #10, #2197 ) ;
#854 = ORIENTED_EDGE ( 'NONE', *, *, #520, .T. ) ;
#855 = PLANE ( 'NONE',  #2169 ) ;
#856 = EDGE_CURVE ( 'NONE', #2188, #410, #1413, .T. ) ;
#857 = AXIS2_PLACEMENT_3D ( 'NONE', #2264, #591, #2143 ) ;
#858 = PLANE ( 'NONE',  #2328 ) ;
#859 = EDGE_LOOP ( 'NONE', ( #1867, #444, #1368, #2363 ) ) ;
#860 = LINE ( 'NONE', #907, #2011 ) ;
#861 = CARTESIAN_POINT ( 'NONE',  ( 0.000000000000000000, -25.30499999999960892, -20.00000000000000355 ) ) ;
#862 = ORIENTED_EDGE ( 'NONE', *, *, #1282, .F. ) ;
#863 = CARTESIAN_POINT ( 'NONE',  ( 50.02338386092873890, -95.93498557872678134, 15.00000000000000000 ) ) ;
#864 = LINE ( 'NONE', #1945, #1079 ) ;
#865 = FACE_BOUND ( 'NONE', #1390, .T. ) ;
#866 = EDGE_LOOP ( 'NONE', ( #1843, #1724, #2204, #1173, #22 ) ) ;
#867 = APPLICATION_PROTOCOL_DEFINITION ( 'draft international standard', 'automotive_design', 1998, #2349 ) ;
#868 = EDGE_CURVE ( 'NONE', #1831, #468, #1977, .T. ) ;
#869 = FACE_OUTER_BOUND ( 'NONE', #399, .T. ) ;
#870 = DIRECTION ( 'NONE',  ( 0.000000000000000000, -0.8164321540053106618, 0.5774413718346207425 ) ) ;
#871 = EDGE_CURVE ( 'NONE', #593, #379, #403, .T. ) ;
#872 = ORIENTED_EDGE ( 'NONE', *, *, #2222, .T. ) ;
#873 = DIRECTION ( 'NONE',  ( 0.000000000000000000, -1.000000000000000000, -0.000000000000000000 ) ) ;
#874 = LINE ( 'NONE', #515, #2093 ) ;
#875 = ORIENTED_EDGE ( 'NONE', *, *, #1608, .F. ) ;
#876 = CARTESIAN_POINT ( 'NONE',  ( 37.02338386092876021, -80.10655845398063946, 15.00000000000000000 ) ) ;
#877 = SURFACE_STYLE_USAGE ( .BOTH. , #138 ) ;
#878 = CARTESIAN_POINT ( 'NONE',  ( 0.000000000000000000, 0.000000000000000000, 15.00000000000000000 ) ) ;
#879 = VERTEX_POINT ( 'NONE', #1303 ) ;
#880 = LINE ( 'NONE', #717, #2394 ) ;
#881 = CARTESIAN_POINT ( 'NONE',  ( 56.85519192554973245, -134.5865987967432034, 3.890493303901781013E-22 ) ) ;
#882 = VERTEX_POINT ( 'NONE', #1146 ) ;
#883 = EDGE_CURVE ( 'NONE', #220, #716, #2070, .T. ) ;
#884 = CARTESIAN_POINT ( 'NONE',  ( 44.26393610590393024, -121.9953429770976356, 4.655187657212546348 ) ) ;
#885 = CARTESIAN_POINT ( 'NONE',  ( 87.89344154601936054, -133.8050432638173959, 0.5527740387043442727 ) ) ;
#886 = ORIENTED_EDGE ( 'NONE', *, *, #1965, .F. ) ;
#887 = VECTOR ( 'NONE', #578, 1000.000000000000000 ) ;
#888 = VECTOR ( 'NONE', #2322, 1000.000000000000000 ) ;
#889 = VECTOR ( 'NONE', #974, 999.9999999999998863 ) ;
#890 = FACE_BOUND ( 'NONE', #252, .T. ) ;
#891 = ORIENTED_EDGE ( 'NONE', *, *, #1716, .T. ) ;
#892 = FACE_OUTER_BOUND ( 'NONE', #336, .T. ) ;
#893 = DIRECTION ( 'NONE',  ( 0.7071067811865474617, -0.7071067811865474617, -0.000000000000000000 ) ) ;
#894 = ORIENTED_EDGE ( 'NONE', *, *, #368, .F. ) ;
#895 =( BOUNDED_CURVE ( )  B_SPLINE_CURVE ( 3, ( #2184, #1620, #1301, #905 ),
 .UNSPECIFIED., .F., .T. ) 
 B_SPLINE_CURVE_WITH_KNOTS ( ( 4, 4 ),
 ( 0.9552050362251257587, 2.186387617364665026 ),
 .UNSPECIFIED. ) 
 CURVE ( )  GEOMETRIC_REPRESENTATION_ITEM ( )  RATIONAL_B_SPLINE_CURVE ( ( 1.000000000000000000, 0.8776214360035405893, 0.8776214360035405893, 1.000000000000000000 ) ) 
 REPRESENTATION_ITEM ( '' )  );
#896 = AXIS2_PLACEMENT_3D ( 'NONE', #447, #2311, #2351 ) ;
#897 = PLANE ( 'NONE',  #847 ) ;
#898 = FACE_OUTER_BOUND ( 'NONE', #2162, .T. ) ;
#899 = ORIENTED_EDGE ( 'NONE', *, *, #2131, .F. ) ;
#900 = EDGE_CURVE ( 'NONE', #249, #988, #770, .T. ) ;
#901 = ADVANCED_FACE ( 'NONE', ( #1850 ), #377, .T. ) ;
#902 = CARTESIAN_POINT ( 'NONE',  ( 1.600000000000000533, -25.30499999999960892, 11.99999999999999645 ) ) ;
#903 = ORIENTED_EDGE ( 'NONE', *, *, #160, .F. ) ;
#904 = CARTESIAN_POINT ( 'NONE',  ( 82.39344154601936054, -125.4766161390712398, -20.00000000000000355 ) ) ;
#905 = CARTESIAN_POINT ( 'NONE',  ( 81.78408836176853924, -117.0890883617682903, 1.185120509872752859 ) ) ;
#906 = ORIENTED_EDGE ( 'NONE', *, *, #1256, .T. ) ;
#907 = CARTESIAN_POINT ( 'NONE',  ( 116.6950000000001069, 0.000000000000000000, 0.000000000000000000 ) ) ;
#908 = CYLINDRICAL_SURFACE ( 'NONE', #1897, 1.599999999999998757 ) ;
#909 = ORIENTED_EDGE ( 'NONE', *, *, #1997, .F. ) ;
#910 = EDGE_CURVE ( 'NONE', #350, #333, #1122, .T. ) ;
#911 = EDGE_CURVE ( 'NONE', #567, #1755, #1521, .T. ) ;
#912 = DIRECTION ( 'NONE',  ( -0.000000000000000000, 0.000000000000000000, 1.000000000000000000 ) ) ;
#913 = PLANE ( 'NONE',  #689 ) ;
#914 = ORIENTED_EDGE ( 'NONE', *, *, #972, .F. ) ;
#915 = LINE ( 'NONE', #962, #3 ) ;
#916 = ORIENTED_EDGE ( 'NONE', *, *, #1427, .T. ) ;
#917 = DIRECTION ( 'NONE',  ( -0.000000000000000000, 0.000000000000000000, 1.000000000000000000 ) ) ;
#918 = FACE_OUTER_BOUND ( 'NONE', #522, .T. ) ;
#919 = ORIENTED_EDGE ( 'NONE', *, *, #84, .F. ) ;
#920 = VECTOR ( 'NONE', #1334, 1000.000000000000000 ) ;
#921 = DIRECTION ( 'NONE',  ( -0.000000000000000000, -0.000000000000000000, 1.000000000000000000 ) ) ;
#922 = DIRECTION ( 'NONE',  ( 0.000000000000000000, -1.000000000000000000, 0.000000000000000000 ) ) ;
#923 = ADVANCED_FACE ( 'NONE', ( #2239 ), #2082, .F. ) ;
#924 = AXIS2_PLACEMENT_3D ( 'NONE', #721, #685, #2025 ) ;
#925 = VECTOR ( 'NONE', #1032, 1000.000000000000000 ) ;
#926 = ORIENTED_EDGE ( 'NONE', *, *, #1788, .T. ) ;
#927 = DIRECTION ( 'NONE',  ( 0.000000000000000000, -0.000000000000000000, 1.000000000000000000 ) ) ;
#928 = EDGE_LOOP ( 'NONE', ( #17, #1449 ) ) ;
#929 = ADVANCED_FACE ( 'NONE', ( #784 ), #1096, .F. ) ;
#930 = AXIS2_PLACEMENT_3D ( 'NONE', #1811, #2388, #1080 ) ;
#931 = DIRECTION ( 'NONE',  ( 0.000000000000000000, -0.8164321540053107729, -0.5774413718346205204 ) ) ;
#932 = CARTESIAN_POINT ( 'NONE',  ( 19.65332617583807462, -89.60655845398059682, -20.00000000000000355 ) ) ;
#933 = ORIENTED_EDGE ( 'NONE', *, *, #561, .F. ) ;
#934 = VECTOR ( 'NONE', #556, 1000.000000000000000 ) ;
#935 = DIRECTION ( 'NONE',  ( 0.7071067811865474617, -0.7071067811865474617, 0.000000000000000000 ) ) ;
#936 = CARTESIAN_POINT ( 'NONE',  ( 44.52338386092873179, -111.6481890143251121, 0.000000000000000000 ) ) ;
#937 = EDGE_CURVE ( 'NONE', #135, #2023, #942, .T. ) ;
#938 = LINE ( 'NONE', #1502, #2286 ) ;
#939 = EDGE_LOOP ( 'NONE', ( #187, #1446, #1247, #140, #535, #20 ) ) ;
#940 = VERTEX_POINT ( 'NONE', #756 ) ;
#941 = ADVANCED_FACE ( 'NONE', ( #178 ), #2267, .T. ) ;
#942 = LINE ( 'NONE', #45, #1007 ) ;
#943 = CARTESIAN_POINT ( 'NONE',  ( 0.000000000000000000, 0.000000000000000000, 0.000000000000000000 ) ) ;
#944 = ORIENTED_EDGE ( 'NONE', *, *, #1485, .F. ) ;
#945 = ORIENTED_EDGE ( 'NONE', *, *, #1296, .F. ) ;
#946 = DIRECTION ( 'NONE',  ( -0.000000000000000000, -0.000000000000000000, 1.000000000000000000 ) ) ;
#947 = LINE ( 'NONE', #1103, #887 ) ;
#948 = VERTEX_POINT ( 'NONE', #1656 ) ;
#949 = CARTESIAN_POINT ( 'NONE',  ( 50.02338386092873890, -115.9766161390712398, 0.000000000000000000 ) ) ;
#950 = ORIENTED_EDGE ( 'NONE', *, *, #125, .T. ) ;
#951 = DIRECTION ( 'NONE',  ( 1.000000000000000000, 0.000000000000000000, 0.000000000000000000 ) ) ;
#952 = CARTESIAN_POINT ( 'NONE',  ( 116.6950000000001069, -151.9999999999999716, -20.00000000000000355 ) ) ;
#953 = VERTEX_POINT ( 'NONE', #746 ) ;
#954 = EDGE_CURVE ( 'NONE', #1106, #220, #1628, .T. ) ;
#955 = VERTEX_POINT ( 'NONE', #1482 ) ;
#956 = EDGE_CURVE ( 'NONE', #1831, #177, #498, .T. ) ;
#957 = FACE_OUTER_BOUND ( 'NONE', #1034, .T. ) ;
#958 = DIRECTION ( 'NONE',  ( 1.000000000000000000, 0.000000000000000000, 0.000000000000000000 ) ) ;
#959 = VECTOR ( 'NONE', #2129, 1000.000000000000000 ) ;
#960 = LINE ( 'NONE', #244, #1237 ) ;
#961 = VERTEX_POINT ( 'NONE', #391 ) ;
#962 = CARTESIAN_POINT ( 'NONE',  ( 116.6950000000001069, -159.9999999999999716, -5.000000000000004441 ) ) ;
#963 = ORIENTED_EDGE ( 'NONE', *, *, #2114, .F. ) ;
#964 = VECTOR ( 'NONE', #1248, 1000.000000000000000 ) ;
#965 = VECTOR ( 'NONE', #827, 1000.000000000000000 ) ;
#966 = CARTESIAN_POINT ( 'NONE',  ( 0.000000000000000000, 0.000000000000000000, -20.00000000000000355 ) ) ;
#967 = DIRECTION ( 'NONE',  ( 1.000000000000000000, 0.000000000000000000, 0.000000000000000000 ) ) ;
#968 = ORIENTED_EDGE ( 'NONE', *, *, #1920, .F. ) ;
#969 = VECTOR ( 'NONE', #1492, 999.9999999999998863 ) ;
#970 = ADVANCED_FACE ( 'NONE', ( #736 ), #1134, .F. ) ;
#971 = ORIENTED_EDGE ( 'NONE', *, *, #900, .T. ) ;
#972 = EDGE_CURVE ( 'NONE', #1401, #839, #2255, .T. ) ;
#973 = DIRECTION ( 'NONE',  ( -0.000000000000000000, -0.000000000000000000, -1.000000000000000000 ) ) ;
#974 = DIRECTION ( 'NONE',  ( -0.7071067811865525687, 0.7071067811865425767, -0.000000000000000000 ) ) ;
#975 = CARTESIAN_POINT ( 'NONE',  ( 58.18411896373770986, -126.8158810362622830, 3.595735475396889758 ) ) ;
#976 = ORIENTED_EDGE ( 'NONE', *, *, #1029, .F. ) ;
#977 = CARTESIAN_POINT ( 'NONE',  ( 146.2950000000001296, -169.9999999999999716, 0.000000000000000000 ) ) ;
#978 = ORIENTED_EDGE ( 'NONE', *, *, #1760, .T. ) ;
#979 = LINE ( 'NONE', #1968, #1117 ) ;
#980 = DIRECTION ( 'NONE',  ( 1.000000000000000000, 0.000000000000000000, 0.000000000000000000 ) ) ;
#981 = ORIENTED_EDGE ( 'NONE', *, *, #560, .T. ) ;
#982 = ORIENTED_EDGE ( 'NONE', *, *, #760, .F. ) ;
#983 = EDGE_CURVE ( 'NONE', #1557, #786, #29, .T. ) ;
#984 = DIRECTION ( 'NONE',  ( -0.000000000000000000, -0.000000000000000000, 1.000000000000000000 ) ) ;
#985 = DIRECTION ( 'NONE',  ( 0.000000000000000000, 0.000000000000000000, -1.000000000000000000 ) ) ;
#986 = EDGE_CURVE ( 'NONE', #2142, #516, #1462, .T. ) ;
#987 = CARTESIAN_POINT ( 'NONE',  ( 0.000000000000000000, 0.000000000000000000, 0.000000000000000000 ) ) ;
#988 = VERTEX_POINT ( 'NONE', #1789 ) ;
#989 = FACE_OUTER_BOUND ( 'NONE', #623, .T. ) ;
#990 = LINE ( 'NONE', #1730, #807 ) ;
#991 = DIRECTION ( 'NONE',  ( -0.6324255876883150274, 0.6324255876883156935, 0.4472982808755002759 ) ) ;
#992 = VERTEX_POINT ( 'NONE', #2333 ) ;
#993 = DIRECTION ( 'NONE',  ( 0.000000000000000000, -1.000000000000000000, 0.000000000000000000 ) ) ;
#994 = EDGE_LOOP ( 'NONE', ( #733, #1821, #1142, #2352 ) ) ;
#995 = CARTESIAN_POINT ( 'NONE',  ( 17.65332617583810659, -87.60655845398061103, -20.00000000000000355 ) ) ;
#996 = FACE_OUTER_BOUND ( 'NONE', #1186, .T. ) ;
#997 = VERTEX_POINT ( 'NONE', #1532 ) ;
#998 = EDGE_CURVE ( 'NONE', #1595, #321, #1203, .T. ) ;
#999 = CARTESIAN_POINT ( 'NONE',  ( 26.69500000000013529, -117.0890883617682903, 1.185120509872752859 ) ) ;
#1000 = AXIS2_PLACEMENT_3D ( 'NONE', #1323, #2065, #543 ) ;
#1001 = LINE ( 'NONE', #1340, #2370 ) ;
#1002 = EDGE_CURVE ( 'NONE', #234, #2113, #796, .T. ) ;
#1003 = VERTEX_POINT ( 'NONE', #1226 ) ;
#1004 = VECTOR ( 'NONE', #1526, 1000.000000000000000 ) ;
#1005 = CYLINDRICAL_SURFACE ( 'NONE', #1193, 3.000000000000000000 ) ;
#1006 = ORIENTED_EDGE ( 'NONE', *, *, #2148, .T. ) ;
#1007 = VECTOR ( 'NONE', #1681, 999.9999999999998863 ) ;
#1008 = VECTOR ( 'NONE', #1601, 1000.000000000000000 ) ;
#1009 = CARTESIAN_POINT ( 'NONE',  ( 3.000000000000000000, -50.30499999999961602, 12.00000000000000000 ) ) ;
#1010 = VECTOR ( 'NONE', #320, 1000.000000000000000 ) ;
#1011 = CARTESIAN_POINT ( 'NONE',  ( -4.273467440616309355E-13, -58.06492789363607443, 0.000000000000000000 ) ) ;
#1012 = ORIENTED_EDGE ( 'NONE', *, *, #1132, .T. ) ;
#1013 = LINE ( 'NONE', #66, #1890 ) ;
#1014 = CYLINDRICAL_SURFACE ( 'NONE', #1, 3.000000000000002665 ) ;
#1015 = ORIENTED_EDGE ( 'NONE', *, *, #1641, .T. ) ;
#1016 = EDGE_CURVE ( 'NONE', #948, #1387, #2345, .T. ) ;
#1017 = DIRECTION ( 'NONE',  ( 1.000000000000000000, 0.000000000000000000, 0.000000000000000000 ) ) ;
#1018 = VERTEX_POINT ( 'NONE', #2165 ) ;
#1019 = CARTESIAN_POINT ( 'NONE',  ( 78.39344154601936054, -125.4766161390712398, 15.00000000000000000 ) ) ;
#1020 = DIRECTION ( 'NONE',  ( 1.000000000000000000, 0.000000000000000000, 0.000000000000000000 ) ) ;
#1021 = CARTESIAN_POINT ( 'NONE',  ( 62.95774967189435500, -132.9109819500368985, 1.185120509872745975 ) ) ;
#1022 = EDGE_LOOP ( 'NONE', ( #1767, #2321, #356, #1315, #1879, #862, #894, #1411, #753, #190, #414 ) ) ;
#1023 = LINE ( 'NONE', #1959, #2123 ) ;
#1024 = CARTESIAN_POINT ( 'NONE',  ( 26.69500000000013529, -132.9109819500368985, 1.185120509872745975 ) ) ;
#1025 = VERTEX_POINT ( 'NONE', #691 ) ;
#1026 = DIRECTION ( 'NONE',  ( -0.000000000000000000, -0.000000000000000000, 1.000000000000000000 ) ) ;
#1027 = LINE ( 'NONE', #1769, #2368 ) ;
#1028 = ORIENTED_EDGE ( 'NONE', *, *, #911, .T. ) ;
#1029 = EDGE_CURVE ( 'NONE', #988, #175, #1902, .T. ) ;
#1030 = EDGE_CURVE ( 'NONE', #1068, #598, #1774, .T. ) ;
#1031 = LINE ( 'NONE', #863, #493 ) ;
#1032 = DIRECTION ( 'NONE',  ( 1.000000000000000000, -0.000000000000000000, -0.000000000000000000 ) ) ;
#1033 = DIRECTION ( 'NONE',  ( 0.000000000000000000, 0.000000000000000000, -1.000000000000000000 ) ) ;
#1034 = EDGE_LOOP ( 'NONE', ( #730, #1955, #1683, #167 ) ) ;
#1035 = FACE_OUTER_BOUND ( 'NONE', #1878, .T. ) ;
#1036 = FACE_OUTER_BOUND ( 'NONE', #2300, .T. ) ;
#1037 = ORIENTED_EDGE ( 'NONE', *, *, #795, .T. ) ;
#1038 = DIRECTION ( 'NONE',  ( 1.000000000000000000, -0.000000000000000000, -0.000000000000000000 ) ) ;
#1039 = CARTESIAN_POINT ( 'NONE',  ( -32.97661613907186506, -32.97661613907232692, 0.000000000000000000 ) ) ;
#1040 = ORIENTED_EDGE ( 'NONE', *, *, #1295, .F. ) ;
#1041 = CIRCLE ( 'NONE', #610, 1.600000000000000533 ) ;
#1042 = EDGE_CURVE ( 'NONE', #1504, #1401, #864, .T. ) ;
#1043 = AXIS2_PLACEMENT_3D ( 'NONE', #1292, #301, #1604 ) ;
#1044 = LINE ( 'NONE', #876, #728 ) ;
#1045 = VECTOR ( 'NONE', #1252, 1000.000000000000000 ) ;
#1046 = EDGE_CURVE ( 'NONE', #2305, #2238, #813, .T. ) ;
#1047 = CARTESIAN_POINT ( 'NONE',  ( 0.000000000000000000, -25.30499999999960892, 12.00000000000000000 ) ) ;
#1048 = ORIENTED_EDGE ( 'NONE', *, *, #1165, .F. ) ;
#1049 = DIRECTION ( 'NONE',  ( -0.000000000000000000, -0.000000000000000000, -1.000000000000000000 ) ) ;
#1050 = AXIS2_PLACEMENT_3D ( 'NONE', #55, #754, #1912 ) ;
#1051 = LINE ( 'NONE', #1374, #1084 ) ;
#1052 = VERTEX_POINT ( 'NONE', #1985 ) ;
#1053 = DIRECTION ( 'NONE',  ( -0.000000000000000000, -0.000000000000000000, 1.000000000000000000 ) ) ;
#1054 = DIRECTION ( 'NONE',  ( 0.000000000000000000, 0.000000000000000000, 1.000000000000000000 ) ) ;
#1055 = ORIENTED_EDGE ( 'NONE', *, *, #1485, .T. ) ;
#1056 = DIRECTION ( 'NONE',  ( -0.7071067811865425767, 0.7071067811865524577, 0.000000000000000000 ) ) ;
#1057 = CARTESIAN_POINT ( 'NONE',  ( 87.89344154601936054, 0.000000000000000000, 0.000000000000000000 ) ) ;
#1058 = CARTESIAN_POINT ( 'NONE',  ( 159.6950000000001069, -159.9999999999999716, 0.000000000000000000 ) ) ;
#1059 = ORIENTED_EDGE ( 'NONE', *, *, #1286, .T. ) ;
#1060 = DIRECTION ( 'NONE',  ( -0.7071067811865402453, 0.7071067811865549002, 0.000000000000000000 ) ) ;
#1061 = EDGE_CURVE ( 'NONE', #249, #800, #979, .T. ) ;
#1062 = DIRECTION ( 'NONE',  ( 1.000000000000000000, 0.000000000000000000, 0.000000000000000000 ) ) ;
#1063 = ORIENTED_EDGE ( 'NONE', *, *, #1091, .T. ) ;
#1064 = DIRECTION ( 'NONE',  ( -0.000000000000000000, -0.000000000000000000, -1.000000000000000000 ) ) ;
#1065 = LINE ( 'NONE', #1588, #773 ) ;
#1066 = ORIENTED_EDGE ( 'NONE', *, *, #1772, .T. ) ;
#1067 = DIRECTION ( 'NONE',  ( -1.000000000000000000, 0.000000000000000000, -0.000000000000000000 ) ) ;
#1068 = VERTEX_POINT ( 'NONE', #315 ) ;
#1069 = CARTESIAN_POINT ( 'NONE',  ( 112.7634992311099751, -155.8466738241618827, 0.000000000000000000 ) ) ;
#1070 = EDGE_CURVE ( 'NONE', #546, #1771, #1616, .T. ) ;
#1071 = DIRECTION ( 'NONE',  ( -0.7071067811865531239, -0.7071067811865420216, -0.000000000000000000 ) ) ;
#1072 = ORIENTED_EDGE ( 'NONE', *, *, #96, .T. ) ;
#1073 = EDGE_CURVE ( 'NONE', #1643, #1052, #837, .T. ) ;
#1074 = LINE ( 'NONE', #1457, #1428 ) ;
#1075 = CARTESIAN_POINT ( 'NONE',  ( 0.000000000000000000, -50.30499999999961602, -20.00000000000000355 ) ) ;
#1076 = VERTEX_POINT ( 'NONE', #1593 ) ;
#1077 = VECTOR ( 'NONE', #2039, 1000.000000000000000 ) ;
#1078 = AXIS2_PLACEMENT_3D ( 'NONE', #1388, #2149, #1221 ) ;
#1079 = VECTOR ( 'NONE', #1406, 1000.000000000000000 ) ;
#1080 = DIRECTION ( 'NONE',  ( 0.000000000000000000, 0.000000000000000000, -1.000000000000000000 ) ) ;
#1081 = ORIENTED_EDGE ( 'NONE', *, *, #288, .F. ) ;
#1082 = CARTESIAN_POINT ( 'NONE',  ( 143.0950000000001410, -169.9999999999999716, 11.99999999999999645 ) ) ;
#1083 = VECTOR ( 'NONE', #921, 1000.000000000000000 ) ;
#1084 = VECTOR ( 'NONE', #1937, 1000.000000000000114 ) ;
#1085 = FACE_OUTER_BOUND ( 'NONE', #792, .T. ) ;
#1086 = VERTEX_POINT ( 'NONE', #1578 ) ;
#1087 = CIRCLE ( 'NONE', #1665, 2.999999999999999112 ) ;
#1088 = CARTESIAN_POINT ( 'NONE',  ( 39.35768149057454224, -117.0890883617682903, 1.185120509872752859 ) ) ;
#1089 = PLANE ( 'NONE',  #775 ) ;
#1090 = VERTEX_POINT ( 'NONE', #111 ) ;
#1091 = EDGE_CURVE ( 'NONE', #992, #1130, #1800, .T. ) ;
#1092 = CARTESIAN_POINT ( 'NONE',  ( 18.00000000000000000, -10.30499999999960892, 15.00000000000000000 ) ) ;
#1093 = LINE ( 'NONE', #1619, #2243 ) ;
#1094 = DIRECTION ( 'NONE',  ( -0.7071067811865477948, 0.7071067811865473507, 0.000000000000000000 ) ) ;
#1095 = ORIENTED_EDGE ( 'NONE', *, *, #937, .F. ) ;
#1096 = PLANE ( 'NONE',  #1274 ) ;
#1097 = CARTESIAN_POINT ( 'NONE',  ( 50.02338386092873890, -115.4134715150620139, -1.250553921878853730E-22 ) ) ;
#1098 = ORIENTED_EDGE ( 'NONE', *, *, #2247, .F. ) ;
#1099 = MANIFOLD_SOLID_BREP ( '\X2\52079664\X0\-\X2\62c94f38\X0\5', #1623 ) ;
#1100 = EDGE_CURVE ( 'NONE', #590, #997, #714, .T. ) ;
#1101 = ADVANCED_FACE ( 'NONE', ( #2226 ), #2253, .T. ) ;
#1102 = CARTESIAN_POINT ( 'NONE',  ( 35.02338386092876021, -82.10655845398061103, 15.00000000000000000 ) ) ;
#1103 = CARTESIAN_POINT ( 'NONE',  ( 102.2685931288072680, -180.0000000000000000, 0.000000000000000000 ) ) ;
#1104 = ORIENTED_EDGE ( 'NONE', *, *, #1359, .T. ) ;
#1105 = CARTESIAN_POINT ( 'NONE',  ( 159.6950000000001069, -159.9999999999999716, -5.000000000000004441 ) ) ;
#1106 = VERTEX_POINT ( 'NONE', #1346 ) ;
#1107 = CARTESIAN_POINT ( 'NONE',  ( 57.52338386092871758, -127.4766161390712398, 15.00000000000000000 ) ) ;
#1108 = DIRECTION ( 'NONE',  ( 1.000000000000000000, 0.000000000000000000, 0.000000000000000000 ) ) ;
#1109 = ORIENTED_EDGE ( 'NONE', *, *, #1668, .F. ) ;
#1110 = EDGE_CURVE ( 'NONE', #842, #2142, #938, .T. ) ;
#1111 = VECTOR ( 'NONE', #2201, 1000.000000000000000 ) ;
#1112 = DIRECTION ( 'NONE',  ( -0.000000000000000000, -0.000000000000000000, 1.000000000000000000 ) ) ;
#1113 = CARTESIAN_POINT ( 'NONE',  ( 87.89344154601936054, -133.8050432638173959, 15.00000000000000000 ) ) ;
#1114 = AXIS2_PLACEMENT_3D ( 'NONE', #995, #74, #1370 ) ;
#1115 = EDGE_CURVE ( 'NONE', #1749, #221, #2040, .T. ) ;
#1116 = DIRECTION ( 'NONE',  ( 0.000000000000000000, 0.000000000000000000, 1.000000000000000000 ) ) ;
#1117 = VECTOR ( 'NONE', #1762, 1000.000000000000000 ) ;
#1118 = ORIENTED_EDGE ( 'NONE', *, *, #745, .F. ) ;
#1119 = CARTESIAN_POINT ( 'NONE',  ( 99.69500000000010687, -159.9999999999999716, -5.000000000000004441 ) ) ;
#1120 = ORIENTED_EDGE ( 'NONE', *, *, #1267, .F. ) ;
#1121 = VECTOR ( 'NONE', #2064, 1000.000000000000000 ) ;
#1122 = LINE ( 'NONE', #1865, #115 ) ;
#1123 = CARTESIAN_POINT ( 'NONE',  ( 39.02338386092873179, -82.10655845398061103, 15.00000000000000000 ) ) ;
#1124 = VERTEX_POINT ( 'NONE', #601 ) ;
#1125 = AXIS2_PLACEMENT_3D ( 'NONE', #711, #2034, #1448 ) ;
#1126 = ORIENTED_EDGE ( 'NONE', *, *, #415, .F. ) ;
#1127 = FACE_OUTER_BOUND ( 'NONE', #1342, .T. ) ;
#1128 = DIRECTION ( 'NONE',  ( 0.000000000000000000, -0.000000000000000000, -1.000000000000000000 ) ) ;
#1129 = CARTESIAN_POINT ( 'NONE',  ( 99.69500000000010687, -159.9999999999999716, -5.000000000000004441 ) ) ;
#1130 = VERTEX_POINT ( 'NONE', #1910 ) ;
#1131 =( NAMED_UNIT ( * ) PLANE_ANGLE_UNIT ( ) SI_UNIT ( $, .RADIAN. ) );
#1132 = EDGE_CURVE ( 'NONE', #1258, #135, #960, .T. ) ;
#1133 = ORIENTED_EDGE ( 'NONE', *, *, #1176, .F. ) ;
#1134 = PLANE ( 'NONE',  #1660 ) ;
#1135 = PLANE ( 'NONE',  #1631 ) ;
#1136 = ADVANCED_FACE ( 'NONE', ( #1299, #2262, #424 ), #589, .F. ) ;
#1137 = EDGE_LOOP ( 'NONE', ( #1646, #706, #854, #1548 ) ) ;
#1138 = ORIENTED_EDGE ( 'NONE', *, *, #749, .T. ) ;
#1139 = DIRECTION ( 'NONE',  ( -0.7071067811865525687, 0.7071067811865425767, -0.000000000000000000 ) ) ;
#1140 = CARTESIAN_POINT ( 'NONE',  ( 59.52338386092871758, -125.4766161390712398, 15.00000000000000000 ) ) ;
#1141 = CARTESIAN_POINT ( 'NONE',  ( 9.999999999999998224, -10.30499999999960892, -20.00000000000000355 ) ) ;
#1142 = ORIENTED_EDGE ( 'NONE', *, *, #579, .F. ) ;
#1143 = CYLINDRICAL_SURFACE ( 'NONE', #2139, 1.599999999999990319 ) ;
#1144 = VERTEX_POINT ( 'NONE', #26 ) ;
#1145 = EDGE_CURVE ( 'NONE', #333, #1900, #53, .T. ) ;
#1146 = CARTESIAN_POINT ( 'NONE',  ( 147.6950000000001353, -169.9999999999999716, 15.00000000000000000 ) ) ;
#1147 = DIRECTION ( 'NONE',  ( 1.000000000000000000, 0.000000000000000000, 0.000000000000000000 ) ) ;
#1148 = ORIENTED_EDGE ( 'NONE', *, *, #776, .F. ) ;
#1149 = EDGE_CURVE ( 'NONE', #465, #287, #371, .T. ) ;
#1150 = ORIENTED_EDGE ( 'NONE', *, *, #1467, .F. ) ;
#1151 = CARTESIAN_POINT ( 'NONE',  ( 81.10215728788749345, -128.1853318809393443, 3.394424637143893531 ) ) ;
#1152 = LINE ( 'NONE', #1894, #490 ) ;
#1153 = VECTOR ( 'NONE', #829, 1000.000000000000000 ) ;
#1154 = CARTESIAN_POINT ( 'NONE',  ( 72.33029692201012040, -115.4134715150620139, -1.237053581035006721E-22 ) ) ;
#1155 = ORIENTED_EDGE ( 'NONE', *, *, #1224, .F. ) ;
#1156 = CARTESIAN_POINT ( 'NONE',  ( 144.6950000000001353, -169.9999999999999716, -20.00000000000000355 ) ) ;
#1157 = ORIENTED_EDGE ( 'NONE', *, *, #21, .T. ) ;
#1158 = CIRCLE ( 'NONE', #1310, 3.000000000000002665 ) ;
#1159 = VECTOR ( 'NONE', #1116, 1000.000000000000000 ) ;
#1160 = CARTESIAN_POINT ( 'NONE',  ( 74.89344154601938897, -117.9766161390712682, 15.00000000000000000 ) ) ;
#1161 = EDGE_LOOP ( 'NONE', ( #978, #2155 ) ) ;
#1162 = AXIS2_PLACEMENT_3D ( 'NONE', #1783, #984, #1992 ) ;
#1163 = CIRCLE ( 'NONE', #119, 1.599999999999990319 ) ;
#1164 = EDGE_LOOP ( 'NONE', ( #1666, #586, #2062, #485, #1395 ) ) ;
#1165 = EDGE_CURVE ( 'NONE', #559, #1321, #1810, .T. ) ;
#1166 = LINE ( 'NONE', #1333, #2325 ) ;
#1167 = LINE ( 'NONE', #1909, #1935 ) ;
#1168 = DIRECTION ( 'NONE',  ( -0.000000000000000000, 0.000000000000000000, 1.000000000000000000 ) ) ;
#1169 = ORIENTED_EDGE ( 'NONE', *, *, #386, .T. ) ;
#1170 = CARTESIAN_POINT ( 'NONE',  ( -21.54158729652593962, -21.54158729652593962, 0.000000000000000000 ) ) ;
#1171 = DIRECTION ( 'NONE',  ( -0.7071067811865475727, -0.7071067811865475727, 0.000000000000000000 ) ) ;
#1172 = LINE ( 'NONE', #1533, #382 ) ;
#1173 = ORIENTED_EDGE ( 'NONE', *, *, #983, .T. ) ;
#1174 = CARTESIAN_POINT ( 'NONE',  ( 44.52338386092873179, -111.6481890143251121, -20.00000000000000355 ) ) ;
#1175 = VERTEX_POINT ( 'NONE', #62 ) ;
#1176 = EDGE_CURVE ( 'NONE', #200, #1332, #1559, .T. ) ;
#1177 = DIRECTION ( 'NONE',  ( -0.000000000000000000, -0.000000000000000000, -1.000000000000000000 ) ) ;
#1178 = EDGE_CURVE ( 'NONE', #831, #1861, #554, .T. ) ;
#1179 = DIRECTION ( 'NONE',  ( 0.000000000000000000, -0.000000000000000000, -1.000000000000000000 ) ) ;
#1180 = ORIENTED_EDGE ( 'NONE', *, *, #2012, .T. ) ;
#1181 = DIRECTION ( 'NONE',  ( -0.000000000000000000, -0.000000000000000000, 1.000000000000000000 ) ) ;
#1182 = DIRECTION ( 'NONE',  ( 0.000000000000000000, 0.000000000000000000, -1.000000000000000000 ) ) ;
#1183 = DIRECTION ( 'NONE',  ( -0.000000000000000000, -0.000000000000000000, -1.000000000000000000 ) ) ;
#1184 = ORIENTED_EDGE ( 'NONE', *, *, #1952, .T. ) ;
#1185 = CYLINDRICAL_SURFACE ( 'NONE', #924, 3.000000000000000000 ) ;
#1186 = EDGE_LOOP ( 'NONE', ( #2347, #2209 ) ) ;
#1187 = FACE_OUTER_BOUND ( 'NONE', #2289, .T. ) ;
#1188 = DIRECTION ( 'NONE',  ( 0.000000000000000000, -1.000000000000000000, 0.000000000000000000 ) ) ;
#1189 = ORIENTED_EDGE ( 'NONE', *, *, #1042, .F. ) ;
#1190 = PLANE ( 'NONE',  #1460 ) ;
#1191 = EDGE_CURVE ( 'NONE', #953, #1798, #2273, .T. ) ;
#1192 = VECTOR ( 'NONE', #1543, 1000.000000000000000 ) ;
#1193 = AXIS2_PLACEMENT_3D ( 'NONE', #93, #1026, #2329 ) ;
#1194 = LINE ( 'NONE', #1024, #1901 ) ;
#1195 = ORIENTED_EDGE ( 'NONE', *, *, #2024, .T. ) ;
#1196 = VECTOR ( 'NONE', #2090, 1000.000000000000000 ) ;
#1197 = CYLINDRICAL_SURFACE ( 'NONE', #648, 3.000000000000002665 ) ;
#1198 = EDGE_LOOP ( 'NONE', ( #529, #818 ) ) ;
#1199 = AXIS2_PLACEMENT_3D ( 'NONE', #470, #639, #254 ) ;
#1200 = CIRCLE ( 'NONE', #2132, 3.000000000000002665 ) ;
#1201 = DIRECTION ( 'NONE',  ( 0.000000000000000000, 0.000000000000000000, -1.000000000000000000 ) ) ;
#1202 = AXIS2_PLACEMENT_3D ( 'NONE', #307, #1754, #143 ) ;
#1203 = LINE ( 'NONE', #606, #925 ) ;
#1204 = CARTESIAN_POINT ( 'NONE',  ( 40.52338386092867495, -87.60655845398061103, 0.000000000000000000 ) ) ;
#1205 = ORIENTED_EDGE ( 'NONE', *, *, #319, .F. ) ;
#1206 = LINE ( 'NONE', #1740, #888 ) ;
#1207 = ADVANCED_FACE ( 'NONE', ( #1882 ), #41, .F. ) ;
#1208 = DIRECTION ( 'NONE',  ( -0.000000000000000000, 0.000000000000000000, 1.000000000000000000 ) ) ;
#1209 = VERTEX_POINT ( 'NONE', #1154 ) ;
#1210 = LINE ( 'NONE', #1734, #1350 ) ;
#1211 = CARTESIAN_POINT ( 'NONE',  ( 17.99999999999998934, -53.30499999999961602, 0.000000000000000000 ) ) ;
#1212 = ORIENTED_EDGE ( 'NONE', *, *, #2072, .T. ) ;
#1213 = DIRECTION ( 'NONE',  ( 0.7071067811865475727, -0.7071067811865475727, 0.000000000000000000 ) ) ;
#1214 =( NAMED_UNIT ( * ) PLANE_ANGLE_UNIT ( ) SI_UNIT ( $, .RADIAN. ) );
#1215 = CARTESIAN_POINT ( 'NONE',  ( 2.999999999999999112, -25.30499999999960892, 12.00000000000000000 ) ) ;
#1216 = VERTEX_POINT ( 'NONE', #14 ) ;
#1217 = LINE ( 'NONE', #1558, #607 ) ;
#1218 = CARTESIAN_POINT ( 'NONE',  ( 144.6950000000001353, -169.9999999999999716, 0.000000000000000000 ) ) ;
#1219 = ORIENTED_EDGE ( 'NONE', *, *, #822, .F. ) ;
#1220 = EDGE_CURVE ( 'NONE', #1175, #394, #380, .T. ) ;
#1221 = DIRECTION ( 'NONE',  ( 1.000000000000000000, 0.000000000000000000, 0.000000000000000000 ) ) ;
#1222 = CARTESIAN_POINT ( 'NONE',  ( 144.6950000000001353, -169.9999999999999716, 11.99999999999999645 ) ) ;
#1223 = ORIENTED_EDGE ( 'NONE', *, *, #130, .F. ) ;
#1224 = EDGE_CURVE ( 'NONE', #992, #720, #2236, .T. ) ;
#1225 = CARTESIAN_POINT ( 'NONE',  ( 82.39344154601936054, -129.4766161390711829, 0.000000000000000000 ) ) ;
#1226 = CARTESIAN_POINT ( 'NONE',  ( 37.02338386092877442, -80.10655845398065367, 0.000000000000000000 ) ) ;
#1227 = DIRECTION ( 'NONE',  ( 0.000000000000000000, -1.000000000000000000, 0.000000000000000000 ) ) ;
#1228 = ORIENTED_EDGE ( 'NONE', *, *, #2222, .F. ) ;
#1229 = CARTESIAN_POINT ( 'NONE',  ( 82.39344154601936054, 0.000000000000000000, 0.000000000000000000 ) ) ;
#1230 = DIRECTION ( 'NONE',  ( 1.000000000000000000, 0.000000000000000000, 0.000000000000000000 ) ) ;
#1231 = EDGE_LOOP ( 'NONE', ( #1632, #1752 ) ) ;
#1232 = VECTOR ( 'NONE', #2225, 1000.000000000000000 ) ;
#1233 = DIRECTION ( 'NONE',  ( 0.000000000000000000, 0.000000000000000000, -1.000000000000000000 ) ) ;
#1234 = DIRECTION ( 'NONE',  ( 0.000000000000000000, 0.000000000000000000, -1.000000000000000000 ) ) ;
#1235 = ORIENTED_EDGE ( 'NONE', *, *, #1966, .F. ) ;
#1236 = VECTOR ( 'NONE', #1405, 1000.000000000000000 ) ;
#1237 = VECTOR ( 'NONE', #1325, 1000.000000000000000 ) ;
#1238 = ADVANCED_FACE ( 'NONE', ( #1763 ), #264, .F. ) ;
#1239 = DIRECTION ( 'NONE',  ( 0.000000000000000000, 0.000000000000000000, -1.000000000000000000 ) ) ;
#1240 = AXIS2_PLACEMENT_3D ( 'NONE', #861, #662, #1908 ) ;
#1241 = CARTESIAN_POINT ( 'NONE',  ( 144.6950000000001353, -169.9999999999999716, 0.000000000000000000 ) ) ;
#1242 = LINE ( 'NONE', #1058, #381 ) ;
#1243 = VECTOR ( 'NONE', #893, 1000.000000000000114 ) ;
#1244 = ORIENTED_EDGE ( 'NONE', *, *, #1306, .F. ) ;
#1245 = CARTESIAN_POINT ( 'NONE',  ( 39.02338386092873179, -82.10655845398061103, -20.00000000000000355 ) ) ;
#1246 = CARTESIAN_POINT ( 'NONE',  ( 82.39344154601936054, -149.5182466994157551, 15.00000000000000000 ) ) ;
#1247 = ORIENTED_EDGE ( 'NONE', *, *, #1441, .F. ) ;
#1248 = DIRECTION ( 'NONE',  ( 0.000000000000000000, 0.000000000000000000, -1.000000000000000000 ) ) ;
#1249 = LINE ( 'NONE', #1039, #814 ) ;
#1250 = ORIENTED_EDGE ( 'NONE', *, *, #1516, .T. ) ;
#1251 = EDGE_CURVE ( 'NONE', #1557, #1749, #2299, .T. ) ;
#1252 = DIRECTION ( 'NONE',  ( 1.000000000000000000, -9.813077866773629194E-15, -0.000000000000000000 ) ) ;
#1253 = ORIENTED_EDGE ( 'NONE', *, *, #688, .T. ) ;
#1254 = CARTESIAN_POINT ( 'NONE',  ( 40.52338386092867495, -87.60655845398061103, -20.00000000000000355 ) ) ;
#1255 = PRODUCT ( '\X2\62c96746\X0\_\X2\53f3\X0\', '\X2\62c96746\X0\_\X2\53f3\X0\', '', ( #1396 ) ) ;
#1256 = EDGE_CURVE ( 'NONE', #1124, #559, #2054, .T. ) ;
#1257 = DIRECTION ( 'NONE',  ( -0.000000000000000000, -0.000000000000000000, 1.000000000000000000 ) ) ;
#1258 = VERTEX_POINT ( 'NONE', #443 ) ;
#1259 = DIRECTION ( 'NONE',  ( -1.000000000000000000, -0.000000000000000000, -0.000000000000000000 ) ) ;
#1260 = DIRECTION ( 'NONE',  ( -0.7071067811865549002, -0.7071067811865402453, -0.000000000000000000 ) ) ;
#1261 = ORIENTED_EDGE ( 'NONE', *, *, #1251, .T. ) ;
#1262 = LINE ( 'NONE', #509, #1045 ) ;
#1263 = ORIENTED_EDGE ( 'NONE', *, *, #1680, .F. ) ;
#1264 = EDGE_CURVE ( 'NONE', #82, #1504, #838, .T. ) ;
#1265 = DIRECTION ( 'NONE',  ( 1.000000000000000000, -9.813077866773627616E-15, -6.940536476314301049E-15 ) ) ;
#1266 = LINE ( 'NONE', #2008, #193 ) ;
#1267 = EDGE_CURVE ( 'NONE', #468, #2244, #263, .T. ) ;
#1268 = ORIENTED_EDGE ( 'NONE', *, *, #596, .F. ) ;
#1269 = CARTESIAN_POINT ( 'NONE',  ( 1.600000000000000533, -25.30499999999960892, 0.000000000000000000 ) ) ;
#1270 = DIRECTION ( 'NONE',  ( -0.000000000000000000, -0.000000000000000000, 1.000000000000000000 ) ) ;
#1271 = ORIENTED_EDGE ( 'NONE', *, *, #1384, .T. ) ;
#1272 = AXIS2_PLACEMENT_3D ( 'NONE', #1254, #1971, #174 ) ;
#1273 = VECTOR ( 'NONE', #1053, 1000.000000000000000 ) ;
#1274 = AXIS2_PLACEMENT_3D ( 'NONE', #1671, #1709, #201 ) ;
#1275 = FACE_OUTER_BOUND ( 'NONE', #154, .T. ) ;
#1276 = VERTEX_POINT ( 'NONE', #1579 ) ;
#1277 = DIRECTION ( 'NONE',  ( 0.000000000000000000, 0.000000000000000000, 1.000000000000000000 ) ) ;
#1278 = VECTOR ( 'NONE', #467, 999.9999999999998863 ) ;
#1279 = VECTOR ( 'NONE', #340, 1000.000000000000000 ) ;
#1280 = CARTESIAN_POINT ( 'NONE',  ( 0.000000000000000000, -50.30499999999961602, 15.00000000000000000 ) ) ;
#1281 = VERTEX_POINT ( 'NONE', #2106 ) ;
#1282 = EDGE_CURVE ( 'NONE', #767, #1834, #302, .T. ) ;
#1283 = DIRECTION ( 'NONE',  ( 0.7071067811865417996, 0.7071067811865532349, -0.000000000000000000 ) ) ;
#1284 = CARTESIAN_POINT ( 'NONE',  ( 112.7634992311099893, -155.8466738241618827, 15.00000000000000000 ) ) ;
#1285 = ORIENTED_EDGE ( 'NONE', *, *, #52, .F. ) ;
#1286 = EDGE_CURVE ( 'NONE', #882, #2242, #649, .T. ) ;
#1287 = CARTESIAN_POINT ( 'NONE',  ( 9.999999999999998224, -53.30499999999961602, 0.000000000000000000 ) ) ;
#1288 = FACE_OUTER_BOUND ( 'NONE', #1691, .T. ) ;
#1289 = ORIENTED_EDGE ( 'NONE', *, *, #1680, .T. ) ;
#1290 = LINE ( 'NONE', #708, #1591 ) ;
#1291 = ORIENTED_EDGE ( 'NONE', *, *, #954, .T. ) ;
#1292 = CARTESIAN_POINT ( 'NONE',  ( 119.6950000000001353, -169.9999999999999716, 15.00000000000000000 ) ) ;
#1293 = CARTESIAN_POINT ( 'NONE',  ( 144.6950000000001353, -169.9999999999999716, 12.00000000000000000 ) ) ;
#1294 = ORIENTED_EDGE ( 'NONE', *, *, #49, .T. ) ;
#1295 = EDGE_CURVE ( 'NONE', #1401, #465, #127, .T. ) ;
#1296 = EDGE_CURVE ( 'NONE', #2254, #1090, #852, .T. ) ;
#1297 = CARTESIAN_POINT ( 'NONE',  ( 147.6950000000001353, -169.9999999999999716, 12.00000000000000000 ) ) ;
#1298 = CARTESIAN_POINT ( 'NONE',  ( 26.69500000000013529, -132.9109819500368985, 1.185120509872745975 ) ) ;
#1299 = FACE_BOUND ( 'NONE', #2030, .T. ) ;
#1300 = EDGE_LOOP ( 'NONE', ( #255, #1169, #1335, #2355, #95, #225 ) ) ;
#1301 = CARTESIAN_POINT ( 'NONE',  ( 86.69034297709785619, -121.9953429770976356, 4.655187657212549901 ) ) ;
#1302 = EDGE_LOOP ( 'NONE', ( #2078, #2059 ) ) ;
#1303 = CARTESIAN_POINT ( 'NONE',  ( 102.2685931288072680, -180.0000000000000000, 0.000000000000000000 ) ) ;
#1304 = FACE_OUTER_BOUND ( 'NONE', #1979, .T. ) ;
#1305 = ORIENTED_EDGE ( 'NONE', *, *, #1286, .F. ) ;
#1306 = EDGE_CURVE ( 'NONE', #2276, #2254, #1567, .T. ) ;
#1307 = VECTOR ( 'NONE', #2213, 1000.000000000000000 ) ;
#1308 = LINE ( 'NONE', #1870, #420 ) ;
#1309 = DIRECTION ( 'NONE',  ( -1.000000000000000000, 0.000000000000000000, -0.000000000000000000 ) ) ;
#1310 = AXIS2_PLACEMENT_3D ( 'NONE', #1592, #1416, #1773 ) ;
#1311 = CARTESIAN_POINT ( 'NONE',  ( 54.02338386092879574, -119.9766161390712540, -20.00000000000000355 ) ) ;
#1312 = VECTOR ( 'NONE', #1969, 1000.000000000000000 ) ;
#1313 = VERTEX_POINT ( 'NONE', #1215 ) ;
#1314 = FACE_OUTER_BOUND ( 'NONE', #128, .T. ) ;
#1315 = ORIENTED_EDGE ( 'NONE', *, *, #8, .T. ) ;
#1316 = AXIS2_PLACEMENT_3D ( 'NONE', #878, #912, #1986 ) ;
#1317 = DIRECTION ( 'NONE',  ( 0.000000000000000000, -0.000000000000000000, 1.000000000000000000 ) ) ;
#1318 = CARTESIAN_POINT ( 'NONE',  ( 0.000000000000000000, -50.30499999999961602, -20.00000000000000355 ) ) ;
#1319 = EDGE_LOOP ( 'NONE', ( #238, #266, #1015, #824, #1055, #47 ) ) ;
#1320 = AXIS2_PLACEMENT_3D ( 'NONE', #1318, #2256, #1147 ) ;
#1321 = VERTEX_POINT ( 'NONE', #76 ) ;
#1322 = CARTESIAN_POINT ( 'NONE',  ( 9.999999999999998224, -45.30499999999960892, 0.000000000000000000 ) ) ;
#1323 = CARTESIAN_POINT ( 'NONE',  ( 0.000000000000000000, -50.30499999999961602, 12.00000000000000000 ) ) ;
#1324 = EDGE_CURVE ( 'NONE', #2172, #1426, #2154, .T. ) ;
#1325 = DIRECTION ( 'NONE',  ( 0.000000000000000000, 0.000000000000000000, 1.000000000000000000 ) ) ;
#1326 = ORIENTED_EDGE ( 'NONE', *, *, #1888, .F. ) ;
#1327 = ORIENTED_EDGE ( 'NONE', *, *, #2068, .T. ) ;
#1328 = ADVANCED_FACE ( 'NONE', ( #996, #481 ), #654, .T. ) ;
#1329 = CARTESIAN_POINT ( 'NONE',  ( 0.000000000000000000, -157.8466738241618827, 0.000000000000000000 ) ) ;
#1330 = DIRECTION ( 'NONE',  ( 0.000000000000000000, 0.000000000000000000, 1.000000000000000000 ) ) ;
#1331 = ORIENTED_EDGE ( 'NONE', *, *, #1467, .T. ) ;
#1332 = VERTEX_POINT ( 'NONE', #2141 ) ;
#1333 = CARTESIAN_POINT ( 'NONE',  ( 37.02338386092876021, -80.10655845398063946, 15.00000000000000000 ) ) ;
#1334 = DIRECTION ( 'NONE',  ( 0.7071067811865532349, -0.7071067811865417996, -0.000000000000000000 ) ) ;
#1335 = ORIENTED_EDGE ( 'NONE', *, *, #1176, .T. ) ;
#1336 = DIRECTION ( 'NONE',  ( 1.000000000000000000, 0.000000000000000000, 0.000000000000000000 ) ) ;
#1337 = ORIENTED_EDGE ( 'NONE', *, *, #2012, .F. ) ;
#1338 = ADVANCED_FACE ( 'NONE', ( #1957 ), #1540, .F. ) ;
#1339 = DIRECTION ( 'NONE',  ( 0.000000000000000000, 1.000000000000000000, 0.000000000000000000 ) ) ;
#1340 = CARTESIAN_POINT ( 'NONE',  ( -10.00000000000000178, -67.73140687119452252, 15.00000000000000000 ) ) ;
#1341 = ORIENTED_EDGE ( 'NONE', *, *, #1627, .T. ) ;
#1342 = EDGE_LOOP ( 'NONE', ( #1638, #440, #1571, #1120 ) ) ;
#1343 = LINE ( 'NONE', #788, #1549 ) ;
#1344 = PLANE ( 'NONE',  #1973 ) ;
#1345 = AXIS2_PLACEMENT_3D ( 'NONE', #778, #1309, #727 ) ;
#1346 = CARTESIAN_POINT ( 'NONE',  ( 82.39344154601936054, -129.4766161390711829, 2.947981414148414192 ) ) ;
#1347 = EDGE_LOOP ( 'NONE', ( #919, #945, #572, #1235, #2182, #1535, #405, #794 ) ) ;
#1348 = LINE ( 'NONE', #1899, #1360 ) ;
#1349 = LINE ( 'NONE', #268, #1192 ) ;
#1350 = VECTOR ( 'NONE', #1916, 1000.000000000000000 ) ;
#1351 = VECTOR ( 'NONE', #1721, 1000.000000000000000 ) ;
#1352 = FACE_OUTER_BOUND ( 'NONE', #1377, .T. ) ;
#1353 = ORIENTED_EDGE ( 'NONE', *, *, #806, .F. ) ;
#1354 = AXIS2_PLACEMENT_3D ( 'NONE', #2342, #1797, #686 ) ;
#1355 = ADVANCED_FACE ( 'NONE', ( #1738 ), #1751, .F. ) ;
#1356 = CARTESIAN_POINT ( 'NONE',  ( 16.15332617583815988, -82.10655845398061103, -20.00000000000000355 ) ) ;
#1357 = VECTOR ( 'NONE', #1667, 1000.000000000000000 ) ;
#1358 = ORIENTED_EDGE ( 'NONE', *, *, #669, .T. ) ;
#1359 = EDGE_CURVE ( 'NONE', #2113, #879, #1556, .T. ) ;
#1360 = VECTOR ( 'NONE', #1181, 1000.000000000000000 ) ;
#1361 = DIRECTION ( 'NONE',  ( 1.000000000000000000, 8.068481283613054562E-17, -0.000000000000000000 ) ) ;
#1362 = ORIENTED_EDGE ( 'NONE', *, *, #2068, .F. ) ;
#1363 = DIRECTION ( 'NONE',  ( 0.000000000000000000, 0.000000000000000000, -1.000000000000000000 ) ) ;
#1364 = DIRECTION ( 'NONE',  ( 0.000000000000000000, 0.8164321540053106618, -0.5774413718346207425 ) ) ;
#1365 = DIRECTION ( 'NONE',  ( -1.000000000000000000, 0.000000000000000000, 0.000000000000000000 ) ) ;
#1366 = VERTEX_POINT ( 'NONE', #1204 ) ;
#1367 = DIRECTION ( 'NONE',  ( 1.000000000000000000, 0.000000000000000000, 0.000000000000000000 ) ) ;
#1368 = ORIENTED_EDGE ( 'NONE', *, *, #460, .F. ) ;
#1369 = ADVANCED_FACE ( 'NONE', ( #725 ), #1432, .F. ) ;
#1370 = DIRECTION ( 'NONE',  ( 0.000000000000000000, -0.000000000000000000, 1.000000000000000000 ) ) ;
#1371 = DIRECTION ( 'NONE',  ( 1.000000000000000000, 0.000000000000000000, 0.000000000000000000 ) ) ;
#1372 = VERTEX_POINT ( 'NONE', #2199 ) ;
#1373 = LINE ( 'NONE', #631, #843 ) ;
#1374 = CARTESIAN_POINT ( 'NONE',  ( 76.89344154601936054, -119.9766161390712540, 15.00000000000000000 ) ) ;
#1375 = ORIENTED_EDGE ( 'NONE', *, *, #34, .F. ) ;
#1376 = DIRECTION ( 'NONE',  ( 0.7071067811865425767, 0.7071067811865524577, 0.000000000000000000 ) ) ;
#1377 = EDGE_LOOP ( 'NONE', ( #1809, #1658, #324, #981 ) ) ;
#1378 = CARTESIAN_POINT ( 'NONE',  ( -1.599999999999998757, -50.30499999999961602, 11.99999999999999645 ) ) ;
#1379 = ADVANCED_FACE ( 'NONE', ( #2357 ), #2166, .F. ) ;
#1380 = CARTESIAN_POINT ( 'NONE',  ( 12.15332617583809949, -55.23650076888998228, 15.00000000000000000 ) ) ;
#1381 = EDGE_LOOP ( 'NONE', ( #2331, #1118, #2269, #330 ) ) ;
#1382 = CARTESIAN_POINT ( 'NONE',  ( 52.85181098567488078, -95.93498557872676713, 15.00000000000000000 ) ) ;
#1383 = CIRCLE ( 'NONE', #334, 1.600000000000000533 ) ;
#1384 = EDGE_CURVE ( 'NONE', #221, #1987, #692, .T. ) ;
#1385 = VECTOR ( 'NONE', #2196, 1000.000000000000000 ) ;
#1386 = DIRECTION ( 'NONE',  ( 1.000000000000000000, -0.000000000000000000, -0.000000000000000000 ) ) ;
#1387 = VERTEX_POINT ( 'NONE', #495 ) ;
#1388 = CARTESIAN_POINT ( 'NONE',  ( 0.000000000000000000, -25.30499999999960892, 12.00000000000000000 ) ) ;
#1389 = CARTESIAN_POINT ( 'NONE',  ( 72.89344154601938897, -119.9766161390712540, 0.000000000000000000 ) ) ;
#1390 = EDGE_LOOP ( 'NONE', ( #2335, #2393 ) ) ;
#1391 = CIRCLE ( 'NONE', #116, 1.599999999999990319 ) ;
#1392 = VECTOR ( 'NONE', #224, 1000.000000000000000 ) ;
#1393 = PLANE ( 'NONE',  #1114 ) ;
#1394 = DIRECTION ( 'NONE',  ( 1.000000000000000000, 0.000000000000000000, -0.000000000000000000 ) ) ;
#1395 = ORIENTED_EDGE ( 'NONE', *, *, #1178, .T. ) ;
#1396 = PRODUCT_CONTEXT ( 'NONE', #2223, 'mechanical' ) ;
#1397 = ADVANCED_FACE ( 'NONE', ( #1442, #528, #865, #316, #1463, #890, #1994, #2004, #2181, #1275 ), #1418, .T. ) ;
#1398 = DIRECTION ( 'NONE',  ( -0.000000000000000000, -0.000000000000000000, -1.000000000000000000 ) ) ;
#1399 = CARTESIAN_POINT ( 'NONE',  ( 1.599999999999998757, -50.30499999999961602, -20.00000000000000355 ) ) ;
#1400 = EDGE_CURVE ( 'NONE', #567, #2276, #1262, .T. ) ;
#1401 = VERTEX_POINT ( 'NONE', #679 ) ;
#1402 = FACE_OUTER_BOUND ( 'NONE', #1990, .T. ) ;
#1403 = CYLINDRICAL_SURFACE ( 'NONE', #1162, 1.600000000000004086 ) ;
#1404 = VERTEX_POINT ( 'NONE', #902 ) ;
#1405 = DIRECTION ( 'NONE',  ( 0.000000000000000000, 0.000000000000000000, 1.000000000000000000 ) ) ;
#1406 = DIRECTION ( 'NONE',  ( 0.000000000000000000, 0.000000000000000000, 1.000000000000000000 ) ) ;
#1407 = DIRECTION ( 'NONE',  ( 0.6324255876883156935, -0.6324255876883153604, -0.4472982808754999984 ) ) ;
#1408 = ORIENTED_EDGE ( 'NONE', *, *, #779, .T. ) ;
#1409 = LINE ( 'NONE', #2183, #644 ) ;
#1410 = CARTESIAN_POINT ( 'NONE',  ( 0.000000000000000000, -82.10655845398061103, 0.000000000000000000 ) ) ;
#1411 = ORIENTED_EDGE ( 'NONE', *, *, #1713, .F. ) ;
#1412 = ADVANCED_FACE ( 'NONE', ( #1837 ), #1642, .F. ) ;
#1413 = LINE ( 'NONE', #2160, #2318 ) ;
#1414 = DIRECTION ( 'NONE',  ( -0.000000000000000000, -1.000000000000000000, -0.000000000000000000 ) ) ;
#1415 = ORIENTED_EDGE ( 'NONE', *, *, #779, .F. ) ;
#1416 = DIRECTION ( 'NONE',  ( 0.000000000000000000, 0.000000000000000000, 1.000000000000000000 ) ) ;
#1417 = CARTESIAN_POINT ( 'NONE',  ( -3.000000000000000000, -50.30499999999961602, 12.00000000000000000 ) ) ;
#1418 = PLANE ( 'NONE',  #1316 ) ;
#1419 = EDGE_LOOP ( 'NONE', ( #2167, #2100, #914, #1189 ) ) ;
#1420 = LINE ( 'NONE', #707, #2240 ) ;
#1421 = CARTESIAN_POINT ( 'NONE',  ( 57.52338386092871758, -127.4766161390712398, 15.00000000000000000 ) ) ;
#1422 = ORIENTED_EDGE ( 'NONE', *, *, #1030, .T. ) ;
#1423 = VECTOR ( 'NONE', #1581, 1000.000000000000000 ) ;
#1424 = LINE ( 'NONE', #2174, #33 ) ;
#1425 = CARTESIAN_POINT ( 'NONE',  ( 159.6950000000001069, -159.9999999999999716, 15.00000000000000000 ) ) ;
#1426 = VERTEX_POINT ( 'NONE', #1102 ) ;
#1427 = EDGE_CURVE ( 'NONE', #1735, #2198, #1242, .T. ) ;
#1428 = VECTOR ( 'NONE', #1819, 1000.000000000000000 ) ;
#1429 = AXIS2_PLACEMENT_3D ( 'NONE', #1676, #1517, #564 ) ;
#1430 = ADVANCED_FACE ( 'NONE', ( #2190 ), #1605, .T. ) ;
#1431 = AXIS2_PLACEMENT_3D ( 'NONE', #94, #833, #1573 ) ;
#1432 = PLANE ( 'NONE',  #574 ) ;
#1433 = VECTOR ( 'NONE', #1330, 1000.000000000000000 ) ;
#1434 = ORIENTED_EDGE ( 'NONE', *, *, #561, .T. ) ;
#1435 = CARTESIAN_POINT ( 'NONE',  ( 0.000000000000000000, -50.30499999999961602, 15.00000000000000000 ) ) ;
#1436 = LINE ( 'NONE', #1862, #1279 ) ;
#1437 = ORIENTED_EDGE ( 'NONE', *, *, #1110, .T. ) ;
#1438 = CARTESIAN_POINT ( 'NONE',  ( -2.999999999999999112, -25.30499999999960892, 12.00000000000000000 ) ) ;
#1439 = CARTESIAN_POINT ( 'NONE',  ( 87.89344154601936054, -153.8466738241618543, 15.00000000000000000 ) ) ;
#1440 = ORIENTED_EDGE ( 'NONE', *, *, #537, .T. ) ;
#1441 = EDGE_CURVE ( 'NONE', #1711, #379, #1801, .T. ) ;
#1442 = FACE_BOUND ( 'NONE', #1852, .T. ) ;
#1443 = ORIENTED_EDGE ( 'NONE', *, *, #1907, .F. ) ;
#1444 = CARTESIAN_POINT ( 'NONE',  ( 0.000000000000000000, -25.30499999999960892, 12.00000000000000000 ) ) ;
#1445 = CARTESIAN_POINT ( 'NONE',  ( 50.02338386092873890, -95.93498557872678134, 15.00000000000000000 ) ) ;
#1446 = ORIENTED_EDGE ( 'NONE', *, *, #871, .T. ) ;
#1447 = LINE ( 'NONE', #1612, #2126 ) ;
#1448 = DIRECTION ( 'NONE',  ( 0.000000000000000000, 0.000000000000000000, 1.000000000000000000 ) ) ;
#1449 = ORIENTED_EDGE ( 'NONE', *, *, #357, .T. ) ;
#1450 = DIRECTION ( 'NONE',  ( -8.068481283613054562E-17, 1.000000000000000000, -0.000000000000000000 ) ) ;
#1451 = VERTEX_POINT ( 'NONE', #517 ) ;
#1452 = DIRECTION ( 'NONE',  ( 1.000000000000000000, 0.000000000000000000, 0.000000000000000000 ) ) ;
#1453 = EDGE_CURVE ( 'NONE', #1755, #1052, #1617, .T. ) ;
#1454 = CARTESIAN_POINT ( 'NONE',  ( 121.2950000000001438, -169.9999999999999716, 11.99999999999999645 ) ) ;
#1455 = ORIENTED_EDGE ( 'NONE', *, *, #1267, .T. ) ;
#1456 = EDGE_CURVE ( 'NONE', #683, #290, #2177, .T. ) ;
#1457 = CARTESIAN_POINT ( 'NONE',  ( 9.999999999999998224, -45.30499999999960892, 0.000000000000000000 ) ) ;
#1458 = FACE_BOUND ( 'NONE', #1319, .T. ) ;
#1459 = ORIENTED_EDGE ( 'NONE', *, *, #1640, .F. ) ;
#1460 = AXIS2_PLACEMENT_3D ( 'NONE', #426, #1171, #657 ) ;
#1461 = AXIS2_PLACEMENT_3D ( 'NONE', #2044, #1339, #1317 ) ;
#1462 = CIRCLE ( 'NONE', #1043, 3.000000000000002665 ) ;
#1463 = FACE_BOUND ( 'NONE', #2086, .T. ) ;
#1464 = CARTESIAN_POINT ( 'NONE',  ( 159.6950000000001069, -180.0000000000000000, 15.00000000000000000 ) ) ;
#1465 = AXIS2_PLACEMENT_3D ( 'NONE', #705, #2212, #335 ) ;
#1466 = AXIS2_PLACEMENT_3D ( 'NONE', #1119, #927, #186 ) ;
#1467 = EDGE_CURVE ( 'NONE', #321, #1520, #163, .T. ) ;
#1468 = EDGE_LOOP ( 'NONE', ( #899, #1705, #2103, #118, #1673, #1434 ) ) ;
#1469 = CARTESIAN_POINT ( 'NONE',  ( 16.15332617583815988, -82.10655845398061103, 15.00000000000000000 ) ) ;
#1470 = VERTEX_POINT ( 'NONE', #1287 ) ;
#1471 = AXIS2_PLACEMENT_3D ( 'NONE', #1923, #388, #1489 ) ;
#1472 = EDGE_CURVE ( 'NONE', #459, #1861, #2029, .T. ) ;
#1473 = CARTESIAN_POINT ( 'NONE',  ( 12.15332617583809949, -58.06492789363616680, 15.00000000000000000 ) ) ;
#1474 = CARTESIAN_POINT ( 'NONE',  ( 112.7634992311099893, -155.8466738241618827, 15.00000000000000000 ) ) ;
#1475 = ORIENTED_EDGE ( 'NONE', *, *, #1295, .T. ) ;
#1476 = CARTESIAN_POINT ( 'NONE',  ( 18.00000000000000355, -53.30499999999961602, -20.00000000000000355 ) ) ;
#1477 = CARTESIAN_POINT ( 'NONE',  ( 53.00057669121262194, -118.9538089693550944, 2.342681357995763047 ) ) ;
#1478 = ORIENTED_EDGE ( 'NONE', *, *, #2081, .F. ) ;
#1479 = CARTESIAN_POINT ( 'NONE',  ( 54.02338386092879574, -119.9766161390712540, 15.00000000000000000 ) ) ;
#1480 = ORIENTED_EDGE ( 'NONE', *, *, #84, .T. ) ;
#1481 = EDGE_CURVE ( 'NONE', #1798, #1557, #421, .T. ) ;
#1482 = CARTESIAN_POINT ( 'NONE',  ( 147.6950000000001353, -169.9999999999999716, 12.00000000000000000 ) ) ;
#1483 = PLANE ( 'NONE',  #1125 ) ;
#1484 = ORIENTED_EDGE ( 'NONE', *, *, #1070, .F. ) ;
#1485 = EDGE_CURVE ( 'NONE', #1258, #350, #12, .T. ) ;
#1486 = CARTESIAN_POINT ( 'NONE',  ( 41.69495673618257570, -111.6481890143250979, 0.000000000000000000 ) ) ;
#1487 = DIRECTION ( 'NONE',  ( 1.000000000000000000, 0.000000000000000000, 0.000000000000000000 ) ) ;
#1488 = ORIENTED_EDGE ( 'NONE', *, *, #523, .F. ) ;
#1489 = DIRECTION ( 'NONE',  ( 1.000000000000000000, 0.000000000000000000, 0.000000000000000000 ) ) ;
#1490 = ORIENTED_EDGE ( 'NONE', *, *, #745, .T. ) ;
#1491 = DIRECTION ( 'NONE',  ( 0.7071067811865474617, 0.7071067811865474617, -0.000000000000000000 ) ) ;
#1492 = DIRECTION ( 'NONE',  ( -0.7071067811865525687, 0.7071067811865425767, -0.000000000000000000 ) ) ;
#1493 = ORIENTED_EDGE ( 'NONE', *, *, #1731, .F. ) ;
#1494 = EDGE_CURVE ( 'NONE', #2242, #882, #1200, .T. ) ;
#1495 = ORIENTED_EDGE ( 'NONE', *, *, #605, .F. ) ;
#1496 = AXIS2_PLACEMENT_3D ( 'NONE', #1245, #511, #1792 ) ;
#1497 = VECTOR ( 'NONE', #1064, 1000.000000000000000 ) ;
#1498 = EDGE_CURVE ( 'NONE', #2200, #1018, #38, .T. ) ;
#1499 = DIRECTION ( 'NONE',  ( 1.000000000000000000, -0.000000000000000000, -0.000000000000000000 ) ) ;
#1500 = CARTESIAN_POINT ( 'NONE',  ( -1.600000000000000533, -25.30499999999960892, 0.000000000000000000 ) ) ;
#1501 = VECTOR ( 'NONE', #126, 1000.000000000000114 ) ;
#1502 = CARTESIAN_POINT ( 'NONE',  ( 116.6950000000001353, -169.9999999999999716, 12.00000000000000000 ) ) ;
#1503 = AXIS2_PLACEMENT_3D ( 'NONE', #1594, #1775, #112 ) ;
#1504 = VERTEX_POINT ( 'NONE', #1880 ) ;
#1505 = DIRECTION ( 'NONE',  ( -0.7071067811865480168, -0.7071067811865471286, 0.000000000000000000 ) ) ;
#1506 = EDGE_LOOP ( 'NONE', ( #474, #32, #35, #1911, #312, #582, #2265, #891, #971, #471, #1815, #1480, #1649, #687, #1148, #1849, #1733 ) ) ;
#1507 = VECTOR ( 'NONE', #1820, 1000.000000000000114 ) ;
#1508 = DIRECTION ( 'NONE',  ( 1.000000000000000000, 0.000000000000000000, 0.000000000000000000 ) ) ;
#1509 = FACE_OUTER_BOUND ( 'NONE', #15, .T. ) ;
#1510 = ORIENTED_EDGE ( 'NONE', *, *, #1530, .F. ) ;
#1511 = VECTOR ( 'NONE', #991, 999.9999999999998863 ) ;
#1512 = VECTOR ( 'NONE', #1363, 1000.000000000000000 ) ;
#1513 = VERTEX_POINT ( 'NONE', #182 ) ;
#1514 = CARTESIAN_POINT ( 'NONE',  ( 121.2950000000001438, -169.9999999999999716, -20.00000000000000355 ) ) ;
#1515 = CARTESIAN_POINT ( 'NONE',  ( 26.69500000000013529, -134.5865987967432034, 3.890493303901781013E-22 ) ) ;
#1516 = EDGE_CURVE ( 'NONE', #1595, #879, #1343, .T. ) ;
#1517 = DIRECTION ( 'NONE',  ( -0.000000000000000000, -0.000000000000000000, 1.000000000000000000 ) ) ;
#1518 = EDGE_LOOP ( 'NONE', ( #1459, #872, #11, #280 ) ) ;
#1519 = DIRECTION ( 'NONE',  ( 0.7071067811865470176, -0.7071067811865479058, 0.000000000000000000 ) ) ;
#1520 = VERTEX_POINT ( 'NONE', #369 ) ;
#1521 = LINE ( 'NONE', #188, #1781 ) ;
#1522 = DIRECTION ( 'NONE',  ( 0.000000000000000000, 0.8164321540053107729, 0.5774413718346205204 ) ) ;
#1523 = ORIENTED_EDGE ( 'NONE', *, *, #2114, .T. ) ;
#1524 = ORIENTED_EDGE ( 'NONE', *, *, #1788, .F. ) ;
#1525 = CYLINDRICAL_SURFACE ( 'NONE', #615, 1.600000000000004086 ) ;
#1526 = DIRECTION ( 'NONE',  ( 0.000000000000000000, 0.000000000000000000, 1.000000000000000000 ) ) ;
#1527 = CARTESIAN_POINT ( 'NONE',  ( 23.61983985332354052, -58.92483985332318497, 53.51360754885777737 ) ) ;
#1528 = ORIENTED_EDGE ( 'NONE', *, *, #1494, .F. ) ;
#1529 = FACE_OUTER_BOUND ( 'NONE', #317, .T. ) ;
#1530 = EDGE_CURVE ( 'NONE', #1922, #1106, #393, .T. ) ;
#1531 = ORIENTED_EDGE ( 'NONE', *, *, #910, .F. ) ;
#1532 = CARTESIAN_POINT ( 'NONE',  ( 97.60598195003710487, -132.9109819500368985, 1.185120509872745975 ) ) ;
#1533 = CARTESIAN_POINT ( 'NONE',  ( -34.97661613907122558, -34.97661613907118294, 0.000000000000000000 ) ) ;
#1534 = EDGE_CURVE ( 'NONE', #2358, #430, #77, .T. ) ;
#1535 = ORIENTED_EDGE ( 'NONE', *, *, #883, .F. ) ;
#1536 = DIRECTION ( 'NONE',  ( -0.000000000000000000, 1.000000000000000000, 0.000000000000000000 ) ) ;
#1537 = ORIENTED_EDGE ( 'NONE', *, *, #1564, .F. ) ;
#1538 = CARTESIAN_POINT ( 'NONE',  ( 116.6950000000001069, -151.9999999999999716, -20.00000000000000355 ) ) ;
#1539 = VECTOR ( 'NONE', #2301, 1000.000000000000000 ) ;
#1540 = PLANE ( 'NONE',  #2210 ) ;
#1541 = ORIENTED_EDGE ( 'NONE', *, *, #446, .F. ) ;
#1542 = CARTESIAN_POINT ( 'NONE',  ( 9.999999999999998224, -10.30499999999960892, 0.000000000000000000 ) ) ;
#1543 = DIRECTION ( 'NONE',  ( 1.000000000000000000, 0.000000000000000000, 0.000000000000000000 ) ) ;
#1544 = VECTOR ( 'NONE', #1796, 1000.000000000000000 ) ;
#1545 = EDGE_CURVE ( 'NONE', #1003, #1915, #1166, .T. ) ;
#1546 = AXIS2_PLACEMENT_3D ( 'NONE', #966, #917, #1508 ) ;
#1547 = FACE_OUTER_BOUND ( 'NONE', #1231, .T. ) ;
#1548 = ORIENTED_EDGE ( 'NONE', *, *, #1441, .T. ) ;
#1549 = VECTOR ( 'NONE', #2038, 1000.000000000000000 ) ;
#1550 = EDGE_CURVE ( 'NONE', #1086, #1723, #2234, .T. ) ;
#1551 = CARTESIAN_POINT ( 'NONE',  ( 0.000000000000000000, -25.30499999999960892, 0.000000000000000000 ) ) ;
#1552 = AXIS2_PLACEMENT_3D ( 'NONE', #771, #237, #980 ) ;
#1553 = ORIENTED_EDGE ( 'NONE', *, *, #1149, .F. ) ;
#1554 = VECTOR ( 'NONE', #620, 1000.000000000000000 ) ;
#1555 = LINE ( 'NONE', #1009, #1778 ) ;
#1556 = LINE ( 'NONE', #1931, #2211 ) ;
#1557 = VERTEX_POINT ( 'NONE', #1476 ) ;
#1558 = CARTESIAN_POINT ( 'NONE',  ( 82.39344154601936054, -149.5182466994157551, 15.00000000000000000 ) ) ;
#1559 =( BOUNDED_CURVE ( )  B_SPLINE_CURVE ( 3, ( #1688, #196, #1872, #791 ),
 .UNSPECIFIED., .F., .T. ) 
 B_SPLINE_CURVE_WITH_KNOTS ( ( 4, 4 ),
 ( 4.096797689814920318, 4.174110902766834386 ),
 .UNSPECIFIED. ) 
 CURVE ( )  GEOMETRIC_REPRESENTATION_ITEM ( )  RATIONAL_B_SPLINE_CURVE ( ( 1.000000000000000000, 0.9995019509508253908, 0.9995019509508253908, 1.000000000000000000 ) ) 
 REPRESENTATION_ITEM ( '' )  );
#1560 = CYLINDRICAL_SURFACE ( 'NONE', #1320, 1.599999999999998757 ) ;
#1561 = ORIENTED_EDGE ( 'NONE', *, *, #386, .F. ) ;
#1562 = DIRECTION ( 'NONE',  ( 0.000000000000000000, 0.000000000000000000, -1.000000000000000000 ) ) ;
#1563 = ORIENTED_EDGE ( 'NONE', *, *, #605, .T. ) ;
#1564 = EDGE_CURVE ( 'NONE', #2305, #1904, #1308, .T. ) ;
#1565 = EDGE_CURVE ( 'NONE', #177, #2244, #2050, .T. ) ;
#1566 = PLANE ( 'NONE',  #2048 ) ;
#1567 = LINE ( 'NONE', #2334, #2323 ) ;
#1568 = ORIENTED_EDGE ( 'NONE', *, *, #1608, .T. ) ;
#1569 = LINE ( 'NONE', #641, #724 ) ;
#1570 = CARTESIAN_POINT ( 'NONE',  ( 9.999999999999998224, -45.30499999999960892, 15.00000000000000000 ) ) ;
#1571 = ORIENTED_EDGE ( 'NONE', *, *, #1565, .T. ) ;
#1572 = DIRECTION ( 'NONE',  ( -0.000000000000000000, -0.000000000000000000, -1.000000000000000000 ) ) ;
#1573 = DIRECTION ( 'NONE',  ( 1.000000000000000000, 0.000000000000000000, 0.000000000000000000 ) ) ;
#1574 = EDGE_LOOP ( 'NONE', ( #2229, #1375, #283, #372 ) ) ;
#1575 = ADVANCED_FACE ( 'NONE', ( #957 ), #1686, .T. ) ;
#1576 = FACE_OUTER_BOUND ( 'NONE', #866, .T. ) ;
#1577 = ADVANCED_FACE ( 'NONE', ( #1127 ), #1525, .F. ) ;
#1578 = CARTESIAN_POINT ( 'NONE',  ( 79.56501442127320445, -149.5182466994157551, 0.000000000000000000 ) ) ;
#1579 = CARTESIAN_POINT ( 'NONE',  ( 72.89344154601938897, -119.9766161390712540, 15.00000000000000000 ) ) ;
#1580 = VERTEX_POINT ( 'NONE', #1662 ) ;
#1581 = DIRECTION ( 'NONE',  ( -0.000000000000000000, 1.000000000000000000, -0.000000000000000000 ) ) ;
#1582 = AXIS2_PLACEMENT_3D ( 'NONE', #1435, #1996, #958 ) ;
#1583 = VECTOR ( 'NONE', #931, 1000.000000000000000 ) ;
#1584 = CARTESIAN_POINT ( 'NONE',  ( 73.58608175547986718, -119.2839759296107616, 2.472807971039228114 ) ) ;
#1585 = EDGE_LOOP ( 'NONE', ( #1305, #1528 ) ) ;
#1586 = VECTOR ( 'NONE', #1371, 1000.000000000000000 ) ;
#1587 = CARTESIAN_POINT ( 'NONE',  ( 1.599999999999998757, -50.30499999999961602, 0.000000000000000000 ) ) ;
#1588 = CARTESIAN_POINT ( 'NONE',  ( 35.02338386092876021, -82.10655845398061103, 0.000000000000000000 ) ) ;
#1589 = ORIENTED_EDGE ( 'NONE', *, *, #390, .F. ) ;
#1590 = AXIS2_PLACEMENT_3D ( 'NONE', #1425, #1625, #1954 ) ;
#1591 = VECTOR ( 'NONE', #1094, 999.9999999999998863 ) ;
#1592 = CARTESIAN_POINT ( 'NONE',  ( 119.6950000000001353, -169.9999999999999716, 15.00000000000000000 ) ) ;
#1593 = CARTESIAN_POINT ( 'NONE',  ( 112.7634992311099893, -155.8466738241618827, 15.00000000000000000 ) ) ;
#1594 = CARTESIAN_POINT ( 'NONE',  ( 144.6950000000001353, -169.9999999999999716, 15.00000000000000000 ) ) ;
#1595 = VERTEX_POINT ( 'NONE', #2 ) ;
#1596 = CARTESIAN_POINT ( 'NONE',  ( -10.00000000000000178, -67.73140687119452252, 15.00000000000000000 ) ) ;
#1597 = EDGE_CURVE ( 'NONE', #200, #1677, #740, .T. ) ;
#1598 = CARTESIAN_POINT ( 'NONE',  ( 74.25422416724248365, -118.6158335178481593, 2.144391347678106907 ) ) ;
#1599 = ORIENTED_EDGE ( 'NONE', *, *, #1400, .T. ) ;
#1600 = CARTESIAN_POINT ( 'NONE',  ( 44.52338386092873179, -87.60655845398061103, -20.00000000000000355 ) ) ;
#1601 = DIRECTION ( 'NONE',  ( -0.000000000000000000, -0.000000000000000000, 1.000000000000000000 ) ) ;
#1602 = ORIENTED_EDGE ( 'NONE', *, *, #1545, .T. ) ;
#1603 = DIRECTION ( 'NONE',  ( 0.000000000000000000, 0.000000000000000000, 1.000000000000000000 ) ) ;
#1604 = DIRECTION ( 'NONE',  ( 1.000000000000000000, 0.000000000000000000, 0.000000000000000000 ) ) ;
#1605 = PLANE ( 'NONE',  #930 ) ;
#1606 = ORIENTED_EDGE ( 'NONE', *, *, #1324, .F. ) ;
#1607 = CARTESIAN_POINT ( 'NONE',  ( 91.89344154601941739, -157.8466738241618827, 0.000000000000000000 ) ) ;
#1608 = EDGE_CURVE ( 'NONE', #955, #882, #552, .T. ) ;
#1609 = FACE_OUTER_BOUND ( 'NONE', #2111, .T. ) ;
#1610 = ORIENTED_EDGE ( 'NONE', *, *, #1282, .T. ) ;
#1611 = EDGE_CURVE ( 'NONE', #716, #1643, #577, .T. ) ;
#1612 = CARTESIAN_POINT ( 'NONE',  ( 124.6950000000001069, -159.9999999999999716, 0.000000000000000000 ) ) ;
#1613 = FACE_OUTER_BOUND ( 'NONE', #2375, .T. ) ;
#1614 = ORIENTED_EDGE ( 'NONE', *, *, #1256, .F. ) ;
#1615 = FACE_OUTER_BOUND ( 'NONE', #2232, .T. ) ;
#1616 = LINE ( 'NONE', #2319, #453 ) ;
#1617 = LINE ( 'NONE', #2371, #652 ) ;
#1618 = ORIENTED_EDGE ( 'NONE', *, *, #1296, .T. ) ;
#1619 = CARTESIAN_POINT ( 'NONE',  ( 0.000000000000000000, -53.30499999999961602, 0.000000000000000000 ) ) ;
#1620 = CARTESIAN_POINT ( 'NONE',  ( 92.69972733470778792, -128.0047273347075816, 4.655187657212541907 ) ) ;
#1621 = ORIENTED_EDGE ( 'NONE', *, *, #1165, .T. ) ;
#1622 = PRODUCT_DEFINITION ( 'æœ', '', #83, #2218 ) ;
#1623 = CLOSED_SHELL ( 'NONE', ( #726, #257, #2125, #672, #97, #1653, #1726, #1984, #1770, #1817, #1207, #1577, #2379, #2317, #1338, #110, #850, #1379, #1697, #1397, #1136, #1575, #1858, #901, #1891, #402, #489, #923, #1793, #636, #970, #2369, #704, #199, #929, #1238, #1412, #37, #464, #790, #172, #1836, #284, #1918, #1844, #2193, #2007, #1328, #684, #1875, #624, #732, #442, #1430, #491, #551, #1101, #181, #270, #419, #658, #1864, #240, #475, #703, #941, #1369, #2036, #1355, #2028, #651, #2189 ) ) ;
#1624 = CARTESIAN_POINT ( 'NONE',  ( 55.17957507884339918, -132.9109819500368985, 1.185120509872745975 ) ) ;
#1625 = DIRECTION ( 'NONE',  ( -1.000000000000000000, 0.000000000000000000, 0.000000000000000000 ) ) ;
#1626 = ORIENTED_EDGE ( 'NONE', *, *, #1002, .T. ) ;
#1627 = EDGE_CURVE ( 'NONE', #478, #1749, #194, .T. ) ;
#1628 = CIRCLE ( 'NONE', #2016, 13.70000000000000107 ) ;
#1629 = VECTOR ( 'NONE', #139, 1000.000000000000000 ) ;
#1630 = DIRECTION ( 'NONE',  ( 0.000000000000000000, 0.000000000000000000, -1.000000000000000000 ) ) ;
#1631 = AXIS2_PLACEMENT_3D ( 'NONE', #584, #1365, #1693 ) ;
#1632 = ORIENTED_EDGE ( 'NONE', *, *, #2390, .T. ) ;
#1633 = FACE_OUTER_BOUND ( 'NONE', #526, .T. ) ;
#1634 = FACE_OUTER_BOUND ( 'NONE', #2293, .T. ) ;
#1635 = ORIENTED_EDGE ( 'NONE', *, *, #2148, .F. ) ;
#1636 = CARTESIAN_POINT ( 'NONE',  ( 16.15332617583815988, -82.10655845398061103, 15.00000000000000000 ) ) ;
#1637 = LINE ( 'NONE', #1866, #969 ) ;
#1638 = ORIENTED_EDGE ( 'NONE', *, *, #868, .F. ) ;
#1639 =( BOUNDED_CURVE ( )  B_SPLINE_CURVE ( 3, ( #1088, #884, #503, #1624 ),
 .UNSPECIFIED., .F., .T. ) 
 B_SPLINE_CURVE_WITH_KNOTS ( ( 4, 4 ),
 ( 4.096797689814920318, 5.327980270954459918 ),
 .UNSPECIFIED. ) 
 CURVE ( )  GEOMETRIC_REPRESENTATION_ITEM ( )  RATIONAL_B_SPLINE_CURVE ( ( 1.000000000000000000, 0.8776214360035405893, 0.8776214360035405893, 1.000000000000000000 ) ) 
 REPRESENTATION_ITEM ( '' )  );
#1640 = EDGE_CURVE ( 'NONE', #346, #742, #734, .T. ) ;
#1641 = EDGE_CURVE ( 'NONE', #1366, #1372, #874, .T. ) ;
#1642 = PLANE ( 'NONE',  #265 ) ;
#1643 = VERTEX_POINT ( 'NONE', #286 ) ;
#1644 = CARTESIAN_POINT ( 'NONE',  ( 121.2950000000001438, -169.9999999999999716, 0.000000000000000000 ) ) ;
#1645 = CARTESIAN_POINT ( 'NONE',  ( 44.52338386092873179, -91.60655845398062525, 15.00000000000000000 ) ) ;
#1646 = ORIENTED_EDGE ( 'NONE', *, *, #314, .T. ) ;
#1647 = DIRECTION ( 'NONE',  ( 0.000000000000000000, -1.000000000000000000, 0.000000000000000000 ) ) ;
#1648 = DIRECTION ( 'NONE',  ( 0.000000000000000000, 0.000000000000000000, 1.000000000000000000 ) ) ;
#1649 = ORIENTED_EDGE ( 'NONE', *, *, #825, .F. ) ;
#1650 = EDGE_CURVE ( 'NONE', #1366, #2057, #2187, .T. ) ;
#1651 = DIRECTION ( 'NONE',  ( -0.000000000000000000, 1.000000000000000000, -0.000000000000000000 ) ) ;
#1652 = CARTESIAN_POINT ( 'NONE',  ( -2.999999999999999112, -25.30499999999960892, 15.00000000000000000 ) ) ;
#1653 = ADVANCED_FACE ( 'NONE', ( #323 ), #1403, .F. ) ;
#1654 = ORIENTED_EDGE ( 'NONE', *, *, #2024, .F. ) ;
#1655 = ORIENTED_EDGE ( 'NONE', *, *, #1400, .F. ) ;
#1656 = CARTESIAN_POINT ( 'NONE',  ( -3.000000000000000000, -50.30499999999961602, 12.00000000000000000 ) ) ;
#1657 = PLANE ( 'NONE',  #2017 ) ;
#1658 = ORIENTED_EDGE ( 'NONE', *, *, #1982, .F. ) ;
#1659 = AXIS2_PLACEMENT_3D ( 'NONE', #2152, #1056, #1239 ) ;
#1660 = AXIS2_PLACEMENT_3D ( 'NONE', #2397, #1876, #364 ) ;
#1661 =( NAMED_UNIT ( * ) SI_UNIT ( $, .STERADIAN. ) SOLID_ANGLE_UNIT ( ) );
#1662 = CARTESIAN_POINT ( 'NONE',  ( 39.35768149057454224, -117.0890883617682903, 1.185120509872752859 ) ) ;
#1663 = CARTESIAN_POINT ( 'NONE',  ( 44.52338386092873179, -91.60655845398062525, 0.000000000000000000 ) ) ;
#1664 = VECTOR ( 'NONE', #777, 1000.000000000000000 ) ;
#1665 = AXIS2_PLACEMENT_3D ( 'NONE', #2208, #1842, #179 ) ;
#1666 = ORIENTED_EDGE ( 'NONE', *, *, #2350, .T. ) ;
#1667 = DIRECTION ( 'NONE',  ( 0.000000000000000000, 0.000000000000000000, -1.000000000000000000 ) ) ;
#1668 = EDGE_CURVE ( 'NONE', #2327, #516, #134, .T. ) ;
#1669 = ORIENTED_EDGE ( 'NONE', *, *, #2266, .F. ) ;
#1670 = AXIS2_PLACEMENT_3D ( 'NONE', #435, #1505, #1519 ) ;
#1671 = CARTESIAN_POINT ( 'NONE',  ( 76.89344154601936054, -119.9766161390712540, -20.00000000000000355 ) ) ;
#1672 = LINE ( 'NONE', #1284, #458 ) ;
#1673 = ORIENTED_EDGE ( 'NONE', *, *, #1178, .F. ) ;
#1674 = DIRECTION ( 'NONE',  ( 1.000000000000000000, 0.000000000000000000, 0.000000000000000000 ) ) ;
#1675 = CARTESIAN_POINT ( 'NONE',  ( 102.2685931288072680, -180.0000000000000000, 15.00000000000000000 ) ) ;
#1676 = CARTESIAN_POINT ( 'NONE',  ( 0.000000000000000000, -25.30499999999960892, -20.00000000000000355 ) ) ;
#1677 = VERTEX_POINT ( 'NONE', #2161 ) ;
#1678 = DIRECTION ( 'NONE',  ( 0.000000000000000000, 0.000000000000000000, 1.000000000000000000 ) ) ;
#1679 = ORIENTED_EDGE ( 'NONE', *, *, #1073, .F. ) ;
#1680 = EDGE_CURVE ( 'NONE', #1276, #1696, #487, .T. ) ;
#1681 = DIRECTION ( 'NONE',  ( 0.7071067811865531239, 0.7071067811865420216, -0.000000000000000000 ) ) ;
#1682 = DIRECTION ( 'NONE',  ( -0.7071067811865477948, 0.7071067811865473507, 0.000000000000000000 ) ) ;
#1683 = ORIENTED_EDGE ( 'NONE', *, *, #776, .T. ) ;
#1684 = EDGE_CURVE ( 'NONE', #1904, #197, #1391, .T. ) ;
#1685 = ORIENTED_EDGE ( 'NONE', *, *, #1516, .F. ) ;
#1686 = PLANE ( 'NONE',  #2401 ) ;
#1687 = LINE ( 'NONE', #1675, #920 ) ;
#1688 = CARTESIAN_POINT ( 'NONE',  ( 74.00591376871639682, -117.0890883617682903, 1.185120509872752859 ) ) ;
#1689 = ORIENTED_EDGE ( 'NONE', *, *, #348, .F. ) ;
#1690 = DIRECTION ( 'NONE',  ( 1.000000000000000000, 0.000000000000000000, 0.000000000000000000 ) ) ;
#1691 = EDGE_LOOP ( 'NONE', ( #1475, #758, #1478, #609 ) ) ;
#1692 = DIRECTION ( 'NONE',  ( 1.000000000000000000, -7.359808400080149320E-15, -0.000000000000000000 ) ) ;
#1693 = DIRECTION ( 'NONE',  ( 0.000000000000000000, 0.000000000000000000, 1.000000000000000000 ) ) ;
#1694 = VERTEX_POINT ( 'NONE', #885 ) ;
#1695 = EDGE_CURVE ( 'NONE', #287, #1144, #674, .T. ) ;
#1696 = VERTEX_POINT ( 'NONE', #295 ) ;
#1697 = ADVANCED_FACE ( 'NONE', ( #1613 ), #2354, .F. ) ;
#1698 = CIRCLE ( 'NONE', #149, 1.600000000000004086 ) ;
#1699 = CIRCLE ( 'NONE', #1892, 3.000000000000002665 ) ;
#1700 = CARTESIAN_POINT ( 'NONE',  ( -34.97661613907125400, -34.97661613907125400, 0.000000000000000000 ) ) ;
#1701 = CARTESIAN_POINT ( 'NONE',  ( -1.599999999999998757, -50.30499999999961602, 0.000000000000000000 ) ) ;
#1702 = VECTOR ( 'NONE', #207, 1000.000000000000000 ) ;
#1703 = DIRECTION ( 'NONE',  ( 1.000000000000000000, 0.000000000000000000, 0.000000000000000000 ) ) ;
#1704 = VECTOR ( 'NONE', #1260, 1000.000000000000114 ) ;
#1705 = ORIENTED_EDGE ( 'NONE', *, *, #508, .T. ) ;
#1706 = CARTESIAN_POINT ( 'NONE',  ( 50.02338386092873890, 0.000000000000000000, 0.000000000000000000 ) ) ;
#1707 = ORIENTED_EDGE ( 'NONE', *, *, #986, .T. ) ;
#1708 = AXIS2_PLACEMENT_3D ( 'NONE', #820, #622, #967 ) ;
#1709 = DIRECTION ( 'NONE',  ( 0.7071067811865475727, 0.7071067811865475727, 0.000000000000000000 ) ) ;
#1710 = LINE ( 'NONE', #1914, #1941 ) ;
#1711 = VERTEX_POINT ( 'NONE', #2175 ) ;
#1712 = EDGE_LOOP ( 'NONE', ( #1228, #565, #2237, #2046 ) ) ;
#1713 = EDGE_CURVE ( 'NONE', #89, #2043, #1027, .T. ) ;
#1714 = CARTESIAN_POINT ( 'NONE',  ( -1.467234197364828347E-12, -149.5182466994149593, 0.000000000000000000 ) ) ;
#1715 = DIRECTION ( 'NONE',  ( -8.068481283613054562E-17, 1.000000000000000000, 0.000000000000000000 ) ) ;
#1716 = EDGE_CURVE ( 'NONE', #1052, #249, #1249, .T. ) ;
#1717 = CARTESIAN_POINT ( 'NONE',  ( 0.000000000000000000, -25.30499999999960892, 15.00000000000000000 ) ) ;
#1718 = ORIENTED_EDGE ( 'NONE', *, *, #2203, .T. ) ;
#1719 = LINE ( 'NONE', #1706, #1554 ) ;
#1720 = ORIENTED_EDGE ( 'NONE', *, *, #358, .F. ) ;
#1721 = DIRECTION ( 'NONE',  ( 0.000000000000000000, -1.000000000000000000, 0.000000000000000000 ) ) ;
#1722 = CARTESIAN_POINT ( 'NONE',  ( 26.69500000000013529, -119.9766161390712540, 2.745793870188587782 ) ) ;
#1723 = VERTEX_POINT ( 'NONE', #2366 ) ;
#1724 = ORIENTED_EDGE ( 'NONE', *, *, #1115, .F. ) ;
#1725 = CARTESIAN_POINT ( 'NONE',  ( 80.10847151506223440, -115.4134715150620139, -1.250553921878853730E-22 ) ) ;
#1726 = ADVANCED_FACE ( 'NONE', ( #2137 ), #122, .F. ) ;
#1727 = CARTESIAN_POINT ( 'NONE',  ( 12.15332617583809949, -78.10655845398061103, 0.000000000000000000 ) ) ;
#1728 = ORIENTED_EDGE ( 'NONE', *, *, #998, .T. ) ;
#1729 = DIRECTION ( 'NONE',  ( -0.7071067811865477948, 0.7071067811865473507, -0.000000000000000000 ) ) ;
#1730 = CARTESIAN_POINT ( 'NONE',  ( 159.6950000000001069, -180.0000000000000000, 15.00000000000000000 ) ) ;
#1731 = EDGE_CURVE ( 'NONE', #1426, #451, #1065, .T. ) ;
#1732 = LINE ( 'NONE', #1722, #1392 ) ;
#1733 = ORIENTED_EDGE ( 'NONE', *, *, #184, .F. ) ;
#1734 = CARTESIAN_POINT ( 'NONE',  ( 78.39344154601936054, -125.4766161390712398, 15.00000000000000000 ) ) ;
#1735 = VERTEX_POINT ( 'NONE', #1808 ) ;
#1736 = DIRECTION ( 'NONE',  ( 0.000000000000000000, 0.000000000000000000, 1.000000000000000000 ) ) ;
#1737 = VECTOR ( 'NONE', #1948, 1000.000000000000114 ) ;
#1738 = FACE_OUTER_BOUND ( 'NONE', #513, .T. ) ;
#1739 = ORIENTED_EDGE ( 'NONE', *, *, #1695, .T. ) ;
#1740 = CARTESIAN_POINT ( 'NONE',  ( 26.69500000000013529, -134.5865987967432034, 3.890493303901781013E-22 ) ) ;
#1741 = AXIS2_PLACEMENT_3D ( 'NONE', #799, #1536, #2102 ) ;
#1742 = PRESENTATION_LAYER_ASSIGNMENT (  '', '', ( #1854 ) ) ;
#1743 = EDGE_CURVE ( 'NONE', #1470, #2309, #147, .T. ) ;
#1744 = DIRECTION ( 'NONE',  ( 0.000000000000000000, 0.000000000000000000, 1.000000000000000000 ) ) ;
#1745 = ORIENTED_EDGE ( 'NONE', *, *, #1145, .T. ) ;
#1746 = VECTOR ( 'NONE', #1139, 999.9999999999998863 ) ;
#1747 = DIRECTION ( 'NONE',  ( -0.6324255876883145833, 0.6324255876883159155, -0.4472982808755005535 ) ) ;
#1748 = CIRCLE ( 'NONE', #896, 1.599999999999998757 ) ;
#1749 = VERTEX_POINT ( 'NONE', #1211 ) ;
#1750 = DIRECTION ( 'NONE',  ( 0.000000000000000000, 0.000000000000000000, -1.000000000000000000 ) ) ;
#1751 = PLANE ( 'NONE',  #1857 ) ;
#1752 = ORIENTED_EDGE ( 'NONE', *, *, #446, .T. ) ;
#1753 = CARTESIAN_POINT ( 'NONE',  ( -10.00000000000000178, -10.30499999999960892, 0.000000000000000000 ) ) ;
#1754 = DIRECTION ( 'NONE',  ( -0.000000000000000000, 0.000000000000000000, 1.000000000000000000 ) ) ;
#1755 = VERTEX_POINT ( 'NONE', #1439 ) ;
#1756 = EDGE_CURVE ( 'NONE', #290, #430, #241, .T. ) ;
#1757 = CYLINDRICAL_SURFACE ( 'NONE', #768, 13.70000000000000107 ) ;
#1758 = CARTESIAN_POINT ( 'NONE',  ( -1.599999999999998757, -50.30499999999961602, -20.00000000000000355 ) ) ;
#1759 = ORIENTED_EDGE ( 'NONE', *, *, #611, .F. ) ;
#1760 = EDGE_CURVE ( 'NONE', #216, #948, #1824, .T. ) ;
#1761 = LINE ( 'NONE', #98, #1853 ) ;
#1762 = DIRECTION ( 'NONE',  ( 0.000000000000000000, 0.000000000000000000, 1.000000000000000000 ) ) ;
#1763 = FACE_OUTER_BOUND ( 'NONE', #723, .T. ) ;
#1764 = EDGE_LOOP ( 'NONE', ( #2009, #1602, #926, #2270 ) ) ;
#1765 = FACE_OUTER_BOUND ( 'NONE', #2280, .T. ) ;
#1766 = CARTESIAN_POINT ( 'NONE',  ( 21.65332617583808172, -87.60655845398061103, 15.00000000000000000 ) ) ;
#1767 = ORIENTED_EDGE ( 'NONE', *, *, #1627, .F. ) ;
#1768 = FACE_OUTER_BOUND ( 'NONE', #1884, .T. ) ;
#1769 = CARTESIAN_POINT ( 'NONE',  ( -10.00000000000000178, -67.73140687119452252, 0.000000000000000000 ) ) ;
#1770 = ADVANCED_FACE ( 'NONE', ( #2314, #1458, #558, #722, #747 ), #539, .F. ) ;
#1771 = VERTEX_POINT ( 'NONE', #2398 ) ;
#1772 = EDGE_CURVE ( 'NONE', #1076, #550, #19, .T. ) ;
#1773 = DIRECTION ( 'NONE',  ( 1.000000000000000000, 0.000000000000000000, 0.000000000000000000 ) ) ;
#1774 = LINE ( 'NONE', #236, #1501 ) ;
#1775 = DIRECTION ( 'NONE',  ( 0.000000000000000000, 0.000000000000000000, 1.000000000000000000 ) ) ;
#1776 = ORIENTED_EDGE ( 'NONE', *, *, #2277, .F. ) ;
#1777 = CARTESIAN_POINT ( 'NONE',  ( 14.98175330058431420, -58.06492789363618812, 0.000000000000000000 ) ) ;
#1778 = VECTOR ( 'NONE', #1919, 1000.000000000000000 ) ;
#1779 = CARTESIAN_POINT ( 'NONE',  ( 0.000000000000000000, -25.30499999999960892, 12.00000000000000000 ) ) ;
#1780 = ORIENTED_EDGE ( 'NONE', *, *, #2251, .F. ) ;
#1781 = VECTOR ( 'NONE', #222, 1000.000000000000000 ) ;
#1782 = CARTESIAN_POINT ( 'NONE',  ( -2.999999999999999112, -25.30499999999960892, 12.00000000000000000 ) ) ;
#1783 = CARTESIAN_POINT ( 'NONE',  ( 119.6950000000001353, -169.9999999999999716, -20.00000000000000355 ) ) ;
#1784 = ORIENTED_EDGE ( 'NONE', *, *, #508, .F. ) ;
#1785 = VECTOR ( 'NONE', #1499, 1000.000000000000000 ) ;
#1786 = CIRCLE ( 'NONE', #1708, 3.000000000000002665 ) ;
#1787 = CARTESIAN_POINT ( 'NONE',  ( 17.65332617583810659, -87.60655845398061103, 15.00000000000000000 ) ) ;
#1788 = EDGE_CURVE ( 'NONE', #1915, #839, #757, .T. ) ;
#1789 = CARTESIAN_POINT ( 'NONE',  ( 110.7634992311099467, -157.8466738241618827, 0.000000000000000000 ) ) ;
#1790 = DIRECTION ( 'NONE',  ( 0.000000000000000000, 0.000000000000000000, 1.000000000000000000 ) ) ;
#1791 = ORIENTED_EDGE ( 'NONE', *, *, #34, .T. ) ;
#1792 = DIRECTION ( 'NONE',  ( -0.7071067811865474617, 0.7071067811865474617, 0.000000000000000000 ) ) ;
#1793 = ADVANCED_FACE ( 'NONE', ( #157 ), #1657, .F. ) ;
#1794 = DIRECTION ( 'NONE',  ( 1.000000000000000000, 0.000000000000000000, 0.000000000000000000 ) ) ;
#1795 = ORIENTED_EDGE ( 'NONE', *, *, #1949, .F. ) ;
#1796 = DIRECTION ( 'NONE',  ( -1.000000000000000000, -0.000000000000000000, -0.000000000000000000 ) ) ;
#1797 = DIRECTION ( 'NONE',  ( -0.000000000000000000, 0.000000000000000000, 1.000000000000000000 ) ) ;
#1798 = VERTEX_POINT ( 'NONE', #2014 ) ;
#1799 = LINE ( 'NONE', #2344, #810 ) ;
#1800 = LINE ( 'NONE', #653, #418 ) ;
#1801 = LINE ( 'NONE', #2346, #1629 ) ;
#1802 = ORIENTED_EDGE ( 'NONE', *, *, #243, .F. ) ;
#1803 = DIRECTION ( 'NONE',  ( 1.000000000000000000, 0.000000000000000000, 0.000000000000000000 ) ) ;
#1804 = CARTESIAN_POINT ( 'NONE',  ( 119.6950000000001353, -169.9999999999999716, 12.00000000000000000 ) ) ;
#1805 = EDGE_CURVE ( 'NONE', #175, #1076, #1672, .T. ) ;
#1806 = ORIENTED_EDGE ( 'NONE', *, *, #806, .T. ) ;
#1807 = LINE ( 'NONE', #2013, #964 ) ;
#1808 = CARTESIAN_POINT ( 'NONE',  ( 159.6950000000001069, -180.0000000000000000, 0.000000000000000000 ) ) ;
#1809 = ORIENTED_EDGE ( 'NONE', *, *, #1110, .F. ) ;
#1810 =( BOUNDED_CURVE ( )  B_SPLINE_CURVE ( 3, ( #387, #975, #2077, #802 ),
 .UNSPECIFIED., .F., .F. ) 
 B_SPLINE_CURVE_WITH_KNOTS ( ( 4, 4 ),
 ( 4.530617313802063784, 4.677595027360551327 ),
 .UNSPECIFIED. ) 
 CURVE ( )  GEOMETRIC_REPRESENTATION_ITEM ( )  RATIONAL_B_SPLINE_CURVE ( ( 1.000000000000000000, 0.9982006060142226689, 0.9982006060142226689, 1.000000000000000000 ) ) 
 REPRESENTATION_ITEM ( '' )  );
#1811 = CARTESIAN_POINT ( 'NONE',  ( 78.39344154601936054, -125.4766161390712398, -20.00000000000000355 ) ) ;
#1812 = ORIENTED_EDGE ( 'NONE', *, *, #2159, .T. ) ;
#1813 = CARTESIAN_POINT ( 'NONE',  ( 91.89344154601941739, -157.8466738241618827, -20.00000000000000355 ) ) ;
#1814 = LINE ( 'NONE', #153, #1243 ) ;
#1815 = ORIENTED_EDGE ( 'NONE', *, *, #2336, .T. ) ;
#1816 = VECTOR ( 'NONE', #2235, 1000.000000000000000 ) ;
#1817 = ADVANCED_FACE ( 'NONE', ( #898 ), #908, .F. ) ;
#1818 = VECTOR ( 'NONE', #1940, 1000.000000000000000 ) ;
#1819 = DIRECTION ( 'NONE',  ( -0.7071067811865467956, 0.7071067811865483499, -0.000000000000000000 ) ) ;
#1820 = DIRECTION ( 'NONE',  ( -0.7071067811865474617, 0.7071067811865474617, 0.000000000000000000 ) ) ;
#1821 = ORIENTED_EDGE ( 'NONE', *, *, #1530, .T. ) ;
#1822 = COLOUR_RGB ( '',0.6431372549019607199, 0.6156862745098039547, 0.5999999999999999778 ) ;
#1823 = EDGE_CURVE ( 'NONE', #2172, #465, #1637, .T. ) ;
#1824 = CIRCLE ( 'NONE', #1431, 3.000000000000000000 ) ;
#1825 = VECTOR ( 'NONE', #1978, 1000.000000000000000 ) ;
#1826 = DIRECTION ( 'NONE',  ( -0.000000000000000000, 1.000000000000000000, -0.000000000000000000 ) ) ;
#1827 = AXIS2_PLACEMENT_3D ( 'NONE', #202, #549, #2377 ) ;
#1828 = ORIENTED_EDGE ( 'NONE', *, *, #1756, .F. ) ;
#1829 = DIRECTION ( 'NONE',  ( 0.000000000000000000, 0.000000000000000000, -1.000000000000000000 ) ) ;
#1830 = CARTESIAN_POINT ( 'NONE',  ( -10.00000000000000178, -10.30499999999960892, 15.00000000000000000 ) ) ;
#1831 = VERTEX_POINT ( 'NONE', #2002 ) ;
#1832 = FACE_OUTER_BOUND ( 'NONE', #417, .T. ) ;
#1833 = DIRECTION ( 'NONE',  ( 0.7071067811865473507, 0.7071067811865477948, 0.000000000000000000 ) ) ;
#1834 = VERTEX_POINT ( 'NONE', #1097 ) ;
#1835 = EDGE_CURVE ( 'NONE', #394, #1175, #1087, .T. ) ;
#1836 = ADVANCED_FACE ( 'NONE', ( #1304 ), #1851, .F. ) ;
#1837 = FACE_OUTER_BOUND ( 'NONE', #1164, .T. ) ;
#1838 = FACE_OUTER_BOUND ( 'NONE', #2074, .T. ) ;
#1839 = CARTESIAN_POINT ( 'NONE',  ( 52.85181098567488789, -95.93498557872678134, 0.000000000000000000 ) ) ;
#1840 = ORIENTED_EDGE ( 'NONE', *, *, #507, .F. ) ;
#1841 = DIRECTION ( 'NONE',  ( -0.000000000000000000, 0.000000000000000000, 1.000000000000000000 ) ) ;
#1842 = DIRECTION ( 'NONE',  ( 0.000000000000000000, 0.000000000000000000, 1.000000000000000000 ) ) ;
#1843 = ORIENTED_EDGE ( 'NONE', *, *, #1384, .F. ) ;
#1844 = ADVANCED_FACE ( 'NONE', ( #918 ), #737, .F. ) ;
#1845 = DIRECTION ( 'NONE',  ( 0.000000000000000000, -0.8164321540053107729, -0.5774413718346205204 ) ) ;
#1846 = CARTESIAN_POINT ( 'NONE',  ( 9.999999999999998224, -53.30499999999961602, -20.00000000000000355 ) ) ;
#1847 = ORIENTED_EDGE ( 'NONE', *, *, #65, .F. ) ;
#1848 = LINE ( 'NONE', #1445, #1981 ) ;
#1849 = ORIENTED_EDGE ( 'NONE', *, *, #1427, .F. ) ;
#1850 = FACE_OUTER_BOUND ( 'NONE', #712, .T. ) ;
#1851 = PLANE ( 'NONE',  #1827 ) ;
#1852 = EDGE_LOOP ( 'NONE', ( #2128, #2258 ) ) ;
#1853 = VECTOR ( 'NONE', #2272, 1000.000000000000000 ) ;
#1854 = STYLED_ITEM ( 'NONE', ( #2356 ), #1099 ) ;
#1855 = CARTESIAN_POINT ( 'NONE',  ( 26.69500000000013529, -134.5865987967432034, 3.890493303901781013E-22 ) ) ;
#1856 = PLANE ( 'NONE',  #30 ) ;
#1857 = AXIS2_PLACEMENT_3D ( 'NONE', #817, #88, #2127 ) ;
#1858 = ADVANCED_FACE ( 'NONE', ( #332 ), #1483, .T. ) ;
#1859 = VECTOR ( 'NONE', #1071, 999.9999999999998863 ) ;
#1860 = CARTESIAN_POINT ( 'NONE',  ( 44.52338386092873179, -111.6481890143251121, 15.00000000000000000 ) ) ;
#1861 = VERTEX_POINT ( 'NONE', #2231 ) ;
#1862 = CARTESIAN_POINT ( 'NONE',  ( 159.6950000000001069, -151.9999999999999716, -20.00000000000000355 ) ) ;
#1863 = ORIENTED_EDGE ( 'NONE', *, *, #343, .F. ) ;
#1864 = ADVANCED_FACE ( 'NONE', ( #345 ), #189, .T. ) ;
#1865 = CARTESIAN_POINT ( 'NONE',  ( -5.478061862409204255E-13, -111.6481890143248847, 0.000000000000000000 ) ) ;
#1866 = CARTESIAN_POINT ( 'NONE',  ( 16.15332617583815988, -82.10655845398061103, 15.00000000000000000 ) ) ;
#1867 = ORIENTED_EDGE ( 'NONE', *, *, #1716, .F. ) ;
#1868 = ORIENTED_EDGE ( 'NONE', *, *, #2350, .F. ) ;
#1869 =( BOUNDED_CURVE ( )  B_SPLINE_CURVE ( 3, ( #2326, #1598, #1584, #670 ),
 .UNSPECIFIED., .F., .F. ) 
 B_SPLINE_CURVE_WITH_KNOTS ( ( 4, 4 ),
 ( 1.032518249177042824, 1.195365996330710390 ),
 .UNSPECIFIED. ) 
 CURVE ( )  GEOMETRIC_REPRESENTATION_ITEM ( )  RATIONAL_B_SPLINE_CURVE ( ( 1.000000000000000000, 0.9977912716361668766, 0.9977912716361668766, 1.000000000000000000 ) ) 
 REPRESENTATION_ITEM ( '' )  );
#1870 = CARTESIAN_POINT ( 'NONE',  ( 146.2950000000001296, -169.9999999999999716, -20.00000000000000355 ) ) ;
#1871 = LINE ( 'NONE', #1113, #2283 ) ;
#1872 = CARTESIAN_POINT ( 'NONE',  ( 74.59022812745961062, -117.6734027205114756, 1.581674025496660585 ) ) ;
#1873 = ORIENTED_EDGE ( 'NONE', *, *, #998, .F. ) ;
#1874 = ORIENTED_EDGE ( 'NONE', *, *, #1306, .T. ) ;
#1875 = ADVANCED_FACE ( 'NONE', ( #525, #2045 ), #1089, .T. ) ;
#1876 = DIRECTION ( 'NONE',  ( -1.000000000000000000, 0.000000000000000000, -0.000000000000000000 ) ) ;
#1877 = LINE ( 'NONE', #31, #40 ) ;
#1878 = EDGE_LOOP ( 'NONE', ( #1995, #1795, #834, #1037 ) ) ;
#1879 = ORIENTED_EDGE ( 'NONE', *, *, #2306, .T. ) ;
#1880 = CARTESIAN_POINT ( 'NONE',  ( 12.15332617583809949, -58.06492789363616680, 0.000000000000000000 ) ) ;
#1881 = LINE ( 'NONE', #2051, #2360 ) ;
#1882 = FACE_OUTER_BOUND ( 'NONE', #1712, .T. ) ;
#1883 = EDGE_LOOP ( 'NONE', ( #180, #5 ) ) ;
#1884 = EDGE_LOOP ( 'NONE', ( #366, #812, #950, #363 ) ) ;
#1885 = CARTESIAN_POINT ( 'NONE',  ( 82.39344154601936054, -137.9430694971710807, -2.373945019521098931 ) ) ;
#1886 = CARTESIAN_POINT ( 'NONE',  ( 18.00000000000000000, -10.30499999999960892, 15.00000000000000000 ) ) ;
#1887 = ORIENTED_EDGE ( 'NONE', *, *, #1016, .T. ) ;
#1888 = EDGE_CURVE ( 'NONE', #842, #2327, #1786, .T. ) ;
#1889 = ORIENTED_EDGE ( 'NONE', *, *, #390, .T. ) ;
#1890 = VECTOR ( 'NONE', #1182, 1000.000000000000000 ) ;
#1891 = ADVANCED_FACE ( 'NONE', ( #2268 ), #1135, .T. ) ;
#1892 = AXIS2_PLACEMENT_3D ( 'NONE', #2115, #1736, #469 ) ;
#1893 = DIRECTION ( 'NONE',  ( 1.000000000000000000, 0.000000000000000000, 0.000000000000000000 ) ) ;
#1894 = CARTESIAN_POINT ( 'NONE',  ( 70.32280939045423906, -113.4059839835061325, -1.419844072132140589 ) ) ;
#1895 = VECTOR ( 'NONE', #99, 1000.000000000000114 ) ;
#1896 = DIRECTION ( 'NONE',  ( 0.000000000000000000, 0.000000000000000000, 1.000000000000000000 ) ) ;
#1897 = AXIS2_PLACEMENT_3D ( 'NONE', #1075, #355, #1108 ) ;
#1898 = ORIENTED_EDGE ( 'NONE', *, *, #68, .F. ) ;
#1899 = CARTESIAN_POINT ( 'NONE',  ( 1.600000000000000533, -25.30499999999960892, -20.00000000000000355 ) ) ;
#1900 = VERTEX_POINT ( 'NONE', #785 ) ;
#1901 = VECTOR ( 'NONE', #1386, 1000.000000000000000 ) ;
#1902 = LINE ( 'NONE', #494, #339 ) ;
#1903 = CARTESIAN_POINT ( 'NONE',  ( 44.52338386092873179, -87.60655845398061103, 15.00000000000000000 ) ) ;
#1904 = VERTEX_POINT ( 'NONE', #413 ) ;
#1905 = EDGE_CURVE ( 'NONE', #2015, #1124, #57, .T. ) ;
#1906 = ORIENTED_EDGE ( 'NONE', *, *, #1888, .T. ) ;
#1907 = EDGE_CURVE ( 'NONE', #1451, #2147, #213, .T. ) ;
#1908 = DIRECTION ( 'NONE',  ( 1.000000000000000000, 0.000000000000000000, 0.000000000000000000 ) ) ;
#1909 = CARTESIAN_POINT ( 'NONE',  ( 50.02338386092873890, -119.9766161390712540, 15.00000000000000000 ) ) ;
#1910 = CARTESIAN_POINT ( 'NONE',  ( 116.6950000000001069, -159.9999999999999716, 0.000000000000000000 ) ) ;
#1911 = ORIENTED_EDGE ( 'NONE', *, *, #1550, .T. ) ;
#1912 = DIRECTION ( 'NONE',  ( 0.7071067811865467956, -0.7071067811865483499, 0.000000000000000000 ) ) ;
#1913 = LINE ( 'NONE', #247, #1737 ) ;
#1914 = CARTESIAN_POINT ( 'NONE',  ( -21.54158729652593607, -21.54158729652593607, 0.000000000000000000 ) ) ;
#1915 = VERTEX_POINT ( 'NONE', #46 ) ;
#1916 = DIRECTION ( 'NONE',  ( 0.7071067811865524577, -0.7071067811865426878, -0.000000000000000000 ) ) ;
#1917 = ORIENTED_EDGE ( 'NONE', *, *, #1650, .F. ) ;
#1918 = ADVANCED_FACE ( 'NONE', ( #1547, #2110 ), #797, .T. ) ;
#1919 = DIRECTION ( 'NONE',  ( -0.000000000000000000, -0.000000000000000000, 1.000000000000000000 ) ) ;
#1920 = EDGE_CURVE ( 'NONE', #1798, #1470, #258, .T. ) ;
#1921 = CARTESIAN_POINT ( 'NONE',  ( 115.7673797897906383, -158.8505543828425175, -17.16126898118266908 ) ) ;
#1922 = VERTEX_POINT ( 'NONE', #2071 ) ;
#1923 = CARTESIAN_POINT ( 'NONE',  ( 0.000000000000000000, -25.30499999999960892, 11.99999999999999645 ) ) ;
#1924 = CARTESIAN_POINT ( 'NONE',  ( -10.00000000000000178, -10.30499999999960892, 0.000000000000000000 ) ) ;
#1925 = DIRECTION ( 'NONE',  ( -0.000000000000000000, 1.000000000000000000, -0.000000000000000000 ) ) ;
#1926 = ORIENTED_EDGE ( 'NONE', *, *, #1264, .T. ) ;
#1927 = CARTESIAN_POINT ( 'NONE',  ( 144.6950000000001353, -169.9999999999999716, 11.99999999999999645 ) ) ;
#1928 = ORIENTED_EDGE ( 'NONE', *, *, #532, .F. ) ;
#1929 = DIRECTION ( 'NONE',  ( -0.7071067811865425767, 0.7071067811865524577, 0.000000000000000000 ) ) ;
#1930 = AXIS2_PLACEMENT_3D ( 'NONE', #39, #751, #741 ) ;
#1931 = CARTESIAN_POINT ( 'NONE',  ( 102.2685931288072680, -180.0000000000000000, 0.000000000000000000 ) ) ;
#1932 = ORIENTED_EDGE ( 'NONE', *, *, #1641, .F. ) ;
#1933 = EDGE_CURVE ( 'NONE', #1332, #1947, #808, .T. ) ;
#1934 = LINE ( 'NONE', #1753, #1153 ) ;
#1935 = VECTOR ( 'NONE', #61, 1000.000000000000000 ) ;
#1936 = AXIS2_PLACEMENT_3D ( 'NONE', #987, #1168, #1703 ) ;
#1937 = DIRECTION ( 'NONE',  ( -0.7071067811865474617, 0.7071067811865474617, 0.000000000000000000 ) ) ;
#1938 = EDGE_CURVE ( 'NONE', #410, #1366, #1877, .T. ) ;
#1939 = EDGE_LOOP ( 'NONE', ( #144, #1285, #1873, #1250 ) ) ;
#1940 = DIRECTION ( 'NONE',  ( 0.000000000000000000, 0.000000000000000000, -1.000000000000000000 ) ) ;
#1941 = VECTOR ( 'NONE', #608, 1000.000000000000114 ) ;
#1942 = ORIENTED_EDGE ( 'NONE', *, *, #343, .T. ) ;
#1943 = CIRCLE ( 'NONE', #273, 2.999999999999999112 ) ;
#1944 = CARTESIAN_POINT ( 'NONE',  ( 35.02338386092876021, -82.10655845398061103, 0.000000000000000000 ) ) ;
#1945 = CARTESIAN_POINT ( 'NONE',  ( 12.15332617583809949, -58.06492789363616680, 15.00000000000000000 ) ) ;
#1946 = DIRECTION ( 'NONE',  ( 0.000000000000000000, 0.000000000000000000, 1.000000000000000000 ) ) ;
#1947 = VERTEX_POINT ( 'NONE', #1160 ) ;
#1948 = DIRECTION ( 'NONE',  ( 0.6324255876883214667, -0.6324255876883112526, 0.4472982808754973338 ) ) ;
#1949 = EDGE_CURVE ( 'NONE', #1018, #2043, #1001, .T. ) ;
#1950 = CARTESIAN_POINT ( 'NONE',  ( 116.6950000000001069, -151.9999999999999716, 15.00000000000000000 ) ) ;
#1951 = ORIENTED_EDGE ( 'NONE', *, *, #1938, .F. ) ;
#1952 = EDGE_CURVE ( 'NONE', #1900, #2188, #404, .T. ) ;
#1953 = LINE ( 'NONE', #275, #1818 ) ;
#1954 = DIRECTION ( 'NONE',  ( 0.000000000000000000, 0.000000000000000000, 1.000000000000000000 ) ) ;
#1955 = ORIENTED_EDGE ( 'NONE', *, *, #596, .T. ) ;
#1956 = CARTESIAN_POINT ( 'NONE',  ( 0.000000000000000000, -25.30499999999960892, 11.99999999999999645 ) ) ;
#1957 = FACE_OUTER_BOUND ( 'NONE', #203, .T. ) ;
#1958 = EDGE_LOOP ( 'NONE', ( #1654, #1621, #698, #448 ) ) ;
#1959 = CARTESIAN_POINT ( 'NONE',  ( 50.02338386092873890, -91.11570886989497353, -17.18517984073172045 ) ) ;
#1960 = PLANE ( 'NONE',  #2252 ) ;
#1961 = ORIENTED_EDGE ( 'NONE', *, *, #795, .F. ) ;
#1962 = DIRECTION ( 'NONE',  ( -0.000000000000000000, -0.000000000000000000, 1.000000000000000000 ) ) ;
#1963 = CARTESIAN_POINT ( 'NONE',  ( -32.97661613907133926, -32.97661613907179401, 0.000000000000000000 ) ) ;
#1964 = ORIENTED_EDGE ( 'NONE', *, *, #1805, .F. ) ;
#1965 = EDGE_CURVE ( 'NONE', #2015, #1086, #1172, .T. ) ;
#1966 = EDGE_CURVE ( 'NONE', #1643, #1694, #2083, .T. ) ;
#1967 = CARTESIAN_POINT ( 'NONE',  ( 87.89344154601936054, -133.8050432638173959, 15.00000000000000000 ) ) ;
#1968 = CARTESIAN_POINT ( 'NONE',  ( 91.89344154601941739, -157.8466738241618827, 15.00000000000000000 ) ) ;
#1969 = DIRECTION ( 'NONE',  ( -1.000000000000000000, 7.359808400080149320E-15, -0.000000000000000000 ) ) ;
#1970 = ORIENTED_EDGE ( 'NONE', *, *, #1805, .T. ) ;
#1971 = DIRECTION ( 'NONE',  ( -0.7071067811865425767, -0.7071067811865524577, -0.000000000000000000 ) ) ;
#1972 = AXIS2_PLACEMENT_3D ( 'NONE', #2310, #472, #291 ) ;
#1973 = AXIS2_PLACEMENT_3D ( 'NONE', #2140, #1361, #1715 ) ;
#1974 = FACE_OUTER_BOUND ( 'NONE', #643, .T. ) ;
#1975 = ORIENTED_EDGE ( 'NONE', *, *, #954, .F. ) ;
#1976 = AXIS2_PLACEMENT_3D ( 'NONE', #1311, #580, #780 ) ;
#1977 = LINE ( 'NONE', #310, #1273 ) ;
#1978 = DIRECTION ( 'NONE',  ( 0.000000000000000000, 0.000000000000000000, -1.000000000000000000 ) ) ;
#1979 = EDGE_LOOP ( 'NONE', ( #395, #2274, #56, #555 ) ) ;
#1980 = VECTOR ( 'NONE', #1054, 1000.000000000000000 ) ;
#1981 = VECTOR ( 'NONE', #176, 1000.000000000000000 ) ;
#1982 = EDGE_CURVE ( 'NONE', #2327, #842, #2055, .T. ) ;
#1983 = LINE ( 'NONE', #313, #2088 ) ;
#1984 = ADVANCED_FACE ( 'NONE', ( #1509 ), #1560, .F. ) ;
#1985 = CARTESIAN_POINT ( 'NONE',  ( 87.89344154601936054, -153.8466738241618543, 0.000000000000000000 ) ) ;
#1986 = DIRECTION ( 'NONE',  ( 1.000000000000000000, 0.000000000000000000, 0.000000000000000000 ) ) ;
#1987 = VERTEX_POINT ( 'NONE', #1886 ) ;
#1988 = DIRECTION ( 'NONE',  ( 1.000000000000000000, -0.000000000000000000, -0.000000000000000000 ) ) ;
#1989 = LINE ( 'NONE', #1570, #1010 ) ;
#1990 = EDGE_LOOP ( 'NONE', ( #1353, #389, #2003, #675 ) ) ;
#1991 = CARTESIAN_POINT ( 'NONE',  ( 18.00000000000000000, -10.30499999999960892, -20.00000000000000355 ) ) ;
#1992 = DIRECTION ( 'NONE',  ( 1.000000000000000000, 0.000000000000000000, 0.000000000000000000 ) ) ;
#1993 = ORIENTED_EDGE ( 'NONE', *, *, #2261, .F. ) ;
#1994 = FACE_BOUND ( 'NONE', #1468, .T. ) ;
#1995 = ORIENTED_EDGE ( 'NONE', *, *, #1713, .T. ) ;
#1996 = DIRECTION ( 'NONE',  ( 0.000000000000000000, 0.000000000000000000, 1.000000000000000000 ) ) ;
#1997 = EDGE_CURVE ( 'NONE', #1696, #103, #1732, .T. ) ;
#1998 = LINE ( 'NONE', #1105, #617 ) ;
#1999 = ORIENTED_EDGE ( 'NONE', *, *, #160, .T. ) ;
#2000 = EDGE_CURVE ( 'NONE', #1003, #82, #1710, .T. ) ;
#2001 = DIRECTION ( 'NONE',  ( -0.000000000000000000, -0.000000000000000000, 1.000000000000000000 ) ) ;
#2002 = CARTESIAN_POINT ( 'NONE',  ( 118.0950000000001268, -169.9999999999999716, 0.000000000000000000 ) ) ;
#2003 = ORIENTED_EDGE ( 'NONE', *, *, #2277, .T. ) ;
#2004 = FACE_BOUND ( 'NONE', #939, .T. ) ;
#2005 = ORIENTED_EDGE ( 'NONE', *, *, #460, .T. ) ;
#2006 = CARTESIAN_POINT ( 'NONE',  ( 112.7634992311099893, -155.8466738241618827, -20.00000000000000355 ) ) ;
#2007 = ADVANCED_FACE ( 'NONE', ( #1352 ), #2099, .F. ) ;
#2008 = CARTESIAN_POINT ( 'NONE',  ( 2.999999999999999112, -25.30499999999960892, 12.00000000000000000 ) ) ;
#2009 = ORIENTED_EDGE ( 'NONE', *, *, #2000, .F. ) ;
#2010 = VECTOR ( 'NONE', #25, 999.9999999999998863 ) ;
#2011 = VECTOR ( 'NONE', #1647, 1000.000000000000000 ) ;
#2012 = EDGE_CURVE ( 'NONE', #290, #683, #1748, .T. ) ;
#2013 = CARTESIAN_POINT ( 'NONE',  ( 110.7634992311099467, -157.8466738241618827, 0.000000000000000000 ) ) ;
#2014 = CARTESIAN_POINT ( 'NONE',  ( 9.999999999999998224, -53.30499999999961602, -20.00000000000000355 ) ) ;
#2015 = VERTEX_POINT ( 'NONE', #2146 ) ;
#2016 = AXIS2_PLACEMENT_3D ( 'NONE', #2033, #583, #594 ) ;
#2017 = AXIS2_PLACEMENT_3D ( 'NONE', #2220, #1833, #1682 ) ;
#2018 = AXIS2_PLACEMENT_3D ( 'NONE', #1779, #682, #1794 ) ;
#2019 = CARTESIAN_POINT ( 'NONE',  ( 26.69500000000013529, -44.87635872456091590, 63.44973534023392858 ) ) ;
#2020 = ORIENTED_EDGE ( 'NONE', *, *, #1534, .F. ) ;
#2021 = FACE_OUTER_BOUND ( 'NONE', #859, .T. ) ;
#2022 = DIRECTION ( 'NONE',  ( 0.000000000000000000, 0.000000000000000000, 1.000000000000000000 ) ) ;
#2023 = VERTEX_POINT ( 'NONE', #1766 ) ;
#2024 = EDGE_CURVE ( 'NONE', #559, #593, #463, .T. ) ;
#2025 = DIRECTION ( 'NONE',  ( 1.000000000000000000, 0.000000000000000000, 0.000000000000000000 ) ) ;
#2026 = DIRECTION ( 'NONE',  ( 0.000000000000000000, 0.000000000000000000, 1.000000000000000000 ) ) ;
#2027 = ORIENTED_EDGE ( 'NONE', *, *, #2294, .T. ) ;
#2028 = ADVANCED_FACE ( 'NONE', ( #1036 ), #858, .F. ) ;
#2029 = LINE ( 'NONE', #359, #1746 ) ;
#2030 = EDGE_LOOP ( 'NONE', ( #2282, #496 ) ) ;
#2031 = CARTESIAN_POINT ( 'NONE',  ( 119.6950000000001353, -169.9999999999999716, 12.00000000000000000 ) ) ;
#2032 = ORIENTED_EDGE ( 'NONE', *, *, #2000, .T. ) ;
#2033 = CARTESIAN_POINT ( 'NONE',  ( 82.39344154601936054, -125.0000351559025802, -10.00000000000001599 ) ) ;
#2034 = DIRECTION ( 'NONE',  ( -1.000000000000000000, 0.000000000000000000, 0.000000000000000000 ) ) ;
#2035 = ORIENTED_EDGE ( 'NONE', *, *, #1982, .T. ) ;
#2036 = ADVANCED_FACE ( 'NONE', ( #1609 ), #1960, .F. ) ;
#2037 = EDGE_CURVE ( 'NONE', #1332, #1696, #1869, .T. ) ;
#2038 = DIRECTION ( 'NONE',  ( -0.000000000000000000, -0.000000000000000000, -1.000000000000000000 ) ) ;
#2039 = DIRECTION ( 'NONE',  ( 1.000000000000000000, -0.000000000000000000, -0.000000000000000000 ) ) ;
#2040 = LINE ( 'NONE', #2092, #573 ) ;
#2041 = EDGE_LOOP ( 'NONE', ( #781, #518, #933, #1780 ) ) ;
#2042 = PLANE ( 'NONE',  #1466 ) ;
#2043 = VERTEX_POINT ( 'NONE', #484 ) ;
#2044 = CARTESIAN_POINT ( 'NONE',  ( 116.6950000000001069, -151.9999999999999716, -20.00000000000000355 ) ) ;
#2045 = FACE_BOUND ( 'NONE', #928, .T. ) ;
#2046 = ORIENTED_EDGE ( 'NONE', *, *, #2395, .F. ) ;
#2047 = VECTOR ( 'NONE', #1277, 1000.000000000000000 ) ;
#2048 = AXIS2_PLACEMENT_3D ( 'NONE', #2298, #1929, #985 ) ;
#2049 = AXIS2_PLACEMENT_3D ( 'NONE', #279, #1227, #1179 ) ;
#2050 = LINE ( 'NONE', #1514, #1083 ) ;
#2051 = CARTESIAN_POINT ( 'NONE',  ( 59.52338386092871758, -125.4766161390712398, 0.000000000000000000 ) ) ;
#2052 = VECTOR ( 'NONE', #1826, 1000.000000000000000 ) ;
#2053 = EDGE_CURVE ( 'NONE', #177, #1831, #2136, .T. ) ;
#2054 =( BOUNDED_CURVE ( )  B_SPLINE_CURVE ( 3, ( #1021, #2116, #100, #2308 ),
 .UNSPECIFIED., .F., .T. ) 
 B_SPLINE_CURVE_WITH_KNOTS ( ( 4, 4 ),
 ( 0.9552050362251262028, 1.389024660212270890 ),
 .UNSPECIFIED. ) 
 CURVE ( )  GEOMETRIC_REPRESENTATION_ITEM ( )  RATIONAL_B_SPLINE_CURVE ( ( 1.000000000000000000, 0.9843781061831615720, 0.9843781061831615720, 1.000000000000000000 ) ) 
 REPRESENTATION_ITEM ( '' )  );
#2055 = CIRCLE ( 'NONE', #1552, 3.000000000000002665 ) ;
#2056 = DIRECTION ( 'NONE',  ( -0.000000000000000000, -0.000000000000000000, 1.000000000000000000 ) ) ;
#2057 = VERTEX_POINT ( 'NONE', #2119 ) ;
#2058 = DIRECTION ( 'NONE',  ( 1.000000000000000000, 0.000000000000000000, 0.000000000000000000 ) ) ;
#2059 = ORIENTED_EDGE ( 'NONE', *, *, #2395, .T. ) ;
#2060 = DIRECTION ( 'NONE',  ( 0.000000000000000000, 0.000000000000000000, -1.000000000000000000 ) ) ;
#2061 = CARTESIAN_POINT ( 'NONE',  ( 9.999999999999998224, -53.30499999999961602, -20.00000000000000355 ) ) ;
#2062 = ORIENTED_EDGE ( 'NONE', *, *, #2306, .F. ) ;
#2063 = ORIENTED_EDGE ( 'NONE', *, *, #215, .F. ) ;
#2064 = DIRECTION ( 'NONE',  ( -0.7071067811865467956, 0.7071067811865483499, -0.000000000000000000 ) ) ;
#2065 = DIRECTION ( 'NONE',  ( 0.000000000000000000, 0.000000000000000000, 1.000000000000000000 ) ) ;
#2066 = ORIENTED_EDGE ( 'NONE', *, *, #669, .F. ) ;
#2067 = DIRECTION ( 'NONE',  ( -0.7071067811865474617, 0.7071067811865474617, -0.000000000000000000 ) ) ;
#2068 = EDGE_CURVE ( 'NONE', #234, #1124, #1194, .T. ) ;
#2069 = ORIENTED_EDGE ( 'NONE', *, *, #368, .T. ) ;
#2070 = LINE ( 'NONE', #1885, #1583 ) ;
#2071 = CARTESIAN_POINT ( 'NONE',  ( 78.39344154601936054, -125.4766161390712398, 3.691708095284596425 ) ) ;
#2072 = EDGE_CURVE ( 'NONE', #1144, #451, #632, .T. ) ;
#2073 = ORIENTED_EDGE ( 'NONE', *, *, #2145, .F. ) ;
#2074 = EDGE_LOOP ( 'NONE', ( #1951, #2084, #1205, #1917 ) ) ;
#2075 = DIRECTION ( 'NONE',  ( 0.000000000000000000, 0.000000000000000000, 1.000000000000000000 ) ) ;
#2076 = LINE ( 'NONE', #1515, #1307 ) ;
#2077 = CARTESIAN_POINT ( 'NONE',  ( 58.85198738883177327, -126.1480126111681699, 3.668338126501941687 ) ) ;
#2078 = ORIENTED_EDGE ( 'NONE', *, *, #431, .T. ) ;
#2079 = CARTESIAN_POINT ( 'NONE',  ( 144.6950000000001353, -169.9999999999999716, 12.00000000000000000 ) ) ;
#2080 = ORIENTED_EDGE ( 'NONE', *, *, #1905, .T. ) ;
#2081 = EDGE_CURVE ( 'NONE', #1504, #287, #642, .T. ) ;
#2082 = PLANE ( 'NONE',  #1546 ) ;
#2083 = LINE ( 'NONE', #2279, #309 ) ;
#2084 = ORIENTED_EDGE ( 'NONE', *, *, #856, .F. ) ;
#2085 = EDGE_CURVE ( 'NONE', #1313, #798, #655, .T. ) ;
#2086 = EDGE_LOOP ( 'NONE', ( #1524, #28, #1606, #63, #1040, #635 ) ) ;
#2087 = AXIS2_PLACEMENT_3D ( 'NONE', #1813, #694, #141 ) ;
#2088 = VECTOR ( 'NONE', #1603, 1000.000000000000000 ) ;
#2089 = CARTESIAN_POINT ( 'NONE',  ( 159.6950000000001069, -159.9999999999999716, -20.00000000000000355 ) ) ;
#2090 = DIRECTION ( 'NONE',  ( 0.000000000000000000, 1.000000000000000000, -0.000000000000000000 ) ) ;
#2091 = VECTOR ( 'NONE', #1692, 1000.000000000000000 ) ;
#2092 = CARTESIAN_POINT ( 'NONE',  ( 18.00000000000000355, -53.30499999999961602, -20.00000000000000355 ) ) ;
#2093 = VECTOR ( 'NONE', #646, 1000.000000000000000 ) ;
#2094 = ORIENTED_EDGE ( 'NONE', *, *, #2297, .F. ) ;
#2095 = CARTESIAN_POINT ( 'NONE',  ( 1.599999999999998757, -50.30499999999961602, 11.99999999999999645 ) ) ;
#2096 = CARTESIAN_POINT ( 'NONE',  ( 82.39344154601936054, -125.4766161390712398, 15.00000000000000000 ) ) ;
#2097 = VECTOR ( 'NONE', #328, 1000.000000000000000 ) ;
#2098 = FILL_AREA_STYLE ('',( #2153 ) ) ;
#2099 = CYLINDRICAL_SURFACE ( 'NONE', #347, 3.000000000000002665 ) ;
#2100 = ORIENTED_EDGE ( 'NONE', *, *, #627, .F. ) ;
#2101 = CIRCLE ( 'NONE', #384, 3.000000000000002665 ) ;
#2102 = DIRECTION ( 'NONE',  ( 0.000000000000000000, -0.000000000000000000, 1.000000000000000000 ) ) ;
#2103 = ORIENTED_EDGE ( 'NONE', *, *, #537, .F. ) ;
#2104 = EDGE_CURVE ( 'NONE', #1723, #2195, #500, .T. ) ;
#2105 = FACE_OUTER_BOUND ( 'NONE', #2117, .T. ) ;
#2106 = CARTESIAN_POINT ( 'NONE',  ( 3.000000000000000000, -50.30499999999961602, 15.00000000000000000 ) ) ;
#2107 = ORIENTED_EDGE ( 'NONE', *, *, #1145, .F. ) ;
#2108 = DIRECTION ( 'NONE',  ( 0.000000000000000000, 0.000000000000000000, 1.000000000000000000 ) ) ;
#2109 = CARTESIAN_POINT ( 'NONE',  ( 141.6950000000001353, -169.9999999999999716, 12.00000000000000000 ) ) ;
#2110 = FACE_BOUND ( 'NONE', #2158, .T. ) ;
#2111 = EDGE_LOOP ( 'NONE', ( #1327, #235, #540, #296 ) ) ;
#2112 = FACE_OUTER_BOUND ( 'NONE', #54, .T. ) ;
#2113 = VERTEX_POINT ( 'NONE', #881 ) ;
#2114 = EDGE_CURVE ( 'NONE', #2147, #221, #1989, .T. ) ;
#2115 = CARTESIAN_POINT ( 'NONE',  ( 144.6950000000001353, -169.9999999999999716, 12.00000000000000000 ) ) ;
#2116 = CARTESIAN_POINT ( 'NONE',  ( 61.32749399718770889, -131.2807262753302382, 2.338158234594265750 ) ) ;
#2117 = EDGE_LOOP ( 'NONE', ( #1863, #2191, #1244, #1655 ) ) ;
#2118 = LINE ( 'NONE', #114, #959 ) ;
#2119 = CARTESIAN_POINT ( 'NONE',  ( 40.52338386092867495, -87.60655845398061103, 15.00000000000000000 ) ) ;
#2120 = ORIENTED_EDGE ( 'NONE', *, *, #130, .T. ) ;
#2121 = FACE_OUTER_BOUND ( 'NONE', #1137, .T. ) ;
#2122 = ORIENTED_EDGE ( 'NONE', *, *, #911, .F. ) ;
#2123 = VECTOR ( 'NONE', #1364, 1000.000000000000000 ) ;
#2124 = DIRECTION ( 'NONE',  ( 0.000000000000000000, 0.000000000000000000, -1.000000000000000000 ) ) ;
#2125 = ADVANCED_FACE ( 'NONE', ( #1974 ), #1014, .F. ) ;
#2126 = VECTOR ( 'NONE', #1259, 1000.000000000000000 ) ;
#2127 = DIRECTION ( 'NONE',  ( 0.000000000000000000, -0.8164321540053106618, 0.5774413718346207425 ) ) ;
#2128 = ORIENTED_EDGE ( 'NONE', *, *, #1220, .F. ) ;
#2129 = DIRECTION ( 'NONE',  ( -0.000000000000000000, -0.000000000000000000, 1.000000000000000000 ) ) ;
#2130 =( GEOMETRIC_REPRESENTATION_CONTEXT ( 3 ) GLOBAL_UNCERTAINTY_ASSIGNED_CONTEXT ( ( #250 ) ) GLOBAL_UNIT_ASSIGNED_CONTEXT ( ( #412, #1214, #1661 ) ) REPRESENTATION_CONTEXT ( 'NONE', 'WORKASPACE' ) );
#2131 = EDGE_CURVE ( 'NONE', #1947, #123, #1051, .T. ) ;
#2132 = AXIS2_PLACEMENT_3D ( 'NONE', #587, #2075, #2259 ) ;
#2133 = DIRECTION ( 'NONE',  ( -0.000000000000000000, -0.000000000000000000, 1.000000000000000000 ) ) ;
#2134 = ORIENTED_EDGE ( 'NONE', *, *, #1650, .T. ) ;
#2135 = PLANE ( 'NONE',  #1741 ) ;
#2136 = CIRCLE ( 'NONE', #1202, 1.600000000000004086 ) ;
#2137 = FACE_OUTER_BOUND ( 'NONE', #1518, .T. ) ;
#2138 = ORIENTED_EDGE ( 'NONE', *, *, #2261, .T. ) ;
#2139 = AXIS2_PLACEMENT_3D ( 'NONE', #1156, #566, #1690 ) ;
#2140 = CARTESIAN_POINT ( 'NONE',  ( 18.00000000000000000, -10.30499999999960892, -20.00000000000000355 ) ) ;
#2141 = CARTESIAN_POINT ( 'NONE',  ( 74.89344154601938897, -117.9766161390712682, 1.762720149438744999 ) ) ;
#2142 = VERTEX_POINT ( 'NONE', #271 ) ;
#2143 = DIRECTION ( 'NONE',  ( 1.000000000000000000, 0.000000000000000000, 0.000000000000000000 ) ) ;
#2144 = CYLINDRICAL_SURFACE ( 'NONE', #1972, 1.599999999999990319 ) ;
#2145 = EDGE_CURVE ( 'NONE', #2238, #2305, #1163, .T. ) ;
#2146 = CARTESIAN_POINT ( 'NONE',  ( 64.63336651860066695, -134.5865987967431749, -5.204170233405755768E-15 ) ) ;
#2147 = VERTEX_POINT ( 'NONE', #1950 ) ;
#2148 = EDGE_CURVE ( 'NONE', #683, #2358, #282, .T. ) ;
#2149 = DIRECTION ( 'NONE',  ( -0.000000000000000000, -0.000000000000000000, 1.000000000000000000 ) ) ;
#2150 = DIRECTION ( 'NONE',  ( -0.000000000000000000, -0.000000000000000000, -1.000000000000000000 ) ) ;
#2151 = ORIENTED_EDGE ( 'NONE', *, *, #547, .T. ) ;
#2152 = CARTESIAN_POINT ( 'NONE',  ( 74.89344154601938897, -117.9766161390712682, -20.00000000000000355 ) ) ;
#2153 = FILL_AREA_STYLE_COLOUR ( '', #1822 ) ;
#2154 = LINE ( 'NONE', #2320, #1586 ) ;
#2155 = ORIENTED_EDGE ( 'NONE', *, *, #297, .T. ) ;
#2156 = CARTESIAN_POINT ( 'NONE',  ( 18.00000000000000000, -10.30499999999960892, -20.00000000000000355 ) ) ;
#2157 = DIRECTION ( 'NONE',  ( 0.000000000000000000, 0.000000000000000000, 1.000000000000000000 ) ) ;
#2158 = EDGE_LOOP ( 'NONE', ( #2296, #1358 ) ) ;
#2159 = EDGE_CURVE ( 'NONE', #1771, #1520, #1436, .T. ) ;
#2160 = CARTESIAN_POINT ( 'NONE',  ( 44.52338386092873179, -91.60655845398062525, 0.000000000000000000 ) ) ;
#2161 = CARTESIAN_POINT ( 'NONE',  ( 81.78408836176853924, -117.0890883617682903, 1.185120509872752859 ) ) ;
#2162 = EDGE_LOOP ( 'NONE', ( #1828, #2384, #1006, #774 ) ) ;
#2163 = EDGE_CURVE ( 'NONE', #1372, #1258, #373, .T. ) ;
#2164 = DIRECTION ( 'NONE',  ( -0.7071067811865524577, -0.7071067811865426878, -0.000000000000000000 ) ) ;
#2165 = CARTESIAN_POINT ( 'NONE',  ( -10.00000000000000178, -67.73140687119452252, 15.00000000000000000 ) ) ;
#2166 = PLANE ( 'NONE',  #849 ) ;
#2167 = ORIENTED_EDGE ( 'NONE', *, *, #1264, .F. ) ;
#2168 = CARTESIAN_POINT ( 'NONE',  ( 3.000000000000000000, -50.30499999999961602, 12.00000000000000000 ) ) ;
#2169 = AXIS2_PLACEMENT_3D ( 'NONE', #1596, #604, #805 ) ;
#2170 = VECTOR ( 'NONE', #85, 1000.000000000000000 ) ;
#2171 = DIRECTION ( 'NONE',  ( 0.000000000000000000, -0.5774413718346205204, 0.8164321540053107729 ) ) ;
#2172 = VERTEX_POINT ( 'NONE', #1469 ) ;
#2173 = VECTOR ( 'NONE', #398, 1000.000000000000000 ) ;
#2174 = CARTESIAN_POINT ( 'NONE',  ( 141.6950000000001353, -169.9999999999999716, 12.00000000000000000 ) ) ;
#2175 = CARTESIAN_POINT ( 'NONE',  ( 78.39344154601936054, -125.4766161390712398, 15.00000000000000000 ) ) ;
#2176 = ORIENTED_EDGE ( 'NONE', *, *, #1760, .F. ) ;
#2177 = CIRCLE ( 'NONE', #1465, 1.599999999999998757 ) ;
#2178 = AXIS2_PLACEMENT_3D ( 'NONE', #1280, #2022, #352 ) ;
#2179 = EDGE_CURVE ( 'NONE', #997, #1677, #895, .T. ) ;
#2180 =( GEOMETRIC_REPRESENTATION_CONTEXT ( 3 ) GLOBAL_UNCERTAINTY_ASSIGNED_CONTEXT ( ( #735 ) ) GLOBAL_UNIT_ASSIGNED_CONTEXT ( ( #64, #1131, #209 ) ) REPRESENTATION_CONTEXT ( 'NONE', 'WORKASPACE' ) );
#2181 = FACE_BOUND ( 'NONE', #2381, .T. ) ;
#2182 = ORIENTED_EDGE ( 'NONE', *, *, #1611, .F. ) ;
#2183 = CARTESIAN_POINT ( 'NONE',  ( 87.89344154601950265, -133.8050432638173959, 0.5527740387043442727 ) ) ;
#2184 = CARTESIAN_POINT ( 'NONE',  ( 97.60598195003710487, -132.9109819500368985, 1.185120509872745975 ) ) ;
#2185 = ORIENTED_EDGE ( 'NONE', *, *, #145, .F. ) ;
#2186 = FACE_OUTER_BOUND ( 'NONE', #2041, .T. ) ;
#2187 = LINE ( 'NONE', #505, #1980 ) ;
#2188 = VERTEX_POINT ( 'NONE', #1645 ) ;
#2189 = ADVANCED_FACE ( 'NONE', ( #1085 ), #2042, .F. ) ;
#2190 = FACE_OUTER_BOUND ( 'NONE', #994, .T. ) ;
#2191 = ORIENTED_EDGE ( 'NONE', *, *, #171, .T. ) ;
#2192 = CARTESIAN_POINT ( 'NONE',  ( 82.39344154601936054, -132.9109819500368985, 1.185120509872745975 ) ) ;
#2193 = ADVANCED_FACE ( 'NONE', ( #1634, #2194 ), #2215, .T. ) ;
#2194 = FACE_BOUND ( 'NONE', #633, .T. ) ;
#2195 = VERTEX_POINT ( 'NONE', #2374 ) ;
#2196 = DIRECTION ( 'NONE',  ( -0.000000000000000000, -0.000000000000000000, 1.000000000000000000 ) ) ;
#2197 = DIRECTION ( 'NONE',  ( 0.000000000000000000, 0.000000000000000000, -1.000000000000000000 ) ) ;
#2198 = VERTEX_POINT ( 'NONE', #198 ) ;
#2199 = CARTESIAN_POINT ( 'NONE',  ( 21.65332617583808172, -87.60655845398061103, 0.000000000000000000 ) ) ;
#2200 = VERTEX_POINT ( 'NONE', #1830 ) ;
#2201 = DIRECTION ( 'NONE',  ( 0.000000000000000000, 1.000000000000000000, -0.000000000000000000 ) ) ;
#2202 = CARTESIAN_POINT ( 'NONE',  ( 82.39344154601936054, -152.3466738241619112, 15.00000000000000000 ) ) ;
#2203 = EDGE_CURVE ( 'NONE', #1076, #2276, #1290, .T. ) ;
#2204 = ORIENTED_EDGE ( 'NONE', *, *, #1251, .F. ) ;
#2205 = VECTOR ( 'NONE', #819, 1000.000000000000000 ) ;
#2206 = CIRCLE ( 'NONE', #2396, 1.599999999999990319 ) ;
#2207 = PLANE ( 'NONE',  #2361 ) ;
#2208 = CARTESIAN_POINT ( 'NONE',  ( 0.000000000000000000, -25.30499999999960892, 15.00000000000000000 ) ) ;
#2209 = ORIENTED_EDGE ( 'NONE', *, *, #2324, .T. ) ;
#2210 = AXIS2_PLACEMENT_3D ( 'NONE', #2287, #1188, #618 ) ;
#2211 = VECTOR ( 'NONE', #457, 1000.000000000000000 ) ;
#2212 = DIRECTION ( 'NONE',  ( -0.000000000000000000, 0.000000000000000000, 1.000000000000000000 ) ) ;
#2213 = DIRECTION ( 'NONE',  ( 1.000000000000000000, -0.000000000000000000, -0.000000000000000000 ) ) ;
#2214 = EDGE_LOOP ( 'NONE', ( #2073, #2391, #210, #1537 ) ) ;
#2215 = PLANE ( 'NONE',  #232 ) ;
#2216 = ORIENTED_EDGE ( 'NONE', *, *, #1100, .T. ) ;
#2217 = EDGE_CURVE ( 'NONE', #593, #961, #2362, .T. ) ;
#2218 = PRODUCT_DEFINITION_CONTEXT ( 'detailed design', #2349, 'design' ) ;
#2219 = CARTESIAN_POINT ( 'NONE',  ( 18.00000000000000000, -10.30499999999960892, -20.00000000000000355 ) ) ;
#2220 = CARTESIAN_POINT ( 'NONE',  ( 114.7634992311100035, -157.8466738241618827, -20.00000000000000355 ) ) ;
#2221 = ORIENTED_EDGE ( 'NONE', *, *, #1756, .T. ) ;
#2222 = EDGE_CURVE ( 'NONE', #346, #940, #697, .T. ) ;
#2223 = APPLICATION_CONTEXT ( 'automotive_design' ) ;
#2224 = DIRECTION ( 'NONE',  ( 1.000000000000000000, -0.000000000000000000, -0.000000000000000000 ) ) ;
#2225 = DIRECTION ( 'NONE',  ( 0.000000000000000000, 0.000000000000000000, -1.000000000000000000 ) ) ;
#2226 = FACE_OUTER_BOUND ( 'NONE', #602, .T. ) ;
#2227 = EDGE_LOOP ( 'NONE', ( #2069, #1294, #1408, #1626, #1104, #1685, #1081, #428 ) ) ;
#2228 = CARTESIAN_POINT ( 'NONE',  ( 54.62994231490917940, -54.62994231491003205, 0.000000000000000000 ) ) ;
#2229 = ORIENTED_EDGE ( 'NONE', *, *, #1743, .T. ) ;
#2230 = DIRECTION ( 'NONE',  ( 1.000000000000000000, 0.000000000000000000, 0.000000000000000000 ) ) ;
#2231 = CARTESIAN_POINT ( 'NONE',  ( 50.02338386092873890, -115.9766161390712398, 15.00000000000000000 ) ) ;
#2232 = EDGE_LOOP ( 'NONE', ( #482, #132, #1263, #1784 ) ) ;
#2233 = EDGE_CURVE ( 'NONE', #123, #1025, #545, .T. ) ;
#2234 = LINE ( 'NONE', #1714, #1664 ) ;
#2235 = DIRECTION ( 'NONE',  ( -1.000000000000000000, -0.000000000000000000, -0.000000000000000000 ) ) ;
#2236 = LINE ( 'NONE', #1129, #1702 ) ;
#2237 = ORIENTED_EDGE ( 'NONE', *, *, #2353, .T. ) ;
#2238 = VERTEX_POINT ( 'NONE', #731 ) ;
#2239 = FACE_OUTER_BOUND ( 'NONE', #1381, .T. ) ;
#2240 = VECTOR ( 'NONE', #2373, 1000.000000000000000 ) ;
#2241 = DIRECTION ( 'NONE',  ( 1.000000000000000000, 0.000000000000000000, 0.000000000000000000 ) ) ;
#2242 = VERTEX_POINT ( 'NONE', #362 ) ;
#2243 = VECTOR ( 'NONE', #519, 1000.000000000000000 ) ;
#2244 = VERTEX_POINT ( 'NONE', #1454 ) ;
#2245 = VECTOR ( 'NONE', #1747, 1000.000000000000114 ) ;
#2246 = VECTOR ( 'NONE', #233, 1000.000000000000000 ) ;
#2247 = EDGE_CURVE ( 'NONE', #1771, #720, #1998, .T. ) ;
#2248 = DIRECTION ( 'NONE',  ( -0.000000000000000000, -1.000000000000000000, -0.000000000000000000 ) ) ;
#2249 = CARTESIAN_POINT ( 'NONE',  ( 54.02338386092879574, -119.9766161390712540, 2.745793870188593111 ) ) ;
#2250 = VECTOR ( 'NONE', #311, 1000.000000000000000 ) ;
#2251 = EDGE_CURVE ( 'NONE', #1216, #831, #1848, .T. ) ;
#2252 = AXIS2_PLACEMENT_3D ( 'NONE', #292, #2171, #830 ) ;
#2253 = PLANE ( 'NONE',  #1976 ) ;
#2254 = VERTEX_POINT ( 'NONE', #6 ) ;
#2255 = LINE ( 'NONE', #1473, #2091 ) ;
#2256 = DIRECTION ( 'NONE',  ( -0.000000000000000000, -0.000000000000000000, 1.000000000000000000 ) ) ;
#2257 = ORIENTED_EDGE ( 'NONE', *, *, #107, .T. ) ;
#2258 = ORIENTED_EDGE ( 'NONE', *, *, #1835, .F. ) ;
#2259 = DIRECTION ( 'NONE',  ( 1.000000000000000000, 0.000000000000000000, 0.000000000000000000 ) ) ;
#2260 = CARTESIAN_POINT ( 'NONE',  ( 52.03342445544725337, -117.9866567335897400, 1.819947432596537018 ) ) ;
#2261 = EDGE_CURVE ( 'NONE', #103, #459, #743, .T. ) ;
#2262 = FACE_BOUND ( 'NONE', #1883, .T. ) ;
#2263 = ORIENTED_EDGE ( 'NONE', *, *, #1997, .T. ) ;
#2264 = CARTESIAN_POINT ( 'NONE',  ( 0.000000000000000000, 0.000000000000000000, 0.000000000000000000 ) ) ;
#2265 = ORIENTED_EDGE ( 'NONE', *, *, #1073, .T. ) ;
#2266 = EDGE_CURVE ( 'NONE', #135, #1513, #1814, .T. ) ;
#2267 = PLANE ( 'NONE',  #75 ) ;
#2268 = FACE_OUTER_BOUND ( 'NONE', #1574, .T. ) ;
#2269 = ORIENTED_EDGE ( 'NONE', *, *, #983, .F. ) ;
#2270 = ORIENTED_EDGE ( 'NONE', *, *, #627, .T. ) ;
#2271 = CARTESIAN_POINT ( 'NONE',  ( 119.6950000000001353, -169.9999999999999716, -20.00000000000000355 ) ) ;
#2272 = DIRECTION ( 'NONE',  ( -1.000000000000000000, -0.000000000000000000, -0.000000000000000000 ) ) ;
#2273 = LINE ( 'NONE', #1141, #191 ) ;
#2274 = ORIENTED_EDGE ( 'NONE', *, *, #1731, .T. ) ;
#2275 = APPLICATION_PROTOCOL_DEFINITION ( 'draft international standard', 'automotive_design', 1998, #2223 ) ;
#2276 = VERTEX_POINT ( 'NONE', #521 ) ;
#2277 = EDGE_CURVE ( 'NONE', #1313, #1175, #1266, .T. ) ;
#2278 = DIRECTION ( 'NONE',  ( -0.000000000000000000, -0.000000000000000000, 1.000000000000000000 ) ) ;
#2279 = CARTESIAN_POINT ( 'NONE',  ( 87.89344154601936054, -141.6091575386867021, -4.966874386124068508 ) ) ;
#2280 = EDGE_LOOP ( 'NONE', ( #406, #106, #944, #1012 ) ) ;
#2281 = DIRECTION ( 'NONE',  ( 1.000000000000000000, 0.000000000000000000, 0.000000000000000000 ) ) ;
#2282 = ORIENTED_EDGE ( 'NONE', *, *, #1046, .T. ) ;
#2283 = VECTOR ( 'NONE', #408, 1000.000000000000000 ) ;
#2284 = AXIS2_PLACEMENT_3D ( 'NONE', #133, #873, #146 ) ;
#2285 = CARTESIAN_POINT ( 'NONE',  ( 57.52338386092871758, -127.4766161390712398, -20.00000000000000355 ) ) ;
#2286 = VECTOR ( 'NONE', #2056, 1000.000000000000000 ) ;
#2287 = CARTESIAN_POINT ( 'NONE',  ( -10.00000000000000178, -10.30499999999960892, 15.00000000000000000 ) ) ;
#2288 = AXIS2_PLACEMENT_3D ( 'NONE', #943, #365, #378 ) ;
#2289 = EDGE_LOOP ( 'NONE', ( #680, #1493, #738, #702 ) ) ;
#2290 = LINE ( 'NONE', #999, #1539 ) ;
#2291 = VECTOR ( 'NONE', #2157, 1000.000000000000000 ) ;
#2292 = CARTESIAN_POINT ( 'NONE',  ( 144.6950000000001353, -169.9999999999999716, 12.00000000000000000 ) ) ;
#2293 = EDGE_LOOP ( 'NONE', ( #2035, #1906 ) ) ;
#2294 = EDGE_CURVE ( 'NONE', #1387, #1281, #816, .T. ) ;
#2295 = DIRECTION ( 'NONE',  ( 0.000000000000000000, 0.000000000000000000, -1.000000000000000000 ) ) ;
#2296 = ORIENTED_EDGE ( 'NONE', *, *, #1684, .T. ) ;
#2297 = EDGE_CURVE ( 'NONE', #546, #992, #915, .T. ) ;
#2298 = CARTESIAN_POINT ( 'NONE',  ( 37.02338386092876021, -80.10655845398063946, -20.00000000000000355 ) ) ;
#2299 = LINE ( 'NONE', #629, #2364 ) ;
#2300 = EDGE_LOOP ( 'NONE', ( #1610, #1898, #488, #1223, #272 ) ) ;
#2301 = DIRECTION ( 'NONE',  ( 1.000000000000000000, -0.000000000000000000, -0.000000000000000000 ) ) ;
#2302 = DIRECTION ( 'NONE',  ( 1.000000000000000000, 0.000000000000000000, 0.000000000000000000 ) ) ;
#2303 = EDGE_LOOP ( 'NONE', ( #42, #48, #748, #506 ) ) ;
#2304 = PLANE ( 'NONE',  #109 ) ;
#2305 = VERTEX_POINT ( 'NONE', #977 ) ;
#2306 = EDGE_CURVE ( 'NONE', #1216, #1834, #1719, .T. ) ;
#2307 = CARTESIAN_POINT ( 'NONE',  ( 12.15332617583809949, -78.10655845398061103, 15.00000000000000000 ) ) ;
#2308 = CARTESIAN_POINT ( 'NONE',  ( 57.52338386092871758, -127.4766161390712398, 3.474292064290691151 ) ) ;
#2309 = VERTEX_POINT ( 'NONE', #1542 ) ;
#2310 = CARTESIAN_POINT ( 'NONE',  ( 144.6950000000001353, -169.9999999999999716, -20.00000000000000355 ) ) ;
#2311 = DIRECTION ( 'NONE',  ( -0.000000000000000000, 0.000000000000000000, 1.000000000000000000 ) ) ;
#2312 = ORIENTED_EDGE ( 'NONE', *, *, #1115, .T. ) ;
#2313 = FACE_OUTER_BOUND ( 'NONE', #276, .T. ) ;
#2314 = FACE_OUTER_BOUND ( 'NONE', #1022, .T. ) ;
#2315 = EDGE_LOOP ( 'NONE', ( #214, #968, #151, #1261 ) ) ;
#2316 = PLANE ( 'NONE',  #690 ) ;
#2317 = ADVANCED_FACE ( 'NONE', ( #989 ), #400, .F. ) ;
#2318 = VECTOR ( 'NONE', #1233, 1000.000000000000000 ) ;
#2319 = CARTESIAN_POINT ( 'NONE',  ( 99.69500000000010687, -151.9999999999999716, -5.000000000000004441 ) ) ;
#2320 = CARTESIAN_POINT ( 'NONE',  ( 12.15332617583809949, -82.10655845398061103, 15.00000000000000000 ) ) ;
#2321 = ORIENTED_EDGE ( 'NONE', *, *, #688, .F. ) ;
#2322 = DIRECTION ( 'NONE',  ( 1.000000000000000000, -0.000000000000000000, -0.000000000000000000 ) ) ;
#2323 = VECTOR ( 'NONE', #1033, 1000.000000000000000 ) ;
#2324 = EDGE_CURVE ( 'NONE', #798, #1313, #1943, .T. ) ;
#2325 = VECTOR ( 'NONE', #562, 1000.000000000000000 ) ;
#2326 = CARTESIAN_POINT ( 'NONE',  ( 74.89344154601938897, -117.9766161390712682, 1.762720149438744999 ) ) ;
#2327 = VERTEX_POINT ( 'NONE', #804 ) ;
#2328 = AXIS2_PLACEMENT_3D ( 'NONE', #841, #2338, #870 ) ;
#2329 = DIRECTION ( 'NONE',  ( 1.000000000000000000, 0.000000000000000000, 0.000000000000000000 ) ) ;
#2330 = DIRECTION ( 'NONE',  ( -0.000000000000000000, -0.000000000000000000, 1.000000000000000000 ) ) ;
#2331 = ORIENTED_EDGE ( 'NONE', *, *, #1191, .F. ) ;
#2332 = CARTESIAN_POINT ( 'NONE',  ( 50.02338386092873890, -115.9766161390712398, 0.3982976449835929356 ) ) ;
#2333 = CARTESIAN_POINT ( 'NONE',  ( 116.6950000000001069, -159.9999999999999716, -5.000000000000004441 ) ) ;
#2334 = CARTESIAN_POINT ( 'NONE',  ( 90.72186867076553085, -133.8050432638174243, 0.000000000000000000 ) ) ;
#2335 = ORIENTED_EDGE ( 'NONE', *, *, #560, .F. ) ;
#2336 = EDGE_CURVE ( 'NONE', #175, #1090, #43, .T. ) ;
#2337 = CARTESIAN_POINT ( 'NONE',  ( 55.17957507884339918, -132.9109819500368985, 1.185120509872745975 ) ) ;
#2338 = DIRECTION ( 'NONE',  ( 0.000000000000000000, 0.5774413718346207425, 0.8164321540053106618 ) ) ;
#2339 = EDGE_CURVE ( 'NONE', #1209, #1025, #603, .T. ) ;
#2340 = ORIENTED_EDGE ( 'NONE', *, *, #1016, .F. ) ;
#2341 = DIRECTION ( 'NONE',  ( 0.000000000000000000, 0.000000000000000000, 1.000000000000000000 ) ) ;
#2342 = CARTESIAN_POINT ( 'NONE',  ( 0.000000000000000000, -25.30499999999960892, 0.000000000000000000 ) ) ;
#2343 = ORIENTED_EDGE ( 'NONE', *, *, #1966, .T. ) ;
#2344 = CARTESIAN_POINT ( 'NONE',  ( 21.65332617583808172, -87.60655845398061103, 0.000000000000000000 ) ) ;
#2345 = LINE ( 'NONE', #1417, #695 ) ;
#2346 = CARTESIAN_POINT ( 'NONE',  ( 55.52338386092871758, -125.4766161390712398, 15.00000000000000000 ) ) ;
#2347 = ORIENTED_EDGE ( 'NONE', *, *, #2085, .T. ) ;
#2348 = PLANE ( 'NONE',  #72 ) ;
#2349 = APPLICATION_CONTEXT ( 'automotive_design' ) ;
#2350 = EDGE_CURVE ( 'NONE', #1861, #598, #793, .T. ) ;
#2351 = DIRECTION ( 'NONE',  ( 1.000000000000000000, 0.000000000000000000, 0.000000000000000000 ) ) ;
#2352 = ORIENTED_EDGE ( 'NONE', *, *, #718, .F. ) ;
#2353 = EDGE_CURVE ( 'NONE', #742, #1404, #1348, .T. ) ;
#2354 = PLANE ( 'NONE',  #1590 ) ;
#2355 = ORIENTED_EDGE ( 'NONE', *, *, #1933, .T. ) ;
#2356 = PRESENTATION_STYLE_ASSIGNMENT (( #877 ) ) ;
#2357 = FACE_OUTER_BOUND ( 'NONE', #1939, .T. ) ;
#2358 = VERTEX_POINT ( 'NONE', #2095 ) ;
#2359 = PLANE ( 'NONE',  #1272 ) ;
#2360 = VECTOR ( 'NONE', #183, 1000.000000000000000 ) ;
#2361 = AXIS2_PLACEMENT_3D ( 'NONE', #538, #1283, #673 ) ;
#2362 = LINE ( 'NONE', #2202, #423 ) ;
#2363 = ORIENTED_EDGE ( 'NONE', *, *, #1061, .F. ) ;
#2364 = VECTOR ( 'NONE', #1946, 1000.000000000000000 ) ;
#2365 = CARTESIAN_POINT ( 'NONE',  ( -10.00000000000000178, -10.30499999999960892, 15.00000000000000000 ) ) ;
#2366 = CARTESIAN_POINT ( 'NONE',  ( 82.39344154601936054, -149.5182466994157551, 0.000000000000000000 ) ) ;
#2367 = ORIENTED_EDGE ( 'NONE', *, *, #937, .T. ) ;
#2368 = VECTOR ( 'NONE', #1414, 1000.000000000000000 ) ;
#2369 = ADVANCED_FACE ( 'NONE', ( #1314 ), #782, .F. ) ;
#2370 = VECTOR ( 'NONE', #1183, 1000.000000000000000 ) ;
#2371 = CARTESIAN_POINT ( 'NONE',  ( 87.89344154601936054, -153.8466738241618543, 0.000000000000000000 ) ) ;
#2372 = ORIENTED_EDGE ( 'NONE', *, *, #1597, .T. ) ;
#2373 = DIRECTION ( 'NONE',  ( -1.000000000000000000, 4.906538933386862717E-15, -0.000000000000000000 ) ) ;
#2374 = CARTESIAN_POINT ( 'NONE',  ( 82.39344154601936054, -149.5182466994157551, 15.00000000000000000 ) ) ;
#2375 = EDGE_LOOP ( 'NONE', ( #1268, #1098, #1812, #1150, #245, #916 ) ) ;
#2376 = CARTESIAN_POINT ( 'NONE',  ( 14.98175330058431065, -58.06492789363619522, 15.00000000000000000 ) ) ;
#2377 = DIRECTION ( 'NONE',  ( 0.000000000000000000, -0.000000000000000000, -1.000000000000000000 ) ) ;
#2378 = EDGE_LOOP ( 'NONE', ( #1874, #1618, #755, #1970, #1718 ) ) ;
#2379 = ADVANCED_FACE ( 'NONE', ( #1529 ), #1143, .F. ) ;
#2380 = DIRECTION ( 'NONE',  ( -0.000000000000000000, 0.000000000000000000, 1.000000000000000000 ) ) ;
#2381 = EDGE_LOOP ( 'NONE', ( #148, #1066, #630, #2005, #2122, #1599 ) ) ;
#2382 = CARTESIAN_POINT ( 'NONE',  ( 119.6950000000001353, -169.9999999999999716, 11.99999999999999645 ) ) ;
#2383 = DIRECTION ( 'NONE',  ( 1.000000000000000000, 0.000000000000000000, -0.000000000000000000 ) ) ;
#2384 = ORIENTED_EDGE ( 'NONE', *, *, #1456, .F. ) ;
#2385 = CARTESIAN_POINT ( 'NONE',  ( 37.68206464386820898, -115.4134715150620139, -1.250553921878853730E-22 ) ) ;
#2386 = DIRECTION ( 'NONE',  ( 1.000000000000000000, 0.000000000000000000, -0.000000000000000000 ) ) ;
#2387 = EDGE_LOOP ( 'NONE', ( #60, #1553, #227, #783 ) ) ;
#2388 = DIRECTION ( 'NONE',  ( -0.7071067811865425767, -0.7071067811865524577, -0.000000000000000000 ) ) ;
#2389 = FACE_OUTER_BOUND ( 'NONE', #2315, .T. ) ;
#2390 = EDGE_CURVE ( 'NONE', #955, #101, #2101, .T. ) ;
#2391 = ORIENTED_EDGE ( 'NONE', *, *, #65, .T. ) ;
#2392 = DIRECTION ( 'NONE',  ( 0.000000000000000000, 0.000000000000000000, 1.000000000000000000 ) ) ;
#2393 = ORIENTED_EDGE ( 'NONE', *, *, #986, .F. ) ;
#2394 = VECTOR ( 'NONE', #1988, 1000.000000000000000 ) ;
#2395 = EDGE_CURVE ( 'NONE', #940, #1404, #504, .T. ) ;
#2396 = AXIS2_PLACEMENT_3D ( 'NONE', #1927, #1572, #2281 ) ;
#2397 = CARTESIAN_POINT ( 'NONE',  ( 87.89344154601936054, -130.9766161390712398, -20.00000000000000355 ) ) ;
#2398 = CARTESIAN_POINT ( 'NONE',  ( 159.6950000000001069, -151.9999999999999716, -5.000000000000004441 ) ) ;
#2399 = ORIENTED_EDGE ( 'NONE', *, *, #2179, .F. ) ;
#2400 = AXIS2_PLACEMENT_3D ( 'NONE', #1241, #278, #1020 ) ;
#2401 = AXIS2_PLACEMENT_3D ( 'NONE', #2089, #383, #24 ) ;
ENDSEC;
END-ISO-10303-21;
