ISO-10303-21;
HEADER;
FILE_DESCRIPTION (( 'STEP AP214' ),
    '1' );
FILE_NAME ('¸¡¶¯°å.STEP',
    '2025-10-29T08:39:50',
    ( '' ),
    ( '' ),
    'SwSTEP 2.0',
    'SolidWorks 2025',
    '' );
FILE_SCHEMA (( 'AUTOMOTIVE_DESIGN' ));
ENDSEC;

DATA;
#1 = AXIS2_PLACEMENT_3D ( 'NONE', #12306, #7099, #11275 ) ;
#2 = DIRECTION ( 'NONE',  ( -0.7071067811865482389, 0.000000000000000000, -0.7071067811865469066 ) ) ;
#3 = ORIENTED_EDGE ( 'NONE', *, *, #176, .F. ) ;
#4 = CARTESIAN_POINT ( 'NONE',  ( 174.7379805785753035, 126.1960381709627512, 8.800000000000000711 ) ) ;
#5 = DIRECTION ( 'NONE',  ( -0.000000000000000000, 0.000000000000000000, 1.000000000000000000 ) ) ;
#6 = DIRECTION ( 'NONE',  ( -0.000000000000000000, -0.000000000000000000, -1.000000000000000000 ) ) ;
#7 = EDGE_CURVE ( 'NONE', #1529, #1184, #12479, .T. ) ;
#8 = EDGE_CURVE ( 'NONE', #7919, #3312, #3933, .T. ) ;
#9 = CARTESIAN_POINT ( 'NONE',  ( 12.49999999999989875, 153.4007550163805149, 0.1252272915131833197 ) ) ;
#10 = ORIENTED_EDGE ( 'NONE', *, *, #11524, .F. ) ;
#11 = ORIENTED_EDGE ( 'NONE', *, *, #10030, .T. ) ;
#12 = ORIENTED_EDGE ( 'NONE', *, *, #11513, .F. ) ;
#13 = LINE ( 'NONE', #4150, #12523 ) ;
#14 = PLANE ( 'NONE',  #6686 ) ;
#15 = CIRCLE ( 'NONE', #7872, 1.750000000000001554 ) ;
#16 = EDGE_LOOP ( 'NONE', ( #3152, #8058, #8097, #8424 ) ) ;
#17 = PLANE ( 'NONE',  #8613 ) ;
#18 = FACE_OUTER_BOUND ( 'NONE', #112, .T. ) ;
#19 = DIRECTION ( 'NONE',  ( 1.000000000000000000, 0.000000000000000000, 0.000000000000000000 ) ) ;
#20 = EDGE_CURVE ( 'NONE', #7832, #6966, #8391, .T. ) ;
#21 = ORIENTED_EDGE ( 'NONE', *, *, #1238, .T. ) ;
#22 = DIRECTION ( 'NONE',  ( 1.000000000000000000, 0.000000000000000000, 0.000000000000000000 ) ) ;
#23 = EDGE_LOOP ( 'NONE', ( #4743, #8095, #5798, #13054 ) ) ;
#24 = ORIENTED_EDGE ( 'NONE', *, *, #12238, .F. ) ;
#25 = DIRECTION ( 'NONE',  ( -0.000000000000000000, -0.000000000000000000, -1.000000000000000000 ) ) ;
#26 = CARTESIAN_POINT ( 'NONE',  ( 197.3288390266748991, -4.192077597143913259, 9.000000000000000000 ) ) ;
#27 = LINE ( 'NONE', #7403, #11206 ) ;
#28 = ORIENTED_EDGE ( 'NONE', *, *, #7755, .T. ) ;
#29 = ORIENTED_EDGE ( 'NONE', *, *, #13236, .F. ) ;
#30 = CARTESIAN_POINT ( 'NONE',  ( 176.2125746255661909, 63.55093561087003451, 10.40000000000000213 ) ) ;
#31 = CARTESIAN_POINT ( 'NONE',  ( 0.000000000000000000, 83.05906438913005729, 8.800000000000000711 ) ) ;
#32 = EDGE_CURVE ( 'NONE', #11924, #2113, #3135, .T. ) ;
#33 = DIRECTION ( 'NONE',  ( -1.000000000000000000, -2.684291645611831623E-15, 0.000000000000000000 ) ) ;
#34 = ORIENTED_EDGE ( 'NONE', *, *, #6250, .T. ) ;
#35 = LINE ( 'NONE', #4179, #11657 ) ;
#36 = CARTESIAN_POINT ( 'NONE',  ( 92.59275623606896488, 8.774332390532082471, 0.000000000000000000 ) ) ;
#37 = VERTEX_POINT ( 'NONE', #13528 ) ;
#38 = CARTESIAN_POINT ( 'NONE',  ( 26.54116097332609669, 99.50862242824007353, 10.40000000000000213 ) ) ;
#39 = ORIENTED_EDGE ( 'NONE', *, *, #11844, .F. ) ;
#40 = VECTOR ( 'NONE', #9030, 1000.000000000000000 ) ;
#41 = LINE ( 'NONE', #10423, #8353 ) ;
#42 = CARTESIAN_POINT ( 'NONE',  ( 190.9588390266749514, 28.60989453229147017, 10.40000000000000213 ) ) ;
#43 = ADVANCED_FACE ( 'NONE', ( #9617 ), #4134, .F. ) ;
#44 = EDGE_LOOP ( 'NONE', ( #3916, #7572, #712, #1229 ) ) ;
#45 = DIRECTION ( 'NONE',  ( 1.000000000000000000, 0.000000000000000000, 0.000000000000000000 ) ) ;
#46 = CARTESIAN_POINT ( 'NONE',  ( 43.90740921684026432, 127.5961548734684499, 8.800000000000000711 ) ) ;
#47 = CARTESIAN_POINT ( 'NONE',  ( 78.81811639599669661, 142.0078835394621706, 10.00000000000000000 ) ) ;
#48 = EDGE_CURVE ( 'NONE', #3900, #3753, #12644, .T. ) ;
#49 = EDGE_CURVE ( 'NONE', #7041, #12607, #8979, .T. ) ;
#50 = CIRCLE ( 'NONE', #8780, 1.900000000000012790 ) ;
#51 = DIRECTION ( 'NONE',  ( -0.000000000000000000, -0.000000000000000000, -1.000000000000000000 ) ) ;
#52 = ORIENTED_EDGE ( 'NONE', *, *, #10820, .F. ) ;
#53 = LINE ( 'NONE', #5422, #10497 ) ;
#54 = CARTESIAN_POINT ( 'NONE',  ( 197.3288390266748706, 149.8940936094211054, 8.800000000000000711 ) ) ;
#55 = VERTEX_POINT ( 'NONE', #10496 ) ;
#56 = DIRECTION ( 'NONE',  ( -0.000000000000000000, -0.000000000000000000, -1.000000000000000000 ) ) ;
#57 = DIRECTION ( 'NONE',  ( -1.000000000000000000, 0.000000000000000000, 0.000000000000000000 ) ) ;
#58 = VERTEX_POINT ( 'NONE', #8527 ) ;
#59 = CARTESIAN_POINT ( 'NONE',  ( 191.9588390266749514, 83.05906438913014256, 10.40000000000000213 ) ) ;
#60 = VECTOR ( 'NONE', #8916, 1000.000000000000000 ) ;
#61 = ADVANCED_FACE ( 'NONE', ( #4391 ), #8591, .F. ) ;
#62 = CARTESIAN_POINT ( 'NONE',  ( 81.02043897411351736, 90.72411899924007628, 10.40000000000000213 ) ) ;
#63 = VERTEX_POINT ( 'NONE', #1154 ) ;
#64 = EDGE_CURVE ( 'NONE', #6591, #12170, #5451, .T. ) ;
#65 = EDGE_CURVE ( 'NONE', #3352, #12381, #4151, .T. ) ;
#66 = DIRECTION ( 'NONE',  ( -0.000000000000000000, -0.000000000000000000, -1.000000000000000000 ) ) ;
#67 = CYLINDRICAL_SURFACE ( 'NONE', #4924, 1.900000000000012790 ) ;
#68 = LINE ( 'NONE', #10641, #4883 ) ;
#69 = CIRCLE ( 'NONE', #12108, 1.900000000000012790 ) ;
#70 = CARTESIAN_POINT ( 'NONE',  ( 45.11403200266500590, 50.66125931876361221, 10.00000000000000000 ) ) ;
#71 = AXIS2_PLACEMENT_3D ( 'NONE', #7217, #11389, #8447 ) ;
#72 = VERTEX_POINT ( 'NONE', #11467 ) ;
#73 = FACE_BOUND ( 'NONE', #4178, .T. ) ;
#74 = EDGE_LOOP ( 'NONE', ( #7057, #6160, #8898, #8111 ) ) ;
#75 = ORIENTED_EDGE ( 'NONE', *, *, #10773, .T. ) ;
#76 = ADVANCED_FACE ( 'NONE', ( #10437 ), #6372, .T. ) ;
#77 = CIRCLE ( 'NONE', #11418, 1.750000000000001554 ) ;
#78 = CARTESIAN_POINT ( 'NONE',  ( 148.0597551873219118, 89.69314898022133775, 8.800000000000000711 ) ) ;
#79 = AXIS2_PLACEMENT_3D ( 'NONE', #5821, #9065, #10012 ) ;
#80 = EDGE_LOOP ( 'NONE', ( #12591, #6169, #8838, #3704 ) ) ;
#81 = DIRECTION ( 'NONE',  ( 0.000000000000000000, 0.000000000000000000, -1.000000000000000000 ) ) ;
#82 = CARTESIAN_POINT ( 'NONE',  ( 172.7127247140765007, 133.7887398999099275, 0.000000000000000000 ) ) ;
#83 = AXIS2_PLACEMENT_3D ( 'NONE', #8602, #66, #4337 ) ;
#84 = ORIENTED_EDGE ( 'NONE', *, *, #3316, .F. ) ;
#85 = CARTESIAN_POINT ( 'NONE',  ( 44.61730598147647697, 58.29192021169607330, 8.800000000000000711 ) ) ;
#86 = VECTOR ( 'NONE', #5039, 1000.000000000000000 ) ;
#87 = ORIENTED_EDGE ( 'NONE', *, *, #3751, .T. ) ;
#88 = AXIS2_PLACEMENT_3D ( 'NONE', #5052, #6078, #12328 ) ;
#89 = EDGE_LOOP ( 'NONE', ( #11867, #6023, #8693, #6770 ) ) ;
#90 = CARTESIAN_POINT ( 'NONE',  ( 172.7127247140765007, 138.8970351559032963, 0.000000000000000000 ) ) ;
#91 = EDGE_CURVE ( 'NONE', #7764, #2113, #7665, .T. ) ;
#92 = EDGE_CURVE ( 'NONE', #11094, #4035, #2653, .T. ) ;
#93 = AXIS2_PLACEMENT_3D ( 'NONE', #5799, #7927, #10436 ) ;
#94 = AXIS2_PLACEMENT_3D ( 'NONE', #2714, #10025, #10090 ) ;
#95 = CARTESIAN_POINT ( 'NONE',  ( 122.9267149358793034, 20.09410048508981816, 8.800000000000000711 ) ) ;
#96 = CARTESIAN_POINT ( 'NONE',  ( 43.36403200266500590, 45.55398713153164891, 0.000000000000000000 ) ) ;
#97 = CARTESIAN_POINT ( 'NONE',  ( 197.3288390266748991, 82.80500000000019156, 10.00000000000000000 ) ) ;
#98 = ORIENTED_EDGE ( 'NONE', *, *, #5492, .T. ) ;
#99 = AXIS2_PLACEMENT_3D ( 'NONE', #7323, #6328, #11490 ) ;
#100 = B_SPLINE_CURVE_WITH_KNOTS ( 'NONE', 3,
 ( #1889, #13373, #8997, #2990, #729, #3853 ),
 .UNSPECIFIED., .F., .F.,
 ( 4, 2, 4 ),
 ( 1.735855198532084985E-17, 0.001201479159604162874, 0.002402958319208308401 ),
 .UNSPECIFIED. ) ;
#101 = VERTEX_POINT ( 'NONE', #11808 ) ;
#102 = CARTESIAN_POINT ( 'NONE',  ( 127.0962509126547531, 7.991974365494981747, 10.00000000000000000 ) ) ;
#103 = CARTESIAN_POINT ( 'NONE',  ( 200.5000000000004547, -7.389999999999986358, 10.00000000000000000 ) ) ;
#104 = DIRECTION ( 'NONE',  ( -0.000000000000000000, 0.000000000000000000, 1.000000000000000000 ) ) ;
#105 = ORIENTED_EDGE ( 'NONE', *, *, #4396, .T. ) ;
#106 = DIRECTION ( 'NONE',  ( -0.000000000000000000, 0.000000000000000000, 1.000000000000000000 ) ) ;
#107 = DIRECTION ( 'NONE',  ( -0.000000000000000000, 0.000000000000000000, 1.000000000000000000 ) ) ;
#108 = CIRCLE ( 'NONE', #6843, 1.750000000000001554 ) ;
#109 = ORIENTED_EDGE ( 'NONE', *, *, #7476, .T. ) ;
#110 = AXIS2_PLACEMENT_3D ( 'NONE', #7265, #2078, #3179 ) ;
#111 = DIRECTION ( 'NONE',  ( -0.000000000000000000, -0.000000000000000000, -1.000000000000000000 ) ) ;
#112 = EDGE_LOOP ( 'NONE', ( #11855, #10877, #5579, #506 ) ) ;
#113 = MECHANICAL_DESIGN_GEOMETRIC_PRESENTATION_REPRESENTATION (  '', ( #1868 ), #3594 ) ;
#114 = CARTESIAN_POINT ( 'NONE',  ( 136.5408573292053234, 16.07759220218804330, 10.40000000000000213 ) ) ;
#115 = ADVANCED_FACE ( 'NONE', ( #400 ), #4678, .F. ) ;
#116 = DIRECTION ( 'NONE',  ( -0.000000000000000000, -0.000000000000000000, -1.000000000000000000 ) ) ;
#117 = ORIENTED_EDGE ( 'NONE', *, *, #13372, .T. ) ;
#118 = VECTOR ( 'NONE', #12150, 1000.000000000000000 ) ;
#119 = LINE ( 'NONE', #4320, #4964 ) ;
#120 = FACE_OUTER_BOUND ( 'NONE', #4968, .T. ) ;
#121 = LINE ( 'NONE', #1785, #40 ) ;
#122 = AXIS2_PLACEMENT_3D ( 'NONE', #6416, #2013, #12679 ) ;
#123 = DIRECTION ( 'NONE',  ( -0.000000000000000000, -0.000000000000000000, -1.000000000000000000 ) ) ;
#124 = ORIENTED_EDGE ( 'NONE', *, *, #13131, .F. ) ;
#125 = DIRECTION ( 'NONE',  ( -1.000000000000000000, 0.000000000000000000, 0.000000000000000000 ) ) ;
#126 = DIRECTION ( 'NONE',  ( -0.000000000000000000, 0.000000000000000000, 1.000000000000000000 ) ) ;
#127 = ORIENTED_EDGE ( 'NONE', *, *, #4542, .T. ) ;
#128 = ORIENTED_EDGE ( 'NONE', *, *, #1758, .T. ) ;
#129 = CARTESIAN_POINT ( 'NONE',  ( 191.9588390266749514, 124.7179551689040551, 9.400000000000000355 ) ) ;
#130 = EDGE_CURVE ( 'NONE', #63, #9039, #10495, .T. ) ;
#131 = AXIS2_PLACEMENT_3D ( 'NONE', #8134, #8206, #7239 ) ;
#132 = ORIENTED_EDGE ( 'NONE', *, *, #3918, .T. ) ;
#133 = AXIS2_PLACEMENT_3D ( 'NONE', #10917, #2665, #1569 ) ;
#134 = CARTESIAN_POINT ( 'NONE',  ( 174.2309708550598657, 132.9184361280065332, 10.00000000000000000 ) ) ;
#135 = CARTESIAN_POINT ( 'NONE',  ( 174.7485405866029851, 19.82081807526519057, 0.000000000000000000 ) ) ;
#136 = DIRECTION ( 'NONE',  ( 1.000000000000000000, 0.000000000000000000, 0.000000000000000000 ) ) ;
#137 = VECTOR ( 'NONE', #343, 1000.000000000000227 ) ;
#138 = CARTESIAN_POINT ( 'NONE',  ( 53.43081683830543227, 110.1681598252935999, 8.800000000000000711 ) ) ;
#139 = ORIENTED_EDGE ( 'NONE', *, *, #12141, .F. ) ;
#140 = EDGE_CURVE ( 'NONE', #3915, #6840, #11943, .T. ) ;
#141 = LINE ( 'NONE', #10511, #6097 ) ;
#142 = ORIENTED_EDGE ( 'NONE', *, *, #646, .T. ) ;
#143 = ORIENTED_EDGE ( 'NONE', *, *, #13254, .F. ) ;
#144 = EDGE_CURVE ( 'NONE', #4587, #3618, #6578, .T. ) ;
#146 = ADVANCED_FACE ( 'NONE', ( #10968 ), #10838, .F. ) ;
#145 = AXIS2_PLACEMENT_3D ( 'NONE', #2519, #1554, #2584 ) ;
#147 = DIRECTION ( 'NONE',  ( -0.000000000000000000, 0.000000000000000000, 1.000000000000000000 ) ) ;
#148 = ORIENTED_EDGE ( 'NONE', *, *, #309, .F. ) ;
#149 = FACE_OUTER_BOUND ( 'NONE', #10987, .T. ) ;
#150 = DIRECTION ( 'NONE',  ( -0.000000000000000000, 0.000000000000000000, 1.000000000000000000 ) ) ;
#151 = VECTOR ( 'NONE', #6288, 1000.000000000000114 ) ;
#152 = VERTEX_POINT ( 'NONE', #7836 ) ;
#153 = ORIENTED_EDGE ( 'NONE', *, *, #12020, .T. ) ;
#154 = EDGE_CURVE ( 'NONE', #10873, #72, #3597, .T. ) ;
#155 = AXIS2_PLACEMENT_3D ( 'NONE', #10363, #1967, #6109 ) ;
#156 = DIRECTION ( 'NONE',  ( -0.000000000000000000, -0.000000000000000000, -1.000000000000000000 ) ) ;
#157 = VERTEX_POINT ( 'NONE', #5632 ) ;
#158 = ORIENTED_EDGE ( 'NONE', *, *, #7853, .F. ) ;
#159 = ADVANCED_FACE ( 'NONE', ( #2446 ), #2586, .F. ) ;
#160 = PLANE ( 'NONE',  #6728 ) ;
#161 = CIRCLE ( 'NONE', #4951, 1.900000000000012790 ) ;
#162 = DIRECTION ( 'NONE',  ( 0.000000000000000000, 0.000000000000000000, 1.000000000000000000 ) ) ;
#163 = CARTESIAN_POINT ( 'NONE',  ( 132.3762620681505382, 28.07725675849961888, 10.00000000000000000 ) ) ;
#164 = VECTOR ( 'NONE', #6463, 1000.000000000000000 ) ;
#165 = DIRECTION ( 'NONE',  ( -0.000000000000000000, 0.000000000000000000, 1.000000000000000000 ) ) ;
#166 = EDGE_LOOP ( 'NONE', ( #8449, #5133, #7213, #10925, #11499 ) ) ;
#167 = CIRCLE ( 'NONE', #832, 1.750000000000001554 ) ;
#168 = VERTEX_POINT ( 'NONE', #12906 ) ;
#169 = PLANE ( 'NONE',  #3793 ) ;
#170 = DIRECTION ( 'NONE',  ( -0.000000000000000000, 0.000000000000000000, 1.000000000000000000 ) ) ;
#171 = CARTESIAN_POINT ( 'NONE',  ( 42.86730598147647697, 48.02469477777533058, 10.00000000000000000 ) ) ;
#172 = DIRECTION ( 'NONE',  ( -0.000000000000000000, 1.000000000000000000, -0.000000000000000000 ) ) ;
#173 = ORIENTED_EDGE ( 'NONE', *, *, #2667, .T. ) ;
#174 = EDGE_CURVE ( 'NONE', #7378, #9085, #12275, .T. ) ;
#175 = DIRECTION ( 'NONE',  ( -1.000000000000000000, 0.000000000000000000, -0.000000000000000000 ) ) ;
#176 = EDGE_CURVE ( 'NONE', #1752, #3701, #9674, .T. ) ;
#177 = VECTOR ( 'NONE', #4810, 1000.000000000000000 ) ;
#178 = FACE_OUTER_BOUND ( 'NONE', #7196, .T. ) ;
#179 = ORIENTED_EDGE ( 'NONE', *, *, #3497, .F. ) ;
#180 = CIRCLE ( 'NONE', #4962, 1.900000000000012790 ) ;
#181 = DIRECTION ( 'NONE',  ( 1.000000000000000000, 0.000000000000000000, 0.000000000000000000 ) ) ;
#182 = ORIENTED_EDGE ( 'NONE', *, *, #8290, .T. ) ;
#183 = CIRCLE ( 'NONE', #12410, 1.750000000000001554 ) ;
#184 = DIRECTION ( 'NONE',  ( 1.485289157052436882E-16, -1.000000000000000000, 0.000000000000000000 ) ) ;
#185 = DIRECTION ( 'NONE',  ( -0.000000000000000000, -0.000000000000000000, -1.000000000000000000 ) ) ;
#186 = LINE ( 'NONE', #11391, #8570 ) ;
#187 = ORIENTED_EDGE ( 'NONE', *, *, #5684, .T. ) ;
#188 = CIRCLE ( 'NONE', #13496, 1.899999999999985034 ) ;
#189 = DIRECTION ( 'NONE',  ( 1.000000000000000000, 0.000000000000000000, 0.000000000000000000 ) ) ;
#190 = CARTESIAN_POINT ( 'NONE',  ( 17.00000000000004619, -7.390000000000535252, 0.000000000000000000 ) ) ;
#191 = AXIS2_PLACEMENT_3D ( 'NONE', #6812, #10999, #5786 ) ;
#192 = DIRECTION ( 'NONE',  ( -1.000000000000000000, 0.000000000000000000, 0.000000000000000000 ) ) ;
#193 = VERTEX_POINT ( 'NONE', #12976 ) ;
#194 = LINE ( 'NONE', #4327, #961 ) ;
#195 = CARTESIAN_POINT ( 'NONE',  ( 172.7127247140765007, 138.8970351559032963, 0.000000000000000000 ) ) ;
#196 = EDGE_CURVE ( 'NONE', #1142, #11319, #3939, .T. ) ;
#197 = CARTESIAN_POINT ( 'NONE',  ( 197.3288390266748991, 82.80500000000019156, -55.14129099142832047 ) ) ;
#198 = VERTEX_POINT ( 'NONE', #4466 ) ;
#199 = ORIENTED_EDGE ( 'NONE', *, *, #3920, .F. ) ;
#200 = CARTESIAN_POINT ( 'NONE',  ( 45.11403200266500590, 55.61338254596925168, 0.000000000000000000 ) ) ;
#201 = AXIS2_PLACEMENT_3D ( 'NONE', #6604, #1450, #8754 ) ;
#202 = CARTESIAN_POINT ( 'NONE',  ( 81.05166045703634836, 13.10754140209606078, 10.40000000000000213 ) ) ;
#203 = CARTESIAN_POINT ( 'NONE',  ( 30.40638245624894509, 28.60989453229144885, 10.40000000000000213 ) ) ;
#204 = ORIENTED_EDGE ( 'NONE', *, *, #5176, .F. ) ;
#205 = DIRECTION ( 'NONE',  ( 0.7071039827808557332, -0.7071095795811646045, -0.000000000000000000 ) ) ;
#206 = CARTESIAN_POINT ( 'NONE',  ( 187.0936175437515487, 28.60989453229146662, 10.40000000000000213 ) ) ;
#207 = CARTESIAN_POINT ( 'NONE',  ( 30.40638245624894509, 28.60989453229144885, 4.400000000000001243 ) ) ;
#208 = EDGE_CURVE ( 'NONE', #8319, #1314, #3208, .T. ) ;
#209 = FACE_OUTER_BOUND ( 'NONE', #352, .T. ) ;
#210 = CARTESIAN_POINT ( 'NONE',  ( 172.7127247140765007, 133.7887398999099275, 10.00000000000000000 ) ) ;
#211 = ORIENTED_EDGE ( 'NONE', *, *, #586, .F. ) ;
#212 = FACE_BOUND ( 'NONE', #10833, .T. ) ;
#213 = ORIENTED_EDGE ( 'NONE', *, *, #2993, .T. ) ;
#214 = ORIENTED_EDGE ( 'NONE', *, *, #6864, .F. ) ;
#215 = CARTESIAN_POINT ( 'NONE',  ( 45.11403200266500590, 50.66125931876361221, 8.800000000000000711 ) ) ;
#216 = DIRECTION ( 'NONE',  ( -0.000000000000000000, 0.000000000000000000, 1.000000000000000000 ) ) ;
#217 = DIRECTION ( 'NONE',  ( 1.000000000000000000, 0.000000000000000000, 0.000000000000000000 ) ) ;
#218 = EDGE_CURVE ( 'NONE', #12938, #6840, #6332, .T. ) ;
#219 = ORIENTED_EDGE ( 'NONE', *, *, #4481, .F. ) ;
#220 = CARTESIAN_POINT ( 'NONE',  ( 45.11403200266500590, 128.8636569258251825, 8.800000000000000711 ) ) ;
#221 = DIRECTION ( 'NONE',  ( 1.000000000000000000, 0.000000000000000000, 0.000000000000000000 ) ) ;
#222 = VECTOR ( 'NONE', #9973, 1000.000000000000000 ) ;
#223 = ORIENTED_EDGE ( 'NONE', *, *, #5902, .F. ) ;
#224 = ORIENTED_EDGE ( 'NONE', *, *, #12949, .T. ) ;
#225 = CARTESIAN_POINT ( 'NONE',  ( 90.50672948317448174, 98.95013237564819519, 8.800000000000000711 ) ) ;
#226 = ORIENTED_EDGE ( 'NONE', *, *, #1158, .T. ) ;
#227 = ORIENTED_EDGE ( 'NONE', *, *, #1037, .T. ) ;
#228 = DIRECTION ( 'NONE',  ( 1.000000000000000000, 0.000000000000000000, 0.000000000000000000 ) ) ;
#229 = VECTOR ( 'NONE', #7651, 1000.000000000000000 ) ;
#230 = DIRECTION ( 'NONE',  ( -1.000000000000000000, 0.000000000000000000, 0.000000000000000000 ) ) ;
#231 = EDGE_CURVE ( 'NONE', #1512, #9637, #10864, .T. ) ;
#232 = ORIENTED_EDGE ( 'NONE', *, *, #5747, .F. ) ;
#233 = VERTEX_POINT ( 'NONE', #5584 ) ;
#234 = CARTESIAN_POINT ( 'NONE',  ( 17.00000000000000000, 153.0000000000004547, 7.000000000000000000 ) ) ;
#235 = DIRECTION ( 'NONE',  ( 1.000000000000000000, 0.000000000000000000, 0.000000000000000000 ) ) ;
#236 = DIRECTION ( 'NONE',  ( 1.000000000000000000, 0.000000000000000000, 0.000000000000000000 ) ) ;
#237 = EDGE_CURVE ( 'NONE', #8244, #13221, #11002, .T. ) ;
#238 = EDGE_CURVE ( 'NONE', #1824, #2174, #917, .T. ) ;
#239 = DIRECTION ( 'NONE',  ( 0.000000000000000000, 0.000000000000000000, 1.000000000000000000 ) ) ;
#240 = ORIENTED_EDGE ( 'NONE', *, *, #10725, .T. ) ;
#241 = CARTESIAN_POINT ( 'NONE',  ( 83.10734701375183420, 78.84319752287538563, 10.00000000000000000 ) ) ;
#242 = LINE ( 'NONE', #5409, #2985 ) ;
#243 = VERTEX_POINT ( 'NONE', #12930 ) ;
#244 = DIRECTION ( 'NONE',  ( -0.000000000000000000, -0.000000000000000000, -1.000000000000000000 ) ) ;
#245 = ORIENTED_EDGE ( 'NONE', *, *, #4585, .T. ) ;
#246 = FACE_OUTER_BOUND ( 'NONE', #12095, .T. ) ;
#247 = DIRECTION ( 'NONE',  ( -0.000000000000000000, 0.000000000000000000, 1.000000000000000000 ) ) ;
#248 = EDGE_CURVE ( 'NONE', #7798, #7652, #13356, .T. ) ;
#249 = VERTEX_POINT ( 'NONE', #5656 ) ;
#250 = EDGE_CURVE ( 'NONE', #11261, #2562, #13139, .T. ) ;
#251 = DIRECTION ( 'NONE',  ( 1.000000000000000000, 0.000000000000000000, 0.000000000000000000 ) ) ;
#252 = FACE_OUTER_BOUND ( 'NONE', #803, .T. ) ;
#253 = DIRECTION ( 'NONE',  ( -0.000000000000000000, 0.000000000000000000, 1.000000000000000000 ) ) ;
#254 = CARTESIAN_POINT ( 'NONE',  ( 174.0239112990023500, 13.09992932628742324, 8.800000000000000711 ) ) ;
#255 = ORIENTED_EDGE ( 'NONE', *, *, #3236, .F. ) ;
#256 = DIRECTION ( 'NONE',  ( 0.7071039827808559552, -0.7071095795811642715, 0.000000000000000000 ) ) ;
#257 = DIRECTION ( 'NONE',  ( 0.000000000000000000, 0.000000000000000000, -1.000000000000000000 ) ) ;
#258 = ORIENTED_EDGE ( 'NONE', *, *, #7315, .F. ) ;
#259 = VECTOR ( 'NONE', #9611, 1000.000000000000000 ) ;
#260 = DIRECTION ( 'NONE',  ( 0.000000000000000000, 0.000000000000000000, 1.000000000000000000 ) ) ;
#261 = DIRECTION ( 'NONE',  ( -1.000000000000000000, 0.000000000000000000, 0.000000000000000000 ) ) ;
#262 = CARTESIAN_POINT ( 'NONE',  ( 20.17116097332603175, 149.8940936094211054, 9.000000000000000000 ) ) ;
#263 = LINE ( 'NONE', #4393, #13099 ) ;
#264 = DIRECTION ( 'NONE',  ( -0.000000000000000000, -0.000000000000000000, -1.000000000000000000 ) ) ;
#265 = EDGE_CURVE ( 'NONE', #1956, #2628, #2893, .T. ) ;
#266 = EDGE_CURVE ( 'NONE', #12682, #3343, #6528, .T. ) ;
#267 = VECTOR ( 'NONE', #11511, 1000.000000000000000 ) ;
#268 = ORIENTED_EDGE ( 'NONE', *, *, #597, .F. ) ;
#269 = DIRECTION ( 'NONE',  ( -0.000000000000000000, -0.000000000000000000, -1.000000000000000000 ) ) ;
#270 = DIRECTION ( 'NONE',  ( -0.000000000000000000, 0.000000000000000000, 1.000000000000000000 ) ) ;
#271 = DIRECTION ( 'NONE',  ( -0.000000000000000000, 1.000000000000000000, -0.000000000000000000 ) ) ;
#272 = FACE_BOUND ( 'NONE', #11193, .T. ) ;
#273 = ORIENTED_EDGE ( 'NONE', *, *, #13226, .F. ) ;
#274 = CARTESIAN_POINT ( 'NONE',  ( 149.9597551873219174, 89.69314898022133775, 0.000000000000000000 ) ) ;
#275 = VERTEX_POINT ( 'NONE', #6746 ) ;
#276 = VECTOR ( 'NONE', #10677, 1000.000000000000000 ) ;
#277 = VERTEX_POINT ( 'NONE', #8689 ) ;
#278 = EDGE_CURVE ( 'NONE', #2199, #1602, #486, .T. ) ;
#279 = LINE ( 'NONE', #10861, #4954 ) ;
#280 = ORIENTED_EDGE ( 'NONE', *, *, #238, .F. ) ;
#281 = CIRCLE ( 'NONE', #12956, 1.900000000000012790 ) ;
#282 = CARTESIAN_POINT ( 'NONE',  ( 173.2356782389795171, 59.52956377675079835, 0.000000000000000000 ) ) ;
#283 = LINE ( 'NONE', #10458, #6846 ) ;
#284 = VERTEX_POINT ( 'NONE', #4492 ) ;
#285 = VERTEX_POINT ( 'NONE', #12864 ) ;
#286 = DIRECTION ( 'NONE',  ( -0.000000000000000000, -0.000000000000000000, -1.000000000000000000 ) ) ;
#287 = CYLINDRICAL_SURFACE ( 'NONE', #11950, 1.750000000000001554 ) ;
#288 = VERTEX_POINT ( 'NONE', #2543 ) ;
#289 = ORIENTED_EDGE ( 'NONE', *, *, #466, .F. ) ;
#290 = LINE ( 'NONE', #10666, #431 ) ;
#291 = CONICAL_SURFACE ( 'NONE', #9662, 7.649999999999989697, 0.7853981633974491672 ) ;
#292 = DIRECTION ( 'NONE',  ( -0.7071067811865584529, 0.000000000000000000, -0.7071067811865364705 ) ) ;
#293 = AXIS2_PLACEMENT_3D ( 'NONE', #13365, #12214, #11240 ) ;
#294 = EDGE_CURVE ( 'NONE', #3289, #1602, #5457, .T. ) ;
#295 = DIRECTION ( 'NONE',  ( -0.5773502691896205130, -0.5773502691896205130, 0.5773502691896363892 ) ) ;
#296 = ORIENTED_EDGE ( 'NONE', *, *, #13402, .F. ) ;
#297 = AXIS2_PLACEMENT_3D ( 'NONE', #4820, #1045, #1671 ) ;
#298 = EDGE_LOOP ( 'NONE', ( #11894, #9567, #7189, #3691 ) ) ;
#299 = CARTESIAN_POINT ( 'NONE',  ( 81.02043897411351736, 90.72411899924007628, 10.40000000000000213 ) ) ;
#300 = LINE ( 'NONE', #5603, #13009 ) ;
#301 = DIRECTION ( 'NONE',  ( -0.7071039827808559552, 0.7071095795811642715, 0.000000000000000000 ) ) ;
#302 = CIRCLE ( 'NONE', #7933, 1.750000000000001554 ) ;
#303 = VECTOR ( 'NONE', #5265, 1000.000000000000000 ) ;
#304 = CARTESIAN_POINT ( 'NONE',  ( 81.20734701375181430, 78.84319752287538563, 8.800000000000000711 ) ) ;
#305 = ORIENTED_EDGE ( 'NONE', *, *, #10997, .T. ) ;
#306 = DIRECTION ( 'NONE',  ( -0.000000000000000000, -0.000000000000000000, -1.000000000000000000 ) ) ;
#307 = CARTESIAN_POINT ( 'NONE',  ( 44.37490328837139941, 13.45608013069231923, 10.00000000000000000 ) ) ;
#308 = ORIENTED_EDGE ( 'NONE', *, *, #8354, .F. ) ;
#309 = EDGE_CURVE ( 'NONE', #5502, #8176, #2660, .T. ) ;
#310 = CARTESIAN_POINT ( 'NONE',  ( 17.00000000000000000, -7.389999999999980140, 7.000000000000000000 ) ) ;
#311 = ORIENTED_EDGE ( 'NONE', *, *, #4324, .F. ) ;
#312 = AXIS2_PLACEMENT_3D ( 'NONE', #10778, #5702, #6513 ) ;
#313 = AXIS2_PLACEMENT_3D ( 'NONE', #4875, #5834, #7140 ) ;
#314 = EDGE_CURVE ( 'NONE', #4344, #8551, #13006, .T. ) ;
#315 = EDGE_CURVE ( 'NONE', #7852, #9174, #8767, .T. ) ;
#316 = AXIS2_PLACEMENT_3D ( 'NONE', #11409, #9374, #136 ) ;
#317 = CIRCLE ( 'NONE', #980, 1.750000000000001554 ) ;
#318 = FACE_OUTER_BOUND ( 'NONE', #3611, .T. ) ;
#319 = VERTEX_POINT ( 'NONE', #8894 ) ;
#320 = PLANE ( 'NONE',  #6467 ) ;
#321 = DIRECTION ( 'NONE',  ( -0.000000000000000000, -0.000000000000000000, -1.000000000000000000 ) ) ;
#322 = CARTESIAN_POINT ( 'NONE',  ( 176.2281853670274927, 24.74264681229800189, 10.40000000000000213 ) ) ;
#323 = DIRECTION ( 'NONE',  ( 1.000000000000000000, 0.000000000000000000, 0.000000000000000000 ) ) ;
#324 = CIRCLE ( 'NONE', #7951, 1.750000000000029310 ) ;
#325 = VECTOR ( 'NONE', #1078, 1000.000000000000114 ) ;
#326 = DIRECTION ( 'NONE',  ( 0.000000000000000000, 0.000000000000000000, 1.000000000000000000 ) ) ;
#327 = EDGE_LOOP ( 'NONE', ( #11268, #211, #3574, #8888 ) ) ;
#328 = DIRECTION ( 'NONE',  ( -0.7071067811865493491, -0.7071067811865455743, 0.000000000000000000 ) ) ;
#329 = CIRCLE ( 'NONE', #2965, 1.750000000000001554 ) ;
#330 = DIRECTION ( 'NONE',  ( -0.000000000000000000, 0.000000000000000000, 1.000000000000000000 ) ) ;
#331 = VERTEX_POINT ( 'NONE', #4836 ) ;
#332 = DIRECTION ( 'NONE',  ( 0.000000000000000000, 0.000000000000000000, 1.000000000000000000 ) ) ;
#333 = EDGE_CURVE ( 'NONE', #4985, #7498, #121, .T. ) ;
#334 = CARTESIAN_POINT ( 'NONE',  ( 187.0936175437515487, 46.10137757176004669, 10.40000000000000213 ) ) ;
#335 = CYLINDRICAL_SURFACE ( 'NONE', #9808, 8.649999999999963052 ) ;
#336 = DIRECTION ( 'NONE',  ( 1.000000000000000000, 0.000000000000000000, 0.000000000000000000 ) ) ;
#337 = EDGE_CURVE ( 'NONE', #8680, #11608, #9850, .T. ) ;
#338 = AXIS2_PLACEMENT_3D ( 'NONE', #12483, #8238, #5273 ) ;
#339 = CARTESIAN_POINT ( 'NONE',  ( 43.36403200266500590, 133.7801504420406502, 0.000000000000000000 ) ) ;
#340 = AXIS2_PLACEMENT_3D ( 'NONE', #2151, #12416, #10606 ) ;
#341 = ORIENTED_EDGE ( 'NONE', *, *, #2869, .F. ) ;
#342 = DIRECTION ( 'NONE',  ( 1.000000000000000000, 0.000000000000000000, 0.000000000000000000 ) ) ;
#343 = DIRECTION ( 'NONE',  ( -0.2810860865953176413, -0.6785980444720226545, -0.6785980444720396410 ) ) ;
#344 = DIRECTION ( 'NONE',  ( -0.000000000000000000, 0.000000000000000000, 1.000000000000000000 ) ) ;
#345 = AXIS2_PLACEMENT_3D ( 'NONE', #70, #10710, #2253 ) ;
#346 = CARTESIAN_POINT ( 'NONE',  ( 42.85258495182370098, 14.31924111348213025, 0.000000000000000000 ) ) ;
#347 = ORIENTED_EDGE ( 'NONE', *, *, #5560, .T. ) ;
#348 = ADVANCED_FACE ( 'NONE', ( #9103 ), #11139, .F. ) ;
#349 = LINE ( 'NONE', #4484, #2636 ) ;
#350 = EDGE_CURVE ( 'NONE', #1885, #8969, #10937, .T. ) ;
#351 = ORIENTED_EDGE ( 'NONE', *, *, #7920, .F. ) ;
#352 = EDGE_LOOP ( 'NONE', ( #2337, #1128, #1313, #8498 ) ) ;
#353 = AXIS2_PLACEMENT_3D ( 'NONE', #3394, #2237, #11735 ) ;
#354 = LINE ( 'NONE', #9700, #6034 ) ;
#355 = VERTEX_POINT ( 'NONE', #12111 ) ;
#356 = CARTESIAN_POINT ( 'NONE',  ( 90.69275623606895920, 8.774332390532082471, 10.00000000000000000 ) ) ;
#357 = LINE ( 'NONE', #8895, #12742 ) ;
#358 = ORIENTED_EDGE ( 'NONE', *, *, #13183, .F. ) ;
#359 = ORIENTED_EDGE ( 'NONE', *, *, #10241, .F. ) ;
#360 = CARTESIAN_POINT ( 'NONE',  ( 71.25833726339713792, 56.04032460332424392, 10.00000000000000000 ) ) ;
#361 = ADVANCED_FACE ( 'NONE', ( #12248 ), #6301, .F. ) ;
#362 = DIRECTION ( 'NONE',  ( 0.000000000000000000, 1.000000000000000000, 0.000000000000000000 ) ) ;
#363 = AXIS2_PLACEMENT_3D ( 'NONE', #6032, #10227, #876 ) ;
#364 = ORIENTED_EDGE ( 'NONE', *, *, #3590, .T. ) ;
#365 = ORIENTED_EDGE ( 'NONE', *, *, #9854, .T. ) ;
#366 = LINE ( 'NONE', #8698, #5639 ) ;
#367 = AXIS2_PLACEMENT_3D ( 'NONE', #4944, #10018, #4800 ) ;
#368 = FACE_OUTER_BOUND ( 'NONE', #13000, .T. ) ;
#369 = DIRECTION ( 'NONE',  ( 1.000000000000000000, 0.000000000000000000, 0.000000000000000000 ) ) ;
#370 = DIRECTION ( 'NONE',  ( -1.000000000000000000, 0.000000000000000000, 0.000000000000000000 ) ) ;
#371 = ORIENTED_EDGE ( 'NONE', *, *, #7329, .T. ) ;
#372 = VERTEX_POINT ( 'NONE', #10184 ) ;
#373 =( LENGTH_UNIT ( ) NAMED_UNIT ( * ) SI_UNIT ( .MILLI., .METRE. ) );
#374 = DIRECTION ( 'NONE',  ( 1.000000000000000000, 0.000000000000000000, 0.000000000000000000 ) ) ;
#375 = DIRECTION ( 'NONE',  ( -1.000000000000000000, 0.000000000000000000, 0.000000000000000000 ) ) ;
#376 = VECTOR ( 'NONE', #4126, 1000.000000000000000 ) ;
#377 = DIRECTION ( 'NONE',  ( 1.000000000000000000, 0.000000000000000000, 0.000000000000000000 ) ) ;
#378 = EDGE_LOOP ( 'NONE', ( #13408, #1167 ) ) ;
#379 = EDGE_CURVE ( 'NONE', #8920, #3984, #10488, .T. ) ;
#380 = CARTESIAN_POINT ( 'NONE',  ( 172.4876398314652590, 51.05117720286586547, 10.00000000000000000 ) ) ;
#381 = ORIENTED_EDGE ( 'NONE', *, *, #140, .T. ) ;
#382 = DIRECTION ( 'NONE',  ( 1.000000000000000000, 0.000000000000000000, 0.000000000000000000 ) ) ;
#383 = ORIENTED_EDGE ( 'NONE', *, *, #6932, .F. ) ;
#384 = DIRECTION ( 'NONE',  ( -0.000000000000000000, 0.000000000000000000, 1.000000000000000000 ) ) ;
#385 = AXIS2_PLACEMENT_3D ( 'NONE', #78, #1173, #5252 ) ;
#386 = FACE_OUTER_BOUND ( 'NONE', #6306, .T. ) ;
#387 = EDGE_LOOP ( 'NONE', ( #3369, #1221, #5676, #10269 ) ) ;
#388 = EDGE_CURVE ( 'NONE', #3550, #4390, #10502, .T. ) ;
#389 = CYLINDRICAL_SURFACE ( 'NONE', #3227, 1.750000000000001554 ) ;
#390 = LINE ( 'NONE', #12899, #5048 ) ;
#391 = AXIS2_PLACEMENT_3D ( 'NONE', #4022, #12907, #12018 ) ;
#392 = DIRECTION ( 'NONE',  ( -0.000000000000000000, -0.000000000000000000, -1.000000000000000000 ) ) ;
#393 = ORIENTED_EDGE ( 'NONE', *, *, #881, .F. ) ;
#394 = CIRCLE ( 'NONE', #9132, 1.900000000000012790 ) ;
#395 = ORIENTED_EDGE ( 'NONE', *, *, #4880, .F. ) ;
#396 = PLANE ( 'NONE',  #543 ) ;
#397 = ADVANCED_FACE ( 'NONE', ( #7361 ), #11530, .F. ) ;
#398 = DIRECTION ( 'NONE',  ( -0.000000000000000000, 0.000000000000000000, 1.000000000000000000 ) ) ;
#399 = ORIENTED_EDGE ( 'NONE', *, *, #1918, .F. ) ;
#400 = FACE_OUTER_BOUND ( 'NONE', #387, .T. ) ;
#401 = CARTESIAN_POINT ( 'NONE',  ( 172.4876398314652590, 51.05117720286586547, 10.00000000000000000 ) ) ;
#402 = CARTESIAN_POINT ( 'NONE',  ( 172.9879805785753035, 126.1960381709627512, 10.00000000000000000 ) ) ;
#403 = CARTESIAN_POINT ( 'NONE',  ( 173.1985405866030021, 131.3223178114732264, 10.00000000000000000 ) ) ;
#404 = VECTOR ( 'NONE', #7351, 1000.000000000000000 ) ;
#405 = CARTESIAN_POINT ( 'NONE',  ( 88.60672948317446185, 59.72174035506507295, 10.00000000000000000 ) ) ;
#406 = AXIS2_PLACEMENT_3D ( 'NONE', #2879, #7792, #7995 ) ;
#407 = ADVANCED_FACE ( 'NONE', ( #7921 ), #10117, .F. ) ;
#408 = DIRECTION ( 'NONE',  ( -0.000000000000000000, 0.000000000000000000, 1.000000000000000000 ) ) ;
#409 = CARTESIAN_POINT ( 'NONE',  ( 172.9985405866029851, 19.82081807526519057, 8.800000000000000711 ) ) ;
#410 = CARTESIAN_POINT ( 'NONE',  ( 13.40000000000004654, -7.390000000000535252, 1.500000000000000444 ) ) ;
#411 = DIRECTION ( 'NONE',  ( -1.000000000000000000, 0.000000000000000000, 0.000000000000000000 ) ) ;
#412 = AXIS2_PLACEMENT_3D ( 'NONE', #2196, #1375, #12723 ) ;
#413 = ADVANCED_FACE ( 'NONE', ( #6888 ), #3200, .F. ) ;
#414 = FACE_OUTER_BOUND ( 'NONE', #12130, .T. ) ;
#415 = EDGE_LOOP ( 'NONE', ( #4448, #9509, #8480, #813 ) ) ;
#416 = EDGE_CURVE ( 'NONE', #662, #6174, #706, .T. ) ;
#417 = ORIENTED_EDGE ( 'NONE', *, *, #9056, .F. ) ;
#418 = DIRECTION ( 'NONE',  ( -0.000000000000000000, -0.000000000000000000, -1.000000000000000000 ) ) ;
#419 = AXIS2_PLACEMENT_3D ( 'NONE', #2463, #5381, #9580 ) ;
#420 = ORIENTED_EDGE ( 'NONE', *, *, #8828, .T. ) ;
#421 = VERTEX_POINT ( 'NONE', #11205 ) ;
#422 = DIRECTION ( 'NONE',  ( -0.000000000000000000, -0.000000000000000000, -1.000000000000000000 ) ) ;
#423 = CARTESIAN_POINT ( 'NONE',  ( 173.9293630873771122, 55.07826306762003554, 10.00000000000000000 ) ) ;
#424 = ADVANCED_FACE ( 'NONE', ( #12182 ), #6959, .T. ) ;
#425 = VERTEX_POINT ( 'NONE', #1920 ) ;
#426 = EDGE_CURVE ( 'NONE', #10500, #8108, #13336, .T. ) ;
#427 = DIRECTION ( 'NONE',  ( 1.000000000000000000, 0.000000000000000000, 0.000000000000000000 ) ) ;
#428 = CARTESIAN_POINT ( 'NONE',  ( 204.1000000000003638, -7.390000000000312319, 1.500000000000000444 ) ) ;
#429 = ORIENTED_EDGE ( 'NONE', *, *, #231, .F. ) ;
#430 = ORIENTED_EDGE ( 'NONE', *, *, #11746, .T. ) ;
#431 = VECTOR ( 'NONE', #3558, 1000.000000000000000 ) ;
#432 = DIRECTION ( 'NONE',  ( -1.000000000000000000, 0.000000000000000000, 0.000000000000000000 ) ) ;
#433 = CYLINDRICAL_SURFACE ( 'NONE', #11503, 1.900000000000012790 ) ;
#434 = VERTEX_POINT ( 'NONE', #8066 ) ;
#435 = ORIENTED_EDGE ( 'NONE', *, *, #10407, .T. ) ;
#436 = DIRECTION ( 'NONE',  ( -1.000000000000000000, 0.000000000000000000, 0.000000000000000000 ) ) ;
#437 = DIRECTION ( 'NONE',  ( -0.000000000000000000, -0.000000000000000000, 1.000000000000000000 ) ) ;
#438 = VECTOR ( 'NONE', #9162, 1000.000000000000000 ) ;
#439 = VERTEX_POINT ( 'NONE', #2883 ) ;
#440 = EDGE_CURVE ( 'NONE', #1529, #3035, #1857, .T. ) ;
#441 = CARTESIAN_POINT ( 'NONE',  ( 205.0000000000005684, 155.4000000000002046, 0.000000000000000000 ) ) ;
#442 = DIRECTION ( 'NONE',  ( -0.000000000000000000, 0.000000000000000000, 1.000000000000000000 ) ) ;
#443 = CARTESIAN_POINT ( 'NONE',  ( 191.9588390266749229, 23.74264681229803386, 10.40000000000000213 ) ) ;
#444 = ORIENTED_EDGE ( 'NONE', *, *, #2035, .T. ) ;
#445 = LINE ( 'NONE', #12816, #12808 ) ;
#446 = VERTEX_POINT ( 'NONE', #8132 ) ;
#447 = AXIS2_PLACEMENT_3D ( 'NONE', #11010, #9992, #9112 ) ;
#448 = DIRECTION ( 'NONE',  ( -1.000000000000000000, 0.000000000000000000, 0.000000000000000000 ) ) ;
#449 = ORIENTED_EDGE ( 'NONE', *, *, #6369, .F. ) ;
#450 = DIRECTION ( 'NONE',  ( -1.000000000000000000, 0.000000000000000000, 0.000000000000000000 ) ) ;
#451 = DIRECTION ( 'NONE',  ( -0.000000000000000000, 0.000000000000000000, 1.000000000000000000 ) ) ;
#452 = ORIENTED_EDGE ( 'NONE', *, *, #9632, .F. ) ;
#453 = EDGE_CURVE ( 'NONE', #9218, #7350, #12311, .T. ) ;
#454 = CARTESIAN_POINT ( 'NONE',  ( 138.5492919255787285, 3.846501363067972079, 8.800000000000000711 ) ) ;
#455 = CIRCLE ( 'NONE', #9833, 1.750000000000001554 ) ;
#456 = CYLINDRICAL_SURFACE ( 'NONE', #9337, 1.899999999999985034 ) ;
#457 = CARTESIAN_POINT ( 'NONE',  ( 172.8173879116660885, 87.21061876881715591, 8.800000000000000711 ) ) ;
#458 = DIRECTION ( 'NONE',  ( -0.000000000000000000, 0.000000000000000000, 1.000000000000000000 ) ) ;
#459 = ORIENTED_EDGE ( 'NONE', *, *, #7082, .T. ) ;
#460 = DIRECTION ( 'NONE',  ( -0.000000000000000000, 0.000000000000000000, 1.000000000000000000 ) ) ;
#461 = PLANE ( 'NONE',  #7549 ) ;
#462 = ORIENTED_EDGE ( 'NONE', *, *, #154, .T. ) ;
#463 = DIRECTION ( 'NONE',  ( 1.000000000000000000, 0.000000000000000000, 0.000000000000000000 ) ) ;
#464 = DIRECTION ( 'NONE',  ( -0.7071067811865470176, -0.7071067811865480168, 0.000000000000000000 ) ) ;
#465 = CYLINDRICAL_SURFACE ( 'NONE', #13394, 1.900000000000012790 ) ;
#466 = EDGE_CURVE ( 'NONE', #11440, #1031, #6568, .T. ) ;
#467 = EDGE_CURVE ( 'NONE', #13301, #249, #12702, .T. ) ;
#468 = AXIS2_PLACEMENT_3D ( 'NONE', #11901, #6603, #11763 ) ;
#469 = CARTESIAN_POINT ( 'NONE',  ( 136.5096358462825208, 93.69416979933204459, 10.40000000000000213 ) ) ;
#470 = FACE_OUTER_BOUND ( 'NONE', #5665, .T. ) ;
#471 = DIRECTION ( 'NONE',  ( -0.000000000000000000, -0.000000000000000000, -1.000000000000000000 ) ) ;
#472 = DIRECTION ( 'NONE',  ( -1.000000000000000000, 0.000000000000000000, 0.000000000000000000 ) ) ;
#473 = VERTEX_POINT ( 'NONE', #12696 ) ;
#474 = ORIENTED_EDGE ( 'NONE', *, *, #8736, .T. ) ;
#475 = CARTESIAN_POINT ( 'NONE',  ( 197.3288390266748991, 28.60989453229147017, 10.00000000000000000 ) ) ;
#476 = ORIENTED_EDGE ( 'NONE', *, *, #11390, .F. ) ;
#477 = CARTESIAN_POINT ( 'NONE',  ( 85.00734701375183988, 78.84319752287538563, 8.800000000000000711 ) ) ;
#478 = EDGE_CURVE ( 'NONE', #6069, #5858, #11388, .T. ) ;
#479 = ORIENTED_EDGE ( 'NONE', *, *, #3415, .T. ) ;
#480 = CARTESIAN_POINT ( 'NONE',  ( 44.61730598147647697, 58.29192021169607330, 10.00000000000000000 ) ) ;
#481 = DIRECTION ( 'NONE',  ( -0.000000000000000000, -0.000000000000000000, -1.000000000000000000 ) ) ;
#482 = AXIS2_PLACEMENT_3D ( 'NONE', #7768, #332, #6722 ) ;
#483 = EDGE_CURVE ( 'NONE', #3343, #7025, #1350, .T. ) ;
#484 = DIRECTION ( 'NONE',  ( -1.000000000000000000, -4.297894068818421720E-16, 0.000000000000000000 ) ) ;
#485 = ORIENTED_EDGE ( 'NONE', *, *, #815, .F. ) ;
#486 = LINE ( 'NONE', #2467, #1140 ) ;
#487 = DIRECTION ( 'NONE',  ( -0.000000000000000000, 0.000000000000000000, 1.000000000000000000 ) ) ;
#488 = CARTESIAN_POINT ( 'NONE',  ( 200.5000000000004547, 153.0000000000004547, 7.000000000000000000 ) ) ;
#489 = ORIENTED_EDGE ( 'NONE', *, *, #2250, .T. ) ;
#490 = VECTOR ( 'NONE', #10693, 1000.000000000000000 ) ;
#491 = ORIENTED_EDGE ( 'NONE', *, *, #9823, .F. ) ;
#492 = CARTESIAN_POINT ( 'NONE',  ( 136.7244221264163855, 42.67048316991452594, 10.00000000000000000 ) ) ;
#494 = DIRECTION ( 'NONE',  ( 1.000000000000000000, 0.000000000000000000, 0.000000000000000000 ) ) ;
#493 = DIRECTION ( 'NONE',  ( -0.000000000000000000, -0.000000000000000000, -1.000000000000000000 ) ) ;
#495 = ORIENTED_EDGE ( 'NONE', *, *, #9734, .F. ) ;
#496 = EDGE_CURVE ( 'NONE', #11978, #1807, #10716, .T. ) ;
#497 = ORIENTED_EDGE ( 'NONE', *, *, #1563, .T. ) ;
#498 = PLANE ( 'NONE',  #10453 ) ;
#499 = CYLINDRICAL_SURFACE ( 'NONE', #7391, 1.900000000000012790 ) ;
#500 = VECTOR ( 'NONE', #8978, 1000.000000000000000 ) ;
#501 = CARTESIAN_POINT ( 'NONE',  ( 83.14083265857169636, 0.7544085079435802754, 0.000000000000000000 ) ) ;
#502 = DIRECTION ( 'NONE',  ( -0.5773502691896204020, 0.5773502691896205130, 0.5773502691896365002 ) ) ;
#503 = ORIENTED_EDGE ( 'NONE', *, *, #3482, .T. ) ;
#504 = CARTESIAN_POINT ( 'NONE',  ( 172.9879805785753035, 126.1960381709627512, 8.800000000000000711 ) ) ;
#505 = DIRECTION ( 'NONE',  ( -1.000000000000000000, 0.000000000000000000, 0.000000000000000000 ) ) ;
#506 = ORIENTED_EDGE ( 'NONE', *, *, #1411, .F. ) ;
#507 = FACE_OUTER_BOUND ( 'NONE', #5207, .T. ) ;
#508 = CARTESIAN_POINT ( 'NONE',  ( 173.4302944456196656, 132.1926215833765923, 8.800000000000000711 ) ) ;
#509 = AXIS2_PLACEMENT_3D ( 'NONE', #1430, #9884, #5563 ) ;
#510 = ORIENTED_EDGE ( 'NONE', *, *, #1758, .F. ) ;
#511 = CARTESIAN_POINT ( 'NONE',  ( 172.4876398314652590, 17.14497833867034871, 0.000000000000000000 ) ) ;
#512 = AXIS2_PLACEMENT_3D ( 'NONE', #9758, #7640, #7702 ) ;
#513 = EDGE_CURVE ( 'NONE', #8991, #4587, #6545, .T. ) ;
#514 = DIRECTION ( 'NONE',  ( -0.000000000000000000, 0.000000000000000000, 1.000000000000000000 ) ) ;
#515 = VERTEX_POINT ( 'NONE', #9549 ) ;
#516 = EDGE_CURVE ( 'NONE', #9578, #12620, #10079, .T. ) ;
#517 = DIRECTION ( 'NONE',  ( -1.000000000000000000, 0.000000000000000000, 0.000000000000000000 ) ) ;
#518 = AXIS2_PLACEMENT_3D ( 'NONE', #7948, #1676, #4723 ) ;
#519 = DIRECTION ( 'NONE',  ( 1.000000000000000000, 0.000000000000000000, 0.000000000000000000 ) ) ;
#520 = ORIENTED_EDGE ( 'NONE', *, *, #1097, .T. ) ;
#521 = VECTOR ( 'NONE', #1830, 1000.000000000000000 ) ;
#522 = LINE ( 'NONE', #4665, #628 ) ;
#523 = AXIS2_PLACEMENT_3D ( 'NONE', #3513, #7623, #519 ) ;
#524 = DIRECTION ( 'NONE',  ( -0.000000000000000000, 0.000000000000000000, 1.000000000000000000 ) ) ;
#525 = LINE ( 'NONE', #6647, #12402 ) ;
#526 = DIRECTION ( 'NONE',  ( 1.000000000000000000, 0.000000000000000000, 0.000000000000000000 ) ) ;
#527 = CYLINDRICAL_SURFACE ( 'NONE', #6854, 1.750000000000001554 ) ;
#528 = ORIENTED_EDGE ( 'NONE', *, *, #8556, .F. ) ;
#529 = PLANE ( 'NONE',  #12104 ) ;
#530 = CARTESIAN_POINT ( 'NONE',  ( 170.7376398314652590, 94.83529219940430721, 10.00000000000000000 ) ) ;
#531 = VECTOR ( 'NONE', #6382, 1000.000000000000000 ) ;
#532 = ORIENTED_EDGE ( 'NONE', *, *, #12505, .F. ) ;
#533 = AXIS2_PLACEMENT_3D ( 'NONE', #1150, #5229, #4261 ) ;
#534 = CARTESIAN_POINT ( 'NONE',  ( 12.49999999999989875, 158.3619026473821805, 10.00000000000000000 ) ) ;
#535 = DIRECTION ( 'NONE',  ( 1.000000000000000000, 0.000000000000000000, 0.000000000000000000 ) ) ;
#536 = EDGE_CURVE ( 'NONE', #1644, #12648, #5417, .T. ) ;
#537 = VECTOR ( 'NONE', #10506, 1000.000000000000000 ) ;
#538 = AXIS2_PLACEMENT_3D ( 'NONE', #12052, #8085, #10135 ) ;
#539 = DIRECTION ( 'NONE',  ( -1.000000000000000000, 0.000000000000000000, 0.000000000000000000 ) ) ;
#540 = CARTESIAN_POINT ( 'NONE',  ( 71.25833726339713792, 17.18080354114162489, 10.00000000000000000 ) ) ;
#541 = ORIENTED_EDGE ( 'NONE', *, *, #7504, .F. ) ;
#542 = AXIS2_PLACEMENT_3D ( 'NONE', #8879, #3674, #4476 ) ;
#543 = AXIS2_PLACEMENT_3D ( 'NONE', #3460, #7692, #328 ) ;
#544 = CARTESIAN_POINT ( 'NONE',  ( 172.8173879116660885, 87.21061876881715591, 10.00000000000000000 ) ) ;
#545 = AXIS2_PLACEMENT_3D ( 'NONE', #11619, #5324, #221 ) ;
#546 = DIRECTION ( 'NONE',  ( -0.000000000000000000, 0.000000000000000000, 1.000000000000000000 ) ) ;
#547 = CARTESIAN_POINT ( 'NONE',  ( 197.3288390266748706, 149.8940936094211054, 8.800000000000000711 ) ) ;
#548 = CARTESIAN_POINT ( 'NONE',  ( 191.9588390266749229, 47.10137757176002538, 8.800000000000000711 ) ) ;
#549 = DIRECTION ( 'NONE',  ( 1.000000000000000000, 0.000000000000000000, 0.000000000000000000 ) ) ;
#550 = FACE_OUTER_BOUND ( 'NONE', #8550, .T. ) ;
#551 = ORIENTED_EDGE ( 'NONE', *, *, #1490, .F. ) ;
#552 = ORIENTED_EDGE ( 'NONE', *, *, #11372, .F. ) ;
#553 = FACE_BOUND ( 'NONE', #5464, .T. ) ;
#554 = EDGE_CURVE ( 'NONE', #12016, #8484, #6561, .T. ) ;
#555 = DIRECTION ( 'NONE',  ( -0.000000000000000000, 0.000000000000000000, 1.000000000000000000 ) ) ;
#556 = LINE ( 'NONE', #826, #8681 ) ;
#557 = AXIS2_PLACEMENT_3D ( 'NONE', #10022, #10222, #1759 ) ;
#558 = ORIENTED_EDGE ( 'NONE', *, *, #9267, .T. ) ;
#559 = CIRCLE ( 'NONE', #11237, 1.900000000000012790 ) ;
#560 = VERTEX_POINT ( 'NONE', #11655 ) ;
#561 = AXIS2_PLACEMENT_3D ( 'NONE', #3182, #7344, #11510 ) ;
#562 = LINE ( 'NONE', #13203, #10009 ) ;
#563 = EDGE_LOOP ( 'NONE', ( #4250, #11804, #9157, #8606 ) ) ;
#564 = CIRCLE ( 'NONE', #8196, 1.900000000000012790 ) ;
#565 = DIRECTION ( 'NONE',  ( 1.000000000000000000, 0.000000000000000000, 0.000000000000000000 ) ) ;
#566 = DIRECTION ( 'NONE',  ( -0.000000000000000000, 0.000000000000000000, 1.000000000000000000 ) ) ;
#567 = ADVANCED_FACE ( 'NONE', ( #2301 ), #6648, .F. ) ;
#568 = AXIS2_PLACEMENT_3D ( 'NONE', #11474, #839, #967 ) ;
#569 = ORIENTED_EDGE ( 'NONE', *, *, #12176, .F. ) ;
#570 = VERTEX_POINT ( 'NONE', #6433 ) ;
#572 = FACE_OUTER_BOUND ( 'NONE', #5023, .T. ) ;
#571 = CARTESIAN_POINT ( 'NONE',  ( 46.86403200266500590, 11.86983023117878666, 10.00000000000000000 ) ) ;
#573 = EDGE_CURVE ( 'NONE', #3312, #5854, #12709, .T. ) ;
#574 = EDGE_CURVE ( 'NONE', #6397, #3358, #13153, .T. ) ;
#575 = ORIENTED_EDGE ( 'NONE', *, *, #4977, .F. ) ;
#576 = ORIENTED_EDGE ( 'NONE', *, *, #2606, .T. ) ;
#577 = CARTESIAN_POINT ( 'NONE',  ( 176.3173879116660885, 87.21061876881715591, 8.800000000000000711 ) ) ;
#578 = VECTOR ( 'NONE', #2377, 1000.000000000000000 ) ;
#579 = PLANE ( 'NONE',  #12979 ) ;
#580 = VERTEX_POINT ( 'NONE', #9743 ) ;
#581 = CARTESIAN_POINT ( 'NONE',  ( 81.00482823265210186, 129.5324077978120840, 10.40000000000000213 ) ) ;
#582 = EDGE_CURVE ( 'NONE', #4077, #13453, #390, .T. ) ;
#583 = CARTESIAN_POINT ( 'NONE',  ( 144.1440251048210826, 132.5024585979040523, 10.40000000000000213 ) ) ;
#584 = AXIS2_PLACEMENT_3D ( 'NONE', #3521, #398, #3723 ) ;
#585 = DIRECTION ( 'NONE',  ( 1.000000000000000000, 0.000000000000000000, 0.000000000000000000 ) ) ;
#586 = EDGE_CURVE ( 'NONE', #580, #783, #2372, .T. ) ;
#587 = ORIENTED_EDGE ( 'NONE', *, *, #5996, .F. ) ;
#588 = EDGE_CURVE ( 'NONE', #8626, #5246, #6499, .T. ) ;
#589 = CARTESIAN_POINT ( 'NONE',  ( 42.86730598147647697, 86.84976237332983828, 8.800000000000000711 ) ) ;
#590 = VERTEX_POINT ( 'NONE', #6363 ) ;
#591 = FACE_OUTER_BOUND ( 'NONE', #6324, .T. ) ;
#592 = VECTOR ( 'NONE', #10746, 1000.000000000000000 ) ;
#593 = DIRECTION ( 'NONE',  ( -0.000000000000000000, -0.000000000000000000, -1.000000000000000000 ) ) ;
#594 = ORIENTED_EDGE ( 'NONE', *, *, #1535, .F. ) ;
#595 = CARTESIAN_POINT ( 'NONE',  ( 144.1908573292053006, 16.07759220218804330, 10.40000000000000213 ) ) ;
#596 = ORIENTED_EDGE ( 'NONE', *, *, #11272, .F. ) ;
#597 = EDGE_CURVE ( 'NONE', #4850, #6591, #713, .T. ) ;
#598 = CYLINDRICAL_SURFACE ( 'NONE', #13463, 1.750000000000001554 ) ;
#599 = LINE ( 'NONE', #9949, #11068 ) ;
#600 = CARTESIAN_POINT ( 'NONE',  ( 12.49999999999990052, 131.8050000000002626, 0.000000000000000000 ) ) ;
#601 = EDGE_CURVE ( 'NONE', #7558, #421, #7482, .T. ) ;
#602 = CARTESIAN_POINT ( 'NONE',  ( 0.000000000000000000, 102.3592244094420209, 10.40000000000000213 ) ) ;
#603 = ORIENTED_EDGE ( 'NONE', *, *, #6709, .F. ) ;
#604 = FACE_OUTER_BOUND ( 'NONE', #8610, .T. ) ;
#605 = TOROIDAL_SURFACE ( 'NONE', #1259, 5.099999999999995204, 1.500000000000000000 ) ;
#606 = LINE ( 'NONE', #4742, #7993 ) ;
#607 = VERTEX_POINT ( 'NONE', #1343 ) ;
#608 = CARTESIAN_POINT ( 'NONE',  ( 196.9000000000003752, -7.390000000000313207, 1.500000000000000444 ) ) ;
#609 = AXIS2_PLACEMENT_3D ( 'NONE', #12025, #2659, #2800 ) ;
#610 = FACE_OUTER_BOUND ( 'NONE', #10931, .T. ) ;
#611 = CARTESIAN_POINT ( 'NONE',  ( 132.3762620681505382, 28.07725675849961888, 8.800000000000000711 ) ) ;
#612 = AXIS2_PLACEMENT_3D ( 'NONE', #9991, #12121, #704 ) ;
#613 = CARTESIAN_POINT ( 'NONE',  ( 124.8267149358792949, 20.09410048508981816, 0.000000000000000000 ) ) ;
#614 = CARTESIAN_POINT ( 'NONE',  ( 172.7127247140765007, 133.7887398999099275, 8.800000000000000711 ) ) ;
#615 = FACE_OUTER_BOUND ( 'NONE', #4139, .T. ) ;
#616 = EDGE_CURVE ( 'NONE', #101, #2892, #5478, .T. ) ;
#617 = CARTESIAN_POINT ( 'NONE',  ( 41.73171607547544681, 121.8673531877020793, 10.40000000000000213 ) ) ;
#618 = DIRECTION ( 'NONE',  ( -0.000000000000000000, -0.000000000000000000, -1.000000000000000000 ) ) ;
#619 = CARTESIAN_POINT ( 'NONE',  ( 134.2762620681505155, 28.07725675849961888, 10.00000000000000000 ) ) ;
#620 = LINE ( 'NONE', #12031, #9519 ) ;
#621 = ORIENTED_EDGE ( 'NONE', *, *, #3467, .T. ) ;
#622 = ORIENTED_EDGE ( 'NONE', *, *, #7231, .F. ) ;
#623 = CIRCLE ( 'NONE', #7809, 1.900000000000012790 ) ;
#624 = CARTESIAN_POINT ( 'NONE',  ( 43.61065178279114463, 124.6045085948894666, 0.000000000000000000 ) ) ;
#625 = ORIENTED_EDGE ( 'NONE', *, *, #10400, .F. ) ;
#626 = DIRECTION ( 'NONE',  ( -0.000000000000000000, 0.000000000000000000, 1.000000000000000000 ) ) ;
#627 = ORIENTED_EDGE ( 'NONE', *, *, #516, .F. ) ;
#628 = VECTOR ( 'NONE', #11727, 1000.000000000000000 ) ;
#629 = DIRECTION ( 'NONE',  ( -0.000000000000000000, 0.000000000000000000, 1.000000000000000000 ) ) ;
#630 = CIRCLE ( 'NONE', #11313, 1.750000000000001554 ) ;
#631 = ORIENTED_EDGE ( 'NONE', *, *, #10870, .T. ) ;
#633 = ADVANCED_FACE ( 'NONE', ( #2646 ), #4802, .F. ) ;
#632 = VECTOR ( 'NONE', #7618, 1000.000000000000000 ) ;
#634 = LINE ( 'NONE', #4772, #11875 ) ;
#635 = VECTOR ( 'NONE', #4042, 1000.000000000000000 ) ;
#636 = CYLINDRICAL_SURFACE ( 'NONE', #7530, 1.750000000000029310 ) ;
#637 = ORIENTED_EDGE ( 'NONE', *, *, #3549, .T. ) ;
#638 = ORIENTED_EDGE ( 'NONE', *, *, #1642, .T. ) ;
#640 = DIRECTION ( 'NONE',  ( -0.000000000000000000, 0.000000000000000000, 1.000000000000000000 ) ) ;
#639 = DIRECTION ( 'NONE',  ( 0.000000000000000000, 0.000000000000000000, -1.000000000000000000 ) ) ;
#641 = EDGE_LOOP ( 'NONE', ( #289, #4766, #13532, #13103 ) ) ;
#642 = CYLINDRICAL_SURFACE ( 'NONE', #1632, 1.750000000000001554 ) ;
#643 = ORIENTED_EDGE ( 'NONE', *, *, #9826, .T. ) ;
#644 = DIRECTION ( 'NONE',  ( 0.7071039827808554001, -0.7071095795811648266, -0.000000000000000000 ) ) ;
#645 = AXIS2_PLACEMENT_3D ( 'NONE', #10821, #4655, #3508 ) ;
#646 = EDGE_CURVE ( 'NONE', #7020, #6218, #3783, .T. ) ;
#647 = PLANE ( 'NONE',  #8900 ) ;
#648 = DIRECTION ( 'NONE',  ( 0.000000000000000000, 0.000000000000000000, 1.000000000000000000 ) ) ;
#649 = ORIENTED_EDGE ( 'NONE', *, *, #9459, .F. ) ;
#650 = ADVANCED_FACE ( 'NONE', ( #7890 ), #3717, .F. ) ;
#651 = EDGE_CURVE ( 'NONE', #6468, #6736, #5688, .T. ) ;
#652 = PLANE ( 'NONE',  #5974 ) ;
#653 = FACE_OUTER_BOUND ( 'NONE', #10024, .T. ) ;
#654 = LINE ( 'NONE', #1945, #4059 ) ;
#655 = VERTEX_POINT ( 'NONE', #6715 ) ;
#656 = VERTEX_POINT ( 'NONE', #11111 ) ;
#657 = CARTESIAN_POINT ( 'NONE',  ( 165.5134687460691225, 74.25012617488388855, 10.40000000000000213 ) ) ;
#658 = DIRECTION ( 'NONE',  ( 1.000000000000000000, 0.000000000000000000, 0.000000000000000000 ) ) ;
#659 = EDGE_CURVE ( 'NONE', #425, #10136, #7245, .T. ) ;
#660 = VECTOR ( 'NONE', #1526, 1000.000000000000000 ) ;
#661 = DIRECTION ( 'NONE',  ( -0.000000000000000000, -0.000000000000000000, -1.000000000000000000 ) ) ;
#662 = VERTEX_POINT ( 'NONE', #11037 ) ;
#663 = EDGE_CURVE ( 'NONE', #3713, #11430, #3530, .T. ) ;
#664 = DIRECTION ( 'NONE',  ( -0.000000000000000000, -0.000000000000000000, -1.000000000000000000 ) ) ;
#665 = ORIENTED_EDGE ( 'NONE', *, *, #4154, .T. ) ;
#666 = CARTESIAN_POINT ( 'NONE',  ( 45.11403200266500590, 55.61338254596925168, 8.800000000000000711 ) ) ;
#667 = CARTESIAN_POINT ( 'NONE',  ( 173.2281234058970085, 15.55936045405981183, 8.800000000000000711 ) ) ;
#668 = DIRECTION ( 'NONE',  ( -0.000000000000000000, 0.000000000000000000, 1.000000000000000000 ) ) ;
#669 = CARTESIAN_POINT ( 'NONE',  ( 134.2762620681505155, 66.92288104716577379, 8.800000000000000711 ) ) ;
#670 = ORIENTED_EDGE ( 'NONE', *, *, #3481, .F. ) ;
#671 = ORIENTED_EDGE ( 'NONE', *, *, #2587, .F. ) ;
#672 = CIRCLE ( 'NONE', #1321, 1.900000000000012790 ) ;
#673 = CARTESIAN_POINT ( 'NONE',  ( 45.63167128559272356, -45.63167128559265251, 10.40000000000000213 ) ) ;
#674 = DIRECTION ( 'NONE',  ( -1.000000000000000000, 0.000000000000000000, 0.000000000000000000 ) ) ;
#675 = ORIENTED_EDGE ( 'NONE', *, *, #5812, .T. ) ;
#676 = DIRECTION ( 'NONE',  ( -0.000000000000000000, 0.000000000000000000, 1.000000000000000000 ) ) ;
#677 = EDGE_CURVE ( 'NONE', #11203, #198, #5263, .T. ) ;
#678 = DIRECTION ( 'NONE',  ( 0.7071067811865475727, 0.7071067811865475727, 0.000000000000000000 ) ) ;
#679 = EDGE_CURVE ( 'NONE', #515, #12895, #1356, .T. ) ;
#680 = AXIS2_PLACEMENT_3D ( 'NONE', #9015, #951, #12167 ) ;
#681 = ORIENTED_EDGE ( 'NONE', *, *, #4219, .T. ) ;
#682 = DIRECTION ( 'NONE',  ( -0.000000000000000000, -0.000000000000000000, -1.000000000000000000 ) ) ;
#683 = DIRECTION ( 'NONE',  ( -0.000000000000000000, 0.000000000000000000, 1.000000000000000000 ) ) ;
#684 = FACE_OUTER_BOUND ( 'NONE', #1702, .T. ) ;
#685 = DIRECTION ( 'NONE',  ( -0.000000000000000000, -0.000000000000000000, -1.000000000000000000 ) ) ;
#686 = DIRECTION ( 'NONE',  ( 1.000000000000000000, 0.000000000000000000, 0.000000000000000000 ) ) ;
#687 = ORIENTED_EDGE ( 'NONE', *, *, #1771, .F. ) ;
#688 = ORIENTED_EDGE ( 'NONE', *, *, #3494, .F. ) ;
#689 = CARTESIAN_POINT ( 'NONE',  ( 173.9920709003524451, 134.9827974092708871, 10.00000000000000000 ) ) ;
#690 = ORIENTED_EDGE ( 'NONE', *, *, #4640, .T. ) ;
#691 = CYLINDRICAL_SURFACE ( 'NONE', #7700, 1.750000000000001554 ) ;
#692 = EDGE_CURVE ( 'NONE', #2342, #1644, #5955, .T. ) ;
#693 = VERTEX_POINT ( 'NONE', #457 ) ;
#694 = EDGE_CURVE ( 'NONE', #2199, #9127, #6339, .T. ) ;
#695 = DIRECTION ( 'NONE',  ( 0.000000000000000000, 1.000000000000000000, 0.000000000000000000 ) ) ;
#696 = ORIENTED_EDGE ( 'NONE', *, *, #7159, .T. ) ;
#697 = CARTESIAN_POINT ( 'NONE',  ( 148.0597551873219118, 11.65909888836609731, 0.000000000000000000 ) ) ;
#698 = DIRECTION ( 'NONE',  ( -0.000000000000000000, 0.000000000000000000, 1.000000000000000000 ) ) ;
#699 = CARTESIAN_POINT ( 'NONE',  ( 124.8267149358792949, 98.15027427408116978, 8.800000000000000711 ) ) ;
#700 = CARTESIAN_POINT ( 'NONE',  ( 174.0080570121712356, 16.27847294537255252, 8.800000000000000711 ) ) ;
#701 = CARTESIAN_POINT ( 'NONE',  ( 45.11403200266500590, 94.46799953652343618, 10.00000000000000000 ) ) ;
#702 = VERTEX_POINT ( 'NONE', #12221 ) ;
#703 = ORIENTED_EDGE ( 'NONE', *, *, #11097, .F. ) ;
#704 = DIRECTION ( 'NONE',  ( -1.000000000000000000, 0.000000000000000000, 0.000000000000000000 ) ) ;
#705 = ORIENTED_EDGE ( 'NONE', *, *, #4288, .T. ) ;
#706 = CIRCLE ( 'NONE', #7447, 1.750000000000001554 ) ;
#707 = CARTESIAN_POINT ( 'NONE',  ( 200.5000000000004547, -14.38999999999998636, 10.00000000000000000 ) ) ;
#708 = VERTEX_POINT ( 'NONE', #13041 ) ;
#709 = EDGE_CURVE ( 'NONE', #1330, #5502, #5694, .T. ) ;
#710 = LINE ( 'NONE', #4152, #8464 ) ;
#711 = CARTESIAN_POINT ( 'NONE',  ( 52.01660607432695826, 110.1681626236882181, 10.40000000000000213 ) ) ;
#712 = ORIENTED_EDGE ( 'NONE', *, *, #12057, .T. ) ;
#713 = CIRCLE ( 'NONE', #4376, 1.750000000000001554 ) ;
#714 = DIRECTION ( 'NONE',  ( 0.000000000000000000, -0.000000000000000000, -1.000000000000000000 ) ) ;
#715 = ORIENTED_EDGE ( 'NONE', *, *, #1563, .F. ) ;
#716 = PLANE ( 'NONE',  #8007 ) ;
#717 = ORIENTED_EDGE ( 'NONE', *, *, #10258, .F. ) ;
#718 = ORIENTED_EDGE ( 'NONE', *, *, #144, .F. ) ;
#719 = EDGE_CURVE ( 'NONE', #152, #5990, #4591, .T. ) ;
#720 = DIRECTION ( 'NONE',  ( -0.000000000000000000, -0.000000000000000000, -1.000000000000000000 ) ) ;
#721 = CARTESIAN_POINT ( 'NONE',  ( 71.25833726339713792, 134.2108150412378791, 10.00000000000000000 ) ) ;
#722 = ORIENTED_EDGE ( 'NONE', *, *, #315, .F. ) ;
#723 = FACE_OUTER_BOUND ( 'NONE', #1275, .T. ) ;
#724 = ORIENTED_EDGE ( 'NONE', *, *, #12634, .F. ) ;
#725 = DIRECTION ( 'NONE',  ( -0.000000000000000000, -0.000000000000000000, -1.000000000000000000 ) ) ;
#726 = LINE ( 'NONE', #9070, #4080 ) ;
#727 = DIRECTION ( 'NONE',  ( -0.000000000000000000, 0.000000000000000000, 1.000000000000000000 ) ) ;
#728 = AXIS2_PLACEMENT_3D ( 'NONE', #10111, #4006, #12036 ) ;
#729 = CARTESIAN_POINT ( 'NONE',  ( 12.50000000000047073, -6.989244983620321428, 0.1252272915134338693 ) ) ;
#730 = EDGE_LOOP ( 'NONE', ( #1891, #3627, #5357, #4764 ) ) ;
#731 = ORIENTED_EDGE ( 'NONE', *, *, #10032, .F. ) ;
#732 = EDGE_CURVE ( 'NONE', #6856, #3550, #8786, .T. ) ;
#733 = CARTESIAN_POINT ( 'NONE',  ( 20.17116097332560898, 28.60989453229145241, 9.000000000000001776 ) ) ;
#734 = DIRECTION ( 'NONE',  ( -0.000000000000000000, 0.000000000000000000, 1.000000000000000000 ) ) ;
#735 = ORIENTED_EDGE ( 'NONE', *, *, #4306, .F. ) ;
#736 = LINE ( 'NONE', #879, #7163 ) ;
#737 = EDGE_CURVE ( 'NONE', #4612, #1731, #7026, .T. ) ;
#738 = ADVANCED_FACE ( 'NONE', ( #1549 ), #9071, .F. ) ;
#739 = DIRECTION ( 'NONE',  ( -1.000000000000000000, 0.000000000000000000, 0.000000000000000000 ) ) ;
#740 = CIRCLE ( 'NONE', #8797, 1.750000000000001554 ) ;
#741 = AXIS2_PLACEMENT_3D ( 'NONE', #1882, #6020, #3971 ) ;
#742 = ORIENTED_EDGE ( 'NONE', *, *, #11198, .F. ) ;
#743 = CARTESIAN_POINT ( 'NONE',  ( 207.5000000000004547, 0.000000000000000000, 10.00000000000000000 ) ) ;
#744 = AXIS2_PLACEMENT_3D ( 'NONE', #13220, #10318, #908 ) ;
#745 = DIRECTION ( 'NONE',  ( 0.000000000000000000, 1.000000000000000000, 0.000000000000000000 ) ) ;
#746 = EDGE_CURVE ( 'NONE', #13095, #3570, #2900, .T. ) ;
#747 = FACE_OUTER_BOUND ( 'NONE', #7429, .T. ) ;
#748 = CARTESIAN_POINT ( 'NONE',  ( 11.90000000000004832, 153.0000000000004547, 1.500000000000000444 ) ) ;
#749 = AXIS2_PLACEMENT_3D ( 'NONE', #4912, #7033, #3021 ) ;
#750 = CARTESIAN_POINT ( 'NONE',  ( 41.89847560493171841, 83.05906438913005729, 9.400000000000000355 ) ) ;
#751 = ORIENTED_EDGE ( 'NONE', *, *, #3604, .F. ) ;
#752 = CIRCLE ( 'NONE', #538, 1.899999999999985034 ) ;
#753 = VERTEX_POINT ( 'NONE', #600 ) ;
#754 = EDGE_CURVE ( 'NONE', #8219, #2500, #10944, .T. ) ;
#755 = CARTESIAN_POINT ( 'NONE',  ( 191.9588390266749229, 28.60989453229146662, 9.400000000000000355 ) ) ;
#756 = EDGE_LOOP ( 'NONE', ( #1777, #1239, #9167, #1397 ) ) ;
#757 = CARTESIAN_POINT ( 'NONE',  ( 127.8440251048211280, 132.5024585979040523, 10.40000000000000213 ) ) ;
#758 = AXIS2_PLACEMENT_3D ( 'NONE', #11473, #9432, #7437 ) ;
#759 = CIRCLE ( 'NONE', #4419, 2.700000000000008171 ) ;
#760 = AXIS2_PLACEMENT_3D ( 'NONE', #1437, #2597, #1637 ) ;
#761 = CARTESIAN_POINT ( 'NONE',  ( 45.11403200266500590, 45.55398713153164891, 10.00000000000000000 ) ) ;
#762 = CIRCLE ( 'NONE', #1195, 1.499999999999999556 ) ;
#763 = ORIENTED_EDGE ( 'NONE', *, *, #12342, .T. ) ;
#764 = DIRECTION ( 'NONE',  ( -0.000000000000000000, -0.000000000000000000, -1.000000000000000000 ) ) ;
#765 = PLANE ( 'NONE',  #2266 ) ;
#766 = DIRECTION ( 'NONE',  ( 0.000000000000000000, 0.000000000000000000, 1.000000000000000000 ) ) ;
#767 = FACE_OUTER_BOUND ( 'NONE', #2687, .T. ) ;
#768 = EDGE_CURVE ( 'NONE', #13143, #10420, #4605, .T. ) ;
#769 = EDGE_CURVE ( 'NONE', #11100, #11212, #2082, .T. ) ;
#770 = VECTOR ( 'NONE', #51, 1000.000000000000000 ) ;
#771 = FACE_BOUND ( 'NONE', #13066, .T. ) ;
#772 = ORIENTED_EDGE ( 'NONE', *, *, #350, .T. ) ;
#773 = AXIS2_PLACEMENT_3D ( 'NONE', #1191, #11567, #4170 ) ;
#774 = ORIENTED_EDGE ( 'NONE', *, *, #7111, .F. ) ;
#776 = DIRECTION ( 'NONE',  ( 1.000000000000000000, 0.000000000000000000, 0.000000000000000000 ) ) ;
#775 = DIRECTION ( 'NONE',  ( -1.000000000000000000, 0.000000000000000000, 0.000000000000000000 ) ) ;
#777 = COLOUR_RGB ( '',1.000000000000000000, 1.000000000000000000, 1.000000000000000000 ) ;
#778 = ORIENTED_EDGE ( 'NONE', *, *, #11745, .F. ) ;
#779 = VERTEX_POINT ( 'NONE', #8364 ) ;
#780 = DIRECTION ( 'NONE',  ( -0.000000000000000000, -0.000000000000000000, -1.000000000000000000 ) ) ;
#781 = AXIS2_PLACEMENT_3D ( 'NONE', #10760, #326, #4533 ) ;
#782 = FACE_OUTER_BOUND ( 'NONE', #1305, .T. ) ;
#783 = VERTEX_POINT ( 'NONE', #6093 ) ;
#784 = AXIS2_PLACEMENT_3D ( 'NONE', #9596, #170, #235 ) ;
#785 = LINE ( 'NONE', #915, #11238 ) ;
#786 = ADVANCED_FACE ( 'NONE', ( #5148 ), #3112, .F. ) ;
#787 = ORIENTED_EDGE ( 'NONE', *, *, #9899, .T. ) ;
#788 = CYLINDRICAL_SURFACE ( 'NONE', #7353, 1.750000000000001554 ) ;
#789 = VECTOR ( 'NONE', #3408, 1000.000000000000000 ) ;
#790 = ORIENTED_EDGE ( 'NONE', *, *, #737, .T. ) ;
#791 = ORIENTED_EDGE ( 'NONE', *, *, #5491, .T. ) ;
#792 = LINE ( 'NONE', #4794, #2258 ) ;
#793 = VERTEX_POINT ( 'NONE', #1075 ) ;
#794 = VECTOR ( 'NONE', #11267, 999.9999999999998863 ) ;
#795 = LINE ( 'NONE', #2916, #6920 ) ;
#796 = ORIENTED_EDGE ( 'NONE', *, *, #2148, .T. ) ;
#797 = LINE ( 'NONE', #12349, #9316 ) ;
#798 = LINE ( 'NONE', #7069, #6130 ) ;
#799 = EDGE_CURVE ( 'NONE', #793, #4649, #5209, .T. ) ;
#800 = AXIS2_PLACEMENT_3D ( 'NONE', #12165, #4755, #12027 ) ;
#801 = CARTESIAN_POINT ( 'NONE',  ( 172.5127247140765121, 99.94750278602708704, 8.800000000000000711 ) ) ;
#802 = VERTEX_POINT ( 'NONE', #12482 ) ;
#803 = EDGE_LOOP ( 'NONE', ( #4761, #1798, #12751, #11997 ) ) ;
#804 = CARTESIAN_POINT ( 'NONE',  ( 81.02043897411351736, 90.72411899924007628, 9.400000000000030553 ) ) ;
#805 = DIRECTION ( 'NONE',  ( -0.000000000000000000, -0.000000000000000000, -1.000000000000000000 ) ) ;
#806 = ORIENTED_EDGE ( 'NONE', *, *, #4091, .F. ) ;
#807 = DIRECTION ( 'NONE',  ( 1.000000000000000000, 0.000000000000000000, 0.000000000000000000 ) ) ;
#808 = VECTOR ( 'NONE', #12838, 1000.000000000000114 ) ;
#809 = FACE_BOUND ( 'NONE', #2722, .T. ) ;
#810 = CIRCLE ( 'NONE', #8436, 1.750000000000001554 ) ;
#811 = DIRECTION ( 'NONE',  ( -1.000000000000000000, 0.000000000000000000, 0.000000000000000000 ) ) ;
#812 = ADVANCED_FACE ( 'NONE', ( #7270 ), #10151, .F. ) ;
#813 = ORIENTED_EDGE ( 'NONE', *, *, #4928, .F. ) ;
#814 = CARTESIAN_POINT ( 'NONE',  ( 41.78689018271332145, 59.70033362966805157, 9.399999999999998579 ) ) ;
#815 = EDGE_CURVE ( 'NONE', #6833, #11872, #2988, .T. ) ;
#817 = EDGE_CURVE ( 'NONE', #3432, #3683, #798, .T. ) ;
#816 = CIRCLE ( 'NONE', #10603, 1.750000000000001554 ) ;
#818 = CARTESIAN_POINT ( 'NONE',  ( 190.9588390266749514, 0.000000000000000000, 10.40000000000000213 ) ) ;
#819 = EDGE_CURVE ( 'NONE', #10046, #11797, #4048, .T. ) ;
#820 = CYLINDRICAL_SURFACE ( 'NONE', #10533, 1.750000000000001554 ) ;
#821 = CARTESIAN_POINT ( 'NONE',  ( 17.00000000000004619, -7.390000000000535252, 1.500000000000000444 ) ) ;
#822 = AXIS2_PLACEMENT_3D ( 'NONE', #10410, #5147, #9139 ) ;
#823 = CARTESIAN_POINT ( 'NONE',  ( 42.86730598147647697, 58.29192021169607330, 10.00000000000000000 ) ) ;
#824 = VERTEX_POINT ( 'NONE', #9402 ) ;
#825 = ORIENTED_EDGE ( 'NONE', *, *, #3156, .F. ) ;
#826 = CARTESIAN_POINT ( 'NONE',  ( 122.1670735733219431, 35.44192317965102745, -20.26162909991099781 ) ) ;
#827 = DIRECTION ( 'NONE',  ( -0.000000000000000000, 0.000000000000000000, 1.000000000000000000 ) ) ;
#828 = ORIENTED_EDGE ( 'NONE', *, *, #6584, .T. ) ;
#829 = DIRECTION ( 'NONE',  ( 1.000000000000000000, 0.000000000000000000, 0.000000000000000000 ) ) ;
#830 = CIRCLE ( 'NONE', #6905, 1.900000000000012790 ) ;
#831 = EDGE_CURVE ( 'NONE', #10239, #7194, #3977, .T. ) ;
#832 = AXIS2_PLACEMENT_3D ( 'NONE', #1214, #11863, #2511 ) ;
#833 = DIRECTION ( 'NONE',  ( 0.000000000000000000, 1.000000000000000000, 0.000000000000000000 ) ) ;
#834 = EDGE_LOOP ( 'NONE', ( #2824, #7767, #12765, #2969 ) ) ;
#835 = EDGE_CURVE ( 'NONE', #9947, #656, #4946, .T. ) ;
#836 = DIRECTION ( 'NONE',  ( -0.000000000000000000, 0.000000000000000000, 1.000000000000000000 ) ) ;
#837 = EDGE_CURVE ( 'NONE', #6144, #5067, #10093, .T. ) ;
#838 = LINE ( 'NONE', #2045, #1404 ) ;
#839 = DIRECTION ( 'NONE',  ( -0.000000000000000000, 0.000000000000000000, 1.000000000000000000 ) ) ;
#840 = DIRECTION ( 'NONE',  ( -1.000000000000000000, 0.000000000000000000, 0.000000000000000000 ) ) ;
#841 = CIRCLE ( 'NONE', #5599, 1.750000000000029310 ) ;
#842 = FACE_BOUND ( 'NONE', #12272, .T. ) ;
#843 = ORIENTED_EDGE ( 'NONE', *, *, #10881, .T. ) ;
#844 = ORIENTED_EDGE ( 'NONE', *, *, #5889, .T. ) ;
#845 = AXIS2_PLACEMENT_3D ( 'NONE', #9382, #9117, #3955 ) ;
#846 = VECTOR ( 'NONE', #1339, 1000.000000000000000 ) ;
#847 = CARTESIAN_POINT ( 'NONE',  ( 45.11403200266500590, 123.7087698414060526, 0.000000000000000000 ) ) ;
#848 = ORIENTED_EDGE ( 'NONE', *, *, #4809, .F. ) ;
#849 = DIRECTION ( 'NONE',  ( -0.000000000000000000, -0.000000000000000000, -1.000000000000000000 ) ) ;
#850 = ORIENTED_EDGE ( 'NONE', *, *, #5423, .F. ) ;
#851 = EDGE_CURVE ( 'NONE', #2892, #2602, #12549, .T. ) ;
#852 = EDGE_CURVE ( 'NONE', #9127, #2199, #50, .T. ) ;
#853 = VECTOR ( 'NONE', #2160, 1000.000000000000000 ) ;
#854 = LINE ( 'NONE', #4993, #8169 ) ;
#855 = ORIENTED_EDGE ( 'NONE', *, *, #6831, .F. ) ;
#856 = VECTOR ( 'NONE', #3141, 1000.000000000000000 ) ;
#857 = CARTESIAN_POINT ( 'NONE',  ( 12.49999999999989875, 131.8050000000002626, 0.000000000000000000 ) ) ;
#858 = ORIENTED_EDGE ( 'NONE', *, *, #8795, .F. ) ;
#859 = ORIENTED_EDGE ( 'NONE', *, *, #2148, .F. ) ;
#860 = DIRECTION ( 'NONE',  ( -0.000000000000000000, 0.000000000000000000, 1.000000000000000000 ) ) ;
#861 = ORIENTED_EDGE ( 'NONE', *, *, #4544, .F. ) ;
#862 = EDGE_LOOP ( 'NONE', ( #3475, #9701 ) ) ;
#863 = ADVANCED_FACE ( 'NONE', ( #12350 ), #7136, .F. ) ;
#864 = FACE_OUTER_BOUND ( 'NONE', #1335, .T. ) ;
#865 = DIRECTION ( 'NONE',  ( -1.000000000000000000, 0.000000000000000000, 0.000000000000000000 ) ) ;
#866 = ORIENTED_EDGE ( 'NONE', *, *, #1500, .F. ) ;
#867 = CARTESIAN_POINT ( 'NONE',  ( 23.84811636407625102, 32.55164082722253482, 30.34024646923267454 ) ) ;
#868 = ORIENTED_EDGE ( 'NONE', *, *, #9726, .F. ) ;
#869 = LINE ( 'NONE', #7269, #2340 ) ;
#870 = CARTESIAN_POINT ( 'NONE',  ( 173.1302825253530386, 10.58001099839807324, 0.000000000000000000 ) ) ;
#871 = CARTESIAN_POINT ( 'NONE',  ( 20.17116097332560898, 28.60989453229145241, 0.000000000000000000 ) ) ;
#872 = DIRECTION ( 'NONE',  ( -0.000000000000000000, -0.000000000000000000, -1.000000000000000000 ) ) ;
#873 = ORIENTED_EDGE ( 'NONE', *, *, #10573, .T. ) ;
#874 = VERTEX_POINT ( 'NONE', #931 ) ;
#875 = CARTESIAN_POINT ( 'NONE',  ( 175.7431846376827025, 124.7179551689040551, 10.40000000000000213 ) ) ;
#876 = DIRECTION ( 'NONE',  ( -1.000000000000000000, 0.000000000000000000, 0.000000000000000000 ) ) ;
#877 = ORIENTED_EDGE ( 'NONE', *, *, #9746, .F. ) ;
#878 = CIRCLE ( 'NONE', #10887, 1.899999999999985034 ) ;
#879 = CARTESIAN_POINT ( 'NONE',  ( 174.0005021790887554, 60.23200238917063132, 10.00000000000000000 ) ) ;
#880 = CARTESIAN_POINT ( 'NONE',  ( 197.3288390266748991, 82.80500000000019156, 8.799999999999995381 ) ) ;
#881 = EDGE_CURVE ( 'NONE', #4643, #2966, #3952, .T. ) ;
#882 = ORIENTED_EDGE ( 'NONE', *, *, #294, .F. ) ;
#883 = DIRECTION ( 'NONE',  ( 1.000000000000000000, 0.000000000000000000, 0.000000000000000000 ) ) ;
#884 = AXIS2_PLACEMENT_3D ( 'NONE', #10063, #4921, #9047 ) ;
#885 = CARTESIAN_POINT ( 'NONE',  ( 200.3288390266749275, 28.60989453229147017, 4.400000000000001243 ) ) ;
#886 = CARTESIAN_POINT ( 'NONE',  ( 198.3288390266748422, 150.8940936094210770, 10.00000000000000000 ) ) ;
#887 = DIRECTION ( 'NONE',  ( 1.000000000000000000, 0.000000000000000000, 0.000000000000000000 ) ) ;
#888 = CARTESIAN_POINT ( 'NONE',  ( 174.7485405866029851, 92.35531679854540243, 8.800000000000000711 ) ) ;
#889 = ORIENTED_EDGE ( 'NONE', *, *, #12020, .F. ) ;
#890 = ORIENTED_EDGE ( 'NONE', *, *, #6718, .F. ) ;
#891 = CARTESIAN_POINT ( 'NONE',  ( 19.70000000000000284, -7.389999999999980140, 10.00000000000000000 ) ) ;
#892 = CARTESIAN_POINT ( 'NONE',  ( 200.5000000000004547, 153.0000000000004547, 7.000000000000000000 ) ) ;
#893 = AXIS2_PLACEMENT_3D ( 'NONE', #1568, #1361, #2663 ) ;
#894 = EDGE_LOOP ( 'NONE', ( #8286, #3063, #6298, #2019 ) ) ;
#895 = LINE ( 'NONE', #6880, #1749 ) ;
#896 = ADVANCED_FACE ( 'NONE', ( #8237 ), #3053, .F. ) ;
#897 = PLANE ( 'NONE',  #3225 ) ;
#898 = ORIENTED_EDGE ( 'NONE', *, *, #4572, .F. ) ;
#899 = CARTESIAN_POINT ( 'NONE',  ( 138.5492919255787285, 3.846501363067972079, 10.00000000000000000 ) ) ;
#900 = CARTESIAN_POINT ( 'NONE',  ( 25.34116097332609385, 82.80500000000016314, 8.800000000000000711 ) ) ;
#901 = DIRECTION ( 'NONE',  ( 1.000000000000000000, 0.000000000000000000, 0.000000000000000000 ) ) ;
#902 = CARTESIAN_POINT ( 'NONE',  ( 136.5096358462825208, 93.69416979933204459, 9.400000000000044764 ) ) ;
#903 = FACE_BOUND ( 'NONE', #7534, .T. ) ;
#904 = ORIENTED_EDGE ( 'NONE', *, *, #8514, .F. ) ;
#905 = EDGE_CURVE ( 'NONE', #9130, #11114, #10346, .T. ) ;
#906 = LINE ( 'NONE', #10701, #6693 ) ;
#907 = ORIENTED_EDGE ( 'NONE', *, *, #9837, .F. ) ;
#908 = DIRECTION ( 'NONE',  ( -1.000000000000000000, 0.000000000000000000, 0.000000000000000000 ) ) ;
#909 = ORIENTED_EDGE ( 'NONE', *, *, #10078, .F. ) ;
#910 = EDGE_CURVE ( 'NONE', #12607, #7041, #2909, .T. ) ;
#911 = CARTESIAN_POINT ( 'NONE',  ( 80.71811639599671651, 142.0078835394621706, 8.800000000000000711 ) ) ;
#912 = DIRECTION ( 'NONE',  ( -0.7071095795811642715, -0.7071039827808559552, 0.000000000000000000 ) ) ;
#913 = DIRECTION ( 'NONE',  ( 1.000000000000000000, 0.000000000000000000, 0.000000000000000000 ) ) ;
#914 = EDGE_LOOP ( 'NONE', ( #5326, #1253, #2825, #9953 ) ) ;
#915 = CARTESIAN_POINT ( 'NONE',  ( 44.60258495182370098, 136.4729333453784932, 10.00000000000000000 ) ) ;
#916 = CARTESIAN_POINT ( 'NONE',  ( 200.5000000000003695, -7.390000000000313207, 7.000000000000000000 ) ) ;
#917 = CIRCLE ( 'NONE', #5257, 1.899999999999985034 ) ;
#918 = VERTEX_POINT ( 'NONE', #12884 ) ;
#919 = ADVANCED_FACE ( 'NONE', ( #4438 ), #8633, .F. ) ;
#920 = DIRECTION ( 'NONE',  ( 1.000000000000000000, 0.000000000000000000, 0.000000000000000000 ) ) ;
#921 = ORIENTED_EDGE ( 'NONE', *, *, #9936, .T. ) ;
#922 = LINE ( 'NONE', #4163, #11871 ) ;
#923 = ORIENTED_EDGE ( 'NONE', *, *, #9588, .F. ) ;
#924 = AXIS2_PLACEMENT_3D ( 'NONE', #4110, #12281, #11246 ) ;
#925 = DIRECTION ( 'NONE',  ( -1.000000000000000000, 0.000000000000000000, 0.000000000000000000 ) ) ;
#926 = CARTESIAN_POINT ( 'NONE',  ( 81.03604971557493286, 51.91583020066806142, 10.40000000000000213 ) ) ;
#927 = ORIENTED_EDGE ( 'NONE', *, *, #4144, .F. ) ;
#928 = VERTEX_POINT ( 'NONE', #10741 ) ;
#929 = CARTESIAN_POINT ( 'NONE',  ( 12.50000000000001243, 82.80489453229172625, 0.000000000000000000 ) ) ;
#930 = DIRECTION ( 'NONE',  ( 1.000000000000000000, 0.000000000000000000, 0.000000000000000000 ) ) ;
#931 = CARTESIAN_POINT ( 'NONE',  ( 173.4170201614553548, 137.2950152050907207, 8.800000000000000711 ) ) ;
#932 = DIRECTION ( 'NONE',  ( 1.000000000000000000, 0.000000000000000000, 0.000000000000000000 ) ) ;
#933 = ORIENTED_EDGE ( 'NONE', *, *, #8, .T. ) ;
#934 = ORIENTED_EDGE ( 'NONE', *, *, #6200, .F. ) ;
#935 = EDGE_CURVE ( 'NONE', #10500, #12703, #4307, .T. ) ;
#936 = CARTESIAN_POINT ( 'NONE',  ( 174.2376617334601576, 129.7232082917234379, 10.00000000000000000 ) ) ;
#937 = EDGE_CURVE ( 'NONE', #11515, #10232, #7612, .T. ) ;
#938 = LINE ( 'NONE', #5899, #5358 ) ;
#939 = VERTEX_POINT ( 'NONE', #3310 ) ;
#940 = VECTOR ( 'NONE', #1534, 999.9999999999998863 ) ;
#941 = DIRECTION ( 'NONE',  ( -0.000000000000000000, 0.000000000000000000, 1.000000000000000000 ) ) ;
#942 = ORIENTED_EDGE ( 'NONE', *, *, #337, .F. ) ;
#943 = CARTESIAN_POINT ( 'NONE',  ( 20.17116097332603175, 149.8940936094211054, 9.000000000000000000 ) ) ;
#944 = FACE_OUTER_BOUND ( 'NONE', #7397, .T. ) ;
#945 = ORIENTED_EDGE ( 'NONE', *, *, #3945, .F. ) ;
#946 = LINE ( 'NONE', #11586, #3027 ) ;
#947 = CIRCLE ( 'NONE', #5286, 1.750000000000001554 ) ;
#948 = DIRECTION ( 'NONE',  ( -1.000000000000000000, 0.000000000000000000, 0.000000000000000000 ) ) ;
#949 = LINE ( 'NONE', #818, #10145 ) ;
#950 = ORIENTED_EDGE ( 'NONE', *, *, #1649, .T. ) ;
#951 = DIRECTION ( 'NONE',  ( -0.000000000000000000, 0.000000000000000000, 1.000000000000000000 ) ) ;
#952 = EDGE_CURVE ( 'NONE', #58, #11835, #1394, .T. ) ;
#953 = FACE_OUTER_BOUND ( 'NONE', #12078, .T. ) ;
#954 = ORIENTED_EDGE ( 'NONE', *, *, #12951, .T. ) ;
#955 = ORIENTED_EDGE ( 'NONE', *, *, #9767, .F. ) ;
#956 = VECTOR ( 'NONE', #12980, 1000.000000000000000 ) ;
#957 = DIRECTION ( 'NONE',  ( 1.000000000000000000, 0.000000000000000000, 0.000000000000000000 ) ) ;
#958 = VECTOR ( 'NONE', #661, 1000.000000000000000 ) ;
#959 = EDGE_LOOP ( 'NONE', ( #2829, #10761, #5891, #5493 ) ) ;
#960 = CARTESIAN_POINT ( 'NONE',  ( 173.4665854172397701, 57.45867854758728299, 8.800000000000000711 ) ) ;
#961 = VECTOR ( 'NONE', #8522, 1000.000000000000000 ) ;
#962 = CARTESIAN_POINT ( 'NONE',  ( 41.76293755839827071, 44.25077559055805665, 8.800000000000000711 ) ) ;
#963 = EDGE_LOOP ( 'NONE', ( #6337, #5588, #8269, #9975 ) ) ;
#964 = VECTOR ( 'NONE', #1767, 1000.000000000000000 ) ;
#965 = CIRCLE ( 'NONE', #10333, 7.649999999999989697 ) ;
#966 = DIRECTION ( 'NONE',  ( -0.000000000000000000, -0.000000000000000000, -1.000000000000000000 ) ) ;
#967 = DIRECTION ( 'NONE',  ( 1.000000000000000000, 0.000000000000000000, 0.000000000000000000 ) ) ;
#968 = DIRECTION ( 'NONE',  ( 1.000000000000000000, 0.000000000000000000, 0.000000000000000000 ) ) ;
#969 = ADVANCED_FACE ( 'NONE', ( #5461 ), #5533, .F. ) ;
#970 = DIRECTION ( 'NONE',  ( -0.7071067811865477948, 0.7071067811865473507, 0.000000000000000000 ) ) ;
#971 = ORIENTED_EDGE ( 'NONE', *, *, #11844, .T. ) ;
#972 = ORIENTED_EDGE ( 'NONE', *, *, #130, .T. ) ;
#973 = FACE_BOUND ( 'NONE', #8867, .T. ) ;
#974 = CARTESIAN_POINT ( 'NONE',  ( 145.1440251048210541, 132.5024585979040523, 8.800000000000000711 ) ) ;
#975 = VECTOR ( 'NONE', #9105, 1000.000000000000000 ) ;
#976 = ORIENTED_EDGE ( 'NONE', *, *, #7421, .F. ) ;
#977 = AXIS2_PLACEMENT_3D ( 'NONE', #3392, #460, #6651 ) ;
#978 = VERTEX_POINT ( 'NONE', #4513 ) ;
#979 = VECTOR ( 'NONE', #2321, 1000.000000000000000 ) ;
#980 = AXIS2_PLACEMENT_3D ( 'NONE', #2945, #6053, #1717 ) ;
#981 = CARTESIAN_POINT ( 'NONE',  ( 92.59275623606896488, 47.62245696408325557, 10.00000000000000000 ) ) ;
#982 = DIRECTION ( 'NONE',  ( -4.297894068818421720E-16, 1.000000000000000000, 0.000000000000000000 ) ) ;
#983 = CARTESIAN_POINT ( 'NONE',  ( 69.35833726339713223, 95.27330718339189275, 10.00000000000000000 ) ) ;
#984 = EDGE_CURVE ( 'NONE', #4703, #1471, #11635, .T. ) ;
#985 = ORIENTED_EDGE ( 'NONE', *, *, #2081, .T. ) ;
#986 = VECTOR ( 'NONE', #9359, 1000.000000000000000 ) ;
#987 = CIRCLE ( 'NONE', #1205, 1.750000000000001554 ) ;
#988 = CARTESIAN_POINT ( 'NONE',  ( 88.65482823265209333, 129.5324077978120840, 10.40000000000000213 ) ) ;
#989 = ADVANCED_FACE ( 'NONE', ( #3250 ), #2284, .F. ) ;
#990 = AXIS2_PLACEMENT_3D ( 'NONE', #82, #150, #5445 ) ;
#991 = ORIENTED_EDGE ( 'NONE', *, *, #9414, .T. ) ;
#992 = LINE ( 'NONE', #11498, #12609 ) ;
#993 = ORIENTED_EDGE ( 'NONE', *, *, #12106, .T. ) ;
#994 = EDGE_LOOP ( 'NONE', ( #3551, #1880, #9211, #5046 ) ) ;
#995 = CIRCLE ( 'NONE', #8616, 1.900000000000012790 ) ;
#996 = CARTESIAN_POINT ( 'NONE',  ( 197.3288390266748991, 82.80500000000019156, -55.14129099142832047 ) ) ;
#997 = AXIS2_PLACEMENT_3D ( 'NONE', #12548, #5402, #3249 ) ;
#998 = CARTESIAN_POINT ( 'NONE',  ( 124.8267149358792949, 98.15027427408116978, 10.00000000000000000 ) ) ;
#999 = DIRECTION ( 'NONE',  ( 1.000000000000000000, 0.000000000000000000, 0.000000000000000000 ) ) ;
#1000 = EDGE_CURVE ( 'NONE', #8541, #5443, #12680, .T. ) ;
#1001 = LINE ( 'NONE', #97, #9063 ) ;
#1002 = EDGE_LOOP ( 'NONE', ( #1032, #13427, #10730, #587 ) ) ;
#1003 = ORIENTED_EDGE ( 'NONE', *, *, #9576, .F. ) ;
#1004 = DIRECTION ( 'NONE',  ( 1.000000000000000000, 0.000000000000000000, 0.000000000000000000 ) ) ;
#1005 = DIRECTION ( 'NONE',  ( -0.000000000000000000, -0.000000000000000000, -1.000000000000000000 ) ) ;
#1006 = EDGE_CURVE ( 'NONE', #6327, #55, #1198, .T. ) ;
#1007 = AXIS2_PLACEMENT_3D ( 'NONE', #7346, #2154, #12117 ) ;
#1008 = EDGE_CURVE ( 'NONE', #9178, #13110, #3541, .T. ) ;
#1009 = DIRECTION ( 'NONE',  ( 0.000000000000000000, -1.000000000000000000, 0.000000000000000000 ) ) ;
#1010 = ORIENTED_EDGE ( 'NONE', *, *, #4479, .T. ) ;
#1011 = DIRECTION ( 'NONE',  ( -0.000000000000000000, -0.000000000000000000, -1.000000000000000000 ) ) ;
#1012 = CIRCLE ( 'NONE', #13020, 1.750000000000001554 ) ;
#1013 = CARTESIAN_POINT ( 'NONE',  ( 45.11403200266500590, 89.52015041444528265, 0.000000000000000000 ) ) ;
#1014 = ORIENTED_EDGE ( 'NONE', *, *, #7258, .T. ) ;
#1015 = CARTESIAN_POINT ( 'NONE',  ( 172.4876398314652590, 89.87628193518300179, 8.800000000000000711 ) ) ;
#1016 = ORIENTED_EDGE ( 'NONE', *, *, #8014, .F. ) ;
#1017 = DIRECTION ( 'NONE',  ( -0.000000000000000000, 0.000000000000000000, 1.000000000000000000 ) ) ;
#1018 = DIRECTION ( 'NONE',  ( -0.000000000000000000, -0.000000000000000000, -1.000000000000000000 ) ) ;
#1019 = VECTOR ( 'NONE', #3274, 1000.000000000000114 ) ;
#1020 = DIRECTION ( 'NONE',  ( -1.000000000000000000, 0.000000000000000000, 0.000000000000000000 ) ) ;
#1021 = ADVANCED_FACE ( 'NONE', ( #1131 ), #5271, .F. ) ;
#1022 = ORIENTED_EDGE ( 'NONE', *, *, #266, .F. ) ;
#1023 = EDGE_CURVE ( 'NONE', #7342, #4044, #2682, .T. ) ;
#1024 = LINE ( 'NONE', #2166, #9776 ) ;
#1025 = CARTESIAN_POINT ( 'NONE',  ( 88.60672948317446185, 137.9047134621627038, 8.800000000000000711 ) ) ;
#1026 = DIRECTION ( 'NONE',  ( -1.000000000000000000, 0.000000000000000000, 0.000000000000000000 ) ) ;
#1027 = ORIENTED_EDGE ( 'NONE', *, *, #64, .F. ) ;
#1028 = DIRECTION ( 'NONE',  ( 0.000000000000000000, 0.000000000000000000, 1.000000000000000000 ) ) ;
#1029 = AXIS2_PLACEMENT_3D ( 'NONE', #7004, #734, #13175 ) ;
#1030 = FACE_OUTER_BOUND ( 'NONE', #1371, .T. ) ;
#1031 = VERTEX_POINT ( 'NONE', #12618 ) ;
#1032 = ORIENTED_EDGE ( 'NONE', *, *, #8862, .F. ) ;
#1033 = AXIS2_PLACEMENT_3D ( 'NONE', #2987, #7960, #12068 ) ;
#1034 = DIRECTION ( 'NONE',  ( -0.000000000000000000, -0.000000000000000000, -1.000000000000000000 ) ) ;
#1035 = ORIENTED_EDGE ( 'NONE', *, *, #12364, .F. ) ;
#1036 = DIRECTION ( 'NONE',  ( 0.000000000000000000, 0.000000000000000000, -1.000000000000000000 ) ) ;
#1037 = EDGE_CURVE ( 'NONE', #8319, #8573, #7689, .T. ) ;
#1038 = CIRCLE ( 'NONE', #8658, 1.750000000000001554 ) ;
#1039 = CARTESIAN_POINT ( 'NONE',  ( 174.0136957027150117, 99.04773276470746168, 0.000000000000000000 ) ) ;
#1040 = ORIENTED_EDGE ( 'NONE', *, *, #6901, .T. ) ;
#1041 = AXIS2_PLACEMENT_3D ( 'NONE', #13307, #3912, #8236 ) ;
#1042 = CARTESIAN_POINT ( 'NONE',  ( 13.40000000000004654, -7.390000000000535252, 7.000000000000000000 ) ) ;
#1043 = CARTESIAN_POINT ( 'NONE',  ( 81.02043897411351736, 90.72411899924007628, 10.40000000000000213 ) ) ;
#1044 = DIRECTION ( 'NONE',  ( -1.000000000000000000, 0.000000000000000000, 0.000000000000000000 ) ) ;
#1045 = DIRECTION ( 'NONE',  ( -0.000000000000000000, -0.000000000000000000, -1.000000000000000000 ) ) ;
#1046 = ORIENTED_EDGE ( 'NONE', *, *, #10508, .T. ) ;
#1047 = FACE_BOUND ( 'NONE', #10679, .T. ) ;
#1048 = AXIS2_PLACEMENT_3D ( 'NONE', #10663, #362, #3361 ) ;
#1049 = ORIENTED_EDGE ( 'NONE', *, *, #11272, .T. ) ;
#1050 = EDGE_LOOP ( 'NONE', ( #6095, #3420, #6674, #10594 ) ) ;
#1051 = CIRCLE ( 'NONE', #3016, 1.750000000000001554 ) ;
#1052 = DIRECTION ( 'NONE',  ( -0.000000000000000000, -0.000000000000000000, -1.000000000000000000 ) ) ;
#1053 = ADVANCED_FACE ( 'NONE', ( #6345 ), #10536, .F. ) ;
#1054 = CARTESIAN_POINT ( 'NONE',  ( 42.85258495182370098, 19.47317995467786389, 10.00000000000000000 ) ) ;
#1055 = EDGE_LOOP ( 'NONE', ( #7098, #3536, #4103, #4556 ) ) ;
#1056 = CARTESIAN_POINT ( 'NONE',  ( 69.35833726339713223, 95.27330718339189275, 8.800000000000000711 ) ) ;
#1057 = VECTOR ( 'NONE', #6617, 1000.000000000000000 ) ;
#1058 = LINE ( 'NONE', #857, #9870 ) ;
#1059 = CIRCLE ( 'NONE', #9358, 1.900000000000012790 ) ;
#1060 = ORIENTED_EDGE ( 'NONE', *, *, #10855, .F. ) ;
#1061 = CARTESIAN_POINT ( 'NONE',  ( 45.11403200266500590, 45.55398713153164891, 0.000000000000000000 ) ) ;
#1062 = ORIENTED_EDGE ( 'NONE', *, *, #3697, .F. ) ;
#1063 = EDGE_CURVE ( 'NONE', #8282, #8692, #11711, .T. ) ;
#1064 = EDGE_LOOP ( 'NONE', ( #1609, #9271, #9137, #3193 ) ) ;
#1065 = DIRECTION ( 'NONE',  ( -1.000000000000000000, 0.000000000000000000, 0.000000000000000000 ) ) ;
#1066 = AXIS2_PLACEMENT_3D ( 'NONE', #11970, #629, #13075 ) ;
#1067 = EDGE_CURVE ( 'NONE', #8968, #978, #3703, .T. ) ;
#1068 = EDGE_CURVE ( 'NONE', #2473, #13238, #6837, .T. ) ;
#1069 = LINE ( 'NONE', #4235, #3242 ) ;
#1070 = PLANE ( 'NONE',  #12965 ) ;
#1071 = DIRECTION ( 'NONE',  ( 1.000000000000000000, 0.000000000000000000, 0.000000000000000000 ) ) ;
#1072 = ORIENTED_EDGE ( 'NONE', *, *, #2217, .F. ) ;
#1073 = ORIENTED_EDGE ( 'NONE', *, *, #4100, .T. ) ;
#1074 = CARTESIAN_POINT ( 'NONE',  ( 45.11403200266500590, 89.52015041444528265, 8.800000000000000711 ) ) ;
#1075 = CARTESIAN_POINT ( 'NONE',  ( 33.40638245624896996, 82.05906438913005729, 10.40000000000000213 ) ) ;
#1076 = LINE ( 'NONE', #11573, #7085 ) ;
#1077 = ORIENTED_EDGE ( 'NONE', *, *, #8266, .T. ) ;
#1078 = DIRECTION ( 'NONE',  ( -0.7071067811865474617, -0.7071067811865474617, 0.000000000000000000 ) ) ;
#1079 = CIRCLE ( 'NONE', #12211, 1.750000000000001554 ) ;
#1080 = DIRECTION ( 'NONE',  ( 1.000000000000000000, 0.000000000000000000, 0.000000000000000000 ) ) ;
#1081 = ORIENTED_EDGE ( 'NONE', *, *, #11849, .T. ) ;
#1082 = EDGE_CURVE ( 'NONE', #6033, #6879, #3764, .T. ) ;
#1083 = LINE ( 'NONE', #7278, #4747 ) ;
#1084 = ORIENTED_EDGE ( 'NONE', *, *, #12812, .F. ) ;
#1085 = DIRECTION ( 'NONE',  ( -0.000000000000000000, -0.000000000000000000, 1.000000000000000000 ) ) ;
#1086 = EDGE_CURVE ( 'NONE', #12572, #10582, #8138, .T. ) ;
#1087 = EDGE_CURVE ( 'NONE', #5367, #1658, #2020, .T. ) ;
#1088 = CYLINDRICAL_SURFACE ( 'NONE', #11617, 1.750000000000001554 ) ;
#1089 = ORIENTED_EDGE ( 'NONE', *, *, #4363, .T. ) ;
#1090 = LINE ( 'NONE', #3128, #11294 ) ;
#1091 = CARTESIAN_POINT ( 'NONE',  ( 145.1440251048210541, 132.5024585979040523, 10.40000000000000213 ) ) ;
#1092 = CARTESIAN_POINT ( 'NONE',  ( 45.11403200266500590, 89.52015041444528265, 0.000000000000000000 ) ) ;
#1093 = DIRECTION ( 'NONE',  ( 1.000000000000000000, 0.000000000000000000, 0.000000000000000000 ) ) ;
#1094 = VERTEX_POINT ( 'NONE', #7943 ) ;
#1095 = ORIENTED_EDGE ( 'NONE', *, *, #238, .T. ) ;
#1096 = EDGE_CURVE ( 'NONE', #1402, #779, #12133, .T. ) ;
#1097 = EDGE_CURVE ( 'NONE', #10837, #13378, #4576, .T. ) ;
#1098 = ORIENTED_EDGE ( 'NONE', *, *, #2526, .F. ) ;
#1099 = CARTESIAN_POINT ( 'NONE',  ( 205.0000000000004832, -7.790755016380357389, 0.1252272915132049413 ) ) ;
#1100 = VECTOR ( 'NONE', #3552, 1000.000000000000000 ) ;
#1101 = DIRECTION ( 'NONE',  ( -0.000000000000000000, -0.000000000000000000, -1.000000000000000000 ) ) ;
#1102 = ORIENTED_EDGE ( 'NONE', *, *, #7056, .T. ) ;
#1103 = DIRECTION ( 'NONE',  ( -0.7071067811865479058, -0.000000000000000000, -0.7071067811865470176 ) ) ;
#1104 = DIRECTION ( 'NONE',  ( -1.000000000000000000, 0.000000000000000000, 0.000000000000000000 ) ) ;
#1105 = LINE ( 'NONE', #8401, #8829 ) ;
#1106 = DIRECTION ( 'NONE',  ( -0.000000000000000000, 0.000000000000000000, 1.000000000000000000 ) ) ;
#1107 = FACE_OUTER_BOUND ( 'NONE', #7410, .T. ) ;
#1108 = ORIENTED_EDGE ( 'NONE', *, *, #8117, .T. ) ;
#1110 = ADVANCED_FACE ( 'NONE', ( #6765 ), #4716, .F. ) ;
#1109 = AXIS2_PLACEMENT_3D ( 'NONE', #3538, #2392, #1303 ) ;
#1111 = FACE_BOUND ( 'NONE', #1871, .T. ) ;
#1112 = EDGE_CURVE ( 'NONE', #8511, #3258, #10946, .T. ) ;
#1113 = ORIENTED_EDGE ( 'NONE', *, *, #588, .F. ) ;
#1114 = ORIENTED_EDGE ( 'NONE', *, *, #4011, .T. ) ;
#1115 = DIRECTION ( 'NONE',  ( -0.000000000000000000, 0.000000000000000000, 1.000000000000000000 ) ) ;
#1116 = AXIS2_PLACEMENT_3D ( 'NONE', #11814, #10781, #9967 ) ;
#1117 = ORIENTED_EDGE ( 'NONE', *, *, #11926, .F. ) ;
#1118 = CARTESIAN_POINT ( 'NONE',  ( 72.37043897411355431, 90.72411899924007628, 9.400000000000030553 ) ) ;
#1119 = DIRECTION ( 'NONE',  ( 1.000000000000000000, 0.000000000000000000, 0.000000000000000000 ) ) ;
#1120 = VERTEX_POINT ( 'NONE', #4852 ) ;
#1121 = EDGE_CURVE ( 'NONE', #7041, #3836, #9934, .T. ) ;
#1122 = LINE ( 'NONE', #11427, #8229 ) ;
#1123 = VERTEX_POINT ( 'NONE', #9055 ) ;
#1124 = ORIENTED_EDGE ( 'NONE', *, *, #2840, .T. ) ;
#1125 = CARTESIAN_POINT ( 'NONE',  ( 26.54116097332609314, 3.942129860926454862E-15, 10.40000000000000213 ) ) ;
#1126 = CARTESIAN_POINT ( 'NONE',  ( 42.86730598147647697, 126.1887866701237044, 0.000000000000000000 ) ) ;
#1127 = CARTESIAN_POINT ( 'NONE',  ( 128.9962509126547729, 86.03334357308700930, 0.000000000000000000 ) ) ;
#1128 = ORIENTED_EDGE ( 'NONE', *, *, #4221, .F. ) ;
#1129 = ORIENTED_EDGE ( 'NONE', *, *, #11512, .T. ) ;
#1130 = DIRECTION ( 'NONE',  ( -1.000000000000000000, 0.000000000000000000, 0.000000000000000000 ) ) ;
#1131 = FACE_OUTER_BOUND ( 'NONE', #12587, .T. ) ;
#1132 = CYLINDRICAL_SURFACE ( 'NONE', #1653, 1.750000000000001554 ) ;
#1133 = ORIENTED_EDGE ( 'NONE', *, *, #6126, .F. ) ;
#1134 = DIRECTION ( 'NONE',  ( 1.000000000000000000, 0.000000000000000000, 0.000000000000000000 ) ) ;
#1135 = EDGE_CURVE ( 'NONE', #1561, #8569, #4182, .T. ) ;
#1136 = CARTESIAN_POINT ( 'NONE',  ( 172.8173879116660885, 87.21061876881715591, 0.000000000000000000 ) ) ;
#1137 = EDGE_LOOP ( 'NONE', ( #1391, #6609, #8757, #4055 ) ) ;
#1138 = DIRECTION ( 'NONE',  ( -0.000000000000000000, 0.000000000000000000, 1.000000000000000000 ) ) ;
#1139 = EDGE_LOOP ( 'NONE', ( #5707, #11412, #4254, #3026 ) ) ;
#1140 = VECTOR ( 'NONE', #5511, 1000.000000000000000 ) ;
#1141 = DIRECTION ( 'NONE',  ( -0.000000000000000000, -0.000000000000000000, -1.000000000000000000 ) ) ;
#1142 = VERTEX_POINT ( 'NONE', #583 ) ;
#1143 = DIRECTION ( 'NONE',  ( -0.000000000000000000, -0.000000000000000000, -1.000000000000000000 ) ) ;
#1144 = EDGE_CURVE ( 'NONE', #2925, #11580, #3838, .T. ) ;
#1145 = CARTESIAN_POINT ( 'NONE',  ( 134.2762620681505155, 66.92288104716577379, 0.000000000000000000 ) ) ;
#1146 = CARTESIAN_POINT ( 'NONE',  ( 0.000000000000000000, 84.90966637033203313, 10.40000000000000213 ) ) ;
#1147 = AXIS2_PLACEMENT_3D ( 'NONE', #6781, #3655, #12009 ) ;
#1148 = CARTESIAN_POINT ( 'NONE',  ( 44.38205363708638629, 130.4532190266330929, 10.00000000000000000 ) ) ;
#1149 = ORIENTED_EDGE ( 'NONE', *, *, #10843, .F. ) ;
#1150 = CARTESIAN_POINT ( 'NONE',  ( 83.10734701375183420, 117.7494076238474747, 8.800000000000000711 ) ) ;
#1151 = EDGE_CURVE ( 'NONE', #9075, #5132, #6629, .T. ) ;
#1152 = DIRECTION ( 'NONE',  ( 1.000000000000000000, 0.000000000000000000, 0.000000000000000000 ) ) ;
#1153 = EDGE_LOOP ( 'NONE', ( #10564, #1302, #5841, #866 ) ) ;
#1154 = CARTESIAN_POINT ( 'NONE',  ( 174.4627247140765292, 138.8970351559032963, 8.800000000000000711 ) ) ;
#1155 = ORIENTED_EDGE ( 'NONE', *, *, #8427, .F. ) ;
#1156 = CARTESIAN_POINT ( 'NONE',  ( 205.0000000000005684, 152.5992449836204230, 0.1252272915131917019 ) ) ;
#1157 = AXIS2_PLACEMENT_3D ( 'NONE', #13025, #13229, #5741 ) ;
#1158 = EDGE_CURVE ( 'NONE', #11762, #5246, #2245, .T. ) ;
#1159 = ORIENTED_EDGE ( 'NONE', *, *, #2314, .F. ) ;
#1160 = CARTESIAN_POINT ( 'NONE',  ( 76.91811639599669093, 24.99111346065453176, 10.00000000000000000 ) ) ;
#1161 = DIRECTION ( 'NONE',  ( 1.000000000000000000, 0.000000000000000000, 0.000000000000000000 ) ) ;
#1162 = CARTESIAN_POINT ( 'NONE',  ( 190.9588390266749514, 0.000000000000000000, 10.40000000000000213 ) ) ;
#1163 = ADVANCED_FACE ( 'NONE', ( #3635 ), #7742, .F. ) ;
#1164 = CIRCLE ( 'NONE', #4624, 1.750000000000001554 ) ;
#1165 = CARTESIAN_POINT ( 'NONE',  ( 19.70000000000000639, 153.0000000000004547, 10.00000000000000000 ) ) ;
#1166 = VECTOR ( 'NONE', #10291, 1000.000000000000000 ) ;
#1167 = ORIENTED_EDGE ( 'NONE', *, *, #574, .F. ) ;
#1168 = CARTESIAN_POINT ( 'NONE',  ( 43.60307384372646311, 46.43688318540043980, 0.000000000000000000 ) ) ;
#1169 = ORIENTED_EDGE ( 'NONE', *, *, #5110, .F. ) ;
#1170 = VERTEX_POINT ( 'NONE', #1466 ) ;
#1171 = CIRCLE ( 'NONE', #518, 1.750000000000001554 ) ;
#1172 = CIRCLE ( 'NONE', #11428, 7.649999999999989697 ) ;
#1173 = DIRECTION ( 'NONE',  ( -0.000000000000000000, 0.000000000000000000, 1.000000000000000000 ) ) ;
#1174 = AXIS2_PLACEMENT_3D ( 'NONE', #9659, #5616, #10954 ) ;
#1175 = ADVANCED_FACE ( 'NONE', ( #5604 ), #12056, .F. ) ;
#1176 = ORIENTED_EDGE ( 'NONE', *, *, #12783, .T. ) ;
#1177 = EDGE_CURVE ( 'NONE', #2139, #7333, #2694, .T. ) ;
#1178 = DIRECTION ( 'NONE',  ( -1.000000000000000000, 0.000000000000000000, 0.000000000000000000 ) ) ;
#1179 = LINE ( 'NONE', #12794, #1423 ) ;
#1180 = ORIENTED_EDGE ( 'NONE', *, *, #769, .T. ) ;
#1181 = ORIENTED_EDGE ( 'NONE', *, *, #2855, .F. ) ;
#1182 = CARTESIAN_POINT ( 'NONE',  ( 129.3155958739632467, 124.8090237033039358, 8.800000000000000711 ) ) ;
#1183 = AXIS2_PLACEMENT_3D ( 'NONE', #7592, #566, #2544 ) ;
#1184 = VERTEX_POINT ( 'NONE', #1668 ) ;
#1185 = CIRCLE ( 'NONE', #8816, 1.899999999999985034 ) ;
#1186 = EDGE_LOOP ( 'NONE', ( #3958, #1255, #6449, #9917 ) ) ;
#1187 = CARTESIAN_POINT ( 'NONE',  ( 191.9588390266749514, 85.90966637033203313, 10.40000000000000213 ) ) ;
#1188 = CIRCLE ( 'NONE', #3162, 1.750000000000001554 ) ;
#1189 = CIRCLE ( 'NONE', #12331, 1.750000000000001554 ) ;
#1190 = CARTESIAN_POINT ( 'NONE',  ( 76.91811639599669093, 24.99111346065453176, 8.800000000000000711 ) ) ;
#1191 = CARTESIAN_POINT ( 'NONE',  ( 90.50672948317448174, 98.95013237564819519, 0.000000000000000000 ) ) ;
#1192 = EDGE_LOOP ( 'NONE', ( #10474, #10590, #8812, #10514 ) ) ;
#1193 = ADVANCED_FACE ( 'NONE', ( #653 ), #4930, .F. ) ;
#1194 = VECTOR ( 'NONE', #7382, 1000.000000000000000 ) ;
#1195 = AXIS2_PLACEMENT_3D ( 'NONE', #11133, #5913, #3935 ) ;
#1196 = ORIENTED_EDGE ( 'NONE', *, *, #9678, .T. ) ;
#1197 = CARTESIAN_POINT ( 'NONE',  ( 0.000000000000000000, 0.000000000000000000, 10.40000000000000213 ) ) ;
#1198 = LINE ( 'NONE', #5340, #9446 ) ;
#1199 = DIRECTION ( 'NONE',  ( 0.000000000000000000, 0.000000000000000000, 1.000000000000000000 ) ) ;
#1200 = ORIENTED_EDGE ( 'NONE', *, *, #4470, .F. ) ;
#1201 = FACE_OUTER_BOUND ( 'NONE', #10932, .T. ) ;
#1202 = DIRECTION ( 'NONE',  ( -1.000000000000000000, 0.000000000000000000, 0.000000000000000000 ) ) ;
#1203 = CIRCLE ( 'NONE', #9702, 1.900000000000012790 ) ;
#1204 = EDGE_LOOP ( 'NONE', ( #4162, #11043, #8330, #7533 ) ) ;
#1205 = AXIS2_PLACEMENT_3D ( 'NONE', #5407, #4370, #8567 ) ;
#1206 = CARTESIAN_POINT ( 'NONE',  ( 45.11403200266500590, 16.77682456503958619, 10.00000000000000000 ) ) ;
#1207 = EDGE_LOOP ( 'NONE', ( #4835, #12922, #132, #5101, #8976, #12181, #2790 ) ) ;
#1208 = DIRECTION ( 'NONE',  ( -1.000000000000000000, 0.000000000000000000, 0.000000000000000000 ) ) ;
#1209 = VECTOR ( 'NONE', #3901, 999.9999999999998863 ) ;
#1210 = LINE ( 'NONE', #1279, #4189 ) ;
#1211 = VERTEX_POINT ( 'NONE', #7193 ) ;
#1212 = EDGE_CURVE ( 'NONE', #11888, #3915, #1058, .T. ) ;
#1213 = VECTOR ( 'NONE', #3185, 1000.000000000000000 ) ;
#1214 = CARTESIAN_POINT ( 'NONE',  ( 174.9485405866030021, 136.4482890466690037, 8.800000000000000711 ) ) ;
#1215 = CARTESIAN_POINT ( 'NONE',  ( 174.7485405866029851, 19.82081807526519057, 8.800000000000000711 ) ) ;
#1216 = CIRCLE ( 'NONE', #340, 1.750000000000001554 ) ;
#1217 = CARTESIAN_POINT ( 'NONE',  ( 173.2356782389795171, 59.52956377675079835, 10.00000000000000000 ) ) ;
#1218 = EDGE_LOOP ( 'NONE', ( #7113, #5197, #12745, #7784 ) ) ;
#1219 = DIRECTION ( 'NONE',  ( 1.000000000000000000, 0.000000000000000000, 0.000000000000000000 ) ) ;
#1220 = CARTESIAN_POINT ( 'NONE',  ( 88.60672948317446185, 20.93033631178033005, 8.800000000000000711 ) ) ;
#1221 = ORIENTED_EDGE ( 'NONE', *, *, #10669, .T. ) ;
#1222 = EDGE_LOOP ( 'NONE', ( #6671, #11356, #9477, #2002 ) ) ;
#1223 = FACE_OUTER_BOUND ( 'NONE', #10173, .T. ) ;
#1224 = CIRCLE ( 'NONE', #3398, 1.750000000000001554 ) ;
#1225 = CARTESIAN_POINT ( 'NONE',  ( 192.1588390266744000, 83.05906438913014256, 4.400000000000001243 ) ) ;
#1226 = EDGE_CURVE ( 'NONE', #2603, #5439, #3754, .T. ) ;
#1227 = CARTESIAN_POINT ( 'NONE',  ( 190.9588390266749798, 102.3592244094420209, 10.40000000000000213 ) ) ;
#1228 = ADVANCED_FACE ( 'NONE', ( #8221 ), #3903, .F. ) ;
#1229 = ORIENTED_EDGE ( 'NONE', *, *, #6991, .F. ) ;
#1230 = LINE ( 'NONE', #1042, #10549 ) ;
#1231 = DIRECTION ( 'NONE',  ( 1.000000000000000000, 0.000000000000000000, 0.000000000000000000 ) ) ;
#1232 = LINE ( 'NONE', #3284, #12987 ) ;
#1233 = AXIS2_PLACEMENT_3D ( 'NONE', #10575, #1298, #2184 ) ;
#1234 = DIRECTION ( 'NONE',  ( 1.000000000000000000, 0.000000000000000000, 0.000000000000000000 ) ) ;
#1235 = ORIENTED_EDGE ( 'NONE', *, *, #6618, .F. ) ;
#1236 = FACE_BOUND ( 'NONE', #12701, .T. ) ;
#1237 = VERTEX_POINT ( 'NONE', #8090 ) ;
#1238 = EDGE_CURVE ( 'NONE', #4407, #8713, #3098, .T. ) ;
#1239 = ORIENTED_EDGE ( 'NONE', *, *, #2676, .T. ) ;
#1240 = CIRCLE ( 'NONE', #2549, 8.649999999999963052 ) ;
#1241 = VECTOR ( 'NONE', #12218, 1000.000000000000000 ) ;
#1242 = EDGE_CURVE ( 'NONE', #2697, #4280, #12468, .T. ) ;
#1243 = CARTESIAN_POINT ( 'NONE',  ( 31.80638245624896854, 44.25077559055805665, 8.800000000000000711 ) ) ;
#1244 = EDGE_CURVE ( 'NONE', #13133, #10193, #5479, .T. ) ;
#1245 = ORIENTED_EDGE ( 'NONE', *, *, #6724, .F. ) ;
#1246 = CARTESIAN_POINT ( 'NONE',  ( 42.86730598147647697, 58.29192021169607330, 0.000000000000000000 ) ) ;
#1247 = DIRECTION ( 'NONE',  ( 1.000000000000000000, 0.000000000000000000, 0.000000000000000000 ) ) ;
#1248 = AXIS2_PLACEMENT_3D ( 'NONE', #1878, #10270, #3841 ) ;
#1249 = ORIENTED_EDGE ( 'NONE', *, *, #10743, .F. ) ;
#1250 = ORIENTED_EDGE ( 'NONE', *, *, #6751, .T. ) ;
#1251 = CIRCLE ( 'NONE', #3636, 1.750000000000001554 ) ;
#1252 = CARTESIAN_POINT ( 'NONE',  ( 76.91811639599669093, 63.83441197029006275, 10.00000000000000000 ) ) ;
#1253 = ORIENTED_EDGE ( 'NONE', *, *, #2855, .T. ) ;
#1254 = ADVANCED_FACE ( 'NONE', ( #7254 ), #3039, .F. ) ;
#1255 = ORIENTED_EDGE ( 'NONE', *, *, #11597, .F. ) ;
#1256 = ADVANCED_FACE ( 'NONE', ( #9387, #8289 ), #11365, .T. ) ;
#1257 = DIRECTION ( 'NONE',  ( -0.000000000000000000, -0.000000000000000000, -1.000000000000000000 ) ) ;
#1258 = DIRECTION ( 'NONE',  ( 1.000000000000000000, 0.000000000000000000, 0.000000000000000000 ) ) ;
#1259 = AXIS2_PLACEMENT_3D ( 'NONE', #2270, #10592, #12604 ) ;
#1260 = LINE ( 'NONE', #11630, #10986 ) ;
#1261 = VECTOR ( 'NONE', #2554, 1000.000000000000000 ) ;
#1262 = EDGE_LOOP ( 'NONE', ( #7115, #1943, #2652, #5002 ) ) ;
#1263 = AXIS2_PLACEMENT_3D ( 'NONE', #9742, #11800, #189 ) ;
#1264 = ORIENTED_EDGE ( 'NONE', *, *, #7095, .F. ) ;
#1265 = DIRECTION ( 'NONE',  ( -0.000000000000000000, 0.000000000000000000, 1.000000000000000000 ) ) ;
#1266 = DIRECTION ( 'NONE',  ( -0.000000000000000000, -0.000000000000000000, -1.000000000000000000 ) ) ;
#1267 = DIRECTION ( 'NONE',  ( -0.000000000000000000, 0.000000000000000000, 1.000000000000000000 ) ) ;
#1268 = ORIENTED_EDGE ( 'NONE', *, *, #7394, .F. ) ;
#1269 = LINE ( 'NONE', #9272, #6620 ) ;
#1270 = VECTOR ( 'NONE', #11009, 1000.000000000000000 ) ;
#1271 = DIRECTION ( 'NONE',  ( 1.000000000000000000, 0.000000000000000000, 0.000000000000000000 ) ) ;
#1272 = ORIENTED_EDGE ( 'NONE', *, *, #7203, .F. ) ;
#1273 = AXIS2_PLACEMENT_3D ( 'NONE', #6134, #8084, #2832 ) ;
#1274 = CARTESIAN_POINT ( 'NONE',  ( 45.11403200266500590, 16.77682456503958619, 0.000000000000000000 ) ) ;
#1275 = EDGE_LOOP ( 'NONE', ( #2409, #430, #1957, #3632 ) ) ;
#1276 = EDGE_CURVE ( 'NONE', #6793, #7171, #5927, .T. ) ;
#1277 = CIRCLE ( 'NONE', #11521, 1.900000000000012790 ) ;
#1278 = CARTESIAN_POINT ( 'NONE',  ( 127.3058926844512513, 88.39559315452183341, 74.05294634222546790 ) ) ;
#1279 = CARTESIAN_POINT ( 'NONE',  ( 44.36085124949480729, 92.88837339307873719, 10.00000000000000000 ) ) ;
#1280 = ORIENTED_EDGE ( 'NONE', *, *, #2132, .T. ) ;
#1281 = AXIS2_PLACEMENT_3D ( 'NONE', #12687, #7546, #5279 ) ;
#1282 = CARTESIAN_POINT ( 'NONE',  ( 69.35833726339713223, 56.04032460332424392, 10.00000000000000000 ) ) ;
#1283 = FACE_OUTER_BOUND ( 'NONE', #3557, .T. ) ;
#1284 = DIRECTION ( 'NONE',  ( -0.000000000000000000, 0.000000000000000000, 1.000000000000000000 ) ) ;
#1285 = VECTOR ( 'NONE', #3745, 1000.000000000000000 ) ;
#1286 = LINE ( 'NONE', #5226, #9482 ) ;
#1287 = VERTEX_POINT ( 'NONE', #10393 ) ;
#1288 = CARTESIAN_POINT ( 'NONE',  ( 43.36403200266500590, 16.77682456503958619, 8.800000000000000711 ) ) ;
#1289 = CARTESIAN_POINT ( 'NONE',  ( 80.71811639599671651, 103.0761435058214914, 0.000000000000000000 ) ) ;
#1290 = ORIENTED_EDGE ( 'NONE', *, *, #6901, .F. ) ;
#1291 = DIRECTION ( 'NONE',  ( -0.000000000000000000, -0.000000000000000000, -1.000000000000000000 ) ) ;
#1292 = DIRECTION ( 'NONE',  ( -1.000000000000000000, 0.000000000000000000, 0.000000000000000000 ) ) ;
#1293 = EDGE_CURVE ( 'NONE', #6622, #2609, #9887, .T. ) ;
#1294 = CARTESIAN_POINT ( 'NONE',  ( 44.35304279851941089, 132.2042711855067409, 10.00000000000000000 ) ) ;
#1295 = VECTOR ( 'NONE', #13017, 1000.000000000000114 ) ;
#1296 = EDGE_LOOP ( 'NONE', ( #2745, #7949, #10159, #9577 ) ) ;
#1297 = CYLINDRICAL_SURFACE ( 'NONE', #11433, 1.899999999999985034 ) ;
#1298 = DIRECTION ( 'NONE',  ( -0.000000000000000000, -0.000000000000000000, -1.000000000000000000 ) ) ;
#1299 = DIRECTION ( 'NONE',  ( -0.000000000000000000, -0.000000000000000000, -1.000000000000000000 ) ) ;
#1300 = DIRECTION ( 'NONE',  ( -0.000000000000000000, 0.000000000000000000, 1.000000000000000000 ) ) ;
#1301 = FACE_BOUND ( 'NONE', #9835, .T. ) ;
#1302 = ORIENTED_EDGE ( 'NONE', *, *, #4382, .T. ) ;
#1303 = DIRECTION ( 'NONE',  ( -1.000000000000000000, 0.000000000000000000, 0.000000000000000000 ) ) ;
#1304 = EDGE_CURVE ( 'NONE', #7740, #1729, #12304, .T. ) ;
#1305 = EDGE_LOOP ( 'NONE', ( #11325, #637, #4232, #12101, #12497, #5412, #1149 ) ) ;
#1306 = VECTOR ( 'NONE', #1588, 1000.000000000000000 ) ;
#1307 = VERTEX_POINT ( 'NONE', #12401 ) ;
#1308 = CARTESIAN_POINT ( 'NONE',  ( 46.86403200266500590, 84.41004697847179727, 10.00000000000000000 ) ) ;
#1309 = VERTEX_POINT ( 'NONE', #10205 ) ;
#1310 = PLANE ( 'NONE',  #13086 ) ;
#1311 = DIRECTION ( 'NONE',  ( -0.000000000000000000, -0.000000000000000000, -1.000000000000000000 ) ) ;
#1312 = ADVANCED_FACE ( 'NONE', ( #9244 ), #1998, .F. ) ;
#1313 = ORIENTED_EDGE ( 'NONE', *, *, #6975, .F. ) ;
#1314 = VERTEX_POINT ( 'NONE', #11326 ) ;
#1315 = CARTESIAN_POINT ( 'NONE',  ( 197.3288390266748991, -4.192077597143913259, 8.800000000000000711 ) ) ;
#1316 = CARTESIAN_POINT ( 'NONE',  ( 172.5127247140765121, 12.21742430899847776, 10.00000000000000000 ) ) ;
#1317 = ADVANCED_FACE ( 'NONE', ( #944 ), #5281, .T. ) ;
#1318 = VERTEX_POINT ( 'NONE', #3194 ) ;
#1319 = VERTEX_POINT ( 'NONE', #9280 ) ;
#1320 = CARTESIAN_POINT ( 'NONE',  ( 200.5000000000004547, -14.38999999999998636, 0.000000000000000000 ) ) ;
#1321 = AXIS2_PLACEMENT_3D ( 'NONE', #7785, #12855, #6521 ) ;
#1322 = CYLINDRICAL_SURFACE ( 'NONE', #6600, 8.649999999999948841 ) ;
#1323 = ORIENTED_EDGE ( 'NONE', *, *, #4377, .F. ) ;
#1324 = EDGE_LOOP ( 'NONE', ( #1523, #8832, #9278, #8008 ) ) ;
#1325 = FACE_OUTER_BOUND ( 'NONE', #7671, .T. ) ;
#1326 = EDGE_CURVE ( 'NONE', #2187, #12406, #3122, .T. ) ;
#1327 = FACE_OUTER_BOUND ( 'NONE', #10144, .T. ) ;
#1328 = DIRECTION ( 'NONE',  ( -0.7071067811865493491, -0.7071067811865455743, 0.000000000000000000 ) ) ;
#1329 = CYLINDRICAL_SURFACE ( 'NONE', #9295, 1.750000000000001554 ) ;
#1330 = VERTEX_POINT ( 'NONE', #4317 ) ;
#1331 = CARTESIAN_POINT ( 'NONE',  ( 42.85258495182370098, 136.4729333453784932, 8.800000000000000711 ) ) ;
#1332 = EDGE_CURVE ( 'NONE', #10283, #10286, #41, .T. ) ;
#1333 = ORIENTED_EDGE ( 'NONE', *, *, #7622, .T. ) ;
#1334 = FACE_OUTER_BOUND ( 'NONE', #1574, .T. ) ;
#1335 = EDGE_LOOP ( 'NONE', ( #1657, #8040, #8696, #3690 ) ) ;
#1336 = CARTESIAN_POINT ( 'NONE',  ( 90.69275623606895920, 47.62245696408325557, 0.000000000000000000 ) ) ;
#1337 = CARTESIAN_POINT ( 'NONE',  ( 43.83958124022611713, 95.66728067709013317, 8.800000000000000711 ) ) ;
#1338 = EDGE_LOOP ( 'NONE', ( #1129, #2269, #420, #8497 ) ) ;
#1339 = DIRECTION ( 'NONE',  ( -0.000000000000000000, -0.000000000000000000, -1.000000000000000000 ) ) ;
#1340 = EDGE_CURVE ( 'NONE', #8280, #12792, #12560, .T. ) ;
#1341 = DIRECTION ( 'NONE',  ( -0.000000000000000000, -0.000000000000000000, -1.000000000000000000 ) ) ;
#1342 = DIRECTION ( 'NONE',  ( -1.000000000000000000, 0.000000000000000000, 0.000000000000000000 ) ) ;
#1343 = CARTESIAN_POINT ( 'NONE',  ( 172.9985405866029851, 58.64993458377050217, 0.000000000000000000 ) ) ;
#1344 = EDGE_CURVE ( 'NONE', #10765, #5797, #2922, .T. ) ;
#1345 = CYLINDRICAL_SURFACE ( 'NONE', #7747, 1.900000000000012790 ) ;
#1346 = ORIENTED_EDGE ( 'NONE', *, *, #6565, .T. ) ;
#1347 = FACE_OUTER_BOUND ( 'NONE', #12833, .T. ) ;
#1348 = PLANE ( 'NONE',  #10387 ) ;
#1349 = ORIENTED_EDGE ( 'NONE', *, *, #7094, .F. ) ;
#1350 = CIRCLE ( 'NONE', #3099, 1.750000000000001554 ) ;
#1351 = DIRECTION ( 'NONE',  ( -1.000000000000000000, 0.000000000000000000, 0.000000000000000000 ) ) ;
#1352 = FACE_OUTER_BOUND ( 'NONE', #6124, .T. ) ;
#1353 = DIRECTION ( 'NONE',  ( 1.000000000000000000, 0.000000000000000000, 0.000000000000000000 ) ) ;
#1354 = LINE ( 'NONE', #5635, #1610 ) ;
#1355 = DIRECTION ( 'NONE',  ( 1.000000000000000000, 0.000000000000000000, 0.000000000000000000 ) ) ;
#1356 = CIRCLE ( 'NONE', #8118, 1.750000000000001554 ) ;
#1357 = EDGE_LOOP ( 'NONE', ( #8263, #11039, #3755, #6914 ) ) ;
#1358 = EDGE_CURVE ( 'NONE', #12803, #2635, #10962, .T. ) ;
#1359 = DIRECTION ( 'NONE',  ( 1.000000000000000000, 0.000000000000000000, 0.000000000000000000 ) ) ;
#1360 = CARTESIAN_POINT ( 'NONE',  ( 136.4762620681505609, 145.0023251711596401, 0.000000000000000000 ) ) ;
#1361 = DIRECTION ( 'NONE',  ( -0.7071067811865711095, -0.7071067811865240360, 0.000000000000000000 ) ) ;
#1362 = CARTESIAN_POINT ( 'NONE',  ( 134.2762620681505155, 28.07725675849961888, 0.000000000000000000 ) ) ;
#1363 = ORIENTED_EDGE ( 'NONE', *, *, #426, .F. ) ;
#1364 = CARTESIAN_POINT ( 'NONE',  ( 83.10734701375183420, 78.84319752287538563, 8.800000000000000711 ) ) ;
#1365 = ORIENTED_EDGE ( 'NONE', *, *, #12951, .F. ) ;
#1366 = AXIS2_PLACEMENT_3D ( 'NONE', #4367, #3373, #7537 ) ;
#1367 = ORIENTED_EDGE ( 'NONE', *, *, #4450, .F. ) ;
#1368 = CYLINDRICAL_SURFACE ( 'NONE', #10244, 1.900000000000012790 ) ;
#1369 = CARTESIAN_POINT ( 'NONE',  ( 17.00000000000004619, -7.390000000000535252, 7.000000000000000000 ) ) ;
#1370 = DIRECTION ( 'NONE',  ( -0.000000000000000000, 0.000000000000000000, 1.000000000000000000 ) ) ;
#1371 = EDGE_LOOP ( 'NONE', ( #11691, #8697, #11144, #2913 ) ) ;
#1372 = EDGE_CURVE ( 'NONE', #9673, #6016, #2226, .T. ) ;
#1373 = DIRECTION ( 'NONE',  ( -0.000000000000000000, -0.000000000000000000, -1.000000000000000000 ) ) ;
#1374 = VECTOR ( 'NONE', #1018, 1000.000000000000000 ) ;
#1375 = DIRECTION ( 'NONE',  ( -0.000000000000000000, 0.000000000000000000, 1.000000000000000000 ) ) ;
#1376 = DIRECTION ( 'NONE',  ( -0.2810860865953414001, -0.6785980444720263183, 0.6785980444720263183 ) ) ;
#1377 = ORIENTED_EDGE ( 'NONE', *, *, #4156, .T. ) ;
#1378 = ORIENTED_EDGE ( 'NONE', *, *, #7061, .F. ) ;
#1379 = CARTESIAN_POINT ( 'NONE',  ( 19.17116097332606373, 82.80500000000016314, 10.00000000000000000 ) ) ;
#1380 = LINE ( 'NONE', #7597, #5804 ) ;
#1381 = ORIENTED_EDGE ( 'NONE', *, *, #8485, .T. ) ;
#1382 = EDGE_LOOP ( 'NONE', ( #10990, #2234, #5450, #12450 ) ) ;
#1383 = CARTESIAN_POINT ( 'NONE',  ( 197.8000000000004377, 153.0000000000004547, 10.00000000000000000 ) ) ;
#1384 = AXIS2_PLACEMENT_3D ( 'NONE', #5680, #10952, #12892 ) ;
#1385 = LINE ( 'NONE', #7735, #10230 ) ;
#1386 = AXIS2_PLACEMENT_3D ( 'NONE', #7419, #5282, #1020 ) ;
#1387 = EDGE_CURVE ( 'NONE', #10873, #10494, #5220, .T. ) ;
#1388 = LINE ( 'NONE', #5527, #12743 ) ;
#1389 = ORIENTED_EDGE ( 'NONE', *, *, #5796, .F. ) ;
#1390 = CIRCLE ( 'NONE', #7281, 1.750000000000001554 ) ;
#1391 = ORIENTED_EDGE ( 'NONE', *, *, #11622, .T. ) ;
#1392 = CARTESIAN_POINT ( 'NONE',  ( 203.2000000000004718, -7.389999999999986358, 7.000000000000000000 ) ) ;
#1393 = LINE ( 'NONE', #8707, #13227 ) ;
#1394 = LINE ( 'NONE', #2214, #3959 ) ;
#1395 = AXIS2_PLACEMENT_3D ( 'NONE', #12129, #2760, #6903 ) ;
#1396 = FACE_OUTER_BOUND ( 'NONE', #2155, .T. ) ;
#1397 = ORIENTED_EDGE ( 'NONE', *, *, #4215, .F. ) ;
#1398 = LINE ( 'NONE', #11919, #10787 ) ;
#1399 = CYLINDRICAL_SURFACE ( 'NONE', #7131, 1.900000000000012790 ) ;
#1400 = EDGE_LOOP ( 'NONE', ( #4473, #7580, #1661, #12484 ) ) ;
#1401 = LINE ( 'NONE', #6558, #1510 ) ;
#1402 = VERTEX_POINT ( 'NONE', #7354 ) ;
#1403 = FACE_OUTER_BOUND ( 'NONE', #13172, .T. ) ;
#1404 = VECTOR ( 'NONE', #966, 1000.000000000000000 ) ;
#1405 = CIRCLE ( 'NONE', #9053, 1.750000000000001554 ) ;
#1406 = EDGE_CURVE ( 'NONE', #9113, #8398, #3262, .T. ) ;
#1407 = DIRECTION ( 'NONE',  ( 1.000000000000000000, 0.000000000000000000, 0.000000000000000000 ) ) ;
#1408 = VECTOR ( 'NONE', #5924, 1000.000000000000000 ) ;
#1409 = DIRECTION ( 'NONE',  ( 0.000000000000000000, 0.000000000000000000, -1.000000000000000000 ) ) ;
#1410 = ORIENTED_EDGE ( 'NONE', *, *, #13145, .F. ) ;
#1411 = EDGE_CURVE ( 'NONE', #4372, #4486, #6165, .T. ) ;
#1412 = CARTESIAN_POINT ( 'NONE',  ( 136.9492919255787058, 120.7500671661881455, 0.000000000000000000 ) ) ;
#1413 = EDGE_CURVE ( 'NONE', #3570, #13029, #8146, .T. ) ;
#1414 = PLANE ( 'NONE',  #11048 ) ;
#1415 = PRODUCT_DEFINITION_CONTEXT ( 'detailed design', #6919, 'design' ) ;
#1416 = CARTESIAN_POINT ( 'NONE',  ( 132.6762620681505211, 145.0023251711596401, 8.800000000000000711 ) ) ;
#1417 = DIRECTION ( 'NONE',  ( 1.000000000000000000, 0.000000000000000000, 0.000000000000000000 ) ) ;
#1418 = AXIS2_PLACEMENT_3D ( 'NONE', #6110, #12235, #11052 ) ;
#1419 = CIRCLE ( 'NONE', #12556, 1.750000000000001554 ) ;
#1420 = CARTESIAN_POINT ( 'NONE',  ( 138.6244221264163912, 42.67048316991452594, 10.00000000000000000 ) ) ;
#1421 = VERTEX_POINT ( 'NONE', #4120 ) ;
#1422 = DIRECTION ( 'NONE',  ( -0.000000000000000000, 0.000000000000000000, 1.000000000000000000 ) ) ;
#1423 = VECTOR ( 'NONE', #4350, 1000.000000000000000 ) ;
#1424 = LINE ( 'NONE', #7834, #11927 ) ;
#1425 = EDGE_LOOP ( 'NONE', ( #3537, #9200, #3966, #7660 ) ) ;
#1426 = DIRECTION ( 'NONE',  ( -0.000000000000000000, 0.000000000000000000, 1.000000000000000000 ) ) ;
#1427 = DIRECTION ( 'NONE',  ( 1.000000000000000000, 0.000000000000000000, 0.000000000000000000 ) ) ;
#1428 = CARTESIAN_POINT ( 'NONE',  ( 138.8492919255787115, 120.7500671661881455, 10.00000000000000000 ) ) ;
#1429 = EDGE_CURVE ( 'NONE', #10452, #5910, #9024, .T. ) ;
#1430 = CARTESIAN_POINT ( 'NONE',  ( 0.000000000000000000, 46.10137757176004669, 10.40000000000000213 ) ) ;
#1431 = EDGE_CURVE ( 'NONE', #1319, #3444, #11197, .T. ) ;
#1432 = CIRCLE ( 'NONE', #7963, 1.750000000000001554 ) ;
#1433 = LINE ( 'NONE', #405, #3127 ) ;
#1434 = AXIS2_PLACEMENT_3D ( 'NONE', #3309, #5208, #2213 ) ;
#1435 = CARTESIAN_POINT ( 'NONE',  ( 172.5127247140765121, 12.21742430899847776, 0.000000000000000000 ) ) ;
#1436 = DIRECTION ( 'NONE',  ( -0.000000000000000000, -0.000000000000000000, -1.000000000000000000 ) ) ;
#1437 = CARTESIAN_POINT ( 'NONE',  ( 42.86730598147647697, 86.84976237332983828, 10.00000000000000000 ) ) ;
#1438 = AXIS2_PLACEMENT_3D ( 'NONE', #7273, #7409, #932 ) ;
#1439 = CARTESIAN_POINT ( 'NONE',  ( 45.11403200266500590, 123.7087698414060526, 0.000000000000000000 ) ) ;
#1440 = ORIENTED_EDGE ( 'NONE', *, *, #6643, .F. ) ;
#1441 = EDGE_LOOP ( 'NONE', ( #1349, #11444 ) ) ;
#1442 = DIRECTION ( 'NONE',  ( -0.000000000000000000, -0.000000000000000000, -1.000000000000000000 ) ) ;
#1443 = ORIENTED_EDGE ( 'NONE', *, *, #2442, .F. ) ;
#1444 = ORIENTED_EDGE ( 'NONE', *, *, #1276, .F. ) ;
#1445 = EDGE_CURVE ( 'NONE', #2170, #5343, #6360, .T. ) ;
#1446 = AXIS2_PLACEMENT_3D ( 'NONE', #54, #8388, #7487 ) ;
#1447 = CARTESIAN_POINT ( 'NONE',  ( 44.61730598147647697, 97.12233422291699014, 8.800000000000000711 ) ) ;
#1448 = EDGE_LOOP ( 'NONE', ( #11842, #12171, #10985, #1155 ) ) ;
#1449 = VECTOR ( 'NONE', #13277, 1000.000000000000000 ) ;
#1450 = DIRECTION ( 'NONE',  ( 0.000000000000000000, 0.000000000000000000, 1.000000000000000000 ) ) ;
#1451 = DIRECTION ( 'NONE',  ( 1.000000000000000000, 0.000000000000000000, 0.000000000000000000 ) ) ;
#1452 = VERTEX_POINT ( 'NONE', #8734 ) ;
#1453 = ORIENTED_EDGE ( 'NONE', *, *, #9072, .F. ) ;
#1454 = CARTESIAN_POINT ( 'NONE',  ( 42.85258495182370098, 9.196027637130681498, 10.00000000000000000 ) ) ;
#1455 = DIRECTION ( 'NONE',  ( -0.000000000000000000, -0.000000000000000000, -1.000000000000000000 ) ) ;
#1456 = VECTOR ( 'NONE', #5557, 1000.000000000000000 ) ;
#1457 = EDGE_LOOP ( 'NONE', ( #1874, #10017, #5153, #11907 ) ) ;
#1458 = EDGE_LOOP ( 'NONE', ( #11674, #13225, #3951, #3161 ) ) ;
#1459 = DIRECTION ( 'NONE',  ( 1.000000000000000000, 0.000000000000000000, 0.000000000000000000 ) ) ;
#1460 = EDGE_CURVE ( 'NONE', #9444, #9504, #6809, .T. ) ;
#1461 = DIRECTION ( 'NONE',  ( -0.000000000000000000, 0.000000000000000000, 1.000000000000000000 ) ) ;
#1462 = DIRECTION ( 'NONE',  ( 0.7071039827808555112, -0.7071095795811648266, 0.000000000000000000 ) ) ;
#1463 = ORIENTED_EDGE ( 'NONE', *, *, #1212, .T. ) ;
#1464 = AXIS2_PLACEMENT_3D ( 'NONE', #1808, #7052, #11096 ) ;
#1465 = CARTESIAN_POINT ( 'NONE',  ( 174.7485405866029851, 97.45949380390098327, 0.000000000000000000 ) ) ;
#1466 = CARTESIAN_POINT ( 'NONE',  ( 43.59080015219819870, 54.75183467746543187, 8.800000000000000711 ) ) ;
#1467 = AXIS2_PLACEMENT_3D ( 'NONE', #5011, #9197, #930 ) ;
#1468 = VERTEX_POINT ( 'NONE', #12982 ) ;
#1469 = CARTESIAN_POINT ( 'NONE',  ( 196.9000000000003752, -7.390000000000313207, 7.000000000000000000 ) ) ;
#1470 = LINE ( 'NONE', #13031, #1680 ) ;
#1471 = VERTEX_POINT ( 'NONE', #13052 ) ;
#1472 = DIRECTION ( 'NONE',  ( -0.000000000000000000, 1.000000000000000000, 0.000000000000000000 ) ) ;
#1473 = DIRECTION ( 'NONE',  ( -0.000000000000000000, -0.000000000000000000, -1.000000000000000000 ) ) ;
#1474 = ORIENTED_EDGE ( 'NONE', *, *, #3834, .F. ) ;
#1475 = CARTESIAN_POINT ( 'NONE',  ( 172.4876398314652590, 22.29570046879387135, 10.00000000000000000 ) ) ;
#1477 = EDGE_CURVE ( 'NONE', #1031, #6195, #5064, .T. ) ;
#1476 = CIRCLE ( 'NONE', #9122, 1.750000000000001554 ) ;
#1478 = EDGE_CURVE ( 'NONE', #2113, #7764, #11853, .T. ) ;
#1479 = CIRCLE ( 'NONE', #6907, 1.750000000000001554 ) ;
#1480 = AXIS2_PLACEMENT_3D ( 'NONE', #5287, #10758, #1342 ) ;
#1481 = CARTESIAN_POINT ( 'NONE',  ( 136.4940251048210769, 132.5024585979040523, 10.40000000000000213 ) ) ;
#1482 = ORIENTED_EDGE ( 'NONE', *, *, #9907, .T. ) ;
#1483 = DIRECTION ( 'NONE',  ( -0.000000000000000000, 0.000000000000000000, 1.000000000000000000 ) ) ;
#1484 = FACE_OUTER_BOUND ( 'NONE', #1153, .T. ) ;
#1485 = DIRECTION ( 'NONE',  ( -0.000000000000000000, -0.000000000000000000, -1.000000000000000000 ) ) ;
#1486 = CARTESIAN_POINT ( 'NONE',  ( 172.4876398314652590, 51.05117720286586547, 0.000000000000000000 ) ) ;
#1487 = AXIS2_PLACEMENT_3D ( 'NONE', #6655, #10905, #5561 ) ;
#1488 = FACE_OUTER_BOUND ( 'NONE', #12802, .T. ) ;
#1489 = VERTEX_POINT ( 'NONE', #611 ) ;
#1490 = EDGE_CURVE ( 'NONE', #12789, #9851, #8873, .T. ) ;
#1491 = VECTOR ( 'NONE', #3698, 1000.000000000000000 ) ;
#1492 = VERTEX_POINT ( 'NONE', #4748 ) ;
#1493 = DIRECTION ( 'NONE',  ( 0.000000000000000000, 1.000000000000000000, 0.000000000000000000 ) ) ;
#1494 = VECTOR ( 'NONE', #11033, 999.9999999999998863 ) ;
#1495 = CARTESIAN_POINT ( 'NONE',  ( 145.9667819578208139, 47.16997947171014260, -42.36205706885544942 ) ) ;
#1496 = VERTEX_POINT ( 'NONE', #8945 ) ;
#1497 = DIRECTION ( 'NONE',  ( -0.000000000000000000, -0.000000000000000000, -1.000000000000000000 ) ) ;
#1498 = CYLINDRICAL_SURFACE ( 'NONE', #2798, 1.750000000000001554 ) ;
#1499 = CARTESIAN_POINT ( 'NONE',  ( 42.86730598147647697, 91.97633033906204503, 0.000000000000000000 ) ) ;
#1500 = EDGE_CURVE ( 'NONE', #5431, #5199, #6583, .T. ) ;
#1501 = EDGE_CURVE ( 'NONE', #3640, #11747, #10771, .T. ) ;
#1502 = CARTESIAN_POINT ( 'NONE',  ( 122.9267149358793034, 98.15027427408116978, 0.000000000000000000 ) ) ;
#1503 = CIRCLE ( 'NONE', #3670, 1.750000000000001554 ) ;
#1504 = DIRECTION ( 'NONE',  ( -0.000000000000000000, -0.000000000000000000, -1.000000000000000000 ) ) ;
#1505 = ORIENTED_EDGE ( 'NONE', *, *, #11371, .F. ) ;
#1506 = VECTOR ( 'NONE', #833, 1000.000000000000000 ) ;
#1507 = CARTESIAN_POINT ( 'NONE',  ( 92.59275623606896488, 47.62245696408325557, 0.000000000000000000 ) ) ;
#1508 = CARTESIAN_POINT ( 'NONE',  ( 172.4876398314652590, 61.11163158215092750, 0.000000000000000000 ) ) ;
#1509 = EDGE_CURVE ( 'NONE', #6014, #9323, #1433, .T. ) ;
#1510 = VECTOR ( 'NONE', #12818, 1000.000000000000000 ) ;
#1511 = PLANE ( 'NONE',  #2972 ) ;
#1512 = VERTEX_POINT ( 'NONE', #10704 ) ;
#1513 = ORIENTED_EDGE ( 'NONE', *, *, #819, .F. ) ;
#1514 = FACE_BOUND ( 'NONE', #5605, .T. ) ;
#1515 = VERTEX_POINT ( 'NONE', #5636 ) ;
#1516 = DIRECTION ( 'NONE',  ( -0.000000000000000000, 0.000000000000000000, 1.000000000000000000 ) ) ;
#1517 = ORIENTED_EDGE ( 'NONE', *, *, #8748, .T. ) ;
#1518 = DIRECTION ( 'NONE',  ( 0.000000000000000000, 0.000000000000000000, -1.000000000000000000 ) ) ;
#1519 = ORIENTED_EDGE ( 'NONE', *, *, #10521, .F. ) ;
#1520 = CARTESIAN_POINT ( 'NONE',  ( 128.9962509126547729, 46.80401707400540090, 0.000000000000000000 ) ) ;
#1521 = EDGE_CURVE ( 'NONE', #7990, #7498, #12911, .T. ) ;
#1522 = EDGE_CURVE ( 'NONE', #1094, #3973, #11878, .T. ) ;
#1523 = ORIENTED_EDGE ( 'NONE', *, *, #8266, .F. ) ;
#1524 = VERTEX_POINT ( 'NONE', #339 ) ;
#1525 = CIRCLE ( 'NONE', #9165, 1.900000000000012790 ) ;
#1526 = DIRECTION ( 'NONE',  ( -1.000000000000000000, 0.000000000000000000, 0.000000000000000000 ) ) ;
#1527 = CARTESIAN_POINT ( 'NONE',  ( 127.0962509126547531, 7.991974365494981747, 0.000000000000000000 ) ) ;
#1528 = VERTEX_POINT ( 'NONE', #4603 ) ;
#1529 = VERTEX_POINT ( 'NONE', #8800 ) ;
#1530 = CARTESIAN_POINT ( 'NONE',  ( 17.00000000000000000, 160.0000000000004547, 10.00000000000000000 ) ) ;
#1531 = CARTESIAN_POINT ( 'NONE',  ( 85.00734701375183988, 39.62327421210908085, 0.000000000000000000 ) ) ;
#1532 = CIRCLE ( 'NONE', #2395, 7.649999999999989697 ) ;
#1533 = ORIENTED_EDGE ( 'NONE', *, *, #92, .F. ) ;
#1534 = DIRECTION ( 'NONE',  ( 0.2810846377148082387, -0.6785983445458495522, 0.6785983445458495522 ) ) ;
#1535 = EDGE_CURVE ( 'NONE', #1515, #3640, #7915, .T. ) ;
#1536 = ORIENTED_EDGE ( 'NONE', *, *, #4027, .T. ) ;
#1537 = DIRECTION ( 'NONE',  ( -0.000000000000000000, 0.000000000000000000, 1.000000000000000000 ) ) ;
#1538 = CARTESIAN_POINT ( 'NONE',  ( 71.25833726339713792, 134.2108150412378791, 8.800000000000000711 ) ) ;
#1539 = ORIENTED_EDGE ( 'NONE', *, *, #6980, .T. ) ;
#1540 = FACE_OUTER_BOUND ( 'NONE', #6707, .T. ) ;
#1541 = AXIS2_PLACEMENT_3D ( 'NONE', #10708, #4143, #8334 ) ;
#1542 = CARTESIAN_POINT ( 'NONE',  ( 170.7092763556042598, 56.02765497882714385, 0.000000000000000000 ) ) ;
#1543 = ORIENTED_EDGE ( 'NONE', *, *, #12326, .F. ) ;
#1544 = CARTESIAN_POINT ( 'NONE',  ( 41.35706587887882080, 99.50862242824007353, 10.40000000000000213 ) ) ;
#1545 = DIRECTION ( 'NONE',  ( 1.000000000000000000, 4.297894068818421227E-16, -0.000000000000000000 ) ) ;
#1546 = ORIENTED_EDGE ( 'NONE', *, *, #6295, .F. ) ;
#1547 = CARTESIAN_POINT ( 'NONE',  ( 90.50672948317448174, 59.72174035506507295, 0.000000000000000000 ) ) ;
#1548 = DIRECTION ( 'NONE',  ( -0.000000000000000000, -0.000000000000000000, -1.000000000000000000 ) ) ;
#1549 = FACE_OUTER_BOUND ( 'NONE', #5660, .T. ) ;
#1550 = EDGE_CURVE ( 'NONE', #5360, #6948, #3865, .T. ) ;
#1551 = CARTESIAN_POINT ( 'NONE',  ( 89.65482823265205070, 129.5324077978120840, 8.800000000000000711 ) ) ;
#1552 = ORIENTED_EDGE ( 'NONE', *, *, #8317, .T. ) ;
#1553 = FACE_OUTER_BOUND ( 'NONE', #2255, .T. ) ;
#1554 = DIRECTION ( 'NONE',  ( -0.000000000000000000, 0.000000000000000000, 1.000000000000000000 ) ) ;
#1555 = ORIENTED_EDGE ( 'NONE', *, *, #10736, .T. ) ;
#1556 = CARTESIAN_POINT ( 'NONE',  ( 17.00000000000000000, 153.0000000000004547, 10.00000000000000000 ) ) ;
#1557 = DIRECTION ( 'NONE',  ( -0.000000000000000000, 0.000000000000000000, 1.000000000000000000 ) ) ;
#1558 = CARTESIAN_POINT ( 'NONE',  ( 173.2373540016771472, 13.81035004347308082, 8.800000000000000711 ) ) ;
#1559 = DIRECTION ( 'NONE',  ( -1.000000000000000000, 0.000000000000000000, 0.000000000000000000 ) ) ;
#1560 = ADVANCED_FACE ( 'NONE', ( #6105 ), #9008, .F. ) ;
#1561 = VERTEX_POINT ( 'NONE', #13120 ) ;
#1562 = EDGE_CURVE ( 'NONE', #5425, #3618, #12515, .T. ) ;
#1563 = EDGE_CURVE ( 'NONE', #918, #10928, #11629, .T. ) ;
#1564 = VECTOR ( 'NONE', #4981, 1000.000000000000114 ) ;
#1565 = DIRECTION ( 'NONE',  ( -1.000000000000000000, 0.000000000000000000, 0.000000000000000000 ) ) ;
#1566 = CARTESIAN_POINT ( 'NONE',  ( 173.9861749749893249, 90.78010294822888682, 8.800000000000000711 ) ) ;
#1567 = LINE ( 'NONE', #7312, #13416 ) ;
#1568 = CARTESIAN_POINT ( 'NONE',  ( 205.0000000000005684, 131.8050000000002626, 0.000000000000000000 ) ) ;
#1569 = DIRECTION ( 'NONE',  ( 1.000000000000000000, 0.000000000000000000, 0.000000000000000000 ) ) ;
#1570 = VERTEX_POINT ( 'NONE', #13182 ) ;
#1571 = VERTEX_POINT ( 'NONE', #2024 ) ;
#1572 = CARTESIAN_POINT ( 'NONE',  ( 145.1596358462824981, 93.69416979933204459, 8.800000000000000711 ) ) ;
#1573 = DIRECTION ( 'NONE',  ( -0.000000000000000000, 0.000000000000000000, 1.000000000000000000 ) ) ;
#1574 = EDGE_LOOP ( 'NONE', ( #8258, #8034, #3363, #12074 ) ) ;
#1575 = EDGE_LOOP ( 'NONE', ( #3057, #7974 ) ) ;
#1576 = DIRECTION ( 'NONE',  ( -1.000000000000000000, 0.000000000000000000, 0.000000000000000000 ) ) ;
#1577 = AXIS2_PLACEMENT_3D ( 'NONE', #2577, #3589, #4871 ) ;
#1578 = ADVANCED_FACE ( 'NONE', ( #3322 ), #1088, .F. ) ;
#1579 = CARTESIAN_POINT ( 'NONE',  ( 175.7587953791441464, 85.90966637033201891, 8.800000000000000711 ) ) ;
#1580 = EDGE_LOOP ( 'NONE', ( #5651, #7874, #3154, #13232 ) ) ;
#1581 = EDGE_CURVE ( 'NONE', #515, #8969, #1210, .T. ) ;
#1582 = CARTESIAN_POINT ( 'NONE',  ( 174.7485405866029851, 14.69285506076201742, 0.000000000000000000 ) ) ;
#1583 = ADVANCED_FACE ( 'NONE', ( #13517 ), #4121, .F. ) ;
#1584 = CARTESIAN_POINT ( 'NONE',  ( 44.35304279851941089, 132.2042711855067409, 0.000000000000000000 ) ) ;
#1585 = VERTEX_POINT ( 'NONE', #10424 ) ;
#1586 = VECTOR ( 'NONE', #6908, 1000.000000000000000 ) ;
#1587 = VERTEX_POINT ( 'NONE', #2296 ) ;
#1588 = DIRECTION ( 'NONE',  ( -0.000000000000000000, -0.000000000000000000, -1.000000000000000000 ) ) ;
#1590 = CARTESIAN_POINT ( 'NONE',  ( 172.7127247140765007, 128.8646821786008445, 0.000000000000000000 ) ) ;
#1589 = CARTESIAN_POINT ( 'NONE',  ( 134.2762620681505155, 28.07725675849961888, 10.00000000000000000 ) ) ;
#1591 = ORIENTED_EDGE ( 'NONE', *, *, #6963, .F. ) ;
#1592 = ORIENTED_EDGE ( 'NONE', *, *, #3235, .F. ) ;
#1593 = LINE ( 'NONE', #11837, #8940 ) ;
#1594 = ADVANCED_FACE ( 'NONE', ( #10619 ), #12630, .F. ) ;
#1595 = EDGE_CURVE ( 'NONE', #13296, #2562, #11523, .T. ) ;
#1596 = LINE ( 'NONE', #5736, #9252 ) ;
#1597 = ORIENTED_EDGE ( 'NONE', *, *, #12746, .F. ) ;
#1598 = CARTESIAN_POINT ( 'NONE',  ( 72.40166045703638531, 13.10754140209606078, 10.40000000000000213 ) ) ;
#1599 = CARTESIAN_POINT ( 'NONE',  ( 175.7744061206055335, 47.10137757176002538, 10.40000000000000213 ) ) ;
#1600 = DIRECTION ( 'NONE',  ( -0.000000000000000000, -0.000000000000000000, -1.000000000000000000 ) ) ;
#1601 = VECTOR ( 'NONE', #9679, 1000.000000000000000 ) ;
#1602 = VERTEX_POINT ( 'NONE', #12491 ) ;
#1603 = VECTOR ( 'NONE', #5066, 1000.000000000000000 ) ;
#1604 = ORIENTED_EDGE ( 'NONE', *, *, #12942, .T. ) ;
#1605 = CARTESIAN_POINT ( 'NONE',  ( 173.4236035672193736, 130.4637916983506329, 8.800000000000000711 ) ) ;
#1606 = EDGE_CURVE ( 'NONE', #1492, #13286, #947, .T. ) ;
#1607 = CIRCLE ( 'NONE', #9286, 7.000000000000006217 ) ;
#1608 = PLANE ( 'NONE',  #11637 ) ;
#1609 = ORIENTED_EDGE ( 'NONE', *, *, #6798, .F. ) ;
#1610 = VECTOR ( 'NONE', #9822, 1000.000000000000000 ) ;
#1611 = CYLINDRICAL_SURFACE ( 'NONE', #7593, 1.750000000000001554 ) ;
#1612 = AXIS2_PLACEMENT_3D ( 'NONE', #13151, #11018, #9183 ) ;
#1613 = ORIENTED_EDGE ( 'NONE', *, *, #3721, .F. ) ;
#1614 = DIRECTION ( 'NONE',  ( -0.7071039827808559552, 0.7071095795811642715, 0.000000000000000000 ) ) ;
#1615 = DIRECTION ( 'NONE',  ( -1.000000000000000000, 0.000000000000000000, 0.000000000000000000 ) ) ;
#1616 = CARTESIAN_POINT ( 'NONE',  ( 42.85258495182370098, 19.47317995467786389, 0.000000000000000000 ) ) ;
#1617 = FACE_OUTER_BOUND ( 'NONE', #6752, .T. ) ;
#1618 = VERTEX_POINT ( 'NONE', #2094 ) ;
#1619 = LINE ( 'NONE', #12836, #8598 ) ;
#1620 = DIRECTION ( 'NONE',  ( 1.000000000000000000, 0.000000000000000000, 0.000000000000000000 ) ) ;
#1621 = VECTOR ( 'NONE', #205, 999.9999999999998863 ) ;
#1622 = ORIENTED_EDGE ( 'NONE', *, *, #1974, .T. ) ;
#1623 = AXIS2_PLACEMENT_3D ( 'NONE', #195, #7293, #11463 ) ;
#1624 = DIRECTION ( 'NONE',  ( -0.7071039827808555112, 0.7071095795811648266, 0.000000000000000000 ) ) ;
#1625 = DIRECTION ( 'NONE',  ( 1.000000000000000000, 0.000000000000000000, 0.000000000000000000 ) ) ;
#1626 = LINE ( 'NONE', #9082, #5951 ) ;
#1627 = ADVANCED_FACE ( 'NONE', ( #4185 ), #8378, .F. ) ;
#1628 = DIRECTION ( 'NONE',  ( 1.000000000000000000, 0.000000000000000000, 0.000000000000000000 ) ) ;
#1629 = ORIENTED_EDGE ( 'NONE', *, *, #1445, .T. ) ;
#1630 = VECTOR ( 'NONE', #2303, 1000.000000000000000 ) ;
#1631 = CARTESIAN_POINT ( 'NONE',  ( 83.10734701375183420, 39.62327421210908085, 10.00000000000000000 ) ) ;
#1632 = AXIS2_PLACEMENT_3D ( 'NONE', #12125, #849, #8904 ) ;
#1633 = DIRECTION ( 'NONE',  ( 0.000000000000000000, 1.000000000000000000, -0.000000000000000000 ) ) ;
#1634 = AXIS2_PLACEMENT_3D ( 'NONE', #4995, #9123, #3097 ) ;
#1635 = PLANE ( 'NONE',  #5971 ) ;
#1636 = DIRECTION ( 'NONE',  ( 0.000000000000000000, 0.7071067811865475727, -0.7071067811865475727 ) ) ;
#1637 = DIRECTION ( 'NONE',  ( -1.000000000000000000, 0.000000000000000000, 0.000000000000000000 ) ) ;
#1638 = CYLINDRICAL_SURFACE ( 'NONE', #12673, 1.750000000000001554 ) ;
#1639 = DIRECTION ( 'NONE',  ( -0.000000000000000000, -0.000000000000000000, -1.000000000000000000 ) ) ;
#1640 = ORIENTED_EDGE ( 'NONE', *, *, #1326, .T. ) ;
#1641 = EDGE_LOOP ( 'NONE', ( #3926, #3719 ) ) ;
#1642 = EDGE_CURVE ( 'NONE', #2256, #2925, #281, .T. ) ;
#1643 = DIRECTION ( 'NONE',  ( -0.000000000000000000, -0.000000000000000000, -1.000000000000000000 ) ) ;
#1644 = VERTEX_POINT ( 'NONE', #6232 ) ;
#1645 = DIRECTION ( 'NONE',  ( 1.000000000000000000, 0.000000000000000000, 0.000000000000000000 ) ) ;
#1646 = CIRCLE ( 'NONE', #3140, 8.649999999999963052 ) ;
#1647 = VERTEX_POINT ( 'NONE', #5352 ) ;
#1648 = CARTESIAN_POINT ( 'NONE',  ( 78.81811639599669661, 63.83441197029006275, 0.000000000000000000 ) ) ;
#1649 = EDGE_CURVE ( 'NONE', #11085, #2924, #10112, .T. ) ;
#1650 = ADVANCED_FACE ( 'NONE', ( #12561 ), #7356, .F. ) ;
#1651 = DIRECTION ( 'NONE',  ( -0.000000000000000000, -0.000000000000000000, -1.000000000000000000 ) ) ;
#1652 = ORIENTED_EDGE ( 'NONE', *, *, #2999, .T. ) ;
#1653 = AXIS2_PLACEMENT_3D ( 'NONE', #8504, #6154, #9534 ) ;
#1654 = DIRECTION ( 'NONE',  ( -0.000000000000000000, -0.000000000000000000, -1.000000000000000000 ) ) ;
#1655 = DIRECTION ( 'NONE',  ( 1.000000000000000000, 0.000000000000000000, 0.000000000000000000 ) ) ;
#1656 = LINE ( 'NONE', #4840, #2746 ) ;
#1657 = ORIENTED_EDGE ( 'NONE', *, *, #10094, .T. ) ;
#1658 = VERTEX_POINT ( 'NONE', #7218 ) ;
#1659 = EDGE_CURVE ( 'NONE', #2691, #7793, #186, .T. ) ;
#1660 = CARTESIAN_POINT ( 'NONE',  ( 20.17116097332604951, -4.192077597143913259, 8.800000000000000711 ) ) ;
#1661 = ORIENTED_EDGE ( 'NONE', *, *, #2507, .F. ) ;
#1662 = EDGE_LOOP ( 'NONE', ( #2648, #8137, #8410, #4387 ) ) ;
#1663 = ADVANCED_FACE ( 'NONE', ( #4063 ), #12432, .F. ) ;
#1664 = AXIS2_PLACEMENT_3D ( 'NONE', #6244, #4132, #5359 ) ;
#1665 = DIRECTION ( 'NONE',  ( 0.000000000000000000, 0.000000000000000000, 1.000000000000000000 ) ) ;
#1666 = ORIENTED_EDGE ( 'NONE', *, *, #2842, .F. ) ;
#1667 = DIRECTION ( 'NONE',  ( 0.000000000000000000, 0.000000000000000000, 1.000000000000000000 ) ) ;
#1668 = CARTESIAN_POINT ( 'NONE',  ( 73.40166045703635689, 13.10754140209606078, 10.40000000000000213 ) ) ;
#1669 = VECTOR ( 'NONE', #10836, 1000.000000000000000 ) ;
#1670 = EDGE_CURVE ( 'NONE', #8715, #2405, #2163, .T. ) ;
#1671 = DIRECTION ( 'NONE',  ( -1.000000000000000000, 0.000000000000000000, 0.000000000000000000 ) ) ;
#1672 = EDGE_CURVE ( 'NONE', #9051, #3737, #6153, .T. ) ;
#1673 = AXIS2_PLACEMENT_3D ( 'NONE', #5010, #13438, #1685 ) ;
#1674 = DIRECTION ( 'NONE',  ( -0.7071067811865493491, -0.7071067811865455743, 0.000000000000000000 ) ) ;
#1675 = VERTEX_POINT ( 'NONE', #11584 ) ;
#1676 = DIRECTION ( 'NONE',  ( -0.000000000000000000, 0.000000000000000000, 1.000000000000000000 ) ) ;
#1677 = ORIENTED_EDGE ( 'NONE', *, *, #9104, .T. ) ;
#1678 = FACE_OUTER_BOUND ( 'NONE', #1204, .T. ) ;
#1679 = LINE ( 'NONE', #6827, #2921 ) ;
#1680 = VECTOR ( 'NONE', #12952, 1000.000000000000000 ) ;
#1681 = PLANE ( 'NONE',  #79 ) ;
#1682 = ORIENTED_EDGE ( 'NONE', *, *, #9056, .T. ) ;
#1683 = AXIS2_PLACEMENT_3D ( 'NONE', #8363, #10279, #11245 ) ;
#1684 = VERTEX_POINT ( 'NONE', #6357 ) ;
#1685 = DIRECTION ( 'NONE',  ( 1.000000000000000000, 0.000000000000000000, 0.000000000000000000 ) ) ;
#1686 = DIRECTION ( 'NONE',  ( -1.000000000000000000, 0.000000000000000000, 0.000000000000000000 ) ) ;
#1687 = DIRECTION ( 'NONE',  ( 1.000000000000000000, 0.000000000000000000, 0.000000000000000000 ) ) ;
#1688 = DIRECTION ( 'NONE',  ( -1.000000000000000000, 0.000000000000000000, 0.000000000000000000 ) ) ;
#1689 = ORIENTED_EDGE ( 'NONE', *, *, #10975, .T. ) ;
#1690 = ORIENTED_EDGE ( 'NONE', *, *, #6980, .F. ) ;
#1691 = EDGE_CURVE ( 'NONE', #12670, #3258, #3648, .T. ) ;
#1692 = DIRECTION ( 'NONE',  ( -0.000000000000000000, -0.000000000000000000, -1.000000000000000000 ) ) ;
#1693 = DIRECTION ( 'NONE',  ( -0.000000000000000000, -0.000000000000000000, -1.000000000000000000 ) ) ;
#1694 = ADVANCED_FACE ( 'NONE', ( #4525 ), #2933, .T. ) ;
#1695 = CIRCLE ( 'NONE', #4066, 1.500000000000000000 ) ;
#1696 = DIRECTION ( 'NONE',  ( -0.000000000000000000, -0.000000000000000000, -1.000000000000000000 ) ) ;
#1697 = ORIENTED_EDGE ( 'NONE', *, *, #2591, .T. ) ;
#1698 = CIRCLE ( 'NONE', #6942, 1.900000000000012790 ) ;
#1699 = CARTESIAN_POINT ( 'NONE',  ( 45.11403200266500590, 123.7087698414060526, 8.800000000000000711 ) ) ;
#1700 = LINE ( 'NONE', #5022, #4206 ) ;
#1701 = CARTESIAN_POINT ( 'NONE',  ( 45.11403200266500590, 16.77682456503958619, 0.000000000000000000 ) ) ;
#1702 = EDGE_LOOP ( 'NONE', ( #7370, #381, #10747, #1795 ) ) ;
#1703 = AXIS2_PLACEMENT_3D ( 'NONE', #7697, #676, #8794 ) ;
#1704 = CARTESIAN_POINT ( 'NONE',  ( 144.1908573292053006, 16.07759220218804330, 10.40000000000000213 ) ) ;
#1705 = AXIS2_PLACEMENT_3D ( 'NONE', #8628, #10875, #228 ) ;
#1706 = DIRECTION ( 'NONE',  ( -1.000000000000000000, 0.000000000000000000, 0.000000000000000000 ) ) ;
#1707 = AXIS2_PLACEMENT_3D ( 'NONE', #2371, #9666, #6498 ) ;
#1708 = CARTESIAN_POINT ( 'NONE',  ( 134.2762620681505155, 106.1427854106715074, 8.800000000000000711 ) ) ;
#1709 = CARTESIAN_POINT ( 'NONE',  ( 0.000000000000000000, 99.50862242824007353, 10.40000000000000213 ) ) ;
#1710 = FACE_OUTER_BOUND ( 'NONE', #7454, .T. ) ;
#1711 = ADVANCED_FACE ( 'NONE', ( #5682 ), #2433, .F. ) ;
#1712 = DIRECTION ( 'NONE',  ( 0.000000000000000000, 0.7071067811865475727, -0.7071067811865475727 ) ) ;
#1713 = ORIENTED_EDGE ( 'NONE', *, *, #9284, .F. ) ;
#1714 = ORIENTED_EDGE ( 'NONE', *, *, #819, .T. ) ;
#1715 = CIRCLE ( 'NONE', #11315, 1.900000000000012790 ) ;
#1716 = VERTEX_POINT ( 'NONE', #7754 ) ;
#1717 = DIRECTION ( 'NONE',  ( 1.000000000000000000, 0.000000000000000000, 0.000000000000000000 ) ) ;
#1718 = ORIENTED_EDGE ( 'NONE', *, *, #646, .F. ) ;
#1719 = AXIS2_PLACEMENT_3D ( 'NONE', #7991, #6955, #10179 ) ;
#1720 = CARTESIAN_POINT ( 'NONE',  ( 90.65321194845041930, 125.7367331634828815, 8.800000000000000711 ) ) ;
#1721 = ORIENTED_EDGE ( 'NONE', *, *, #5137, .T. ) ;
#1722 = DIRECTION ( 'NONE',  ( 1.000000000000000000, 0.000000000000000000, 0.000000000000000000 ) ) ;
#1723 = DIRECTION ( 'NONE',  ( -0.000000000000000000, 0.000000000000000000, 1.000000000000000000 ) ) ;
#1724 = DIRECTION ( 'NONE',  ( 1.000000000000000000, 0.000000000000000000, 0.000000000000000000 ) ) ;
#1725 = CIRCLE ( 'NONE', #7387, 1.750000000000001554 ) ;
#1726 = EDGE_CURVE ( 'NONE', #5439, #9444, #4857, .T. ) ;
#1727 = FACE_OUTER_BOUND ( 'NONE', #1457, .T. ) ;
#1728 = ORIENTED_EDGE ( 'NONE', *, *, #9734, .T. ) ;
#1729 = VERTEX_POINT ( 'NONE', #1337 ) ;
#1730 = PLANE ( 'NONE',  #3223 ) ;
#1731 = VERTEX_POINT ( 'NONE', #11796 ) ;
#1732 = CARTESIAN_POINT ( 'NONE',  ( 69.35833726339713223, 134.2108150412378791, 0.000000000000000000 ) ) ;
#1733 = ORIENTED_EDGE ( 'NONE', *, *, #9331, .T. ) ;
#1734 = CARTESIAN_POINT ( 'NONE',  ( 92.55321194845042498, 125.7367331634828815, 8.800000000000000711 ) ) ;
#1735 = CARTESIAN_POINT ( 'NONE',  ( 81.02043897411351736, 90.72411899924007628, 10.40000000000000213 ) ) ;
#1736 = LINE ( 'NONE', #4925, #13417 ) ;
#1737 = EDGE_CURVE ( 'NONE', #2593, #9993, #10540, .T. ) ;
#1738 = VERTEX_POINT ( 'NONE', #6562 ) ;
#1739 = DIRECTION ( 'NONE',  ( 0.000000000000000000, 0.7071067811865573427, 0.7071067811865378028 ) ) ;
#1740 = AXIS2_PLACEMENT_3D ( 'NONE', #1125, #9454, #5135 ) ;
#1741 = DIRECTION ( 'NONE',  ( 0.7071067811865482389, 8.659560562354941486E-17, -0.7071067811865469066 ) ) ;
#1742 = ADVANCED_FACE ( 'NONE', ( #2573 ), #4663, .F. ) ;
#1743 = EDGE_CURVE ( 'NONE', #7740, #4390, #3383, .T. ) ;
#1744 = DIRECTION ( 'NONE',  ( -0.000000000000000000, 0.000000000000000000, 1.000000000000000000 ) ) ;
#1745 = VERTEX_POINT ( 'NONE', #6710 ) ;
#1746 = EDGE_LOOP ( 'NONE', ( #5007, #2054, #8636, #3854, #4211, #4160, #6813, #10631, #10591 ) ) ;
#1747 = DIRECTION ( 'NONE',  ( 0.000000000000000000, 0.000000000000000000, -1.000000000000000000 ) ) ;
#1748 = LINE ( 'NONE', #11163, #2929 ) ;
#1749 = VECTOR ( 'NONE', #2948, 1000.000000000000000 ) ;
#1750 = CARTESIAN_POINT ( 'NONE',  ( 136.4940251048210769, 132.5024585979040523, 10.40000000000000213 ) ) ;
#1751 = ADVANCED_FACE ( 'NONE', ( #12003 ), #2698, .T. ) ;
#1752 = VERTEX_POINT ( 'NONE', #10888 ) ;
#1753 = DIRECTION ( 'NONE',  ( -1.000000000000000000, 0.000000000000000000, 0.000000000000000000 ) ) ;
#1754 = EDGE_LOOP ( 'NONE', ( #2147, #8661, #476, #10719 ) ) ;
#1755 = LINE ( 'NONE', #8102, #11945 ) ;
#1756 = DIRECTION ( 'NONE',  ( 1.000000000000000000, 0.000000000000000000, 0.000000000000000000 ) ) ;
#1757 = DIRECTION ( 'NONE',  ( -1.485289157052436882E-16, 1.000000000000000000, 0.000000000000000000 ) ) ;
#1758 = EDGE_CURVE ( 'NONE', #8484, #6637, #9239, .T. ) ;
#1759 = DIRECTION ( 'NONE',  ( 1.000000000000000000, 0.000000000000000000, 0.000000000000000000 ) ) ;
#1760 = ORIENTED_EDGE ( 'NONE', *, *, #3945, .T. ) ;
#1761 = VERTEX_POINT ( 'NONE', #7550 ) ;
#1762 = VECTOR ( 'NONE', #8608, 1000.000000000000000 ) ;
#1763 = LINE ( 'NONE', #1958, #12542 ) ;
#1764 = DIRECTION ( 'NONE',  ( -0.000000000000000000, -0.000000000000000000, -1.000000000000000000 ) ) ;
#1765 = EDGE_LOOP ( 'NONE', ( #5950, #383, #5896, #848 ) ) ;
#1766 = CARTESIAN_POINT ( 'NONE',  ( 136.5252465877439079, 54.88588100076002974, 10.40000000000000213 ) ) ;
#1767 = DIRECTION ( 'NONE',  ( -0.000000000000000000, -0.000000000000000000, -1.000000000000000000 ) ) ;
#1769 = EDGE_CURVE ( 'NONE', #5753, #4534, #12961, .T. ) ;
#1768 = CIRCLE ( 'NONE', #680, 1.750000000000001554 ) ;
#1770 = ORIENTED_EDGE ( 'NONE', *, *, #709, .T. ) ;
#1771 = EDGE_CURVE ( 'NONE', #11793, #12469, #2037, .T. ) ;
#1772 = LINE ( 'NONE', #11952, #12813 ) ;
#1773 = DIRECTION ( 'NONE',  ( 0.000000000000000000, 0.000000000000000000, 1.000000000000000000 ) ) ;
#1774 = DIRECTION ( 'NONE',  ( -0.7071067811865473507, -0.7071067811865477948, 0.000000000000000000 ) ) ;
#1775 = CARTESIAN_POINT ( 'NONE',  ( 25.34116097332609385, 82.80500000000016314, 4.400000000000001243 ) ) ;
#1776 = ORIENTED_EDGE ( 'NONE', *, *, #1413, .T. ) ;
#1777 = ORIENTED_EDGE ( 'NONE', *, *, #10013, .F. ) ;
#1778 = DIRECTION ( 'NONE',  ( 1.000000000000000000, 0.000000000000000000, 0.000000000000000000 ) ) ;
#1779 = DIRECTION ( 'NONE',  ( 1.280354350088248533E-16, -1.000000000000000000, -0.000000000000000000 ) ) ;
#1780 = EDGE_LOOP ( 'NONE', ( #1784, #9977, #5291, #5670 ) ) ;
#1781 = CARTESIAN_POINT ( 'NONE',  ( 170.9627247140764723, 128.8646821786008445, 0.000000000000000000 ) ) ;
#1782 = ADVANCED_FACE ( 'NONE', ( #318 ), #4453, .F. ) ;
#1783 = FACE_OUTER_BOUND ( 'NONE', #6557, .T. ) ;
#1784 = ORIENTED_EDGE ( 'NONE', *, *, #9985, .F. ) ;
#1785 = CARTESIAN_POINT ( 'NONE',  ( 20.17116097332560898, 82.80500000000016314, -55.14129099142832047 ) ) ;
#1786 = CARTESIAN_POINT ( 'NONE',  ( 12.49999999999989875, 131.8050000000002626, 0.000000000000000000 ) ) ;
#1787 = CARTESIAN_POINT ( 'NONE',  ( 195.4000000000003752, -7.390000000000312319, 1.500000000000000444 ) ) ;
#1788 = DIRECTION ( 'NONE',  ( 1.000000000000000000, 0.000000000000000000, 0.000000000000000000 ) ) ;
#1789 = CARTESIAN_POINT ( 'NONE',  ( 90.65321194845041930, 125.7367331634828815, 10.00000000000000000 ) ) ;
#1790 = ORIENTED_EDGE ( 'NONE', *, *, #11678, .F. ) ;
#1791 = VERTEX_POINT ( 'NONE', #9737 ) ;
#1793 = CARTESIAN_POINT ( 'NONE',  ( 207.5000000000004547, 120.3050000000001489, 10.00000000000000000 ) ) ;
#1792 = DIRECTION ( 'NONE',  ( 0.000000000000000000, 1.000000000000000000, 0.000000000000000000 ) ) ;
#1794 = DIRECTION ( 'NONE',  ( 1.000000000000000000, 0.000000000000000000, 0.000000000000000000 ) ) ;
#1795 = ORIENTED_EDGE ( 'NONE', *, *, #7280, .T. ) ;
#1796 = VECTOR ( 'NONE', #1373, 1000.000000000000000 ) ;
#1797 = LINE ( 'NONE', #10130, #9276 ) ;
#1798 = ORIENTED_EDGE ( 'NONE', *, *, #64, .T. ) ;
#1799 = DIRECTION ( 'NONE',  ( -1.000000000000000000, 0.000000000000000000, 0.000000000000000000 ) ) ;
#1800 = CARTESIAN_POINT ( 'NONE',  ( 0.000000000000000000, 0.000000000000000000, 10.40000000000000213 ) ) ;
#1801 = ADVANCED_FACE ( 'NONE', ( #386 ), #10827, .T. ) ;
#1802 = DIRECTION ( 'NONE',  ( 0.000000000000000000, 0.000000000000000000, -1.000000000000000000 ) ) ;
#1803 = EDGE_LOOP ( 'NONE', ( #12215, #9237, #9745, #4896 ) ) ;
#1804 = AXIS2_PLACEMENT_3D ( 'NONE', #8583, #3456, #10831 ) ;
#1805 = LINE ( 'NONE', #9054, #5325 ) ;
#1806 = DIRECTION ( 'NONE',  ( 1.000000000000000000, 0.000000000000000000, 0.000000000000000000 ) ) ;
#1807 = VERTEX_POINT ( 'NONE', #2506 ) ;
#1808 = CARTESIAN_POINT ( 'NONE',  ( 42.86730598147647697, 58.29192021169607330, 10.00000000000000000 ) ) ;
#1809 = ORIENTED_EDGE ( 'NONE', *, *, #13174, .T. ) ;
#1810 = EDGE_CURVE ( 'NONE', #12051, #9785, #9464, .T. ) ;
#1811 = ORIENTED_EDGE ( 'NONE', *, *, #248, .T. ) ;
#1812 = AXIS2_PLACEMENT_3D ( 'NONE', #171, #9597, #8564 ) ;
#1813 = LINE ( 'NONE', #2845, #8589 ) ;
#1814 = ADVANCED_FACE ( 'NONE', ( #8781 ), #3583, .T. ) ;
#1815 = CARTESIAN_POINT ( 'NONE',  ( 148.0597551873219118, 11.65909888836609731, 10.00000000000000000 ) ) ;
#1816 = ORIENTED_EDGE ( 'NONE', *, *, #10667, .T. ) ;
#1817 = EDGE_LOOP ( 'NONE', ( #7931, #9439, #11549, #8801 ) ) ;
#1818 = CARTESIAN_POINT ( 'NONE',  ( 190.9588390266749798, 0.000000000000000000, 10.40000000000000213 ) ) ;
#1819 = DIRECTION ( 'NONE',  ( 1.000000000000000000, 0.000000000000000000, 0.000000000000000000 ) ) ;
#1820 = VECTOR ( 'NONE', #5102, 1000.000000000000000 ) ;
#1821 = VECTOR ( 'NONE', #7773, 1000.000000000000000 ) ;
#1822 = LINE ( 'NONE', #5956, #4899 ) ;
#1823 = ORIENTED_EDGE ( 'NONE', *, *, #13318, .F. ) ;
#1824 = VERTEX_POINT ( 'NONE', #4796 ) ;
#1825 = DIRECTION ( 'NONE',  ( 1.000000000000000000, 0.000000000000000000, 0.000000000000000000 ) ) ;
#1826 = LINE ( 'NONE', #6860, #4262 ) ;
#1827 = ORIENTED_EDGE ( 'NONE', *, *, #910, .T. ) ;
#1828 = EDGE_CURVE ( 'NONE', #1761, #560, #5298, .T. ) ;
#1829 = DIRECTION ( 'NONE',  ( 1.000000000000000000, 0.000000000000000000, 0.000000000000000000 ) ) ;
#1830 = DIRECTION ( 'NONE',  ( -0.7071067811865375807, 0.000000000000000000, 0.7071067811865574537 ) ) ;
#1831 = EDGE_CURVE ( 'NONE', #6948, #8993, #7133, .T. ) ;
#1832 = AXIS2_PLACEMENT_3D ( 'NONE', #9298, #4078, #8270 ) ;
#1833 = ADVANCED_FACE ( 'NONE', ( #6990 ), #8164, .T. ) ;
#1834 = DIRECTION ( 'NONE',  ( 1.125813862719237453E-16, -1.000000000000000000, 0.000000000000000000 ) ) ;
#1835 = VERTEX_POINT ( 'NONE', #4862 ) ;
#1836 = CARTESIAN_POINT ( 'NONE',  ( 41.76293755839827071, 44.25077559055805665, 9.400000000000030553 ) ) ;
#1837 = AXIS2_PLACEMENT_3D ( 'NONE', #7601, #4165, #1799 ) ;
#1838 = CARTESIAN_POINT ( 'NONE',  ( 205.0000000000005684, 158.3619026473821521, 10.00000000000000000 ) ) ;
#1839 = DIRECTION ( 'NONE',  ( -1.000000000000000000, 0.000000000000000000, 0.000000000000000000 ) ) ;
#1840 = CARTESIAN_POINT ( 'NONE',  ( 52.10779150887415057, 71.43544851820196584, 10.40000000000000213 ) ) ;
#1841 = AXIS2_PLACEMENT_3D ( 'NONE', #10308, #1923, #13405 ) ;
#1842 = CARTESIAN_POINT ( 'NONE',  ( 128.8752465877439022, 54.88588100076002974, 10.40000000000000213 ) ) ;
#1843 = ORIENTED_EDGE ( 'NONE', *, *, #7774, .F. ) ;
#1844 = AXIS2_PLACEMENT_3D ( 'NONE', #12200, #13223, #7873 ) ;
#1845 = ORIENTED_EDGE ( 'NONE', *, *, #11706, .T. ) ;
#1846 = ADVANCED_FACE ( 'NONE', ( #13102 ), #5887, .F. ) ;
#1847 = ADVANCED_FACE ( 'NONE', ( #10214 ), #1608, .F. ) ;
#1848 = CARTESIAN_POINT ( 'NONE',  ( 172.4876398314652590, 61.11163158215092750, 0.000000000000000000 ) ) ;
#1849 = DIRECTION ( 'NONE',  ( -1.000000000000000000, 0.000000000000000000, 0.000000000000000000 ) ) ;
#1850 = ORIENTED_EDGE ( 'NONE', *, *, #1023, .T. ) ;
#1851 = DIRECTION ( 'NONE',  ( -0.000000000000000000, 0.000000000000000000, 1.000000000000000000 ) ) ;
#1852 = CIRCLE ( 'NONE', #5749, 1.750000000000001554 ) ;
#1853 = CIRCLE ( 'NONE', #2503, 1.750000000000001554 ) ;
#1854 = VECTOR ( 'NONE', #10605, 1000.000000000000114 ) ;
#1855 = CARTESIAN_POINT ( 'NONE',  ( 174.7485405866029851, 19.82081807526519057, 10.00000000000000000 ) ) ;
#1856 = VERTEX_POINT ( 'NONE', #12064 ) ;
#1857 = LINE ( 'NONE', #5992, #1564 ) ;
#1858 = FACE_OUTER_BOUND ( 'NONE', #74, .T. ) ;
#1859 = DIRECTION ( 'NONE',  ( -0.7071067811865474617, -0.7071067811865474617, 0.000000000000000000 ) ) ;
#1860 = DIRECTION ( 'NONE',  ( 1.000000000000000000, 0.000000000000000000, 0.000000000000000000 ) ) ;
#1861 = VECTOR ( 'NONE', #13324, 1000.000000000000114 ) ;
#1862 = FACE_BOUND ( 'NONE', #9355, .T. ) ;
#1863 = ORIENTED_EDGE ( 'NONE', *, *, #11526, .F. ) ;
#1864 = VECTOR ( 'NONE', #2087, 1000.000000000000000 ) ;
#1865 = VERTEX_POINT ( 'NONE', #2701 ) ;
#1866 = EDGE_CURVE ( 'NONE', #9075, #6365, #9192, .T. ) ;
#1867 = CYLINDRICAL_SURFACE ( 'NONE', #612, 1.750000000000001554 ) ;
#1868 = STYLED_ITEM ( 'NONE', ( #5531 ), #3969 ) ;
#1869 = CARTESIAN_POINT ( 'NONE',  ( 205.0000000000004263, -5.790893048471933646, 0.03506403103869321775 ) ) ;
#1870 = EDGE_LOOP ( 'NONE', ( #7648, #1014, #5125, #12045 ) ) ;
#1871 = EDGE_LOOP ( 'NONE', ( #8630, #13262 ) ) ;
#1872 = AXIS2_PLACEMENT_3D ( 'NONE', #11802, #5480, #8788 ) ;
#1873 = CARTESIAN_POINT ( 'NONE',  ( 17.00000000000004619, -7.390000000000535252, 7.000000000000000000 ) ) ;
#1874 = ORIENTED_EDGE ( 'NONE', *, *, #2317, .F. ) ;
#1875 = CARTESIAN_POINT ( 'NONE',  ( 71.25833726339713792, 95.27330718339189275, 8.800000000000000711 ) ) ;
#1876 = ORIENTED_EDGE ( 'NONE', *, *, #13236, .T. ) ;
#1877 = ADVANCED_FACE ( 'NONE', ( #4729 ), #12142, .F. ) ;
#1878 = CARTESIAN_POINT ( 'NONE',  ( 20.17116097332603175, 149.8940936094211054, 9.000000000000000000 ) ) ;
#1879 = ORIENTED_EDGE ( 'NONE', *, *, #2899, .F. ) ;
#1880 = ORIENTED_EDGE ( 'NONE', *, *, #6623, .T. ) ;
#1881 = CARTESIAN_POINT ( 'NONE',  ( 81.20734701375181430, 117.7494076238474747, 8.800000000000000711 ) ) ;
#1882 = CARTESIAN_POINT ( 'NONE',  ( 42.85258495182370098, 9.196027637130681498, 8.800000000000000711 ) ) ;
#1883 = ORIENTED_EDGE ( 'NONE', *, *, #12364, .T. ) ;
#1884 = CARTESIAN_POINT ( 'NONE',  ( 191.9588390266749514, 85.90966637033203313, 9.400000000000000355 ) ) ;
#1885 = VERTEX_POINT ( 'NONE', #12276 ) ;
#1886 = CARTESIAN_POINT ( 'NONE',  ( 174.7379805785753035, 126.1960381709627512, 10.00000000000000000 ) ) ;
#1887 = DIRECTION ( 'NONE',  ( -0.000000000000000000, 1.000000000000000000, -0.000000000000000000 ) ) ;
#1888 = AXIS2_PLACEMENT_3D ( 'NONE', #2320, #5433, #6314 ) ;
#1889 = CARTESIAN_POINT ( 'NONE',  ( 12.50000000000047429, -4.989999999999716884, 0.000000000000000000 ) ) ;
#1890 = ORIENTED_EDGE ( 'NONE', *, *, #5627, .F. ) ;
#1891 = ORIENTED_EDGE ( 'NONE', *, *, #6104, .T. ) ;
#1892 = DIRECTION ( 'NONE',  ( -0.000000000000000000, 0.000000000000000000, 1.000000000000000000 ) ) ;
#1893 = ADVANCED_FACE ( 'NONE', ( #11031 ), #1681, .F. ) ;
#1894 = DIRECTION ( 'NONE',  ( -0.7071067811865470176, -0.7071067811865479058, -0.000000000000000000 ) ) ;
#1895 = VERTEX_POINT ( 'NONE', #13234 ) ;
#1896 = CARTESIAN_POINT ( 'NONE',  ( 0.000000000000000000, 99.50862242824007353, 10.40000000000000213 ) ) ;
#1897 = CIRCLE ( 'NONE', #13036, 1.900000000000012790 ) ;
#1898 = CARTESIAN_POINT ( 'NONE',  ( 191.9588390266749229, 23.74264681229803386, 8.800000000000000711 ) ) ;
#1899 = CIRCLE ( 'NONE', #11702, 1.750000000000001554 ) ;
#1900 = ORIENTED_EDGE ( 'NONE', *, *, #6265, .F. ) ;
#1901 = EDGE_CURVE ( 'NONE', #12143, #9201, #3846, .T. ) ;
#1902 = CARTESIAN_POINT ( 'NONE',  ( 69.35833726339713223, 134.2108150412378791, 8.800000000000000711 ) ) ;
#1903 = VECTOR ( 'NONE', #7678, 999.9999999999998863 ) ;
#1904 = CARTESIAN_POINT ( 'NONE',  ( 42.85258495182370098, 9.196027637130681498, 0.000000000000000000 ) ) ;
#1905 = CARTESIAN_POINT ( 'NONE',  ( 41.10258495182370098, 131.3036457082470179, 8.800000000000000711 ) ) ;
#1906 = AXIS2_PLACEMENT_3D ( 'NONE', #7360, #11529, #6567 ) ;
#1907 = ADVANCED_FACE ( 'NONE', ( #3775 ), #8990, .F. ) ;
#1908 = DIRECTION ( 'NONE',  ( -1.000000000000000000, 0.000000000000000000, 0.000000000000000000 ) ) ;
#1909 = VERTEX_POINT ( 'NONE', #5949 ) ;
#1910 = ORIENTED_EDGE ( 'NONE', *, *, #11168, .T. ) ;
#1911 = CARTESIAN_POINT ( 'NONE',  ( 173.9847909204245298, 51.95728901540780242, 8.800000000000000711 ) ) ;
#1912 = CARTESIAN_POINT ( 'NONE',  ( 146.1597551873219345, 89.69314898022133775, 0.000000000000000000 ) ) ;
#1913 = ORIENTED_EDGE ( 'NONE', *, *, #4544, .T. ) ;
#1914 = CIRCLE ( 'NONE', #2568, 1.750000000000001554 ) ;
#1915 = CIRCLE ( 'NONE', #12822, 1.750000000000001554 ) ;
#1916 = CONICAL_SURFACE ( 'NONE', #2570, 7.649999999999989697, 0.7853981633974491672 ) ;
#1917 = CARTESIAN_POINT ( 'NONE',  ( 190.9588390266749514, 0.000000000000000000, 10.40000000000000213 ) ) ;
#1918 = EDGE_CURVE ( 'NONE', #12958, #8003, #7480, .T. ) ;
#1919 = ORIENTED_EDGE ( 'NONE', *, *, #13130, .F. ) ;
#1920 = CARTESIAN_POINT ( 'NONE',  ( 90.65321194845041930, 86.83428515614535570, 8.800000000000000711 ) ) ;
#1921 = CARTESIAN_POINT ( 'NONE',  ( 20.17116097332560898, 82.80500000000016314, 4.400000000000001243 ) ) ;
#1922 = CARTESIAN_POINT ( 'NONE',  ( 19.70000000000000639, 153.0000000000004547, 10.00000000000000000 ) ) ;
#1923 = DIRECTION ( 'NONE',  ( -0.000000000000000000, -0.000000000000000000, -1.000000000000000000 ) ) ;
#1924 = VECTOR ( 'NONE', #3665, 1000.000000000000114 ) ;
#1925 = FACE_BOUND ( 'NONE', #1441, .T. ) ;
#1926 = VERTEX_POINT ( 'NONE', #2776 ) ;
#1927 = ORIENTED_EDGE ( 'NONE', *, *, #13436, .T. ) ;
#1928 = AXIS2_PLACEMENT_3D ( 'NONE', #6806, #1643, #3739 ) ;
#1929 = DIRECTION ( 'NONE',  ( -0.000000000000000000, 0.000000000000000000, 1.000000000000000000 ) ) ;
#1930 = ORIENTED_EDGE ( 'NONE', *, *, #11488, .F. ) ;
#1931 = FACE_OUTER_BOUND ( 'NONE', #1262, .T. ) ;
#1932 = EDGE_LOOP ( 'NONE', ( #12817, #444, #13114, #2831 ) ) ;
#1933 = CARTESIAN_POINT ( 'NONE',  ( 174.9485405866030021, 131.3223178114732264, 0.000000000000000000 ) ) ;
#1934 = CIRCLE ( 'NONE', #3450, 1.750000000000001554 ) ;
#1935 = CIRCLE ( 'NONE', #8265, 7.000000000000006217 ) ;
#1936 = CARTESIAN_POINT ( 'NONE',  ( 146.4597551873219174, 128.5517170524556718, 0.000000000000000000 ) ) ;
#1937 = CYLINDRICAL_SURFACE ( 'NONE', #88, 1.899999999999985034 ) ;
#1938 = EDGE_CURVE ( 'NONE', #2086, #7279, #9031, .T. ) ;
#1939 = ORIENTED_EDGE ( 'NONE', *, *, #1429, .F. ) ;
#1940 = ADVANCED_FACE ( 'NONE', ( #11104 ), #1070, .T. ) ;
#1941 = DIRECTION ( 'NONE',  ( 1.125813862719237453E-16, -1.000000000000000000, 0.000000000000000000 ) ) ;
#1942 = DIRECTION ( 'NONE',  ( -0.000000000000000000, -0.000000000000000000, -1.000000000000000000 ) ) ;
#1943 = ORIENTED_EDGE ( 'NONE', *, *, #12389, .T. ) ;
#1944 = VECTOR ( 'NONE', #11557, 1000.000000000000000 ) ;
#1945 = CARTESIAN_POINT ( 'NONE',  ( 140.7492919255787172, 120.7500671661881455, 10.00000000000000000 ) ) ;
#1946 = ORIENTED_EDGE ( 'NONE', *, *, #13166, .T. ) ;
#1947 = ORIENTED_EDGE ( 'NONE', *, *, #13347, .T. ) ;
#1948 = LINE ( 'NONE', #9191, #9145 ) ;
#1949 = CARTESIAN_POINT ( 'NONE',  ( 197.3288390266748991, 31.60989453229150214, 0.000000000000000000 ) ) ;
#1950 = ORIENTED_EDGE ( 'NONE', *, *, #2470, .F. ) ;
#1951 = EDGE_CURVE ( 'NONE', #6114, #8864, #27, .T. ) ;
#1952 = VERTEX_POINT ( 'NONE', #3178 ) ;
#1953 = DIRECTION ( 'NONE',  ( -0.7071067811865573427, 0.000000000000000000, -0.7071067811865378028 ) ) ;
#1954 = DIRECTION ( 'NONE',  ( -0.000000000000000000, -0.000000000000000000, -1.000000000000000000 ) ) ;
#1955 = CARTESIAN_POINT ( 'NONE',  ( 69.35833726339713223, 17.18080354114162489, 10.00000000000000000 ) ) ;
#1956 = VERTEX_POINT ( 'NONE', #3305 ) ;
#1957 = ORIENTED_EDGE ( 'NONE', *, *, #9365, .T. ) ;
#1958 = CARTESIAN_POINT ( 'NONE',  ( 10.00000000000000711, 129.3050000000002058, 0.000000000000000000 ) ) ;
#1959 = DIRECTION ( 'NONE',  ( -0.000000000000000000, 0.000000000000000000, 1.000000000000000000 ) ) ;
#1960 = ORIENTED_EDGE ( 'NONE', *, *, #2052, .T. ) ;
#1961 = LINE ( 'NONE', #6938, #4086 ) ;
#1962 = ORIENTED_EDGE ( 'NONE', *, *, #11794, .F. ) ;
#1963 = DIRECTION ( 'NONE',  ( 0.000000000000000000, 0.000000000000000000, 1.000000000000000000 ) ) ;
#1964 = VERTEX_POINT ( 'NONE', #9525 ) ;
#1965 = EDGE_CURVE ( 'NONE', #8323, #8903, #7338, .T. ) ;
#1966 = DIRECTION ( 'NONE',  ( -0.7071039827808556222, 0.7071095795811647156, 0.000000000000000000 ) ) ;
#1967 = DIRECTION ( 'NONE',  ( -0.000000000000000000, 0.000000000000000000, 1.000000000000000000 ) ) ;
#1968 = DIRECTION ( 'NONE',  ( -0.000000000000000000, -0.000000000000000000, -1.000000000000000000 ) ) ;
#1969 = DIRECTION ( 'NONE',  ( -0.000000000000000000, -0.000000000000000000, 1.000000000000000000 ) ) ;
#1970 = DIRECTION ( 'NONE',  ( 1.000000000000000000, 0.000000000000000000, 0.000000000000000000 ) ) ;
#1971 = ORIENTED_EDGE ( 'NONE', *, *, #8411, .T. ) ;
#1972 = ORIENTED_EDGE ( 'NONE', *, *, #3106, .T. ) ;
#1973 = DIRECTION ( 'NONE',  ( -0.000000000000000000, 0.000000000000000000, 1.000000000000000000 ) ) ;
#1974 = EDGE_CURVE ( 'NONE', #1489, #2404, #4106, .T. ) ;
#1975 = AXIS2_PLACEMENT_3D ( 'NONE', #12512, #1106, #10915 ) ;
#1976 = VERTEX_POINT ( 'NONE', #1190 ) ;
#1977 = ADVANCED_FACE ( 'NONE', ( #8494 ), #12674, .F. ) ;
#1978 = EDGE_CURVE ( 'NONE', #355, #1402, #11310, .T. ) ;
#1979 = DIRECTION ( 'NONE',  ( 1.485289157052436882E-16, -1.000000000000000000, 0.000000000000000000 ) ) ;
#1980 = VERTEX_POINT ( 'NONE', #1949 ) ;
#1981 = FACE_OUTER_BOUND ( 'NONE', #3911, .T. ) ;
#1982 = DIRECTION ( 'NONE',  ( 0.000000000000000000, 0.000000000000000000, -1.000000000000000000 ) ) ;
#1983 = VECTOR ( 'NONE', #5978, 1000.000000000000000 ) ;
#1984 = FACE_BOUND ( 'NONE', #3226, .T. ) ;
#1985 = ORIENTED_EDGE ( 'NONE', *, *, #3094, .T. ) ;
#1986 = ORIENTED_EDGE ( 'NONE', *, *, #10330, .T. ) ;
#1987 = FACE_BOUND ( 'NONE', #2758, .T. ) ;
#1988 = LINE ( 'NONE', #5486, #3656 ) ;
#1989 = ORIENTED_EDGE ( 'NONE', *, *, #5608, .T. ) ;
#1990 = EDGE_CURVE ( 'NONE', #928, #13378, #7272, .T. ) ;
#1991 = ORIENTED_EDGE ( 'NONE', *, *, #10455, .F. ) ;
#1992 = EDGE_CURVE ( 'NONE', #8004, #2785, #3136, .T. ) ;
#1993 = CARTESIAN_POINT ( 'NONE',  ( 191.9588390266749229, 23.74264681229803386, 10.40000000000000213 ) ) ;
#1994 = ADVANCED_FACE ( 'NONE', ( #12610 ), #11436, .F. ) ;
#1995 = DIRECTION ( 'NONE',  ( -1.000000000000000000, 0.000000000000000000, 0.000000000000000000 ) ) ;
#1996 = ORIENTED_EDGE ( 'NONE', *, *, #6508, .F. ) ;
#1997 = CARTESIAN_POINT ( 'NONE',  ( 90.50672948317448174, 98.95013237564819519, 0.000000000000000000 ) ) ;
#1998 = CYLINDRICAL_SURFACE ( 'NONE', #5937, 1.750000000000001554 ) ;
#1999 = VECTOR ( 'NONE', #3747, 1000.000000000000000 ) ;
#2000 = EDGE_LOOP ( 'NONE', ( #10810, #4953, #9971, #10526, #791, #3197, #5236 ) ) ;
#2001 = CARTESIAN_POINT ( 'NONE',  ( 192.1588390266744000, 83.05906438913014256, 8.800000000000000711 ) ) ;
#2002 = ORIENTED_EDGE ( 'NONE', *, *, #2081, .F. ) ;
#2003 = EDGE_CURVE ( 'NONE', #5888, #10964, #8366, .T. ) ;
#2004 = ORIENTED_EDGE ( 'NONE', *, *, #10317, .T. ) ;
#2005 = EDGE_CURVE ( 'NONE', #6866, #8541, #9457, .T. ) ;
#2006 = CYLINDRICAL_SURFACE ( 'NONE', #6474, 1.750000000000001554 ) ;
#2007 = AXIS2_PLACEMENT_3D ( 'NONE', #5072, #9266, #13440 ) ;
#2008 = DIRECTION ( 'NONE',  ( -0.000000000000000000, -0.000000000000000000, -1.000000000000000000 ) ) ;
#2009 = CARTESIAN_POINT ( 'NONE',  ( 136.6492919255787228, 3.846501363067972079, 8.800000000000000711 ) ) ;
#2010 = DIRECTION ( 'NONE',  ( -0.000000000000000000, -0.000000000000000000, -1.000000000000000000 ) ) ;
#2011 = ORIENTED_EDGE ( 'NONE', *, *, #11045, .T. ) ;
#2012 = VERTEX_POINT ( 'NONE', #1127 ) ;
#2013 = DIRECTION ( 'NONE',  ( -0.000000000000000000, -0.000000000000000000, -1.000000000000000000 ) ) ;
#2014 = DIRECTION ( 'NONE',  ( -0.7071039827808559552, 0.7071095795811642715, 0.000000000000000000 ) ) ;
#2015 = DIRECTION ( 'NONE',  ( -0.000000000000000000, -0.000000000000000000, -1.000000000000000000 ) ) ;
#2016 = ORIENTED_EDGE ( 'NONE', *, *, #4602, .T. ) ;
#2017 = CARTESIAN_POINT ( 'NONE',  ( 41.80250092417472985, 20.89204483109605803, 9.400000000000028777 ) ) ;
#2018 = FACE_OUTER_BOUND ( 'NONE', #1870, .T. ) ;
#2019 = ORIENTED_EDGE ( 'NONE', *, *, #350, .F. ) ;
#2020 = CIRCLE ( 'NONE', #6352, 1.750000000000001554 ) ;
#2021 = LINE ( 'NONE', #1896, #10642 ) ;
#2022 = EDGE_LOOP ( 'NONE', ( #5372, #13003, #6028, #4520 ) ) ;
#2023 = EDGE_CURVE ( 'NONE', #5596, #8143, #5204, .T. ) ;
#2024 = CARTESIAN_POINT ( 'NONE',  ( 41.76293755839827071, 44.25077559055805665, 9.400000000000030553 ) ) ;
#2025 = ORIENTED_EDGE ( 'NONE', *, *, #9430, .T. ) ;
#2026 = LINE ( 'NONE', #10361, #8912 ) ;
#2027 = VECTOR ( 'NONE', #1085, 1000.000000000000000 ) ;
#2028 = DIRECTION ( 'NONE',  ( 1.000000000000000000, 0.000000000000000000, 0.000000000000000000 ) ) ;
#2029 = DIRECTION ( 'NONE',  ( -0.000000000000000000, -0.000000000000000000, -1.000000000000000000 ) ) ;
#2030 = ORIENTED_EDGE ( 'NONE', *, *, #9746, .T. ) ;
#2031 = CARTESIAN_POINT ( 'NONE',  ( 197.8000000000004377, 153.0000000000004547, 10.00000000000000000 ) ) ;
#2032 = CARTESIAN_POINT ( 'NONE',  ( 42.86730598147647697, 97.12233422291699014, 0.000000000000000000 ) ) ;
#2033 = VERTEX_POINT ( 'NONE', #2009 ) ;
#2034 = VERTEX_POINT ( 'NONE', #2077 ) ;
#2035 = EDGE_CURVE ( 'NONE', #11515, #7990, #6213, .T. ) ;
#2036 = VECTOR ( 'NONE', #1036, 1000.000000000000000 ) ;
#2037 = CIRCLE ( 'NONE', #5944, 1.750000000000001554 ) ;
#2038 = ORIENTED_EDGE ( 'NONE', *, *, #10499, .T. ) ;
#2039 = CARTESIAN_POINT ( 'NONE',  ( 205.0000000000003979, -9.389244983620075757, 1.905824131322174993E-18 ) ) ;
#2040 = CIRCLE ( 'NONE', #11424, 1.900000000000012790 ) ;
#2041 = CARTESIAN_POINT ( 'NONE',  ( 125.5155958739633206, 124.8090237033039358, 10.00000000000000000 ) ) ;
#2042 = ORIENTED_EDGE ( 'NONE', *, *, #9885, .T. ) ;
#2043 = VECTOR ( 'NONE', #3548, 1000.000000000000000 ) ;
#2044 = CIRCLE ( 'NONE', #3779, 1.750000000000001554 ) ;
#2045 = CARTESIAN_POINT ( 'NONE',  ( 46.86403200266500590, 123.7087698414060526, 10.00000000000000000 ) ) ;
#2046 = DIRECTION ( 'NONE',  ( 1.000000000000000000, 0.000000000000000000, 0.000000000000000000 ) ) ;
#2047 = PLANE ( 'NONE',  #3158 ) ;
#2048 = EDGE_CURVE ( 'NONE', #5926, #10852, #12324, .T. ) ;
#2049 = FACE_BOUND ( 'NONE', #4597, .T. ) ;
#2050 = ORIENTED_EDGE ( 'NONE', *, *, #4154, .F. ) ;
#2051 = FACE_BOUND ( 'NONE', #10217, .T. ) ;
#2052 = EDGE_CURVE ( 'NONE', #4969, #10377, #2273, .T. ) ;
#2053 = VECTOR ( 'NONE', #10912, 1000.000000000000000 ) ;
#2054 = ORIENTED_EDGE ( 'NONE', *, *, #3156, .T. ) ;
#2055 = AXIS2_PLACEMENT_3D ( 'NONE', #7225, #1028, #8321 ) ;
#2056 = ORIENTED_EDGE ( 'NONE', *, *, #5157, .T. ) ;
#2057 = CONICAL_SURFACE ( 'NONE', #9686, 7.649999999999989697, 0.7853981633974491672 ) ;
#2058 = VECTOR ( 'NONE', #12396, 1000.000000000000000 ) ;
#2059 = DIRECTION ( 'NONE',  ( -0.000000000000000000, -0.000000000000000000, 1.000000000000000000 ) ) ;
#2060 = FACE_OUTER_BOUND ( 'NONE', #4567, .T. ) ;
#2061 = VERTEX_POINT ( 'NONE', #96 ) ;
#2062 = CIRCLE ( 'NONE', #2950, 1.750000000000001554 ) ;
#2063 = DIRECTION ( 'NONE',  ( -0.000000000000000000, 0.000000000000000000, 1.000000000000000000 ) ) ;
#2064 = EDGE_CURVE ( 'NONE', #4344, #1618, #7066, .T. ) ;
#2065 = CARTESIAN_POINT ( 'NONE',  ( 174.7379805785753035, 126.1960381709627512, 0.000000000000000000 ) ) ;
#2066 = CONICAL_SURFACE ( 'NONE', #1634, 7.649999999999989697, 0.7853981633974491672 ) ;
#2067 = ORIENTED_EDGE ( 'NONE', *, *, #10427, .T. ) ;
#2068 = DIRECTION ( 'NONE',  ( -1.000000000000000000, 0.000000000000000000, 0.000000000000000000 ) ) ;
#2069 = ADVANCED_FACE ( 'NONE', ( #3244 ), #5336, .F. ) ;
#2070 = ORIENTED_EDGE ( 'NONE', *, *, #3149, .F. ) ;
#2071 = ORIENTED_EDGE ( 'NONE', *, *, #11183, .T. ) ;
#2072 = CIRCLE ( 'NONE', #3808, 1.900000000000012790 ) ;
#2073 = DIRECTION ( 'NONE',  ( 1.000000000000000000, 0.000000000000000000, 0.000000000000000000 ) ) ;
#2074 = DIRECTION ( 'NONE',  ( 1.000000000000000000, 0.000000000000000000, 0.000000000000000000 ) ) ;
#2075 = AXIS2_PLACEMENT_3D ( 'NONE', #6150, #7268, #10471 ) ;
#2076 = CARTESIAN_POINT ( 'NONE',  ( 173.4279738388674446, 96.31118919937517830, 0.000000000000000000 ) ) ;
#2077 = CARTESIAN_POINT ( 'NONE',  ( 53.46203832122825617, 32.55158222814958435, 8.800000000000000711 ) ) ;
#2078 = DIRECTION ( 'NONE',  ( -0.000000000000000000, -0.000000000000000000, -1.000000000000000000 ) ) ;
#2079 = ORIENTED_EDGE ( 'NONE', *, *, #1068, .F. ) ;
#2080 = ORIENTED_EDGE ( 'NONE', *, *, #6250, .F. ) ;
#2081 = EDGE_CURVE ( 'NONE', #8620, #5596, #12735, .T. ) ;
#2082 = LINE ( 'NONE', #2152, #8339 ) ;
#2083 = ADVANCED_FACE ( 'NONE', ( #4433 ), #5600, .F. ) ;
#2084 = VECTOR ( 'NONE', #4177, 1000.000000000000000 ) ;
#2085 = CARTESIAN_POINT ( 'NONE',  ( 173.2281234058970085, 15.55936045405981183, 10.00000000000000000 ) ) ;
#2086 = VERTEX_POINT ( 'NONE', #3430 ) ;
#2087 = DIRECTION ( 'NONE',  ( -0.000000000000000000, -0.000000000000000000, -1.000000000000000000 ) ) ;
#2088 = DIRECTION ( 'NONE',  ( 1.000000000000000000, 0.000000000000000000, 0.000000000000000000 ) ) ;
#2089 = VERTEX_POINT ( 'NONE', #7607 ) ;
#2090 = CARTESIAN_POINT ( 'NONE',  ( 176.1573982000557805, 123.7179551689040693, 10.40000000000000213 ) ) ;
#2091 = ORIENTED_EDGE ( 'NONE', *, *, #7446, .T. ) ;
#2092 = CARTESIAN_POINT ( 'NONE',  ( 173.7412315249674748, 57.21891101501036303, 10.00000000000000000 ) ) ;
#2093 = VECTOR ( 'NONE', #9423, 1000.000000000000000 ) ;
#2094 = CARTESIAN_POINT ( 'NONE',  ( 173.2475695979644570, 98.35926382522058020, 8.800000000000000711 ) ) ;
#2095 = EDGE_LOOP ( 'NONE', ( #2895, #4434 ) ) ;
#2096 = VECTOR ( 'NONE', #9170, 1000.000000000000000 ) ;
#2097 = DIRECTION ( 'NONE',  ( -1.000000000000000000, 0.000000000000000000, 0.000000000000000000 ) ) ;
#2098 = EDGE_CURVE ( 'NONE', #1287, #13143, #9475, .T. ) ;
#2099 = LINE ( 'NONE', #885, #6231 ) ;
#2100 = EDGE_CURVE ( 'NONE', #7990, #2123, #11779, .T. ) ;
#2101 = CYLINDRICAL_SURFACE ( 'NONE', #9693, 1.900000000000012790 ) ;
#2102 = ORIENTED_EDGE ( 'NONE', *, *, #32, .T. ) ;
#2103 = CARTESIAN_POINT ( 'NONE',  ( 0.000000000000000000, 82.05906438913005729, 10.40000000000000213 ) ) ;
#2104 = DIRECTION ( 'NONE',  ( -0.000000000000000000, 0.000000000000000000, 1.000000000000000000 ) ) ;
#2105 = VECTOR ( 'NONE', #805, 1000.000000000000000 ) ;
#2106 = CARTESIAN_POINT ( 'NONE',  ( 172.9985405866029851, 92.35531679854540243, 8.800000000000000711 ) ) ;
#2107 = ORIENTED_EDGE ( 'NONE', *, *, #9299, .T. ) ;
#2108 = EDGE_LOOP ( 'NONE', ( #7588, #4046, #12097, #5816 ) ) ;
#2109 = VECTOR ( 'NONE', #4869, 1000.000000000000000 ) ;
#2110 = ORIENTED_EDGE ( 'NONE', *, *, #8483, .F. ) ;
#2111 = CARTESIAN_POINT ( 'NONE',  ( 132.6762620681505211, 145.0023251711596401, 0.000000000000000000 ) ) ;
#2112 = FACE_OUTER_BOUND ( 'NONE', #4503, .T. ) ;
#2113 = VERTEX_POINT ( 'NONE', #1531 ) ;
#2114 = EDGE_CURVE ( 'NONE', #4919, #4643, #1388, .T. ) ;
#2115 = AXIS2_PLACEMENT_3D ( 'NONE', #4816, #4606, #10100 ) ;
#2116 = LINE ( 'NONE', #5240, #9683 ) ;
#2117 = LINE ( 'NONE', #6255, #11270 ) ;
#2118 = CARTESIAN_POINT ( 'NONE',  ( 17.00000000000004263, 153.0000000000004547, 7.000000000000000000 ) ) ;
#2119 = CARTESIAN_POINT ( 'NONE',  ( 0.000000000000000000, 0.000000000000000000, 8.800000000000000711 ) ) ;
#2120 = ORIENTED_EDGE ( 'NONE', *, *, #9510, .T. ) ;
#2121 = FACE_BOUND ( 'NONE', #11789, .T. ) ;
#2122 = CIRCLE ( 'NONE', #8017, 1.750000000000001554 ) ;
#2123 = VERTEX_POINT ( 'NONE', #8703 ) ;
#2124 = CIRCLE ( 'NONE', #9760, 1.750000000000001554 ) ;
#2125 = ORIENTED_EDGE ( 'NONE', *, *, #2572, .T. ) ;
#2126 = DIRECTION ( 'NONE',  ( -0.000000000000000000, -0.000000000000000000, -1.000000000000000000 ) ) ;
#2127 = CIRCLE ( 'NONE', #7148, 1.750000000000029310 ) ;
#2128 = DIRECTION ( 'NONE',  ( -1.000000000000000000, 0.000000000000000000, 0.000000000000000000 ) ) ;
#2129 = DIRECTION ( 'NONE',  ( 1.000000000000000000, 0.000000000000000000, 0.000000000000000000 ) ) ;
#2130 = ORIENTED_EDGE ( 'NONE', *, *, #10378, .T. ) ;
#2132 = EDGE_CURVE ( 'NONE', #2974, #2342, #3368, .T. ) ;
#2131 = CIRCLE ( 'NONE', #9131, 1.750000000000001554 ) ;
#2133 = CARTESIAN_POINT ( 'NONE',  ( 197.3288390266748991, 79.80500000000019156, 4.400000000000001243 ) ) ;
#2134 = CARTESIAN_POINT ( 'NONE',  ( 172.4876398314652590, 61.11163158215092750, 0.000000000000000000 ) ) ;
#2135 = AXIS2_PLACEMENT_3D ( 'NONE', #981, #780, #4923 ) ;
#2136 = CIRCLE ( 'NONE', #3869, 1.750000000000001554 ) ;
#2137 = EDGE_LOOP ( 'NONE', ( #4856, #6533, #3186, #12815 ) ) ;
#2138 = FACE_OUTER_BOUND ( 'NONE', #6039, .T. ) ;
#2139 = VERTEX_POINT ( 'NONE', #2556 ) ;
#2140 = ORIENTED_EDGE ( 'NONE', *, *, #12616, .F. ) ;
#2141 = AXIS2_PLACEMENT_3D ( 'NONE', #10480, #9470, #4249 ) ;
#2142 = FACE_OUTER_BOUND ( 'NONE', #4775, .T. ) ;
#2143 = EDGE_CURVE ( 'NONE', #9898, #7600, #2706, .T. ) ;
#2144 = VECTOR ( 'NONE', #12038, 1000.000000000000000 ) ;
#2145 = CARTESIAN_POINT ( 'NONE',  ( 138.6244221264163912, 42.67048316991452594, 8.800000000000000711 ) ) ;
#2146 = CARTESIAN_POINT ( 'NONE',  ( -9.663828504663911190, 9.663828504663911190, 10.40000000000000213 ) ) ;
#2147 = ORIENTED_EDGE ( 'NONE', *, *, #597, .T. ) ;
#2148 = EDGE_CURVE ( 'NONE', #2986, #2602, #11841, .T. ) ;
#2149 = EDGE_CURVE ( 'NONE', #5690, #5753, #1260, .T. ) ;
#2150 = VERTEX_POINT ( 'NONE', #10809 ) ;
#2151 = CARTESIAN_POINT ( 'NONE',  ( 172.4876398314652590, 61.11163158215092750, 8.800000000000000711 ) ) ;
#2152 = CARTESIAN_POINT ( 'NONE',  ( 175.7431846376827025, 124.7179551689040551, 10.40000000000000213 ) ) ;
#2153 = VECTOR ( 'NONE', #7519, 1000.000000000000000 ) ;
#2154 = DIRECTION ( 'NONE',  ( -0.000000000000000000, 0.000000000000000000, 1.000000000000000000 ) ) ;
#2155 = EDGE_LOOP ( 'NONE', ( #1114, #10868 ) ) ;
#2156 = CARTESIAN_POINT ( 'NONE',  ( 0.000000000000000000, 28.60989453229144885, 8.800000000000000711 ) ) ;
#2157 = VECTOR ( 'NONE', #2059, 1000.000000000000000 ) ;
#2158 = CARTESIAN_POINT ( 'NONE',  ( 174.5379805785753149, 9.540354232463158723, 10.00000000000000000 ) ) ;
#2159 = ORIENTED_EDGE ( 'NONE', *, *, #4062, .T. ) ;
#2160 = DIRECTION ( 'NONE',  ( -0.000000000000000000, -0.000000000000000000, 1.000000000000000000 ) ) ;
#2161 = ORIENTED_EDGE ( 'NONE', *, *, #3168, .F. ) ;
#2162 = ADVANCED_FACE ( 'NONE', ( #2348 ), #2279, .F. ) ;
#2163 = LINE ( 'NONE', #5160, #7055 ) ;
#2164 = ORIENTED_EDGE ( 'NONE', *, *, #3669, .T. ) ;
#2165 = EDGE_CURVE ( 'NONE', #11149, #1585, #2044, .T. ) ;
#2166 = CARTESIAN_POINT ( 'NONE',  ( 175.7983587449205913, 62.55093561087003451, 9.400000000000003908 ) ) ;
#2167 = CYLINDRICAL_SURFACE ( 'NONE', #7791, 1.899999999999999023 ) ;
#2168 = DIRECTION ( 'NONE',  ( -1.000000000000000000, 0.000000000000000000, 0.000000000000000000 ) ) ;
#2169 = FACE_OUTER_BOUND ( 'NONE', #9626, .T. ) ;
#2170 = VERTEX_POINT ( 'NONE', #4507 ) ;
#2171 = AXIS2_PLACEMENT_3D ( 'NONE', #11502, #6276, #7261 ) ;
#2172 = CARTESIAN_POINT ( 'NONE',  ( 190.0936175437515487, 28.60989453229147017, 4.400000000000001243 ) ) ;
#2173 = LINE ( 'NONE', #3133, #7981 ) ;
#2174 = VERTEX_POINT ( 'NONE', #2483 ) ;
#2175 = ORIENTED_EDGE ( 'NONE', *, *, #2564, .F. ) ;
#2176 = EDGE_CURVE ( 'NONE', #4988, #8032, #7720, .T. ) ;
#2177 = ORIENTED_EDGE ( 'NONE', *, *, #831, .T. ) ;
#2178 = DIRECTION ( 'NONE',  ( -0.000000000000000000, -0.000000000000000000, -1.000000000000000000 ) ) ;
#2179 = ADVANCED_FACE ( 'NONE', ( #5399 ), #6412, .T. ) ;
#2180 = AXIS2_PLACEMENT_3D ( 'NONE', #3878, #6954, #4902 ) ;
#2181 = CARTESIAN_POINT ( 'NONE',  ( 138.6244221264163912, 81.91230903241692829, 10.00000000000000000 ) ) ;
#2182 = ORIENTED_EDGE ( 'NONE', *, *, #10636, .F. ) ;
#2183 = LINE ( 'NONE', #7306, #8383 ) ;
#2184 = DIRECTION ( 'NONE',  ( -1.000000000000000000, 0.000000000000000000, 0.000000000000000000 ) ) ;
#2185 = CARTESIAN_POINT ( 'NONE',  ( 45.11403200266500590, 11.86983023117878666, 8.800000000000000711 ) ) ;
#2186 = PLANE ( 'NONE',  #12784 ) ;
#2187 = VERTEX_POINT ( 'NONE', #4360 ) ;
#2188 = AXIS2_PLACEMENT_3D ( 'NONE', #2755, #3828, #8006 ) ;
#2189 = PLANE ( 'NONE',  #7641 ) ;
#2190 = VERTEX_POINT ( 'NONE', #6480 ) ;
#2191 = EDGE_LOOP ( 'NONE', ( #4265, #7471, #13513, #1124, #1713, #4841, #5446, #12937, #10, #2110, #3297, #4696, #12729, #7659, #9945, #2713, #5554, #1060 ) ) ;
#2192 = LINE ( 'NONE', #7319, #5284 ) ;
#2193 = ADVANCED_FACE ( 'NONE', ( #10671 ), #1322, .T. ) ;
#2194 = DIRECTION ( 'NONE',  ( 1.000000000000000000, 0.000000000000000000, 0.000000000000000000 ) ) ;
#2195 = EDGE_LOOP ( 'NONE', ( #11770, #12580, #5666, #10189 ) ) ;
#2196 = CARTESIAN_POINT ( 'NONE',  ( 83.10734701375183420, 78.84319752287538563, 0.000000000000000000 ) ) ;
#2197 = DIRECTION ( 'NONE',  ( -0.7071067811865470176, -0.7071067811865480168, 0.000000000000000000 ) ) ;
#2198 = EDGE_LOOP ( 'NONE', ( #7653, #1280, #3866, #8554 ) ) ;
#2199 = VERTEX_POINT ( 'NONE', #11088 ) ;
#2200 = FACE_OUTER_BOUND ( 'NONE', #9516, .T. ) ;
#2201 = ORIENTED_EDGE ( 'NONE', *, *, #5062, .T. ) ;
#2202 = VECTOR ( 'NONE', #56, 1000.000000000000000 ) ;
#2203 = ORIENTED_EDGE ( 'NONE', *, *, #7504, .T. ) ;
#2204 = EDGE_CURVE ( 'NONE', #3413, #5589, #4648, .T. ) ;
#2205 = CARTESIAN_POINT ( 'NONE',  ( 43.92695978739307350, 56.89921284415382274, 8.800000000000000711 ) ) ;
#2206 = DIRECTION ( 'NONE',  ( 0.000000000000000000, -0.000000000000000000, -1.000000000000000000 ) ) ;
#2207 = CYLINDRICAL_SURFACE ( 'NONE', #3672, 8.649999999999963052 ) ;
#2208 = CARTESIAN_POINT ( 'NONE',  ( 22.10000000000003695, 153.0000000000004547, 1.500000000000000444 ) ) ;
#2209 = LINE ( 'NONE', #12412, #8395 ) ;
#2210 = ORIENTED_EDGE ( 'NONE', *, *, #2770, .F. ) ;
#2211 = AXIS2_PLACEMENT_3D ( 'NONE', #47, #2747, #2168 ) ;
#2212 = ORIENTED_EDGE ( 'NONE', *, *, #4713, .T. ) ;
#2213 = DIRECTION ( 'NONE',  ( -1.000000000000000000, 0.000000000000000000, 0.000000000000000000 ) ) ;
#2214 = CARTESIAN_POINT ( 'NONE',  ( 203.2000000000004718, 153.0000000000004547, 10.00000000000000000 ) ) ;
#2215 = DIRECTION ( 'NONE',  ( 1.000000000000000000, 0.000000000000000000, 0.000000000000000000 ) ) ;
#2216 = VERTEX_POINT ( 'NONE', #3899 ) ;
#2217 = EDGE_CURVE ( 'NONE', #824, #5502, #8975, .T. ) ;
#2218 = PLANE ( 'NONE',  #2962 ) ;
#2219 = DIRECTION ( 'NONE',  ( 0.000000000000000000, 0.000000000000000000, -1.000000000000000000 ) ) ;
#2220 = EDGE_LOOP ( 'NONE', ( #3888, #9319, #7804, #5261 ) ) ;
#2221 = DIRECTION ( 'NONE',  ( -0.000000000000000000, 0.000000000000000000, 1.000000000000000000 ) ) ;
#2222 = ORIENTED_EDGE ( 'NONE', *, *, #12877, .T. ) ;
#2223 = EDGE_CURVE ( 'NONE', #13281, #13495, #1736, .T. ) ;
#2224 = DIRECTION ( 'NONE',  ( -0.000000000000000000, -0.000000000000000000, -1.000000000000000000 ) ) ;
#2225 = AXIS2_PLACEMENT_3D ( 'NONE', #7830, #727, #7761 ) ;
#2226 = LINE ( 'NONE', #12629, #2027 ) ;
#2227 = DIRECTION ( 'NONE',  ( -0.000000000000000000, -0.000000000000000000, -1.000000000000000000 ) ) ;
#2228 = EDGE_LOOP ( 'NONE', ( #1505, #12459, #11714, #8165 ) ) ;
#2229 = CARTESIAN_POINT ( 'NONE',  ( 94.49275623606898478, 47.62245696408325557, 10.00000000000000000 ) ) ;
#2230 = CARTESIAN_POINT ( 'NONE',  ( 12.50000000000047073, -9.388496441094096312, 3.405072447962287856E-16 ) ) ;
#2231 = CARTESIAN_POINT ( 'NONE',  ( 44.18123765362386735, 49.18058558616856857, 10.00000000000000000 ) ) ;
#2232 = AXIS2_PLACEMENT_3D ( 'NONE', #3852, #10020, #1757 ) ;
#2233 = DIRECTION ( 'NONE',  ( -0.000000000000000000, 0.000000000000000000, 1.000000000000000000 ) ) ;
#2234 = ORIENTED_EDGE ( 'NONE', *, *, #12172, .T. ) ;
#2235 = EDGE_CURVE ( 'NONE', #12962, #10131, #752, .T. ) ;
#2236 = CARTESIAN_POINT ( 'NONE',  ( 45.11403200266500590, 50.66125931876361221, 0.000000000000000000 ) ) ;
#2237 = DIRECTION ( 'NONE',  ( -0.000000000000000000, -0.000000000000000000, -1.000000000000000000 ) ) ;
#2238 = ORIENTED_EDGE ( 'NONE', *, *, #10032, .T. ) ;
#2239 = CARTESIAN_POINT ( 'NONE',  ( 174.7485405866029851, 19.82081807526519057, 8.800000000000000711 ) ) ;
#2240 = DIRECTION ( 'NONE',  ( 1.000000000000000000, 0.000000000000000000, 0.000000000000000000 ) ) ;
#2241 = EDGE_CURVE ( 'NONE', #9392, #8280, #854, .T. ) ;
#2242 = DIRECTION ( 'NONE',  ( -1.000000000000000000, 0.000000000000000000, 0.000000000000000000 ) ) ;
#2243 = ADVANCED_FACE ( 'NONE', ( #782 ), #579, .F. ) ;
#2244 = CARTESIAN_POINT ( 'NONE',  ( 176.4985405866029851, 19.82081807526519057, 0.000000000000000000 ) ) ;
#2245 = CIRCLE ( 'NONE', #8787, 1.750000000000001554 ) ;
#2246 = VERTEX_POINT ( 'NONE', #711 ) ;
#2247 = CARTESIAN_POINT ( 'NONE',  ( 20.17116097332603175, 149.8940936094211054, 8.800000000000000711 ) ) ;
#2248 = DIRECTION ( 'NONE',  ( -0.000000000000000000, -0.000000000000000000, -1.000000000000000000 ) ) ;
#2249 = DIRECTION ( 'NONE',  ( 1.000000000000000000, 0.000000000000000000, -0.000000000000000000 ) ) ;
#2250 = EDGE_CURVE ( 'NONE', #9174, #3343, #5952, .T. ) ;
#2251 = EDGE_CURVE ( 'NONE', #2457, #10494, #7045, .T. ) ;
#2252 = VECTOR ( 'NONE', #10440, 1000.000000000000000 ) ;
#2253 = DIRECTION ( 'NONE',  ( -1.000000000000000000, 0.000000000000000000, 0.000000000000000000 ) ) ;
#2254 = AXIS2_PLACEMENT_3D ( 'NONE', #4682, #7568, #1355 ) ;
#2255 = EDGE_LOOP ( 'NONE', ( #4025, #21, #7322, #6772, #3847, #459, #3391, #5897, #5722, #11399 ) ) ;
#2256 = VERTEX_POINT ( 'NONE', #5873 ) ;
#2257 = ORIENTED_EDGE ( 'NONE', *, *, #1244, .T. ) ;
#2258 = VECTOR ( 'NONE', #8988, 1000.000000000000000 ) ;
#2259 = CIRCLE ( 'NONE', #749, 1.750000000000001554 ) ;
#2260 = DIRECTION ( 'NONE',  ( -0.000000000000000000, -0.000000000000000000, -1.000000000000000000 ) ) ;
#2261 = AXIS2_PLACEMENT_3D ( 'NONE', #2912, #2983, #865 ) ;
#2262 = ORIENTED_EDGE ( 'NONE', *, *, #3697, .T. ) ;
#2263 = CARTESIAN_POINT ( 'NONE',  ( 45.11403200266500590, 16.77682456503958619, 8.800000000000000711 ) ) ;
#2264 = DIRECTION ( 'NONE',  ( -0.000000000000000000, -0.000000000000000000, -1.000000000000000000 ) ) ;
#2265 = EDGE_CURVE ( 'NONE', #285, #2947, #6829, .T. ) ;
#2266 = AXIS2_PLACEMENT_3D ( 'NONE', #7031, #2818, #9303 ) ;
#2267 = ORIENTED_EDGE ( 'NONE', *, *, #6045, .F. ) ;
#2268 = VECTOR ( 'NONE', #9420, 1000.000000000000000 ) ;
#2269 = ORIENTED_EDGE ( 'NONE', *, *, #8503, .T. ) ;
#2270 = CARTESIAN_POINT ( 'NONE',  ( 17.00000000000004263, 153.0000000000004547, 1.500000000000000444 ) ) ;
#2271 = VECTOR ( 'NONE', #7503, 1000.000000000000000 ) ;
#2272 = ORIENTED_EDGE ( 'NONE', *, *, #11417, .T. ) ;
#2273 = CIRCLE ( 'NONE', #6381, 8.649999999999963052 ) ;
#2274 = EDGE_LOOP ( 'NONE', ( #6464, #594, #3378, #10113 ) ) ;
#2275 = DIRECTION ( 'NONE',  ( 1.000000000000000000, 0.000000000000000000, 0.000000000000000000 ) ) ;
#2276 = FACE_OUTER_BOUND ( 'NONE', #6323, .T. ) ;
#2277 = AXIS2_PLACEMENT_3D ( 'NONE', #3073, #10489, #4259 ) ;
#2278 = CIRCLE ( 'NONE', #9918, 1.900000000000012790 ) ;
#2279 = CYLINDRICAL_SURFACE ( 'NONE', #10551, 1.750000000000029310 ) ;
#2280 = ORIENTED_EDGE ( 'NONE', *, *, #13360, .T. ) ;
#2281 = AXIS2_PLACEMENT_3D ( 'NONE', #8549, #6270, #4416 ) ;
#2282 = ORIENTED_EDGE ( 'NONE', *, *, #1063, .T. ) ;
#2283 = FACE_OUTER_BOUND ( 'NONE', #1803, .T. ) ;
#2284 = PLANE ( 'NONE',  #10099 ) ;
#2285 = EDGE_CURVE ( 'NONE', #9323, #5061, #7500, .T. ) ;
#2286 = DIRECTION ( 'NONE',  ( -0.000000000000000000, 0.000000000000000000, 1.000000000000000000 ) ) ;
#2287 = ORIENTED_EDGE ( 'NONE', *, *, #10391, .F. ) ;
#2288 = CARTESIAN_POINT ( 'NONE',  ( 200.5000000000004547, 153.0000000000004547, 7.000000000000000000 ) ) ;
#2289 = DIRECTION ( 'NONE',  ( -0.000000000000000000, -0.000000000000000000, -1.000000000000000000 ) ) ;
#2290 = CIRCLE ( 'NONE', #7310, 5.100000000000000533 ) ;
#2291 = ORIENTED_EDGE ( 'NONE', *, *, #9422, .F. ) ;
#2292 = AXIS2_PLACEMENT_3D ( 'NONE', #7745, #9600, #4651 ) ;
#2293 = CARTESIAN_POINT ( 'NONE',  ( 38.11825781528437318, 29.78659451165878380, 18.29454968056250763 ) ) ;
#2294 = ORIENTED_EDGE ( 'NONE', *, *, #11251, .F. ) ;
#2295 = CARTESIAN_POINT ( 'NONE',  ( 128.9962509126547729, 86.03334357308700930, 8.800000000000000711 ) ) ;
#2296 = CARTESIAN_POINT ( 'NONE',  ( 175.7827480034592043, 101.3592244094420494, 9.400000000000000355 ) ) ;
#2297 = ORIENTED_EDGE ( 'NONE', *, *, #10943, .T. ) ;
#2298 = CIRCLE ( 'NONE', #3832, 1.750000000000001554 ) ;
#2299 = CYLINDRICAL_SURFACE ( 'NONE', #3434, 1.900000000000012790 ) ;
#2300 = CARTESIAN_POINT ( 'NONE',  ( 12.50000000000046896, -9.790000000001311875, 0.000000000000000000 ) ) ;
#2301 = FACE_OUTER_BOUND ( 'NONE', #3542, .T. ) ;
#2302 = EDGE_CURVE ( 'NONE', #9100, #11421, #3631, .T. ) ;
#2303 = DIRECTION ( 'NONE',  ( -0.000000000000000000, -0.000000000000000000, -1.000000000000000000 ) ) ;
#2304 = VERTEX_POINT ( 'NONE', #11990 ) ;
#2305 = CARTESIAN_POINT ( 'NONE',  ( 20.17116097332606017, 28.60989453229145596, 8.999999999999985789 ) ) ;
#2306 = PLANE ( 'NONE',  #6208 ) ;
#2307 = VERTEX_POINT ( 'NONE', #7936 ) ;
#2308 = CARTESIAN_POINT ( 'NONE',  ( 124.8267149358792949, 58.91592920418546697, 8.800000000000000711 ) ) ;
#2309 = CARTESIAN_POINT ( 'NONE',  ( 42.86730598147647697, 53.15839306104777506, 10.00000000000000000 ) ) ;
#2310 = VECTOR ( 'NONE', #6049, 1000.000000000000114 ) ;
#2311 = DIRECTION ( 'NONE',  ( -0.000000000000000000, -0.000000000000000000, -1.000000000000000000 ) ) ;
#2312 = CARTESIAN_POINT ( 'NONE',  ( 205.0000000000006253, 151.4002435635301822, 0.03500950789804677804 ) ) ;
#2313 = VECTOR ( 'NONE', #9966, 1000.000000000000000 ) ;
#2314 = EDGE_CURVE ( 'NONE', #2924, #11085, #1185, .T. ) ;
#2315 = CARTESIAN_POINT ( 'NONE',  ( 80.71811639599671651, 24.99111346065453176, 8.800000000000000711 ) ) ;
#2316 = ORIENTED_EDGE ( 'NONE', *, *, #11662, .F. ) ;
#2317 = EDGE_CURVE ( 'NONE', #8643, #12873, #1596, .T. ) ;
#2318 = AXIS2_PLACEMENT_3D ( 'NONE', #4371, #3059, #3257 ) ;
#2319 = LINE ( 'NONE', #1160, #5962 ) ;
#2320 = CARTESIAN_POINT ( 'NONE',  ( 42.86730598147647697, 86.84976237332983828, 0.000000000000000000 ) ) ;
#2321 = DIRECTION ( 'NONE',  ( -0.000000000000000000, -0.000000000000000000, -1.000000000000000000 ) ) ;
#2322 = CARTESIAN_POINT ( 'NONE',  ( 134.2762620681505155, 106.1427854106715074, 8.800000000000000711 ) ) ;
#2323 = VECTOR ( 'NONE', #2248, 1000.000000000000000 ) ;
#2324 = FACE_OUTER_BOUND ( 'NONE', #2642, .T. ) ;
#2325 = EDGE_LOOP ( 'NONE', ( #6281, #10163, #5019, #13138 ) ) ;
#2326 = DIRECTION ( 'NONE',  ( -0.000000000000000000, 0.000000000000000000, 1.000000000000000000 ) ) ;
#2327 = VERTEX_POINT ( 'NONE', #5938 ) ;
#2328 = ORIENTED_EDGE ( 'NONE', *, *, #8331, .T. ) ;
#2329 = AXIS2_PLACEMENT_3D ( 'NONE', #380, #4519, #5743 ) ;
#2330 = EDGE_CURVE ( 'NONE', #2304, #1452, #3351, .T. ) ;
#2331 = AXIS2_PLACEMENT_3D ( 'NONE', #2731, #13061, #5703 ) ;
#2332 = LINE ( 'NONE', #8478, #164 ) ;
#2333 = ORIENTED_EDGE ( 'NONE', *, *, #4266, .F. ) ;
#2334 = LINE ( 'NONE', #2133, #10652 ) ;
#2335 = PLANE ( 'NONE',  #11896 ) ;
#2336 = AXIS2_PLACEMENT_3D ( 'NONE', #9325, #7195, #7398 ) ;
#2337 = ORIENTED_EDGE ( 'NONE', *, *, #11834, .T. ) ;
#2338 = ORIENTED_EDGE ( 'NONE', *, *, #13516, .F. ) ;
#2339 = DIRECTION ( 'NONE',  ( 1.000000000000000000, 0.000000000000000000, 0.000000000000000000 ) ) ;
#2340 = VECTOR ( 'NONE', #8103, 1000.000000000000114 ) ;
#2341 = CARTESIAN_POINT ( 'NONE',  ( 90.50672948317448174, 59.72174035506507295, 8.800000000000000711 ) ) ;
#2342 = VERTEX_POINT ( 'NONE', #3699 ) ;
#2343 = ORIENTED_EDGE ( 'NONE', *, *, #5201, .F. ) ;
#2344 = DIRECTION ( 'NONE',  ( -0.000000000000000000, -0.000000000000000000, -1.000000000000000000 ) ) ;
#2345 = EDGE_CURVE ( 'NONE', #11319, #1142, #965, .T. ) ;
#2346 = EDGE_CURVE ( 'NONE', #4238, #6033, #4413, .T. ) ;
#2347 = AXIS2_PLACEMENT_3D ( 'NONE', #8663, #11738, #6128 ) ;
#2348 = FACE_OUTER_BOUND ( 'NONE', #6068, .T. ) ;
#2349 = AXIS2_PLACEMENT_3D ( 'NONE', #2608, #4898, #4971 ) ;
#2350 = EDGE_LOOP ( 'NONE', ( #551, #2862, #6689, #1367 ) ) ;
#2351 = CIRCLE ( 'NONE', #9990, 1.750000000000001554 ) ;
#2352 = ORIENTED_EDGE ( 'NONE', *, *, #13022, .T. ) ;
#2353 = DIRECTION ( 'NONE',  ( 0.000000000000000000, 0.000000000000000000, -1.000000000000000000 ) ) ;
#2354 = CARTESIAN_POINT ( 'NONE',  ( 42.86730598147647697, 58.29192021169607330, 8.800000000000000711 ) ) ;
#2355 = CARTESIAN_POINT ( 'NONE',  ( 42.85258495182370098, 131.3036457082470179, 8.800000000000000711 ) ) ;
#2356 = DIRECTION ( 'NONE',  ( -0.000000000000000000, -0.000000000000000000, -1.000000000000000000 ) ) ;
#2357 = ORIENTED_EDGE ( 'NONE', *, *, #13360, .F. ) ;
#2358 = DIRECTION ( 'NONE',  ( -0.000000000000000000, -0.000000000000000000, -1.000000000000000000 ) ) ;
#2359 = LINE ( 'NONE', #9938, #1903 ) ;
#2360 = ORIENTED_EDGE ( 'NONE', *, *, #11464, .T. ) ;
#2361 = CARTESIAN_POINT ( 'NONE',  ( 136.7244221264163855, 81.91230903241692829, 10.00000000000000000 ) ) ;
#2362 = EDGE_LOOP ( 'NONE', ( #6318, #3096, #2011, #9408 ) ) ;
#2363 = AXIS2_PLACEMENT_3D ( 'NONE', #2779, #12066, #11170 ) ;
#2364 = CARTESIAN_POINT ( 'NONE',  ( 94.45321194845044488, 86.83428515614535570, 10.00000000000000000 ) ) ;
#2365 = EDGE_CURVE ( 'NONE', #12217, #2668, #6167, .T. ) ;
#2366 = CARTESIAN_POINT ( 'NONE',  ( 174.5673879116660885, 87.21061876881715591, 0.000000000000000000 ) ) ;
#2367 = ORIENTED_EDGE ( 'NONE', *, *, #6214, .F. ) ;
#2368 = AXIS2_PLACEMENT_3D ( 'NONE', #1274, #10546, #181 ) ;
#2369 = LINE ( 'NONE', #10690, #846 ) ;
#2370 = DIRECTION ( 'NONE',  ( -0.000000000000000000, 0.000000000000000000, 1.000000000000000000 ) ) ;
#2371 = CARTESIAN_POINT ( 'NONE',  ( 81.00482823265210186, 129.5324077978120840, 9.400000000000041211 ) ) ;
#2372 = LINE ( 'NONE', #4258, #9636 ) ;
#2373 = AXIS2_PLACEMENT_3D ( 'NONE', #761, #13002, #2612 ) ;
#2374 = DIRECTION ( 'NONE',  ( -0.000000000000000000, 0.000000000000000000, 1.000000000000000000 ) ) ;
#2375 = ORIENTED_EDGE ( 'NONE', *, *, #9406, .F. ) ;
#2376 = CARTESIAN_POINT ( 'NONE',  ( 175.7983587449205913, 62.55093561087003451, 8.800000000000000711 ) ) ;
#2377 = DIRECTION ( 'NONE',  ( -0.000000000000000000, -0.000000000000000000, -1.000000000000000000 ) ) ;
#2378 = ORIENTED_EDGE ( 'NONE', *, *, #2840, .F. ) ;
#2379 = ORIENTED_EDGE ( 'NONE', *, *, #2464, .T. ) ;
#2380 = DIRECTION ( 'NONE',  ( 0.7071095795811647156, 0.7071039827808556222, -0.000000000000000000 ) ) ;
#2381 = CYLINDRICAL_SURFACE ( 'NONE', #10321, 1.750000000000001554 ) ;
#2382 = EDGE_CURVE ( 'NONE', #1184, #1529, #9049, .T. ) ;
#2383 = DIRECTION ( 'NONE',  ( 1.000000000000000000, 0.000000000000000000, 0.000000000000000000 ) ) ;
#2384 = EDGE_LOOP ( 'NONE', ( #9002, #8542, #4874, #11199 ) ) ;
#2385 = CARTESIAN_POINT ( 'NONE',  ( 172.4876398314652590, 94.83529219940430721, 0.000000000000000000 ) ) ;
#2386 = CARTESIAN_POINT ( 'NONE',  ( 200.5000000000003695, -7.390000000000313207, 1.500000000000000444 ) ) ;
#2387 = FACE_OUTER_BOUND ( 'NONE', #6965, .T. ) ;
#2388 = CARTESIAN_POINT ( 'NONE',  ( 43.61357415596929599, 132.8795249647809271, 8.800000000000000711 ) ) ;
#2389 = DIRECTION ( 'NONE',  ( 1.801302180350779826E-16, -1.000000000000000000, 0.000000000000000000 ) ) ;
#2390 = ORIENTED_EDGE ( 'NONE', *, *, #9521, .T. ) ;
#2391 = ADVANCED_FACE ( 'NONE', ( #7187 ), #1937, .F. ) ;
#2392 = DIRECTION ( 'NONE',  ( -0.000000000000000000, -0.000000000000000000, -1.000000000000000000 ) ) ;
#2393 = ORIENTED_EDGE ( 'NONE', *, *, #2664, .T. ) ;
#2394 = CARTESIAN_POINT ( 'NONE',  ( 90.69275623606895920, 8.774332390532082471, 0.000000000000000000 ) ) ;
#2395 = AXIS2_PLACEMENT_3D ( 'NONE', #7596, #5518, #8824 ) ;
#2396 = ORIENTED_EDGE ( 'NONE', *, *, #10362, .F. ) ;
#2397 = EDGE_CURVE ( 'NONE', #10425, #7798, #11297, .T. ) ;
#2398 = DIRECTION ( 'NONE',  ( -1.000000000000000000, 0.000000000000000000, 0.000000000000000000 ) ) ;
#2399 = EDGE_LOOP ( 'NONE', ( #3877, #7956 ) ) ;
#2400 = DIRECTION ( 'NONE',  ( -0.000000000000000000, 0.000000000000000000, 1.000000000000000000 ) ) ;
#2401 = CARTESIAN_POINT ( 'NONE',  ( 80.71811639599671651, 63.83441197029006275, 0.000000000000000000 ) ) ;
#2402 = DIRECTION ( 'NONE',  ( -0.000000000000000000, 0.000000000000000000, 1.000000000000000000 ) ) ;
#2403 = CIRCLE ( 'NONE', #10909, 2.700000000000001066 ) ;
#2404 = VERTEX_POINT ( 'NONE', #10264 ) ;
#2405 = VERTEX_POINT ( 'NONE', #11361 ) ;
#2406 = EDGE_CURVE ( 'NONE', #6267, #9729, #13418, .T. ) ;
#2407 = CARTESIAN_POINT ( 'NONE',  ( 170.7376398314652590, 61.11163158215092750, 10.00000000000000000 ) ) ;
#2408 = DIRECTION ( 'NONE',  ( 1.000000000000000000, -0.000000000000000000, -0.000000000000000000 ) ) ;
#2409 = ORIENTED_EDGE ( 'NONE', *, *, #13340, .F. ) ;
#2410 = ORIENTED_EDGE ( 'NONE', *, *, #9632, .T. ) ;
#2411 = DIRECTION ( 'NONE',  ( -0.000000000000000000, 0.000000000000000000, 1.000000000000000000 ) ) ;
#2412 = ADVANCED_FACE ( 'NONE', ( #10323 ), #2954, .T. ) ;
#2413 = DIRECTION ( 'NONE',  ( -0.000000000000000000, -0.000000000000000000, -1.000000000000000000 ) ) ;
#2414 = ADVANCED_FACE ( 'NONE', ( #8218 ), #3034, .F. ) ;
#2415 = VECTOR ( 'NONE', #2531, 1000.000000000000000 ) ;
#2416 = DIRECTION ( 'NONE',  ( -0.000000000000000000, 0.000000000000000000, 1.000000000000000000 ) ) ;
#2417 = CARTESIAN_POINT ( 'NONE',  ( 20.17116097332603175, 149.8940936094211054, 9.000000000000000000 ) ) ;
#2418 = ORIENTED_EDGE ( 'NONE', *, *, #7887, .F. ) ;
#2419 = ORIENTED_EDGE ( 'NONE', *, *, #5091, .F. ) ;
#2420 = CARTESIAN_POINT ( 'NONE',  ( 20.17116097332560898, 79.80500000000016314, 0.000000000000000000 ) ) ;
#2421 = DIRECTION ( 'NONE',  ( 1.000000000000000000, 0.000000000000000000, 0.000000000000000000 ) ) ;
#2422 = CARTESIAN_POINT ( 'NONE',  ( 53.43081683830543227, 110.1681598252935999, 10.40000000000000213 ) ) ;
#2423 = ORIENTED_EDGE ( 'NONE', *, *, #9955, .F. ) ;
#2424 = ADVANCED_FACE ( 'NONE', ( #13352 ), #3956, .F. ) ;
#2425 = CYLINDRICAL_SURFACE ( 'NONE', #2292, 1.750000000000001554 ) ;
#2426 = EDGE_CURVE ( 'NONE', #7715, #8226, #13264, .T. ) ;
#2427 = FACE_OUTER_BOUND ( 'NONE', #5468, .T. ) ;
#2428 = ORIENTED_EDGE ( 'NONE', *, *, #5575, .F. ) ;
#2429 = CARTESIAN_POINT ( 'NONE',  ( 42.86730598147647697, 53.15839306104777506, 10.00000000000000000 ) ) ;
#2430 = ORIENTED_EDGE ( 'NONE', *, *, #4172, .T. ) ;
#2431 = CARTESIAN_POINT ( 'NONE',  ( 174.5673879116660885, 87.21061876881715591, 0.000000000000000000 ) ) ;
#2432 = AXIS2_PLACEMENT_3D ( 'NONE', #8462, #8324, #9425 ) ;
#2433 = CYLINDRICAL_SURFACE ( 'NONE', #3992, 1.750000000000001554 ) ;
#2434 = VERTEX_POINT ( 'NONE', #7988 ) ;
#2435 = CYLINDRICAL_SURFACE ( 'NONE', #10421, 1.899999999999985034 ) ;
#2436 = DIRECTION ( 'NONE',  ( 1.000000000000000000, 0.000000000000000000, 0.000000000000000000 ) ) ;
#2437 = CYLINDRICAL_SURFACE ( 'NONE', #1480, 1.750000000000001554 ) ;
#2438 = CARTESIAN_POINT ( 'NONE',  ( 67.45833726339711234, 134.2108150412378791, 10.00000000000000000 ) ) ;
#2439 = DIRECTION ( 'NONE',  ( -0.000000000000000000, 0.000000000000000000, 1.000000000000000000 ) ) ;
#2440 = ORIENTED_EDGE ( 'NONE', *, *, #7920, .T. ) ;
#2441 = DIRECTION ( 'NONE',  ( 0.000000000000000000, -0.000000000000000000, 1.000000000000000000 ) ) ;
#2442 = EDGE_CURVE ( 'NONE', #7712, #1318, #4662, .T. ) ;
#2443 = CARTESIAN_POINT ( 'NONE',  ( 170.9627247140764723, 138.8970351559032963, 10.00000000000000000 ) ) ;
#2444 = ORIENTED_EDGE ( 'NONE', *, *, #4906, .T. ) ;
#2445 = AXIS2_PLACEMENT_3D ( 'NONE', #11864, #1284, #8723 ) ;
#2446 = FACE_OUTER_BOUND ( 'NONE', #6737, .T. ) ;
#2447 = CARTESIAN_POINT ( 'NONE',  ( 41.10258495182370098, 19.47317995467786389, 10.00000000000000000 ) ) ;
#2448 = DIRECTION ( 'NONE',  ( -0.000000000000000000, -0.000000000000000000, -1.000000000000000000 ) ) ;
#2449 = CARTESIAN_POINT ( 'NONE',  ( 172.4876398314652590, 89.87628193518300179, 10.00000000000000000 ) ) ;
#2450 = CARTESIAN_POINT ( 'NONE',  ( 69.35833726339713223, 95.27330718339189275, 0.000000000000000000 ) ) ;
#2451 = VECTOR ( 'NONE', #6025, 1000.000000000000000 ) ;
#2452 = LINE ( 'NONE', #12779, #7772 ) ;
#2453 = CYLINDRICAL_SURFACE ( 'NONE', #5235, 1.899999999999985034 ) ;
#2454 = EDGE_CURVE ( 'NONE', #3964, #7821, #69, .T. ) ;
#2455 = FACE_OUTER_BOUND ( 'NONE', #9115, .T. ) ;
#2456 = ORIENTED_EDGE ( 'NONE', *, *, #6132, .F. ) ;
#2457 = VERTEX_POINT ( 'NONE', #8125 ) ;
#2458 = FACE_BOUND ( 'NONE', #5327, .T. ) ;
#2459 = ORIENTED_EDGE ( 'NONE', *, *, #3554, .F. ) ;
#2460 = AXIS2_PLACEMENT_3D ( 'NONE', #6081, #6139, #9125 ) ;
#2461 = ORIENTED_EDGE ( 'NONE', *, *, #12404, .F. ) ;
#2462 = CARTESIAN_POINT ( 'NONE',  ( 81.24083265857167646, 0.7544085079435802754, 0.000000000000000000 ) ) ;
#2463 = CARTESIAN_POINT ( 'NONE',  ( 172.4876398314652590, 94.83529219940430721, 0.000000000000000000 ) ) ;
#2464 = EDGE_CURVE ( 'NONE', #4077, #13129, #8958, .T. ) ;
#2465 = EDGE_LOOP ( 'NONE', ( #8730, #7286 ) ) ;
#2466 = VECTOR ( 'NONE', #184, 1000.000000000000000 ) ;
#2467 = CARTESIAN_POINT ( 'NONE',  ( 125.1962509126547332, 46.80401707400540090, 10.00000000000000000 ) ) ;
#2468 = VECTOR ( 'NONE', #9682, 1000.000000000000000 ) ;
#2469 = DIRECTION ( 'NONE',  ( 0.7071067811865474617, 0.7071067811865474617, 0.000000000000000000 ) ) ;
#2470 = EDGE_CURVE ( 'NONE', #11858, #12803, #4884, .T. ) ;
#2471 = ORIENTED_EDGE ( 'NONE', *, *, #6766, .F. ) ;
#2472 = EDGE_CURVE ( 'NONE', #5410, #1468, #12513, .T. ) ;
#2473 = VERTEX_POINT ( 'NONE', #4972 ) ;
#2474 = DIRECTION ( 'NONE',  ( -0.000000000000000000, 0.000000000000000000, 1.000000000000000000 ) ) ;
#2475 = DIRECTION ( 'NONE',  ( -0.000000000000000000, 0.000000000000000000, 1.000000000000000000 ) ) ;
#2476 = ORIENTED_EDGE ( 'NONE', *, *, #1659, .F. ) ;
#2477 = DIRECTION ( 'NONE',  ( 3.411062867899180116E-16, -1.000000000000000000, 0.000000000000000000 ) ) ;
#2478 = ORIENTED_EDGE ( 'NONE', *, *, #4514, .T. ) ;
#2479 = AXIS2_PLACEMENT_3D ( 'NONE', #6915, #3644, #450 ) ;
#2480 = FACE_OUTER_BOUND ( 'NONE', #8789, .T. ) ;
#2481 = AXIS2_PLACEMENT_3D ( 'NONE', #2208, #4169, #10403 ) ;
#2482 = DIRECTION ( 'NONE',  ( 1.000000000000000000, 0.000000000000000000, 0.000000000000000000 ) ) ;
#2483 = CARTESIAN_POINT ( 'NONE',  ( 149.9597551873219174, 11.65909888836609731, 8.800000000000000711 ) ) ;
#2484 = ADVANCED_FACE ( 'NONE', ( #2810 ), #691, .F. ) ;
#2485 = ORIENTED_EDGE ( 'NONE', *, *, #9561, .F. ) ;
#2486 = TOROIDAL_SURFACE ( 'NONE', #3774, 5.099999999999984546, 1.500000000000000000 ) ;
#2487 = CARTESIAN_POINT ( 'NONE',  ( 205.0000000000006253, 153.7999349495379136, 0.09867340162347476573 ) ) ;
#2488 = DIRECTION ( 'NONE',  ( -0.000000000000000000, -0.000000000000000000, -1.000000000000000000 ) ) ;
#2489 = CARTESIAN_POINT ( 'NONE',  ( 88.60672948317446185, 98.95013237564819519, 10.00000000000000000 ) ) ;
#2490 = EDGE_CURVE ( 'NONE', #12675, #8473, #8061, .T. ) ;
#2491 = ADVANCED_FACE ( 'NONE', ( #6952 ), #9160, .F. ) ;
#2492 = AXIS2_PLACEMENT_3D ( 'NONE', #6747, #5657, #9915 ) ;
#2493 = AXIS2_PLACEMENT_3D ( 'NONE', #6340, #10530, #4236 ) ;
#2494 = VERTEX_POINT ( 'NONE', #11063 ) ;
#2495 = DIRECTION ( 'NONE',  ( -0.000000000000000000, -0.000000000000000000, -1.000000000000000000 ) ) ;
#2496 = CARTESIAN_POINT ( 'NONE',  ( 88.60672948317446185, 20.93033631178033005, 10.00000000000000000 ) ) ;
#2497 = ORIENTED_EDGE ( 'NONE', *, *, #4689, .F. ) ;
#2498 = DIRECTION ( 'NONE',  ( 1.000000000000000000, 0.000000000000000000, 0.000000000000000000 ) ) ;
#2499 = LINE ( 'NONE', #5467, #10015 ) ;
#2500 = VERTEX_POINT ( 'NONE', #1912 ) ;
#2501 = FACE_OUTER_BOUND ( 'NONE', #12354, .T. ) ;
#2502 = AXIS2_PLACEMENT_3D ( 'NONE', #5136, #10598, #1258 ) ;
#2503 = AXIS2_PLACEMENT_3D ( 'NONE', #12226, #5898, #2787 ) ;
#2504 = CIRCLE ( 'NONE', #2939, 1.900000000000012790 ) ;
#2505 = VECTOR ( 'NONE', #5543, 1000.000000000000114 ) ;
#2506 = CARTESIAN_POINT ( 'NONE',  ( 145.1908573292052722, 16.07759220218804330, 9.400000000000021672 ) ) ;
#2507 = EDGE_CURVE ( 'NONE', #2061, #439, #317, .T. ) ;
#2508 = ORIENTED_EDGE ( 'NONE', *, *, #10790, .T. ) ;
#2509 = LINE ( 'NONE', #4381, #5602 ) ;
#2510 = CARTESIAN_POINT ( 'NONE',  ( 90.50672948317448174, 137.9047134621627038, 10.00000000000000000 ) ) ;
#2511 = DIRECTION ( 'NONE',  ( 1.000000000000000000, 0.000000000000000000, 0.000000000000000000 ) ) ;
#2512 = CARTESIAN_POINT ( 'NONE',  ( 90.50672948317448174, 20.93033631178033005, 0.000000000000000000 ) ) ;
#2513 = CIRCLE ( 'NONE', #4659, 1.900000000000012790 ) ;
#2514 = CIRCLE ( 'NONE', #10146, 1.900000000000012790 ) ;
#2515 = CARTESIAN_POINT ( 'NONE',  ( 207.5000000000004547, 120.3050000000001489, 0.000000000000000000 ) ) ;
#2516 = VERTEX_POINT ( 'NONE', #10044 ) ;
#2517 = DIRECTION ( 'NONE',  ( -0.7071067811865509034, -0.000000000000000000, -0.7071067811865442421 ) ) ;
#2518 = AXIS2_PLACEMENT_3D ( 'NONE', #13354, #2835, #8088 ) ;
#2519 = CARTESIAN_POINT ( 'NONE',  ( 78.81811639599669661, 103.0761435058214914, 0.000000000000000000 ) ) ;
#2520 = EDGE_LOOP ( 'NONE', ( #9336, #11483 ) ) ;
#2521 = CARTESIAN_POINT ( 'NONE',  ( 172.7127247140765007, 138.8970351559032963, 8.800000000000000711 ) ) ;
#2522 = LINE ( 'NONE', #7838, #1924 ) ;
#2523 = CARTESIAN_POINT ( 'NONE',  ( 174.5673879116660885, 87.21061876881715591, 10.00000000000000000 ) ) ;
#2524 = VECTOR ( 'NONE', #872, 1000.000000000000000 ) ;
#2525 = CARTESIAN_POINT ( 'NONE',  ( 127.8596358462825719, 93.69416979933204459, 10.40000000000000213 ) ) ;
#2526 = EDGE_CURVE ( 'NONE', #10724, #6216, #4830, .T. ) ;
#2527 = EDGE_CURVE ( 'NONE', #3493, #7926, #12756, .T. ) ;
#2528 = CONICAL_SURFACE ( 'NONE', #561, 7.649999999999962164, 0.7853981633974639331 ) ;
#2529 = CYLINDRICAL_SURFACE ( 'NONE', #4223, 1.750000000000001554 ) ;
#2530 = LINE ( 'NONE', #9763, #13242 ) ;
#2531 = DIRECTION ( 'NONE',  ( -0.000000000000000000, -0.000000000000000000, -1.000000000000000000 ) ) ;
#2532 = AXIS2_PLACEMENT_3D ( 'NONE', #8635, #5463, #9649 ) ;
#2533 = DIRECTION ( 'NONE',  ( -0.000000000000000000, -0.000000000000000000, -1.000000000000000000 ) ) ;
#2534 = ORIENTED_EDGE ( 'NONE', *, *, #10997, .F. ) ;
#2535 = ORIENTED_EDGE ( 'NONE', *, *, #12425, .T. ) ;
#2536 = EDGE_LOOP ( 'NONE', ( #7161, #6804, #13375, #9640 ) ) ;
#2537 = VERTEX_POINT ( 'NONE', #11273 ) ;
#2538 = CYLINDRICAL_SURFACE ( 'NONE', #6967, 1.900000000000012790 ) ;
#2539 = EDGE_CURVE ( 'NONE', #3737, #655, #762, .T. ) ;
#2540 = AXIS2_PLACEMENT_3D ( 'NONE', #5777, #2533, #472 ) ;
#2541 = DIRECTION ( 'NONE',  ( -0.000000000000000000, -0.000000000000000000, -1.000000000000000000 ) ) ;
#2542 = EDGE_LOOP ( 'NONE', ( #6949, #11913, #8392, #558 ) ) ;
#2543 = CARTESIAN_POINT ( 'NONE',  ( 140.5244221264164253, 42.67048316991452594, 0.000000000000000000 ) ) ;
#2544 = DIRECTION ( 'NONE',  ( 1.000000000000000000, 0.000000000000000000, 0.000000000000000000 ) ) ;
#2545 = EDGE_LOOP ( 'NONE', ( #10823, #3102, #5832, #6757 ) ) ;
#2546 = ORIENTED_EDGE ( 'NONE', *, *, #1726, .T. ) ;
#2547 = DIRECTION ( 'NONE',  ( 1.000000000000000000, 0.000000000000000000, 0.000000000000000000 ) ) ;
#2548 = PLANE ( 'NONE',  #6031 ) ;
#2549 = AXIS2_PLACEMENT_3D ( 'NONE', #8243, #3858, #11179 ) ;
#2550 = ORIENTED_EDGE ( 'NONE', *, *, #7299, .T. ) ;
#2551 = EDGE_LOOP ( 'NONE', ( #5784, #5712, #4867, #4341 ) ) ;
#2552 = DIRECTION ( 'NONE',  ( -0.000000000000000000, 0.000000000000000000, 1.000000000000000000 ) ) ;
#2553 = PLANE ( 'NONE',  #12645 ) ;
#2554 = DIRECTION ( 'NONE',  ( -0.000000000000000000, -0.000000000000000000, -1.000000000000000000 ) ) ;
#2555 = ADVANCED_FACE ( 'NONE', ( #10240 ), #13395, .F. ) ;
#2556 = CARTESIAN_POINT ( 'NONE',  ( 173.2508079168549955, 93.26046697943779407, 8.800000000000000711 ) ) ;
#2557 = ORIENTED_EDGE ( 'NONE', *, *, #12559, .T. ) ;
#2558 = DIRECTION ( 'NONE',  ( -0.000000000000000000, -0.000000000000000000, -1.000000000000000000 ) ) ;
#2559 = ORIENTED_EDGE ( 'NONE', *, *, #3433, .F. ) ;
#2560 = CARTESIAN_POINT ( 'NONE',  ( 78.81811639599669661, 24.99111346065453176, 8.800000000000000711 ) ) ;
#2561 = DIRECTION ( 'NONE',  ( -1.000000000000000000, 0.000000000000000000, 0.000000000000000000 ) ) ;
#2562 = VERTEX_POINT ( 'NONE', #755 ) ;
#2563 = CARTESIAN_POINT ( 'NONE',  ( 81.03604971557493286, 51.91583020066806142, 10.40000000000000213 ) ) ;
#2564 = EDGE_CURVE ( 'NONE', #12229, #6102, #2672, .T. ) ;
#2565 = CYLINDRICAL_SURFACE ( 'NONE', #4970, 1.750000000000001554 ) ;
#2566 = ORIENTED_EDGE ( 'NONE', *, *, #13420, .T. ) ;
#2567 = CARTESIAN_POINT ( 'NONE',  ( 81.02043897411351736, 90.72411899924007628, 10.40000000000000213 ) ) ;
#2568 = AXIS2_PLACEMENT_3D ( 'NONE', #4631, #4502, #4353 ) ;
#2569 = CIRCLE ( 'NONE', #2822, 1.750000000000001554 ) ;
#2570 = AXIS2_PLACEMENT_3D ( 'NONE', #3588, #8036, #6714 ) ;
#2571 = ADVANCED_FACE ( 'NONE', ( #10991 ), #2877, .T. ) ;
#2572 = EDGE_CURVE ( 'NONE', #1926, #779, #4449, .T. ) ;
#2573 = FACE_OUTER_BOUND ( 'NONE', #8466, .T. ) ;
#2574 = ORIENTED_EDGE ( 'NONE', *, *, #2899, .T. ) ;
#2575 = DIRECTION ( 'NONE',  ( -0.000000000000000000, 0.000000000000000000, 1.000000000000000000 ) ) ;
#2576 = CARTESIAN_POINT ( 'NONE',  ( 43.36403200266500590, 133.7801504420406502, 10.00000000000000000 ) ) ;
#2577 = CARTESIAN_POINT ( 'NONE',  ( 92.55321194845042498, 86.83428515614535570, 8.800000000000000711 ) ) ;
#2578 = AXIS2_PLACEMENT_3D ( 'NONE', #6440, #12390, #9311 ) ;
#2579 = DIRECTION ( 'NONE',  ( -0.000000000000000000, -0.000000000000000000, -1.000000000000000000 ) ) ;
#2580 = EDGE_LOOP ( 'NONE', ( #10155, #6054, #10872, #3948 ) ) ;
#2581 = AXIS2_PLACEMENT_3D ( 'NONE', #4345, #7515, #12594 ) ;
#2582 = CARTESIAN_POINT ( 'NONE',  ( 190.0936175437515487, 0.000000000000000000, 4.400000000000001243 ) ) ;
#2583 = AXIS2_PLACEMENT_3D ( 'NONE', #6923, #2641, #8929 ) ;
#2584 = DIRECTION ( 'NONE',  ( 1.000000000000000000, 0.000000000000000000, 0.000000000000000000 ) ) ;
#2585 = EDGE_LOOP ( 'NONE', ( #5595, #6210, #3849, #5058 ) ) ;
#2586 = PLANE ( 'NONE',  #3092 ) ;
#2587 = EDGE_CURVE ( 'NONE', #10136, #9189, #4316, .T. ) ;
#2588 = DIRECTION ( 'NONE',  ( 1.000000000000000000, 0.000000000000000000, 0.000000000000000000 ) ) ;
#2589 = CARTESIAN_POINT ( 'NONE',  ( 78.81811639599669661, 24.99111346065453176, 10.00000000000000000 ) ) ;
#2590 = VECTOR ( 'NONE', #382, 1000.000000000000000 ) ;
#2591 = EDGE_CURVE ( 'NONE', #10512, #1644, #9657, .T. ) ;
#2592 = DIRECTION ( 'NONE',  ( 0.000000000000000000, 0.000000000000000000, 1.000000000000000000 ) ) ;
#2593 = VERTEX_POINT ( 'NONE', #1336 ) ;
#2594 = VECTOR ( 'NONE', #6252, 1000.000000000000000 ) ;
#2595 = CARTESIAN_POINT ( 'NONE',  ( 125.1962509126547332, 7.991974365494981747, 10.00000000000000000 ) ) ;
#2596 = CARTESIAN_POINT ( 'NONE',  ( 30.40638245624893798, 83.05906438913005729, 4.400000000000001243 ) ) ;
#2597 = DIRECTION ( 'NONE',  ( -0.000000000000000000, -0.000000000000000000, -1.000000000000000000 ) ) ;
#2598 = VECTOR ( 'NONE', #3366, 1000.000000000000000 ) ;
#2599 = DIRECTION ( 'NONE',  ( -0.000000000000000000, -0.000000000000000000, -1.000000000000000000 ) ) ;
#2600 = AXIS2_PLACEMENT_3D ( 'NONE', #220, #9514, #11618 ) ;
#2601 = DIRECTION ( 'NONE',  ( -0.000000000000000000, 0.000000000000000000, 1.000000000000000000 ) ) ;
#2602 = VERTEX_POINT ( 'NONE', #10548 ) ;
#2603 = VERTEX_POINT ( 'NONE', #5469 ) ;
#2604 = EDGE_CURVE ( 'NONE', #72, #2473, #8267, .T. ) ;
#2605 = PLANE ( 'NONE',  #8735 ) ;
#2606 = EDGE_CURVE ( 'NONE', #9527, #2924, #3012, .T. ) ;
#2607 = DIRECTION ( 'NONE',  ( -0.000000000000000000, 0.000000000000000000, 1.000000000000000000 ) ) ;
#2608 = CARTESIAN_POINT ( 'NONE',  ( 42.85258495182370098, 9.196027637130681498, 8.800000000000000711 ) ) ;
#2609 = VERTEX_POINT ( 'NONE', #7620 ) ;
#2610 = DIRECTION ( 'NONE',  ( 1.000000000000000000, 0.000000000000000000, 0.000000000000000000 ) ) ;
#2611 = ORIENTED_EDGE ( 'NONE', *, *, #3645, .F. ) ;
#2612 = DIRECTION ( 'NONE',  ( -1.000000000000000000, 0.000000000000000000, 0.000000000000000000 ) ) ;
#2613 = ORIENTED_EDGE ( 'NONE', *, *, #9645, .F. ) ;
#2614 = DIRECTION ( 'NONE',  ( 1.000000000000000000, 0.000000000000000000, 0.000000000000000000 ) ) ;
#2615 = ORIENTED_EDGE ( 'NONE', *, *, #7309, .T. ) ;
#2616 = ORIENTED_EDGE ( 'NONE', *, *, #13465, .F. ) ;
#2617 = CARTESIAN_POINT ( 'NONE',  ( 172.4876398314652590, 22.29570046879387135, 8.800000000000000711 ) ) ;
#2618 = EDGE_CURVE ( 'NONE', #8143, #8511, #3319, .T. ) ;
#2620 = CARTESIAN_POINT ( 'NONE',  ( 190.9588390266749514, 24.74264681229800900, 10.40000000000000213 ) ) ;
#2619 = PLANE ( 'NONE',  #1048 ) ;
#2621 = VERTEX_POINT ( 'NONE', #9296 ) ;
#2622 = CARTESIAN_POINT ( 'NONE',  ( 20.17116097332560898, 28.60989453229145241, -55.14129099142832047 ) ) ;
#2623 = ORIENTED_EDGE ( 'NONE', *, *, #4011, .F. ) ;
#2624 = DIRECTION ( 'NONE',  ( 0.000000000000000000, 0.000000000000000000, -1.000000000000000000 ) ) ;
#2625 = CARTESIAN_POINT ( 'NONE',  ( 128.8596358462825719, 93.69416979933204459, 10.40000000000000213 ) ) ;
#2626 = CARTESIAN_POINT ( 'NONE',  ( 205.0000000000005684, 0.000000000000000000, 0.000000000000000000 ) ) ;
#2627 = CIRCLE ( 'NONE', #7414, 1.750000000000001554 ) ;
#2628 = VERTEX_POINT ( 'NONE', #2295 ) ;
#2629 = CARTESIAN_POINT ( 'NONE',  ( 76.91811639599669093, 142.0078835394621706, 10.00000000000000000 ) ) ;
#2630 = CARTESIAN_POINT ( 'NONE',  ( 197.3288390266748991, 82.80500000000019156, 0.000000000000000000 ) ) ;
#2631 = ORIENTED_EDGE ( 'NONE', *, *, #8751, .F. ) ;
#2632 = CARTESIAN_POINT ( 'NONE',  ( 94.45321194845044488, 86.83428515614535570, 0.000000000000000000 ) ) ;
#2633 = ADVANCED_FACE ( 'NONE', ( #1403 ), #8512, .F. ) ;
#2634 = DIRECTION ( 'NONE',  ( -0.000000000000000000, 0.000000000000000000, 1.000000000000000000 ) ) ;
#2635 = VERTEX_POINT ( 'NONE', #6426 ) ;
#2636 = VECTOR ( 'NONE', #8678, 1000.000000000000000 ) ;
#2637 = ORIENTED_EDGE ( 'NONE', *, *, #11914, .F. ) ;
#2638 = DIRECTION ( 'NONE',  ( -1.000000000000000000, 0.000000000000000000, 0.000000000000000000 ) ) ;
#2639 = DIRECTION ( 'NONE',  ( 1.000000000000000000, 0.000000000000000000, 0.000000000000000000 ) ) ;
#2640 = ORIENTED_EDGE ( 'NONE', *, *, #9907, .F. ) ;
#2641 = DIRECTION ( 'NONE',  ( -0.000000000000000000, 0.000000000000000000, 1.000000000000000000 ) ) ;
#2642 = EDGE_LOOP ( 'NONE', ( #7435, #8999, #3230, #9604 ) ) ;
#2643 = EDGE_CURVE ( 'NONE', #9392, #8903, #4375, .T. ) ;
#2644 = CARTESIAN_POINT ( 'NONE',  ( 150.2597551873219288, 128.5517170524556718, 8.800000000000000711 ) ) ;
#2645 = DIRECTION ( 'NONE',  ( -0.000000000000000000, -0.000000000000000000, -1.000000000000000000 ) ) ;
#2646 = FACE_OUTER_BOUND ( 'NONE', #1580, .T. ) ;
#2647 = LINE ( 'NONE', #9952, #8403 ) ;
#2648 = ORIENTED_EDGE ( 'NONE', *, *, #6038, .T. ) ;
#2649 = DIRECTION ( 'NONE',  ( -0.000000000000000000, 0.000000000000000000, 1.000000000000000000 ) ) ;
#2650 = ADVANCED_FACE ( 'NONE', ( #7166 ), #3261, .F. ) ;
#2651 = CARTESIAN_POINT ( 'NONE',  ( 81.00482823265210186, 129.5324077978120840, 10.40000000000000213 ) ) ;
#2652 = ORIENTED_EDGE ( 'NONE', *, *, #835, .T. ) ;
#2653 = LINE ( 'NONE', #11873, #12912 ) ;
#2654 = DIRECTION ( 'NONE',  ( -0.000000000000000000, -0.000000000000000000, -1.000000000000000000 ) ) ;
#2655 = AXIS2_PLACEMENT_3D ( 'NONE', #7430, #7489, #11596 ) ;
#2656 = FACE_OUTER_BOUND ( 'NONE', #6415, .T. ) ;
#2657 = EDGE_LOOP ( 'NONE', ( #2673, #6512, #8373, #12195 ) ) ;
#2658 = ADVANCED_FACE ( 'NONE', ( #246 ), #11795, .F. ) ;
#2659 = DIRECTION ( 'NONE',  ( -0.000000000000000000, -0.000000000000000000, -1.000000000000000000 ) ) ;
#2660 = CIRCLE ( 'NONE', #8113, 1.750000000000001554 ) ;
#2661 = DIRECTION ( 'NONE',  ( -0.000000000000000000, 0.000000000000000000, 1.000000000000000000 ) ) ;
#2662 = CARTESIAN_POINT ( 'NONE',  ( 205.0000000000004547, 82.80500000000019156, 10.00000000000000000 ) ) ;
#2663 = DIRECTION ( 'NONE',  ( 0.7071067811865240360, -0.7071067811865711095, 0.000000000000000000 ) ) ;
#2664 = EDGE_CURVE ( 'NONE', #6003, #12016, #11195, .T. ) ;
#2665 = DIRECTION ( 'NONE',  ( -0.000000000000000000, 0.000000000000000000, 1.000000000000000000 ) ) ;
#2666 = ORIENTED_EDGE ( 'NONE', *, *, #5069, .F. ) ;
#2667 = EDGE_CURVE ( 'NONE', #8710, #4372, #5522, .T. ) ;
#2668 = VERTEX_POINT ( 'NONE', #6560 ) ;
#2669 = LINE ( 'NONE', #10988, #222 ) ;
#2670 = FACE_OUTER_BOUND ( 'NONE', #3114, .T. ) ;
#2671 = ORIENTED_EDGE ( 'NONE', *, *, #13432, .T. ) ;
#2672 = LINE ( 'NONE', #6808, #8831 ) ;
#2673 = ORIENTED_EDGE ( 'NONE', *, *, #8571, .T. ) ;
#2674 = CARTESIAN_POINT ( 'NONE',  ( 191.9588390266749514, 124.7179551689040551, 9.400000000000000355 ) ) ;
#2675 = CARTESIAN_POINT ( 'NONE',  ( 187.0936175437515487, 28.60989453229146662, 7.400000000000003908 ) ) ;
#2676 = EDGE_CURVE ( 'NONE', #12414, #3025, #3364, .T. ) ;
#2677 = ORIENTED_EDGE ( 'NONE', *, *, #7012, .T. ) ;
#2678 = EDGE_CURVE ( 'NONE', #8176, #2061, #7297, .T. ) ;
#2679 = PLANE ( 'NONE',  #8807 ) ;
#2680 = CARTESIAN_POINT ( 'NONE',  ( 172.7127247140765007, 138.8970351559032963, 10.00000000000000000 ) ) ;
#2681 = VERTEX_POINT ( 'NONE', #7417 ) ;
#2682 = CIRCLE ( 'NONE', #7902, 1.750000000000001554 ) ;
#2683 = ORIENTED_EDGE ( 'NONE', *, *, #5406, .F. ) ;
#2685 = DIRECTION ( 'NONE',  ( -0.000000000000000000, 0.000000000000000000, 1.000000000000000000 ) ) ;
#2684 = LINE ( 'NONE', #3949, #7363 ) ;
#2686 = VERTEX_POINT ( 'NONE', #9542 ) ;
#2687 = EDGE_LOOP ( 'NONE', ( #2769, #7150 ) ) ;
#2688 = AXIS2_PLACEMENT_3D ( 'NONE', #4318, #1141, #10358 ) ;
#2689 = DIRECTION ( 'NONE',  ( 1.000000000000000000, 0.000000000000000000, 0.000000000000000000 ) ) ;
#2690 = ADVANCED_FACE ( 'NONE', ( #6708 ), #8924, .F. ) ;
#2691 = VERTEX_POINT ( 'NONE', #2700 ) ;
#2692 = ADVANCED_FACE ( 'NONE', ( #9807 ), #3159, .T. ) ;
#2693 = CARTESIAN_POINT ( 'NONE',  ( 45.11403200266500590, 55.61338254596925168, 0.000000000000000000 ) ) ;
#2694 = LINE ( 'NONE', #4646, #10734 ) ;
#2695 = DIRECTION ( 'NONE',  ( -0.000000000000000000, 0.000000000000000000, 1.000000000000000000 ) ) ;
#2696 = CIRCLE ( 'NONE', #4401, 7.000000000000006217 ) ;
#2697 = VERTEX_POINT ( 'NONE', #657 ) ;
#2698 = CONICAL_SURFACE ( 'NONE', #12526, 7.649999999999989697, 0.7853981633974491672 ) ;
#2699 = ORIENTED_EDGE ( 'NONE', *, *, #3360, .T. ) ;
#2700 = CARTESIAN_POINT ( 'NONE',  ( 25.54116097332608959, 20.89204483109605803, 8.800000000000000711 ) ) ;
#2701 = CARTESIAN_POINT ( 'NONE',  ( 173.9847909204245298, 51.95728901540780242, 0.000000000000000000 ) ) ;
#2702 = ORIENTED_EDGE ( 'NONE', *, *, #1938, .F. ) ;
#2703 = ADVANCED_FACE ( 'NONE', ( #7950 ), #5884, .F. ) ;
#2704 = AXIS2_PLACEMENT_3D ( 'NONE', #7771, #6726, #10907 ) ;
#2705 = DIRECTION ( 'NONE',  ( -1.000000000000000000, 0.000000000000000000, 0.000000000000000000 ) ) ;
#2706 = CIRCLE ( 'NONE', #11219, 1.750000000000001554 ) ;
#2707 = ORIENTED_EDGE ( 'NONE', *, *, #4812, .T. ) ;
#2708 = FACE_OUTER_BOUND ( 'NONE', #1817, .T. ) ;
#2709 = DIRECTION ( 'NONE',  ( 1.000000000000000000, 0.000000000000000000, 0.000000000000000000 ) ) ;
#2710 = DIRECTION ( 'NONE',  ( -0.000000000000000000, 0.000000000000000000, 1.000000000000000000 ) ) ;
#2711 = DIRECTION ( 'NONE',  ( 1.000000000000000000, 0.000000000000000000, 0.000000000000000000 ) ) ;
#2712 = EDGE_LOOP ( 'NONE', ( #6861, #11415, #5447, #13244, #417, #11525, #4574, #12040, #649, #10738, #735, #3706, #7372, #4577, #10257, #359, #6481, #8283 ) ) ;
#2713 = ORIENTED_EDGE ( 'NONE', *, *, #6556, .T. ) ;
#2714 = CARTESIAN_POINT ( 'NONE',  ( 42.85258495182370098, 131.3036457082470179, 8.800000000000000711 ) ) ;
#2715 = LINE ( 'NONE', #530, #1669 ) ;
#2716 = VECTOR ( 'NONE', #7846, 1000.000000000000000 ) ;
#2717 = ORIENTED_EDGE ( 'NONE', *, *, #6911, .F. ) ;
#2718 = CIRCLE ( 'NONE', #533, 1.900000000000012790 ) ;
#2719 = LINE ( 'NONE', #7898, #12830 ) ;
#2720 = CIRCLE ( 'NONE', #6177, 1.750000000000001554 ) ;
#2721 = LINE ( 'NONE', #5768, #10331 ) ;
#2722 = EDGE_LOOP ( 'NONE', ( #670, #11024 ) ) ;
#2723 = ADVANCED_FACE ( 'NONE', ( #2501 ), #7682, .F. ) ;
#2724 = VECTOR ( 'NONE', #5025, 1000.000000000000000 ) ;
#2725 = CARTESIAN_POINT ( 'NONE',  ( 200.5000000000004547, 153.0000000000004547, 1.500000000000000444 ) ) ;
#2726 = DIRECTION ( 'NONE',  ( 1.000000000000000000, 0.000000000000000000, 0.000000000000000000 ) ) ;
#2727 = CIRCLE ( 'NONE', #773, 1.900000000000012790 ) ;
#2728 = CYLINDRICAL_SURFACE ( 'NONE', #2778, 2.700000000000008171 ) ;
#2729 = AXIS2_PLACEMENT_3D ( 'NONE', #4098, #11225, #9243 ) ;
#2730 = CARTESIAN_POINT ( 'NONE',  ( 46.86403200266500590, 11.86983023117878666, 8.800000000000000711 ) ) ;
#2731 = CARTESIAN_POINT ( 'NONE',  ( 200.5000000000003695, -7.390000000000313207, 1.500000000000000444 ) ) ;
#2732 = LINE ( 'NONE', #13063, #3070 ) ;
#2733 = CARTESIAN_POINT ( 'NONE',  ( 176.4879805785753035, 126.1960381709627512, 8.800000000000000711 ) ) ;
#2734 = ORIENTED_EDGE ( 'NONE', *, *, #12277, .F. ) ;
#2735 = ORIENTED_EDGE ( 'NONE', *, *, #1595, .T. ) ;
#2736 = CARTESIAN_POINT ( 'NONE',  ( 26.54116097332609669, 0.000000000000000000, 10.40000000000000213 ) ) ;
#2737 = CARTESIAN_POINT ( 'NONE',  ( 32.40638245624896996, 59.70033362966805157, 9.399999999999998579 ) ) ;
#2738 = CIRCLE ( 'NONE', #8835, 1.900000000000012790 ) ;
#2739 = VERTEX_POINT ( 'NONE', #11028 ) ;
#2740 = DIRECTION ( 'NONE',  ( -0.000000000000000000, -0.000000000000000000, -1.000000000000000000 ) ) ;
#2741 = ADVANCED_FACE ( 'NONE', ( #13035 ), #3578, .F. ) ;
#2742 = VERTEX_POINT ( 'NONE', #7882 ) ;
#2743 = ADVANCED_FACE ( 'NONE', ( #591 ), #8985, .F. ) ;
#2744 = DIRECTION ( 'NONE',  ( 1.000000000000000000, 0.000000000000000000, 0.000000000000000000 ) ) ;
#2745 = ORIENTED_EDGE ( 'NONE', *, *, #5380, .T. ) ;
#2746 = VECTOR ( 'NONE', #10744, 1000.000000000000000 ) ;
#2747 = DIRECTION ( 'NONE',  ( -0.000000000000000000, -0.000000000000000000, -1.000000000000000000 ) ) ;
#2748 = PRODUCT_CONTEXT ( 'NONE', #6203, 'mechanical' ) ;
#2749 = CARTESIAN_POINT ( 'NONE',  ( 44.36851964925642022, 15.19356484821634545, 0.000000000000000000 ) ) ;
#2750 = CARTESIAN_POINT ( 'NONE',  ( 53.43081683830543227, 110.1681598252935999, 9.400000000000002132 ) ) ;
#2751 = FACE_OUTER_BOUND ( 'NONE', #5728, .T. ) ;
#2752 = ORIENTED_EDGE ( 'NONE', *, *, #13096, .T. ) ;
#2753 = VERTEX_POINT ( 'NONE', #4658 ) ;
#2755 = CARTESIAN_POINT ( 'NONE',  ( 17.00000000000000000, 153.0000000000004547, 10.00000000000000000 ) ) ;
#2754 = DIRECTION ( 'NONE',  ( -1.000000000000000000, 0.000000000000000000, 0.000000000000000000 ) ) ;
#2756 = ORIENTED_EDGE ( 'NONE', *, *, #11609, .T. ) ;
#2757 = EDGE_CURVE ( 'NONE', #9018, #7634, #2773, .T. ) ;
#2758 = EDGE_LOOP ( 'NONE', ( #1196, #7879 ) ) ;
#2759 = ADVANCED_FACE ( 'NONE', ( #13160 ), #12139, .F. ) ;
#2760 = DIRECTION ( 'NONE',  ( -0.000000000000000000, 0.000000000000000000, 1.000000000000000000 ) ) ;
#2761 = ORIENTED_EDGE ( 'NONE', *, *, #8, .F. ) ;
#2762 = FILL_AREA_STYLE_COLOUR ( '', #777 ) ;
#2763 = CARTESIAN_POINT ( 'NONE',  ( 67.45833726339711234, 56.04032460332424392, 10.00000000000000000 ) ) ;
#2764 = CIRCLE ( 'NONE', #145, 1.900000000000012790 ) ;
#2765 = VERTEX_POINT ( 'NONE', #9869 ) ;
#2766 = ORIENTED_EDGE ( 'NONE', *, *, #1550, .T. ) ;
#2767 = AXIS2_PLACEMENT_3D ( 'NONE', #10218, #6851, #13306 ) ;
#2768 = CARTESIAN_POINT ( 'NONE',  ( 10.00000000000000711, 129.3050000000002058, 10.00000000000000000 ) ) ;
#2769 = ORIENTED_EDGE ( 'NONE', *, *, #2346, .T. ) ;
#2770 = EDGE_CURVE ( 'NONE', #9379, #1309, #740, .T. ) ;
#2771 = ORIENTED_EDGE ( 'NONE', *, *, #11834, .F. ) ;
#2772 = EDGE_CURVE ( 'NONE', #13378, #928, #6589, .T. ) ;
#2773 = LINE ( 'NONE', #5615, #7271 ) ;
#2774 = LINE ( 'NONE', #10076, #7049 ) ;
#2775 = CIRCLE ( 'NONE', #11494, 2.700000000000001066 ) ;
#2776 = CARTESIAN_POINT ( 'NONE',  ( 25.34116097332609385, 82.80500000000016314, 4.400000000000001243 ) ) ;
#2777 = ORIENTED_EDGE ( 'NONE', *, *, #4495, .T. ) ;
#2778 = AXIS2_PLACEMENT_3D ( 'NONE', #6868, #11050, #1706 ) ;
#2779 = CARTESIAN_POINT ( 'NONE',  ( 83.14083265857169636, 0.7544085079435802754, 10.00000000000000000 ) ) ;
#2780 = VERTEX_POINT ( 'NONE', #7752 ) ;
#2781 = CARTESIAN_POINT ( 'NONE',  ( 20.17116097332560898, 28.60989453229145241, 10.00000000000000000 ) ) ;
#2782 = CARTESIAN_POINT ( 'NONE',  ( 205.0000000000004547, 28.60989453229147017, 10.00000000000000000 ) ) ;
#2783 = DIRECTION ( 'NONE',  ( -0.000000000000000000, 0.000000000000000000, 1.000000000000000000 ) ) ;
#2784 = FACE_OUTER_BOUND ( 'NONE', #7563, .T. ) ;
#2785 = VERTEX_POINT ( 'NONE', #6773 ) ;
#2786 = VERTEX_POINT ( 'NONE', #8716 ) ;
#2787 = DIRECTION ( 'NONE',  ( 1.000000000000000000, 0.000000000000000000, 0.000000000000000000 ) ) ;
#2788 = AXIS2_PLACEMENT_3D ( 'NONE', #7802, #2475, #11980 ) ;
#2789 = DIRECTION ( 'NONE',  ( -0.7071067811865480168, 0.7071067811865470176, 0.000000000000000000 ) ) ;
#2790 = ORIENTED_EDGE ( 'NONE', *, *, #6076, .F. ) ;
#2791 = AXIS2_PLACEMENT_3D ( 'NONE', #511, #12888, #2498 ) ;
#2792 = DIRECTION ( 'NONE',  ( 0.7071039827808559552, -0.7071095795811642715, 0.000000000000000000 ) ) ;
#2793 = ADVANCED_FACE ( 'NONE', ( #11925 ), #8779, .F. ) ;
#2794 = AXIS2_PLACEMENT_3D ( 'NONE', #12220, #1485, #1686 ) ;
#2795 = CARTESIAN_POINT ( 'NONE',  ( 81.20734701375181430, 39.62327421210908085, 8.800000000000000711 ) ) ;
#2796 = CARTESIAN_POINT ( 'NONE',  ( 41.78689018271332145, 59.70033362966805157, 9.400000000000000355 ) ) ;
#2797 = VERTEX_POINT ( 'NONE', #1544 ) ;
#2798 = AXIS2_PLACEMENT_3D ( 'NONE', #401, #2654, #8941 ) ;
#2799 = CIRCLE ( 'NONE', #1273, 1.750000000000001554 ) ;
#2800 = DIRECTION ( 'NONE',  ( -1.000000000000000000, 0.000000000000000000, 0.000000000000000000 ) ) ;
#2801 = VECTOR ( 'NONE', #3069, 1000.000000000000000 ) ;
#2802 = CARTESIAN_POINT ( 'NONE',  ( 31.80638245624896498, 83.05906438913005729, 8.800000000000000711 ) ) ;
#2803 = CARTESIAN_POINT ( 'NONE',  ( 42.86730598147647697, 97.12233422291699014, 10.00000000000000000 ) ) ;
#2804 = DIRECTION ( 'NONE',  ( -0.000000000000000000, 0.000000000000000000, 1.000000000000000000 ) ) ;
#2805 = ORIENTED_EDGE ( 'NONE', *, *, #5859, .F. ) ;
#2806 = VERTEX_POINT ( 'NONE', #1605 ) ;
#2808 = EDGE_CURVE ( 'NONE', #12798, #3842, #5498, .T. ) ;
#2807 = CIRCLE ( 'NONE', #6703, 1.750000000000001554 ) ;
#2809 = DIRECTION ( 'NONE',  ( -0.000000000000000000, -0.000000000000000000, -1.000000000000000000 ) ) ;
#2810 = FACE_OUTER_BOUND ( 'NONE', #7630, .T. ) ;
#2811 = VERTEX_POINT ( 'NONE', #6842 ) ;
#2812 = CARTESIAN_POINT ( 'NONE',  ( 44.60258495182370098, 136.4729333453784932, 0.000000000000000000 ) ) ;
#2813 = DIRECTION ( 'NONE',  ( -0.000000000000000000, -0.000000000000000000, -1.000000000000000000 ) ) ;
#2814 = AXIS2_PLACEMENT_3D ( 'NONE', #8492, #12671, #4104 ) ;
#2815 = ORIENTED_EDGE ( 'NONE', *, *, #8316, .T. ) ;
#2816 = VECTOR ( 'NONE', #12598, 1000.000000000000000 ) ;
#2817 = DIRECTION ( 'NONE',  ( -0.000000000000000000, -0.000000000000000000, -1.000000000000000000 ) ) ;
#2818 = DIRECTION ( 'NONE',  ( -1.000000000000000000, 0.000000000000000000, -0.000000000000000000 ) ) ;
#2819 = DIRECTION ( 'NONE',  ( 1.000000000000000000, 0.000000000000000000, 0.000000000000000000 ) ) ;
#2820 = CARTESIAN_POINT ( 'NONE',  ( 17.00000000000000000, 153.0000000000004547, 7.000000000000000000 ) ) ;
#2821 = EDGE_CURVE ( 'NONE', #939, #12670, #1679, .T. ) ;
#2822 = AXIS2_PLACEMENT_3D ( 'NONE', #6077, #12461, #4220 ) ;
#2823 = CARTESIAN_POINT ( 'NONE',  ( 174.5673879116660885, 87.21061876881715591, 10.00000000000000000 ) ) ;
#2824 = ORIENTED_EDGE ( 'NONE', *, *, #12893, .F. ) ;
#2825 = ORIENTED_EDGE ( 'NONE', *, *, #11198, .T. ) ;
#2826 = FACE_OUTER_BOUND ( 'NONE', #11089, .T. ) ;
#2827 = DIRECTION ( 'NONE',  ( -0.000000000000000000, -0.000000000000000000, -1.000000000000000000 ) ) ;
#2828 = CARTESIAN_POINT ( 'NONE',  ( 136.1762620681504927, 106.1427854106715074, 0.000000000000000000 ) ) ;
#2829 = ORIENTED_EDGE ( 'NONE', *, *, #6396, .F. ) ;
#2830 = DIRECTION ( 'NONE',  ( -1.000000000000000000, 0.000000000000000000, 0.000000000000000000 ) ) ;
#2831 = ORIENTED_EDGE ( 'NONE', *, *, #11464, .F. ) ;
#2832 = DIRECTION ( 'NONE',  ( 1.000000000000000000, 0.000000000000000000, 0.000000000000000000 ) ) ;
#2833 = DIRECTION ( 'NONE',  ( 1.000000000000000000, 0.000000000000000000, 0.000000000000000000 ) ) ;
#2834 = ORIENTED_EDGE ( 'NONE', *, *, #12206, .T. ) ;
#2835 = DIRECTION ( 'NONE',  ( 0.000000000000000000, 0.000000000000000000, -1.000000000000000000 ) ) ;
#2836 = EDGE_CURVE ( 'NONE', #11602, #10425, #9029, .T. ) ;
#2837 = VECTOR ( 'NONE', #2624, 1000.000000000000000 ) ;
#2838 = DIRECTION ( 'NONE',  ( 0.000000000000000000, 0.000000000000000000, -1.000000000000000000 ) ) ;
#2839 = PLANE ( 'NONE',  #6677 ) ;
#2840 = EDGE_CURVE ( 'NONE', #10232, #12786, #13, .T. ) ;
#2841 = ORIENTED_EDGE ( 'NONE', *, *, #1431, .T. ) ;
#2842 = EDGE_CURVE ( 'NONE', #10786, #13248, #2192, .T. ) ;
#2843 = ORIENTED_EDGE ( 'NONE', *, *, #7918, .T. ) ;
#2844 = DIRECTION ( 'NONE',  ( -0.000000000000000000, 0.000000000000000000, 1.000000000000000000 ) ) ;
#2845 = CARTESIAN_POINT ( 'NONE',  ( 149.9597551873219174, 50.50888774354142896, 10.00000000000000000 ) ) ;
#2846 = VECTOR ( 'NONE', #5591, 1000.000000000000000 ) ;
#2847 = DIRECTION ( 'NONE',  ( -1.000000000000000000, 0.000000000000000000, 0.000000000000000000 ) ) ;
#2848 = ORIENTED_EDGE ( 'NONE', *, *, #3333, .T. ) ;
#2849 = CARTESIAN_POINT ( 'NONE',  ( 172.4592763556042598, 56.02765497882714385, 10.00000000000000000 ) ) ;
#2850 = ORIENTED_EDGE ( 'NONE', *, *, #5935, .F. ) ;
#2851 = ADVANCED_FACE ( 'NONE', ( #4217 ), #11553, .F. ) ;
#2852 = DIRECTION ( 'NONE',  ( 0.7071039827808556222, -0.7071095795811647156, 0.000000000000000000 ) ) ;
#2853 = DIRECTION ( 'NONE',  ( -0.000000000000000000, 0.000000000000000000, 1.000000000000000000 ) ) ;
#2854 = CARTESIAN_POINT ( 'NONE',  ( 44.61730598147647697, 97.12233422291699014, 10.00000000000000000 ) ) ;
#2855 = EDGE_CURVE ( 'NONE', #6879, #8124, #10303, .T. ) ;
#2856 = LINE ( 'NONE', #7000, #2524 ) ;
#2857 = ORIENTED_EDGE ( 'NONE', *, *, #13484, .F. ) ;
#2858 = ORIENTED_EDGE ( 'NONE', *, *, #3604, .T. ) ;
#2859 = CIRCLE ( 'NONE', #4783, 1.900000000000012790 ) ;
#2860 = DIRECTION ( 'NONE',  ( 0.000000000000000000, 0.000000000000000000, 1.000000000000000000 ) ) ;
#2861 = FACE_OUTER_BOUND ( 'NONE', #13023, .T. ) ;
#2862 = ORIENTED_EDGE ( 'NONE', *, *, #10636, .T. ) ;
#2863 = FACE_OUTER_BOUND ( 'NONE', #23, .T. ) ;
#2864 = DIRECTION ( 'NONE',  ( 0.000000000000000000, 0.000000000000000000, -1.000000000000000000 ) ) ;
#2865 = CARTESIAN_POINT ( 'NONE',  ( 20.17116097332603175, 149.8940936094211054, 8.800000000000000711 ) ) ;
#2866 = AXIS2_PLACEMENT_3D ( 'NONE', #2803, #6945, #10236 ) ;
#2867 = EDGE_LOOP ( 'NONE', ( #2316, #9424 ) ) ;
#2868 = CARTESIAN_POINT ( 'NONE',  ( 69.35833726339713223, 56.04032460332424392, 8.800000000000000711 ) ) ;
#2869 = EDGE_CURVE ( 'NONE', #4326, #3307, #4198, .T. ) ;
#2870 = FACE_OUTER_BOUND ( 'NONE', #13065, .T. ) ;
#2871 = CARTESIAN_POINT ( 'NONE',  ( 92.40672948317448743, 137.9047134621627038, 10.00000000000000000 ) ) ;
#2872 = CYLINDRICAL_SURFACE ( 'NONE', #6520, 1.750000000000001554 ) ;
#2873 = CARTESIAN_POINT ( 'NONE',  ( 129.3155958739632467, 124.8090237033039358, 0.000000000000000000 ) ) ;
#2874 = ORIENTED_EDGE ( 'NONE', *, *, #4781, .T. ) ;
#2875 = VERTEX_POINT ( 'NONE', #3812 ) ;
#2876 = CARTESIAN_POINT ( 'NONE',  ( 172.9985405866029851, 14.69285506076201742, 8.800000000000000711 ) ) ;
#2877 = CYLINDRICAL_SURFACE ( 'NONE', #10342, 7.000000000000006217 ) ;
#2878 = EDGE_LOOP ( 'NONE', ( #10572, #8211, #889, #429 ) ) ;
#2879 = CARTESIAN_POINT ( 'NONE',  ( 127.0962509126547531, 7.991974365494981747, 8.800000000000000711 ) ) ;
#2880 = AXIS2_PLACEMENT_3D ( 'NONE', #9820, #4538, #3664 ) ;
#2881 = VERTEX_POINT ( 'NONE', #1781 ) ;
#2882 = EDGE_CURVE ( 'NONE', #7926, #3842, #5916, .T. ) ;
#2883 = CARTESIAN_POINT ( 'NONE',  ( 46.86403200266500590, 45.55398713153164891, 0.000000000000000000 ) ) ;
#2884 = DIRECTION ( 'NONE',  ( 0.000000000000000000, -1.000000000000000000, 0.000000000000000000 ) ) ;
#2885 = CARTESIAN_POINT ( 'NONE',  ( 136.7244221264163855, 81.91230903241692829, 0.000000000000000000 ) ) ;
#2886 = CARTESIAN_POINT ( 'NONE',  ( 197.3288390266748991, 82.80500000000019156, 9.000000000000001776 ) ) ;
#2887 = FACE_BOUND ( 'NONE', #4948, .T. ) ;
#2888 = VERTEX_POINT ( 'NONE', #2244 ) ;
#2889 = ORIENTED_EDGE ( 'NONE', *, *, #208, .F. ) ;
#2891 = DIRECTION ( 'NONE',  ( -0.000000000000000000, -0.000000000000000000, -1.000000000000000000 ) ) ;
#2890 = CARTESIAN_POINT ( 'NONE',  ( 69.35833726339713223, 56.04032460332424392, 8.800000000000000711 ) ) ;
#2892 = VERTEX_POINT ( 'NONE', #1227 ) ;
#2893 = CIRCLE ( 'NONE', #468, 1.900000000000012790 ) ;
#2894 = DIRECTION ( 'NONE',  ( 1.000000000000000000, 0.000000000000000000, 0.000000000000000000 ) ) ;
#2895 = ORIENTED_EDGE ( 'NONE', *, *, #11565, .T. ) ;
#2896 = DIRECTION ( 'NONE',  ( -0.000000000000000000, 0.000000000000000000, 1.000000000000000000 ) ) ;
#2897 = CARTESIAN_POINT ( 'NONE',  ( 41.11730598147647697, 48.02469477777533058, 10.00000000000000000 ) ) ;
#2898 = EDGE_LOOP ( 'NONE', ( #6898, #2079, #10510, #9173 ) ) ;
#2899 = EDGE_CURVE ( 'NONE', #8864, #7715, #7373, .T. ) ;
#2900 = CIRCLE ( 'NONE', #1147, 1.750000000000001554 ) ;
#2901 = DIRECTION ( 'NONE',  ( 0.000000000000000000, 0.000000000000000000, 1.000000000000000000 ) ) ;
#2902 = DIRECTION ( 'NONE',  ( -1.000000000000000000, 0.000000000000000000, -0.000000000000000000 ) ) ;
#2903 = ORIENTED_EDGE ( 'NONE', *, *, #11284, .F. ) ;
#2904 = ORIENTED_EDGE ( 'NONE', *, *, #7707, .T. ) ;
#2905 = DIRECTION ( 'NONE',  ( -1.000000000000000000, 0.000000000000000000, 0.000000000000000000 ) ) ;
#2906 = ORIENTED_EDGE ( 'NONE', *, *, #2048, .T. ) ;
#2907 = VERTEX_POINT ( 'NONE', #3335 ) ;
#2908 = CARTESIAN_POINT ( 'NONE',  ( 140.5244221264164253, 81.91230903241692829, 10.00000000000000000 ) ) ;
#2909 = CIRCLE ( 'NONE', #5278, 2.700000000000008171 ) ;
#2910 = EDGE_CURVE ( 'NONE', #4205, #2190, #4474, .T. ) ;
#2911 = DIRECTION ( 'NONE',  ( -0.000000000000000000, -0.000000000000000000, -1.000000000000000000 ) ) ;
#2912 = CARTESIAN_POINT ( 'NONE',  ( 136.5096358462825208, 93.69416979933204459, 10.40000000000000213 ) ) ;
#2913 = ORIENTED_EDGE ( 'NONE', *, *, #4452, .T. ) ;
#2914 = ADVANCED_FACE ( 'NONE', ( #5299 ), #10501, .F. ) ;
#2915 = EDGE_CURVE ( 'NONE', #9878, #7913, #77, .T. ) ;
#2916 = CARTESIAN_POINT ( 'NONE',  ( 0.000000000000000000, 120.8673531877020793, 10.40000000000000213 ) ) ;
#2917 = ORIENTED_EDGE ( 'NONE', *, *, #10742, .F. ) ;
#2918 = DIRECTION ( 'NONE',  ( -1.000000000000000000, 0.000000000000000000, 0.000000000000000000 ) ) ;
#2919 = PLANE ( 'NONE',  #8890 ) ;
#2920 = DIRECTION ( 'NONE',  ( -1.000000000000000000, 0.000000000000000000, 0.000000000000000000 ) ) ;
#2921 = VECTOR ( 'NONE', #644, 1000.000000000000114 ) ;
#2922 = CIRCLE ( 'NONE', #7044, 7.649999999999989697 ) ;
#2923 = DIRECTION ( 'NONE',  ( 1.000000000000000000, 0.000000000000000000, 0.000000000000000000 ) ) ;
#2924 = VERTEX_POINT ( 'NONE', #11540 ) ;
#2925 = VERTEX_POINT ( 'NONE', #5237 ) ;
#2926 = FACE_OUTER_BOUND ( 'NONE', #12046, .T. ) ;
#2927 = ORIENTED_EDGE ( 'NONE', *, *, #3684, .T. ) ;
#2928 = FACE_OUTER_BOUND ( 'NONE', #6429, .T. ) ;
#2929 = VECTOR ( 'NONE', #5947, 1000.000000000000000 ) ;
#2930 = EDGE_CURVE ( 'NONE', #9100, #1120, #3839, .T. ) ;
#2931 = DIRECTION ( 'NONE',  ( -1.000000000000000000, 0.000000000000000000, 0.000000000000000000 ) ) ;
#2932 = VECTOR ( 'NONE', #9171, 1000.000000000000114 ) ;
#2933 = TOROIDAL_SURFACE ( 'NONE', #523, 5.099999999999987210, 1.500000000000000000 ) ;
#2934 = ORIENTED_EDGE ( 'NONE', *, *, #13302, .F. ) ;
#2935 = FACE_OUTER_BOUND ( 'NONE', #1458, .T. ) ;
#2936 = VECTOR ( 'NONE', #9622, 1000.000000000000000 ) ;
#2937 = DIRECTION ( 'NONE',  ( -0.000000000000000000, -0.000000000000000000, -1.000000000000000000 ) ) ;
#2938 = DIRECTION ( 'NONE',  ( -0.000000000000000000, 0.000000000000000000, 1.000000000000000000 ) ) ;
#2939 = AXIS2_PLACEMENT_3D ( 'NONE', #6122, #4839, #968 ) ;
#2940 = DIRECTION ( 'NONE',  ( 1.000000000000000000, 0.000000000000000000, 0.000000000000000000 ) ) ;
#2941 = VERTEX_POINT ( 'NONE', #6444 ) ;
#2942 = AXIS2_PLACEMENT_3D ( 'NONE', #4712, #13089, #3761 ) ;
#2943 = ORIENTED_EDGE ( 'NONE', *, *, #769, .F. ) ;
#2944 = CARTESIAN_POINT ( 'NONE',  ( 174.2376398314652590, 22.29570046879387135, 8.800000000000000711 ) ) ;
#2945 = CARTESIAN_POINT ( 'NONE',  ( 45.11403200266500590, 45.55398713153164891, 0.000000000000000000 ) ) ;
#2946 = EDGE_CURVE ( 'NONE', #10512, #13129, #10375, .T. ) ;
#2947 = VERTEX_POINT ( 'NONE', #960 ) ;
#2948 = DIRECTION ( 'NONE',  ( 7.968624249359899058E-16, 1.000000000000000000, -0.000000000000000000 ) ) ;
#2949 = EDGE_CURVE ( 'NONE', #1618, #1684, #12446, .T. ) ;
#2950 = AXIS2_PLACEMENT_3D ( 'NONE', #1435, #546, #1359 ) ;
#2951 = CIRCLE ( 'NONE', #9495, 1.750000000000001554 ) ;
#2952 = VECTOR ( 'NONE', #12851, 1000.000000000000000 ) ;
#2953 = LINE ( 'NONE', #5179, #5807 ) ;
#2954 = CONICAL_SURFACE ( 'NONE', #7080, 7.649999999999989697, 0.7853981633974491672 ) ;
#2955 = EDGE_LOOP ( 'NONE', ( #10469, #3091, #10394, #1677, #7721, #1089, #7681, #5218, #5253, #6371, #10547, #1714, #4654 ) ) ;
#2956 = DIRECTION ( 'NONE',  ( 1.000000000000000000, 0.000000000000000000, 0.000000000000000000 ) ) ;
#2957 = FACE_OUTER_BOUND ( 'NONE', #12954, .T. ) ;
#2958 = LINE ( 'NONE', #2750, #1408 ) ;
#2959 = VECTOR ( 'NONE', #6027, 1000.000000000000000 ) ;
#2960 = FACE_BOUND ( 'NONE', #10454, .T. ) ;
#2961 = EDGE_LOOP ( 'NONE', ( #4604, #2756, #3402, #8299 ) ) ;
#2962 = AXIS2_PLACEMENT_3D ( 'NONE', #2288, #7411, #175 ) ;
#2963 = EDGE_LOOP ( 'NONE', ( #7389, #5231, #8655, #9669 ) ) ;
#2964 = DIRECTION ( 'NONE',  ( -0.000000000000000000, 0.000000000000000000, 1.000000000000000000 ) ) ;
#2965 = AXIS2_PLACEMENT_3D ( 'NONE', #4785, #9859, #3763 ) ;
#2966 = VERTEX_POINT ( 'NONE', #2111 ) ;
#2967 = CARTESIAN_POINT ( 'NONE',  ( 42.85258495182370098, 19.47317995467786389, 8.800000000000000711 ) ) ;
#2968 = LINE ( 'NONE', #9179, #9247 ) ;
#2969 = ORIENTED_EDGE ( 'NONE', *, *, #7220, .F. ) ;
#2970 = EDGE_CURVE ( 'NONE', #3830, #1885, #3080, .T. ) ;
#2971 = DIRECTION ( 'NONE',  ( 1.000000000000000000, 0.000000000000000000, 0.000000000000000000 ) ) ;
#2972 = AXIS2_PLACEMENT_3D ( 'NONE', #11887, #1712, #10782 ) ;
#2973 = CARTESIAN_POINT ( 'NONE',  ( 200.5000000000003695, -7.390000000000313207, 7.000000000000000000 ) ) ;
#2974 = VERTEX_POINT ( 'NONE', #12707 ) ;
#2975 = CARTESIAN_POINT ( 'NONE',  ( 20.17116097332603175, 149.8940936094211054, 8.800000000000000711 ) ) ;
#2976 = EDGE_LOOP ( 'NONE', ( #10306, #11298, #3214, #11577, #11384 ) ) ;
#2977 = EDGE_LOOP ( 'NONE', ( #10292, #12538, #4379, #12134 ) ) ;
#2978 = LINE ( 'NONE', #7946, #11289 ) ;
#2979 = VERTEX_POINT ( 'NONE', #6310 ) ;
#2980 = ORIENTED_EDGE ( 'NONE', *, *, #11084, .F. ) ;
#2981 = ADVANCED_FACE ( 'NONE', ( #9370 ), #4333, .F. ) ;
#2982 = DIRECTION ( 'NONE',  ( -0.000000000000000000, -0.000000000000000000, -1.000000000000000000 ) ) ;
#2983 = DIRECTION ( 'NONE',  ( -0.000000000000000000, -0.000000000000000000, -1.000000000000000000 ) ) ;
#2984 = ORIENTED_EDGE ( 'NONE', *, *, #10181, .T. ) ;
#2985 = VECTOR ( 'NONE', #12623, 1000.000000000000000 ) ;
#2986 = VERTEX_POINT ( 'NONE', #129 ) ;
#2987 = CARTESIAN_POINT ( 'NONE',  ( 81.03604971557493286, 51.91583020066806142, 10.40000000000000213 ) ) ;
#2988 = LINE ( 'NONE', #6220, #10726 ) ;
#2989 = CIRCLE ( 'NONE', #9727, 1.750000000000001554 ) ;
#2990 = CARTESIAN_POINT ( 'NONE',  ( 12.50000000000047429, -6.589452216822899722, 0.09862744719400329263 ) ) ;
#2991 = ORIENTED_EDGE ( 'NONE', *, *, #9782, .F. ) ;
#2992 = ORIENTED_EDGE ( 'NONE', *, *, #9443, .T. ) ;
#2993 = EDGE_CURVE ( 'NONE', #11107, #37, #6377, .T. ) ;
#2994 = FACE_OUTER_BOUND ( 'NONE', #6487, .T. ) ;
#2995 = LINE ( 'NONE', #7074, #2105 ) ;
#2996 = ORIENTED_EDGE ( 'NONE', *, *, #11819, .T. ) ;
#2997 = LINE ( 'NONE', #9081, #8254 ) ;
#2998 = EDGE_LOOP ( 'NONE', ( #10857, #7076, #13195, #8325 ) ) ;
#2999 = EDGE_CURVE ( 'NONE', #10638, #8719, #9238, .T. ) ;
#3001 = EDGE_CURVE ( 'NONE', #3806, #1528, #7709, .T. ) ;
#3000 = CIRCLE ( 'NONE', #3845, 1.750000000000001554 ) ;
#3002 = VERTEX_POINT ( 'NONE', #12647 ) ;
#3003 = DIRECTION ( 'NONE',  ( -0.000000000000000000, 0.000000000000000000, 1.000000000000000000 ) ) ;
#3004 = VECTOR ( 'NONE', #10817, 1000.000000000000000 ) ;
#3005 = CARTESIAN_POINT ( 'NONE',  ( 41.11730598147647697, 86.84976237332983828, 10.00000000000000000 ) ) ;
#3006 = ADVANCED_FACE ( 'NONE', ( #3278 ), #8531, .F. ) ;
#3007 = CARTESIAN_POINT ( 'NONE',  ( 176.2879805785753149, 48.38256379482365332, 0.000000000000000000 ) ) ;
#3008 = FACE_OUTER_BOUND ( 'NONE', #8455, .T. ) ;
#3009 = ORIENTED_EDGE ( 'NONE', *, *, #9014, .F. ) ;
#3010 = ORIENTED_EDGE ( 'NONE', *, *, #8149, .T. ) ;
#3011 = ADVANCED_FACE ( 'NONE', ( #3528 ), #5697, .F. ) ;
#3012 = LINE ( 'NONE', #10615, #10110 ) ;
#3013 = EDGE_CURVE ( 'NONE', #8936, #2603, #1164, .T. ) ;
#3014 = ORIENTED_EDGE ( 'NONE', *, *, #6132, .T. ) ;
#3015 = CIRCLE ( 'NONE', #2581, 1.750000000000001554 ) ;
#3016 = AXIS2_PLACEMENT_3D ( 'NONE', #10692, #4383, #12828 ) ;
#3017 = DIRECTION ( 'NONE',  ( -0.7071067811865475727, 0.000000000000000000, -0.7071067811865475727 ) ) ;
#3018 = ORIENTED_EDGE ( 'NONE', *, *, #13265, .T. ) ;
#3019 = LINE ( 'NONE', #6064, #5301 ) ;
#3020 = CARTESIAN_POINT ( 'NONE',  ( 172.4876398314652590, 17.14497833867034871, 8.800000000000000711 ) ) ;
#3021 = DIRECTION ( 'NONE',  ( 1.000000000000000000, 0.000000000000000000, 0.000000000000000000 ) ) ;
#3022 = ADVANCED_FACE ( 'NONE', ( #3668 ), #2381, .F. ) ;
#3023 = EDGE_CURVE ( 'NONE', #288, #2742, #12081, .T. ) ;
#3024 = FACE_BOUND ( 'NONE', #12393, .T. ) ;
#3025 = VERTEX_POINT ( 'NONE', #11947 ) ;
#3026 = ORIENTED_EDGE ( 'NONE', *, *, #5408, .F. ) ;
#3027 = VECTOR ( 'NONE', #12633, 1000.000000000000000 ) ;
#3028 = FACE_OUTER_BOUND ( 'NONE', #6229, .T. ) ;
#3029 = ORIENTED_EDGE ( 'NONE', *, *, #3189, .T. ) ;
#3030 = EDGE_LOOP ( 'NONE', ( #9152, #4516 ) ) ;
#3031 = DIRECTION ( 'NONE',  ( 1.000000000000000000, 0.000000000000000000, 0.000000000000000000 ) ) ;
#3032 = AXIS2_PLACEMENT_3D ( 'NONE', #10011, #9062, #658 ) ;
#3033 = CARTESIAN_POINT ( 'NONE',  ( 204.1000000000004491, 153.0000000000004547, 1.500000000000000444 ) ) ;
#3034 = CYLINDRICAL_SURFACE ( 'NONE', #9490, 1.900000000000012790 ) ;
#3035 = VERTEX_POINT ( 'NONE', #12021 ) ;
#3036 = VECTOR ( 'NONE', #7337, 1000.000000000000000 ) ;
#3037 = DIRECTION ( 'NONE',  ( 0.000000000000000000, 0.000000000000000000, -1.000000000000000000 ) ) ;
#3038 = DIRECTION ( 'NONE',  ( 1.000000000000000000, 0.000000000000000000, 0.000000000000000000 ) ) ;
#3039 = CYLINDRICAL_SURFACE ( 'NONE', #6570, 1.899999999999999023 ) ;
#3040 = ADVANCED_FACE ( 'NONE', ( #2656 ), #9619, .F. ) ;
#3041 = VERTEX_POINT ( 'NONE', #6509 ) ;
#3042 = CARTESIAN_POINT ( 'NONE',  ( 126.7267149358793148, 58.91592920418546697, 8.800000000000000711 ) ) ;
#3043 = ORIENTED_EDGE ( 'NONE', *, *, #8215, .T. ) ;
#3044 = EDGE_LOOP ( 'NONE', ( #4709, #5000, #4112, #219 ) ) ;
#3045 = DIRECTION ( 'NONE',  ( 0.000000000000000000, -1.000000000000000000, 0.000000000000000000 ) ) ;
#3046 = CARTESIAN_POINT ( 'NONE',  ( 173.2500054430789191, 91.45149578549951741, 10.00000000000000000 ) ) ;
#3047 = CARTESIAN_POINT ( 'NONE',  ( -1.063412749814442832E-14, 24.74264681229792728, 10.40000000000000213 ) ) ;
#3048 = AXIS2_PLACEMENT_3D ( 'NONE', #5732, #2411, #1459 ) ;
#3049 = DIRECTION ( 'NONE',  ( 1.000000000000000000, 0.000000000000000000, 0.000000000000000000 ) ) ;
#3050 = ORIENTED_EDGE ( 'NONE', *, *, #1238, .F. ) ;
#3051 = ORIENTED_EDGE ( 'NONE', *, *, #49, .F. ) ;
#3052 = LINE ( 'NONE', #5146, #4451 ) ;
#3053 = PLANE ( 'NONE',  #4842 ) ;
#3054 = EDGE_CURVE ( 'NONE', #7529, #3915, #2696, .T. ) ;
#3055 = DIRECTION ( 'NONE',  ( -0.000000000000000000, -0.000000000000000000, -1.000000000000000000 ) ) ;
#3056 = ORIENTED_EDGE ( 'NONE', *, *, #2667, .F. ) ;
#3057 = ORIENTED_EDGE ( 'NONE', *, *, #837, .F. ) ;
#3058 = CARTESIAN_POINT ( 'NONE',  ( 20.60000000000004405, -7.390000000000534364, 1.500000000000000444 ) ) ;
#3059 = DIRECTION ( 'NONE',  ( -0.000000000000000000, 0.000000000000000000, 1.000000000000000000 ) ) ;
#3060 = ORIENTED_EDGE ( 'NONE', *, *, #13355, .T. ) ;
#3061 = AXIS2_PLACEMENT_3D ( 'NONE', #13392, #4005, #57 ) ;
#3062 = DIRECTION ( 'NONE',  ( -0.000000000000000000, -0.000000000000000000, -1.000000000000000000 ) ) ;
#3063 = ORIENTED_EDGE ( 'NONE', *, *, #5976, .T. ) ;
#3064 = CARTESIAN_POINT ( 'NONE',  ( 89.65482823265205070, 129.5324077978120840, 9.400000000000041211 ) ) ;
#3065 = DIRECTION ( 'NONE',  ( 1.000000000000000000, -0.000000000000000000, -0.000000000000000000 ) ) ;
#3066 = DIRECTION ( 'NONE',  ( 1.000000000000000000, 0.000000000000000000, 0.000000000000000000 ) ) ;
#3067 = EDGE_CURVE ( 'NONE', #3637, #3312, #7638, .T. ) ;
#3068 = VERTEX_POINT ( 'NONE', #1502 ) ;
#3069 = DIRECTION ( 'NONE',  ( -0.000000000000000000, -0.000000000000000000, -1.000000000000000000 ) ) ;
#3070 = VECTOR ( 'NONE', #11886, 1000.000000000000000 ) ;
#3071 = FACE_OUTER_BOUND ( 'NONE', #10050, .T. ) ;
#3072 = EDGE_CURVE ( 'NONE', #802, #7242, #12909, .T. ) ;
#3073 = CARTESIAN_POINT ( 'NONE',  ( 191.9588390266749514, 85.90966637033203313, 10.40000000000000213 ) ) ;
#3074 = VERTEX_POINT ( 'NONE', #8871 ) ;
#3075 = CYLINDRICAL_SURFACE ( 'NONE', #6985, 1.900000000000012790 ) ;
#3076 = DIRECTION ( 'NONE',  ( -0.000000000000000000, -0.000000000000000000, -1.000000000000000000 ) ) ;
#3077 = VERTEX_POINT ( 'NONE', #5488 ) ;
#3078 = ORIENTED_EDGE ( 'NONE', *, *, #5684, .F. ) ;
#3079 = ORIENTED_EDGE ( 'NONE', *, *, #2241, .T. ) ;
#3080 = LINE ( 'NONE', #10568, #2252 ) ;
#3081 = ADVANCED_FACE ( 'NONE', ( #13051 ), #465, .F. ) ;
#3082 = DIRECTION ( 'NONE',  ( -0.000000000000000000, 0.000000000000000000, 1.000000000000000000 ) ) ;
#3083 = ORIENTED_EDGE ( 'NONE', *, *, #10507, .F. ) ;
#3084 = EDGE_CURVE ( 'NONE', #9785, #2304, #4680, .T. ) ;
#3085 = DIRECTION ( 'NONE',  ( -1.000000000000000000, 0.000000000000000000, 0.000000000000000000 ) ) ;
#3086 = DIRECTION ( 'NONE',  ( 1.000000000000000000, 0.000000000000000000, 0.000000000000000000 ) ) ;
#3087 = LINE ( 'NONE', #207, #8168 ) ;
#3088 = CARTESIAN_POINT ( 'NONE',  ( 67.45833726339711234, 95.27330718339189275, 10.00000000000000000 ) ) ;
#3089 = ORIENTED_EDGE ( 'NONE', *, *, #5442, .F. ) ;
#3090 = ORIENTED_EDGE ( 'NONE', *, *, #7309, .F. ) ;
#3091 = ORIENTED_EDGE ( 'NONE', *, *, #8650, .T. ) ;
#3092 = AXIS2_PLACEMENT_3D ( 'NONE', #6789, #3463, #1624 ) ;
#3093 = EDGE_CURVE ( 'NONE', #7130, #12196, #3466, .T. ) ;
#3094 = EDGE_CURVE ( 'NONE', #13327, #1964, #12732, .T. ) ;
#3095 = DIRECTION ( 'NONE',  ( -1.000000000000000000, 0.000000000000000000, 0.000000000000000000 ) ) ;
#3096 = ORIENTED_EDGE ( 'NONE', *, *, #4702, .T. ) ;
#3097 = DIRECTION ( 'NONE',  ( -1.000000000000000000, 0.000000000000000000, 0.000000000000000000 ) ) ;
#3098 = LINE ( 'NONE', #12333, #5700 ) ;
#3099 = AXIS2_PLACEMENT_3D ( 'NONE', #1486, #4530, #4458 ) ;
#3100 = EDGE_LOOP ( 'NONE', ( #4072, #2478 ) ) ;
#3101 = DIRECTION ( 'NONE',  ( 1.280354350088248533E-16, -1.000000000000000000, 0.000000000000000000 ) ) ;
#3102 = ORIENTED_EDGE ( 'NONE', *, *, #4075, .T. ) ;
#3103 = ORIENTED_EDGE ( 'NONE', *, *, #2606, .F. ) ;
#3104 = CARTESIAN_POINT ( 'NONE',  ( 148.0597551873219118, 11.65909888836609731, 8.800000000000000711 ) ) ;
#3105 = ADVANCED_FACE ( 'NONE', ( #10842 ), #291, .T. ) ;
#3106 = EDGE_CURVE ( 'NONE', #2256, #6010, #10703, .T. ) ;
#3107 = LINE ( 'NONE', #3046, #12202 ) ;
#3108 = DIRECTION ( 'NONE',  ( 1.000000000000000000, 0.000000000000000000, 0.000000000000000000 ) ) ;
#3109 = ORIENTED_EDGE ( 'NONE', *, *, #7825, .F. ) ;
#3110 = ORIENTED_EDGE ( 'NONE', *, *, #3266, .F. ) ;
#3111 = CARTESIAN_POINT ( 'NONE',  ( 44.36851964925642022, 15.19356484821634545, 8.800000000000000711 ) ) ;
#3112 = CYLINDRICAL_SURFACE ( 'NONE', #10513, 1.750000000000001554 ) ;
#3113 = LINE ( 'NONE', #13507, #2084 ) ;
#3114 = EDGE_LOOP ( 'NONE', ( #4351, #10649, #7420, #10867 ) ) ;
#3115 = DIRECTION ( 'NONE',  ( -1.000000000000000000, 0.000000000000000000, 0.000000000000000000 ) ) ;
#3116 = LINE ( 'NONE', #11576, #151 ) ;
#3117 = ORIENTED_EDGE ( 'NONE', *, *, #8961, .T. ) ;
#3118 = VECTOR ( 'NONE', #6700, 1000.000000000000000 ) ;
#3119 = CARTESIAN_POINT ( 'NONE',  ( 174.5379805785753149, 48.38256379482365332, 0.000000000000000000 ) ) ;
#3120 = ORIENTED_EDGE ( 'NONE', *, *, #11283, .T. ) ;
#3121 = DIRECTION ( 'NONE',  ( 1.000000000000000000, 0.000000000000000000, 0.000000000000000000 ) ) ;
#3122 = LINE ( 'NONE', #2092, #7262 ) ;
#3123 = EDGE_CURVE ( 'NONE', #7832, #2123, #1354, .T. ) ;
#3124 = CARTESIAN_POINT ( 'NONE',  ( 138.5492919255787285, 3.846501363067972079, 0.000000000000000000 ) ) ;
#3125 = EDGE_LOOP ( 'NONE', ( #8262, #6125, #5958, #9710, #4986, #5109, #2534, #13419, #625, #3932, #1790, #904 ) ) ;
#3126 = LINE ( 'NONE', #6108, #12192 ) ;
#3127 = VECTOR ( 'NONE', #6510, 1000.000000000000000 ) ;
#3128 = CARTESIAN_POINT ( 'NONE',  ( 187.0936175437515487, 28.60989453229146662, 4.400000000000001243 ) ) ;
#3129 = CARTESIAN_POINT ( 'NONE',  ( 90.69275623606895920, 47.62245696408325557, 10.00000000000000000 ) ) ;
#3130 = ORIENTED_EDGE ( 'NONE', *, *, #3067, .T. ) ;
#3131 = DIRECTION ( 'NONE',  ( 0.000000000000000000, 0.000000000000000000, -1.000000000000000000 ) ) ;
#3132 = CARTESIAN_POINT ( 'NONE',  ( 197.8000000000004377, -7.389999999999986358, 10.00000000000000000 ) ) ;
#3133 = CARTESIAN_POINT ( 'NONE',  ( 89.68604971557489591, 51.91583020066806142, 10.40000000000000213 ) ) ;
#3134 = ORIENTED_EDGE ( 'NONE', *, *, #1951, .F. ) ;
#3135 = LINE ( 'NONE', #10700, #5251 ) ;
#3136 = CIRCLE ( 'NONE', #10756, 1.750000000000001554 ) ;
#3137 = ORIENTED_EDGE ( 'NONE', *, *, #9854, .F. ) ;
#3138 = CARTESIAN_POINT ( 'NONE',  ( 205.0000000000004832, -8.989756436470599965, 0.03500950789805103852 ) ) ;
#3139 = EDGE_CURVE ( 'NONE', #10123, #37, #3349, .T. ) ;
#3140 = AXIS2_PLACEMENT_3D ( 'NONE', #4429, #6478, #11627 ) ;
#3141 = DIRECTION ( 'NONE',  ( -1.280354350088248533E-16, 1.000000000000000000, 0.000000000000000000 ) ) ;
#3142 = ORIENTED_EDGE ( 'NONE', *, *, #13523, .T. ) ;
#3143 = CIRCLE ( 'NONE', #8594, 8.649999999999963052 ) ;
#3144 = VECTOR ( 'NONE', #1462, 999.9999999999998863 ) ;
#3145 = DIRECTION ( 'NONE',  ( -0.000000000000000000, 0.000000000000000000, 1.000000000000000000 ) ) ;
#3146 = DIRECTION ( 'NONE',  ( 0.000000000000000000, 1.000000000000000000, 0.000000000000000000 ) ) ;
#3147 = DIRECTION ( 'NONE',  ( -0.7071067811865571207, -1.273712986692167234E-16, 0.7071067811865379138 ) ) ;
#3148 = VERTEX_POINT ( 'NONE', #1558 ) ;
#3149 = EDGE_CURVE ( 'NONE', #1587, #446, #1626, .T. ) ;
#3150 = FACE_BOUND ( 'NONE', #10435, .T. ) ;
#3151 = AXIS2_PLACEMENT_3D ( 'NONE', #12249, #12312, #4083 ) ;
#3152 = ORIENTED_EDGE ( 'NONE', *, *, #2770, .T. ) ;
#3153 = AXIS2_PLACEMENT_3D ( 'NONE', #804, #4950, #13312 ) ;
#3154 = ORIENTED_EDGE ( 'NONE', *, *, #6443, .F. ) ;
#3155 = DIRECTION ( 'NONE',  ( 1.801302180350779826E-16, -1.000000000000000000, 0.000000000000000000 ) ) ;
#3156 = EDGE_CURVE ( 'NONE', #7498, #7832, #13179, .T. ) ;
#3157 = ADVANCED_FACE ( 'NONE', ( #13319 ), #5903, .T. ) ;
#3158 = AXIS2_PLACEMENT_3D ( 'NONE', #1043, #8333, #2249 ) ;
#3159 = CONICAL_SURFACE ( 'NONE', #10777, 7.649999999999989697, 0.7853981633974491672 ) ;
#3160 = LINE ( 'NONE', #10322, #8019 ) ;
#3161 = ORIENTED_EDGE ( 'NONE', *, *, #10003, .F. ) ;
#3162 = AXIS2_PLACEMENT_3D ( 'NONE', #1904, #10295, #8053 ) ;
#3163 = VECTOR ( 'NONE', #4302, 1000.000000000000114 ) ;
#3164 = CARTESIAN_POINT ( 'NONE',  ( 45.11403200266500590, 50.66125931876361221, 0.000000000000000000 ) ) ;
#3165 = CARTESIAN_POINT ( 'NONE',  ( 80.71811639599671651, 24.99111346065453176, 0.000000000000000000 ) ) ;
#3166 = VECTOR ( 'NONE', #8482, 1000.000000000000000 ) ;
#3167 = ORIENTED_EDGE ( 'NONE', *, *, #5001, .F. ) ;
#3168 = EDGE_CURVE ( 'NONE', #1956, #10614, #2721, .T. ) ;
#3169 = DIRECTION ( 'NONE',  ( -0.000000000000000000, 0.000000000000000000, 1.000000000000000000 ) ) ;
#3170 = ORIENTED_EDGE ( 'NONE', *, *, #9406, .T. ) ;
#3171 = LINE ( 'NONE', #8490, #6606 ) ;
#3172 = EDGE_LOOP ( 'NONE', ( #2611, #8199, #12726, #7478 ) ) ;
#3173 = EDGE_CURVE ( 'NONE', #6856, #7740, #6828, .T. ) ;
#3174 = VECTOR ( 'NONE', #8584, 1000.000000000000000 ) ;
#3175 = DIRECTION ( 'NONE',  ( -0.000000000000000000, 0.000000000000000000, 1.000000000000000000 ) ) ;
#3176 = CIRCLE ( 'NONE', #12567, 1.750000000000001554 ) ;
#3177 = CARTESIAN_POINT ( 'NONE',  ( 88.60672948317446185, 137.9047134621627038, 10.00000000000000000 ) ) ;
#3178 = CARTESIAN_POINT ( 'NONE',  ( 205.0000000000004547, -4.990000000000501146, 0.000000000000000000 ) ) ;
#3179 = DIRECTION ( 'NONE',  ( -1.000000000000000000, 0.000000000000000000, 0.000000000000000000 ) ) ;
#3180 = VERTEX_POINT ( 'NONE', #9960 ) ;
#3181 = VERTEX_POINT ( 'NONE', #10096 ) ;
#3182 = CARTESIAN_POINT ( 'NONE',  ( 136.5096358462825208, 93.69416979933204459, 10.40000000000000213 ) ) ;
#3183 = CARTESIAN_POINT ( 'NONE',  ( 45.11403200266500590, 45.55398713153164891, 10.00000000000000000 ) ) ;
#3184 = AXIS2_PLACEMENT_3D ( 'NONE', #8472, #9624, #10449 ) ;
#3185 = DIRECTION ( 'NONE',  ( 0.000000000000000000, 1.000000000000000000, 0.000000000000000000 ) ) ;
#3186 = ORIENTED_EDGE ( 'NONE', *, *, #4479, .F. ) ;
#3187 = EDGE_CURVE ( 'NONE', #3780, #12670, #1700, .T. ) ;
#3188 = CARTESIAN_POINT ( 'NONE',  ( 14.29999999999999893, 153.0000000000004547, 10.00000000000000000 ) ) ;
#3189 = EDGE_CURVE ( 'NONE', #9729, #2875, #6166, .T. ) ;
#3190 = FACE_OUTER_BOUND ( 'NONE', #2878, .T. ) ;
#3191 = ORIENTED_EDGE ( 'NONE', *, *, #5300, .F. ) ;
#3192 = DIRECTION ( 'NONE',  ( -1.000000000000000000, 0.000000000000000000, 0.000000000000000000 ) ) ;
#3193 = ORIENTED_EDGE ( 'NONE', *, *, #1158, .F. ) ;
#3194 = CARTESIAN_POINT ( 'NONE',  ( 196.9000000000004604, 153.0000000000004547, 7.000000000000000000 ) ) ;
#3195 = VECTOR ( 'NONE', #3804, 1000.000000000000114 ) ;
#3196 = CARTESIAN_POINT ( 'NONE',  ( 90.50672948317448174, 98.95013237564819519, 8.800000000000000711 ) ) ;
#3197 = ORIENTED_EDGE ( 'NONE', *, *, #7127, .F. ) ;
#3198 = CIRCLE ( 'NONE', #8872, 1.900000000000012790 ) ;
#3199 = DIRECTION ( 'NONE',  ( 1.000000000000000000, 0.000000000000000000, 0.000000000000000000 ) ) ;
#3200 = CYLINDRICAL_SURFACE ( 'NONE', #9628, 1.899999999999985034 ) ;
#3201 = CARTESIAN_POINT ( 'NONE',  ( 9.748121265352779119, -9.748121265352779119, 10.40000000000000213 ) ) ;
#3202 = ORIENTED_EDGE ( 'NONE', *, *, #13484, .T. ) ;
#3203 = CARTESIAN_POINT ( 'NONE',  ( 200.5000000000004547, 153.0000000000004547, 1.500000000000000444 ) ) ;
#3204 = ADVANCED_FACE ( 'NONE', ( #11047 ), #7008, .F. ) ;
#3205 = AXIS2_PLACEMENT_3D ( 'NONE', #5345, #8307, #7212 ) ;
#3206 = DIRECTION ( 'NONE',  ( -1.000000000000000000, 0.000000000000000000, 0.000000000000000000 ) ) ;
#3207 = ORIENTED_EDGE ( 'NONE', *, *, #9492, .T. ) ;
#3208 = LINE ( 'NONE', #8662, #11165 ) ;
#3209 = AXIS2_PLACEMENT_3D ( 'NONE', #12827, #3653, #9665 ) ;
#3210 = VERTEX_POINT ( 'NONE', #2795 ) ;
#3211 = CARTESIAN_POINT ( 'NONE',  ( 172.7127247140765007, 133.7887398999099275, 0.000000000000000000 ) ) ;
#3212 = CIRCLE ( 'NONE', #12379, 2.700000000000008171 ) ;
#3213 = DIRECTION ( 'NONE',  ( -0.000000000000000000, 0.000000000000000000, 1.000000000000000000 ) ) ;
#3214 = ORIENTED_EDGE ( 'NONE', *, *, #6361, .T. ) ;
#3215 = VECTOR ( 'NONE', #7904, 1000.000000000000000 ) ;
#3216 = DIRECTION ( 'NONE',  ( -0.000000000000000000, -0.000000000000000000, -1.000000000000000000 ) ) ;
#3217 = CARTESIAN_POINT ( 'NONE',  ( 148.0184687727378332, 113.0584495611069542, -1.959819114017527841 ) ) ;
#3218 = CARTESIAN_POINT ( 'NONE',  ( 20.17116097332560898, 82.80500000000016314, 0.000000000000000000 ) ) ;
#3219 = ADVANCED_FACE ( 'NONE', ( #9210 ), #12080, .F. ) ;
#3220 = FACE_BOUND ( 'NONE', #8044, .T. ) ;
#3221 = ORIENTED_EDGE ( 'NONE', *, *, #2915, .T. ) ;
#3222 = FACE_BOUND ( 'NONE', #7911, .T. ) ;
#3223 = AXIS2_PLACEMENT_3D ( 'NONE', #9922, #8140, #11213 ) ;
#3224 = ORIENTED_EDGE ( 'NONE', *, *, #7677, .F. ) ;
#3225 = AXIS2_PLACEMENT_3D ( 'NONE', #5034, #13470, #7235 ) ;
#3226 = EDGE_LOOP ( 'NONE', ( #10385, #2850 ) ) ;
#3227 = AXIS2_PLACEMENT_3D ( 'NONE', #3455, #7627, #8651 ) ;
#3228 = DIRECTION ( 'NONE',  ( -0.000000000000000000, -0.000000000000000000, -1.000000000000000000 ) ) ;
#3229 = EDGE_CURVE ( 'NONE', #2941, #9174, #8048, .T. ) ;
#3230 = ORIENTED_EDGE ( 'NONE', *, *, #4561, .F. ) ;
#3231 = DIRECTION ( 'NONE',  ( 1.000000000000000000, 0.000000000000000000, 0.000000000000000000 ) ) ;
#3232 = PLANE ( 'NONE',  #4903 ) ;
#3233 = VECTOR ( 'NONE', #12325, 1000.000000000000000 ) ;
#3234 = VECTOR ( 'NONE', #12826, 1000.000000000000000 ) ;
#3235 = EDGE_CURVE ( 'NONE', #8123, #1587, #13251, .T. ) ;
#3236 = EDGE_CURVE ( 'NONE', #12278, #5302, #10161, .T. ) ;
#3237 = ORIENTED_EDGE ( 'NONE', *, *, #8495, .F. ) ;
#3238 = DIRECTION ( 'NONE',  ( 1.000000000000000000, 0.000000000000000000, 0.000000000000000000 ) ) ;
#3239 = VERTEX_POINT ( 'NONE', #880 ) ;
#3240 = ORIENTED_EDGE ( 'NONE', *, *, #6646, .F. ) ;
#3241 = FACE_OUTER_BOUND ( 'NONE', #7966, .T. ) ;
#3242 = VECTOR ( 'NONE', #8356, 1000.000000000000000 ) ;
#3243 = DIRECTION ( 'NONE',  ( 1.000000000000000000, 0.000000000000000000, 0.000000000000000000 ) ) ;
#3244 = FACE_OUTER_BOUND ( 'NONE', #7892, .T. ) ;
#3245 = ADVANCED_FACE ( 'NONE', ( #809, #4811 ), #4958, .T. ) ;
#3246 = CARTESIAN_POINT ( 'NONE',  ( 42.86730598147647697, 86.84976237332983828, 0.000000000000000000 ) ) ;
#3247 = EDGE_LOOP ( 'NONE', ( #890, #6439, #2210, #11594, #5392, #5870, #11049, #11392, #10879, #12885, #449, #2702, #10686, #731, #11351, #158, #569, #10334 ) ) ;
#3248 = ORIENTED_EDGE ( 'NONE', *, *, #10660, .T. ) ;
#3249 = DIRECTION ( 'NONE',  ( -1.000000000000000000, 0.000000000000000000, 0.000000000000000000 ) ) ;
#3250 = FACE_OUTER_BOUND ( 'NONE', #6129, .T. ) ;
#3251 = AXIS2_PLACEMENT_3D ( 'NONE', #12529, #81, #5444 ) ;
#3252 = ADVANCED_FACE ( 'NONE', ( #610 ), #9149, .F. ) ;
#3253 = ADVANCED_FACE ( 'NONE', ( #8943 ), #3794, .F. ) ;
#3254 = CARTESIAN_POINT ( 'NONE',  ( 173.4279738388674446, 96.31118919937517830, 8.800000000000000711 ) ) ;
#3255 = ORIENTED_EDGE ( 'NONE', *, *, #1737, .T. ) ;
#3256 = CARTESIAN_POINT ( 'NONE',  ( -2.044805199486680714, 110.1682695986642102, 48.62726615495972027 ) ) ;
#3257 = DIRECTION ( 'NONE',  ( 1.000000000000000000, 0.000000000000000000, 0.000000000000000000 ) ) ;
#3258 = VERTEX_POINT ( 'NONE', #1898 ) ;
#3259 = CARTESIAN_POINT ( 'NONE',  ( 175.7587953791441464, 85.90966637033203313, 8.800000000000000711 ) ) ;
#3260 = ORIENTED_EDGE ( 'NONE', *, *, #10680, .T. ) ;
#3261 = PLANE ( 'NONE',  #12988 ) ;
#3262 = LINE ( 'NONE', #6356, #5720 ) ;
#3263 = DIRECTION ( 'NONE',  ( -0.000000000000000000, 0.000000000000000000, 1.000000000000000000 ) ) ;
#3264 = EDGE_CURVE ( 'NONE', #2780, #8578, #12978, .T. ) ;
#3265 = VERTEX_POINT ( 'NONE', #3621 ) ;
#3266 = EDGE_CURVE ( 'NONE', #10582, #12572, #3143, .T. ) ;
#3267 = CARTESIAN_POINT ( 'NONE',  ( 22.10000000000004761, -7.390000000000535252, 2.168404344971008868E-16 ) ) ;
#3268 = CARTESIAN_POINT ( 'NONE',  ( 172.7127247140765007, 128.8646821786008445, 10.00000000000000000 ) ) ;
#3269 = DIRECTION ( 'NONE',  ( -0.5773502691896209571, 0.5773502691896360561, -0.5773502691896201799 ) ) ;
#3270 = DIRECTION ( 'NONE',  ( -0.000000000000000000, 0.000000000000000000, 1.000000000000000000 ) ) ;
#3271 = ORIENTED_EDGE ( 'NONE', *, *, #4075, .F. ) ;
#3272 = VECTOR ( 'NONE', #286, 1000.000000000000000 ) ;
#3273 = CARTESIAN_POINT ( 'NONE',  ( 19.17116097332607083, 28.60989453229145241, 10.00000000000000000 ) ) ;
#3274 = DIRECTION ( 'NONE',  ( 0.7071067811865479058, -0.000000000000000000, 0.7071067811865470176 ) ) ;
#3275 = ORIENTED_EDGE ( 'NONE', *, *, #3586, .F. ) ;
#3276 = DIRECTION ( 'NONE',  ( -0.000000000000000000, 0.000000000000000000, 1.000000000000000000 ) ) ;
#3277 = CYLINDRICAL_SURFACE ( 'NONE', #7582, 1.750000000000001554 ) ;
#3278 = FACE_OUTER_BOUND ( 'NONE', #3347, .T. ) ;
#3279 = CIRCLE ( 'NONE', #10897, 1.750000000000001554 ) ;
#3280 = EDGE_CURVE ( 'NONE', #9294, #8920, #357, .T. ) ;
#3281 = EDGE_LOOP ( 'NONE', ( #7619, #7703, #13158, #5267, #9732 ) ) ;
#3282 = DIRECTION ( 'NONE',  ( -1.000000000000000000, 0.000000000000000000, 0.000000000000000000 ) ) ;
#3283 = CARTESIAN_POINT ( 'NONE',  ( 83.14083265857169636, 0.7544085079435802754, 10.00000000000000000 ) ) ;
#3284 = CARTESIAN_POINT ( 'NONE',  ( -5.719366779482737861, 5.719366779482631280, 4.400000000000001243 ) ) ;
#3285 = FACE_BOUND ( 'NONE', #6273, .T. ) ;
#3286 = ORIENTED_EDGE ( 'NONE', *, *, #8241, .F. ) ;
#3287 = CIRCLE ( 'NONE', #1975, 1.750000000000001554 ) ;
#3288 = VERTEX_POINT ( 'NONE', #9983 ) ;
#3289 = VERTEX_POINT ( 'NONE', #1520 ) ;
#3290 = CARTESIAN_POINT ( 'NONE',  ( 132.3762620681505382, 106.1427854106715074, 0.000000000000000000 ) ) ;
#3291 = EDGE_CURVE ( 'NONE', #7793, #2034, #634, .T. ) ;
#3292 = DIRECTION ( 'NONE',  ( -0.000000000000000000, 0.000000000000000000, 1.000000000000000000 ) ) ;
#3293 = TOROIDAL_SURFACE ( 'NONE', #6106, 5.099999999999999645, 1.500000000000000000 ) ;
#3294 = ORIENTED_EDGE ( 'NONE', *, *, #5965, .T. ) ;
#3295 = DIRECTION ( 'NONE',  ( -0.000000000000000000, -0.000000000000000000, -1.000000000000000000 ) ) ;
#3296 = DIRECTION ( 'NONE',  ( -0.000000000000000000, -0.000000000000000000, -1.000000000000000000 ) ) ;
#3297 = ORIENTED_EDGE ( 'NONE', *, *, #12781, .T. ) ;
#3298 = ORIENTED_EDGE ( 'NONE', *, *, #5233, .T. ) ;
#3299 = DIRECTION ( 'NONE',  ( -0.000000000000000000, 0.000000000000000000, 1.000000000000000000 ) ) ;
#3300 = ORIENTED_EDGE ( 'NONE', *, *, #7604, .T. ) ;
#3301 = VECTOR ( 'NONE', #3332, 1000.000000000000000 ) ;
#3302 = ORIENTED_EDGE ( 'NONE', *, *, #11431, .T. ) ;
#3303 = CARTESIAN_POINT ( 'NONE',  ( 42.86730598147647697, 91.97633033906204503, 0.000000000000000000 ) ) ;
#3304 = EDGE_CURVE ( 'NONE', #5199, #8425, #302, .T. ) ;
#3305 = CARTESIAN_POINT ( 'NONE',  ( 125.1962509126547332, 86.03334357308700930, 8.800000000000000711 ) ) ;
#3306 = ORIENTED_EDGE ( 'NONE', *, *, #1008, .F. ) ;
#3307 = VERTEX_POINT ( 'NONE', #8819 ) ;
#3308 = LINE ( 'NONE', #11633, #1854 ) ;
#3309 = CARTESIAN_POINT ( 'NONE',  ( 200.5000000000003695, -7.390000000000313207, 7.000000000000000000 ) ) ;
#3310 = CARTESIAN_POINT ( 'NONE',  ( 164.1148687235520072, 35.44184017470649195, 8.800000000000000711 ) ) ;
#3311 = CARTESIAN_POINT ( 'NONE',  ( 90.50672948317448174, 137.9047134621627038, 0.000000000000000000 ) ) ;
#3312 = VERTEX_POINT ( 'NONE', #1584 ) ;
#3313 = CARTESIAN_POINT ( 'NONE',  ( 42.86730598147647697, 86.84976237332983828, 8.800000000000000711 ) ) ;
#3314 = PLANE ( 'NONE',  #5366 ) ;
#3315 = VERTEX_POINT ( 'NONE', #4493 ) ;
#3316 = EDGE_CURVE ( 'NONE', #12060, #4364, #10795, .T. ) ;
#3317 = CARTESIAN_POINT ( 'NONE',  ( 43.59809730523228666, 15.90250083030536921, 0.000000000000000000 ) ) ;
#3318 = ORIENTED_EDGE ( 'NONE', *, *, #3784, .F. ) ;
#3319 = LINE ( 'NONE', #1278, #1820 ) ;
#3320 = AXIS2_PLACEMENT_3D ( 'NONE', #9876, #4668, #8861 ) ;
#3321 = EDGE_CURVE ( 'NONE', #4616, #8669, #7718, .T. ) ;
#3322 = FACE_OUTER_BOUND ( 'NONE', #5555, .T. ) ;
#3323 = ORIENTED_EDGE ( 'NONE', *, *, #6911, .T. ) ;
#3324 = CARTESIAN_POINT ( 'NONE',  ( 88.67043897411350883, 90.72411899924007628, 10.40000000000000213 ) ) ;
#3325 = CARTESIAN_POINT ( 'NONE',  ( 12.50000000000047251, -8.189934949538308473, 0.09867340162366265710 ) ) ;
#3326 = DIRECTION ( 'NONE',  ( 0.000000000000000000, 0.000000000000000000, -1.000000000000000000 ) ) ;
#3327 = CARTESIAN_POINT ( 'NONE',  ( 89.68604971557489591, 51.91583020066806142, 9.400000000000032330 ) ) ;
#3328 = ORIENTED_EDGE ( 'NONE', *, *, #616, .F. ) ;
#3329 = DIRECTION ( 'NONE',  ( -0.000000000000000000, 0.000000000000000000, 1.000000000000000000 ) ) ;
#3330 = CARTESIAN_POINT ( 'NONE',  ( 17.00000000000004263, 153.0000000000004547, 0.000000000000000000 ) ) ;
#3331 = ORIENTED_EDGE ( 'NONE', *, *, #8227, .T. ) ;
#3332 = DIRECTION ( 'NONE',  ( -1.000000000000000000, 0.000000000000000000, 0.000000000000000000 ) ) ;
#3333 = EDGE_CURVE ( 'NONE', #4778, #9085, #8690, .T. ) ;
#3334 = DIRECTION ( 'NONE',  ( -1.000000000000000000, 0.000000000000000000, 0.000000000000000000 ) ) ;
#3335 = CARTESIAN_POINT ( 'NONE',  ( 43.59170787342341669, 90.38330118084060416, 0.000000000000000000 ) ) ;
#3336 = EDGE_LOOP ( 'NONE', ( #5250, #11186, #8561, #7714 ) ) ;
#3337 = CYLINDRICAL_SURFACE ( 'NONE', #758, 1.750000000000001554 ) ;
#3338 = CARTESIAN_POINT ( 'NONE',  ( 41.10258495182370098, 9.196027637130681498, 10.00000000000000000 ) ) ;
#3339 = CARTESIAN_POINT ( 'NONE',  ( 44.61730598147647697, 58.29192021169607330, 0.000000000000000000 ) ) ;
#3340 = LINE ( 'NONE', #8402, #5658 ) ;
#3341 = VECTOR ( 'NONE', #6658, 1000.000000000000000 ) ;
#3342 = CYLINDRICAL_SURFACE ( 'NONE', #345, 1.750000000000001554 ) ;
#3343 = VERTEX_POINT ( 'NONE', #9704 ) ;
#3344 = ADVANCED_FACE ( 'NONE', ( #10722 ), #3486, .F. ) ;
#3345 = EDGE_CURVE ( 'NONE', #10462, #2516, #9676, .T. ) ;
#3346 = ORIENTED_EDGE ( 'NONE', *, *, #10556, .T. ) ;
#3347 = EDGE_LOOP ( 'NONE', ( #10918, #11070, #13159, #6630 ) ) ;
#3348 = VECTOR ( 'NONE', #6794, 1000.000000000000000 ) ;
#3349 = CIRCLE ( 'NONE', #2704, 2.699999999999999289 ) ;
#3350 = LINE ( 'NONE', #11689, #8702 ) ;
#3351 = CIRCLE ( 'NONE', #2942, 1.750000000000001554 ) ;
#3352 = VERTEX_POINT ( 'NONE', #7658 ) ;
#3353 = CARTESIAN_POINT ( 'NONE',  ( 81.20734701375181430, 39.62327421210908085, 10.00000000000000000 ) ) ;
#3354 = LINE ( 'NONE', #9515, #4435 ) ;
#3355 = VECTOR ( 'NONE', #5306, 1000.000000000000000 ) ;
#3356 = ORIENTED_EDGE ( 'NONE', *, *, #12176, .T. ) ;
#3357 = CONICAL_SURFACE ( 'NONE', #7497, 7.649999999999989697, 0.7853981633974491672 ) ;
#3358 = VERTEX_POINT ( 'NONE', #10865 ) ;
#3359 = CARTESIAN_POINT ( 'NONE',  ( 174.0136957027150117, 99.04773276470746168, 10.00000000000000000 ) ) ;
#3360 = EDGE_CURVE ( 'NONE', #3640, #1515, #1172, .T. ) ;
#3361 = DIRECTION ( 'NONE',  ( 0.000000000000000000, -0.000000000000000000, 1.000000000000000000 ) ) ;
#3362 = CIRCLE ( 'NONE', #99, 3.599999999999999201 ) ;
#3363 = ORIENTED_EDGE ( 'NONE', *, *, #2842, .T. ) ;
#3364 = CIRCLE ( 'NONE', #10140, 1.750000000000029310 ) ;
#3365 = EDGE_LOOP ( 'NONE', ( #11222, #9844, #3610, #5987 ) ) ;
#3366 = DIRECTION ( 'NONE',  ( 1.000000000000000000, 0.000000000000000000, 0.000000000000000000 ) ) ;
#3367 = AXIS2_PLACEMENT_3D ( 'NONE', #6434, #2233, #10366 ) ;
#3368 = LINE ( 'NONE', #6543, #3569 ) ;
#3369 = ORIENTED_EDGE ( 'NONE', *, *, #12676, .F. ) ;
#3370 = CIRCLE ( 'NONE', #545, 8.649999999999963052 ) ;
#3371 = VERTEX_POINT ( 'NONE', #12041 ) ;
#3372 = CARTESIAN_POINT ( 'NONE',  ( 191.9588390266749229, 47.10137757176002538, 9.400000000000000355 ) ) ;
#3373 = DIRECTION ( 'NONE',  ( -1.000000000000000000, 0.000000000000000000, -0.000000000000000000 ) ) ;
#3374 = CYLINDRICAL_SURFACE ( 'NONE', #5331, 1.750000000000001554 ) ;
#3375 = ORIENTED_EDGE ( 'NONE', *, *, #10141, .T. ) ;
#3376 = EDGE_CURVE ( 'NONE', #2806, #1452, #13078, .T. ) ;
#3377 = CARTESIAN_POINT ( 'NONE',  ( 53.52200227285262457, 71.43544571980734759, 10.40000000000000213 ) ) ;
#3378 = ORIENTED_EDGE ( 'NONE', *, *, #11413, .T. ) ;
#3379 = CARTESIAN_POINT ( 'NONE',  ( 0.000000000000000000, 0.000000000000000000, 10.40000000000000213 ) ) ;
#3380 = VERTEX_POINT ( 'NONE', #428 ) ;
#3381 = DIRECTION ( 'NONE',  ( -1.000000000000000000, 0.000000000000000000, 0.000000000000000000 ) ) ;
#3382 = AXIS2_PLACEMENT_3D ( 'NONE', #10120, #1723, #12883 ) ;
#3383 = LINE ( 'NONE', #5413, #8158 ) ;
#3384 = ORIENTED_EDGE ( 'NONE', *, *, #1372, .T. ) ;
#3385 = AXIS2_PLACEMENT_3D ( 'NONE', #6891, #12187, #11077 ) ;
#3386 = DIRECTION ( 'NONE',  ( -0.000000000000000000, -0.000000000000000000, -1.000000000000000000 ) ) ;
#3387 = EDGE_CURVE ( 'NONE', #1602, #3289, #12534, .T. ) ;
#3388 = FACE_OUTER_BOUND ( 'NONE', #5155, .T. ) ;
#3389 = DIRECTION ( 'NONE',  ( -0.000000000000000000, -0.000000000000000000, -1.000000000000000000 ) ) ;
#3390 = CARTESIAN_POINT ( 'NONE',  ( 83.10734701375183420, 39.62327421210908085, 10.00000000000000000 ) ) ;
#3391 = ORIENTED_EDGE ( 'NONE', *, *, #13101, .T. ) ;
#3392 = CARTESIAN_POINT ( 'NONE',  ( 174.7485405866029851, 58.64993458377050217, 0.000000000000000000 ) ) ;
#3393 = ADVANCED_FACE ( 'NONE', ( #6530 ), #5513, .F. ) ;
#3394 = CARTESIAN_POINT ( 'NONE',  ( 42.86730598147647697, 97.12233422291699014, 10.00000000000000000 ) ) ;
#3395 = ORIENTED_EDGE ( 'NONE', *, *, #746, .F. ) ;
#3396 = ORIENTED_EDGE ( 'NONE', *, *, #6792, .F. ) ;
#3397 = CARTESIAN_POINT ( 'NONE',  ( 200.5000000000004547, 153.0000000000004547, 10.00000000000000000 ) ) ;
#3398 = AXIS2_PLACEMENT_3D ( 'NONE', #4001, #2804, #9016 ) ;
#3399 = DIRECTION ( 'NONE',  ( -0.000000000000000000, -0.000000000000000000, -1.000000000000000000 ) ) ;
#3400 = CARTESIAN_POINT ( 'NONE',  ( 144.1752465877438851, 54.88588100076002974, 10.40000000000000213 ) ) ;
#3401 = EDGE_CURVE ( 'NONE', #9498, #6650, #10768, .T. ) ;
#3402 = ORIENTED_EDGE ( 'NONE', *, *, #11833, .T. ) ;
#3403 = VECTOR ( 'NONE', #3461, 1000.000000000000114 ) ;
#3404 = LINE ( 'NONE', #5432, #9256 ) ;
#3405 = DIRECTION ( 'NONE',  ( -0.000000000000000000, -0.000000000000000000, -1.000000000000000000 ) ) ;
#3406 = VECTOR ( 'NONE', #10038, 1000.000000000000000 ) ;
#3407 = ADVANCED_FACE ( 'NONE', ( #7861 ), #2679, .T. ) ;
#3408 = DIRECTION ( 'NONE',  ( -0.000000000000000000, -0.000000000000000000, -1.000000000000000000 ) ) ;
#3409 = EDGE_CURVE ( 'NONE', #5360, #6866, #11282, .T. ) ;
#3410 = VERTEX_POINT ( 'NONE', #5995 ) ;
#3411 = LINE ( 'NONE', #7713, #229 ) ;
#3412 = ORIENTED_EDGE ( 'NONE', *, *, #11059, .T. ) ;
#3413 = VERTEX_POINT ( 'NONE', #10186 ) ;
#3414 = CIRCLE ( 'NONE', #11055, 1.750000000000001554 ) ;
#3415 = EDGE_CURVE ( 'NONE', #6218, #1094, #10539, .T. ) ;
#3416 = ORIENTED_EDGE ( 'NONE', *, *, #7251, .F. ) ;
#3417 = ADVANCED_FACE ( 'NONE', ( #10121 ), #3944, .F. ) ;
#3418 = DIRECTION ( 'NONE',  ( -0.000000000000000000, 0.000000000000000000, 1.000000000000000000 ) ) ;
#3419 = LINE ( 'NONE', #7520, #3166 ) ;
#3420 = ORIENTED_EDGE ( 'NONE', *, *, #13288, .F. ) ;
#3421 = ORIENTED_EDGE ( 'NONE', *, *, #2098, .F. ) ;
#3422 = AXIS2_PLACEMENT_3D ( 'NONE', #5051, #4153, #11360 ) ;
#3423 = CARTESIAN_POINT ( 'NONE',  ( 174.0239112990023500, 13.09992932628742324, 0.000000000000000000 ) ) ;
#3424 = CIRCLE ( 'NONE', #9126, 1.750000000000001554 ) ;
#3425 = CARTESIAN_POINT ( 'NONE',  ( 89.68604971557489591, 51.91583020066806142, 8.800000000000000711 ) ) ;
#3426 = VERTEX_POINT ( 'NONE', #11348 ) ;
#3427 = EDGE_LOOP ( 'NONE', ( #1816, #1689, #2428, #6501 ) ) ;
#3428 = DIRECTION ( 'NONE',  ( -0.000000000000000000, 0.000000000000000000, 1.000000000000000000 ) ) ;
#3429 = AXIS2_PLACEMENT_3D ( 'NONE', #13146, #5725, #775 ) ;
#3430 = CARTESIAN_POINT ( 'NONE',  ( 43.36403200266500590, 45.55398713153164891, 8.800000000000000711 ) ) ;
#3431 = VECTOR ( 'NONE', #11061, 1000.000000000000000 ) ;
#3432 = VERTEX_POINT ( 'NONE', #12115 ) ;
#3433 = EDGE_CURVE ( 'NONE', #10193, #13133, #10132, .T. ) ;
#3434 = AXIS2_PLACEMENT_3D ( 'NONE', #1282, #3386, #7553 ) ;
#3435 = ORIENTED_EDGE ( 'NONE', *, *, #2251, .F. ) ;
#3436 = CARTESIAN_POINT ( 'NONE',  ( 12.49999999999989875, 150.6000000000007617, 0.000000000000000000 ) ) ;
#3437 = DIRECTION ( 'NONE',  ( 0.000000000000000000, 0.000000000000000000, -1.000000000000000000 ) ) ;
#3438 = DIRECTION ( 'NONE',  ( 0.5773502691896206240, 0.5773502691896204020, 0.5773502691896363892 ) ) ;
#3439 = DIRECTION ( 'NONE',  ( 1.000000000000000000, 0.000000000000000000, 0.000000000000000000 ) ) ;
#3440 = ORIENTED_EDGE ( 'NONE', *, *, #4719, .F. ) ;
#3441 = CARTESIAN_POINT ( 'NONE',  ( 41.10258495182370098, 14.31924111348213025, 8.800000000000000711 ) ) ;
#3442 = CIRCLE ( 'NONE', #12632, 1.900000000000012790 ) ;
#3443 = DIRECTION ( 'NONE',  ( -1.000000000000000000, 0.000000000000000000, 0.000000000000000000 ) ) ;
#3444 = VERTEX_POINT ( 'NONE', #9107 ) ;
#3445 = DIRECTION ( 'NONE',  ( 0.000000000000000000, 0.000000000000000000, -1.000000000000000000 ) ) ;
#3446 = ORIENTED_EDGE ( 'NONE', *, *, #7667, .F. ) ;
#3447 = AXIS2_PLACEMENT_3D ( 'NONE', #454, #2575, #12964 ) ;
#3448 = DIRECTION ( 'NONE',  ( 1.000000000000000000, 0.000000000000000000, 0.000000000000000000 ) ) ;
#3449 = DIRECTION ( 'NONE',  ( -0.000000000000000000, 0.000000000000000000, 1.000000000000000000 ) ) ;
#3450 = AXIS2_PLACEMENT_3D ( 'NONE', #12941, #1461, #5453 ) ;
#3451 = ORIENTED_EDGE ( 'NONE', *, *, #496, .T. ) ;
#3453 = EDGE_CURVE ( 'NONE', #7025, #3753, #2259, .T. ) ;
#3452 = VECTOR ( 'NONE', #1473, 1000.000000000000000 ) ;
#3454 = DIRECTION ( 'NONE',  ( 1.000000000000000000, 0.000000000000000000, 0.000000000000000000 ) ) ;
#3455 = CARTESIAN_POINT ( 'NONE',  ( 172.4876398314652590, 94.83529219940430721, 10.00000000000000000 ) ) ;
#3456 = DIRECTION ( 'NONE',  ( -0.000000000000000000, -0.000000000000000000, -1.000000000000000000 ) ) ;
#3457 = AXIS2_PLACEMENT_3D ( 'NONE', #2145, #7200, #7062 ) ;
#3458 = DIRECTION ( 'NONE',  ( 1.000000000000000000, 0.000000000000000000, 0.000000000000000000 ) ) ;
#3459 = ORIENTED_EDGE ( 'NONE', *, *, #2836, .T. ) ;
#3460 = CARTESIAN_POINT ( 'NONE',  ( 207.5000000000004547, 120.3050000000001489, 0.000000000000000000 ) ) ;
#3461 = DIRECTION ( 'NONE',  ( -0.7071067811865474617, -0.000000000000000000, 0.7071067811865474617 ) ) ;
#3462 = ORIENTED_EDGE ( 'NONE', *, *, #6584, .F. ) ;
#3463 = DIRECTION ( 'NONE',  ( 0.7071095795811648266, 0.7071039827808555112, -0.000000000000000000 ) ) ;
#3464 = DIRECTION ( 'NONE',  ( -0.000000000000000000, 0.000000000000000000, 1.000000000000000000 ) ) ;
#3465 = EDGE_CURVE ( 'NONE', #9147, #1402, #4016, .T. ) ;
#3466 = LINE ( 'NONE', #8596, #3341 ) ;
#3467 = EDGE_CURVE ( 'NONE', #1752, #4344, #6374, .T. ) ;
#3468 = AXIS2_PLACEMENT_3D ( 'NONE', #10567, #12908, #3527 ) ;
#3469 = ORIENTED_EDGE ( 'NONE', *, *, #11682, .T. ) ;
#3470 = DIRECTION ( 'NONE',  ( -0.000000000000000000, -0.000000000000000000, -1.000000000000000000 ) ) ;
#3471 = CARTESIAN_POINT ( 'NONE',  ( 45.11403200266500590, 84.41004697847179727, 8.800000000000000711 ) ) ;
#3472 = FACE_OUTER_BOUND ( 'NONE', #11590, .T. ) ;
#3473 = CARTESIAN_POINT ( 'NONE',  ( 81.03604971557493286, 51.91583020066806142, 10.40000000000000213 ) ) ;
#3474 = ORIENTED_EDGE ( 'NONE', *, *, #2949, .F. ) ;
#3475 = ORIENTED_EDGE ( 'NONE', *, *, #8080, .T. ) ;
#3476 = CARTESIAN_POINT ( 'NONE',  ( 0.000000000000000000, 0.000000000000000000, 0.000000000000000000 ) ) ;
#3477 = VERTEX_POINT ( 'NONE', #700 ) ;
#3478 = ADVANCED_FACE ( 'NONE', ( #8135 ), #10251, .F. ) ;
#3479 = ORIENTED_EDGE ( 'NONE', *, *, #2100, .T. ) ;
#3480 = LINE ( 'NONE', #480, #10672 ) ;
#3481 = EDGE_CURVE ( 'NONE', #9904, #6271, #7492, .T. ) ;
#3482 = EDGE_CURVE ( 'NONE', #1094, #6218, #9474, .T. ) ;
#3483 = DIRECTION ( 'NONE',  ( 1.000000000000000000, 0.000000000000000000, 0.000000000000000000 ) ) ;
#3484 = ORIENTED_EDGE ( 'NONE', *, *, #12519, .T. ) ;
#3485 = CARTESIAN_POINT ( 'NONE',  ( 191.9588390266749229, 28.60989453229146662, 10.40000000000000213 ) ) ;
#3486 = PLANE ( 'NONE',  #2492 ) ;
#3487 = CIRCLE ( 'NONE', #7862, 1.899999999999985034 ) ;
#3488 = FACE_OUTER_BOUND ( 'NONE', #4774, .T. ) ;
#3489 = ORIENTED_EDGE ( 'NONE', *, *, #6900, .T. ) ;
#3490 = EDGE_LOOP ( 'NONE', ( #3191, #9485, #11836, #13072, #1027, #268 ) ) ;
#3491 = DIRECTION ( 'NONE',  ( -0.000000000000000000, -0.000000000000000000, -1.000000000000000000 ) ) ;
#3492 = DIRECTION ( 'NONE',  ( 1.000000000000000000, 0.000000000000000000, 0.000000000000000000 ) ) ;
#3493 = VERTEX_POINT ( 'NONE', #6890 ) ;
#3494 = EDGE_CURVE ( 'NONE', #7558, #12143, #2504, .T. ) ;
#3495 = ORIENTED_EDGE ( 'NONE', *, *, #9496, .F. ) ;
#3496 = LINE ( 'NONE', #10802, #1295 ) ;
#3497 = EDGE_CURVE ( 'NONE', #1585, #5277, #6612, .T. ) ;
#3498 = CARTESIAN_POINT ( 'NONE',  ( 17.00000000000000000, 153.0000000000004547, 10.00000000000000000 ) ) ;
#3499 = DIRECTION ( 'NONE',  ( 0.7071067811865240360, 0.7071067811865711095, 0.000000000000000000 ) ) ;
#3500 = ORIENTED_EDGE ( 'NONE', *, *, #10098, .T. ) ;
#3501 = DIRECTION ( 'NONE',  ( 1.000000000000000000, 0.000000000000000000, -0.000000000000000000 ) ) ;
#3502 = CARTESIAN_POINT ( 'NONE',  ( 43.90740921684027143, 127.5961548734684499, 10.00000000000000000 ) ) ;
#3503 = CARTESIAN_POINT ( 'NONE',  ( 69.35833726339713223, 134.2108150412378791, 10.00000000000000000 ) ) ;
#3504 = ORIENTED_EDGE ( 'NONE', *, *, #13130, .T. ) ;
#3505 = DIRECTION ( 'NONE',  ( -0.5000000000000035527, 0.5000000000000035527, -0.7071067811865426878 ) ) ;
#3506 = ORIENTED_EDGE ( 'NONE', *, *, #1358, .F. ) ;
#3507 = EDGE_CURVE ( 'NONE', #6591, #2888, #5862, .T. ) ;
#3508 = DIRECTION ( 'NONE',  ( 0.000000000000000000, -0.000000000000000000, 1.000000000000000000 ) ) ;
#3509 = VERTEX_POINT ( 'NONE', #2886 ) ;
#3510 = EDGE_CURVE ( 'NONE', #2150, #12716, #5317, .T. ) ;
#3511 = CARTESIAN_POINT ( 'NONE',  ( 174.5379805785753149, 48.38256379482365332, 10.00000000000000000 ) ) ;
#3512 = AXIS2_PLACEMENT_3D ( 'NONE', #2239, #12771, #11667 ) ;
#3513 = CARTESIAN_POINT ( 'NONE',  ( 200.5000000000003695, -7.390000000000313207, 1.500000000000000444 ) ) ;
#3514 = ORIENTED_EDGE ( 'NONE', *, *, #91, .F. ) ;
#3515 = DIRECTION ( 'NONE',  ( -0.000000000000000000, -0.000000000000000000, -1.000000000000000000 ) ) ;
#3516 = DIRECTION ( 'NONE',  ( -0.000000000000000000, 0.000000000000000000, 1.000000000000000000 ) ) ;
#3517 = DIRECTION ( 'NONE',  ( -0.000000000000000000, 0.000000000000000000, 1.000000000000000000 ) ) ;
#3518 = CARTESIAN_POINT ( 'NONE',  ( 173.9853725012132770, 93.93014201851191558, 0.000000000000000000 ) ) ;
#3519 = EDGE_LOOP ( 'NONE', ( #11363, #4181, #8087, #11544 ) ) ;
#3520 = DIRECTION ( 'NONE',  ( -0.000000000000000000, -0.000000000000000000, -1.000000000000000000 ) ) ;
#3521 = CARTESIAN_POINT ( 'NONE',  ( 172.7127247140765007, 133.7887398999099275, 8.800000000000000711 ) ) ;
#3522 = VERTEX_POINT ( 'NONE', #7924 ) ;
#3523 = DIRECTION ( 'NONE',  ( -0.000000000000000000, 0.000000000000000000, 1.000000000000000000 ) ) ;
#3524 = DIRECTION ( 'NONE',  ( 1.000000000000000000, 0.000000000000000000, 0.000000000000000000 ) ) ;
#3525 = EDGE_CURVE ( 'NONE', #1745, #1570, #2958, .T. ) ;
#3526 = DIRECTION ( 'NONE',  ( -1.000000000000000000, 0.000000000000000000, 0.000000000000000000 ) ) ;
#3527 = DIRECTION ( 'NONE',  ( -1.000000000000000000, 0.000000000000000000, 0.000000000000000000 ) ) ;
#3528 = FACE_OUTER_BOUND ( 'NONE', #1296, .T. ) ;
#3529 = DIRECTION ( 'NONE',  ( -0.000000000000000000, 0.000000000000000000, 1.000000000000000000 ) ) ;
#3530 = CIRCLE ( 'NONE', #11829, 1.750000000000001554 ) ;
#3531 = DIRECTION ( 'NONE',  ( -0.000000000000000000, 0.000000000000000000, 1.000000000000000000 ) ) ;
#3532 = CYLINDRICAL_SURFACE ( 'NONE', #5781, 1.750000000000001554 ) ;
#3533 = DIRECTION ( 'NONE',  ( -0.000000000000000000, -0.000000000000000000, -1.000000000000000000 ) ) ;
#3534 = CARTESIAN_POINT ( 'NONE',  ( 138.8492919255787115, 120.7500671661881455, 8.800000000000000711 ) ) ;
#3535 = DIRECTION ( 'NONE',  ( -1.000000000000000000, 0.000000000000000000, 0.000000000000000000 ) ) ;
#3536 = ORIENTED_EDGE ( 'NONE', *, *, #5983, .T. ) ;
#3537 = ORIENTED_EDGE ( 'NONE', *, *, #10181, .F. ) ;
#3538 = CARTESIAN_POINT ( 'NONE',  ( 148.0597551873219118, 89.69314898022133775, 10.00000000000000000 ) ) ;
#3539 = ADVANCED_FACE ( 'NONE', ( #767 ), #2047, .T. ) ;
#3540 = ORIENTED_EDGE ( 'NONE', *, *, #2241, .F. ) ;
#3541 = CIRCLE ( 'NONE', #5054, 1.900000000000012790 ) ;
#3542 = EDGE_LOOP ( 'NONE', ( #12901, #8762, #10481, #4560 ) ) ;
#3543 = CARTESIAN_POINT ( 'NONE',  ( 0.000000000000000000, 0.000000000000000000, 10.40000000000000213 ) ) ;
#3544 = ORIENTED_EDGE ( 'NONE', *, *, #5442, .T. ) ;
#3545 = AXIS2_PLACEMENT_3D ( 'NONE', #5031, #827, #9221 ) ;
#3546 = DIRECTION ( 'NONE',  ( 1.000000000000000000, 0.000000000000000000, 0.000000000000000000 ) ) ;
#3547 = VECTOR ( 'NONE', #1504, 1000.000000000000000 ) ;
#3548 = DIRECTION ( 'NONE',  ( -0.000000000000000000, -0.000000000000000000, -1.000000000000000000 ) ) ;
#3549 = EDGE_CURVE ( 'NONE', #9338, #10374, #5434, .T. ) ;
#3550 = VERTEX_POINT ( 'NONE', #13474 ) ;
#3551 = ORIENTED_EDGE ( 'NONE', *, *, #10680, .F. ) ;
#3552 = DIRECTION ( 'NONE',  ( -0.000000000000000000, -0.000000000000000000, -1.000000000000000000 ) ) ;
#3553 = CARTESIAN_POINT ( 'NONE',  ( 43.59171366611731457, 12.73299121396859768, 10.00000000000000000 ) ) ;
#3554 = EDGE_CURVE ( 'NONE', #2668, #10298, #2720, .T. ) ;
#3555 = AXIS2_PLACEMENT_3D ( 'NONE', #11338, #1034, #5172 ) ;
#3556 = ORIENTED_EDGE ( 'NONE', *, *, #5902, .T. ) ;
#3557 = EDGE_LOOP ( 'NONE', ( #9121, #2992, #9602, #7858 ) ) ;
#3558 = DIRECTION ( 'NONE',  ( 0.7071067811865470176, 0.7071067811865480168, 0.000000000000000000 ) ) ;
#3559 = VECTOR ( 'NONE', #12504, 1000.000000000000000 ) ;
#3560 = CARTESIAN_POINT ( 'NONE',  ( 43.58456331740231349, 129.7140836074390791, 0.000000000000000000 ) ) ;
#3561 = CYLINDRICAL_SURFACE ( 'NONE', #12625, 1.750000000000001554 ) ;
#3562 = DIRECTION ( 'NONE',  ( -0.000000000000000000, -0.000000000000000000, -1.000000000000000000 ) ) ;
#3563 = ORIENTED_EDGE ( 'NONE', *, *, #11622, .F. ) ;
#3564 = CIRCLE ( 'NONE', #93, 1.750000000000001554 ) ;
#3565 = DIRECTION ( 'NONE',  ( -0.000000000000000000, -0.000000000000000000, -1.000000000000000000 ) ) ;
#3566 = EDGE_CURVE ( 'NONE', #8240, #1980, #68, .T. ) ;
#3567 = CARTESIAN_POINT ( 'NONE',  ( 42.86730598147647697, 48.02469477777533058, 0.000000000000000000 ) ) ;
#3568 = AXIS2_PLACEMENT_3D ( 'NONE', #3728, #10970, #5969 ) ;
#3569 = VECTOR ( 'NONE', #8837, 1000.000000000000000 ) ;
#3570 = VERTEX_POINT ( 'NONE', #3339 ) ;
#3571 = CARTESIAN_POINT ( 'NONE',  ( 148.3597551873219231, 128.5517170524556718, 0.000000000000000000 ) ) ;
#3572 = DIRECTION ( 'NONE',  ( -0.7071067811865475727, 0.7071067811865475727, 0.000000000000000000 ) ) ;
#3573 = EDGE_CURVE ( 'NONE', #11100, #13144, #7308, .T. ) ;
#3574 = ORIENTED_EDGE ( 'NONE', *, *, #7231, .T. ) ;
#3575 = FACE_OUTER_BOUND ( 'NONE', #6506, .T. ) ;
#3576 = CARTESIAN_POINT ( 'NONE',  ( 190.9588390266749514, 28.60989453229146662, 10.40000000000000213 ) ) ;
#3577 = ORIENTED_EDGE ( 'NONE', *, *, #8623, .T. ) ;
#3578 = CYLINDRICAL_SURFACE ( 'NONE', #13180, 1.750000000000001554 ) ;
#3579 = AXIS2_PLACEMENT_3D ( 'NONE', #5567, #9687, #342 ) ;
#3580 = VECTOR ( 'NONE', #10492, 1000.000000000000114 ) ;
#3581 = CIRCLE ( 'NONE', #11227, 1.750000000000001554 ) ;
#3582 = AXIS2_PLACEMENT_3D ( 'NONE', #11196, #9023, #1645 ) ;
#3583 = CYLINDRICAL_SURFACE ( 'NONE', #2261, 8.649999999999963052 ) ;
#3584 = ORIENTED_EDGE ( 'NONE', *, *, #1562, .T. ) ;
#3585 = CARTESIAN_POINT ( 'NONE',  ( 53.52200227285262457, 71.43544571980734759, 8.800000000000000711 ) ) ;
#3586 = EDGE_CURVE ( 'NONE', #8003, #10542, #4142, .T. ) ;
#3587 = DIRECTION ( 'NONE',  ( -0.7071067811865379138, 0.000000000000000000, -0.7071067811865570096 ) ) ;
#3588 = CARTESIAN_POINT ( 'NONE',  ( 136.5408573292053234, 16.07759220218804330, 10.40000000000000213 ) ) ;
#3589 = DIRECTION ( 'NONE',  ( -0.000000000000000000, 0.000000000000000000, 1.000000000000000000 ) ) ;
#3590 = EDGE_CURVE ( 'NONE', #8936, #7342, #4209, .T. ) ;
#3591 = CARTESIAN_POINT ( 'NONE',  ( 78.81811639599669661, 63.83441197029006275, 8.800000000000000711 ) ) ;
#3592 = ORIENTED_EDGE ( 'NONE', *, *, #4187, .F. ) ;
#3593 = CARTESIAN_POINT ( 'NONE',  ( 173.2464945138908092, 20.71879223717072449, 0.000000000000000000 ) ) ;
#3594 =( GEOMETRIC_REPRESENTATION_CONTEXT ( 3 ) GLOBAL_UNCERTAINTY_ASSIGNED_CONTEXT ( ( #12219 ) ) GLOBAL_UNIT_ASSIGNED_CONTEXT ( ( #373, #9796, #13024 ) ) REPRESENTATION_CONTEXT ( 'NONE', 'WORKASPACE' ) );
#3595 = LINE ( 'NONE', #5692, #3403 ) ;
#3596 = EDGE_LOOP ( 'NONE', ( #11496, #3577, #1770, #6930, #6992, #5170, #7893, #226, #4398, #9711, #5043, #6303, #1776, #11480, #7484, #11719, #11977, #13527 ) ) ;
#3597 = LINE ( 'NONE', #8731, #13350 ) ;
#3598 = CARTESIAN_POINT ( 'NONE',  ( 45.11403200266500590, 94.46799953652343618, 0.000000000000000000 ) ) ;
#3599 = DIRECTION ( 'NONE',  ( -0.000000000000000000, 0.000000000000000000, 1.000000000000000000 ) ) ;
#3600 = CIRCLE ( 'NONE', #10360, 5.099999999999993427 ) ;
#3601 = CARTESIAN_POINT ( 'NONE',  ( 173.1302825253530386, 10.58001099839807324, 10.00000000000000000 ) ) ;
#3602 = AXIS2_PLACEMENT_3D ( 'NONE', #1056, #5195, #1119 ) ;
#3603 = DIRECTION ( 'NONE',  ( -0.000000000000000000, -0.000000000000000000, -1.000000000000000000 ) ) ;
#3604 = EDGE_CURVE ( 'NONE', #6607, #8822, #1105, .T. ) ;
#3605 = LINE ( 'NONE', #2595, #2053 ) ;
#3606 = DIRECTION ( 'NONE',  ( -1.000000000000000000, 0.000000000000000000, 0.000000000000000000 ) ) ;
#3607 = DIRECTION ( 'NONE',  ( -0.7071067811865473507, -0.7071067811865477948, -0.000000000000000000 ) ) ;
#3608 = VECTOR ( 'NONE', #5863, 1000.000000000000000 ) ;
#3609 = DIRECTION ( 'NONE',  ( -0.000000000000000000, -0.000000000000000000, -1.000000000000000000 ) ) ;
#3610 = ORIENTED_EDGE ( 'NONE', *, *, #8427, .T. ) ;
#3611 = EDGE_LOOP ( 'NONE', ( #11180, #3294, #12809, #143 ) ) ;
#3612 = FACE_OUTER_BOUND ( 'NONE', #10553, .T. ) ;
#3613 = ORIENTED_EDGE ( 'NONE', *, *, #10094, .F. ) ;
#3614 = CARTESIAN_POINT ( 'NONE',  ( 200.5000000000004547, 153.0000000000004547, 0.000000000000000000 ) ) ;
#3615 = EDGE_LOOP ( 'NONE', ( #1809, #3736, #11501, #8350 ) ) ;
#3616 = AXIS2_PLACEMENT_3D ( 'NONE', #12239, #7091, #11398 ) ;
#3617 = CYLINDRICAL_SURFACE ( 'NONE', #7606, 1.750000000000001554 ) ;
#3618 = VERTEX_POINT ( 'NONE', #11677 ) ;
#3619 = EDGE_CURVE ( 'NONE', #331, #2786, #6315, .T. ) ;
#3620 =( LENGTH_UNIT ( ) NAMED_UNIT ( * ) SI_UNIT ( .MILLI., .METRE. ) );
#3621 = CARTESIAN_POINT ( 'NONE',  ( 174.2376398314652590, 61.11163158215092750, 0.000000000000000000 ) ) ;
#3622 = ORIENTED_EDGE ( 'NONE', *, *, #9000, .F. ) ;
#3623 = ORIENTED_EDGE ( 'NONE', *, *, #7475, .F. ) ;
#3624 = FACE_OUTER_BOUND ( 'NONE', #9924, .T. ) ;
#3625 = DIRECTION ( 'NONE',  ( 1.000000000000000000, 0.000000000000000000, 0.000000000000000000 ) ) ;
#3626 = AXIS2_PLACEMENT_3D ( 'NONE', #6099, #1959, #9079 ) ;
#3627 = ORIENTED_EDGE ( 'NONE', *, *, #952, .T. ) ;
#3628 = EDGE_LOOP ( 'NONE', ( #5630, #7138, #1640, #4303 ) ) ;
#3629 = CARTESIAN_POINT ( 'NONE',  ( 46.86403200266500590, 45.55398713153164891, 8.800000000000000711 ) ) ;
#3630 = EDGE_CURVE ( 'NONE', #5764, #10283, #1232, .T. ) ;
#3631 = LINE ( 'NONE', #2626, #5305 ) ;
#3632 = ORIENTED_EDGE ( 'NONE', *, *, #12924, .F. ) ;
#3633 = ADVANCED_FACE ( 'NONE', ( #5370 ), #11475, .F. ) ;
#3634 = EDGE_CURVE ( 'NONE', #10286, #4618, #3087, .T. ) ;
#3635 = FACE_OUTER_BOUND ( 'NONE', #10129, .T. ) ;
#3636 = AXIS2_PLACEMENT_3D ( 'NONE', #13370, #2853, #6997 ) ;
#3637 = VERTEX_POINT ( 'NONE', #8537 ) ;
#3638 = DIRECTION ( 'NONE',  ( -1.000000000000000000, -0.000000000000000000, -0.000000000000000000 ) ) ;
#3639 = FACE_OUTER_BOUND ( 'NONE', #2585, .T. ) ;
#3640 = VERTEX_POINT ( 'NONE', #5308 ) ;
#3641 = DIRECTION ( 'NONE',  ( -0.000000000000000000, -0.000000000000000000, -1.000000000000000000 ) ) ;
#3642 = LINE ( 'NONE', #8850, #10764 ) ;
#3643 = ORIENTED_EDGE ( 'NONE', *, *, #3264, .F. ) ;
#3644 = DIRECTION ( 'NONE',  ( -0.000000000000000000, -0.000000000000000000, -1.000000000000000000 ) ) ;
#3645 = EDGE_CURVE ( 'NONE', #6143, #372, #9487, .T. ) ;
#3646 = AXIS2_PLACEMENT_3D ( 'NONE', #1054, #6326, #3095 ) ;
#3647 = VECTOR ( 'NONE', #10034, 1000.000000000000114 ) ;
#3648 = LINE ( 'NONE', #12757, #5075 ) ;
#3649 = VERTEX_POINT ( 'NONE', #10447 ) ;
#3650 = EDGE_CURVE ( 'NONE', #3035, #6397, #10381, .T. ) ;
#3651 = DIRECTION ( 'NONE',  ( 1.000000000000000000, 0.000000000000000000, 0.000000000000000000 ) ) ;
#3652 = EDGE_CURVE ( 'NONE', #355, #9080, #7240, .T. ) ;
#3653 = DIRECTION ( 'NONE',  ( 0.000000000000000000, -1.000000000000000000, 0.000000000000000000 ) ) ;
#3654 = CARTESIAN_POINT ( 'NONE',  ( 174.7485405866029851, 92.35531679854540243, 8.800000000000000711 ) ) ;
#3655 = DIRECTION ( 'NONE',  ( -0.000000000000000000, 0.000000000000000000, 1.000000000000000000 ) ) ;
#3656 = VECTOR ( 'NONE', #7431, 1000.000000000000000 ) ;
#3657 = FACE_OUTER_BOUND ( 'NONE', #8057, .T. ) ;
#3658 = EDGE_LOOP ( 'NONE', ( #5077, #9718 ) ) ;
#3659 = VECTOR ( 'NONE', #10320, 1000.000000000000000 ) ;
#3660 = DIRECTION ( 'NONE',  ( -1.000000000000000000, 0.000000000000000000, 0.000000000000000000 ) ) ;
#3661 = CIRCLE ( 'NONE', #4510, 1.750000000000001554 ) ;
#3662 = CARTESIAN_POINT ( 'NONE',  ( 170.7376398314652590, 17.14497833867034871, 8.800000000000000711 ) ) ;
#3663 = ORIENTED_EDGE ( 'NONE', *, *, #4172, .F. ) ;
#3664 = DIRECTION ( 'NONE',  ( -1.000000000000000000, 0.000000000000000000, 0.000000000000000000 ) ) ;
#3665 = DIRECTION ( 'NONE',  ( 0.2810846377148142894, -0.6785983445458483310, -0.6785983445458483310 ) ) ;
#3666 = EDGE_CURVE ( 'NONE', #12620, #9578, #5967, .T. ) ;
#3667 = AXIS2_PLACEMENT_3D ( 'NONE', #9642, #8764, #4430 ) ;
#3668 = FACE_OUTER_BOUND ( 'NONE', #4184, .T. ) ;
#3669 = EDGE_CURVE ( 'NONE', #10958, #8954, #4274, .T. ) ;
#3670 = AXIS2_PLACEMENT_3D ( 'NONE', #3598, #9883, #535 ) ;
#3671 = VECTOR ( 'NONE', #12733, 1000.000000000000000 ) ;
#3672 = AXIS2_PLACEMENT_3D ( 'NONE', #1735, #6973, #6694 ) ;
#3673 = CARTESIAN_POINT ( 'NONE',  ( 41.78689018271332145, 59.70033362966805157, 8.800000000000000711 ) ) ;
#3674 = DIRECTION ( 'NONE',  ( -0.000000000000000000, 0.000000000000000000, 1.000000000000000000 ) ) ;
#3675 = CARTESIAN_POINT ( 'NONE',  ( 69.35833726339713223, 17.18080354114162489, 8.800000000000000711 ) ) ;
#3676 = CYLINDRICAL_SURFACE ( 'NONE', #11649, 1.900000000000012790 ) ;
#3677 = DIRECTION ( 'NONE',  ( 0.7071067811865470176, 0.7071067811865480168, 0.000000000000000000 ) ) ;
#3678 = DIRECTION ( 'NONE',  ( 0.7071067811865240360, -0.7071067811865711095, 0.000000000000000000 ) ) ;
#3679 = ORIENTED_EDGE ( 'NONE', *, *, #6493, .T. ) ;
#3680 = ORIENTED_EDGE ( 'NONE', *, *, #11692, .T. ) ;
#3681 = DIRECTION ( 'NONE',  ( 1.000000000000000000, 0.000000000000000000, 0.000000000000000000 ) ) ;
#3682 = ORIENTED_EDGE ( 'NONE', *, *, #1810, .T. ) ;
#3683 = VERTEX_POINT ( 'NONE', #9434 ) ;
#3684 = EDGE_CURVE ( 'NONE', #1587, #9552, #11605, .T. ) ;
#3685 = DIRECTION ( 'NONE',  ( -1.000000000000000000, 0.000000000000000000, 0.000000000000000000 ) ) ;
#3686 = VERTEX_POINT ( 'NONE', #5496 ) ;
#3687 = CARTESIAN_POINT ( 'NONE',  ( 200.5000000000004547, 153.0000000000004547, 1.500000000000000444 ) ) ;
#3688 = DIRECTION ( 'NONE',  ( -0.000000000000000000, -0.000000000000000000, -1.000000000000000000 ) ) ;
#3689 = PLANE ( 'NONE',  #9939 ) ;
#3690 = ORIENTED_EDGE ( 'NONE', *, *, #12071, .F. ) ;
#3691 = ORIENTED_EDGE ( 'NONE', *, *, #11865, .F. ) ;
#3693 = CARTESIAN_POINT ( 'NONE',  ( 174.2442451392241765, 138.0503089974815794, 10.00000000000000000 ) ) ;
#3692 = DIRECTION ( 'NONE',  ( -1.000000000000000000, 0.000000000000000000, 0.000000000000000000 ) ) ;
#3694 = ORIENTED_EDGE ( 'NONE', *, *, #5638, .F. ) ;
#3695 = ORIENTED_EDGE ( 'NONE', *, *, #9315, .T. ) ;
#3696 = FACE_OUTER_BOUND ( 'NONE', #13462, .T. ) ;
#3697 = EDGE_CURVE ( 'NONE', #6455, #1716, #4547, .T. ) ;
#3698 = DIRECTION ( 'NONE',  ( 1.000000000000000000, 0.000000000000000000, 0.000000000000000000 ) ) ;
#3699 = CARTESIAN_POINT ( 'NONE',  ( 25.54116097332608959, 20.89204483109605803, 9.400000000000028777 ) ) ;
#3700 = AXIS2_PLACEMENT_3D ( 'NONE', #13333, #8200, #10047 ) ;
#3701 = VERTEX_POINT ( 'NONE', #13062 ) ;
#3702 = CARTESIAN_POINT ( 'NONE',  ( 127.8596358462825719, 93.69416979933204459, 8.800000000000000711 ) ) ;
#3703 = LINE ( 'NONE', #2630, #12717 ) ;
#3704 = ORIENTED_EDGE ( 'NONE', *, *, #426, .T. ) ;
#3705 = DIRECTION ( 'NONE',  ( 0.000000000000000000, 1.000000000000000000, -0.000000000000000000 ) ) ;
#3706 = ORIENTED_EDGE ( 'NONE', *, *, #1431, .F. ) ;
#3707 = VECTOR ( 'NONE', #6665, 1000.000000000000000 ) ;
#3708 = ORIENTED_EDGE ( 'NONE', *, *, #5350, .F. ) ;
#3709 = DIRECTION ( 'NONE',  ( -1.000000000000000000, 0.000000000000000000, 0.000000000000000000 ) ) ;
#3710 = ADVANCED_FACE ( 'NONE', ( #2387 ), #3676, .F. ) ;
#3711 = EDGE_LOOP ( 'NONE', ( #2906, #224, #861, #6937 ) ) ;
#3712 = DIRECTION ( 'NONE',  ( -1.000000000000000000, 0.000000000000000000, 0.000000000000000000 ) ) ;
#3713 = VERTEX_POINT ( 'NONE', #4478 ) ;
#3714 = VECTOR ( 'NONE', #10039, 1000.000000000000114 ) ;
#3715 = DIRECTION ( 'NONE',  ( -1.000000000000000000, 0.000000000000000000, 0.000000000000000000 ) ) ;
#3716 = CARTESIAN_POINT ( 'NONE',  ( 174.1289209303734538, 127.8366314614928285, 0.000000000000000000 ) ) ;
#3717 = PLANE ( 'NONE',  #2232 ) ;
#3718 = DIRECTION ( 'NONE',  ( -0.000000000000000000, 0.000000000000000000, 1.000000000000000000 ) ) ;
#3719 = ORIENTED_EDGE ( 'NONE', *, *, #3645, .T. ) ;
#3720 = VERTEX_POINT ( 'NONE', #8673 ) ;
#3721 = EDGE_CURVE ( 'NONE', #3258, #11261, #9829, .T. ) ;
#3722 = DIRECTION ( 'NONE',  ( -0.000000000000000000, 0.000000000000000000, 1.000000000000000000 ) ) ;
#3723 = DIRECTION ( 'NONE',  ( 1.000000000000000000, 0.000000000000000000, 0.000000000000000000 ) ) ;
#3724 = ORIENTED_EDGE ( 'NONE', *, *, #7059, .F. ) ;
#3725 = DIRECTION ( 'NONE',  ( -1.000000000000000000, 0.000000000000000000, 0.000000000000000000 ) ) ;
#3726 = ADVANCED_FACE ( 'NONE', ( #9764 ), #6587, .F. ) ;
#3727 = AXIS2_PLACEMENT_3D ( 'NONE', #5426, #4331, #260 ) ;
#3728 = CARTESIAN_POINT ( 'NONE',  ( 83.10734701375183420, 117.7494076238474747, 0.000000000000000000 ) ) ;
#3729 = DIRECTION ( 'NONE',  ( 1.000000000000000000, 0.000000000000000000, 0.000000000000000000 ) ) ;
#3730 = AXIS2_PLACEMENT_3D ( 'NONE', #8452, #3517, #5552 ) ;
#3731 = CARTESIAN_POINT ( 'NONE',  ( 126.7267149358793148, 20.09410048508981816, 10.00000000000000000 ) ) ;
#3732 = DIRECTION ( 'NONE',  ( 1.000000000000000000, 0.000000000000000000, 0.000000000000000000 ) ) ;
#3733 = ADVANCED_FACE ( 'NONE', ( #8604 ), #10914, .F. ) ;
#3734 = CARTESIAN_POINT ( 'NONE',  ( 172.4876398314652590, 17.14497833867034871, 10.00000000000000000 ) ) ;
#3735 = DIRECTION ( 'NONE',  ( -0.000000000000000000, 0.000000000000000000, 1.000000000000000000 ) ) ;
#3736 = ORIENTED_EDGE ( 'NONE', *, *, #536, .F. ) ;
#3737 = VERTEX_POINT ( 'NONE', #410 ) ;
#3738 = CARTESIAN_POINT ( 'NONE',  ( 94.49275623606898478, 47.62245696408325557, 8.800000000000000711 ) ) ;
#3739 = DIRECTION ( 'NONE',  ( -1.000000000000000000, 0.000000000000000000, 0.000000000000000000 ) ) ;
#3740 = ORIENTED_EDGE ( 'NONE', *, *, #12440, .T. ) ;
#3741 = DIRECTION ( 'NONE',  ( -1.000000000000000000, 0.000000000000000000, 0.000000000000000000 ) ) ;
#3742 = ORIENTED_EDGE ( 'NONE', *, *, #12373, .T. ) ;
#3743 = LINE ( 'NONE', #5033, #438 ) ;
#3744 = VECTOR ( 'NONE', #7962, 1000.000000000000000 ) ;
#3745 = DIRECTION ( 'NONE',  ( -1.000000000000000000, 0.000000000000000000, 0.000000000000000000 ) ) ;
#3746 = ORIENTED_EDGE ( 'NONE', *, *, #11524, .T. ) ;
#3747 = DIRECTION ( 'NONE',  ( 0.000000000000000000, 0.000000000000000000, 1.000000000000000000 ) ) ;
#3748 = DIRECTION ( 'NONE',  ( 1.000000000000000000, 0.000000000000000000, 0.000000000000000000 ) ) ;
#3749 = DIRECTION ( 'NONE',  ( -0.000000000000000000, 0.000000000000000000, 1.000000000000000000 ) ) ;
#3750 = EDGE_CURVE ( 'NONE', #8903, #939, #4609, .T. ) ;
#3751 = EDGE_CURVE ( 'NONE', #5343, #1761, #7944, .T. ) ;
#3752 = CARTESIAN_POINT ( 'NONE',  ( 22.10000000000003695, 153.0000000000004547, 2.168404344971008868E-16 ) ) ;
#3753 = VERTEX_POINT ( 'NONE', #12915 ) ;
#3754 = CIRCLE ( 'NONE', #2460, 1.750000000000001554 ) ;
#3755 = ORIENTED_EDGE ( 'NONE', *, *, #3963, .T. ) ;
#3756 = CARTESIAN_POINT ( 'NONE',  ( 170.7376398314652590, 51.05117720286586547, 8.800000000000000711 ) ) ;
#3757 = ORIENTED_EDGE ( 'NONE', *, *, #13302, .T. ) ;
#3758 = VERTEX_POINT ( 'NONE', #12028 ) ;
#3759 = CARTESIAN_POINT ( 'NONE',  ( 0.000000000000000000, 0.000000000000000000, 10.00000000000000000 ) ) ;
#3760 = AXIS2_PLACEMENT_3D ( 'NONE', #12431, #1963, #9473 ) ;
#3761 = DIRECTION ( 'NONE',  ( 1.000000000000000000, 0.000000000000000000, 0.000000000000000000 ) ) ;
#3762 = ORIENTED_EDGE ( 'NONE', *, *, #7693, .T. ) ;
#3763 = DIRECTION ( 'NONE',  ( 1.000000000000000000, 0.000000000000000000, 0.000000000000000000 ) ) ;
#3764 = LINE ( 'NONE', #9798, #11187 ) ;
#3765 = EDGE_CURVE ( 'NONE', #9614, #6607, #6732, .T. ) ;
#3766 = PLANE ( 'NONE',  #6184 ) ;
#3767 = CARTESIAN_POINT ( 'NONE',  ( 172.4876398314652590, 94.83529219940430721, 10.00000000000000000 ) ) ;
#3768 = EDGE_LOOP ( 'NONE', ( #8379, #13481, #6721, #9932, #7406, #7624, #7910, #898, #6017, #11612 ) ) ;
#3769 = AXIS2_PLACEMENT_3D ( 'NONE', #1750, #593, #12346 ) ;
#3770 = LINE ( 'NONE', #11998, #12960 ) ;
#3771 = ORIENTED_EDGE ( 'NONE', *, *, #3525, .T. ) ;
#3772 = DIRECTION ( 'NONE',  ( -1.000000000000000000, 0.000000000000000000, 0.000000000000000000 ) ) ;
#3773 = LINE ( 'NONE', #6917, #11201 ) ;
#3774 = AXIS2_PLACEMENT_3D ( 'NONE', #2725, #4815, #3729 ) ;
#3775 = FACE_OUTER_BOUND ( 'NONE', #12201, .T. ) ;
#3776 = VERTEX_POINT ( 'NONE', #11885 ) ;
#3777 = AXIS2_PLACEMENT_3D ( 'NONE', #4562, #2402, #5721 ) ;
#3778 = LINE ( 'NONE', #11106, #5387 ) ;
#3779 = AXIS2_PLACEMENT_3D ( 'NONE', #8629, #4573, #7532 ) ;
#3780 = VERTEX_POINT ( 'NONE', #11956 ) ;
#3781 = CARTESIAN_POINT ( 'NONE',  ( 92.40672948317448743, 59.72174035506507295, 0.000000000000000000 ) ) ;
#3782 = FACE_OUTER_BOUND ( 'NONE', #8656, .T. ) ;
#3783 = LINE ( 'NONE', #10961, #9440 ) ;
#3784 = EDGE_CURVE ( 'NONE', #2434, #8176, #1567, .T. ) ;
#3785 = CARTESIAN_POINT ( 'NONE',  ( 42.86730598147647697, 86.84976237332983828, 8.800000000000000711 ) ) ;
#3786 = ORIENTED_EDGE ( 'NONE', *, *, #11578, .F. ) ;
#3787 = EDGE_LOOP ( 'NONE', ( #10705, #5875, #7426, #7413 ) ) ;
#3788 = DIRECTION ( 'NONE',  ( -0.000000000000000000, -0.000000000000000000, -1.000000000000000000 ) ) ;
#3789 = CARTESIAN_POINT ( 'NONE',  ( 41.10258495182370098, 136.4729333453784932, 8.800000000000000711 ) ) ;
#3790 = ORIENTED_EDGE ( 'NONE', *, *, #11476, .F. ) ;
#3791 = CIRCLE ( 'NONE', #977, 1.750000000000001554 ) ;
#3792 = DIRECTION ( 'NONE',  ( 1.000000000000000000, 0.000000000000000000, 0.000000000000000000 ) ) ;
#3793 = AXIS2_PLACEMENT_3D ( 'NONE', #1197, #4305, #8361 ) ;
#3794 = CYLINDRICAL_SURFACE ( 'NONE', #7053, 1.750000000000001554 ) ;
#3795 = ADVANCED_FACE ( 'NONE', ( #6317 ), #7441, .F. ) ;
#3796 = ORIENTED_EDGE ( 'NONE', *, *, #7153, .T. ) ;
#3797 = CIRCLE ( 'NONE', #7086, 1.900000000000012790 ) ;
#3798 = LINE ( 'NONE', #12234, #3215 ) ;
#3799 = EDGE_CURVE ( 'NONE', #3737, #9051, #3362, .T. ) ;
#3800 = AXIS2_PLACEMENT_3D ( 'NONE', #9185, #13294, #3960 ) ;
#3801 = DIRECTION ( 'NONE',  ( -0.000000000000000000, 0.000000000000000000, 1.000000000000000000 ) ) ;
#3802 = DIRECTION ( 'NONE',  ( -1.000000000000000000, 0.000000000000000000, -0.000000000000000000 ) ) ;
#3803 = CARTESIAN_POINT ( 'NONE',  ( 205.0000000000005684, 158.8050000000003763, 10.00000000000000000 ) ) ;
#3804 = DIRECTION ( 'NONE',  ( -0.7071067811865441310, -0.7071067811865507924, -0.000000000000000000 ) ) ;
#3805 = EDGE_LOOP ( 'NONE', ( #2430, #6245, #8291, #7932 ) ) ;
#3806 = VERTEX_POINT ( 'NONE', #10517 ) ;
#3807 = CARTESIAN_POINT ( 'NONE',  ( 12.50000000000001243, 82.80500000000016314, 10.00000000000000000 ) ) ;
#3808 = AXIS2_PLACEMENT_3D ( 'NONE', #7629, #11866, #11937 ) ;
#3809 = EDGE_LOOP ( 'NONE', ( #474, #868, #13235, #3224 ) ) ;
#3810 = DIRECTION ( 'NONE',  ( -0.000000000000000000, -0.000000000000000000, -1.000000000000000000 ) ) ;
#3811 = VERTEX_POINT ( 'NONE', #5321 ) ;
#3812 = CARTESIAN_POINT ( 'NONE',  ( 85.00734701375183988, 117.7494076238474747, 0.000000000000000000 ) ) ;
#3813 = VECTOR ( 'NONE', #10345, 1000.000000000000114 ) ;
#3814 = ADVANCED_FACE ( 'NONE', ( #13004 ), #6838, .T. ) ;
#3815 = DIRECTION ( 'NONE',  ( -0.000000000000000000, -0.000000000000000000, -1.000000000000000000 ) ) ;
#3816 = VERTEX_POINT ( 'NONE', #10535 ) ;
#3817 = EDGE_CURVE ( 'NONE', #11643, #2187, #12755, .T. ) ;
#3818 = AXIS2_PLACEMENT_3D ( 'NONE', #4439, #1267, #3439 ) ;
#3819 = DIRECTION ( 'NONE',  ( -0.000000000000000000, -0.000000000000000000, -1.000000000000000000 ) ) ;
#3820 = EDGE_CURVE ( 'NONE', #5343, #1964, #4365, .T. ) ;
#3821 = DIRECTION ( 'NONE',  ( -0.000000000000000000, 0.000000000000000000, 1.000000000000000000 ) ) ;
#3822 = CARTESIAN_POINT ( 'NONE',  ( 42.85258495182370098, 14.31924111348213025, 8.800000000000000711 ) ) ;
#3823 = CARTESIAN_POINT ( 'NONE',  ( 83.14083265857169636, 0.7544085079435802754, 8.800000000000000711 ) ) ;
#3824 = LINE ( 'NONE', #8002, #4681 ) ;
#3825 = EDGE_LOOP ( 'NONE', ( #9845, #4406, #2717, #214 ) ) ;
#3826 = ORIENTED_EDGE ( 'NONE', *, *, #13118, .F. ) ;
#3828 = DIRECTION ( 'NONE',  ( -0.000000000000000000, -0.000000000000000000, -1.000000000000000000 ) ) ;
#3827 = CARTESIAN_POINT ( 'NONE',  ( 81.05166045703634836, 13.10754140209606078, 10.40000000000000213 ) ) ;
#3829 = DIRECTION ( 'NONE',  ( 0.000000000000000000, 0.000000000000000000, -1.000000000000000000 ) ) ;
#3830 = VERTEX_POINT ( 'NONE', #7610 ) ;
#3831 = ORIENTED_EDGE ( 'NONE', *, *, #6104, .F. ) ;
#3832 = AXIS2_PLACEMENT_3D ( 'NONE', #1439, #3735, #5572 ) ;
#3833 = ADVANCED_FACE ( 'NONE', ( #1325 ), #2057, .T. ) ;
#3834 = EDGE_CURVE ( 'NONE', #5883, #9398, #10537, .T. ) ;
#3835 = DIRECTION ( 'NONE',  ( 0.000000000000000000, 0.000000000000000000, 1.000000000000000000 ) ) ;
#3836 = VERTEX_POINT ( 'NONE', #1392 ) ;
#3837 = DIRECTION ( 'NONE',  ( 1.000000000000000000, -0.000000000000000000, 0.000000000000000000 ) ) ;
#3838 = LINE ( 'NONE', #2489, #60 ) ;
#3839 = B_SPLINE_CURVE_WITH_KNOTS ( 'NONE', 3,
 ( #4202, #13467, #2312, #5364, #1156, #9563 ),
 .UNSPECIFIED., .F., .F.,
 ( 4, 2, 4 ),
 ( 0.000000000000000000, 0.001201479159603633350, 0.002402958319207266699 ),
 .UNSPECIFIED. ) ;
#3840 = AXIS2_PLACEMENT_3D ( 'NONE', #5018, #9205, #13377 ) ;
#3841 = DIRECTION ( 'NONE',  ( 1.000000000000000000, 0.000000000000000000, 0.000000000000000000 ) ) ;
#3842 = VERTEX_POINT ( 'NONE', #9400 ) ;
#3843 = EDGE_LOOP ( 'NONE', ( #3221, #10450 ) ) ;
#3844 = ADVANCED_FACE ( 'NONE', ( #9530 ), #169, .F. ) ;
#3845 = AXIS2_PLACEMENT_3D ( 'NONE', #1331, #8772, #585 ) ;
#3846 = LINE ( 'NONE', #721, #958 ) ;
#3847 = ORIENTED_EDGE ( 'NONE', *, *, #4336, .T. ) ;
#3848 = CIRCLE ( 'NONE', #5809, 1.500000000000001332 ) ;
#3849 = ORIENTED_EDGE ( 'NONE', *, *, #10004, .T. ) ;
#3850 = DIRECTION ( 'NONE',  ( 0.000000000000000000, 0.000000000000000000, -1.000000000000000000 ) ) ;
#3851 = FACE_OUTER_BOUND ( 'NONE', #8148, .T. ) ;
#3852 = CARTESIAN_POINT ( 'NONE',  ( 25.54116097332608604, 44.25077559055805665, 10.40000000000000213 ) ) ;
#3853 = CARTESIAN_POINT ( 'NONE',  ( 12.50000000000047073, -7.390000000000534364, 0.1252272915134335918 ) ) ;
#3854 = ORIENTED_EDGE ( 'NONE', *, *, #5965, .F. ) ;
#3855 = VERTEX_POINT ( 'NONE', #12547 ) ;
#3856 = CARTESIAN_POINT ( 'NONE',  ( 172.4876398314652590, 22.29570046879387135, 0.000000000000000000 ) ) ;
#3857 = CIRCLE ( 'NONE', #13268, 1.900000000000012790 ) ;
#3858 = DIRECTION ( 'NONE',  ( 0.000000000000000000, 0.000000000000000000, -1.000000000000000000 ) ) ;
#3859 = VERTEX_POINT ( 'NONE', #8499 ) ;
#3860 = VECTOR ( 'NONE', #1794, 1000.000000000000000 ) ;
#3861 = DIRECTION ( 'NONE',  ( -0.000000000000000000, 0.000000000000000000, 1.000000000000000000 ) ) ;
#3862 = AXIS2_PLACEMENT_3D ( 'NONE', #1145, #9480, #12695 ) ;
#3863 = CARTESIAN_POINT ( 'NONE',  ( 200.3288390266749275, 28.60989453229147017, -55.14129099142832047 ) ) ;
#3864 = EDGE_CURVE ( 'NONE', #152, #8541, #3308, .T. ) ;
#3865 = LINE ( 'NONE', #2796, #9233 ) ;
#3866 = ORIENTED_EDGE ( 'NONE', *, *, #5406, .T. ) ;
#3867 = AXIS2_PLACEMENT_3D ( 'NONE', #4467, #12704, #3334 ) ;
#3868 = CIRCLE ( 'NONE', #8030, 1.750000000000001554 ) ;
#3869 = AXIS2_PLACEMENT_3D ( 'NONE', #9663, #1483, #8580 ) ;
#3870 = CARTESIAN_POINT ( 'NONE',  ( 172.9985405866029851, 19.82081807526519057, 10.00000000000000000 ) ) ;
#3871 = CARTESIAN_POINT ( 'NONE',  ( 45.11403200266500590, 133.7801504420406502, 10.00000000000000000 ) ) ;
#3872 = LINE ( 'NONE', #7160, #13237 ) ;
#3873 = EDGE_LOOP ( 'NONE', ( #1552, #2067, #2613, #7209 ) ) ;
#3874 = ORIENTED_EDGE ( 'NONE', *, *, #2235, .T. ) ;
#3875 = CARTESIAN_POINT ( 'NONE',  ( 127.3058926844511660, 166.0121707516658489, 74.05294634222559580 ) ) ;
#3876 = DIRECTION ( 'NONE',  ( -0.000000000000000000, -0.000000000000000000, -1.000000000000000000 ) ) ;
#3877 = ORIENTED_EDGE ( 'NONE', *, *, #1293, .F. ) ;
#3878 = CARTESIAN_POINT ( 'NONE',  ( 81.02043897411351736, 90.72411899924007628, 8.800000000000000711 ) ) ;
#3879 = VECTOR ( 'NONE', #1979, 1000.000000000000000 ) ;
#3880 = EDGE_CURVE ( 'NONE', #6271, #9904, #11438, .T. ) ;
#3881 = CARTESIAN_POINT ( 'NONE',  ( 187.0936175437515487, 63.55093561087003451, 10.40000000000000213 ) ) ;
#3882 = EDGE_LOOP ( 'NONE', ( #4799, #4354, #8899, #7797 ) ) ;
#3883 = CARTESIAN_POINT ( 'NONE',  ( 83.10734701375183420, 117.7494076238474747, 10.00000000000000000 ) ) ;
#3884 = DIRECTION ( 'NONE',  ( 0.000000000000000000, 0.000000000000000000, 1.000000000000000000 ) ) ;
#3885 = CARTESIAN_POINT ( 'NONE',  ( 138.6244221264163912, 81.91230903241692829, 8.800000000000000711 ) ) ;
#3886 = FACE_OUTER_BOUND ( 'NONE', #8885, .T. ) ;
#3887 = ORIENTED_EDGE ( 'NONE', *, *, #10600, .T. ) ;
#3888 = ORIENTED_EDGE ( 'NONE', *, *, #10455, .T. ) ;
#3889 = EDGE_CURVE ( 'NONE', #2562, #8511, #7535, .T. ) ;
#3891 = CARTESIAN_POINT ( 'NONE',  ( 17.00000000000000000, -14.38999999999998636, 10.00000000000000000 ) ) ;
#3890 = CARTESIAN_POINT ( 'NONE',  ( 41.38828736180162338, 21.89204483109605803, 10.40000000000000213 ) ) ;
#3892 = DIRECTION ( 'NONE',  ( 0.000000000000000000, 0.000000000000000000, -1.000000000000000000 ) ) ;
#3893 = ORIENTED_EDGE ( 'NONE', *, *, #5871, .F. ) ;
#3894 = DIRECTION ( 'NONE',  ( -1.000000000000000000, -0.000000000000000000, -0.000000000000000000 ) ) ;
#3895 = ORIENTED_EDGE ( 'NONE', *, *, #2149, .F. ) ;
#3896 = EDGE_CURVE ( 'NONE', #8578, #13095, #3581, .T. ) ;
#3897 = ADVANCED_FACE ( 'NONE', ( #7741 ), #4511, .T. ) ;
#3898 = CARTESIAN_POINT ( 'NONE',  ( 12.50000000000050093, 28.61000000000003851, 0.000000000000000000 ) ) ;
#3899 = CARTESIAN_POINT ( 'NONE',  ( 205.0000000000004547, -12.75190264738178669, 0.000000000000000000 ) ) ;
#3900 = VERTEX_POINT ( 'NONE', #12055 ) ;
#3901 = DIRECTION ( 'NONE',  ( 0.7071067811865482389, 8.659560562354941486E-17, -0.7071067811865469066 ) ) ;
#3902 = VECTOR ( 'NONE', #5597, 999.9999999999998863 ) ;
#3903 = CYLINDRICAL_SURFACE ( 'NONE', #8557, 1.750000000000001554 ) ;
#3904 = VERTEX_POINT ( 'NONE', #11992 ) ;
#3905 = EDGE_CURVE ( 'NONE', #5246, #2780, #329, .T. ) ;
#3906 = CARTESIAN_POINT ( 'NONE',  ( 43.59171366611731457, 12.73299121396859768, 8.800000000000000711 ) ) ;
#3907 = ORIENTED_EDGE ( 'NONE', *, *, #10364, .F. ) ;
#3908 = ORIENTED_EDGE ( 'NONE', *, *, #10391, .T. ) ;
#3909 = DIRECTION ( 'NONE',  ( 1.000000000000000000, 0.000000000000000000, 0.000000000000000000 ) ) ;
#3910 = VERTEX_POINT ( 'NONE', #504 ) ;
#3911 = EDGE_LOOP ( 'NONE', ( #13428, #3412, #7005, #7208, #4629, #4979, #11892 ) ) ;
#3912 = DIRECTION ( 'NONE',  ( -0.000000000000000000, 0.000000000000000000, 1.000000000000000000 ) ) ;
#3913 = DIRECTION ( 'NONE',  ( -1.000000000000000000, -3.411062867899180116E-16, 0.000000000000000000 ) ) ;
#3914 = CARTESIAN_POINT ( 'NONE',  ( 148.0597551873219118, 89.69314898022133775, 10.00000000000000000 ) ) ;
#3915 = VERTEX_POINT ( 'NONE', #12882 ) ;
#3916 = ORIENTED_EDGE ( 'NONE', *, *, #6087, .F. ) ;
#3918 = EDGE_CURVE ( 'NONE', #1120, #1471, #4998, .T. ) ;
#3917 = AXIS2_PLACEMENT_3D ( 'NONE', #488, #3688, #10448 ) ;
#3919 = CARTESIAN_POINT ( 'NONE',  ( 175.7744061206055335, 47.10137757176003959, 8.800000000000000711 ) ) ;
#3920 = EDGE_CURVE ( 'NONE', #13233, #7529, #11091, .T. ) ;
#3921 = DIRECTION ( 'NONE',  ( -0.000000000000000000, 0.000000000000000000, 1.000000000000000000 ) ) ;
#3922 = ORIENTED_EDGE ( 'NONE', *, *, #10261, .F. ) ;
#3923 = DIRECTION ( 'NONE',  ( 0.000000000000000000, 0.000000000000000000, -1.000000000000000000 ) ) ;
#3924 = DIRECTION ( 'NONE',  ( -0.000000000000000000, 0.000000000000000000, 1.000000000000000000 ) ) ;
#3925 = TOROIDAL_SURFACE ( 'NONE', #5669, 5.099999999999984546, 1.500000000000000000 ) ;
#3926 = ORIENTED_EDGE ( 'NONE', *, *, #4324, .T. ) ;
#3927 = CYLINDRICAL_SURFACE ( 'NONE', #10395, 1.750000000000001554 ) ;
#3928 = DIRECTION ( 'NONE',  ( -0.000000000000000000, -0.000000000000000000, -1.000000000000000000 ) ) ;
#3929 = CARTESIAN_POINT ( 'NONE',  ( 136.7244221264163855, 42.67048316991452594, 8.800000000000000711 ) ) ;
#3930 = EDGE_CURVE ( 'NONE', #3288, #11162, #9923, .T. ) ;
#3931 = CARTESIAN_POINT ( 'NONE',  ( 42.85258495182370098, 19.47317995467786389, 10.00000000000000000 ) ) ;
#3932 = ORIENTED_EDGE ( 'NONE', *, *, #9268, .F. ) ;
#3933 = CIRCLE ( 'NONE', #11583, 1.750000000000001554 ) ;
#3934 = EDGE_LOOP ( 'NONE', ( #12725, #10486, #12302, #6532 ) ) ;
#3935 = DIRECTION ( 'NONE',  ( -1.000000000000000000, 0.000000000000000000, 0.000000000000000000 ) ) ;
#3936 = ORIENTED_EDGE ( 'NONE', *, *, #6749, .F. ) ;
#3937 = FACE_OUTER_BOUND ( 'NONE', #4789, .T. ) ;
#3938 = LINE ( 'NONE', #12380, #11321 ) ;
#3939 = CIRCLE ( 'NONE', #482, 7.649999999999989697 ) ;
#3940 = ORIENTED_EDGE ( 'NONE', *, *, #11726, .T. ) ;
#3941 = CARTESIAN_POINT ( 'NONE',  ( 45.11403200266500590, 50.66125931876361221, 10.00000000000000000 ) ) ;
#3942 = DIRECTION ( 'NONE',  ( 1.000000000000000000, 0.000000000000000000, -0.000000000000000000 ) ) ;
#3943 = CARTESIAN_POINT ( 'NONE',  ( 45.08002210663563858, 6.715518501719201616, 0.000000000000000000 ) ) ;
#3944 = PLANE ( 'NONE',  #13191 ) ;
#3945 = EDGE_CURVE ( 'NONE', #7442, #3358, #12946, .T. ) ;
#3946 = FACE_BOUND ( 'NONE', #11621, .T. ) ;
#3947 = VERTEX_POINT ( 'NONE', #6699 ) ;
#3948 = ORIENTED_EDGE ( 'NONE', *, *, #48, .F. ) ;
#3949 = CARTESIAN_POINT ( 'NONE',  ( 191.9588390266749514, 101.3592244094420494, 8.800000000000000711 ) ) ;
#3950 = DIRECTION ( 'NONE',  ( -1.000000000000000000, 0.000000000000000000, -0.000000000000000000 ) ) ;
#3951 = ORIENTED_EDGE ( 'NONE', *, *, #7418, .F. ) ;
#3952 = CIRCLE ( 'NONE', #2007, 1.900000000000012790 ) ;
#3953 = CYLINDRICAL_SURFACE ( 'NONE', #4670, 8.649999999999963052 ) ;
#3954 = ORIENTED_EDGE ( 'NONE', *, *, #3321, .F. ) ;
#3955 = DIRECTION ( 'NONE',  ( 1.000000000000000000, 0.000000000000000000, 0.000000000000000000 ) ) ;
#3956 = CYLINDRICAL_SURFACE ( 'NONE', #11882, 3.599999999999992095 ) ;
#3957 = ADVANCED_FACE ( 'NONE', ( #11020 ), #652, .T. ) ;
#3958 = ORIENTED_EDGE ( 'NONE', *, *, #3972, .F. ) ;
#3959 = VECTOR ( 'NONE', #11784, 1000.000000000000000 ) ;
#3960 = DIRECTION ( 'NONE',  ( 1.000000000000000000, 0.000000000000000000, 0.000000000000000000 ) ) ;
#3961 = CARTESIAN_POINT ( 'NONE',  ( 172.5127247140765121, 12.21742430899847776, 10.00000000000000000 ) ) ;
#3962 = ADVANCED_FACE ( 'NONE', ( #7942 ), #8706, .F. ) ;
#3963 = EDGE_CURVE ( 'NONE', #1675, #4565, #8840, .T. ) ;
#3964 = VERTEX_POINT ( 'NONE', #11915 ) ;
#3965 = DIRECTION ( 'NONE',  ( -1.000000000000000000, 0.000000000000000000, -0.000000000000000000 ) ) ;
#3966 = ORIENTED_EDGE ( 'NONE', *, *, #1387, .T. ) ;
#3967 = ORIENTED_EDGE ( 'NONE', *, *, #1372, .F. ) ;
#3968 = AXIS2_PLACEMENT_3D ( 'NONE', #11916, #2558, #505 ) ;
#3969 = MANIFOLD_SOLID_BREP ( '\X2\501289d2\X0\3', #12039 ) ;
#3970 = CARTESIAN_POINT ( 'NONE',  ( 44.07392876730119724, 127.4562887224804655, 8.800000000000000711 ) ) ;
#3971 = DIRECTION ( 'NONE',  ( 1.000000000000000000, 0.000000000000000000, 0.000000000000000000 ) ) ;
#3972 = EDGE_CURVE ( 'NONE', #13163, #8003, #8220, .T. ) ;
#3973 = VERTEX_POINT ( 'NONE', #3702 ) ;
#3974 = ORIENTED_EDGE ( 'NONE', *, *, #6265, .T. ) ;
#3975 = DIRECTION ( 'NONE',  ( -0.000000000000000000, -0.000000000000000000, -1.000000000000000000 ) ) ;
#3976 = LINE ( 'NONE', #5071, #5159 ) ;
#3977 = LINE ( 'NONE', #31, #267 ) ;
#3978 = EDGE_CURVE ( 'NONE', #10377, #4969, #9699, .T. ) ;
#3979 = AXIS2_PLACEMENT_3D ( 'NONE', #9493, #13533, #8326 ) ;
#3980 = EDGE_CURVE ( 'NONE', #319, #5854, #11300, .T. ) ;
#3981 = VECTOR ( 'NONE', #11743, 999.9999999999998863 ) ;
#3982 = CARTESIAN_POINT ( 'NONE',  ( 173.1315625475476168, 49.42395148535978677, 8.800000000000000711 ) ) ;
#3983 = ORIENTED_EDGE ( 'NONE', *, *, #10599, .T. ) ;
#3984 = VERTEX_POINT ( 'NONE', #12203 ) ;
#3985 = DIRECTION ( 'NONE',  ( -0.7071067811865470176, -0.7071067811865480168, 0.000000000000000000 ) ) ;
#3986 = CARTESIAN_POINT ( 'NONE',  ( 191.9588390266749514, 124.7179551689040551, 8.800000000000000711 ) ) ;
#3987 = ORIENTED_EDGE ( 'NONE', *, *, #12029, .T. ) ;
#3988 = DIRECTION ( 'NONE',  ( -0.000000000000000000, -0.000000000000000000, -1.000000000000000000 ) ) ;
#3989 = CIRCLE ( 'NONE', #4861, 2.700000000000008171 ) ;
#3990 = DIRECTION ( 'NONE',  ( -0.000000000000000000, -0.000000000000000000, -1.000000000000000000 ) ) ;
#3991 = AXIS2_PLACEMENT_3D ( 'NONE', #13007, #8755, #4701 ) ;
#3992 = AXIS2_PLACEMENT_3D ( 'NONE', #11928, #6775, #4378 ) ;
#3993 = ADVANCED_FACE ( 'NONE', ( #5878 ), #4929, .F. ) ;
#3994 = ORIENTED_EDGE ( 'NONE', *, *, #8131, .F. ) ;
#3995 = ADVANCED_FACE ( 'NONE', ( #10068 ), #7191, .F. ) ;
#3996 = DIRECTION ( 'NONE',  ( -0.000000000000000000, 0.000000000000000000, 1.000000000000000000 ) ) ;
#3997 = CIRCLE ( 'NONE', #5514, 1.750000000000001554 ) ;
#3998 = DIRECTION ( 'NONE',  ( -0.000000000000000000, -0.000000000000000000, -1.000000000000000000 ) ) ;
#3999 = DIRECTION ( 'NONE',  ( 1.000000000000000000, 0.000000000000000000, 0.000000000000000000 ) ) ;
#4000 = AXIS2_PLACEMENT_3D ( 'NONE', #12780, #5569, #8805 ) ;
#4001 = CARTESIAN_POINT ( 'NONE',  ( 174.7485405866029851, 19.82081807526519057, 0.000000000000000000 ) ) ;
#4002 = ORIENTED_EDGE ( 'NONE', *, *, #5780, .F. ) ;
#4003 = VECTOR ( 'NONE', #12475, 1000.000000000000000 ) ;
#4004 = VERTEX_POINT ( 'NONE', #13422 ) ;
#4005 = DIRECTION ( 'NONE',  ( -0.000000000000000000, -0.000000000000000000, -1.000000000000000000 ) ) ;
#4006 = DIRECTION ( 'NONE',  ( -0.000000000000000000, -0.000000000000000000, -1.000000000000000000 ) ) ;
#4007 = ORIENTED_EDGE ( 'NONE', *, *, #6882, .T. ) ;
#4008 = DIRECTION ( 'NONE',  ( -0.7071067811865470176, -0.7071067811865479058, -0.000000000000000000 ) ) ;
#4009 = AXIS2_PLACEMENT_3D ( 'NONE', #11263, #3928, #1026 ) ;
#4010 = AXIS2_PLACEMENT_3D ( 'NONE', #11446, #12423, #8506 ) ;
#4011 = EDGE_CURVE ( 'NONE', #11026, #7020, #12123, .T. ) ;
#4012 = AXIS2_PLACEMENT_3D ( 'NONE', #6836, #7672, #4645 ) ;
#4013 = DIRECTION ( 'NONE',  ( -0.000000000000000000, -0.000000000000000000, -1.000000000000000000 ) ) ;
#4014 = ORIENTED_EDGE ( 'NONE', *, *, #11611, .T. ) ;
#4015 = DIRECTION ( 'NONE',  ( 1.000000000000000000, 0.000000000000000000, 0.000000000000000000 ) ) ;
#4016 = LINE ( 'NONE', #12185, #86 ) ;
#4017 = CIRCLE ( 'NONE', #5537, 1.750000000000001554 ) ;
#4018 = CARTESIAN_POINT ( 'NONE',  ( 12.49999999999989875, 153.0000000000004547, 0.1252272915131831255 ) ) ;
#4019 = ORIENTED_EDGE ( 'NONE', *, *, #11169, .F. ) ;
#4020 = VECTOR ( 'NONE', #11591, 1000.000000000000000 ) ;
#4021 = VERTEX_POINT ( 'NONE', #1875 ) ;
#4022 = CARTESIAN_POINT ( 'NONE',  ( 78.81811639599669661, 63.83441197029006275, 10.00000000000000000 ) ) ;
#4023 = AXIS2_PLACEMENT_3D ( 'NONE', #102, #8434, #7407 ) ;
#4024 = VERTEX_POINT ( 'NONE', #6978 ) ;
#4025 = ORIENTED_EDGE ( 'NONE', *, *, #4809, .T. ) ;
#4026 = DIRECTION ( 'NONE',  ( -0.000000000000000000, 0.000000000000000000, 1.000000000000000000 ) ) ;
#4027 = EDGE_CURVE ( 'NONE', #12469, #7913, #785, .T. ) ;
#4028 = CIRCLE ( 'NONE', #7757, 8.649999999999963052 ) ;
#4029 = CARTESIAN_POINT ( 'NONE',  ( 81.00482823265210186, 129.5324077978120840, 10.40000000000000213 ) ) ;
#4030 = ORIENTED_EDGE ( 'NONE', *, *, #6845, .T. ) ;
#4031 = DIRECTION ( 'NONE',  ( -0.000000000000000000, 0.000000000000000000, 1.000000000000000000 ) ) ;
#4032 = EDGE_LOOP ( 'NONE', ( #11904, #10371, #2418, #2272 ) ) ;
#4033 = DIRECTION ( 'NONE',  ( -0.000000000000000000, -0.000000000000000000, -1.000000000000000000 ) ) ;
#4034 = VECTOR ( 'NONE', #4263, 1000.000000000000000 ) ;
#4035 = VERTEX_POINT ( 'NONE', #13488 ) ;
#4036 = EDGE_CURVE ( 'NONE', #4969, #10582, #1805, .T. ) ;
#4037 = ORIENTED_EDGE ( 'NONE', *, *, #5886, .F. ) ;
#4038 = CIRCLE ( 'NONE', #800, 1.900000000000012790 ) ;
#4039 = PLANE ( 'NONE',  #9380 ) ;
#4040 = EDGE_CURVE ( 'NONE', #11114, #2307, #8396, .T. ) ;
#4041 = EDGE_CURVE ( 'NONE', #11580, #6010, #11664, .T. ) ;
#4042 = DIRECTION ( 'NONE',  ( 0.000000000000000000, 0.000000000000000000, -1.000000000000000000 ) ) ;
#4043 = DIRECTION ( 'NONE',  ( 0.000000000000000000, 0.000000000000000000, 1.000000000000000000 ) ) ;
#4044 = VERTEX_POINT ( 'NONE', #5940 ) ;
#4045 = AXIS2_PLACEMENT_3D ( 'NONE', #2651, #6652, #4536 ) ;
#4046 = ORIENTED_EDGE ( 'NONE', *, *, #5030, .T. ) ;
#4047 = FACE_OUTER_BOUND ( 'NONE', #8533, .T. ) ;
#4048 = LINE ( 'NONE', #871, #12289 ) ;
#4049 = AXIS2_PLACEMENT_3D ( 'NONE', #1818, #1953, #5954 ) ;
#4050 = CARTESIAN_POINT ( 'NONE',  ( 17.00000000000004263, 153.0000000000004547, 7.000000000000000000 ) ) ;
#4051 = ORIENTED_EDGE ( 'NONE', *, *, #7203, .T. ) ;
#4052 = ORIENTED_EDGE ( 'NONE', *, *, #601, .T. ) ;
#4053 = LINE ( 'NONE', #3188, #4432 ) ;
#4054 = CARTESIAN_POINT ( 'NONE',  ( 164.0992579820906201, 74.25012897327849259, 8.800000000000000711 ) ) ;
#4055 = ORIENTED_EDGE ( 'NONE', *, *, #5806, .F. ) ;
#4056 = EDGE_CURVE ( 'NONE', #2405, #4280, #6138, .T. ) ;
#4057 = DIRECTION ( 'NONE',  ( -0.000000000000000000, -0.000000000000000000, -1.000000000000000000 ) ) ;
#4058 = ORIENTED_EDGE ( 'NONE', *, *, #11476, .T. ) ;
#4059 = VECTOR ( 'NONE', #11022, 1000.000000000000000 ) ;
#4060 = DIRECTION ( 'NONE',  ( 1.000000000000000000, 0.000000000000000000, 0.000000000000000000 ) ) ;
#4061 = VECTOR ( 'NONE', #9196, 1000.000000000000000 ) ;
#4062 = EDGE_CURVE ( 'NONE', #7783, #6003, #4227, .T. ) ;
#4063 = FACE_OUTER_BOUND ( 'NONE', #9206, .T. ) ;
#4064 = ORIENTED_EDGE ( 'NONE', *, *, #5472, .T. ) ;
#4065 = DIRECTION ( 'NONE',  ( -0.000000000000000000, -0.000000000000000000, -1.000000000000000000 ) ) ;
#4066 = AXIS2_PLACEMENT_3D ( 'NONE', #4422, #6688, #9587 ) ;
#4067 = DIRECTION ( 'NONE',  ( 1.000000000000000000, 0.000000000000000000, 0.000000000000000000 ) ) ;
#4068 = ORIENTED_EDGE ( 'NONE', *, *, #4532, .F. ) ;
#4069 = CARTESIAN_POINT ( 'NONE',  ( 25.54116097332608604, 44.25077559055805665, 9.400000000000028777 ) ) ;
#4070 = CIRCLE ( 'NONE', #7355, 1.900000000000012790 ) ;
#4071 = DIRECTION ( 'NONE',  ( 0.7071039827808559552, -0.7071095795811642715, 0.000000000000000000 ) ) ;
#4072 = ORIENTED_EDGE ( 'NONE', *, *, #4561, .T. ) ;
#4073 = ORIENTED_EDGE ( 'NONE', *, *, #9435, .T. ) ;
#4074 = ADVANCED_FACE ( 'NONE', ( #10203 ), #2066, .T. ) ;
#4075 = EDGE_CURVE ( 'NONE', #5277, #12414, #13218, .T. ) ;
#4076 = DIRECTION ( 'NONE',  ( -0.000000000000000000, -0.000000000000000000, -1.000000000000000000 ) ) ;
#4077 = VERTEX_POINT ( 'NONE', #10325 ) ;
#4078 = DIRECTION ( 'NONE',  ( -3.039070040882986005E-16, 0.7071067811865563435, -0.7071067811865386910 ) ) ;
#4079 = AXIS2_PLACEMENT_3D ( 'NONE', #7112, #2380, #10315 ) ;
#4080 = VECTOR ( 'NONE', #13240, 1000.000000000000000 ) ;
#4081 = LINE ( 'NONE', #10376, #856 ) ;
#4082 = EDGE_LOOP ( 'NONE', ( #6461, #7585, #4073, #358 ) ) ;
#4083 = DIRECTION ( 'NONE',  ( 1.000000000000000000, 0.000000000000000000, 0.000000000000000000 ) ) ;
#4084 = LINE ( 'NONE', #9106, #1449 ) ;
#4085 = DIRECTION ( 'NONE',  ( 1.000000000000000000, 0.000000000000000000, 0.000000000000000000 ) ) ;
#4086 = VECTOR ( 'NONE', #10354, 1000.000000000000000 ) ;
#4087 = DIRECTION ( 'NONE',  ( -0.000000000000000000, -0.000000000000000000, -1.000000000000000000 ) ) ;
#4088 = ORIENTED_EDGE ( 'NONE', *, *, #10422, .F. ) ;
#4089 = ADVANCED_FACE ( 'NONE', ( #5128 ), #7253, .T. ) ;
#4090 = FACE_BOUND ( 'NONE', #8848, .T. ) ;
#4091 = EDGE_CURVE ( 'NONE', #10786, #9130, #12334, .T. ) ;
#4092 = CIRCLE ( 'NONE', #2583, 2.700000000000008171 ) ;
#4093 = DIRECTION ( 'NONE',  ( -0.000000000000000000, 0.000000000000000000, 1.000000000000000000 ) ) ;
#4094 = ORIENTED_EDGE ( 'NONE', *, *, #11045, .F. ) ;
#4095 = ORIENTED_EDGE ( 'NONE', *, *, #7012, .F. ) ;
#4096 = CYLINDRICAL_SURFACE ( 'NONE', #3646, 1.750000000000001554 ) ;
#4097 = VERTEX_POINT ( 'NONE', #8618 ) ;
#4098 = CARTESIAN_POINT ( 'NONE',  ( 42.85258495182370098, 14.31924111348213025, 0.000000000000000000 ) ) ;
#4099 = CARTESIAN_POINT ( 'NONE',  ( 138.6244221264163912, 81.91230903241692829, 8.800000000000000711 ) ) ;
#4100 = EDGE_CURVE ( 'NONE', #6114, #10374, #4158, .T. ) ;
#4101 = LINE ( 'NONE', #9518, #7796 ) ;
#4102 = ORIENTED_EDGE ( 'NONE', *, *, #8096, .F. ) ;
#4103 = ORIENTED_EDGE ( 'NONE', *, *, #3387, .F. ) ;
#4104 = DIRECTION ( 'NONE',  ( 1.000000000000000000, 0.000000000000000000, 0.000000000000000000 ) ) ;
#4105 = CARTESIAN_POINT ( 'NONE',  ( 174.7485405866029851, 58.64993458377050217, 8.800000000000000711 ) ) ;
#4106 = LINE ( 'NONE', #163, #12082 ) ;
#4107 = VERTEX_POINT ( 'NONE', #3165 ) ;
#4108 = ORIENTED_EDGE ( 'NONE', *, *, #8342, .F. ) ;
#4109 = CARTESIAN_POINT ( 'NONE',  ( 172.5127247140765121, 12.21742430899847776, 10.00000000000000000 ) ) ;
#4110 = CARTESIAN_POINT ( 'NONE',  ( 172.5127247140765121, 12.21742430899847776, 0.000000000000000000 ) ) ;
#4111 = CARTESIAN_POINT ( 'NONE',  ( 44.60258495182370098, 19.47317995467786389, 8.800000000000000711 ) ) ;
#4112 = ORIENTED_EDGE ( 'NONE', *, *, #9035, .F. ) ;
#4113 = CARTESIAN_POINT ( 'NONE',  ( 172.7127247140765007, 138.8970351559032963, 8.800000000000000711 ) ) ;
#4114 = EDGE_CURVE ( 'NONE', #9143, #9226, #5255, .T. ) ;
#4115 = DIRECTION ( 'NONE',  ( -1.000000000000000000, 0.000000000000000000, 0.000000000000000000 ) ) ;
#4116 = ORIENTED_EDGE ( 'NONE', *, *, #7491, .F. ) ;
#4117 = VECTOR ( 'NONE', #6534, 1000.000000000000000 ) ;
#4118 = CARTESIAN_POINT ( 'NONE',  ( 88.65482823265209333, 129.5324077978120840, 10.40000000000000213 ) ) ;
#4119 = ORIENTED_EDGE ( 'NONE', *, *, #5506, .T. ) ;
#4120 = CARTESIAN_POINT ( 'NONE',  ( 172.9985405866029851, 53.53183226581801790, 8.800000000000000711 ) ) ;
#4121 = CYLINDRICAL_SURFACE ( 'NONE', #9455, 1.899999999999999023 ) ;
#4122 = ORIENTED_EDGE ( 'NONE', *, *, #8720, .F. ) ;
#4123 = CARTESIAN_POINT ( 'NONE',  ( 20.60000000000003695, 153.0000000000004547, 1.500000000000000444 ) ) ;
#4124 = ADVANCED_FACE ( 'NONE', ( #4287 ), #2335, .F. ) ;
#4125 = VECTOR ( 'NONE', #8896, 1000.000000000000000 ) ;
#4126 = DIRECTION ( 'NONE',  ( -0.000000000000000000, -0.000000000000000000, -1.000000000000000000 ) ) ;
#4127 = CARTESIAN_POINT ( 'NONE',  ( 172.7127247140765007, 128.8646821786008445, 0.000000000000000000 ) ) ;
#4128 = ORIENTED_EDGE ( 'NONE', *, *, #3453, .F. ) ;
#4129 = PLANE ( 'NONE',  #12089 ) ;
#4130 = PLANE ( 'NONE',  #9483 ) ;
#4131 = ADVANCED_FACE ( 'NONE', ( #11694 ), #17, .F. ) ;
#4132 = DIRECTION ( 'NONE',  ( -0.000000000000000000, 0.000000000000000000, 1.000000000000000000 ) ) ;
#4133 = ORIENTED_EDGE ( 'NONE', *, *, #2406, .F. ) ;
#4134 = PLANE ( 'NONE',  #3727 ) ;
#4135 = EDGE_LOOP ( 'NONE', ( #10920, #12835, #7880, #11453 ) ) ;
#4136 = DIRECTION ( 'NONE',  ( 1.000000000000000000, 0.000000000000000000, 0.000000000000000000 ) ) ;
#4137 = CARTESIAN_POINT ( 'NONE',  ( 72.35482823265215302, 129.5324077978120840, 8.800000000000000711 ) ) ;
#4138 = EDGE_CURVE ( 'NONE', #3720, #824, #6185, .T. ) ;
#4139 = EDGE_LOOP ( 'NONE', ( #1378, #9586, #213, #2280 ) ) ;
#4140 = CARTESIAN_POINT ( 'NONE',  ( 148.0597551873219118, 50.50888774354142896, 10.00000000000000000 ) ) ;
#4141 = CARTESIAN_POINT ( 'NONE',  ( 45.11403200266500590, 133.7801504420406502, 0.000000000000000000 ) ) ;
#4142 = LINE ( 'NONE', #7439, #6380 ) ;
#4143 = DIRECTION ( 'NONE',  ( -0.000000000000000000, 0.000000000000000000, 1.000000000000000000 ) ) ;
#4144 = EDGE_CURVE ( 'NONE', #1496, #3265, #8839, .T. ) ;
#4145 = FACE_BOUND ( 'NONE', #11466, .T. ) ;
#4146 = ORIENTED_EDGE ( 'NONE', *, *, #8027, .F. ) ;
#4147 = DIRECTION ( 'NONE',  ( 0.000000000000000000, 1.000000000000000000, -0.000000000000000000 ) ) ;
#4148 = ORIENTED_EDGE ( 'NONE', *, *, #6075, .T. ) ;
#4149 = ORIENTED_EDGE ( 'NONE', *, *, #7957, .F. ) ;
#4150 = CARTESIAN_POINT ( 'NONE',  ( 198.3288390266748422, 82.80500000000019156, 10.00000000000000000 ) ) ;
#4151 = CIRCLE ( 'NONE', #13137, 1.900000000000012790 ) ;
#4152 = CARTESIAN_POINT ( 'NONE',  ( 173.1985405866030021, 136.4482890466690037, 10.00000000000000000 ) ) ;
#4153 = DIRECTION ( 'NONE',  ( -0.000000000000000000, -0.000000000000000000, -1.000000000000000000 ) ) ;
#4154 = EDGE_CURVE ( 'NONE', #1585, #5693, #1179, .T. ) ;
#4155 = ORIENTED_EDGE ( 'NONE', *, *, #7159, .F. ) ;
#4156 = EDGE_CURVE ( 'NONE', #10408, #656, #3370, .T. ) ;
#4157 = CARTESIAN_POINT ( 'NONE',  ( 76.91811639599669093, 63.83441197029006275, 0.000000000000000000 ) ) ;
#4158 = LINE ( 'NONE', #6402, #10356 ) ;
#4159 = AXIS2_PLACEMENT_3D ( 'NONE', #2512, #253, #12829 ) ;
#4160 = ORIENTED_EDGE ( 'NONE', *, *, #1096, .T. ) ;
#4161 = DIRECTION ( 'NONE',  ( 1.000000000000000000, 0.000000000000000000, 0.000000000000000000 ) ) ;
#4162 = ORIENTED_EDGE ( 'NONE', *, *, #11673, .F. ) ;
#4163 = CARTESIAN_POINT ( 'NONE',  ( 204.1000000000004491, 153.0000000000004547, 7.000000000000000000 ) ) ;
#4164 = ORIENTED_EDGE ( 'NONE', *, *, #11760, .T. ) ;
#4165 = DIRECTION ( 'NONE',  ( -0.000000000000000000, -0.000000000000000000, -1.000000000000000000 ) ) ;
#4166 = DIRECTION ( 'NONE',  ( -1.000000000000000000, 0.000000000000000000, 0.000000000000000000 ) ) ;
#4167 = AXIS2_PLACEMENT_3D ( 'NONE', #9198, #4176, #9140 ) ;
#4168 = DIRECTION ( 'NONE',  ( -0.000000000000000000, 0.000000000000000000, 1.000000000000000000 ) ) ;
#4169 = DIRECTION ( 'NONE',  ( 0.000000000000000000, -1.000000000000000000, 0.000000000000000000 ) ) ;
#4170 = DIRECTION ( 'NONE',  ( 1.000000000000000000, 0.000000000000000000, 0.000000000000000000 ) ) ;
#4171 = ORIENTED_EDGE ( 'NONE', *, *, #1000, .T. ) ;
#4172 = EDGE_CURVE ( 'NONE', #7296, #9018, #7303, .T. ) ;
#4173 = ORIENTED_EDGE ( 'NONE', *, *, #9000, .T. ) ;
#4174 = CARTESIAN_POINT ( 'NONE',  ( 12.49999999999989875, 151.0015035589078138, 1.155352940054865268E-15 ) ) ;
#4175 = DIRECTION ( 'NONE',  ( 1.000000000000000000, 0.000000000000000000, 0.000000000000000000 ) ) ;
#4176 = DIRECTION ( 'NONE',  ( -0.000000000000000000, 0.000000000000000000, 1.000000000000000000 ) ) ;
#4177 = DIRECTION ( 'NONE',  ( 0.000000000000000000, -1.000000000000000000, 0.000000000000000000 ) ) ;
#4178 = EDGE_LOOP ( 'NONE', ( #9263, #11562 ) ) ;
#4179 = CARTESIAN_POINT ( 'NONE',  ( 53.43081683830543227, 110.1681598252935999, 8.800000000000000711 ) ) ;
#4180 = DIRECTION ( 'NONE',  ( -0.000000000000000000, 0.000000000000000000, 1.000000000000000000 ) ) ;
#4181 = ORIENTED_EDGE ( 'NONE', *, *, #7095, .T. ) ;
#4182 = CIRCLE ( 'NONE', #1157, 1.900000000000012790 ) ;
#4183 = LINE ( 'NONE', #8372, #853 ) ;
#4184 = EDGE_LOOP ( 'NONE', ( #11903, #6247, #2030, #11828 ) ) ;
#4185 = FACE_OUTER_BOUND ( 'NONE', #10343, .T. ) ;
#4186 = ORIENTED_EDGE ( 'NONE', *, *, #5608, .F. ) ;
#4187 = EDGE_CURVE ( 'NONE', #9080, #5764, #12724, .T. ) ;
#4188 = AXIS2_PLACEMENT_3D ( 'NONE', #2431, #384, #12689 ) ;
#4189 = VECTOR ( 'NONE', #116, 1000.000000000000000 ) ;
#4190 = LINE ( 'NONE', #8116, #376 ) ;
#4191 = CARTESIAN_POINT ( 'NONE',  ( 20.17116097332604951, -4.192077597143913259, 9.000000000000000000 ) ) ;
#4192 = DIRECTION ( 'NONE',  ( -0.000000000000000000, -0.000000000000000000, -1.000000000000000000 ) ) ;
#4193 = ORIENTED_EDGE ( 'NONE', *, *, #7677, .T. ) ;
#4194 = FACE_OUTER_BOUND ( 'NONE', #9940, .T. ) ;
#4195 = DIRECTION ( 'NONE',  ( 1.000000000000000000, 0.000000000000000000, 0.000000000000000000 ) ) ;
#4196 = ORIENTED_EDGE ( 'NONE', *, *, #13022, .F. ) ;
#4197 = ORIENTED_EDGE ( 'NONE', *, *, #9927, .T. ) ;
#4198 = CIRCLE ( 'NONE', #5074, 1.900000000000012790 ) ;
#4199 = VECTOR ( 'NONE', #11166, 1000.000000000000114 ) ;
#4200 = EDGE_CURVE ( 'NONE', #2086, #2061, #283, .T. ) ;
#4201 = ORIENTED_EDGE ( 'NONE', *, *, #6222, .T. ) ;
#4202 = CARTESIAN_POINT ( 'NONE',  ( 205.0000000000005684, 150.6000000000006764, 0.000000000000000000 ) ) ;
#4203 = VECTOR ( 'NONE', #11660, 1000.000000000000000 ) ;
#4204 = CARTESIAN_POINT ( 'NONE',  ( 174.5379805785753149, 9.540354232463158723, 0.000000000000000000 ) ) ;
#4205 = VERTEX_POINT ( 'NONE', #9385 ) ;
#4206 = VECTOR ( 'NONE', #6940, 1000.000000000000000 ) ;
#4207 = LINE ( 'NONE', #7501, #2936 ) ;
#4208 = CARTESIAN_POINT ( 'NONE',  ( 136.9492919255787058, 120.7500671661881455, 10.00000000000000000 ) ) ;
#4209 = LINE ( 'NONE', #12511, #537 ) ;
#4210 = FACE_BOUND ( 'NONE', #5103, .T. ) ;
#4211 = ORIENTED_EDGE ( 'NONE', *, *, #3465, .T. ) ;
#4212 = FACE_BOUND ( 'NONE', #8253, .T. ) ;
#4213 = DIRECTION ( 'NONE',  ( -1.000000000000000000, 0.000000000000000000, 0.000000000000000000 ) ) ;
#4214 = ORIENTED_EDGE ( 'NONE', *, *, #8312, .T. ) ;
#4215 = EDGE_CURVE ( 'NONE', #9469, #8026, #9064, .T. ) ;
#4216 = ORIENTED_EDGE ( 'NONE', *, *, #13368, .F. ) ;
#4217 = FACE_OUTER_BOUND ( 'NONE', #4634, .T. ) ;
#4218 = AXIS2_PLACEMENT_3D ( 'NONE', #299, #2353, #6547 ) ;
#4219 = EDGE_CURVE ( 'NONE', #978, #4846, #3354, .T. ) ;
#4220 = DIRECTION ( 'NONE',  ( 1.000000000000000000, 0.000000000000000000, 0.000000000000000000 ) ) ;
#4221 = EDGE_CURVE ( 'NONE', #3776, #9392, #3419, .T. ) ;
#4222 = ORIENTED_EDGE ( 'NONE', *, *, #1965, .F. ) ;
#4223 = AXIS2_PLACEMENT_3D ( 'NONE', #12849, #10706, #1565 ) ;
#4224 = AXIS2_PLACEMENT_3D ( 'NONE', #4113, #106, #8306 ) ;
#4225 = CARTESIAN_POINT ( 'NONE',  ( 200.3288390266749275, 28.60989453229147017, 0.000000000000000000 ) ) ;
#4226 = DIRECTION ( 'NONE',  ( 0.000000000000000000, 0.000000000000000000, 1.000000000000000000 ) ) ;
#4227 = CIRCLE ( 'NONE', #13001, 1.750000000000001554 ) ;
#4228 = ORIENTED_EDGE ( 'NONE', *, *, #13100, .F. ) ;
#4229 = LINE ( 'NONE', #12405, #9550 ) ;
#4230 = ORIENTED_EDGE ( 'NONE', *, *, #4041, .F. ) ;
#4231 = ADVANCED_FACE ( 'NONE', ( #6466 ), #10656, .F. ) ;
#4232 = ORIENTED_EDGE ( 'NONE', *, *, #10919, .T. ) ;
#4233 = EDGE_CURVE ( 'NONE', #11918, #4021, #6625, .T. ) ;
#4234 = DIRECTION ( 'NONE',  ( 1.000000000000000000, 0.000000000000000000, 0.000000000000000000 ) ) ;
#4235 = CARTESIAN_POINT ( 'NONE',  ( 43.59080015219819870, 54.75183467746543187, 10.00000000000000000 ) ) ;
#4236 = DIRECTION ( 'NONE',  ( 1.000000000000000000, 0.000000000000000000, 0.000000000000000000 ) ) ;
#4237 = DIRECTION ( 'NONE',  ( -0.000000000000000000, -0.000000000000000000, -1.000000000000000000 ) ) ;
#4238 = VERTEX_POINT ( 'NONE', #8419 ) ;
#4239 = ORIENTED_EDGE ( 'NONE', *, *, #8942, .F. ) ;
#4240 = DIRECTION ( 'NONE',  ( -0.000000000000000000, 0.000000000000000000, 1.000000000000000000 ) ) ;
#4241 = CARTESIAN_POINT ( 'NONE',  ( 125.0383251953235941, 137.2223487795121173, 0.000000000000000000 ) ) ;
#4242 = CIRCLE ( 'NONE', #7973, 1.899999999999985034 ) ;
#4243 = DIRECTION ( 'NONE',  ( -0.000000000000000000, 0.000000000000000000, 1.000000000000000000 ) ) ;
#4244 = VERTEX_POINT ( 'NONE', #12599 ) ;
#4245 = CARTESIAN_POINT ( 'NONE',  ( 10.00000000000000711, 129.3050000000002058, 0.000000000000000000 ) ) ;
#4246 = CIRCLE ( 'NONE', #7976, 8.649999999999963052 ) ;
#4247 = CARTESIAN_POINT ( 'NONE',  ( 174.9485405866030021, 131.3223178114732264, 10.00000000000000000 ) ) ;
#4248 = ORIENTED_EDGE ( 'NONE', *, *, #10157, .F. ) ;
#4249 = DIRECTION ( 'NONE',  ( 1.000000000000000000, 0.000000000000000000, 0.000000000000000000 ) ) ;
#4250 = ORIENTED_EDGE ( 'NONE', *, *, #8249, .T. ) ;
#4251 = ADVANCED_FACE ( 'NONE', ( #7451 ), #3232, .F. ) ;
#4252 = AXIS2_PLACEMENT_3D ( 'NONE', #8675, #10984, #10040 ) ;
#4253 = DIRECTION ( 'NONE',  ( 1.000000000000000000, 0.000000000000000000, 0.000000000000000000 ) ) ;
#4254 = ORIENTED_EDGE ( 'NONE', *, *, #231, .T. ) ;
#4255 = AXIS2_PLACEMENT_3D ( 'NONE', #13126, #10779, #8951 ) ;
#4256 = LINE ( 'NONE', #7152, #12628 ) ;
#4257 = CARTESIAN_POINT ( 'NONE',  ( 172.7127247140765007, 128.8646821786008445, 10.00000000000000000 ) ) ;
#4258 = CARTESIAN_POINT ( 'NONE',  ( 12.50000000000046718, -12.75190264738218104, 0.000000000000000000 ) ) ;
#4259 = DIRECTION ( 'NONE',  ( 0.000000000000000000, 0.000000000000000000, 1.000000000000000000 ) ) ;
#4260 = ORIENTED_EDGE ( 'NONE', *, *, #5228, .T. ) ;
#4261 = DIRECTION ( 'NONE',  ( 1.000000000000000000, 0.000000000000000000, 0.000000000000000000 ) ) ;
#4262 = VECTOR ( 'NONE', #11322, 1000.000000000000000 ) ;
#4263 = DIRECTION ( 'NONE',  ( -0.000000000000000000, -0.000000000000000000, -1.000000000000000000 ) ) ;
#4264 = EDGE_LOOP ( 'NONE', ( #873, #8963 ) ) ;
#4265 = ORIENTED_EDGE ( 'NONE', *, *, #20, .F. ) ;
#4266 = EDGE_CURVE ( 'NONE', #3900, #12675, #4684, .T. ) ;
#4267 = AXIS2_PLACEMENT_3D ( 'NONE', #10892, #11934, #6713 ) ;
#4268 = DIRECTION ( 'NONE',  ( -0.000000000000000000, 0.000000000000000000, 1.000000000000000000 ) ) ;
#4269 = CIRCLE ( 'NONE', #4707, 1.750000000000001554 ) ;
#4270 = ORIENTED_EDGE ( 'NONE', *, *, #9084, .F. ) ;
#4271 = CIRCLE ( 'NONE', #1906, 1.900000000000012790 ) ;
#4272 = DIRECTION ( 'NONE',  ( -0.000000000000000000, -0.000000000000000000, -1.000000000000000000 ) ) ;
#4273 = DIRECTION ( 'NONE',  ( 1.000000000000000000, 0.000000000000000000, 0.000000000000000000 ) ) ;
#4274 = LINE ( 'NONE', #5242, #1194 ) ;
#4275 = DIRECTION ( 'NONE',  ( 1.000000000000000000, 0.000000000000000000, 0.000000000000000000 ) ) ;
#4276 = ORIENTED_EDGE ( 'NONE', *, *, #3360, .F. ) ;
#4277 = DIRECTION ( 'NONE',  ( -1.000000000000000000, 0.000000000000000000, 0.000000000000000000 ) ) ;
#4279 = EDGE_CURVE ( 'NONE', #6016, #10239, #11441, .T. ) ;
#4278 = CIRCLE ( 'NONE', #4726, 1.750000000000001554 ) ;
#4280 = VERTEX_POINT ( 'NONE', #30 ) ;
#4281 = CIRCLE ( 'NONE', #11951, 1.750000000000029310 ) ;
#4282 = ORIENTED_EDGE ( 'NONE', *, *, #3023, .F. ) ;
#4283 = CIRCLE ( 'NONE', #12179, 1.500000000000000000 ) ;
#4284 = ORIENTED_EDGE ( 'NONE', *, *, #4295, .F. ) ;
#4285 = AXIS2_PLACEMENT_3D ( 'NONE', #3827, #8005, #11146 ) ;
#4286 = CARTESIAN_POINT ( 'NONE',  ( 25.54116097332610025, 98.50862242824007353, 10.40000000000000213 ) ) ;
#4287 = FACE_OUTER_BOUND ( 'NONE', #2000, .T. ) ;
#4288 = EDGE_CURVE ( 'NONE', #5116, #9995, #3176, .T. ) ;
#4289 = AXIS2_PLACEMENT_3D ( 'NONE', #8956, #9974, #6739 ) ;
#4290 = VECTOR ( 'NONE', #12759, 1000.000000000000000 ) ;
#4291 = ORIENTED_EDGE ( 'NONE', *, *, #3072, .T. ) ;
#4292 = ORIENTED_EDGE ( 'NONE', *, *, #13131, .T. ) ;
#4293 = CARTESIAN_POINT ( 'NONE',  ( 173.7412315249674748, 57.21891101501036303, 0.000000000000000000 ) ) ;
#4294 = ADVANCED_FACE ( 'NONE', ( #9401 ), #11634, .F. ) ;
#4295 = EDGE_CURVE ( 'NONE', #1658, #1421, #6639, .T. ) ;
#4296 = ORIENTED_EDGE ( 'NONE', *, *, #12719, .F. ) ;
#4297 = EDGE_LOOP ( 'NONE', ( #3479, #5329, #825, #12881 ) ) ;
#4298 = CIRCLE ( 'NONE', #11972, 1.750000000000001554 ) ;
#4299 = DIRECTION ( 'NONE',  ( -0.000000000000000000, -0.000000000000000000, -1.000000000000000000 ) ) ;
#4300 = AXIS2_PLACEMENT_3D ( 'NONE', #7132, #9456, #8429 ) ;
#4301 = DIRECTION ( 'NONE',  ( -0.000000000000000000, -0.000000000000000000, -1.000000000000000000 ) ) ;
#4302 = DIRECTION ( 'NONE',  ( 0.5773502691896201799, 0.5773502691896205130, -0.5773502691896365002 ) ) ;
#4303 = ORIENTED_EDGE ( 'NONE', *, *, #5173, .F. ) ;
#4304 = ORIENTED_EDGE ( 'NONE', *, *, #6831, .T. ) ;
#4305 = DIRECTION ( 'NONE',  ( 0.000000000000000000, 0.000000000000000000, -1.000000000000000000 ) ) ;
#4306 = EDGE_CURVE ( 'NONE', #3444, #13266, #10365, .T. ) ;
#4307 = LINE ( 'NONE', #10607, #12063 ) ;
#4308 = VECTOR ( 'NONE', #7395, 1000.000000000000000 ) ;
#4309 = LINE ( 'NONE', #12681, #11679 ) ;
#4310 = ORIENTED_EDGE ( 'NONE', *, *, #2003, .F. ) ;
#4311 = CARTESIAN_POINT ( 'NONE',  ( 49.98808048666279547, 49.98808048666326442, 4.400000000000001243 ) ) ;
#4312 = CARTESIAN_POINT ( 'NONE',  ( 127.8908573292053603, 16.07759220218804330, 9.400000000000021672 ) ) ;
#4313 = ORIENTED_EDGE ( 'NONE', *, *, #5365, .F. ) ;
#4314 = DIRECTION ( 'NONE',  ( -0.000000000000000000, -0.000000000000000000, -1.000000000000000000 ) ) ;
#4315 = ORIENTED_EDGE ( 'NONE', *, *, #13190, .F. ) ;
#4316 = LINE ( 'NONE', #2364, #11228 ) ;
#4317 = CARTESIAN_POINT ( 'NONE',  ( 43.80010033051761553, 49.50536851037037422, 0.000000000000000000 ) ) ;
#4318 = CARTESIAN_POINT ( 'NONE',  ( 134.2762620681505155, 66.92288104716577379, 10.00000000000000000 ) ) ;
#4319 = ORIENTED_EDGE ( 'NONE', *, *, #10521, .T. ) ;
#4320 = CARTESIAN_POINT ( 'NONE',  ( 44.60258495182370098, 9.196027637130681498, 10.00000000000000000 ) ) ;
#4321 = ADVANCED_FACE ( 'NONE', ( #2283 ), #8500, .F. ) ;
#4322 = CARTESIAN_POINT ( 'NONE',  ( 173.1707809144666896, 88.26512760964008919, 8.800000000000000711 ) ) ;
#4323 = DIRECTION ( 'NONE',  ( 1.000000000000000000, 0.000000000000000000, 0.000000000000000000 ) ) ;
#4324 = EDGE_CURVE ( 'NONE', #372, #6143, #12343, .T. ) ;
#4325 = DIRECTION ( 'NONE',  ( 0.7071067811865509034, -0.7071067811865442421, 0.000000000000000000 ) ) ;
#4326 = VERTEX_POINT ( 'NONE', #8235 ) ;
#4327 = CARTESIAN_POINT ( 'NONE',  ( 172.9985405866029851, 97.45949380390098327, 10.00000000000000000 ) ) ;
#4328 = CARTESIAN_POINT ( 'NONE',  ( 43.36403200266500590, 50.66125931876361221, 0.000000000000000000 ) ) ;
#4329 = CARTESIAN_POINT ( 'NONE',  ( 33.40638245624898417, 44.25077559055805665, 10.40000000000000391 ) ) ;
#4330 = ORIENTED_EDGE ( 'NONE', *, *, #10992, .T. ) ;
#4331 = DIRECTION ( 'NONE',  ( 0.000000000000000000, 1.000000000000000000, -0.000000000000000000 ) ) ;
#4332 = DIRECTION ( 'NONE',  ( -0.000000000000000000, 0.000000000000000000, 1.000000000000000000 ) ) ;
#4333 = CYLINDRICAL_SURFACE ( 'NONE', #3979, 1.750000000000001554 ) ;
#4334 = CIRCLE ( 'NONE', #8726, 1.900000000000012790 ) ;
#4335 = ORIENTED_EDGE ( 'NONE', *, *, #13530, .F. ) ;
#4336 = EDGE_CURVE ( 'NONE', #783, #8416, #11460, .T. ) ;
#4337 = DIRECTION ( 'NONE',  ( -1.000000000000000000, 0.000000000000000000, 0.000000000000000000 ) ) ;
#4338 = CARTESIAN_POINT ( 'NONE',  ( 184.6913462234169288, 45.17441017974785922, 30.83176336745037460 ) ) ;
#4339 = DIRECTION ( 'NONE',  ( -0.000000000000000000, -0.000000000000000000, 1.000000000000000000 ) ) ;
#4340 = FACE_BOUND ( 'NONE', #7184, .T. ) ;
#4341 = ORIENTED_EDGE ( 'NONE', *, *, #11819, .F. ) ;
#4342 = VECTOR ( 'NONE', #5705, 1000.000000000000000 ) ;
#4343 = ORIENTED_EDGE ( 'NONE', *, *, #5829, .F. ) ;
#4344 = VERTEX_POINT ( 'NONE', #8362 ) ;
#4345 = CARTESIAN_POINT ( 'NONE',  ( 42.86730598147647697, 91.97633033906204503, 8.800000000000000711 ) ) ;
#4346 = LINE ( 'NONE', #8546, #10442 ) ;
#4347 = ORIENTED_EDGE ( 'NONE', *, *, #5234, .F. ) ;
#4348 = ADVANCED_FACE ( 'NONE', ( #7464 ), #8300, .F. ) ;
#4349 = DIRECTION ( 'NONE',  ( -0.000000000000000000, 0.000000000000000000, 1.000000000000000000 ) ) ;
#4350 = DIRECTION ( 'NONE',  ( -0.000000000000000000, -0.000000000000000000, -1.000000000000000000 ) ) ;
#4351 = ORIENTED_EDGE ( 'NONE', *, *, #10406, .F. ) ;
#4352 = EDGE_LOOP ( 'NONE', ( #10150, #6572, #8175, #7541, #13219, #258, #3974, #4780, #681 ) ) ;
#4353 = DIRECTION ( 'NONE',  ( 1.000000000000000000, 0.000000000000000000, 0.000000000000000000 ) ) ;
#4354 = ORIENTED_EDGE ( 'NONE', *, *, #2346, .F. ) ;
#4355 = ORIENTED_EDGE ( 'NONE', *, *, #176, .T. ) ;
#4356 = CARTESIAN_POINT ( 'NONE',  ( 175.7744061206055335, 47.10137757176002538, 9.400000000000005684 ) ) ;
#4357 = DIRECTION ( 'NONE',  ( -1.000000000000000000, -0.000000000000000000, -0.000000000000000000 ) ) ;
#4358 = ADVANCED_FACE ( 'NONE', ( #6344 ), #2528, .T. ) ;
#4359 = DIRECTION ( 'NONE',  ( -0.000000000000000000, -0.000000000000000000, -1.000000000000000000 ) ) ;
#4360 = CARTESIAN_POINT ( 'NONE',  ( 173.7412315249674748, 57.21891101501036303, 8.800000000000000711 ) ) ;
#4361 = ORIENTED_EDGE ( 'NONE', *, *, #4091, .T. ) ;
#4362 = EDGE_CURVE ( 'NONE', #2537, #8186, #1216, .T. ) ;
#4363 = EDGE_CURVE ( 'NONE', #8232, #10512, #3052, .T. ) ;
#4364 = VERTEX_POINT ( 'NONE', #11377 ) ;
#4365 = LINE ( 'NONE', #6282, #11881 ) ;
#4366 = CARTESIAN_POINT ( 'NONE',  ( 45.11403200266500590, 89.52015041444528265, 0.000000000000000000 ) ) ;
#4367 = CARTESIAN_POINT ( 'NONE',  ( 197.3288390266748991, 82.80500000000019156, -55.14129099142832047 ) ) ;
#4368 = LINE ( 'NONE', #11713, #3608 ) ;
#4369 = ORIENTED_EDGE ( 'NONE', *, *, #9825, .F. ) ;
#4370 = DIRECTION ( 'NONE',  ( -0.000000000000000000, 0.000000000000000000, 1.000000000000000000 ) ) ;
#4371 = CARTESIAN_POINT ( 'NONE',  ( 134.5762620681505553, 145.0023251711596401, 8.800000000000000711 ) ) ;
#4372 = VERTEX_POINT ( 'NONE', #3111 ) ;
#4373 = CYLINDRICAL_SURFACE ( 'NONE', #8470, 1.750000000000001554 ) ;
#4374 = ORIENTED_EDGE ( 'NONE', *, *, #12262, .T. ) ;
#4375 = LINE ( 'NONE', #7548, #5318 ) ;
#4376 = AXIS2_PLACEMENT_3D ( 'NONE', #1215, #5355, #1417 ) ;
#4377 = EDGE_CURVE ( 'NONE', #1835, #6740, #8189, .T. ) ;
#4378 = DIRECTION ( 'NONE',  ( -1.000000000000000000, 0.000000000000000000, 0.000000000000000000 ) ) ;
#4379 = ORIENTED_EDGE ( 'NONE', *, *, #9202, .F. ) ;
#4380 = ADVANCED_FACE ( 'NONE', ( #5270 ), #9461, .F. ) ;
#4381 = CARTESIAN_POINT ( 'NONE',  ( 149.9597551873219174, 11.65909888836609731, 10.00000000000000000 ) ) ;
#4382 = EDGE_CURVE ( 'NONE', #6877, #8425, #11783, .T. ) ;
#4383 = DIRECTION ( 'NONE',  ( -0.000000000000000000, 0.000000000000000000, 1.000000000000000000 ) ) ;
#4384 = DIRECTION ( 'NONE',  ( -0.000000000000000000, 0.000000000000000000, 1.000000000000000000 ) ) ;
#4385 = AXIS2_PLACEMENT_3D ( 'NONE', #6550, #1266, #6417 ) ;
#4386 = CARTESIAN_POINT ( 'NONE',  ( 26.54116097332608959, 28.60989453229144885, 10.40000000000000213 ) ) ;
#4387 = ORIENTED_EDGE ( 'NONE', *, *, #12677, .F. ) ;
#4388 = DIRECTION ( 'NONE',  ( -0.000000000000000000, 0.000000000000000000, 1.000000000000000000 ) ) ;
#4389 = DIRECTION ( 'NONE',  ( 0.7071067811865482389, 8.659560562354941486E-17, -0.7071067811865469066 ) ) ;
#4390 = VERTEX_POINT ( 'NONE', #9721 ) ;
#4391 = FACE_OUTER_BOUND ( 'NONE', #13425, .T. ) ;
#4392 = DIRECTION ( 'NONE',  ( 1.000000000000000000, 0.000000000000000000, 0.000000000000000000 ) ) ;
#4393 = CARTESIAN_POINT ( 'NONE',  ( 12.50000000000001243, 117.8048945322916836, 0.000000000000000000 ) ) ;
#4394 = EDGE_CURVE ( 'NONE', #5439, #5268, #11141, .T. ) ;
#4395 = DIRECTION ( 'NONE',  ( -0.000000000000000000, 0.000000000000000000, 1.000000000000000000 ) ) ;
#4396 = EDGE_CURVE ( 'NONE', #1237, #4613, #9506, .T. ) ;
#4397 = AXIS2_PLACEMENT_3D ( 'NONE', #2865, #5087, #1834 ) ;
#4398 = ORIENTED_EDGE ( 'NONE', *, *, #3905, .T. ) ;
#4399 = LINE ( 'NONE', #134, #4878 ) ;
#4400 = CYLINDRICAL_SURFACE ( 'NONE', #7334, 1.750000000000001554 ) ;
#4401 = AXIS2_PLACEMENT_3D ( 'NONE', #10635, #3599, #7839 ) ;
#4402 = FACE_BOUND ( 'NONE', #6685, .T. ) ;
#4403 = AXIS2_PLACEMENT_3D ( 'NONE', #9135, #6921, #3909 ) ;
#4404 = ORIENTED_EDGE ( 'NONE', *, *, #4100, .F. ) ;
#4405 = LINE ( 'NONE', #475, #10465 ) ;
#4406 = ORIENTED_EDGE ( 'NONE', *, *, #2317, .T. ) ;
#4407 = VERTEX_POINT ( 'NONE', #6628 ) ;
#4408 = ADVANCED_FACE ( 'NONE', ( #7673 ), #8000, .F. ) ;
#4409 = AXIS2_PLACEMENT_3D ( 'NONE', #8983, #8921, #4656 ) ;
#4410 = DIRECTION ( 'NONE',  ( -0.000000000000000000, -0.000000000000000000, -1.000000000000000000 ) ) ;
#4411 = AXIS2_PLACEMENT_3D ( 'NONE', #11121, #3924, #6037 ) ;
#4412 = FACE_OUTER_BOUND ( 'NONE', #6333, .T. ) ;
#4413 = CIRCLE ( 'NONE', #12096, 7.649999999999989697 ) ;
#4414 = ORIENTED_EDGE ( 'NONE', *, *, #2285, .T. ) ;
#4415 = DIRECTION ( 'NONE',  ( -0.000000000000000000, 0.000000000000000000, 1.000000000000000000 ) ) ;
#4416 = DIRECTION ( 'NONE',  ( 1.000000000000000000, 0.000000000000000000, 0.000000000000000000 ) ) ;
#4417 = AXIS2_PLACEMENT_3D ( 'NONE', #6321, #7007, #5731 ) ;
#4418 = ORIENTED_EDGE ( 'NONE', *, *, #3093, .T. ) ;
#4419 = AXIS2_PLACEMENT_3D ( 'NONE', #8937, #7632, #3660 ) ;
#4420 = ORIENTED_EDGE ( 'NONE', *, *, #6319, .T. ) ;
#4421 = CARTESIAN_POINT ( 'NONE',  ( 173.9293630873771122, 55.07826306762003554, 0.000000000000000000 ) ) ;
#4422 = CARTESIAN_POINT ( 'NONE',  ( 205.6000000000004491, 153.0000000000004547, 1.500000000000000444 ) ) ;
#4423 = AXIS2_PLACEMENT_3D ( 'NONE', #10739, #11509, #10675 ) ;
#4424 = ORIENTED_EDGE ( 'NONE', *, *, #13074, .T. ) ;
#4425 = VECTOR ( 'NONE', #5986, 1000.000000000000000 ) ;
#4426 = EDGE_LOOP ( 'NONE', ( #877, #8647, #4550, #4664 ) ) ;
#4427 = DIRECTION ( 'NONE',  ( -0.000000000000000000, -0.000000000000000000, -1.000000000000000000 ) ) ;
#4428 = EDGE_CURVE ( 'NONE', #13016, #12240, #9078, .T. ) ;
#4429 = CARTESIAN_POINT ( 'NONE',  ( 81.05166045703634836, 13.10754140209606078, 8.800000000000000711 ) ) ;
#4430 = DIRECTION ( 'NONE',  ( 1.000000000000000000, 0.000000000000000000, 0.000000000000000000 ) ) ;
#4431 = VECTOR ( 'NONE', #123, 1000.000000000000000 ) ;
#4432 = VECTOR ( 'NONE', #13510, 1000.000000000000000 ) ;
#4433 = FACE_OUTER_BOUND ( 'NONE', #16, .T. ) ;
#4434 = ORIENTED_EDGE ( 'NONE', *, *, #4377, .T. ) ;
#4435 = VECTOR ( 'NONE', #12664, 1000.000000000000000 ) ;
#4436 = ORIENTED_EDGE ( 'NONE', *, *, #9181, .T. ) ;
#4437 = CARTESIAN_POINT ( 'NONE',  ( 12.49999999999989875, 153.0000000000004547, 0.1252272915131831255 ) ) ;
#4438 = FACE_OUTER_BOUND ( 'NONE', #11161, .T. ) ;
#4439 = CARTESIAN_POINT ( 'NONE',  ( 90.50672948317448174, 137.9047134621627038, 8.800000000000000711 ) ) ;
#4440 = EDGE_LOOP ( 'NONE', ( #6924, #7347, #1200, #5320 ) ) ;
#4441 = ADVANCED_FACE ( 'NONE', ( #1327 ), #10053, .F. ) ;
#4442 = CARTESIAN_POINT ( 'NONE',  ( 12.50000000000001243, 82.80500000000016314, 0.000000000000000000 ) ) ;
#4443 = DIRECTION ( 'NONE',  ( -1.000000000000000000, 0.000000000000000000, 0.000000000000000000 ) ) ;
#4444 = DIRECTION ( 'NONE',  ( 1.000000000000000000, 0.000000000000000000, 0.000000000000000000 ) ) ;
#4445 = CIRCLE ( 'NONE', #338, 1.750000000000001554 ) ;
#4446 = ORIENTED_EDGE ( 'NONE', *, *, #1606, .F. ) ;
#4447 = CARTESIAN_POINT ( 'NONE',  ( 43.57945303527486658, 85.25121723046827071, 10.00000000000000000 ) ) ;
#4448 = ORIENTED_EDGE ( 'NONE', *, *, #9035, .T. ) ;
#4449 = LINE ( 'NONE', #11581, #5968 ) ;
#4450 = EDGE_CURVE ( 'NONE', #9851, #2786, #9705, .T. ) ;
#4451 = VECTOR ( 'NONE', #7205, 1000.000000000000000 ) ;
#4452 = EDGE_CURVE ( 'NONE', #9234, #355, #8563, .T. ) ;
#4453 = PLANE ( 'NONE',  #11420 ) ;
#4454 = ORIENTED_EDGE ( 'NONE', *, *, #1023, .F. ) ;
#4455 = AXIS2_PLACEMENT_3D ( 'NONE', #12714, #3147, #2389 ) ;
#4456 = LINE ( 'NONE', #5620, #4290 ) ;
#4457 = CARTESIAN_POINT ( 'NONE',  ( 12.50000000000046718, -8.989106951529553413, 0.03506403103875346122 ) ) ;
#4458 = DIRECTION ( 'NONE',  ( 1.000000000000000000, 0.000000000000000000, 0.000000000000000000 ) ) ;
#4459 = CIRCLE ( 'NONE', #8208, 1.750000000000001554 ) ;
#4460 = CARTESIAN_POINT ( 'NONE',  ( 173.4170201614553548, 137.2950152050907207, 0.000000000000000000 ) ) ;
#4461 = ORIENTED_EDGE ( 'NONE', *, *, #4751, .T. ) ;
#4462 = EDGE_CURVE ( 'NONE', #9018, #7296, #12776, .T. ) ;
#4463 = CARTESIAN_POINT ( 'NONE',  ( 135.0927711730302292, 74.25018637037803160, -11.11072410696334778 ) ) ;
#4464 = LINE ( 'NONE', #8660, #808 ) ;
#4465 = ORIENTED_EDGE ( 'NONE', *, *, #12225, .T. ) ;
#4466 = CARTESIAN_POINT ( 'NONE',  ( 76.91811639599669093, 103.0761435058214914, 8.800000000000000711 ) ) ;
#4467 = CARTESIAN_POINT ( 'NONE',  ( 125.0383251953235941, 137.2223487795121173, 10.00000000000000000 ) ) ;
#4468 = EDGE_CURVE ( 'NONE', #2089, #12386, #6859, .T. ) ;
#4470 = EDGE_CURVE ( 'NONE', #4907, #11515, #12740, .T. ) ;
#4469 = CIRCLE ( 'NONE', #1664, 1.900000000000012790 ) ;
#4471 = LINE ( 'NONE', #1225, #12870 ) ;
#4472 = DIRECTION ( 'NONE',  ( -0.000000000000000000, 0.000000000000000000, 1.000000000000000000 ) ) ;
#4473 = ORIENTED_EDGE ( 'NONE', *, *, #1938, .T. ) ;
#4474 = B_SPLINE_CURVE_WITH_KNOTS ( 'NONE', 3,
 ( #12577, #2039, #3138, #6182, #1099, #11402 ),
 .UNSPECIFIED., .F., .F.,
 ( 4, 2, 4 ),
 ( 3.471710397064159031E-18, 0.001201479159603655034, 0.002402958319207306598 ),
 .UNSPECIFIED. ) ;
#4475 = CIRCLE ( 'NONE', #9314, 1.899999999999985034 ) ;
#4476 = DIRECTION ( 'NONE',  ( 1.000000000000000000, 0.000000000000000000, 0.000000000000000000 ) ) ;
#4477 = DIRECTION ( 'NONE',  ( 1.000000000000000000, 0.000000000000000000, 0.000000000000000000 ) ) ;
#4478 = CARTESIAN_POINT ( 'NONE',  ( 44.60258495182370098, 19.47317995467786389, 0.000000000000000000 ) ) ;
#4479 = EDGE_CURVE ( 'NONE', #6079, #2327, #10676, .T. ) ;
#4480 = CYLINDRICAL_SURFACE ( 'NONE', #11362, 1.750000000000001554 ) ;
#4481 = EDGE_CURVE ( 'NONE', #2797, #2246, #300, .T. ) ;
#4482 = FACE_BOUND ( 'NONE', #12421, .T. ) ;
#4483 = EDGE_LOOP ( 'NONE', ( #4522, #12293, #1760, #11616 ) ) ;
#4484 = CARTESIAN_POINT ( 'NONE',  ( 12.50000000000050093, 28.60989453229144885, 0.000000000000000000 ) ) ;
#4485 = ORIENTED_EDGE ( 'NONE', *, *, #2176, .T. ) ;
#4486 = VERTEX_POINT ( 'NONE', #2749 ) ;
#4487 = DIRECTION ( 'NONE',  ( -0.000000000000000000, -0.000000000000000000, -1.000000000000000000 ) ) ;
#4488 = CIRCLE ( 'NONE', #8446, 1.900000000000012790 ) ;
#4489 = CIRCLE ( 'NONE', #155, 1.900000000000012790 ) ;
#4490 = DIRECTION ( 'NONE',  ( -0.000000000000000000, -0.000000000000000000, -1.000000000000000000 ) ) ;
#4491 = EDGE_LOOP ( 'NONE', ( #4014, #1555, #11820, #11323 ) ) ;
#4492 = CARTESIAN_POINT ( 'NONE',  ( 43.62048673464667559, 93.55595648250675822, 8.800000000000000711 ) ) ;
#4493 = CARTESIAN_POINT ( 'NONE',  ( 174.2376398314652590, 61.11163158215092750, 8.800000000000000711 ) ) ;
#4494 = EDGE_CURVE ( 'NONE', #7229, #6149, #1393, .T. ) ;
#4495 = EDGE_CURVE ( 'NONE', #2516, #6537, #7100, .T. ) ;
#4496 = AXIS2_PLACEMENT_3D ( 'NONE', #225, #9847, #3492 ) ;
#4497 = ORIENTED_EDGE ( 'NONE', *, *, #10300, .T. ) ;
#4498 = EDGE_LOOP ( 'NONE', ( #12923, #13152, #8887, #3346 ) ) ;
#4499 = AXIS2_PLACEMENT_3D ( 'NONE', #8774, #1472, #5611 ) ;
#4500 = FACE_OUTER_BOUND ( 'NONE', #6897, .T. ) ;
#4501 = AXIS2_PLACEMENT_3D ( 'NONE', #11728, #3516, #7687 ) ;
#4502 = DIRECTION ( 'NONE',  ( -0.000000000000000000, 0.000000000000000000, 1.000000000000000000 ) ) ;
#4503 = EDGE_LOOP ( 'NONE', ( #11830, #3060, #1377, #12377 ) ) ;
#4504 = ORIENTED_EDGE ( 'NONE', *, *, #8674, .T. ) ;
#4505 = FACE_OUTER_BOUND ( 'NONE', #4526, .T. ) ;
#4506 = AXIS2_PLACEMENT_3D ( 'NONE', #1699, #8732, #2588 ) ;
#4507 = CARTESIAN_POINT ( 'NONE',  ( 46.83002210663564568, 6.715518501719201616, 8.800000000000000711 ) ) ;
#4508 = AXIS2_PLACEMENT_3D ( 'NONE', #1800, #5936, #13290 ) ;
#4509 = EDGE_LOOP ( 'NONE', ( #5654, #4155 ) ) ;
#4510 = AXIS2_PLACEMENT_3D ( 'NONE', #4588, #6712, #6564 ) ;
#4511 = PLANE ( 'NONE',  #7514 ) ;
#4512 = DIRECTION ( 'NONE',  ( 1.224646799147353207E-16, 1.000000000000000000, 0.000000000000000000 ) ) ;
#4513 = CARTESIAN_POINT ( 'NONE',  ( 205.0000000000004547, 82.80500000000019156, 0.000000000000000000 ) ) ;
#4514 = EDGE_CURVE ( 'NONE', #9189, #9328, #11029, .T. ) ;
#4515 = DIRECTION ( 'NONE',  ( -1.801302180350779826E-16, 1.000000000000000000, 0.000000000000000000 ) ) ;
#4516 = ORIENTED_EDGE ( 'NONE', *, *, #9163, .T. ) ;
#4517 = CARTESIAN_POINT ( 'NONE',  ( 174.5379805785753149, 48.38256379482365332, 10.00000000000000000 ) ) ;
#4518 = AXIS2_PLACEMENT_3D ( 'NONE', #1206, #5217, #3192 ) ;
#4519 = DIRECTION ( 'NONE',  ( -0.000000000000000000, -0.000000000000000000, -1.000000000000000000 ) ) ;
#4520 = ORIENTED_EDGE ( 'NONE', *, *, #10030, .F. ) ;
#4521 = CARTESIAN_POINT ( 'NONE',  ( 172.9985405866029851, 97.45949380390098327, 8.800000000000000711 ) ) ;
#4522 = ORIENTED_EDGE ( 'NONE', *, *, #3650, .F. ) ;
#4523 = AXIS2_PLACEMENT_3D ( 'NONE', #6411, #162, #3243 ) ;
#4524 = CARTESIAN_POINT ( 'NONE',  ( 45.11403200266500590, 55.61338254596925168, 10.00000000000000000 ) ) ;
#4525 = FACE_OUTER_BOUND ( 'NONE', #3281, .T. ) ;
#4526 = EDGE_LOOP ( 'NONE', ( #10745, #5963, #10859, #2734 ) ) ;
#4527 = DIRECTION ( 'NONE',  ( -0.000000000000000000, 0.000000000000000000, 1.000000000000000000 ) ) ;
#4528 = DIRECTION ( 'NONE',  ( 0.5000019787638172453, 0.4999980212283656744, -0.7071067811865378028 ) ) ;
#4529 = CYLINDRICAL_SURFACE ( 'NONE', #4956, 1.750000000000029310 ) ;
#4530 = DIRECTION ( 'NONE',  ( -0.000000000000000000, 0.000000000000000000, 1.000000000000000000 ) ) ;
#4531 = VECTOR ( 'NONE', #12660, 1000.000000000000000 ) ;
#4532 = EDGE_CURVE ( 'NONE', #656, #10408, #4246, .T. ) ;
#4533 = DIRECTION ( 'NONE',  ( 1.000000000000000000, 0.000000000000000000, 0.000000000000000000 ) ) ;
#4534 = VERTEX_POINT ( 'NONE', #13210 ) ;
#4535 = LINE ( 'NONE', #11869, #9257 ) ;
#4536 = DIRECTION ( 'NONE',  ( 1.000000000000000000, 0.000000000000000000, 0.000000000000000000 ) ) ;
#4537 = ORIENTED_EDGE ( 'NONE', *, *, #13254, .T. ) ;
#4538 = DIRECTION ( 'NONE',  ( -0.000000000000000000, -0.000000000000000000, -1.000000000000000000 ) ) ;
#4539 = CARTESIAN_POINT ( 'NONE',  ( 72.35482823265215302, 129.5324077978120840, 9.400000000000041211 ) ) ;
#4540 = DIRECTION ( 'NONE',  ( -0.000000000000000000, 0.000000000000000000, 1.000000000000000000 ) ) ;
#4541 = CARTESIAN_POINT ( 'NONE',  ( 174.7485405866029851, 92.35531679854540243, 0.000000000000000000 ) ) ;
#4542 = EDGE_CURVE ( 'NONE', #9130, #12217, #10164, .T. ) ;
#4543 = EDGE_CURVE ( 'NONE', #3683, #13327, #1012, .T. ) ;
#4544 = EDGE_CURVE ( 'NONE', #11430, #3713, #5998, .T. ) ;
#4545 = CARTESIAN_POINT ( 'NONE',  ( 146.1597551873219345, 50.50888774354142896, 0.000000000000000000 ) ) ;
#4546 = CARTESIAN_POINT ( 'NONE',  ( 43.56986110246234034, 7.599777367365621039, 10.00000000000000000 ) ) ;
#4547 = LINE ( 'NONE', #11750, #2952 ) ;
#4548 = FACE_OUTER_BOUND ( 'NONE', #13305, .T. ) ;
#4549 = DIRECTION ( 'NONE',  ( -0.5000000000000019984, 0.5000000000000016653, -0.7071067811865451302 ) ) ;
#4550 = ORIENTED_EDGE ( 'NONE', *, *, #10507, .T. ) ;
#4551 = ORIENTED_EDGE ( 'NONE', *, *, #11431, .F. ) ;
#4552 = CARTESIAN_POINT ( 'NONE',  ( 172.7127247140765007, 128.8646821786008445, 0.000000000000000000 ) ) ;
#4553 = ORIENTED_EDGE ( 'NONE', *, *, #10378, .F. ) ;
#4554 = CARTESIAN_POINT ( 'NONE',  ( 81.24083265857167646, 0.7544085079435802754, 10.00000000000000000 ) ) ;
#4555 = VECTOR ( 'NONE', #2448, 1000.000000000000000 ) ;
#4556 = ORIENTED_EDGE ( 'NONE', *, *, #278, .F. ) ;
#4557 = CARTESIAN_POINT ( 'NONE',  ( 172.9985405866029851, 97.45949380390098327, 0.000000000000000000 ) ) ;
#4558 = EDGE_CURVE ( 'NONE', #570, #11613, #4459, .T. ) ;
#4559 = CARTESIAN_POINT ( 'NONE',  ( 90.50672948317448174, 59.72174035506507295, 8.800000000000000711 ) ) ;
#4560 = ORIENTED_EDGE ( 'NONE', *, *, #12262, .F. ) ;
#4561 = EDGE_CURVE ( 'NONE', #9328, #9189, #11685, .T. ) ;
#4562 = CARTESIAN_POINT ( 'NONE',  ( 127.0962509126547531, 46.80401707400540090, 0.000000000000000000 ) ) ;
#4563 = VECTOR ( 'NONE', #5664, 1000.000000000000000 ) ;
#4564 = ORIENTED_EDGE ( 'NONE', *, *, #9241, .F. ) ;
#4565 = VERTEX_POINT ( 'NONE', #12313 ) ;
#4566 = DIRECTION ( 'NONE',  ( -0.000000000000000000, 0.000000000000000000, 1.000000000000000000 ) ) ;
#4567 = EDGE_LOOP ( 'NONE', ( #2050, #5928, #10266, #13196 ) ) ;
#4568 = VERTEX_POINT ( 'NONE', #5112 ) ;
#4569 = FACE_OUTER_BOUND ( 'NONE', #2384, .T. ) ;
#4571 = EDGE_CURVE ( 'NONE', #1524, #1314, #11470, .T. ) ;
#4570 = AXIS2_PLACEMENT_3D ( 'NONE', #748, #5849, #13325 ) ;
#4572 = EDGE_CURVE ( 'NONE', #6347, #4714, #7307, .T. ) ;
#4573 = DIRECTION ( 'NONE',  ( -0.000000000000000000, 0.000000000000000000, 1.000000000000000000 ) ) ;
#4574 = ORIENTED_EDGE ( 'NONE', *, *, #4713, .F. ) ;
#4575 = DIRECTION ( 'NONE',  ( -0.000000000000000000, 0.000000000000000000, 1.000000000000000000 ) ) ;
#4576 = LINE ( 'NONE', #2763, #1586 ) ;
#4577 = ORIENTED_EDGE ( 'NONE', *, *, #6386, .F. ) ;
#4578 = CARTESIAN_POINT ( 'NONE',  ( 46.86403200266500590, 123.7087698414060526, 8.800000000000000711 ) ) ;
#4579 = LINE ( 'NONE', #2496, #3004 ) ;
#4580 = ORIENTED_EDGE ( 'NONE', *, *, #3549, .F. ) ;
#4581 = DIRECTION ( 'NONE',  ( 1.000000000000000000, 0.000000000000000000, 0.000000000000000000 ) ) ;
#4582 = FACE_OUTER_BOUND ( 'NONE', #5330, .T. ) ;
#4583 = EDGE_LOOP ( 'NONE', ( #8214, #3298 ) ) ;
#4584 = CARTESIAN_POINT ( 'NONE',  ( 45.11403200266500590, 55.61338254596925168, 8.800000000000000711 ) ) ;
#4585 = EDGE_CURVE ( 'NONE', #5910, #10452, #12578, .T. ) ;
#4586 = DIRECTION ( 'NONE',  ( 1.000000000000000000, 0.000000000000000000, 0.000000000000000000 ) ) ;
#4587 = VERTEX_POINT ( 'NONE', #9304 ) ;
#4588 = CARTESIAN_POINT ( 'NONE',  ( 42.86730598147647697, 48.02469477777533058, 8.800000000000000711 ) ) ;
#4589 = LINE ( 'NONE', #7626, #9101 ) ;
#4590 = DIRECTION ( 'NONE',  ( -1.000000000000000000, 0.000000000000000000, 0.000000000000000000 ) ) ;
#4591 = LINE ( 'NONE', #11936, #9213 ) ;
#4592 = DIRECTION ( 'NONE',  ( -0.000000000000000000, -0.000000000000000000, -1.000000000000000000 ) ) ;
#4593 = LINE ( 'NONE', #4671, #3174 ) ;
#4594 = ORIENTED_EDGE ( 'NONE', *, *, #379, .F. ) ;
#4595 = CARTESIAN_POINT ( 'NONE',  ( 25.54116097332608959, 20.89204483109605803, 10.40000000000000213 ) ) ;
#4596 = FACE_OUTER_BOUND ( 'NONE', #3336, .T. ) ;
#4597 = EDGE_LOOP ( 'NONE', ( #495, #2291, #4831, #6971, #541, #6072, #5610, #10209, #3506, #1950, #232, #6701, #603, #8115, #2375, #5574, #11807, #11230 ) ) ;
#4598 = AXIS2_PLACEMENT_3D ( 'NONE', #3941, #3819, #9481 ) ;
#4599 = DIRECTION ( 'NONE',  ( -1.000000000000000000, 0.000000000000000000, 0.000000000000000000 ) ) ;
#4600 = DIRECTION ( 'NONE',  ( -0.000000000000000000, -0.000000000000000000, -1.000000000000000000 ) ) ;
#4601 = CARTESIAN_POINT ( 'NONE',  ( 138.6244221264163912, 42.67048316991452594, 0.000000000000000000 ) ) ;
#4602 = EDGE_CURVE ( 'NONE', #13508, #6140, #2117, .T. ) ;
#4603 = CARTESIAN_POINT ( 'NONE',  ( 173.4302944456196656, 132.1926215833765923, 0.000000000000000000 ) ) ;
#4604 = ORIENTED_EDGE ( 'NONE', *, *, #11726, .F. ) ;
#4605 = CIRCLE ( 'NONE', #924, 1.750000000000001554 ) ;
#4606 = DIRECTION ( 'NONE',  ( 0.7071067811865477948, -0.7071067811865473507, 0.000000000000000000 ) ) ;
#4607 = CARTESIAN_POINT ( 'NONE',  ( 17.17116097332566227, 28.60989453229145241, 0.000000000000000000 ) ) ;
#4608 = DIRECTION ( 'NONE',  ( -0.000000000000000000, -0.000000000000000000, -1.000000000000000000 ) ) ;
#4609 = LINE ( 'NONE', #8740, #9910 ) ;
#4610 = CARTESIAN_POINT ( 'NONE',  ( 191.9588390266749514, 124.7179551689040551, 10.40000000000000213 ) ) ;
#4611 = LINE ( 'NONE', #8808, #10171 ) ;
#4612 = VERTEX_POINT ( 'NONE', #1922 ) ;
#4613 = VERTEX_POINT ( 'NONE', #4911 ) ;
#4614 = EDGE_CURVE ( 'NONE', #12381, #2765, #4084, .T. ) ;
#4615 = CARTESIAN_POINT ( 'NONE',  ( 197.3288390266748991, 31.60989453229151636, 4.400000000000001243 ) ) ;
#4616 = VERTEX_POINT ( 'NONE', #2885 ) ;
#4617 = AXIS2_PLACEMENT_3D ( 'NONE', #3503, #9722, #375 ) ;
#4618 = VERTEX_POINT ( 'NONE', #7032 ) ;
#4619 = DIRECTION ( 'NONE',  ( -0.000000000000000000, -0.000000000000000000, -1.000000000000000000 ) ) ;
#4620 = EDGE_CURVE ( 'NONE', #152, #5360, #6065, .T. ) ;
#4621 = EDGE_CURVE ( 'NONE', #284, #12279, #5994, .T. ) ;
#4622 = DIRECTION ( 'NONE',  ( -0.000000000000000000, 0.000000000000000000, 1.000000000000000000 ) ) ;
#4623 = EDGE_LOOP ( 'NONE', ( #10041, #6810, #52, #7178 ) ) ;
#4624 = AXIS2_PLACEMENT_3D ( 'NONE', #6580, #4472, #8665 ) ;
#4625 = CARTESIAN_POINT ( 'NONE',  ( 127.0962509126547531, 46.80401707400540090, 0.000000000000000000 ) ) ;
#4626 = AXIS2_PLACEMENT_3D ( 'NONE', #5158, #6294, #9352 ) ;
#4627 = CARTESIAN_POINT ( 'NONE',  ( 197.3288390266748706, 149.8940936094211054, 9.000000000000000000 ) ) ;
#4628 = ORIENTED_EDGE ( 'NONE', *, *, #10790, .F. ) ;
#4629 = ORIENTED_EDGE ( 'NONE', *, *, #6643, .T. ) ;
#4630 = EDGE_CURVE ( 'NONE', #3720, #1330, #13338, .T. ) ;
#4632 = DIRECTION ( 'NONE',  ( -1.000000000000000000, 0.000000000000000000, 0.000000000000000000 ) ) ;
#4631 = CARTESIAN_POINT ( 'NONE',  ( 172.5127247140765121, 12.21742430899847776, 8.800000000000000711 ) ) ;
#4633 = CIRCLE ( 'NONE', #13399, 1.750000000000001554 ) ;
#4634 = EDGE_LOOP ( 'NONE', ( #9795, #696, #11631, #7812 ) ) ;
#4635 = EDGE_LOOP ( 'NONE', ( #5523, #10800, #8405, #8585 ) ) ;
#4636 = CARTESIAN_POINT ( 'NONE',  ( 43.92695978739307350, 56.89921284415382274, 0.000000000000000000 ) ) ;
#4637 = EDGE_CURVE ( 'NONE', #3288, #6000, #8672, .T. ) ;
#4638 = AXIS2_PLACEMENT_3D ( 'NONE', #3885, #11142, #1788 ) ;
#4639 = CARTESIAN_POINT ( 'NONE',  ( 10.00000000000000711, 120.3048945322916978, 0.000000000000000000 ) ) ;
#4640 = EDGE_CURVE ( 'NONE', #9552, #1123, #6383, .T. ) ;
#4641 = AXIS2_PLACEMENT_3D ( 'NONE', #2366, #247, #8577 ) ;
#4642 = CARTESIAN_POINT ( 'NONE',  ( 172.4876398314652590, 17.14497833867034871, 0.000000000000000000 ) ) ;
#4643 = VERTEX_POINT ( 'NONE', #1360 ) ;
#4644 = VECTOR ( 'NONE', #7643, 1000.000000000000000 ) ;
#4645 = DIRECTION ( 'NONE',  ( 1.000000000000000000, 0.000000000000000000, 0.000000000000000000 ) ) ;
#4646 = CARTESIAN_POINT ( 'NONE',  ( 173.2508079168549955, 93.26046697943777986, 10.00000000000000000 ) ) ;
#4647 = AXIS2_PLACEMENT_3D ( 'NONE', #3823, #3749, #1860 ) ;
#4648 = CIRCLE ( 'NONE', #5509, 3.599999999999999201 ) ;
#4649 = VERTEX_POINT ( 'NONE', #8536 ) ;
#4650 = ADVANCED_FACE ( 'NONE', ( #11546 ), #12850, .F. ) ;
#4651 = DIRECTION ( 'NONE',  ( -1.000000000000000000, 0.000000000000000000, 0.000000000000000000 ) ) ;
#4652 = EDGE_CURVE ( 'NONE', #10089, #10282, #9306, .T. ) ;
#4653 = CARTESIAN_POINT ( 'NONE',  ( 46.86403200266500590, 84.41004697847179727, 8.800000000000000711 ) ) ;
#4654 = ORIENTED_EDGE ( 'NONE', *, *, #8259, .F. ) ;
#4655 = DIRECTION ( 'NONE',  ( -0.000000000000000000, 1.000000000000000000, 0.000000000000000000 ) ) ;
#4656 = DIRECTION ( 'NONE',  ( 1.000000000000000000, 0.000000000000000000, 0.000000000000000000 ) ) ;
#4657 = VERTEX_POINT ( 'NONE', #9569 ) ;
#4658 = CARTESIAN_POINT ( 'NONE',  ( 146.1597551873219345, 50.50888774354142896, 8.800000000000000711 ) ) ;
#4659 = AXIS2_PLACEMENT_3D ( 'NONE', #1507, #2661, #5640 ) ;
#4660 = CIRCLE ( 'NONE', #1623, 1.750000000000029310 ) ;
#4661 = AXIS2_PLACEMENT_3D ( 'NONE', #2134, #2063, #9583 ) ;
#4662 = CIRCLE ( 'NONE', #11000, 3.599999999999992095 ) ;
#4663 = CYLINDRICAL_SURFACE ( 'NONE', #8581, 1.750000000000001554 ) ;
#4664 = ORIENTED_EDGE ( 'NONE', *, *, #9899, .F. ) ;
#4665 = CARTESIAN_POINT ( 'NONE',  ( 136.1762620681504927, 28.07725675849961888, 10.00000000000000000 ) ) ;
#4666 = DIRECTION ( 'NONE',  ( -0.000000000000000000, 0.000000000000000000, 1.000000000000000000 ) ) ;
#4667 = DIRECTION ( 'NONE',  ( 1.000000000000000000, 0.000000000000000000, 0.000000000000000000 ) ) ;
#4668 = DIRECTION ( 'NONE',  ( -0.000000000000000000, -0.000000000000000000, -1.000000000000000000 ) ) ;
#4669 = CIRCLE ( 'NONE', #781, 8.649999999999963052 ) ;
#4670 = AXIS2_PLACEMENT_3D ( 'NONE', #4779, #7114, #2830 ) ;
#4671 = CARTESIAN_POINT ( 'NONE',  ( 173.4665854172397701, 57.45867854758728299, 10.00000000000000000 ) ) ;
#4672 = ORIENTED_EDGE ( 'NONE', *, *, #10272, .F. ) ;
#4673 = CARTESIAN_POINT ( 'NONE',  ( 42.86730598147647697, 53.15839306104777506, 0.000000000000000000 ) ) ;
#4674 = EDGE_CURVE ( 'NONE', #5596, #3780, #6452, .T. ) ;
#4675 = AXIS2_PLACEMENT_3D ( 'NONE', #2975, #6080, #1941 ) ;
#4676 = DIRECTION ( 'NONE',  ( 1.000000000000000000, 0.000000000000000000, 0.000000000000000000 ) ) ;
#4677 = EDGE_LOOP ( 'NONE', ( #10367, #12686, #11012, #3271, #179, #6642, #4628, #5915, #8310, #9092, #6539, #9038, #7274, #4002, #10664, #12245, #12152, #10444 ) ) ;
#4678 = CYLINDRICAL_SURFACE ( 'NONE', #2880, 1.750000000000001554 ) ;
#4679 = FACE_OUTER_BOUND ( 'NONE', #8521, .T. ) ;
#4680 = LINE ( 'NONE', #403, #1601 ) ;
#4681 = VECTOR ( 'NONE', #2356, 1000.000000000000000 ) ;
#4682 = CARTESIAN_POINT ( 'NONE',  ( 83.10734701375183420, 39.62327421210908085, 0.000000000000000000 ) ) ;
#4683 = EDGE_LOOP ( 'NONE', ( #2637, #3994 ) ) ;
#4684 = CIRCLE ( 'NONE', #7316, 1.750000000000001554 ) ;
#4685 = CARTESIAN_POINT ( 'NONE',  ( 52.04782755724977505, 32.55158502654420261, 10.40000000000000213 ) ) ;
#4686 = FACE_OUTER_BOUND ( 'NONE', #10228, .T. ) ;
#4687 = CARTESIAN_POINT ( 'NONE',  ( 136.4762620681505609, 145.0023251711596401, 8.800000000000000711 ) ) ;
#4688 = DIRECTION ( 'NONE',  ( -0.000000000000000000, -0.000000000000000000, -1.000000000000000000 ) ) ;
#4689 = EDGE_CURVE ( 'NONE', #3380, #13016, #6008, .T. ) ;
#4690 = VECTOR ( 'NONE', #9156, 1000.000000000000000 ) ;
#4691 = PLANE ( 'NONE',  #9714 ) ;
#4692 = VERTEX_POINT ( 'NONE', #7381 ) ;
#4693 = ORIENTED_EDGE ( 'NONE', *, *, #1769, .T. ) ;
#4694 = DIRECTION ( 'NONE',  ( 1.000000000000000000, 0.000000000000000000, 0.000000000000000000 ) ) ;
#4695 = CARTESIAN_POINT ( 'NONE',  ( 136.1762620681504927, 28.07725675849961888, 8.800000000000000711 ) ) ;
#4696 = ORIENTED_EDGE ( 'NONE', *, *, #9421, .T. ) ;
#4697 = ORIENTED_EDGE ( 'NONE', *, *, #7359, .T. ) ;
#4698 = CIRCLE ( 'NONE', #9959, 1.750000000000001554 ) ;
#4699 = FACE_OUTER_BOUND ( 'NONE', #12489, .T. ) ;
#4700 = ORIENTED_EDGE ( 'NONE', *, *, #7639, .F. ) ;
#4701 = DIRECTION ( 'NONE',  ( -1.000000000000000000, 0.000000000000000000, 0.000000000000000000 ) ) ;
#4702 = EDGE_CURVE ( 'NONE', #5530, #6393, #3198, .T. ) ;
#4703 = VERTEX_POINT ( 'NONE', #10707 ) ;
#4704 = ORIENTED_EDGE ( 'NONE', *, *, #1595, .F. ) ;
#4705 = CARTESIAN_POINT ( 'NONE',  ( 191.9588390266749514, 83.05906438913014256, 8.800000000000000711 ) ) ;
#4706 = CYLINDRICAL_SURFACE ( 'NONE', #3429, 1.750000000000001554 ) ;
#4707 = AXIS2_PLACEMENT_3D ( 'NONE', #13094, #860, #920 ) ;
#4708 = EDGE_LOOP ( 'NONE', ( #10674, #479, #6051, #7675 ) ) ;
#4709 = ORIENTED_EDGE ( 'NONE', *, *, #12893, .T. ) ;
#4710 = AXIS2_PLACEMENT_3D ( 'NONE', #1508, #5848, #3732 ) ;
#4711 = LINE ( 'NONE', #13087, #1491 ) ;
#4712 = CARTESIAN_POINT ( 'NONE',  ( 174.9485405866030021, 131.3223178114732264, 0.000000000000000000 ) ) ;
#4713 = EDGE_CURVE ( 'NONE', #3859, #12126, #2989, .T. ) ;
#4714 = VERTEX_POINT ( 'NONE', #206 ) ;
#4715 = AXIS2_PLACEMENT_3D ( 'NONE', #12936, #5594, #7730 ) ;
#4716 = PLANE ( 'NONE',  #6795 ) ;
#4717 = CIRCLE ( 'NONE', #12394, 1.750000000000001554 ) ;
#4718 = EDGE_CURVE ( 'NONE', #2888, #1492, #11477, .T. ) ;
#4719 = EDGE_CURVE ( 'NONE', #560, #2739, #11813, .T. ) ;
#4720 = VERTEX_POINT ( 'NONE', #9688 ) ;
#4721 = FACE_OUTER_BOUND ( 'NONE', #12868, .T. ) ;
#4722 = ORIENTED_EDGE ( 'NONE', *, *, #5631, .F. ) ;
#4723 = DIRECTION ( 'NONE',  ( 1.000000000000000000, 0.000000000000000000, 0.000000000000000000 ) ) ;
#4724 = ORIENTED_EDGE ( 'NONE', *, *, #7432, .T. ) ;
#4725 = DIRECTION ( 'NONE',  ( -0.000000000000000000, -0.000000000000000000, -1.000000000000000000 ) ) ;
#4726 = AXIS2_PLACEMENT_3D ( 'NONE', #9249, #5328, #5059 ) ;
#4727 = AXIS2_PLACEMENT_3D ( 'NONE', #11614, #4410, #2398 ) ;
#4728 = CIRCLE ( 'NONE', #1707, 8.649999999999948841 ) ;
#4729 = FACE_OUTER_BOUND ( 'NONE', #12442, .T. ) ;
#4730 = EDGE_CURVE ( 'NONE', #10239, #4649, #2452, .T. ) ;
#4731 = ORIENTED_EDGE ( 'NONE', *, *, #8290, .F. ) ;
#4732 = LINE ( 'NONE', #595, #9134 ) ;
#4733 = ORIENTED_EDGE ( 'NONE', *, *, #4382, .F. ) ;
#4734 = DIRECTION ( 'NONE',  ( 1.000000000000000000, 0.000000000000000000, 0.000000000000000000 ) ) ;
#4735 = CARTESIAN_POINT ( 'NONE',  ( 148.0597551873219118, 11.65909888836609731, 10.00000000000000000 ) ) ;
#4736 = DIRECTION ( 'NONE',  ( -0.000000000000000000, -0.000000000000000000, -1.000000000000000000 ) ) ;
#4737 = AXIS2_PLACEMENT_3D ( 'NONE', #12255, #639, #2754 ) ;
#4738 = LINE ( 'NONE', #7137, #2959 ) ;
#4739 = ORIENTED_EDGE ( 'NONE', *, *, #10199, .F. ) ;
#4740 = CARTESIAN_POINT ( 'NONE',  ( 42.86730598147647697, 86.84976237332983828, 10.00000000000000000 ) ) ;
#4741 = AXIS2_PLACEMENT_3D ( 'NONE', #13383, #13123, #2097 ) ;
#4742 = CARTESIAN_POINT ( 'NONE',  ( 170.9627247140764723, 133.7887398999099275, 10.00000000000000000 ) ) ;
#4743 = ORIENTED_EDGE ( 'NONE', *, *, #8750, .F. ) ;
#4744 = DIRECTION ( 'NONE',  ( -0.000000000000000000, -0.000000000000000000, -1.000000000000000000 ) ) ;
#4745 = CIRCLE ( 'NONE', #3032, 1.900000000000012790 ) ;
#4746 = CARTESIAN_POINT ( 'NONE',  ( 134.5762620681505553, 145.0023251711596401, 10.00000000000000000 ) ) ;
#4747 = VECTOR ( 'NONE', #244, 1000.000000000000000 ) ;
#4748 = CARTESIAN_POINT ( 'NONE',  ( 173.9896859041774348, 21.39772630688833743, 0.000000000000000000 ) ) ;
#4749 = EDGE_CURVE ( 'NONE', #9995, #6102, #10596, .T. ) ;
#4750 = ORIENTED_EDGE ( 'NONE', *, *, #6725, .T. ) ;
#4751 = EDGE_CURVE ( 'NONE', #3477, #570, #6660, .T. ) ;
#4752 = CIRCLE ( 'NONE', #13511, 1.899999999999985034 ) ;
#4753 = FACE_OUTER_BOUND ( 'NONE', #730, .T. ) ;
#4754 = DIRECTION ( 'NONE',  ( -0.7071095795811642715, -0.7071039827808559552, 0.000000000000000000 ) ) ;
#4755 = DIRECTION ( 'NONE',  ( -0.000000000000000000, 0.000000000000000000, 1.000000000000000000 ) ) ;
#4756 = LINE ( 'NONE', #12916, #2415 ) ;
#4757 = CYLINDRICAL_SURFACE ( 'NONE', #9672, 1.750000000000001554 ) ;
#4758 = CIRCLE ( 'NONE', #9791, 1.750000000000001554 ) ;
#4759 = DIRECTION ( 'NONE',  ( 0.000000000000000000, 0.000000000000000000, 1.000000000000000000 ) ) ;
#4760 = ORIENTED_EDGE ( 'NONE', *, *, #9014, .T. ) ;
#4761 = ORIENTED_EDGE ( 'NONE', *, *, #3507, .F. ) ;
#4762 = FACE_OUTER_BOUND ( 'NONE', #2898, .T. ) ;
#4763 = CARTESIAN_POINT ( 'NONE',  ( 144.1596358462824981, 93.69416979933204459, 10.40000000000000213 ) ) ;
#4764 = ORIENTED_EDGE ( 'NONE', *, *, #8676, .F. ) ;
#4765 = DIRECTION ( 'NONE',  ( 0.000000000000000000, 0.000000000000000000, -1.000000000000000000 ) ) ;
#4766 = ORIENTED_EDGE ( 'NONE', *, *, #11316, .T. ) ;
#4767 = DIRECTION ( 'NONE',  ( -1.000000000000000000, 0.000000000000000000, 0.000000000000000000 ) ) ;
#4768 = ADVANCED_FACE ( 'NONE', ( #7577 ), #4400, .F. ) ;
#4769 = FACE_OUTER_BOUND ( 'NONE', #8823, .T. ) ;
#4770 = EDGE_LOOP ( 'NONE', ( #4551, #8590, #2120, #6224 ) ) ;
#4771 = DIRECTION ( 'NONE',  ( 1.000000000000000000, 0.000000000000000000, 0.000000000000000000 ) ) ;
#4772 = CARTESIAN_POINT ( 'NONE',  ( 41.80250092417472985, 20.89204483109605803, 8.800000000000000711 ) ) ;
#4773 = CARTESIAN_POINT ( 'NONE',  ( 136.5096358462825208, 93.69416979933204459, 10.40000000000000213 ) ) ;
#4774 = EDGE_LOOP ( 'NONE', ( #1443, #12994, #8159, #1268 ) ) ;
#4775 = EDGE_LOOP ( 'NONE', ( #5558, #8560, #11942, #13437 ) ) ;
#4777 = CARTESIAN_POINT ( 'NONE',  ( 172.4876398314652590, 51.05117720286586547, 8.800000000000000711 ) ) ;
#4776 = DIRECTION ( 'NONE',  ( 1.000000000000000000, 0.000000000000000000, 0.000000000000000000 ) ) ;
#4778 = VERTEX_POINT ( 'NONE', #8603 ) ;
#4779 = CARTESIAN_POINT ( 'NONE',  ( 136.5252465877439079, 54.88588100076002974, 10.40000000000000213 ) ) ;
#4780 = ORIENTED_EDGE ( 'NONE', *, *, #1067, .T. ) ;
#4781 = EDGE_CURVE ( 'NONE', #2603, #4044, #12583, .T. ) ;
#4782 = DIRECTION ( 'NONE',  ( 1.000000000000000000, 0.000000000000000000, 0.000000000000000000 ) ) ;
#4783 = AXIS2_PLACEMENT_3D ( 'NONE', #1364, #5438, #10854 ) ;
#4784 = VERTEX_POINT ( 'NONE', #10505 ) ;
#4785 = CARTESIAN_POINT ( 'NONE',  ( 45.11403200266500590, 50.66125931876361221, 0.000000000000000000 ) ) ;
#4786 = DIRECTION ( 'NONE',  ( -0.000000000000000000, -0.000000000000000000, -1.000000000000000000 ) ) ;
#4787 = ORIENTED_EDGE ( 'NONE', *, *, #5435, .F. ) ;
#4788 = CARTESIAN_POINT ( 'NONE',  ( 195.4000000000003752, -7.390000000000311431, 2.168404344971008868E-16 ) ) ;
#4789 = EDGE_LOOP ( 'NONE', ( #8960, #2874, #4454, #10324 ) ) ;
#4790 = EDGE_CURVE ( 'NONE', #3148, #13143, #5307, .T. ) ;
#4791 = DIRECTION ( 'NONE',  ( -0.000000000000000000, -0.000000000000000000, -1.000000000000000000 ) ) ;
#4792 = ORIENTED_EDGE ( 'NONE', *, *, #9102, .F. ) ;
#4793 = CARTESIAN_POINT ( 'NONE',  ( 136.4940251048210769, 132.5024585979040523, 8.800000000000000711 ) ) ;
#4794 = CARTESIAN_POINT ( 'NONE',  ( 13.40000000000004654, 153.0000000000004547, 7.000000000000000000 ) ) ;
#4795 = ADVANCED_FACE ( 'NONE', ( #9433 ), #67, .F. ) ;
#4796 = CARTESIAN_POINT ( 'NONE',  ( 146.1597551873219345, 11.65909888836609731, 8.800000000000000711 ) ) ;
#4797 = EDGE_LOOP ( 'NONE', ( #3083, #11368, #7865, #11154 ) ) ;
#4798 = DIRECTION ( 'NONE',  ( 0.7071067811865482389, 8.659560562354941486E-17, -0.7071067811865469066 ) ) ;
#4799 = ORIENTED_EDGE ( 'NONE', *, *, #1082, .F. ) ;
#4800 = DIRECTION ( 'NONE',  ( 1.000000000000000000, 0.000000000000000000, 0.000000000000000000 ) ) ;
#4801 = FACE_OUTER_BOUND ( 'NONE', #11574, .T. ) ;
#4802 = CYLINDRICAL_SURFACE ( 'NONE', #6788, 1.750000000000001554 ) ;
#4803 = DIRECTION ( 'NONE',  ( -0.000000000000000000, 0.000000000000000000, 1.000000000000000000 ) ) ;
#4804 = ORIENTED_EDGE ( 'NONE', *, *, #8080, .F. ) ;
#4805 = VERTEX_POINT ( 'NONE', #5568 ) ;
#4806 = DIRECTION ( 'NONE',  ( 1.000000000000000000, 0.000000000000000000, 0.000000000000000000 ) ) ;
#4807 = LINE ( 'NONE', #9146, #11276 ) ;
#4808 = VERTEX_POINT ( 'NONE', #4819 ) ;
#4809 = EDGE_CURVE ( 'NONE', #12151, #4407, #2530, .T. ) ;
#4810 = DIRECTION ( 'NONE',  ( -0.000000000000000000, -0.000000000000000000, -1.000000000000000000 ) ) ;
#4811 = FACE_OUTER_BOUND ( 'NONE', #2095, .T. ) ;
#4812 = EDGE_CURVE ( 'NONE', #6697, #11400, #9013, .T. ) ;
#4813 = EDGE_CURVE ( 'NONE', #7634, #3068, #9951, .T. ) ;
#4814 = ORIENTED_EDGE ( 'NONE', *, *, #13189, .F. ) ;
#4815 = DIRECTION ( 'NONE',  ( -0.000000000000000000, 0.000000000000000000, 1.000000000000000000 ) ) ;
#4816 = CARTESIAN_POINT ( 'NONE',  ( 164.1148687235520072, 35.44184017470649195, 10.40000000000000213 ) ) ;
#4817 = AXIS2_PLACEMENT_3D ( 'NONE', #8652, #3326, #10623 ) ;
#4818 = CARTESIAN_POINT ( 'NONE',  ( 0.000000000000000000, 43.25077559055805665, 10.40000000000000213 ) ) ;
#4819 = CARTESIAN_POINT ( 'NONE',  ( 125.5155958739633206, 124.8090237033039358, 8.800000000000000711 ) ) ;
#4820 = CARTESIAN_POINT ( 'NONE',  ( 45.11403200266500590, 16.77682456503958619, 10.00000000000000000 ) ) ;
#4821 = DIRECTION ( 'NONE',  ( -0.000000000000000000, -0.000000000000000000, -1.000000000000000000 ) ) ;
#4822 = CARTESIAN_POINT ( 'NONE',  ( 92.59275623606896488, 47.62245696408325557, 8.800000000000000711 ) ) ;
#4823 = ORIENTED_EDGE ( 'NONE', *, *, #8166, .F. ) ;
#4824 = ORIENTED_EDGE ( 'NONE', *, *, #10141, .F. ) ;
#4825 = EDGE_CURVE ( 'NONE', #10195, #11489, #4038, .T. ) ;
#4826 = ADVANCED_FACE ( 'NONE', ( #470 ), #3532, .F. ) ;
#4827 = DIRECTION ( 'NONE',  ( 0.000000000000000000, -1.000000000000000000, 0.000000000000000000 ) ) ;
#4828 = LINE ( 'NONE', #891, #1261 ) ;
#4829 = EDGE_LOOP ( 'NONE', ( #11312, #11960, #10792, #5130 ) ) ;
#4830 = LINE ( 'NONE', #13197, #8390 ) ;
#4831 = ORIENTED_EDGE ( 'NONE', *, *, #6900, .F. ) ;
#4832 = DIRECTION ( 'NONE',  ( -0.000000000000000000, 0.000000000000000000, 1.000000000000000000 ) ) ;
#4833 = AXIS2_PLACEMENT_3D ( 'NONE', #8519, #11729, #9813 ) ;
#4834 = DIRECTION ( 'NONE',  ( -1.000000000000000000, 0.000000000000000000, 0.000000000000000000 ) ) ;
#4835 = ORIENTED_EDGE ( 'NONE', *, *, #2302, .F. ) ;
#4836 = CARTESIAN_POINT ( 'NONE',  ( 67.45833726339711234, 17.18080354114162489, 8.800000000000000711 ) ) ;
#4837 = PLANE ( 'NONE',  #9906 ) ;
#4838 = DIRECTION ( 'NONE',  ( -0.000000000000000000, 0.000000000000000000, 1.000000000000000000 ) ) ;
#4839 = DIRECTION ( 'NONE',  ( -0.000000000000000000, 0.000000000000000000, 1.000000000000000000 ) ) ;
#4840 = CARTESIAN_POINT ( 'NONE',  ( 174.2376398314652590, 17.14497833867034871, 10.00000000000000000 ) ) ;
#4841 = ORIENTED_EDGE ( 'NONE', *, *, #8479, .F. ) ;
#4842 = AXIS2_PLACEMENT_3D ( 'NONE', #7206, #11378, #2014 ) ;
#4843 = ORIENTED_EDGE ( 'NONE', *, *, #1509, .F. ) ;
#4844 = ADVANCED_FACE ( 'NONE', ( #7906 ), #6586, .F. ) ;
#4845 = LINE ( 'NONE', #1660, #1270 ) ;
#4846 = VERTEX_POINT ( 'NONE', #2662 ) ;
#4847 = ORIENTED_EDGE ( 'NONE', *, *, #10482, .F. ) ;
#4848 = AXIS2_PLACEMENT_3D ( 'NONE', #11949, #2592, #6727 ) ;
#4849 = DIRECTION ( 'NONE',  ( -1.000000000000000000, 0.000000000000000000, 0.000000000000000000 ) ) ;
#4850 = VERTEX_POINT ( 'NONE', #409 ) ;
#4851 = DIRECTION ( 'NONE',  ( 1.000000000000000000, 0.000000000000000000, 0.000000000000000000 ) ) ;
#4852 = CARTESIAN_POINT ( 'NONE',  ( 205.0000000000005684, 153.0000000000004547, 0.1252272915131916742 ) ) ;
#4853 = ADVANCED_FACE ( 'NONE', ( #6731 ), #10981, .F. ) ;
#4854 = CARTESIAN_POINT ( 'NONE',  ( 127.0962509126547531, 7.991974365494981747, 0.000000000000000000 ) ) ;
#4855 = VECTOR ( 'NONE', #6881, 1000.000000000000000 ) ;
#4856 = ORIENTED_EDGE ( 'NONE', *, *, #7824, .T. ) ;
#4857 = CIRCLE ( 'NONE', #10118, 1.750000000000001554 ) ;
#4858 = ORIENTED_EDGE ( 'NONE', *, *, #7251, .T. ) ;
#4859 = CARTESIAN_POINT ( 'NONE',  ( 196.9000000000004604, 153.0000000000004547, 1.500000000000000444 ) ) ;
#4860 = LINE ( 'NONE', #6989, #11647 ) ;
#4861 = AXIS2_PLACEMENT_3D ( 'NONE', #11732, #3131, #7292 ) ;
#4862 = CARTESIAN_POINT ( 'NONE',  ( 20.60000000000003695, 153.0000000000004547, 7.000000000000000000 ) ) ;
#4863 = VERTEX_POINT ( 'NONE', #1566 ) ;
#4864 = VECTOR ( 'NONE', #9781, 1000.000000000000000 ) ;
#4865 = CYLINDRICAL_SURFACE ( 'NONE', #2363, 1.900000000000012790 ) ;
#4866 = AXIS2_PLACEMENT_3D ( 'NONE', #10735, #6695, #3499 ) ;
#4867 = ORIENTED_EDGE ( 'NONE', *, *, #9430, .F. ) ;
#4868 = ADVANCED_FACE ( 'NONE', ( #11884 ), #8223, .T. ) ;
#4869 = DIRECTION ( 'NONE',  ( 1.000000000000000000, 3.411062867899180116E-16, -0.000000000000000000 ) ) ;
#4870 = DIRECTION ( 'NONE',  ( -1.000000000000000000, 0.000000000000000000, 0.000000000000000000 ) ) ;
#4871 = DIRECTION ( 'NONE',  ( 1.000000000000000000, 0.000000000000000000, 0.000000000000000000 ) ) ;
#4872 = DIRECTION ( 'NONE',  ( 1.000000000000000000, 0.000000000000000000, 0.000000000000000000 ) ) ;
#4873 = ORIENTED_EDGE ( 'NONE', *, *, #8907, .F. ) ;
#4874 = ORIENTED_EDGE ( 'NONE', *, *, #2949, .T. ) ;
#4875 = CARTESIAN_POINT ( 'NONE',  ( 200.5000000000003695, -7.390000000000313207, 7.000000000000000000 ) ) ;
#4876 = ADVANCED_FACE ( 'NONE', ( #11053 ), #10848, .F. ) ;
#4877 = LINE ( 'NONE', #7143, #8645 ) ;
#4878 = VECTOR ( 'NONE', #4272, 1000.000000000000000 ) ;
#4879 = ORIENTED_EDGE ( 'NONE', *, *, #12307, .T. ) ;
#4880 = EDGE_CURVE ( 'NONE', #3265, #2979, #5571, .T. ) ;
#4881 = VECTOR ( 'NONE', #3520, 1000.000000000000000 ) ;
#4882 = CARTESIAN_POINT ( 'NONE',  ( 41.89847560493171841, 83.05906438913005729, 10.40000000000000213 ) ) ;
#4883 = VECTOR ( 'NONE', #6189, 1000.000000000000000 ) ;
#4884 = CIRCLE ( 'NONE', #3582, 1.750000000000001554 ) ;
#4885 = DIRECTION ( 'NONE',  ( 0.000000000000000000, -0.000000000000000000, 1.000000000000000000 ) ) ;
#4886 = ORIENTED_EDGE ( 'NONE', *, *, #2910, .F. ) ;
#4887 = VECTOR ( 'NONE', #12090, 1000.000000000000000 ) ;
#4888 = AXIS2_PLACEMENT_3D ( 'NONE', #3246, #12612, #3049 ) ;
#4889 = EDGE_CURVE ( 'NONE', #13491, #12151, #5641, .T. ) ;
#4890 = VECTOR ( 'NONE', #8768, 1000.000000000000000 ) ;
#4891 = CARTESIAN_POINT ( 'NONE',  ( 136.5096358462825208, 93.69416979933204459, 8.800000000000000711 ) ) ;
#4892 = CARTESIAN_POINT ( 'NONE',  ( 172.5127247140765121, 99.94750278602708704, 10.00000000000000000 ) ) ;
#4893 = EDGE_CURVE ( 'NONE', #12895, #2621, #5774, .T. ) ;
#4894 = ADVANCED_FACE ( 'NONE', ( #684 ), #8804, .T. ) ;
#4895 = LINE ( 'NONE', #7982, #4690 ) ;
#4896 = ORIENTED_EDGE ( 'NONE', *, *, #12435, .F. ) ;
#4897 = ORIENTED_EDGE ( 'NONE', *, *, #11911, .T. ) ;
#4898 = DIRECTION ( 'NONE',  ( -0.000000000000000000, 0.000000000000000000, 1.000000000000000000 ) ) ;
#4899 = VECTOR ( 'NONE', #10153, 1000.000000000000000 ) ;
#4900 = DIRECTION ( 'NONE',  ( -0.000000000000000000, -0.000000000000000000, -1.000000000000000000 ) ) ;
#4901 = ORIENTED_EDGE ( 'NONE', *, *, #4494, .T. ) ;
#4902 = DIRECTION ( 'NONE',  ( 1.000000000000000000, 0.000000000000000000, 0.000000000000000000 ) ) ;
#4903 = AXIS2_PLACEMENT_3D ( 'NONE', #7396, #11558, #2197 ) ;
#4904 = CARTESIAN_POINT ( 'NONE',  ( 204.1000000000003638, -7.390000000000312319, 7.000000000000000000 ) ) ;
#4905 = FACE_OUTER_BOUND ( 'NONE', #1754, .T. ) ;
#4906 = EDGE_CURVE ( 'NONE', #10286, #9673, #11955, .T. ) ;
#4907 = VERTEX_POINT ( 'NONE', #547 ) ;
#4908 = AXIS2_PLACEMENT_3D ( 'NONE', #701, #6551, #5404 ) ;
#4909 = DIRECTION ( 'NONE',  ( -1.000000000000000000, 0.000000000000000000, 0.000000000000000000 ) ) ;
#4910 = LINE ( 'NONE', #11207, #975 ) ;
#4911 = CARTESIAN_POINT ( 'NONE',  ( 43.88854327116730047, 88.27087967958746617, 0.000000000000000000 ) ) ;
#4912 = CARTESIAN_POINT ( 'NONE',  ( 174.5379805785753149, 48.38256379482365332, 0.000000000000000000 ) ) ;
#4913 = FACE_OUTER_BOUND ( 'NONE', #8927, .T. ) ;
#4914 = ORIENTED_EDGE ( 'NONE', *, *, #3963, .F. ) ;
#4915 = EDGE_LOOP ( 'NONE', ( #12223, #10105, #4292, #858 ) ) ;
#4917 = CARTESIAN_POINT ( 'NONE',  ( 42.86730598147647697, 91.97633033906204503, 10.00000000000000000 ) ) ;
#4916 = LINE ( 'NONE', #5795, #6457 ) ;
#4918 = CYLINDRICAL_SURFACE ( 'NONE', #11080, 1.900000000000012790 ) ;
#4919 = VERTEX_POINT ( 'NONE', #4687 ) ;
#4920 = ORIENTED_EDGE ( 'NONE', *, *, #11772, .F. ) ;
#4921 = DIRECTION ( 'NONE',  ( -0.000000000000000000, -0.000000000000000000, -1.000000000000000000 ) ) ;
#4922 = CIRCLE ( 'NONE', #13027, 8.649999999999963052 ) ;
#4923 = DIRECTION ( 'NONE',  ( -1.000000000000000000, 0.000000000000000000, 0.000000000000000000 ) ) ;
#4924 = AXIS2_PLACEMENT_3D ( 'NONE', #3283, #12914, #6800 ) ;
#4925 = CARTESIAN_POINT ( 'NONE',  ( 80.71811639599671651, 63.83441197029006275, 10.00000000000000000 ) ) ;
#4926 = EDGE_CURVE ( 'NONE', #331, #12789, #11279, .T. ) ;
#4927 = VERTEX_POINT ( 'NONE', #2644 ) ;
#4928 = EDGE_CURVE ( 'NONE', #2246, #4364, #4589, .T. ) ;
#4929 = PLANE ( 'NONE',  #13424 ) ;
#4930 = CYLINDRICAL_SURFACE ( 'NONE', #11839, 1.750000000000001554 ) ;
#4931 = CIRCLE ( 'NONE', #4045, 7.649999999999989697 ) ;
#4932 = EDGE_LOOP ( 'NONE', ( #9437, #9046, #3260, #5382 ) ) ;
#4933 = CIRCLE ( 'NONE', #5788, 1.900000000000012790 ) ;
#4934 = LINE ( 'NONE', #2768, #9749 ) ;
#4935 = ORIENTED_EDGE ( 'NONE', *, *, #1344, .T. ) ;
#4936 = ORIENTED_EDGE ( 'NONE', *, *, #11027, .T. ) ;
#4937 = FACE_OUTER_BOUND ( 'NONE', #11984, .T. ) ;
#4938 = VECTOR ( 'NONE', #1674, 1000.000000000000114 ) ;
#4939 = DIRECTION ( 'NONE',  ( 1.000000000000000000, 0.000000000000000000, 0.000000000000000000 ) ) ;
#4940 = EDGE_LOOP ( 'NONE', ( #10534, #6391 ) ) ;
#4941 = ADVANCED_FACE ( 'NONE', ( #7759 ), #9948, .F. ) ;
#4942 = AXIS2_PLACEMENT_3D ( 'NONE', #12297, #5224, #2028 ) ;
#4943 = ORIENTED_EDGE ( 'NONE', *, *, #5089, .T. ) ;
#4944 = CARTESIAN_POINT ( 'NONE',  ( 134.2762620681505155, 28.07725675849961888, 8.800000000000000711 ) ) ;
#4945 = FACE_OUTER_BOUND ( 'NONE', #756, .T. ) ;
#4946 = LINE ( 'NONE', #10411, #2451 ) ;
#4947 = CYLINDRICAL_SURFACE ( 'NONE', #9929, 1.750000000000001554 ) ;
#4948 = EDGE_LOOP ( 'NONE', ( #12891, #9590, #7551, #5865, #12668, #3826, #6413, #3907, #11366, #2857, #5393, #6705, #8753, #9195, #12797 ) ) ;
#4949 = EDGE_LOOP ( 'NONE', ( #10370, #2410, #6071, #2080 ) ) ;
#4950 = DIRECTION ( 'NONE',  ( 0.000000000000000000, 0.000000000000000000, -1.000000000000000000 ) ) ;
#4951 = AXIS2_PLACEMENT_3D ( 'NONE', #8487, #8349, #8224 ) ;
#4952 = CARTESIAN_POINT ( 'NONE',  ( 42.86730598147647697, 126.1887866701237044, 0.000000000000000000 ) ) ;
#4953 = ORIENTED_EDGE ( 'NONE', *, *, #8259, .T. ) ;
#4954 = VECTOR ( 'NONE', #4490, 1000.000000000000000 ) ;
#4955 = CARTESIAN_POINT ( 'NONE',  ( 174.5379805785753149, 9.540354232463158723, 10.00000000000000000 ) ) ;
#4956 = AXIS2_PLACEMENT_3D ( 'NONE', #3268, #11654, #8722 ) ;
#4957 = DIRECTION ( 'NONE',  ( -1.125813862719237453E-16, 1.000000000000000000, 0.000000000000000000 ) ) ;
#4958 = PLANE ( 'NONE',  #5304 ) ;
#4959 = ORIENTED_EDGE ( 'NONE', *, *, #11493, .T. ) ;
#4961 = EDGE_CURVE ( 'NONE', #9051, #5858, #9969, .T. ) ;
#4960 = AXIS2_PLACEMENT_3D ( 'NONE', #8528, #9618, #2240 ) ;
#4962 = AXIS2_PLACEMENT_3D ( 'NONE', #13069, #7786, #1778 ) ;
#4963 = DIRECTION ( 'NONE',  ( -0.000000000000000000, 0.000000000000000000, 1.000000000000000000 ) ) ;
#4964 = VECTOR ( 'NONE', #1143, 1000.000000000000000 ) ;
#4965 = CARTESIAN_POINT ( 'NONE',  ( 100.4861135185664125, 100.4853181670007274, 10.40000000000000213 ) ) ;
#4966 = DIRECTION ( 'NONE',  ( -0.000000000000000000, 0.000000000000000000, 1.000000000000000000 ) ) ;
#4967 = CARTESIAN_POINT ( 'NONE',  ( 128.8440251048210996, 132.5024585979040523, 10.40000000000000213 ) ) ;
#4968 = EDGE_LOOP ( 'NONE', ( #12730, #10355, #182, #4102 ) ) ;
#4969 = VERTEX_POINT ( 'NONE', #8784 ) ;
#4970 = AXIS2_PLACEMENT_3D ( 'NONE', #2429, #5541, #10884 ) ;
#4971 = DIRECTION ( 'NONE',  ( 1.000000000000000000, 0.000000000000000000, 0.000000000000000000 ) ) ;
#4972 = CARTESIAN_POINT ( 'NONE',  ( 26.54116097332609669, 120.8673531877020793, 10.40000000000000213 ) ) ;
#4973 = ADVANCED_FACE ( 'NONE', ( #1484 ), #598, .F. ) ;
#4974 = ORIENTED_EDGE ( 'NONE', *, *, #4279, .F. ) ;
#4975 = CIRCLE ( 'NONE', #11531, 1.750000000000001554 ) ;
#4976 = EDGE_CURVE ( 'NONE', #2765, #8024, #4933, .T. ) ;
#4977 = EDGE_CURVE ( 'NONE', #12786, #3509, #5686, .T. ) ;
#4978 = DIRECTION ( 'NONE',  ( -0.000000000000000000, -0.000000000000000000, -1.000000000000000000 ) ) ;
#4979 = ORIENTED_EDGE ( 'NONE', *, *, #11899, .T. ) ;
#4980 = AXIS2_PLACEMENT_3D ( 'NONE', #8418, #7450, #3231 ) ;
#4981 = DIRECTION ( 'NONE',  ( 0.7071067811865481278, 8.659560562354940254E-17, -0.7071067811865469066 ) ) ;
#4982 = DIRECTION ( 'NONE',  ( -0.000000000000000000, 0.000000000000000000, 1.000000000000000000 ) ) ;
#4983 = CARTESIAN_POINT ( 'NONE',  ( 43.62048673464667559, 93.55595648250675822, 10.00000000000000000 ) ) ;
#4984 = FACE_BOUND ( 'NONE', #9254, .T. ) ;
#4985 = VERTEX_POINT ( 'NONE', #8859 ) ;
#4986 = ORIENTED_EDGE ( 'NONE', *, *, #4558, .F. ) ;
#4987 = DIRECTION ( 'NONE',  ( 1.000000000000000000, 0.000000000000000000, 0.000000000000000000 ) ) ;
#4988 = VERTEX_POINT ( 'NONE', #5476 ) ;
#4989 = EDGE_CURVE ( 'NONE', #8186, #285, #6666, .T. ) ;
#4990 = EDGE_LOOP ( 'NONE', ( #5339, #7928, #8431, #4537 ) ) ;
#4991 = DIRECTION ( 'NONE',  ( 1.000000000000000000, 0.000000000000000000, 0.000000000000000000 ) ) ;
#4992 = EDGE_CURVE ( 'NONE', #4486, #918, #810, .T. ) ;
#4993 = CARTESIAN_POINT ( 'NONE',  ( 175.7744061206055335, 47.10137757176002538, 9.400000000000000355 ) ) ;
#4994 = ORIENTED_EDGE ( 'NONE', *, *, #1144, .T. ) ;
#4995 = CARTESIAN_POINT ( 'NONE',  ( 136.4940251048210769, 132.5024585979040523, 10.40000000000000213 ) ) ;
#4996 = CARTESIAN_POINT ( 'NONE',  ( 119.8824524847338466, 119.8815036103776066, 10.40000000000000213 ) ) ;
#4997 = ORIENTED_EDGE ( 'NONE', *, *, #7655, .F. ) ;
#4998 = B_SPLINE_CURVE_WITH_KNOTS ( 'NONE', 3,
 ( #10811, #5672, #2487, #9720, #9933, #441 ),
 .UNSPECIFIED., .F., .F.,
 ( 4, 2, 4 ),
 ( 0.002402958319207266699, 0.003600523143040794492, 0.004798087966874322284 ),
 .UNSPECIFIED. ) ;
#4999 = CARTESIAN_POINT ( 'NONE',  ( 73.35482823265211039, 129.5324077978120840, 10.40000000000000213 ) ) ;
#5000 = ORIENTED_EDGE ( 'NONE', *, *, #3525, .F. ) ;
#5001 = EDGE_CURVE ( 'NONE', #12240, #4205, #7781, .T. ) ;
#5002 = ORIENTED_EDGE ( 'NONE', *, *, #4532, .T. ) ;
#5003 = ADVANCED_FACE ( 'NONE', ( #5550 ), #7888, .F. ) ;
#5004 = AXIS2_PLACEMENT_3D ( 'NONE', #10994, #1851, #13199 ) ;
#5005 = CARTESIAN_POINT ( 'NONE',  ( 80.71811639599671651, 142.0078835394621706, 0.000000000000000000 ) ) ;
#5006 = DIRECTION ( 'NONE',  ( 0.000000000000000000, 0.7071067811865378028, -0.7071067811865573427 ) ) ;
#5007 = ORIENTED_EDGE ( 'NONE', *, *, #333, .T. ) ;
#5008 = FACE_OUTER_BOUND ( 'NONE', #6662, .T. ) ;
#5009 = ORIENTED_EDGE ( 'NONE', *, *, #6814, .F. ) ;
#5010 = CARTESIAN_POINT ( 'NONE',  ( 200.5000000000004547, 153.0000000000004547, 0.000000000000000000 ) ) ;
#5011 = CARTESIAN_POINT ( 'NONE',  ( 174.7485405866029851, 92.35531679854540243, 0.000000000000000000 ) ) ;
#5012 = DIRECTION ( 'NONE',  ( -0.000000000000000000, -0.000000000000000000, -1.000000000000000000 ) ) ;
#5013 = DIRECTION ( 'NONE',  ( 1.000000000000000000, 0.000000000000000000, 0.000000000000000000 ) ) ;
#5014 = ORIENTED_EDGE ( 'NONE', *, *, #5110, .T. ) ;
#5015 = ORIENTED_EDGE ( 'NONE', *, *, #6782, .T. ) ;
#5016 = CIRCLE ( 'NONE', #6748, 1.900000000000012790 ) ;
#5017 = DIRECTION ( 'NONE',  ( 1.000000000000000000, 0.000000000000000000, 0.000000000000000000 ) ) ;
#5018 = CARTESIAN_POINT ( 'NONE',  ( 45.11403200266500590, 133.7801504420406502, 0.000000000000000000 ) ) ;
#5019 = ORIENTED_EDGE ( 'NONE', *, *, #12466, .F. ) ;
#5020 = DIRECTION ( 'NONE',  ( 1.000000000000000000, 0.000000000000000000, 0.000000000000000000 ) ) ;
#5021 = ADVANCED_FACE ( 'NONE', ( #10757 ), #1414, .F. ) ;
#5022 = CARTESIAN_POINT ( 'NONE',  ( 175.8139694863819784, 23.74264681229802676, 10.40000000000000213 ) ) ;
#5023 = EDGE_LOOP ( 'NONE', ( #6807, #8612, #12692, #4270 ) ) ;
#5024 = CARTESIAN_POINT ( 'NONE',  ( 124.8267149358792949, 58.91592920418546697, 10.00000000000000000 ) ) ;
#5025 = DIRECTION ( 'NONE',  ( -0.000000000000000000, -0.000000000000000000, -1.000000000000000000 ) ) ;
#5026 = CARTESIAN_POINT ( 'NONE',  ( 0.000000000000000000, 82.80500000000016314, 8.800000000000000711 ) ) ;
#5027 = DIRECTION ( 'NONE',  ( -0.000000000000000000, 0.000000000000000000, 1.000000000000000000 ) ) ;
#5028 = ORIENTED_EDGE ( 'NONE', *, *, #5846, .T. ) ;
#5029 = ORIENTED_EDGE ( 'NONE', *, *, #10274, .F. ) ;
#5030 = EDGE_CURVE ( 'NONE', #1309, #1170, #1899, .T. ) ;
#5031 = CARTESIAN_POINT ( 'NONE',  ( 90.50672948317448174, 137.9047134621627038, 8.800000000000000711 ) ) ;
#5032 = ORIENTED_EDGE ( 'NONE', *, *, #5791, .F. ) ;
#5033 = CARTESIAN_POINT ( 'NONE',  ( 205.0000000000004547, 117.8050000000001631, 0.000000000000000000 ) ) ;
#5034 = CARTESIAN_POINT ( 'NONE',  ( 20.17116097332560898, 31.60989453229145241, -55.14129099142832047 ) ) ;
#5035 = VECTOR ( 'NONE', #3389, 1000.000000000000000 ) ;
#5036 = ORIENTED_EDGE ( 'NONE', *, *, #8439, .F. ) ;
#5037 = DIRECTION ( 'NONE',  ( -1.000000000000000000, 0.000000000000000000, 0.000000000000000000 ) ) ;
#5038 = CARTESIAN_POINT ( 'NONE',  ( 92.55321194845042498, 86.83428515614535570, 0.000000000000000000 ) ) ;
#5039 = DIRECTION ( 'NONE',  ( 1.000000000000000000, -0.000000000000000000, 0.000000000000000000 ) ) ;
#5040 = EDGE_CURVE ( 'NONE', #5500, #2966, #13239, .T. ) ;
#5041 = FACE_BOUND ( 'NONE', #7457, .T. ) ;
#5042 = ORIENTED_EDGE ( 'NONE', *, *, #9241, .T. ) ;
#5043 = ORIENTED_EDGE ( 'NONE', *, *, #3896, .T. ) ;
#5044 = FACE_OUTER_BOUND ( 'NONE', #5249, .T. ) ;
#5045 = EDGE_CURVE ( 'NONE', #9039, #874, #10183, .T. ) ;
#5046 = ORIENTED_EDGE ( 'NONE', *, *, #2143, .F. ) ;
#5047 = ADVANCED_FACE ( 'NONE', ( #8994 ), #13369, .F. ) ;
#5048 = VECTOR ( 'NONE', #3269, 1000.000000000000114 ) ;
#5049 = ORIENTED_EDGE ( 'NONE', *, *, #11168, .F. ) ;
#5050 = CARTESIAN_POINT ( 'NONE',  ( 17.00000000000000000, -7.389999999999980140, 0.000000000000000000 ) ) ;
#5051 = CARTESIAN_POINT ( 'NONE',  ( 124.8267149358792949, 58.91592920418546697, 10.00000000000000000 ) ) ;
#5052 = CARTESIAN_POINT ( 'NONE',  ( 134.2762620681505155, 106.1427854106715074, 10.00000000000000000 ) ) ;
#5053 = ORIENTED_EDGE ( 'NONE', *, *, #10881, .F. ) ;
#5054 = AXIS2_PLACEMENT_3D ( 'NONE', #4241, #10472, #9532 ) ;
#5055 = DIRECTION ( 'NONE',  ( -0.000000000000000000, -0.000000000000000000, -1.000000000000000000 ) ) ;
#5056 = EDGE_CURVE ( 'NONE', #9147, #8476, #11109, .T. ) ;
#5057 = CARTESIAN_POINT ( 'NONE',  ( 136.5408573292053234, 16.07759220218804330, 8.800000000000000711 ) ) ;
#5058 = ORIENTED_EDGE ( 'NONE', *, *, #12910, .T. ) ;
#5059 = DIRECTION ( 'NONE',  ( 1.000000000000000000, 0.000000000000000000, 0.000000000000000000 ) ) ;
#5060 = ADVANCED_FACE ( 'NONE', ( #4047 ), #11035, .F. ) ;
#5061 = VERTEX_POINT ( 'NONE', #3781 ) ;
#5062 = EDGE_CURVE ( 'NONE', #1471, #8344, #9739, .T. ) ;
#5063 = EDGE_LOOP ( 'NONE', ( #1991, #11967 ) ) ;
#5064 = CIRCLE ( 'NONE', #7701, 1.750000000000001554 ) ;
#5065 = CARTESIAN_POINT ( 'NONE',  ( 134.2762620681505155, 28.07725675849961888, 8.800000000000000711 ) ) ;
#5066 = DIRECTION ( 'NONE',  ( -1.000000000000000000, -0.000000000000000000, -0.000000000000000000 ) ) ;
#5067 = VERTEX_POINT ( 'NONE', #9264 ) ;
#5068 = EDGE_LOOP ( 'NONE', ( #2559, #9942 ) ) ;
#5069 = EDGE_CURVE ( 'NONE', #8443, #12545, #797, .T. ) ;
#5070 = LINE ( 'NONE', #2781, #2109 ) ;
#5071 = CARTESIAN_POINT ( 'NONE',  ( 197.3288390266748706, 150.8940936094210770, 10.00000000000000000 ) ) ;
#5072 = CARTESIAN_POINT ( 'NONE',  ( 134.5762620681505553, 145.0023251711596401, 0.000000000000000000 ) ) ;
#5073 = ADVANCED_FACE ( 'NONE', ( #2708 ), #6024, .F. ) ;
#5074 = AXIS2_PLACEMENT_3D ( 'NONE', #11065, #4832, #9026 ) ;
#5075 = VECTOR ( 'NONE', #1545, 1000.000000000000000 ) ;
#5076 = CARTESIAN_POINT ( 'NONE',  ( 88.68604971557492433, 51.91583020066806142, 10.40000000000000213 ) ) ;
#5077 = ORIENTED_EDGE ( 'NONE', *, *, #12294, .T. ) ;
#5078 = EDGE_LOOP ( 'NONE', ( #5274, #13214, #4873, #2287 ) ) ;
#5079 = DIRECTION ( 'NONE',  ( 0.000000000000000000, -0.000000000000000000, -1.000000000000000000 ) ) ;
#5080 = CARTESIAN_POINT ( 'NONE',  ( 148.0597551873219118, 89.69314898022133775, 0.000000000000000000 ) ) ;
#5081 = ORIENTED_EDGE ( 'NONE', *, *, #2946, .F. ) ;
#5082 = DIRECTION ( 'NONE',  ( -0.000000000000000000, 0.000000000000000000, 1.000000000000000000 ) ) ;
#5083 = ORIENTED_EDGE ( 'NONE', *, *, #11833, .F. ) ;
#5084 = AXIS2_PLACEMENT_3D ( 'NONE', #8489, #11771, #3038 ) ;
#5085 = CARTESIAN_POINT ( 'NONE',  ( 25.54116097332610025, 98.50862242824007353, 10.40000000000000213 ) ) ;
#5086 = VECTOR ( 'NONE', #13381, 1000.000000000000000 ) ;
#5087 = DIRECTION ( 'NONE',  ( -1.000000000000000000, -1.125813862719237453E-16, 0.000000000000000000 ) ) ;
#5088 = EDGE_LOOP ( 'NONE', ( #3029, #11243 ) ) ;
#5089 = EDGE_CURVE ( 'NONE', #3426, #10067, #6887, .T. ) ;
#5090 = FACE_OUTER_BOUND ( 'NONE', #7224, .T. ) ;
#5091 = EDGE_CURVE ( 'NONE', #11924, #3210, #8648, .T. ) ;
#5092 = AXIS2_PLACEMENT_3D ( 'NONE', #12383, #698, #4015 ) ;
#5093 = AXIS2_PLACEMENT_3D ( 'NONE', #2236, #3329, #5167 ) ;
#5094 = DIRECTION ( 'NONE',  ( 1.000000000000000000, 0.000000000000000000, 0.000000000000000000 ) ) ;
#5095 = EDGE_LOOP ( 'NONE', ( #9707, #4959, #10390, #12348 ) ) ;
#5096 = LINE ( 'NONE', #13259, #3714 ) ;
#5097 = AXIS2_PLACEMENT_3D ( 'NONE', #2118, #1299, #8469 ) ;
#5098 = DIRECTION ( 'NONE',  ( -1.000000000000000000, 0.000000000000000000, 0.000000000000000000 ) ) ;
#5099 = EDGE_LOOP ( 'NONE', ( #9935, #10604, #4436, #12340 ) ) ;
#5100 = AXIS2_PLACEMENT_3D ( 'NONE', #12100, #2740, #6878 ) ;
#5101 = ORIENTED_EDGE ( 'NONE', *, *, #984, .F. ) ;
#5102 = DIRECTION ( 'NONE',  ( 0.5773502691896200689, -0.5773502691896212902, -0.5773502691896359451 ) ) ;
#5103 = EDGE_LOOP ( 'NONE', ( #10951, #8100 ) ) ;
#5104 = CARTESIAN_POINT ( 'NONE',  ( 173.2475695979644570, 98.35926382522058020, 10.00000000000000000 ) ) ;
#5105 = VECTOR ( 'NONE', #6664, 999.9999999999998863 ) ;
#5106 = AXIS2_PLACEMENT_3D ( 'NONE', #11041, #1692, #3115 ) ;
#5107 = VECTOR ( 'NONE', #4226, 1000.000000000000000 ) ;
#5108 = DIRECTION ( 'NONE',  ( 0.000000000000000000, 0.000000000000000000, 1.000000000000000000 ) ) ;
#5109 = ORIENTED_EDGE ( 'NONE', *, *, #4751, .F. ) ;
#5110 = EDGE_CURVE ( 'NONE', #6977, #1489, #10388, .T. ) ;
#5111 = DIRECTION ( 'NONE',  ( 1.000000000000000000, 0.000000000000000000, 0.000000000000000000 ) ) ;
#5112 = CARTESIAN_POINT ( 'NONE',  ( 174.2442451392241765, 138.0503089974815794, 8.800000000000000711 ) ) ;
#5113 = DIRECTION ( 'NONE',  ( -0.000000000000000000, 0.000000000000000000, 1.000000000000000000 ) ) ;
#5114 = CYLINDRICAL_SURFACE ( 'NONE', #8847, 1.750000000000001554 ) ;
#5115 = ORIENTED_EDGE ( 'NONE', *, *, #10199, .T. ) ;
#5116 = VERTEX_POINT ( 'NONE', #6092 ) ;
#5117 = FACE_OUTER_BOUND ( 'NONE', #1338, .T. ) ;
#5118 = CARTESIAN_POINT ( 'NONE',  ( 198.3288390266748422, 82.80500000000019156, 10.00000000000000000 ) ) ;
#5119 = VECTOR ( 'NONE', #3437, 1000.000000000000000 ) ;
#5120 = ORIENTED_EDGE ( 'NONE', *, *, #11597, .T. ) ;
#5121 = ORIENTED_EDGE ( 'NONE', *, *, #91, .T. ) ;
#5122 = CYLINDRICAL_SURFACE ( 'NONE', #2135, 1.900000000000012790 ) ;
#5123 = DIRECTION ( 'NONE',  ( -1.000000000000000000, -4.297894068818421720E-16, 0.000000000000000000 ) ) ;
#5124 = CARTESIAN_POINT ( 'NONE',  ( 174.0239112990023500, 13.09992932628742324, 10.00000000000000000 ) ) ;
#5125 = ORIENTED_EDGE ( 'NONE', *, *, #3376, .T. ) ;
#5126 = EDGE_CURVE ( 'NONE', #3947, #8713, #5070, .T. ) ;
#5127 = AXIS2_PLACEMENT_3D ( 'NONE', #3822, #7106, #12452 ) ;
#5128 = FACE_OUTER_BOUND ( 'NONE', #1765, .T. ) ;
#5129 = DIRECTION ( 'NONE',  ( -1.000000000000000000, 0.000000000000000000, 0.000000000000000000 ) ) ;
#5130 = ORIENTED_EDGE ( 'NONE', *, *, #601, .F. ) ;
#5131 = DIRECTION ( 'NONE',  ( 0.000000000000000000, -1.000000000000000000, 0.000000000000000000 ) ) ;
#5132 = VERTEX_POINT ( 'NONE', #9138 ) ;
#5133 = ORIENTED_EDGE ( 'NONE', *, *, #4928, .T. ) ;
#5134 = AXIS2_PLACEMENT_3D ( 'NONE', #11749, #8400, #1231 ) ;
#5135 = DIRECTION ( 'NONE',  ( 1.485289157052436882E-16, -1.000000000000000000, 0.000000000000000000 ) ) ;
#5136 = CARTESIAN_POINT ( 'NONE',  ( 45.11403200266500590, 133.7801504420406502, 8.800000000000000711 ) ) ;
#5137 = EDGE_CURVE ( 'NONE', #9338, #434, #1755, .T. ) ;
#5138 = DIRECTION ( 'NONE',  ( 1.000000000000000000, 0.000000000000000000, 0.000000000000000000 ) ) ;
#5139 = CARTESIAN_POINT ( 'NONE',  ( 175.7744061206055335, 47.10137757176002538, 8.800000000000000711 ) ) ;
#5140 = CARTESIAN_POINT ( 'NONE',  ( 20.17116097332561608, 28.60989453229144885, 8.799999999999995381 ) ) ;
#5141 = ORIENTED_EDGE ( 'NONE', *, *, #13166, .F. ) ;
#5142 = ADVANCED_FACE ( 'NONE', ( #9069 ), #11723, .T. ) ;
#5144 = EDGE_CURVE ( 'NONE', #5990, #7805, #869, .T. ) ;
#5143 = CIRCLE ( 'NONE', #12801, 2.700000000000004619 ) ;
#5145 = ORIENTED_EDGE ( 'NONE', *, *, #11257, .T. ) ;
#5146 = CARTESIAN_POINT ( 'NONE',  ( 26.54116097332608604, 28.60989453229145596, 10.39999999999999858 ) ) ;
#5147 = DIRECTION ( 'NONE',  ( -0.000000000000000000, -0.000000000000000000, -1.000000000000000000 ) ) ;
#5148 = FACE_OUTER_BOUND ( 'NONE', #1400, .T. ) ;
#5149 = CARTESIAN_POINT ( 'NONE',  ( 67.45833726339711234, 56.04032460332424392, 8.800000000000000711 ) ) ;
#5150 = ORIENTED_EDGE ( 'NONE', *, *, #851, .F. ) ;
#5151 = DIRECTION ( 'NONE',  ( 0.7071067811865507924, -0.7071067811865441310, -0.000000000000000000 ) ) ;
#5152 = DIRECTION ( 'NONE',  ( -0.000000000000000000, 0.000000000000000000, 1.000000000000000000 ) ) ;
#5153 = ORIENTED_EDGE ( 'NONE', *, *, #4621, .T. ) ;
#5154 = DIRECTION ( 'NONE',  ( 1.000000000000000000, 0.000000000000000000, 0.000000000000000000 ) ) ;
#5155 = EDGE_LOOP ( 'NONE', ( #4201, #12035, #6820, #10936 ) ) ;
#5156 = AXIS2_PLACEMENT_3D ( 'NONE', #10949, #1600, #3443 ) ;
#5157 = EDGE_CURVE ( 'NONE', #3025, #4568, #9544, .T. ) ;
#5158 = CARTESIAN_POINT ( 'NONE',  ( 42.86730598147647697, 58.29192021169607330, 0.000000000000000000 ) ) ;
#5159 = VECTOR ( 'NONE', #8172, 1000.000000000000000 ) ;
#5160 = CARTESIAN_POINT ( 'NONE',  ( 191.9588390266749514, 62.55093561087003451, 9.400000000000000355 ) ) ;
#5161 = ORIENTED_EDGE ( 'NONE', *, *, #4961, .T. ) ;
#5162 = ADVANCED_FACE ( 'NONE', ( #4945 ), #11173, .F. ) ;
#5163 = DIRECTION ( 'NONE',  ( 1.000000000000000000, 0.000000000000000000, 0.000000000000000000 ) ) ;
#5164 = AXIS2_PLACEMENT_3D ( 'NONE', #13426, #4033, #2068 ) ;
#5165 = LINE ( 'NONE', #10559, #986 ) ;
#5166 = ORIENTED_EDGE ( 'NONE', *, *, #4062, .F. ) ;
#5167 = DIRECTION ( 'NONE',  ( 1.000000000000000000, 0.000000000000000000, 0.000000000000000000 ) ) ;
#5168 = AXIS2_PLACEMENT_3D ( 'NONE', #11110, #10085, #11935 ) ;
#5169 = DIRECTION ( 'NONE',  ( 1.000000000000000000, 0.000000000000000000, 0.000000000000000000 ) ) ;
#5170 = ORIENTED_EDGE ( 'NONE', *, *, #2507, .T. ) ;
#5171 = DIRECTION ( 'NONE',  ( -0.000000000000000000, -0.000000000000000000, -1.000000000000000000 ) ) ;
#5172 = DIRECTION ( 'NONE',  ( -1.000000000000000000, 0.000000000000000000, 0.000000000000000000 ) ) ;
#5173 = EDGE_CURVE ( 'NONE', #7733, #12406, #1251, .T. ) ;
#5174 = EDGE_LOOP ( 'NONE', ( #11696, #10273, #4824, #2934 ) ) ;
#5175 = DIRECTION ( 'NONE',  ( 1.000000000000000000, -0.000000000000000000, -0.000000000000000000 ) ) ;
#5176 = EDGE_CURVE ( 'NONE', #10282, #7919, #10618, .T. ) ;
#5177 = VECTOR ( 'NONE', #464, 1000.000000000000000 ) ;
#5178 = AXIS2_PLACEMENT_3D ( 'NONE', #11963, #13263, #10176 ) ;
#5179 = CARTESIAN_POINT ( 'NONE',  ( 25.54116097332609314, 83.05906438913005729, 8.800000000000000711 ) ) ;
#5180 = EDGE_LOOP ( 'NONE', ( #9778, #5280, #4404, #2805 ) ) ;
#5181 = DIRECTION ( 'NONE',  ( -0.000000000000000000, -0.000000000000000000, -1.000000000000000000 ) ) ;
#5182 = DIRECTION ( 'NONE',  ( 0.000000000000000000, 0.000000000000000000, -1.000000000000000000 ) ) ;
#5183 = CIRCLE ( 'NONE', #1281, 3.599999999999992095 ) ;
#5184 = LINE ( 'NONE', #1789, #9083 ) ;
#5185 = EDGE_LOOP ( 'NONE', ( #690, #9769, #10490, #11563 ) ) ;
#5186 = FACE_BOUND ( 'NONE', #4583, .T. ) ;
#5187 = EDGE_LOOP ( 'NONE', ( #12161, #10413, #11868, #1108 ) ) ;
#5188 = ORIENTED_EDGE ( 'NONE', *, *, #4620, .F. ) ;
#5189 = ADVANCED_FACE ( 'NONE', ( #9265 ), #2919, .F. ) ;
#5190 = DIRECTION ( 'NONE',  ( 7.968624249359899058E-16, 1.000000000000000000, -0.000000000000000000 ) ) ;
#5191 = VECTOR ( 'NONE', #1257, 1000.000000000000000 ) ;
#5192 = CARTESIAN_POINT ( 'NONE',  ( 174.5673879116660885, 87.21061876881715591, 8.800000000000000711 ) ) ;
#5193 = ORIENTED_EDGE ( 'NONE', *, *, #4156, .F. ) ;
#5194 = AXIS2_PLACEMENT_3D ( 'NONE', #4105, #11435, #12474 ) ;
#5195 = DIRECTION ( 'NONE',  ( -0.000000000000000000, 0.000000000000000000, 1.000000000000000000 ) ) ;
#5196 = DIRECTION ( 'NONE',  ( 1.000000000000000000, 0.000000000000000000, 0.000000000000000000 ) ) ;
#5197 = ORIENTED_EDGE ( 'NONE', *, *, #5462, .T. ) ;
#5198 = DIRECTION ( 'NONE',  ( 1.000000000000000000, 0.000000000000000000, 0.000000000000000000 ) ) ;
#5199 = VERTEX_POINT ( 'NONE', #870 ) ;
#5200 = ORIENTED_EDGE ( 'NONE', *, *, #2098, .T. ) ;
#5201 = EDGE_CURVE ( 'NONE', #7333, #1031, #9754, .T. ) ;
#5202 = CARTESIAN_POINT ( 'NONE',  ( 41.77127944125191306, 98.50862242824007353, 8.800000000000000711 ) ) ;
#5203 = LINE ( 'NONE', #10402, #8031 ) ;
#5204 = LINE ( 'NONE', #3047, #303 ) ;
#5205 = CARTESIAN_POINT ( 'NONE',  ( 190.9588390266749514, 83.05906438913014256, 10.40000000000000213 ) ) ;
#5206 = ORIENTED_EDGE ( 'NONE', *, *, #4428, .F. ) ;
#5207 = EDGE_LOOP ( 'NONE', ( #4361, #10658, #703, #1666 ) ) ;
#5208 = DIRECTION ( 'NONE',  ( 0.000000000000000000, 0.000000000000000000, -1.000000000000000000 ) ) ;
#5209 = LINE ( 'NONE', #6151, #9003 ) ;
#5210 = CARTESIAN_POINT ( 'NONE',  ( 78.81811639599669661, 103.0761435058214914, 0.000000000000000000 ) ) ;
#5211 = ORIENTED_EDGE ( 'NONE', *, *, #11358, .F. ) ;
#5212 = EDGE_CURVE ( 'NONE', #2123, #10232, #3976, .T. ) ;
#5213 = CARTESIAN_POINT ( 'NONE',  ( 43.62524095994557172, 51.58104257101295786, 0.000000000000000000 ) ) ;
#5214 = CARTESIAN_POINT ( 'NONE',  ( 200.5000000000004547, 153.0000000000004547, 7.000000000000000000 ) ) ;
#5215 = ORIENTED_EDGE ( 'NONE', *, *, #12605, .T. ) ;
#5216 = CIRCLE ( 'NONE', #11352, 1.750000000000001554 ) ;
#5217 = DIRECTION ( 'NONE',  ( -0.000000000000000000, -0.000000000000000000, -1.000000000000000000 ) ) ;
#5218 = ORIENTED_EDGE ( 'NONE', *, *, #9928, .T. ) ;
#5219 = ADVANCED_FACE ( 'NONE', ( #12417 ), #10911, .T. ) ;
#5220 = LINE ( 'NONE', #5085, #1166 ) ;
#5221 = CARTESIAN_POINT ( 'NONE',  ( 174.5673879116660885, 87.21061876881715591, 10.00000000000000000 ) ) ;
#5222 = ORIENTED_EDGE ( 'NONE', *, *, #1831, .F. ) ;
#5223 = AXIS2_PLACEMENT_3D ( 'NONE', #4777, #2685, #6756 ) ;
#5224 = DIRECTION ( 'NONE',  ( -0.000000000000000000, 0.000000000000000000, 1.000000000000000000 ) ) ;
#5225 = DIRECTION ( 'NONE',  ( -1.000000000000000000, 0.000000000000000000, 0.000000000000000000 ) ) ;
#5226 = CARTESIAN_POINT ( 'NONE',  ( 20.17116097332603175, 149.8940936094211054, 8.800000000000000711 ) ) ;
#5227 = ORIENTED_EDGE ( 'NONE', *, *, #5379, .F. ) ;
#5228 = EDGE_CURVE ( 'NONE', #13295, #10724, #4717, .T. ) ;
#5229 = DIRECTION ( 'NONE',  ( -0.000000000000000000, 0.000000000000000000, 1.000000000000000000 ) ) ;
#5230 = CARTESIAN_POINT ( 'NONE',  ( 205.0000000000005684, 131.8050000000002626, 10.00000000000000000 ) ) ;
#5231 = ORIENTED_EDGE ( 'NONE', *, *, #1082, .T. ) ;
#5232 = ORIENTED_EDGE ( 'NONE', *, *, #1358, .T. ) ;
#5233 = EDGE_CURVE ( 'NONE', #11416, #3686, #8233, .T. ) ;
#5234 = EDGE_CURVE ( 'NONE', #2405, #8822, #1772, .T. ) ;
#5235 = AXIS2_PLACEMENT_3D ( 'NONE', #619, #9766, #411 ) ;
#5236 = ORIENTED_EDGE ( 'NONE', *, *, #586, .T. ) ;
#5237 = CARTESIAN_POINT ( 'NONE',  ( 88.60672948317446185, 98.95013237564819519, 8.800000000000000711 ) ) ;
#5238 = DIRECTION ( 'NONE',  ( -1.000000000000000000, 0.000000000000000000, 0.000000000000000000 ) ) ;
#5239 = ORIENTED_EDGE ( 'NONE', *, *, #13386, .F. ) ;
#5240 = CARTESIAN_POINT ( 'NONE',  ( 43.36403200266500590, 84.41004697847179727, 10.00000000000000000 ) ) ;
#5241 = DIRECTION ( 'NONE',  ( 1.000000000000000000, 0.000000000000000000, 0.000000000000000000 ) ) ;
#5242 = CARTESIAN_POINT ( 'NONE',  ( 81.20734701375181430, 78.84319752287538563, 10.00000000000000000 ) ) ;
#5243 = ADVANCED_FACE ( 'NONE', ( #13255 ), #12162, .F. ) ;
#5244 = EDGE_CURVE ( 'NONE', #3758, #10420, #3798, .T. ) ;
#5245 = FACE_BOUND ( 'NONE', #7102, .T. ) ;
#5246 = VERTEX_POINT ( 'NONE', #9087 ) ;
#5247 = FACE_BOUND ( 'NONE', #4264, .T. ) ;
#5248 = DIRECTION ( 'NONE',  ( -0.000000000000000000, -0.000000000000000000, -1.000000000000000000 ) ) ;
#5249 = EDGE_LOOP ( 'NONE', ( #13335, #8420, #4122, #9650 ) ) ;
#5250 = ORIENTED_EDGE ( 'NONE', *, *, #9541, .T. ) ;
#5251 = VECTOR ( 'NONE', #1291, 1000.000000000000000 ) ;
#5252 = DIRECTION ( 'NONE',  ( 1.000000000000000000, 0.000000000000000000, 0.000000000000000000 ) ) ;
#5253 = ORIENTED_EDGE ( 'NONE', *, *, #3634, .F. ) ;
#5254 = DIRECTION ( 'NONE',  ( -0.000000000000000000, -0.000000000000000000, -1.000000000000000000 ) ) ;
#5255 = LINE ( 'NONE', #10589, #11011 ) ;
#5256 = EDGE_CURVE ( 'NONE', #8108, #1716, #5845, .T. ) ;
#5257 = AXIS2_PLACEMENT_3D ( 'NONE', #11825, #2400, #4771 ) ;
#5258 = EDGE_LOOP ( 'NONE', ( #5466, #12788 ) ) ;
#5259 = FACE_OUTER_BOUND ( 'NONE', #641, .T. ) ;
#5260 = VERTEX_POINT ( 'NONE', #13058 ) ;
#5261 = ORIENTED_EDGE ( 'NONE', *, *, #3669, .F. ) ;
#5262 = DIRECTION ( 'NONE',  ( 1.000000000000000000, -0.000000000000000000, -0.000000000000000000 ) ) ;
#5263 = CIRCLE ( 'NONE', #5470, 1.900000000000012790 ) ;
#5264 = FACE_OUTER_BOUND ( 'NONE', #2022, .T. ) ;
#5265 = DIRECTION ( 'NONE',  ( 1.000000000000000000, 4.297894068818421720E-16, 0.000000000000000000 ) ) ;
#5266 = LINE ( 'NONE', #7339, #3163 ) ;
#5267 = ORIENTED_EDGE ( 'NONE', *, *, #6882, .F. ) ;
#5268 = VERTEX_POINT ( 'NONE', #12087 ) ;
#5269 = CARTESIAN_POINT ( 'NONE',  ( 12.49999999999989697, 152.6005506156683680, 0.1252272915131833197 ) ) ;
#5270 = FACE_OUTER_BOUND ( 'NONE', #11129, .T. ) ;
#5271 = CYLINDRICAL_SURFACE ( 'NONE', #1812, 1.750000000000001554 ) ;
#5272 = EDGE_CURVE ( 'NONE', #693, #12016, #5701, .T. ) ;
#5273 = DIRECTION ( 'NONE',  ( 1.000000000000000000, 0.000000000000000000, 0.000000000000000000 ) ) ;
#5274 = ORIENTED_EDGE ( 'NONE', *, *, #4989, .T. ) ;
#5275 = CARTESIAN_POINT ( 'NONE',  ( 172.4592763556042598, 56.02765497882714385, 8.800000000000000711 ) ) ;
#5276 = DIRECTION ( 'NONE',  ( 1.000000000000000000, 0.000000000000000000, 0.000000000000000000 ) ) ;
#5277 = VERTEX_POINT ( 'NONE', #7014 ) ;
#5278 = AXIS2_PLACEMENT_3D ( 'NONE', #103, #12811, #2421 ) ;
#5279 = DIRECTION ( 'NONE',  ( 1.000000000000000000, 0.000000000000000000, 0.000000000000000000 ) ) ;
#5280 = ORIENTED_EDGE ( 'NONE', *, *, #10919, .F. ) ;
#5281 = PLANE ( 'NONE',  #3760 ) ;
#5282 = DIRECTION ( 'NONE',  ( -0.000000000000000000, -0.000000000000000000, -1.000000000000000000 ) ) ;
#5283 = VERTEX_POINT ( 'NONE', #4685 ) ;
#5284 = VECTOR ( 'NONE', #2126, 1000.000000000000000 ) ;
#5285 = DIRECTION ( 'NONE',  ( 1.000000000000000000, 0.000000000000000000, 0.000000000000000000 ) ) ;
#5286 = AXIS2_PLACEMENT_3D ( 'NONE', #11455, #8252, #4253 ) ;
#5287 = CARTESIAN_POINT ( 'NONE',  ( 174.7485405866029851, 19.82081807526519057, 10.00000000000000000 ) ) ;
#5288 = DIRECTION ( 'NONE',  ( -0.000000000000000000, 0.000000000000000000, 1.000000000000000000 ) ) ;
#5289 = ADVANCED_FACE ( 'NONE', ( #11188 ), #9890, .F. ) ;
#5290 = DIRECTION ( 'NONE',  ( -0.000000000000000000, -0.000000000000000000, -1.000000000000000000 ) ) ;
#5291 = ORIENTED_EDGE ( 'NONE', *, *, #9998, .T. ) ;
#5292 = DIRECTION ( 'NONE',  ( -1.000000000000000000, 0.000000000000000000, 0.000000000000000000 ) ) ;
#5293 = FACE_OUTER_BOUND ( 'NONE', #4440, .T. ) ;
#5294 = AXIS2_PLACEMENT_3D ( 'NONE', #12213, #13161, #12140 ) ;
#5295 = ORIENTED_EDGE ( 'NONE', *, *, #12539, .T. ) ;
#5296 = ORIENTED_EDGE ( 'NONE', *, *, #7362, .T. ) ;
#5297 = AXIS2_PLACEMENT_3D ( 'NONE', #11102, #12062, #10075 ) ;
#5298 = CIRCLE ( 'NONE', #741, 1.750000000000001554 ) ;
#5299 = FACE_OUTER_BOUND ( 'NONE', #12011, .T. ) ;
#5300 = EDGE_CURVE ( 'NONE', #277, #4850, #9980, .T. ) ;
#5301 = VECTOR ( 'NONE', #2884, 1000.000000000000000 ) ;
#5302 = VERTEX_POINT ( 'NONE', #3673 ) ;
#5303 = ADVANCED_FACE ( 'NONE', ( #615 ), #7845, .F. ) ;
#5304 = AXIS2_PLACEMENT_3D ( 'NONE', #7900, #6863, #12362 ) ;
#5305 = VECTOR ( 'NONE', #13292, 1000.000000000000000 ) ;
#5306 = DIRECTION ( 'NONE',  ( -0.000000000000000000, -0.000000000000000000, -1.000000000000000000 ) ) ;
#5307 = LINE ( 'NONE', #9500, #9961 ) ;
#5308 = CARTESIAN_POINT ( 'NONE',  ( 144.1752465877438851, 54.88588100076002974, 10.40000000000000213 ) ) ;
#5309 = CARTESIAN_POINT ( 'NONE',  ( 136.6492919255787228, 3.846501363067972079, 0.000000000000000000 ) ) ;
#5310 = ORIENTED_EDGE ( 'NONE', *, *, #3930, .F. ) ;
#5311 = FACE_BOUND ( 'NONE', #7385, .T. ) ;
#5312 = VECTOR ( 'NONE', #5290, 1000.000000000000000 ) ;
#5313 = ORIENTED_EDGE ( 'NONE', *, *, #1086, .F. ) ;
#5314 = CIRCLE ( 'NONE', #12985, 7.000000000000006217 ) ;
#5315 = ORIENTED_EDGE ( 'NONE', *, *, #4138, .T. ) ;
#5316 = CARTESIAN_POINT ( 'NONE',  ( 127.4155958739632837, 124.8090237033039358, 10.00000000000000000 ) ) ;
#5317 = CIRCLE ( 'NONE', #4647, 1.900000000000012790 ) ;
#5318 = VECTOR ( 'NONE', #9605, 1000.000000000000000 ) ;
#5319 = EDGE_CURVE ( 'NONE', #8954, #9800, #4070, .T. ) ;
#5320 = ORIENTED_EDGE ( 'NONE', *, *, #12363, .F. ) ;
#5321 = CARTESIAN_POINT ( 'NONE',  ( 174.0005021790887554, 60.23200238917063132, 8.800000000000000711 ) ) ;
#5322 = AXIS2_PLACEMENT_3D ( 'NONE', #3785, #3718, #13108 ) ;
#5323 = DIRECTION ( 'NONE',  ( 1.000000000000000000, 0.000000000000000000, 0.000000000000000000 ) ) ;
#5324 = DIRECTION ( 'NONE',  ( 0.000000000000000000, 0.000000000000000000, 1.000000000000000000 ) ) ;
#5325 = VECTOR ( 'NONE', #11364, 1000.000000000000000 ) ;
#5326 = ORIENTED_EDGE ( 'NONE', *, *, #13497, .T. ) ;
#5327 = EDGE_LOOP ( 'NONE', ( #5864, #3679, #6821, #3500, #1811, #1040, #4497, #9786, #4879, #5200, #9849, #12004 ) ) ;
#5328 = DIRECTION ( 'NONE',  ( -0.000000000000000000, 0.000000000000000000, 1.000000000000000000 ) ) ;
#5329 = ORIENTED_EDGE ( 'NONE', *, *, #3123, .F. ) ;
#5330 = EDGE_LOOP ( 'NONE', ( #13299, #7001, #2848, #12643 ) ) ;
#5331 = AXIS2_PLACEMENT_3D ( 'NONE', #11005, #10678, #13213 ) ;
#5332 = DIRECTION ( 'NONE',  ( 1.000000000000000000, 0.000000000000000000, 0.000000000000000000 ) ) ;
#5333 = ADVANCED_FACE ( 'NONE', ( #4753 ), #2728, .F. ) ;
#5334 = EDGE_CURVE ( 'NONE', #9498, #8344, #3848, .T. ) ;
#5335 = AXIS2_PLACEMENT_3D ( 'NONE', #2354, #4838, #374 ) ;
#5336 = PLANE ( 'NONE',  #4866 ) ;
#5337 = CARTESIAN_POINT ( 'NONE',  ( 92.59275623606896488, 8.774332390532082471, 8.800000000000000711 ) ) ;
#5338 = ORIENTED_EDGE ( 'NONE', *, *, #7329, .F. ) ;
#5339 = ORIENTED_EDGE ( 'NONE', *, *, #1006, .T. ) ;
#5340 = CARTESIAN_POINT ( 'NONE',  ( 12.50000000000001243, 117.8048945322916836, 10.00000000000000000 ) ) ;
#5341 = VECTOR ( 'NONE', #11514, 999.9999999999998863 ) ;
#5342 = CARTESIAN_POINT ( 'NONE',  ( 43.59809730523228666, 15.90250083030536921, 8.800000000000000711 ) ) ;
#5343 = VERTEX_POINT ( 'NONE', #6237 ) ;
#5344 = AXIS2_PLACEMENT_3D ( 'NONE', #9033, #4575, #3748 ) ;
#5345 = CARTESIAN_POINT ( 'NONE',  ( 134.2762620681505155, 66.92288104716577379, 8.800000000000000711 ) ) ;
#5346 = ORIENTED_EDGE ( 'NONE', *, *, #2265, .F. ) ;
#5347 = DIRECTION ( 'NONE',  ( 0.000000000000000000, 0.000000000000000000, 1.000000000000000000 ) ) ;
#5348 = ORIENTED_EDGE ( 'NONE', *, *, #11911, .F. ) ;
#5349 = CARTESIAN_POINT ( 'NONE',  ( 45.11403200266500590, 45.55398713153164891, 0.000000000000000000 ) ) ;
#5350 = EDGE_CURVE ( 'NONE', #4244, #6140, #1090, .T. ) ;
#5351 = AXIS2_PLACEMENT_3D ( 'NONE', #2032, #9292, #5908 ) ;
#5352 = CARTESIAN_POINT ( 'NONE',  ( 72.37043897411355431, 90.72411899924007628, 8.800000000000000711 ) ) ;
#5353 = ORIENTED_EDGE ( 'NONE', *, *, #2397, .F. ) ;
#5354 = CARTESIAN_POINT ( 'NONE',  ( 12.50000000000046896, -7.789449384332844950, 0.1252272915134335918 ) ) ;
#5355 = DIRECTION ( 'NONE',  ( -0.000000000000000000, 0.000000000000000000, 1.000000000000000000 ) ) ;
#5356 = PLANE ( 'NONE',  #6619 ) ;
#5357 = ORIENTED_EDGE ( 'NONE', *, *, #11946, .T. ) ;
#5358 = VECTOR ( 'NONE', #10285, 1000.000000000000000 ) ;
#5359 = DIRECTION ( 'NONE',  ( 1.000000000000000000, 0.000000000000000000, 0.000000000000000000 ) ) ;
#5360 = VERTEX_POINT ( 'NONE', #814 ) ;
#5361 = CARTESIAN_POINT ( 'NONE',  ( 20.17116097332560898, 82.80500000000016314, 10.00000000000000000 ) ) ;
#5362 = CARTESIAN_POINT ( 'NONE',  ( 71.25833726339713792, 17.18080354114162489, 8.800000000000000711 ) ) ;
#5363 = VECTOR ( 'NONE', #3587, 1000.000000000000114 ) ;
#5364 = CARTESIAN_POINT ( 'NONE',  ( 205.0000000000005969, 152.1994522168231470, 0.09862744719381709435 ) ) ;
#5365 = EDGE_CURVE ( 'NONE', #6174, #10282, #6300, .T. ) ;
#5366 = AXIS2_PLACEMENT_3D ( 'NONE', #10611, #3505, #9863 ) ;
#5367 = VERTEX_POINT ( 'NONE', #9153 ) ;
#5368 = CARTESIAN_POINT ( 'NONE',  ( 174.7485405866029851, 92.35531679854540243, 0.000000000000000000 ) ) ;
#5369 = DIRECTION ( 'NONE',  ( 0.000000000000000000, -0.000000000000000000, -1.000000000000000000 ) ) ;
#5370 = FACE_OUTER_BOUND ( 'NONE', #4770, .T. ) ;
#5371 = FACE_BOUND ( 'NONE', #7093, .T. ) ;
#5372 = ORIENTED_EDGE ( 'NONE', *, *, #9414, .F. ) ;
#5373 = ADVANCED_FACE ( 'NONE', ( #5090 ), #3927, .F. ) ;
#5374 = FACE_BOUND ( 'NONE', #12602, .T. ) ;
#5375 = CIRCLE ( 'NONE', #13056, 1.750000000000001554 ) ;
#5376 = ORIENTED_EDGE ( 'NONE', *, *, #144, .T. ) ;
#5377 = VECTOR ( 'NONE', #9630, 1000.000000000000000 ) ;
#5378 = ORIENTED_EDGE ( 'NONE', *, *, #11341, .T. ) ;
#5379 = EDGE_CURVE ( 'NONE', #1684, #7870, #9116, .T. ) ;
#5380 = EDGE_CURVE ( 'NONE', #693, #9747, #13472, .T. ) ;
#5381 = DIRECTION ( 'NONE',  ( -0.000000000000000000, 0.000000000000000000, 1.000000000000000000 ) ) ;
#5382 = ORIENTED_EDGE ( 'NONE', *, *, #10300, .F. ) ;
#5383 = CIRCLE ( 'NONE', #9344, 1.900000000000012790 ) ;
#5384 = CARTESIAN_POINT ( 'NONE',  ( 164.0836472406292046, 113.0584177718505430, 9.399999999999995026 ) ) ;
#5385 = DIRECTION ( 'NONE',  ( 7.968624249359898072E-16, 1.000000000000000000, 0.000000000000000000 ) ) ;
#5386 = CIRCLE ( 'NONE', #9774, 1.750000000000001554 ) ;
#5387 = VECTOR ( 'NONE', #6777, 1000.000000000000000 ) ;
#5388 = ORIENTED_EDGE ( 'NONE', *, *, #815, .T. ) ;
#5389 = ORIENTED_EDGE ( 'NONE', *, *, #2472, .F. ) ;
#5390 = EDGE_CURVE ( 'NONE', #4808, #12347, #9324, .T. ) ;
#5391 = FACE_OUTER_BOUND ( 'NONE', #7067, .T. ) ;
#5392 = ORIENTED_EDGE ( 'NONE', *, *, #9680, .F. ) ;
#5393 = ORIENTED_EDGE ( 'NONE', *, *, #416, .F. ) ;
#5394 = AXIS2_PLACEMENT_3D ( 'NONE', #12557, #2221, #7473 ) ;
#5395 = ADVANCED_FACE ( 'NONE', ( #3071 ), #13455, .F. ) ;
#5396 = DIRECTION ( 'NONE',  ( -1.000000000000000000, 0.000000000000000000, -0.000000000000000000 ) ) ;
#5397 = EDGE_CURVE ( 'NONE', #193, #2494, #3414, .T. ) ;
#5398 = VECTOR ( 'NONE', #4013, 1000.000000000000000 ) ;
#5399 = FACE_OUTER_BOUND ( 'NONE', #10974, .T. ) ;
#5400 = ORIENTED_EDGE ( 'NONE', *, *, #9936, .F. ) ;
#5401 = ORIENTED_EDGE ( 'NONE', *, *, #12404, .T. ) ;
#5402 = DIRECTION ( 'NONE',  ( -0.000000000000000000, -0.000000000000000000, -1.000000000000000000 ) ) ;
#5403 = CARTESIAN_POINT ( 'NONE',  ( 61.77182623085140989, 61.77133730440198178, 10.40000000000000213 ) ) ;
#5404 = DIRECTION ( 'NONE',  ( -1.000000000000000000, 0.000000000000000000, 0.000000000000000000 ) ) ;
#5405 = ORIENTED_EDGE ( 'NONE', *, *, #6046, .T. ) ;
#5406 = EDGE_CURVE ( 'NONE', #2342, #2691, #6170, .T. ) ;
#5407 = CARTESIAN_POINT ( 'NONE',  ( 174.7485405866029851, 19.82081807526519057, 0.000000000000000000 ) ) ;
#5408 = EDGE_CURVE ( 'NONE', #5260, #9637, #4489, .T. ) ;
#5409 = CARTESIAN_POINT ( 'NONE',  ( 12.49999999999989875, 131.8050000000002626, 10.00000000000000000 ) ) ;
#5410 = VERTEX_POINT ( 'NONE', #1025 ) ;
#5411 = CARTESIAN_POINT ( 'NONE',  ( 126.9383251953236140, 137.2223487795121173, 10.00000000000000000 ) ) ;
#5412 = ORIENTED_EDGE ( 'NONE', *, *, #8820, .T. ) ;
#5413 = CARTESIAN_POINT ( 'NONE',  ( 41.11730598147647697, 97.12233422291699014, 10.00000000000000000 ) ) ;
#5414 = EDGE_LOOP ( 'NONE', ( #1323, #3302, #12508, #12137 ) ) ;
#5415 = CARTESIAN_POINT ( 'NONE',  ( 134.2762620681505155, 106.1427854106715074, 10.00000000000000000 ) ) ;
#5416 = CARTESIAN_POINT ( 'NONE',  ( 20.60000000000004405, -7.390000000000534364, 7.000000000000000000 ) ) ;
#5417 = LINE ( 'NONE', #10759, #5905 ) ;
#5418 = CARTESIAN_POINT ( 'NONE',  ( 45.11403200266500590, 133.7801504420406502, 8.800000000000000711 ) ) ;
#5419 = ORIENTED_EDGE ( 'NONE', *, *, #905, .F. ) ;
#5420 = CIRCLE ( 'NONE', #13316, 1.750000000000001554 ) ;
#5421 = LINE ( 'NONE', #6366, #4203 ) ;
#5422 = CARTESIAN_POINT ( 'NONE',  ( 41.73171607547544681, 121.8673531877020793, 9.399999999999998579 ) ) ;
#5423 = EDGE_CURVE ( 'NONE', #12143, #7558, #6678, .T. ) ;
#5424 = CYLINDRICAL_SURFACE ( 'NONE', #353, 1.750000000000001554 ) ;
#5425 = VERTEX_POINT ( 'NONE', #13520 ) ;
#5426 = CARTESIAN_POINT ( 'NONE',  ( 191.9588390266749514, 62.55093561087003451, 10.40000000000000213 ) ) ;
#5427 = DIRECTION ( 'NONE',  ( 1.000000000000000000, 0.000000000000000000, 0.000000000000000000 ) ) ;
#5428 = CARTESIAN_POINT ( 'NONE',  ( 172.9985405866029851, 19.82081807526519057, 0.000000000000000000 ) ) ;
#5429 = DIRECTION ( 'NONE',  ( -0.000000000000000000, -0.000000000000000000, -1.000000000000000000 ) ) ;
#5430 = AXIS2_PLACEMENT_3D ( 'NONE', #215, #11485, #11758 ) ;
#5431 = VERTEX_POINT ( 'NONE', #10234 ) ;
#5432 = CARTESIAN_POINT ( 'NONE',  ( 33.40638245624897706, 59.70033362966805157, 10.40000000000000391 ) ) ;
#5433 = DIRECTION ( 'NONE',  ( -0.000000000000000000, 0.000000000000000000, 1.000000000000000000 ) ) ;
#5434 = LINE ( 'NONE', #1162, #10776 ) ;
#5435 = EDGE_CURVE ( 'NONE', #6140, #8240, #2099, .T. ) ;
#5436 = FACE_BOUND ( 'NONE', #13047, .T. ) ;
#5437 = EDGE_LOOP ( 'NONE', ( #5315, #13466, #11786, #11307 ) ) ;
#5438 = DIRECTION ( 'NONE',  ( -0.000000000000000000, 0.000000000000000000, 1.000000000000000000 ) ) ;
#5439 = VERTEX_POINT ( 'NONE', #46 ) ;
#5440 = ORIENTED_EDGE ( 'NONE', *, *, #11426, .F. ) ;
#5441 = LINE ( 'NONE', #423, #7145 ) ;
#5442 = EDGE_CURVE ( 'NONE', #1824, #8680, #4190, .T. ) ;
#5443 = VERTEX_POINT ( 'NONE', #8381 ) ;
#5444 = DIRECTION ( 'NONE',  ( 1.000000000000000000, 0.000000000000000000, 0.000000000000000000 ) ) ;
#5445 = DIRECTION ( 'NONE',  ( 1.000000000000000000, 0.000000000000000000, 0.000000000000000000 ) ) ;
#5446 = ORIENTED_EDGE ( 'NONE', *, *, #12227, .F. ) ;
#5447 = ORIENTED_EDGE ( 'NONE', *, *, #5976, .F. ) ;
#5448 = CARTESIAN_POINT ( 'NONE',  ( 204.1000000000004491, 153.0000000000004547, 7.000000000000000000 ) ) ;
#5449 = CARTESIAN_POINT ( 'NONE',  ( 43.36403200266500590, 84.41004697847179727, 0.000000000000000000 ) ) ;
#5450 = ORIENTED_EDGE ( 'NONE', *, *, #12690, .T. ) ;
#5451 = CIRCLE ( 'NONE', #3512, 1.750000000000001554 ) ;
#5452 = ORIENTED_EDGE ( 'NONE', *, *, #9097, .F. ) ;
#5453 = DIRECTION ( 'NONE',  ( 1.000000000000000000, 0.000000000000000000, 0.000000000000000000 ) ) ;
#5454 = CARTESIAN_POINT ( 'NONE',  ( 81.00482823265210186, 129.5324077978120840, 10.40000000000000213 ) ) ;
#5455 = ADVANCED_FACE ( 'NONE', ( #2935 ), #2167, .F. ) ;
#5456 = ORIENTED_EDGE ( 'NONE', *, *, #10709, .T. ) ;
#5457 = CIRCLE ( 'NONE', #11822, 1.900000000000012790 ) ;
#5458 = EDGE_LOOP ( 'NONE', ( #5036, #4858, #8917, #5388 ) ) ;
#5459 = DIRECTION ( 'NONE',  ( 0.000000000000000000, 0.000000000000000000, -1.000000000000000000 ) ) ;
#5460 = CARTESIAN_POINT ( 'NONE',  ( 197.3288390266748991, 28.60989453229147017, -55.14129099142832047 ) ) ;
#5461 = FACE_OUTER_BOUND ( 'NONE', #10349, .T. ) ;
#5462 = EDGE_CURVE ( 'NONE', #12347, #11416, #13385, .T. ) ;
#5463 = DIRECTION ( 'NONE',  ( -0.000000000000000000, 0.000000000000000000, 1.000000000000000000 ) ) ;
#5464 = EDGE_LOOP ( 'NONE', ( #12247, #3584, #2297, #7257, #13011, #11625, #1986, #9999, #11318, #11177, #1102, #8351, #4697, #8766, #954, #13446, #9184, #4504 ) ) ;
#5465 = CARTESIAN_POINT ( 'NONE',  ( 45.11403200266500590, 50.66125931876361221, 8.800000000000000711 ) ) ;
#5466 = ORIENTED_EDGE ( 'NONE', *, *, #6296, .F. ) ;
#5467 = CARTESIAN_POINT ( 'NONE',  ( 145.1752465877438567, 54.88588100076002974, 10.40000000000000213 ) ) ;
#5468 = EDGE_LOOP ( 'NONE', ( #7528, #1081, #9360, #9522 ) ) ;
#5469 = CARTESIAN_POINT ( 'NONE',  ( 43.36403200266500590, 128.8636569258251825, 8.800000000000000711 ) ) ;
#5470 = AXIS2_PLACEMENT_3D ( 'NONE', #6853, #13107, #526 ) ;
#5471 = CARTESIAN_POINT ( 'NONE',  ( 42.86730598147647697, 126.1887866701237044, 8.800000000000000711 ) ) ;
#5472 = EDGE_CURVE ( 'NONE', #2012, #10614, #4271, .T. ) ;
#5473 = ORIENTED_EDGE ( 'NONE', *, *, #11526, .T. ) ;
#5474 = ADVANCED_FACE ( 'NONE', ( #252 ), #2437, .F. ) ;
#5475 = LINE ( 'NONE', #13104, #7376 ) ;
#5476 = CARTESIAN_POINT ( 'NONE',  ( 90.69275623606895920, 47.62245696408325557, 8.800000000000000711 ) ) ;
#5477 = CARTESIAN_POINT ( 'NONE',  ( 12.50000000000047073, -7.390000000000534364, 0.1252272915134335918 ) ) ;
#5478 = LINE ( 'NONE', #9667, #7453 ) ;
#5479 = CIRCLE ( 'NONE', #13379, 1.900000000000012790 ) ;
#5480 = DIRECTION ( 'NONE',  ( -0.000000000000000000, -0.000000000000000000, -1.000000000000000000 ) ) ;
#5481 = ORIENTED_EDGE ( 'NONE', *, *, #8609, .T. ) ;
#5482 = CYLINDRICAL_SURFACE ( 'NONE', #313, 3.599999999999992095 ) ;
#5483 = CARTESIAN_POINT ( 'NONE',  ( 12.50000000000001243, 117.8048945322916836, 0.000000000000000000 ) ) ;
#5484 = EDGE_LOOP ( 'NONE', ( #1827, #7122, #4319, #10182 ) ) ;
#5485 = CARTESIAN_POINT ( 'NONE',  ( 42.86730598147647697, 53.15839306104777506, 0.000000000000000000 ) ) ;
#5486 = CARTESIAN_POINT ( 'NONE',  ( 173.9847909204245298, 51.95728901540780242, 10.00000000000000000 ) ) ;
#5487 = DIRECTION ( 'NONE',  ( -0.000000000000000000, -0.000000000000000000, -1.000000000000000000 ) ) ;
#5488 = CARTESIAN_POINT ( 'NONE',  ( 164.0836472406292046, 113.0584177718505430, 8.800000000000000711 ) ) ;
#5489 = AXIS2_PLACEMENT_3D ( 'NONE', #6979, #11226, #1806 ) ;
#5490 = CARTESIAN_POINT ( 'NONE',  ( 20.17116097332603886, 82.80500000000016314, 9.000000000000000000 ) ) ;
#5491 = EDGE_CURVE ( 'NONE', #655, #6069, #6673, .T. ) ;
#5492 = EDGE_CURVE ( 'NONE', #11608, #8680, #8901, .T. ) ;
#5493 = ORIENTED_EDGE ( 'NONE', *, *, #5397, .F. ) ;
#5494 = CARTESIAN_POINT ( 'NONE',  ( 44.37068620135033825, 125.2930479166402762, 0.000000000000000000 ) ) ;
#5495 = DIRECTION ( 'NONE',  ( -0.000000000000000000, 0.000000000000000000, 1.000000000000000000 ) ) ;
#5496 = CARTESIAN_POINT ( 'NONE',  ( 125.5155958739633206, 124.8090237033039358, 0.000000000000000000 ) ) ;
#5497 = FACE_OUTER_BOUND ( 'NONE', #5613, .T. ) ;
#5498 = CIRCLE ( 'NONE', #10116, 8.649999999999963052 ) ;
#5499 = CARTESIAN_POINT ( 'NONE',  ( 14.30000000000000249, -7.389999999999980140, 10.00000000000000000 ) ) ;
#5500 = VERTEX_POINT ( 'NONE', #1416 ) ;
#5501 = LINE ( 'NONE', #6738, #1762 ) ;
#5502 = VERTEX_POINT ( 'NONE', #10622 ) ;
#5503 = ORIENTED_EDGE ( 'NONE', *, *, #4640, .F. ) ;
#5504 = CARTESIAN_POINT ( 'NONE',  ( 92.59275623606896488, 8.774332390532082471, 10.00000000000000000 ) ) ;
#5505 = CYLINDRICAL_SURFACE ( 'NONE', #9176, 3.599999999999999201 ) ;
#5506 = EDGE_CURVE ( 'NONE', #12170, #9460, #1051, .T. ) ;
#5507 = AXIS2_PLACEMENT_3D ( 'NONE', #13339, #6962, #11209 ) ;
#5508 = CARTESIAN_POINT ( 'NONE',  ( 172.4876398314652590, 51.05117720286586547, 8.800000000000000711 ) ) ;
#5509 = AXIS2_PLACEMENT_3D ( 'NONE', #1873, #1802, #4849 ) ;
#5510 = ORIENTED_EDGE ( 'NONE', *, *, #8342, .T. ) ;
#5511 = DIRECTION ( 'NONE',  ( -0.000000000000000000, -0.000000000000000000, -1.000000000000000000 ) ) ;
#5512 = CARTESIAN_POINT ( 'NONE',  ( 192.1588390266744000, 83.05906438913014256, 4.400000000000001243 ) ) ;
#5513 = CYLINDRICAL_SURFACE ( 'NONE', #3991, 1.750000000000001554 ) ;
#5514 = AXIS2_PLACEMENT_3D ( 'NONE', #7999, #4982, #11346 ) ;
#5515 = ORIENTED_EDGE ( 'NONE', *, *, #1550, .F. ) ;
#5516 = VECTOR ( 'NONE', #10284, 1000.000000000000000 ) ;
#5517 = VERTEX_POINT ( 'NONE', #7423 ) ;
#5518 = DIRECTION ( 'NONE',  ( 0.000000000000000000, 0.000000000000000000, 1.000000000000000000 ) ) ;
#5519 = FACE_OUTER_BOUND ( 'NONE', #963, .T. ) ;
#5520 = VECTOR ( 'NONE', #6, 1000.000000000000000 ) ;
#5521 = EDGE_LOOP ( 'NONE', ( #12658, #4901, #13105, #4914 ) ) ;
#5522 = CIRCLE ( 'NONE', #13204, 1.750000000000001554 ) ;
#5523 = ORIENTED_EDGE ( 'NONE', *, *, #10752, .F. ) ;
#5524 = LINE ( 'NONE', #1530, #1057 ) ;
#5525 = ADVANCED_FACE ( 'NONE', ( #5551 ), #389, .F. ) ;
#5526 = VECTOR ( 'NONE', #1968, 1000.000000000000000 ) ;
#5527 = CARTESIAN_POINT ( 'NONE',  ( 136.4762620681505609, 145.0023251711596401, 10.00000000000000000 ) ) ;
#5528 = ORIENTED_EDGE ( 'NONE', *, *, #11283, .F. ) ;
#5529 = AXIS2_PLACEMENT_3D ( 'NONE', #8150, #12332, #7123 ) ;
#5530 = VERTEX_POINT ( 'NONE', #6432 ) ;
#5531 = PRESENTATION_STYLE_ASSIGNMENT (( #6627 ) ) ;
#5532 = CARTESIAN_POINT ( 'NONE',  ( 197.3288390266748706, 149.8940936094211054, 8.800000000000000711 ) ) ;
#5533 = CYLINDRICAL_SURFACE ( 'NONE', #4617, 1.900000000000012790 ) ;
#5534 = DIRECTION ( 'NONE',  ( 1.000000000000000000, 0.000000000000000000, 0.000000000000000000 ) ) ;
#5535 = ORIENTED_EDGE ( 'NONE', *, *, #7676, .F. ) ;
#5536 = CARTESIAN_POINT ( 'NONE',  ( 44.37068620135033825, 125.2930479166402762, 10.00000000000000000 ) ) ;
#5537 = AXIS2_PLACEMENT_3D ( 'NONE', #801, #12283, #2923 ) ;
#5538 = VERTEX_POINT ( 'NONE', #4322 ) ;
#5539 = DIRECTION ( 'NONE',  ( 0.000000000000000000, 0.000000000000000000, 1.000000000000000000 ) ) ;
#5540 = ADVANCED_FACE ( 'NONE', ( #1283 ), #4529, .F. ) ;
#5541 = DIRECTION ( 'NONE',  ( -0.000000000000000000, -0.000000000000000000, -1.000000000000000000 ) ) ;
#5542 = ORIENTED_EDGE ( 'NONE', *, *, #11234, .F. ) ;
#5543 = DIRECTION ( 'NONE',  ( 0.5773502691896243988, -0.5773502691896263972, 0.5773502691896263972 ) ) ;
#5544 = VECTOR ( 'NONE', #6484, 1000.000000000000000 ) ;
#5545 = EDGE_CURVE ( 'NONE', #425, #9328, #12898, .T. ) ;
#5546 = CARTESIAN_POINT ( 'NONE',  ( 42.85258495182370098, 136.4729333453784932, 8.800000000000000711 ) ) ;
#5547 = ORIENTED_EDGE ( 'NONE', *, *, #9621, .F. ) ;
#5548 = AXIS2_PLACEMENT_3D ( 'NONE', #12744, #6819, #377 ) ;
#5549 = CARTESIAN_POINT ( 'NONE',  ( 92.40672948317448743, 98.95013237564819519, 0.000000000000000000 ) ) ;
#5550 = FACE_OUTER_BOUND ( 'NONE', #4949, .T. ) ;
#5551 = FACE_OUTER_BOUND ( 'NONE', #8368, .T. ) ;
#5552 = DIRECTION ( 'NONE',  ( 1.000000000000000000, 0.000000000000000000, 0.000000000000000000 ) ) ;
#5553 = CARTESIAN_POINT ( 'NONE',  ( 173.9853725012132770, 93.93014201851191558, 10.00000000000000000 ) ) ;
#5554 = ORIENTED_EDGE ( 'NONE', *, *, #1006, .F. ) ;
#5555 = EDGE_LOOP ( 'NONE', ( #6994, #8874, #5028, #510 ) ) ;
#5556 = LINE ( 'NONE', #5761, #4881 ) ;
#5557 = DIRECTION ( 'NONE',  ( -0.000000000000000000, -0.000000000000000000, -1.000000000000000000 ) ) ;
#5558 = ORIENTED_EDGE ( 'NONE', *, *, #4363, .F. ) ;
#5559 = DIRECTION ( 'NONE',  ( -0.7071039827808559552, 0.7071095795811642715, -0.000000000000000000 ) ) ;
#5560 = EDGE_CURVE ( 'NONE', #1421, #2941, #11734, .T. ) ;
#5561 = DIRECTION ( 'NONE',  ( 1.000000000000000000, 0.000000000000000000, 0.000000000000000000 ) ) ;
#5562 = AXIS2_PLACEMENT_3D ( 'NONE', #3330, #6437, #1152 ) ;
#5563 = DIRECTION ( 'NONE',  ( -1.000000000000000000, 0.000000000000000000, 0.000000000000000000 ) ) ;
#5564 = VECTOR ( 'NONE', #10640, 1000.000000000000000 ) ;
#5565 = EDGE_CURVE ( 'NONE', #874, #8991, #167, .T. ) ;
#5566 = CIRCLE ( 'NONE', #2318, 1.900000000000012790 ) ;
#5567 = CARTESIAN_POINT ( 'NONE',  ( 17.00000000000004263, 153.0000000000004547, 1.500000000000000444 ) ) ;
#5568 = CARTESIAN_POINT ( 'NONE',  ( 41.11730598147647697, 86.84976237332983828, 8.800000000000000711 ) ) ;
#5569 = DIRECTION ( 'NONE',  ( -0.000000000000000000, 0.000000000000000000, 1.000000000000000000 ) ) ;
#5570 = CARTESIAN_POINT ( 'NONE',  ( 76.91811639599669093, 63.83441197029006275, 8.800000000000000711 ) ) ;
#5571 = CIRCLE ( 'NONE', #4710, 1.750000000000001554 ) ;
#5572 = DIRECTION ( 'NONE',  ( 1.000000000000000000, 0.000000000000000000, 0.000000000000000000 ) ) ;
#5573 = ORIENTED_EDGE ( 'NONE', *, *, #9118, .F. ) ;
#5574 = ORIENTED_EDGE ( 'NONE', *, *, #6290, .F. ) ;
#5575 = EDGE_CURVE ( 'NONE', #13135, #8817, #10629, .T. ) ;
#5576 = CYLINDRICAL_SURFACE ( 'NONE', #6299, 1.750000000000001554 ) ;
#5577 = ADVANCED_FACE ( 'NONE', ( #120 ), #12635, .F. ) ;
#5578 = ORIENTED_EDGE ( 'NONE', *, *, #8907, .T. ) ;
#5579 = ORIENTED_EDGE ( 'NONE', *, *, #4992, .F. ) ;
#5580 = AXIS2_PLACEMENT_3D ( 'NONE', #11848, #9802, #6555 ) ;
#5581 = AXIS2_PLACEMENT_3D ( 'NONE', #13124, #5973, #11124 ) ;
#5582 = DIRECTION ( 'NONE',  ( -0.000000000000000000, -0.000000000000000000, -1.000000000000000000 ) ) ;
#5583 = VERTEX_POINT ( 'NONE', #8451 ) ;
#5584 = CARTESIAN_POINT ( 'NONE',  ( 174.4627247140765292, 138.8970351559032963, 0.000000000000000000 ) ) ;
#5585 =( NAMED_UNIT ( * ) SI_UNIT ( $, .STERADIAN. ) SOLID_ANGLE_UNIT ( ) );
#5586 = DIRECTION ( 'NONE',  ( 0.000000000000000000, 0.000000000000000000, 1.000000000000000000 ) ) ;
#5587 = CIRCLE ( 'NONE', #2336, 8.649999999999963052 ) ;
#5588 = ORIENTED_EDGE ( 'NONE', *, *, #9230, .T. ) ;
#5589 = VERTEX_POINT ( 'NONE', #5416 ) ;
#5590 = CIRCLE ( 'NONE', #10404, 8.649999999999963052 ) ;
#5591 = DIRECTION ( 'NONE',  ( -0.000000000000000000, -0.000000000000000000, 1.000000000000000000 ) ) ;
#5592 = EDGE_CURVE ( 'NONE', #8003, #12958, #4728, .T. ) ;
#5593 = AXIS2_PLACEMENT_3D ( 'NONE', #4257, #6362, #9610 ) ;
#5594 = DIRECTION ( 'NONE',  ( -0.000000000000000000, 0.000000000000000000, 1.000000000000000000 ) ) ;
#5595 = ORIENTED_EDGE ( 'NONE', *, *, #719, .F. ) ;
#5596 = VERTEX_POINT ( 'NONE', #322 ) ;
#5597 = DIRECTION ( 'NONE',  ( -0.7071067811865482389, 0.000000000000000000, -0.7071067811865469066 ) ) ;
#5598 = CYLINDRICAL_SURFACE ( 'NONE', #6264, 1.899999999999999023 ) ;
#5599 = AXIS2_PLACEMENT_3D ( 'NONE', #9958, #1557, #3524 ) ;
#5600 = CYLINDRICAL_SURFACE ( 'NONE', #10133, 1.750000000000001554 ) ;
#5601 = EDGE_LOOP ( 'NONE', ( #6767, #142, #9180, #3090 ) ) ;
#5602 = VECTOR ( 'NONE', #8649, 1000.000000000000000 ) ;
#5603 = CARTESIAN_POINT ( 'NONE',  ( -29.07577827468061571, 29.07577827468059795, 10.40000000000000213 ) ) ;
#5604 = FACE_OUTER_BOUND ( 'NONE', #2545, .T. ) ;
#5605 = EDGE_LOOP ( 'NONE', ( #1913, #10955 ) ) ;
#5606 = CARTESIAN_POINT ( 'NONE',  ( 123.1383251953236027, 137.2223487795121173, 0.000000000000000000 ) ) ;
#5608 = EDGE_CURVE ( 'NONE', #8386, #13281, #13270, .T. ) ;
#5607 = CIRCLE ( 'NONE', #11527, 1.750000000000001554 ) ;
#5609 = DIRECTION ( 'NONE',  ( -0.000000000000000000, 0.000000000000000000, 1.000000000000000000 ) ) ;
#5610 = ORIENTED_EDGE ( 'NONE', *, *, #3467, .F. ) ;
#5611 = DIRECTION ( 'NONE',  ( 0.000000000000000000, -0.000000000000000000, 1.000000000000000000 ) ) ;
#5612 = CARTESIAN_POINT ( 'NONE',  ( 174.2376398314652590, 22.29570046879387135, 0.000000000000000000 ) ) ;
#5613 = EDGE_LOOP ( 'NONE', ( #3746, #1062, #9451, #8813 ) ) ;
#5614 = AXIS2_PLACEMENT_3D ( 'NONE', #12806, #2416, #369 ) ;
#5615 = CARTESIAN_POINT ( 'NONE',  ( 126.7267149358793148, 98.15027427408116978, 10.00000000000000000 ) ) ;
#5616 = DIRECTION ( 'NONE',  ( -0.000000000000000000, 0.000000000000000000, 1.000000000000000000 ) ) ;
#5617 = AXIS2_PLACEMENT_3D ( 'NONE', #11236, #720, #11030 ) ;
#5618 = ORIENTED_EDGE ( 'NONE', *, *, #11849, .F. ) ;
#5619 = AXIS2_PLACEMENT_3D ( 'NONE', #310, #3445, #12890 ) ;
#5620 = CARTESIAN_POINT ( 'NONE',  ( 197.3288390266748706, 149.8940936094211054, 9.000000000000000000 ) ) ;
#5621 = ADVANCED_FACE ( 'NONE', ( #3388 ), #11587, .F. ) ;
#5622 = CYLINDRICAL_SURFACE ( 'NONE', #5820, 1.750000000000001554 ) ;
#5623 = DIRECTION ( 'NONE',  ( -0.000000000000000000, 0.000000000000000000, 1.000000000000000000 ) ) ;
#5624 = CARTESIAN_POINT ( 'NONE',  ( 83.10734701375183420, 78.84319752287538563, 8.800000000000000711 ) ) ;
#5625 = ORIENTED_EDGE ( 'NONE', *, *, #3765, .F. ) ;
#5626 = DIRECTION ( 'NONE',  ( 0.000000000000000000, -1.000000000000000000, 0.000000000000000000 ) ) ;
#5627 = EDGE_CURVE ( 'NONE', #5779, #1976, #8670, .T. ) ;
#5628 = EDGE_CURVE ( 'NONE', #11337, #1524, #10019, .T. ) ;
#5629 = DIRECTION ( 'NONE',  ( -1.000000000000000000, 0.000000000000000000, 0.000000000000000000 ) ) ;
#5630 = ORIENTED_EDGE ( 'NONE', *, *, #6733, .F. ) ;
#5631 = EDGE_CURVE ( 'NONE', #72, #12060, #525, .T. ) ;
#5632 = CARTESIAN_POINT ( 'NONE',  ( 41.11730598147647697, 86.84976237332983828, 0.000000000000000000 ) ) ;
#5633 = CARTESIAN_POINT ( 'NONE',  ( 138.8492919255787115, 120.7500671661881455, 0.000000000000000000 ) ) ;
#5634 = DIRECTION ( 'NONE',  ( 1.000000000000000000, 0.000000000000000000, 0.000000000000000000 ) ) ;
#5635 = CARTESIAN_POINT ( 'NONE',  ( 19.17116097332605662, 149.8940936094211054, 10.00000000000000000 ) ) ;
#5636 = CARTESIAN_POINT ( 'NONE',  ( 128.8752465877439022, 54.88588100076002974, 10.40000000000000213 ) ) ;
#5637 = ORIENTED_EDGE ( 'NONE', *, *, #478, .T. ) ;
#5638 = EDGE_CURVE ( 'NONE', #11484, #12336, #7889, .T. ) ;
#5639 = VECTOR ( 'NONE', #12875, 1000.000000000000000 ) ;
#5640 = DIRECTION ( 'NONE',  ( 1.000000000000000000, 0.000000000000000000, 0.000000000000000000 ) ) ;
#5641 = LINE ( 'NONE', #9892, #3406 ) ;
#5642 = CARTESIAN_POINT ( 'NONE',  ( 17.00000000000000000, -14.38999999999998636, 10.00000000000000000 ) ) ;
#5643 = EDGE_CURVE ( 'NONE', #9326, #7300, #8459, .T. ) ;
#5644 = CYLINDRICAL_SURFACE ( 'NONE', #10577, 1.750000000000001554 ) ;
#5645 = ADVANCED_FACE ( 'NONE', ( #4801 ), #5622, .F. ) ;
#5646 = ORIENTED_EDGE ( 'NONE', *, *, #12326, .T. ) ;
#5647 = DIRECTION ( 'NONE',  ( 1.000000000000000000, 0.000000000000000000, 0.000000000000000000 ) ) ;
#5648 = ORIENTED_EDGE ( 'NONE', *, *, #5472, .F. ) ;
#5649 = DIRECTION ( 'NONE',  ( 1.000000000000000000, 0.000000000000000000, 0.000000000000000000 ) ) ;
#5650 = AXIS2_PLACEMENT_3D ( 'NONE', #6163, #1017, #2275 ) ;
#5651 = ORIENTED_EDGE ( 'NONE', *, *, #5791, .T. ) ;
#5652 = DIRECTION ( 'NONE',  ( -0.000000000000000000, -0.000000000000000000, 1.000000000000000000 ) ) ;
#5653 = ADVANCED_FACE ( 'NONE', ( #8932 ), #12069, .F. ) ;
#5654 = ORIENTED_EDGE ( 'NONE', *, *, #5390, .F. ) ;
#5655 = EDGE_CURVE ( 'NONE', #3380, #2190, #4283, .T. ) ;
#5656 = CARTESIAN_POINT ( 'NONE',  ( 173.2784538548301612, 54.48122417702511200, 0.000000000000000000 ) ) ;
#5657 = DIRECTION ( 'NONE',  ( 1.000000000000000000, 1.280354350088248533E-16, 0.000000000000000000 ) ) ;
#5658 = VECTOR ( 'NONE', #12653, 1000.000000000000000 ) ;
#5659 = CARTESIAN_POINT ( 'NONE',  ( 43.36403200266500590, 50.66125931876361221, 8.800000000000000711 ) ) ;
#5660 = EDGE_LOOP ( 'NONE', ( #9625, #9369, #13039, #12371 ) ) ;
#5661 = EDGE_LOOP ( 'NONE', ( #7129, #1169 ) ) ;
#5662 = DIRECTION ( 'NONE',  ( -0.000000000000000000, 0.000000000000000000, 1.000000000000000000 ) ) ;
#5664 = DIRECTION ( 'NONE',  ( 1.280354350088248533E-16, -1.000000000000000000, -0.000000000000000000 ) ) ;
#5663 = CARTESIAN_POINT ( 'NONE',  ( 200.5000000000004547, 153.0000000000004547, 7.000000000000000000 ) ) ;
#5665 = EDGE_LOOP ( 'NONE', ( #5452, #1682, #7851, #7259 ) ) ;
#5666 = ORIENTED_EDGE ( 'NONE', *, *, #5365, .T. ) ;
#5667 = DIRECTION ( 'NONE',  ( 1.000000000000000000, 0.000000000000000000, 0.000000000000000000 ) ) ;
#5668 = CARTESIAN_POINT ( 'NONE',  ( 205.0000000000005684, 158.3619026473821521, 10.00000000000000000 ) ) ;
#5669 = AXIS2_PLACEMENT_3D ( 'NONE', #3203, #2104, #7486 ) ;
#5670 = ORIENTED_EDGE ( 'NONE', *, *, #6349, .F. ) ;
#5671 = EDGE_CURVE ( 'NONE', #6144, #4692, #726, .T. ) ;
#5672 = CARTESIAN_POINT ( 'NONE',  ( 205.0000000000005400, 153.3994493843326268, 0.1252272915131917019 ) ) ;
#5673 = CARTESIAN_POINT ( 'NONE',  ( 26.54116097332609669, 0.000000000000000000, 10.40000000000000213 ) ) ;
#5674 = ORIENTED_EDGE ( 'NONE', *, *, #852, .F. ) ;
#5675 = FACE_OUTER_BOUND ( 'NONE', #6904, .T. ) ;
#5676 = ORIENTED_EDGE ( 'NONE', *, *, #12141, .T. ) ;
#5677 = CARTESIAN_POINT ( 'NONE',  ( 172.4876398314652590, 94.83529219940430721, 8.800000000000000711 ) ) ;
#5678 = DIRECTION ( 'NONE',  ( -0.000000000000000000, -0.000000000000000000, -1.000000000000000000 ) ) ;
#5679 = EDGE_LOOP ( 'NONE', ( #8981, #2159, #2393, #7357, #128, #10612, #787, #7232, #2777, #2834, #10783, #1927, #9627, #6240, #10178, #8194, #6668, #9350 ) ) ;
#5680 = CARTESIAN_POINT ( 'NONE',  ( 138.8492919255787115, 120.7500671661881455, 10.00000000000000000 ) ) ;
#5681 = VECTOR ( 'NONE', #10720, 1000.000000000000000 ) ;
#5682 = FACE_OUTER_BOUND ( 'NONE', #11851, .T. ) ;
#5683 = ORIENTED_EDGE ( 'NONE', *, *, #6061, .T. ) ;
#5684 = EDGE_CURVE ( 'NONE', #249, #7852, #2351, .T. ) ;
#5685 = CARTESIAN_POINT ( 'NONE',  ( 173.1707809144666896, 88.26512760964008919, 0.000000000000000000 ) ) ;
#5686 = LINE ( 'NONE', #12897, #5363 ) ;
#5687 = DIRECTION ( 'NONE',  ( -0.000000000000000000, 0.000000000000000000, 1.000000000000000000 ) ) ;
#5688 = LINE ( 'NONE', #5894, #3744 ) ;
#5689 = DIRECTION ( 'NONE',  ( 0.000000000000000000, 0.000000000000000000, -1.000000000000000000 ) ) ;
#5690 = VERTEX_POINT ( 'NONE', #11036 ) ;
#5691 = FACE_BOUND ( 'NONE', #9861, .T. ) ;
#5692 = CARTESIAN_POINT ( 'NONE',  ( 190.9588390266749514, 83.05906438913014256, 10.40000000000000213 ) ) ;
#5693 = VERTEX_POINT ( 'NONE', #3716 ) ;
#5694 = CIRCLE ( 'NONE', #2225, 1.750000000000001554 ) ;
#5695 = DIRECTION ( 'NONE',  ( -0.000000000000000000, 0.000000000000000000, 1.000000000000000000 ) ) ;
#5696 = CARTESIAN_POINT ( 'NONE',  ( 174.7485405866029851, 58.64993458377050217, 10.00000000000000000 ) ) ;
#5697 = CYLINDRICAL_SURFACE ( 'NONE', #10527, 1.750000000000001554 ) ;
#5698 = CARTESIAN_POINT ( 'NONE',  ( 45.11403200266500590, 89.52015041444528265, 8.800000000000000711 ) ) ;
#5699 = ADVANCED_FACE ( 'NONE', ( #3851 ), #1916, .T. ) ;
#5700 = VECTOR ( 'NONE', #9321, 1000.000000000000000 ) ;
#5701 = LINE ( 'NONE', #544, #6450 ) ;
#5702 = DIRECTION ( 'NONE',  ( -0.000000000000000000, -0.000000000000000000, -1.000000000000000000 ) ) ;
#5703 = DIRECTION ( 'NONE',  ( 1.000000000000000000, 0.000000000000000000, 0.000000000000000000 ) ) ;
#5704 = DIRECTION ( 'NONE',  ( -0.000000000000000000, -0.000000000000000000, -1.000000000000000000 ) ) ;
#5705 = DIRECTION ( 'NONE',  ( -1.801302180350780072E-16, 1.000000000000000000, -0.000000000000000000 ) ) ;
#5706 = CARTESIAN_POINT ( 'NONE',  ( 175.7431846376827025, 124.7179551689040551, 8.800000000000000711 ) ) ;
#5707 = ORIENTED_EDGE ( 'NONE', *, *, #10650, .F. ) ;
#5708 = EDGE_LOOP ( 'NONE', ( #9431, #6711, #11115, #6435 ) ) ;
#5709 = FACE_BOUND ( 'NONE', #9646, .T. ) ;
#5710 = CARTESIAN_POINT ( 'NONE',  ( 122.9267149358793034, 58.91592920418546697, 0.000000000000000000 ) ) ;
#5711 = CARTESIAN_POINT ( 'NONE',  ( 83.10734701375183420, 117.7494076238474747, 0.000000000000000000 ) ) ;
#5712 = ORIENTED_EDGE ( 'NONE', *, *, #9496, .T. ) ;
#5713 = AXIS2_PLACEMENT_3D ( 'NONE', #6168, #13452, #8448 ) ;
#5714 = ADVANCED_FACE ( 'NONE', ( #3782 ), #6926, .T. ) ;
#5715 = ORIENTED_EDGE ( 'NONE', *, *, #1478, .F. ) ;
#5716 = EDGE_CURVE ( 'NONE', #275, #11797, #599, .T. ) ;
#5717 = CYLINDRICAL_SURFACE ( 'NONE', #6261, 8.649999999999963052 ) ;
#5718 = VERTEX_POINT ( 'NONE', #9875 ) ;
#5719 = CARTESIAN_POINT ( 'NONE',  ( 174.7485405866029851, 53.53183226581801790, 0.000000000000000000 ) ) ;
#5720 = VECTOR ( 'NONE', #10357, 1000.000000000000000 ) ;
#5721 = DIRECTION ( 'NONE',  ( 1.000000000000000000, 0.000000000000000000, 0.000000000000000000 ) ) ;
#5722 = ORIENTED_EDGE ( 'NONE', *, *, #8227, .F. ) ;
#5723 = VERTEX_POINT ( 'NONE', #7961 ) ;
#5724 = CARTESIAN_POINT ( 'NONE',  ( 41.89847560493171841, 83.05906438913005729, 8.800000000000000711 ) ) ;
#5726 = LINE ( 'NONE', #12048, #4563 ) ;
#5725 = DIRECTION ( 'NONE',  ( -0.000000000000000000, -0.000000000000000000, -1.000000000000000000 ) ) ;
#5727 = VECTOR ( 'NONE', #5977, 1000.000000000000000 ) ;
#5728 = EDGE_LOOP ( 'NONE', ( #13461, #6120, #3240, #13486 ) ) ;
#5729 = ADVANCED_FACE ( 'NONE', ( #5756 ), #456, .F. ) ;
#5730 = EDGE_LOOP ( 'NONE', ( #12905, #6336, #3680, #10386 ) ) ;
#5732 = CARTESIAN_POINT ( 'NONE',  ( 127.0962509126547531, 86.03334357308700930, 0.000000000000000000 ) ) ;
#5731 = DIRECTION ( 'NONE',  ( -1.000000000000000000, 0.000000000000000000, 0.000000000000000000 ) ) ;
#5733 = AXIS2_PLACEMENT_3D ( 'NONE', #11974, #12866, #1451 ) ;
#5734 = VECTOR ( 'NONE', #9944, 1000.000000000000000 ) ;
#5735 = CARTESIAN_POINT ( 'NONE',  ( 44.40188494886661630, 86.00859212133335063, 8.800000000000000711 ) ) ;
#5736 = CARTESIAN_POINT ( 'NONE',  ( 43.36403200266500590, 94.46799953652343618, 10.00000000000000000 ) ) ;
#5737 = EDGE_LOOP ( 'NONE', ( #9161, #2766, #1482, #8298 ) ) ;
#5738 = VECTOR ( 'NONE', #5922, 1000.000000000000000 ) ;
#5739 = AXIS2_PLACEMENT_3D ( 'NONE', #11252, #3722, #5017 ) ;
#5740 = SURFACE_SIDE_STYLE ('',( #10945 ) ) ;
#5741 = DIRECTION ( 'NONE',  ( 1.000000000000000000, 0.000000000000000000, 0.000000000000000000 ) ) ;
#5742 = AXIS2_PLACEMENT_3D ( 'NONE', #10601, #9592, #230 ) ;
#5743 = DIRECTION ( 'NONE',  ( -1.000000000000000000, 0.000000000000000000, 0.000000000000000000 ) ) ;
#5744 = ORIENTED_EDGE ( 'NONE', *, *, #13055, .F. ) ;
#5745 = EDGE_CURVE ( 'NONE', #8573, #8936, #3424, .T. ) ;
#5746 = DIRECTION ( 'NONE',  ( -0.000000000000000000, -0.000000000000000000, -1.000000000000000000 ) ) ;
#5747 = EDGE_CURVE ( 'NONE', #4863, #11858, #10206, .T. ) ;
#5748 = DIRECTION ( 'NONE',  ( 0.000000000000000000, 0.000000000000000000, 1.000000000000000000 ) ) ;
#5749 = AXIS2_PLACEMENT_3D ( 'NONE', #7425, #6239, #12496 ) ;
#5750 = CIRCLE ( 'NONE', #11007, 1.750000000000001554 ) ;
#5751 = AXIS2_PLACEMENT_3D ( 'NONE', #1997, #13228, #6011 ) ;
#5752 = CARTESIAN_POINT ( 'NONE',  ( 175.7587953791441464, 85.90966637033203313, 10.40000000000000213 ) ) ;
#5753 = VERTEX_POINT ( 'NONE', #2782 ) ;
#5754 = LINE ( 'NONE', #867, #10860 ) ;
#5755 = ORIENTED_EDGE ( 'NONE', *, *, #9541, .F. ) ;
#5756 = FACE_OUTER_BOUND ( 'NONE', #8062, .T. ) ;
#5757 = CARTESIAN_POINT ( 'NONE',  ( 17.69410731555055705, 13.04499117332053437, 1.552946342224720278 ) ) ;
#5758 = AXIS2_PLACEMENT_3D ( 'NONE', #3914, #13170, #1688 ) ;
#5759 = CARTESIAN_POINT ( 'NONE',  ( 25.54116097332610025, 98.50862242824007353, 8.800000000000000711 ) ) ;
#5760 = VERTEX_POINT ( 'NONE', #667 ) ;
#5761 = CARTESIAN_POINT ( 'NONE',  ( 150.2597551873219288, 128.5517170524556718, 10.00000000000000000 ) ) ;
#5762 = VECTOR ( 'NONE', #5861, 1000.000000000000000 ) ;
#5763 = LINE ( 'NONE', #9956, #1456 ) ;
#5764 = VERTEX_POINT ( 'NONE', #12148 ) ;
#5765 = DIRECTION ( 'NONE',  ( -0.000000000000000000, -0.000000000000000000, -1.000000000000000000 ) ) ;
#5766 = CYLINDRICAL_SURFACE ( 'NONE', #13077, 1.750000000000001554 ) ;
#5767 = ADVANCED_FACE ( 'NONE', ( #2060 ), #12462, .F. ) ;
#5768 = CARTESIAN_POINT ( 'NONE',  ( 125.1962509126547332, 86.03334357308700930, 10.00000000000000000 ) ) ;
#5769 = CIRCLE ( 'NONE', #5548, 1.750000000000001554 ) ;
#5770 = CARTESIAN_POINT ( 'NONE',  ( 45.08002210663563858, 6.715518501719201616, 8.800000000000000711 ) ) ;
#5771 = DIRECTION ( 'NONE',  ( -0.000000000000000000, -0.000000000000000000, -1.000000000000000000 ) ) ;
#5772 = DIRECTION ( 'NONE',  ( -0.000000000000000000, 0.000000000000000000, 1.000000000000000000 ) ) ;
#5773 = CARTESIAN_POINT ( 'NONE',  ( 176.1886196829786400, 46.10137757176003959, 10.40000000000000213 ) ) ;
#5774 = LINE ( 'NONE', #9828, #11930 ) ;
#5775 = CYLINDRICAL_SURFACE ( 'NONE', #1116, 1.750000000000001554 ) ;
#5776 = VECTOR ( 'NONE', #7562, 1000.000000000000000 ) ;
#5777 = CARTESIAN_POINT ( 'NONE',  ( 45.08002210663563858, 6.715518501719201616, 10.00000000000000000 ) ) ;
#5778 = EDGE_LOOP ( 'NONE', ( #9593, #8234, #399, #13253 ) ) ;
#5779 = VERTEX_POINT ( 'NONE', #2315 ) ;
#5780 = EDGE_CURVE ( 'NONE', #4587, #6181, #2127, .T. ) ;
#5781 = AXIS2_PLACEMENT_3D ( 'NONE', #6870, #7705, #7780 ) ;
#5782 = EDGE_LOOP ( 'NONE', ( #1113, #9540, #8744, #8525 ) ) ;
#5783 = DIRECTION ( 'NONE',  ( -0.000000000000000000, -0.000000000000000000, -1.000000000000000000 ) ) ;
#5784 = ORIENTED_EDGE ( 'NONE', *, *, #13008, .T. ) ;
#5785 = VECTOR ( 'NONE', #6159, 1000.000000000000000 ) ;
#5786 = DIRECTION ( 'NONE',  ( -1.125813862719237453E-16, 1.000000000000000000, 0.000000000000000000 ) ) ;
#5787 = ORIENTED_EDGE ( 'NONE', *, *, #11390, .T. ) ;
#5788 = AXIS2_PLACEMENT_3D ( 'NONE', #12966, #10959, #2436 ) ;
#5789 =( NAMED_UNIT ( * ) PLANE_ANGLE_UNIT ( ) SI_UNIT ( $, .RADIAN. ) );
#5790 = DIRECTION ( 'NONE',  ( -0.000000000000000000, -0.000000000000000000, 1.000000000000000000 ) ) ;
#5791 = EDGE_CURVE ( 'NONE', #6697, #3432, #13059, .T. ) ;
#5792 = CARTESIAN_POINT ( 'NONE',  ( 25.54116097332610025, 98.50862242824007353, 9.400000000000000355 ) ) ;
#5793 = ORIENTED_EDGE ( 'NONE', *, *, #1067, .F. ) ;
#5794 = ORIENTED_EDGE ( 'NONE', *, *, #9187, .T. ) ;
#5795 = CARTESIAN_POINT ( 'NONE',  ( 41.10258495182370098, 136.4729333453784932, 10.00000000000000000 ) ) ;
#5796 = EDGE_CURVE ( 'NONE', #4097, #10837, #6036, .T. ) ;
#5797 = VERTEX_POINT ( 'NONE', #1704 ) ;
#5798 = ORIENTED_EDGE ( 'NONE', *, *, #719, .T. ) ;
#5799 = CARTESIAN_POINT ( 'NONE',  ( 45.11403200266500590, 94.46799953652343618, 0.000000000000000000 ) ) ;
#5800 = AXIS2_PLACEMENT_3D ( 'NONE', #12366, #3003, #8255 ) ;
#5801 = FACE_BOUND ( 'NONE', #2867, .T. ) ;
#5802 = DIRECTION ( 'NONE',  ( 1.000000000000000000, 0.000000000000000000, 0.000000000000000000 ) ) ;
#5803 = ORIENTED_EDGE ( 'NONE', *, *, #1086, .T. ) ;
#5804 = VECTOR ( 'NONE', #2408, 1000.000000000000000 ) ;
#5805 = DIRECTION ( 'NONE',  ( 0.000000000000000000, 0.000000000000000000, 1.000000000000000000 ) ) ;
#5806 = EDGE_CURVE ( 'NONE', #1571, #11536, #7013, .T. ) ;
#5807 = VECTOR ( 'NONE', #9225, 1000.000000000000000 ) ;
#5808 = CARTESIAN_POINT ( 'NONE',  ( 17.17116097332557700, 82.80500000000016314, 4.400000000000001243 ) ) ;
#5809 = AXIS2_PLACEMENT_3D ( 'NONE', #13323, #9357, #10429 ) ;
#5810 = FACE_OUTER_BOUND ( 'NONE', #2955, .T. ) ;
#5811 = CARTESIAN_POINT ( 'NONE',  ( 41.77127944125191306, 98.50862242824007353, 10.40000000000000213 ) ) ;
#5812 = EDGE_CURVE ( 'NONE', #10523, #5583, #5844, .T. ) ;
#5813 = ORIENTED_EDGE ( 'NONE', *, *, #8059, .T. ) ;
#5814 = ADVANCED_FACE ( 'NONE', ( #12295 ), #10977, .F. ) ;
#5815 = CARTESIAN_POINT ( 'NONE',  ( 41.11730598147647697, 126.1887866701237044, 8.800000000000000711 ) ) ;
#5816 = ORIENTED_EDGE ( 'NONE', *, *, #8914, .F. ) ;
#5817 = DIRECTION ( 'NONE',  ( -0.000000000000000000, -0.000000000000000000, -1.000000000000000000 ) ) ;
#5818 = CIRCLE ( 'NONE', #4506, 1.750000000000001554 ) ;
#5819 = CIRCLE ( 'NONE', #845, 1.750000000000001554 ) ;
#5820 = AXIS2_PLACEMENT_3D ( 'NONE', #10960, #5893, #1615 ) ;
#5821 = CARTESIAN_POINT ( 'NONE',  ( 0.000000000000000000, 60.70033362966805157, 10.40000000000000213 ) ) ;
#5822 = EDGE_LOOP ( 'NONE', ( #5215, #12631, #12487, #5909 ) ) ;
#5823 = LINE ( 'NONE', #12005, #11744 ) ;
#5824 = ORIENTED_EDGE ( 'NONE', *, *, #9421, .F. ) ;
#5825 = EDGE_CURVE ( 'NONE', #12336, #7715, #12434, .T. ) ;
#5826 = CARTESIAN_POINT ( 'NONE',  ( 200.5000000000004547, 153.0000000000004547, 7.000000000000000000 ) ) ;
#5827 = CARTESIAN_POINT ( 'NONE',  ( 42.85258495182370098, 131.3036457082470179, 8.800000000000000711 ) ) ;
#5828 = DIRECTION ( 'NONE',  ( 1.000000000000000000, 0.000000000000000000, 0.000000000000000000 ) ) ;
#5829 = EDGE_CURVE ( 'NONE', #1761, #3002, #119, .T. ) ;
#5830 = AXIS2_PLACEMENT_3D ( 'NONE', #12156, #4057, #11182 ) ;
#5831 = CARTESIAN_POINT ( 'NONE',  ( 125.1962509126547332, 86.03334357308700930, 0.000000000000000000 ) ) ;
#5832 = ORIENTED_EDGE ( 'NONE', *, *, #10013, .T. ) ;
#5833 = ORIENTED_EDGE ( 'NONE', *, *, #12012, .F. ) ;
#5834 = DIRECTION ( 'NONE',  ( -0.000000000000000000, -0.000000000000000000, -1.000000000000000000 ) ) ;
#5835 = AXIS2_PLACEMENT_3D ( 'NONE', #10890, #8721, #251 ) ;
#5836 = CARTESIAN_POINT ( 'NONE',  ( 145.1752465877438567, 54.88588100076002974, 9.400000000000018119 ) ) ;
#5837 = ORIENTED_EDGE ( 'NONE', *, *, #11258, .T. ) ;
#5838 = LINE ( 'NONE', #2447, #10211 ) ;
#5839 = DIRECTION ( 'NONE',  ( -0.000000000000000000, -0.000000000000000000, -1.000000000000000000 ) ) ;
#5840 = DIRECTION ( 'NONE',  ( 1.000000000000000000, 0.000000000000000000, 0.000000000000000000 ) ) ;
#5841 = ORIENTED_EDGE ( 'NONE', *, *, #3304, .F. ) ;
#5842 = VECTOR ( 'NONE', #3815, 1000.000000000000000 ) ;
#5843 = DIRECTION ( 'NONE',  ( -0.000000000000000000, 0.000000000000000000, 1.000000000000000000 ) ) ;
#5844 = LINE ( 'NONE', #13321, #3647 ) ;
#5845 = LINE ( 'NONE', #743, #10841 ) ;
#5846 = EDGE_CURVE ( 'NONE', #10207, #6637, #946, .T. ) ;
#5847 = DIRECTION ( 'NONE',  ( -0.000000000000000000, 0.000000000000000000, 1.000000000000000000 ) ) ;
#5848 = DIRECTION ( 'NONE',  ( -0.000000000000000000, 0.000000000000000000, 1.000000000000000000 ) ) ;
#5849 = DIRECTION ( 'NONE',  ( 1.224646799147353207E-16, 1.000000000000000000, 0.000000000000000000 ) ) ;
#5850 = DIRECTION ( 'NONE',  ( 0.5000000000000001110, -0.4999999999999997780, -0.7071067811865475727 ) ) ;
#5851 = ORIENTED_EDGE ( 'NONE', *, *, #1406, .T. ) ;
#5852 = ORIENTED_EDGE ( 'NONE', *, *, #8609, .F. ) ;
#5853 = FACE_OUTER_BOUND ( 'NONE', #11959, .T. ) ;
#5854 = VERTEX_POINT ( 'NONE', #9413 ) ;
#5855 = CARTESIAN_POINT ( 'NONE',  ( 176.2879805785753149, 48.38256379482365332, 10.00000000000000000 ) ) ;
#5856 = ORIENTED_EDGE ( 'NONE', *, *, #2970, .T. ) ;
#5857 = CARTESIAN_POINT ( 'NONE',  ( 45.11403200266500590, 45.55398713153164891, 8.800000000000000711 ) ) ;
#5858 = VERTEX_POINT ( 'NONE', #3267 ) ;
#5859 = EDGE_CURVE ( 'NONE', #9075, #6114, #2026, .T. ) ;
#5860 = CARTESIAN_POINT ( 'NONE',  ( 200.5000000000004547, -7.389999999999986358, 10.00000000000000000 ) ) ;
#5861 = DIRECTION ( 'NONE',  ( -0.000000000000000000, -0.000000000000000000, -1.000000000000000000 ) ) ;
#5862 = LINE ( 'NONE', #9034, #12323 ) ;
#5863 = DIRECTION ( 'NONE',  ( -1.000000000000000000, 0.000000000000000000, 0.000000000000000000 ) ) ;
#5864 = ORIENTED_EDGE ( 'NONE', *, *, #3304, .T. ) ;
#5865 = ORIENTED_EDGE ( 'NONE', *, *, #5745, .F. ) ;
#5866 = CIRCLE ( 'NONE', #5004, 1.899999999999985034 ) ;
#5867 = DIRECTION ( 'NONE',  ( -0.000000000000000000, -0.000000000000000000, -1.000000000000000000 ) ) ;
#5868 = ORIENTED_EDGE ( 'NONE', *, *, #6296, .T. ) ;
#5869 = DIRECTION ( 'NONE',  ( -0.000000000000000000, 0.000000000000000000, 1.000000000000000000 ) ) ;
#5870 = ORIENTED_EDGE ( 'NONE', *, *, #4468, .F. ) ;
#5871 = EDGE_CURVE ( 'NONE', #8032, #9993, #9479, .T. ) ;
#5872 = DIRECTION ( 'NONE',  ( -0.000000000000000000, 0.000000000000000000, 1.000000000000000000 ) ) ;
#5873 = CARTESIAN_POINT ( 'NONE',  ( 92.40672948317448743, 98.95013237564819519, 8.800000000000000711 ) ) ;
#5874 = VECTOR ( 'NONE', #11981, 1000.000000000000000 ) ;
#5875 = ORIENTED_EDGE ( 'NONE', *, *, #9985, .T. ) ;
#5876 = EDGE_CURVE ( 'NONE', #9747, #8484, #4256, .T. ) ;
#5877 = EDGE_CURVE ( 'NONE', #7171, #11666, #183, .T. ) ;
#5878 = FACE_OUTER_BOUND ( 'NONE', #4498, .T. ) ;
#5879 = DIRECTION ( 'NONE',  ( 1.000000000000000000, 0.000000000000000000, 0.000000000000000000 ) ) ;
#5880 = ORIENTED_EDGE ( 'NONE', *, *, #10272, .T. ) ;
#5881 = PLANE ( 'NONE',  #1248 ) ;
#5882 = EDGE_LOOP ( 'NONE', ( #5206, #2497, #13121, #4886, #3167 ) ) ;
#5883 = VERTEX_POINT ( 'NONE', #11458 ) ;
#5884 = CYLINDRICAL_SURFACE ( 'NONE', #8601, 1.750000000000001554 ) ;
#5885 = DIRECTION ( 'NONE',  ( -0.000000000000000000, -0.000000000000000000, -1.000000000000000000 ) ) ;
#5886 = EDGE_CURVE ( 'NONE', #1980, #13508, #6359, .T. ) ;
#5887 = CYLINDRICAL_SURFACE ( 'NONE', #293, 2.700000000000008171 ) ;
#5888 = VERTEX_POINT ( 'NONE', #4123 ) ;
#5889 = EDGE_CURVE ( 'NONE', #2405, #9614, #1024, .T. ) ;
#5890 = CARTESIAN_POINT ( 'NONE',  ( 200.3288390266749275, 28.60989453229146662, 4.400000000000001243 ) ) ;
#5891 = ORIENTED_EDGE ( 'NONE', *, *, #8241, .T. ) ;
#5892 = DIRECTION ( 'NONE',  ( -0.000000000000000000, -0.000000000000000000, -1.000000000000000000 ) ) ;
#5893 = DIRECTION ( 'NONE',  ( -0.000000000000000000, -0.000000000000000000, -1.000000000000000000 ) ) ;
#5894 = CARTESIAN_POINT ( 'NONE',  ( 25.54116097332608604, 44.25077559055805665, 8.800000000000000711 ) ) ;
#5895 = CARTESIAN_POINT ( 'NONE',  ( 94.49275623606898478, 8.774332390532082471, 10.00000000000000000 ) ) ;
#5896 = ORIENTED_EDGE ( 'NONE', *, *, #9299, .F. ) ;
#5897 = ORIENTED_EDGE ( 'NONE', *, *, #1769, .F. ) ;
#5898 = DIRECTION ( 'NONE',  ( -0.000000000000000000, 0.000000000000000000, 1.000000000000000000 ) ) ;
#5899 = CARTESIAN_POINT ( 'NONE',  ( 188.6074056901784672, 16.11977596497121823, 40.38160160678945232 ) ) ;
#5900 = ORIENTED_EDGE ( 'NONE', *, *, #248, .F. ) ;
#5901 = DIRECTION ( 'NONE',  ( -0.000000000000000000, 0.000000000000000000, 1.000000000000000000 ) ) ;
#5902 = EDGE_CURVE ( 'NONE', #11149, #11666, #3126, .T. ) ;
#5903 = PLANE ( 'NONE',  #12093 ) ;
#5904 = EDGE_CURVE ( 'NONE', #7870, #6216, #12837, .T. ) ;
#5905 = VECTOR ( 'NONE', #4323, 1000.000000000000000 ) ;
#5906 = PLANE ( 'NONE',  #6183 ) ;
#5907 = FACE_OUTER_BOUND ( 'NONE', #2220, .T. ) ;
#5908 = DIRECTION ( 'NONE',  ( 1.000000000000000000, 0.000000000000000000, 0.000000000000000000 ) ) ;
#5909 = ORIENTED_EDGE ( 'NONE', *, *, #1097, .F. ) ;
#5910 = VERTEX_POINT ( 'NONE', #8380 ) ;
#5911 = CYLINDRICAL_SURFACE ( 'NONE', #7192, 7.000000000000002665 ) ;
#5912 = DIRECTION ( 'NONE',  ( 1.000000000000000000, 0.000000000000000000, 0.000000000000000000 ) ) ;
#5913 = DIRECTION ( 'NONE',  ( 1.224646799147353207E-16, 1.000000000000000000, 0.000000000000000000 ) ) ;
#5914 = ADVANCED_FACE ( 'NONE', ( #12564 ), #2435, .F. ) ;
#5915 = ORIENTED_EDGE ( 'NONE', *, *, #9927, .F. ) ;
#5916 = LINE ( 'NONE', #757, #5942 ) ;
#5917 = EDGE_CURVE ( 'NONE', #9489, #8626, #3661, .T. ) ;
#5918 = VECTOR ( 'NONE', #8104, 1000.000000000000000 ) ;
#5919 = DIRECTION ( 'NONE',  ( 1.000000000000000000, 0.000000000000000000, 0.000000000000000000 ) ) ;
#5920 = ORIENTED_EDGE ( 'NONE', *, *, #4362, .T. ) ;
#5921 = CARTESIAN_POINT ( 'NONE',  ( 42.86730598147647697, 91.97633033906204503, 0.000000000000000000 ) ) ;
#5922 = DIRECTION ( 'NONE',  ( -0.000000000000000000, -0.000000000000000000, -1.000000000000000000 ) ) ;
#5923 = CARTESIAN_POINT ( 'NONE',  ( 0.000000000000000000, 123.7179551689040693, 10.40000000000000213 ) ) ;
#5924 = DIRECTION ( 'NONE',  ( -0.7071067811865473507, -0.7071067811865477948, 0.000000000000000000 ) ) ;
#5925 = FACE_BOUND ( 'NONE', #3490, .T. ) ;
#5926 = VERTEX_POINT ( 'NONE', #9740 ) ;
#5927 = CIRCLE ( 'NONE', #9224, 1.750000000000001554 ) ;
#5928 = ORIENTED_EDGE ( 'NONE', *, *, #3497, .T. ) ;
#5930 = LINE ( 'NONE', #3891, #5874 ) ;
#5929 = CARTESIAN_POINT ( 'NONE',  ( 205.0000000000004547, 117.8050000000001916, 0.000000000000000000 ) ) ;
#5931 = FACE_OUTER_BOUND ( 'NONE', #1055, .T. ) ;
#5932 = ORIENTED_EDGE ( 'NONE', *, *, #7343, .F. ) ;
#5933 = ORIENTED_EDGE ( 'NONE', *, *, #10736, .F. ) ;
#5934 = CARTESIAN_POINT ( 'NONE',  ( 172.9985405866029851, 53.53183226581801790, 0.000000000000000000 ) ) ;
#5935 = EDGE_CURVE ( 'NONE', #2628, #1956, #1059, .T. ) ;
#5936 = DIRECTION ( 'NONE',  ( 0.000000000000000000, 0.000000000000000000, -1.000000000000000000 ) ) ;
#5937 = AXIS2_PLACEMENT_3D ( 'NONE', #10657, #8251, #7149 ) ;
#5938 = CARTESIAN_POINT ( 'NONE',  ( 197.3288390266748991, 28.60989453229147017, 9.000000000000001776 ) ) ;
#5939 = ORIENTED_EDGE ( 'NONE', *, *, #5796, .T. ) ;
#5940 = CARTESIAN_POINT ( 'NONE',  ( 43.36403200266500590, 128.8636569258251825, 0.000000000000000000 ) ) ;
#5941 = DIRECTION ( 'NONE',  ( -1.000000000000000000, 0.000000000000000000, 0.000000000000000000 ) ) ;
#5942 = VECTOR ( 'NONE', #7495, 1000.000000000000000 ) ;
#5943 = ORIENTED_EDGE ( 'NONE', *, *, #8778, .T. ) ;
#5944 = AXIS2_PLACEMENT_3D ( 'NONE', #5546, #6494, #10688 ) ;
#5945 = ORIENTED_EDGE ( 'NONE', *, *, #10725, .F. ) ;
#5946 = EDGE_CURVE ( 'NONE', #9527, #2033, #6698, .T. ) ;
#5947 = DIRECTION ( 'NONE',  ( 0.000000000000000000, 1.000000000000000000, 0.000000000000000000 ) ) ;
#5948 = AXIS2_PLACEMENT_3D ( 'NONE', #10185, #13337, #8133 ) ;
#5949 = CARTESIAN_POINT ( 'NONE',  ( 200.5000000000004547, 160.0000000000004547, 10.00000000000000000 ) ) ;
#5950 = ORIENTED_EDGE ( 'NONE', *, *, #11653, .T. ) ;
#5951 = VECTOR ( 'NONE', #11184, 1000.000000000000000 ) ;
#5952 = CIRCLE ( 'NONE', #1844, 1.750000000000001554 ) ;
#5953 = ORIENTED_EDGE ( 'NONE', *, *, #8877, .T. ) ;
#5954 = DIRECTION ( 'NONE',  ( 0.000000000000000000, 1.000000000000000000, 0.000000000000000000 ) ) ;
#5955 = LINE ( 'NONE', #5757, #11601 ) ;
#5956 = CARTESIAN_POINT ( 'NONE',  ( 72.35482823265215302, 129.5324077978120840, 10.40000000000000213 ) ) ;
#5957 = ORIENTED_EDGE ( 'NONE', *, *, #9782, .T. ) ;
#5958 = ORIENTED_EDGE ( 'NONE', *, *, #8571, .F. ) ;
#5959 = ADVANCED_FACE ( 'NONE', ( #10829 ), #320, .F. ) ;
#5960 = CARTESIAN_POINT ( 'NONE',  ( 200.3288390266748706, 82.80500000000019156, 0.000000000000000000 ) ) ;
#5961 = CARTESIAN_POINT ( 'NONE',  ( 170.7092763556042598, 56.02765497882714385, 10.00000000000000000 ) ) ;
#5962 = VECTOR ( 'NONE', #269, 1000.000000000000000 ) ;
#5963 = ORIENTED_EDGE ( 'NONE', *, *, #7650, .T. ) ;
#5964 = CARTESIAN_POINT ( 'NONE',  ( 150.2597551873219288, 128.5517170524556718, 0.000000000000000000 ) ) ;
#5965 = EDGE_CURVE ( 'NONE', #9147, #6966, #9608, .T. ) ;
#5966 = EDGE_CURVE ( 'NONE', #4372, #10638, #2136, .T. ) ;
#5967 = CIRCLE ( 'NONE', #316, 1.900000000000012790 ) ;
#5968 = VECTOR ( 'NONE', #11720, 1000.000000000000000 ) ;
#5969 = DIRECTION ( 'NONE',  ( 1.000000000000000000, 0.000000000000000000, 0.000000000000000000 ) ) ;
#5970 = ORIENTED_EDGE ( 'NONE', *, *, #9512, .F. ) ;
#5971 = AXIS2_PLACEMENT_3D ( 'NONE', #617, #4754, #7905 ) ;
#5972 = CIRCLE ( 'NONE', #12531, 1.899999999999985034 ) ;
#5973 = DIRECTION ( 'NONE',  ( -0.000000000000000000, 0.000000000000000000, 1.000000000000000000 ) ) ;
#5974 = AXIS2_PLACEMENT_3D ( 'NONE', #11843, #5805, #10001 ) ;
#5975 = CARTESIAN_POINT ( 'NONE',  ( 41.77127944125191306, 98.50862242824007353, 10.40000000000000213 ) ) ;
#5976 = EDGE_CURVE ( 'NONE', #3830, #515, #13283, .T. ) ;
#5977 = DIRECTION ( 'NONE',  ( -0.000000000000000000, -0.000000000000000000, -1.000000000000000000 ) ) ;
#5978 = DIRECTION ( 'NONE',  ( 0.000000000000000000, -1.000000000000000000, 0.000000000000000000 ) ) ;
#5979 = DIRECTION ( 'NONE',  ( -0.000000000000000000, 0.000000000000000000, 1.000000000000000000 ) ) ;
#5980 = ORIENTED_EDGE ( 'NONE', *, *, #7538, .F. ) ;
#5981 = ORIENTED_EDGE ( 'NONE', *, *, #1642, .F. ) ;
#5982 = DIRECTION ( 'NONE',  ( 1.000000000000000000, 0.000000000000000000, 0.000000000000000000 ) ) ;
#5983 = EDGE_CURVE ( 'NONE', #9127, #3289, #10621, .T. ) ;
#5984 = DIRECTION ( 'NONE',  ( 0.000000000000000000, 0.000000000000000000, -1.000000000000000000 ) ) ;
#5985 = AXIS2_PLACEMENT_3D ( 'NONE', #10087, #9074, #11248 ) ;
#5986 = DIRECTION ( 'NONE',  ( -0.000000000000000000, 1.000000000000000000, -0.000000000000000000 ) ) ;
#5987 = ORIENTED_EDGE ( 'NONE', *, *, #6190, .F. ) ;
#5988 = AXIS2_PLACEMENT_3D ( 'NONE', #6283, #9339, #4175 ) ;
#5989 = DIRECTION ( 'NONE',  ( 1.000000000000000000, 0.000000000000000000, 0.000000000000000000 ) ) ;
#5990 = VERTEX_POINT ( 'NONE', #3585 ) ;
#5991 = AXIS2_PLACEMENT_3D ( 'NONE', #7647, #5850, #8953 ) ;
#5992 = CARTESIAN_POINT ( 'NONE',  ( 88.70166045703633984, 13.10754140209606255, 10.40000000000000213 ) ) ;
#5993 = CYLINDRICAL_SURFACE ( 'NONE', #5948, 2.699999999999999289 ) ;
#5994 = LINE ( 'NONE', #4983, #2096 ) ;
#5995 = CARTESIAN_POINT ( 'NONE',  ( 132.3762620681505382, 66.92288104716577379, 8.800000000000000711 ) ) ;
#5996 = EDGE_CURVE ( 'NONE', #5061, #9323, #1277, .T. ) ;
#5997 = EDGE_CURVE ( 'NONE', #3509, #11515, #4456, .T. ) ;
#5998 = CIRCLE ( 'NONE', #131, 1.750000000000001554 ) ;
#5999 = CARTESIAN_POINT ( 'NONE',  ( 12.49999999999989697, 154.9992449836201729, 6.956258079325939562E-16 ) ) ;
#6000 = VERTEX_POINT ( 'NONE', #1412 ) ;
#6001 = ORIENTED_EDGE ( 'NONE', *, *, #5256, .F. ) ;
#6002 = CARTESIAN_POINT ( 'NONE',  ( 78.81811639599669661, 24.99111346065453176, 10.00000000000000000 ) ) ;
#6003 = VERTEX_POINT ( 'NONE', #5685 ) ;
#6004 = DIRECTION ( 'NONE',  ( 1.000000000000000000, 3.411062867899180116E-16, 0.000000000000000000 ) ) ;
#6005 = ORIENTED_EDGE ( 'NONE', *, *, #6991, .T. ) ;
#6006 = CIRCLE ( 'NONE', #6871, 1.750000000000001554 ) ;
#6007 = CARTESIAN_POINT ( 'NONE',  ( 80.71811639599671651, 103.0761435058214914, 10.00000000000000000 ) ) ;
#6008 = CIRCLE ( 'NONE', #8639, 3.599999999999992095 ) ;
#6009 = DIRECTION ( 'NONE',  ( -1.000000000000000000, 0.000000000000000000, 0.000000000000000000 ) ) ;
#6010 = VERTEX_POINT ( 'NONE', #5549 ) ;
#6011 = DIRECTION ( 'NONE',  ( 1.000000000000000000, 0.000000000000000000, 0.000000000000000000 ) ) ;
#6012 = EDGE_CURVE ( 'NONE', #6977, #13176, #522, .T. ) ;
#6013 = AXIS2_PLACEMENT_3D ( 'NONE', #11941, #6576, #1620 ) ;
#6014 = VERTEX_POINT ( 'NONE', #11860 ) ;
#6015 = FACE_OUTER_BOUND ( 'NONE', #5458, .T. ) ;
#6016 = VERTEX_POINT ( 'NONE', #8857 ) ;
#6017 = ORIENTED_EDGE ( 'NONE', *, *, #6334, .T. ) ;
#6018 = CIRCLE ( 'NONE', #11707, 1.750000000000001554 ) ;
#6019 = CARTESIAN_POINT ( 'NONE',  ( 19.70000000000000639, 153.0000000000004547, 7.000000000000000000 ) ) ;
#6020 = DIRECTION ( 'NONE',  ( -0.000000000000000000, 0.000000000000000000, 1.000000000000000000 ) ) ;
#6021 = ORIENTED_EDGE ( 'NONE', *, *, #5575, .T. ) ;
#6022 = AXIS2_PLACEMENT_3D ( 'NONE', #6796, #3603, #13184 ) ;
#6023 = ORIENTED_EDGE ( 'NONE', *, *, #440, .T. ) ;
#6024 = CYLINDRICAL_SURFACE ( 'NONE', #12804, 3.599999999999992095 ) ;
#6025 = DIRECTION ( 'NONE',  ( -0.000000000000000000, -0.000000000000000000, -1.000000000000000000 ) ) ;
#6026 = EDGE_CURVE ( 'NONE', #2174, #11608, #2509, .T. ) ;
#6027 = DIRECTION ( 'NONE',  ( -0.000000000000000000, -0.000000000000000000, -1.000000000000000000 ) ) ;
#6028 = ORIENTED_EDGE ( 'NONE', *, *, #1672, .T. ) ;
#6029 = ORIENTED_EDGE ( 'NONE', *, *, #12112, .T. ) ;
#6030 = LINE ( 'NONE', #936, #13413 ) ;
#6031 = AXIS2_PLACEMENT_3D ( 'NONE', #8624, #6535, #12872 ) ;
#6032 = CARTESIAN_POINT ( 'NONE',  ( 45.11403200266500590, 50.66125931876361221, 10.00000000000000000 ) ) ;
#6033 = VERTEX_POINT ( 'NONE', #3324 ) ;
#6034 = VECTOR ( 'NONE', #8752, 1000.000000000000000 ) ;
#6035 = CARTESIAN_POINT ( 'NONE',  ( 172.4876398314652590, 51.05117720286586547, 0.000000000000000000 ) ) ;
#6036 = CIRCLE ( 'NONE', #9556, 1.900000000000012790 ) ;
#6037 = DIRECTION ( 'NONE',  ( 1.000000000000000000, 0.000000000000000000, 0.000000000000000000 ) ) ;
#6038 = EDGE_CURVE ( 'NONE', #9068, #3984, #6645, .T. ) ;
#6039 = EDGE_LOOP ( 'NONE', ( #4347, #844, #13198, #2858 ) ) ;
#6040 = CIRCLE ( 'NONE', #1703, 1.750000000000001554 ) ;
#6041 = CARTESIAN_POINT ( 'NONE',  ( 45.08002210663563858, 6.715518501719201616, 8.800000000000000711 ) ) ;
#6042 = CIRCLE ( 'NONE', #6249, 1.900000000000012790 ) ;
#6043 = CARTESIAN_POINT ( 'NONE',  ( 174.5379805785753149, 9.540354232463158723, 0.000000000000000000 ) ) ;
#6044 = ADVANCED_FACE ( 'NONE', ( #11652 ), #2299, .F. ) ;
#6045 = EDGE_CURVE ( 'NONE', #1561, #288, #2369, .T. ) ;
#6046 = EDGE_CURVE ( 'NONE', #10046, #9080, #5475, .T. ) ;
#6047 = CARTESIAN_POINT ( 'NONE',  ( 172.9985405866029851, 58.64993458377050217, 10.00000000000000000 ) ) ;
#6048 = LINE ( 'NONE', #5026, #12683 ) ;
#6049 = DIRECTION ( 'NONE',  ( -0.000000000000000000, -0.7071067811865474617, -0.7071067811865474617 ) ) ;
#6050 = ORIENTED_EDGE ( 'NONE', *, *, #4749, .T. ) ;
#6051 = ORIENTED_EDGE ( 'NONE', *, *, #1522, .T. ) ;
#6052 = VECTOR ( 'NONE', #7214, 999.9999999999998863 ) ;
#6053 = DIRECTION ( 'NONE',  ( -0.000000000000000000, 0.000000000000000000, 1.000000000000000000 ) ) ;
#6054 = ORIENTED_EDGE ( 'NONE', *, *, #2490, .T. ) ;
#6055 = LINE ( 'NONE', #13398, #7631 ) ;
#6056 = AXIS2_PLACEMENT_3D ( 'NONE', #8493, #4359, #8558 ) ;
#6057 = EDGE_CURVE ( 'NONE', #4364, #2473, #795, .T. ) ;
#6058 = DIRECTION ( 'NONE',  ( 0.000000000000000000, 1.000000000000000000, 0.000000000000000000 ) ) ;
#6059 = ORIENTED_EDGE ( 'NONE', *, *, #13449, .T. ) ;
#6060 = AXIS2_PLACEMENT_3D ( 'NONE', #10655, #5254, #1178 ) ;
#6061 = EDGE_CURVE ( 'NONE', #3780, #3776, #12145, .T. ) ;
#6062 = DIRECTION ( 'NONE',  ( -0.000000000000000000, 0.000000000000000000, 1.000000000000000000 ) ) ;
#6063 = ADVANCED_FACE ( 'NONE', ( #723 ), #4865, .F. ) ;
#6064 = CARTESIAN_POINT ( 'NONE',  ( 190.0936175437515487, 0.000000000000000000, 4.400000000000001243 ) ) ;
#6065 = LINE ( 'NONE', #11208, #7118 ) ;
#6066 = DIRECTION ( 'NONE',  ( 0.000000000000000000, 0.000000000000000000, -1.000000000000000000 ) ) ;
#6067 = FACE_BOUND ( 'NONE', #7071, .T. ) ;
#6068 = EDGE_LOOP ( 'NONE', ( #9538, #972, #11105, #5980 ) ) ;
#6069 = VERTEX_POINT ( 'NONE', #9067 ) ;
#6070 = FACE_OUTER_BOUND ( 'NONE', #8922, .T. ) ;
#6071 = ORIENTED_EDGE ( 'NONE', *, *, #8250, .F. ) ;
#6072 = ORIENTED_EDGE ( 'NONE', *, *, #2064, .F. ) ;
#6073 = CYLINDRICAL_SURFACE ( 'NONE', #884, 1.750000000000001554 ) ;
#6074 = LINE ( 'NONE', #10260, #3659 ) ;
#6075 = EDGE_CURVE ( 'NONE', #11536, #5283, #5754, .T. ) ;
#6076 = EDGE_CURVE ( 'NONE', #11421, #6234, #8033, .T. ) ;
#6077 = CARTESIAN_POINT ( 'NONE',  ( 172.4876398314652590, 17.14497833867034871, 8.800000000000000711 ) ) ;
#6078 = DIRECTION ( 'NONE',  ( -0.000000000000000000, -0.000000000000000000, -1.000000000000000000 ) ) ;
#6079 = VERTEX_POINT ( 'NONE', #11242 ) ;
#6080 = DIRECTION ( 'NONE',  ( -1.000000000000000000, -1.125813862719237453E-16, 0.000000000000000000 ) ) ;
#6081 = CARTESIAN_POINT ( 'NONE',  ( 45.11403200266500590, 128.8636569258251825, 8.800000000000000711 ) ) ;
#6082 = ORIENTED_EDGE ( 'NONE', *, *, #1901, .F. ) ;
#6083 = CARTESIAN_POINT ( 'NONE',  ( 207.5000000000004547, 120.3050000000001489, 10.00000000000000000 ) ) ;
#6084 = VERTEX_POINT ( 'NONE', #6849 ) ;
#6085 = ORIENTED_EDGE ( 'NONE', *, *, #5408, .T. ) ;
#6086 = AXIS2_PLACEMENT_3D ( 'NONE', #9901, #555, #4694 ) ;
#6087 = EDGE_CURVE ( 'NONE', #5797, #1807, #4732, .T. ) ;
#6088 = CARTESIAN_POINT ( 'NONE',  ( 205.0000000000005684, 131.8050000000002626, 10.00000000000000000 ) ) ;
#6089 = DIRECTION ( 'NONE',  ( -0.000000000000000000, 0.000000000000000000, 1.000000000000000000 ) ) ;
#6090 = ORIENTED_EDGE ( 'NONE', *, *, #11125, .F. ) ;
#6091 = ORIENTED_EDGE ( 'NONE', *, *, #3433, .T. ) ;
#6092 = CARTESIAN_POINT ( 'NONE',  ( 46.86403200266500590, 84.41004697847179727, 0.000000000000000000 ) ) ;
#6093 = CARTESIAN_POINT ( 'NONE',  ( 12.50000000000046718, -12.75190264738218104, 10.00000000000000000 ) ) ;
#6094 = PLANE ( 'NONE',  #9073 ) ;
#6095 = ORIENTED_EDGE ( 'NONE', *, *, #10826, .T. ) ;
#6096 = ORIENTED_EDGE ( 'NONE', *, *, #6443, .T. ) ;
#6097 = VECTOR ( 'NONE', #4147, 1000.000000000000000 ) ;
#6098 = CARTESIAN_POINT ( 'NONE',  ( 43.58456331740230638, 129.7140836074390791, 8.800000000000000711 ) ) ;
#6099 = CARTESIAN_POINT ( 'NONE',  ( 83.10734701375183420, 39.62327421210908085, 8.800000000000000711 ) ) ;
#6100 = ORIENTED_EDGE ( 'NONE', *, *, #952, .F. ) ;
#6101 = DIRECTION ( 'NONE',  ( -0.000000000000000000, 0.000000000000000000, 1.000000000000000000 ) ) ;
#6102 = VERTEX_POINT ( 'NONE', #7885 ) ;
#6103 = DIRECTION ( 'NONE',  ( 0.000000000000000000, 0.000000000000000000, 1.000000000000000000 ) ) ;
#6104 = EDGE_CURVE ( 'NONE', #7679, #58, #4092, .T. ) ;
#6105 = FACE_OUTER_BOUND ( 'NONE', #8389, .T. ) ;
#6106 = AXIS2_PLACEMENT_3D ( 'NONE', #821, #10102, #9215 ) ;
#6107 = EDGE_LOOP ( 'NONE', ( #4186, #7084 ) ) ;
#6108 = CARTESIAN_POINT ( 'NONE',  ( 176.4879805785753035, 126.1960381709627512, 10.00000000000000000 ) ) ;
#6109 = DIRECTION ( 'NONE',  ( 1.000000000000000000, 0.000000000000000000, 0.000000000000000000 ) ) ;
#6110 = CARTESIAN_POINT ( 'NONE',  ( 197.3288390266748706, 149.8940936094211054, 8.800000000000000711 ) ) ;
#6111 = DIRECTION ( 'NONE',  ( -1.000000000000000000, 0.000000000000000000, 0.000000000000000000 ) ) ;
#6112 = DIRECTION ( 'NONE',  ( -0.000000000000000000, 0.000000000000000000, 1.000000000000000000 ) ) ;
#6113 = ORIENTED_EDGE ( 'NONE', *, *, #5877, .F. ) ;
#6114 = VERTEX_POINT ( 'NONE', #1884 ) ;
#6115 = DIRECTION ( 'NONE',  ( 1.000000000000000000, 0.000000000000000000, 0.000000000000000000 ) ) ;
#6116 = ORIENTED_EDGE ( 'NONE', *, *, #5089, .F. ) ;
#6117 = ADVANCED_FACE ( 'NONE', ( #5008 ), #12216, .F. ) ;
#6118 = CARTESIAN_POINT ( 'NONE',  ( 138.5492919255787285, 3.846501363067972079, 8.800000000000000711 ) ) ;
#6119 = AXIS2_PLACEMENT_3D ( 'NONE', #5860, #764, #4909 ) ;
#6120 = ORIENTED_EDGE ( 'NONE', *, *, #9204, .T. ) ;
#6121 = FACE_OUTER_BOUND ( 'NONE', #10259, .T. ) ;
#6122 = CARTESIAN_POINT ( 'NONE',  ( 69.35833726339713223, 134.2108150412378791, 8.800000000000000711 ) ) ;
#6123 = CARTESIAN_POINT ( 'NONE',  ( 12.49999999999989519, 153.8005477831777341, 0.09862744719381069669 ) ) ;
#6124 = EDGE_LOOP ( 'NONE', ( #1989, #13328, #5528, #532 ) ) ;
#6125 = ORIENTED_EDGE ( 'NONE', *, *, #12344, .F. ) ;
#6126 = EDGE_CURVE ( 'NONE', #11100, #2986, #5823, .T. ) ;
#6127 = FACE_OUTER_BOUND ( 'NONE', #2961, .T. ) ;
#6128 = DIRECTION ( 'NONE',  ( -1.000000000000000000, 0.000000000000000000, 0.000000000000000000 ) ) ;
#6129 = EDGE_LOOP ( 'NONE', ( #6984, #3757, #8486, #1346 ) ) ;
#6130 = VECTOR ( 'NONE', #5012, 1000.000000000000000 ) ;
#6131 = ORIENTED_EDGE ( 'NONE', *, *, #3566, .F. ) ;
#6132 = EDGE_CURVE ( 'NONE', #2033, #11085, #3778, .T. ) ;
#6133 = ADVANCED_FACE ( 'NONE', ( #10957 ), #1611, .F. ) ;
#6134 = CARTESIAN_POINT ( 'NONE',  ( 42.86730598147647697, 58.29192021169607330, 8.800000000000000711 ) ) ;
#6135 = DIRECTION ( 'NONE',  ( -1.000000000000000000, 0.000000000000000000, 0.000000000000000000 ) ) ;
#6136 = ORIENTED_EDGE ( 'NONE', *, *, #7056, .F. ) ;
#6137 = AXIS2_PLACEMENT_3D ( 'NONE', #2355, #7408, #11572 ) ;
#6138 = LINE ( 'NONE', #12399, #7088 ) ;
#6139 = DIRECTION ( 'NONE',  ( -0.000000000000000000, 0.000000000000000000, 1.000000000000000000 ) ) ;
#6140 = VERTEX_POINT ( 'NONE', #5890 ) ;
#6141 = ADVANCED_FACE ( 'NONE', ( #9979 ), #12105, .F. ) ;
#6142 = CARTESIAN_POINT ( 'NONE',  ( 174.2309708550598657, 132.9184361280065332, 8.800000000000000711 ) ) ;
#6143 = VERTEX_POINT ( 'NONE', #4904 ) ;
#6144 = VERTEX_POINT ( 'NONE', #95 ) ;
#6145 = DIRECTION ( 'NONE',  ( -0.000000000000000000, -0.000000000000000000, -1.000000000000000000 ) ) ;
#6146 = DIRECTION ( 'NONE',  ( -0.000000000000000000, -0.000000000000000000, -1.000000000000000000 ) ) ;
#6147 = CARTESIAN_POINT ( 'NONE',  ( 148.0597551873219118, 50.50888774354142896, 8.800000000000000711 ) ) ;
#6148 = ORIENTED_EDGE ( 'NONE', *, *, #13523, .F. ) ;
#6149 = VERTEX_POINT ( 'NONE', #5005 ) ;
#6150 = CARTESIAN_POINT ( 'NONE',  ( 17.00000000000004263, 153.0000000000004547, 7.000000000000000000 ) ) ;
#6151 = CARTESIAN_POINT ( 'NONE',  ( 60.75940391929233897, 54.70604292608672381, 37.75302146304333206 ) ) ;
#6152 = VECTOR ( 'NONE', #7567, 1000.000000000000000 ) ;
#6153 = CIRCLE ( 'NONE', #9897, 3.599999999999999201 ) ;
#6154 = DIRECTION ( 'NONE',  ( -0.000000000000000000, -0.000000000000000000, -1.000000000000000000 ) ) ;
#6155 = ORIENTED_EDGE ( 'NONE', *, *, #12926, .T. ) ;
#6156 = EDGE_CURVE ( 'NONE', #9460, #13286, #5203, .T. ) ;
#6157 = CARTESIAN_POINT ( 'NONE',  ( 175.7587953791441464, 85.90966637033203313, 9.399999999999984368 ) ) ;
#6158 = EDGE_CURVE ( 'NONE', #7913, #9878, #11969, .T. ) ;
#6159 = DIRECTION ( 'NONE',  ( -0.000000000000000000, -0.000000000000000000, -1.000000000000000000 ) ) ;
#6160 = ORIENTED_EDGE ( 'NONE', *, *, #7061, .T. ) ;
#6161 = DIRECTION ( 'NONE',  ( -1.000000000000000000, 0.000000000000000000, 0.000000000000000000 ) ) ;
#6162 = VERTEX_POINT ( 'NONE', #26 ) ;
#6163 = CARTESIAN_POINT ( 'NONE',  ( 92.59275623606896488, 8.774332390532082471, 8.800000000000000711 ) ) ;
#6164 = AXIS2_PLACEMENT_3D ( 'NONE', #1631, #5771, #9962 ) ;
#6165 = LINE ( 'NONE', #11522, #1374 ) ;
#6166 = CIRCLE ( 'NONE', #3568, 1.900000000000012790 ) ;
#6167 = CIRCLE ( 'NONE', #1395, 1.750000000000001554 ) ;
#6168 = CARTESIAN_POINT ( 'NONE',  ( 192.1588390266744000, 83.05906438913014256, 4.400000000000001243 ) ) ;
#6169 = ORIENTED_EDGE ( 'NONE', *, *, #11417, .F. ) ;
#6170 = LINE ( 'NONE', #11459, #11497 ) ;
#6171 = AXIS2_PLACEMENT_3D ( 'NONE', #8467, #12650, #3282 ) ;
#6172 = CIRCLE ( 'NONE', #5739, 1.750000000000001554 ) ;
#6173 = DIRECTION ( 'NONE',  ( -1.000000000000000000, 0.000000000000000000, 0.000000000000000000 ) ) ;
#6174 = VERTEX_POINT ( 'NONE', #3970 ) ;
#6175 = DIRECTION ( 'NONE',  ( -1.000000000000000000, 0.000000000000000000, -0.000000000000000000 ) ) ;
#6176 = ADVANCED_FACE ( 'NONE', ( #12345 ), #9333, .F. ) ;
#6177 = AXIS2_PLACEMENT_3D ( 'NONE', #2185, #6453, #4085 ) ;
#6178 = DIRECTION ( 'NONE',  ( -1.000000000000000000, 0.000000000000000000, 0.000000000000000000 ) ) ;
#6179 = ORIENTED_EDGE ( 'NONE', *, *, #9445, .T. ) ;
#6180 = ORIENTED_EDGE ( 'NONE', *, *, #8705, .F. ) ;
#6181 = VERTEX_POINT ( 'NONE', #7263 ) ;
#6182 = CARTESIAN_POINT ( 'NONE',  ( 205.0000000000004263, -8.190547783177619223, 0.09862744719382737779 ) ) ;
#6183 = AXIS2_PLACEMENT_3D ( 'NONE', #4965, #10235, #9089 ) ;
#6184 = AXIS2_PLACEMENT_3D ( 'NONE', #2622, #2477, #6004 ) ;
#6185 = CIRCLE ( 'NONE', #10562, 1.750000000000001554 ) ;
#6186 = LINE ( 'NONE', #9371, #7571 ) ;
#6187 = ORIENTED_EDGE ( 'NONE', *, *, #11641, .T. ) ;
#6188 = PLANE ( 'NONE',  #6171 ) ;
#6189 = DIRECTION ( 'NONE',  ( 0.000000000000000000, 0.000000000000000000, -1.000000000000000000 ) ) ;
#6190 = EDGE_CURVE ( 'NONE', #6274, #8039, #7813, .T. ) ;
#6191 = AXIS2_PLACEMENT_3D ( 'NONE', #4050, #8437, #10473 ) ;
#6192 = FACE_BOUND ( 'NONE', #9694, .T. ) ;
#6193 = ORIENTED_EDGE ( 'NONE', *, *, #11097, .T. ) ;
#6194 = DIRECTION ( 'NONE',  ( 0.000000000000000000, -0.000000000000000000, -1.000000000000000000 ) ) ;
#6195 = VERTEX_POINT ( 'NONE', #11309 ) ;
#6196 = ORIENTED_EDGE ( 'NONE', *, *, #478, .F. ) ;
#6197 = AXIS2_PLACEMENT_3D ( 'NONE', #7440, #11607, #9436 ) ;
#6198 = CARTESIAN_POINT ( 'NONE',  ( 42.86730598147647697, 86.84976237332983828, 0.000000000000000000 ) ) ;
#6199 = DIRECTION ( 'NONE',  ( -1.000000000000000000, 0.000000000000000000, 0.000000000000000000 ) ) ;
#6200 = EDGE_CURVE ( 'NONE', #2187, #3811, #11081, .T. ) ;
#6201 = ORIENTED_EDGE ( 'NONE', *, *, #10826, .F. ) ;
#6202 = CARTESIAN_POINT ( 'NONE',  ( 90.50672948317448174, 59.72174035506507295, 10.00000000000000000 ) ) ;
#6203 = APPLICATION_CONTEXT ( 'automotive_design' ) ;
#6204 = DIRECTION ( 'NONE',  ( -0.000000000000000000, 0.000000000000000000, 1.000000000000000000 ) ) ;
#6205 = EDGE_CURVE ( 'NONE', #1170, #7594, #1069, .T. ) ;
#6206 = ORIENTED_EDGE ( 'NONE', *, *, #496, .F. ) ;
#6207 = DIRECTION ( 'NONE',  ( 0.000000000000000000, 0.000000000000000000, -1.000000000000000000 ) ) ;
#6208 = AXIS2_PLACEMENT_3D ( 'NONE', #10563, #5169, #9362 ) ;
#6209 = ORIENTED_EDGE ( 'NONE', *, *, #732, .T. ) ;
#6210 = ORIENTED_EDGE ( 'NONE', *, *, #4620, .T. ) ;
#6211 = CARTESIAN_POINT ( 'NONE',  ( 173.2464945138908092, 20.71879223717072449, 10.00000000000000000 ) ) ;
#6212 = CARTESIAN_POINT ( 'NONE',  ( 145.1596358462824981, 93.69416979933204459, 9.400000000000044764 ) ) ;
#6213 = LINE ( 'NONE', #10339, #4003 ) ;
#6214 = EDGE_CURVE ( 'NONE', #9546, #6195, #3107, .T. ) ;
#6215 = CARTESIAN_POINT ( 'NONE',  ( 146.1597551873219345, 89.69314898022133775, 8.800000000000000711 ) ) ;
#6216 = VERTEX_POINT ( 'NONE', #2076 ) ;
#6217 = AXIS2_PLACEMENT_3D ( 'NONE', #9001, #12357, #674 ) ;
#6218 = VERTEX_POINT ( 'NONE', #6212 ) ;
#6219 = DIRECTION ( 'NONE',  ( -0.000000000000000000, -0.000000000000000000, -1.000000000000000000 ) ) ;
#6220 = CARTESIAN_POINT ( 'NONE',  ( 191.9588390266749514, 124.7179551689040551, 8.800000000000000711 ) ) ;
#6221 = ADVANCED_FACE ( 'NONE', ( #5264 ), #9395, .F. ) ;
#6222 = EDGE_CURVE ( 'NONE', #8569, #1561, #6935, .T. ) ;
#6223 = DIRECTION ( 'NONE',  ( -0.000000000000000000, -0.000000000000000000, -1.000000000000000000 ) ) ;
#6224 = ORIENTED_EDGE ( 'NONE', *, *, #7825, .T. ) ;
#6225 = FACE_BOUND ( 'NONE', #11014, .T. ) ;
#6226 = DIRECTION ( 'NONE',  ( -0.000000000000000000, 0.000000000000000000, 1.000000000000000000 ) ) ;
#6227 = EDGE_LOOP ( 'NONE', ( #3451, #8984, #9725, #12310 ) ) ;
#6228 = DIRECTION ( 'NONE',  ( 1.000000000000000000, 0.000000000000000000, 0.000000000000000000 ) ) ;
#6229 = EDGE_LOOP ( 'NONE', ( #6388, #11381, #7449, #13032 ) ) ;
#6230 = AXIS2_PLACEMENT_3D ( 'NONE', #12748, #11996, #2561 ) ;
#6231 = VECTOR ( 'NONE', #9415, 1000.000000000000114 ) ;
#6232 = CARTESIAN_POINT ( 'NONE',  ( 26.54116097332608959, 21.89204483109605803, 10.40000000000000213 ) ) ;
#6233 = EDGE_CURVE ( 'NONE', #874, #10525, #1948, .T. ) ;
#6234 = VERTEX_POINT ( 'NONE', #6088 ) ;
#6235 = EDGE_CURVE ( 'NONE', #1489, #6977, #4752, .T. ) ;
#6236 = CARTESIAN_POINT ( 'NONE',  ( 174.7485405866029851, 97.45949380390098327, 0.000000000000000000 ) ) ;
#6237 = CARTESIAN_POINT ( 'NONE',  ( 44.36274595599700632, 8.311768771484263851, 8.800000000000000711 ) ) ;
#6238 = AXIS2_PLACEMENT_3D ( 'NONE', #11367, #12667, #22 ) ;
#6239 = DIRECTION ( 'NONE',  ( -0.000000000000000000, 0.000000000000000000, 1.000000000000000000 ) ) ;
#6240 = ORIENTED_EDGE ( 'NONE', *, *, #5904, .T. ) ;
#6241 = CIRCLE ( 'NONE', #8456, 1.899999999999985034 ) ;
#6242 = CARTESIAN_POINT ( 'NONE',  ( 146.1597551873219345, 11.65909888836609731, 0.000000000000000000 ) ) ;
#6243 = VECTOR ( 'NONE', #10165, 1000.000000000000114 ) ;
#6244 = CARTESIAN_POINT ( 'NONE',  ( 83.10734701375183420, 117.7494076238474747, 8.800000000000000711 ) ) ;
#6245 = ORIENTED_EDGE ( 'NONE', *, *, #2757, .T. ) ;
#6246 = ORIENTED_EDGE ( 'NONE', *, *, #6816, .T. ) ;
#6247 = ORIENTED_EDGE ( 'NONE', *, *, #10107, .T. ) ;
#6248 = DIRECTION ( 'NONE',  ( 1.000000000000000000, 0.000000000000000000, 0.000000000000000000 ) ) ;
#6249 = AXIS2_PLACEMENT_3D ( 'NONE', #5711, #12242, #11132 ) ;
#6250 = EDGE_CURVE ( 'NONE', #5410, #3855, #12543, .T. ) ;
#6251 = AXIS2_PLACEMENT_3D ( 'NONE', #6236, #10428, #45 ) ;
#6252 = DIRECTION ( 'NONE',  ( 1.000000000000000000, 0.000000000000000000, 0.000000000000000000 ) ) ;
#6253 = ORIENTED_EDGE ( 'NONE', *, *, #13318, .T. ) ;
#6254 = CARTESIAN_POINT ( 'NONE',  ( 127.8752465877439306, 54.88588100076002974, 9.400000000000018119 ) ) ;
#6255 = CARTESIAN_POINT ( 'NONE',  ( 200.3288390266749275, 28.60989453229147017, 4.400000000000001243 ) ) ;
#6256 = DIRECTION ( 'NONE',  ( -1.000000000000000000, 0.000000000000000000, 0.000000000000000000 ) ) ;
#6257 = VECTOR ( 'NONE', #13514, 1000.000000000000000 ) ;
#6258 = DIRECTION ( 'NONE',  ( -0.000000000000000000, 0.000000000000000000, 1.000000000000000000 ) ) ;
#6259 = ORIENTED_EDGE ( 'NONE', *, *, #3889, .T. ) ;
#6260 = FACE_BOUND ( 'NONE', #9691, .T. ) ;
#6261 = AXIS2_PLACEMENT_3D ( 'NONE', #12246, #1651, #11136 ) ;
#6262 = ORIENTED_EDGE ( 'NONE', *, *, #7446, .F. ) ;
#6263 = ORIENTED_EDGE ( 'NONE', *, *, #12690, .F. ) ;
#6264 = AXIS2_PLACEMENT_3D ( 'NONE', #11777, #2413, #6541 ) ;
#6265 = EDGE_CURVE ( 'NONE', #4784, #8968, #13433, .T. ) ;
#6266 = DIRECTION ( 'NONE',  ( -0.000000000000000000, -0.000000000000000000, -1.000000000000000000 ) ) ;
#6267 = VERTEX_POINT ( 'NONE', #1881 ) ;
#6268 = CIRCLE ( 'NONE', #7366, 1.900000000000012790 ) ;
#6269 = LINE ( 'NONE', #8548, #2816 ) ;
#6270 = DIRECTION ( 'NONE',  ( -0.000000000000000000, 0.000000000000000000, 1.000000000000000000 ) ) ;
#6271 = VERTEX_POINT ( 'NONE', #6019 ) ;
#6272 = PLANE ( 'NONE',  #9978 ) ;
#6273 = EDGE_LOOP ( 'NONE', ( #12576, #9773 ) ) ;
#6274 = VERTEX_POINT ( 'NONE', #10213 ) ;
#6275 = DIRECTION ( 'NONE',  ( -1.000000000000000000, 0.000000000000000000, 0.000000000000000000 ) ) ;
#6276 = DIRECTION ( 'NONE',  ( -0.000000000000000000, 0.000000000000000000, 1.000000000000000000 ) ) ;
#6277 = ADVANCED_FACE ( 'NONE', ( #864 ), #6542, .F. ) ;
#6278 = DIRECTION ( 'NONE',  ( 1.000000000000000000, 0.000000000000000000, 0.000000000000000000 ) ) ;
#6279 = AXIS2_PLACEMENT_3D ( 'NONE', #8763, #9641, #11774 ) ;
#6280 = EDGE_LOOP ( 'NONE', ( #2903, #1900, #11569, #2616 ) ) ;
#6281 = ORIENTED_EDGE ( 'NONE', *, *, #2365, .T. ) ;
#6282 = CARTESIAN_POINT ( 'NONE',  ( 44.36274595599700632, 8.311768771484263851, 10.00000000000000000 ) ) ;
#6283 = CARTESIAN_POINT ( 'NONE',  ( 17.00000000000000000, -7.389999999999980140, 10.00000000000000000 ) ) ;
#6284 = DIRECTION ( 'NONE',  ( -0.7071067811865480168, 0.7071067811865470176, 0.000000000000000000 ) ) ;
#6285 = DIRECTION ( 'NONE',  ( 1.000000000000000000, 0.000000000000000000, 0.000000000000000000 ) ) ;
#6286 = ORIENTED_EDGE ( 'NONE', *, *, #4790, .T. ) ;
#6287 = CARTESIAN_POINT ( 'NONE',  ( 20.17116097332560898, 31.60989453229145241, 0.000000000000000000 ) ) ;
#6288 = DIRECTION ( 'NONE',  ( -0.7071039827808559552, 0.7071095795811642715, -0.000000000000000000 ) ) ;
#6289 = ORIENTED_EDGE ( 'NONE', *, *, #2382, .F. ) ;
#6290 = EDGE_CURVE ( 'NONE', #5517, #5538, #8271, .T. ) ;
#6291 = CIRCLE ( 'NONE', #13322, 1.899999999999985034 ) ;
#6292 = LINE ( 'NONE', #5411, #9996 ) ;
#6293 = ORIENTED_EDGE ( 'NONE', *, *, #5334, .T. ) ;
#6294 = DIRECTION ( 'NONE',  ( -0.000000000000000000, 0.000000000000000000, 1.000000000000000000 ) ) ;
#6295 = EDGE_CURVE ( 'NONE', #9466, #11643, #11101, .T. ) ;
#6296 = EDGE_CURVE ( 'NONE', #6559, #10542, #13079, .T. ) ;
#6297 = CARTESIAN_POINT ( 'NONE',  ( 17.00000000000004619, -7.390000000000535252, 1.500000000000000444 ) ) ;
#6298 = ORIENTED_EDGE ( 'NONE', *, *, #1581, .T. ) ;
#6299 = AXIS2_PLACEMENT_3D ( 'NONE', #9771, #418, #11961 ) ;
#6300 = LINE ( 'NONE', #8188, #13050 ) ;
#6301 = CYLINDRICAL_SURFACE ( 'NONE', #11595, 1.900000000000012790 ) ;
#6302 = PLANE ( 'NONE',  #2277 ) ;
#6303 = ORIENTED_EDGE ( 'NONE', *, *, #746, .T. ) ;
#6304 = FACE_OUTER_BOUND ( 'NONE', #6986, .T. ) ;
#6305 = CARTESIAN_POINT ( 'NONE',  ( 127.0962509126547531, 46.80401707400540090, 10.00000000000000000 ) ) ;
#6306 = EDGE_LOOP ( 'NONE', ( #12758, #8239 ) ) ;
#6307 = DIRECTION ( 'NONE',  ( 1.000000000000000000, 0.000000000000000000, 0.000000000000000000 ) ) ;
#6308 = ADVANCED_FACE ( 'NONE', ( #10670 ), #2207, .T. ) ;
#6309 = ORIENTED_EDGE ( 'NONE', *, *, #8010, .F. ) ;
#6310 = CARTESIAN_POINT ( 'NONE',  ( 170.7376398314652590, 61.11163158215092750, 0.000000000000000000 ) ) ;
#6311 = LINE ( 'NONE', #2041, #5398 ) ;
#6312 = ORIENTED_EDGE ( 'NONE', *, *, #10364, .T. ) ;
#6313 = CARTESIAN_POINT ( 'NONE',  ( 94.49275623606898478, 47.62245696408325557, 0.000000000000000000 ) ) ;
#6314 = DIRECTION ( 'NONE',  ( 1.000000000000000000, 0.000000000000000000, 0.000000000000000000 ) ) ;
#6315 = LINE ( 'NONE', #12584, #5520 ) ;
#6316 = FACE_BOUND ( 'NONE', #5063, .T. ) ;
#6317 = FACE_OUTER_BOUND ( 'NONE', #8073, .T. ) ;
#6318 = ORIENTED_EDGE ( 'NONE', *, *, #10125, .F. ) ;
#6319 = EDGE_CURVE ( 'NONE', #7856, #1307, #11090, .T. ) ;
#6320 = FACE_BOUND ( 'NONE', #8107, .T. ) ;
#6321 = CARTESIAN_POINT ( 'NONE',  ( 148.3597551873219231, 128.5517170524556718, 10.00000000000000000 ) ) ;
#6322 = ADVANCED_FACE ( 'NONE', ( #4905 ), #3617, .F. ) ;
#6323 = EDGE_LOOP ( 'NONE', ( #6524, #1536, #7835, #6263 ) ) ;
#6324 = EDGE_LOOP ( 'NONE', ( #1010, #9864, #3331, #3895, #4750, #2016, #3708, #12284, #7267, #9507, #2735, #12209, #12033 ) ) ;
#6325 = VECTOR ( 'NONE', #1654, 1000.000000000000000 ) ;
#6326 = DIRECTION ( 'NONE',  ( -0.000000000000000000, -0.000000000000000000, -1.000000000000000000 ) ) ;
#6327 = VERTEX_POINT ( 'NONE', #9981 ) ;
#6328 = DIRECTION ( 'NONE',  ( 0.000000000000000000, -0.000000000000000000, -1.000000000000000000 ) ) ;
#6329 = LINE ( 'NONE', #3353, #2153 ) ;
#6330 = DIRECTION ( 'NONE',  ( -0.5773502691896257311, -0.5773502691896257311, 0.5773502691896257311 ) ) ;
#6331 = ORIENTED_EDGE ( 'NONE', *, *, #3650, .T. ) ;
#6332 = CIRCLE ( 'NONE', #12050, 7.000000000000006217 ) ;
#6333 = EDGE_LOOP ( 'NONE', ( #5081, #1697, #11585, #12032, #7938, #7726, #2379 ) ) ;
#6334 = EDGE_CURVE ( 'NONE', #6347, #10523, #10180, .T. ) ;
#6335 = CARTESIAN_POINT ( 'NONE',  ( 43.57945303527486658, 85.25121723046827071, 8.800000000000000711 ) ) ;
#6336 = ORIENTED_EDGE ( 'NONE', *, *, #4462, .T. ) ;
#6337 = ORIENTED_EDGE ( 'NONE', *, *, #6751, .F. ) ;
#6338 = CARTESIAN_POINT ( 'NONE',  ( 67.45833726339711234, 134.2108150412378791, 8.800000000000000711 ) ) ;
#6339 = CIRCLE ( 'NONE', #7683, 1.900000000000012790 ) ;
#6340 = CARTESIAN_POINT ( 'NONE',  ( 172.5127247140765121, 99.94750278602708704, 8.800000000000000711 ) ) ;
#6341 = VERTEX_POINT ( 'NONE', #3881 ) ;
#6342 = ORIENTED_EDGE ( 'NONE', *, *, #12001, .T. ) ;
#6343 = CARTESIAN_POINT ( 'NONE',  ( 12.49999999999989697, 152.2000650504630244, 0.09867340162346870114 ) ) ;
#6344 = FACE_OUTER_BOUND ( 'NONE', #9635, .T. ) ;
#6345 = FACE_OUTER_BOUND ( 'NONE', #4623, .T. ) ;
#6346 = CYLINDRICAL_SURFACE ( 'NONE', #6191, 3.599999999999995648 ) ;
#6347 = VERTEX_POINT ( 'NONE', #2675 ) ;
#6348 = LINE ( 'NONE', #3256, #12763 ) ;
#6349 = EDGE_CURVE ( 'NONE', #4107, #11211, #12845, .T. ) ;
#6350 = CARTESIAN_POINT ( 'NONE',  ( 148.3597551873219231, 128.5517170524556718, 10.00000000000000000 ) ) ;
#6351 = EDGE_LOOP ( 'NONE', ( #11753, #3887, #3446, #2161 ) ) ;
#6352 = AXIS2_PLACEMENT_3D ( 'NONE', #11093, #7876, #8770 ) ;
#6353 = CARTESIAN_POINT ( 'NONE',  ( 187.0936175437515487, 62.55093561087003451, 10.40000000000000213 ) ) ;
#6354 = ORIENTED_EDGE ( 'NONE', *, *, #11328, .T. ) ;
#6355 = CARTESIAN_POINT ( 'NONE',  ( 66.83027870256007930, 80.57823545846794389, 50.68911772923411974 ) ) ;
#6356 = CARTESIAN_POINT ( 'NONE',  ( 10.00000000000000711, 129.3050000000002058, 0.000000000000000000 ) ) ;
#6357 = CARTESIAN_POINT ( 'NONE',  ( 173.2475695979644570, 98.35926382522058020, 0.000000000000000000 ) ) ;
#6358 = ORIENTED_EDGE ( 'NONE', *, *, #10600, .F. ) ;
#6359 = LINE ( 'NONE', #11528, #8683 ) ;
#6360 = CIRCLE ( 'NONE', #8798, 1.750000000000001554 ) ;
#6361 = EDGE_CURVE ( 'NONE', #2602, #13144, #8815, .T. ) ;
#6362 = DIRECTION ( 'NONE',  ( -0.000000000000000000, -0.000000000000000000, -1.000000000000000000 ) ) ;
#6363 = CARTESIAN_POINT ( 'NONE',  ( 43.57945303527486658, 85.25121723046827071, 0.000000000000000000 ) ) ;
#6364 = CARTESIAN_POINT ( 'NONE',  ( 197.8000000000004377, -7.389999999999986358, 7.000000000000000000 ) ) ;
#6365 = VERTEX_POINT ( 'NONE', #1579 ) ;
#6366 = CARTESIAN_POINT ( 'NONE',  ( 10.00000000000000000, 1.081565855712203221E-16, 0.000000000000000000 ) ) ;
#6367 = DIRECTION ( 'NONE',  ( -0.000000000000000000, -0.000000000000000000, -1.000000000000000000 ) ) ;
#6368 = EDGE_CURVE ( 'NONE', #72, #2457, #7917, .T. ) ;
#6369 = EDGE_CURVE ( 'NONE', #7279, #9489, #10647, .T. ) ;
#6370 = CARTESIAN_POINT ( 'NONE',  ( 17.00000000000004263, 153.0000000000004547, 7.000000000000000000 ) ) ;
#6371 = ORIENTED_EDGE ( 'NONE', *, *, #1332, .F. ) ;
#6372 = CYLINDRICAL_SURFACE ( 'NONE', #8534, 8.649999999999963052 ) ;
#6373 = PLANE ( 'NONE',  #12408 ) ;
#6374 = CIRCLE ( 'NONE', #11636, 1.750000000000001554 ) ;
#6375 = CARTESIAN_POINT ( 'NONE',  ( 174.2376617334601576, 129.7232082917234379, 0.000000000000000000 ) ) ;
#6376 = AXIS2_PLACEMENT_3D ( 'NONE', #1481, #12894, #11857 ) ;
#6377 = LINE ( 'NONE', #11600, #3559 ) ;
#6378 = ADVANCED_FACE ( 'NONE', ( #1783 ), #9027, .F. ) ;
#6379 = ORIENTED_EDGE ( 'NONE', *, *, #11690, .T. ) ;
#6380 = VECTOR ( 'NONE', #12453, 1000.000000000000000 ) ;
#6381 = AXIS2_PLACEMENT_3D ( 'NONE', #9334, #12544, #3108 ) ;
#6382 = DIRECTION ( 'NONE',  ( 1.125813862719237453E-16, -1.000000000000000000, 0.000000000000000000 ) ) ;
#6383 = LINE ( 'NONE', #3217, #12375 ) ;
#6384 = DIRECTION ( 'NONE',  ( -0.7071067811865410224, -0.7071067811865540120, -0.000000000000000000 ) ) ;
#6385 = DIRECTION ( 'NONE',  ( 0.000000000000000000, 0.000000000000000000, -1.000000000000000000 ) ) ;
#6386 = EDGE_CURVE ( 'NONE', #284, #7130, #1725, .T. ) ;
#6387 = CARTESIAN_POINT ( 'NONE',  ( 41.10258495182370098, 14.31924111348213025, 0.000000000000000000 ) ) ;
#6388 = ORIENTED_EDGE ( 'NONE', *, *, #837, .T. ) ;
#6389 = FACE_BOUND ( 'NONE', #12929, .T. ) ;
#6390 = VECTOR ( 'NONE', #3998, 1000.000000000000000 ) ;
#6391 = ORIENTED_EDGE ( 'NONE', *, *, #9814, .T. ) ;
#6392 = VECTOR ( 'NONE', #8657, 1000.000000000000114 ) ;
#6393 = VERTEX_POINT ( 'NONE', #1720 ) ;
#6394 = VECTOR ( 'NONE', #11157, 1000.000000000000000 ) ;
#6395 = CARTESIAN_POINT ( 'NONE',  ( 191.9588390266749514, 101.3592244094420494, 8.800000000000000711 ) ) ;
#6396 = EDGE_CURVE ( 'NONE', #3181, #193, #562, .T. ) ;
#6397 = VERTEX_POINT ( 'NONE', #10049 ) ;
#6398 = EDGE_CURVE ( 'NONE', #3410, #13135, #10926, .T. ) ;
#6399 = CIRCLE ( 'NONE', #5322, 1.750000000000001554 ) ;
#6400 = VECTOR ( 'NONE', #5151, 1000.000000000000114 ) ;
#6401 = DIRECTION ( 'NONE',  ( -0.000000000000000000, 0.000000000000000000, 1.000000000000000000 ) ) ;
#6402 = CARTESIAN_POINT ( 'NONE',  ( 127.3058926844499723, 21.25672002810705052, 74.05294634222499894 ) ) ;
#6403 = ORIENTED_EDGE ( 'NONE', *, *, #8877, .F. ) ;
#6404 = ORIENTED_EDGE ( 'NONE', *, *, #278, .T. ) ;
#6405 = CARTESIAN_POINT ( 'NONE',  ( 174.7485405866029851, 14.69285506076201742, 0.000000000000000000 ) ) ;
#6406 = ORIENTED_EDGE ( 'NONE', *, *, #2251, .T. ) ;
#6407 = ORIENTED_EDGE ( 'NONE', *, *, #4495, .F. ) ;
#6408 = DIRECTION ( 'NONE',  ( -0.7071067811865480168, 0.7071067811865470176, 0.000000000000000000 ) ) ;
#6409 = CIRCLE ( 'NONE', #2532, 1.750000000000001554 ) ;
#6410 = DIRECTION ( 'NONE',  ( -0.000000000000000000, 0.000000000000000000, 1.000000000000000000 ) ) ;
#6411 = CARTESIAN_POINT ( 'NONE',  ( 81.00482823265210186, 129.5324077978120840, 8.800000000000000711 ) ) ;
#6412 = CYLINDRICAL_SURFACE ( 'NONE', #5742, 8.649999999999948841 ) ;
#6413 = ORIENTED_EDGE ( 'NONE', *, *, #9735, .F. ) ;
#6414 = ADVANCED_FACE ( 'NONE', ( #8064 ), #5717, .T. ) ;
#6415 = EDGE_LOOP ( 'NONE', ( #13206, #3540, #2771, #12155 ) ) ;
#6416 = CARTESIAN_POINT ( 'NONE',  ( 45.11403200266500590, 45.55398713153164891, 10.00000000000000000 ) ) ;
#6417 = DIRECTION ( 'NONE',  ( -1.000000000000000000, 0.000000000000000000, 0.000000000000000000 ) ) ;
#6418 = CIRCLE ( 'NONE', #5351, 1.750000000000001554 ) ;
#6419 = DIRECTION ( 'NONE',  ( -0.000000000000000000, -0.000000000000000000, -1.000000000000000000 ) ) ;
#6420 = ORIENTED_EDGE ( 'NONE', *, *, #6531, .T. ) ;
#6421 = DIRECTION ( 'NONE',  ( -1.000000000000000000, 0.000000000000000000, 0.000000000000000000 ) ) ;
#6422 = LINE ( 'NONE', #10478, #5785 ) ;
#6423 = ORIENTED_EDGE ( 'NONE', *, *, #3630, .F. ) ;
#6424 = LINE ( 'NONE', #2293, #6477 ) ;
#6425 = ORIENTED_EDGE ( 'NONE', *, *, #3817, .F. ) ;
#6426 = CARTESIAN_POINT ( 'NONE',  ( 174.0136957027150117, 99.04773276470747589, 8.800000000000000711 ) ) ;
#6427 = AXIS2_PLACEMENT_3D ( 'NONE', #6305, #8588, #3206 ) ;
#6428 = CARTESIAN_POINT ( 'NONE',  ( 127.4155958739632837, 124.8090237033039358, 10.00000000000000000 ) ) ;
#6429 = EDGE_LOOP ( 'NONE', ( #4276, #9868, #778, #10579 ) ) ;
#6430 = EDGE_CURVE ( 'NONE', #7305, #8244, #11754, .T. ) ;
#6431 = DIRECTION ( 'NONE',  ( -0.000000000000000000, -0.000000000000000000, -1.000000000000000000 ) ) ;
#6432 = CARTESIAN_POINT ( 'NONE',  ( 94.45321194845044488, 125.7367331634828815, 8.800000000000000711 ) ) ;
#6433 = CARTESIAN_POINT ( 'NONE',  ( 174.2376398314652590, 17.14497833867034871, 8.800000000000000711 ) ) ;
#6434 = CARTESIAN_POINT ( 'NONE',  ( 172.7127247140765007, 128.8646821786008445, 8.800000000000000711 ) ) ;
#6435 = ORIENTED_EDGE ( 'NONE', *, *, #12574, .T. ) ;
#6436 = LINE ( 'NONE', #2031, #6608 ) ;
#6437 = DIRECTION ( 'NONE',  ( -0.000000000000000000, 0.000000000000000000, 1.000000000000000000 ) ) ;
#6438 = ORIENTED_EDGE ( 'NONE', *, *, #6087, .T. ) ;
#6439 = ORIENTED_EDGE ( 'NONE', *, *, #5030, .F. ) ;
#6440 = CARTESIAN_POINT ( 'NONE',  ( 200.5000000000003695, -7.390000000000313207, 0.000000000000000000 ) ) ;
#6441 = AXIS2_PLACEMENT_3D ( 'NONE', #9874, #4666, #6497 ) ;
#6442 = DIRECTION ( 'NONE',  ( -0.000000000000000000, 0.000000000000000000, 1.000000000000000000 ) ) ;
#6443 = EDGE_CURVE ( 'NONE', #11400, #3683, #8923, .T. ) ;
#6444 = CARTESIAN_POINT ( 'NONE',  ( 173.2513894976437143, 52.62572045327607384, 8.800000000000000711 ) ) ;
#6446 = ADVANCED_FACE ( 'NONE', ( #4699 ), #8891, .F. ) ;
#6445 = AXIS2_PLACEMENT_3D ( 'NONE', #5663, #12800, #12728 ) ;
#6447 = DIRECTION ( 'NONE',  ( -0.000000000000000000, -0.000000000000000000, -1.000000000000000000 ) ) ;
#6448 = ADVANCED_FACE ( 'NONE', ( #4769 ), #7859, .T. ) ;
#6449 = ORIENTED_EDGE ( 'NONE', *, *, #6569, .T. ) ;
#6450 = VECTOR ( 'NONE', #8052, 1000.000000000000000 ) ;
#6451 = DIRECTION ( 'NONE',  ( 1.280354350088248533E-16, -1.000000000000000000, 0.000000000000000000 ) ) ;
#6452 = LINE ( 'NONE', #4338, #137 ) ;
#6453 = DIRECTION ( 'NONE',  ( -0.000000000000000000, 0.000000000000000000, 1.000000000000000000 ) ) ;
#6454 = PLANE ( 'NONE',  #4455 ) ;
#6455 = VERTEX_POINT ( 'NONE', #8962 ) ;
#6456 = FACE_OUTER_BOUND ( 'NONE', #8782, .T. ) ;
#6457 = VECTOR ( 'NONE', #5867, 1000.000000000000000 ) ;
#6458 = ORIENTED_EDGE ( 'NONE', *, *, #11183, .F. ) ;
#6459 = EDGE_CURVE ( 'NONE', #2811, #13448, #8328, .T. ) ;
#6460 = CIRCLE ( 'NONE', #8910, 7.000000000000002665 ) ;
#6461 = ORIENTED_EDGE ( 'NONE', *, *, #2490, .F. ) ;
#6462 = ADVANCED_FACE ( 'NONE', ( #7169 ), #12448, .F. ) ;
#6463 = DIRECTION ( 'NONE',  ( -1.000000000000000000, 0.000000000000000000, 0.000000000000000000 ) ) ;
#6464 = ORIENTED_EDGE ( 'NONE', *, *, #1501, .F. ) ;
#6465 = FACE_OUTER_BOUND ( 'NONE', #3825, .T. ) ;
#6466 = FACE_OUTER_BOUND ( 'NONE', #1002, .T. ) ;
#6467 = AXIS2_PLACEMENT_3D ( 'NONE', #7625, #11798, #11932 ) ;
#6468 = VERTEX_POINT ( 'NONE', #962 ) ;
#6469 = ORIENTED_EDGE ( 'NONE', *, *, #11251, .T. ) ;
#6470 = LINE ( 'NONE', #10798, #4117 ) ;
#6471 = CARTESIAN_POINT ( 'NONE',  ( 44.60258495182370098, 136.4729333453784932, 8.800000000000000711 ) ) ;
#6472 = ORIENTED_EDGE ( 'NONE', *, *, #9928, .F. ) ;
#6473 = EDGE_CURVE ( 'NONE', #4808, #3686, #6311, .T. ) ;
#6474 = AXIS2_PLACEMENT_3D ( 'NONE', #9524, #6145, #1065 ) ;
#6475 = ORIENTED_EDGE ( 'NONE', *, *, #831, .F. ) ;
#6476 = EDGE_CURVE ( 'NONE', #6033, #4238, #8042, .T. ) ;
#6477 = VECTOR ( 'NONE', #10613, 1000.000000000000000 ) ;
#6478 = DIRECTION ( 'NONE',  ( 0.000000000000000000, 0.000000000000000000, 1.000000000000000000 ) ) ;
#6479 = CARTESIAN_POINT ( 'NONE',  ( 127.4155958739632837, 124.8090237033039358, 0.000000000000000000 ) ) ;
#6480 = CARTESIAN_POINT ( 'NONE',  ( 205.0000000000004547, -7.390000000000313207, 0.1252272915132048026 ) ) ;
#6481 = ORIENTED_EDGE ( 'NONE', *, *, #1304, .F. ) ;
#6482 = EDGE_LOOP ( 'NONE', ( #5389, #10278 ) ) ;
#6483 = CARTESIAN_POINT ( 'NONE',  ( 81.03604971557493286, 51.91583020066806142, 10.40000000000000213 ) ) ;
#6484 = DIRECTION ( 'NONE',  ( -0.000000000000000000, -0.000000000000000000, 1.000000000000000000 ) ) ;
#6485 = CARTESIAN_POINT ( 'NONE',  ( 43.36403200266500590, 50.66125931876361221, 10.00000000000000000 ) ) ;
#6486 = DIRECTION ( 'NONE',  ( -1.000000000000000000, 0.000000000000000000, 0.000000000000000000 ) ) ;
#6487 = EDGE_LOOP ( 'NONE', ( #2943, #6886, #6958, #5794 ) ) ;
#6488 = DIRECTION ( 'NONE',  ( -0.000000000000000000, -0.000000000000000000, -1.000000000000000000 ) ) ;
#6489 = ORIENTED_EDGE ( 'NONE', *, *, #4889, .F. ) ;
#6490 = EDGE_CURVE ( 'NONE', #5718, #2691, #10305, .T. ) ;
#6491 = CARTESIAN_POINT ( 'NONE',  ( 172.4876398314652590, 22.29570046879387135, 8.800000000000000711 ) ) ;
#6492 = ORIENTED_EDGE ( 'NONE', *, *, #10157, .T. ) ;
#6493 = EDGE_CURVE ( 'NONE', #8425, #193, #4975, .T. ) ;
#6494 = DIRECTION ( 'NONE',  ( -0.000000000000000000, 0.000000000000000000, 1.000000000000000000 ) ) ;
#6495 = VERTEX_POINT ( 'NONE', #12506 ) ;
#6496 = DIRECTION ( 'NONE',  ( -0.000000000000000000, -0.000000000000000000, 1.000000000000000000 ) ) ;
#6497 = DIRECTION ( 'NONE',  ( 1.000000000000000000, 0.000000000000000000, 0.000000000000000000 ) ) ;
#6498 = DIRECTION ( 'NONE',  ( 1.000000000000000000, 0.000000000000000000, 0.000000000000000000 ) ) ;
#6499 = LINE ( 'NONE', #2231, #11181 ) ;
#6500 = DIRECTION ( 'NONE',  ( 1.000000000000000000, 0.000000000000000000, 0.000000000000000000 ) ) ;
#6501 = ORIENTED_EDGE ( 'NONE', *, *, #6398, .F. ) ;
#6502 = AXIS2_PLACEMENT_3D ( 'NONE', #1428, #5487, #3526 ) ;
#6503 = PLANE ( 'NONE',  #10337 ) ;
#6504 = CARTESIAN_POINT ( 'NONE',  ( 42.85258495182370098, 14.31924111348213025, 0.000000000000000000 ) ) ;
#6505 = ORIENTED_EDGE ( 'NONE', *, *, #10201, .F. ) ;
#6506 = EDGE_LOOP ( 'NONE', ( #596, #11241, #8092, #4700 ) ) ;
#6507 = CARTESIAN_POINT ( 'NONE',  ( 69.35833726339713223, 134.2108150412378791, 0.000000000000000000 ) ) ;
#6508 = EDGE_CURVE ( 'NONE', #4618, #6016, #4081, .T. ) ;
#6509 = CARTESIAN_POINT ( 'NONE',  ( 136.1762620681504927, 106.1427854106715074, 8.800000000000000711 ) ) ;
#6510 = DIRECTION ( 'NONE',  ( -0.000000000000000000, -0.000000000000000000, -1.000000000000000000 ) ) ;
#6511 = AXIS2_PLACEMENT_3D ( 'NONE', #4917, #7803, #4632 ) ;
#6512 = ORIENTED_EDGE ( 'NONE', *, *, #8354, .T. ) ;
#6513 = DIRECTION ( 'NONE',  ( -1.000000000000000000, 0.000000000000000000, 0.000000000000000000 ) ) ;
#6514 = DIRECTION ( 'NONE',  ( -0.000000000000000000, -0.000000000000000000, -1.000000000000000000 ) ) ;
#6515 = CARTESIAN_POINT ( 'NONE',  ( 134.5762620681505553, 145.0023251711596401, 10.00000000000000000 ) ) ;
#6516 = CARTESIAN_POINT ( 'NONE',  ( 187.0936175437515487, 47.10137757176002538, 8.800000000000000711 ) ) ;
#6517 = CARTESIAN_POINT ( 'NONE',  ( 42.86730598147647697, 53.15839306104777506, 10.00000000000000000 ) ) ;
#6518 = PLANE ( 'NONE',  #3184 ) ;
#6519 = VERTEX_POINT ( 'NONE', #12309 ) ;
#6520 = AXIS2_PLACEMENT_3D ( 'NONE', #3871, #685, #6111 ) ;
#6521 = DIRECTION ( 'NONE',  ( 1.000000000000000000, 0.000000000000000000, 0.000000000000000000 ) ) ;
#6522 = CYLINDRICAL_SURFACE ( 'NONE', #4417, 1.900000000000012790 ) ;
#6523 = ADVANCED_FACE ( 'NONE', ( #2112 ), #7304, .T. ) ;
#6524 = ORIENTED_EDGE ( 'NONE', *, *, #1771, .T. ) ;
#6525 = ORIENTED_EDGE ( 'NONE', *, *, #1978, .T. ) ;
#6526 = LINE ( 'NONE', #11761, #4531 ) ;
#6527 = ORIENTED_EDGE ( 'NONE', *, *, #8778, .F. ) ;
#6528 = LINE ( 'NONE', #9841, #5681 ) ;
#6529 = DIRECTION ( 'NONE',  ( 1.000000000000000000, 0.000000000000000000, 0.000000000000000000 ) ) ;
#6530 = FACE_OUTER_BOUND ( 'NONE', #1382, .T. ) ;
#6531 = EDGE_CURVE ( 'NONE', #8993, #6866, #7377, .T. ) ;
#6532 = ORIENTED_EDGE ( 'NONE', *, *, #9576, .T. ) ;
#6533 = ORIENTED_EDGE ( 'NONE', *, *, #10899, .T. ) ;
#6534 = DIRECTION ( 'NONE',  ( 0.000000000000000000, 0.000000000000000000, -1.000000000000000000 ) ) ;
#6535 = DIRECTION ( 'NONE',  ( 0.000000000000000000, -1.000000000000000000, 0.000000000000000000 ) ) ;
#6536 = EDGE_CURVE ( 'NONE', #2609, #6622, #7822, .T. ) ;
#6537 = VERTEX_POINT ( 'NONE', #1039 ) ;
#6538 = VECTOR ( 'NONE', #5765, 1000.000000000000000 ) ;
#6539 = ORIENTED_EDGE ( 'NONE', *, *, #7258, .F. ) ;
#6540 = CARTESIAN_POINT ( 'NONE',  ( 44.39053783194328417, 54.01994092955160198, 10.00000000000000000 ) ) ;
#6541 = DIRECTION ( 'NONE',  ( -1.000000000000000000, 0.000000000000000000, 0.000000000000000000 ) ) ;
#6542 = CYLINDRICAL_SURFACE ( 'NONE', #6056, 1.900000000000012790 ) ;
#6543 = CARTESIAN_POINT ( 'NONE',  ( 25.54116097332608959, 20.89204483109605803, 9.400000000000028777 ) ) ;
#6544 = EDGE_LOOP ( 'NONE', ( #280, #13171 ) ) ;
#6545 = CIRCLE ( 'NONE', #2445, 1.750000000000001554 ) ;
#6546 = EDGE_LOOP ( 'NONE', ( #10844, #240 ) ) ;
#6547 = DIRECTION ( 'NONE',  ( -1.000000000000000000, 0.000000000000000000, 0.000000000000000000 ) ) ;
#6548 = ADVANCED_FACE ( 'NONE', ( #8397 ), #11543, .F. ) ;
#6549 = DIRECTION ( 'NONE',  ( -1.000000000000000000, 0.000000000000000000, 0.000000000000000000 ) ) ;
#6550 = CARTESIAN_POINT ( 'NONE',  ( 200.5000000000004547, 153.0000000000004547, 10.00000000000000000 ) ) ;
#6551 = DIRECTION ( 'NONE',  ( -0.000000000000000000, -0.000000000000000000, -1.000000000000000000 ) ) ;
#6552 = EDGE_LOOP ( 'NONE', ( #4037, #6131, #4787, #11620 ) ) ;
#6553 = LINE ( 'NONE', #1469, #9930 ) ;
#6554 = CARTESIAN_POINT ( 'NONE',  ( 134.2762620681505155, 106.1427854106715074, 0.000000000000000000 ) ) ;
#6555 = DIRECTION ( 'NONE',  ( 1.000000000000000000, 0.000000000000000000, 0.000000000000000000 ) ) ;
#6556 = EDGE_CURVE ( 'NONE', #8398, #55, #3938, .T. ) ;
#6557 = EDGE_LOOP ( 'NONE', ( #6155, #12995, #9925, #3318 ) ) ;
#6558 = CARTESIAN_POINT ( 'NONE',  ( 85.04083265857170204, 0.7544085079435804975, 10.00000000000000000 ) ) ;
#6559 = VERTEX_POINT ( 'NONE', #4137 ) ;
#6560 = CARTESIAN_POINT ( 'NONE',  ( 43.36403200266500590, 11.86983023117878666, 8.800000000000000711 ) ) ;
#6561 = CIRCLE ( 'NONE', #12495, 1.750000000000001554 ) ;
#6562 = CARTESIAN_POINT ( 'NONE',  ( 173.8940578624929856, 50.00978951232973913, 0.000000000000000000 ) ) ;
#6563 = ORIENTED_EDGE ( 'NONE', *, *, #8858, .T. ) ;
#6564 = DIRECTION ( 'NONE',  ( 1.000000000000000000, 0.000000000000000000, 0.000000000000000000 ) ) ;
#6565 = EDGE_CURVE ( 'NONE', #7805, #10239, #2953, .T. ) ;
#6566 = DIRECTION ( 'NONE',  ( -1.000000000000000000, 0.000000000000000000, 0.000000000000000000 ) ) ;
#6567 = DIRECTION ( 'NONE',  ( 1.000000000000000000, 0.000000000000000000, 0.000000000000000000 ) ) ;
#6568 = LINE ( 'NONE', #11801, #5035 ) ;
#6569 = EDGE_CURVE ( 'NONE', #12224, #12958, #6186, .T. ) ;
#6570 = AXIS2_PLACEMENT_3D ( 'NONE', #7048, #11302, #10327 ) ;
#6571 = CYLINDRICAL_SURFACE ( 'NONE', #12341, 1.900000000000012790 ) ;
#6572 = ORIENTED_EDGE ( 'NONE', *, *, #4977, .T. ) ;
#6573 = LINE ( 'NONE', #2103, #4020 ) ;
#6574 = ORIENTED_EDGE ( 'NONE', *, *, #13420, .F. ) ;
#6575 = DIRECTION ( 'NONE',  ( -0.000000000000000000, 0.000000000000000000, 1.000000000000000000 ) ) ;
#6576 = DIRECTION ( 'NONE',  ( -0.000000000000000000, 0.000000000000000000, 1.000000000000000000 ) ) ;
#6577 = VERTEX_POINT ( 'NONE', #8129 ) ;
#6578 = LINE ( 'NONE', #6654, #6538 ) ;
#6579 = DIRECTION ( 'NONE',  ( -0.000000000000000000, 0.000000000000000000, 1.000000000000000000 ) ) ;
#6580 = CARTESIAN_POINT ( 'NONE',  ( 45.11403200266500590, 128.8636569258251825, 8.800000000000000711 ) ) ;
#6581 = VECTOR ( 'NONE', #5783, 1000.000000000000000 ) ;
#6582 = AXIS2_PLACEMENT_3D ( 'NONE', #1701, #11185, #5840 ) ;
#6583 = LINE ( 'NONE', #3601, #10312 ) ;
#6584 = EDGE_CURVE ( 'NONE', #2033, #9527, #6241, .T. ) ;
#6585 = LINE ( 'NONE', #7779, #11891 ) ;
#6586 = PLANE ( 'NONE',  #4255 ) ;
#6587 = CYLINDRICAL_SURFACE ( 'NONE', #8814, 1.899999999999985034 ) ;
#6588 = CYLINDRICAL_SURFACE ( 'NONE', #297, 1.750000000000001554 ) ;
#6589 = CIRCLE ( 'NONE', #5297, 1.900000000000012790 ) ;
#6590 = CARTESIAN_POINT ( 'NONE',  ( 80.71811639599671651, 103.0761435058214914, 8.800000000000000711 ) ) ;
#6591 = VERTEX_POINT ( 'NONE', #9300 ) ;
#6592 = AXIS2_PLACEMENT_3D ( 'NONE', #12411, #11374, #13434 ) ;
#6593 = ORIENTED_EDGE ( 'NONE', *, *, #2005, .T. ) ;
#6594 = LINE ( 'NONE', #11890, #9394 ) ;
#6595 = EDGE_LOOP ( 'NONE', ( #9060, #7649, #11401, #5032, #4095, #11386 ) ) ;
#6596 = LINE ( 'NONE', #4554, #12308 ) ;
#6597 = ORIENTED_EDGE ( 'NONE', *, *, #6386, .T. ) ;
#6598 = AXIS2_PLACEMENT_3D ( 'NONE', #613, #5843, #6867 ) ;
#6599 = CARTESIAN_POINT ( 'NONE',  ( 43.83958124022611713, 95.66728067709013317, 10.00000000000000000 ) ) ;
#6600 = AXIS2_PLACEMENT_3D ( 'NONE', #5454, #9644, #6009 ) ;
#6601 = ORIENTED_EDGE ( 'NONE', *, *, #2204, .T. ) ;
#6602 = ADVANCED_FACE ( 'NONE', ( #10247 ), #897, .T. ) ;
#6603 = DIRECTION ( 'NONE',  ( -0.000000000000000000, 0.000000000000000000, 1.000000000000000000 ) ) ;
#6604 = CARTESIAN_POINT ( 'NONE',  ( 0.000000000000000000, 0.000000000000000000, 0.000000000000000000 ) ) ;
#6605 = DIRECTION ( 'NONE',  ( 1.000000000000000000, 0.000000000000000000, 0.000000000000000000 ) ) ;
#6606 = VECTOR ( 'NONE', #12669, 1000.000000000000000 ) ;
#6607 = VERTEX_POINT ( 'NONE', #11405 ) ;
#6608 = VECTOR ( 'NONE', #6367, 1000.000000000000000 ) ;
#6609 = ORIENTED_EDGE ( 'NONE', *, *, #7661, .F. ) ;
#6610 = CYLINDRICAL_SURFACE ( 'NONE', #8288, 1.750000000000001554 ) ;
#6611 = DIRECTION ( 'NONE',  ( -0.000000000000000000, 0.000000000000000000, 1.000000000000000000 ) ) ;
#6612 = CIRCLE ( 'NONE', #10998, 1.750000000000029310 ) ;
#6613 = VERTEX_POINT ( 'NONE', #7119 ) ;
#6614 = VECTOR ( 'NONE', #1779, 1000.000000000000000 ) ;
#6615 = ORIENTED_EDGE ( 'NONE', *, *, #4394, .F. ) ;
#6616 = CARTESIAN_POINT ( 'NONE',  ( 17.17116097332566227, 28.60989453229145241, 0.000000000000000000 ) ) ;
#6617 = DIRECTION ( 'NONE',  ( -0.000000000000000000, -0.000000000000000000, -1.000000000000000000 ) ) ;
#6618 = EDGE_CURVE ( 'NONE', #7300, #9326, #12856, .T. ) ;
#6619 = AXIS2_PLACEMENT_3D ( 'NONE', #7483, #4325, #11461 ) ;
#6620 = VECTOR ( 'NONE', #13444, 1000.000000000000000 ) ;
#6621 = DIRECTION ( 'NONE',  ( 1.000000000000000000, 0.000000000000000000, 0.000000000000000000 ) ) ;
#6622 = VERTEX_POINT ( 'NONE', #9511 ) ;
#6623 = EDGE_CURVE ( 'NONE', #11613, #5760, #2569, .T. ) ;
#6624 = ADVANCED_FACE ( 'NONE', ( #11419 ), #8217, .F. ) ;
#6625 = CIRCLE ( 'NONE', #3602, 1.900000000000012790 ) ;
#6626 = ADVANCED_FACE ( 'NONE', ( #8285 ), #14, .F. ) ;
#6627 = SURFACE_STYLE_USAGE ( .BOTH. , #5740 ) ;
#6628 = CARTESIAN_POINT ( 'NONE',  ( 19.17116097332607438, -5.192077597143886614, 10.00000000000000000 ) ) ;
#6629 = LINE ( 'NONE', #9860, #940 ) ;
#6630 = ORIENTED_EDGE ( 'NONE', *, *, #2023, .F. ) ;
#6631 = DIRECTION ( 'NONE',  ( -1.000000000000000000, 0.000000000000000000, 0.000000000000000000 ) ) ;
#6632 = CYLINDRICAL_SURFACE ( 'NONE', #2329, 1.750000000000001554 ) ;
#6633 = CIRCLE ( 'NONE', #12775, 2.700000000000008171 ) ;
#6634 = ORIENTED_EDGE ( 'NONE', *, *, #12478, .F. ) ;
#6635 = FACE_OUTER_BOUND ( 'NONE', #1932, .T. ) ;
#6636 = CARTESIAN_POINT ( 'NONE',  ( 173.1315625475476168, 49.42395148535979388, 10.00000000000000000 ) ) ;
#6637 = VERTEX_POINT ( 'NONE', #7186 ) ;
#6638 = DIRECTION ( 'NONE',  ( 0.000000000000000000, -0.000000000000000000, -1.000000000000000000 ) ) ;
#6639 = CIRCLE ( 'NONE', #784, 1.750000000000001554 ) ;
#6640 = EDGE_CURVE ( 'NONE', #4613, #157, #13269, .T. ) ;
#6641 = DIRECTION ( 'NONE',  ( -1.000000000000000000, 0.000000000000000000, 0.000000000000000000 ) ) ;
#6642 = ORIENTED_EDGE ( 'NONE', *, *, #2165, .F. ) ;
#6643 = EDGE_CURVE ( 'NONE', #753, #6577, #9442, .T. ) ;
#6644 = CIRCLE ( 'NONE', #1438, 1.750000000000001554 ) ;
#6645 = LINE ( 'NONE', #7479, #8256 ) ;
#6646 = EDGE_CURVE ( 'NONE', #11001, #233, #4281, .T. ) ;
#6647 = CARTESIAN_POINT ( 'NONE',  ( 25.54116097332610025, 121.8673531877020793, 9.400000000000000355 ) ) ;
#6648 = CYLINDRICAL_SURFACE ( 'NONE', #1804, 1.750000000000001554 ) ;
#6649 = FACE_OUTER_BOUND ( 'NONE', #2657, .T. ) ;
#6650 = VERTEX_POINT ( 'NONE', #3033 ) ;
#6651 = DIRECTION ( 'NONE',  ( 1.000000000000000000, 0.000000000000000000, 0.000000000000000000 ) ) ;
#6652 = DIRECTION ( 'NONE',  ( 0.000000000000000000, 0.000000000000000000, 1.000000000000000000 ) ) ;
#6653 = VERTEX_POINT ( 'NONE', #1936 ) ;
#6654 = CARTESIAN_POINT ( 'NONE',  ( 173.6691944003270862, 135.2542315373080442, 10.00000000000000000 ) ) ;
#6655 = CARTESIAN_POINT ( 'NONE',  ( 174.9485405866030021, 136.4482890466690037, 0.000000000000000000 ) ) ;
#6656 = CIRCLE ( 'NONE', #10584, 1.900000000000012790 ) ;
#6657 = EDGE_CURVE ( 'NONE', #3444, #1237, #3160, .T. ) ;
#6658 = DIRECTION ( 'NONE',  ( -0.000000000000000000, -0.000000000000000000, -1.000000000000000000 ) ) ;
#6659 = ADVANCED_FACE ( 'NONE', ( #10262 ), #7392, .F. ) ;
#6660 = CIRCLE ( 'NONE', #10175, 1.750000000000001554 ) ;
#6661 = DIRECTION ( 'NONE',  ( -0.000000000000000000, 0.000000000000000000, 1.000000000000000000 ) ) ;
#6662 = EDGE_LOOP ( 'NONE', ( #4173, #11551, #13149, #9251 ) ) ;
#6663 = CIRCLE ( 'NONE', #13250, 3.599999999999995648 ) ;
#6664 = DIRECTION ( 'NONE',  ( -0.2810860865953504484, -0.6785980444720245419, 0.6785980444720244309 ) ) ;
#6665 = DIRECTION ( 'NONE',  ( -0.000000000000000000, -0.000000000000000000, -1.000000000000000000 ) ) ;
#6666 = CIRCLE ( 'NONE', #4267, 1.750000000000001554 ) ;
#6667 = DIRECTION ( 'NONE',  ( 1.000000000000000000, 0.000000000000000000, 0.000000000000000000 ) ) ;
#6668 = ORIENTED_EDGE ( 'NONE', *, *, #5201, .T. ) ;
#6669 = ORIENTED_EDGE ( 'NONE', *, *, #7790, .T. ) ;
#6670 = DIRECTION ( 'NONE',  ( 1.000000000000000000, 0.000000000000000000, 0.000000000000000000 ) ) ;
#6671 = ORIENTED_EDGE ( 'NONE', *, *, #6975, .T. ) ;
#6672 = CARTESIAN_POINT ( 'NONE',  ( 174.9485405866030021, 136.4482890466690037, 0.000000000000000000 ) ) ;
#6673 = B_SPLINE_CURVE_WITH_KNOTS ( 'NONE', 3,
 ( #5477, #5354, #3325, #4457, #2230, #2300 ),
 .UNSPECIFIED., .F., .F.,
 ( 4, 2, 4 ),
 ( 0.002402958319208308401, 0.003600523143042341865, 0.004798087966876375329 ),
 .UNSPECIFIED. ) ;
#6674 = ORIENTED_EDGE ( 'NONE', *, *, #11341, .F. ) ;
#6675 = CARTESIAN_POINT ( 'NONE',  ( 78.81811639599669661, 142.0078835394621706, 10.00000000000000000 ) ) ;
#6676 = ADVANCED_FACE ( 'NONE', ( #11555 ), #10389, .F. ) ;
#6677 = AXIS2_PLACEMENT_3D ( 'NONE', #8093, #6983, #11160 ) ;
#6678 = CIRCLE ( 'NONE', #12168, 1.900000000000012790 ) ;
#6679 = DIRECTION ( 'NONE',  ( 0.000000000000000000, 0.000000000000000000, -1.000000000000000000 ) ) ;
#6680 = ORIENTED_EDGE ( 'NONE', *, *, #6733, .T. ) ;
#6681 = CARTESIAN_POINT ( 'NONE',  ( 128.9962509126547729, 7.991974365494981747, 10.00000000000000000 ) ) ;
#6682 = DIRECTION ( 'NONE',  ( 1.000000000000000000, 0.000000000000000000, 0.000000000000000000 ) ) ;
#6683 = CIRCLE ( 'NONE', #7141, 1.750000000000001554 ) ;
#6684 = ORIENTED_EDGE ( 'NONE', *, *, #4571, .F. ) ;
#6685 = EDGE_LOOP ( 'NONE', ( #7728, #1890 ) ) ;
#6686 = AXIS2_PLACEMENT_3D ( 'NONE', #12524, #912, #10515 ) ;
#6687 = AXIS2_PLACEMENT_3D ( 'NONE', #8995, #10830, #2709 ) ;
#6688 = DIRECTION ( 'NONE',  ( 0.000000000000000000, -1.000000000000000000, 0.000000000000000000 ) ) ;
#6689 = ORIENTED_EDGE ( 'NONE', *, *, #3619, .T. ) ;
#6690 = ORIENTED_EDGE ( 'NONE', *, *, #10772, .T. ) ;
#6691 = ADVANCED_FACE ( 'NONE', ( #9317 ), #4096, .F. ) ;
#6692 = CARTESIAN_POINT ( 'NONE',  ( 122.9267149358793034, 98.15027427408116978, 8.800000000000000711 ) ) ;
#6693 = VECTOR ( 'NONE', #11668, 1000.000000000000000 ) ;
#6694 = DIRECTION ( 'NONE',  ( -1.000000000000000000, 0.000000000000000000, 0.000000000000000000 ) ) ;
#6695 = DIRECTION ( 'NONE',  ( 0.7071067811865711095, -0.7071067811865240360, 0.000000000000000000 ) ) ;
#6696 = VECTOR ( 'NONE', #7668, 1000.000000000000000 ) ;
#6697 = VERTEX_POINT ( 'NONE', #7250 ) ;
#6698 = CIRCLE ( 'NONE', #3447, 1.899999999999985034 ) ;
#6699 = CARTESIAN_POINT ( 'NONE',  ( 12.50000000000050093, 28.60989453229144885, 10.00000000000000000 ) ) ;
#6700 = DIRECTION ( 'NONE',  ( 0.000000000000000000, -1.000000000000000000, 0.000000000000000000 ) ) ;
#6701 = ORIENTED_EDGE ( 'NONE', *, *, #10107, .F. ) ;
#6702 = DIRECTION ( 'NONE',  ( -0.000000000000000000, -0.000000000000000000, -1.000000000000000000 ) ) ;
#6703 = AXIS2_PLACEMENT_3D ( 'NONE', #6035, #941, #807 ) ;
#6704 = CARTESIAN_POINT ( 'NONE',  ( 173.9896859041774348, 21.39772630688833743, 8.800000000000000711 ) ) ;
#6705 = ORIENTED_EDGE ( 'NONE', *, *, #12342, .F. ) ;
#6706 = CARTESIAN_POINT ( 'NONE',  ( 80.71811639599671651, 63.83441197029006275, 8.800000000000000711 ) ) ;
#6707 = EDGE_LOOP ( 'NONE', ( #6601, #991 ) ) ;
#6708 = FACE_OUTER_BOUND ( 'NONE', #2580, .T. ) ;
#6709 = EDGE_CURVE ( 'NONE', #9747, #10207, #1915, .T. ) ;
#6710 = CARTESIAN_POINT ( 'NONE',  ( 53.43081683830543227, 110.1681598252935999, 9.400000000000002132 ) ) ;
#6711 = ORIENTED_EDGE ( 'NONE', *, *, #1670, .T. ) ;
#6712 = DIRECTION ( 'NONE',  ( -0.000000000000000000, 0.000000000000000000, 1.000000000000000000 ) ) ;
#6713 = DIRECTION ( 'NONE',  ( 1.000000000000000000, 0.000000000000000000, 0.000000000000000000 ) ) ;
#6714 = DIRECTION ( 'NONE',  ( -1.000000000000000000, 0.000000000000000000, 0.000000000000000000 ) ) ;
#6715 = CARTESIAN_POINT ( 'NONE',  ( 12.50000000000047073, -7.390000000000534364, 0.1252272915134335918 ) ) ;
#6716 = DIRECTION ( 'NONE',  ( -0.000000000000000000, -0.000000000000000000, -1.000000000000000000 ) ) ;
#6717 = ORIENTED_EDGE ( 'NONE', *, *, #12992, .T. ) ;
#6718 = EDGE_CURVE ( 'NONE', #1170, #12397, #13482, .T. ) ;
#6719 = FACE_OUTER_BOUND ( 'NONE', #2198, .T. ) ;
#6720 = DIRECTION ( 'NONE',  ( -0.5773502691896207351, 0.5773502691896202910, -0.5773502691896362782 ) ) ;
#6721 = ORIENTED_EDGE ( 'NONE', *, *, #13271, .F. ) ;
#6722 = DIRECTION ( 'NONE',  ( 1.000000000000000000, 0.000000000000000000, 0.000000000000000000 ) ) ;
#6723 = CARTESIAN_POINT ( 'NONE',  ( 205.0000000000004547, 117.8050000000001631, 10.00000000000000000 ) ) ;
#6724 = EDGE_CURVE ( 'NONE', #4714, #13296, #354, .T. ) ;
#6725 = EDGE_CURVE ( 'NONE', #5690, #13508, #2332, .T. ) ;
#6726 = DIRECTION ( 'NONE',  ( 0.000000000000000000, 0.000000000000000000, -1.000000000000000000 ) ) ;
#6727 = DIRECTION ( 'NONE',  ( 1.000000000000000000, 0.000000000000000000, 0.000000000000000000 ) ) ;
#6728 = AXIS2_PLACEMENT_3D ( 'NONE', #7198, #3045, #2206 ) ;
#6729 = DIRECTION ( 'NONE',  ( 0.000000000000000000, 1.000000000000000000, -0.000000000000000000 ) ) ;
#6730 = CYLINDRICAL_SURFACE ( 'NONE', #312, 1.900000000000012790 ) ;
#6731 = FACE_OUTER_BOUND ( 'NONE', #12065, .T. ) ;
#6732 = LINE ( 'NONE', #6801, #10550 ) ;
#6733 = EDGE_CURVE ( 'NONE', #11643, #7733, #5441, .T. ) ;
#6734 = CARTESIAN_POINT ( 'NONE',  ( 164.0836472406292046, 113.0584177718505430, 10.40000000000000213 ) ) ;
#6735 = DIRECTION ( 'NONE',  ( 1.000000000000000000, 0.000000000000000000, 0.000000000000000000 ) ) ;
#6736 = VERTEX_POINT ( 'NONE', #1243 ) ;
#6737 = EDGE_LOOP ( 'NONE', ( #12146, #5683, #1077, #7732 ) ) ;
#6738 = CARTESIAN_POINT ( 'NONE',  ( 173.9204227672987599, 11.17776754306356146, 10.00000000000000000 ) ) ;
#6739 = DIRECTION ( 'NONE',  ( 1.000000000000000000, 0.000000000000000000, 0.000000000000000000 ) ) ;
#6740 = VERTEX_POINT ( 'NONE', #9838 ) ;
#6741 = FACE_OUTER_BOUND ( 'NONE', #10062, .T. ) ;
#6742 = CIRCLE ( 'NONE', #6086, 1.750000000000001554 ) ;
#6743 = EDGE_LOOP ( 'NONE', ( #3375, #8911, #12518, #552 ) ) ;
#6744 = DIRECTION ( 'NONE',  ( 1.000000000000000000, 0.000000000000000000, 0.000000000000000000 ) ) ;
#6745 = ORIENTED_EDGE ( 'NONE', *, *, #8925, .F. ) ;
#6746 = CARTESIAN_POINT ( 'NONE',  ( 12.50000000000047429, -4.989999999999716884, 0.000000000000000000 ) ) ;
#6747 = CARTESIAN_POINT ( 'NONE',  ( 30.40638245624893798, 82.80500000000016314, 4.400000000000001243 ) ) ;
#6749 = EDGE_CURVE ( 'NONE', #3035, #7442, #5590, .T. ) ;
#6748 = AXIS2_PLACEMENT_3D ( 'NONE', #3534, #344, #549 ) ;
#6750 = LINE ( 'NONE', #12867, #4125 ) ;
#6751 = EDGE_CURVE ( 'NONE', #12126, #5116, #10653, .T. ) ;
#6752 = EDGE_LOOP ( 'NONE', ( #10124, #10503, #6931, #6684 ) ) ;
#6753 = ORIENTED_EDGE ( 'NONE', *, *, #9561, .T. ) ;
#6754 = CARTESIAN_POINT ( 'NONE',  ( 81.20734701375181430, 39.62327421210908085, 0.000000000000000000 ) ) ;
#6756 = DIRECTION ( 'NONE',  ( 1.000000000000000000, 0.000000000000000000, 0.000000000000000000 ) ) ;
#6755 = LINE ( 'NONE', #1252, #8897 ) ;
#6757 = ORIENTED_EDGE ( 'NONE', *, *, #7359, .F. ) ;
#6758 = ORIENTED_EDGE ( 'NONE', *, *, #7280, .F. ) ;
#6759 = CARTESIAN_POINT ( 'NONE',  ( 146.4597551873219174, 128.5517170524556718, 8.800000000000000711 ) ) ;
#6760 = CARTESIAN_POINT ( 'NONE',  ( 187.0936175437515487, 82.80500000000024841, 4.400000000000001243 ) ) ;
#6761 = VECTOR ( 'NONE', #8806, 1000.000000000000000 ) ;
#6762 = CARTESIAN_POINT ( 'NONE',  ( 138.5492919255787285, 3.846501363067972079, 0.000000000000000000 ) ) ;
#6763 = EDGE_LOOP ( 'NONE', ( #8615, #6420, #6593, #4171, #2390 ) ) ;
#6764 = CARTESIAN_POINT ( 'NONE',  ( 0.000000000000000000, 160.0000000000004547, 0.000000000000000000 ) ) ;
#6765 = FACE_OUTER_BOUND ( 'NONE', #10008, .T. ) ;
#6766 = EDGE_CURVE ( 'NONE', #6216, #3371, #11301, .T. ) ;
#6767 = ORIENTED_EDGE ( 'NONE', *, *, #10166, .F. ) ;
#6768 = CARTESIAN_POINT ( 'NONE',  ( 71.25833726339713792, 134.2108150412378791, 0.000000000000000000 ) ) ;
#6769 = CYLINDRICAL_SURFACE ( 'NONE', #5156, 1.750000000000001554 ) ;
#6770 = ORIENTED_EDGE ( 'NONE', *, *, #8485, .F. ) ;
#6771 = DIRECTION ( 'NONE',  ( 0.000000000000000000, 0.000000000000000000, -1.000000000000000000 ) ) ;
#6772 = ORIENTED_EDGE ( 'NONE', *, *, #7897, .F. ) ;
#6773 = CARTESIAN_POINT ( 'NONE',  ( 44.39053783194328417, 54.01994092955160198, 8.800000000000000711 ) ) ;
#6774 = AXIS2_PLACEMENT_3D ( 'NONE', #190, #12636, #7688 ) ;
#6775 = DIRECTION ( 'NONE',  ( -0.000000000000000000, -0.000000000000000000, -1.000000000000000000 ) ) ;
#6776 = ORIENTED_EDGE ( 'NONE', *, *, #4790, .F. ) ;
#6777 = DIRECTION ( 'NONE',  ( -0.000000000000000000, -0.000000000000000000, -1.000000000000000000 ) ) ;
#6778 = ORIENTED_EDGE ( 'NONE', *, *, #13362, .F. ) ;
#6779 = DIRECTION ( 'NONE',  ( -0.000000000000000000, -0.000000000000000000, -1.000000000000000000 ) ) ;
#6780 = DIRECTION ( 'NONE',  ( 0.000000000000000000, -1.000000000000000000, 0.000000000000000000 ) ) ;
#6781 = CARTESIAN_POINT ( 'NONE',  ( 42.86730598147647697, 58.29192021169607330, 0.000000000000000000 ) ) ;
#6782 = EDGE_CURVE ( 'NONE', #1319, #2907, #279, .T. ) ;
#6783 = DIRECTION ( 'NONE',  ( -0.000000000000000000, -0.000000000000000000, 1.000000000000000000 ) ) ;
#6784 = EDGE_LOOP ( 'NONE', ( #2177, #3396, #5338, #3384, #10673 ) ) ;
#6785 = CYLINDRICAL_SURFACE ( 'NONE', #6835, 1.750000000000001554 ) ;
#6786 = CARTESIAN_POINT ( 'NONE',  ( 173.9293630873771122, 55.07826306762003554, 8.800000000000000711 ) ) ;
#6787 = ORIENTED_EDGE ( 'NONE', *, *, #2442, .T. ) ;
#6788 = AXIS2_PLACEMENT_3D ( 'NONE', #12968, #4736, #13241 ) ;
#6789 = CARTESIAN_POINT ( 'NONE',  ( 175.8139694863819784, 23.74264681229802676, 10.40000000000000213 ) ) ;
#6790 = CARTESIAN_POINT ( 'NONE',  ( 148.0597551873219118, 50.50888774354142896, 8.800000000000000711 ) ) ;
#6791 = DIRECTION ( 'NONE',  ( -0.000000000000000000, -0.000000000000000000, -1.000000000000000000 ) ) ;
#6792 = EDGE_CURVE ( 'NONE', #11062, #7194, #8614, .T. ) ;
#6793 = VERTEX_POINT ( 'NONE', #10717 ) ;
#6794 = DIRECTION ( 'NONE',  ( -0.000000000000000000, -0.000000000000000000, -1.000000000000000000 ) ) ;
#6795 = AXIS2_PLACEMENT_3D ( 'NONE', #1599, #10069, #714 ) ;
#6796 = CARTESIAN_POINT ( 'NONE',  ( 81.03604971557493286, 51.91583020066806142, 10.40000000000000213 ) ) ;
#6797 = PRODUCT_RELATED_PRODUCT_CATEGORY ( 'part', '', ( #11016 ) ) ;
#6798 = EDGE_CURVE ( 'NONE', #9489, #11762, #4346, .T. ) ;
#6799 = DIRECTION ( 'NONE',  ( 1.000000000000000000, 0.000000000000000000, 0.000000000000000000 ) ) ;
#6800 = DIRECTION ( 'NONE',  ( -1.000000000000000000, 0.000000000000000000, 0.000000000000000000 ) ) ;
#6801 = CARTESIAN_POINT ( 'NONE',  ( 164.0992579820906201, 74.25012897327849259, 10.40000000000000213 ) ) ;
#6802 = LINE ( 'NONE', #9689, #4342 ) ;
#6803 = CYLINDRICAL_SURFACE ( 'NONE', #4252, 1.750000000000001554 ) ;
#6804 = ORIENTED_EDGE ( 'NONE', *, *, #5859, .T. ) ;
#6805 = ORIENTED_EDGE ( 'NONE', *, *, #6657, .T. ) ;
#6806 = CARTESIAN_POINT ( 'NONE',  ( 136.4940251048210769, 132.5024585979040523, 10.40000000000000213 ) ) ;
#6807 = ORIENTED_EDGE ( 'NONE', *, *, #11662, .T. ) ;
#6808 = CARTESIAN_POINT ( 'NONE',  ( 44.09279471297418240, 88.09903310818764055, 10.00000000000000000 ) ) ;
#6809 = CIRCLE ( 'NONE', #512, 1.750000000000001554 ) ;
#6810 = ORIENTED_EDGE ( 'NONE', *, *, #13465, .T. ) ;
#6811 = ADVANCED_FACE ( 'NONE', ( #4412 ), #12928, .F. ) ;
#6812 = CARTESIAN_POINT ( 'NONE',  ( 20.17116097332603175, 149.8940936094211054, 9.000000000000000000 ) ) ;
#6813 = ORIENTED_EDGE ( 'NONE', *, *, #2572, .F. ) ;
#6814 = EDGE_CURVE ( 'NONE', #1807, #2609, #6526, .T. ) ;
#6815 = AXIS2_PLACEMENT_3D ( 'NONE', #12774, #4540, #336 ) ;
#6816 = EDGE_CURVE ( 'NONE', #6014, #5723, #1698, .T. ) ;
#6817 = AXIS2_PLACEMENT_3D ( 'NONE', #9809, #451, #4586 ) ;
#6818 = CARTESIAN_POINT ( 'NONE',  ( 174.5379805785753149, 9.540354232463158723, 0.000000000000000000 ) ) ;
#6819 = DIRECTION ( 'NONE',  ( -0.000000000000000000, 0.000000000000000000, 1.000000000000000000 ) ) ;
#6820 = ORIENTED_EDGE ( 'NONE', *, *, #6981, .F. ) ;
#6821 = ORIENTED_EDGE ( 'NONE', *, *, #5397, .T. ) ;
#6822 = FACE_OUTER_BOUND ( 'NONE', #5099, .T. ) ;
#6823 = AXIS2_PLACEMENT_3D ( 'NONE', #12593, #216, #3121 ) ;
#6824 = ORIENTED_EDGE ( 'NONE', *, *, #4040, .F. ) ;
#6825 = DIRECTION ( 'NONE',  ( 1.000000000000000000, 0.000000000000000000, 0.000000000000000000 ) ) ;
#6826 = ORIENTED_EDGE ( 'NONE', *, *, #7908, .T. ) ;
#6827 = CARTESIAN_POINT ( 'NONE',  ( 175.8139694863819784, 23.74264681229802676, 8.800000000000000711 ) ) ;
#6828 = CIRCLE ( 'NONE', #4411, 1.750000000000001554 ) ;
#6829 = CIRCLE ( 'NONE', #9262, 1.750000000000001554 ) ;
#6830 = EDGE_CURVE ( 'NONE', #4927, #7664, #6268, .T. ) ;
#6831 = EDGE_CURVE ( 'NONE', #2686, #9466, #1079, .T. ) ;
#6832 = DIRECTION ( 'NONE',  ( -1.000000000000000000, 0.000000000000000000, -0.000000000000000000 ) ) ;
#6833 = VERTEX_POINT ( 'NONE', #6395 ) ;
#6834 = CIRCLE ( 'NONE', #5092, 1.750000000000001554 ) ;
#6835 = AXIS2_PLACEMENT_3D ( 'NONE', #4740, #13044, #9817 ) ;
#6836 = CARTESIAN_POINT ( 'NONE',  ( 138.8492919255787115, 120.7500671661881455, 8.800000000000000711 ) ) ;
#6837 = LINE ( 'NONE', #5673, #3118 ) ;
#6838 = CONICAL_SURFACE ( 'NONE', #4218, 7.649999999999989697, 0.7853981633974491672 ) ;
#6839 = DIRECTION ( 'NONE',  ( 1.000000000000000000, 0.000000000000000000, 0.000000000000000000 ) ) ;
#6840 = VERTEX_POINT ( 'NONE', #12861 ) ;
#6841 = ORIENTED_EDGE ( 'NONE', *, *, #5040, .T. ) ;
#6842 = CARTESIAN_POINT ( 'NONE',  ( 192.1588390266744000, 82.80500000000017735, 4.400000000000001243 ) ) ;
#6843 = AXIS2_PLACEMENT_3D ( 'NONE', #7978, #5847, #12164 ) ;
#6844 = VECTOR ( 'NONE', #306, 1000.000000000000000 ) ;
#6845 = EDGE_CURVE ( 'NONE', #8511, #3780, #3350, .T. ) ;
#6846 = VECTOR ( 'NONE', #3296, 1000.000000000000000 ) ;
#6847 = DIRECTION ( 'NONE',  ( -1.000000000000000000, 0.000000000000000000, 0.000000000000000000 ) ) ;
#6848 = ORIENTED_EDGE ( 'NONE', *, *, #10825, .F. ) ;
#6849 = CARTESIAN_POINT ( 'NONE',  ( 174.2376398314652590, 17.14497833867034871, 0.000000000000000000 ) ) ;
#6850 = EDGE_LOOP ( 'NONE', ( #12492, #8771, #6404, #882 ) ) ;
#6851 = DIRECTION ( 'NONE',  ( -0.000000000000000000, 0.000000000000000000, 1.000000000000000000 ) ) ;
#6852 = CARTESIAN_POINT ( 'NONE',  ( 45.11403200266500590, 128.8636569258251825, 10.00000000000000000 ) ) ;
#6853 = CARTESIAN_POINT ( 'NONE',  ( 78.81811639599669661, 103.0761435058214914, 8.800000000000000711 ) ) ;
#6854 = AXIS2_PLACEMENT_3D ( 'NONE', #10832, #2579, #8654 ) ;
#6855 = DIRECTION ( 'NONE',  ( -1.000000000000000000, 0.000000000000000000, 0.000000000000000000 ) ) ;
#6856 = VERTEX_POINT ( 'NONE', #1447 ) ;
#6857 = ORIENTED_EDGE ( 'NONE', *, *, #3510, .T. ) ;
#6858 = PLANE ( 'NONE',  #10775 ) ;
#6859 = CIRCLE ( 'NONE', #5335, 1.750000000000001554 ) ;
#6860 = CARTESIAN_POINT ( 'NONE',  ( 46.86403200266500590, 45.55398713153164891, 10.00000000000000000 ) ) ;
#6861 = ORIENTED_EDGE ( 'NONE', *, *, #10660, .F. ) ;
#6862 = CARTESIAN_POINT ( 'NONE',  ( 83.14083265857169636, 0.7544085079435802754, 0.000000000000000000 ) ) ;
#6863 = DIRECTION ( 'NONE',  ( 0.000000000000000000, 0.000000000000000000, -1.000000000000000000 ) ) ;
#6864 = EDGE_CURVE ( 'NONE', #1729, #11137, #7656, .T. ) ;
#6865 = DIRECTION ( 'NONE',  ( -0.000000000000000000, 0.000000000000000000, 1.000000000000000000 ) ) ;
#6866 = VERTEX_POINT ( 'NONE', #10791 ) ;
#6867 = DIRECTION ( 'NONE',  ( 1.000000000000000000, 0.000000000000000000, 0.000000000000000000 ) ) ;
#6868 = CARTESIAN_POINT ( 'NONE',  ( 200.5000000000004547, 153.0000000000004547, 10.00000000000000000 ) ) ;
#6869 = CARTESIAN_POINT ( 'NONE',  ( 85.00734701375183988, 117.7494076238474747, 8.800000000000000711 ) ) ;
#6870 = CARTESIAN_POINT ( 'NONE',  ( 42.86730598147647697, 86.84976237332983828, 10.00000000000000000 ) ) ;
#6871 = AXIS2_PLACEMENT_3D ( 'NONE', #888, #6112, #2940 ) ;
#6872 = CARTESIAN_POINT ( 'NONE',  ( -29.07577827468061216, 29.07577827468059439, 10.40000000000000213 ) ) ;
#6873 = ORIENTED_EDGE ( 'NONE', *, *, #7939, .F. ) ;
#6874 = ORIENTED_EDGE ( 'NONE', *, *, #7418, .T. ) ;
#6875 = ADVANCED_FACE ( 'NONE', ( #7719 ), #11897, .F. ) ;
#6876 = DIRECTION ( 'NONE',  ( 1.000000000000000000, 0.000000000000000000, 0.000000000000000000 ) ) ;
#6877 = VERTEX_POINT ( 'NONE', #12022 ) ;
#6878 = DIRECTION ( 'NONE',  ( -1.000000000000000000, 0.000000000000000000, 0.000000000000000000 ) ) ;
#6879 = VERTEX_POINT ( 'NONE', #9681 ) ;
#6880 = CARTESIAN_POINT ( 'NONE',  ( 12.50000000000050093, 28.61000000000003851, 10.00000000000000000 ) ) ;
#6881 = DIRECTION ( 'NONE',  ( -0.000000000000000000, -0.000000000000000000, -1.000000000000000000 ) ) ;
#6882 = EDGE_CURVE ( 'NONE', #2190, #1952, #7573, .T. ) ;
#6883 = ADVANCED_FACE ( 'NONE', ( #11148, #1540 ), #10192, .T. ) ;
#6884 = CIRCLE ( 'NONE', #1029, 1.750000000000001554 ) ;
#6885 = DIRECTION ( 'NONE',  ( -0.000000000000000000, 0.000000000000000000, 1.000000000000000000 ) ) ;
#6886 = ORIENTED_EDGE ( 'NONE', *, *, #6126, .T. ) ;
#6887 = CIRCLE ( 'NONE', #1033, 7.649999999999989697 ) ;
#6888 = FACE_OUTER_BOUND ( 'NONE', #9639, .T. ) ;
#6889 = DIRECTION ( 'NONE',  ( 1.000000000000000000, 0.000000000000000000, 0.000000000000000000 ) ) ;
#6890 = CARTESIAN_POINT ( 'NONE',  ( 145.1440251048210541, 132.5024585979040523, 9.400000000000028777 ) ) ;
#6891 = CARTESIAN_POINT ( 'NONE',  ( 172.7127247140765007, 133.7887398999099275, 0.000000000000000000 ) ) ;
#6892 = ORIENTED_EDGE ( 'NONE', *, *, #9353, .T. ) ;
#6893 = ORIENTED_EDGE ( 'NONE', *, *, #2302, .T. ) ;
#6894 = ADVANCED_FACE ( 'NONE', ( #11290 ), #8078, .F. ) ;
#6895 = DIRECTION ( 'NONE',  ( -0.000000000000000000, 0.000000000000000000, 1.000000000000000000 ) ) ;
#6896 = AXIS2_PLACEMENT_3D ( 'NONE', #1013, #107, #8507 ) ;
#6897 = EDGE_LOOP ( 'NONE', ( #1272, #8855, #2071, #1249 ) ) ;
#6898 = ORIENTED_EDGE ( 'NONE', *, *, #12088, .T. ) ;
#6899 = AXIS2_PLACEMENT_3D ( 'NONE', #10167, #1633, #12986 ) ;
#6900 = EDGE_CURVE ( 'NONE', #10724, #4657, #1479, .T. ) ;
#6901 = EDGE_CURVE ( 'NONE', #7652, #6084, #8668, .T. ) ;
#6902 = DIRECTION ( 'NONE',  ( 1.000000000000000000, 0.000000000000000000, 0.000000000000000000 ) ) ;
#6903 = DIRECTION ( 'NONE',  ( 1.000000000000000000, 0.000000000000000000, 0.000000000000000000 ) ) ;
#6904 = EDGE_LOOP ( 'NONE', ( #5419, #127, #10609, #6824 ) ) ;
#6905 = AXIS2_PLACEMENT_3D ( 'NONE', #2341, #4566, #3625 ) ;
#6906 = FILL_AREA_STYLE ('',( #2762 ) ) ;
#6907 = AXIS2_PLACEMENT_3D ( 'NONE', #5677, #9865, #12319 ) ;
#6908 = DIRECTION ( 'NONE',  ( -0.000000000000000000, -0.000000000000000000, -1.000000000000000000 ) ) ;
#6909 = EDGE_LOOP ( 'NONE', ( #3613, #7788 ) ) ;
#6910 = ADVANCED_FACE ( 'NONE', ( #6635 ), #10819, .F. ) ;
#6911 = EDGE_CURVE ( 'NONE', #11137, #12873, #2124, .T. ) ;
#6912 = DIRECTION ( 'NONE',  ( -0.000000000000000000, -0.000000000000000000, -1.000000000000000000 ) ) ;
#6913 = EDGE_LOOP ( 'NONE', ( #11816, #4564 ) ) ;
#6914 = ORIENTED_EDGE ( 'NONE', *, *, #10870, .F. ) ;
#6915 = CARTESIAN_POINT ( 'NONE',  ( 42.85258495182370098, 131.3036457082470179, 10.00000000000000000 ) ) ;
#6916 = CIRCLE ( 'NONE', #9772, 1.900000000000012790 ) ;
#6917 = CARTESIAN_POINT ( 'NONE',  ( 72.37043897411355431, 90.72411899924007628, 10.40000000000000213 ) ) ;
#6918 = AXIS2_PLACEMENT_3D ( 'NONE', #7117, #13351, #12260 ) ;
#6919 = APPLICATION_CONTEXT ( 'automotive_design' ) ;
#6920 = VECTOR ( 'NONE', #2705, 1000.000000000000000 ) ;
#6921 = DIRECTION ( 'NONE',  ( -0.000000000000000000, 0.000000000000000000, 1.000000000000000000 ) ) ;
#6922 = ORIENTED_EDGE ( 'NONE', *, *, #1978, .F. ) ;
#6923 = CARTESIAN_POINT ( 'NONE',  ( 200.5000000000004547, 153.0000000000004547, 10.00000000000000000 ) ) ;
#6924 = ORIENTED_EDGE ( 'NONE', *, *, #11495, .T. ) ;
#6925 = DIRECTION ( 'NONE',  ( 1.000000000000000000, 0.000000000000000000, 0.000000000000000000 ) ) ;
#6926 = CYLINDRICAL_SURFACE ( 'NONE', #2794, 8.649999999999963052 ) ;
#6927 = DIRECTION ( 'NONE',  ( -0.000000000000000000, 0.000000000000000000, 1.000000000000000000 ) ) ;
#6928 = CIRCLE ( 'NONE', #10426, 1.750000000000001554 ) ;
#6929 = LINE ( 'NONE', #5895, #10569 ) ;
#6930 = ORIENTED_EDGE ( 'NONE', *, *, #309, .T. ) ;
#6931 = ORIENTED_EDGE ( 'NONE', *, *, #208, .T. ) ;
#6932 = EDGE_CURVE ( 'NONE', #3984, #6162, #12955, .T. ) ;
#6933 = CARTESIAN_POINT ( 'NONE',  ( 41.11730598147647697, 58.29192021169607330, 10.00000000000000000 ) ) ;
#6934 = ADVANCED_FACE ( 'NONE', ( #3575 ), #9124, .T. ) ;
#6935 = CIRCLE ( 'NONE', #3457, 1.900000000000012790 ) ;
#6936 = DIRECTION ( 'NONE',  ( -0.000000000000000000, -0.000000000000000000, -1.000000000000000000 ) ) ;
#6937 = ORIENTED_EDGE ( 'NONE', *, *, #12877, .F. ) ;
#6938 = CARTESIAN_POINT ( 'NONE',  ( 44.05437819674840938, 57.00608991351150934, 10.00000000000000000 ) ) ;
#6939 = CIRCLE ( 'NONE', #2814, 1.750000000000001554 ) ;
#6940 = DIRECTION ( 'NONE',  ( -0.000000000000000000, -0.000000000000000000, -1.000000000000000000 ) ) ;
#6941 = VERTEX_POINT ( 'NONE', #2828 ) ;
#6942 = AXIS2_PLACEMENT_3D ( 'NONE', #4559, #3292, #12720 ) ;
#6943 = DIRECTION ( 'NONE',  ( -0.000000000000000000, 0.000000000000000000, 1.000000000000000000 ) ) ;
#6944 = CARTESIAN_POINT ( 'NONE',  ( 136.7244221264163855, 81.91230903241692829, 8.800000000000000711 ) ) ;
#6945 = DIRECTION ( 'NONE',  ( -0.000000000000000000, -0.000000000000000000, -1.000000000000000000 ) ) ;
#6946 = ADVANCED_FACE ( 'NONE', ( #5931 ), #4918, .F. ) ;
#6947 = CYLINDRICAL_SURFACE ( 'NONE', #8204, 1.750000000000001554 ) ;
#6948 = VERTEX_POINT ( 'NONE', #2737 ) ;
#6949 = ORIENTED_EDGE ( 'NONE', *, *, #6368, .F. ) ;
#6950 = FACE_OUTER_BOUND ( 'NONE', #327, .T. ) ;
#6951 = CYLINDRICAL_SURFACE ( 'NONE', #5178, 1.750000000000001554 ) ;
#6952 = FACE_OUTER_BOUND ( 'NONE', #6351, .T. ) ;
#6953 = ORIENTED_EDGE ( 'NONE', *, *, #13340, .T. ) ;
#6954 = DIRECTION ( 'NONE',  ( 0.000000000000000000, 0.000000000000000000, 1.000000000000000000 ) ) ;
#6955 = DIRECTION ( 'NONE',  ( -0.000000000000000000, -0.000000000000000000, -1.000000000000000000 ) ) ;
#6956 = AXIS2_PLACEMENT_3D ( 'NONE', #8530, #6442, #10634 ) ;
#6957 = DIRECTION ( 'NONE',  ( -0.000000000000000000, 0.000000000000000000, 1.000000000000000000 ) ) ;
#6958 = ORIENTED_EDGE ( 'NONE', *, *, #8439, .T. ) ;
#6959 = CYLINDRICAL_SURFACE ( 'NONE', #6119, 7.000000000000006217 ) ;
#6960 = CARTESIAN_POINT ( 'NONE',  ( 94.49275623606898478, 8.774332390532082471, 8.800000000000000711 ) ) ;
#6961 = CARTESIAN_POINT ( 'NONE',  ( 172.7879805785753149, 9.540354232463158723, 10.00000000000000000 ) ) ;
#6962 = DIRECTION ( 'NONE',  ( 0.000000000000000000, 0.000000000000000000, -1.000000000000000000 ) ) ;
#6963 = EDGE_CURVE ( 'NONE', #3701, #8551, #11966, .T. ) ;
#6964 = FACE_BOUND ( 'NONE', #2399, .T. ) ;
#6965 = EDGE_LOOP ( 'NONE', ( #9513, #2904, #6841, #393 ) ) ;
#6966 = VERTEX_POINT ( 'NONE', #3807 ) ;
#6967 = AXIS2_PLACEMENT_3D ( 'NONE', #6675, #10243, #4767 ) ;
#6968 = DIRECTION ( 'NONE',  ( -0.000000000000000000, -0.000000000000000000, -1.000000000000000000 ) ) ;
#6969 = CARTESIAN_POINT ( 'NONE',  ( 205.0000000000004832, -5.391503558907573712, 4.726443845678995892E-16 ) ) ;
#6970 = ORIENTED_EDGE ( 'NONE', *, *, #12012, .T. ) ;
#6971 = ORIENTED_EDGE ( 'NONE', *, *, #5228, .F. ) ;
#6972 = CARTESIAN_POINT ( 'NONE',  ( 127.4155958739632837, 124.8090237033039358, 8.800000000000000711 ) ) ;
#6973 = DIRECTION ( 'NONE',  ( -0.000000000000000000, -0.000000000000000000, -1.000000000000000000 ) ) ;
#6974 = CARTESIAN_POINT ( 'NONE',  ( 81.05166045703634836, 13.10754140209606078, 10.40000000000000213 ) ) ;
#6975 = EDGE_CURVE ( 'NONE', #8620, #3776, #556, .T. ) ;
#6976 = AXIS2_PLACEMENT_3D ( 'NONE', #10580, #7243, #4277 ) ;
#6977 = VERTEX_POINT ( 'NONE', #4695 ) ;
#6978 = CARTESIAN_POINT ( 'NONE',  ( 17.00000000000000000, -14.38999999999998636, 0.000000000000000000 ) ) ;
#6979 = CARTESIAN_POINT ( 'NONE',  ( 42.86730598147647697, 97.12233422291699014, 8.800000000000000711 ) ) ;
#6980 = EDGE_CURVE ( 'NONE', #2892, #8123, #7912, .T. ) ;
#6981 = EDGE_CURVE ( 'NONE', #2742, #288, #180, .T. ) ;
#6982 = ORIENTED_EDGE ( 'NONE', *, *, #3889, .F. ) ;
#6983 = DIRECTION ( 'NONE',  ( -1.000000000000000000, 0.000000000000000000, 0.000000000000000000 ) ) ;
#6984 = ORIENTED_EDGE ( 'NONE', *, *, #4730, .T. ) ;
#6985 = AXIS2_PLACEMENT_3D ( 'NONE', #7018, #8055, #11190 ) ;
#6986 = EDGE_LOOP ( 'NONE', ( #2546, #11032, #1962, #6615 ) ) ;
#6987 = DIRECTION ( 'NONE',  ( 1.000000000000000000, 0.000000000000000000, 0.000000000000000000 ) ) ;
#6988 = DIRECTION ( 'NONE',  ( -0.000000000000000000, -0.000000000000000000, -1.000000000000000000 ) ) ;
#6989 = CARTESIAN_POINT ( 'NONE',  ( 173.9861749749893249, 90.78010294822888682, 10.00000000000000000 ) ) ;
#6990 = FACE_OUTER_BOUND ( 'NONE', #12075, .T. ) ;
#6991 = EDGE_CURVE ( 'NONE', #1807, #11978, #7375, .T. ) ;
#6992 = ORIENTED_EDGE ( 'NONE', *, *, #2678, .T. ) ;
#6993 = DIRECTION ( 'NONE',  ( -0.000000000000000000, -0.000000000000000000, -1.000000000000000000 ) ) ;
#6994 = ORIENTED_EDGE ( 'NONE', *, *, #5876, .F. ) ;
#6995 = CARTESIAN_POINT ( 'NONE',  ( 132.6762620681505211, 145.0023251711596401, 10.00000000000000000 ) ) ;
#6996 = UNCERTAINTY_MEASURE_WITH_UNIT (LENGTH_MEASURE( 1.000000000000000082E-05 ), #3620, 'distance_accuracy_value', 'NONE');
#6997 = DIRECTION ( 'NONE',  ( 1.000000000000000000, 0.000000000000000000, 0.000000000000000000 ) ) ;
#6998 = DIRECTION ( 'NONE',  ( 1.000000000000000000, 0.000000000000000000, 0.000000000000000000 ) ) ;
#6999 = ADVANCED_FACE ( 'NONE', ( #5853 ), #11308, .T. ) ;
#7000 = CARTESIAN_POINT ( 'NONE',  ( 44.35609702419591116, 52.23860980879842941, 10.00000000000000000 ) ) ;
#7001 = ORIENTED_EDGE ( 'NONE', *, *, #10498, .T. ) ;
#7002 = EDGE_LOOP ( 'NONE', ( #8884, #11008, #1971, #5166 ) ) ;
#7003 = CARTESIAN_POINT ( 'NONE',  ( 81.20734701375181430, 78.84319752287538563, 0.000000000000000000 ) ) ;
#7004 = CARTESIAN_POINT ( 'NONE',  ( 45.11403200266500590, 89.52015041444528265, 8.800000000000000711 ) ) ;
#7005 = ORIENTED_EDGE ( 'NONE', *, *, #3834, .T. ) ;
#7006 = DIRECTION ( 'NONE',  ( -0.7071095795811642715, -0.7071039827808559552, 0.000000000000000000 ) ) ;
#7007 = DIRECTION ( 'NONE',  ( -0.000000000000000000, -0.000000000000000000, -1.000000000000000000 ) ) ;
#7008 = CYLINDRICAL_SURFACE ( 'NONE', #9048, 1.750000000000001554 ) ;
#7009 = DIRECTION ( 'NONE',  ( 1.000000000000000000, 0.000000000000000000, 0.000000000000000000 ) ) ;
#7010 = ADVANCED_FACE ( 'NONE', ( #7986 ), #6951, .F. ) ;
#7011 = VERTEX_POINT ( 'NONE', #8060 ) ;
#7012 = EDGE_CURVE ( 'NONE', #560, #6697, #13071, .T. ) ;
#7013 = LINE ( 'NONE', #1836, #6243 ) ;
#7014 = CARTESIAN_POINT ( 'NONE',  ( 174.2376617334601576, 129.7232082917234379, 8.800000000000000711 ) ) ;
#7015 = AXIS2_PLACEMENT_3D ( 'NONE', #5485, #3523, #7635 ) ;
#7016 = LINE ( 'NONE', #4818, #4887 ) ;
#7017 = LINE ( 'NONE', #2871, #5727 ) ;
#7018 = CARTESIAN_POINT ( 'NONE',  ( 92.55321194845042498, 125.7367331634828815, 10.00000000000000000 ) ) ;
#7019 = CARTESIAN_POINT ( 'NONE',  ( 58.76191951333825614, -58.76191951333771613, 0.000000000000000000 ) ) ;
#7020 = VERTEX_POINT ( 'NONE', #4763 ) ;
#7021 = ORIENTED_EDGE ( 'NONE', *, *, #11578, .T. ) ;
#7022 = DIRECTION ( 'NONE',  ( -0.000000000000000000, 0.000000000000000000, 1.000000000000000000 ) ) ;
#7023 = DIRECTION ( 'NONE',  ( -0.000000000000000000, 0.000000000000000000, 1.000000000000000000 ) ) ;
#7024 = CARTESIAN_POINT ( 'NONE',  ( 33.40638245624898417, 4.277200709857013472E-15, 10.40000000000000213 ) ) ;
#7025 = VERTEX_POINT ( 'NONE', #10922 ) ;
#7026 = CIRCLE ( 'NONE', #13364, 2.700000000000004619 ) ;
#7027 = EDGE_CURVE ( 'NONE', #2875, #9729, #6042, .T. ) ;
#7028 = CARTESIAN_POINT ( 'NONE',  ( 187.0936175437515487, 82.80500000000024841, 7.400000000000003908 ) ) ;
#7029 = ORIENTED_EDGE ( 'NONE', *, *, #3630, .T. ) ;
#7030 = DIRECTION ( 'NONE',  ( 1.125813862719237453E-16, -1.000000000000000000, 0.000000000000000000 ) ) ;
#7031 = CARTESIAN_POINT ( 'NONE',  ( 205.0000000000004547, 28.60989453229147017, 0.000000000000000000 ) ) ;
#7032 = CARTESIAN_POINT ( 'NONE',  ( 30.40638245624894509, 28.60989453229144885, 7.399999999999971934 ) ) ;
#7033 = DIRECTION ( 'NONE',  ( -0.000000000000000000, 0.000000000000000000, 1.000000000000000000 ) ) ;
#7034 = FACE_BOUND ( 'NONE', #2712, .T. ) ;
#7035 = VERTEX_POINT ( 'NONE', #2876 ) ;
#7036 = VECTOR ( 'NONE', #8842, 1000.000000000000000 ) ;
#7037 = ORIENTED_EDGE ( 'NONE', *, *, #13432, .F. ) ;
#7039 = DIRECTION ( 'NONE',  ( 1.000000000000000000, 0.000000000000000000, 0.000000000000000000 ) ) ;
#7038 = LINE ( 'NONE', #571, #11076 ) ;
#7040 = ORIENTED_EDGE ( 'NONE', *, *, #9826, .F. ) ;
#7041 = VERTEX_POINT ( 'NONE', #11194 ) ;
#7042 = LINE ( 'NONE', #6007, #3233 ) ;
#7043 = EDGE_CURVE ( 'NONE', #2979, #13391, #5386, .T. ) ;
#7044 = AXIS2_PLACEMENT_3D ( 'NONE', #114, #6103, #4060 ) ;
#7045 = LINE ( 'NONE', #11221, #7284 ) ;
#7046 = ORIENTED_EDGE ( 'NONE', *, *, #7485, .T. ) ;
#7047 = CARTESIAN_POINT ( 'NONE',  ( 172.4876398314652590, 89.87628193518300179, 0.000000000000000000 ) ) ;
#7048 = CARTESIAN_POINT ( 'NONE',  ( 124.8267149358792949, 98.15027427408116978, 10.00000000000000000 ) ) ;
#7049 = VECTOR ( 'NONE', #5885, 1000.000000000000000 ) ;
#7050 = EDGE_LOOP ( 'NONE', ( #6922, #12627, #3009, #8830 ) ) ;
#7051 = ORIENTED_EDGE ( 'NONE', *, *, #1429, .T. ) ;
#7052 = DIRECTION ( 'NONE',  ( -0.000000000000000000, -0.000000000000000000, -1.000000000000000000 ) ) ;
#7053 = AXIS2_PLACEMENT_3D ( 'NONE', #10029, #9007, #2931 ) ;
#7054 = ORIENTED_EDGE ( 'NONE', *, *, #13096, .F. ) ;
#7055 = VECTOR ( 'NONE', #9354, 1000.000000000000000 ) ;
#7056 = EDGE_CURVE ( 'NONE', #11666, #5693, #10418, .T. ) ;
#7057 = ORIENTED_EDGE ( 'NONE', *, *, #8089, .T. ) ;
#7058 = ADVANCED_FACE ( 'NONE', ( #2670 ), #10989, .T. ) ;
#7059 = EDGE_CURVE ( 'NONE', #3025, #8026, #12098, .T. ) ;
#7060 = VECTOR ( 'NONE', #3085, 1000.000000000000000 ) ;
#7061 = EDGE_CURVE ( 'NONE', #9819, #10123, #4828, .T. ) ;
#7062 = DIRECTION ( 'NONE',  ( 1.000000000000000000, 0.000000000000000000, 0.000000000000000000 ) ) ;
#7063 = CARTESIAN_POINT ( 'NONE',  ( 13.17293791302633466, 40.46688908644556903, -9.833444543222615408 ) ) ;
#7064 = ORIENTED_EDGE ( 'NONE', *, *, #694, .F. ) ;
#7065 = AXIS2_PLACEMENT_3D ( 'NONE', #7972, #487, #6682 ) ;
#7066 = CIRCLE ( 'NONE', #2493, 1.750000000000001554 ) ;
#7067 = EDGE_LOOP ( 'NONE', ( #12465, #6758, #5824, #1876 ) ) ;
#7068 = DIRECTION ( 'NONE',  ( 0.000000000000000000, -0.000000000000000000, -1.000000000000000000 ) ) ;
#7069 = CARTESIAN_POINT ( 'NONE',  ( 43.33002210663563858, 6.715518501719201616, 10.00000000000000000 ) ) ;
#7070 = CYLINDRICAL_SURFACE ( 'NONE', #11017, 1.900000000000012790 ) ;
#7071 = EDGE_LOOP ( 'NONE', ( #3663, #7462 ) ) ;
#7072 = VERTEX_POINT ( 'NONE', #5735 ) ;
#7073 = FACE_OUTER_BOUND ( 'NONE', #10727, .T. ) ;
#7074 = CARTESIAN_POINT ( 'NONE',  ( 41.11730598147647697, 126.1887866701237044, 10.00000000000000000 ) ) ;
#7075 = AXIS2_PLACEMENT_3D ( 'NONE', #4891, #1773, #5094 ) ;
#7076 = ORIENTED_EDGE ( 'NONE', *, *, #5212, .F. ) ;
#7077 = CIRCLE ( 'NONE', #3153, 8.649999999999963052 ) ;
#7078 = ADVANCED_FACE ( 'NONE', ( #11989 ), #3561, .F. ) ;
#7079 = CARTESIAN_POINT ( 'NONE',  ( 73.37043897411352589, 90.72411899924007628, 10.40000000000000213 ) ) ;
#7080 = AXIS2_PLACEMENT_3D ( 'NONE', #4029, #9318, #1995 ) ;
#7081 = CARTESIAN_POINT ( 'NONE',  ( 191.9588390266749514, 101.3592244094420494, 9.400000000000000355 ) ) ;
#7082 = EDGE_CURVE ( 'NONE', #8416, #9218, #4711, .T. ) ;
#7083 = ADVANCED_FACE ( 'NONE', ( #8013, #13150, #5801 ), #647, .T. ) ;
#7084 = ORIENTED_EDGE ( 'NONE', *, *, #10499, .F. ) ;
#7085 = VECTOR ( 'NONE', #2015, 1000.000000000000000 ) ;
#7086 = AXIS2_PLACEMENT_3D ( 'NONE', #2560, #7615, #11787 ) ;
#7087 = CARTESIAN_POINT ( 'NONE',  ( 42.85258495182370098, 131.3036457082470179, 10.00000000000000000 ) ) ;
#7088 = VECTOR ( 'NONE', #10138, 1000.000000000000000 ) ;
#7089 = CARTESIAN_POINT ( 'NONE',  ( 173.8842468286646579, 88.82177309436006851, 8.800000000000000711 ) ) ;
#7090 = CARTESIAN_POINT ( 'NONE',  ( 65.04362105560937835, -65.04362105560933571, 10.40000000000000213 ) ) ;
#7091 = DIRECTION ( 'NONE',  ( -0.000000000000000000, -0.000000000000000000, -1.000000000000000000 ) ) ;
#7092 = ORIENTED_EDGE ( 'NONE', *, *, #7708, .T. ) ;
#7093 = EDGE_LOOP ( 'NONE', ( #11079, #10461 ) ) ;
#7094 = EDGE_CURVE ( 'NONE', #6393, #5530, #394, .T. ) ;
#7095 = EDGE_CURVE ( 'NONE', #8991, #5425, #710, .T. ) ;
#7096 = VECTOR ( 'NONE', #6223, 1000.000000000000000 ) ;
#7097 = CARTESIAN_POINT ( 'NONE',  ( 174.7485405866029851, 97.45949380390098327, 10.00000000000000000 ) ) ;
#7098 = ORIENTED_EDGE ( 'NONE', *, *, #694, .T. ) ;
#7099 = DIRECTION ( 'NONE',  ( -0.000000000000000000, -0.000000000000000000, -1.000000000000000000 ) ) ;
#7100 = CIRCLE ( 'NONE', #8417, 1.750000000000001554 ) ;
#7101 = CARTESIAN_POINT ( 'NONE',  ( 25.54116097332608604, 44.25077559055805665, 8.800000000000000711 ) ) ;
#7102 = EDGE_LOOP ( 'NONE', ( #13090, #1389 ) ) ;
#7103 = VECTOR ( 'NONE', #4071, 1000.000000000000000 ) ;
#7104 = CARTESIAN_POINT ( 'NONE',  ( 200.5000000000004547, -14.38999999999998636, 10.00000000000000000 ) ) ;
#7105 = CARTESIAN_POINT ( 'NONE',  ( 41.10258495182370098, 136.4729333453784932, 0.000000000000000000 ) ) ;
#7106 = DIRECTION ( 'NONE',  ( -0.000000000000000000, 0.000000000000000000, 1.000000000000000000 ) ) ;
#7107 = DIRECTION ( 'NONE',  ( 1.801302180350779826E-16, -1.000000000000000000, 0.000000000000000000 ) ) ;
#7108 = FACE_BOUND ( 'NONE', #6595, .T. ) ;
#7109 = ORIENTED_EDGE ( 'NONE', *, *, #5319, .T. ) ;
#7110 = ORIENTED_EDGE ( 'NONE', *, *, #7724, .T. ) ;
#7111 = EDGE_CURVE ( 'NONE', #1528, #2304, #3868, .T. ) ;
#7112 = CARTESIAN_POINT ( 'NONE',  ( 175.7827480034592043, 101.3592244094420494, 10.40000000000000213 ) ) ;
#7113 = ORIENTED_EDGE ( 'NONE', *, *, #5390, .T. ) ;
#7114 = DIRECTION ( 'NONE',  ( -0.000000000000000000, -0.000000000000000000, -1.000000000000000000 ) ) ;
#7115 = ORIENTED_EDGE ( 'NONE', *, *, #13355, .F. ) ;
#7116 = CIRCLE ( 'NONE', #7330, 1.900000000000012790 ) ;
#7117 = CARTESIAN_POINT ( 'NONE',  ( 42.29991227250985730, 42.29957746703008326, 10.40000000000000213 ) ) ;
#7118 = VECTOR ( 'NONE', #1859, 1000.000000000000114 ) ;
#7119 = CARTESIAN_POINT ( 'NONE',  ( 44.37490328837139941, 13.45608013069231923, 0.000000000000000000 ) ) ;
#7120 = CARTESIAN_POINT ( 'NONE',  ( 172.7127247140765007, 128.8646821786008445, 10.00000000000000000 ) ) ;
#7121 = DIRECTION ( 'NONE',  ( -0.000000000000000000, -0.000000000000000000, -1.000000000000000000 ) ) ;
#7122 = ORIENTED_EDGE ( 'NONE', *, *, #1121, .T. ) ;
#7123 = DIRECTION ( 'NONE',  ( 1.000000000000000000, 0.000000000000000000, 0.000000000000000000 ) ) ;
#7124 = DIRECTION ( 'NONE',  ( 1.000000000000000000, 0.000000000000000000, 0.000000000000000000 ) ) ;
#7125 = VECTOR ( 'NONE', #8110, 1000.000000000000000 ) ;
#7126 = EDGE_LOOP ( 'NONE', ( #4197, #10254, #1444, #4731 ) ) ;
#7127 = EDGE_CURVE ( 'NONE', #580, #6069, #7248, .T. ) ;
#7128 = CARTESIAN_POINT ( 'NONE',  ( 41.11730598147647697, 91.97633033906204503, 0.000000000000000000 ) ) ;
#7129 = ORIENTED_EDGE ( 'NONE', *, *, #6235, .F. ) ;
#7130 = VERTEX_POINT ( 'NONE', #7185 ) ;
#7131 = AXIS2_PLACEMENT_3D ( 'NONE', #11716, #7746, #8845 ) ;
#7132 = CARTESIAN_POINT ( 'NONE',  ( 17.00000000000004619, -7.390000000000535252, 7.000000000000000000 ) ) ;
#7133 = LINE ( 'NONE', #7063, #4199 ) ;
#7134 = ORIENTED_EDGE ( 'NONE', *, *, #2426, .F. ) ;
#7135 = ORIENTED_EDGE ( 'NONE', *, *, #10077, .F. ) ;
#7136 = CYLINDRICAL_SURFACE ( 'NONE', #9858, 1.750000000000001554 ) ;
#7137 = CARTESIAN_POINT ( 'NONE',  ( 128.9962509126547729, 86.03334357308700930, 10.00000000000000000 ) ) ;
#7138 = ORIENTED_EDGE ( 'NONE', *, *, #3817, .T. ) ;
#7139 = ORIENTED_EDGE ( 'NONE', *, *, #6864, .T. ) ;
#7140 = DIRECTION ( 'NONE',  ( -1.000000000000000000, 0.000000000000000000, 0.000000000000000000 ) ) ;
#7142 = EDGE_CURVE ( 'NONE', #1211, #7342, #5819, .T. ) ;
#7141 = AXIS2_PLACEMENT_3D ( 'NONE', #1061, #9390, #4161 ) ;
#7143 = CARTESIAN_POINT ( 'NONE',  ( 146.1597551873219345, 50.50888774354142896, 10.00000000000000000 ) ) ;
#7144 = ORIENTED_EDGE ( 'NONE', *, *, #6398, .T. ) ;
#7145 = VECTOR ( 'NONE', #12791, 1000.000000000000000 ) ;
#7146 = CYLINDRICAL_SURFACE ( 'NONE', #7589, 1.750000000000001554 ) ;
#7147 = ORIENTED_EDGE ( 'NONE', *, *, #4396, .F. ) ;
#7148 = AXIS2_PLACEMENT_3D ( 'NONE', #614, #8947, #883 ) ;
#7149 = DIRECTION ( 'NONE',  ( -1.000000000000000000, 0.000000000000000000, 0.000000000000000000 ) ) ;
#7150 = ORIENTED_EDGE ( 'NONE', *, *, #6476, .T. ) ;
#7151 = CONICAL_SURFACE ( 'NONE', #4737, 7.649999999999989697, 0.7853981633974491672 ) ;
#7152 = CARTESIAN_POINT ( 'NONE',  ( 176.3173879116660885, 87.21061876881715591, 10.00000000000000000 ) ) ;
#7153 = EDGE_CURVE ( 'NONE', #1895, #9379, #2799, .T. ) ;
#7154 = AXIS2_PLACEMENT_3D ( 'NONE', #12034, #1573, #10109 ) ;
#7155 = DIRECTION ( 'NONE',  ( -0.000000000000000000, -0.000000000000000000, -1.000000000000000000 ) ) ;
#7156 = AXIS2_PLACEMENT_3D ( 'NONE', #1126, #8163, #13499 ) ;
#7157 = CARTESIAN_POINT ( 'NONE',  ( 30.40638245624894509, 28.60989453229144885, 4.400000000000001243 ) ) ;
#7158 = CARTESIAN_POINT ( 'NONE',  ( 205.0000000000004547, 117.8050000000001631, 10.00000000000000000 ) ) ;
#7159 = EDGE_CURVE ( 'NONE', #12347, #4808, #9565, .T. ) ;
#7160 = CARTESIAN_POINT ( 'NONE',  ( 205.0000000000004547, 117.8050000000001631, 0.000000000000000000 ) ) ;
#7161 = ORIENTED_EDGE ( 'NONE', *, *, #1866, .F. ) ;
#7162 = ORIENTED_EDGE ( 'NONE', *, *, #12464, .F. ) ;
#7163 = VECTOR ( 'NONE', #3988, 1000.000000000000000 ) ;
#7164 = LINE ( 'NONE', #3693, #12447 ) ;
#7165 = CYLINDRICAL_SURFACE ( 'NONE', #3555, 1.750000000000001554 ) ;
#7166 = FACE_OUTER_BOUND ( 'NONE', #4032, .T. ) ;
#7167 = ORIENTED_EDGE ( 'NONE', *, *, #4976, .F. ) ;
#7168 = AXIS2_PLACEMENT_3D ( 'NONE', #501, #13136, #5989 ) ;
#7169 = FACE_OUTER_BOUND ( 'NONE', #9589, .T. ) ;
#7170 = ADVANCED_FACE ( 'NONE', ( #11220 ), #8284, .F. ) ;
#7171 = VERTEX_POINT ( 'NONE', #11295 ) ;
#7172 = CIRCLE ( 'NONE', #5619, 2.699999999999999289 ) ;
#7173 = CARTESIAN_POINT ( 'NONE',  ( 19.70000000000000284, -7.389999999999980140, 10.00000000000000000 ) ) ;
#7174 = DIRECTION ( 'NONE',  ( -0.000000000000000000, 0.000000000000000000, 1.000000000000000000 ) ) ;
#7175 = DIRECTION ( 'NONE',  ( 0.5000019787638066981, 0.4999980212283552383, -0.7071067811865525687 ) ) ;
#7176 = FACE_BOUND ( 'NONE', #4683, .T. ) ;
#7177 = ORIENTED_EDGE ( 'NONE', *, *, #9163, .F. ) ;
#7178 = ORIENTED_EDGE ( 'NONE', *, *, #3566, .T. ) ;
#7179 = FACE_BOUND ( 'NONE', #7525, .T. ) ;
#7180 = CYLINDRICAL_SURFACE ( 'NONE', #2347, 1.899999999999999023 ) ;
#7181 = ORIENTED_EDGE ( 'NONE', *, *, #1992, .T. ) ;
#7182 = DIRECTION ( 'NONE',  ( 1.000000000000000000, 0.000000000000000000, 0.000000000000000000 ) ) ;
#7183 = CIRCLE ( 'NONE', #6279, 1.900000000000012790 ) ;
#7184 = EDGE_LOOP ( 'NONE', ( #2140, #2423, #6873, #11889, #485 ) ) ;
#7185 = CARTESIAN_POINT ( 'NONE',  ( 41.11730598147647697, 91.97633033906204503, 8.800000000000000711 ) ) ;
#7186 = CARTESIAN_POINT ( 'NONE',  ( 173.8842468286646579, 88.82177309436006851, 0.000000000000000000 ) ) ;
#7187 = FACE_OUTER_BOUND ( 'NONE', #9136, .T. ) ;
#7188 = ADVANCED_FACE ( 'NONE', ( #9182 ), #10197, .F. ) ;
#7189 = ORIENTED_EDGE ( 'NONE', *, *, #5628, .T. ) ;
#7190 = ADVANCED_FACE ( 'NONE', ( #10134 ), #5122, .F. ) ;
#7191 = PLANE ( 'NONE',  #4675 ) ;
#7192 = AXIS2_PLACEMENT_3D ( 'NONE', #7230, #5171, #13529 ) ;
#7193 = CARTESIAN_POINT ( 'NONE',  ( 41.10258495182370098, 131.3036457082470179, 0.000000000000000000 ) ) ;
#7194 = VERTEX_POINT ( 'NONE', #8144 ) ;
#7195 = DIRECTION ( 'NONE',  ( 0.000000000000000000, 0.000000000000000000, -1.000000000000000000 ) ) ;
#7196 = EDGE_LOOP ( 'NONE', ( #11278, #13363, #11232, #5188 ) ) ;
#7197 = EDGE_LOOP ( 'NONE', ( #10522, #7162 ) ) ;
#7198 = CARTESIAN_POINT ( 'NONE',  ( 20.17116097332604951, -4.192077597143913259, 8.800000000000000711 ) ) ;
#7199 = CIRCLE ( 'NONE', #5650, 1.900000000000012790 ) ;
#7200 = DIRECTION ( 'NONE',  ( -0.000000000000000000, 0.000000000000000000, 1.000000000000000000 ) ) ;
#7201 = DIRECTION ( 'NONE',  ( 0.000000000000000000, -1.000000000000000000, 0.000000000000000000 ) ) ;
#7202 = ORIENTED_EDGE ( 'NONE', *, *, #8149, .F. ) ;
#7203 = EDGE_CURVE ( 'NONE', #11203, #11456, #7042, .T. ) ;
#7204 = EDGE_LOOP ( 'NONE', ( #3056, #8313, #2459, #8939, #7371, #806, #4335, #7511, #9028 ) ) ;
#7205 = DIRECTION ( 'NONE',  ( 0.7071067811865574537, 2.411985684945176495E-16, 0.7071067811865375807 ) ) ;
#7206 = CARTESIAN_POINT ( 'NONE',  ( 61.77182623085140278, 61.77133730440197468, 10.40000000000000213 ) ) ;
#7207 = FACE_OUTER_BOUND ( 'NONE', #10149, .T. ) ;
#7208 = ORIENTED_EDGE ( 'NONE', *, *, #11075, .F. ) ;
#7209 = ORIENTED_EDGE ( 'NONE', *, *, #3072, .F. ) ;
#7210 = AXIS2_PLACEMENT_3D ( 'NONE', #4552, #7022, #5982 ) ;
#7211 = CARTESIAN_POINT ( 'NONE',  ( 20.17116097332604951, -4.192077597143913259, 8.800000000000000711 ) ) ;
#7212 = DIRECTION ( 'NONE',  ( 1.000000000000000000, 0.000000000000000000, 0.000000000000000000 ) ) ;
#7213 = ORIENTED_EDGE ( 'NONE', *, *, #6057, .T. ) ;
#7214 = DIRECTION ( 'NONE',  ( -0.7071067811865482389, 0.000000000000000000, -0.7071067811865469066 ) ) ;
#7215 = ORIENTED_EDGE ( 'NONE', *, *, #5545, .T. ) ;
#7216 = DIRECTION ( 'NONE',  ( 0.7071067811865574537, 7.960706166826048604E-17, 0.7071067811865375807 ) ) ;
#7217 = CARTESIAN_POINT ( 'NONE',  ( 174.7485405866029851, 97.45949380390098327, 8.800000000000000711 ) ) ;
#7218 = CARTESIAN_POINT ( 'NONE',  ( 173.2784538548301612, 54.48122417702511200, 8.800000000000000711 ) ) ;
#7219 = ORIENTED_EDGE ( 'NONE', *, *, #5829, .T. ) ;
#7220 = EDGE_CURVE ( 'NONE', #1570, #10873, #6074, .T. ) ;
#7221 = DIRECTION ( 'NONE',  ( -0.000000000000000000, 0.000000000000000000, 1.000000000000000000 ) ) ;
#7222 = DIRECTION ( 'NONE',  ( 1.000000000000000000, 0.000000000000000000, 0.000000000000000000 ) ) ;
#7223 = FACE_OUTER_BOUND ( 'NONE', #9193, .T. ) ;
#7224 = EDGE_LOOP ( 'NONE', ( #4088, #10923, #3130, #2761 ) ) ;
#7225 = CARTESIAN_POINT ( 'NONE',  ( 81.00482823265210186, 129.5324077978120840, 10.40000000000000213 ) ) ;
#7226 = DIRECTION ( 'NONE',  ( 1.000000000000000000, 0.000000000000000000, 0.000000000000000000 ) ) ;
#7227 = ORIENTED_EDGE ( 'NONE', *, *, #440, .F. ) ;
#7228 = VECTOR ( 'NONE', #12840, 1000.000000000000000 ) ;
#7229 = VERTEX_POINT ( 'NONE', #911 ) ;
#7230 = CARTESIAN_POINT ( 'NONE',  ( 17.00000000000000000, -7.389999999999980140, 10.00000000000000000 ) ) ;
#7231 = EDGE_CURVE ( 'NONE', #580, #4024, #6460, .T. ) ;
#7232 = ORIENTED_EDGE ( 'NONE', *, *, #3345, .T. ) ;
#7233 = DIRECTION ( 'NONE',  ( -1.000000000000000000, 0.000000000000000000, 0.000000000000000000 ) ) ;
#7234 = ADVANCED_FACE ( 'NONE', ( #11759 ), #12521, .F. ) ;
#7235 = DIRECTION ( 'NONE',  ( 0.000000000000000000, 0.000000000000000000, -1.000000000000000000 ) ) ;
#7236 = AXIS2_PLACEMENT_3D ( 'NONE', #5719, #9914, #565 ) ;
#7237 = ORIENTED_EDGE ( 'NONE', *, *, #7975, .T. ) ;
#7238 = DIRECTION ( 'NONE',  ( -0.000000000000000000, -0.000000000000000000, -1.000000000000000000 ) ) ;
#7239 = DIRECTION ( 'NONE',  ( 1.000000000000000000, 0.000000000000000000, 0.000000000000000000 ) ) ;
#7240 = LINE ( 'NONE', #3218, #2271 ) ;
#7241 = FACE_BOUND ( 'NONE', #3247, .T. ) ;
#7242 = VERTEX_POINT ( 'NONE', #3290 ) ;
#7243 = DIRECTION ( 'NONE',  ( -0.000000000000000000, -0.000000000000000000, -1.000000000000000000 ) ) ;
#7244 = EDGE_LOOP ( 'NONE', ( #7135, #11151, #11, #10862 ) ) ;
#7245 = CIRCLE ( 'NONE', #1577, 1.900000000000012790 ) ;
#7246 = EDGE_CURVE ( 'NONE', #7130, #1319, #3015, .T. ) ;
#7247 = ORIENTED_EDGE ( 'NONE', *, *, #1008, .T. ) ;
#7248 = LINE ( 'NONE', #3898, #12834 ) ;
#7249 = ADVANCED_FACE ( 'NONE', ( #7390 ), #7448, .F. ) ;
#7250 = CARTESIAN_POINT ( 'NONE',  ( 43.56986110246234034, 7.599777367365621039, 8.800000000000000711 ) ) ;
#7251 = EDGE_CURVE ( 'NONE', #2986, #8123, #9909, .T. ) ;
#7252 = ORIENTED_EDGE ( 'NONE', *, *, #12920, .F. ) ;
#7253 = PLANE ( 'NONE',  #11454 ) ;
#7254 = FACE_OUTER_BOUND ( 'NONE', #5730, .T. ) ;
#7255 = ORIENTED_EDGE ( 'NONE', *, *, #9104, .F. ) ;
#7256 = DIRECTION ( 'NONE',  ( -1.801302180350780072E-16, 1.000000000000000000, -0.000000000000000000 ) ) ;
#7257 = ORIENTED_EDGE ( 'NONE', *, *, #3001, .T. ) ;
#7258 = EDGE_CURVE ( 'NONE', #9785, #2806, #7584, .T. ) ;
#7259 = ORIENTED_EDGE ( 'NONE', *, *, #4749, .F. ) ;
#7260 = EDGE_CURVE ( 'NONE', #3686, #11416, #10858, .T. ) ;
#7261 = DIRECTION ( 'NONE',  ( 1.000000000000000000, 0.000000000000000000, 0.000000000000000000 ) ) ;
#7262 = VECTOR ( 'NONE', #185, 1000.000000000000000 ) ;
#7263 = CARTESIAN_POINT ( 'NONE',  ( 170.9627247140764723, 133.7887398999099275, 8.800000000000000711 ) ) ;
#7264 = CARTESIAN_POINT ( 'NONE',  ( 172.4876398314652590, 17.14497833867034871, 10.00000000000000000 ) ) ;
#7265 = CARTESIAN_POINT ( 'NONE',  ( 174.7485405866029851, 19.82081807526519057, 10.00000000000000000 ) ) ;
#7266 = EDGE_LOOP ( 'NONE', ( #11908, #13280, #7545, #9816 ) ) ;
#7267 = ORIENTED_EDGE ( 'NONE', *, *, #4572, .T. ) ;
#7268 = DIRECTION ( 'NONE',  ( 0.000000000000000000, 0.000000000000000000, -1.000000000000000000 ) ) ;
#7269 = CARTESIAN_POINT ( 'NONE',  ( 41.89847560493171841, 83.05906438913005729, 8.800000000000000711 ) ) ;
#7270 = FACE_OUTER_BOUND ( 'NONE', #9283, .T. ) ;
#7271 = VECTOR ( 'NONE', #5817, 1000.000000000000000 ) ;
#7272 = CIRCLE ( 'NONE', #10972, 1.900000000000012790 ) ;
#7273 = CARTESIAN_POINT ( 'NONE',  ( 174.7379805785753035, 126.1960381709627512, 8.800000000000000711 ) ) ;
#7274 = ORIENTED_EDGE ( 'NONE', *, *, #11609, .F. ) ;
#7275 = CARTESIAN_POINT ( 'NONE',  ( 44.40188494886661630, 86.00859212133335063, 10.00000000000000000 ) ) ;
#7276 = CARTESIAN_POINT ( 'NONE',  ( 45.11403200266500590, 128.8636569258251825, 0.000000000000000000 ) ) ;
#7277 = ORIENTED_EDGE ( 'NONE', *, *, #2526, .T. ) ;
#7278 = CARTESIAN_POINT ( 'NONE',  ( 204.1000000000003638, -7.390000000000312319, 7.000000000000000000 ) ) ;
#7279 = VERTEX_POINT ( 'NONE', #3629 ) ;
#7280 = EDGE_CURVE ( 'NONE', #12938, #7529, #5524, .T. ) ;
#7281 = AXIS2_PLACEMENT_3D ( 'NONE', #8082, #9045, #7182 ) ;
#7282 = DIRECTION ( 'NONE',  ( -0.000000000000000000, -0.7071067811865401342, 0.7071067811865549002 ) ) ;
#7283 = VECTOR ( 'NONE', #11259, 1000.000000000000000 ) ;
#7284 = VECTOR ( 'NONE', #8909, 1000.000000000000000 ) ;
#7285 = DIRECTION ( 'NONE',  ( -0.000000000000000000, 0.000000000000000000, 1.000000000000000000 ) ) ;
#7286 = ORIENTED_EDGE ( 'NONE', *, *, #754, .T. ) ;
#7287 = CARTESIAN_POINT ( 'NONE',  ( 174.5673879116660885, 87.21061876881715591, 8.800000000000000711 ) ) ;
#7288 = AXIS2_PLACEMENT_3D ( 'NONE', #13473, #3821, #5111 ) ;
#7289 = AXIS2_PLACEMENT_3D ( 'NONE', #10156, #2860, #12153 ) ;
#7290 = DIRECTION ( 'NONE',  ( 1.000000000000000000, 0.000000000000000000, 0.000000000000000000 ) ) ;
#7291 = VERTEX_POINT ( 'NONE', #4639 ) ;
#7292 = DIRECTION ( 'NONE',  ( -1.000000000000000000, 0.000000000000000000, 0.000000000000000000 ) ) ;
#7293 = DIRECTION ( 'NONE',  ( -0.000000000000000000, 0.000000000000000000, 1.000000000000000000 ) ) ;
#7294 = VECTOR ( 'NONE', #11709, 1000.000000000000000 ) ;
#7295 = DIRECTION ( 'NONE',  ( -0.000000000000000000, -0.000000000000000000, -1.000000000000000000 ) ) ;
#7296 = VERTEX_POINT ( 'NONE', #6692 ) ;
#7297 = CIRCLE ( 'NONE', #11850, 1.750000000000001554 ) ;
#7298 = DIRECTION ( 'NONE',  ( 1.000000000000000000, 0.000000000000000000, 0.000000000000000000 ) ) ;
#7299 = EDGE_CURVE ( 'NONE', #10288, #4703, #12876, .T. ) ;
#7300 = VERTEX_POINT ( 'NONE', #8834 ) ;
#7301 = DIRECTION ( 'NONE',  ( -0.000000000000000000, 0.000000000000000000, 1.000000000000000000 ) ) ;
#7302 = CIRCLE ( 'NONE', #3367, 1.750000000000029310 ) ;
#7303 = CIRCLE ( 'NONE', #2281, 1.900000000000012790 ) ;
#7304 = CYLINDRICAL_SURFACE ( 'NONE', #10226, 8.649999999999963052 ) ;
#7305 = VERTEX_POINT ( 'NONE', #10940 ) ;
#7306 = CARTESIAN_POINT ( 'NONE',  ( -5.981873780926873607, 28.60989453229144175, -28.98825623717580058 ) ) ;
#7307 = LINE ( 'NONE', #11347, #7762 ) ;
#7308 = LINE ( 'NONE', #9570, #8600 ) ;
#7309 = EDGE_CURVE ( 'NONE', #11026, #1094, #7807, .T. ) ;
#7310 = AXIS2_PLACEMENT_3D ( 'NONE', #9269, #9465, #13441 ) ;
#7311 = FACE_OUTER_BOUND ( 'NONE', #2976, .T. ) ;
#7312 = CARTESIAN_POINT ( 'NONE',  ( 43.60307384372646311, 46.43688318540043980, 10.00000000000000000 ) ) ;
#7313 = ORIENTED_EDGE ( 'NONE', *, *, #1500, .T. ) ;
#7314 = FACE_BOUND ( 'NONE', #8892, .T. ) ;
#7315 = EDGE_CURVE ( 'NONE', #4784, #2811, #7531, .T. ) ;
#7316 = AXIS2_PLACEMENT_3D ( 'NONE', #9531, #10409, #11571 ) ;
#7317 = ORIENTED_EDGE ( 'NONE', *, *, #6295, .T. ) ;
#7318 = EDGE_LOOP ( 'NONE', ( #13357, #12934, #5401, #6342 ) ) ;
#7319 = CARTESIAN_POINT ( 'NONE',  ( 43.59809730523228666, 15.90250083030536921, 10.00000000000000000 ) ) ;
#7320 = CIRCLE ( 'NONE', #3818, 1.900000000000012790 ) ;
#7321 = CARTESIAN_POINT ( 'NONE',  ( 42.86730598147647697, 53.15839306104777506, 8.800000000000000711 ) ) ;
#7322 = ORIENTED_EDGE ( 'NONE', *, *, #5126, .F. ) ;
#7323 = CARTESIAN_POINT ( 'NONE',  ( 17.00000000000004619, -7.390000000000535252, 1.500000000000000444 ) ) ;
#7324 = CARTESIAN_POINT ( 'NONE',  ( 123.1383251953236027, 137.2223487795121173, 10.00000000000000000 ) ) ;
#7325 = CARTESIAN_POINT ( 'NONE',  ( 12.50000000000050093, 28.61000000000003851, 0.000000000000000000 ) ) ;
#7326 = ADVANCED_FACE ( 'NONE', ( #4505 ), #499, .F. ) ;
#7327 = ORIENTED_EDGE ( 'NONE', *, *, #12478, .T. ) ;
#7328 = DIRECTION ( 'NONE',  ( 1.000000000000000000, 0.000000000000000000, 0.000000000000000000 ) ) ;
#7329 = EDGE_CURVE ( 'NONE', #9673, #11062, #12805, .T. ) ;
#7331 = ADVANCED_FACE ( 'NONE', ( #11988 ), #2553, .F. ) ;
#7330 = AXIS2_PLACEMENT_3D ( 'NONE', #11958, #2601, #6735 ) ;
#7332 = ORIENTED_EDGE ( 'NONE', *, *, #12942, .F. ) ;
#7333 = VERTEX_POINT ( 'NONE', #9591 ) ;
#7334 = AXIS2_PLACEMENT_3D ( 'NONE', #10446, #3405, #1104 ) ;
#7335 = DIRECTION ( 'NONE',  ( 1.000000000000000000, 0.000000000000000000, 0.000000000000000000 ) ) ;
#7336 = B_SPLINE_CURVE_WITH_KNOTS ( 'NONE', 3,
 ( #10122, #5999, #9375, #6123, #9, #4018 ),
 .UNSPECIFIED., .F., .F.,
 ( 4, 2, 4 ),
 ( 0.000000000000000000, 0.001201479159603605594, 0.002402958319207211188 ),
 .UNSPECIFIED. ) ;
#7337 = DIRECTION ( 'NONE',  ( -0.000000000000000000, -0.000000000000000000, -1.000000000000000000 ) ) ;
#7338 = LINE ( 'NONE', #5139, #1603 ) ;
#7339 = CARTESIAN_POINT ( 'NONE',  ( 71.53321804218009561, 47.16997947171017103, -42.36205706885548494 ) ) ;
#7340 = ORIENTED_EDGE ( 'NONE', *, *, #6725, .F. ) ;
#7341 = AXIS2_PLACEMENT_3D ( 'NONE', #12904, #330, #9880 ) ;
#7342 = VERTEX_POINT ( 'NONE', #3560 ) ;
#7343 = EDGE_CURVE ( 'NONE', #11261, #6079, #10733, .T. ) ;
#7344 = DIRECTION ( 'NONE',  ( 0.000000000000000000, 0.000000000000000000, -1.000000000000000000 ) ) ;
#7345 = DIRECTION ( 'NONE',  ( 0.000000000000000000, 1.000000000000000000, -0.000000000000000000 ) ) ;
#7346 = CARTESIAN_POINT ( 'NONE',  ( 78.81811639599669661, 142.0078835394621706, 0.000000000000000000 ) ) ;
#7347 = ORIENTED_EDGE ( 'NONE', *, *, #5997, .T. ) ;
#7348 = LINE ( 'NONE', #2156, #7510 ) ;
#7349 = LINE ( 'NONE', #8568, #8870 ) ;
#7350 = VERTEX_POINT ( 'NONE', #1320 ) ;
#7351 = DIRECTION ( 'NONE',  ( -0.000000000000000000, -0.000000000000000000, -1.000000000000000000 ) ) ;
#7352 = ORIENTED_EDGE ( 'NONE', *, *, #1226, .T. ) ;
#7353 = AXIS2_PLACEMENT_3D ( 'NONE', #3767, #6912, #5941 ) ;
#7354 = CARTESIAN_POINT ( 'NONE',  ( 17.17116097332557700, 82.80500000000016314, 0.000000000000000000 ) ) ;
#7355 = AXIS2_PLACEMENT_3D ( 'NONE', #10978, #5772, #9963 ) ;
#7356 = CYLINDRICAL_SURFACE ( 'NONE', #2688, 1.899999999999985034 ) ;
#7357 = ORIENTED_EDGE ( 'NONE', *, *, #554, .T. ) ;
#7358 = CARTESIAN_POINT ( 'NONE',  ( 174.7379805785753035, 126.1960381709627512, 0.000000000000000000 ) ) ;
#7359 = EDGE_CURVE ( 'NONE', #7595, #9469, #1934, .T. ) ;
#7360 = CARTESIAN_POINT ( 'NONE',  ( 127.0962509126547531, 86.03334357308700930, 0.000000000000000000 ) ) ;
#7361 = FACE_OUTER_BOUND ( 'NONE', #5782, .T. ) ;
#7362 = EDGE_CURVE ( 'NONE', #607, #3180, #8477, .T. ) ;
#7363 = VECTOR ( 'NONE', #13083, 1000.000000000000000 ) ;
#7364 = LINE ( 'NONE', #1091, #1630 ) ;
#7365 = ORIENTED_EDGE ( 'NONE', *, *, #2235, .F. ) ;
#7366 = AXIS2_PLACEMENT_3D ( 'NONE', #7587, #11615, #3483 ) ;
#7367 = CARTESIAN_POINT ( 'NONE',  ( 164.0836472406292046, 113.0584177718505430, 9.400000000000003908 ) ) ;
#7368 = CARTESIAN_POINT ( 'NONE',  ( 44.39053783194328417, 54.01994092955160198, 0.000000000000000000 ) ) ;
#7369 = CARTESIAN_POINT ( 'NONE',  ( 53.46203832122825617, 32.55158222814958435, 9.400000000000028777 ) ) ;
#7370 = ORIENTED_EDGE ( 'NONE', *, *, #3054, .T. ) ;
#7371 = ORIENTED_EDGE ( 'NONE', *, *, #4542, .F. ) ;
#7372 = ORIENTED_EDGE ( 'NONE', *, *, #7246, .F. ) ;
#7373 = LINE ( 'NONE', #59, #2036 ) ;
#7374 = CIRCLE ( 'NONE', #1487, 1.750000000000001554 ) ;
#7375 = CIRCLE ( 'NONE', #12191, 8.649999999999963052 ) ;
#7376 = VECTOR ( 'NONE', #13164, 1000.000000000000114 ) ;
#7377 = LINE ( 'NONE', #13334, #2594 ) ;
#7378 = VERTEX_POINT ( 'NONE', #8701 ) ;
#7379 = ADVANCED_FACE ( 'NONE', ( #2480 ), #5598, .F. ) ;
#7380 = DIRECTION ( 'NONE',  ( -0.7071067811865479058, -2.411985684945143954E-16, -0.7071067811865470176 ) ) ;
#7381 = CARTESIAN_POINT ( 'NONE',  ( 122.9267149358793034, 20.09410048508981816, 0.000000000000000000 ) ) ;
#7382 = DIRECTION ( 'NONE',  ( -0.000000000000000000, -0.000000000000000000, -1.000000000000000000 ) ) ;
#7383 = AXIS2_PLACEMENT_3D ( 'NONE', #3379, #10749, #8849 ) ;
#7384 = FACE_BOUND ( 'NONE', #7197, .T. ) ;
#7385 = EDGE_LOOP ( 'NONE', ( #950, #11233 ) ) ;
#7386 = FACE_BOUND ( 'NONE', #2465, .T. ) ;
#7387 = AXIS2_PLACEMENT_3D ( 'NONE', #9911, #6885, #6744 ) ;
#7388 = ORIENTED_EDGE ( 'NONE', *, *, #3784, .T. ) ;
#7389 = ORIENTED_EDGE ( 'NONE', *, *, #6476, .F. ) ;
#7390 = FACE_OUTER_BOUND ( 'NONE', #2325, .T. ) ;
#7391 = AXIS2_PLACEMENT_3D ( 'NONE', #10805, #2344, #9853 ) ;
#7392 = CYLINDRICAL_SURFACE ( 'NONE', #3422, 1.899999999999999023 ) ;
#7393 = ORIENTED_EDGE ( 'NONE', *, *, #7866, .T. ) ;
#7394 = EDGE_CURVE ( 'NONE', #1318, #9498, #1385, .T. ) ;
#7395 = DIRECTION ( 'NONE',  ( 0.7071067811865470176, 0.7071067811865480168, 0.000000000000000000 ) ) ;
#7396 = CARTESIAN_POINT ( 'NONE',  ( 26.21972151557596575, -26.21972151557592667, 10.40000000000000213 ) ) ;
#7397 = EDGE_LOOP ( 'NONE', ( #8293, #5957, #9919, #10174, #12232, #6059, #12427, #12503 ) ) ;
#7398 = DIRECTION ( 'NONE',  ( 1.000000000000000000, 0.000000000000000000, 0.000000000000000000 ) ) ;
#7399 = ORIENTED_EDGE ( 'NONE', *, *, #483, .T. ) ;
#7400 = ORIENTED_EDGE ( 'NONE', *, *, #7887, .T. ) ;
#7401 = FACE_OUTER_BOUND ( 'NONE', #4352, .T. ) ;
#7402 = ADVANCED_FACE ( 'NONE', ( #368 ), #9792, .F. ) ;
#7403 = CARTESIAN_POINT ( 'NONE',  ( 191.9588390266749514, 85.90966637033203313, 9.400000000000000355 ) ) ;
#7404 = EDGE_LOOP ( 'NONE', ( #4146, #3043, #2164, #5239 ) ) ;
#7405 = ADVANCED_FACE ( 'NONE', ( #4569 ), #12274, .F. ) ;
#7406 = ORIENTED_EDGE ( 'NONE', *, *, #9445, .F. ) ;
#7407 = DIRECTION ( 'NONE',  ( -1.000000000000000000, 0.000000000000000000, 0.000000000000000000 ) ) ;
#7408 = DIRECTION ( 'NONE',  ( -0.000000000000000000, 0.000000000000000000, 1.000000000000000000 ) ) ;
#7409 = DIRECTION ( 'NONE',  ( -0.000000000000000000, 0.000000000000000000, 1.000000000000000000 ) ) ;
#7410 = EDGE_LOOP ( 'NONE', ( #3356, #2282, #296, #9706 ) ) ;
#7411 = DIRECTION ( 'NONE',  ( 0.000000000000000000, 0.000000000000000000, -1.000000000000000000 ) ) ;
#7412 = CARTESIAN_POINT ( 'NONE',  ( 78.81811639599669661, 142.0078835394621706, 8.800000000000000711 ) ) ;
#7413 = ORIENTED_EDGE ( 'NONE', *, *, #9998, .F. ) ;
#7414 = AXIS2_PLACEMENT_3D ( 'NONE', #2617, #2474, #2339 ) ;
#7415 = CARTESIAN_POINT ( 'NONE',  ( 200.5000000000004547, 160.0000000000004547, 10.00000000000000000 ) ) ;
#7416 = ORIENTED_EDGE ( 'NONE', *, *, #1112, .T. ) ;
#7417 = CARTESIAN_POINT ( 'NONE',  ( 20.17116097332603175, 149.8940936094211054, 8.800000000000000711 ) ) ;
#7418 = EDGE_CURVE ( 'NONE', #8024, #2765, #4745, .T. ) ;
#7419 = CARTESIAN_POINT ( 'NONE',  ( 172.4876398314652590, 51.05117720286586547, 10.00000000000000000 ) ) ;
#7420 = ORIENTED_EDGE ( 'NONE', *, *, #2882, .T. ) ;
#7421 = EDGE_CURVE ( 'NONE', #13133, #8669, #8987, .T. ) ;
#7422 = CIRCLE ( 'NONE', #1541, 1.900000000000012790 ) ;
#7423 = CARTESIAN_POINT ( 'NONE',  ( 170.7376398314652590, 89.87628193518300179, 8.800000000000000711 ) ) ;
#7424 = DIRECTION ( 'NONE',  ( -0.000000000000000000, -0.000000000000000000, 1.000000000000000000 ) ) ;
#7425 = CARTESIAN_POINT ( 'NONE',  ( 174.5379805785753149, 9.540354232463158723, 8.800000000000000711 ) ) ;
#7426 = ORIENTED_EDGE ( 'NONE', *, *, #12294, .F. ) ;
#7427 = DIRECTION ( 'NONE',  ( -0.000000000000000000, -0.000000000000000000, -1.000000000000000000 ) ) ;
#7428 = CARTESIAN_POINT ( 'NONE',  ( 92.55321194845042498, 86.83428515614535570, 8.800000000000000711 ) ) ;
#7429 = EDGE_LOOP ( 'NONE', ( #10737, #4355, #10027, #11651 ) ) ;
#7430 = CARTESIAN_POINT ( 'NONE',  ( 78.81811639599669661, 63.83441197029006275, 10.00000000000000000 ) ) ;
#7431 = DIRECTION ( 'NONE',  ( -0.000000000000000000, -0.000000000000000000, -1.000000000000000000 ) ) ;
#7432 = EDGE_CURVE ( 'NONE', #3811, #3315, #630, .T. ) ;
#7433 = CARTESIAN_POINT ( 'NONE',  ( 42.85258495182370098, 9.196027637130681498, 10.00000000000000000 ) ) ;
#7434 = EDGE_CURVE ( 'NONE', #277, #8749, #13430, .T. ) ;
#7435 = ORIENTED_EDGE ( 'NONE', *, *, #659, .T. ) ;
#7436 = AXIS2_PLACEMENT_3D ( 'NONE', #13048, #1497, #4599 ) ;
#7437 = DIRECTION ( 'NONE',  ( -1.000000000000000000, 0.000000000000000000, 0.000000000000000000 ) ) ;
#7438 = DIRECTION ( 'NONE',  ( -0.000000000000000000, -0.000000000000000000, -1.000000000000000000 ) ) ;
#7439 = CARTESIAN_POINT ( 'NONE',  ( 89.65482823265205070, 129.5324077978120840, 10.40000000000000213 ) ) ;
#7440 = CARTESIAN_POINT ( 'NONE',  ( 92.55321194845042498, 86.83428515614535570, 10.00000000000000000 ) ) ;
#7441 = CYLINDRICAL_SURFACE ( 'NONE', #9261, 1.750000000000029310 ) ;
#7442 = VERTEX_POINT ( 'NONE', #11628 ) ;
#7443 = FACE_BOUND ( 'NONE', #9558, .T. ) ;
#7444 = ORIENTED_EDGE ( 'NONE', *, *, #12525, .T. ) ;
#7445 = ORIENTED_EDGE ( 'NONE', *, *, #7667, .T. ) ;
#7446 = EDGE_CURVE ( 'NONE', #12535, #5116, #6939, .T. ) ;
#7447 = AXIS2_PLACEMENT_3D ( 'NONE', #11071, #7998, #1722 ) ;
#7448 = CYLINDRICAL_SURFACE ( 'NONE', #4727, 1.750000000000001554 ) ;
#7449 = ORIENTED_EDGE ( 'NONE', *, *, #12525, .F. ) ;
#7450 = DIRECTION ( 'NONE',  ( -0.000000000000000000, 0.000000000000000000, 1.000000000000000000 ) ) ;
#7451 = FACE_OUTER_BOUND ( 'NONE', #5185, .T. ) ;
#7452 = ORIENTED_EDGE ( 'NONE', *, *, #2149, .T. ) ;
#7453 = VECTOR ( 'NONE', #323, 1000.000000000000000 ) ;
#7454 = EDGE_LOOP ( 'NONE', ( #12825, #10784, #10947, #11898 ) ) ;
#7455 = DIRECTION ( 'NONE',  ( -0.000000000000000000, 0.000000000000000000, 1.000000000000000000 ) ) ;
#7456 = ORIENTED_EDGE ( 'NONE', *, *, #9767, .T. ) ;
#7457 = EDGE_LOOP ( 'NONE', ( #12887, #9248 ) ) ;
#7458 = ADVANCED_FACE ( 'NONE', ( #3241 ), #10597, .F. ) ;
#7459 = DIRECTION ( 'NONE',  ( -0.000000000000000000, 0.000000000000000000, 1.000000000000000000 ) ) ;
#7460 = VECTOR ( 'NONE', #11845, 1000.000000000000000 ) ;
#7461 = DIRECTION ( 'NONE',  ( -0.000000000000000000, -0.000000000000000000, -1.000000000000000000 ) ) ;
#7462 = ORIENTED_EDGE ( 'NONE', *, *, #4462, .F. ) ;
#7463 = ORIENTED_EDGE ( 'NONE', *, *, #6508, .T. ) ;
#7464 = FACE_OUTER_BOUND ( 'NONE', #11287, .T. ) ;
#7465 = DIRECTION ( 'NONE',  ( 0.000000000000000000, -1.000000000000000000, 0.000000000000000000 ) ) ;
#7466 = DIRECTION ( 'NONE',  ( 1.000000000000000000, 0.000000000000000000, 0.000000000000000000 ) ) ;
#7467 = ORIENTED_EDGE ( 'NONE', *, *, #7485, .F. ) ;
#7468 = ADVANCED_FACE ( 'NONE', ( #2276 ), #2006, .F. ) ;
#7469 = DIRECTION ( 'NONE',  ( 1.000000000000000000, 0.000000000000000000, 0.000000000000000000 ) ) ;
#7470 = DIRECTION ( 'NONE',  ( -0.000000000000000000, -0.000000000000000000, -1.000000000000000000 ) ) ;
#7471 = ORIENTED_EDGE ( 'NONE', *, *, #3123, .T. ) ;
#7472 = AXIS2_PLACEMENT_3D ( 'NONE', #6428, #9411, #8311 ) ;
#7473 = DIRECTION ( 'NONE',  ( 1.000000000000000000, 0.000000000000000000, 0.000000000000000000 ) ) ;
#7474 = EDGE_LOOP ( 'NONE', ( #4414, #7886 ) ) ;
#7475 = EDGE_CURVE ( 'NONE', #10494, #708, #9255, .T. ) ;
#7476 = EDGE_CURVE ( 'NONE', #2739, #11400, #8264, .T. ) ;
#7477 = DIRECTION ( 'NONE',  ( -1.000000000000000000, 0.000000000000000000, 0.000000000000000000 ) ) ;
#7478 = ORIENTED_EDGE ( 'NONE', *, *, #9175, .F. ) ;
#7479 = CARTESIAN_POINT ( 'NONE',  ( 20.17116097332604951, -4.192077597143913259, 8.800000000000000711 ) ) ;
#7480 = CIRCLE ( 'NONE', #13181, 8.649999999999948841 ) ;
#7481 = CARTESIAN_POINT ( 'NONE',  ( 78.81811639599669661, 63.83441197029006275, 8.800000000000000711 ) ) ;
#7482 = LINE ( 'NONE', #2438, #490 ) ;
#7483 = CARTESIAN_POINT ( 'NONE',  ( 197.3288390266748991, 79.80500000000019156, -55.14129099142832047 ) ) ;
#7484 = ORIENTED_EDGE ( 'NONE', *, *, #12844, .T. ) ;
#7485 = EDGE_CURVE ( 'NONE', #12196, #2907, #12205, .T. ) ;
#7486 = DIRECTION ( 'NONE',  ( 1.000000000000000000, 0.000000000000000000, 0.000000000000000000 ) ) ;
#7487 = DIRECTION ( 'NONE',  ( -1.801302180350779826E-16, 1.000000000000000000, 0.000000000000000000 ) ) ;
#7488 = ORIENTED_EDGE ( 'NONE', *, *, #12277, .T. ) ;
#7489 = DIRECTION ( 'NONE',  ( -0.000000000000000000, -0.000000000000000000, -1.000000000000000000 ) ) ;
#7490 = CARTESIAN_POINT ( 'NONE',  ( 25.34116097332609385, 82.80500000000016314, 4.400000000000001243 ) ) ;
#7491 = EDGE_CURVE ( 'NONE', #6114, #8226, #9393, .T. ) ;
#7492 = CIRCLE ( 'NONE', #8376, 2.700000000000002842 ) ;
#7493 = EDGE_CURVE ( 'NONE', #2174, #1824, #878, .T. ) ;
#7494 = VECTOR ( 'NONE', #12824, 1000.000000000000000 ) ;
#7495 = DIRECTION ( 'NONE',  ( -0.000000000000000000, -0.000000000000000000, -1.000000000000000000 ) ) ;
#7496 = VECTOR ( 'NONE', #6451, 1000.000000000000000 ) ;
#7497 = AXIS2_PLACEMENT_3D ( 'NONE', #9954, #12903, #9670 ) ;
#7498 = VERTEX_POINT ( 'NONE', #8428 ) ;
#7499 = AXIS2_PLACEMENT_3D ( 'NONE', #9501, #5182, #6256 ) ;
#7500 = CIRCLE ( 'NONE', #1612, 1.900000000000012790 ) ;
#7501 = CARTESIAN_POINT ( 'NONE',  ( 80.71811639599671651, 24.99111346065453176, 10.00000000000000000 ) ) ;
#7502 = DIRECTION ( 'NONE',  ( 0.7071067811865479058, -0.000000000000000000, 0.7071067811865470176 ) ) ;
#7503 = DIRECTION ( 'NONE',  ( 0.000000000000000000, -1.000000000000000000, 0.000000000000000000 ) ) ;
#7504 = EDGE_CURVE ( 'NONE', #1618, #13295, #8717, .T. ) ;
#7505 = ADVANCED_FACE ( 'NONE', ( #7401 ), #4039, .F. ) ;
#7506 = FACE_BOUND ( 'NONE', #11781, .T. ) ;
#7507 = ORIENTED_EDGE ( 'NONE', *, *, #11257, .F. ) ;
#7508 = CIRCLE ( 'NONE', #10785, 1.750000000000001554 ) ;
#7509 = ORIENTED_EDGE ( 'NONE', *, *, #516, .T. ) ;
#7510 = VECTOR ( 'NONE', #1134, 1000.000000000000000 ) ;
#7511 = ORIENTED_EDGE ( 'NONE', *, *, #2999, .F. ) ;
#7512 = DIRECTION ( 'NONE',  ( -1.000000000000000000, 0.000000000000000000, 0.000000000000000000 ) ) ;
#7513 = DIRECTION ( 'NONE',  ( 1.000000000000000000, 0.000000000000000000, 0.000000000000000000 ) ) ;
#7514 = AXIS2_PLACEMENT_3D ( 'NONE', #581, #1667, #3501 ) ;
#7515 = DIRECTION ( 'NONE',  ( -0.000000000000000000, 0.000000000000000000, 1.000000000000000000 ) ) ;
#7516 = DIRECTION ( 'NONE',  ( 1.000000000000000000, 0.000000000000000000, 0.000000000000000000 ) ) ;
#7517 = EDGE_LOOP ( 'NONE', ( #8725, #1733 ) ) ;
#7518 = VECTOR ( 'NONE', #5746, 1000.000000000000000 ) ;
#7519 = DIRECTION ( 'NONE',  ( -0.000000000000000000, -0.000000000000000000, -1.000000000000000000 ) ) ;
#7520 = CARTESIAN_POINT ( 'NONE',  ( 164.1148687235520072, 35.44184017470649195, 9.400000000000005684 ) ) ;
#7521 = EDGE_CURVE ( 'NONE', #8443, #9190, #5420, .T. ) ;
#7522 = ADVANCED_FACE ( 'NONE', ( #2142 ), #10464, .F. ) ;
#7523 = AXIS2_PLACEMENT_3D ( 'NONE', #4366, #442, #2819 ) ;
#7524 = ORIENTED_EDGE ( 'NONE', *, *, #5780, .T. ) ;
#7525 = EDGE_LOOP ( 'NONE', ( #8409, #11176 ) ) ;
#7526 = DIRECTION ( 'NONE',  ( 1.000000000000000000, 0.000000000000000000, 0.000000000000000000 ) ) ;
#7527 = LINE ( 'NONE', #3553, #9759 ) ;
#7528 = ORIENTED_EDGE ( 'NONE', *, *, #4233, .T. ) ;
#7529 = VERTEX_POINT ( 'NONE', #9329 ) ;
#7530 = AXIS2_PLACEMENT_3D ( 'NONE', #2680, #6419, #7925 ) ;
#7531 = LINE ( 'NONE', #11703, #3671 ) ;
#7532 = DIRECTION ( 'NONE',  ( 1.000000000000000000, 0.000000000000000000, 0.000000000000000000 ) ) ;
#7533 = ORIENTED_EDGE ( 'NONE', *, *, #8674, .F. ) ;
#7534 = EDGE_LOOP ( 'NONE', ( #8079, #8686 ) ) ;
#7535 = LINE ( 'NONE', #3372, #7294 ) ;
#7536 = DIRECTION ( 'NONE',  ( -1.000000000000000000, 0.000000000000000000, 0.000000000000000000 ) ) ;
#7537 = DIRECTION ( 'NONE',  ( -0.000000000000000000, 0.000000000000000000, 1.000000000000000000 ) ) ;
#7538 = EDGE_CURVE ( 'NONE', #233, #3522, #7844, .T. ) ;
#7539 = AXIS2_PLACEMENT_3D ( 'NONE', #3473, #10237, #11335 ) ;
#7540 = CARTESIAN_POINT ( 'NONE',  ( 45.11403200266500590, 128.8636569258251825, 10.00000000000000000 ) ) ;
#7541 = ORIENTED_EDGE ( 'NONE', *, *, #10839, .T. ) ;
#7542 = CARTESIAN_POINT ( 'NONE',  ( 92.40672948317448743, 20.93033631178033005, 10.00000000000000000 ) ) ;
#7543 = VECTOR ( 'NONE', #6514, 1000.000000000000000 ) ;
#7544 = LINE ( 'NONE', #5536, #592 ) ;
#7545 = ORIENTED_EDGE ( 'NONE', *, *, #8925, .T. ) ;
#7546 = DIRECTION ( 'NONE',  ( 0.000000000000000000, -0.000000000000000000, -1.000000000000000000 ) ) ;
#7547 = ORIENTED_EDGE ( 'NONE', *, *, #10125, .T. ) ;
#7548 = CARTESIAN_POINT ( 'NONE',  ( 175.7744061206055335, 47.10137757176002538, 10.40000000000000213 ) ) ;
#7549 = AXIS2_PLACEMENT_3D ( 'NONE', #8938, #7766, #12973 ) ;
#7550 = CARTESIAN_POINT ( 'NONE',  ( 44.60258495182370098, 9.196027637130681498, 8.800000000000000711 ) ) ;
#7551 = ORIENTED_EDGE ( 'NONE', *, *, #3013, .F. ) ;
#7552 = AXIS2_PLACEMENT_3D ( 'NONE', #12990, #618, #3606 ) ;
#7553 = DIRECTION ( 'NONE',  ( -1.000000000000000000, 0.000000000000000000, 0.000000000000000000 ) ) ;
#7554 = DIRECTION ( 'NONE',  ( -1.000000000000000000, 0.000000000000000000, 0.000000000000000000 ) ) ;
#7555 = DIRECTION ( 'NONE',  ( 1.000000000000000000, 0.000000000000000000, 0.000000000000000000 ) ) ;
#7556 = ADVANCED_FACE ( 'NONE', ( #11564 ), #160, .F. ) ;
#7557 = CARTESIAN_POINT ( 'NONE',  ( 187.0936175437515487, 83.05906438913014256, 7.400000000000003908 ) ) ;
#7558 = VERTEX_POINT ( 'NONE', #6338 ) ;
#7559 = ORIENTED_EDGE ( 'NONE', *, *, #9837, .T. ) ;
#7560 = PLANE ( 'NONE',  #11648 ) ;
#7561 = CIRCLE ( 'NONE', #7789, 1.750000000000001554 ) ;
#7562 = DIRECTION ( 'NONE',  ( -1.000000000000000000, -0.000000000000000000, -0.000000000000000000 ) ) ;
#7563 = EDGE_LOOP ( 'NONE', ( #3682, #9076, #774, #5083 ) ) ;
#7564 = DIRECTION ( 'NONE',  ( -0.000000000000000000, 0.000000000000000000, 1.000000000000000000 ) ) ;
#7565 = CARTESIAN_POINT ( 'NONE',  ( 173.8082065792008279, 95.98359680393012638, 8.800000000000000711 ) ) ;
#7566 = AXIS2_PLACEMENT_3D ( 'NONE', #7287, #9287, #3199 ) ;
#7567 = DIRECTION ( 'NONE',  ( -0.000000000000000000, -0.000000000000000000, -1.000000000000000000 ) ) ;
#7568 = DIRECTION ( 'NONE',  ( -0.000000000000000000, 0.000000000000000000, 1.000000000000000000 ) ) ;
#7569 = ADVANCED_FACE ( 'NONE', ( #11370 ), #10528, .F. ) ;
#7570 = AXIS2_PLACEMENT_3D ( 'NONE', #8292, #6207, #10396 ) ;
#7571 = VECTOR ( 'NONE', #2, 999.9999999999998863 ) ;
#7572 = ORIENTED_EDGE ( 'NONE', *, *, #1344, .F. ) ;
#7573 = B_SPLINE_CURVE_WITH_KNOTS ( 'NONE', 3,
 ( #8799, #12981, #11852, #1869, #6969, #10127 ),
 .UNSPECIFIED., .F., .F.,
 ( 4, 2, 4 ),
 ( 0.002402958319207306598, 0.003600523143040861278, 0.004798087966874415959 ),
 .UNSPECIFIED. ) ;
#7574 = VECTOR ( 'NONE', #2645, 1000.000000000000000 ) ;
#7575 = ADVANCED_FACE ( 'NONE', ( #7716 ), #1368, .F. ) ;
#7576 = CARTESIAN_POINT ( 'NONE',  ( 122.9267149358793034, 58.91592920418546697, 10.00000000000000000 ) ) ;
#7577 = FACE_OUTER_BOUND ( 'NONE', #894, .T. ) ;
#7578 = DIRECTION ( 'NONE',  ( 1.000000000000000000, 0.000000000000000000, 0.000000000000000000 ) ) ;
#7579 = FACE_OUTER_BOUND ( 'NONE', #9857, .T. ) ;
#7580 = ORIENTED_EDGE ( 'NONE', *, *, #11791, .T. ) ;
#7581 = FACE_BOUND ( 'NONE', #5679, .T. ) ;
#7582 = AXIS2_PLACEMENT_3D ( 'NONE', #2309, #12458, #1292 ) ;
#7583 = ORIENTED_EDGE ( 'NONE', *, *, #12634, .T. ) ;
#7584 = CIRCLE ( 'NONE', #1705, 1.750000000000001554 ) ;
#7585 = ORIENTED_EDGE ( 'NONE', *, *, #8471, .T. ) ;
#7586 = ADVANCED_FACE ( 'NONE', ( #1678 ), #11739, .F. ) ;
#7587 = CARTESIAN_POINT ( 'NONE',  ( 148.3597551873219231, 128.5517170524556718, 8.800000000000000711 ) ) ;
#7588 = ORIENTED_EDGE ( 'NONE', *, *, #11880, .F. ) ;
#7589 = AXIS2_PLACEMENT_3D ( 'NONE', #4955, #3062, #6161 ) ;
#7590 = ADVANCED_FACE ( 'NONE', ( #11599 ), #335, .T. ) ;
#7591 = LINE ( 'NONE', #10721, #1944 ) ;
#7592 = CARTESIAN_POINT ( 'NONE',  ( 172.4876398314652590, 94.83529219940430721, 0.000000000000000000 ) ) ;
#7593 = AXIS2_PLACEMENT_3D ( 'NONE', #10016, #664, #1753 ) ;
#7594 = VERTEX_POINT ( 'NONE', #7637 ) ;
#7595 = VERTEX_POINT ( 'NONE', #6375 ) ;
#7596 = CARTESIAN_POINT ( 'NONE',  ( 136.5408573292053234, 16.07759220218804330, 10.40000000000000213 ) ) ;
#7597 = CARTESIAN_POINT ( 'NONE',  ( 191.9588390266749514, 62.55093561087003451, 8.800000000000000711 ) ) ;
#7598 = ORIENTED_EDGE ( 'NONE', *, *, #13183, .T. ) ;
#7599 = AXIS2_PLACEMENT_3D ( 'NONE', #12473, #6410, #12608 ) ;
#7600 = VERTEX_POINT ( 'NONE', #7881 ) ;
#7601 = CARTESIAN_POINT ( 'NONE',  ( 42.86730598147647697, 48.02469477777533058, 10.00000000000000000 ) ) ;
#7602 = CIRCLE ( 'NONE', #8049, 1.750000000000001554 ) ;
#7603 = DIRECTION ( 'NONE',  ( -0.000000000000000000, 0.000000000000000000, 1.000000000000000000 ) ) ;
#7604 = EDGE_CURVE ( 'NONE', #13448, #12336, #4471, .T. ) ;
#7605 = EDGE_CURVE ( 'NONE', #7821, #3964, #11342, .T. ) ;
#7606 = AXIS2_PLACEMENT_3D ( 'NONE', #1855, #9099, #4834 ) ;
#7607 = CARTESIAN_POINT ( 'NONE',  ( 44.05437819674840938, 57.00608991351150934, 8.800000000000000711 ) ) ;
#7608 = VERTEX_POINT ( 'NONE', #5428 ) ;
#7609 = EDGE_LOOP ( 'NONE', ( #687, #11757 ) ) ;
#7610 = CARTESIAN_POINT ( 'NONE',  ( 44.38963011071806619, 91.11317957266672352, 8.800000000000000711 ) ) ;
#7611 = DIRECTION ( 'NONE',  ( -0.000000000000000000, -0.000000000000000000, -1.000000000000000000 ) ) ;
#7612 = LINE ( 'NONE', #8501, #10518 ) ;
#7613 = FACE_OUTER_BOUND ( 'NONE', #12551, .T. ) ;
#7614 = ORIENTED_EDGE ( 'NONE', *, *, #12847, .F. ) ;
#7615 = DIRECTION ( 'NONE',  ( -0.000000000000000000, 0.000000000000000000, 1.000000000000000000 ) ) ;
#7616 = DIRECTION ( 'NONE',  ( -0.7071067811865474617, -0.7071067811865474617, 0.000000000000000000 ) ) ;
#7617 = ORIENTED_EDGE ( 'NONE', *, *, #3139, .F. ) ;
#7618 = DIRECTION ( 'NONE',  ( -0.000000000000000000, -0.000000000000000000, 1.000000000000000000 ) ) ;
#7619 = ORIENTED_EDGE ( 'NONE', *, *, #7903, .F. ) ;
#7620 = CARTESIAN_POINT ( 'NONE',  ( 145.1908573292052722, 16.07759220218804330, 8.800000000000000711 ) ) ;
#7621 = AXIS2_PLACEMENT_3D ( 'NONE', #13498, #4299, #8295 ) ;
#7622 = EDGE_CURVE ( 'NONE', #8476, #7291, #263, .T. ) ;
#7623 = DIRECTION ( 'NONE',  ( -0.000000000000000000, 0.000000000000000000, 1.000000000000000000 ) ) ;
#7624 = ORIENTED_EDGE ( 'NONE', *, *, #1340, .T. ) ;
#7625 = CARTESIAN_POINT ( 'NONE',  ( 41.80250092417472985, 20.89204483109605803, 10.40000000000000213 ) ) ;
#7626 = CARTESIAN_POINT ( 'NONE',  ( 81.09259020484469715, 81.09194835378377775, 10.40000000000000213 ) ) ;
#7627 = DIRECTION ( 'NONE',  ( -0.000000000000000000, -0.000000000000000000, -1.000000000000000000 ) ) ;
#7628 = DIRECTION ( 'NONE',  ( 1.000000000000000000, 0.000000000000000000, 0.000000000000000000 ) ) ;
#7629 = CARTESIAN_POINT ( 'NONE',  ( 78.81811639599669661, 142.0078835394621706, 0.000000000000000000 ) ) ;
#7630 = EDGE_LOOP ( 'NONE', ( #5547, #5232, #7092, #6407 ) ) ;
#7631 = VECTOR ( 'NONE', #4008, 1000.000000000000114 ) ;
#7632 = DIRECTION ( 'NONE',  ( 0.000000000000000000, 0.000000000000000000, -1.000000000000000000 ) ) ;
#7633 = CARTESIAN_POINT ( 'NONE',  ( 149.9597551873219174, 11.65909888836609731, 0.000000000000000000 ) ) ;
#7634 = VERTEX_POINT ( 'NONE', #8906 ) ;
#7635 = DIRECTION ( 'NONE',  ( 1.000000000000000000, 0.000000000000000000, 0.000000000000000000 ) ) ;
#7636 = LINE ( 'NONE', #11809, #13278 ) ;
#7637 = CARTESIAN_POINT ( 'NONE',  ( 43.59080015219819870, 54.75183467746543187, 0.000000000000000000 ) ) ;
#7638 = LINE ( 'NONE', #1294, #6152 ) ;
#7639 = EDGE_CURVE ( 'NONE', #3426, #4969, #9712, .T. ) ;
#7640 = DIRECTION ( 'NONE',  ( -0.000000000000000000, 0.000000000000000000, 1.000000000000000000 ) ) ;
#7641 = AXIS2_PLACEMENT_3D ( 'NONE', #8474, #8337, #6194 ) ;
#7642 = ORIENTED_EDGE ( 'NONE', *, *, #2604, .T. ) ;
#7643 = DIRECTION ( 'NONE',  ( -0.000000000000000000, -0.000000000000000000, -1.000000000000000000 ) ) ;
#7644 = DIRECTION ( 'NONE',  ( 1.000000000000000000, 0.000000000000000000, 0.000000000000000000 ) ) ;
#7645 = DIRECTION ( 'NONE',  ( -1.000000000000000000, 0.000000000000000000, 0.000000000000000000 ) ) ;
#7646 = CARTESIAN_POINT ( 'NONE',  ( 10.00000000000000711, 129.3050000000002058, 10.00000000000000000 ) ) ;
#7647 = CARTESIAN_POINT ( 'NONE',  ( 65.04362105560936413, -65.04362105560932150, 10.40000000000000213 ) ) ;
#7648 = ORIENTED_EDGE ( 'NONE', *, *, #3084, .F. ) ;
#7649 = ORIENTED_EDGE ( 'NONE', *, *, #1445, .F. ) ;
#7650 = EDGE_CURVE ( 'NONE', #8244, #7305, #7183, .T. ) ;
#7651 = DIRECTION ( 'NONE',  ( -0.000000000000000000, -0.000000000000000000, 1.000000000000000000 ) ) ;
#7652 = VERTEX_POINT ( 'NONE', #10939 ) ;
#7653 = ORIENTED_EDGE ( 'NONE', *, *, #11690, .F. ) ;
#7654 = EDGE_CURVE ( 'NONE', #10283, #10046, #7806, .T. ) ;
#7655 = EDGE_CURVE ( 'NONE', #2327, #13491, #3496, .T. ) ;
#7656 = LINE ( 'NONE', #6599, #9793 ) ;
#7657 = ORIENTED_EDGE ( 'NONE', *, *, #3280, .T. ) ;
#7658 = CARTESIAN_POINT ( 'NONE',  ( 122.9267149358793034, 58.91592920418546697, 8.800000000000000711 ) ) ;
#7659 = ORIENTED_EDGE ( 'NONE', *, *, #11899, .F. ) ;
#7660 = ORIENTED_EDGE ( 'NONE', *, *, #7475, .T. ) ;
#7661 = EDGE_CURVE ( 'NONE', #5283, #3649, #1593, .T. ) ;
#7662 = DIRECTION ( 'NONE',  ( -1.000000000000000000, 0.000000000000000000, 0.000000000000000000 ) ) ;
#7663 = FACE_OUTER_BOUND ( 'NONE', #1746, .T. ) ;
#7664 = VERTEX_POINT ( 'NONE', #6759 ) ;
#7665 = CIRCLE ( 'NONE', #10070, 1.900000000000012790 ) ;
#7666 = ORIENTED_EDGE ( 'NONE', *, *, #453, .T. ) ;
#7667 = EDGE_CURVE ( 'NONE', #10614, #2012, #11119, .T. ) ;
#7668 = DIRECTION ( 'NONE',  ( -0.000000000000000000, -0.000000000000000000, -1.000000000000000000 ) ) ;
#7669 = ADVANCED_FACE ( 'NONE', ( #3696 ), #498, .F. ) ;
#7670 = CARTESIAN_POINT ( 'NONE',  ( 174.7485405866029851, 14.69285506076201742, 0.000000000000000000 ) ) ;
#7671 = EDGE_LOOP ( 'NONE', ( #6848, #6116, #12285, #11450 ) ) ;
#7672 = DIRECTION ( 'NONE',  ( -0.000000000000000000, 0.000000000000000000, 1.000000000000000000 ) ) ;
#7673 = FACE_OUTER_BOUND ( 'NONE', #3365, .T. ) ;
#7674 = DIRECTION ( 'NONE',  ( 0.000000000000000000, -1.000000000000000000, 0.000000000000000000 ) ) ;
#7675 = ORIENTED_EDGE ( 'NONE', *, *, #10201, .T. ) ;
#7676 = EDGE_CURVE ( 'NONE', #2785, #8578, #7871, .T. ) ;
#7677 = EDGE_CURVE ( 'NONE', #9614, #9075, #290, .T. ) ;
#7678 = DIRECTION ( 'NONE',  ( -0.7071067811865482389, 0.000000000000000000, -0.7071067811865469066 ) ) ;
#7679 = VERTEX_POINT ( 'NONE', #1383 ) ;
#7680 = FACE_OUTER_BOUND ( 'NONE', #6784, .T. ) ;
#7681 = ORIENTED_EDGE ( 'NONE', *, *, #2946, .T. ) ;
#7682 = CYLINDRICAL_SURFACE ( 'NONE', #8145, 1.750000000000001554 ) ;
#7683 = AXIS2_PLACEMENT_3D ( 'NONE', #12149, #11174, #1687 ) ;
#7684 = DIRECTION ( 'NONE',  ( 1.000000000000000000, -0.000000000000000000, 0.000000000000000000 ) ) ;
#7685 = ORIENTED_EDGE ( 'NONE', *, *, #5560, .F. ) ;
#7686 = DIRECTION ( 'NONE',  ( 1.000000000000000000, 0.000000000000000000, 0.000000000000000000 ) ) ;
#7687 = DIRECTION ( 'NONE',  ( 1.000000000000000000, 0.000000000000000000, 0.000000000000000000 ) ) ;
#7688 = DIRECTION ( 'NONE',  ( 1.000000000000000000, 0.000000000000000000, 0.000000000000000000 ) ) ;
#7689 = CIRCLE ( 'NONE', #6137, 1.750000000000001554 ) ;
#7690 = DIRECTION ( 'NONE',  ( 1.000000000000000000, 0.000000000000000000, 0.000000000000000000 ) ) ;
#7691 = VERTEX_POINT ( 'NONE', #4636 ) ;
#7692 = DIRECTION ( 'NONE',  ( -0.7071067811865456854, 0.7071067811865494601, 0.000000000000000000 ) ) ;
#7693 = EDGE_CURVE ( 'NONE', #2342, #8232, #366, .T. ) ;
#7694 = LINE ( 'NONE', #2443, #12592 ) ;
#7695 = ORIENTED_EDGE ( 'NONE', *, *, #2539, .F. ) ;
#7696 = DIRECTION ( 'NONE',  ( -0.000000000000000000, 0.000000000000000000, 1.000000000000000000 ) ) ;
#7697 = CARTESIAN_POINT ( 'NONE',  ( 172.5127247140765121, 12.21742430899847776, 0.000000000000000000 ) ) ;
#7698 = FACE_OUTER_BOUND ( 'NONE', #4297, .T. ) ;
#7699 = DIRECTION ( 'NONE',  ( -1.000000000000000000, 0.000000000000000000, 0.000000000000000000 ) ) ;
#7700 = AXIS2_PLACEMENT_3D ( 'NONE', #7097, #3876, #3741 ) ;
#7701 = AXIS2_PLACEMENT_3D ( 'NONE', #4541, #6661, #1628 ) ;
#7702 = DIRECTION ( 'NONE',  ( 1.000000000000000000, 0.000000000000000000, 0.000000000000000000 ) ) ;
#7703 = ORIENTED_EDGE ( 'NONE', *, *, #4428, .T. ) ;
#7704 = CARTESIAN_POINT ( 'NONE',  ( 39.21739621580849899, 76.58640239233611169, 15.87266199679396372 ) ) ;
#7705 = DIRECTION ( 'NONE',  ( -0.000000000000000000, -0.000000000000000000, -1.000000000000000000 ) ) ;
#7706 = CARTESIAN_POINT ( 'NONE',  ( 195.4000000000004604, 153.0000000000004547, 2.168404344971008868E-16 ) ) ;
#7707 = EDGE_CURVE ( 'NONE', #4919, #5500, #1525, .T. ) ;
#7708 = EDGE_CURVE ( 'NONE', #2635, #6537, #9852, .T. ) ;
#7709 = CIRCLE ( 'NONE', #12953, 1.750000000000029310 ) ;
#7710 = FACE_OUTER_BOUND ( 'NONE', #4491, .T. ) ;
#7711 = ORIENTED_EDGE ( 'NONE', *, *, #4621, .F. ) ;
#7712 = VERTEX_POINT ( 'NONE', #5448 ) ;
#7713 = CARTESIAN_POINT ( 'NONE',  ( 20.17116097332603175, 149.8940936094211054, 8.800000000000000711 ) ) ;
#7714 = ORIENTED_EDGE ( 'NONE', *, *, #1406, .F. ) ;
#7715 = VERTEX_POINT ( 'NONE', #4705 ) ;
#7716 = FACE_OUTER_BOUND ( 'NONE', #1139, .T. ) ;
#7717 = AXIS2_PLACEMENT_3D ( 'NONE', #2385, #9891, #11954 ) ;
#7718 = CIRCLE ( 'NONE', #5733, 1.900000000000012790 ) ;
#7719 = FACE_OUTER_BOUND ( 'NONE', #11286, .T. ) ;
#7720 = CIRCLE ( 'NONE', #9912, 1.900000000000012790 ) ;
#7721 = ORIENTED_EDGE ( 'NONE', *, *, #7819, .F. ) ;
#7722 = DIRECTION ( 'NONE',  ( 1.000000000000000000, 0.000000000000000000, 0.000000000000000000 ) ) ;
#7723 = APPLICATION_PROTOCOL_DEFINITION ( 'draft international standard', 'automotive_design', 1998, #6919 ) ;
#7724 = EDGE_CURVE ( 'NONE', #12792, #10057, #10869, .T. ) ;
#7725 = AXIS2_PLACEMENT_3D ( 'NONE', #9827, #408, #8803 ) ;
#7726 = ORIENTED_EDGE ( 'NONE', *, *, #10274, .T. ) ;
#7727 = CIRCLE ( 'NONE', #2055, 7.649999999999989697 ) ;
#7728 = ORIENTED_EDGE ( 'NONE', *, *, #9151, .F. ) ;
#7729 = CARTESIAN_POINT ( 'NONE',  ( 170.7376398314652590, 89.87628193518300179, 0.000000000000000000 ) ) ;
#7730 = DIRECTION ( 'NONE',  ( 1.000000000000000000, 0.000000000000000000, 0.000000000000000000 ) ) ;
#7731 = AXIS2_PLACEMENT_3D ( 'NONE', #902, #1982, #8207 ) ;
#7732 = ORIENTED_EDGE ( 'NONE', *, *, #2821, .T. ) ;
#7733 = VERTEX_POINT ( 'NONE', #4421 ) ;
#7734 = DIRECTION ( 'NONE',  ( -0.000000000000000000, -0.7071067811865378028, -0.7071067811865573427 ) ) ;
#7735 = CARTESIAN_POINT ( 'NONE',  ( 196.9000000000004604, 153.0000000000004547, 7.000000000000000000 ) ) ;
#7736 = VECTOR ( 'NONE', #9484, 1000.000000000000114 ) ;
#7737 = AXIS2_PLACEMENT_3D ( 'NONE', #9526, #2010, #8496 ) ;
#7738 = CARTESIAN_POINT ( 'NONE',  ( 45.11403200266500590, 55.61338254596925168, 10.00000000000000000 ) ) ;
#7739 = EDGE_CURVE ( 'NONE', #6941, #7242, #6291, .T. ) ;
#7740 = VERTEX_POINT ( 'NONE', #9708 ) ;
#7741 = FACE_OUTER_BOUND ( 'NONE', #8157, .T. ) ;
#7742 = CYLINDRICAL_SURFACE ( 'NONE', #10304, 1.899999999999985034 ) ;
#7743 = EDGE_CURVE ( 'NONE', #2537, #2979, #9846, .T. ) ;
#7744 = ORIENTED_EDGE ( 'NONE', *, *, #4614, .F. ) ;
#7745 = CARTESIAN_POINT ( 'NONE',  ( 42.85258495182370098, 14.31924111348213025, 10.00000000000000000 ) ) ;
#7746 = DIRECTION ( 'NONE',  ( -0.000000000000000000, -0.000000000000000000, -1.000000000000000000 ) ) ;
#7747 = AXIS2_PLACEMENT_3D ( 'NONE', #1420, #392, #12969 ) ;
#7748 = ORIENTED_EDGE ( 'NONE', *, *, #5716, .T. ) ;
#7749 = CARTESIAN_POINT ( 'NONE',  ( 17.00000000000004619, -7.390000000000535252, 7.000000000000000000 ) ) ;
#7750 = LINE ( 'NONE', #4447, #9571 ) ;
#7751 = ORIENTED_EDGE ( 'NONE', *, *, #6012, .F. ) ;
#7752 = CARTESIAN_POINT ( 'NONE',  ( 44.35609702419591116, 52.23860980879842941, 0.000000000000000000 ) ) ;
#7753 = VECTOR ( 'NONE', #12184, 1000.000000000000000 ) ;
#7754 = CARTESIAN_POINT ( 'NONE',  ( 207.5000000000004547, 129.3050000000002058, 10.00000000000000000 ) ) ;
#7755 = EDGE_CURVE ( 'NONE', #9460, #9143, #2627, .T. ) ;
#7756 = ORIENTED_EDGE ( 'NONE', *, *, #11827, .T. ) ;
#7757 = AXIS2_PLACEMENT_3D ( 'NONE', #12420, #1199, #6285 ) ;
#7758 = DIRECTION ( 'NONE',  ( -1.000000000000000000, 0.000000000000000000, 0.000000000000000000 ) ) ;
#7759 = FACE_OUTER_BOUND ( 'NONE', #13261, .T. ) ;
#7760 = DIRECTION ( 'NONE',  ( -0.000000000000000000, 0.000000000000000000, 1.000000000000000000 ) ) ;
#7761 = DIRECTION ( 'NONE',  ( 1.000000000000000000, 0.000000000000000000, 0.000000000000000000 ) ) ;
#7762 = VECTOR ( 'NONE', #8068, 1000.000000000000000 ) ;
#7763 = DIRECTION ( 'NONE',  ( -1.000000000000000000, 0.000000000000000000, 0.000000000000000000 ) ) ;
#7764 = VERTEX_POINT ( 'NONE', #6754 ) ;
#7765 = CARTESIAN_POINT ( 'NONE',  ( 41.76293755839827071, 44.25077559055805665, 10.40000000000000213 ) ) ;
#7766 = DIRECTION ( 'NONE',  ( 1.000000000000000000, 1.081565855712203252E-17, -0.000000000000000000 ) ) ;
#7767 = ORIENTED_EDGE ( 'NONE', *, *, #13028, .F. ) ;
#7768 = CARTESIAN_POINT ( 'NONE',  ( 136.4940251048210769, 132.5024585979040523, 10.40000000000000213 ) ) ;
#7769 = CARTESIAN_POINT ( 'NONE',  ( 45.11403200266500590, 45.55398713153164891, 8.800000000000000711 ) ) ;
#7770 = AXIS2_PLACEMENT_3D ( 'NONE', #8261, #3076, #5098 ) ;
#7771 = CARTESIAN_POINT ( 'NONE',  ( 17.00000000000000000, -7.389999999999980140, 7.000000000000000000 ) ) ;
#7772 = VECTOR ( 'NONE', #7502, 1000.000000000000114 ) ;
#7773 = DIRECTION ( 'NONE',  ( -0.000000000000000000, -0.000000000000000000, -1.000000000000000000 ) ) ;
#7774 = EDGE_CURVE ( 'NONE', #4097, #928, #8622, .T. ) ;
#7775 = ORIENTED_EDGE ( 'NONE', *, *, #6430, .T. ) ;
#7776 = EDGE_CURVE ( 'NONE', #8569, #2742, #13012, .T. ) ;
#7777 = DIRECTION ( 'NONE',  ( -0.000000000000000000, 0.000000000000000000, 1.000000000000000000 ) ) ;
#7778 = CIRCLE ( 'NONE', #8878, 1.750000000000001554 ) ;
#7779 = CARTESIAN_POINT ( 'NONE',  ( 94.45321194845044488, 125.7367331634828815, 10.00000000000000000 ) ) ;
#7780 = DIRECTION ( 'NONE',  ( -1.000000000000000000, 0.000000000000000000, 0.000000000000000000 ) ) ;
#7781 = CIRCLE ( 'NONE', #6441, 5.099999999999993427 ) ;
#7782 = CARTESIAN_POINT ( 'NONE',  ( 124.8267149358792949, 58.91592920418546697, 8.800000000000000711 ) ) ;
#7783 = VERTEX_POINT ( 'NONE', #7729 ) ;
#7784 = ORIENTED_EDGE ( 'NONE', *, *, #6473, .F. ) ;
#7785 = CARTESIAN_POINT ( 'NONE',  ( 90.50672948317448174, 137.9047134621627038, 0.000000000000000000 ) ) ;
#7786 = DIRECTION ( 'NONE',  ( -0.000000000000000000, 0.000000000000000000, 1.000000000000000000 ) ) ;
#7787 = ORIENTED_EDGE ( 'NONE', *, *, #1177, .F. ) ;
#7788 = ORIENTED_EDGE ( 'NONE', *, *, #4825, .F. ) ;
#7789 = AXIS2_PLACEMENT_3D ( 'NONE', #8712, #5609, #10882 ) ;
#7790 = EDGE_CURVE ( 'NONE', #5797, #10765, #1532, .T. ) ;
#7791 = AXIS2_PLACEMENT_3D ( 'NONE', #5024, #9212, #8315 ) ;
#7792 = DIRECTION ( 'NONE',  ( -0.000000000000000000, 0.000000000000000000, 1.000000000000000000 ) ) ;
#7793 = VERTEX_POINT ( 'NONE', #12727 ) ;
#7794 = CARTESIAN_POINT ( 'NONE',  ( 170.7627247140764837, 99.94750278602708704, 10.00000000000000000 ) ) ;
#7795 = CARTESIAN_POINT ( 'NONE',  ( 38.05302978754505006, 112.9862685653620531, 18.28108462234002474 ) ) ;
#7796 = VECTOR ( 'NONE', #156, 1000.000000000000000 ) ;
#7797 = ORIENTED_EDGE ( 'NONE', *, *, #8974, .F. ) ;
#7798 = VERTEX_POINT ( 'NONE', #3423 ) ;
#7799 = AXIS2_PLACEMENT_3D ( 'NONE', #6198, #1115, #11296 ) ;
#7800 = CYLINDRICAL_SURFACE ( 'NONE', #9386, 1.900000000000012790 ) ;
#7801 = AXIS2_PLACEMENT_3D ( 'NONE', #7481, #8582, #12760 ) ;
#7803 = DIRECTION ( 'NONE',  ( -0.000000000000000000, -0.000000000000000000, -1.000000000000000000 ) ) ;
#7802 = CARTESIAN_POINT ( 'NONE',  ( 45.11403200266500590, 11.86983023117878666, 0.000000000000000000 ) ) ;
#7804 = ORIENTED_EDGE ( 'NONE', *, *, #5319, .F. ) ;
#7805 = VERTEX_POINT ( 'NONE', #5724 ) ;
#7806 = LINE ( 'NONE', #6616, #2837 ) ;
#7807 = LINE ( 'NONE', #2625, #10212 ) ;
#7808 = DIRECTION ( 'NONE',  ( -1.000000000000000000, 0.000000000000000000, 0.000000000000000000 ) ) ;
#7810 = ADVANCED_FACE ( 'NONE', ( #3624 ), #7800, .F. ) ;
#7809 = AXIS2_PLACEMENT_3D ( 'NONE', #6507, #1929, #5427 ) ;
#7811 = CARTESIAN_POINT ( 'NONE',  ( 0.000000000000000000, 0.000000000000000000, 10.40000000000000213 ) ) ;
#7812 = ORIENTED_EDGE ( 'NONE', *, *, #5233, .F. ) ;
#7813 = CIRCLE ( 'NONE', #7156, 1.750000000000001554 ) ;
#7814 = CARTESIAN_POINT ( 'NONE',  ( 81.03604971557493286, 51.91583020066806142, 8.800000000000000711 ) ) ;
#7815 = ORIENTED_EDGE ( 'NONE', *, *, #11653, .F. ) ;
#7816 = AXIS2_PLACEMENT_3D ( 'NONE', #12957, #3641, #448 ) ;
#7817 = CYLINDRICAL_SURFACE ( 'NONE', #6230, 1.900000000000012790 ) ;
#7818 = ORIENTED_EDGE ( 'NONE', *, *, #10927, .F. ) ;
#7819 = EDGE_CURVE ( 'NONE', #8232, #5718, #6470, .T. ) ;
#7820 = CARTESIAN_POINT ( 'NONE',  ( 46.83002210663564568, 6.715518501719201616, 0.000000000000000000 ) ) ;
#7821 = VERTEX_POINT ( 'NONE', #9921 ) ;
#7822 = CIRCLE ( 'NONE', #11976, 8.649999999999963052 ) ;
#7823 = DIRECTION ( 'NONE',  ( -0.000000000000000000, 0.000000000000000000, 1.000000000000000000 ) ) ;
#7824 = EDGE_CURVE ( 'NONE', #8743, #6162, #10662, .T. ) ;
#7825 = EDGE_CURVE ( 'NONE', #3904, #5888, #10035, .T. ) ;
#7826 = DIRECTION ( 'NONE',  ( -0.000000000000000000, -0.000000000000000000, -1.000000000000000000 ) ) ;
#7827 = EDGE_LOOP ( 'NONE', ( #2175, #4164, #5856, #12317 ) ) ;
#7828 = VECTOR ( 'NONE', #3295, 1000.000000000000000 ) ;
#7829 = CARTESIAN_POINT ( 'NONE',  ( 174.7485405866029851, 53.53183226581801790, 0.000000000000000000 ) ) ;
#7830 = CARTESIAN_POINT ( 'NONE',  ( 42.86730598147647697, 48.02469477777533058, 0.000000000000000000 ) ) ;
#7831 = DIRECTION ( 'NONE',  ( -0.000000000000000000, 0.000000000000000000, 1.000000000000000000 ) ) ;
#7832 = VERTEX_POINT ( 'NONE', #1379 ) ;
#7833 = LINE ( 'NONE', #7765, #8181 ) ;
#7834 = CARTESIAN_POINT ( 'NONE',  ( 122.9267149358793034, 98.15027427408116978, 10.00000000000000000 ) ) ;
#7835 = ORIENTED_EDGE ( 'NONE', *, *, #2915, .F. ) ;
#7836 = CARTESIAN_POINT ( 'NONE',  ( 53.52200227285262457, 71.43544571980734759, 9.399999999999998579 ) ) ;
#7837 = ADVANCED_FACE ( 'NONE', ( #4500 ), #8694, .F. ) ;
#7838 = CARTESIAN_POINT ( 'NONE',  ( 49.22687945775203389, 80.50921175277601094, -8.599410675464060461 ) ) ;
#7839 = DIRECTION ( 'NONE',  ( 1.000000000000000000, 0.000000000000000000, 0.000000000000000000 ) ) ;
#7840 = ADVANCED_FACE ( 'NONE', ( #11831 ), #6610, .F. ) ;
#7841 = ADVANCED_FACE ( 'NONE', ( #11357 ), #6073, .F. ) ;
#7842 = DIRECTION ( 'NONE',  ( -0.000000000000000000, 0.000000000000000000, 1.000000000000000000 ) ) ;
#7843 = ORIENTED_EDGE ( 'NONE', *, *, #12502, .T. ) ;
#7844 = CIRCLE ( 'NONE', #12002, 1.750000000000029310 ) ;
#7845 = CYLINDRICAL_SURFACE ( 'NONE', #609, 2.699999999999999289 ) ;
#7846 = DIRECTION ( 'NONE',  ( -0.000000000000000000, -0.000000000000000000, -1.000000000000000000 ) ) ;
#7847 = DIRECTION ( 'NONE',  ( -0.000000000000000000, 0.000000000000000000, 1.000000000000000000 ) ) ;
#7848 = CARTESIAN_POINT ( 'NONE',  ( 138.5492919255787285, 3.846501363067972079, 10.00000000000000000 ) ) ;
#7849 = CARTESIAN_POINT ( 'NONE',  ( 45.11403200266500590, 11.86983023117878666, 10.00000000000000000 ) ) ;
#7850 = DIRECTION ( 'NONE',  ( -0.000000000000000000, -0.000000000000000000, -1.000000000000000000 ) ) ;
#7851 = ORIENTED_EDGE ( 'NONE', *, *, #2564, .T. ) ;
#7852 = VERTEX_POINT ( 'NONE', #5934 ) ;
#7853 = EDGE_CURVE ( 'NONE', #8282, #3720, #11780, .T. ) ;
#7854 = ADVANCED_FACE ( 'NONE', ( #10715 ), #5505, .F. ) ;
#7855 = CARTESIAN_POINT ( 'NONE',  ( 17.00000000000004619, -7.390000000000535252, 1.500000000000000444 ) ) ;
#7856 = VERTEX_POINT ( 'NONE', #2462 ) ;
#7857 = VECTOR ( 'NONE', #2809, 1000.000000000000000 ) ;
#7858 = ORIENTED_EDGE ( 'NONE', *, *, #3376, .F. ) ;
#7859 = PLANE ( 'NONE',  #191 ) ;
#7860 = ORIENTED_EDGE ( 'NONE', *, *, #1293, .T. ) ;
#7861 = FACE_OUTER_BOUND ( 'NONE', #11539, .T. ) ;
#7862 = AXIS2_PLACEMENT_3D ( 'NONE', #2322, #1300, #7578 ) ;
#7863 = CARTESIAN_POINT ( 'NONE',  ( 43.36403200266500590, 16.77682456503958619, 0.000000000000000000 ) ) ;
#7864 = ORIENTED_EDGE ( 'NONE', *, *, #10422, .T. ) ;
#7865 = ORIENTED_EDGE ( 'NONE', *, *, #9621, .T. ) ;
#7866 = EDGE_CURVE ( 'NONE', #12386, #3570, #3480, .T. ) ;
#7868 = DIRECTION ( 'NONE',  ( -0.000000000000000000, 0.000000000000000000, 1.000000000000000000 ) ) ;
#7867 = DIRECTION ( 'NONE',  ( -0.000000000000000000, -0.000000000000000000, -1.000000000000000000 ) ) ;
#7869 = EDGE_LOOP ( 'NONE', ( #11437, #11098, #12770, #4133 ) ) ;
#7870 = VERTEX_POINT ( 'NONE', #4557 ) ;
#7871 = LINE ( 'NONE', #6540, #10661 ) ;
#7872 = AXIS2_PLACEMENT_3D ( 'NONE', #11265, #4966, #3999 ) ;
#7873 = DIRECTION ( 'NONE',  ( 1.000000000000000000, 0.000000000000000000, 0.000000000000000000 ) ) ;
#7874 = ORIENTED_EDGE ( 'NONE', *, *, #817, .T. ) ;
#7875 = DIRECTION ( 'NONE',  ( 0.000000000000000000, 1.000000000000000000, 0.000000000000000000 ) ) ;
#7876 = DIRECTION ( 'NONE',  ( -0.000000000000000000, 0.000000000000000000, 1.000000000000000000 ) ) ;
#7877 = ADVANCED_FACE ( 'NONE', ( #11895 ), #2538, .F. ) ;
#7878 = FACE_OUTER_BOUND ( 'NONE', #2274, .T. ) ;
#7879 = ORIENTED_EDGE ( 'NONE', *, *, #4450, .T. ) ;
#7880 = ORIENTED_EDGE ( 'NONE', *, *, #8736, .F. ) ;
#7881 = CARTESIAN_POINT ( 'NONE',  ( 173.2281234058970085, 15.55936045405981183, 0.000000000000000000 ) ) ;
#7882 = CARTESIAN_POINT ( 'NONE',  ( 136.7244221264163855, 42.67048316991452594, 0.000000000000000000 ) ) ;
#7883 = VECTOR ( 'NONE', #10766, 1000.000000000000000 ) ;
#7884 = EDGE_LOOP ( 'NONE', ( #12321, #7547, #10950, #4094 ) ) ;
#7885 = CARTESIAN_POINT ( 'NONE',  ( 44.09279471297418240, 88.09903310818764055, 0.000000000000000000 ) ) ;
#7886 = ORIENTED_EDGE ( 'NONE', *, *, #5996, .T. ) ;
#7887 = EDGE_CURVE ( 'NONE', #12703, #978, #3743, .T. ) ;
#7888 = CYLINDRICAL_SURFACE ( 'NONE', #12160, 1.900000000000012790 ) ;
#7889 = LINE ( 'NONE', #13168, #12614 ) ;
#7890 = FACE_OUTER_BOUND ( 'NONE', #8130, .T. ) ;
#7891 = DIRECTION ( 'NONE',  ( -0.000000000000000000, -0.000000000000000000, -1.000000000000000000 ) ) ;
#7892 = EDGE_LOOP ( 'NONE', ( #9364, #1440, #10043, #5851 ) ) ;
#7893 = ORIENTED_EDGE ( 'NONE', *, *, #12435, .T. ) ;
#7894 = CYLINDRICAL_SURFACE ( 'NONE', #5106, 1.750000000000001554 ) ;
#7895 = CARTESIAN_POINT ( 'NONE',  ( 126.7267149358793148, 20.09410048508981816, 0.000000000000000000 ) ) ;
#7896 = EDGE_LOOP ( 'NONE', ( #9293, #6259, #7416, #7959 ) ) ;
#7897 = EDGE_CURVE ( 'NONE', #783, #3947, #895, .T. ) ;
#7898 = CARTESIAN_POINT ( 'NONE',  ( 53.52200227285262457, 71.43544571980734759, 8.800000000000000711 ) ) ;
#7899 = DIRECTION ( 'NONE',  ( -0.000000000000000000, -0.000000000000000000, -1.000000000000000000 ) ) ;
#7900 = CARTESIAN_POINT ( 'NONE',  ( 17.00000000000004263, 153.0000000000004547, 7.000000000000000000 ) ) ;
#7901 = ORIENTED_EDGE ( 'NONE', *, *, #8105, .T. ) ;
#7902 = AXIS2_PLACEMENT_3D ( 'NONE', #8435, #12741, #236 ) ;
#7903 = EDGE_CURVE ( 'NONE', #13016, #3380, #12880, .T. ) ;
#7904 = DIRECTION ( 'NONE',  ( -0.000000000000000000, -0.000000000000000000, -1.000000000000000000 ) ) ;
#7905 = DIRECTION ( 'NONE',  ( 0.7071039827808559552, -0.7071095795811642715, 0.000000000000000000 ) ) ;
#7906 = FACE_OUTER_BOUND ( 'NONE', #9987, .T. ) ;
#7907 = PLANE ( 'NONE',  #10265 ) ;
#7908 = EDGE_CURVE ( 'NONE', #8817, #13135, #5866, .T. ) ;
#7909 = DIRECTION ( 'NONE',  ( -0.000000000000000000, -0.000000000000000000, -1.000000000000000000 ) ) ;
#7910 = ORIENTED_EDGE ( 'NONE', *, *, #12706, .F. ) ;
#7911 = EDGE_LOOP ( 'NONE', ( #3255, #6492 ) ) ;
#7912 = LINE ( 'NONE', #3875, #9989 ) ;
#7913 = VERTEX_POINT ( 'NONE', #2812 ) ;
#7914 = DIRECTION ( 'NONE',  ( -1.000000000000000000, 0.000000000000000000, 0.000000000000000000 ) ) ;
#7915 = CIRCLE ( 'NONE', #4848, 7.649999999999989697 ) ;
#7916 = ORIENTED_EDGE ( 'NONE', *, *, #13145, .T. ) ;
#7917 = LINE ( 'NONE', #12107, #2144 ) ;
#7918 = EDGE_CURVE ( 'NONE', #1647, #8124, #8074, .T. ) ;
#7919 = VERTEX_POINT ( 'NONE', #13267 ) ;
#7920 = EDGE_CURVE ( 'NONE', #13495, #13442, #4334, .T. ) ;
#7921 = FACE_OUTER_BOUND ( 'NONE', #1357, .T. ) ;
#7922 = VECTOR ( 'NONE', #8430, 1000.000000000000114 ) ;
#7923 = CARTESIAN_POINT ( 'NONE',  ( 136.5252465877439079, 54.88588100076002974, 8.800000000000000711 ) ) ;
#7924 = CARTESIAN_POINT ( 'NONE',  ( 170.9627247140764723, 138.8970351559032963, 0.000000000000000000 ) ) ;
#7925 = DIRECTION ( 'NONE',  ( -1.000000000000000000, 0.000000000000000000, 0.000000000000000000 ) ) ;
#7926 = VERTEX_POINT ( 'NONE', #9223 ) ;
#7927 = DIRECTION ( 'NONE',  ( -0.000000000000000000, 0.000000000000000000, 1.000000000000000000 ) ) ;
#7928 = ORIENTED_EDGE ( 'NONE', *, *, #12589, .F. ) ;
#7929 = DIRECTION ( 'NONE',  ( -0.000000000000000000, -0.000000000000000000, -1.000000000000000000 ) ) ;
#7930 = AXIS2_PLACEMENT_3D ( 'NONE', #6672, #1516, #5649 ) ;
#7931 = ORIENTED_EDGE ( 'NONE', *, *, #9658, .F. ) ;
#7932 = ORIENTED_EDGE ( 'NONE', *, *, #11692, .F. ) ;
#7933 = AXIS2_PLACEMENT_3D ( 'NONE', #6818, #11003, #6605 ) ;
#7934 = VECTOR ( 'NONE', #295, 1000.000000000000000 ) ;
#7935 = DIRECTION ( 'NONE',  ( -0.000000000000000000, 0.000000000000000000, 1.000000000000000000 ) ) ;
#7936 = CARTESIAN_POINT ( 'NONE',  ( 43.59171366611731457, 12.73299121396859768, 0.000000000000000000 ) ) ;
#7937 = ADVANCED_FACE ( 'NONE', ( #3937 ), #8127, .F. ) ;
#7938 = ORIENTED_EDGE ( 'NONE', *, *, #7661, .T. ) ;
#7939 = EDGE_CURVE ( 'NONE', #11212, #3077, #6055, .T. ) ;
#7940 = VECTOR ( 'NONE', #3216, 1000.000000000000000 ) ;
#7941 = CIRCLE ( 'NONE', #11434, 1.750000000000001554 ) ;
#7942 = FACE_OUTER_BOUND ( 'NONE', #11057, .T. ) ;
#7943 = CARTESIAN_POINT ( 'NONE',  ( 127.8596358462825719, 93.69416979933204459, 9.400000000000044764 ) ) ;
#7944 = CIRCLE ( 'NONE', #4000, 1.750000000000001554 ) ;
#7945 = AXIS2_PLACEMENT_3D ( 'NONE', #13330, #12303, #9976 ) ;
#7946 = CARTESIAN_POINT ( 'NONE',  ( 205.0000000000004547, 28.60989453229147017, 0.000000000000000000 ) ) ;
#7947 = ORIENTED_EDGE ( 'NONE', *, *, #8094, .T. ) ;
#7948 = CARTESIAN_POINT ( 'NONE',  ( 172.4876398314652590, 94.83529219940430721, 8.800000000000000711 ) ) ;
#7949 = ORIENTED_EDGE ( 'NONE', *, *, #5876, .T. ) ;
#7950 = FACE_OUTER_BOUND ( 'NONE', #2108, .T. ) ;
#7951 = AXIS2_PLACEMENT_3D ( 'NONE', #4127, #8520, #8318 ) ;
#7952 = CIRCLE ( 'NONE', #8187, 1.750000000000001554 ) ;
#7953 = DIRECTION ( 'NONE',  ( -0.000000000000000000, -0.000000000000000000, -1.000000000000000000 ) ) ;
#7954 = PRESENTATION_LAYER_ASSIGNMENT (  '', '', ( #1868 ) ) ;
#7955 = CARTESIAN_POINT ( 'NONE',  ( 81.00482823265210186, 129.5324077978120840, 9.400000000000041211 ) ) ;
#7956 = ORIENTED_EDGE ( 'NONE', *, *, #6536, .F. ) ;
#7957 = EDGE_CURVE ( 'NONE', #590, #12535, #11123, .T. ) ;
#7958 = DIRECTION ( 'NONE',  ( -0.000000000000000000, -0.000000000000000000, 1.000000000000000000 ) ) ;
#7959 = ORIENTED_EDGE ( 'NONE', *, *, #3721, .T. ) ;
#7960 = DIRECTION ( 'NONE',  ( 0.000000000000000000, 0.000000000000000000, 1.000000000000000000 ) ) ;
#7961 = CARTESIAN_POINT ( 'NONE',  ( 92.40672948317448743, 59.72174035506507295, 8.800000000000000711 ) ) ;
#7962 = DIRECTION ( 'NONE',  ( -1.000000000000000000, -0.000000000000000000, -0.000000000000000000 ) ) ;
#7963 = AXIS2_PLACEMENT_3D ( 'NONE', #9815, #10895, #12900 ) ;
#7964 = FACE_OUTER_BOUND ( 'NONE', #2350, .T. ) ;
#7965 = EDGE_LOOP ( 'NONE', ( #9581, #3117, #4374, #9342, #5787, #8773 ) ) ;
#7966 = EDGE_LOOP ( 'NONE', ( #2557, #1972, #4230, #12189 ) ) ;
#7967 = LINE ( 'NONE', #6933, #5516 ) ;
#7968 = VECTOR ( 'NONE', #12810, 1000.000000000000000 ) ;
#7969 = DIRECTION ( 'NONE',  ( 0.7071067811865470176, 0.7071067811865480168, 0.000000000000000000 ) ) ;
#7970 = ORIENTED_EDGE ( 'NONE', *, *, #2772, .T. ) ;
#7971 = PLANE ( 'NONE',  #12199 ) ;
#7972 = CARTESIAN_POINT ( 'NONE',  ( 42.86730598147647697, 53.15839306104777506, 0.000000000000000000 ) ) ;
#7973 = AXIS2_PLACEMENT_3D ( 'NONE', #1362, #10578, #1234 ) ;
#7974 = ORIENTED_EDGE ( 'NONE', *, *, #8094, .F. ) ;
#7975 = EDGE_CURVE ( 'NONE', #12279, #12196, #5216, .T. ) ;
#7976 = AXIS2_PLACEMENT_3D ( 'NONE', #7923, #12114, #6889 ) ;
#7977 = DIRECTION ( 'NONE',  ( 1.000000000000000000, 0.000000000000000000, 0.000000000000000000 ) ) ;
#7978 = CARTESIAN_POINT ( 'NONE',  ( 172.4876398314652590, 17.14497833867034871, 0.000000000000000000 ) ) ;
#7979 = DIRECTION ( 'NONE',  ( 1.000000000000000000, 0.000000000000000000, 0.000000000000000000 ) ) ;
#7980 = LINE ( 'NONE', #11334, #8305 ) ;
#7981 = VECTOR ( 'NONE', #7295, 1000.000000000000000 ) ;
#7982 = CARTESIAN_POINT ( 'NONE',  ( 187.0936175437515487, 0.000000000000000000, 8.800000000000000711 ) ) ;
#7983 = EDGE_LOOP ( 'NONE', ( #8340, #2566, #3078, #9988 ) ) ;
#7984 = ORIENTED_EDGE ( 'NONE', *, *, #3554, .T. ) ;
#7985 = DIRECTION ( 'NONE',  ( 1.000000000000000000, 0.000000000000000000, 0.000000000000000000 ) ) ;
#7986 = FACE_OUTER_BOUND ( 'NONE', #12477, .T. ) ;
#7987 = ORIENTED_EDGE ( 'NONE', *, *, #2426, .T. ) ;
#7988 = CARTESIAN_POINT ( 'NONE',  ( 43.60307384372646311, 46.43688318540043980, 8.800000000000000711 ) ) ;
#7989 = EDGE_CURVE ( 'NONE', #3910, #7171, #8529, .T. ) ;
#7990 = VERTEX_POINT ( 'NONE', #262 ) ;
#7991 = CARTESIAN_POINT ( 'NONE',  ( 42.85258495182370098, 14.31924111348213025, 10.00000000000000000 ) ) ;
#7992 = ADVANCED_FACE ( 'NONE', ( #12705 ), #11669, .F. ) ;
#7994 = ADVANCED_FACE ( 'NONE', ( #7698 ), #9208, .T. ) ;
#7993 = VECTOR ( 'NONE', #9750, 1000.000000000000000 ) ;
#7995 = DIRECTION ( 'NONE',  ( 1.000000000000000000, 0.000000000000000000, 0.000000000000000000 ) ) ;
#7996 = VERTEX_POINT ( 'NONE', #12430 ) ;
#7997 = AXIS2_PLACEMENT_3D ( 'NONE', #2510, #1341, #3715 ) ;
#7998 = DIRECTION ( 'NONE',  ( -0.000000000000000000, 0.000000000000000000, 1.000000000000000000 ) ) ;
#7999 = CARTESIAN_POINT ( 'NONE',  ( 45.11403200266500590, 84.41004697847179727, 8.800000000000000711 ) ) ;
#8000 = CYLINDRICAL_SURFACE ( 'NONE', #9288, 1.750000000000001554 ) ;
#8001 = CARTESIAN_POINT ( 'NONE',  ( 119.8824524847338466, 119.8815036103776066, 10.40000000000000213 ) ) ;
#8002 = CARTESIAN_POINT ( 'NONE',  ( 136.1762620681504927, 66.92288104716577379, 10.00000000000000000 ) ) ;
#8003 = VERTEX_POINT ( 'NONE', #3064 ) ;
#8004 = VERTEX_POINT ( 'NONE', #11387 ) ;
#8006 = DIRECTION ( 'NONE',  ( -1.000000000000000000, 0.000000000000000000, 0.000000000000000000 ) ) ;
#8005 = DIRECTION ( 'NONE',  ( 0.000000000000000000, 0.000000000000000000, -1.000000000000000000 ) ) ;
#8007 = AXIS2_PLACEMENT_3D ( 'NONE', #5811, #3705, #8023 ) ;
#8008 = ORIENTED_EDGE ( 'NONE', *, *, #3750, .T. ) ;
#8009 = CARTESIAN_POINT ( 'NONE',  ( 20.17116097332560898, 79.80500000000016314, 4.400000000000001243 ) ) ;
#8010 = EDGE_CURVE ( 'NONE', #1512, #9790, #7199, .T. ) ;
#8011 = ORIENTED_EDGE ( 'NONE', *, *, #12949, .F. ) ;
#8012 = AXIS2_PLACEMENT_3D ( 'NONE', #11244, #3850, #2918 ) ;
#8013 = FACE_OUTER_BOUND ( 'NONE', #2191, .T. ) ;
#8014 = EDGE_CURVE ( 'NONE', #12682, #10581, #3279, .T. ) ;
#8015 = DIRECTION ( 'NONE',  ( 0.000000000000000000, 0.000000000000000000, -1.000000000000000000 ) ) ;
#8016 = EDGE_LOOP ( 'NONE', ( #1264, #11344, #5376, #10713 ) ) ;
#8017 = AXIS2_PLACEMENT_3D ( 'NONE', #6405, #11561, #11623 ) ;
#8018 = DIRECTION ( 'NONE',  ( -1.000000000000000000, 0.000000000000000000, 0.000000000000000000 ) ) ;
#8019 = VECTOR ( 'NONE', #3228, 1000.000000000000000 ) ;
#8020 = DIRECTION ( 'NONE',  ( -0.000000000000000000, -0.000000000000000000, -1.000000000000000000 ) ) ;
#8021 = AXIS2_PLACEMENT_3D ( 'NONE', #7120, #6447, #6199 ) ;
#8022 = VERTEX_POINT ( 'NONE', #1572 ) ;
#8023 = DIRECTION ( 'NONE',  ( 0.000000000000000000, 0.000000000000000000, 1.000000000000000000 ) ) ;
#8024 = VERTEX_POINT ( 'NONE', #5710 ) ;
#8025 = EDGE_CURVE ( 'NONE', #8643, #284, #6742, .T. ) ;
#8026 = VERTEX_POINT ( 'NONE', #13068 ) ;
#8027 = EDGE_CURVE ( 'NONE', #9376, #9800, #2669, .T. ) ;
#8028 = CIRCLE ( 'NONE', #13067, 1.750000000000001554 ) ;
#8029 = DIRECTION ( 'NONE',  ( -0.000000000000000000, -0.000000000000000000, -1.000000000000000000 ) ) ;
#8030 = AXIS2_PLACEMENT_3D ( 'NONE', #1933, #2896, #4991 ) ;
#8031 = VECTOR ( 'NONE', #2008, 1000.000000000000000 ) ;
#8032 = VERTEX_POINT ( 'NONE', #3738 ) ;
#8033 = LINE ( 'NONE', #9946, #10000 ) ;
#8034 = ORIENTED_EDGE ( 'NONE', *, *, #13530, .T. ) ;
#8035 = DIRECTION ( 'NONE',  ( -1.000000000000000000, 0.000000000000000000, 0.000000000000000000 ) ) ;
#8036 = DIRECTION ( 'NONE',  ( 0.000000000000000000, 0.000000000000000000, -1.000000000000000000 ) ) ;
#8037 = CARTESIAN_POINT ( 'NONE',  ( 45.11403200266500590, 94.46799953652343618, 8.800000000000000711 ) ) ;
#8038 = CARTESIAN_POINT ( 'NONE',  ( 174.9485405866030021, 131.3223178114732264, 10.00000000000000000 ) ) ;
#8039 = VERTEX_POINT ( 'NONE', #624 ) ;
#8040 = ORIENTED_EDGE ( 'NONE', *, *, #9118, .T. ) ;
#8041 = DIRECTION ( 'NONE',  ( -0.000000000000000000, -0.000000000000000000, -1.000000000000000000 ) ) ;
#8042 = CIRCLE ( 'NONE', #9784, 7.649999999999989697 ) ;
#8043 = LINE ( 'NONE', #10026, #7125 ) ;
#8044 = EDGE_LOOP ( 'NONE', ( #7064, #5674 ) ) ;
#8045 = FACE_OUTER_BOUND ( 'NONE', #13304, .T. ) ;
#8046 = ADVANCED_FACE ( 'NONE', ( #4762 ), #10108, .F. ) ;
#8047 = VECTOR ( 'NONE', #8352, 1000.000000000000000 ) ;
#8048 = LINE ( 'NONE', #13117, #964 ) ;
#8049 = AXIS2_PLACEMENT_3D ( 'NONE', #3164, #3418, #8481 ) ;
#8050 = EDGE_LOOP ( 'NONE', ( #4935, #6669 ) ) ;
#8051 = AXIS2_PLACEMENT_3D ( 'NONE', #3543, #1518, #8684 ) ;
#8052 = DIRECTION ( 'NONE',  ( -0.000000000000000000, -0.000000000000000000, -1.000000000000000000 ) ) ;
#8053 = DIRECTION ( 'NONE',  ( 1.000000000000000000, 0.000000000000000000, 0.000000000000000000 ) ) ;
#8054 = DIRECTION ( 'NONE',  ( -0.000000000000000000, -0.000000000000000000, -1.000000000000000000 ) ) ;
#8055 = DIRECTION ( 'NONE',  ( -0.000000000000000000, -0.000000000000000000, -1.000000000000000000 ) ) ;
#8056 = CYLINDRICAL_SURFACE ( 'NONE', #11266, 1.750000000000001554 ) ;
#8057 = EDGE_LOOP ( 'NONE', ( #2267, #9517, #10405, #4282 ) ) ;
#8058 = ORIENTED_EDGE ( 'NONE', *, *, #11880, .T. ) ;
#8059 = EDGE_CURVE ( 'NONE', #9379, #7691, #9019, .T. ) ;
#8060 = CARTESIAN_POINT ( 'NONE',  ( 125.1962509126547332, 7.991974365494981747, 0.000000000000000000 ) ) ;
#8061 = LINE ( 'NONE', #5855, #6581 ) ;
#8062 = EDGE_LOOP ( 'NONE', ( #10072, #11817, #3544, #13361 ) ) ;
#8063 = DIRECTION ( 'NONE',  ( -0.000000000000000000, 0.000000000000000000, 1.000000000000000000 ) ) ;
#8064 = FACE_OUTER_BOUND ( 'NONE', #9972, .T. ) ;
#8065 = ORIENTED_EDGE ( 'NONE', *, *, #9332, .F. ) ;
#8066 = CARTESIAN_POINT ( 'NONE',  ( 187.0936175437515487, 83.05906438913014256, 10.40000000000000213 ) ) ;
#8067 = CARTESIAN_POINT ( 'NONE',  ( 90.50672948317448174, 98.95013237564819519, 10.00000000000000000 ) ) ;
#8068 = DIRECTION ( 'NONE',  ( -0.000000000000000000, -0.000000000000000000, 1.000000000000000000 ) ) ;
#8069 = DIRECTION ( 'NONE',  ( 1.000000000000000000, 0.000000000000000000, 0.000000000000000000 ) ) ;
#8070 = ADVANCED_FACE ( 'NONE', ( #6950 ), #5911, .T. ) ;
#8071 = FACE_BOUND ( 'NONE', #11086, .T. ) ;
#8072 = ORIENTED_EDGE ( 'NONE', *, *, #314, .T. ) ;
#8073 = EDGE_LOOP ( 'NONE', ( #7524, #3940, #9839, #718 ) ) ;
#8074 = CIRCLE ( 'NONE', #2180, 8.649999999999963052 ) ;
#8075 = CARTESIAN_POINT ( 'NONE',  ( 175.8139694863819784, 23.74264681229802676, 8.800000000000000711 ) ) ;
#8076 = ADVANCED_FACE ( 'NONE', ( #11271 ), #9220, .F. ) ;
#8077 = EDGE_CURVE ( 'NONE', #4568, #11001, #7164, .T. ) ;
#8078 = PLANE ( 'NONE',  #11067 ) ;
#8079 = ORIENTED_EDGE ( 'NONE', *, *, #8317, .F. ) ;
#8080 = EDGE_CURVE ( 'NONE', #2966, #4643, #10684, .T. ) ;
#8081 = DIRECTION ( 'NONE',  ( -0.000000000000000000, 0.000000000000000000, 1.000000000000000000 ) ) ;
#8082 = CARTESIAN_POINT ( 'NONE',  ( 174.5673879116660885, 87.21061876881715591, 8.800000000000000711 ) ) ;
#8083 = ORIENTED_EDGE ( 'NONE', *, *, #13156, .T. ) ;
#8084 = DIRECTION ( 'NONE',  ( -0.000000000000000000, 0.000000000000000000, 1.000000000000000000 ) ) ;
#8085 = DIRECTION ( 'NONE',  ( -0.000000000000000000, 0.000000000000000000, 1.000000000000000000 ) ) ;
#8086 = VECTOR ( 'NONE', #4592, 1000.000000000000000 ) ;
#8087 = ORIENTED_EDGE ( 'NONE', *, *, #9367, .F. ) ;
#8088 = DIRECTION ( 'NONE',  ( 1.000000000000000000, 0.000000000000000000, 0.000000000000000000 ) ) ;
#8089 = EDGE_CURVE ( 'NONE', #11107, #9819, #2403, .T. ) ;
#8090 = CARTESIAN_POINT ( 'NONE',  ( 43.36403200266500590, 89.52015041444528265, 0.000000000000000000 ) ) ;
#8091 = EDGE_LOOP ( 'NONE', ( #11755, #12273, #6180, #2991 ) ) ;
#8092 = ORIENTED_EDGE ( 'NONE', *, *, #2052, .F. ) ;
#8093 = CARTESIAN_POINT ( 'NONE',  ( 191.9588390266749514, 124.7179551689040551, 10.40000000000000213 ) ) ;
#8094 = EDGE_CURVE ( 'NONE', #5067, #6144, #11790, .T. ) ;
#8095 = ORIENTED_EDGE ( 'NONE', *, *, #11372, .T. ) ;
#8096 = EDGE_CURVE ( 'NONE', #2881, #6793, #8517, .T. ) ;
#8097 = ORIENTED_EDGE ( 'NONE', *, *, #12844, .F. ) ;
#8098 = CARTESIAN_POINT ( 'NONE',  ( 127.0962509126547531, 86.03334357308700930, 10.00000000000000000 ) ) ;
#8099 = ORIENTED_EDGE ( 'NONE', *, *, #8556, .T. ) ;
#8100 = ORIENTED_EDGE ( 'NONE', *, *, #9353, .F. ) ;
#8101 = ADVANCED_FACE ( 'NONE', ( #11147 ), #13014, .F. ) ;
#8102 = CARTESIAN_POINT ( 'NONE',  ( 192.1588390266744000, 83.05906438913014256, 10.40000000000000213 ) ) ;
#8103 = DIRECTION ( 'NONE',  ( -0.7071039827808558442, 0.7071095795811643825, -0.000000000000000000 ) ) ;
#8104 = DIRECTION ( 'NONE',  ( 0.000000000000000000, 1.000000000000000000, 0.000000000000000000 ) ) ;
#8105 = EDGE_CURVE ( 'NONE', #12278, #6736, #5726, .T. ) ;
#8106 = DIRECTION ( 'NONE',  ( -0.000000000000000000, -0.000000000000000000, -1.000000000000000000 ) ) ;
#8107 = EDGE_LOOP ( 'NONE', ( #245, #7051 ) ) ;
#8108 = VERTEX_POINT ( 'NONE', #1793 ) ;
#8109 = CARTESIAN_POINT ( 'NONE',  ( 92.40672948317448743, 59.72174035506507295, 10.00000000000000000 ) ) ;
#8110 = DIRECTION ( 'NONE',  ( -0.000000000000000000, -0.000000000000000000, -1.000000000000000000 ) ) ;
#8111 = ORIENTED_EDGE ( 'NONE', *, *, #2993, .F. ) ;
#8112 = CARTESIAN_POINT ( 'NONE',  ( 41.11730598147647697, 58.29192021169607330, 0.000000000000000000 ) ) ;
#8113 = AXIS2_PLACEMENT_3D ( 'NONE', #9780, #8818, #3546 ) ;
#8114 = CARTESIAN_POINT ( 'NONE',  ( 0.000000000000000000, -14.38999999999998636, 10.00000000000000000 ) ) ;
#8115 = ORIENTED_EDGE ( 'NONE', *, *, #5380, .F. ) ;
#8116 = CARTESIAN_POINT ( 'NONE',  ( 146.1597551873219345, 11.65909888836609731, 10.00000000000000000 ) ) ;
#8117 = EDGE_CURVE ( 'NONE', #8416, #4024, #5930, .T. ) ;
#8118 = AXIS2_PLACEMENT_3D ( 'NONE', #8037, #668, #10086 ) ;
#8119 = LINE ( 'NONE', #5975, #5526 ) ;
#8120 = DIRECTION ( 'NONE',  ( -0.000000000000000000, -0.000000000000000000, -1.000000000000000000 ) ) ;
#8121 = CARTESIAN_POINT ( 'NONE',  ( 174.7485405866029851, 14.69285506076201742, 8.800000000000000711 ) ) ;
#8122 = DIRECTION ( 'NONE',  ( -0.000000000000000000, -0.000000000000000000, -1.000000000000000000 ) ) ;
#8123 = VERTEX_POINT ( 'NONE', #9041 ) ;
#8124 = VERTEX_POINT ( 'NONE', #12122 ) ;
#8125 = CARTESIAN_POINT ( 'NONE',  ( 25.54116097332610025, 121.8673531877020793, 8.800000000000000711 ) ) ;
#8126 = ORIENTED_EDGE ( 'NONE', *, *, #4543, .T. ) ;
#8127 = CYLINDRICAL_SURFACE ( 'NONE', #1, 1.750000000000001554 ) ;
#8128 = AXIS2_PLACEMENT_3D ( 'NONE', #8933, #2710, #5828 ) ;
#8129 = CARTESIAN_POINT ( 'NONE',  ( 12.49999999999989875, 131.8050000000002626, 10.00000000000000000 ) ) ;
#8130 = EDGE_LOOP ( 'NONE', ( #2683, #3762, #10851, #11019 ) ) ;
#8131 = EDGE_CURVE ( 'NONE', #7229, #1675, #12244, .T. ) ;
#8132 = CARTESIAN_POINT ( 'NONE',  ( 175.7827480034592043, 101.3592244094420494, 8.800000000000000711 ) ) ;
#8133 = DIRECTION ( 'NONE',  ( -1.000000000000000000, 0.000000000000000000, 0.000000000000000000 ) ) ;
#8134 = CARTESIAN_POINT ( 'NONE',  ( 42.85258495182370098, 19.47317995467786389, 0.000000000000000000 ) ) ;
#8135 = FACE_OUTER_BOUND ( 'NONE', #5484, .T. ) ;
#8136 = FACE_BOUND ( 'NONE', #6913, .T. ) ;
#8137 = ORIENTED_EDGE ( 'NONE', *, *, #6932, .T. ) ;
#8138 = CIRCLE ( 'NONE', #9010, 8.649999999999963052 ) ;
#8139 = EDGE_LOOP ( 'NONE', ( #3440, #2677, #2707, #8222 ) ) ;
#8140 = DIRECTION ( 'NONE',  ( -0.7071067811865442421, -0.7071067811865507924, -0.000000000000000000 ) ) ;
#8141 = DIRECTION ( 'NONE',  ( -1.000000000000000000, 0.000000000000000000, 0.000000000000000000 ) ) ;
#8142 = ORIENTED_EDGE ( 'NONE', *, *, #6057, .F. ) ;
#8143 = VERTEX_POINT ( 'NONE', #2620 ) ;
#8144 = CARTESIAN_POINT ( 'NONE',  ( 25.34116097332609385, 83.05906438913005729, 8.800000000000000711 ) ) ;
#8145 = AXIS2_PLACEMENT_3D ( 'NONE', #10824, #10886, #517 ) ;
#8146 = CIRCLE ( 'NONE', #4626, 1.750000000000001554 ) ;
#8147 = DIRECTION ( 'NONE',  ( -0.000000000000000000, -0.000000000000000000, -1.000000000000000000 ) ) ;
#8148 = EDGE_LOOP ( 'NONE', ( #9384, #6438, #6206, #12338 ) ) ;
#8149 = EDGE_CURVE ( 'NONE', #2941, #12682, #11134, .T. ) ;
#8150 = CARTESIAN_POINT ( 'NONE',  ( 42.85258495182370098, 14.31924111348213025, 8.800000000000000711 ) ) ;
#8151 = DIRECTION ( 'NONE',  ( -0.000000000000000000, -0.000000000000000000, -1.000000000000000000 ) ) ;
#8152 = AXIS2_PLACEMENT_3D ( 'NONE', #10906, #7899, #6275 ) ;
#8153 = EDGE_LOOP ( 'NONE', ( #4792, #3623, #3435, #13093, #1533 ) ) ;
#8154 = ORIENTED_EDGE ( 'NONE', *, *, #6493, .F. ) ;
#8155 = FACE_OUTER_BOUND ( 'NONE', #11145, .T. ) ;
#8156 = AXIS2_PLACEMENT_3D ( 'NONE', #8114, #10231, #4885 ) ;
#8157 = EDGE_LOOP ( 'NONE', ( #5120, #12655 ) ) ;
#8158 = VECTOR ( 'NONE', #13037, 1000.000000000000000 ) ;
#8159 = ORIENTED_EDGE ( 'NONE', *, *, #13177, .T. ) ;
#8160 = ADVANCED_FACE ( 'NONE', ( #572 ), #8971, .F. ) ;
#8161 = AXIS2_PLACEMENT_3D ( 'NONE', #8067, #7238, #5037 ) ;
#8162 = VECTOR ( 'NONE', #9361, 1000.000000000000000 ) ;
#8163 = DIRECTION ( 'NONE',  ( -0.000000000000000000, 0.000000000000000000, 1.000000000000000000 ) ) ;
#8164 = CYLINDRICAL_SURFACE ( 'NONE', #3769, 8.649999999999963052 ) ;
#8165 = ORIENTED_EDGE ( 'NONE', *, *, #1670, .F. ) ;
#8166 = EDGE_CURVE ( 'NONE', #10500, #6455, #141, .T. ) ;
#8167 = ADVANCED_FACE ( 'NONE', ( #6127 ), #8407, .F. ) ;
#8168 = VECTOR ( 'NONE', #4339, 1000.000000000000000 ) ;
#8169 = VECTOR ( 'NONE', #2689, 1000.000000000000000 ) ;
#8170 = ORIENTED_EDGE ( 'NONE', *, *, #13531, .F. ) ;
#8171 = DIRECTION ( 'NONE',  ( -1.000000000000000000, 0.000000000000000000, 0.000000000000000000 ) ) ;
#8172 = DIRECTION ( 'NONE',  ( 1.000000000000000000, 0.000000000000000000, 0.000000000000000000 ) ) ;
#8173 = DIRECTION ( 'NONE',  ( 1.000000000000000000, 0.000000000000000000, 0.000000000000000000 ) ) ;
#8174 = LINE ( 'NONE', #12352, #118 ) ;
#8175 = ORIENTED_EDGE ( 'NONE', *, *, #11495, .F. ) ;
#8176 = VERTEX_POINT ( 'NONE', #1168 ) ;
#8177 = FACE_OUTER_BOUND ( 'NONE', #7983, .T. ) ;
#8178 = CARTESIAN_POINT ( 'NONE',  ( 83.14083265857169636, 0.7544085079435802754, 8.800000000000000711 ) ) ;
#8179 = VECTOR ( 'NONE', #4192, 1000.000000000000000 ) ;
#8180 = ORIENTED_EDGE ( 'NONE', *, *, #266, .T. ) ;
#8181 = VECTOR ( 'NONE', #10898, 1000.000000000000000 ) ;
#8182 = CARTESIAN_POINT ( 'NONE',  ( 140.5244221264164253, 81.91230903241692829, 8.800000000000000711 ) ) ;
#8183 = AXIS2_PLACEMENT_3D ( 'NONE', #8977, #13154, #7875 ) ;
#8184 = ADVANCED_FACE ( 'NONE', ( #5117 ), #2189, .F. ) ;
#8185 = CARTESIAN_POINT ( 'NONE',  ( 172.5127247140765121, 99.94750278602708704, 10.00000000000000000 ) ) ;
#8186 = VERTEX_POINT ( 'NONE', #12657 ) ;
#8187 = AXIS2_PLACEMENT_3D ( 'NONE', #9994, #10061, #6825 ) ;
#8188 = CARTESIAN_POINT ( 'NONE',  ( 44.07392876730119724, 127.4562887224804655, 10.00000000000000000 ) ) ;
#8189 = CIRCLE ( 'NONE', #2075, 3.599999999999995648 ) ;
#8190 = CARTESIAN_POINT ( 'NONE',  ( 44.07392876730119724, 127.4562887224804655, 0.000000000000000000 ) ) ;
#8191 = FACE_OUTER_BOUND ( 'NONE', #10223, .T. ) ;
#8192 = LINE ( 'NONE', #1842, #794 ) ;
#8193 = ORIENTED_EDGE ( 'NONE', *, *, #3415, .F. ) ;
#8194 = ORIENTED_EDGE ( 'NONE', *, *, #10065, .T. ) ;
#8195 = FACE_OUTER_BOUND ( 'NONE', #11217, .T. ) ;
#8196 = AXIS2_PLACEMENT_3D ( 'NONE', #7782, #12917, #6667 ) ;
#8197 = CARTESIAN_POINT ( 'NONE',  ( 42.85258495182370098, 14.31924111348213025, 8.800000000000000711 ) ) ;
#8198 = ADVANCED_FACE ( 'NONE', ( #3222, #12517, #212, #2051, #10451, #6320, #7314, #11481, #5311, #1987, #3150, #13478, #4090, #11414, #2121, #10384, #12588, #9310, #7443, #73, #9505, #11610, #1047, #1236, #5186, #6260, #1111, #7386, #5247, #6389, #4212, #5374, #9438, #9574, #11550, #12388, #7179, #11353, #10314, #973, #7581, #553, #8540, #2458, #10712, #12996, #10921, #1514, #5709, #9692, #9900, #11818, #11684 ), #2605, .F. ) ;
#8199 = ORIENTED_EDGE ( 'NONE', *, *, #13190, .T. ) ;
#8200 = DIRECTION ( 'NONE',  ( 0.000000000000000000, -0.000000000000000000, -1.000000000000000000 ) ) ;
#8201 = ADVANCED_FACE ( 'NONE', ( #6456 ), #10646, .F. ) ;
#8202 = CARTESIAN_POINT ( 'NONE',  ( 192.1588390266744000, 82.80500000000017735, 4.400000000000001243 ) ) ;
#8203 = ORIENTED_EDGE ( 'NONE', *, *, #5946, .F. ) ;
#8204 = AXIS2_PLACEMENT_3D ( 'NONE', #3931, #13260, #1908 ) ;
#8205 = CARTESIAN_POINT ( 'NONE',  ( 173.1985405866030021, 131.3223178114732264, 8.800000000000000711 ) ) ;
#8206 = DIRECTION ( 'NONE',  ( -0.000000000000000000, 0.000000000000000000, 1.000000000000000000 ) ) ;
#8207 = DIRECTION ( 'NONE',  ( 1.000000000000000000, 0.000000000000000000, 0.000000000000000000 ) ) ;
#8208 = AXIS2_PLACEMENT_3D ( 'NONE', #3020, #12510, #901 ) ;
#8209 = FACE_BOUND ( 'NONE', #1575, .T. ) ;
#8210 = ORIENTED_EDGE ( 'NONE', *, *, #799, .T. ) ;
#8211 = ORIENTED_EDGE ( 'NONE', *, *, #10650, .T. ) ;
#8212 = FACE_OUTER_BOUND ( 'NONE', #11994, .T. ) ;
#8213 = EDGE_LOOP ( 'NONE', ( #3103, #11766, #3014, #1159 ) ) ;
#8214 = ORIENTED_EDGE ( 'NONE', *, *, #7260, .T. ) ;
#8215 = EDGE_CURVE ( 'NONE', #9376, #10958, #2859, .T. ) ;
#8216 = CIRCLE ( 'NONE', #7341, 1.750000000000001554 ) ;
#8217 = CYLINDRICAL_SURFACE ( 'NONE', #10204, 1.750000000000001554 ) ;
#8218 = FACE_OUTER_BOUND ( 'NONE', #11921, .T. ) ;
#8219 = VERTEX_POINT ( 'NONE', #274 ) ;
#8220 = LINE ( 'NONE', #988, #1209 ) ;
#8221 = FACE_OUTER_BOUND ( 'NONE', #4426, .T. ) ;
#8222 = ORIENTED_EDGE ( 'NONE', *, *, #7476, .F. ) ;
#8223 = TOROIDAL_SURFACE ( 'NONE', #2331, 5.099999999999987210, 1.500000000000000000 ) ;
#8224 = DIRECTION ( 'NONE',  ( 1.000000000000000000, 0.000000000000000000, 0.000000000000000000 ) ) ;
#8225 = ORIENTED_EDGE ( 'NONE', *, *, #3067, .F. ) ;
#8226 = VERTEX_POINT ( 'NONE', #9834 ) ;
#8227 = EDGE_CURVE ( 'NONE', #13491, #5753, #4405, .T. ) ;
#8228 = CARTESIAN_POINT ( 'NONE',  ( 45.11403200266500590, 123.7087698414060526, 8.800000000000000711 ) ) ;
#8229 = VECTOR ( 'NONE', #5131, 1000.000000000000000 ) ;
#8230 = DIRECTION ( 'NONE',  ( -0.000000000000000000, -0.000000000000000000, -1.000000000000000000 ) ) ;
#8231 = CARTESIAN_POINT ( 'NONE',  ( 49.98808048666279547, 49.98808048666326442, 0.000000000000000000 ) ) ;
#8232 = VERTEX_POINT ( 'NONE', #12921 ) ;
#8233 = CIRCLE ( 'NONE', #5581, 1.899999999999957279 ) ;
#8234 = ORIENTED_EDGE ( 'NONE', *, *, #3972, .T. ) ;
#8235 = CARTESIAN_POINT ( 'NONE',  ( 126.9383251953236140, 137.2223487795121173, 8.800000000000000711 ) ) ;
#8236 = DIRECTION ( 'NONE',  ( 1.000000000000000000, 0.000000000000000000, 0.000000000000000000 ) ) ;
#8237 = FACE_OUTER_BOUND ( 'NONE', #6743, .T. ) ;
#8238 = DIRECTION ( 'NONE',  ( -0.000000000000000000, 0.000000000000000000, 1.000000000000000000 ) ) ;
#8239 = ORIENTED_EDGE ( 'NONE', *, *, #196, .T. ) ;
#8240 = VERTEX_POINT ( 'NONE', #4615 ) ;
#8241 = EDGE_CURVE ( 'NONE', #11602, #2494, #5501, .T. ) ;
#8242 = CYLINDRICAL_SURFACE ( 'NONE', #10353, 1.750000000000001554 ) ;
#8243 = CARTESIAN_POINT ( 'NONE',  ( 136.5252465877439079, 54.88588100076002974, 9.400000000000018119 ) ) ;
#8244 = VERTEX_POINT ( 'NONE', #12787 ) ;
#8245 = AXIS2_PLACEMENT_3D ( 'NONE', #2563, #3829, #12194 ) ;
#8246 = CARTESIAN_POINT ( 'NONE',  ( 33.40638245624897706, 28.60989453229145596, 10.40000000000000213 ) ) ;
#8247 = ORIENTED_EDGE ( 'NONE', *, *, #9422, .T. ) ;
#8248 = AXIS2_PLACEMENT_3D ( 'NONE', #6852, #12967, #4870 ) ;
#8249 = EDGE_CURVE ( 'NONE', #2681, #7990, #3411, .T. ) ;
#8250 = EDGE_CURVE ( 'NONE', #3855, #4720, #672, .T. ) ;
#8251 = DIRECTION ( 'NONE',  ( -0.000000000000000000, -0.000000000000000000, -1.000000000000000000 ) ) ;
#8252 = DIRECTION ( 'NONE',  ( -0.000000000000000000, 0.000000000000000000, 1.000000000000000000 ) ) ;
#8253 = EDGE_LOOP ( 'NONE', ( #10397, #3504 ) ) ;
#8254 = VECTOR ( 'NONE', #13317, 1000.000000000000000 ) ;
#8255 = DIRECTION ( 'NONE',  ( 1.000000000000000000, 0.000000000000000000, 0.000000000000000000 ) ) ;
#8256 = VECTOR ( 'NONE', #6496, 1000.000000000000000 ) ;
#8257 = LINE ( 'NONE', #12437, #8179 ) ;
#8258 = ORIENTED_EDGE ( 'NONE', *, *, #10317, .F. ) ;
#8259 = EDGE_CURVE ( 'NONE', #3947, #11797, #349, .T. ) ;
#8260 = FACE_OUTER_BOUND ( 'NONE', #2362, .T. ) ;
#8261 = CARTESIAN_POINT ( 'NONE',  ( 81.02043897411351736, 90.72411899924007628, 10.40000000000000213 ) ) ;
#8262 = ORIENTED_EDGE ( 'NONE', *, *, #12502, .F. ) ;
#8263 = ORIENTED_EDGE ( 'NONE', *, *, #4494, .F. ) ;
#8264 = CIRCLE ( 'NONE', #7599, 1.750000000000001554 ) ;
#8265 = AXIS2_PLACEMENT_3D ( 'NONE', #11256, #3861, #3792 ) ;
#8266 = EDGE_CURVE ( 'NONE', #3776, #939, #6594, .T. ) ;
#8267 = LINE ( 'NONE', #6355, #2505 ) ;
#8268 = ADVANCED_FACE ( 'NONE', ( #3612 ), #5576, .F. ) ;
#8269 = ORIENTED_EDGE ( 'NONE', *, *, #9097, .T. ) ;
#8270 = DIRECTION ( 'NONE',  ( 1.000000000000000000, 4.297894068818421720E-16, 0.000000000000000000 ) ) ;
#8271 = CIRCLE ( 'NONE', #5614, 1.750000000000001554 ) ;
#8272 = CARTESIAN_POINT ( 'NONE',  ( 136.5408573292053234, 16.07759220218804330, 8.800000000000000711 ) ) ;
#8273 = ORIENTED_EDGE ( 'NONE', *, *, #2464, .F. ) ;
#8274 = CIRCLE ( 'NONE', #4980, 5.099999999999993427 ) ;
#8275 = CARTESIAN_POINT ( 'NONE',  ( 71.25833726339713792, 17.18080354114162489, 0.000000000000000000 ) ) ;
#8276 = DIRECTION ( 'NONE',  ( 0.2810846377147923070, -0.6785983445458434460, 0.6785983445458622088 ) ) ;
#8277 = EDGE_CURVE ( 'NONE', #5693, #7595, #10045, .T. ) ;
#8278 = EDGE_CURVE ( 'NONE', #12170, #1492, #8955, .T. ) ;
#8279 = FACE_BOUND ( 'NONE', #378, .T. ) ;
#8280 = VERTEX_POINT ( 'NONE', #11975 ) ;
#8281 = DIRECTION ( 'NONE',  ( 1.000000000000000000, 0.000000000000000000, 0.000000000000000000 ) ) ;
#8282 = VERTEX_POINT ( 'NONE', #5659 ) ;
#8283 = ORIENTED_EDGE ( 'NONE', *, *, #3173, .F. ) ;
#8284 = PLANE ( 'NONE',  #4508 ) ;
#8285 = FACE_OUTER_BOUND ( 'NONE', #7318, .T. ) ;
#8286 = ORIENTED_EDGE ( 'NONE', *, *, #2970, .F. ) ;
#8287 = CARTESIAN_POINT ( 'NONE',  ( 192.1588390266744000, 82.80500000000017735, 4.400000000000001243 ) ) ;
#8288 = AXIS2_PLACEMENT_3D ( 'NONE', #1454, #9787, #432 ) ;
#8289 = FACE_OUTER_BOUND ( 'NONE', #1641, .T. ) ;
#8290 = EDGE_CURVE ( 'NONE', #13457, #6793, #6750, .T. ) ;
#8291 = ORIENTED_EDGE ( 'NONE', *, *, #10573, .F. ) ;
#8292 = CARTESIAN_POINT ( 'NONE',  ( 81.05166045703634836, 13.10754140209606078, 9.400000000000034106 ) ) ;
#8293 = ORIENTED_EDGE ( 'NONE', *, *, #9823, .T. ) ;
#8294 = EDGE_LOOP ( 'NONE', ( #3462, #8203 ) ) ;
#8295 = DIRECTION ( 'NONE',  ( -1.000000000000000000, 0.000000000000000000, 0.000000000000000000 ) ) ;
#8296 = CARTESIAN_POINT ( 'NONE',  ( 69.35833726339713223, 56.04032460332424392, 0.000000000000000000 ) ) ;
#8297 = FACE_OUTER_BOUND ( 'NONE', #2977, .T. ) ;
#8298 = ORIENTED_EDGE ( 'NONE', *, *, #3236, .T. ) ;
#8299 = ORIENTED_EDGE ( 'NONE', *, *, #3001, .F. ) ;
#8300 = CYLINDRICAL_SURFACE ( 'NONE', #997, 1.750000000000001554 ) ;
#8301 = DIRECTION ( 'NONE',  ( -0.000000000000000000, -0.000000000000000000, -1.000000000000000000 ) ) ;
#8302 = ADVANCED_FACE ( 'NONE', ( #3488 ), #9843, .F. ) ;
#8303 = LINE ( 'NONE', #2085, #7096 ) ;
#8304 = ORIENTED_EDGE ( 'NONE', *, *, #13386, .T. ) ;
#8305 = VECTOR ( 'NONE', #1969, 1000.000000000000000 ) ;
#8306 = DIRECTION ( 'NONE',  ( 1.000000000000000000, 0.000000000000000000, 0.000000000000000000 ) ) ;
#8307 = DIRECTION ( 'NONE',  ( -0.000000000000000000, 0.000000000000000000, 1.000000000000000000 ) ) ;
#8308 = EDGE_LOOP ( 'NONE', ( #7744, #1910, #13274, #7167 ) ) ;
#8309 = CARTESIAN_POINT ( 'NONE',  ( 200.5000000000004547, 160.0000000000004547, 0.000000000000000000 ) ) ;
#8310 = ORIENTED_EDGE ( 'NONE', *, *, #12878, .F. ) ;
#8311 = DIRECTION ( 'NONE',  ( -1.000000000000000000, 0.000000000000000000, 0.000000000000000000 ) ) ;
#8312 = EDGE_CURVE ( 'NONE', #11978, #6622, #3340, .T. ) ;
#8313 = ORIENTED_EDGE ( 'NONE', *, *, #10669, .F. ) ;
#8314 = CARTESIAN_POINT ( 'NONE',  ( 0.000000000000000000, 83.05906438913014256, 8.800000000000000711 ) ) ;
#8315 = DIRECTION ( 'NONE',  ( -1.000000000000000000, 0.000000000000000000, 0.000000000000000000 ) ) ;
#8316 = EDGE_CURVE ( 'NONE', #7926, #3493, #13331, .T. ) ;
#8317 = EDGE_CURVE ( 'NONE', #802, #3041, #3487, .T. ) ;
#8318 = DIRECTION ( 'NONE',  ( 1.000000000000000000, 0.000000000000000000, 0.000000000000000000 ) ) ;
#8319 = VERTEX_POINT ( 'NONE', #2388 ) ;
#8320 = DIRECTION ( 'NONE',  ( 0.7071067811865470176, 0.7071067811865480168, 0.000000000000000000 ) ) ;
#8321 = DIRECTION ( 'NONE',  ( 1.000000000000000000, 0.000000000000000000, 0.000000000000000000 ) ) ;
#8322 = CARTESIAN_POINT ( 'NONE',  ( 20.60000000000003695, 153.0000000000004547, 7.000000000000000000 ) ) ;
#8323 = VERTEX_POINT ( 'NONE', #6516 ) ;
#8324 = DIRECTION ( 'NONE',  ( 0.000000000000000000, 0.000000000000000000, 1.000000000000000000 ) ) ;
#8325 = ORIENTED_EDGE ( 'NONE', *, *, #2035, .F. ) ;
#8326 = DIRECTION ( 'NONE',  ( -1.000000000000000000, 0.000000000000000000, 0.000000000000000000 ) ) ;
#8327 = EDGE_CURVE ( 'NONE', #6653, #13081, #7422, .T. ) ;
#8328 = LINE ( 'NONE', #8202, #1506 ) ;
#8329 = VECTOR ( 'NONE', #13275, 1000.000000000000000 ) ;
#8330 = ORIENTED_EDGE ( 'NONE', *, *, #6233, .T. ) ;
#8331 = EDGE_CURVE ( 'NONE', #3180, #13301, #3287, .T. ) ;
#8332 = FACE_OUTER_BOUND ( 'NONE', #4829, .T. ) ;
#8333 = DIRECTION ( 'NONE',  ( 0.000000000000000000, 0.000000000000000000, 1.000000000000000000 ) ) ;
#8334 = DIRECTION ( 'NONE',  ( 1.000000000000000000, 0.000000000000000000, 0.000000000000000000 ) ) ;
#8335 = CARTESIAN_POINT ( 'NONE',  ( 128.8596358462825719, 93.69416979933204459, 10.40000000000000213 ) ) ;
#8336 = EDGE_LOOP ( 'NONE', ( #10083, #4465, #2294, #11568 ) ) ;
#8337 = DIRECTION ( 'NONE',  ( 0.000000000000000000, -1.000000000000000000, 0.000000000000000000 ) ) ;
#8338 = ORIENTED_EDGE ( 'NONE', *, *, #2176, .F. ) ;
#8339 = VECTOR ( 'NONE', #1005, 1000.000000000000000 ) ;
#8340 = ORIENTED_EDGE ( 'NONE', *, *, #4295, .T. ) ;
#8341 = ADVANCED_FACE ( 'NONE', ( #9893 ), #1638, .F. ) ;
#8342 = EDGE_CURVE ( 'NONE', #11162, #3288, #5016, .T. ) ;
#8343 = DIRECTION ( 'NONE',  ( -1.000000000000000000, 0.000000000000000000, 0.000000000000000000 ) ) ;
#8344 = VERTEX_POINT ( 'NONE', #7706 ) ;
#8345 = AXIS2_PLACEMENT_3D ( 'NONE', #916, #2838, #2902 ) ;
#8346 = CARTESIAN_POINT ( 'NONE',  ( 32.40638245624899838, 44.25077559055805665, 9.400000000000027001 ) ) ;
#8347 = DIRECTION ( 'NONE',  ( -0.000000000000000000, 0.000000000000000000, 1.000000000000000000 ) ) ;
#8348 = ORIENTED_EDGE ( 'NONE', *, *, #6156, .T. ) ;
#8349 = DIRECTION ( 'NONE',  ( -0.000000000000000000, 0.000000000000000000, 1.000000000000000000 ) ) ;
#8350 = ORIENTED_EDGE ( 'NONE', *, *, #2132, .F. ) ;
#8351 = ORIENTED_EDGE ( 'NONE', *, *, #8277, .T. ) ;
#8352 = DIRECTION ( 'NONE',  ( -0.000000000000000000, -0.000000000000000000, -1.000000000000000000 ) ) ;
#8353 = VECTOR ( 'NONE', #3065, 1000.000000000000000 ) ;
#8354 = EDGE_CURVE ( 'NONE', #7035, #1287, #2732, .T. ) ;
#8355 = ADVANCED_FACE ( 'NONE', ( #5497 ), #8881, .F. ) ;
#8356 = DIRECTION ( 'NONE',  ( -0.000000000000000000, -0.000000000000000000, -1.000000000000000000 ) ) ;
#8357 = CARTESIAN_POINT ( 'NONE',  ( 42.85258495182370098, 19.47317995467786389, 8.800000000000000711 ) ) ;
#8358 = DIRECTION ( 'NONE',  ( -1.000000000000000000, -0.000000000000000000, -0.000000000000000000 ) ) ;
#8359 = ORIENTED_EDGE ( 'NONE', *, *, #3666, .T. ) ;
#8360 = ORIENTED_EDGE ( 'NONE', *, *, #2114, .T. ) ;
#8361 = DIRECTION ( 'NONE',  ( -1.000000000000000000, 0.000000000000000000, -0.000000000000000000 ) ) ;
#8362 = CARTESIAN_POINT ( 'NONE',  ( 170.7627247140764837, 99.94750278602708704, 8.800000000000000711 ) ) ;
#8363 = CARTESIAN_POINT ( 'NONE',  ( 174.9485405866030021, 136.4482890466690037, 8.800000000000000711 ) ) ;
#8364 = CARTESIAN_POINT ( 'NONE',  ( 17.17116097332557700, 82.80500000000016314, 4.400000000000001243 ) ) ;
#8365 = AXIS2_PLACEMENT_3D ( 'NONE', #5316, #481, #1576 ) ;
#8366 = CIRCLE ( 'NONE', #2481, 1.500000000000000000 ) ;
#8367 = LINE ( 'NONE', #12550, #1213 ) ;
#8368 = EDGE_LOOP ( 'NONE', ( #3489, #6187, #2471, #1098 ) ) ;
#8369 = DIRECTION ( 'NONE',  ( 0.8164960423742967377, -1.615656019350333106E-06, -0.5773510308161753368 ) ) ;
#8370 = CARTESIAN_POINT ( 'NONE',  ( 85.00734701375183988, 39.62327421210908085, 8.800000000000000711 ) ) ;
#8371 = ORIENTED_EDGE ( 'NONE', *, *, #1951, .T. ) ;
#8372 = CARTESIAN_POINT ( 'NONE',  ( 12.50000000000001243, 117.8048945322916836, 0.000000000000000000 ) ) ;
#8373 = ORIENTED_EDGE ( 'NONE', *, *, #12307, .F. ) ;
#8374 = CIRCLE ( 'NONE', #6598, 1.900000000000012790 ) ;
#8375 = ADVANCED_FACE ( 'NONE', ( #8952 ), #7907, .F. ) ;
#8376 = AXIS2_PLACEMENT_3D ( 'NONE', #2820, #6066, #840 ) ;
#8377 = AXIS2_PLACEMENT_3D ( 'NONE', #6974, #3835, #913 ) ;
#8378 = PLANE ( 'NONE',  #5713 ) ;
#8379 = ORIENTED_EDGE ( 'NONE', *, *, #10843, .T. ) ;
#8380 = CARTESIAN_POINT ( 'NONE',  ( 67.45833726339711234, 95.27330718339189275, 0.000000000000000000 ) ) ;
#8381 = CARTESIAN_POINT ( 'NONE',  ( 41.48425972428614017, 82.05906438913005729, 10.40000000000000213 ) ) ;
#8382 = DIRECTION ( 'NONE',  ( -1.000000000000000000, 0.000000000000000000, 0.000000000000000000 ) ) ;
#8383 = VECTOR ( 'NONE', #7380, 1000.000000000000114 ) ;
#8384 = AXIS2_PLACEMENT_3D ( 'NONE', #12570, #7427, #5292 ) ;
#8385 = CARTESIAN_POINT ( 'NONE',  ( 170.7627247140764837, 12.21742430899847776, 0.000000000000000000 ) ) ;
#8386 = VERTEX_POINT ( 'NONE', #5570 ) ;
#8387 = CYLINDRICAL_SURFACE ( 'NONE', #8384, 1.900000000000012790 ) ;
#8388 = DIRECTION ( 'NONE',  ( 1.000000000000000000, 1.801302180350779826E-16, 0.000000000000000000 ) ) ;
#8389 = EDGE_LOOP ( 'NONE', ( #7657, #12532, #11355, #8461 ) ) ;
#8390 = VECTOR ( 'NONE', #3810, 1000.000000000000000 ) ;
#8391 = LINE ( 'NONE', #5361, #3301 ) ;
#8392 = ORIENTED_EDGE ( 'NONE', *, *, #12925, .T. ) ;
#8393 = DIRECTION ( 'NONE',  ( -0.000000000000000000, 0.000000000000000000, 1.000000000000000000 ) ) ;
#8394 = EDGE_CURVE ( 'NONE', #8743, #6079, #6802, .T. ) ;
#8395 = VECTOR ( 'NONE', #4237, 1000.000000000000000 ) ;
#8396 = CIRCLE ( 'NONE', #2729, 1.750000000000001554 ) ;
#8397 = FACE_OUTER_BOUND ( 'NONE', #9308, .T. ) ;
#8398 = VERTEX_POINT ( 'NONE', #7646 ) ;
#8399 = DIRECTION ( 'NONE',  ( 1.000000000000000000, 0.000000000000000000, 0.000000000000000000 ) ) ;
#8400 = DIRECTION ( 'NONE',  ( -0.000000000000000000, 0.000000000000000000, 1.000000000000000000 ) ) ;
#8401 = CARTESIAN_POINT ( 'NONE',  ( 175.7983587449205913, 62.55093561087003451, 8.800000000000000711 ) ) ;
#8402 = CARTESIAN_POINT ( 'NONE',  ( 127.8908573292053603, 16.07759220218804330, 10.40000000000000213 ) ) ;
#8403 = VECTOR ( 'NONE', #12832, 999.9999999999998863 ) ;
#8404 = FACE_BOUND ( 'NONE', #6544, .T. ) ;
#8405 = ORIENTED_EDGE ( 'NONE', *, *, #2406, .T. ) ;
#8406 = ADVANCED_FACE ( 'NONE', ( #4548 ), #4480, .F. ) ;
#8407 = CYLINDRICAL_SURFACE ( 'NONE', #6976, 1.750000000000029310 ) ;
#8408 = AXIS2_PLACEMENT_3D ( 'NONE', #699, #8769, #11710 ) ;
#8409 = ORIENTED_EDGE ( 'NONE', *, *, #9259, .T. ) ;
#8410 = ORIENTED_EDGE ( 'NONE', *, *, #7824, .F. ) ;
#8411 = EDGE_CURVE ( 'NONE', #5538, #6003, #10982, .T. ) ;
#8412 = ADVANCED_FACE ( 'NONE', ( #3472 ), #5775, .F. ) ;
#8413 = CARTESIAN_POINT ( 'NONE',  ( 174.9485405866030021, 136.4482890466690037, 10.00000000000000000 ) ) ;
#8414 = VECTOR ( 'NONE', #11285, 1000.000000000000000 ) ;
#8415 = CARTESIAN_POINT ( 'NONE',  ( 12.49999999999989875, 131.8050000000002626, 0.000000000000000000 ) ) ;
#8416 = VERTEX_POINT ( 'NONE', #5642 ) ;
#8417 = AXIS2_PLACEMENT_3D ( 'NONE', #1465, #9797, #13140 ) ;
#8418 = CARTESIAN_POINT ( 'NONE',  ( 200.5000000000004547, 153.0000000000004547, 0.000000000000000000 ) ) ;
#8419 = CARTESIAN_POINT ( 'NONE',  ( 73.37043897411352589, 90.72411899924007628, 10.40000000000000213 ) ) ;
#8420 = ORIENTED_EDGE ( 'NONE', *, *, #12127, .T. ) ;
#8421 = ADVANCED_FACE ( 'NONE', ( #8741 ), #2453, .F. ) ;
#8422 = CARTESIAN_POINT ( 'NONE',  ( 41.11730598147647697, 53.15839306104777506, 8.800000000000000711 ) ) ;
#8423 = VECTOR ( 'NONE', #3678, 1000.000000000000000 ) ;
#8424 = ORIENTED_EDGE ( 'NONE', *, *, #8059, .F. ) ;
#8425 = VERTEX_POINT ( 'NONE', #10849 ) ;
#8426 = VECTOR ( 'NONE', #13404, 1000.000000000000000 ) ;
#8427 = EDGE_CURVE ( 'NONE', #9504, #8039, #4756, .T. ) ;
#8428 = CARTESIAN_POINT ( 'NONE',  ( 20.17116097332560898, 82.80500000000016314, 9.000000000000001776 ) ) ;
#8429 = DIRECTION ( 'NONE',  ( -1.000000000000000000, 0.000000000000000000, 0.000000000000000000 ) ) ;
#8430 = DIRECTION ( 'NONE',  ( -0.7071067811865507924, 0.7071067811865441310, -0.000000000000000000 ) ) ;
#8431 = ORIENTED_EDGE ( 'NONE', *, *, #7622, .F. ) ;
#8432 = CIRCLE ( 'NONE', #6013, 1.750000000000001554 ) ;
#8433 = EDGE_LOOP ( 'NONE', ( #11683, #5115, #1245, #8760, #7110, #11717, #985 ) ) ;
#8434 = DIRECTION ( 'NONE',  ( -0.000000000000000000, -0.000000000000000000, -1.000000000000000000 ) ) ;
#8435 = CARTESIAN_POINT ( 'NONE',  ( 45.11403200266500590, 128.8636569258251825, 0.000000000000000000 ) ) ;
#8436 = AXIS2_PLACEMENT_3D ( 'NONE', #8931, #2370, #4734 ) ;
#8437 = DIRECTION ( 'NONE',  ( -0.000000000000000000, -0.000000000000000000, -1.000000000000000000 ) ) ;
#8438 = ORIENTED_EDGE ( 'NONE', *, *, #5643, .T. ) ;
#8439 = EDGE_CURVE ( 'NONE', #2986, #11872, #9830, .T. ) ;
#8440 = LINE ( 'NONE', #7542, #6844 ) ;
#8441 = ADVANCED_FACE ( 'NONE', ( #12991 ), #3293, .T. ) ;
#8442 = DIRECTION ( 'NONE',  ( -0.000000000000000000, -0.000000000000000000, -1.000000000000000000 ) ) ;
#8443 = VERTEX_POINT ( 'NONE', #11957 ) ;
#8444 = LINE ( 'NONE', #6353, #9779 ) ;
#8445 = ORIENTED_EDGE ( 'NONE', *, *, #1691, .F. ) ;
#8446 = AXIS2_PLACEMENT_3D ( 'NONE', #36, #4180, #5276 ) ;
#8447 = DIRECTION ( 'NONE',  ( 1.000000000000000000, 0.000000000000000000, 0.000000000000000000 ) ) ;
#8448 = DIRECTION ( 'NONE',  ( 0.000000000000000000, -0.000000000000000000, 1.000000000000000000 ) ) ;
#8449 = ORIENTED_EDGE ( 'NONE', *, *, #4481, .T. ) ;
#8450 = DIRECTION ( 'NONE',  ( -0.000000000000000000, -0.000000000000000000, -1.000000000000000000 ) ) ;
#8451 = CARTESIAN_POINT ( 'NONE',  ( 190.0936175437515487, 83.05906438913014256, 4.400000000000001243 ) ) ;
#8452 = CARTESIAN_POINT ( 'NONE',  ( 172.4592763556042598, 56.02765497882714385, 0.000000000000000000 ) ) ;
#8453 = CIRCLE ( 'NONE', #10202, 1.750000000000001554 ) ;
#8454 = CARTESIAN_POINT ( 'NONE',  ( 172.4876398314652590, 17.14497833867034871, 10.00000000000000000 ) ) ;
#8455 = EDGE_LOOP ( 'NONE', ( #308, #8641, #6286, #3421 ) ) ;
#8456 = AXIS2_PLACEMENT_3D ( 'NONE', #6118, #3082, #11277 ) ;
#8457 = CYLINDRICAL_SURFACE ( 'NONE', #10558, 1.750000000000001554 ) ;
#8458 = ADVANCED_FACE ( 'NONE', ( #5907 ), #13188, .F. ) ;
#8459 = CIRCLE ( 'NONE', #6687, 1.899999999999985034 ) ;
#8460 = CARTESIAN_POINT ( 'NONE',  ( 144.1440251048210826, 132.5024585979040523, 10.40000000000000213 ) ) ;
#8461 = ORIENTED_EDGE ( 'NONE', *, *, #9937, .F. ) ;
#8462 = CARTESIAN_POINT ( 'NONE',  ( 81.05166045703634836, 13.10754140209606078, 10.40000000000000213 ) ) ;
#8463 = DIRECTION ( 'NONE',  ( 1.000000000000000000, 0.000000000000000000, 0.000000000000000000 ) ) ;
#8464 = VECTOR ( 'NONE', #1052, 1000.000000000000000 ) ;
#8465 = VECTOR ( 'NONE', #3515, 1000.000000000000000 ) ;
#8466 = EDGE_LOOP ( 'NONE', ( #1597, #7317, #6680, #11369 ) ) ;
#8467 = CARTESIAN_POINT ( 'NONE',  ( 0.000000000000000000, 0.000000000000000000, 4.400000000000001243 ) ) ;
#8468 = CARTESIAN_POINT ( 'NONE',  ( 92.55321194845042498, 125.7367331634828815, 8.800000000000000711 ) ) ;
#8469 = DIRECTION ( 'NONE',  ( -1.000000000000000000, 0.000000000000000000, 0.000000000000000000 ) ) ;
#8471 = EDGE_CURVE ( 'NONE', #12675, #2686, #15, .T. ) ;
#8470 = AXIS2_PLACEMENT_3D ( 'NONE', #12750, #12626, #11452 ) ;
#8472 = CARTESIAN_POINT ( 'NONE',  ( 0.000000000000000000, 0.000000000000000000, 10.40000000000000213 ) ) ;
#8473 = VERTEX_POINT ( 'NONE', #3007 ) ;
#8474 = CARTESIAN_POINT ( 'NONE',  ( 25.54116097332608604, 44.25077559055805665, 10.40000000000000213 ) ) ;
#8475 = ORIENTED_EDGE ( 'NONE', *, *, #13177, .F. ) ;
#8476 = VERTEX_POINT ( 'NONE', #12237 ) ;
#8477 = CIRCLE ( 'NONE', #3667, 1.750000000000001554 ) ;
#8478 = CARTESIAN_POINT ( 'NONE',  ( 197.3288390266748991, 28.60989453229147017, 0.000000000000000000 ) ) ;
#8479 = EDGE_CURVE ( 'NONE', #12945, #4846, #13458, .T. ) ;
#8480 = ORIENTED_EDGE ( 'NONE', *, *, #3316, .T. ) ;
#8481 = DIRECTION ( 'NONE',  ( 1.000000000000000000, 0.000000000000000000, 0.000000000000000000 ) ) ;
#8482 = DIRECTION ( 'NONE',  ( 0.7071067811865473507, 0.7071067811865477948, 0.000000000000000000 ) ) ;
#8483 = EDGE_CURVE ( 'NONE', #10288, #6234, #12299, .T. ) ;
#8484 = VERTEX_POINT ( 'NONE', #12439 ) ;
#8485 = EDGE_CURVE ( 'NONE', #1184, #7442, #5096, .T. ) ;
#8486 = ORIENTED_EDGE ( 'NONE', *, *, #8750, .T. ) ;
#8487 = CARTESIAN_POINT ( 'NONE',  ( 125.0383251953235941, 137.2223487795121173, 0.000000000000000000 ) ) ;
#8488 = EDGE_LOOP ( 'NONE', ( #8972, #7352, #13193, #5833 ) ) ;
#8489 = CARTESIAN_POINT ( 'NONE',  ( 172.4876398314652590, 89.87628193518300179, 0.000000000000000000 ) ) ;
#8490 = CARTESIAN_POINT ( 'NONE',  ( 45.63167128559272356, -45.63167128559265251, 10.40000000000000213 ) ) ;
#8491 = ORIENTED_EDGE ( 'NONE', *, *, #9855, .T. ) ;
#8492 = CARTESIAN_POINT ( 'NONE',  ( 45.11403200266500590, 84.41004697847179727, 0.000000000000000000 ) ) ;
#8493 = CARTESIAN_POINT ( 'NONE',  ( 90.50672948317448174, 20.93033631178033005, 10.00000000000000000 ) ) ;
#8494 = FACE_OUTER_BOUND ( 'NONE', #4932, .T. ) ;
#8495 = EDGE_CURVE ( 'NONE', #10523, #434, #7980, .T. ) ;
#8496 = DIRECTION ( 'NONE',  ( -1.000000000000000000, 0.000000000000000000, 0.000000000000000000 ) ) ;
#8497 = ORIENTED_EDGE ( 'NONE', *, *, #651, .T. ) ;
#8498 = ORIENTED_EDGE ( 'NONE', *, *, #8545, .F. ) ;
#8499 = CARTESIAN_POINT ( 'NONE',  ( 43.36403200266500590, 84.41004697847179727, 8.800000000000000711 ) ) ;
#8500 = CYLINDRICAL_SURFACE ( 'NONE', #122, 1.750000000000001554 ) ;
#8501 = CARTESIAN_POINT ( 'NONE',  ( 197.3288390266748706, 149.8940936094211054, 9.000000000000000000 ) ) ;
#8502 = ADVANCED_FACE ( 'NONE', ( #8191 ), #2872, .F. ) ;
#8503 = EDGE_CURVE ( 'NONE', #13453, #1571, #9090, .T. ) ;
#8504 = CARTESIAN_POINT ( 'NONE',  ( 174.7485405866029851, 97.45949380390098327, 10.00000000000000000 ) ) ;
#8505 = ORIENTED_EDGE ( 'NONE', *, *, #3896, .F. ) ;
#8506 = DIRECTION ( 'NONE',  ( -1.000000000000000000, 0.000000000000000000, 0.000000000000000000 ) ) ;
#8507 = DIRECTION ( 'NONE',  ( 1.000000000000000000, 0.000000000000000000, 0.000000000000000000 ) ) ;
#8508 = EDGE_LOOP ( 'NONE', ( #11192, #11396, #6253, #10200 ) ) ;
#8509 = VECTOR ( 'NONE', #10933, 1000.000000000000000 ) ;
#8510 = FACE_OUTER_BOUND ( 'NONE', #6763, .T. ) ;
#8511 = VERTEX_POINT ( 'NONE', #10296 ) ;
#8512 = CYLINDRICAL_SURFACE ( 'NONE', #9453, 1.900000000000012790 ) ;
#8513 = DIRECTION ( 'NONE',  ( 1.000000000000000000, 0.000000000000000000, 0.000000000000000000 ) ) ;
#8514 = EDGE_CURVE ( 'NONE', #3758, #5431, #1768, .T. ) ;
#8515 = ORIENTED_EDGE ( 'NONE', *, *, #7975, .F. ) ;
#8516 = ADVANCED_FACE ( 'NONE', ( #8260 ), #3075, .F. ) ;
#8517 = CIRCLE ( 'NONE', #12457, 1.750000000000029310 ) ;
#8518 = CARTESIAN_POINT ( 'NONE',  ( 90.65321194845041930, 86.83428515614535570, 10.00000000000000000 ) ) ;
#8519 = CARTESIAN_POINT ( 'NONE',  ( 81.05166045703634836, 13.10754140209606078, 8.800000000000000711 ) ) ;
#8520 = DIRECTION ( 'NONE',  ( -0.000000000000000000, 0.000000000000000000, 1.000000000000000000 ) ) ;
#8521 = EDGE_LOOP ( 'NONE', ( #1022, #8621, #11507, #13397 ) ) ;
#8522 = DIRECTION ( 'NONE',  ( -0.000000000000000000, -0.000000000000000000, -1.000000000000000000 ) ) ;
#8523 = CARTESIAN_POINT ( 'NONE',  ( 187.0936175437515487, 62.55093561087003451, 9.400000000000000355 ) ) ;
#8524 = CARTESIAN_POINT ( 'NONE',  ( 197.3288390266748706, 149.8940936094211054, 9.000000000000000000 ) ) ;
#8525 = ORIENTED_EDGE ( 'NONE', *, *, #3905, .F. ) ;
#8526 = CARTESIAN_POINT ( 'NONE',  ( 30.40638245624893798, 83.05906438913005729, 4.400000000000001243 ) ) ;
#8527 = CARTESIAN_POINT ( 'NONE',  ( 203.2000000000004718, 153.0000000000004547, 10.00000000000000000 ) ) ;
#8528 = CARTESIAN_POINT ( 'NONE',  ( 172.4876398314652590, 89.87628193518300179, 0.000000000000000000 ) ) ;
#8529 = LINE ( 'NONE', #402, #4555 ) ;
#8530 = CARTESIAN_POINT ( 'NONE',  ( 92.55321194845042498, 125.7367331634828815, 0.000000000000000000 ) ) ;
#8531 = PLANE ( 'NONE',  #1832 ) ;
#8532 = ADVANCED_FACE ( 'NONE', ( #1710 ), #11054, .F. ) ;
#8533 = EDGE_LOOP ( 'NONE', ( #1539, #3416, #796, #5150 ) ) ;
#8534 = AXIS2_PLACEMENT_3D ( 'NONE', #10565, #12017, #1351 ) ;
#8535 = CARTESIAN_POINT ( 'NONE',  ( 41.78689018271332145, 59.70033362966805157, 10.40000000000000213 ) ) ;
#8536 = CARTESIAN_POINT ( 'NONE',  ( 32.40638245624896996, 83.05906438913005729, 9.400000000000000355 ) ) ;
#8537 = CARTESIAN_POINT ( 'NONE',  ( 44.35304279851941089, 132.2042711855067409, 8.800000000000000711 ) ) ;
#8538 = FACE_BOUND ( 'NONE', #13471, .T. ) ;
#8539 = ORIENTED_EDGE ( 'NONE', *, *, #8514, .T. ) ;
#8540 = FACE_BOUND ( 'NONE', #11552, .T. ) ;
#8541 = VERTEX_POINT ( 'NONE', #1840 ) ;
#8542 = ORIENTED_EDGE ( 'NONE', *, *, #2064, .T. ) ;
#8543 = AXIS2_PLACEMENT_3D ( 'NONE', #5921, #5288, #2956 ) ;
#8544 = CIRCLE ( 'NONE', #10996, 1.750000000000001554 ) ;
#8545 = EDGE_CURVE ( 'NONE', #10057, #8620, #11127, .T. ) ;
#8546 = CARTESIAN_POINT ( 'NONE',  ( 44.37826414041501977, 47.14179872390654680, 10.00000000000000000 ) ) ;
#8547 = ORIENTED_EDGE ( 'NONE', *, *, #663, .F. ) ;
#8548 = CARTESIAN_POINT ( 'NONE',  ( 149.9597551873219174, 89.69314898022133775, 10.00000000000000000 ) ) ;
#8549 = CARTESIAN_POINT ( 'NONE',  ( 124.8267149358792949, 98.15027427408116978, 8.800000000000000711 ) ) ;
#8550 = EDGE_LOOP ( 'NONE', ( #3724, #2056, #12241, #1365 ) ) ;
#8551 = VERTEX_POINT ( 'NONE', #9155 ) ;
#8552 = DIRECTION ( 'NONE',  ( -1.000000000000000000, 0.000000000000000000, 0.000000000000000000 ) ) ;
#8553 = ORIENTED_EDGE ( 'NONE', *, *, #5745, .T. ) ;
#8554 = ORIENTED_EDGE ( 'NONE', *, *, #1659, .T. ) ;
#8555 = CARTESIAN_POINT ( 'NONE',  ( 0.000000000000000000, 28.60989453229146662, 8.800000000000000711 ) ) ;
#8556 = EDGE_CURVE ( 'NONE', #3904, #5883, #10476, .T. ) ;
#8557 = AXIS2_PLACEMENT_3D ( 'NONE', #13490, #8151, #5129 ) ;
#8558 = DIRECTION ( 'NONE',  ( -1.000000000000000000, 0.000000000000000000, 0.000000000000000000 ) ) ;
#8559 = CARTESIAN_POINT ( 'NONE',  ( 127.3058926844511660, 60.06500882668025554, 74.05294634222559580 ) ) ;
#8560 = ORIENTED_EDGE ( 'NONE', *, *, #7693, .F. ) ;
#8561 = ORIENTED_EDGE ( 'NONE', *, *, #6556, .F. ) ;
#8562 = DIRECTION ( 'NONE',  ( 0.000000000000000000, 0.000000000000000000, -1.000000000000000000 ) ) ;
#8563 = LINE ( 'NONE', #2420, #5119 ) ;
#8564 = DIRECTION ( 'NONE',  ( -1.000000000000000000, 0.000000000000000000, 0.000000000000000000 ) ) ;
#8565 = FACE_OUTER_BOUND ( 'NONE', #7002, .T. ) ;
#8566 = ORIENTED_EDGE ( 'NONE', *, *, #10483, .T. ) ;
#8567 = DIRECTION ( 'NONE',  ( 1.000000000000000000, 0.000000000000000000, 0.000000000000000000 ) ) ;
#8568 = CARTESIAN_POINT ( 'NONE',  ( 43.36403200266500590, 55.61338254596925168, 10.00000000000000000 ) ) ;
#8569 = VERTEX_POINT ( 'NONE', #3929 ) ;
#8570 = VECTOR ( 'NONE', #8513, 1000.000000000000000 ) ;
#8571 = EDGE_CURVE ( 'NONE', #5760, #7035, #455, .T. ) ;
#8572 = LINE ( 'NONE', #3259, #6257 ) ;
#8573 = VERTEX_POINT ( 'NONE', #1905 ) ;
#8574 = CARTESIAN_POINT ( 'NONE',  ( 45.08002210663563858, 6.715518501719201616, 10.00000000000000000 ) ) ;
#8575 = EDGE_CURVE ( 'NONE', #9803, #4985, #6048, .T. ) ;
#8576 = ADVANCED_FACE ( 'NONE', ( #10628 ), #3925, .T. ) ;
#8577 = DIRECTION ( 'NONE',  ( 1.000000000000000000, 0.000000000000000000, 0.000000000000000000 ) ) ;
#8578 = VERTEX_POINT ( 'NONE', #7368 ) ;
#8579 = AXIS2_PLACEMENT_3D ( 'NONE', #12959, #11856, #6638 ) ;
#8580 = DIRECTION ( 'NONE',  ( 1.000000000000000000, 0.000000000000000000, 0.000000000000000000 ) ) ;
#8581 = AXIS2_PLACEMENT_3D ( 'NONE', #8854, #7826, #6641 ) ;
#8582 = DIRECTION ( 'NONE',  ( -0.000000000000000000, 0.000000000000000000, 1.000000000000000000 ) ) ;
#8583 = CARTESIAN_POINT ( 'NONE',  ( 172.4876398314652590, 22.29570046879387135, 10.00000000000000000 ) ) ;
#8584 = DIRECTION ( 'NONE',  ( -0.000000000000000000, -0.000000000000000000, -1.000000000000000000 ) ) ;
#8585 = ORIENTED_EDGE ( 'NONE', *, *, #7027, .F. ) ;
#8586 = CARTESIAN_POINT ( 'NONE',  ( 173.2500054430789191, 91.45149578549951741, 8.800000000000000711 ) ) ;
#8587 = DIRECTION ( 'NONE',  ( 0.000000000000000000, -1.000000000000000000, 0.000000000000000000 ) ) ;
#8588 = DIRECTION ( 'NONE',  ( -0.000000000000000000, -0.000000000000000000, -1.000000000000000000 ) ) ;
#8589 = VECTOR ( 'NONE', #7953, 1000.000000000000000 ) ;
#8590 = ORIENTED_EDGE ( 'NONE', *, *, #11565, .F. ) ;
#8591 = CYLINDRICAL_SURFACE ( 'NONE', #2655, 1.900000000000012790 ) ;
#8592 = EDGE_CURVE ( 'NONE', #12060, #1745, #53, .T. ) ;
#8593 = DIRECTION ( 'NONE',  ( 1.280354350088248533E-16, -1.000000000000000000, 0.000000000000000000 ) ) ;
#8594 = AXIS2_PLACEMENT_3D ( 'NONE', #11902, #13141, #11826 ) ;
#8595 = VECTOR ( 'NONE', #10466, 1000.000000000000114 ) ;
#8596 = CARTESIAN_POINT ( 'NONE',  ( 41.11730598147647697, 91.97633033906204503, 10.00000000000000000 ) ) ;
#8597 = CIRCLE ( 'NONE', #10774, 1.750000000000001554 ) ;
#8598 = VECTOR ( 'NONE', #8790, 1000.000000000000000 ) ;
#8599 = EDGE_LOOP ( 'NONE', ( #13435, #2550, #10311, #29 ) ) ;
#8600 = VECTOR ( 'NONE', #8276, 1000.000000000000000 ) ;
#8601 = AXIS2_PLACEMENT_3D ( 'NONE', #4524, #12000, #3709 ) ;
#8602 = CARTESIAN_POINT ( 'NONE',  ( 69.35833726339713223, 134.2108150412378791, 10.00000000000000000 ) ) ;
#8603 = CARTESIAN_POINT ( 'NONE',  ( 43.62524095994557172, 51.58104257101295786, 8.800000000000000711 ) ) ;
#8604 = FACE_OUTER_BOUND ( 'NONE', #9186, .T. ) ;
#8605 = FACE_BOUND ( 'NONE', #6909, .T. ) ;
#8606 = ORIENTED_EDGE ( 'NONE', *, *, #10407, .F. ) ;
#8607 = ADVANCED_FACE ( 'NONE', ( #6304 ), #8457, .F. ) ;
#8608 = DIRECTION ( 'NONE',  ( -0.000000000000000000, -0.000000000000000000, -1.000000000000000000 ) ) ;
#8609 = EDGE_CURVE ( 'NONE', #2907, #1237, #8544, .T. ) ;
#8610 = EDGE_LOOP ( 'NONE', ( #11040, #9896, #1046, #13522 ) ) ;
#8611 = CIRCLE ( 'NONE', #4888, 1.750000000000001554 ) ;
#8612 = ORIENTED_EDGE ( 'NONE', *, *, #11084, .T. ) ;
#8613 = AXIS2_PLACEMENT_3D ( 'NONE', #9634, #11492, #10520 ) ;
#8614 = LINE ( 'NONE', #11823, #13057 ) ;
#8615 = ORIENTED_EDGE ( 'NONE', *, *, #12359, .T. ) ;
#8616 = AXIS2_PLACEMENT_3D ( 'NONE', #3591, #2439, #7690 ) ;
#8617 = CARTESIAN_POINT ( 'NONE',  ( 173.3217843622783505, 127.2240888880707388, 8.800000000000000711 ) ) ;
#8618 = CARTESIAN_POINT ( 'NONE',  ( 71.25833726339713792, 56.04032460332424392, 8.800000000000000711 ) ) ;
#8619 = AXIS2_PLACEMENT_3D ( 'NONE', #5923, #11073, #6549 ) ;
#8620 = VERTEX_POINT ( 'NONE', #9486 ) ;
#8621 = ORIENTED_EDGE ( 'NONE', *, *, #8014, .T. ) ;
#8622 = LINE ( 'NONE', #360, #8509 ) ;
#8623 = EDGE_CURVE ( 'NONE', #8692, #1330, #9908, .T. ) ;
#8624 = CARTESIAN_POINT ( 'NONE',  ( 0.000000000000000000, 160.0000000000004547, 10.00000000000000000 ) ) ;
#8625 = ORIENTED_EDGE ( 'NONE', *, *, #4989, .F. ) ;
#8626 = VERTEX_POINT ( 'NONE', #13525 ) ;
#8627 = CYLINDRICAL_SURFACE ( 'NONE', #1837, 1.750000000000001554 ) ;
#8628 = CARTESIAN_POINT ( 'NONE',  ( 174.9485405866030021, 131.3223178114732264, 8.800000000000000711 ) ) ;
#8629 = CARTESIAN_POINT ( 'NONE',  ( 174.7379805785753035, 126.1960381709627512, 8.800000000000000711 ) ) ;
#8630 = ORIENTED_EDGE ( 'NONE', *, *, #9645, .T. ) ;
#8631 = ORIENTED_EDGE ( 'NONE', *, *, #5001, .T. ) ;
#8632 = CARTESIAN_POINT ( 'NONE',  ( 12.49999999999989519, 151.4008930484721134, 0.03506403103868736826 ) ) ;
#8633 = CYLINDRICAL_SURFACE ( 'NONE', #4385, 2.700000000000008171 ) ;
#8634 = AXIS2_PLACEMENT_3D ( 'NONE', #7428, #126, #1093 ) ;
#8635 = CARTESIAN_POINT ( 'NONE',  ( 174.7485405866029851, 14.69285506076201742, 8.800000000000000711 ) ) ;
#8636 = ORIENTED_EDGE ( 'NONE', *, *, #20, .T. ) ;
#8637 = DIRECTION ( 'NONE',  ( -1.000000000000000000, 0.000000000000000000, 0.000000000000000000 ) ) ;
#8638 = ADVANCED_FACE ( 'NONE', ( #10368 ), #4130, .F. ) ;
#8639 = AXIS2_PLACEMENT_3D ( 'NONE', #2386, #5369, #4273 ) ;
#8640 = CARTESIAN_POINT ( 'NONE',  ( 41.73171607547544681, 121.8673531877020793, 9.400000000000000355 ) ) ;
#8641 = ORIENTED_EDGE ( 'NONE', *, *, #12344, .T. ) ;
#8642 = DIRECTION ( 'NONE',  ( 1.000000000000000000, 0.000000000000000000, 0.000000000000000000 ) ) ;
#8643 = VERTEX_POINT ( 'NONE', #12699 ) ;
#8644 = CARTESIAN_POINT ( 'NONE',  ( 205.0000000000004547, 117.8050000000001631, 0.000000000000000000 ) ) ;
#8645 = VECTOR ( 'NONE', #1696, 1000.000000000000000 ) ;
#8646 = CARTESIAN_POINT ( 'NONE',  ( 12.50000000000001243, 82.80489453229172625, 0.000000000000000000 ) ) ;
#8647 = ORIENTED_EDGE ( 'NONE', *, *, #5747, .T. ) ;
#8648 = CIRCLE ( 'NONE', #2767, 1.900000000000012790 ) ;
#8649 = DIRECTION ( 'NONE',  ( -0.000000000000000000, -0.000000000000000000, -1.000000000000000000 ) ) ;
#8650 = EDGE_CURVE ( 'NONE', #8713, #8920, #11661, .T. ) ;
#8651 = DIRECTION ( 'NONE',  ( -1.000000000000000000, 0.000000000000000000, 0.000000000000000000 ) ) ;
#8652 = CARTESIAN_POINT ( 'NONE',  ( 136.5408573292053234, 16.07759220218804330, 9.400000000000021672 ) ) ;
#8653 = CARTESIAN_POINT ( 'NONE',  ( 173.9896859041774348, 21.39772630688833743, 10.00000000000000000 ) ) ;
#8654 = DIRECTION ( 'NONE',  ( -1.000000000000000000, 0.000000000000000000, 0.000000000000000000 ) ) ;
#8655 = ORIENTED_EDGE ( 'NONE', *, *, #13497, .F. ) ;
#8656 = EDGE_LOOP ( 'NONE', ( #2535, #6331, #12546, #945 ) ) ;
#8657 = DIRECTION ( 'NONE',  ( 0.8164960423742994022, -1.615656005280643420E-06, 0.5773510308161715621 ) ) ;
#8659 = EDGE_CURVE ( 'NONE', #13163, #12224, #7727, .T. ) ;
#8658 = AXIS2_PLACEMENT_3D ( 'NONE', #12059, #2695, #8980 ) ;
#8660 = CARTESIAN_POINT ( 'NONE',  ( 41.24243888389642620, 42.99418766425596061, 10.65658792630209284 ) ) ;
#8661 = ORIENTED_EDGE ( 'NONE', *, *, #3507, .T. ) ;
#8662 = CARTESIAN_POINT ( 'NONE',  ( 43.61357415596929599, 132.8795249647809271, 10.00000000000000000 ) ) ;
#8663 = CARTESIAN_POINT ( 'NONE',  ( 124.8267149358792949, 20.09410048508981816, 10.00000000000000000 ) ) ;
#8664 = AXIS2_PLACEMENT_3D ( 'NONE', #8876, #10036, #7977 ) ;
#8665 = DIRECTION ( 'NONE',  ( 1.000000000000000000, 0.000000000000000000, 0.000000000000000000 ) ) ;
#8666 = CIRCLE ( 'NONE', #7570, 8.649999999999963052 ) ;
#8667 = EDGE_CURVE ( 'NONE', #12607, #10319, #11397, .T. ) ;
#8668 = CIRCLE ( 'NONE', #2791, 1.750000000000001554 ) ;
#8669 = VERTEX_POINT ( 'NONE', #11592 ) ;
#8670 = CIRCLE ( 'NONE', #5168, 1.900000000000012790 ) ;
#8671 = CARTESIAN_POINT ( 'NONE',  ( 42.86730598147647697, 48.02469477777533058, 8.800000000000000711 ) ) ;
#8672 = LINE ( 'NONE', #4208, #7543 ) ;
#8673 = CARTESIAN_POINT ( 'NONE',  ( 43.80010033051761553, 49.50536851037037422, 8.800000000000000711 ) ) ;
#8674 = EDGE_CURVE ( 'NONE', #3522, #10525, #4660, .T. ) ;
#8675 = CARTESIAN_POINT ( 'NONE',  ( 174.9485405866030021, 136.4482890466690037, 10.00000000000000000 ) ) ;
#8676 = EDGE_CURVE ( 'NONE', #7679, #3074, #6436, .T. ) ;
#8677 = ORIENTED_EDGE ( 'NONE', *, *, #237, .T. ) ;
#8678 = DIRECTION ( 'NONE',  ( 0.000000000000000000, 0.000000000000000000, -1.000000000000000000 ) ) ;
#8679 = CIRCLE ( 'NONE', #13487, 7.000000000000006217 ) ;
#8680 = VERTEX_POINT ( 'NONE', #6242 ) ;
#8681 = VECTOR ( 'NONE', #9902, 1000.000000000000000 ) ;
#8682 = ORIENTED_EDGE ( 'NONE', *, *, #4233, .F. ) ;
#8683 = VECTOR ( 'NONE', #13519, 1000.000000000000114 ) ;
#8684 = DIRECTION ( 'NONE',  ( -1.000000000000000000, 0.000000000000000000, -0.000000000000000000 ) ) ;
#8685 = EDGE_CURVE ( 'NONE', #6267, #10188, #2718, .T. ) ;
#8686 = ORIENTED_EDGE ( 'NONE', *, *, #10246, .F. ) ;
#8687 = ADVANCED_FACE ( 'NONE', ( #4194 ), #8387, .F. ) ;
#8688 = CONICAL_SURFACE ( 'NONE', #12419, 7.649999999999989697, 0.7853981633974491672 ) ;
#8689 = CARTESIAN_POINT ( 'NONE',  ( 173.2464945138908092, 20.71879223717072804, 8.800000000000000711 ) ) ;
#8690 = LINE ( 'NONE', #8965, #2043 ) ;
#8691 = AXIS2_PLACEMENT_3D ( 'NONE', #12180, #2813, #3685 ) ;
#8692 = VERTEX_POINT ( 'NONE', #4328 ) ;
#8693 = ORIENTED_EDGE ( 'NONE', *, *, #12425, .F. ) ;
#8694 = CYLINDRICAL_SURFACE ( 'NONE', #10255, 1.900000000000012790 ) ;
#8695 = DIRECTION ( 'NONE',  ( -1.000000000000000000, 0.000000000000000000, 0.000000000000000000 ) ) ;
#8696 = ORIENTED_EDGE ( 'NONE', *, *, #3666, .F. ) ;
#8697 = ORIENTED_EDGE ( 'NONE', *, *, #4187, .T. ) ;
#8698 = CARTESIAN_POINT ( 'NONE',  ( 25.54116097332608604, 44.25077559055805665, 9.400000000000028777 ) ) ;
#8699 = AXIS2_PLACEMENT_3D ( 'NONE', #9866, #514, #8642 ) ;
#8700 = DIRECTION ( 'NONE',  ( -0.000000000000000000, -0.000000000000000000, -1.000000000000000000 ) ) ;
#8701 = CARTESIAN_POINT ( 'NONE',  ( 41.11730598147647697, 53.15839306104777506, 0.000000000000000000 ) ) ;
#8702 = VECTOR ( 'NONE', #484, 1000.000000000000000 ) ;
#8703 = CARTESIAN_POINT ( 'NONE',  ( 19.17116097332605662, 150.8940936094210770, 10.00000000000000000 ) ) ;
#8704 = EDGE_LOOP ( 'NONE', ( #10313, #1592, #1690, #3328 ) ) ;
#8705 = EDGE_CURVE ( 'NONE', #4244, #6347, #11534, .T. ) ;
#8706 = PLANE ( 'NONE',  #8183 ) ;
#8707 = CARTESIAN_POINT ( 'NONE',  ( 80.71811639599671651, 142.0078835394621706, 10.00000000000000000 ) ) ;
#8708 = CARTESIAN_POINT ( 'NONE',  ( 205.0000000000005684, 0.000000000000000000, 0.000000000000000000 ) ) ;
#8709 = CYLINDRICAL_SURFACE ( 'NONE', #4908, 1.750000000000001554 ) ;
#8710 = VERTEX_POINT ( 'NONE', #12641 ) ;
#8711 = FACE_OUTER_BOUND ( 'NONE', #7404, .T. ) ;
#8712 = CARTESIAN_POINT ( 'NONE',  ( 174.5379805785753149, 48.38256379482365332, 0.000000000000000000 ) ) ;
#8713 = VERTEX_POINT ( 'NONE', #3273 ) ;
#8714 = PLANE ( 'NONE',  #645 ) ;
#8715 = VERTEX_POINT ( 'NONE', #8523 ) ;
#8716 = CARTESIAN_POINT ( 'NONE',  ( 67.45833726339711234, 17.18080354114162489, 0.000000000000000000 ) ) ;
#8717 = CIRCLE ( 'NONE', #2171, 1.750000000000001554 ) ;
#8718 = DIRECTION ( 'NONE',  ( 0.000000000000000000, 0.000000000000000000, -1.000000000000000000 ) ) ;
#8719 = VERTEX_POINT ( 'NONE', #1288 ) ;
#8720 = EDGE_CURVE ( 'NONE', #7594, #7378, #1189, .T. ) ;
#8721 = DIRECTION ( 'NONE',  ( -0.000000000000000000, 0.000000000000000000, 1.000000000000000000 ) ) ;
#8722 = DIRECTION ( 'NONE',  ( -1.000000000000000000, 0.000000000000000000, 0.000000000000000000 ) ) ;
#8723 = DIRECTION ( 'NONE',  ( 1.000000000000000000, 0.000000000000000000, 0.000000000000000000 ) ) ;
#8724 = CYLINDRICAL_SURFACE ( 'NONE', #1872, 1.750000000000001554 ) ;
#8725 = ORIENTED_EDGE ( 'NONE', *, *, #4041, .T. ) ;
#8726 = AXIS2_PLACEMENT_3D ( 'NONE', #1648, #8063, #829 ) ;
#8727 = ORIENTED_EDGE ( 'NONE', *, *, #3094, .F. ) ;
#8728 = DIRECTION ( 'NONE',  ( 1.000000000000000000, 0.000000000000000000, 0.000000000000000000 ) ) ;
#8729 = DIRECTION ( 'NONE',  ( -0.000000000000000000, 0.000000000000000000, 1.000000000000000000 ) ) ;
#8730 = ORIENTED_EDGE ( 'NONE', *, *, #11772, .T. ) ;
#8731 = CARTESIAN_POINT ( 'NONE',  ( 25.54116097332610025, 98.50862242824007353, 9.400000000000000355 ) ) ;
#8732 = DIRECTION ( 'NONE',  ( -0.000000000000000000, 0.000000000000000000, 1.000000000000000000 ) ) ;
#8733 = DIRECTION ( 'NONE',  ( 0.000000000000000000, 0.000000000000000000, -1.000000000000000000 ) ) ;
#8734 = CARTESIAN_POINT ( 'NONE',  ( 173.4236035672193736, 130.4637916983506329, 0.000000000000000000 ) ) ;
#8735 = AXIS2_PLACEMENT_3D ( 'NONE', #3476, #2326, #5647 ) ;
#8736 = EDGE_CURVE ( 'NONE', #9614, #2697, #8865, .T. ) ;
#8737 = ADVANCED_FACE ( 'NONE', ( #604 ), #3357, .T. ) ;
#8738 = CARTESIAN_POINT ( 'NONE',  ( 94.45321194845044488, 86.83428515614535570, 8.800000000000000711 ) ) ;
#8739 = DIRECTION ( 'NONE',  ( -1.000000000000000000, 0.000000000000000000, 0.000000000000000000 ) ) ;
#8740 = CARTESIAN_POINT ( 'NONE',  ( 164.1148687235520072, 35.44184017470649195, 8.800000000000000711 ) ) ;
#8741 = FACE_OUTER_BOUND ( 'NONE', #12006, .T. ) ;
#8742 = FACE_OUTER_BOUND ( 'NONE', #2228, .T. ) ;
#8743 = VERTEX_POINT ( 'NONE', #10696 ) ;
#8744 = ORIENTED_EDGE ( 'NONE', *, *, #10697, .T. ) ;
#8745 = VECTOR ( 'NONE', #1774, 1000.000000000000000 ) ;
#8746 = ORIENTED_EDGE ( 'NONE', *, *, #3235, .T. ) ;
#8747 = DIRECTION ( 'NONE',  ( -0.000000000000000000, -0.000000000000000000, -1.000000000000000000 ) ) ;
#8748 = EDGE_CURVE ( 'NONE', #4927, #13081, #5556, .T. ) ;
#8749 = VERTEX_POINT ( 'NONE', #3593 ) ;
#8750 = EDGE_CURVE ( 'NONE', #3816, #7805, #1619, .T. ) ;
#8751 = EDGE_CURVE ( 'NONE', #473, #6495, #9684, .T. ) ;
#8752 = DIRECTION ( 'NONE',  ( 1.000000000000000000, 0.000000000000000000, 0.000000000000000000 ) ) ;
#8753 = ORIENTED_EDGE ( 'NONE', *, *, #7521, .F. ) ;
#8754 = DIRECTION ( 'NONE',  ( 1.000000000000000000, 0.000000000000000000, 0.000000000000000000 ) ) ;
#8755 = DIRECTION ( 'NONE',  ( -0.000000000000000000, -0.000000000000000000, -1.000000000000000000 ) ) ;
#8756 = ORIENTED_EDGE ( 'NONE', *, *, #1990, .F. ) ;
#8757 = ORIENTED_EDGE ( 'NONE', *, *, #6075, .F. ) ;
#8758 = CARTESIAN_POINT ( 'NONE',  ( 0.000000000000000000, 46.10137757176004669, 10.40000000000000213 ) ) ;
#8759 = DIRECTION ( 'NONE',  ( 1.000000000000000000, 0.000000000000000000, 0.000000000000000000 ) ) ;
#8760 = ORIENTED_EDGE ( 'NONE', *, *, #12706, .T. ) ;
#8761 = ADVANCED_FACE ( 'NONE', ( #12971 ), #6785, .F. ) ;
#8762 = ORIENTED_EDGE ( 'NONE', *, *, #13205, .T. ) ;
#8763 = CARTESIAN_POINT ( 'NONE',  ( 127.0962509126547531, 7.991974365494981747, 8.800000000000000711 ) ) ;
#8764 = DIRECTION ( 'NONE',  ( -0.000000000000000000, 0.000000000000000000, 1.000000000000000000 ) ) ;
#8765 = CARTESIAN_POINT ( 'NONE',  ( 92.59275623606896488, 47.62245696408325557, 8.800000000000000711 ) ) ;
#8766 = ORIENTED_EDGE ( 'NONE', *, *, #4215, .T. ) ;
#8767 = CIRCLE ( 'NONE', #7236, 1.750000000000001554 ) ;
#8768 = DIRECTION ( 'NONE',  ( -1.000000000000000000, 0.000000000000000000, 0.000000000000000000 ) ) ;
#8769 = DIRECTION ( 'NONE',  ( -0.000000000000000000, 0.000000000000000000, 1.000000000000000000 ) ) ;
#8770 = DIRECTION ( 'NONE',  ( 1.000000000000000000, 0.000000000000000000, 0.000000000000000000 ) ) ;
#8771 = ORIENTED_EDGE ( 'NONE', *, *, #852, .T. ) ;
#8772 = DIRECTION ( 'NONE',  ( -0.000000000000000000, 0.000000000000000000, 1.000000000000000000 ) ) ;
#8773 = ORIENTED_EDGE ( 'NONE', *, *, #4718, .T. ) ;
#8774 = CARTESIAN_POINT ( 'NONE',  ( 20.17116097332603175, 149.8940936094211054, 8.800000000000000711 ) ) ;
#8775 = ADVANCED_FACE ( 'NONE', ( #9748 ), #396, .F. ) ;
#8776 = CARTESIAN_POINT ( 'NONE',  ( 25.54116097332609314, 83.05906438913005729, 9.400000000000000355 ) ) ;
#8777 = EDGE_LOOP ( 'NONE', ( #2212, #1250, #6262, #5400 ) ) ;
#8778 = EDGE_CURVE ( 'NONE', #3074, #11835, #759, .T. ) ;
#8779 = CYLINDRICAL_SURFACE ( 'NONE', #1384, 1.900000000000012790 ) ;
#8780 = AXIS2_PLACEMENT_3D ( 'NONE', #10220, #13371, #8173 ) ;
#8781 = FACE_OUTER_BOUND ( 'NONE', #9697, .T. ) ;
#8782 = EDGE_LOOP ( 'NONE', ( #4216, #9881, #12857, #12058 ) ) ;
#8783 = CARTESIAN_POINT ( 'NONE',  ( 127.0962509126547531, 86.03334357308700930, 8.800000000000000711 ) ) ;
#8784 = CARTESIAN_POINT ( 'NONE',  ( 72.38604971557496981, 51.91583020066806142, 9.400000000000032330 ) ) ;
#8785 = DIRECTION ( 'NONE',  ( 0.000000000000000000, 1.000000000000000000, 0.000000000000000000 ) ) ;
#8786 = LINE ( 'NONE', #2854, #12933 ) ;
#8787 = AXIS2_PLACEMENT_3D ( 'NONE', #3567, #13155, #10813 ) ;
#8788 = DIRECTION ( 'NONE',  ( -1.000000000000000000, 0.000000000000000000, 0.000000000000000000 ) ) ;
#8789 = EDGE_LOOP ( 'NONE', ( #5880, #1946, #3306, #2338 ) ) ;
#8790 = DIRECTION ( 'NONE',  ( -0.000000000000000000, -0.000000000000000000, -1.000000000000000000 ) ) ;
#8791 = CARTESIAN_POINT ( 'NONE',  ( 88.60672948317446185, 98.95013237564819519, 0.000000000000000000 ) ) ;
#8792 = ORIENTED_EDGE ( 'NONE', *, *, #8411, .F. ) ;
#8793 = CARTESIAN_POINT ( 'NONE',  ( 174.2627247140765121, 99.94750278602708704, 10.00000000000000000 ) ) ;
#8794 = DIRECTION ( 'NONE',  ( 1.000000000000000000, 0.000000000000000000, 0.000000000000000000 ) ) ;
#8795 = EDGE_CURVE ( 'NONE', #12406, #1496, #3791, .T. ) ;
#8796 = DIRECTION ( 'NONE',  ( -1.000000000000000000, 0.000000000000000000, 0.000000000000000000 ) ) ;
#8797 = AXIS2_PLACEMENT_3D ( 'NONE', #4584, #7823, #10010 ) ;
#8798 = AXIS2_PLACEMENT_3D ( 'NONE', #5770, #3529, #2383 ) ;
#8799 = CARTESIAN_POINT ( 'NONE',  ( 205.0000000000004547, -7.390000000000313207, 0.1252272915132048026 ) ) ;
#8800 = CARTESIAN_POINT ( 'NONE',  ( 88.70166045703633984, 13.10754140209606255, 10.40000000000000213 ) ) ;
#8801 = ORIENTED_EDGE ( 'NONE', *, *, #3401, .T. ) ;
#8802 = VECTOR ( 'NONE', #8054, 1000.000000000000000 ) ;
#8803 = DIRECTION ( 'NONE',  ( 1.000000000000000000, 0.000000000000000000, 0.000000000000000000 ) ) ;
#8804 = CYLINDRICAL_SURFACE ( 'NONE', #7552, 7.000000000000004441 ) ;
#8805 = DIRECTION ( 'NONE',  ( 1.000000000000000000, 0.000000000000000000, 0.000000000000000000 ) ) ;
#8806 = DIRECTION ( 'NONE',  ( -0.000000000000000000, -0.000000000000000000, -1.000000000000000000 ) ) ;
#8807 = AXIS2_PLACEMENT_3D ( 'NONE', #4627, #10054, #7107 ) ;
#8808 = CARTESIAN_POINT ( 'NONE',  ( 46.86403200266500590, 16.77682456503958619, 10.00000000000000000 ) ) ;
#8809 = ORIENTED_EDGE ( 'NONE', *, *, #11426, .T. ) ;
#8810 = ORIENTED_EDGE ( 'NONE', *, *, #7739, .F. ) ;
#8811 = ADVANCED_FACE ( 'NONE', ( #6719 ), #7560, .F. ) ;
#8812 = ORIENTED_EDGE ( 'NONE', *, *, #12847, .T. ) ;
#8813 = ORIENTED_EDGE ( 'NONE', *, *, #6076, .T. ) ;
#8814 = AXIS2_PLACEMENT_3D ( 'NONE', #7848, #471, #7645 ) ;
#8815 = LINE ( 'NONE', #11202, #1285 ) ;
#8816 = AXIS2_PLACEMENT_3D ( 'NONE', #6762, #10941, #10066 ) ;
#8817 = VERTEX_POINT ( 'NONE', #11733 ) ;
#8818 = DIRECTION ( 'NONE',  ( -0.000000000000000000, 0.000000000000000000, 1.000000000000000000 ) ) ;
#8819 = CARTESIAN_POINT ( 'NONE',  ( 123.1383251953236027, 137.2223487795121173, 8.800000000000000711 ) ) ;
#8820 = EDGE_CURVE ( 'NONE', #4280, #6341, #4535, .T. ) ;
#8821 = VECTOR ( 'NONE', #2937, 1000.000000000000000 ) ;
#8822 = VERTEX_POINT ( 'NONE', #2376 ) ;
#8823 = EDGE_LOOP ( 'NONE', ( #9388, #3050, #2107, #4594 ) ) ;
#8824 = DIRECTION ( 'NONE',  ( 1.000000000000000000, 0.000000000000000000, 0.000000000000000000 ) ) ;
#8826 = DIRECTION ( 'NONE',  ( 1.000000000000000000, 0.000000000000000000, 0.000000000000000000 ) ) ;
#8825 = DIRECTION ( 'NONE',  ( -0.000000000000000000, -0.000000000000000000, 1.000000000000000000 ) ) ;
#8827 = ADVANCED_FACE ( 'NONE', ( #11805 ), #6503, .F. ) ;
#8828 = EDGE_CURVE ( 'NONE', #1571, #6468, #7833, .T. ) ;
#8829 = VECTOR ( 'NONE', #10576, 1000.000000000000000 ) ;
#8830 = ORIENTED_EDGE ( 'NONE', *, *, #1096, .F. ) ;
#8831 = VECTOR ( 'NONE', #4900, 1000.000000000000000 ) ;
#8832 = ORIENTED_EDGE ( 'NONE', *, *, #4221, .T. ) ;
#8833 = DIRECTION ( 'NONE',  ( -1.000000000000000000, 0.000000000000000000, 0.000000000000000000 ) ) ;
#8834 = CARTESIAN_POINT ( 'NONE',  ( 149.9597551873219174, 89.69314898022133775, 8.800000000000000711 ) ) ;
#8835 = AXIS2_PLACEMENT_3D ( 'NONE', #10963, #2374, #3458 ) ;
#8836 = VECTOR ( 'NONE', #2358, 1000.000000000000000 ) ;
#8837 = DIRECTION ( 'NONE',  ( -1.000000000000000000, 0.000000000000000000, 0.000000000000000000 ) ) ;
#8838 = ORIENTED_EDGE ( 'NONE', *, *, #935, .F. ) ;
#8839 = CIRCLE ( 'NONE', #4661, 1.750000000000001554 ) ;
#8840 = LINE ( 'NONE', #2629, #12768 ) ;
#8841 = ADVANCED_FACE ( 'NONE', ( #1553, #5691, #9879 ), #529, .T. ) ;
#8842 = DIRECTION ( 'NONE',  ( -0.000000000000000000, -0.000000000000000000, -1.000000000000000000 ) ) ;
#8843 = ORIENTED_EDGE ( 'NONE', *, *, #13368, .T. ) ;
#8844 = CARTESIAN_POINT ( 'NONE',  ( 173.2513894976437143, 52.62572045327607384, 0.000000000000000000 ) ) ;
#8845 = DIRECTION ( 'NONE',  ( -1.000000000000000000, 0.000000000000000000, 0.000000000000000000 ) ) ;
#8846 = ADVANCED_FACE ( 'NONE', ( #1347 ), #5482, .F. ) ;
#8847 = AXIS2_PLACEMENT_3D ( 'NONE', #2823, #12385, #1044 ) ;
#8848 = EDGE_LOOP ( 'NONE', ( #8359, #7509 ) ) ;
#8849 = DIRECTION ( 'NONE',  ( -1.000000000000000000, 0.000000000000000000, -0.000000000000000000 ) ) ;
#8850 = CARTESIAN_POINT ( 'NONE',  ( 173.8940578624929856, 50.00978951232973913, 10.00000000000000000 ) ) ;
#8851 = ORIENTED_EDGE ( 'NONE', *, *, #659, .F. ) ;
#8852 = DIRECTION ( 'NONE',  ( -0.000000000000000000, -0.000000000000000000, -1.000000000000000000 ) ) ;
#8853 = AXIS2_PLACEMENT_3D ( 'NONE', #4109, #6219, #1130 ) ;
#8854 = CARTESIAN_POINT ( 'NONE',  ( 174.7485405866029851, 53.53183226581801790, 10.00000000000000000 ) ) ;
#8855 = ORIENTED_EDGE ( 'NONE', *, *, #677, .T. ) ;
#8856 = AXIS2_PLACEMENT_3D ( 'NONE', #10850, #7850, #3535 ) ;
#8857 = CARTESIAN_POINT ( 'NONE',  ( 30.40638245624893798, 83.05906438913005729, 7.399999999999971934 ) ) ;
#8858 = EDGE_CURVE ( 'NONE', #9113, #753, #1763, .T. ) ;
#8859 = CARTESIAN_POINT ( 'NONE',  ( 20.17116097332560898, 82.80500000000016314, 8.799999999999995381 ) ) ;
#8860 = CARTESIAN_POINT ( 'NONE',  ( 205.6000000000003638, -7.390000000000313207, 1.500000000000000444 ) ) ;
#8861 = DIRECTION ( 'NONE',  ( -1.000000000000000000, 0.000000000000000000, 0.000000000000000000 ) ) ;
#8862 = EDGE_CURVE ( 'NONE', #5723, #5061, #13173, .T. ) ;
#8863 = CARTESIAN_POINT ( 'NONE',  ( 192.1588390266744000, 82.80500000000017735, 4.400000000000001243 ) ) ;
#8864 = VERTEX_POINT ( 'NONE', #11320 ) ;
#8865 = LINE ( 'NONE', #4463, #6392 ) ;
#8866 = LINE ( 'NONE', #13046, #12369 ) ;
#8867 = EDGE_LOOP ( 'NONE', ( #7247, #5646 ) ) ;
#8868 = DIRECTION ( 'NONE',  ( 1.000000000000000000, 0.000000000000000000, 0.000000000000000000 ) ) ;
#8869 = CARTESIAN_POINT ( 'NONE',  ( 44.14175674391536575, 95.92305308235030736, 8.800000000000000711 ) ) ;
#8870 = VECTOR ( 'NONE', #7470, 1000.000000000000000 ) ;
#8871 = CARTESIAN_POINT ( 'NONE',  ( 197.8000000000004377, 153.0000000000004547, 7.000000000000000000 ) ) ;
#8872 = AXIS2_PLACEMENT_3D ( 'NONE', #8468, #12712, #4477 ) ;
#8873 = LINE ( 'NONE', #540, #3547 ) ;
#8874 = ORIENTED_EDGE ( 'NONE', *, *, #6709, .T. ) ;
#8875 = CYLINDRICAL_SURFACE ( 'NONE', #6164, 1.900000000000012790 ) ;
#8876 = CARTESIAN_POINT ( 'NONE',  ( 174.7485405866029851, 19.82081807526519057, 8.800000000000000711 ) ) ;
#8877 = EDGE_CURVE ( 'NONE', #1964, #3002, #6172, .T. ) ;
#8878 = AXIS2_PLACEMENT_3D ( 'NONE', #4952, #11117, #11042 ) ;
#8879 = CARTESIAN_POINT ( 'NONE',  ( 172.4876398314652590, 89.87628193518300179, 8.800000000000000711 ) ) ;
#8880 = DIRECTION ( 'NONE',  ( 1.000000000000000000, 0.000000000000000000, 0.000000000000000000 ) ) ;
#8881 = PLANE ( 'NONE',  #893 ) ;
#8882 = AXIS2_PLACEMENT_3D ( 'NONE', #12091, #1436, #8739 ) ;
#8883 = CYLINDRICAL_SURFACE ( 'NONE', #8856, 1.900000000000012790 ) ;
#8884 = ORIENTED_EDGE ( 'NONE', *, *, #9595, .F. ) ;
#8885 = EDGE_LOOP ( 'NONE', ( #255, #7901, #12558, #9810, #12874, #2476, #11375, #7255, #12387, #10081, #10238, #5932, #1613, #8445, #11803, #11999, #4222, #5211, #12049, #751, #39, #273, #7134, #12854, #3694, #10683, #10417, #2360, #435, #13343, #6201, #6475, #11135, #13076, #10695 ) ) ;
#8886 = CARTESIAN_POINT ( 'NONE',  ( 136.5408573292053234, 16.07759220218804330, 9.400000000000021672 ) ) ;
#8887 = ORIENTED_EDGE ( 'NONE', *, *, #6459, .F. ) ;
#8888 = ORIENTED_EDGE ( 'NONE', *, *, #8117, .F. ) ;
#8889 = CONICAL_SURFACE ( 'NONE', #11051, 7.649999999999989697, 0.7853981633974491672 ) ;
#8890 = AXIS2_PLACEMENT_3D ( 'NONE', #10219, #13439, #7068 ) ;
#8891 = CYLINDRICAL_SURFACE ( 'NONE', #8691, 1.750000000000001554 ) ;
#8892 = EDGE_LOOP ( 'NONE', ( #7109, #8304 ) ) ;
#8893 = EDGE_CURVE ( 'NONE', #5277, #7595, #6030, .T. ) ;
#8894 = CARTESIAN_POINT ( 'NONE',  ( 46.86403200266500590, 133.7801504420406502, 8.800000000000000711 ) ) ;
#8895 = CARTESIAN_POINT ( 'NONE',  ( 20.17116097332560898, 28.60989453229145241, -55.14129099142832047 ) ) ;
#8896 = DIRECTION ( 'NONE',  ( -0.000000000000000000, -0.000000000000000000, -1.000000000000000000 ) ) ;
#8897 = VECTOR ( 'NONE', #11769, 1000.000000000000000 ) ;
#8898 = ORIENTED_EDGE ( 'NONE', *, *, #3139, .T. ) ;
#8899 = ORIENTED_EDGE ( 'NONE', *, *, #13053, .T. ) ;
#8900 = AXIS2_PLACEMENT_3D ( 'NONE', #3759, #7935, #6902 ) ;
#8901 = CIRCLE ( 'NONE', #1263, 1.899999999999985034 ) ;
#8902 = CARTESIAN_POINT ( 'NONE',  ( 88.60672948317446185, 20.93033631178033005, 0.000000000000000000 ) ) ;
#8903 = VERTEX_POINT ( 'NONE', #3919 ) ;
#8904 = DIRECTION ( 'NONE',  ( -1.000000000000000000, 0.000000000000000000, 0.000000000000000000 ) ) ;
#8905 = ORIENTED_EDGE ( 'NONE', *, *, #4362, .F. ) ;
#8906 = CARTESIAN_POINT ( 'NONE',  ( 126.7267149358793148, 98.15027427408116978, 0.000000000000000000 ) ) ;
#8907 = EDGE_CURVE ( 'NONE', #13391, #607, #1853, .T. ) ;
#8908 = VECTOR ( 'NONE', #7929, 1000.000000000000000 ) ;
#8909 = DIRECTION ( 'NONE',  ( -0.000000000000000000, -1.000000000000000000, -0.000000000000000000 ) ) ;
#8910 = AXIS2_PLACEMENT_3D ( 'NONE', #5050, #4026, #3031 ) ;
#8911 = ORIENTED_EDGE ( 'NONE', *, *, #1000, .F. ) ;
#8912 = VECTOR ( 'NONE', #5285, 1000.000000000000000 ) ;
#8913 = EDGE_CURVE ( 'NONE', #6519, #3637, #13201, .T. ) ;
#8914 = EDGE_CURVE ( 'NONE', #1856, #7594, #7941, .T. ) ;
#8915 = DIRECTION ( 'NONE',  ( 1.000000000000000000, 0.000000000000000000, 0.000000000000000000 ) ) ;
#8916 = DIRECTION ( 'NONE',  ( -0.000000000000000000, -0.000000000000000000, -1.000000000000000000 ) ) ;
#8917 = ORIENTED_EDGE ( 'NONE', *, *, #12693, .T. ) ;
#8918 = AXIS2_PLACEMENT_3D ( 'NONE', #13249, #10287, #9148 ) ;
#8919 = CARTESIAN_POINT ( 'NONE',  ( 44.09279471297418240, 88.09903310818764055, 8.800000000000000711 ) ) ;
#8920 = VERTEX_POINT ( 'NONE', #733 ) ;
#8921 = DIRECTION ( 'NONE',  ( -0.000000000000000000, 0.000000000000000000, 1.000000000000000000 ) ) ;
#8922 = EDGE_LOOP ( 'NONE', ( #6001, #1363, #9616, #2262 ) ) ;
#8923 = CIRCLE ( 'NONE', #1066, 1.750000000000001554 ) ;
#8924 = CYLINDRICAL_SURFACE ( 'NONE', #9057, 1.750000000000001554 ) ;
#8925 = EDGE_CURVE ( 'NONE', #1895, #13029, #7967, .T. ) ;
#8926 = DIRECTION ( 'NONE',  ( -0.000000000000000000, -0.000000000000000000, -1.000000000000000000 ) ) ;
#8927 = EDGE_LOOP ( 'NONE', ( #3170, #13412, #11767, #8792 ) ) ;
#8928 = ADVANCED_FACE ( 'NONE', ( #2994 ), #6858, .F. ) ;
#8929 = DIRECTION ( 'NONE',  ( 1.000000000000000000, 0.000000000000000000, 0.000000000000000000 ) ) ;
#8930 = ORIENTED_EDGE ( 'NONE', *, *, #9102, .T. ) ;
#8931 = CARTESIAN_POINT ( 'NONE',  ( 45.11403200266500590, 16.77682456503958619, 0.000000000000000000 ) ) ;
#8932 = FACE_OUTER_BOUND ( 'NONE', #8488, .T. ) ;
#8933 = CARTESIAN_POINT ( 'NONE',  ( 148.0597551873219118, 89.69314898022133775, 0.000000000000000000 ) ) ;
#8934 = CYLINDRICAL_SURFACE ( 'NONE', #5758, 1.899999999999985034 ) ;
#8935 = EDGE_LOOP ( 'NONE', ( #10007, #8475, #7327, #9236, #6148 ) ) ;
#8936 = VERTEX_POINT ( 'NONE', #6098 ) ;
#8937 = CARTESIAN_POINT ( 'NONE',  ( 200.5000000000004547, 153.0000000000004547, 7.000000000000000000 ) ) ;
#8938 = CARTESIAN_POINT ( 'NONE',  ( 10.00000000000000000, 1.081565855712203221E-16, 10.00000000000000000 ) ) ;
#8939 = ORIENTED_EDGE ( 'NONE', *, *, #2365, .F. ) ;
#8940 = VECTOR ( 'NONE', #10732, 1000.000000000000114 ) ;
#8941 = DIRECTION ( 'NONE',  ( -1.000000000000000000, 0.000000000000000000, 0.000000000000000000 ) ) ;
#8942 = EDGE_CURVE ( 'NONE', #7350, #2216, #5314, .T. ) ;
#8943 = FACE_OUTER_BOUND ( 'NONE', #8957, .T. ) ;
#8944 = ADVANCED_FACE ( 'NONE', ( #13376 ), #9077, .F. ) ;
#8945 = CARTESIAN_POINT ( 'NONE',  ( 174.0005021790887554, 60.23200238917063132, 0.000000000000000000 ) ) ;
#8946 = ORIENTED_EDGE ( 'NONE', *, *, #3266, .T. ) ;
#8947 = DIRECTION ( 'NONE',  ( -0.000000000000000000, 0.000000000000000000, 1.000000000000000000 ) ) ;
#8948 = AXIS2_PLACEMENT_3D ( 'NONE', #2736, #11060, #4827 ) ;
#8949 = DIRECTION ( 'NONE',  ( 1.000000000000000000, 0.000000000000000000, 0.000000000000000000 ) ) ;
#8950 = FACE_OUTER_BOUND ( 'NONE', #298, .T. ) ;
#8951 = DIRECTION ( 'NONE',  ( 0.7071067811865474617, 0.7071067811865474617, 0.000000000000000000 ) ) ;
#8952 = FACE_OUTER_BOUND ( 'NONE', #13483, .T. ) ;
#8953 = DIRECTION ( 'NONE',  ( -0.7071067811865473507, -0.7071067811865477948, 0.000000000000000000 ) ) ;
#8954 = VERTEX_POINT ( 'NONE', #7003 ) ;
#8955 = LINE ( 'NONE', #8653, #8086 ) ;
#8956 = CARTESIAN_POINT ( 'NONE',  ( 172.5127247140765121, 99.94750278602708704, 0.000000000000000000 ) ) ;
#8957 = EDGE_LOOP ( 'NONE', ( #223, #9346, #665, #6136 ) ) ;
#8958 = LINE ( 'NONE', #7024, #6614 ) ;
#8959 = ADVANCED_FACE ( 'NONE', ( #7073 ), #13112, .T. ) ;
#8960 = ORIENTED_EDGE ( 'NONE', *, *, #3013, .T. ) ;
#8961 = EDGE_CURVE ( 'NONE', #13286, #9226, #1405, .T. ) ;
#8962 = CARTESIAN_POINT ( 'NONE',  ( 207.5000000000004547, 129.3050000000002058, 0.000000000000000000 ) ) ;
#8963 = ORIENTED_EDGE ( 'NONE', *, *, #4813, .T. ) ;
#8964 = DIRECTION ( 'NONE',  ( -0.000000000000000000, 0.000000000000000000, 1.000000000000000000 ) ) ;
#8965 = CARTESIAN_POINT ( 'NONE',  ( 43.62524095994557172, 51.58104257101295786, 10.00000000000000000 ) ) ;
#8966 = AXIS2_PLACEMENT_3D ( 'NONE', #12256, #9848, #494 ) ;
#8967 = LINE ( 'NONE', #9037, #10373 ) ;
#8968 = VERTEX_POINT ( 'NONE', #5960 ) ;
#8969 = VERTEX_POINT ( 'NONE', #10225 ) ;
#8971 = CYLINDRICAL_SURFACE ( 'NONE', #2188, 2.700000000000002842 ) ;
#8970 = DIRECTION ( 'NONE',  ( -1.000000000000000000, 0.000000000000000000, 0.000000000000000000 ) ) ;
#8972 = ORIENTED_EDGE ( 'NONE', *, *, #4781, .F. ) ;
#8973 = ORIENTED_EDGE ( 'NONE', *, *, #6361, .F. ) ;
#8974 = EDGE_CURVE ( 'NONE', #6879, #13374, #7077, .T. ) ;
#8975 = LINE ( 'NONE', #2897, #13194 ) ;
#8976 = ORIENTED_EDGE ( 'NONE', *, *, #7299, .F. ) ;
#8977 = CARTESIAN_POINT ( 'NONE',  ( 190.9588390266749514, 0.000000000000000000, 10.40000000000000213 ) ) ;
#8978 = DIRECTION ( 'NONE',  ( 0.000000000000000000, 0.000000000000000000, 1.000000000000000000 ) ) ;
#8979 = CIRCLE ( 'NONE', #9194, 2.700000000000008171 ) ;
#8980 = DIRECTION ( 'NONE',  ( 1.000000000000000000, 0.000000000000000000, 0.000000000000000000 ) ) ;
#8981 = ORIENTED_EDGE ( 'NONE', *, *, #12719, .T. ) ;
#8982 = DIRECTION ( 'NONE',  ( 1.000000000000000000, 0.000000000000000000, 0.000000000000000000 ) ) ;
#8983 = CARTESIAN_POINT ( 'NONE',  ( 148.0597551873219118, 50.50888774354142896, 0.000000000000000000 ) ) ;
#8984 = ORIENTED_EDGE ( 'NONE', *, *, #6814, .T. ) ;
#8985 = PLANE ( 'NONE',  #8579 ) ;
#8986 = ADVANCED_FACE ( 'NONE', ( #8177 ), #7894, .F. ) ;
#8987 = LINE ( 'NONE', #2908, #11983 ) ;
#8988 = DIRECTION ( 'NONE',  ( -0.000000000000000000, -0.000000000000000000, -1.000000000000000000 ) ) ;
#8989 = VECTOR ( 'NONE', #7030, 1000.000000000000000 ) ;
#8990 = CYLINDRICAL_SURFACE ( 'NONE', #11861, 1.899999999999985034 ) ;
#8991 = VERTEX_POINT ( 'NONE', #9536 ) ;
#8992 = DIRECTION ( 'NONE',  ( -0.8164960423743076179, 1.615656015151880684E-06, 0.5773510308161597937 ) ) ;
#8993 = VERTEX_POINT ( 'NONE', #10543 ) ;
#8994 = FACE_OUTER_BOUND ( 'NONE', #7126, .T. ) ;
#8995 = CARTESIAN_POINT ( 'NONE',  ( 148.0597551873219118, 89.69314898022133775, 8.800000000000000711 ) ) ;
#8996 = DIRECTION ( 'NONE',  ( -0.000000000000000000, -0.000000000000000000, -1.000000000000000000 ) ) ;
#8997 = CARTESIAN_POINT ( 'NONE',  ( 12.50000000000047784, -5.790243563529602788, 0.03500950789811033137 ) ) ;
#8998 = ORIENTED_EDGE ( 'NONE', *, *, #10975, .F. ) ;
#8999 = ORIENTED_EDGE ( 'NONE', *, *, #2587, .T. ) ;
#9000 = EDGE_CURVE ( 'NONE', #2947, #5367, #2951, .T. ) ;
#9001 = CARTESIAN_POINT ( 'NONE',  ( 42.85258495182370098, 131.3036457082470179, 10.00000000000000000 ) ) ;
#9002 = ORIENTED_EDGE ( 'NONE', *, *, #314, .F. ) ;
#9003 = VECTOR ( 'NONE', #12418, 999.9999999999998863 ) ;
#9004 = CARTESIAN_POINT ( 'NONE',  ( 17.00000000000000000, 160.0000000000004547, 10.00000000000000000 ) ) ;
#9005 = ADVANCED_FACE ( 'NONE', ( #9467 ), #8242, .F. ) ;
#9006 = ADVANCED_FACE ( 'NONE', ( #6225, #12621 ), #2218, .T. ) ;
#9007 = DIRECTION ( 'NONE',  ( -0.000000000000000000, -0.000000000000000000, -1.000000000000000000 ) ) ;
#9008 = PLANE ( 'NONE',  #4397 ) ;
#9009 = FACE_OUTER_BOUND ( 'NONE', #13165, .T. ) ;
#9010 = AXIS2_PLACEMENT_3D ( 'NONE', #7814, #11993, #5879 ) ;
#9011 = CARTESIAN_POINT ( 'NONE',  ( 174.7485405866029851, 97.45949380390098327, 8.800000000000000711 ) ) ;
#9012 = LINE ( 'NONE', #6047, #8821 ) ;
#9013 = LINE ( 'NONE', #4546, #2313 ) ;
#9014 = EDGE_CURVE ( 'NONE', #779, #9234, #10350, .T. ) ;
#9015 = CARTESIAN_POINT ( 'NONE',  ( 172.5127247140765121, 12.21742430899847776, 8.800000000000000711 ) ) ;
#9016 = DIRECTION ( 'NONE',  ( 1.000000000000000000, 0.000000000000000000, 0.000000000000000000 ) ) ;
#9017 = ORIENTED_EDGE ( 'NONE', *, *, #3054, .F. ) ;
#9018 = VERTEX_POINT ( 'NONE', #9405 ) ;
#9019 = LINE ( 'NONE', #11131, #7857 ) ;
#9020 = EDGE_CURVE ( 'NONE', #11536, #2974, #9343, .T. ) ;
#9021 = DIRECTION ( 'NONE',  ( 0.5773502691896205130, -0.5773502691896205130, -0.5773502691896363892 ) ) ;
#9022 = ORIENTED_EDGE ( 'NONE', *, *, #582, .T. ) ;
#9023 = DIRECTION ( 'NONE',  ( -0.000000000000000000, 0.000000000000000000, 1.000000000000000000 ) ) ;
#9024 = CIRCLE ( 'NONE', #10529, 1.900000000000012790 ) ;
#9025 = VERTEX_POINT ( 'NONE', #10610 ) ;
#9026 = DIRECTION ( 'NONE',  ( 1.000000000000000000, 0.000000000000000000, 0.000000000000000000 ) ) ;
#9027 = CYLINDRICAL_SURFACE ( 'NONE', #2373, 1.750000000000001554 ) ;
#9028 = ORIENTED_EDGE ( 'NONE', *, *, #5966, .F. ) ;
#9029 = CIRCLE ( 'NONE', #10971, 1.750000000000001554 ) ;
#9030 = DIRECTION ( 'NONE',  ( -0.000000000000000000, -0.000000000000000000, 1.000000000000000000 ) ) ;
#9031 = CIRCLE ( 'NONE', #4403, 1.750000000000001554 ) ;
#9032 = CARTESIAN_POINT ( 'NONE',  ( 192.1588390266744000, 83.05906438913014256, 4.400000000000001243 ) ) ;
#9033 = CARTESIAN_POINT ( 'NONE',  ( 92.55321194845042498, 86.83428515614535570, 0.000000000000000000 ) ) ;
#9034 = CARTESIAN_POINT ( 'NONE',  ( 176.4985405866029851, 19.82081807526519057, 10.00000000000000000 ) ) ;
#9035 = EDGE_CURVE ( 'NONE', #2246, #1745, #6348, .T. ) ;
#9036 = ADVANCED_FACE ( 'NONE', ( #1201 ), #10414, .F. ) ;
#9037 = CARTESIAN_POINT ( 'NONE',  ( 0.000000000000000000, -14.38999999999998636, 0.000000000000000000 ) ) ;
#9038 = ORIENTED_EDGE ( 'NONE', *, *, #1810, .F. ) ;
#9039 = VERTEX_POINT ( 'NONE', #12684 ) ;
#9041 = CARTESIAN_POINT ( 'NONE',  ( 191.9588390266749514, 101.3592244094420494, 9.400000000000000355 ) ) ;
#9040 = CARTESIAN_POINT ( 'NONE',  ( 187.0936175437515487, 0.000000000000000000, 10.40000000000000213 ) ) ;
#9042 = CARTESIAN_POINT ( 'NONE',  ( 45.11403200266500590, 94.46799953652343618, 0.000000000000000000 ) ) ;
#9043 = CIRCLE ( 'NONE', #4409, 1.899999999999985034 ) ;
#9044 = ORIENTED_EDGE ( 'NONE', *, *, #13101, .F. ) ;
#9045 = DIRECTION ( 'NONE',  ( -0.000000000000000000, 0.000000000000000000, 1.000000000000000000 ) ) ;
#9046 = ORIENTED_EDGE ( 'NONE', *, *, #4558, .T. ) ;
#9047 = DIRECTION ( 'NONE',  ( -1.000000000000000000, 0.000000000000000000, 0.000000000000000000 ) ) ;
#9048 = AXIS2_PLACEMENT_3D ( 'NONE', #8185, #6791, #739 ) ;
#9049 = CIRCLE ( 'NONE', #8377, 7.649999999999989697 ) ;
#9050 = DIRECTION ( 'NONE',  ( -0.000000000000000000, 0.000000000000000000, 1.000000000000000000 ) ) ;
#9051 = VERTEX_POINT ( 'NONE', #3058 ) ;
#9052 = CIRCLE ( 'NONE', #7288, 1.899999999999985034 ) ;
#9053 = AXIS2_PLACEMENT_3D ( 'NONE', #3856, #11178, #1825 ) ;
#9054 = CARTESIAN_POINT ( 'NONE',  ( 72.38604971557496981, 51.91583020066806142, 10.40000000000000213 ) ) ;
#9055 = CARTESIAN_POINT ( 'NONE',  ( 165.4978580046076502, 113.0584149734559247, 10.40000000000000213 ) ) ;
#9056 = EDGE_CURVE ( 'NONE', #7072, #12229, #5750, .T. ) ;
#9057 = AXIS2_PLACEMENT_3D ( 'NONE', #3511, #8852, #3772 ) ;
#9058 = LINE ( 'NONE', #6083, #4938 ) ;
#9059 = ORIENTED_EDGE ( 'NONE', *, *, #1387, .F. ) ;
#9060 = ORIENTED_EDGE ( 'NONE', *, *, #3751, .F. ) ;
#9061 = AXIS2_PLACEMENT_3D ( 'NONE', #12298, #683, #4067 ) ;
#9062 = DIRECTION ( 'NONE',  ( -0.000000000000000000, 0.000000000000000000, 1.000000000000000000 ) ) ;
#9063 = VECTOR ( 'NONE', #8358, 1000.000000000000000 ) ;
#9064 = CIRCLE ( 'NONE', #990, 1.750000000000029310 ) ;
#9065 = DIRECTION ( 'NONE',  ( 0.000000000000000000, 0.7071067811865500152, -0.7071067811865451302 ) ) ;
#9066 = ORIENTED_EDGE ( 'NONE', *, *, #768, .F. ) ;
#9067 = CARTESIAN_POINT ( 'NONE',  ( 12.50000000000046896, -9.790000000001311875, 0.000000000000000000 ) ) ;
#9068 = VERTEX_POINT ( 'NONE', #7211 ) ;
#9069 = FACE_OUTER_BOUND ( 'NONE', #5601, .T. ) ;
#9070 = CARTESIAN_POINT ( 'NONE',  ( 122.9267149358793034, 20.09410048508981816, 10.00000000000000000 ) ) ;
#9071 = CYLINDRICAL_SURFACE ( 'NONE', #3320, 1.750000000000001554 ) ;
#9072 = EDGE_CURVE ( 'NONE', #2668, #473, #1269, .T. ) ;
#9073 = AXIS2_PLACEMENT_3D ( 'NONE', #602, #11113, #4872 ) ;
#9074 = DIRECTION ( 'NONE',  ( -0.000000000000000000, 0.000000000000000000, 1.000000000000000000 ) ) ;
#9075 = VERTEX_POINT ( 'NONE', #6157 ) ;
#9076 = ORIENTED_EDGE ( 'NONE', *, *, #3084, .T. ) ;
#9077 = PLANE ( 'NONE',  #10137 ) ;
#9078 = CIRCLE ( 'NONE', #11253, 1.500000000000001332 ) ;
#9079 = DIRECTION ( 'NONE',  ( 1.000000000000000000, 0.000000000000000000, 0.000000000000000000 ) ) ;
#9080 = VERTEX_POINT ( 'NONE', #6287 ) ;
#9081 = CARTESIAN_POINT ( 'NONE',  ( 205.0000000000004547, -12.75190264738178669, 0.000000000000000000 ) ) ;
#9082 = CARTESIAN_POINT ( 'NONE',  ( 175.7827480034592043, 101.3592244094420494, 10.40000000000000213 ) ) ;
#9083 = VECTOR ( 'NONE', #4087, 1000.000000000000000 ) ;
#9084 = EDGE_CURVE ( 'NONE', #1731, #9904, #4053, .T. ) ;
#9085 = VERTEX_POINT ( 'NONE', #5213 ) ;
#9086 = DIRECTION ( 'NONE',  ( -0.000000000000000000, 0.000000000000000000, 1.000000000000000000 ) ) ;
#9087 = CARTESIAN_POINT ( 'NONE',  ( 44.18123765362386735, 49.18058558616856857, 0.000000000000000000 ) ) ;
#9088 = EDGE_CURVE ( 'NONE', #4568, #63, #12119, .T. ) ;
#9089 = DIRECTION ( 'NONE',  ( 0.7071039827808555112, -0.7071095795811648266, 0.000000000000000000 ) ) ;
#9090 = LINE ( 'NONE', #4069, #12463 ) ;
#9091 = CARTESIAN_POINT ( 'NONE',  ( 43.56986110246234034, 7.599777367365621039, 0.000000000000000000 ) ) ;
#9092 = ORIENTED_EDGE ( 'NONE', *, *, #10347, .F. ) ;
#9093 = EDGE_LOOP ( 'NONE', ( #12715, #1235 ) ) ;
#9094 = DIRECTION ( 'NONE',  ( -0.000000000000000000, 0.000000000000000000, 1.000000000000000000 ) ) ;
#9095 = CARTESIAN_POINT ( 'NONE',  ( 200.5000000000004547, 153.0000000000004547, 10.00000000000000000 ) ) ;
#9096 = ORIENTED_EDGE ( 'NONE', *, *, #10065, .F. ) ;
#9097 = EDGE_CURVE ( 'NONE', #7072, #9995, #12485, .T. ) ;
#9098 = CIRCLE ( 'NONE', #10593, 1.900000000000012790 ) ;
#9099 = DIRECTION ( 'NONE',  ( -0.000000000000000000, -0.000000000000000000, -1.000000000000000000 ) ) ;
#9100 = VERTEX_POINT ( 'NONE', #11516 ) ;
#9101 = VECTOR ( 'NONE', #1614, 1000.000000000000114 ) ;
#9102 = EDGE_CURVE ( 'NONE', #708, #11094, #35, .T. ) ;
#9103 = FACE_OUTER_BOUND ( 'NONE', #5180, .T. ) ;
#9104 = EDGE_CURVE ( 'NONE', #9294, #5718, #7348, .T. ) ;
#9105 = DIRECTION ( 'NONE',  ( -0.000000000000000000, -0.000000000000000000, -1.000000000000000000 ) ) ;
#9106 = CARTESIAN_POINT ( 'NONE',  ( 126.7267149358793148, 58.91592920418546697, 10.00000000000000000 ) ) ;
#9107 = CARTESIAN_POINT ( 'NONE',  ( 43.36403200266500590, 89.52015041444528265, 8.800000000000000711 ) ) ;
#9108 = CARTESIAN_POINT ( 'NONE',  ( 25.34116097332609385, 83.05906438913005729, 4.400000000000001243 ) ) ;
#9109 = ORIENTED_EDGE ( 'NONE', *, *, #13055, .T. ) ;
#9110 = EDGE_LOOP ( 'NONE', ( #6574, #347, #11293, #722 ) ) ;
#9112 = DIRECTION ( 'NONE',  ( 1.000000000000000000, 0.000000000000000000, 0.000000000000000000 ) ) ;
#9111 = CARTESIAN_POINT ( 'NONE',  ( 197.3288390266748991, 79.80500000000019156, 0.000000000000000000 ) ) ;
#9113 = VERTEX_POINT ( 'NONE', #4245 ) ;
#9114 = CARTESIAN_POINT ( 'NONE',  ( 174.5379805785753149, 9.540354232463158723, 8.800000000000000711 ) ) ;
#9115 = EDGE_LOOP ( 'NONE', ( #2841, #6805, #5852, #9449 ) ) ;
#9116 = CIRCLE ( 'NONE', #5800, 1.750000000000001554 ) ;
#9117 = DIRECTION ( 'NONE',  ( -0.000000000000000000, 0.000000000000000000, 1.000000000000000000 ) ) ;
#9118 = EDGE_CURVE ( 'NONE', #10195, #9578, #8440, .T. ) ;
#9119 = ADVANCED_FACE ( 'NONE', ( #8711 ), #10880, .F. ) ;
#9120 = CARTESIAN_POINT ( 'NONE',  ( 174.7485405866029851, 58.64993458377050217, 8.800000000000000711 ) ) ;
#9121 = ORIENTED_EDGE ( 'NONE', *, *, #10347, .T. ) ;
#9122 = AXIS2_PLACEMENT_3D ( 'NONE', #847, #2964, #4987 ) ;
#9123 = DIRECTION ( 'NONE',  ( 0.000000000000000000, 0.000000000000000000, -1.000000000000000000 ) ) ;
#9124 = CONICAL_SURFACE ( 'NONE', #8245, 7.649999999999989697, 0.7853981633974491672 ) ;
#9125 = DIRECTION ( 'NONE',  ( 1.000000000000000000, 0.000000000000000000, 0.000000000000000000 ) ) ;
#9126 = AXIS2_PLACEMENT_3D ( 'NONE', #5827, #7760, #10893 ) ;
#9127 = VERTEX_POINT ( 'NONE', #9862 ) ;
#9128 = PLANE ( 'NONE',  #10845 ) ;
#9129 = ORIENTED_EDGE ( 'NONE', *, *, #10709, .F. ) ;
#9130 = VERTEX_POINT ( 'NONE', #3441 ) ;
#9131 = AXIS2_PLACEMENT_3D ( 'NONE', #200, #4332, #8281 ) ;
#9132 = AXIS2_PLACEMENT_3D ( 'NONE', #1734, #5872, #10064 ) ;
#9133 = ADVANCED_FACE ( 'NONE', ( #11847 ), #11995, .F. ) ;
#9134 = VECTOR ( 'NONE', #4798, 999.9999999999998863 ) ;
#9135 = CARTESIAN_POINT ( 'NONE',  ( 45.11403200266500590, 45.55398713153164891, 8.800000000000000711 ) ) ;
#9136 = EDGE_LOOP ( 'NONE', ( #13320, #11508, #4291, #8810 ) ) ;
#9137 = ORIENTED_EDGE ( 'NONE', *, *, #588, .T. ) ;
#9138 = CARTESIAN_POINT ( 'NONE',  ( 176.1730089415172529, 84.90966637033203313, 10.40000000000000213 ) ) ;
#9139 = DIRECTION ( 'NONE',  ( -1.000000000000000000, 0.000000000000000000, 0.000000000000000000 ) ) ;
#9140 = DIRECTION ( 'NONE',  ( 1.000000000000000000, 0.000000000000000000, 0.000000000000000000 ) ) ;
#9141 = DIRECTION ( 'NONE',  ( -0.000000000000000000, -0.000000000000000000, -1.000000000000000000 ) ) ;
#9142 = ORIENTED_EDGE ( 'NONE', *, *, #3149, .T. ) ;
#9143 = VERTEX_POINT ( 'NONE', #10948 ) ;
#9144 = DIRECTION ( 'NONE',  ( 0.000000000000000000, -1.000000000000000000, 0.000000000000000000 ) ) ;
#9145 = VECTOR ( 'NONE', #8230, 1000.000000000000000 ) ;
#9146 = CARTESIAN_POINT ( 'NONE',  ( 173.4302944456196656, 132.1926215833765923, 10.00000000000000000 ) ) ;
#9147 = VERTEX_POINT ( 'NONE', #4442 ) ;
#9148 = DIRECTION ( 'NONE',  ( -1.000000000000000000, 0.000000000000000000, 0.000000000000000000 ) ) ;
#9149 = CYLINDRICAL_SURFACE ( 'NONE', #10983, 1.900000000000012790 ) ;
#9151 = EDGE_CURVE ( 'NONE', #1976, #5779, #3797, .T. ) ;
#9150 = CIRCLE ( 'NONE', #3251, 8.649999999999963052 ) ;
#9152 = ORIENTED_EDGE ( 'NONE', *, *, #8327, .T. ) ;
#9153 = CARTESIAN_POINT ( 'NONE',  ( 170.7092763556042598, 56.02765497882714385, 8.800000000000000711 ) ) ;
#9154 = PLANE ( 'NONE',  #1418 ) ;
#9155 = CARTESIAN_POINT ( 'NONE',  ( 170.7627247140764837, 99.94750278602708704, 0.000000000000000000 ) ) ;
#9156 = DIRECTION ( 'NONE',  ( 0.000000000000000000, -1.000000000000000000, 0.000000000000000000 ) ) ;
#9157 = ORIENTED_EDGE ( 'NONE', *, *, #333, .F. ) ;
#9158 = ORIENTED_EDGE ( 'NONE', *, *, #4719, .T. ) ;
#9159 = CARTESIAN_POINT ( 'NONE',  ( 172.4876398314652590, 51.05117720286586547, 8.800000000000000711 ) ) ;
#9160 = CYLINDRICAL_SURFACE ( 'NONE', #5100, 1.900000000000012790 ) ;
#9161 = ORIENTED_EDGE ( 'NONE', *, *, #10004, .F. ) ;
#9162 = DIRECTION ( 'NONE',  ( 0.000000000000000000, -1.000000000000000000, 0.000000000000000000 ) ) ;
#9163 = EDGE_CURVE ( 'NONE', #13081, #6653, #559, .T. ) ;
#9164 = ADVANCED_FACE ( 'NONE', ( #507 ), #2425, .F. ) ;
#9165 = AXIS2_PLACEMENT_3D ( 'NONE', #12939, #10874, #5667 ) ;
#9166 = DIRECTION ( 'NONE',  ( -1.000000000000000000, 0.000000000000000000, 0.000000000000000000 ) ) ;
#9167 = ORIENTED_EDGE ( 'NONE', *, *, #7059, .T. ) ;
#9168 = CARTESIAN_POINT ( 'NONE',  ( 207.5000000000004547, 120.3050000000001489, 0.000000000000000000 ) ) ;
#9169 = LINE ( 'NONE', #11140, #5738 ) ;
#9170 = DIRECTION ( 'NONE',  ( -0.000000000000000000, -0.000000000000000000, -1.000000000000000000 ) ) ;
#9171 = DIRECTION ( 'NONE',  ( -0.2810846377148131792, 0.6785983445458461105, 0.6785983445458507735 ) ) ;
#9172 = FACE_BOUND ( 'NONE', #9982, .T. ) ;
#9173 = ORIENTED_EDGE ( 'NONE', *, *, #154, .F. ) ;
#9174 = VERTEX_POINT ( 'NONE', #8844 ) ;
#9175 = EDGE_CURVE ( 'NONE', #372, #13016, #6553, .T. ) ;
#9176 = AXIS2_PLACEMENT_3D ( 'NONE', #1369, #4487, #12859 ) ;
#9177 = FACE_OUTER_BOUND ( 'NONE', #7050, .T. ) ;
#9178 = VERTEX_POINT ( 'NONE', #5606 ) ;
#9179 = CARTESIAN_POINT ( 'NONE',  ( 0.000000000000000000, 160.0000000000004547, 10.00000000000000000 ) ) ;
#9180 = ORIENTED_EDGE ( 'NONE', *, *, #3482, .F. ) ;
#9181 = EDGE_CURVE ( 'NONE', #1658, #249, #1398, .T. ) ;
#9182 = FACE_OUTER_BOUND ( 'NONE', #1137, .T. ) ;
#9183 = DIRECTION ( 'NONE',  ( 1.000000000000000000, 0.000000000000000000, 0.000000000000000000 ) ) ;
#9184 = ORIENTED_EDGE ( 'NONE', *, *, #7538, .T. ) ;
#9185 = CARTESIAN_POINT ( 'NONE',  ( 174.9485405866030021, 131.3223178114732264, 8.800000000000000711 ) ) ;
#9186 = EDGE_LOOP ( 'NONE', ( #3983, #12407, #12353, #12736 ) ) ;
#9187 = EDGE_CURVE ( 'NONE', #11872, #11212, #12950, .T. ) ;
#9188 = DIRECTION ( 'NONE',  ( 0.000000000000000000, -1.000000000000000000, 0.000000000000000000 ) ) ;
#9189 = VERTEX_POINT ( 'NONE', #2632 ) ;
#9190 = VERTEX_POINT ( 'NONE', #4578 ) ;
#9191 = CARTESIAN_POINT ( 'NONE',  ( 173.4170201614553548, 137.2950152050907207, 10.00000000000000000 ) ) ;
#9192 = LINE ( 'NONE', #5752, #5734 ) ;
#9193 = EDGE_LOOP ( 'NONE', ( #4461, #9913, #1290, #1117 ) ) ;
#9194 = AXIS2_PLACEMENT_3D ( 'NONE', #12573, #3276, #6307 ) ;
#9195 = ORIENTED_EDGE ( 'NONE', *, *, #12863, .F. ) ;
#9196 = DIRECTION ( 'NONE',  ( -0.000000000000000000, -0.000000000000000000, -1.000000000000000000 ) ) ;
#9197 = DIRECTION ( 'NONE',  ( -0.000000000000000000, 0.000000000000000000, 1.000000000000000000 ) ) ;
#9198 = CARTESIAN_POINT ( 'NONE',  ( 124.8267149358792949, 20.09410048508981816, 8.800000000000000711 ) ) ;
#9199 = CARTESIAN_POINT ( 'NONE',  ( 17.00000000000004263, 153.0000000000004547, 0.000000000000000000 ) ) ;
#9200 = ORIENTED_EDGE ( 'NONE', *, *, #7220, .T. ) ;
#9201 = VERTEX_POINT ( 'NONE', #6768 ) ;
#9202 = EDGE_CURVE ( 'NONE', #8749, #7608, #987, .T. ) ;
#9203 = DIRECTION ( 'NONE',  ( -0.000000000000000000, 0.000000000000000000, 1.000000000000000000 ) ) ;
#9204 = EDGE_CURVE ( 'NONE', #63, #233, #12747, .T. ) ;
#9205 = DIRECTION ( 'NONE',  ( -0.000000000000000000, 0.000000000000000000, 1.000000000000000000 ) ) ;
#9206 = EDGE_LOOP ( 'NONE', ( #11118, #4304, #10942, #7054 ) ) ;
#9207 = LINE ( 'NONE', #7079, #6052 ) ;
#9208 = PLANE ( 'NONE',  #12013 ) ;
#9209 = AXIS2_PLACEMENT_3D ( 'NONE', #1146, #10051, #9416 ) ;
#9210 = FACE_OUTER_BOUND ( 'NONE', #5187, .T. ) ;
#9211 = ORIENTED_EDGE ( 'NONE', *, *, #10853, .T. ) ;
#9212 = DIRECTION ( 'NONE',  ( -0.000000000000000000, -0.000000000000000000, -1.000000000000000000 ) ) ;
#9213 = VECTOR ( 'NONE', #8996, 1000.000000000000000 ) ;
#9214 = CARTESIAN_POINT ( 'NONE',  ( 45.11403200266500590, 94.46799953652343618, 8.800000000000000711 ) ) ;
#9215 = DIRECTION ( 'NONE',  ( 1.000000000000000000, 0.000000000000000000, 0.000000000000000000 ) ) ;
#9216 = ADVANCED_FACE ( 'NONE', ( #5810 ), #3766, .F. ) ;
#9217 = DIRECTION ( 'NONE',  ( -0.000000000000000000, -0.000000000000000000, 1.000000000000000000 ) ) ;
#9218 = VERTEX_POINT ( 'NONE', #707 ) ;
#9219 = ORIENTED_EDGE ( 'NONE', *, *, #7939, .T. ) ;
#9220 = CYLINDRICAL_SURFACE ( 'NONE', #3061, 1.750000000000001554 ) ;
#9221 = DIRECTION ( 'NONE',  ( 1.000000000000000000, 0.000000000000000000, 0.000000000000000000 ) ) ;
#9222 = ORIENTED_EDGE ( 'NONE', *, *, #315, .T. ) ;
#9223 = CARTESIAN_POINT ( 'NONE',  ( 127.8440251048211280, 132.5024585979040523, 9.400000000000028777 ) ) ;
#9224 = AXIS2_PLACEMENT_3D ( 'NONE', #2065, #6204, #5196 ) ;
#9225 = DIRECTION ( 'NONE',  ( -1.000000000000000000, -0.000000000000000000, -0.000000000000000000 ) ) ;
#9226 = VERTEX_POINT ( 'NONE', #11292 ) ;
#9227 = LINE ( 'NONE', #9032, #7060 ) ;
#9228 = CARTESIAN_POINT ( 'NONE',  ( 43.80010033051761553, 49.50536851037037422, 10.00000000000000000 ) ) ;
#9229 = CARTESIAN_POINT ( 'NONE',  ( 172.5127247140765121, 99.94750278602708704, 8.800000000000000711 ) ) ;
#9230 = EDGE_CURVE ( 'NONE', #12126, #7072, #7952, .T. ) ;
#9231 = FACE_BOUND ( 'NONE', #4509, .T. ) ;
#9232 = ORIENTED_EDGE ( 'NONE', *, *, #10773, .F. ) ;
#9233 = VECTOR ( 'NONE', #811, 1000.000000000000000 ) ;
#9234 = VERTEX_POINT ( 'NONE', #8009 ) ;
#9235 = FACE_OUTER_BOUND ( 'NONE', #1050, .T. ) ;
#9236 = ORIENTED_EDGE ( 'NONE', *, *, #2930, .F. ) ;
#9237 = ORIENTED_EDGE ( 'NONE', *, *, #6369, .T. ) ;
#9238 = CIRCLE ( 'NONE', #11204, 1.750000000000001554 ) ;
#9239 = CIRCLE ( 'NONE', #4641, 1.750000000000001554 ) ;
#9240 = DIRECTION ( 'NONE',  ( -0.000000000000000000, -0.000000000000000000, -1.000000000000000000 ) ) ;
#9241 = EDGE_CURVE ( 'NONE', #10852, #5926, #10570, .T. ) ;
#9242 = ORIENTED_EDGE ( 'NONE', *, *, #7142, .T. ) ;
#9243 = DIRECTION ( 'NONE',  ( 1.000000000000000000, 0.000000000000000000, 0.000000000000000000 ) ) ;
#9244 = FACE_OUTER_BOUND ( 'NONE', #13415, .T. ) ;
#9245 = ADVANCED_FACE ( 'NONE', ( #1931 ), #3953, .T. ) ;
#9246 = ADVANCED_FACE ( 'NONE', ( #10194 ), #642, .F. ) ;
#9247 = VECTOR ( 'NONE', #13414, 1000.000000000000000 ) ;
#9248 = ORIENTED_EDGE ( 'NONE', *, *, #7650, .F. ) ;
#9249 = CARTESIAN_POINT ( 'NONE',  ( 174.5379805785753149, 48.38256379482365332, 8.800000000000000711 ) ) ;
#9250 = AXIS2_PLACEMENT_3D ( 'NONE', #3687, #12931, #1655 ) ;
#9251 = ORIENTED_EDGE ( 'NONE', *, *, #10475, .F. ) ;
#9252 = VECTOR ( 'NONE', #9931, 1000.000000000000000 ) ;
#9253 = CARTESIAN_POINT ( 'NONE',  ( 81.20734701375181430, 117.7494076238474747, 0.000000000000000000 ) ) ;
#9254 = EDGE_LOOP ( 'NONE', ( #688, #850 ) ) ;
#9255 = LINE ( 'NONE', #5202, #13503 ) ;
#9256 = VECTOR ( 'NONE', #1103, 1000.000000000000114 ) ;
#9257 = VECTOR ( 'NONE', #11939, 1000.000000000000000 ) ;
#9258 = DIRECTION ( 'NONE',  ( 1.000000000000000000, 0.000000000000000000, 0.000000000000000000 ) ) ;
#9259 = EDGE_CURVE ( 'NONE', #421, #9201, #2278, .T. ) ;
#9260 = ORIENTED_EDGE ( 'NONE', *, *, #7707, .F. ) ;
#9261 = AXIS2_PLACEMENT_3D ( 'NONE', #210, #11681, #12528 ) ;
#9262 = AXIS2_PLACEMENT_3D ( 'NONE', #9120, #9050, #2833 ) ;
#9263 = ORIENTED_EDGE ( 'NONE', *, *, #6981, .T. ) ;
#9264 = CARTESIAN_POINT ( 'NONE',  ( 126.7267149358793148, 20.09410048508981816, 8.800000000000000711 ) ) ;
#9265 = FACE_OUTER_BOUND ( 'NONE', #2536, .T. ) ;
#9266 = DIRECTION ( 'NONE',  ( -0.000000000000000000, 0.000000000000000000, 1.000000000000000000 ) ) ;
#9267 = EDGE_CURVE ( 'NONE', #4035, #2457, #1797, .T. ) ;
#9268 = EDGE_CURVE ( 'NONE', #6877, #3181, #1419, .T. ) ;
#9269 = CARTESIAN_POINT ( 'NONE',  ( 17.00000000000004619, -7.390000000000535252, 0.000000000000000000 ) ) ;
#9270 = EDGE_LOOP ( 'NONE', ( #2461, #9520, #6379, #11340 ) ) ;
#9271 = ORIENTED_EDGE ( 'NONE', *, *, #5917, .T. ) ;
#9272 = CARTESIAN_POINT ( 'NONE',  ( 43.36403200266500590, 11.86983023117878666, 10.00000000000000000 ) ) ;
#9273 = CARTESIAN_POINT ( 'NONE',  ( 203.2000000000004718, 153.0000000000004547, 7.000000000000000000 ) ) ;
#9274 = AXIS2_PLACEMENT_3D ( 'NONE', #5624, #458, #6500 ) ;
#9275 = ORIENTED_EDGE ( 'NONE', *, *, #7957, .T. ) ;
#9276 = VECTOR ( 'NONE', #3894, 1000.000000000000000 ) ;
#9277 = CARTESIAN_POINT ( 'NONE',  ( 126.9383251953236140, 137.2223487795121173, 0.000000000000000000 ) ) ;
#9278 = ORIENTED_EDGE ( 'NONE', *, *, #2643, .T. ) ;
#9279 = VECTOR ( 'NONE', #13091, 1000.000000000000000 ) ;
#9280 = CARTESIAN_POINT ( 'NONE',  ( 43.59170787342341669, 90.38330118084060416, 8.800000000000000711 ) ) ;
#9281 = DIRECTION ( 'NONE',  ( 0.7071067811865378028, -0.000000000000000000, -0.7071067811865573427 ) ) ;
#9282 = ADVANCED_FACE ( 'NONE', ( #8297 ), #9397, .F. ) ;
#9283 = EDGE_LOOP ( 'NONE', ( #10074, #8746, #9142, #11130 ) ) ;
#9284 = EDGE_CURVE ( 'NONE', #4846, #12786, #1001, .T. ) ;
#9285 = CIRCLE ( 'NONE', #9502, 1.900000000000012790 ) ;
#9286 = AXIS2_PLACEMENT_3D ( 'NONE', #3614, #11965, #2610 ) ;
#9287 = DIRECTION ( 'NONE',  ( -0.000000000000000000, 0.000000000000000000, 1.000000000000000000 ) ) ;
#9288 = AXIS2_PLACEMENT_3D ( 'NONE', #9647, #7611, #10812 ) ;
#9289 = DIRECTION ( 'NONE',  ( 1.000000000000000000, 0.000000000000000000, 0.000000000000000000 ) ) ;
#9290 = ORIENTED_EDGE ( 'NONE', *, *, #4144, .T. ) ;
#9291 = DIRECTION ( 'NONE',  ( 1.000000000000000000, 0.000000000000000000, 0.000000000000000000 ) ) ;
#9292 = DIRECTION ( 'NONE',  ( -0.000000000000000000, 0.000000000000000000, 1.000000000000000000 ) ) ;
#9293 = ORIENTED_EDGE ( 'NONE', *, *, #250, .T. ) ;
#9294 = VERTEX_POINT ( 'NONE', #5140 ) ;
#9295 = AXIS2_PLACEMENT_3D ( 'NONE', #7540, #10608, #6486 ) ;
#9296 = CARTESIAN_POINT ( 'NONE',  ( 44.14175674391536575, 95.92305308235030736, 0.000000000000000000 ) ) ;
#9297 = ORIENTED_EDGE ( 'NONE', *, *, #12466, .T. ) ;
#9298 = CARTESIAN_POINT ( 'NONE',  ( -1.063412749814442832E-14, 24.74264681229792728, 10.40000000000000213 ) ) ;
#9299 = EDGE_CURVE ( 'NONE', #4407, #3984, #5266, .T. ) ;
#9300 = CARTESIAN_POINT ( 'NONE',  ( 176.4985405866029851, 19.82081807526519057, 8.800000000000000711 ) ) ;
#9301 = ORIENTED_EDGE ( 'NONE', *, *, #4880, .T. ) ;
#9302 = VECTOR ( 'NONE', #12700, 1000.000000000000000 ) ;
#9303 = DIRECTION ( 'NONE',  ( -0.000000000000000000, 0.000000000000000000, 1.000000000000000000 ) ) ;
#9304 = CARTESIAN_POINT ( 'NONE',  ( 173.6691944003270862, 135.2542315373080442, 8.800000000000000711 ) ) ;
#9305 = DIRECTION ( 'NONE',  ( 0.7071039827808556222, -0.7071095795811647156, 0.000000000000000000 ) ) ;
#9306 = CIRCLE ( 'NONE', #5134, 1.750000000000001554 ) ;
#9307 = LINE ( 'NONE', #3088, #12351 ) ;
#9308 = EDGE_LOOP ( 'NONE', ( #6091, #13310, #3954, #4814 ) ) ;
#9309 = ORIENTED_EDGE ( 'NONE', *, *, #1112, .F. ) ;
#9310 = FACE_BOUND ( 'NONE', #9889, .T. ) ;
#9311 = DIRECTION ( 'NONE',  ( 1.000000000000000000, 0.000000000000000000, 0.000000000000000000 ) ) ;
#9312 = ORIENTED_EDGE ( 'NONE', *, *, #3168, .T. ) ;
#9313 = ORIENTED_EDGE ( 'NONE', *, *, #1135, .F. ) ;
#9314 = AXIS2_PLACEMENT_3D ( 'NONE', #5080, #3921, #10158 ) ;
#9315 = EDGE_CURVE ( 'NONE', #13266, #4613, #2209, .T. ) ;
#9316 = VECTOR ( 'NONE', #725, 1000.000000000000000 ) ;
#9317 = FACE_OUTER_BOUND ( 'NONE', #3711, .T. ) ;
#9318 = DIRECTION ( 'NONE',  ( 0.000000000000000000, 0.000000000000000000, -1.000000000000000000 ) ) ;
#9319 = ORIENTED_EDGE ( 'NONE', *, *, #8027, .T. ) ;
#9320 = CARTESIAN_POINT ( 'NONE',  ( 20.17116097332604951, -4.192077597143913259, 9.000000000000000000 ) ) ;
#9321 = DIRECTION ( 'NONE',  ( -1.125813862719237453E-16, 1.000000000000000000, 0.000000000000000000 ) ) ;
#9322 = VECTOR ( 'NONE', #6488, 1000.000000000000000 ) ;
#9323 = VERTEX_POINT ( 'NONE', #12476 ) ;
#9324 = CIRCLE ( 'NONE', #4942, 1.899999999999957279 ) ;
#9325 = CARTESIAN_POINT ( 'NONE',  ( 136.5252465877439079, 54.88588100076002974, 9.400000000000018119 ) ) ;
#9326 = VERTEX_POINT ( 'NONE', #6215 ) ;
#9327 = EDGE_CURVE ( 'NONE', #157, #590, #8611, .T. ) ;
#9328 = VERTEX_POINT ( 'NONE', #10531 ) ;
#9329 = CARTESIAN_POINT ( 'NONE',  ( 17.00000000000000000, 160.0000000000004547, 0.000000000000000000 ) ) ;
#9331 = EDGE_CURVE ( 'NONE', #6010, #11580, #2727, .T. ) ;
#9330 = AXIS2_PLACEMENT_3D ( 'NONE', #1527, #6611, #8759 ) ;
#9332 = EDGE_CURVE ( 'NONE', #9790, #1512, #2514, .T. ) ;
#9333 = CYLINDRICAL_SURFACE ( 'NONE', #13073, 1.899999999999999023 ) ;
#9334 = CARTESIAN_POINT ( 'NONE',  ( 81.03604971557493286, 51.91583020066806142, 9.400000000000032330 ) ) ;
#9335 = AXIS2_PLACEMENT_3D ( 'NONE', #9777, #2541, #1559 ) ;
#9336 = ORIENTED_EDGE ( 'NONE', *, *, #8089, .F. ) ;
#9337 = AXIS2_PLACEMENT_3D ( 'NONE', #4735, #1548, #4590 ) ;
#9338 = VERTEX_POINT ( 'NONE', #5205 ) ;
#9339 = DIRECTION ( 'NONE',  ( -0.000000000000000000, 0.000000000000000000, 1.000000000000000000 ) ) ;
#9340 = CARTESIAN_POINT ( 'NONE',  ( 41.10258495182370098, 14.31924111348213025, 10.00000000000000000 ) ) ;
#9341 = LINE ( 'NONE', #12619, #11023 ) ;
#9342 = ORIENTED_EDGE ( 'NONE', *, *, #9202, .T. ) ;
#9343 = LINE ( 'NONE', #2017, #325 ) ;
#9344 = AXIS2_PLACEMENT_3D ( 'NONE', #6862, #6579, #1427 ) ;
#9345 = CYLINDRICAL_SURFACE ( 'NONE', #11940, 1.900000000000012790 ) ;
#9346 = ORIENTED_EDGE ( 'NONE', *, *, #2165, .T. ) ;
#9347 = ADVANCED_FACE ( 'NONE', ( #11506 ), #10467, .T. ) ;
#9348 = AXIS2_PLACEMENT_3D ( 'NONE', #6479, #7603, #10668 ) ;
#9349 = CYLINDRICAL_SURFACE ( 'NONE', #4518, 1.750000000000001554 ) ;
#9350 = ORIENTED_EDGE ( 'NONE', *, *, #1477, .T. ) ;
#9351 = AXIS2_PLACEMENT_3D ( 'NONE', #10338, #10275, #5138 ) ;
#9352 = DIRECTION ( 'NONE',  ( 1.000000000000000000, 0.000000000000000000, 0.000000000000000000 ) ) ;
#9353 = EDGE_CURVE ( 'NONE', #4004, #2753, #5972, .T. ) ;
#9354 = DIRECTION ( 'NONE',  ( -1.000000000000000000, 0.000000000000000000, 0.000000000000000000 ) ) ;
#9355 = EDGE_LOOP ( 'NONE', ( #4672, #341 ) ) ;
#9356 = CIRCLE ( 'NONE', #2368, 1.750000000000001554 ) ;
#9357 = DIRECTION ( 'NONE',  ( 1.224646799147353207E-16, 1.000000000000000000, 0.000000000000000000 ) ) ;
#9358 = AXIS2_PLACEMENT_3D ( 'NONE', #8783, #4527, #7686 ) ;
#9359 = DIRECTION ( 'NONE',  ( -0.000000000000000000, -0.000000000000000000, -1.000000000000000000 ) ) ;
#9360 = ORIENTED_EDGE ( 'NONE', *, *, #4585, .F. ) ;
#9361 = DIRECTION ( 'NONE',  ( -0.000000000000000000, -0.000000000000000000, -1.000000000000000000 ) ) ;
#9362 = DIRECTION ( 'NONE',  ( 0.000000000000000000, 0.000000000000000000, -1.000000000000000000 ) ) ;
#9363 = ORIENTED_EDGE ( 'NONE', *, *, #7853, .T. ) ;
#9364 = ORIENTED_EDGE ( 'NONE', *, *, #12197, .T. ) ;
#9365 = EDGE_CURVE ( 'NONE', #2150, #7856, #6596, .T. ) ;
#9366 = VECTOR ( 'NONE', #4357, 1000.000000000000000 ) ;
#9367 = EDGE_CURVE ( 'NONE', #10525, #5425, #13185, .T. ) ;
#9368 = AXIS2_PLACEMENT_3D ( 'NONE', #1246, #4349, #12113 ) ;
#9369 = ORIENTED_EDGE ( 'NONE', *, *, #679, .T. ) ;
#9370 = FACE_OUTER_BOUND ( 'NONE', #12429, .T. ) ;
#9371 = CARTESIAN_POINT ( 'NONE',  ( 73.35482823265211039, 129.5324077978120840, 10.40000000000000213 ) ) ;
#9372 = ORIENTED_EDGE ( 'NONE', *, *, #12373, .F. ) ;
#9373 = DIRECTION ( 'NONE',  ( -0.000000000000000000, 0.000000000000000000, 1.000000000000000000 ) ) ;
#9374 = DIRECTION ( 'NONE',  ( -0.000000000000000000, 0.000000000000000000, 1.000000000000000000 ) ) ;
#9375 = CARTESIAN_POINT ( 'NONE',  ( 12.49999999999989697, 154.5997564364707273, 0.03500950789804550822 ) ) ;
#9376 = VERTEX_POINT ( 'NONE', #477 ) ;
#9377 = EDGE_CURVE ( 'NONE', #4703, #13233, #1607, .T. ) ;
#9378 = ADVANCED_FACE ( 'NONE', ( #6741 ), #10924, .F. ) ;
#9379 = VERTEX_POINT ( 'NONE', #2205 ) ;
#9380 = AXIS2_PLACEMENT_3D ( 'NONE', #996, #11432, #12409 ) ;
#9381 = ORIENTED_EDGE ( 'NONE', *, *, #7743, .F. ) ;
#9382 = CARTESIAN_POINT ( 'NONE',  ( 42.85258495182370098, 131.3036457082470179, 0.000000000000000000 ) ) ;
#9383 = DIRECTION ( 'NONE',  ( -0.000000000000000000, 0.000000000000000000, 1.000000000000000000 ) ) ;
#9384 = ORIENTED_EDGE ( 'NONE', *, *, #7790, .F. ) ;
#9385 = CARTESIAN_POINT ( 'NONE',  ( 205.0000000000004547, -9.790000000000118163, 0.000000000000000000 ) ) ;
#9386 = AXIS2_PLACEMENT_3D ( 'NONE', #11905, #11697, #11979 ) ;
#9387 = FACE_BOUND ( 'NONE', #11311, .T. ) ;
#9388 = ORIENTED_EDGE ( 'NONE', *, *, #8650, .F. ) ;
#9389 = EDGE_CURVE ( 'NONE', #3358, #6397, #1646, .T. ) ;
#9390 = DIRECTION ( 'NONE',  ( -0.000000000000000000, 0.000000000000000000, 1.000000000000000000 ) ) ;
#9391 = ORIENTED_EDGE ( 'NONE', *, *, #935, .T. ) ;
#9392 = VERTEX_POINT ( 'NONE', #4356 ) ;
#9393 = LINE ( 'NONE', #1187, #8047 ) ;
#9394 = VECTOR ( 'NONE', #1442, 1000.000000000000000 ) ;
#9395 = CYLINDRICAL_SURFACE ( 'NONE', #4300, 3.599999999999999201 ) ;
#9396 = DIRECTION ( 'NONE',  ( -0.000000000000000000, 0.000000000000000000, 1.000000000000000000 ) ) ;
#9397 = CYLINDRICAL_SURFACE ( 'NONE', #110, 1.750000000000001554 ) ;
#9398 = VERTEX_POINT ( 'NONE', #11776 ) ;
#9399 = EDGE_LOOP ( 'NONE', ( #3742, #12361, #4128, #6778 ) ) ;
#9400 = CARTESIAN_POINT ( 'NONE',  ( 127.8440251048211280, 132.5024585979040523, 8.800000000000000711 ) ) ;
#9401 = FACE_OUTER_BOUND ( 'NONE', #9806, .T. ) ;
#9402 = CARTESIAN_POINT ( 'NONE',  ( 41.11730598147647697, 48.02469477777533058, 8.800000000000000711 ) ) ;
#9403 = CARTESIAN_POINT ( 'NONE',  ( 128.8908573292053177, 16.07759220218804330, 10.40000000000000213 ) ) ;
#9404 = ORIENTED_EDGE ( 'NONE', *, *, #7918, .F. ) ;
#9405 = CARTESIAN_POINT ( 'NONE',  ( 126.7267149358793148, 98.15027427408116978, 8.800000000000000711 ) ) ;
#9406 = EDGE_CURVE ( 'NONE', #5538, #693, #1390, .T. ) ;
#9407 = CYLINDRICAL_SURFACE ( 'NONE', #13045, 1.900000000000012790 ) ;
#9408 = ORIENTED_EDGE ( 'NONE', *, *, #7605, .F. ) ;
#9409 = LINE ( 'NONE', #7415, #404 ) ;
#9410 = ORIENTED_EDGE ( 'NONE', *, *, #6319, .F. ) ;
#9411 = DIRECTION ( 'NONE',  ( -0.000000000000000000, -0.000000000000000000, -1.000000000000000000 ) ) ;
#9412 = ORIENTED_EDGE ( 'NONE', *, *, #12238, .T. ) ;
#9413 = CARTESIAN_POINT ( 'NONE',  ( 46.86403200266500590, 133.7801504420406502, 0.000000000000000000 ) ) ;
#9414 = EDGE_CURVE ( 'NONE', #5589, #3413, #13431, .T. ) ;
#9415 = DIRECTION ( 'NONE',  ( -0.7071067811865474617, 0.7071067811865474617, -0.000000000000000000 ) ) ;
#9416 = DIRECTION ( 'NONE',  ( -1.000000000000000000, 0.000000000000000000, 0.000000000000000000 ) ) ;
#9417 = CARTESIAN_POINT ( 'NONE',  ( 145.1752465877438567, 54.88588100076002974, 8.800000000000000711 ) ) ;
#9418 = EDGE_LOOP ( 'NONE', ( #10340, #10545, #6090, #11731 ) ) ;
#9419 = CARTESIAN_POINT ( 'NONE',  ( 140.4492919255787058, 3.846501363067972523, 8.800000000000000711 ) ) ;
#9420 = DIRECTION ( 'NONE',  ( 0.7071067811865375807, 2.411985684945108949E-16, -0.7071067811865574537 ) ) ;
#9421 = EDGE_CURVE ( 'NONE', #1909, #12938, #2968, .T. ) ;
#9422 = EDGE_CURVE ( 'NONE', #4657, #2139, #1171, .T. ) ;
#9423 = DIRECTION ( 'NONE',  ( 0.7071067811865240360, -0.7071067811865711095, 0.000000000000000000 ) ) ;
#9424 = ORIENTED_EDGE ( 'NONE', *, *, #737, .F. ) ;
#9425 = DIRECTION ( 'NONE',  ( 1.000000000000000000, 0.000000000000000000, 0.000000000000000000 ) ) ;
#9426 = ORIENTED_EDGE ( 'NONE', *, *, #8795, .T. ) ;
#9427 = CARTESIAN_POINT ( 'NONE',  ( 42.85258495182370098, 136.4729333453784932, 0.000000000000000000 ) ) ;
#9428 = DIRECTION ( 'NONE',  ( 1.000000000000000000, 0.000000000000000000, 0.000000000000000000 ) ) ;
#9429 = AXIS2_PLACEMENT_3D ( 'NONE', #1582, #8964, #7722 ) ;
#9430 = EDGE_CURVE ( 'NONE', #10131, #12962, #9043, .T. ) ;
#9431 = ORIENTED_EDGE ( 'NONE', *, *, #13271, .T. ) ;
#9432 = DIRECTION ( 'NONE',  ( -0.000000000000000000, -0.000000000000000000, -1.000000000000000000 ) ) ;
#9433 = FACE_OUTER_BOUND ( 'NONE', #12305, .T. ) ;
#9434 = CARTESIAN_POINT ( 'NONE',  ( 43.33002210663563858, 6.715518501719201616, 0.000000000000000000 ) ) ;
#9435 = EDGE_CURVE ( 'NONE', #2686, #1738, #3642, .T. ) ;
#9436 = DIRECTION ( 'NONE',  ( -1.000000000000000000, 0.000000000000000000, 0.000000000000000000 ) ) ;
#9437 = ORIENTED_EDGE ( 'NONE', *, *, #10910, .F. ) ;
#9438 = FACE_BOUND ( 'NONE', #10299, .T. ) ;
#9439 = ORIENTED_EDGE ( 'NONE', *, *, #12539, .F. ) ;
#9440 = VECTOR ( 'NONE', #9950, 1000.000000000000114 ) ;
#9441 = ORIENTED_EDGE ( 'NONE', *, *, #2882, .F. ) ;
#9442 = LINE ( 'NONE', #8415, #2157 ) ;
#9443 = EDGE_CURVE ( 'NONE', #1791, #2881, #9941, .T. ) ;
#9444 = VERTEX_POINT ( 'NONE', #5815 ) ;
#9445 = EDGE_CURVE ( 'NONE', #8280, #8323, #3770, .T. ) ;
#9446 = VECTOR ( 'NONE', #6284, 1000.000000000000000 ) ;
#9447 = CARTESIAN_POINT ( 'NONE',  ( 67.45833726339711234, 56.04032460332424392, 0.000000000000000000 ) ) ;
#9448 = CARTESIAN_POINT ( 'NONE',  ( 42.86730598147647697, 48.02469477777533058, 8.800000000000000711 ) ) ;
#9449 = ORIENTED_EDGE ( 'NONE', *, *, #6782, .F. ) ;
#9450 = CYLINDRICAL_SURFACE ( 'NONE', #5164, 1.750000000000001554 ) ;
#9451 = ORIENTED_EDGE ( 'NONE', *, *, #11258, .F. ) ;
#9452 = ORIENTED_EDGE ( 'NONE', *, *, #3093, .F. ) ;
#9453 = AXIS2_PLACEMENT_3D ( 'NONE', #13464, #12376, #3381 ) ;
#9454 = DIRECTION ( 'NONE',  ( 0.7071067811865375807, 1.050258034974614347E-16, -0.7071067811865574537 ) ) ;
#9455 = AXIS2_PLACEMENT_3D ( 'NONE', #9545, #2227, #11650 ) ;
#9456 = DIRECTION ( 'NONE',  ( -0.000000000000000000, -0.000000000000000000, -1.000000000000000000 ) ) ;
#9457 = LINE ( 'NONE', #2146, #8595 ) ;
#9458 = EDGE_LOOP ( 'NONE', ( #11686, #7456, #724, #2666 ) ) ;
#9459 = EDGE_CURVE ( 'NONE', #4805, #12335, #4633, .T. ) ;
#9460 = VERTEX_POINT ( 'NONE', #2944 ) ;
#9461 = CYLINDRICAL_SURFACE ( 'NONE', #4023, 1.900000000000012790 ) ;
#9462 = DIRECTION ( 'NONE',  ( 0.000000000000000000, -0.000000000000000000, -1.000000000000000000 ) ) ;
#9463 = VECTOR ( 'NONE', #5175, 1000.000000000000000 ) ;
#9464 = CIRCLE ( 'NONE', #6817, 1.750000000000001554 ) ;
#9465 = DIRECTION ( 'NONE',  ( -0.000000000000000000, 0.000000000000000000, 1.000000000000000000 ) ) ;
#9466 = VERTEX_POINT ( 'NONE', #1911 ) ;
#9467 = FACE_OUTER_BOUND ( 'NONE', #5437, .T. ) ;
#9468 = CARTESIAN_POINT ( 'NONE',  ( 12.49999999999989875, 155.4000000000001762, 0.000000000000000000 ) ) ;
#9469 = VERTEX_POINT ( 'NONE', #13393 ) ;
#9470 = DIRECTION ( 'NONE',  ( 0.000000000000000000, 0.000000000000000000, 1.000000000000000000 ) ) ;
#9471 = ORIENTED_EDGE ( 'NONE', *, *, #10742, .T. ) ;
#9472 = CIRCLE ( 'NONE', #2502, 1.750000000000001554 ) ;
#9473 = DIRECTION ( 'NONE',  ( 1.000000000000000000, 0.000000000000000000, -0.000000000000000000 ) ) ;
#9474 = CIRCLE ( 'NONE', #7731, 8.649999999999963052 ) ;
#9475 = CIRCLE ( 'NONE', #9677, 1.750000000000001554 ) ;
#9476 = DIRECTION ( 'NONE',  ( 1.000000000000000000, 0.000000000000000000, 0.000000000000000000 ) ) ;
#9477 = ORIENTED_EDGE ( 'NONE', *, *, #4674, .F. ) ;
#9478 = ADVANCED_FACE ( 'NONE', ( #8195 ), #7165, .F. ) ;
#9479 = LINE ( 'NONE', #2229, #2801 ) ;
#9480 = DIRECTION ( 'NONE',  ( -0.000000000000000000, 0.000000000000000000, 1.000000000000000000 ) ) ;
#9481 = DIRECTION ( 'NONE',  ( -1.000000000000000000, 0.000000000000000000, 0.000000000000000000 ) ) ;
#9482 = VECTOR ( 'NONE', #9613, 1000.000000000000000 ) ;
#9483 = AXIS2_PLACEMENT_3D ( 'NONE', #9555, #8587, #12767 ) ;
#9484 = DIRECTION ( 'NONE',  ( 0.7071067811865474617, 0.7071067811865474617, 0.000000000000000000 ) ) ;
#9485 = ORIENTED_EDGE ( 'NONE', *, *, #13205, .F. ) ;
#9486 = CARTESIAN_POINT ( 'NONE',  ( 165.5290794875304528, 35.44183737631183817, 10.40000000000000213 ) ) ;
#9487 = CIRCLE ( 'NONE', #7499, 3.599999999999992095 ) ;
#9488 = CARTESIAN_POINT ( 'NONE',  ( 192.1588390266744000, 82.80500000000017735, 8.800000000000000711 ) ) ;
#9489 = VERTEX_POINT ( 'NONE', #10822 ) ;
#9490 = AXIS2_PLACEMENT_3D ( 'NONE', #983, #8147, #6135 ) ;
#9491 = DIRECTION ( 'NONE',  ( 1.000000000000000000, 0.000000000000000000, 0.000000000000000000 ) ) ;
#9492 = EDGE_CURVE ( 'NONE', #13374, #1647, #3773, .T. ) ;
#9493 = CARTESIAN_POINT ( 'NONE',  ( 45.11403200266500590, 55.61338254596925168, 10.00000000000000000 ) ) ;
#9494 = AXIS2_PLACEMENT_3D ( 'NONE', #13042, #7831, #12010 ) ;
#9495 = AXIS2_PLACEMENT_3D ( 'NONE', #5275, #11382, #7469 ) ;
#9496 = EDGE_CURVE ( 'NONE', #4004, #12962, #1813, .T. ) ;
#9497 = ADVANCED_FACE ( 'NONE', ( #4937 ), #10147, .T. ) ;
#9498 = VERTEX_POINT ( 'NONE', #4859 ) ;
#9499 = CARTESIAN_POINT ( 'NONE',  ( 170.7376398314652590, 17.14497833867034871, 0.000000000000000000 ) ) ;
#9500 = CARTESIAN_POINT ( 'NONE',  ( 173.2373540016771472, 13.81035004347308437, 10.00000000000000000 ) ) ;
#9501 = CARTESIAN_POINT ( 'NONE',  ( 200.5000000000003695, -7.390000000000313207, 7.000000000000000000 ) ) ;
#9502 = AXIS2_PLACEMENT_3D ( 'NONE', #3311, #4243, #7466 ) ;
#9503 = FACE_BOUND ( 'NONE', #6107, .T. ) ;
#9504 = VERTEX_POINT ( 'NONE', #11103 ) ;
#9505 = FACE_BOUND ( 'NONE', #11167, .T. ) ;
#9506 = CIRCLE ( 'NONE', #7523, 1.750000000000001554 ) ;
#9507 = ORIENTED_EDGE ( 'NONE', *, *, #6724, .T. ) ;
#9508 = EDGE_CURVE ( 'NONE', #1980, #12659, #1748, .T. ) ;
#9509 = ORIENTED_EDGE ( 'NONE', *, *, #8592, .F. ) ;
#9510 = EDGE_CURVE ( 'NONE', #6740, #3904, #792, .T. ) ;
#9511 = CARTESIAN_POINT ( 'NONE',  ( 127.8908573292053603, 16.07759220218804330, 8.800000000000000711 ) ) ;
#9512 = EDGE_CURVE ( 'NONE', #9326, #2500, #2774, .T. ) ;
#9513 = ORIENTED_EDGE ( 'NONE', *, *, #2114, .F. ) ;
#9514 = DIRECTION ( 'NONE',  ( -0.000000000000000000, 0.000000000000000000, 1.000000000000000000 ) ) ;
#9515 = CARTESIAN_POINT ( 'NONE',  ( 205.0000000000004547, 82.80500000000019156, 0.000000000000000000 ) ) ;
#9516 = EDGE_LOOP ( 'NONE', ( #3109, #8099, #10088, #1863, #4310 ) ) ;
#9517 = ORIENTED_EDGE ( 'NONE', *, *, #1135, .T. ) ;
#9518 = CARTESIAN_POINT ( 'NONE',  ( 53.46203832122825617, 32.55158222814958435, 10.40000000000000213 ) ) ;
#9519 = VECTOR ( 'NONE', #1639, 1000.000000000000000 ) ;
#9520 = ORIENTED_EDGE ( 'NONE', *, *, #9020, .T. ) ;
#9521 = EDGE_CURVE ( 'NONE', #5443, #793, #6573, .T. ) ;
#9522 = ORIENTED_EDGE ( 'NONE', *, *, #11027, .F. ) ;
#9523 = ADVANCED_FACE ( 'NONE', ( #10561 ), #4129, .F. ) ;
#9524 = CARTESIAN_POINT ( 'NONE',  ( 42.85258495182370098, 136.4729333453784932, 10.00000000000000000 ) ) ;
#9525 = CARTESIAN_POINT ( 'NONE',  ( 44.36274595599700632, 8.311768771484263851, 0.000000000000000000 ) ) ;
#9526 = CARTESIAN_POINT ( 'NONE',  ( 136.5096358462825208, 93.69416979933204459, 10.40000000000000213 ) ) ;
#9527 = VERTEX_POINT ( 'NONE', #9419 ) ;
#9528 = CIRCLE ( 'NONE', #3626, 1.900000000000012790 ) ;
#9529 = ORIENTED_EDGE ( 'NONE', *, *, #12225, .F. ) ;
#9530 = FACE_OUTER_BOUND ( 'NONE', #166, .T. ) ;
#9531 = CARTESIAN_POINT ( 'NONE',  ( 174.5379805785753149, 48.38256379482365332, 8.800000000000000711 ) ) ;
#9532 = DIRECTION ( 'NONE',  ( 1.000000000000000000, 0.000000000000000000, 0.000000000000000000 ) ) ;
#9533 = AXIS2_PLACEMENT_3D ( 'NONE', #11172, #12147, #10084 ) ;
#9534 = DIRECTION ( 'NONE',  ( -1.000000000000000000, 0.000000000000000000, 0.000000000000000000 ) ) ;
#9535 = EDGE_LOOP ( 'NONE', ( #8011, #5042, #2222, #8547 ) ) ;
#9536 = CARTESIAN_POINT ( 'NONE',  ( 173.1985405866030021, 136.4482890466690037, 8.800000000000000711 ) ) ;
#9537 = CARTESIAN_POINT ( 'NONE',  ( 45.11403200266500590, 123.7087698414060526, 0.000000000000000000 ) ) ;
#9538 = ORIENTED_EDGE ( 'NONE', *, *, #9204, .F. ) ;
#9539 = CARTESIAN_POINT ( 'NONE',  ( 173.2373540016771472, 13.81035004347308437, 0.000000000000000000 ) ) ;
#9540 = ORIENTED_EDGE ( 'NONE', *, *, #12084, .T. ) ;
#9541 = EDGE_CURVE ( 'NONE', #9113, #7291, #5421, .T. ) ;
#9542 = CARTESIAN_POINT ( 'NONE',  ( 173.8940578624929856, 50.00978951232973913, 8.800000000000000711 ) ) ;
#9543 = AXIS2_PLACEMENT_3D ( 'NONE', #5465, #2634, #4444 ) ;
#9544 = CIRCLE ( 'NONE', #1683, 1.750000000000001554 ) ;
#9545 = CARTESIAN_POINT ( 'NONE',  ( 124.8267149358792949, 20.09410048508981816, 10.00000000000000000 ) ) ;
#9546 = VERTEX_POINT ( 'NONE', #8586 ) ;
#9547 = DIRECTION ( 'NONE',  ( -1.000000000000000000, 0.000000000000000000, -0.000000000000000000 ) ) ;
#9548 = DIRECTION ( 'NONE',  ( -0.000000000000000000, -0.000000000000000000, -1.000000000000000000 ) ) ;
#9549 = CARTESIAN_POINT ( 'NONE',  ( 44.36085124949480729, 92.88837339307873719, 8.800000000000000711 ) ) ;
#9550 = VECTOR ( 'NONE', #7256, 1000.000000000000000 ) ;
#9551 = FACE_OUTER_BOUND ( 'NONE', #7869, .T. ) ;
#9552 = VERTEX_POINT ( 'NONE', #7367 ) ;
#9553 = AXIS2_PLACEMENT_3D ( 'NONE', #7321, #11487, #2129 ) ;
#9554 = DIRECTION ( 'NONE',  ( 0.7071067811865480168, -0.7071067811865470176, 0.000000000000000000 ) ) ;
#9555 = CARTESIAN_POINT ( 'NONE',  ( 25.54116097332610025, 121.8673531877020793, 10.40000000000000213 ) ) ;
#9556 = AXIS2_PLACEMENT_3D ( 'NONE', #2868, #6943, #2726 ) ;
#9557 = LINE ( 'NONE', #8460, #10814 ) ;
#9558 = EDGE_LOOP ( 'NONE', ( #11695, #12138 ) ) ;
#9559 = EDGE_LOOP ( 'NONE', ( #4313, #3202, #7864, #204 ) ) ;
#9560 = DIRECTION ( 'NONE',  ( 0.000000000000000000, 0.000000000000000000, 1.000000000000000000 ) ) ;
#9561 = EDGE_CURVE ( 'NONE', #13295, #7870, #194, .T. ) ;
#9562 = DIRECTION ( 'NONE',  ( -0.000000000000000000, -0.000000000000000000, 1.000000000000000000 ) ) ;
#9563 = CARTESIAN_POINT ( 'NONE',  ( 205.0000000000005684, 153.0000000000004547, 0.1252272915131916742 ) ) ;
#9564 = AXIS2_PLACEMENT_3D ( 'NONE', #1589, #6968, #8970 ) ;
#9565 = CIRCLE ( 'NONE', #12400, 1.899999999999957279 ) ;
#9566 = AXIS2_PLACEMENT_3D ( 'NONE', #2849, #6993, #3712 ) ;
#9567 = ORIENTED_EDGE ( 'NONE', *, *, #9735, .T. ) ;
#9568 = DIRECTION ( 'NONE',  ( -1.000000000000000000, 0.000000000000000000, 0.000000000000000000 ) ) ;
#9569 = CARTESIAN_POINT ( 'NONE',  ( 170.7376398314652590, 94.83529219940430721, 8.800000000000000711 ) ) ;
#9570 = CARTESIAN_POINT ( 'NONE',  ( 192.9106839453190787, 83.27194550837374720, 50.84600966053143623 ) ) ;
#9571 = VECTOR ( 'NONE', #5678, 1000.000000000000000 ) ;
#9572 = CARTESIAN_POINT ( 'NONE',  ( 43.83958124022611713, 95.66728067709013317, 0.000000000000000000 ) ) ;
#9573 = ORIENTED_EDGE ( 'NONE', *, *, #3573, .T. ) ;
#9574 = FACE_BOUND ( 'NONE', #6546, .T. ) ;
#9575 = AXIS2_PLACEMENT_3D ( 'NONE', #5857, #6957, #2744 ) ;
#9576 = EDGE_CURVE ( 'NONE', #10319, #3836, #3989, .T. ) ;
#9577 = ORIENTED_EDGE ( 'NONE', *, *, #5272, .F. ) ;
#9578 = VERTEX_POINT ( 'NONE', #10976 ) ;
#9579 = CIRCLE ( 'NONE', #9368, 1.750000000000001554 ) ;
#9580 = DIRECTION ( 'NONE',  ( 1.000000000000000000, 0.000000000000000000, 0.000000000000000000 ) ) ;
#9581 = ORIENTED_EDGE ( 'NONE', *, *, #1606, .T. ) ;
#9582 = DIRECTION ( 'NONE',  ( 0.000000000000000000, 0.000000000000000000, -1.000000000000000000 ) ) ;
#9583 = DIRECTION ( 'NONE',  ( 1.000000000000000000, 0.000000000000000000, 0.000000000000000000 ) ) ;
#9584 = ADVANCED_FACE ( 'NONE', ( #13122 ), #2486, .T. ) ;
#9585 = EDGE_LOOP ( 'NONE', ( #3922, #12099, #5503, #9660 ) ) ;
#9586 = ORIENTED_EDGE ( 'NONE', *, *, #12266, .T. ) ;
#9587 = DIRECTION ( 'NONE',  ( 0.000000000000000000, 0.000000000000000000, -1.000000000000000000 ) ) ;
#9588 = EDGE_CURVE ( 'NONE', #11659, #4692, #8374, .T. ) ;
#9589 = EDGE_LOOP ( 'NONE', ( #3786, #3134, #1073, #4580 ) ) ;
#9590 = ORIENTED_EDGE ( 'NONE', *, *, #1226, .F. ) ;
#9591 = CARTESIAN_POINT ( 'NONE',  ( 173.2508079168549955, 93.26046697943777986, 0.000000000000000000 ) ) ;
#9592 = DIRECTION ( 'NONE',  ( -0.000000000000000000, -0.000000000000000000, -1.000000000000000000 ) ) ;
#9593 = ORIENTED_EDGE ( 'NONE', *, *, #8659, .F. ) ;
#9594 = ORIENTED_EDGE ( 'NONE', *, *, #9814, .F. ) ;
#9595 = EDGE_CURVE ( 'NONE', #5517, #7783, #12086, .T. ) ;
#9596 = CARTESIAN_POINT ( 'NONE',  ( 174.7485405866029851, 53.53183226581801790, 8.800000000000000711 ) ) ;
#9597 = DIRECTION ( 'NONE',  ( -0.000000000000000000, -0.000000000000000000, -1.000000000000000000 ) ) ;
#9598 = DIRECTION ( 'NONE',  ( 0.7071039827808556222, -0.7071095795811647156, 0.000000000000000000 ) ) ;
#9599 = EDGE_LOOP ( 'NONE', ( #227, #8491, #5053, #2889 ) ) ;
#9600 = DIRECTION ( 'NONE',  ( -0.000000000000000000, -0.000000000000000000, -1.000000000000000000 ) ) ;
#9601 = DIRECTION ( 'NONE',  ( -0.000000000000000000, -0.000000000000000000, -1.000000000000000000 ) ) ;
#9602 = ORIENTED_EDGE ( 'NONE', *, *, #10330, .F. ) ;
#9603 = DIRECTION ( 'NONE',  ( -0.000000000000000000, 0.000000000000000000, 1.000000000000000000 ) ) ;
#9604 = ORIENTED_EDGE ( 'NONE', *, *, #5545, .F. ) ;
#9605 = DIRECTION ( 'NONE',  ( -0.000000000000000000, -0.000000000000000000, -1.000000000000000000 ) ) ;
#9606 = DIRECTION ( 'NONE',  ( -1.000000000000000000, 0.000000000000000000, 0.000000000000000000 ) ) ;
#9607 = ORIENTED_EDGE ( 'NONE', *, *, #7362, .F. ) ;
#9608 = LINE ( 'NONE', #9873, #3234 ) ;
#9609 = ADVANCED_FACE ( 'NONE', ( #9009 ), #8875, .F. ) ;
#9610 = DIRECTION ( 'NONE',  ( -1.000000000000000000, 0.000000000000000000, 0.000000000000000000 ) ) ;
#9611 = DIRECTION ( 'NONE',  ( -0.000000000000000000, -0.000000000000000000, -1.000000000000000000 ) ) ;
#9612 = ADVANCED_FACE ( 'NONE', ( #747 ), #820, .F. ) ;
#9613 = DIRECTION ( 'NONE',  ( 1.125813862719237453E-16, -1.000000000000000000, 0.000000000000000000 ) ) ;
#9614 = VERTEX_POINT ( 'NONE', #13258 ) ;
#9615 = CYLINDRICAL_SURFACE ( 'NONE', #6427, 1.900000000000012790 ) ;
#9616 = ORIENTED_EDGE ( 'NONE', *, *, #8166, .T. ) ;
#9617 = FACE_OUTER_BOUND ( 'NONE', #5708, .T. ) ;
#9618 = DIRECTION ( 'NONE',  ( -0.000000000000000000, 0.000000000000000000, 1.000000000000000000 ) ) ;
#9619 = PLANE ( 'NONE',  #509 ) ;
#9620 = ORIENTED_EDGE ( 'NONE', *, *, #4825, .T. ) ;
#9621 = EDGE_CURVE ( 'NONE', #12803, #2516, #12166, .T. ) ;
#9622 = DIRECTION ( 'NONE',  ( -0.000000000000000000, -0.000000000000000000, -1.000000000000000000 ) ) ;
#9623 = CARTESIAN_POINT ( 'NONE',  ( 172.4876398314652590, 17.14497833867034871, 8.800000000000000711 ) ) ;
#9624 = DIRECTION ( 'NONE',  ( 0.000000000000000000, 0.000000000000000000, -1.000000000000000000 ) ) ;
#9625 = ORIENTED_EDGE ( 'NONE', *, *, #1581, .F. ) ;
#9626 = EDGE_LOOP ( 'NONE', ( #4116, #8371, #2574, #7987 ) ) ;
#9627 = ORIENTED_EDGE ( 'NONE', *, *, #5379, .T. ) ;
#9628 = AXIS2_PLACEMENT_3D ( 'NONE', #899, #10249, #5225 ) ;
#9629 = DIRECTION ( 'NONE',  ( -0.000000000000000000, -0.000000000000000000, -1.000000000000000000 ) ) ;
#9630 = DIRECTION ( 'NONE',  ( -0.000000000000000000, -0.000000000000000000, -1.000000000000000000 ) ) ;
#9631 = EDGE_LOOP ( 'NONE', ( #13367, #7947, #10659, #923 ) ) ;
#9632 = EDGE_CURVE ( 'NONE', #1468, #4720, #7017, .T. ) ;
#9633 = LINE ( 'NONE', #7324, #7828 ) ;
#9634 = CARTESIAN_POINT ( 'NONE',  ( 0.000000000000000000, 82.05906438913005729, 10.40000000000000213 ) ) ;
#9635 = EDGE_LOOP ( 'NONE', ( #1718, #2623, #2615, #8193 ) ) ;
#9636 = VECTOR ( 'NONE', #7424, 1000.000000000000000 ) ;
#9637 = VERTEX_POINT ( 'NONE', #2394 ) ;
#9638 = CYLINDRICAL_SURFACE ( 'NONE', #11721, 1.750000000000001554 ) ;
#9639 = EDGE_LOOP ( 'NONE', ( #828, #576, #12316, #2456 ) ) ;
#9640 = ORIENTED_EDGE ( 'NONE', *, *, #13226, .T. ) ;
#9641 = DIRECTION ( 'NONE',  ( -0.000000000000000000, 0.000000000000000000, 1.000000000000000000 ) ) ;
#9642 = CARTESIAN_POINT ( 'NONE',  ( 174.7485405866029851, 58.64993458377050217, 0.000000000000000000 ) ) ;
#9643 = ADVANCED_FACE ( 'NONE', ( #13406 ), #4757, .F. ) ;
#9644 = DIRECTION ( 'NONE',  ( -0.000000000000000000, -0.000000000000000000, -1.000000000000000000 ) ) ;
#9645 = EDGE_CURVE ( 'NONE', #7242, #6941, #10979, .T. ) ;
#9646 = EDGE_LOOP ( 'NONE', ( #12392, #497, #8083, #6193, #13293, #9297, #13477, #13015, #12422 ) ) ;
#9647 = CARTESIAN_POINT ( 'NONE',  ( 42.86730598147647697, 126.1887866701237044, 10.00000000000000000 ) ) ;
#9648 = CARTESIAN_POINT ( 'NONE',  ( 25.54116097332609314, 83.05906438913005729, 10.40000000000000213 ) ) ;
#9649 = DIRECTION ( 'NONE',  ( 1.000000000000000000, 0.000000000000000000, 0.000000000000000000 ) ) ;
#9650 = ORIENTED_EDGE ( 'NONE', *, *, #6205, .F. ) ;
#9651 = DIRECTION ( 'NONE',  ( -0.000000000000000000, -0.000000000000000000, -1.000000000000000000 ) ) ;
#9652 = PLANE ( 'NONE',  #10191 ) ;
#9653 = ORIENTED_EDGE ( 'NONE', *, *, #2397, .T. ) ;
#9654 = AXIS2_PLACEMENT_3D ( 'NONE', #5057, #12265, #19 ) ;
#9655 = DIRECTION ( 'NONE',  ( -0.000000000000000000, -0.000000000000000000, -1.000000000000000000 ) ) ;
#9656 = ORIENTED_EDGE ( 'NONE', *, *, #11512, .F. ) ;
#9657 = LINE ( 'NONE', #10687, #2466 ) ;
#9658 = EDGE_CURVE ( 'NONE', #7712, #6650, #922, .T. ) ;
#9659 = CARTESIAN_POINT ( 'NONE',  ( 92.59275623606896488, 47.62245696408325557, 0.000000000000000000 ) ) ;
#9660 = ORIENTED_EDGE ( 'NONE', *, *, #3684, .F. ) ;
#9661 = EDGE_CURVE ( 'NONE', #6637, #12329, #11672, .T. ) ;
#9662 = AXIS2_PLACEMENT_3D ( 'NONE', #11741, #8733, #7699 ) ;
#9663 = CARTESIAN_POINT ( 'NONE',  ( 45.11403200266500590, 16.77682456503958619, 8.800000000000000711 ) ) ;
#9664 = ADVANCED_FACE ( 'NONE', ( #18 ), #6588, .F. ) ;
#9665 = DIRECTION ( 'NONE',  ( 0.000000000000000000, 0.000000000000000000, -1.000000000000000000 ) ) ;
#9666 = DIRECTION ( 'NONE',  ( 0.000000000000000000, 0.000000000000000000, -1.000000000000000000 ) ) ;
#9667 = CARTESIAN_POINT ( 'NONE',  ( 0.000000000000000000, 102.3592244094420209, 10.40000000000000213 ) ) ;
#9668 = DIRECTION ( 'NONE',  ( -1.000000000000000000, 0.000000000000000000, 0.000000000000000000 ) ) ;
#9669 = ORIENTED_EDGE ( 'NONE', *, *, #13053, .F. ) ;
#9670 = DIRECTION ( 'NONE',  ( -1.000000000000000000, 0.000000000000000000, 0.000000000000000000 ) ) ;
#9671 = CARTESIAN_POINT ( 'NONE',  ( 173.9204227672987599, 11.17776754306355969, 8.800000000000000711 ) ) ;
#9672 = AXIS2_PLACEMENT_3D ( 'NONE', #6517, #1693, #4443 ) ;
#9673 = VERTEX_POINT ( 'NONE', #8526 ) ;
#9674 = LINE ( 'NONE', #8793, #7883 ) ;
#9675 = CARTESIAN_POINT ( 'NONE',  ( 207.5000000000004547, 0.000000000000000000, 10.00000000000000000 ) ) ;
#9676 = CIRCLE ( 'NONE', #1183, 1.750000000000001554 ) ;
#9677 = AXIS2_PLACEMENT_3D ( 'NONE', #7670, #11704, #10876 ) ;
#9678 = EDGE_CURVE ( 'NONE', #2786, #9851, #2040, .T. ) ;
#9679 = DIRECTION ( 'NONE',  ( -0.000000000000000000, -0.000000000000000000, -1.000000000000000000 ) ) ;
#9680 = EDGE_CURVE ( 'NONE', #12386, #1895, #12737, .T. ) ;
#9681 = CARTESIAN_POINT ( 'NONE',  ( 89.67043897411348041, 90.72411899924007628, 9.400000000000030553 ) ) ;
#9682 = DIRECTION ( 'NONE',  ( 1.125813862719237453E-16, -1.000000000000000000, 0.000000000000000000 ) ) ;
#9683 = VECTOR ( 'NONE', #12778, 1000.000000000000000 ) ;
#9684 = CIRCLE ( 'NONE', #11879, 1.750000000000001554 ) ;
#9685 = EDGE_LOOP ( 'NONE', ( #4343, #12109, #9158, #12053 ) ) ;
#9686 = AXIS2_PLACEMENT_3D ( 'NONE', #6483, #5459, #11570 ) ;
#9687 = DIRECTION ( 'NONE',  ( -0.000000000000000000, 0.000000000000000000, 1.000000000000000000 ) ) ;
#9688 = CARTESIAN_POINT ( 'NONE',  ( 92.40672948317448743, 137.9047134621627038, 0.000000000000000000 ) ) ;
#9689 = CARTESIAN_POINT ( 'NONE',  ( 197.3288390266748706, 149.8940936094211054, 8.800000000000000711 ) ) ;
#9690 = FACE_BOUND ( 'NONE', #10143, .T. ) ;
#9691 = EDGE_LOOP ( 'NONE', ( #6469, #1604 ) ) ;
#9692 = FACE_BOUND ( 'NONE', #12998, .T. ) ;
#9693 = AXIS2_PLACEMENT_3D ( 'NONE', #13521, #12639, #192 ) ;
#9694 = EDGE_LOOP ( 'NONE', ( #5310, #4108 ) ) ;
#9695 = AXIS2_PLACEMENT_3D ( 'NONE', #241, #9651, #8637 ) ;
#9696 = DIRECTION ( 'NONE',  ( -0.000000000000000000, 0.000000000000000000, 1.000000000000000000 ) ) ;
#9697 = EDGE_LOOP ( 'NONE', ( #503, #1845, #75, #12433 ) ) ;
#9698 = ADVANCED_FACE ( 'NONE', ( #10290 ), #8627, .F. ) ;
#9699 = CIRCLE ( 'NONE', #2518, 8.649999999999963052 ) ;
#9700 = CARTESIAN_POINT ( 'NONE',  ( 187.0936175437515487, 28.60989453229146662, 10.40000000000000213 ) ) ;
#9701 = ORIENTED_EDGE ( 'NONE', *, *, #881, .T. ) ;
#9702 = AXIS2_PLACEMENT_3D ( 'NONE', #12073, #13309, #2711 ) ;
#9703 = LINE ( 'NONE', #5384, #4308 ) ;
#9704 = CARTESIAN_POINT ( 'NONE',  ( 170.7376398314652590, 51.05117720286586547, 0.000000000000000000 ) ) ;
#9705 = CIRCLE ( 'NONE', #3382, 1.900000000000012790 ) ;
#9706 = ORIENTED_EDGE ( 'NONE', *, *, #3333, .F. ) ;
#9707 = ORIENTED_EDGE ( 'NONE', *, *, #196, .F. ) ;
#9708 = CARTESIAN_POINT ( 'NONE',  ( 41.11730598147647697, 97.12233422291699014, 8.800000000000000711 ) ) ;
#9709 = FACE_OUTER_BOUND ( 'NONE', #10586, .T. ) ;
#9710 = ORIENTED_EDGE ( 'NONE', *, *, #6623, .F. ) ;
#9711 = ORIENTED_EDGE ( 'NONE', *, *, #3264, .T. ) ;
#9712 = LINE ( 'NONE', #11985, #3902 ) ;
#9713 = EDGE_CURVE ( 'NONE', #12873, #12279, #3564, .T. ) ;
#9715 = ADVANCED_FACE ( 'NONE', ( #2826 ), #6522, .F. ) ;
#9714 = AXIS2_PLACEMENT_3D ( 'NONE', #6872, #4549, #9970 ) ;
#9716 = DIRECTION ( 'NONE',  ( -0.000000000000000000, -0.000000000000000000, -1.000000000000000000 ) ) ;
#9717 = DIRECTION ( 'NONE',  ( -0.000000000000000000, 0.000000000000000000, 1.000000000000000000 ) ) ;
#9718 = ORIENTED_EDGE ( 'NONE', *, *, #6349, .T. ) ;
#9719 = ORIENTED_EDGE ( 'NONE', *, *, #5935, .T. ) ;
#9720 = CARTESIAN_POINT ( 'NONE',  ( 205.0000000000005969, 154.5991069515288530, 0.03506403103868844379 ) ) ;
#9721 = CARTESIAN_POINT ( 'NONE',  ( 41.11730598147647697, 97.12233422291699014, 0.000000000000000000 ) ) ;
#9722 = DIRECTION ( 'NONE',  ( -0.000000000000000000, -0.000000000000000000, -1.000000000000000000 ) ) ;
#9723 = CIRCLE ( 'NONE', #5562, 5.099999999999993427 ) ;
#9724 = CARTESIAN_POINT ( 'NONE',  ( 197.3288390266748991, 28.60989453229147017, 9.000000000000000000 ) ) ;
#9725 = ORIENTED_EDGE ( 'NONE', *, *, #6536, .T. ) ;
#9726 = EDGE_CURVE ( 'NONE', #5132, #2697, #3171, .T. ) ;
#9727 = AXIS2_PLACEMENT_3D ( 'NONE', #3471, #11676, #7644 ) ;
#9728 = FACE_OUTER_BOUND ( 'NONE', #10815, .T. ) ;
#9729 = VERTEX_POINT ( 'NONE', #9253 ) ;
#9730 = CARTESIAN_POINT ( 'NONE',  ( 191.9588390266749229, 47.10137757176002538, 10.40000000000000213 ) ) ;
#9731 = FACE_OUTER_BOUND ( 'NONE', #12254, .T. ) ;
#9732 = ORIENTED_EDGE ( 'NONE', *, *, #5655, .F. ) ;
#9733 = DIRECTION ( 'NONE',  ( -0.000000000000000000, 0.000000000000000000, 1.000000000000000000 ) ) ;
#9734 = EDGE_CURVE ( 'NONE', #2139, #11440, #10336, .T. ) ;
#9735 = EDGE_CURVE ( 'NONE', #319, #11337, #9472, .T. ) ;
#9736 = CIRCLE ( 'NONE', #3840, 1.750000000000001554 ) ;
#9737 = CARTESIAN_POINT ( 'NONE',  ( 170.9627247140764723, 128.8646821786008445, 8.800000000000000711 ) ) ;
#9738 = ORIENTED_EDGE ( 'NONE', *, *, #11359, .T. ) ;
#9739 = CIRCLE ( 'NONE', #1673, 5.099999999999993427 ) ;
#9740 = CARTESIAN_POINT ( 'NONE',  ( 41.10258495182370098, 19.47317995467786389, 8.800000000000000711 ) ) ;
#9741 = CARTESIAN_POINT ( 'NONE',  ( 139.2787914509012523, 139.2776890537543864, 10.40000000000000213 ) ) ;
#9742 = CARTESIAN_POINT ( 'NONE',  ( 148.0597551873219118, 11.65909888836609731, 0.000000000000000000 ) ) ;
#9743 = CARTESIAN_POINT ( 'NONE',  ( 12.50000000000046718, -12.75190264738218104, 0.000000000000000000 ) ) ;
#9744 = DIRECTION ( 'NONE',  ( -0.000000000000000000, -0.000000000000000000, -1.000000000000000000 ) ) ;
#9745 = ORIENTED_EDGE ( 'NONE', *, *, #6798, .T. ) ;
#9746 = EDGE_CURVE ( 'NONE', #4863, #12329, #4860, .T. ) ;
#9747 = VERTEX_POINT ( 'NONE', #577 ) ;
#9748 = FACE_OUTER_BOUND ( 'NONE', #80, .T. ) ;
#9749 = VECTOR ( 'NONE', #10208, 1000.000000000000000 ) ;
#9750 = DIRECTION ( 'NONE',  ( -0.000000000000000000, -0.000000000000000000, -1.000000000000000000 ) ) ;
#9751 = ORIENTED_EDGE ( 'NONE', *, *, #12924, .T. ) ;
#9752 = CARTESIAN_POINT ( 'NONE',  ( 83.10734701375183420, 39.62327421210908085, 0.000000000000000000 ) ) ;
#9753 = CARTESIAN_POINT ( 'NONE',  ( 26.21972151557596931, -26.21972151557593378, 10.40000000000000213 ) ) ;
#9754 = CIRCLE ( 'NONE', #1467, 1.750000000000001554 ) ;
#9755 = EDGE_CURVE ( 'NONE', #12335, #3859, #3997, .T. ) ;
#9756 = DIRECTION ( 'NONE',  ( -0.000000000000000000, 0.000000000000000000, 1.000000000000000000 ) ) ;
#9757 = CARTESIAN_POINT ( 'NONE',  ( 132.3762620681505382, 106.1427854106715074, 10.00000000000000000 ) ) ;
#9758 = CARTESIAN_POINT ( 'NONE',  ( 42.86730598147647697, 126.1887866701237044, 8.800000000000000711 ) ) ;
#9759 = VECTOR ( 'NONE', #11698, 1000.000000000000000 ) ;
#9760 = AXIS2_PLACEMENT_3D ( 'NONE', #9042, #9804, #4581 ) ;
#9761 = VECTOR ( 'NONE', #10487, 1000.000000000000000 ) ;
#9762 = DIRECTION ( 'NONE',  ( -0.000000000000000000, -0.000000000000000000, -1.000000000000000000 ) ) ;
#9763 = CARTESIAN_POINT ( 'NONE',  ( 20.17116097332604951, -5.192077597143886614, 10.00000000000000000 ) ) ;
#9764 = FACE_OUTER_BOUND ( 'NONE', #8213, .T. ) ;
#9765 = ADVANCED_FACE ( 'NONE', ( #1981 ), #4837, .F. ) ;
#9766 = DIRECTION ( 'NONE',  ( -0.000000000000000000, -0.000000000000000000, -1.000000000000000000 ) ) ;
#9767 = EDGE_CURVE ( 'NONE', #9190, #702, #838, .T. ) ;
#9768 = CARTESIAN_POINT ( 'NONE',  ( 140.7492919255787172, 120.7500671661881455, 8.800000000000000711 ) ) ;
#9769 = ORIENTED_EDGE ( 'NONE', *, *, #12935, .F. ) ;
#9770 = ORIENTED_EDGE ( 'NONE', *, *, #2539, .T. ) ;
#9771 = CARTESIAN_POINT ( 'NONE',  ( 174.7485405866029851, 58.64993458377050217, 10.00000000000000000 ) ) ;
#9772 = AXIS2_PLACEMENT_3D ( 'NONE', #5633, #3464, #13049 ) ;
#9773 = ORIENTED_EDGE ( 'NONE', *, *, #11746, .F. ) ;
#9774 = AXIS2_PLACEMENT_3D ( 'NONE', #1848, #13132, #5912 ) ;
#9775 = ORIENTED_EDGE ( 'NONE', *, *, #1743, .F. ) ;
#9776 = VECTOR ( 'NONE', #1966, 1000.000000000000000 ) ;
#9777 = CARTESIAN_POINT ( 'NONE',  ( 148.0597551873219118, 50.50888774354142896, 10.00000000000000000 ) ) ;
#9778 = ORIENTED_EDGE ( 'NONE', *, *, #1151, .T. ) ;
#9779 = VECTOR ( 'NONE', #5347, 1000.000000000000000 ) ;
#9780 = CARTESIAN_POINT ( 'NONE',  ( 42.86730598147647697, 48.02469477777533058, 0.000000000000000000 ) ) ;
#9781 = DIRECTION ( 'NONE',  ( -0.000000000000000000, -0.000000000000000000, -1.000000000000000000 ) ) ;
#9782 = EDGE_CURVE ( 'NONE', #5583, #4244, #3019, .T. ) ;
#9783 = ADVANCED_FACE ( 'NONE', ( #12183 ), #10052, .T. ) ;
#9784 = AXIS2_PLACEMENT_3D ( 'NONE', #62, #5108, #12579 ) ;
#9785 = VERTEX_POINT ( 'NONE', #8205 ) ;
#9786 = ORIENTED_EDGE ( 'NONE', *, *, #2143, .T. ) ;
#9787 = DIRECTION ( 'NONE',  ( -0.000000000000000000, -0.000000000000000000, -1.000000000000000000 ) ) ;
#9788 = FACE_OUTER_BOUND ( 'NONE', #3787, .T. ) ;
#9789 = EDGE_LOOP ( 'NONE', ( #11929, #12640, #13390, #10665 ) ) ;
#9790 = VERTEX_POINT ( 'NONE', #6960 ) ;
#9791 = AXIS2_PLACEMENT_3D ( 'NONE', #11491, #4415, #5323 ) ;
#9792 = CYLINDRICAL_SURFACE ( 'NONE', #11095, 2.700000000000002842 ) ;
#9793 = VECTOR ( 'NONE', #5582, 1000.000000000000000 ) ;
#9794 = CARTESIAN_POINT ( 'NONE',  ( 172.7127247140765007, 138.8970351559032963, 10.00000000000000000 ) ) ;
#9795 = ORIENTED_EDGE ( 'NONE', *, *, #5462, .F. ) ;
#9796 =( NAMED_UNIT ( * ) PLANE_ANGLE_UNIT ( ) SI_UNIT ( $, .RADIAN. ) );
#9797 = DIRECTION ( 'NONE',  ( -0.000000000000000000, 0.000000000000000000, 1.000000000000000000 ) ) ;
#9798 = CARTESIAN_POINT ( 'NONE',  ( 88.67043897411350883, 90.72411899924007628, 10.40000000000000213 ) ) ;
#9799 = ADVANCED_FACE ( 'NONE', ( #6121 ), #10119, .F. ) ;
#9800 = VERTEX_POINT ( 'NONE', #10307 ) ;
#9801 = DIRECTION ( 'NONE',  ( -0.000000000000000000, -0.000000000000000000, -1.000000000000000000 ) ) ;
#9802 = DIRECTION ( 'NONE',  ( -0.000000000000000000, 0.000000000000000000, 1.000000000000000000 ) ) ;
#9803 = VERTEX_POINT ( 'NONE', #900 ) ;
#9804 = DIRECTION ( 'NONE',  ( -0.000000000000000000, 0.000000000000000000, 1.000000000000000000 ) ) ;
#9805 = CARTESIAN_POINT ( 'NONE',  ( 25.34116097332609385, 82.80500000000016314, 4.400000000000001243 ) ) ;
#9806 = EDGE_LOOP ( 'NONE', ( #7843, #10711, #9066, #6776 ) ) ;
#9807 = FACE_OUTER_BOUND ( 'NONE', #3882, .T. ) ;
#9808 = AXIS2_PLACEMENT_3D ( 'NONE', #202, #2311, #2242 ) ;
#9809 = CARTESIAN_POINT ( 'NONE',  ( 174.9485405866030021, 131.3223178114732264, 8.800000000000000711 ) ) ;
#9810 = ORIENTED_EDGE ( 'NONE', *, *, #12001, .F. ) ;
#9811 = DIRECTION ( 'NONE',  ( -1.000000000000000000, 0.000000000000000000, 0.000000000000000000 ) ) ;
#9812 = DIRECTION ( 'NONE',  ( 7.968624249359899058E-16, 1.000000000000000000, -0.000000000000000000 ) ) ;
#9813 = DIRECTION ( 'NONE',  ( 1.000000000000000000, 0.000000000000000000, 0.000000000000000000 ) ) ;
#9814 = EDGE_CURVE ( 'NONE', #13176, #2404, #9052, .T. ) ;
#9815 = CARTESIAN_POINT ( 'NONE',  ( 42.86730598147647697, 53.15839306104777506, 8.800000000000000711 ) ) ;
#9816 = ORIENTED_EDGE ( 'NONE', *, *, #1413, .F. ) ;
#9817 = DIRECTION ( 'NONE',  ( -1.000000000000000000, 0.000000000000000000, 0.000000000000000000 ) ) ;
#9818 = CARTESIAN_POINT ( 'NONE',  ( 17.00000000000000000, 153.0000000000004547, 10.00000000000000000 ) ) ;
#9819 = VERTEX_POINT ( 'NONE', #7173 ) ;
#9820 = CARTESIAN_POINT ( 'NONE',  ( 45.11403200266500590, 11.86983023117878666, 10.00000000000000000 ) ) ;
#9821 = FACE_OUTER_BOUND ( 'NONE', #4915, .T. ) ;
#9822 = DIRECTION ( 'NONE',  ( -1.125813862719237453E-16, 1.000000000000000000, 0.000000000000000000 ) ) ;
#9823 = EDGE_CURVE ( 'NONE', #13448, #5583, #9227, .T. ) ;
#9824 = ORIENTED_EDGE ( 'NONE', *, *, #2869, .T. ) ;
#9825 = EDGE_CURVE ( 'NONE', #5888, #3904, #12753, .T. ) ;
#9826 = EDGE_CURVE ( 'NONE', #3315, #3265, #11407, .T. ) ;
#9827 = CARTESIAN_POINT ( 'NONE',  ( 90.50672948317448174, 20.93033631178033005, 8.800000000000000711 ) ) ;
#9828 = CARTESIAN_POINT ( 'NONE',  ( 44.14175674391536575, 95.92305308235030736, 10.00000000000000000 ) ) ;
#9829 = LINE ( 'NONE', #548, #10139 ) ;
#9830 = LINE ( 'NONE', #4610, #6761 ) ;
#9831 = CYLINDRICAL_SURFACE ( 'NONE', #2540, 1.750000000000001554 ) ;
#9832 = ORIENTED_EDGE ( 'NONE', *, *, #5040, .F. ) ;
#9833 = AXIS2_PLACEMENT_3D ( 'NONE', #8121, #2938, #887 ) ;
#9834 = CARTESIAN_POINT ( 'NONE',  ( 191.9588390266749514, 85.90966637033203313, 8.800000000000000711 ) ) ;
#9835 = EDGE_LOOP ( 'NONE', ( #6309, #8065 ) ) ;
#9836 = ORIENTED_EDGE ( 'NONE', *, *, #11075, .T. ) ;
#9837 = EDGE_CURVE ( 'NONE', #2621, #3550, #6834, .T. ) ;
#9838 = CARTESIAN_POINT ( 'NONE',  ( 13.40000000000004654, 153.0000000000004547, 7.000000000000000000 ) ) ;
#9839 = ORIENTED_EDGE ( 'NONE', *, *, #10943, .F. ) ;
#9840 = ADVANCED_FACE ( 'NONE', ( #2957 ), #765, .F. ) ;
#9841 = CARTESIAN_POINT ( 'NONE',  ( 170.7376398314652590, 51.05117720286586547, 10.00000000000000000 ) ) ;
#9842 = DIRECTION ( 'NONE',  ( 1.000000000000000000, 0.000000000000000000, 0.000000000000000000 ) ) ;
#9843 = CYLINDRICAL_SURFACE ( 'NONE', #3917, 3.599999999999992095 ) ;
#9844 = ORIENTED_EDGE ( 'NONE', *, *, #1460, .T. ) ;
#9845 = ORIENTED_EDGE ( 'NONE', *, *, #10241, .T. ) ;
#9846 = LINE ( 'NONE', #2407, #1100 ) ;
#9848 = DIRECTION ( 'NONE',  ( -0.000000000000000000, 0.000000000000000000, 1.000000000000000000 ) ) ;
#9847 = DIRECTION ( 'NONE',  ( -0.000000000000000000, 0.000000000000000000, 1.000000000000000000 ) ) ;
#9849 = ORIENTED_EDGE ( 'NONE', *, *, #768, .T. ) ;
#9850 = CIRCLE ( 'NONE', #13148, 1.899999999999985034 ) ;
#9851 = VERTEX_POINT ( 'NONE', #8275 ) ;
#9852 = LINE ( 'NONE', #3359, #3272 ) ;
#9853 = DIRECTION ( 'NONE',  ( -1.000000000000000000, 0.000000000000000000, 0.000000000000000000 ) ) ;
#9854 = EDGE_CURVE ( 'NONE', #7664, #6653, #9169, .T. ) ;
#9855 = EDGE_CURVE ( 'NONE', #8573, #1211, #4910, .T. ) ;
#9856 = DIRECTION ( 'NONE',  ( -1.000000000000000000, 0.000000000000000000, 0.000000000000000000 ) ) ;
#9857 = EDGE_LOOP ( 'NONE', ( #4997, #12970, #7815, #6489 ) ) ;
#9858 = AXIS2_PLACEMENT_3D ( 'NONE', #11314, #1954, #10280 ) ;
#9859 = DIRECTION ( 'NONE',  ( -0.000000000000000000, 0.000000000000000000, 1.000000000000000000 ) ) ;
#9860 = CARTESIAN_POINT ( 'NONE',  ( 190.7590448177490714, 49.69586073667094439, 45.61380563366108731 ) ) ;
#9861 = EDGE_LOOP ( 'NONE', ( #12188, #3051 ) ) ;
#9862 = CARTESIAN_POINT ( 'NONE',  ( 128.9962509126547729, 46.80401707400540090, 8.800000000000000711 ) ) ;
#9863 = DIRECTION ( 'NONE',  ( 0.7071067811865474617, 0.7071067811865474617, 0.000000000000000000 ) ) ;
#9864 = ORIENTED_EDGE ( 'NONE', *, *, #7655, .T. ) ;
#9865 = DIRECTION ( 'NONE',  ( -0.000000000000000000, 0.000000000000000000, 1.000000000000000000 ) ) ;
#9866 = CARTESIAN_POINT ( 'NONE',  ( 78.81811639599669661, 103.0761435058214914, 8.800000000000000711 ) ) ;
#9867 = CARTESIAN_POINT ( 'NONE',  ( 170.9627247140764723, 128.8646821786008445, 10.00000000000000000 ) ) ;
#9868 = ORIENTED_EDGE ( 'NONE', *, *, #1501, .T. ) ;
#9869 = CARTESIAN_POINT ( 'NONE',  ( 126.7267149358793148, 58.91592920418546697, 0.000000000000000000 ) ) ;
#9870 = VECTOR ( 'NONE', #11158, 1000.000000000000000 ) ;
#9871 = ADVANCED_FACE ( 'NONE', ( #1858 ), #5993, .F. ) ;
#9872 = ORIENTED_EDGE ( 'NONE', *, *, #9365, .F. ) ;
#9873 = CARTESIAN_POINT ( 'NONE',  ( 12.50000000000001243, 82.80500000000016314, 0.000000000000000000 ) ) ;
#9874 = CARTESIAN_POINT ( 'NONE',  ( 200.5000000000003695, -7.390000000000313207, 0.000000000000000000 ) ) ;
#9875 = CARTESIAN_POINT ( 'NONE',  ( 25.54116097332608959, 28.60989453229144885, 8.800000000000000711 ) ) ;
#9876 = CARTESIAN_POINT ( 'NONE',  ( 45.11403200266500590, 94.46799953652343618, 10.00000000000000000 ) ) ;
#9877 = LINE ( 'NONE', #8863, #13429 ) ;
#9878 = VERTEX_POINT ( 'NONE', #7105 ) ;
#9879 = FACE_BOUND ( 'NONE', #2520, .T. ) ;
#9880 = DIRECTION ( 'NONE',  ( 1.000000000000000000, 0.000000000000000000, 0.000000000000000000 ) ) ;
#9881 = ORIENTED_EDGE ( 'NONE', *, *, #6618, .T. ) ;
#9882 = DIRECTION ( 'NONE',  ( 0.000000000000000000, 1.000000000000000000, 0.000000000000000000 ) ) ;
#9883 = DIRECTION ( 'NONE',  ( -0.000000000000000000, 0.000000000000000000, 1.000000000000000000 ) ) ;
#9884 = DIRECTION ( 'NONE',  ( -0.000000000000000000, -0.7071067811865549002, -0.7071067811865401342 ) ) ;
#9885 = EDGE_CURVE ( 'NONE', #9234, #5764, #11281, .T. ) ;
#9886 = VECTOR ( 'NONE', #5429, 1000.000000000000000 ) ;
#9887 = CIRCLE ( 'NONE', #9654, 8.649999999999963052 ) ;
#9888 = DIRECTION ( 'NONE',  ( 1.000000000000000000, 0.000000000000000000, 0.000000000000000000 ) ) ;
#9889 = EDGE_LOOP ( 'NONE', ( #6874, #10248 ) ) ;
#9890 = PLANE ( 'NONE',  #6899 ) ;
#9891 = DIRECTION ( 'NONE',  ( -0.000000000000000000, 0.000000000000000000, 1.000000000000000000 ) ) ;
#9892 = CARTESIAN_POINT ( 'NONE',  ( 198.3288390266748706, -4.192077597143913259, 10.00000000000000000 ) ) ;
#9893 = FACE_OUTER_BOUND ( 'NONE', #994, .T. ) ;
#9894 = VECTOR ( 'NONE', #1376, 1000.000000000000114 ) ;
#9895 = LINE ( 'NONE', #13064, #8423 ) ;
#9896 = ORIENTED_EDGE ( 'NONE', *, *, #2345, .F. ) ;
#9897 = AXIS2_PLACEMENT_3D ( 'NONE', #6297, #10485, #9476 ) ;
#9898 = VERTEX_POINT ( 'NONE', #9499 ) ;
#9899 = EDGE_CURVE ( 'NONE', #12329, #10462, #11215, .T. ) ;
#9900 = FACE_BOUND ( 'NONE', #10271, .T. ) ;
#9901 = CARTESIAN_POINT ( 'NONE',  ( 45.11403200266500590, 94.46799953652343618, 8.800000000000000711 ) ) ;
#9902 = DIRECTION ( 'NONE',  ( -0.8164960423742909645, 1.615656042393855119E-06, -0.5773510308161835525 ) ) ;
#9903 = ORIENTED_EDGE ( 'NONE', *, *, #3106, .F. ) ;
#9904 = VERTEX_POINT ( 'NONE', #12509 ) ;
#9905 = ADVANCED_FACE ( 'NONE', ( #10574 ), #3337, .F. ) ;
#9906 = AXIS2_PLACEMENT_3D ( 'NONE', #1786, #13276, #13209 ) ;
#9907 = EDGE_CURVE ( 'NONE', #6948, #12278, #3404, .T. ) ;
#9908 = CIRCLE ( 'NONE', #5093, 1.750000000000001554 ) ;
#9909 = LINE ( 'NONE', #2674, #13282 ) ;
#9910 = VECTOR ( 'NONE', #3607, 1000.000000000000000 ) ;
#9911 = CARTESIAN_POINT ( 'NONE',  ( 42.86730598147647697, 91.97633033906204503, 8.800000000000000711 ) ) ;
#9912 = AXIS2_PLACEMENT_3D ( 'NONE', #8765, #12879, #6621 ) ;
#9913 = ORIENTED_EDGE ( 'NONE', *, *, #10910, .T. ) ;
#9914 = DIRECTION ( 'NONE',  ( -0.000000000000000000, 0.000000000000000000, 1.000000000000000000 ) ) ;
#9915 = DIRECTION ( 'NONE',  ( -1.280354350088248533E-16, 1.000000000000000000, 0.000000000000000000 ) ) ;
#9916 = CIRCLE ( 'NONE', #7725, 1.900000000000012790 ) ;
#9917 = ORIENTED_EDGE ( 'NONE', *, *, #5592, .F. ) ;
#9918 = AXIS2_PLACEMENT_3D ( 'NONE', #1732, #5869, #13287 ) ;
#9919 = ORIENTED_EDGE ( 'NONE', *, *, #5350, .T. ) ;
#9920 = ADVANCED_FACE ( 'NONE', ( #10380 ), #1297, .F. ) ;
#9921 = CARTESIAN_POINT ( 'NONE',  ( 94.45321194845044488, 125.7367331634828815, 0.000000000000000000 ) ) ;
#9922 = CARTESIAN_POINT ( 'NONE',  ( 17.17116097332557700, 82.80500000000016314, -55.14129099142832047 ) ) ;
#9923 = CIRCLE ( 'NONE', #4012, 1.900000000000012790 ) ;
#9924 = EDGE_LOOP ( 'NONE', ( #671, #4058, #7215, #11537 ) ) ;
#9925 = ORIENTED_EDGE ( 'NONE', *, *, #2678, .F. ) ;
#9926 = CARTESIAN_POINT ( 'NONE',  ( 0.000000000000000000, 43.25077559055805665, 10.40000000000000213 ) ) ;
#9927 = EDGE_CURVE ( 'NONE', #13457, #3910, #8597, .T. ) ;
#9928 = EDGE_CURVE ( 'NONE', #13129, #4618, #2183, .T. ) ;
#9929 = AXIS2_PLACEMENT_3D ( 'NONE', #8038, #8106, #12222 ) ;
#9930 = VECTOR ( 'NONE', #6702, 1000.000000000000000 ) ;
#9931 = DIRECTION ( 'NONE',  ( -0.000000000000000000, -0.000000000000000000, -1.000000000000000000 ) ) ;
#9932 = ORIENTED_EDGE ( 'NONE', *, *, #11358, .T. ) ;
#9933 = CARTESIAN_POINT ( 'NONE',  ( 205.0000000000005684, 154.9984964410931525, -3.625301014248402493E-16 ) ) ;
#9934 = LINE ( 'NONE', #12947, #7036 ) ;
#9935 = ORIENTED_EDGE ( 'NONE', *, *, #11756, .F. ) ;
#9936 = EDGE_CURVE ( 'NONE', #3859, #12535, #2116, .T. ) ;
#9937 = EDGE_CURVE ( 'NONE', #9294, #9068, #11603, .T. ) ;
#9938 = CARTESIAN_POINT ( 'NONE',  ( 128.8908573292053177, 16.07759220218804330, 10.40000000000000213 ) ) ;
#9939 = AXIS2_PLACEMENT_3D ( 'NONE', #4773, #239, #9986 ) ;
#9940 = EDGE_LOOP ( 'NONE', ( #976, #2257, #13082, #1919 ) ) ;
#9941 = LINE ( 'NONE', #9867, #7518 ) ;
#9942 = ORIENTED_EDGE ( 'NONE', *, *, #1244, .F. ) ;
#9943 = DIRECTION ( 'NONE',  ( 1.000000000000000000, 0.000000000000000000, 0.000000000000000000 ) ) ;
#9944 = DIRECTION ( 'NONE',  ( -0.000000000000000000, -0.000000000000000000, -1.000000000000000000 ) ) ;
#9945 = ORIENTED_EDGE ( 'NONE', *, *, #12197, .F. ) ;
#9946 = CARTESIAN_POINT ( 'NONE',  ( 205.0000000000005684, 131.8050000000002626, 0.000000000000000000 ) ) ;
#9947 = VERTEX_POINT ( 'NONE', #6254 ) ;
#9948 = CYLINDRICAL_SURFACE ( 'NONE', #7997, 1.900000000000012790 ) ;
#9949 = CARTESIAN_POINT ( 'NONE',  ( 12.50000000000050093, 28.61000000000003851, 0.000000000000000000 ) ) ;
#9950 = DIRECTION ( 'NONE',  ( 0.7071067811865584529, 8.659560562355067211E-17, -0.7071067811865364705 ) ) ;
#9951 = CIRCLE ( 'NONE', #12585, 1.900000000000012790 ) ;
#9952 = CARTESIAN_POINT ( 'NONE',  ( 128.8440251048210996, 132.5024585979040523, 10.40000000000000213 ) ) ;
#9953 = ORIENTED_EDGE ( 'NONE', *, *, #9492, .F. ) ;
#9954 = CARTESIAN_POINT ( 'NONE',  ( 136.4940251048210769, 132.5024585979040523, 10.40000000000000213 ) ) ;
#9955 = EDGE_CURVE ( 'NONE', #3077, #446, #10445, .T. ) ;
#9956 = CARTESIAN_POINT ( 'NONE',  ( 145.1596358462824981, 93.69416979933204459, 10.40000000000000213 ) ) ;
#9957 = ORIENTED_EDGE ( 'NONE', *, *, #5491, .F. ) ;
#9958 = CARTESIAN_POINT ( 'NONE',  ( 172.7127247140765007, 128.8646821786008445, 8.800000000000000711 ) ) ;
#9959 = AXIS2_PLACEMENT_3D ( 'NONE', #10966, #13113, #4676 ) ;
#9960 = CARTESIAN_POINT ( 'NONE',  ( 173.4665854172397701, 57.45867854758728299, 0.000000000000000000 ) ) ;
#9961 = VECTOR ( 'NONE', #7438, 1000.000000000000000 ) ;
#9962 = DIRECTION ( 'NONE',  ( -1.000000000000000000, 0.000000000000000000, 0.000000000000000000 ) ) ;
#9963 = DIRECTION ( 'NONE',  ( 1.000000000000000000, 0.000000000000000000, 0.000000000000000000 ) ) ;
#9964 = CIRCLE ( 'NONE', #9543, 1.750000000000001554 ) ;
#9965 = FACE_OUTER_BOUND ( 'NONE', #9789, .T. ) ;
#9966 = DIRECTION ( 'NONE',  ( -0.000000000000000000, -0.000000000000000000, -1.000000000000000000 ) ) ;
#9967 = DIRECTION ( 'NONE',  ( -1.000000000000000000, 0.000000000000000000, 0.000000000000000000 ) ) ;
#9968 = ADVANCED_FACE ( 'NONE', ( #8332 ), #12711, .F. ) ;
#9969 = CIRCLE ( 'NONE', #3209, 1.500000000000000000 ) ;
#9970 = DIRECTION ( 'NONE',  ( 0.7071067811865473507, 0.7071067811865477948, 0.000000000000000000 ) ) ;
#9971 = ORIENTED_EDGE ( 'NONE', *, *, #5716, .F. ) ;
#9972 = EDGE_LOOP ( 'NONE', ( #5009, #6005, #4214, #7860 ) ) ;
#9973 = DIRECTION ( 'NONE',  ( -0.000000000000000000, -0.000000000000000000, -1.000000000000000000 ) ) ;
#9974 = DIRECTION ( 'NONE',  ( -0.000000000000000000, 0.000000000000000000, 1.000000000000000000 ) ) ;
#9975 = ORIENTED_EDGE ( 'NONE', *, *, #4288, .F. ) ;
#9976 = DIRECTION ( 'NONE',  ( 1.000000000000000000, 0.000000000000000000, 0.000000000000000000 ) ) ;
#9977 = ORIENTED_EDGE ( 'NONE', *, *, #5627, .T. ) ;
#9978 = AXIS2_PLACEMENT_3D ( 'NONE', #10460, #10799, #13013 ) ;
#9979 = FACE_OUTER_BOUND ( 'NONE', #10092, .T. ) ;
#9980 = CIRCLE ( 'NONE', #8664, 1.750000000000001554 ) ;
#9981 = CARTESIAN_POINT ( 'NONE',  ( 12.50000000000001243, 117.8048945322916836, 10.00000000000000000 ) ) ;
#9982 = EDGE_LOOP ( 'NONE', ( #12253, #1930 ) ) ;
#9983 = CARTESIAN_POINT ( 'NONE',  ( 136.9492919255787058, 120.7500671661881455, 8.800000000000000711 ) ) ;
#9985 = EDGE_CURVE ( 'NONE', #5779, #4107, #4207, .T. ) ;
#9984 = CONICAL_SURFACE ( 'NONE', #4285, 7.649999999999989697, 0.7853981633974491672 ) ;
#9986 = DIRECTION ( 'NONE',  ( 1.000000000000000000, 0.000000000000000000, -0.000000000000000000 ) ) ;
#9987 = EDGE_LOOP ( 'NONE', ( #4148, #2396, #12520, #10689 ) ) ;
#9988 = ORIENTED_EDGE ( 'NONE', *, *, #9181, .F. ) ;
#9989 = VECTOR ( 'NONE', #9021, 1000.000000000000000 ) ;
#9990 = AXIS2_PLACEMENT_3D ( 'NONE', #7829, #13106, #1756 ) ;
#9992 = DIRECTION ( 'NONE',  ( -0.000000000000000000, 0.000000000000000000, 1.000000000000000000 ) ) ;
#9991 = CARTESIAN_POINT ( 'NONE',  ( 42.85258495182370098, 9.196027637130681498, 10.00000000000000000 ) ) ;
#9993 = VERTEX_POINT ( 'NONE', #6313 ) ;
#9994 = CARTESIAN_POINT ( 'NONE',  ( 45.11403200266500590, 84.41004697847179727, 8.800000000000000711 ) ) ;
#9995 = VERTEX_POINT ( 'NONE', #12582 ) ;
#9996 = VECTOR ( 'NONE', #111, 1000.000000000000000 ) ;
#9997 = CARTESIAN_POINT ( 'NONE',  ( 81.02043897411351736, 90.72411899924007628, 10.40000000000000213 ) ) ;
#9998 = EDGE_CURVE ( 'NONE', #1976, #11211, #2319, .T. ) ;
#9999 = ORIENTED_EDGE ( 'NONE', *, *, #8096, .T. ) ;
#10000 = VECTOR ( 'NONE', #7958, 1000.000000000000000 ) ;
#10001 = DIRECTION ( 'NONE',  ( 1.000000000000000000, 0.000000000000000000, -0.000000000000000000 ) ) ;
#10002 = DIRECTION ( 'NONE',  ( 1.000000000000000000, 0.000000000000000000, 0.000000000000000000 ) ) ;
#10003 = EDGE_CURVE ( 'NONE', #3352, #8024, #10504, .T. ) ;
#10004 = EDGE_CURVE ( 'NONE', #5360, #5302, #11545, .T. ) ;
#10005 = CIRCLE ( 'NONE', #2600, 1.750000000000001554 ) ;
#10006 = CARTESIAN_POINT ( 'NONE',  ( 17.00000000000000000, -7.389999999999980140, 10.00000000000000000 ) ) ;
#10007 = ORIENTED_EDGE ( 'NONE', *, *, #5334, .F. ) ;
#10008 = EDGE_LOOP ( 'NONE', ( #10801, #3079, #6179, #11034 ) ) ;
#10009 = VECTOR ( 'NONE', #11069, 1000.000000000000000 ) ;
#10010 = DIRECTION ( 'NONE',  ( 1.000000000000000000, 0.000000000000000000, 0.000000000000000000 ) ) ;
#10011 = CARTESIAN_POINT ( 'NONE',  ( 124.8267149358792949, 58.91592920418546697, 0.000000000000000000 ) ) ;
#10012 = DIRECTION ( 'NONE',  ( 1.000000000000000000, 0.000000000000000000, 0.000000000000000000 ) ) ;
#10013 = EDGE_CURVE ( 'NONE', #12414, #9469, #4399, .T. ) ;
#10014 = ORIENTED_EDGE ( 'NONE', *, *, #1177, .T. ) ;
#10015 = VECTOR ( 'NONE', #9655, 1000.000000000000000 ) ;
#10016 = CARTESIAN_POINT ( 'NONE',  ( 45.11403200266500590, 16.77682456503958619, 10.00000000000000000 ) ) ;
#10017 = ORIENTED_EDGE ( 'NONE', *, *, #8025, .T. ) ;
#10018 = DIRECTION ( 'NONE',  ( -0.000000000000000000, 0.000000000000000000, 1.000000000000000000 ) ) ;
#10019 = LINE ( 'NONE', #2576, #7574 ) ;
#10020 = DIRECTION ( 'NONE',  ( 1.000000000000000000, 1.485289157052436882E-16, -0.000000000000000000 ) ) ;
#10021 = ADVANCED_FACE ( 'NONE', ( #11748 ), #6188, .F. ) ;
#10022 = CARTESIAN_POINT ( 'NONE',  ( 42.86730598147647697, 97.12233422291699014, 8.800000000000000711 ) ) ;
#10023 = ORIENTED_EDGE ( 'NONE', *, *, #8974, .T. ) ;
#10024 = EDGE_LOOP ( 'NONE', ( #12257, #8539, #7313, #7252 ) ) ;
#10025 = DIRECTION ( 'NONE',  ( -0.000000000000000000, 0.000000000000000000, 1.000000000000000000 ) ) ;
#10026 = CARTESIAN_POINT ( 'NONE',  ( 71.25833726339713792, 95.27330718339189275, 10.00000000000000000 ) ) ;
#10027 = ORIENTED_EDGE ( 'NONE', *, *, #12206, .F. ) ;
#10028 = DIRECTION ( 'NONE',  ( 0.7071067811865474617, 0.7071067811865474617, -0.000000000000000000 ) ) ;
#10029 = CARTESIAN_POINT ( 'NONE',  ( 174.7379805785753035, 126.1960381709627512, 10.00000000000000000 ) ) ;
#10030 = EDGE_CURVE ( 'NONE', #3413, #3737, #1230, .T. ) ;
#10031 = ORIENTED_EDGE ( 'NONE', *, *, #5997, .F. ) ;
#10032 = EDGE_CURVE ( 'NONE', #824, #2434, #12541, .T. ) ;
#10033 = CARTESIAN_POINT ( 'NONE',  ( 170.7376398314652590, 89.87628193518300179, 10.00000000000000000 ) ) ;
#10034 = DIRECTION ( 'NONE',  ( 0.7071067811865441310, 0.000000000000000000, -0.7071067811865507924 ) ) ;
#10035 = CIRCLE ( 'NONE', #11559, 3.599999999999995648 ) ;
#10036 = DIRECTION ( 'NONE',  ( -0.000000000000000000, 0.000000000000000000, 1.000000000000000000 ) ) ;
#10037 = LINE ( 'NONE', #13456, #1861 ) ;
#10038 = DIRECTION ( 'NONE',  ( 1.801302180350779826E-16, -1.000000000000000000, 0.000000000000000000 ) ) ;
#10039 = DIRECTION ( 'NONE',  ( -0.7071067811865481278, 0.000000000000000000, -0.7071067811865469066 ) ) ;
#10040 = DIRECTION ( 'NONE',  ( -1.000000000000000000, 0.000000000000000000, 0.000000000000000000 ) ) ;
#10041 = ORIENTED_EDGE ( 'NONE', *, *, #9508, .T. ) ;
#10042 = ORIENTED_EDGE ( 'NONE', *, *, #2003, .T. ) ;
#10043 = ORIENTED_EDGE ( 'NONE', *, *, #8858, .F. ) ;
#10044 = CARTESIAN_POINT ( 'NONE',  ( 173.8082065792008279, 95.98359680393012638, 0.000000000000000000 ) ) ;
#10045 = CIRCLE ( 'NONE', #7210, 1.750000000000029310 ) ;
#10046 = VERTEX_POINT ( 'NONE', #4607 ) ;
#10047 = DIRECTION ( 'NONE',  ( 1.000000000000000000, 0.000000000000000000, 0.000000000000000000 ) ) ;
#10048 = EDGE_CURVE ( 'NONE', #5067, #11659, #11883, .T. ) ;
#10049 = CARTESIAN_POINT ( 'NONE',  ( 89.70166045703631141, 13.10754140209606255, 8.800000000000000711 ) ) ;
#10050 = EDGE_LOOP ( 'NONE', ( #7642, #8142, #84, #4722 ) ) ;
#10051 = DIRECTION ( 'NONE',  ( -0.000000000000000000, -0.7071067811865475727, -0.7071067811865475727 ) ) ;
#10052 = PLANE ( 'NONE',  #12103 ) ;
#10053 = PLANE ( 'NONE',  #8619 ) ;
#10054 = DIRECTION ( 'NONE',  ( -0.7071067811865571207, -1.273712986692167234E-16, 0.7071067811865379138 ) ) ;
#10055 = AXIS2_PLACEMENT_3D ( 'NONE', #12368, #4821, #13388 ) ;
#10056 = LINE ( 'NONE', #13080, #10804 ) ;
#10057 = VERTEX_POINT ( 'NONE', #5773 ) ;
#10058 = ORIENTED_EDGE ( 'NONE', *, *, #11926, .T. ) ;
#10059 = FACE_OUTER_BOUND ( 'NONE', #9685, .T. ) ;
#10060 = EDGE_LOOP ( 'NONE', ( #3248, #6209, #907, #13382 ) ) ;
#10061 = DIRECTION ( 'NONE',  ( -0.000000000000000000, 0.000000000000000000, 1.000000000000000000 ) ) ;
#10062 = EDGE_LOOP ( 'NONE', ( #13084, #7393, #3395, #5744 ) ) ;
#10063 = CARTESIAN_POINT ( 'NONE',  ( 174.7485405866029851, 97.45949380390098327, 10.00000000000000000 ) ) ;
#10064 = DIRECTION ( 'NONE',  ( 1.000000000000000000, 0.000000000000000000, 0.000000000000000000 ) ) ;
#10065 = EDGE_CURVE ( 'NONE', #3371, #7333, #12320, .T. ) ;
#10066 = DIRECTION ( 'NONE',  ( 1.000000000000000000, 0.000000000000000000, 0.000000000000000000 ) ) ;
#10067 = VERTEX_POINT ( 'NONE', #11812 ) ;
#10068 = FACE_OUTER_BOUND ( 'NONE', #563, .T. ) ;
#10069 = DIRECTION ( 'NONE',  ( 0.000000000000000000, -1.000000000000000000, 0.000000000000000000 ) ) ;
#10070 = AXIS2_PLACEMENT_3D ( 'NONE', #9752, #7696, #463 ) ;
#10071 = DIRECTION ( 'NONE',  ( 1.000000000000000000, 0.000000000000000000, 0.000000000000000000 ) ) ;
#10072 = ORIENTED_EDGE ( 'NONE', *, *, #6026, .F. ) ;
#10073 = ADVANCED_FACE ( 'NONE', ( #9965 ), #6730, .F. ) ;
#10074 = ORIENTED_EDGE ( 'NONE', *, *, #12693, .F. ) ;
#10075 = DIRECTION ( 'NONE',  ( 1.000000000000000000, 0.000000000000000000, 0.000000000000000000 ) ) ;
#10076 = CARTESIAN_POINT ( 'NONE',  ( 146.1597551873219345, 89.69314898022133775, 10.00000000000000000 ) ) ;
#10077 = EDGE_CURVE ( 'NONE', #5589, #9051, #12026, .T. ) ;
#10078 = EDGE_CURVE ( 'NONE', #7305, #7011, #3605, .T. ) ;
#10079 = CIRCLE ( 'NONE', #4159, 1.900000000000012790 ) ;
#10080 = DIRECTION ( 'NONE',  ( 1.000000000000000000, -0.000000000000000000, 0.000000000000000000 ) ) ;
#10081 = ORIENTED_EDGE ( 'NONE', *, *, #12677, .T. ) ;
#10082 = CARTESIAN_POINT ( 'NONE',  ( 175.8139694863819784, 23.74264681229802676, 9.400000000000007461 ) ) ;
#10083 = ORIENTED_EDGE ( 'NONE', *, *, #3930, .T. ) ;
#10084 = DIRECTION ( 'NONE',  ( 1.000000000000000000, 0.000000000000000000, 0.000000000000000000 ) ) ;
#10085 = DIRECTION ( 'NONE',  ( -0.000000000000000000, 0.000000000000000000, 1.000000000000000000 ) ) ;
#10086 = DIRECTION ( 'NONE',  ( 1.000000000000000000, 0.000000000000000000, 0.000000000000000000 ) ) ;
#10087 = CARTESIAN_POINT ( 'NONE',  ( 45.11403200266500590, 11.86983023117878666, 8.800000000000000711 ) ) ;
#10088 = ORIENTED_EDGE ( 'NONE', *, *, #11059, .F. ) ;
#10089 = VERTEX_POINT ( 'NONE', #5494 ) ;
#10090 = DIRECTION ( 'NONE',  ( 1.000000000000000000, 0.000000000000000000, 0.000000000000000000 ) ) ;
#10091 = DIRECTION ( 'NONE',  ( -0.000000000000000000, 0.000000000000000000, 1.000000000000000000 ) ) ;
#10092 = EDGE_LOOP ( 'NONE', ( #139, #173, #13348, #10456 ) ) ;
#10093 = CIRCLE ( 'NONE', #4167, 1.900000000000012790 ) ;
#10094 = EDGE_CURVE ( 'NONE', #11489, #10195, #9916, .T. ) ;
#10095 = DIRECTION ( 'NONE',  ( -0.000000000000000000, 0.000000000000000000, 1.000000000000000000 ) ) ;
#10096 = CARTESIAN_POINT ( 'NONE',  ( 176.2879805785753149, 9.540354232463158723, 8.800000000000000711 ) ) ;
#10097 = ADVANCED_FACE ( 'NONE', ( #8950 ), #2529, .F. ) ;
#10098 = EDGE_CURVE ( 'NONE', #2494, #7798, #2062, .T. ) ;
#10099 = AXIS2_PLACEMENT_3D ( 'NONE', #9648, #7465, #9462 ) ;
#10100 = DIRECTION ( 'NONE',  ( 0.7071067811865473507, 0.7071067811865477948, 0.000000000000000000 ) ) ;
#10101 = DIRECTION ( 'NONE',  ( 1.000000000000000000, 0.000000000000000000, 0.000000000000000000 ) ) ;
#10102 = DIRECTION ( 'NONE',  ( -0.000000000000000000, 0.000000000000000000, 1.000000000000000000 ) ) ;
#10103 = CARTESIAN_POINT ( 'NONE',  ( 43.36403200266500590, 133.7801504420406502, 8.800000000000000711 ) ) ;
#10104 = ORIENTED_EDGE ( 'NONE', *, *, #11794, .T. ) ;
#10105 = ORIENTED_EDGE ( 'NONE', *, *, #6200, .T. ) ;
#10106 = ADVANCED_FACE ( 'NONE', ( #4686 ), #10557, .T. ) ;
#10107 = EDGE_CURVE ( 'NONE', #10207, #4863, #12554, .T. ) ;
#10108 = PLANE ( 'NONE',  #8948 ) ;
#10109 = DIRECTION ( 'NONE',  ( 1.000000000000000000, 0.000000000000000000, 0.000000000000000000 ) ) ;
#10110 = VECTOR ( 'NONE', #12752, 1000.000000000000000 ) ;
#10111 = CARTESIAN_POINT ( 'NONE',  ( 45.11403200266500590, 84.41004697847179727, 10.00000000000000000 ) ) ;
#10112 = CIRCLE ( 'NONE', #13384, 1.899999999999985034 ) ;
#10113 = ORIENTED_EDGE ( 'NONE', *, *, #12389, .F. ) ;
#10114 = CARTESIAN_POINT ( 'NONE',  ( 78.81811639599669661, 24.99111346065453176, 0.000000000000000000 ) ) ;
#10115 = ORIENTED_EDGE ( 'NONE', *, *, #8503, .F. ) ;
#10116 = AXIS2_PLACEMENT_3D ( 'NONE', #4793, #5748, #9943 ) ;
#10117 = CYLINDRICAL_SURFACE ( 'NONE', #2211, 1.900000000000012790 ) ;
#10118 = AXIS2_PLACEMENT_3D ( 'NONE', #5471, #3449, #2639 ) ;
#10119 = CYLINDRICAL_SURFACE ( 'NONE', #8161, 1.900000000000012790 ) ;
#10120 = CARTESIAN_POINT ( 'NONE',  ( 69.35833726339713223, 17.18080354114162489, 0.000000000000000000 ) ) ;
#10121 = FACE_OUTER_BOUND ( 'NONE', #4135, .T. ) ;
#10122 = CARTESIAN_POINT ( 'NONE',  ( 12.49999999999989875, 155.4000000000001762, 0.000000000000000000 ) ) ;
#10123 = VERTEX_POINT ( 'NONE', #13125 ) ;
#10124 = ORIENTED_EDGE ( 'NONE', *, *, #5628, .F. ) ;
#10125 = EDGE_CURVE ( 'NONE', #5530, #7821, #6585, .T. ) ;
#10126 = CARTESIAN_POINT ( 'NONE',  ( 85.04083265857170204, 0.7544085079435804975, 8.800000000000000711 ) ) ;
#10127 = CARTESIAN_POINT ( 'NONE',  ( 205.0000000000004547, -4.990000000000501146, 0.000000000000000000 ) ) ;
#10128 = AXIS2_PLACEMENT_3D ( 'NONE', #6554, #12444, #8982 ) ;
#10129 = EDGE_LOOP ( 'NONE', ( #8998, #10532, #7144, #10316 ) ) ;
#10130 = CARTESIAN_POINT ( 'NONE',  ( 25.54116097332610025, 121.8673531877020793, 8.800000000000000711 ) ) ;
#10131 = VERTEX_POINT ( 'NONE', #4545 ) ;
#10132 = CIRCLE ( 'NONE', #4638, 1.900000000000012790 ) ;
#10133 = AXIS2_PLACEMENT_3D ( 'NONE', #7738, #11912, #9856 ) ;
#10134 = FACE_OUTER_BOUND ( 'NONE', #12270, .T. ) ;
#10135 = DIRECTION ( 'NONE',  ( 1.000000000000000000, 0.000000000000000000, 0.000000000000000000 ) ) ;
#10136 = VERTEX_POINT ( 'NONE', #8738 ) ;
#10137 = AXIS2_PLACEMENT_3D ( 'NONE', #673, #12286, #3985 ) ;
#10138 = DIRECTION ( 'NONE',  ( 0.2810860865953662691, 0.6785980444720211002, 0.6785980444720211002 ) ) ;
#10139 = VECTOR ( 'NONE', #271, 1000.000000000000000 ) ;
#10140 = AXIS2_PLACEMENT_3D ( 'NONE', #11339, #1973, #6115 ) ;
#10141 = EDGE_CURVE ( 'NONE', #3816, #5443, #12913, .T. ) ;
#10142 = CARTESIAN_POINT ( 'NONE',  ( 136.5252465877439079, 54.88588100076002974, 10.40000000000000213 ) ) ;
#10143 = EDGE_LOOP ( 'NONE', ( #11705, #5981 ) ) ;
#10144 = EDGE_LOOP ( 'NONE', ( #9573, #8973, #859, #1133 ) ) ;
#10145 = VECTOR ( 'NONE', #745, 1000.000000000000000 ) ;
#10146 = AXIS2_PLACEMENT_3D ( 'NONE', #5337, #165, #1071 ) ;
#10147 = CYLINDRICAL_SURFACE ( 'NONE', #5294, 8.649999999999963052 ) ;
#10148 = DIRECTION ( 'NONE',  ( 0.000000000000000000, 0.000000000000000000, -1.000000000000000000 ) ) ;
#10149 = EDGE_LOOP ( 'NONE', ( #2485, #4260, #7277, #10253 ) ) ;
#10150 = ORIENTED_EDGE ( 'NONE', *, *, #9284, .T. ) ;
#10151 = PLANE ( 'NONE',  #12054 ) ;
#10152 = CIRCLE ( 'NONE', #11235, 1.900000000000012790 ) ;
#10153 = DIRECTION ( 'NONE',  ( -0.000000000000000000, -0.000000000000000000, -1.000000000000000000 ) ) ;
#10154 = ORIENTED_EDGE ( 'NONE', *, *, #2382, .T. ) ;
#10155 = ORIENTED_EDGE ( 'NONE', *, *, #4266, .T. ) ;
#10156 = CARTESIAN_POINT ( 'NONE',  ( 136.5252465877439079, 54.88588100076002974, 10.40000000000000213 ) ) ;
#10157 = EDGE_CURVE ( 'NONE', #9993, #2593, #2513, .T. ) ;
#10158 = DIRECTION ( 'NONE',  ( 1.000000000000000000, 0.000000000000000000, 0.000000000000000000 ) ) ;
#10159 = ORIENTED_EDGE ( 'NONE', *, *, #554, .F. ) ;
#10160 = CARTESIAN_POINT ( 'NONE',  ( 44.05437819674840938, 57.00608991351150934, 0.000000000000000000 ) ) ;
#10161 = LINE ( 'NONE', #12231, #5086 ) ;
#10162 = AXIS2_PLACEMENT_3D ( 'NONE', #346, #6258, #4275 ) ;
#10163 = ORIENTED_EDGE ( 'NONE', *, *, #9072, .T. ) ;
#10164 = CIRCLE ( 'NONE', #5127, 1.750000000000001554 ) ;
#10165 = DIRECTION ( 'NONE',  ( 0.7071039827808559552, -0.7071095795811642715, 0.000000000000000000 ) ) ;
#10166 = EDGE_CURVE ( 'NONE', #7020, #11026, #11223, .T. ) ;
#10167 = CARTESIAN_POINT ( 'NONE',  ( 41.78689018271332145, 59.70033362966805157, 10.40000000000000213 ) ) ;
#10168 = CYLINDRICAL_SURFACE ( 'NONE', #4009, 1.750000000000001554 ) ;
#10169 = DIRECTION ( 'NONE',  ( 0.000000000000000000, -1.000000000000000000, 0.000000000000000000 ) ) ;
#10170 = ADVANCED_FACE ( 'NONE', ( #10980 ), #1635, .F. ) ;
#10171 = VECTOR ( 'NONE', #7909, 1000.000000000000000 ) ;
#10172 = CYLINDRICAL_SURFACE ( 'NONE', #7770, 8.649999999999963052 ) ;
#10173 = EDGE_LOOP ( 'NONE', ( #5141, #9824, #11336, #1543 ) ) ;
#10174 = ORIENTED_EDGE ( 'NONE', *, *, #5435, .T. ) ;
#10175 = AXIS2_PLACEMENT_3D ( 'NONE', #9623, #270, #1161 ) ;
#10176 = DIRECTION ( 'NONE',  ( -1.000000000000000000, 0.000000000000000000, 0.000000000000000000 ) ) ;
#10177 = CARTESIAN_POINT ( 'NONE',  ( 92.55321194845042498, 125.7367331634828815, 0.000000000000000000 ) ) ;
#10178 = ORIENTED_EDGE ( 'NONE', *, *, #6766, .T. ) ;
#10179 = DIRECTION ( 'NONE',  ( -1.000000000000000000, 0.000000000000000000, 0.000000000000000000 ) ) ;
#10180 = LINE ( 'NONE', #7028, #12424 ) ;
#10181 = EDGE_CURVE ( 'NONE', #1570, #708, #8119, .T. ) ;
#10182 = ORIENTED_EDGE ( 'NONE', *, *, #8667, .F. ) ;
#10183 = CIRCLE ( 'NONE', #9533, 1.750000000000029310 ) ;
#10184 = CARTESIAN_POINT ( 'NONE',  ( 196.9000000000003752, -7.390000000000313207, 7.000000000000000000 ) ) ;
#10185 = CARTESIAN_POINT ( 'NONE',  ( 17.00000000000000000, -7.389999999999980140, 10.00000000000000000 ) ) ;
#10186 = CARTESIAN_POINT ( 'NONE',  ( 13.40000000000004654, -7.390000000000535252, 7.000000000000000000 ) ) ;
#10187 = FACE_BOUND ( 'NONE', #5258, .T. ) ;
#10188 = VERTEX_POINT ( 'NONE', #6869 ) ;
#10189 = ORIENTED_EDGE ( 'NONE', *, *, #4652, .F. ) ;
#10190 = LINE ( 'NONE', #9040, #12622 ) ;
#10191 = AXIS2_PLACEMENT_3D ( 'NONE', #3377, #3572, #7616 ) ;
#10192 = PLANE ( 'NONE',  #11541 ) ;
#10193 = VERTEX_POINT ( 'NONE', #6944 ) ;
#10194 = FACE_OUTER_BOUND ( 'NONE', #4082, .T. ) ;
#10195 = VERTEX_POINT ( 'NONE', #11126 ) ;
#10196 = VECTOR ( 'NONE', #12565, 1000.000000000000000 ) ;
#10197 = PLANE ( 'NONE',  #6918 ) ;
#10198 = DIRECTION ( 'NONE',  ( -0.000000000000000000, -0.000000000000000000, -1.000000000000000000 ) ) ;
#10199 = EDGE_CURVE ( 'NONE', #8143, #13296, #949, .T. ) ;
#10200 = ORIENTED_EDGE ( 'NONE', *, *, #9327, .F. ) ;
#10201 = EDGE_CURVE ( 'NONE', #3973, #8022, #12762, .T. ) ;
#10202 = AXIS2_PLACEMENT_3D ( 'NONE', #10524, #3299, #3238 ) ;
#10203 = FACE_OUTER_BOUND ( 'NONE', #5095, .T. ) ;
#10204 = AXIS2_PLACEMENT_3D ( 'NONE', #12327, #6266, #8343 ) ;
#10205 = CARTESIAN_POINT ( 'NONE',  ( 43.36403200266500590, 55.61338254596925168, 8.800000000000000711 ) ) ;
#10206 = CIRCLE ( 'NONE', #12823, 1.750000000000001554 ) ;
#10207 = VERTEX_POINT ( 'NONE', #7089 ) ;
#10208 = DIRECTION ( 'NONE',  ( 0.7071067811865240360, 0.7071067811865711095, 0.000000000000000000 ) ) ;
#10209 = ORIENTED_EDGE ( 'NONE', *, *, #10718, .F. ) ;
#10210 = EDGE_LOOP ( 'NONE', ( #9309, #4030, #11274, #10796 ) ) ;
#10211 = VECTOR ( 'NONE', #4744, 1000.000000000000000 ) ;
#10212 = VECTOR ( 'NONE', #292, 1000.000000000000114 ) ;
#10213 = CARTESIAN_POINT ( 'NONE',  ( 41.11730598147647697, 126.1887866701237044, 0.000000000000000000 ) ) ;
#10214 = FACE_OUTER_BOUND ( 'NONE', #3615, .T. ) ;
#10215 = ORIENTED_EDGE ( 'NONE', *, *, #1063, .F. ) ;
#10216 = ADVANCED_FACE ( 'NONE', ( #11189 ), #5906, .F. ) ;
#10217 = EDGE_LOOP ( 'NONE', ( #3469, #10644 ) ) ;
#10218 = CARTESIAN_POINT ( 'NONE',  ( 83.10734701375183420, 39.62327421210908085, 8.800000000000000711 ) ) ;
#10219 = CARTESIAN_POINT ( 'NONE',  ( 175.7587953791441464, 85.90966637033203313, 10.40000000000000213 ) ) ;
#10220 = CARTESIAN_POINT ( 'NONE',  ( 127.0962509126547531, 46.80401707400540090, 8.800000000000000711 ) ) ;
#10221 = AXIS2_PLACEMENT_3D ( 'NONE', #13380, #5901, #13447 ) ;
#10222 = DIRECTION ( 'NONE',  ( -0.000000000000000000, 0.000000000000000000, 1.000000000000000000 ) ) ;
#10223 = EDGE_LOOP ( 'NONE', ( #6312, #10302, #12698, #8225 ) ) ;
#10224 = ORIENTED_EDGE ( 'NONE', *, *, #6026, .T. ) ;
#10225 = CARTESIAN_POINT ( 'NONE',  ( 44.36085124949480729, 92.88837339307873719, 0.000000000000000000 ) ) ;
#10226 = AXIS2_PLACEMENT_3D ( 'NONE', #11471, #1101, #5238 ) ;
#10227 = DIRECTION ( 'NONE',  ( -0.000000000000000000, -0.000000000000000000, -1.000000000000000000 ) ) ;
#10228 = EDGE_LOOP ( 'NONE', ( #528, #4369, #10042, #12480, #1474 ) ) ;
#10229 = DIRECTION ( 'NONE',  ( 1.000000000000000000, 0.000000000000000000, 0.000000000000000000 ) ) ;
#10230 = VECTOR ( 'NONE', #9716, 1000.000000000000000 ) ;
#10231 = DIRECTION ( 'NONE',  ( 0.000000000000000000, 1.000000000000000000, 0.000000000000000000 ) ) ;
#10232 = VERTEX_POINT ( 'NONE', #886 ) ;
#10233 = EDGE_CURVE ( 'NONE', #4805, #157, #13387, .T. ) ;
#10234 = CARTESIAN_POINT ( 'NONE',  ( 173.1302825253530386, 10.58001099839807502, 8.800000000000000711 ) ) ;
#10235 = DIRECTION ( 'NONE',  ( 0.5000019787638260160, 0.4999980212283743342, -0.7071067811865253683 ) ) ;
#10236 = DIRECTION ( 'NONE',  ( -1.000000000000000000, 0.000000000000000000, 0.000000000000000000 ) ) ;
#10237 = DIRECTION ( 'NONE',  ( 0.000000000000000000, 0.000000000000000000, 1.000000000000000000 ) ) ;
#10238 = ORIENTED_EDGE ( 'NONE', *, *, #8394, .T. ) ;
#10239 = VERTEX_POINT ( 'NONE', #2802 ) ;
#10240 = FACE_OUTER_BOUND ( 'NONE', #8777, .T. ) ;
#10241 = EDGE_CURVE ( 'NONE', #1729, #8643, #7508, .T. ) ;
#10242 = ORIENTED_EDGE ( 'NONE', *, *, #466, .T. ) ;
#10243 = DIRECTION ( 'NONE',  ( -0.000000000000000000, -0.000000000000000000, -1.000000000000000000 ) ) ;
#10244 = AXIS2_PLACEMENT_3D ( 'NONE', #5504, #4619, #7512 ) ;
#10245 = EDGE_CURVE ( 'NONE', #3002, #2739, #1188, .T. ) ;
#10246 = EDGE_CURVE ( 'NONE', #3041, #802, #11449, .T. ) ;
#10247 = FACE_OUTER_BOUND ( 'NONE', #12470, .T. ) ;
#10248 = ORIENTED_EDGE ( 'NONE', *, *, #4976, .T. ) ;
#10249 = DIRECTION ( 'NONE',  ( -0.000000000000000000, -0.000000000000000000, -1.000000000000000000 ) ) ;
#10250 = CARTESIAN_POINT ( 'NONE',  ( 136.5408573292053234, 16.07759220218804330, 10.40000000000000213 ) ) ;
#10251 = CYLINDRICAL_SURFACE ( 'NONE', #1841, 2.700000000000008171 ) ;
#10252 = FACE_BOUND ( 'NONE', #9093, .T. ) ;
#10253 = ORIENTED_EDGE ( 'NONE', *, *, #5904, .F. ) ;
#10254 = ORIENTED_EDGE ( 'NONE', *, *, #7989, .T. ) ;
#10255 = AXIS2_PLACEMENT_3D ( 'NONE', #12871, #3491, #7662 ) ;
#10256 = PLANE ( 'NONE',  #10856 ) ;
#10257 = ORIENTED_EDGE ( 'NONE', *, *, #8025, .F. ) ;
#10258 = EDGE_CURVE ( 'NONE', #285, #607, #9012, .T. ) ;
#10259 = EDGE_LOOP ( 'NONE', ( #9903, #638, #4994, #12749 ) ) ;
#10260 = CARTESIAN_POINT ( 'NONE',  ( 41.77127944125191306, 98.50862242824007353, 9.400000000000000355 ) ) ;
#10261 = EDGE_CURVE ( 'NONE', #101, #1587, #10037, .T. ) ;
#10262 = FACE_OUTER_BOUND ( 'NONE', #8308, .T. ) ;
#10263 = ADVANCED_FACE ( 'NONE', ( #13186 ), #9154, .F. ) ;
#10264 = CARTESIAN_POINT ( 'NONE',  ( 132.3762620681505382, 28.07725675849961888, 0.000000000000000000 ) ) ;
#10265 = AXIS2_PLACEMENT_3D ( 'NONE', #6734, #12092, #3677 ) ;
#10266 = ORIENTED_EDGE ( 'NONE', *, *, #8893, .T. ) ;
#10267 = CARTESIAN_POINT ( 'NONE',  ( 136.5096358462825208, 93.69416979933204459, 10.40000000000000213 ) ) ;
#10268 = DIRECTION ( 'NONE',  ( -0.000000000000000000, 0.000000000000000000, 1.000000000000000000 ) ) ;
#10269 = ORIENTED_EDGE ( 'NONE', *, *, #11582, .F. ) ;
#10270 = DIRECTION ( 'NONE',  ( 0.000000000000000000, -0.7071067811865573427, 0.7071067811865378028 ) ) ;
#10271 = EDGE_LOOP ( 'NONE', ( #12846, #7583, #12413, #10788, #13085, #933, #10479, #13010, #12569, #843, #9242, #1850, #6970, #10104, #11645 ) ) ;
#10272 = EDGE_CURVE ( 'NONE', #3307, #4326, #12116, .T. ) ;
#10273 = ORIENTED_EDGE ( 'NONE', *, *, #9521, .F. ) ;
#10274 = EDGE_CURVE ( 'NONE', #3649, #4077, #7016, .T. ) ;
#10275 = DIRECTION ( 'NONE',  ( -0.000000000000000000, 0.000000000000000000, 1.000000000000000000 ) ) ;
#10276 = DIRECTION ( 'NONE',  ( -0.000000000000000000, 0.000000000000000000, 1.000000000000000000 ) ) ;
#10277 = ORIENTED_EDGE ( 'NONE', *, *, #5886, .T. ) ;
#10278 = ORIENTED_EDGE ( 'NONE', *, *, #10992, .F. ) ;
#10279 = DIRECTION ( 'NONE',  ( -0.000000000000000000, 0.000000000000000000, 1.000000000000000000 ) ) ;
#10280 = DIRECTION ( 'NONE',  ( -1.000000000000000000, 0.000000000000000000, 0.000000000000000000 ) ) ;
#10281 = DIRECTION ( 'NONE',  ( 1.000000000000000000, 0.000000000000000000, 0.000000000000000000 ) ) ;
#10282 = VERTEX_POINT ( 'NONE', #8190 ) ;
#10283 = VERTEX_POINT ( 'NONE', #13257 ) ;
#10284 = DIRECTION ( 'NONE',  ( -0.000000000000000000, -0.000000000000000000, -1.000000000000000000 ) ) ;
#10285 = DIRECTION ( 'NONE',  ( -0.2810846377148361608, 0.6785983445458366736, -0.6785983445458508845 ) ) ;
#10286 = VERTEX_POINT ( 'NONE', #7157 ) ;
#10287 = DIRECTION ( 'NONE',  ( -0.000000000000000000, -0.000000000000000000, -1.000000000000000000 ) ) ;
#10288 = VERTEX_POINT ( 'NONE', #1838 ) ;
#10289 = EDGE_CURVE ( 'NONE', #4850, #7608, #11333, .T. ) ;
#10290 = FACE_OUTER_BOUND ( 'NONE', #1064, .T. ) ;
#10291 = DIRECTION ( 'NONE',  ( -0.000000000000000000, -0.000000000000000000, -1.000000000000000000 ) ) ;
#10292 = ORIENTED_EDGE ( 'NONE', *, *, #5300, .T. ) ;
#10293 = DIRECTION ( 'NONE',  ( -1.000000000000000000, 0.000000000000000000, 0.000000000000000000 ) ) ;
#10294 = AXIS2_PLACEMENT_3D ( 'NONE', #12761, #5623, #7628 ) ;
#10295 = DIRECTION ( 'NONE',  ( -0.000000000000000000, 0.000000000000000000, 1.000000000000000000 ) ) ;
#10296 = CARTESIAN_POINT ( 'NONE',  ( 191.9588390266749229, 23.74264681229803386, 9.400000000000000355 ) ) ;
#10297 = DIRECTION ( 'NONE',  ( -0.000000000000000000, -1.000000000000000000, -0.000000000000000000 ) ) ;
#10298 = VERTEX_POINT ( 'NONE', #2730 ) ;
#10299 = EDGE_LOOP ( 'NONE', ( #8566, #631 ) ) ;
#10300 = EDGE_CURVE ( 'NONE', #6084, #9898, #108, .T. ) ;
#10301 = DIRECTION ( 'NONE',  ( -0.000000000000000000, 0.000000000000000000, 1.000000000000000000 ) ) ;
#10302 = ORIENTED_EDGE ( 'NONE', *, *, #3980, .T. ) ;
#10303 = LINE ( 'NONE', #12102, #4855 ) ;
#10304 = AXIS2_PLACEMENT_3D ( 'NONE', #10878, #4786, #13092 ) ;
#10305 = LINE ( 'NONE', #7101, #3879 ) ;
#10306 = ORIENTED_EDGE ( 'NONE', *, *, #616, .T. ) ;
#10307 = CARTESIAN_POINT ( 'NONE',  ( 85.00734701375183988, 78.84319752287538563, 0.000000000000000000 ) ) ;
#10308 = CARTESIAN_POINT ( 'NONE',  ( 200.5000000000004547, -7.389999999999986358, 10.00000000000000000 ) ) ;
#10309 = ADVANCED_FACE ( 'NONE', ( #2870 ), #10168, .F. ) ;
#10310 = FACE_BOUND ( 'NONE', #11058, .T. ) ;
#10311 = ORIENTED_EDGE ( 'NONE', *, *, #9377, .T. ) ;
#10312 = VECTOR ( 'NONE', #10908, 1000.000000000000000 ) ;
#10313 = ORIENTED_EDGE ( 'NONE', *, *, #10261, .T. ) ;
#10314 = FACE_BOUND ( 'NONE', #862, .T. ) ;
#10315 = DIRECTION ( 'NONE',  ( -0.7071039827808556222, 0.7071095795811647156, 0.000000000000000000 ) ) ;
#10316 = ORIENTED_EDGE ( 'NONE', *, *, #7908, .F. ) ;
#10317 = EDGE_CURVE ( 'NONE', #8719, #10928, #5165, .T. ) ;
#10318 = DIRECTION ( 'NONE',  ( 0.000000000000000000, 0.000000000000000000, -1.000000000000000000 ) ) ;
#10319 = VERTEX_POINT ( 'NONE', #6364 ) ;
#10320 = DIRECTION ( 'NONE',  ( -1.000000000000000000, 0.000000000000000000, 0.000000000000000000 ) ) ;
#10321 = AXIS2_PLACEMENT_3D ( 'NONE', #2449, #10770, #539 ) ;
#10322 = CARTESIAN_POINT ( 'NONE',  ( 43.36403200266500590, 89.52015041444528265, 10.00000000000000000 ) ) ;
#10323 = FACE_OUTER_BOUND ( 'NONE', #5778, .T. ) ;
#10324 = ORIENTED_EDGE ( 'NONE', *, *, #3590, .F. ) ;
#10325 = CARTESIAN_POINT ( 'NONE',  ( 33.40638245624897706, 43.25077559055805665, 10.40000000000000213 ) ) ;
#10326 = ADVANCED_FACE ( 'NONE', ( #9551 ), #2101, .F. ) ;
#10327 = DIRECTION ( 'NONE',  ( -1.000000000000000000, 0.000000000000000000, 0.000000000000000000 ) ) ;
#10328 = ORIENTED_EDGE ( 'NONE', *, *, #4630, .T. ) ;
#10329 = CARTESIAN_POINT ( 'NONE',  ( 173.9861749749893249, 90.78010294822888682, 0.000000000000000000 ) ) ;
#10330 = EDGE_CURVE ( 'NONE', #1452, #2881, #324, .T. ) ;
#10331 = VECTOR ( 'NONE', #3990, 1000.000000000000000 ) ;
#10332 = EDGE_LOOP ( 'NONE', ( #7695, #12819, #5161, #6196, #9957 ) ) ;
#10333 = AXIS2_PLACEMENT_3D ( 'NONE', #11153, #1665, #5802 ) ;
#10334 = ORIENTED_EDGE ( 'NONE', *, *, #10498, .F. ) ;
#10335 = DIRECTION ( 'NONE',  ( -0.000000000000000000, 0.000000000000000000, 1.000000000000000000 ) ) ;
#10336 = CIRCLE ( 'NONE', #12974, 1.750000000000001554 ) ;
#10337 = AXIS2_PLACEMENT_3D ( 'NONE', #2582, #2517, #5626 ) ;
#10338 = CARTESIAN_POINT ( 'NONE',  ( 42.85258495182370098, 136.4729333453784932, 0.000000000000000000 ) ) ;
#10339 = CARTESIAN_POINT ( 'NONE',  ( 20.17116097332603175, 149.8940936094211054, 9.000000000000000000 ) ) ;
#10340 = ORIENTED_EDGE ( 'NONE', *, *, #6235, .T. ) ;
#10341 = VECTOR ( 'NONE', #12652, 1000.000000000000000 ) ;
#10342 = AXIS2_PLACEMENT_3D ( 'NONE', #9095, #12243, #11646 ) ;
#10343 = EDGE_LOOP ( 'NONE', ( #1879, #7021, #1721, #3237, #675, #491, #3300, #12948 ) ) ;
#10344 = ADVANCED_FACE ( 'NONE', ( #12697 ), #5356, .T. ) ;
#10345 = DIRECTION ( 'NONE',  ( 0.7071067811865479058, -0.000000000000000000, 0.7071067811865470176 ) ) ;
#10346 = LINE ( 'NONE', #9340, #7460 ) ;
#10347 = EDGE_CURVE ( 'NONE', #2806, #1791, #7302, .T. ) ;
#10348 = LINE ( 'NONE', #5076, #5341 ) ;
#10349 = EDGE_LOOP ( 'NONE', ( #6082, #12037, #4052, #1084 ) ) ;
#10350 = LINE ( 'NONE', #4311, #6400 ) ;
#10351 = DIRECTION ( 'NONE',  ( -0.000000000000000000, -0.000000000000000000, -1.000000000000000000 ) ) ;
#10352 = ORIENTED_EDGE ( 'NONE', *, *, #12071, .T. ) ;
#10353 = AXIS2_PLACEMENT_3D ( 'NONE', #11575, #1011, #6421 ) ;
#10354 = DIRECTION ( 'NONE',  ( -0.000000000000000000, -0.000000000000000000, -1.000000000000000000 ) ) ;
#10355 = ORIENTED_EDGE ( 'NONE', *, *, #12878, .T. ) ;
#10356 = VECTOR ( 'NONE', #6330, 999.9999999999998863 ) ;
#10357 = DIRECTION ( 'NONE',  ( -0.000000000000000000, -0.000000000000000000, 1.000000000000000000 ) ) ;
#10358 = DIRECTION ( 'NONE',  ( -1.000000000000000000, 0.000000000000000000, 0.000000000000000000 ) ) ;
#10359 = ORIENTED_EDGE ( 'NONE', *, *, #6531, .F. ) ;
#10360 = AXIS2_PLACEMENT_3D ( 'NONE', #9199, #104, #2215 ) ;
#10361 = CARTESIAN_POINT ( 'NONE',  ( 175.7587953791441464, 85.90966637033203313, 9.400000000000000355 ) ) ;
#10362 = EDGE_CURVE ( 'NONE', #12648, #5283, #11589, .T. ) ;
#10363 = CARTESIAN_POINT ( 'NONE',  ( 92.59275623606896488, 8.774332390532082471, 0.000000000000000000 ) ) ;
#10364 = EDGE_CURVE ( 'NONE', #3637, #319, #11656, .T. ) ;
#10365 = CIRCLE ( 'NONE', #12356, 1.750000000000001554 ) ;
#10366 = DIRECTION ( 'NONE',  ( 1.000000000000000000, 0.000000000000000000, 0.000000000000000000 ) ) ;
#10367 = ORIENTED_EDGE ( 'NONE', *, *, #9088, .F. ) ;
#10368 = FACE_OUTER_BOUND ( 'NONE', #2542, .T. ) ;
#10369 = FACE_OUTER_BOUND ( 'NONE', #7266, .T. ) ;
#10370 = ORIENTED_EDGE ( 'NONE', *, *, #2472, .T. ) ;
#10371 = ORIENTED_EDGE ( 'NONE', *, *, #4219, .F. ) ;
#10372 = DIRECTION ( 'NONE',  ( 1.000000000000000000, 0.000000000000000000, 0.000000000000000000 ) ) ;
#10373 = VECTOR ( 'NONE', #5534, 1000.000000000000000 ) ;
#10374 = VERTEX_POINT ( 'NONE', #10625 ) ;
#10375 = LINE ( 'NONE', #203, #9463 ) ;
#10376 = CARTESIAN_POINT ( 'NONE',  ( 30.40638245624893798, 82.80500000000016314, 7.399999999999971934 ) ) ;
#10377 = VERTEX_POINT ( 'NONE', #3327 ) ;
#10378 = EDGE_CURVE ( 'NONE', #4988, #2593, #12568, .T. ) ;
#10379 = AXIS2_PLACEMENT_3D ( 'NONE', #11128, #5979, #1970 ) ;
#10380 = FACE_OUTER_BOUND ( 'NONE', #2551, .T. ) ;
#10381 = LINE ( 'NONE', #12713, #979 ) ;
#10382 = FACE_BOUND ( 'NONE', #5661, .T. ) ;
#10383 = VERTEX_POINT ( 'NONE', #10431 ) ;
#10384 = FACE_BOUND ( 'NONE', #13043, .T. ) ;
#10385 = ORIENTED_EDGE ( 'NONE', *, *, #265, .F. ) ;
#10386 = ORIENTED_EDGE ( 'NONE', *, *, #4813, .F. ) ;
#10387 = AXIS2_PLACEMENT_3D ( 'NONE', #5483, #7969, #2789 ) ;
#10388 = CIRCLE ( 'NONE', #367, 1.899999999999985034 ) ;
#10389 = PLANE ( 'NONE',  #12611 ) ;
#10390 = ORIENTED_EDGE ( 'NONE', *, *, #8316, .F. ) ;
#10391 = EDGE_CURVE ( 'NONE', #8186, #13391, #11658, .T. ) ;
#10392 = DIRECTION ( 'NONE',  ( -1.000000000000000000, 0.000000000000000000, 0.000000000000000000 ) ) ;
#10393 = CARTESIAN_POINT ( 'NONE',  ( 172.9985405866029851, 14.69285506076201742, 0.000000000000000000 ) ) ;
#10394 = ORIENTED_EDGE ( 'NONE', *, *, #3280, .F. ) ;
#10395 = AXIS2_PLACEMENT_3D ( 'NONE', #7087, #7155, #10293 ) ;
#10396 = DIRECTION ( 'NONE',  ( 1.000000000000000000, 0.000000000000000000, 0.000000000000000000 ) ) ;
#10397 = ORIENTED_EDGE ( 'NONE', *, *, #3321, .T. ) ;
#10398 = ORIENTED_EDGE ( 'NONE', *, *, #5091, .T. ) ;
#10399 = CARTESIAN_POINT ( 'NONE',  ( 90.50672948317448174, 98.95013237564819519, 10.00000000000000000 ) ) ;
#10400 = EDGE_CURVE ( 'NONE', #3181, #11602, #1852, .T. ) ;
#10401 = CIRCLE ( 'NONE', #4496, 1.900000000000012790 ) ;
#10402 = CARTESIAN_POINT ( 'NONE',  ( 174.2376398314652590, 22.29570046879387135, 10.00000000000000000 ) ) ;
#10403 = DIRECTION ( 'NONE',  ( 0.000000000000000000, 0.000000000000000000, -1.000000000000000000 ) ) ;
#10404 = AXIS2_PLACEMENT_3D ( 'NONE', #10585, #6679, #217 ) ;
#10405 = ORIENTED_EDGE ( 'NONE', *, *, #7776, .T. ) ;
#10406 = EDGE_CURVE ( 'NONE', #3493, #12798, #7364, .T. ) ;
#10407 = EDGE_CURVE ( 'NONE', #2681, #4985, #1286, .T. ) ;
#10408 = VERTEX_POINT ( 'NONE', #9417 ) ;
#10409 = DIRECTION ( 'NONE',  ( -0.000000000000000000, 0.000000000000000000, 1.000000000000000000 ) ) ;
#10410 = CARTESIAN_POINT ( 'NONE',  ( 172.7127247140765007, 133.7887398999099275, 10.00000000000000000 ) ) ;
#10411 = CARTESIAN_POINT ( 'NONE',  ( 127.8752465877439306, 54.88588100076002974, 10.40000000000000213 ) ) ;
#10412 = LINE ( 'NONE', #11638, #13222 ) ;
#10413 = ORIENTED_EDGE ( 'NONE', *, *, #453, .F. ) ;
#10414 = CYLINDRICAL_SURFACE ( 'NONE', #4010, 1.750000000000001554 ) ;
#10415 = CIRCLE ( 'NONE', #2578, 5.099999999999993427 ) ;
#10416 = FACE_OUTER_BOUND ( 'NONE', #11350, .T. ) ;
#10417 = ORIENTED_EDGE ( 'NONE', *, *, #12363, .T. ) ;
#10418 = CIRCLE ( 'NONE', #7154, 1.750000000000001554 ) ;
#10419 = CARTESIAN_POINT ( 'NONE',  ( 128.9962509126547729, 7.991974365494981747, 0.000000000000000000 ) ) ;
#10420 = VERTEX_POINT ( 'NONE', #8385 ) ;
#10421 = AXIS2_PLACEMENT_3D ( 'NONE', #5415, #6431, #7758 ) ;
#10422 = EDGE_CURVE ( 'NONE', #6519, #7919, #11532, .T. ) ;
#10423 = CARTESIAN_POINT ( 'NONE',  ( 30.40638245624894509, 28.60989453229144885, 4.400000000000001243 ) ) ;
#10424 = CARTESIAN_POINT ( 'NONE',  ( 174.1289209303734538, 127.8366314614928285, 8.800000000000000711 ) ) ;
#10425 = VERTEX_POINT ( 'NONE', #254 ) ;
#10426 = AXIS2_PLACEMENT_3D ( 'NONE', #6491, #1138, #6228 ) ;
#10427 = EDGE_CURVE ( 'NONE', #3041, #6941, #8257, .T. ) ;
#10428 = DIRECTION ( 'NONE',  ( -0.000000000000000000, 0.000000000000000000, 1.000000000000000000 ) ) ;
#10429 = DIRECTION ( 'NONE',  ( -1.000000000000000000, 0.000000000000000000, 0.000000000000000000 ) ) ;
#10430 = AXIS2_PLACEMENT_3D ( 'NONE', #1917, #3017, #6058 ) ;
#10431 = CARTESIAN_POINT ( 'NONE',  ( 187.0936175437515487, 62.55093561087003451, 8.800000000000000711 ) ) ;
#10432 = EDGE_LOOP ( 'NONE', ( #9529, #5510, #10753, #7332 ) ) ;
#10433 = DIRECTION ( 'NONE',  ( -0.000000000000000000, -0.000000000000000000, -1.000000000000000000 ) ) ;
#10434 = LINE ( 'NONE', #4329, #1019 ) ;
#10435 = EDGE_LOOP ( 'NONE', ( #4420, #9751 ) ) ;
#10436 = DIRECTION ( 'NONE',  ( 1.000000000000000000, 0.000000000000000000, 0.000000000000000000 ) ) ;
#10437 = FACE_OUTER_BOUND ( 'NONE', #6227, .T. ) ;
#10438 = ADVANCED_FACE ( 'NONE', ( #2169 ), #6302, .F. ) ;
#10439 = ORIENTED_EDGE ( 'NONE', *, *, #9327, .T. ) ;
#10440 = DIRECTION ( 'NONE',  ( -0.000000000000000000, -0.000000000000000000, -1.000000000000000000 ) ) ;
#10441 = ADVANCED_FACE ( 'NONE', ( #7223 ), #11395, .F. ) ;
#10442 = VECTOR ( 'NONE', #2260, 1000.000000000000000 ) ;
#10443 = DIRECTION ( 'NONE',  ( 1.000000000000000000, 0.000000000000000000, 0.000000000000000000 ) ) ;
#10444 = ORIENTED_EDGE ( 'NONE', *, *, #130, .F. ) ;
#10445 = LINE ( 'NONE', #11675, #1621 ) ;
#10446 = CARTESIAN_POINT ( 'NONE',  ( 42.86730598147647697, 91.97633033906204503, 10.00000000000000000 ) ) ;
#10447 = CARTESIAN_POINT ( 'NONE',  ( 41.34872167775268537, 43.25077559055805665, 10.40000000000000213 ) ) ;
#10448 = DIRECTION ( 'NONE',  ( -1.000000000000000000, 0.000000000000000000, 0.000000000000000000 ) ) ;
#10449 = DIRECTION ( 'NONE',  ( -1.000000000000000000, 0.000000000000000000, -0.000000000000000000 ) ) ;
#10450 = ORIENTED_EDGE ( 'NONE', *, *, #6158, .T. ) ;
#10451 = FACE_BOUND ( 'NONE', #7517, .T. ) ;
#10452 = VERTEX_POINT ( 'NONE', #10694 ) ;
#10453 = AXIS2_PLACEMENT_3D ( 'NONE', #9926, #7734, #8833 ) ;
#10454 = EDGE_LOOP ( 'NONE', ( #5348, #9260 ) ) ;
#10455 = EDGE_CURVE ( 'NONE', #10958, #9376, #12984, .T. ) ;
#10456 = ORIENTED_EDGE ( 'NONE', *, *, #11445, .F. ) ;
#10457 = LINE ( 'NONE', #11693, #13297 ) ;
#10458 = CARTESIAN_POINT ( 'NONE',  ( 43.36403200266500590, 45.55398713153164891, 10.00000000000000000 ) ) ;
#10459 = ORIENTED_EDGE ( 'NONE', *, *, #6222, .F. ) ;
#10460 = CARTESIAN_POINT ( 'NONE',  ( 175.7983587449205913, 62.55093561087003451, 10.40000000000000213 ) ) ;
#10461 = ORIENTED_EDGE ( 'NONE', *, *, #677, .F. ) ;
#10462 = VERTEX_POINT ( 'NONE', #3518 ) ;
#10463 = ADVANCED_FACE ( 'NONE', ( #1488 ), #6571, .F. ) ;
#10464 = PLANE ( 'NONE',  #1740 ) ;
#10465 = VECTOR ( 'NONE', #6670, 1000.000000000000000 ) ;
#10466 = DIRECTION ( 'NONE',  ( 0.7071067811865474617, 0.7071067811865474617, 0.000000000000000000 ) ) ;
#10467 = CYLINDRICAL_SURFACE ( 'NONE', #7737, 8.649999999999963052 ) ;
#10468 = EDGE_LOOP ( 'NONE', ( #6096, #8126, #1985, #5953, #11700, #109 ) ) ;
#10469 = ORIENTED_EDGE ( 'NONE', *, *, #5126, .T. ) ;
#10470 = DIRECTION ( 'NONE',  ( -0.000000000000000000, -0.000000000000000000, -1.000000000000000000 ) ) ;
#10471 = DIRECTION ( 'NONE',  ( -1.000000000000000000, 0.000000000000000000, 0.000000000000000000 ) ) ;
#10472 = DIRECTION ( 'NONE',  ( -0.000000000000000000, 0.000000000000000000, 1.000000000000000000 ) ) ;
#10473 = DIRECTION ( 'NONE',  ( -1.000000000000000000, 0.000000000000000000, 0.000000000000000000 ) ) ;
#10474 = ORIENTED_EDGE ( 'NONE', *, *, #12925, .F. ) ;
#10475 = EDGE_CURVE ( 'NONE', #2947, #3180, #4593, .T. ) ;
#10476 = CIRCLE ( 'NONE', #4570, 1.499999999999999556 ) ;
#10477 = DIRECTION ( 'NONE',  ( 1.000000000000000000, 0.000000000000000000, 0.000000000000000000 ) ) ;
#10478 = CARTESIAN_POINT ( 'NONE',  ( 174.0080570121712356, 16.27847294537255252, 10.00000000000000000 ) ) ;
#10479 = ORIENTED_EDGE ( 'NONE', *, *, #573, .T. ) ;
#10480 = CARTESIAN_POINT ( 'NONE',  ( 81.00482823265210186, 129.5324077978120840, 8.800000000000000711 ) ) ;
#10481 = ORIENTED_EDGE ( 'NONE', *, *, #7434, .T. ) ;
#10482 = EDGE_CURVE ( 'NONE', #3842, #12798, #4669, .T. ) ;
#10483 = EDGE_CURVE ( 'NONE', #4565, #6149, #2072, .T. ) ;
#10484 = ADVANCED_FACE ( 'NONE', ( #3657 ), #1345, .F. ) ;
#10485 = DIRECTION ( 'NONE',  ( 0.000000000000000000, -0.000000000000000000, -1.000000000000000000 ) ) ;
#10486 = ORIENTED_EDGE ( 'NONE', *, *, #49, .T. ) ;
#10487 = DIRECTION ( 'NONE',  ( -0.000000000000000000, -0.000000000000000000, -1.000000000000000000 ) ) ;
#10488 = LINE ( 'NONE', #4191, #8989 ) ;
#10489 = DIRECTION ( 'NONE',  ( -1.000000000000000000, 0.000000000000000000, 0.000000000000000000 ) ) ;
#10490 = ORIENTED_EDGE ( 'NONE', *, *, #3573, .F. ) ;
#10491 = ADVANCED_FACE ( 'NONE', ( #1617 ), #8724, .F. ) ;
#10492 = DIRECTION ( 'NONE',  ( -0.7071067811865441310, 0.000000000000000000, 0.7071067811865507924 ) ) ;
#10493 = FACE_OUTER_BOUND ( 'NONE', #10060, .T. ) ;
#10494 = VERTEX_POINT ( 'NONE', #5759 ) ;
#10495 = CIRCLE ( 'NONE', #12268, 1.750000000000029310 ) ;
#10496 = CARTESIAN_POINT ( 'NONE',  ( 10.00000000000000711, 120.3048945322916978, 10.00000000000000000 ) ) ;
#10497 = VECTOR ( 'NONE', #256, 1000.000000000000114 ) ;
#10498 = EDGE_CURVE ( 'NONE', #12397, #4778, #1432, .T. ) ;
#10499 = EDGE_CURVE ( 'NONE', #13281, #8386, #995, .T. ) ;
#10500 = VERTEX_POINT ( 'NONE', #2515 ) ;
#10501 = CYLINDRICAL_SURFACE ( 'NONE', #11859, 1.750000000000001554 ) ;
#10502 = CIRCLE ( 'NONE', #12490, 1.750000000000001554 ) ;
#10503 = ORIENTED_EDGE ( 'NONE', *, *, #13118, .T. ) ;
#10504 = LINE ( 'NONE', #7576, #7940 ) ;
#10505 = CARTESIAN_POINT ( 'NONE',  ( 200.3288390266748706, 82.80500000000019156, 4.400000000000001243 ) ) ;
#10506 = DIRECTION ( 'NONE',  ( -0.000000000000000000, -0.000000000000000000, -1.000000000000000000 ) ) ;
#10507 = EDGE_CURVE ( 'NONE', #11858, #10462, #11730, .T. ) ;
#10508 = EDGE_CURVE ( 'NONE', #11319, #7926, #2647, .T. ) ;
#10509 = DIRECTION ( 'NONE',  ( 1.000000000000000000, 0.000000000000000000, 0.000000000000000000 ) ) ;
#10510 = ORIENTED_EDGE ( 'NONE', *, *, #2604, .F. ) ;
#10511 = CARTESIAN_POINT ( 'NONE',  ( 207.5000000000004547, 0.000000000000000000, 0.000000000000000000 ) ) ;
#10512 = VERTEX_POINT ( 'NONE', #4386 ) ;
#10513 = AXIS2_PLACEMENT_3D ( 'NONE', #3183, #8301, #2920 ) ;
#10514 = ORIENTED_EDGE ( 'NONE', *, *, #92, .T. ) ;
#10515 = DIRECTION ( 'NONE',  ( 0.7071039827808559552, -0.7071095795811642715, 0.000000000000000000 ) ) ;
#10516 = EDGE_LOOP ( 'NONE', ( #153, #6085 ) ) ;
#10517 = CARTESIAN_POINT ( 'NONE',  ( 170.9627247140764723, 133.7887398999099275, 0.000000000000000000 ) ) ;
#10518 = VECTOR ( 'NONE', #3438, 1000.000000000000000 ) ;
#10519 = CYLINDRICAL_SURFACE ( 'NONE', #6060, 1.750000000000001554 ) ;
#10520 = DIRECTION ( 'NONE',  ( -1.000000000000000000, 0.000000000000000000, 0.000000000000000000 ) ) ;
#10521 = EDGE_CURVE ( 'NONE', #3836, #10319, #6633, .T. ) ;
#10522 = ORIENTED_EDGE ( 'NONE', *, *, #6816, .F. ) ;
#10523 = VERTEX_POINT ( 'NONE', #7557 ) ;
#10524 = CARTESIAN_POINT ( 'NONE',  ( 174.7485405866029851, 14.69285506076201742, 8.800000000000000711 ) ) ;
#10525 = VERTEX_POINT ( 'NONE', #4460 ) ;
#10526 = ORIENTED_EDGE ( 'NONE', *, *, #10583, .T. ) ;
#10527 = AXIS2_PLACEMENT_3D ( 'NONE', #2523, #3399, #11811 ) ;
#10528 = CYLINDRICAL_SURFACE ( 'NONE', #7621, 1.750000000000001554 ) ;
#10529 = AXIS2_PLACEMENT_3D ( 'NONE', #2450, #7842, #9888 ) ;
#10530 = DIRECTION ( 'NONE',  ( -0.000000000000000000, 0.000000000000000000, 1.000000000000000000 ) ) ;
#10531 = CARTESIAN_POINT ( 'NONE',  ( 90.65321194845041930, 86.83428515614535570, 0.000000000000000000 ) ) ;
#10532 = ORIENTED_EDGE ( 'NONE', *, *, #11931, .T. ) ;
#10533 = AXIS2_PLACEMENT_3D ( 'NONE', #4892, #8120, #1839 ) ;
#10534 = ORIENTED_EDGE ( 'NONE', *, *, #11125, .T. ) ;
#10535 = CARTESIAN_POINT ( 'NONE',  ( 41.89847560493171841, 83.05906438913005729, 9.400000000000000355 ) ) ;
#10536 = PLANE ( 'NONE',  #1366 ) ;
#10538 = ADVANCED_FACE ( 'NONE', ( #6649 ), #527, .F. ) ;
#10537 = B_SPLINE_CURVE_WITH_KNOTS ( 'NONE', 3,
 ( #4437, #5269, #6343, #8632, #4174, #3436 ),
 .UNSPECIFIED., .F., .F.,
 ( 4, 2, 4 ),
 ( 0.002402958319207211188, 0.003600523143040711225, 0.004798087966874211262 ),
 .UNSPECIFIED. ) ;
#10539 = CIRCLE ( 'NONE', #5507, 8.649999999999963052 ) ;
#10540 = CIRCLE ( 'NONE', #1174, 1.900000000000012790 ) ;
#10541 = FACE_OUTER_BOUND ( 'NONE', #5414, .T. ) ;
#10542 = VERTEX_POINT ( 'NONE', #1551 ) ;
#10543 = CARTESIAN_POINT ( 'NONE',  ( 33.40638245624897706, 60.70033362966805157, 10.40000000000000213 ) ) ;
#10544 = FACE_OUTER_BOUND ( 'NONE', #959, .T. ) ;
#10545 = ORIENTED_EDGE ( 'NONE', *, *, #6012, .T. ) ;
#10546 = DIRECTION ( 'NONE',  ( -0.000000000000000000, 0.000000000000000000, 1.000000000000000000 ) ) ;
#10547 = ORIENTED_EDGE ( 'NONE', *, *, #7654, .T. ) ;
#10548 = CARTESIAN_POINT ( 'NONE',  ( 190.9588390266749798, 123.7179551689040693, 10.40000000000000213 ) ) ;
#10549 = VECTOR ( 'NONE', #9762, 1000.000000000000000 ) ;
#10550 = VECTOR ( 'NONE', #3533, 1000.000000000000000 ) ;
#10551 = AXIS2_PLACEMENT_3D ( 'NONE', #9794, #3562, #370 ) ;
#10552 = DIRECTION ( 'NONE',  ( 1.000000000000000000, 0.000000000000000000, 0.000000000000000000 ) ) ;
#10553 = EDGE_LOOP ( 'NONE', ( #717, #11380, #11329, #9607 ) ) ;
#10554 = CARTESIAN_POINT ( 'NONE',  ( 138.6244221264163912, 42.67048316991452594, 10.00000000000000000 ) ) ;
#10555 = CARTESIAN_POINT ( 'NONE',  ( 174.5673879116660885, 87.21061876881715591, 0.000000000000000000 ) ) ;
#10556 = EDGE_CURVE ( 'NONE', #2811, #11484, #9877, .T. ) ;
#10557 = TOROIDAL_SURFACE ( 'NONE', #3579, 5.099999999999995204, 1.500000000000000000 ) ;
#10558 = AXIS2_PLACEMENT_3D ( 'NONE', #12498, #10433, #125 ) ;
#10559 = CARTESIAN_POINT ( 'NONE',  ( 43.36403200266500590, 16.77682456503958619, 10.00000000000000000 ) ) ;
#10560 = ORIENTED_EDGE ( 'NONE', *, *, #2250, .F. ) ;
#10561 = FACE_OUTER_BOUND ( 'NONE', #11269, .T. ) ;
#10562 = AXIS2_PLACEMENT_3D ( 'NONE', #9448, #8347, #1247 ) ;
#10563 = CARTESIAN_POINT ( 'NONE',  ( 20.17116097332560898, 82.80500000000016314, -55.14129099142832047 ) ) ;
#10564 = ORIENTED_EDGE ( 'NONE', *, *, #11678, .T. ) ;
#10565 = CARTESIAN_POINT ( 'NONE',  ( 136.5408573292053234, 16.07759220218804330, 10.40000000000000213 ) ) ;
#10566 = DIRECTION ( 'NONE',  ( 0.000000000000000000, 0.000000000000000000, 1.000000000000000000 ) ) ;
#10567 = CARTESIAN_POINT ( 'NONE',  ( 172.7127247140765007, 138.8970351559032963, 10.00000000000000000 ) ) ;
#10568 = CARTESIAN_POINT ( 'NONE',  ( 44.38963011071806619, 91.11317957266672352, 10.00000000000000000 ) ) ;
#10569 = VECTOR ( 'NONE', #9141, 1000.000000000000000 ) ;
#10570 = CIRCLE ( 'NONE', #13215, 1.750000000000001554 ) ;
#10571 = EDGE_CURVE ( 'NONE', #58, #7679, #11671, .T. ) ;
#10572 = ORIENTED_EDGE ( 'NONE', *, *, #8010, .T. ) ;
#10573 = EDGE_CURVE ( 'NONE', #3068, #7634, #2738, .T. ) ;
#10574 = FACE_OUTER_BOUND ( 'NONE', #11064, .T. ) ;
#10575 = CARTESIAN_POINT ( 'NONE',  ( 174.7485405866029851, 58.64993458377050217, 10.00000000000000000 ) ) ;
#10576 = DIRECTION ( 'NONE',  ( 0.7071039827808556222, -0.7071095795811647156, -0.000000000000000000 ) ) ;
#10577 = AXIS2_PLACEMENT_3D ( 'NONE', #12993, #3609, #13128 ) ;
#10578 = DIRECTION ( 'NONE',  ( -0.000000000000000000, 0.000000000000000000, 1.000000000000000000 ) ) ;
#10579 = ORIENTED_EDGE ( 'NONE', *, *, #11413, .F. ) ;
#10580 = CARTESIAN_POINT ( 'NONE',  ( 172.7127247140765007, 133.7887398999099275, 10.00000000000000000 ) ) ;
#10581 = VERTEX_POINT ( 'NONE', #3982 ) ;
#10582 = VERTEX_POINT ( 'NONE', #13243 ) ;
#10583 = EDGE_CURVE ( 'NONE', #275, #655, #100, .T. ) ;
#10584 = AXIS2_PLACEMENT_3D ( 'NONE', #4822, #5027, #7226 ) ;
#10585 = CARTESIAN_POINT ( 'NONE',  ( 81.05166045703634836, 13.10754140209606078, 9.400000000000034106 ) ) ;
#10586 = EDGE_LOOP ( 'NONE', ( #3286, #3459, #9653, #10883 ) ) ;
#10587 = AXIS2_PLACEMENT_3D ( 'NONE', #5038, #5, #12384 ) ;
#10588 = DIRECTION ( 'NONE',  ( 1.000000000000000000, 0.000000000000000000, 0.000000000000000000 ) ) ;
#10589 = CARTESIAN_POINT ( 'NONE',  ( 170.7376398314652590, 22.29570046879387135, 10.00000000000000000 ) ) ;
#10590 = ORIENTED_EDGE ( 'NONE', *, *, #8592, .T. ) ;
#10591 = ORIENTED_EDGE ( 'NONE', *, *, #8575, .T. ) ;
#10592 = DIRECTION ( 'NONE',  ( -0.000000000000000000, 0.000000000000000000, 1.000000000000000000 ) ) ;
#10593 = AXIS2_PLACEMENT_3D ( 'NONE', #7412, #5152, #1271 ) ;
#10594 = ORIENTED_EDGE ( 'NONE', *, *, #6792, .T. ) ;
#10595 = ORIENTED_EDGE ( 'NONE', *, *, #4906, .F. ) ;
#10596 = CIRCLE ( 'NONE', #1888, 1.750000000000001554 ) ;
#10597 = CYLINDRICAL_SURFACE ( 'NONE', #12415, 1.900000000000012790 ) ;
#10598 = DIRECTION ( 'NONE',  ( -0.000000000000000000, 0.000000000000000000, 1.000000000000000000 ) ) ;
#10599 = EDGE_CURVE ( 'NONE', #13266, #4805, #6399, .T. ) ;
#10600 = EDGE_CURVE ( 'NONE', #2628, #2012, #4738, .T. ) ;
#10601 = CARTESIAN_POINT ( 'NONE',  ( 81.00482823265210186, 129.5324077978120840, 10.40000000000000213 ) ) ;
#10602 = ORIENTED_EDGE ( 'NONE', *, *, #9175, .T. ) ;
#10603 = AXIS2_PLACEMENT_3D ( 'NONE', #7276, #11448, #2088 ) ;
#10604 = ORIENTED_EDGE ( 'NONE', *, *, #1087, .T. ) ;
#10605 = DIRECTION ( 'NONE',  ( -0.8164960423742970708, 1.615656012491757831E-06, 0.5773510308161746707 ) ) ;
#10606 = DIRECTION ( 'NONE',  ( 1.000000000000000000, 0.000000000000000000, 0.000000000000000000 ) ) ;
#10607 = CARTESIAN_POINT ( 'NONE',  ( 207.5000000000004547, 120.3050000000001489, 0.000000000000000000 ) ) ;
#10608 = DIRECTION ( 'NONE',  ( -0.000000000000000000, -0.000000000000000000, -1.000000000000000000 ) ) ;
#10609 = ORIENTED_EDGE ( 'NONE', *, *, #12454, .T. ) ;
#10610 = CARTESIAN_POINT ( 'NONE',  ( 197.3288390266748991, 79.80500000000019156, 4.400000000000001243 ) ) ;
#10611 = CARTESIAN_POINT ( 'NONE',  ( -9.663828504663907637, 9.663828504663907637, 10.40000000000000213 ) ) ;
#10612 = ORIENTED_EDGE ( 'NONE', *, *, #9661, .T. ) ;
#10613 = DIRECTION ( 'NONE',  ( -0.2810846377148239483, 0.6785983445458556584, 0.6785983445458368957 ) ) ;
#10614 = VERTEX_POINT ( 'NONE', #5831 ) ;
#10615 = CARTESIAN_POINT ( 'NONE',  ( 140.4492919255787058, 3.846501363067972523, 10.00000000000000000 ) ) ;
#10616 = AXIS2_PLACEMENT_3D ( 'NONE', #2158, #2289, #12486 ) ;
#10617 = ADVANCED_FACE ( 'NONE', ( #7964 ), #7070, .F. ) ;
#10618 = CIRCLE ( 'NONE', #1041, 1.750000000000001554 ) ;
#10619 = FACE_OUTER_BOUND ( 'NONE', #1218, .T. ) ;
#10620 = EDGE_LOOP ( 'NONE', ( #7227, #6289, #1381, #3936 ) ) ;
#10621 = LINE ( 'NONE', #12896, #8465 ) ;
#10622 = CARTESIAN_POINT ( 'NONE',  ( 41.11730598147647697, 48.02469477777533058, 0.000000000000000000 ) ) ;
#10623 = DIRECTION ( 'NONE',  ( 1.000000000000000000, 0.000000000000000000, 0.000000000000000000 ) ) ;
#10624 = CIRCLE ( 'NONE', #9330, 1.900000000000012790 ) ;
#10625 = CARTESIAN_POINT ( 'NONE',  ( 190.9588390266749514, 84.90966637033203313, 10.40000000000000213 ) ) ;
#10626 = EDGE_LOOP ( 'NONE', ( #6597, #4418, #8515, #7711 ) ) ;
#10627 = AXIS2_PLACEMENT_3D ( 'NONE', #7855, #9094, #6876 ) ;
#10628 = FACE_OUTER_BOUND ( 'NONE', #11725, .T. ) ;
#10629 = CIRCLE ( 'NONE', #3862, 1.899999999999985034 ) ;
#10630 = CARTESIAN_POINT ( 'NONE',  ( 164.0836472406292046, 113.0584177718505430, 10.40000000000000213 ) ) ;
#10631 = ORIENTED_EDGE ( 'NONE', *, *, #13288, .T. ) ;
#10632 = CARTESIAN_POINT ( 'NONE',  ( 42.85258495182370098, 131.3036457082470179, 0.000000000000000000 ) ) ;
#10633 = CYLINDRICAL_SURFACE ( 'NONE', #3867, 1.899999999999999023 ) ;
#10634 = DIRECTION ( 'NONE',  ( 1.000000000000000000, 0.000000000000000000, 0.000000000000000000 ) ) ;
#10635 = CARTESIAN_POINT ( 'NONE',  ( 17.00000000000000000, 153.0000000000004547, 0.000000000000000000 ) ) ;
#10636 = EDGE_CURVE ( 'NONE', #12789, #331, #1203, .T. ) ;
#10637 = VECTOR ( 'NONE', #9547, 1000.000000000000000 ) ;
#10638 = VERTEX_POINT ( 'NONE', #11175 ) ;
#10639 = DIRECTION ( 'NONE',  ( 1.000000000000000000, 0.000000000000000000, 0.000000000000000000 ) ) ;
#10640 = DIRECTION ( 'NONE',  ( -0.000000000000000000, -0.000000000000000000, -1.000000000000000000 ) ) ;
#10641 = CARTESIAN_POINT ( 'NONE',  ( 197.3288390266748991, 31.60989453229150214, 0.000000000000000000 ) ) ;
#10642 = VECTOR ( 'NONE', #1829, 1000.000000000000000 ) ;
#10643 = CARTESIAN_POINT ( 'NONE',  ( 175.7431846376827025, 124.7179551689040551, 9.399999999999995026 ) ) ;
#10644 = ORIENTED_EDGE ( 'NONE', *, *, #10743, .T. ) ;
#10645 = ADVANCED_FACE ( 'NONE', ( #11038 ), #6094, .F. ) ;
#10646 = CYLINDRICAL_SURFACE ( 'NONE', #1109, 1.899999999999985034 ) ;
#10647 = CIRCLE ( 'NONE', #9575, 1.750000000000001554 ) ;
#10648 = ORIENTED_EDGE ( 'NONE', *, *, #6368, .T. ) ;
#10649 = ORIENTED_EDGE ( 'NONE', *, *, #2527, .T. ) ;
#10650 = EDGE_CURVE ( 'NONE', #9790, #5260, #6929, .T. ) ;
#10651 = ADVANCED_FACE ( 'NONE', ( #11317 ), #8934, .F. ) ;
#10652 = VECTOR ( 'NONE', #11764, 1000.000000000000000 ) ;
#10653 = LINE ( 'NONE', #1308, #5377 ) ;
#10654 = ORIENTED_EDGE ( 'NONE', *, *, #9268, .T. ) ;
#10655 = CARTESIAN_POINT ( 'NONE',  ( 45.11403200266500590, 94.46799953652343618, 10.00000000000000000 ) ) ;
#10656 = CYLINDRICAL_SURFACE ( 'NONE', #12131, 1.900000000000012790 ) ;
#10657 = CARTESIAN_POINT ( 'NONE',  ( 174.7379805785753035, 126.1960381709627512, 10.00000000000000000 ) ) ;
#10658 = ORIENTED_EDGE ( 'NONE', *, *, #905, .T. ) ;
#10659 = ORIENTED_EDGE ( 'NONE', *, *, #5671, .T. ) ;
#10660 = EDGE_CURVE ( 'NONE', #12895, #6856, #11900, .T. ) ;
#10661 = VECTOR ( 'NONE', #4427, 1000.000000000000000 ) ;
#10662 = LINE ( 'NONE', #1315, #2846 ) ;
#10663 = CARTESIAN_POINT ( 'NONE',  ( 20.17116097332560898, 82.80500000000016314, -55.14129099142832047 ) ) ;
#10664 = ORIENTED_EDGE ( 'NONE', *, *, #513, .F. ) ;
#10665 = ORIENTED_EDGE ( 'NONE', *, *, #3619, .F. ) ;
#10666 = CARTESIAN_POINT ( 'NONE',  ( 164.0992579820906201, 74.25012897327849259, 9.399999999999984368 ) ) ;
#10667 = EDGE_CURVE ( 'NONE', #3410, #7996, #10793, .T. ) ;
#10668 = DIRECTION ( 'NONE',  ( 1.000000000000000000, 0.000000000000000000, 0.000000000000000000 ) ) ;
#10669 = EDGE_CURVE ( 'NONE', #10298, #8710, #11457, .T. ) ;
#10670 = FACE_OUTER_BOUND ( 'NONE', #914, .T. ) ;
#10671 = FACE_OUTER_BOUND ( 'NONE', #12932, .T. ) ;
#10672 = VECTOR ( 'NONE', #422, 1000.000000000000000 ) ;
#10673 = ORIENTED_EDGE ( 'NONE', *, *, #4279, .T. ) ;
#10674 = ORIENTED_EDGE ( 'NONE', *, *, #11706, .F. ) ;
#10675 = DIRECTION ( 'NONE',  ( 1.000000000000000000, 0.000000000000000000, 0.000000000000000000 ) ) ;
#10676 = LINE ( 'NONE', #5460, #7968 ) ;
#10677 = DIRECTION ( 'NONE',  ( -0.000000000000000000, -0.000000000000000000, -1.000000000000000000 ) ) ;
#10678 = DIRECTION ( 'NONE',  ( -0.000000000000000000, -0.000000000000000000, -1.000000000000000000 ) ) ;
#10679 = EDGE_LOOP ( 'NONE', ( #7444, #11306 ) ) ;
#10680 = EDGE_CURVE ( 'NONE', #11613, #9898, #8174, .T. ) ;
#10681 = ADVANCED_FACE ( 'NONE', ( #2784 ), #4947, .F. ) ;
#10682 = CARTESIAN_POINT ( 'NONE',  ( 198.3288390266748706, -5.192077597143886614, 10.00000000000000000 ) ) ;
#10683 = ORIENTED_EDGE ( 'NONE', *, *, #10839, .F. ) ;
#10684 = CIRCLE ( 'NONE', #12889, 1.900000000000012790 ) ;
#10685 = FACE_OUTER_BOUND ( 'NONE', #9110, .T. ) ;
#10686 = ORIENTED_EDGE ( 'NONE', *, *, #12926, .F. ) ;
#10687 = CARTESIAN_POINT ( 'NONE',  ( 26.54116097332609314, 3.942129860926454862E-15, 10.40000000000000213 ) ) ;
#10688 = DIRECTION ( 'NONE',  ( 1.000000000000000000, 0.000000000000000000, 0.000000000000000000 ) ) ;
#10689 = ORIENTED_EDGE ( 'NONE', *, *, #9020, .F. ) ;
#10690 = CARTESIAN_POINT ( 'NONE',  ( 140.5244221264164253, 42.67048316991452594, 10.00000000000000000 ) ) ;
#10691 = CARTESIAN_POINT ( 'NONE',  ( 90.50672948317448174, 137.9047134621627038, 10.00000000000000000 ) ) ;
#10692 = CARTESIAN_POINT ( 'NONE',  ( 172.4876398314652590, 22.29570046879387135, 8.800000000000000711 ) ) ;
#10693 = DIRECTION ( 'NONE',  ( -0.000000000000000000, -0.000000000000000000, -1.000000000000000000 ) ) ;
#10694 = CARTESIAN_POINT ( 'NONE',  ( 71.25833726339713792, 95.27330718339189275, 0.000000000000000000 ) ) ;
#10695 = ORIENTED_EDGE ( 'NONE', *, *, #12910, .F. ) ;
#10696 = CARTESIAN_POINT ( 'NONE',  ( 197.3288390266748991, -4.192077597143913259, 8.800000000000000711 ) ) ;
#10697 = EDGE_CURVE ( 'NONE', #8004, #2780, #2856, .T. ) ;
#10698 = LINE ( 'NONE', #1495, #11046 ) ;
#10699 = ORIENTED_EDGE ( 'NONE', *, *, #8278, .F. ) ;
#10700 = CARTESIAN_POINT ( 'NONE',  ( 85.00734701375183988, 39.62327421210908085, 10.00000000000000000 ) ) ;
#10701 = CARTESIAN_POINT ( 'NONE',  ( 53.43081683830543227, 110.1681598252935999, 10.40000000000000213 ) ) ;
#10702 = DIRECTION ( 'NONE',  ( -0.000000000000000000, 0.000000000000000000, 1.000000000000000000 ) ) ;
#10703 = LINE ( 'NONE', #11877, #956 ) ;
#10704 = CARTESIAN_POINT ( 'NONE',  ( 90.69275623606895920, 8.774332390532082471, 8.800000000000000711 ) ) ;
#10705 = ORIENTED_EDGE ( 'NONE', *, *, #9151, .T. ) ;
#10706 = DIRECTION ( 'NONE',  ( -0.000000000000000000, -0.000000000000000000, -1.000000000000000000 ) ) ;
#10707 = CARTESIAN_POINT ( 'NONE',  ( 205.0000000000005684, 158.3619026473821521, 0.000000000000000000 ) ) ;
#10708 = CARTESIAN_POINT ( 'NONE',  ( 148.3597551873219231, 128.5517170524556718, 0.000000000000000000 ) ) ;
#10709 = EDGE_CURVE ( 'NONE', #12958, #6559, #1822, .T. ) ;
#10710 = DIRECTION ( 'NONE',  ( -0.000000000000000000, -0.000000000000000000, -1.000000000000000000 ) ) ;
#10711 = ORIENTED_EDGE ( 'NONE', *, *, #5244, .T. ) ;
#10712 = FACE_BOUND ( 'NONE', #7965, .T. ) ;
#10713 = ORIENTED_EDGE ( 'NONE', *, *, #1562, .F. ) ;
#10714 = EDGE_LOOP ( 'NONE', ( #8851, #3790 ) ) ;
#10715 = FACE_OUTER_BOUND ( 'NONE', #7244, .T. ) ;
#10716 = CIRCLE ( 'NONE', #4817, 8.649999999999963052 ) ;
#10717 = CARTESIAN_POINT ( 'NONE',  ( 173.3217843622783505, 127.2240888880707388, 0.000000000000000000 ) ) ;
#10718 = EDGE_CURVE ( 'NONE', #2635, #1752, #4017, .T. ) ;
#10719 = ORIENTED_EDGE ( 'NONE', *, *, #10289, .F. ) ;
#10720 = DIRECTION ( 'NONE',  ( -0.000000000000000000, -0.000000000000000000, -1.000000000000000000 ) ) ;
#10721 = CARTESIAN_POINT ( 'NONE',  ( 172.9985405866029851, 53.53183226581801790, 10.00000000000000000 ) ) ;
#10722 = FACE_OUTER_BOUND ( 'NONE', #11632, .T. ) ;
#10723 = EDGE_CURVE ( 'NONE', #9398, #10964, #3600, .T. ) ;
#10724 = VERTEX_POINT ( 'NONE', #3254 ) ;
#10725 = EDGE_CURVE ( 'NONE', #4720, #3855, #9285, .T. ) ;
#10726 = VECTOR ( 'NONE', #1887, 1000.000000000000000 ) ;
#10727 = EDGE_LOOP ( 'NONE', ( #12061, #2699 ) ) ;
#10728 = DIRECTION ( 'NONE',  ( 0.000000000000000000, -0.000000000000000000, -1.000000000000000000 ) ) ;
#10729 = LINE ( 'NONE', #11832, #13480 ) ;
#10730 = ORIENTED_EDGE ( 'NONE', *, *, #1509, .T. ) ;
#10731 = ORIENTED_EDGE ( 'NONE', *, *, #8105, .F. ) ;
#10732 = DIRECTION ( 'NONE',  ( -0.7071039827808559552, 0.7071095795811642715, 0.000000000000000000 ) ) ;
#10733 = LINE ( 'NONE', #8555, #2598 ) ;
#10734 = VECTOR ( 'NONE', #11021, 1000.000000000000000 ) ;
#10735 = CARTESIAN_POINT ( 'NONE',  ( 10.00000000000000711, 129.3050000000002058, 0.000000000000000000 ) ) ;
#10736 = EDGE_CURVE ( 'NONE', #2170, #13327, #10412, .T. ) ;
#10737 = ORIENTED_EDGE ( 'NONE', *, *, #10718, .T. ) ;
#10738 = ORIENTED_EDGE ( 'NONE', *, *, #10599, .F. ) ;
#10739 = CARTESIAN_POINT ( 'NONE',  ( 172.4592763556042598, 56.02765497882714385, 8.800000000000000711 ) ) ;
#10740 = DIRECTION ( 'NONE',  ( 0.7071067811865473507, 0.7071067811865477948, 0.000000000000000000 ) ) ;
#10741 = CARTESIAN_POINT ( 'NONE',  ( 71.25833726339713792, 56.04032460332424392, 0.000000000000000000 ) ) ;
#10742 = EDGE_CURVE ( 'NONE', #5858, #275, #2290, .T. ) ;
#10743 = EDGE_CURVE ( 'NONE', #11456, #243, #10152, .T. ) ;
#10744 = DIRECTION ( 'NONE',  ( -0.000000000000000000, -0.000000000000000000, -1.000000000000000000 ) ) ;
#10745 = ORIENTED_EDGE ( 'NONE', *, *, #237, .F. ) ;
#10746 = DIRECTION ( 'NONE',  ( -0.000000000000000000, -0.000000000000000000, -1.000000000000000000 ) ) ;
#10747 = ORIENTED_EDGE ( 'NONE', *, *, #218, .F. ) ;
#10748 = AXIS2_PLACEMENT_3D ( 'NONE', #5698, #12023, #10973 ) ;
#10749 = DIRECTION ( 'NONE',  ( 0.000000000000000000, 0.000000000000000000, -1.000000000000000000 ) ) ;
#10750 = ORIENTED_EDGE ( 'NONE', *, *, #337, .T. ) ;
#10751 = CARTESIAN_POINT ( 'NONE',  ( 136.5408573292053234, 16.07759220218804330, 10.40000000000000213 ) ) ;
#10752 = EDGE_CURVE ( 'NONE', #10188, #2875, #1076, .T. ) ;
#10753 = ORIENTED_EDGE ( 'NONE', *, *, #4637, .T. ) ;
#10754 = ADVANCED_FACE ( 'NONE', ( #10541 ), #6346, .F. ) ;
#10755 = DIRECTION ( 'NONE',  ( -0.000000000000000000, 0.000000000000000000, 1.000000000000000000 ) ) ;
#10756 = AXIS2_PLACEMENT_3D ( 'NONE', #11504, #6089, #9258 ) ;
#10757 = FACE_OUTER_BOUND ( 'NONE', #9585, .T. ) ;
#10758 = DIRECTION ( 'NONE',  ( -0.000000000000000000, -0.000000000000000000, -1.000000000000000000 ) ) ;
#10759 = CARTESIAN_POINT ( 'NONE',  ( 0.000000000000000000, 21.89204483109605803, 10.40000000000000213 ) ) ;
#10760 = CARTESIAN_POINT ( 'NONE',  ( 136.4940251048210769, 132.5024585979040523, 8.800000000000000711 ) ) ;
#10761 = ORIENTED_EDGE ( 'NONE', *, *, #10400, .T. ) ;
#10762 = CARTESIAN_POINT ( 'NONE',  ( 45.11403200266500590, 11.86983023117878666, 0.000000000000000000 ) ) ;
#10763 = DIRECTION ( 'NONE',  ( -0.000000000000000000, -0.000000000000000000, -1.000000000000000000 ) ) ;
#10764 = VECTOR ( 'NONE', #4791, 1000.000000000000000 ) ;
#10765 = VERTEX_POINT ( 'NONE', #9403 ) ;
#10766 = DIRECTION ( 'NONE',  ( -0.000000000000000000, -0.000000000000000000, -1.000000000000000000 ) ) ;
#10767 = CARTESIAN_POINT ( 'NONE',  ( 41.73171607547544681, 121.8673531877020793, 10.40000000000000213 ) ) ;
#10768 = CIRCLE ( 'NONE', #9250, 3.599999999999992095 ) ;
#10769 = AXIS2_PLACEMENT_3D ( 'NONE', #8357, #9396, #999 ) ;
#10770 = DIRECTION ( 'NONE',  ( -0.000000000000000000, -0.000000000000000000, -1.000000000000000000 ) ) ;
#10771 = LINE ( 'NONE', #3400, #3981 ) ;
#10772 = EDGE_CURVE ( 'NONE', #2785, #2089, #4445, .T. ) ;
#10773 = EDGE_CURVE ( 'NONE', #8022, #3973, #4028, .T. ) ;
#10774 = AXIS2_PLACEMENT_3D ( 'NONE', #4, #3145, #8399 ) ;
#10775 = AXIS2_PLACEMENT_3D ( 'NONE', #875, #9144, #5079 ) ;
#10776 = VECTOR ( 'NONE', #3146, 1000.000000000000000 ) ;
#10777 = AXIS2_PLACEMENT_3D ( 'NONE', #2567, #1747, #13098 ) ;
#10778 = CARTESIAN_POINT ( 'NONE',  ( 69.35833726339713223, 17.18080354114162489, 10.00000000000000000 ) ) ;
#10779 = DIRECTION ( 'NONE',  ( -0.4999999999999930611, 0.4999999999999930611, -0.7071067811865573427 ) ) ;
#10780 = DIRECTION ( 'NONE',  ( -1.000000000000000000, 0.000000000000000000, 0.000000000000000000 ) ) ;
#10781 = DIRECTION ( 'NONE',  ( -0.000000000000000000, -0.000000000000000000, -1.000000000000000000 ) ) ;
#10782 = DIRECTION ( 'NONE',  ( 1.000000000000000000, 0.000000000000000000, 0.000000000000000000 ) ) ;
#10783 = ORIENTED_EDGE ( 'NONE', *, *, #6963, .T. ) ;
#10784 = ORIENTED_EDGE ( 'NONE', *, *, #3173, .T. ) ;
#10785 = AXIS2_PLACEMENT_3D ( 'NONE', #9214, #3801, #10101 ) ;
#10786 = VERTEX_POINT ( 'NONE', #5342 ) ;
#10787 = VECTOR ( 'NONE', #9801, 1000.000000000000000 ) ;
#10788 = ORIENTED_EDGE ( 'NONE', *, *, #4652, .T. ) ;
#10789 = AXIS2_PLACEMENT_3D ( 'NONE', #10267, #2901, #4851 ) ;
#10790 = EDGE_CURVE ( 'NONE', #3910, #11149, #6644, .T. ) ;
#10791 = CARTESIAN_POINT ( 'NONE',  ( 41.37267662034022919, 60.70033362966805157, 10.40000000000000213 ) ) ;
#10792 = ORIENTED_EDGE ( 'NONE', *, *, #9259, .F. ) ;
#10793 = CIRCLE ( 'NONE', #12997, 1.899999999999985034 ) ;
#10794 = DIRECTION ( 'NONE',  ( -0.000000000000000000, 0.000000000000000000, 1.000000000000000000 ) ) ;
#10795 = LINE ( 'NONE', #7795, #9894 ) ;
#10796 = ORIENTED_EDGE ( 'NONE', *, *, #1691, .T. ) ;
#10797 = EDGE_LOOP ( 'NONE', ( #5222, #5515, #11708, #10359 ) ) ;
#10798 = CARTESIAN_POINT ( 'NONE',  ( 25.54116097332608959, 28.60989453229144885, 10.40000000000000213 ) ) ;
#10799 = DIRECTION ( 'NONE',  ( 0.7071095795811647156, 0.7071039827808556222, -0.000000000000000000 ) ) ;
#10800 = ORIENTED_EDGE ( 'NONE', *, *, #11488, .T. ) ;
#10801 = ORIENTED_EDGE ( 'NONE', *, *, #2643, .F. ) ;
#10802 = CARTESIAN_POINT ( 'NONE',  ( 197.3288390266748706, 28.60989453229147017, 8.999999999999989342 ) ) ;
#10803 = CARTESIAN_POINT ( 'NONE',  ( 172.5127247140765121, 12.21742430899847776, 8.800000000000000711 ) ) ;
#10804 = VECTOR ( 'NONE', #9598, 1000.000000000000000 ) ;
#10805 = CARTESIAN_POINT ( 'NONE',  ( 127.0962509126547531, 7.991974365494981747, 10.00000000000000000 ) ) ;
#10806 = CARTESIAN_POINT ( 'NONE',  ( 172.4876398314652590, 94.83529219940430721, 10.00000000000000000 ) ) ;
#10807 = ADVANCED_FACE ( 'NONE', ( #7207 ), #1132, .F. ) ;
#10808 = AXIS2_PLACEMENT_3D ( 'NONE', #4141, #11408, #2046 ) ;
#10809 = CARTESIAN_POINT ( 'NONE',  ( 81.24083265857167646, 0.7544085079435802754, 8.800000000000000711 ) ) ;
#10810 = ORIENTED_EDGE ( 'NONE', *, *, #7897, .T. ) ;
#10811 = CARTESIAN_POINT ( 'NONE',  ( 205.0000000000005684, 153.0000000000004547, 0.1252272915131916742 ) ) ;
#10812 = DIRECTION ( 'NONE',  ( -1.000000000000000000, 0.000000000000000000, 0.000000000000000000 ) ) ;
#10813 = DIRECTION ( 'NONE',  ( 1.000000000000000000, 0.000000000000000000, 0.000000000000000000 ) ) ;
#10814 = VECTOR ( 'NONE', #4389, 999.9999999999998863 ) ;
#10815 = EDGE_LOOP ( 'NONE', ( #3010, #8180, #10560, #12718 ) ) ;
#10816 = DIRECTION ( 'NONE',  ( 1.000000000000000000, 0.000000000000000000, 0.000000000000000000 ) ) ;
#10817 = DIRECTION ( 'NONE',  ( -0.000000000000000000, -0.000000000000000000, -1.000000000000000000 ) ) ;
#10818 = EDGE_LOOP ( 'NONE', ( #10654, #12301, #8154, #4733 ) ) ;
#10819 = PLANE ( 'NONE',  #4499 ) ;
#10820 = EDGE_CURVE ( 'NONE', #8240, #9025, #11379, .T. ) ;
#10821 = CARTESIAN_POINT ( 'NONE',  ( 25.34116097332609385, 83.05906438913005729, 4.400000000000001243 ) ) ;
#10822 = CARTESIAN_POINT ( 'NONE',  ( 44.37826414041501977, 47.14179872390654680, 8.800000000000000711 ) ) ;
#10823 = ORIENTED_EDGE ( 'NONE', *, *, #8893, .F. ) ;
#10824 = CARTESIAN_POINT ( 'NONE',  ( 42.86730598147647697, 97.12233422291699014, 10.00000000000000000 ) ) ;
#10825 = EDGE_CURVE ( 'NONE', #10067, #10377, #10348, .T. ) ;
#10826 = EDGE_CURVE ( 'NONE', #7194, #9803, #4309, .T. ) ;
#10827 = PLANE ( 'NONE',  #6376 ) ;
#10828 = ORIENTED_EDGE ( 'NONE', *, *, #8942, .T. ) ;
#10829 = FACE_OUTER_BOUND ( 'NONE', #9270, .T. ) ;
#10830 = DIRECTION ( 'NONE',  ( -0.000000000000000000, 0.000000000000000000, 1.000000000000000000 ) ) ;
#10831 = DIRECTION ( 'NONE',  ( -1.000000000000000000, 0.000000000000000000, 0.000000000000000000 ) ) ;
#10832 = CARTESIAN_POINT ( 'NONE',  ( 174.7485405866029851, 14.69285506076201742, 10.00000000000000000 ) ) ;
#10833 = EDGE_LOOP ( 'NONE', ( #3120, #2440 ) ) ;
#10834 = DIRECTION ( 'NONE',  ( 1.000000000000000000, 0.000000000000000000, 0.000000000000000000 ) ) ;
#10835 = CIRCLE ( 'NONE', #6896, 1.750000000000001554 ) ;
#10836 = DIRECTION ( 'NONE',  ( -0.000000000000000000, -0.000000000000000000, -1.000000000000000000 ) ) ;
#10837 = VERTEX_POINT ( 'NONE', #5149 ) ;
#10838 = CYLINDRICAL_SURFACE ( 'NONE', #7436, 1.900000000000012790 ) ;
#10839 = EDGE_CURVE ( 'NONE', #3239, #11484, #9341, .T. ) ;
#10840 = LINE ( 'NONE', #9753, #5177 ) ;
#10841 = VECTOR ( 'NONE', #6729, 1000.000000000000000 ) ;
#10842 = FACE_OUTER_BOUND ( 'NONE', #10620, .T. ) ;
#10843 = EDGE_CURVE ( 'NONE', #434, #6341, #3113, .T. ) ;
#10844 = ORIENTED_EDGE ( 'NONE', *, *, #8250, .T. ) ;
#10845 = AXIS2_PLACEMENT_3D ( 'NONE', #13298, #3965, #12337 ) ;
#10846 = AXIS2_PLACEMENT_3D ( 'NONE', #10554, #9548, #7554 ) ;
#10847 = CARTESIAN_POINT ( 'NONE',  ( 20.60000000000004405, -7.390000000000534364, 7.000000000000000000 ) ) ;
#10848 = PLANE ( 'NONE',  #12595 ) ;
#10849 = CARTESIAN_POINT ( 'NONE',  ( 172.7879805785753149, 9.540354232463158723, 0.000000000000000000 ) ) ;
#10850 = CARTESIAN_POINT ( 'NONE',  ( 78.81811639599669661, 103.0761435058214914, 10.00000000000000000 ) ) ;
#10851 = ORIENTED_EDGE ( 'NONE', *, *, #7819, .T. ) ;
#10852 = VERTEX_POINT ( 'NONE', #4111 ) ;
#10853 = EDGE_CURVE ( 'NONE', #5760, #7600, #8303, .T. ) ;
#10854 = DIRECTION ( 'NONE',  ( 1.000000000000000000, 0.000000000000000000, 0.000000000000000000 ) ) ;
#10855 = EDGE_CURVE ( 'NONE', #6966, #6327, #8367, .T. ) ;
#10856 = AXIS2_PLACEMENT_3D ( 'NONE', #7490, #13479, #9560 ) ;
#10857 = ORIENTED_EDGE ( 'NONE', *, *, #937, .T. ) ;
#10858 = CIRCLE ( 'NONE', #9348, 1.899999999999957279 ) ;
#10859 = ORIENTED_EDGE ( 'NONE', *, *, #10078, .T. ) ;
#10860 = VECTOR ( 'NONE', #8992, 1000.000000000000114 ) ;
#10861 = CARTESIAN_POINT ( 'NONE',  ( 43.59170787342341669, 90.38330118084060416, 10.00000000000000000 ) ) ;
#10862 = ORIENTED_EDGE ( 'NONE', *, *, #3799, .T. ) ;
#10863 = CIRCLE ( 'NONE', #10221, 1.750000000000001554 ) ;
#10864 = LINE ( 'NONE', #356, #1796 ) ;
#10865 = CARTESIAN_POINT ( 'NONE',  ( 72.40166045703638531, 13.10754140209606078, 8.800000000000000711 ) ) ;
#10866 = AXIS2_PLACEMENT_3D ( 'NONE', #10114, #4622, #5919 ) ;
#10867 = ORIENTED_EDGE ( 'NONE', *, *, #10482, .T. ) ;
#10868 = ORIENTED_EDGE ( 'NONE', *, *, #10166, .T. ) ;
#10869 = LINE ( 'NONE', #8758, #660 ) ;
#10870 = EDGE_CURVE ( 'NONE', #6149, #4565, #11247, .T. ) ;
#10871 = CARTESIAN_POINT ( 'NONE',  ( 45.11403200266500590, 84.41004697847179727, 10.00000000000000000 ) ) ;
#10872 = ORIENTED_EDGE ( 'NONE', *, *, #12112, .F. ) ;
#10873 = VERTEX_POINT ( 'NONE', #5792 ) ;
#10874 = DIRECTION ( 'NONE',  ( -0.000000000000000000, 0.000000000000000000, 1.000000000000000000 ) ) ;
#10875 = DIRECTION ( 'NONE',  ( -0.000000000000000000, 0.000000000000000000, 1.000000000000000000 ) ) ;
#10876 = DIRECTION ( 'NONE',  ( 1.000000000000000000, 0.000000000000000000, 0.000000000000000000 ) ) ;
#10877 = ORIENTED_EDGE ( 'NONE', *, *, #11234, .T. ) ;
#10878 = CARTESIAN_POINT ( 'NONE',  ( 134.2762620681505155, 66.92288104716577379, 10.00000000000000000 ) ) ;
#10879 = ORIENTED_EDGE ( 'NONE', *, *, #12084, .F. ) ;
#10880 = CYLINDRICAL_SURFACE ( 'NONE', #9695, 1.900000000000012790 ) ;
#10881 = EDGE_CURVE ( 'NONE', #1314, #1211, #5769, .T. ) ;
#10882 = DIRECTION ( 'NONE',  ( 1.000000000000000000, 0.000000000000000000, 0.000000000000000000 ) ) ;
#10883 = ORIENTED_EDGE ( 'NONE', *, *, #10098, .F. ) ;
#10884 = DIRECTION ( 'NONE',  ( -1.000000000000000000, 0.000000000000000000, 0.000000000000000000 ) ) ;
#10885 = ORIENTED_EDGE ( 'NONE', *, *, #2808, .T. ) ;
#10886 = DIRECTION ( 'NONE',  ( -0.000000000000000000, -0.000000000000000000, -1.000000000000000000 ) ) ;
#10887 = AXIS2_PLACEMENT_3D ( 'NONE', #3104, #3175, #7335 ) ;
#10888 = CARTESIAN_POINT ( 'NONE',  ( 174.2627247140765121, 99.94750278602708704, 8.800000000000000711 ) ) ;
#10889 = ORIENTED_EDGE ( 'NONE', *, *, #4306, .T. ) ;
#10890 = CARTESIAN_POINT ( 'NONE',  ( 42.86730598147647697, 91.97633033906204503, 8.800000000000000711 ) ) ;
#10891 = ADVANCED_FACE ( 'NONE', ( #1727 ), #8709, .F. ) ;
#10892 = CARTESIAN_POINT ( 'NONE',  ( 174.7485405866029851, 58.64993458377050217, 8.800000000000000711 ) ) ;
#10893 = DIRECTION ( 'NONE',  ( 1.000000000000000000, 0.000000000000000000, 0.000000000000000000 ) ) ;
#10894 = CARTESIAN_POINT ( 'NONE',  ( 17.00000000000000000, 153.0000000000004547, 10.00000000000000000 ) ) ;
#10895 = DIRECTION ( 'NONE',  ( -0.000000000000000000, 0.000000000000000000, 1.000000000000000000 ) ) ;
#10896 = ORIENTED_EDGE ( 'NONE', *, *, #10667, .F. ) ;
#10897 = AXIS2_PLACEMENT_3D ( 'NONE', #9159, #2607, #7985 ) ;
#10898 = DIRECTION ( 'NONE',  ( -0.000000000000000000, -0.000000000000000000, -1.000000000000000000 ) ) ;
#10899 = EDGE_CURVE ( 'NONE', #6162, #2327, #12044, .T. ) ;
#10900 = EDGE_CURVE ( 'NONE', #1123, #101, #10056, .T. ) ;
#10901 = CARTESIAN_POINT ( 'NONE',  ( 176.4879805785753035, 126.1960381709627512, 0.000000000000000000 ) ) ;
#10902 = ORIENTED_EDGE ( 'NONE', *, *, #9755, .T. ) ;
#10903 = ADVANCED_FACE ( 'NONE', ( #2751 ), #636, .F. ) ;
#10904 = DIRECTION ( 'NONE',  ( -0.000000000000000000, -0.000000000000000000, -1.000000000000000000 ) ) ;
#10905 = DIRECTION ( 'NONE',  ( -0.000000000000000000, 0.000000000000000000, 1.000000000000000000 ) ) ;
#10906 = CARTESIAN_POINT ( 'NONE',  ( 42.86730598147647697, 58.29192021169607330, 10.00000000000000000 ) ) ;
#10907 = DIRECTION ( 'NONE',  ( -1.000000000000000000, 0.000000000000000000, 0.000000000000000000 ) ) ;
#10908 = DIRECTION ( 'NONE',  ( -0.000000000000000000, -0.000000000000000000, -1.000000000000000000 ) ) ;
#10909 = AXIS2_PLACEMENT_3D ( 'NONE', #13285, #640, #7039 ) ;
#10910 = EDGE_CURVE ( 'NONE', #570, #6084, #1656, .T. ) ;
#10911 = CYLINDRICAL_SURFACE ( 'NONE', #6022, 8.649999999999963052 ) ;
#10912 = DIRECTION ( 'NONE',  ( -0.000000000000000000, -0.000000000000000000, -1.000000000000000000 ) ) ;
#10913 = DIRECTION ( 'NONE',  ( -0.000000000000000000, 1.000000000000000000, -0.000000000000000000 ) ) ;
#10914 = CYLINDRICAL_SURFACE ( 'NONE', #760, 1.750000000000001554 ) ;
#10915 = DIRECTION ( 'NONE',  ( 1.000000000000000000, 0.000000000000000000, 0.000000000000000000 ) ) ;
#10916 = ADVANCED_FACE ( 'NONE', ( #1396 ), #3689, .T. ) ;
#10917 = CARTESIAN_POINT ( 'NONE',  ( 172.4876398314652590, 61.11163158215092750, 8.800000000000000711 ) ) ;
#10918 = ORIENTED_EDGE ( 'NONE', *, *, #4674, .T. ) ;
#10919 = EDGE_CURVE ( 'NONE', #10374, #5132, #4368, .T. ) ;
#10920 = ORIENTED_EDGE ( 'NONE', *, *, #4056, .T. ) ;
#10921 = FACE_BOUND ( 'NONE', #10468, .T. ) ;
#10922 = CARTESIAN_POINT ( 'NONE',  ( 173.1315625475476168, 49.42395148535979388, 0.000000000000000000 ) ) ;
#10923 = ORIENTED_EDGE ( 'NONE', *, *, #8913, .T. ) ;
#10924 = CYLINDRICAL_SURFACE ( 'NONE', #8152, 1.750000000000001554 ) ;
#10925 = ORIENTED_EDGE ( 'NONE', *, *, #1068, .T. ) ;
#10926 = LINE ( 'NONE', #13273, #5842 ) ;
#10927 = EDGE_CURVE ( 'NONE', #4024, #7350, #8967, .T. ) ;
#10928 = VERTEX_POINT ( 'NONE', #7863 ) ;
#10929 = ADVANCED_FACE ( 'NONE', ( #8565 ), #3374, .F. ) ;
#10930 = CARTESIAN_POINT ( 'NONE',  ( 136.5252465877439079, 54.88588100076002974, 10.40000000000000213 ) ) ;
#10931 = EDGE_LOOP ( 'NONE', ( #4897, #8360, #4804, #9832 ) ) ;
#10932 = EDGE_LOOP ( 'NONE', ( #955, #763, #993, #4019 ) ) ;
#10933 = DIRECTION ( 'NONE',  ( -0.000000000000000000, -0.000000000000000000, -1.000000000000000000 ) ) ;
#10935 = CARTESIAN_POINT ( 'NONE',  ( 134.5762620681505553, 145.0023251711596401, 0.000000000000000000 ) ) ;
#10934 = CYLINDRICAL_SURFACE ( 'NONE', #9564, 1.899999999999985034 ) ;
#10936 = ORIENTED_EDGE ( 'NONE', *, *, #7776, .F. ) ;
#10937 = CIRCLE ( 'NONE', #8543, 1.750000000000001554 ) ;
#10938 = ORIENTED_EDGE ( 'NONE', *, *, #6640, .T. ) ;
#10939 = CARTESIAN_POINT ( 'NONE',  ( 174.0080570121712356, 16.27847294537255252, 0.000000000000000000 ) ) ;
#10940 = CARTESIAN_POINT ( 'NONE',  ( 125.1962509126547332, 7.991974365494981747, 8.800000000000000711 ) ) ;
#10941 = DIRECTION ( 'NONE',  ( -0.000000000000000000, 0.000000000000000000, 1.000000000000000000 ) ) ;
#10942 = ORIENTED_EDGE ( 'NONE', *, *, #12746, .T. ) ;
#10943 = EDGE_CURVE ( 'NONE', #3618, #3806, #13005, .T. ) ;
#10944 = CIRCLE ( 'NONE', #8128, 1.899999999999985034 ) ;
#10945 = SURFACE_STYLE_FILL_AREA ( #6906 ) ;
#10946 = LINE ( 'NONE', #443, #12943 ) ;
#10947 = ORIENTED_EDGE ( 'NONE', *, *, #1743, .T. ) ;
#10948 = CARTESIAN_POINT ( 'NONE',  ( 170.7376398314652590, 22.29570046879387135, 8.800000000000000711 ) ) ;
#10949 = CARTESIAN_POINT ( 'NONE',  ( 42.85258495182370098, 14.31924111348213025, 10.00000000000000000 ) ) ;
#10950 = ORIENTED_EDGE ( 'NONE', *, *, #2454, .F. ) ;
#10951 = ORIENTED_EDGE ( 'NONE', *, *, #13008, .F. ) ;
#10952 = DIRECTION ( 'NONE',  ( -0.000000000000000000, -0.000000000000000000, -1.000000000000000000 ) ) ;
#10953 = VECTOR ( 'NONE', #301, 1000.000000000000000 ) ;
#10954 = DIRECTION ( 'NONE',  ( 1.000000000000000000, 0.000000000000000000, 0.000000000000000000 ) ) ;
#10955 = ORIENTED_EDGE ( 'NONE', *, *, #663, .T. ) ;
#10956 = ADVANCED_FACE ( 'NONE', ( #13142 ), #1329, .F. ) ;
#10957 = FACE_OUTER_BOUND ( 'NONE', #12721, .T. ) ;
#10958 = VERTEX_POINT ( 'NONE', #304 ) ;
#10959 = DIRECTION ( 'NONE',  ( -0.000000000000000000, 0.000000000000000000, 1.000000000000000000 ) ) ;
#10960 = CARTESIAN_POINT ( 'NONE',  ( 172.4876398314652590, 61.11163158215092750, 10.00000000000000000 ) ) ;
#10961 = CARTESIAN_POINT ( 'NONE',  ( 144.1596358462824981, 93.69416979933204459, 10.40000000000000213 ) ) ;
#10962 = CIRCLE ( 'NONE', #71, 1.750000000000001554 ) ;
#10963 = CARTESIAN_POINT ( 'NONE',  ( 124.8267149358792949, 98.15027427408116978, 0.000000000000000000 ) ) ;
#10964 = VERTEX_POINT ( 'NONE', #3752 ) ;
#10965 = DIRECTION ( 'NONE',  ( 1.000000000000000000, 0.000000000000000000, 0.000000000000000000 ) ) ;
#10966 = CARTESIAN_POINT ( 'NONE',  ( 45.11403200266500590, 11.86983023117878666, 0.000000000000000000 ) ) ;
#10967 = ORIENTED_EDGE ( 'NONE', *, *, #7605, .T. ) ;
#10968 = FACE_OUTER_BOUND ( 'NONE', #7884, .T. ) ;
#10969 = DIRECTION ( 'NONE',  ( -0.000000000000000000, 0.000000000000000000, 1.000000000000000000 ) ) ;
#10970 = DIRECTION ( 'NONE',  ( -0.000000000000000000, 0.000000000000000000, 1.000000000000000000 ) ) ;
#10971 = AXIS2_PLACEMENT_3D ( 'NONE', #10803, #2552, #7513 ) ;
#10972 = AXIS2_PLACEMENT_3D ( 'NONE', #8296, #10276, #6278 ) ;
#10973 = DIRECTION ( 'NONE',  ( 1.000000000000000000, 0.000000000000000000, 0.000000000000000000 ) ) ;
#10974 = EDGE_LOOP ( 'NONE', ( #3275, #11171, #5456, #5868 ) ) ;
#10975 = EDGE_CURVE ( 'NONE', #7996, #8817, #3824, .T. ) ;
#10976 = CARTESIAN_POINT ( 'NONE',  ( 92.40672948317448743, 20.93033631178033005, 0.000000000000000000 ) ) ;
#10977 = CYLINDRICAL_SURFACE ( 'NONE', #4741, 1.750000000000001554 ) ;
#10978 = CARTESIAN_POINT ( 'NONE',  ( 83.10734701375183420, 78.84319752287538563, 0.000000000000000000 ) ) ;
#10979 = CIRCLE ( 'NONE', #10128, 1.899999999999985034 ) ;
#10980 = FACE_OUTER_BOUND ( 'NONE', #1192, .T. ) ;
#10981 = CYLINDRICAL_SURFACE ( 'NONE', #8882, 1.900000000000012790 ) ;
#10982 = LINE ( 'NONE', #12030, #3707 ) ;
#10983 = AXIS2_PLACEMENT_3D ( 'NONE', #4746, #5839, #12291 ) ;
#10984 = DIRECTION ( 'NONE',  ( -0.000000000000000000, -0.000000000000000000, -1.000000000000000000 ) ) ;
#10985 = ORIENTED_EDGE ( 'NONE', *, *, #12019, .F. ) ;
#10986 = VECTOR ( 'NONE', #437, 1000.000000000000000 ) ;
#10987 = EDGE_LOOP ( 'NONE', ( #9059, #462, #10648, #6406 ) ) ;
#10988 = CARTESIAN_POINT ( 'NONE',  ( 85.00734701375183988, 78.84319752287538563, 10.00000000000000000 ) ) ;
#10989 = CYLINDRICAL_SURFACE ( 'NONE', #1928, 8.649999999999963052 ) ;
#10990 = ORIENTED_EDGE ( 'NONE', *, *, #4027, .F. ) ;
#10991 = FACE_OUTER_BOUND ( 'NONE', #8599, .T. ) ;
#10992 = EDGE_CURVE ( 'NONE', #1468, #5410, #7320, .T. ) ;
#10993 = ORIENTED_EDGE ( 'NONE', *, *, #1304, .T. ) ;
#10994 = CARTESIAN_POINT ( 'NONE',  ( 134.2762620681505155, 66.92288104716577379, 0.000000000000000000 ) ) ;
#10995 = AXIS2_PLACEMENT_3D ( 'NONE', #8671, #3531, #13060 ) ;
#10996 = AXIS2_PLACEMENT_3D ( 'NONE', #1092, #4388, #1219 ) ;
#10997 = EDGE_CURVE ( 'NONE', #10425, #3477, #6409, .T. ) ;
#10998 = AXIS2_PLACEMENT_3D ( 'NONE', #12314, #5113, #1724 ) ;
#10999 = DIRECTION ( 'NONE',  ( 0.7071067811865574537, 7.960706166826048604E-17, 0.7071067811865375807 ) ) ;
#11000 = AXIS2_PLACEMENT_3D ( 'NONE', #892, #4765, #1849 ) ;
#11001 = VERTEX_POINT ( 'NONE', #12814 ) ;
#11002 = LINE ( 'NONE', #6681, #6325 ) ;
#11003 = DIRECTION ( 'NONE',  ( -0.000000000000000000, 0.000000000000000000, 1.000000000000000000 ) ) ;
#11004 = AXIS2_PLACEMENT_3D ( 'NONE', #5418, #3270, #7290 ) ;
#11005 = CARTESIAN_POINT ( 'NONE',  ( 172.4876398314652590, 89.87628193518300179, 10.00000000000000000 ) ) ;
#11006 = ORIENTED_EDGE ( 'NONE', *, *, #2223, .F. ) ;
#11007 = AXIS2_PLACEMENT_3D ( 'NONE', #3313, #11640, #10477 ) ;
#11008 = ORIENTED_EDGE ( 'NONE', *, *, #6290, .T. ) ;
#11010 = CARTESIAN_POINT ( 'NONE',  ( 124.8267149358792949, 20.09410048508981816, 8.800000000000000711 ) ) ;
#11009 = DIRECTION ( 'NONE',  ( 1.000000000000000000, 0.000000000000000000, 0.000000000000000000 ) ) ;
#11011 = VECTOR ( 'NONE', #2264, 1000.000000000000000 ) ;
#11012 = ORIENTED_EDGE ( 'NONE', *, *, #2676, .F. ) ;
#11013 = ADVANCED_FACE ( 'NONE', ( #7613 ), #11785, .F. ) ;
#11014 = EDGE_LOOP ( 'NONE', ( #6527, #13349 ) ) ;
#11015 = DIRECTION ( 'NONE',  ( -0.000000000000000000, -0.000000000000000000, -1.000000000000000000 ) ) ;
#11016 = PRODUCT ( '\X2\6d6e52a8677f\X0\', '\X2\6d6e52a8677f\X0\', '', ( #2748 ) ) ;
#11017 = AXIS2_PLACEMENT_3D ( 'NONE', #1955, #7891, #6855 ) ;
#11018 = DIRECTION ( 'NONE',  ( -0.000000000000000000, 0.000000000000000000, 1.000000000000000000 ) ) ;
#11019 = ORIENTED_EDGE ( 'NONE', *, *, #6490, .T. ) ;
#11020 = FACE_OUTER_BOUND ( 'NONE', #13097, .T. ) ;
#11021 = DIRECTION ( 'NONE',  ( -0.000000000000000000, -0.000000000000000000, -1.000000000000000000 ) ) ;
#11022 = DIRECTION ( 'NONE',  ( -0.000000000000000000, -0.000000000000000000, -1.000000000000000000 ) ) ;
#11023 = VECTOR ( 'NONE', #33, 1000.000000000000000 ) ;
#11024 = ORIENTED_EDGE ( 'NONE', *, *, #3880, .F. ) ;
#11025 = ADVANCED_FACE ( 'NONE', ( #4913 ), #5114, .F. ) ;
#11026 = VERTEX_POINT ( 'NONE', #8335 ) ;
#11027 = EDGE_CURVE ( 'NONE', #11918, #5910, #9307, .T. ) ;
#11028 = CARTESIAN_POINT ( 'NONE',  ( 41.10258495182370098, 9.196027637130681498, 0.000000000000000000 ) ) ;
#11029 = CIRCLE ( 'NONE', #5344, 1.900000000000012790 ) ;
#11030 = DIRECTION ( 'NONE',  ( -1.000000000000000000, 0.000000000000000000, 0.000000000000000000 ) ) ;
#11031 = FACE_OUTER_BOUND ( 'NONE', #10797, .T. ) ;
#11032 = ORIENTED_EDGE ( 'NONE', *, *, #11810, .T. ) ;
#11033 = DIRECTION ( 'NONE',  ( -0.7071039827808555112, 0.7071095795811648266, 0.000000000000000000 ) ) ;
#11034 = ORIENTED_EDGE ( 'NONE', *, *, #1965, .T. ) ;
#11035 = PLANE ( 'NONE',  #4049 ) ;
#11036 = CARTESIAN_POINT ( 'NONE',  ( 205.0000000000004547, 28.60989453229147017, 0.000000000000000000 ) ) ;
#11037 = CARTESIAN_POINT ( 'NONE',  ( 44.37068620135033825, 125.2930479166402762, 8.800000000000000711 ) ) ;
#11038 = FACE_OUTER_BOUND ( 'NONE', #8704, .T. ) ;
#11039 = ORIENTED_EDGE ( 'NONE', *, *, #8131, .T. ) ;
#11040 = ORIENTED_EDGE ( 'NONE', *, *, #11493, .F. ) ;
#11041 = CARTESIAN_POINT ( 'NONE',  ( 174.7485405866029851, 53.53183226581801790, 10.00000000000000000 ) ) ;
#11042 = DIRECTION ( 'NONE',  ( 1.000000000000000000, 0.000000000000000000, 0.000000000000000000 ) ) ;
#11043 = ORIENTED_EDGE ( 'NONE', *, *, #5045, .T. ) ;
#11044 = LINE ( 'NONE', #10767, #177 ) ;
#11045 = EDGE_CURVE ( 'NONE', #6393, #3964, #5184, .T. ) ;
#11046 = VECTOR ( 'NONE', #6720, 999.9999999999998863 ) ;
#11047 = FACE_OUTER_BOUND ( 'NONE', #12902, .T. ) ;
#11048 = AXIS2_PLACEMENT_3D ( 'NONE', #9741, #4528, #2852 ) ;
#11049 = ORIENTED_EDGE ( 'NONE', *, *, #10772, .F. ) ;
#11050 = DIRECTION ( 'NONE',  ( -0.000000000000000000, -0.000000000000000000, -1.000000000000000000 ) ) ;
#11051 = AXIS2_PLACEMENT_3D ( 'NONE', #10142, #11305, #2905 ) ;
#11052 = DIRECTION ( 'NONE',  ( -1.801302180350779826E-16, 1.000000000000000000, 0.000000000000000000 ) ) ;
#11053 = FACE_OUTER_BOUND ( 'NONE', #834, .T. ) ;
#11054 = CYLINDRICAL_SURFACE ( 'NONE', #2866, 1.750000000000001554 ) ;
#11055 = AXIS2_PLACEMENT_3D ( 'NONE', #6043, #3996, #7222 ) ;
#11056 = CARTESIAN_POINT ( 'NONE',  ( 76.91811639599669093, 24.99111346065453176, 0.000000000000000000 ) ) ;
#11057 = EDGE_LOOP ( 'NONE', ( #12666, #6982, #4704, #4739 ) ) ;
#11058 = EDGE_LOOP ( 'NONE', ( #4068, #5193 ) ) ;
#11059 = EDGE_CURVE ( 'NONE', #11888, #5883, #7336, .T. ) ;
#11060 = DIRECTION ( 'NONE',  ( 0.7071067811865489050, 0.000000000000000000, -0.7071067811865462405 ) ) ;
#11061 = DIRECTION ( 'NONE',  ( -0.000000000000000000, -0.000000000000000000, -1.000000000000000000 ) ) ;
#11062 = VERTEX_POINT ( 'NONE', #9108 ) ;
#11063 = CARTESIAN_POINT ( 'NONE',  ( 173.9204227672987599, 11.17776754306356146, 0.000000000000000000 ) ) ;
#11064 = EDGE_LOOP ( 'NONE', ( #11518, #10889, #3695, #7147 ) ) ;
#11065 = CARTESIAN_POINT ( 'NONE',  ( 125.0383251953235941, 137.2223487795121173, 8.800000000000000711 ) ) ;
#11066 = CIRCLE ( 'NONE', #12821, 1.750000000000001554 ) ;
#11067 = AXIS2_PLACEMENT_3D ( 'NONE', #9730, #8141, #5539 ) ;
#11068 = VECTOR ( 'NONE', #9812, 1000.000000000000000 ) ;
#11069 = DIRECTION ( 'NONE',  ( -0.000000000000000000, -0.000000000000000000, -1.000000000000000000 ) ) ;
#11070 = ORIENTED_EDGE ( 'NONE', *, *, #6845, .F. ) ;
#11071 = CARTESIAN_POINT ( 'NONE',  ( 42.86730598147647697, 126.1887866701237044, 8.800000000000000711 ) ) ;
#11072 = SHAPE_DEFINITION_REPRESENTATION ( #12656, #13492 ) ;
#11073 = DIRECTION ( 'NONE',  ( -0.000000000000000000, -0.7071067811865573427, -0.7071067811865378028 ) ) ;
#11074 = DIRECTION ( 'NONE',  ( -0.000000000000000000, 0.000000000000000000, 1.000000000000000000 ) ) ;
#11075 = EDGE_CURVE ( 'NONE', #753, #9398, #12252, .T. ) ;
#11076 = VECTOR ( 'NONE', #7867, 1000.000000000000000 ) ;
#11077 = DIRECTION ( 'NONE',  ( 1.000000000000000000, 0.000000000000000000, 0.000000000000000000 ) ) ;
#11078 = ORIENTED_EDGE ( 'NONE', *, *, #6046, .F. ) ;
#11079 = ORIENTED_EDGE ( 'NONE', *, *, #13347, .F. ) ;
#11080 = AXIS2_PLACEMENT_3D ( 'NONE', #11482, #5248, #4213 ) ;
#11081 = CIRCLE ( 'NONE', #5194, 1.750000000000001554 ) ;
#11082 = CARTESIAN_POINT ( 'NONE',  ( 197.8000000000004377, -7.389999999999986358, 10.00000000000000000 ) ) ;
#11083 = ADVANCED_FACE ( 'NONE', ( #3886, #771, #8071, #4145, #13407, #6964, #8279, #10310, #10187, #13475, #2887, #7034, #11143, #8136, #7108, #7241, #5925, #11410, #3024, #11210, #2049, #1862, #2960, #842, #4984, #9172, #1925, #13342, #7176, #3946, #12315, #1984, #6067, #10252, #903, #6192, #9231, #5041, #8209, #10382, #8404, #4482, #3220, #11548, #4210, #272, #5245, #4402, #8605, #1301, #3285, #8538, #12785, #12586, #6316, #5436, #9690, #5371, #9503, #7384, #7506, #11752, #4340 ), #2186, .T. ) ;
#11084 = EDGE_CURVE ( 'NONE', #4612, #6271, #11478, .T. ) ;
#11085 = VERTEX_POINT ( 'NONE', #5309 ) ;
#11086 = EDGE_LOOP ( 'NONE', ( #6505, #9232 ) ) ;
#11087 = CIRCLE ( 'NONE', #5394, 1.900000000000012790 ) ;
#11088 = CARTESIAN_POINT ( 'NONE',  ( 125.1962509126547332, 46.80401707400540090, 8.800000000000000711 ) ) ;
#11089 = EDGE_LOOP ( 'NONE', ( #2352, #1517, #12365, #3137 ) ) ;
#11090 = CIRCLE ( 'NONE', #7168, 1.900000000000012790 ) ;
#11091 = LINE ( 'NONE', #6764, #4890 ) ;
#11092 = ADVANCED_FACE ( 'NONE', ( #7579 ), #6454, .T. ) ;
#11093 = CARTESIAN_POINT ( 'NONE',  ( 172.4592763556042598, 56.02765497882714385, 8.800000000000000711 ) ) ;
#11094 = VERTEX_POINT ( 'NONE', #138 ) ;
#11095 = AXIS2_PLACEMENT_3D ( 'NONE', #3498, #11910, #436 ) ;
#11096 = DIRECTION ( 'NONE',  ( -1.000000000000000000, 0.000000000000000000, 0.000000000000000000 ) ) ;
#11097 = EDGE_CURVE ( 'NONE', #13248, #11114, #12136, .T. ) ;
#11098 = ORIENTED_EDGE ( 'NONE', *, *, #10752, .T. ) ;
#11099 = ADVANCED_FACE ( 'NONE', ( #7311 ), #6518, .F. ) ;
#11100 = VERTEX_POINT ( 'NONE', #10643 ) ;
#11101 = CIRCLE ( 'NONE', #12638, 1.750000000000001554 ) ;
#11102 = CARTESIAN_POINT ( 'NONE',  ( 69.35833726339713223, 56.04032460332424392, 0.000000000000000000 ) ) ;
#11103 = CARTESIAN_POINT ( 'NONE',  ( 43.61065178279114463, 124.6045085948894666, 8.800000000000000711 ) ) ;
#11104 = FACE_OUTER_BOUND ( 'NONE', #12590, .T. ) ;
#11105 = ORIENTED_EDGE ( 'NONE', *, *, #11673, .T. ) ;
#11106 = CARTESIAN_POINT ( 'NONE',  ( 136.6492919255787228, 3.846501363067972079, 10.00000000000000000 ) ) ;
#11107 = VERTEX_POINT ( 'NONE', #5499 ) ;
#11108 = ADVANCED_FACE ( 'NONE', ( #2324 ), #12654, .F. ) ;
#11109 = LINE ( 'NONE', #929, #1241 ) ;
#11110 = CARTESIAN_POINT ( 'NONE',  ( 78.81811639599669661, 24.99111346065453176, 8.800000000000000711 ) ) ;
#11111 = CARTESIAN_POINT ( 'NONE',  ( 127.8752465877439306, 54.88588100076002974, 8.800000000000000711 ) ) ;
#11112 = ADVANCED_FACE ( 'NONE', ( #1107 ), #3342, .F. ) ;
#11113 = DIRECTION ( 'NONE',  ( 0.000000000000000000, 0.7071067811865573427, -0.7071067811865378028 ) ) ;
#11114 = VERTEX_POINT ( 'NONE', #6387 ) ;
#11115 = ORIENTED_EDGE ( 'NONE', *, *, #5234, .T. ) ;
#11116 = DIRECTION ( 'NONE',  ( 1.000000000000000000, 0.000000000000000000, 0.000000000000000000 ) ) ;
#11117 = DIRECTION ( 'NONE',  ( -0.000000000000000000, 0.000000000000000000, 1.000000000000000000 ) ) ;
#11118 = ORIENTED_EDGE ( 'NONE', *, *, #9435, .F. ) ;
#11119 = CIRCLE ( 'NONE', #3048, 1.900000000000012790 ) ;
#11120 = FACE_OUTER_BOUND ( 'NONE', #1448, .T. ) ;
#11121 = CARTESIAN_POINT ( 'NONE',  ( 42.86730598147647697, 97.12233422291699014, 8.800000000000000711 ) ) ;
#11122 = ORIENTED_EDGE ( 'NONE', *, *, #4114, .T. ) ;
#11123 = CIRCLE ( 'NONE', #13111, 1.750000000000001554 ) ;
#11124 = DIRECTION ( 'NONE',  ( 1.000000000000000000, 0.000000000000000000, 0.000000000000000000 ) ) ;
#11125 = EDGE_CURVE ( 'NONE', #2404, #13176, #4242, .T. ) ;
#11126 = CARTESIAN_POINT ( 'NONE',  ( 92.40672948317448743, 20.93033631178033005, 8.800000000000000711 ) ) ;
#11127 = LINE ( 'NONE', #7090, #8745 ) ;
#11128 = CARTESIAN_POINT ( 'NONE',  ( 78.81811639599669661, 63.83441197029006275, 0.000000000000000000 ) ) ;
#11129 = EDGE_LOOP ( 'NONE', ( #7775, #8677, #12661, #909 ) ) ;
#11130 = ORIENTED_EDGE ( 'NONE', *, *, #12616, .T. ) ;
#11131 = CARTESIAN_POINT ( 'NONE',  ( 43.92695978739307350, 56.89921284415382274, 10.00000000000000000 ) ) ;
#11132 = DIRECTION ( 'NONE',  ( 1.000000000000000000, 0.000000000000000000, 0.000000000000000000 ) ) ;
#11133 = CARTESIAN_POINT ( 'NONE',  ( 11.90000000000004654, -7.390000000000534364, 1.500000000000000444 ) ) ;
#11134 = CIRCLE ( 'NONE', #5223, 1.750000000000001554 ) ;
#11135 = ORIENTED_EDGE ( 'NONE', *, *, #6565, .F. ) ;
#11136 = DIRECTION ( 'NONE',  ( -1.000000000000000000, 0.000000000000000000, 0.000000000000000000 ) ) ;
#11137 = VERTEX_POINT ( 'NONE', #9572 ) ;
#11138 = ADVANCED_FACE ( 'NONE', ( #209 ), #11680, .F. ) ;
#11139 = PLANE ( 'NONE',  #9209 ) ;
#11140 = CARTESIAN_POINT ( 'NONE',  ( 146.4597551873219174, 128.5517170524556718, 10.00000000000000000 ) ) ;
#11141 = LINE ( 'NONE', #3502, #5762 ) ;
#11142 = DIRECTION ( 'NONE',  ( -0.000000000000000000, 0.000000000000000000, 1.000000000000000000 ) ) ;
#11143 = FACE_BOUND ( 'NONE', #7204, .T. ) ;
#11144 = ORIENTED_EDGE ( 'NONE', *, *, #9885, .F. ) ;
#11145 = EDGE_LOOP ( 'NONE', ( #6745, #3796, #5813, #8170 ) ) ;
#11147 = FACE_OUTER_BOUND ( 'NONE', #10626, .T. ) ;
#11146 = DIRECTION ( 'NONE',  ( -1.000000000000000000, 0.000000000000000000, 0.000000000000000000 ) ) ;
#11148 = FACE_BOUND ( 'NONE', #13216, .T. ) ;
#11149 = VERTEX_POINT ( 'NONE', #2733 ) ;
#11150 = DIRECTION ( 'NONE',  ( 1.000000000000000000, 0.000000000000000000, 0.000000000000000000 ) ) ;
#11151 = ORIENTED_EDGE ( 'NONE', *, *, #2204, .F. ) ;
#11152 = DIRECTION ( 'NONE',  ( -0.000000000000000000, 0.000000000000000000, 1.000000000000000000 ) ) ;
#11153 = CARTESIAN_POINT ( 'NONE',  ( 136.4940251048210769, 132.5024585979040523, 10.40000000000000213 ) ) ;
#11154 = ORIENTED_EDGE ( 'NONE', *, *, #3345, .F. ) ;
#11155 = ADVANCED_FACE ( 'NONE', ( #11815 ), #4691, .F. ) ;
#11156 = ADVANCED_FACE ( 'NONE', ( #2455 ), #5644, .F. ) ;
#11157 = DIRECTION ( 'NONE',  ( -0.000000000000000000, -0.000000000000000000, -1.000000000000000000 ) ) ;
#11158 = DIRECTION ( 'NONE',  ( 0.000000000000000000, 1.000000000000000000, 0.000000000000000000 ) ) ;
#11159 = ORIENTED_EDGE ( 'NONE', *, *, #10406, .T. ) ;
#11160 = DIRECTION ( 'NONE',  ( 0.000000000000000000, 0.000000000000000000, 1.000000000000000000 ) ) ;
#11161 = EDGE_LOOP ( 'NONE', ( #6100, #11624, #12210, #5943 ) ) ;
#11162 = VERTEX_POINT ( 'NONE', #9768 ) ;
#11163 = CARTESIAN_POINT ( 'NONE',  ( 197.3288390266748991, 82.80500000000019156, 0.000000000000000000 ) ) ;
#11164 = ADVANCED_FACE ( 'NONE', ( #8742 ), #1511, .F. ) ;
#11165 = VECTOR ( 'NONE', #10904, 1000.000000000000000 ) ;
#11166 = DIRECTION ( 'NONE',  ( 0.5773502691896273964, 0.5773502691896228445, 0.5773502691896268413 ) ) ;
#11167 = EDGE_LOOP ( 'NONE', ( #10750, #98 ) ) ;
#11168 = EDGE_CURVE ( 'NONE', #12381, #3352, #564, .T. ) ;
#11169 = EDGE_CURVE ( 'NONE', #702, #10089, #2298, .T. ) ;
#11170 = DIRECTION ( 'NONE',  ( -1.000000000000000000, 0.000000000000000000, 0.000000000000000000 ) ) ;
#11171 = ORIENTED_EDGE ( 'NONE', *, *, #5592, .T. ) ;
#11172 = CARTESIAN_POINT ( 'NONE',  ( 172.7127247140765007, 138.8970351559032963, 8.800000000000000711 ) ) ;
#11173 = CYLINDRICAL_SURFACE ( 'NONE', #822, 1.750000000000029310 ) ;
#11174 = DIRECTION ( 'NONE',  ( -0.000000000000000000, 0.000000000000000000, 1.000000000000000000 ) ) ;
#11175 = CARTESIAN_POINT ( 'NONE',  ( 46.86403200266500590, 16.77682456503958619, 8.800000000000000711 ) ) ;
#11176 = ORIENTED_EDGE ( 'NONE', *, *, #12812, .T. ) ;
#11177 = ORIENTED_EDGE ( 'NONE', *, *, #5877, .T. ) ;
#11178 = DIRECTION ( 'NONE',  ( -0.000000000000000000, 0.000000000000000000, 1.000000000000000000 ) ) ;
#11179 = DIRECTION ( 'NONE',  ( 1.000000000000000000, 0.000000000000000000, 0.000000000000000000 ) ) ;
#11180 = ORIENTED_EDGE ( 'NONE', *, *, #5056, .F. ) ;
#11181 = VECTOR ( 'NONE', #11588, 1000.000000000000000 ) ;
#11182 = DIRECTION ( 'NONE',  ( -1.000000000000000000, 0.000000000000000000, 0.000000000000000000 ) ) ;
#11183 = EDGE_CURVE ( 'NONE', #198, #243, #620, .T. ) ;
#11184 = DIRECTION ( 'NONE',  ( -0.000000000000000000, -0.000000000000000000, -1.000000000000000000 ) ) ;
#11185 = DIRECTION ( 'NONE',  ( -0.000000000000000000, 0.000000000000000000, 1.000000000000000000 ) ) ;
#11186 = ORIENTED_EDGE ( 'NONE', *, *, #12589, .T. ) ;
#11187 = VECTOR ( 'NONE', #1741, 999.9999999999998863 ) ;
#11188 = FACE_OUTER_BOUND ( 'NONE', #5737, .T. ) ;
#11189 = FACE_OUTER_BOUND ( 'NONE', #1222, .T. ) ;
#11190 = DIRECTION ( 'NONE',  ( -1.000000000000000000, 0.000000000000000000, 0.000000000000000000 ) ) ;
#11191 = CARTESIAN_POINT ( 'NONE',  ( 187.0936175437515487, 63.55093561087003451, 10.40000000000000213 ) ) ;
#11192 = ORIENTED_EDGE ( 'NONE', *, *, #10233, .F. ) ;
#11193 = EDGE_LOOP ( 'NONE', ( #11556, #2419 ) ) ;
#11194 = CARTESIAN_POINT ( 'NONE',  ( 203.2000000000004718, -7.389999999999986358, 10.00000000000000000 ) ) ;
#11195 = CIRCLE ( 'NONE', #4188, 1.750000000000001554 ) ;
#11196 = CARTESIAN_POINT ( 'NONE',  ( 172.4876398314652590, 94.83529219940430721, 8.800000000000000711 ) ) ;
#11197 = CIRCLE ( 'NONE', #10748, 1.750000000000001554 ) ;
#11198 = EDGE_CURVE ( 'NONE', #8124, #1647, #4922, .T. ) ;
#11199 = ORIENTED_EDGE ( 'NONE', *, *, #13436, .F. ) ;
#11200 = ADVANCED_FACE ( 'NONE', ( #414 ), #8883, .F. ) ;
#11201 = VECTOR ( 'NONE', #6988, 1000.000000000000000 ) ;
#11202 = CARTESIAN_POINT ( 'NONE',  ( 0.000000000000000000, 123.7179551689040693, 10.40000000000000213 ) ) ;
#11203 = VERTEX_POINT ( 'NONE', #6590 ) ;
#11204 = AXIS2_PLACEMENT_3D ( 'NONE', #11469, #8393, #6248 ) ;
#11205 = CARTESIAN_POINT ( 'NONE',  ( 67.45833726339711234, 134.2108150412378791, 0.000000000000000000 ) ) ;
#11206 = VECTOR ( 'NONE', #7201, 1000.000000000000000 ) ;
#11207 = CARTESIAN_POINT ( 'NONE',  ( 41.10258495182370098, 131.3036457082470179, 10.00000000000000000 ) ) ;
#11208 = CARTESIAN_POINT ( 'NONE',  ( 53.52200227285262457, 71.43544571980734759, 9.399999999999998579 ) ) ;
#11209 = DIRECTION ( 'NONE',  ( 1.000000000000000000, 0.000000000000000000, 0.000000000000000000 ) ) ;
#11210 = FACE_BOUND ( 'NONE', #4677, .T. ) ;
#11211 = VERTEX_POINT ( 'NONE', #11056 ) ;
#11212 = VERTEX_POINT ( 'NONE', #5706 ) ;
#11214 = DIRECTION ( 'NONE',  ( -0.000000000000000000, 0.000000000000000000, 1.000000000000000000 ) ) ;
#11213 = DIRECTION ( 'NONE',  ( 0.000000000000000000, 0.000000000000000000, -1.000000000000000000 ) ) ;
#11215 = CIRCLE ( 'NONE', #13411, 1.750000000000001554 ) ;
#11216 = ORIENTED_EDGE ( 'NONE', *, *, #6830, .F. ) ;
#11217 = EDGE_LOOP ( 'NONE', ( #12403, #28, #11122, #11938 ) ) ;
#11218 = ADVANCED_FACE ( 'NONE', ( #7710 ), #9831, .F. ) ;
#11219 = AXIS2_PLACEMENT_3D ( 'NONE', #4642, #9717, #13021 ) ;
#11220 = FACE_OUTER_BOUND ( 'NONE', #8433, .T. ) ;
#11221 = CARTESIAN_POINT ( 'NONE',  ( 25.54116097332610025, 98.50862242824007353, 8.800000000000000711 ) ) ;
#11222 = ORIENTED_EDGE ( 'NONE', *, *, #11810, .F. ) ;
#11223 = CIRCLE ( 'NONE', #12330, 7.649999999999962164 ) ;
#11224 = VECTOR ( 'NONE', #8041, 1000.000000000000000 ) ;
#11225 = DIRECTION ( 'NONE',  ( -0.000000000000000000, 0.000000000000000000, 1.000000000000000000 ) ) ;
#11226 = DIRECTION ( 'NONE',  ( -0.000000000000000000, 0.000000000000000000, 1.000000000000000000 ) ) ;
#11227 = AXIS2_PLACEMENT_3D ( 'NONE', #2693, #12132, #8915 ) ;
#11228 = VECTOR ( 'NONE', #2224, 1000.000000000000000 ) ;
#11229 = ORIENTED_EDGE ( 'NONE', *, *, #1990, .T. ) ;
#11230 = ORIENTED_EDGE ( 'NONE', *, *, #11316, .F. ) ;
#11231 = FACE_OUTER_BOUND ( 'NONE', #1425, .T. ) ;
#11232 = ORIENTED_EDGE ( 'NONE', *, *, #3409, .F. ) ;
#11233 = ORIENTED_EDGE ( 'NONE', *, *, #2314, .T. ) ;
#11234 = EDGE_CURVE ( 'NONE', #10638, #918, #4611, .T. ) ;
#11235 = AXIS2_PLACEMENT_3D ( 'NONE', #5210, #2286, #10281 ) ;
#11236 = CARTESIAN_POINT ( 'NONE',  ( 172.5127247140765121, 99.94750278602708704, 10.00000000000000000 ) ) ;
#11237 = AXIS2_PLACEMENT_3D ( 'NONE', #3571, #1537, #10816 ) ;
#11238 = VECTOR ( 'NONE', #5055, 1000.000000000000000 ) ;
#11239 = DIRECTION ( 'NONE',  ( 1.000000000000000000, 0.000000000000000000, 0.000000000000000000 ) ) ;
#11240 = DIRECTION ( 'NONE',  ( -1.000000000000000000, 0.000000000000000000, 0.000000000000000000 ) ) ;
#11241 = ORIENTED_EDGE ( 'NONE', *, *, #10825, .T. ) ;
#11242 = CARTESIAN_POINT ( 'NONE',  ( 197.3288390266748991, 28.60989453229146662, 8.799999999999995381 ) ) ;
#11243 = ORIENTED_EDGE ( 'NONE', *, *, #7027, .T. ) ;
#11244 = CARTESIAN_POINT ( 'NONE',  ( 136.5096358462825208, 93.69416979933204459, 10.40000000000000213 ) ) ;
#11245 = DIRECTION ( 'NONE',  ( 1.000000000000000000, 0.000000000000000000, 0.000000000000000000 ) ) ;
#11246 = DIRECTION ( 'NONE',  ( 1.000000000000000000, 0.000000000000000000, 0.000000000000000000 ) ) ;
#11247 = CIRCLE ( 'NONE', #1007, 1.900000000000012790 ) ;
#11248 = DIRECTION ( 'NONE',  ( 1.000000000000000000, 0.000000000000000000, 0.000000000000000000 ) ) ;
#11249 = EDGE_LOOP ( 'NONE', ( #13109, #10967 ) ) ;
#11250 = ORIENTED_EDGE ( 'NONE', *, *, #7246, .T. ) ;
#11251 = EDGE_CURVE ( 'NONE', #6000, #168, #7116, .T. ) ;
#11252 = CARTESIAN_POINT ( 'NONE',  ( 42.85258495182370098, 9.196027637130681498, 0.000000000000000000 ) ) ;
#11253 = AXIS2_PLACEMENT_3D ( 'NONE', #1787, #4512, #7536 ) ;
#11254 = CYLINDRICAL_SURFACE ( 'NONE', #363, 1.750000000000001554 ) ;
#11255 = ORIENTED_EDGE ( 'NONE', *, *, #3634, .T. ) ;
#11256 = CARTESIAN_POINT ( 'NONE',  ( 200.5000000000004547, -7.389999999999986358, 10.00000000000000000 ) ) ;
#11257 = EDGE_CURVE ( 'NONE', #3315, #2537, #13018, .T. ) ;
#11258 = EDGE_CURVE ( 'NONE', #11421, #6455, #9895, .T. ) ;
#11259 = DIRECTION ( 'NONE',  ( -1.000000000000000000, 0.000000000000000000, 0.000000000000000000 ) ) ;
#11260 = VECTOR ( 'NONE', #4515, 1000.000000000000000 ) ;
#11261 = VERTEX_POINT ( 'NONE', #12094 ) ;
#11262 = DIRECTION ( 'NONE',  ( -0.000000000000000000, -0.000000000000000000, -1.000000000000000000 ) ) ;
#11263 = CARTESIAN_POINT ( 'NONE',  ( 172.4876398314652590, 61.11163158215092750, 10.00000000000000000 ) ) ;
#11264 = ADVANCED_FACE ( 'NONE', ( #550 ), #6803, .F. ) ;
#11265 = CARTESIAN_POINT ( 'NONE',  ( 174.5379805785753149, 48.38256379482365332, 8.800000000000000711 ) ) ;
#11266 = AXIS2_PLACEMENT_3D ( 'NONE', #823, #8122, #6178 ) ;
#11267 = DIRECTION ( 'NONE',  ( -0.7071067811865482389, 0.000000000000000000, -0.7071067811865469066 ) ) ;
#11268 = ORIENTED_EDGE ( 'NONE', *, *, #4336, .F. ) ;
#11269 = EDGE_LOOP ( 'NONE', ( #5625, #4193, #11982, #971 ) ) ;
#11270 = VECTOR ( 'NONE', #766, 1000.000000000000000 ) ;
#11271 = FACE_OUTER_BOUND ( 'NONE', #3519, .T. ) ;
#11272 = EDGE_CURVE ( 'NONE', #10067, #3426, #12581, .T. ) ;
#11273 = CARTESIAN_POINT ( 'NONE',  ( 170.7376398314652590, 61.11163158215092750, 8.800000000000000711 ) ) ;
#11274 = ORIENTED_EDGE ( 'NONE', *, *, #3187, .T. ) ;
#11275 = DIRECTION ( 'NONE',  ( -1.000000000000000000, 0.000000000000000000, 0.000000000000000000 ) ) ;
#11276 = VECTOR ( 'NONE', #1764, 1000.000000000000000 ) ;
#11277 = DIRECTION ( 'NONE',  ( 1.000000000000000000, 0.000000000000000000, 0.000000000000000000 ) ) ;
#11278 = ORIENTED_EDGE ( 'NONE', *, *, #3864, .T. ) ;
#11279 = CIRCLE ( 'NONE', #12382, 1.900000000000012790 ) ;
#11280 = CARTESIAN_POINT ( 'NONE',  ( 42.86730598147647697, 97.12233422291699014, 0.000000000000000000 ) ) ;
#11281 = LINE ( 'NONE', #1921, #7496 ) ;
#11282 = LINE ( 'NONE', #12250, #2932 ) ;
#11283 = EDGE_CURVE ( 'NONE', #13442, #13495, #11917, .T. ) ;
#11284 = EDGE_CURVE ( 'NONE', #8968, #12659, #12441, .T. ) ;
#11285 = DIRECTION ( 'NONE',  ( 0.000000000000000000, 1.000000000000000000, 0.000000000000000000 ) ) ;
#11286 = EDGE_LOOP ( 'NONE', ( #3495, #6892, #2996, #7365 ) ) ;
#11287 = EDGE_LOOP ( 'NONE', ( #5353, #305, #10058, #5900 ) ) ;
#11288 = PLANE ( 'NONE',  #12186 ) ;
#11289 = VECTOR ( 'NONE', #9188, 1000.000000000000000 ) ;
#11290 = FACE_OUTER_BOUND ( 'NONE', #7896, .T. ) ;
#11291 = EDGE_LOOP ( 'NONE', ( #2203, #6753, #5227, #3474 ) ) ;
#11292 = CARTESIAN_POINT ( 'NONE',  ( 170.7376398314652590, 22.29570046879387135, 0.000000000000000000 ) ) ;
#11293 = ORIENTED_EDGE ( 'NONE', *, *, #3229, .T. ) ;
#11294 = VECTOR ( 'NONE', #12436, 1000.000000000000000 ) ;
#11295 = CARTESIAN_POINT ( 'NONE',  ( 172.9879805785753035, 126.1960381709627512, 0.000000000000000000 ) ) ;
#11296 = DIRECTION ( 'NONE',  ( 1.000000000000000000, 0.000000000000000000, 0.000000000000000000 ) ) ;
#11297 = LINE ( 'NONE', #5124, #11876 ) ;
#11298 = ORIENTED_EDGE ( 'NONE', *, *, #851, .T. ) ;
#11299 = CIRCLE ( 'NONE', #2788, 1.750000000000001554 ) ;
#11300 = LINE ( 'NONE', #12264, #6394 ) ;
#11301 = CIRCLE ( 'NONE', #419, 1.750000000000001554 ) ;
#11302 = DIRECTION ( 'NONE',  ( -0.000000000000000000, -0.000000000000000000, -1.000000000000000000 ) ) ;
#11303 = ADVANCED_FACE ( 'NONE', ( #953 ), #10172, .T. ) ;
#11304 = ORIENTED_EDGE ( 'NONE', *, *, #3799, .F. ) ;
#11305 = DIRECTION ( 'NONE',  ( 0.000000000000000000, 0.000000000000000000, -1.000000000000000000 ) ) ;
#11306 = ORIENTED_EDGE ( 'NONE', *, *, #9588, .T. ) ;
#11307 = ORIENTED_EDGE ( 'NONE', *, *, #4630, .F. ) ;
#11308 = TOROIDAL_SURFACE ( 'NONE', #10627, 5.099999999999999645, 1.500000000000000000 ) ;
#11309 = CARTESIAN_POINT ( 'NONE',  ( 173.2500054430789191, 91.45149578549951741, 0.000000000000000000 ) ) ;
#11310 = LINE ( 'NONE', #8231, #7922 ) ;
#11311 = EDGE_LOOP ( 'NONE', ( #1003, #1519 ) ) ;
#11312 = ORIENTED_EDGE ( 'NONE', *, *, #3494, .T. ) ;
#11313 = AXIS2_PLACEMENT_3D ( 'NONE', #12212, #2844, #6987 ) ;
#11314 = CARTESIAN_POINT ( 'NONE',  ( 42.86730598147647697, 126.1887866701237044, 10.00000000000000000 ) ) ;
#11316 = EDGE_CURVE ( 'NONE', #11440, #9546, #6006, .T. ) ;
#11315 = AXIS2_PLACEMENT_3D ( 'NONE', #12428, #10095, #10229 ) ;
#11317 = FACE_OUTER_BOUND ( 'NONE', #12438, .T. ) ;
#11318 = ORIENTED_EDGE ( 'NONE', *, *, #1276, .T. ) ;
#11319 = VERTEX_POINT ( 'NONE', #4967 ) ;
#11320 = CARTESIAN_POINT ( 'NONE',  ( 191.9588390266749514, 83.05906438913014256, 9.400000000000000355 ) ) ;
#11321 = VECTOR ( 'NONE', #11343, 1000.000000000000000 ) ;
#11322 = DIRECTION ( 'NONE',  ( -0.000000000000000000, -0.000000000000000000, -1.000000000000000000 ) ) ;
#11323 = ORIENTED_EDGE ( 'NONE', *, *, #817, .F. ) ;
#11324 = FACE_OUTER_BOUND ( 'NONE', #10818, .T. ) ;
#11325 = ORIENTED_EDGE ( 'NONE', *, *, #5137, .F. ) ;
#11326 = CARTESIAN_POINT ( 'NONE',  ( 43.61357415596929599, 132.8795249647809271, 0.000000000000000000 ) ) ;
#11327 = PRODUCT_DEFINITION_FORMATION_WITH_SPECIFIED_SOURCE ( 'ä»', '', #11016, .NOT_KNOWN. ) ;
#11328 = EDGE_CURVE ( 'NONE', #8032, #4988, #6656, .T. ) ;
#11329 = ORIENTED_EDGE ( 'NONE', *, *, #10475, .T. ) ;
#11330 = DIRECTION ( 'NONE',  ( 1.000000000000000000, 0.000000000000000000, 0.000000000000000000 ) ) ;
#11331 = DIRECTION ( 'NONE',  ( -0.000000000000000000, -0.7071067811865475727, -0.7071067811865475727 ) ) ;
#11332 = ADVANCED_FACE ( 'NONE', ( #3008 ), #12300, .F. ) ;
#11333 = LINE ( 'NONE', #3870, #2724 ) ;
#11334 = CARTESIAN_POINT ( 'NONE',  ( 187.0936175437515487, 83.05906438913014256, 4.400000000000001243 ) ) ;
#11335 = DIRECTION ( 'NONE',  ( 1.000000000000000000, 0.000000000000000000, 0.000000000000000000 ) ) ;
#11336 = ORIENTED_EDGE ( 'NONE', *, *, #13516, .T. ) ;
#11337 = VERTEX_POINT ( 'NONE', #10103 ) ;
#11338 = CARTESIAN_POINT ( 'NONE',  ( 172.4876398314652590, 22.29570046879387135, 10.00000000000000000 ) ) ;
#11339 = CARTESIAN_POINT ( 'NONE',  ( 172.7127247140765007, 133.7887398999099275, 8.800000000000000711 ) ) ;
#11340 = ORIENTED_EDGE ( 'NONE', *, *, #3291, .T. ) ;
#11341 = EDGE_CURVE ( 'NONE', #11062, #1926, #13326, .T. ) ;
#11342 = CIRCLE ( 'NONE', #6956, 1.900000000000012790 ) ;
#11343 = DIRECTION ( 'NONE',  ( 1.081565855712203252E-17, -1.000000000000000000, 0.000000000000000000 ) ) ;
#11344 = ORIENTED_EDGE ( 'NONE', *, *, #513, .T. ) ;
#11345 = ADVANCED_FACE ( 'NONE', ( #10369 ), #8056, .F. ) ;
#11346 = DIRECTION ( 'NONE',  ( 1.000000000000000000, 0.000000000000000000, 0.000000000000000000 ) ) ;
#11347 = CARTESIAN_POINT ( 'NONE',  ( 187.0936175437515487, 28.60989453229146662, 4.400000000000001243 ) ) ;
#11348 = CARTESIAN_POINT ( 'NONE',  ( 73.38604971557494139, 51.91583020066806142, 10.40000000000000213 ) ) ;
#11349 = CARTESIAN_POINT ( 'NONE',  ( 12.49999999999989875, 131.8050000000002626, 0.000000000000000000 ) ) ;
#11350 = EDGE_LOOP ( 'NONE', ( #13147, #12067, #365, #7177 ) ) ;
#11351 = ORIENTED_EDGE ( 'NONE', *, *, #4138, .F. ) ;
#11352 = AXIS2_PLACEMENT_3D ( 'NONE', #1499, #10702, #1353 ) ;
#11353 = FACE_BOUND ( 'NONE', #3030, .T. ) ;
#11354 = PLANE ( 'NONE',  #4079 ) ;
#11355 = ORIENTED_EDGE ( 'NONE', *, *, #6038, .F. ) ;
#11356 = ORIENTED_EDGE ( 'NONE', *, *, #6061, .F. ) ;
#11357 = FACE_OUTER_BOUND ( 'NONE', #11291, .T. ) ;
#11358 = EDGE_CURVE ( 'NONE', #10383, #8323, #4895, .T. ) ;
#11359 = EDGE_CURVE ( 'NONE', #4390, #11137, #6418, .T. ) ;
#11360 = DIRECTION ( 'NONE',  ( -1.000000000000000000, 0.000000000000000000, 0.000000000000000000 ) ) ;
#11361 = CARTESIAN_POINT ( 'NONE',  ( 175.7983587449205913, 62.55093561087003451, 9.400000000000003908 ) ) ;
#11362 = AXIS2_PLACEMENT_3D ( 'NONE', #7849, #4688, #12852 ) ;
#11363 = ORIENTED_EDGE ( 'NONE', *, *, #5565, .T. ) ;
#11364 = DIRECTION ( 'NONE',  ( -0.000000000000000000, -0.000000000000000000, -1.000000000000000000 ) ) ;
#11365 = PLANE ( 'NONE',  #8345 ) ;
#11366 = ORIENTED_EDGE ( 'NONE', *, *, #8913, .F. ) ;
#11367 = CARTESIAN_POINT ( 'NONE',  ( 78.81811639599669661, 24.99111346065453176, 0.000000000000000000 ) ) ;
#11368 = ORIENTED_EDGE ( 'NONE', *, *, #2470, .T. ) ;
#11369 = ORIENTED_EDGE ( 'NONE', *, *, #12440, .F. ) ;
#11370 = FACE_OUTER_BOUND ( 'NONE', #3628, .T. ) ;
#11371 = EDGE_CURVE ( 'NONE', #6341, #8715, #13460, .T. ) ;
#11372 = EDGE_CURVE ( 'NONE', #3816, #152, #12169, .T. ) ;
#11373 = CARTESIAN_POINT ( 'NONE',  ( 200.3288390266748706, 82.80500000000019156, 0.000000000000000000 ) ) ;
#11374 = DIRECTION ( 'NONE',  ( -0.5000019787638134705, -0.4999980212283624548, -0.7071067811865426878 ) ) ;
#11375 = ORIENTED_EDGE ( 'NONE', *, *, #6490, .F. ) ;
#11376 = ORIENTED_EDGE ( 'NONE', *, *, #12676, .T. ) ;
#11377 = CARTESIAN_POINT ( 'NONE',  ( 41.31750019482987568, 120.8673531877020793, 10.40000000000000213 ) ) ;
#11378 = DIRECTION ( 'NONE',  ( -0.5000019787638108060, -0.4999980212283599013, -0.7071067811865463515 ) ) ;
#11379 = LINE ( 'NONE', #11443, #12575 ) ;
#11380 = ORIENTED_EDGE ( 'NONE', *, *, #2265, .T. ) ;
#11381 = ORIENTED_EDGE ( 'NONE', *, *, #10048, .T. ) ;
#11382 = DIRECTION ( 'NONE',  ( -0.000000000000000000, 0.000000000000000000, 1.000000000000000000 ) ) ;
#11383 = CYLINDRICAL_SURFACE ( 'NONE', #13469, 1.750000000000001554 ) ;
#11384 = ORIENTED_EDGE ( 'NONE', *, *, #10900, .T. ) ;
#11385 = CARTESIAN_POINT ( 'NONE',  ( 148.3597551873219231, 128.5517170524556718, 8.800000000000000711 ) ) ;
#11386 = ORIENTED_EDGE ( 'NONE', *, *, #1828, .F. ) ;
#11387 = CARTESIAN_POINT ( 'NONE',  ( 44.35609702419591116, 52.23860980879842941, 8.800000000000000711 ) ) ;
#11388 = CIRCLE ( 'NONE', #6774, 5.100000000000000533 ) ;
#11389 = DIRECTION ( 'NONE',  ( -0.000000000000000000, 0.000000000000000000, 1.000000000000000000 ) ) ;
#11390 = EDGE_CURVE ( 'NONE', #7608, #2888, #1224, .T. ) ;
#11391 = CARTESIAN_POINT ( 'NONE',  ( 25.54116097332608959, 20.89204483109605803, 8.800000000000000711 ) ) ;
#11392 = ORIENTED_EDGE ( 'NONE', *, *, #1992, .F. ) ;
#11393 = DIRECTION ( 'NONE',  ( -0.000000000000000000, -0.000000000000000000, -1.000000000000000000 ) ) ;
#11394 = CARTESIAN_POINT ( 'NONE',  ( 0.000000000000000000, 120.8673531877020793, 10.40000000000000213 ) ) ;
#11395 = CYLINDRICAL_SURFACE ( 'NONE', #13421, 1.750000000000001554 ) ;
#11396 = ORIENTED_EDGE ( 'NONE', *, *, #9459, .T. ) ;
#11397 = LINE ( 'NONE', #3132, #8162 ) ;
#11398 = DIRECTION ( 'NONE',  ( -1.000000000000000000, 0.000000000000000000, 0.000000000000000000 ) ) ;
#11399 = ORIENTED_EDGE ( 'NONE', *, *, #4889, .T. ) ;
#11400 = VERTEX_POINT ( 'NONE', #9091 ) ;
#11401 = ORIENTED_EDGE ( 'NONE', *, *, #11611, .F. ) ;
#11402 = CARTESIAN_POINT ( 'NONE',  ( 205.0000000000004547, -7.390000000000313207, 0.1252272915132048026 ) ) ;
#11403 = ADVANCED_FACE ( 'NONE', ( #13192 ), #6947, .F. ) ;
#11404 = VECTOR ( 'NONE', #13423, 1000.000000000000000 ) ;
#11405 = CARTESIAN_POINT ( 'NONE',  ( 164.0992579820906201, 74.25012897327849259, 8.800000000000000711 ) ) ;
#11406 = ORIENTED_EDGE ( 'NONE', *, *, #3465, .F. ) ;
#11407 = LINE ( 'NONE', #12451, #13200 ) ;
#11408 = DIRECTION ( 'NONE',  ( -0.000000000000000000, 0.000000000000000000, 1.000000000000000000 ) ) ;
#11409 = CARTESIAN_POINT ( 'NONE',  ( 90.50672948317448174, 20.93033631178033005, 0.000000000000000000 ) ) ;
#11410 = FACE_BOUND ( 'NONE', #3125, .T. ) ;
#11411 = VECTOR ( 'NONE', #7282, 1000.000000000000000 ) ;
#11412 = ORIENTED_EDGE ( 'NONE', *, *, #9332, .T. ) ;
#11413 = EDGE_CURVE ( 'NONE', #1515, #9947, #8192, .T. ) ;
#11414 = FACE_BOUND ( 'NONE', #3658, .T. ) ;
#11415 = ORIENTED_EDGE ( 'NONE', *, *, #679, .F. ) ;
#11416 = VERTEX_POINT ( 'NONE', #2873 ) ;
#11417 = EDGE_CURVE ( 'NONE', #12703, #12945, #3872, .T. ) ;
#11418 = AXIS2_PLACEMENT_3D ( 'NONE', #9427, #7301, #4136 ) ;
#11419 = FACE_OUTER_BOUND ( 'NONE', #9458, .T. ) ;
#11420 = AXIS2_PLACEMENT_3D ( 'NONE', #8646, #7684, #8718 ) ;
#11421 = VERTEX_POINT ( 'NONE', #13389 ) ;
#11422 = DIRECTION ( 'NONE',  ( 1.000000000000000000, -7.968624249359898072E-16, 0.000000000000000000 ) ) ;
#11423 = DIRECTION ( 'NONE',  ( -1.000000000000000000, 0.000000000000000000, 0.000000000000000000 ) ) ;
#11424 = AXIS2_PLACEMENT_3D ( 'NONE', #12754, #11722, #1407 ) ;
#11425 = ORIENTED_EDGE ( 'NONE', *, *, #3820, .T. ) ;
#11426 = EDGE_CURVE ( 'NONE', #9552, #3077, #12370, .T. ) ;
#11427 = CARTESIAN_POINT ( 'NONE',  ( 205.0000000000004547, 28.60989453229147017, 0.000000000000000000 ) ) ;
#11428 = AXIS2_PLACEMENT_3D ( 'NONE', #10930, #5586, #9842 ) ;
#11429 = ORIENTED_EDGE ( 'NONE', *, *, #2910, .T. ) ;
#11430 = VERTEX_POINT ( 'NONE', #11465 ) ;
#11431 = EDGE_CURVE ( 'NONE', #1835, #5888, #12769, .T. ) ;
#11432 = DIRECTION ( 'NONE',  ( -0.000000000000000000, 1.000000000000000000, 0.000000000000000000 ) ) ;
#11433 = AXIS2_PLACEMENT_3D ( 'NONE', #4140, #5181, #9568 ) ;
#11434 = AXIS2_PLACEMENT_3D ( 'NONE', #12076, #1892, #4806 ) ;
#11435 = DIRECTION ( 'NONE',  ( -0.000000000000000000, 0.000000000000000000, 1.000000000000000000 ) ) ;
#11436 = PLANE ( 'NONE',  #6592 ) ;
#11437 = ORIENTED_EDGE ( 'NONE', *, *, #8685, .T. ) ;
#11438 = CIRCLE ( 'NONE', #13202, 2.700000000000002842 ) ;
#11439 = AXIS2_PLACEMENT_3D ( 'NONE', #8574, #4076, #1208 ) ;
#11440 = VERTEX_POINT ( 'NONE', #2106 ) ;
#11441 = LINE ( 'NONE', #13504, #3813 ) ;
#11442 = CARTESIAN_POINT ( 'NONE',  ( 191.9588390266749514, 101.3592244094420494, 10.40000000000000213 ) ) ;
#11443 = CARTESIAN_POINT ( 'NONE',  ( 197.3288390266748991, 82.80500000000019156, 4.400000000000001243 ) ) ;
#11444 = ORIENTED_EDGE ( 'NONE', *, *, #4702, .F. ) ;
#11445 = EDGE_CURVE ( 'NONE', #6613, #4486, #12144, .T. ) ;
#11446 = CARTESIAN_POINT ( 'NONE',  ( 45.11403200266500590, 123.7087698414060526, 10.00000000000000000 ) ) ;
#11447 = ADVANCED_FACE ( 'NONE', ( #1030 ), #2306, .F. ) ;
#11448 = DIRECTION ( 'NONE',  ( -0.000000000000000000, 0.000000000000000000, 1.000000000000000000 ) ) ;
#11449 = CIRCLE ( 'NONE', #13212, 1.899999999999985034 ) ;
#11450 = ORIENTED_EDGE ( 'NONE', *, *, #3978, .F. ) ;
#11451 = VECTOR ( 'NONE', #3638, 1000.000000000000000 ) ;
#11452 = DIRECTION ( 'NONE',  ( -1.000000000000000000, 0.000000000000000000, 0.000000000000000000 ) ) ;
#11453 = ORIENTED_EDGE ( 'NONE', *, *, #5889, .F. ) ;
#11454 = AXIS2_PLACEMENT_3D ( 'NONE', #9320, #1739, #8018 ) ;
#11455 = CARTESIAN_POINT ( 'NONE',  ( 172.4876398314652590, 22.29570046879387135, 0.000000000000000000 ) ) ;
#11456 = VERTEX_POINT ( 'NONE', #1289 ) ;
#11457 = CIRCLE ( 'NONE', #5985, 1.750000000000001554 ) ;
#11458 = CARTESIAN_POINT ( 'NONE',  ( 12.49999999999989875, 153.0000000000004547, 0.1252272915131831255 ) ) ;
#11459 = CARTESIAN_POINT ( 'NONE',  ( 25.54116097332608959, 20.89204483109605803, 10.40000000000000213 ) ) ;
#11460 = CIRCLE ( 'NONE', #5988, 7.000000000000002665 ) ;
#11461 = DIRECTION ( 'NONE',  ( 0.000000000000000000, 0.000000000000000000, -1.000000000000000000 ) ) ;
#11462 = ORIENTED_EDGE ( 'NONE', *, *, #12505, .T. ) ;
#11463 = DIRECTION ( 'NONE',  ( 1.000000000000000000, 0.000000000000000000, 0.000000000000000000 ) ) ;
#11464 = EDGE_CURVE ( 'NONE', #4907, #2681, #13526, .T. ) ;
#11465 = CARTESIAN_POINT ( 'NONE',  ( 41.10258495182370098, 19.47317995467786389, 0.000000000000000000 ) ) ;
#11466 = EDGE_LOOP ( 'NONE', ( #9404, #742 ) ) ;
#11467 = CARTESIAN_POINT ( 'NONE',  ( 25.54116097332610025, 121.8673531877020793, 9.400000000000000355 ) ) ;
#11468 = ORIENTED_EDGE ( 'NONE', *, *, #11284, .T. ) ;
#11469 = CARTESIAN_POINT ( 'NONE',  ( 45.11403200266500590, 16.77682456503958619, 8.800000000000000711 ) ) ;
#11470 = CIRCLE ( 'NONE', #10808, 1.750000000000001554 ) ;
#11471 = CARTESIAN_POINT ( 'NONE',  ( 136.5252465877439079, 54.88588100076002974, 10.40000000000000213 ) ) ;
#11472 = ORIENTED_EDGE ( 'NONE', *, *, #467, .T. ) ;
#11473 = CARTESIAN_POINT ( 'NONE',  ( 45.11403200266500590, 89.52015041444528265, 10.00000000000000000 ) ) ;
#11474 = CARTESIAN_POINT ( 'NONE',  ( 69.35833726339713223, 95.27330718339189275, 0.000000000000000000 ) ) ;
#11475 = CYLINDRICAL_SURFACE ( 'NONE', #5097, 3.599999999999995648 ) ;
#11476 = EDGE_CURVE ( 'NONE', #10136, #425, #13451, .T. ) ;
#11477 = CIRCLE ( 'NONE', #13454, 1.750000000000001554 ) ;
#11478 = LINE ( 'NONE', #1165, #789 ) ;
#11479 = DIRECTION ( 'NONE',  ( -0.000000000000000000, -0.000000000000000000, -1.000000000000000000 ) ) ;
#11480 = ORIENTED_EDGE ( 'NONE', *, *, #13531, .T. ) ;
#11481 = FACE_BOUND ( 'NONE', #3100, .T. ) ;
#11482 = CARTESIAN_POINT ( 'NONE',  ( 127.0962509126547531, 46.80401707400540090, 10.00000000000000000 ) ) ;
#11483 = ORIENTED_EDGE ( 'NONE', *, *, #12266, .F. ) ;
#11484 = VERTEX_POINT ( 'NONE', #9488 ) ;
#11485 = DIRECTION ( 'NONE',  ( -0.000000000000000000, 0.000000000000000000, 1.000000000000000000 ) ) ;
#11486 = VECTOR ( 'NONE', #6936, 1000.000000000000000 ) ;
#11487 = DIRECTION ( 'NONE',  ( -0.000000000000000000, 0.000000000000000000, 1.000000000000000000 ) ) ;
#11488 = EDGE_CURVE ( 'NONE', #10188, #6267, #4469, .T. ) ;
#11489 = VERTEX_POINT ( 'NONE', #1220 ) ;
#11490 = DIRECTION ( 'NONE',  ( 1.000000000000000000, 0.000000000000000000, 0.000000000000000000 ) ) ;
#11491 = CARTESIAN_POINT ( 'NONE',  ( 172.5127247140765121, 99.94750278602708704, 0.000000000000000000 ) ) ;
#11492 = DIRECTION ( 'NONE',  ( -0.000000000000000000, -0.7071067811865475727, -0.7071067811865475727 ) ) ;
#11493 = EDGE_CURVE ( 'NONE', #1142, #3493, #9557, .T. ) ;
#11495 = EDGE_CURVE ( 'NONE', #3239, #3509, #12642, .T. ) ;
#11494 = AXIS2_PLACEMENT_3D ( 'NONE', #10006, #13359, #6839 ) ;
#11496 = ORIENTED_EDGE ( 'NONE', *, *, #13402, .T. ) ;
#11497 = VECTOR ( 'NONE', #4065, 1000.000000000000000 ) ;
#11498 = CARTESIAN_POINT ( 'NONE',  ( 33.40638245624898417, 4.277200709857013472E-15, 10.40000000000000213 ) ) ;
#11499 = ORIENTED_EDGE ( 'NONE', *, *, #13028, .T. ) ;
#11500 = DIRECTION ( 'NONE',  ( -0.000000000000000000, 0.000000000000000000, 1.000000000000000000 ) ) ;
#11501 = ORIENTED_EDGE ( 'NONE', *, *, #692, .F. ) ;
#11502 = CARTESIAN_POINT ( 'NONE',  ( 174.7485405866029851, 97.45949380390098327, 8.800000000000000711 ) ) ;
#11503 = AXIS2_PLACEMENT_3D ( 'NONE', #6002, #2827, #3692 ) ;
#11504 = CARTESIAN_POINT ( 'NONE',  ( 42.86730598147647697, 53.15839306104777506, 8.800000000000000711 ) ) ;
#11505 = ADVANCED_FACE ( 'NONE', ( #10493 ), #5424, .F. ) ;
#11506 = FACE_OUTER_BOUND ( 'NONE', #4708, .T. ) ;
#11507 = ORIENTED_EDGE ( 'NONE', *, *, #13362, .T. ) ;
#11508 = ORIENTED_EDGE ( 'NONE', *, *, #10246, .T. ) ;
#11509 = DIRECTION ( 'NONE',  ( -0.000000000000000000, 0.000000000000000000, 1.000000000000000000 ) ) ;
#11510 = DIRECTION ( 'NONE',  ( -1.000000000000000000, 0.000000000000000000, 0.000000000000000000 ) ) ;
#11511 = DIRECTION ( 'NONE',  ( -1.000000000000000000, 0.000000000000000000, 0.000000000000000000 ) ) ;
#11512 = EDGE_CURVE ( 'NONE', #6736, #13453, #10434, .T. ) ;
#11513 = EDGE_CURVE ( 'NONE', #10377, #12572, #2173, .T. ) ;
#11514 = DIRECTION ( 'NONE',  ( 0.7071067811865482389, 8.659560562354941486E-17, -0.7071067811865469066 ) ) ;
#11515 = VERTEX_POINT ( 'NONE', #8524 ) ;
#11516 = CARTESIAN_POINT ( 'NONE',  ( 205.0000000000005684, 150.6000000000006764, 0.000000000000000000 ) ) ;
#11517 = CYLINDRICAL_SURFACE ( 'NONE', #10616, 1.750000000000001554 ) ;
#11518 = ORIENTED_EDGE ( 'NONE', *, *, #6657, .F. ) ;
#11519 = LINE ( 'NONE', #2361, #12843 ) ;
#11520 = EDGE_LOOP ( 'NONE', ( #4119, #8348, #4446, #10699 ) ) ;
#11521 = AXIS2_PLACEMENT_3D ( 'NONE', #1547, #10755, #3454 ) ;
#11522 = CARTESIAN_POINT ( 'NONE',  ( 44.36851964925642022, 15.19356484821634545, 10.00000000000000000 ) ) ;
#11523 = LINE ( 'NONE', #42, #12722 ) ;
#11524 = EDGE_CURVE ( 'NONE', #6234, #1716, #11535, .T. ) ;
#11525 = ORIENTED_EDGE ( 'NONE', *, *, #9230, .F. ) ;
#11526 = EDGE_CURVE ( 'NONE', #10964, #11888, #9723, .T. ) ;
#11527 = AXIS2_PLACEMENT_3D ( 'NONE', #1015, #6101, #5154 ) ;
#11528 = CARTESIAN_POINT ( 'NONE',  ( 114.4693667794831953, 114.4693667794831953, 0.000000000000000000 ) ) ;
#11529 = DIRECTION ( 'NONE',  ( -0.000000000000000000, 0.000000000000000000, 1.000000000000000000 ) ) ;
#11530 = CYLINDRICAL_SURFACE ( 'NONE', #4598, 1.750000000000001554 ) ;
#11531 = AXIS2_PLACEMENT_3D ( 'NONE', #4204, #3213, #10443 ) ;
#11532 = LINE ( 'NONE', #1148, #4431 ) ;
#11533 = ORIENTED_EDGE ( 'NONE', *, *, #4730, .F. ) ;
#11534 = LINE ( 'NONE', #2172, #3580 ) ;
#11535 = LINE ( 'NONE', #5230, #2093 ) ;
#11536 = VERTEX_POINT ( 'NONE', #7369 ) ;
#11537 = ORIENTED_EDGE ( 'NONE', *, *, #4514, .F. ) ;
#11538 = AXIS2_PLACEMENT_3D ( 'NONE', #3303, #12540, #5332 ) ;
#11539 = EDGE_LOOP ( 'NONE', ( #575, #2378, #12527, #10031 ) ) ;
#11540 = CARTESIAN_POINT ( 'NONE',  ( 140.4492919255787058, 3.846501363067972523, 0.000000000000000000 ) ) ;
#11541 = AXIS2_PLACEMENT_3D ( 'NONE', #7749, #3892, #3950 ) ;
#11542 = ADVANCED_FACE ( 'NONE', ( #5293 ), #11593, .F. ) ;
#11543 = CYLINDRICAL_SURFACE ( 'NONE', #12178, 1.900000000000012790 ) ;
#11544 = ORIENTED_EDGE ( 'NONE', *, *, #6233, .F. ) ;
#11545 = LINE ( 'NONE', #8535, #3355 ) ;
#11546 = FACE_OUTER_BOUND ( 'NONE', #5078, .T. ) ;
#11547 = CARTESIAN_POINT ( 'NONE',  ( 175.7827480034592043, 101.3592244094420494, 9.400000000000003908 ) ) ;
#11548 = FACE_BOUND ( 'NONE', #11991, .T. ) ;
#11549 = ORIENTED_EDGE ( 'NONE', *, *, #7394, .T. ) ;
#11550 = FACE_BOUND ( 'NONE', #11249, .T. ) ;
#11551 = ORIENTED_EDGE ( 'NONE', *, *, #11756, .T. ) ;
#11552 = EDGE_LOOP ( 'NONE', ( #2328, #11472, #187, #9222, #489, #7399, #11964, #6029, #7598, #2752, #3740, #13314, #9426, #9290, #9301, #11821, #5578, #5296 ) ) ;
#11553 = CYLINDRICAL_SURFACE ( 'NONE', #8365, 1.899999999999957279 ) ;
#11554 = ADVANCED_FACE ( 'NONE', ( #12571 ), #9615, .F. ) ;
#11555 = FACE_OUTER_BOUND ( 'NONE', #10210, .T. ) ;
#11556 = ORIENTED_EDGE ( 'NONE', *, *, #11827, .F. ) ;
#11557 = DIRECTION ( 'NONE',  ( -0.000000000000000000, -0.000000000000000000, -1.000000000000000000 ) ) ;
#11558 = DIRECTION ( 'NONE',  ( 0.5000000000000143219, -0.5000000000000136557, -0.7071067811865279218 ) ) ;
#11559 = AXIS2_PLACEMENT_3D ( 'NONE', #12799, #10728, #2547 ) ;
#11560 = ORIENTED_EDGE ( 'NONE', *, *, #11931, .F. ) ;
#11561 = DIRECTION ( 'NONE',  ( -0.000000000000000000, 0.000000000000000000, 1.000000000000000000 ) ) ;
#11562 = ORIENTED_EDGE ( 'NONE', *, *, #3023, .T. ) ;
#11563 = ORIENTED_EDGE ( 'NONE', *, *, #13372, .F. ) ;
#11564 = FACE_OUTER_BOUND ( 'NONE', #1662, .T. ) ;
#11565 = EDGE_CURVE ( 'NONE', #6740, #1835, #6663, .T. ) ;
#11566 = DIRECTION ( 'NONE',  ( -1.000000000000000000, 0.000000000000000000, 0.000000000000000000 ) ) ;
#11567 = DIRECTION ( 'NONE',  ( -0.000000000000000000, 0.000000000000000000, 1.000000000000000000 ) ) ;
#11568 = ORIENTED_EDGE ( 'NONE', *, *, #4637, .F. ) ;
#11569 = ORIENTED_EDGE ( 'NONE', *, *, #13449, .F. ) ;
#11570 = DIRECTION ( 'NONE',  ( -1.000000000000000000, 0.000000000000000000, 0.000000000000000000 ) ) ;
#11571 = DIRECTION ( 'NONE',  ( 1.000000000000000000, 0.000000000000000000, 0.000000000000000000 ) ) ;
#11572 = DIRECTION ( 'NONE',  ( 1.000000000000000000, 0.000000000000000000, 0.000000000000000000 ) ) ;
#11573 = CARTESIAN_POINT ( 'NONE',  ( 85.00734701375183988, 117.7494076238474747, 10.00000000000000000 ) ) ;
#11574 = EDGE_LOOP ( 'NONE', ( #7040, #5145, #12555, #395 ) ) ;
#11575 = CARTESIAN_POINT ( 'NONE',  ( 42.86730598147647697, 48.02469477777533058, 10.00000000000000000 ) ) ;
#11576 = CARTESIAN_POINT ( 'NONE',  ( 41.76293755839827071, 44.25077559055805665, 8.800000000000000711 ) ) ;
#11577 = ORIENTED_EDGE ( 'NONE', *, *, #12935, .T. ) ;
#11578 = EDGE_CURVE ( 'NONE', #8864, #9338, #3595, .T. ) ;
#11579 = CARTESIAN_POINT ( 'NONE',  ( 43.88854327116730047, 88.27087967958746617, 8.800000000000000711 ) ) ;
#11580 = VERTEX_POINT ( 'NONE', #8791 ) ;
#11581 = CARTESIAN_POINT ( 'NONE',  ( 25.34116097332609385, 82.80500000000016314, 4.400000000000001243 ) ) ;
#11582 = EDGE_CURVE ( 'NONE', #6495, #6613, #4698, .T. ) ;
#11583 = AXIS2_PLACEMENT_3D ( 'NONE', #10632, #12501, #9491 ) ;
#11584 = CARTESIAN_POINT ( 'NONE',  ( 76.91811639599669093, 142.0078835394621706, 8.800000000000000711 ) ) ;
#11585 = ORIENTED_EDGE ( 'NONE', *, *, #536, .T. ) ;
#11586 = CARTESIAN_POINT ( 'NONE',  ( 173.8842468286646579, 88.82177309436006851, 10.00000000000000000 ) ) ;
#11587 = CYLINDRICAL_SURFACE ( 'NONE', #10846, 1.900000000000012790 ) ;
#11588 = DIRECTION ( 'NONE',  ( -0.000000000000000000, -0.000000000000000000, -1.000000000000000000 ) ) ;
#11589 = LINE ( 'NONE', #3201, #7736 ) ;
#11590 = EDGE_LOOP ( 'NONE', ( #9452, #11250, #5015, #7467 ) ) ;
#11591 = DIRECTION ( 'NONE',  ( -1.000000000000000000, 0.000000000000000000, 0.000000000000000000 ) ) ;
#11592 = CARTESIAN_POINT ( 'NONE',  ( 140.5244221264164253, 81.91230903241692829, 0.000000000000000000 ) ) ;
#11593 = PLANE ( 'NONE',  #1446 ) ;
#11594 = ORIENTED_EDGE ( 'NONE', *, *, #7153, .F. ) ;
#11595 = AXIS2_PLACEMENT_3D ( 'NONE', #3883, #2817, #8382 ) ;
#11596 = DIRECTION ( 'NONE',  ( -1.000000000000000000, 0.000000000000000000, 0.000000000000000000 ) ) ;
#11597 = EDGE_CURVE ( 'NONE', #12224, #13163, #4931, .T. ) ;
#11598 = FACE_OUTER_BOUND ( 'NONE', #12460, .T. ) ;
#11599 = FACE_OUTER_BOUND ( 'NONE', #4483, .T. ) ;
#11600 = CARTESIAN_POINT ( 'NONE',  ( 14.30000000000000249, -7.389999999999980140, 10.00000000000000000 ) ) ;
#11601 = VECTOR ( 'NONE', #12070, 1000.000000000000000 ) ;
#11602 = VERTEX_POINT ( 'NONE', #9671 ) ;
#11603 = LINE ( 'NONE', #2247, #531 ) ;
#11604 = DIRECTION ( 'NONE',  ( 0.8164960423742880780, -1.615656005280620973E-06, 0.5773510308161876603 ) ) ;
#11605 = LINE ( 'NONE', #11547, #10341 ) ;
#11606 = CARTESIAN_POINT ( 'NONE',  ( 136.4940251048210769, 132.5024585979040523, 9.400000000000028777 ) ) ;
#11607 = DIRECTION ( 'NONE',  ( -0.000000000000000000, -0.000000000000000000, -1.000000000000000000 ) ) ;
#11608 = VERTEX_POINT ( 'NONE', #7633 ) ;
#11609 = EDGE_CURVE ( 'NONE', #6181, #12051, #12157, .T. ) ;
#11610 = FACE_BOUND ( 'NONE', #4940, .T. ) ;
#11611 = EDGE_CURVE ( 'NONE', #3432, #2170, #8216, .T. ) ;
#11612 = ORIENTED_EDGE ( 'NONE', *, *, #8495, .T. ) ;
#11613 = VERTEX_POINT ( 'NONE', #3662 ) ;
#11614 = CARTESIAN_POINT ( 'NONE',  ( 45.11403200266500590, 11.86983023117878666, 10.00000000000000000 ) ) ;
#11615 = DIRECTION ( 'NONE',  ( -0.000000000000000000, 0.000000000000000000, 1.000000000000000000 ) ) ;
#11616 = ORIENTED_EDGE ( 'NONE', *, *, #9389, .T. ) ;
#11617 = AXIS2_PLACEMENT_3D ( 'NONE', #5221, #12691, #7477 ) ;
#11618 = DIRECTION ( 'NONE',  ( 1.000000000000000000, 0.000000000000000000, 0.000000000000000000 ) ) ;
#11619 = CARTESIAN_POINT ( 'NONE',  ( 136.5252465877439079, 54.88588100076002974, 8.800000000000000711 ) ) ;
#11620 = ORIENTED_EDGE ( 'NONE', *, *, #4602, .F. ) ;
#11621 = EDGE_LOOP ( 'NONE', ( #10896, #11560 ) ) ;
#11622 = EDGE_CURVE ( 'NONE', #1571, #3649, #4464, .T. ) ;
#11623 = DIRECTION ( 'NONE',  ( 1.000000000000000000, 0.000000000000000000, 0.000000000000000000 ) ) ;
#11624 = ORIENTED_EDGE ( 'NONE', *, *, #10571, .T. ) ;
#11625 = ORIENTED_EDGE ( 'NONE', *, *, #2330, .T. ) ;
#11626 = AXIS2_PLACEMENT_3D ( 'NONE', #4601, #4395, #12842 ) ;
#11627 = DIRECTION ( 'NONE',  ( 1.000000000000000000, 0.000000000000000000, 0.000000000000000000 ) ) ;
#11628 = CARTESIAN_POINT ( 'NONE',  ( 72.40166045703638531, 13.10754140209606078, 9.400000000000034106 ) ) ;
#11629 = CIRCLE ( 'NONE', #6582, 1.750000000000001554 ) ;
#11630 = CARTESIAN_POINT ( 'NONE',  ( 205.0000000000004547, 28.60989453229147017, 0.000000000000000000 ) ) ;
#11631 = ORIENTED_EDGE ( 'NONE', *, *, #6473, .T. ) ;
#11632 = EDGE_LOOP ( 'NONE', ( #11255, #7463, #3967, #10595 ) ) ;
#11633 = CARTESIAN_POINT ( 'NONE',  ( 10.92684731281759802, 71.43553000572502754, 39.51938251707692729 ) ) ;
#11634 = CYLINDRICAL_SURFACE ( 'NONE', #8853, 1.750000000000001554 ) ;
#11635 = LINE ( 'NONE', #8708, #12296 ) ;
#11636 = AXIS2_PLACEMENT_3D ( 'NONE', #9229, #11074, #8069 ) ;
#11637 = AXIS2_PLACEMENT_3D ( 'NONE', #13303, #5006, #10080 ) ;
#11638 = CARTESIAN_POINT ( 'NONE',  ( 46.83002210663564568, 6.715518501719201616, 10.00000000000000000 ) ) ;
#11639 = ORIENTED_EDGE ( 'NONE', *, *, #7, .T. ) ;
#11640 = DIRECTION ( 'NONE',  ( -0.000000000000000000, 0.000000000000000000, 1.000000000000000000 ) ) ;
#11641 = EDGE_CURVE ( 'NONE', #4657, #3371, #2715, .T. ) ;
#11642 = CARTESIAN_POINT ( 'NONE',  ( 92.59275623606896488, 8.774332390532082471, 10.00000000000000000 ) ) ;
#11643 = VERTEX_POINT ( 'NONE', #6786 ) ;
#11644 = PLANE ( 'NONE',  #7383 ) ;
#11645 = ORIENTED_EDGE ( 'NONE', *, *, #6190, .T. ) ;
#11646 = DIRECTION ( 'NONE',  ( -1.000000000000000000, 0.000000000000000000, 0.000000000000000000 ) ) ;
#11647 = VECTOR ( 'NONE', #8700, 1000.000000000000000 ) ;
#11648 = AXIS2_PLACEMENT_3D ( 'NONE', #4595, #1493, #2441 ) ;
#11649 = AXIS2_PLACEMENT_3D ( 'NONE', #6515, #5704, #10780 ) ;
#11650 = DIRECTION ( 'NONE',  ( -1.000000000000000000, 0.000000000000000000, 0.000000000000000000 ) ) ;
#11651 = ORIENTED_EDGE ( 'NONE', *, *, #7708, .F. ) ;
#11652 = FACE_OUTER_BOUND ( 'NONE', #5822, .T. ) ;
#11653 = EDGE_CURVE ( 'NONE', #12151, #6162, #10698, .T. ) ;
#11654 = DIRECTION ( 'NONE',  ( -0.000000000000000000, -0.000000000000000000, -1.000000000000000000 ) ) ;
#11655 = CARTESIAN_POINT ( 'NONE',  ( 41.10258495182370098, 9.196027637130681498, 8.800000000000000711 ) ) ;
#11656 = CIRCLE ( 'NONE', #11004, 1.750000000000001554 ) ;
#11657 = VECTOR ( 'NONE', #12552, 1000.000000000000000 ) ;
#11658 = LINE ( 'NONE', #1217, #770 ) ;
#11659 = VERTEX_POINT ( 'NONE', #7895 ) ;
#11660 = DIRECTION ( 'NONE',  ( 1.081565855712203252E-17, -1.000000000000000000, 0.000000000000000000 ) ) ;
#11661 = LINE ( 'NONE', #2305, #2268 ) ;
#11662 = EDGE_CURVE ( 'NONE', #1731, #4612, #5143, .T. ) ;
#11663 = ADVANCED_FACE ( 'NONE', ( #4596 ), #461, .F. ) ;
#11664 = CIRCLE ( 'NONE', #5751, 1.900000000000012790 ) ;
#11665 = CARTESIAN_POINT ( 'NONE',  ( 20.17116097332603175, 149.8940936094211054, 8.800000000000000711 ) ) ;
#11666 = VERTEX_POINT ( 'NONE', #10901 ) ;
#11667 = DIRECTION ( 'NONE',  ( 1.000000000000000000, 0.000000000000000000, 0.000000000000000000 ) ) ;
#11668 = DIRECTION ( 'NONE',  ( -0.000000000000000000, -0.000000000000000000, -1.000000000000000000 ) ) ;
#11669 = CYLINDRICAL_SURFACE ( 'NONE', #6502, 1.900000000000012790 ) ;
#11670 = DIRECTION ( 'NONE',  ( -0.000000000000000000, -0.000000000000000000, -1.000000000000000000 ) ) ;
#11671 = CIRCLE ( 'NONE', #9494, 2.700000000000008171 ) ;
#11672 = CIRCLE ( 'NONE', #5084, 1.750000000000001554 ) ;
#11673 = EDGE_CURVE ( 'NONE', #9039, #3522, #7694, .T. ) ;
#11674 = ORIENTED_EDGE ( 'NONE', *, *, #65, .T. ) ;
#11675 = CARTESIAN_POINT ( 'NONE',  ( 175.7827480034592043, 101.3592244094420494, 8.800000000000000711 ) ) ;
#11676 = DIRECTION ( 'NONE',  ( -0.000000000000000000, 0.000000000000000000, 1.000000000000000000 ) ) ;
#11677 = CARTESIAN_POINT ( 'NONE',  ( 173.6691944003270862, 135.2542315373080442, 0.000000000000000000 ) ) ;
#11678 = EDGE_CURVE ( 'NONE', #5431, #6877, #8432, .T. ) ;
#11679 = VECTOR ( 'NONE', #1009, 1000.000000000000000 ) ;
#11680 = PLANE ( 'NONE',  #5991 ) ;
#11681 = DIRECTION ( 'NONE',  ( -0.000000000000000000, -0.000000000000000000, -1.000000000000000000 ) ) ;
#11682 = EDGE_CURVE ( 'NONE', #243, #11456, #2764, .T. ) ;
#11683 = ORIENTED_EDGE ( 'NONE', *, *, #2023, .T. ) ;
#11684 = FACE_OUTER_BOUND ( 'NONE', #13401, .T. ) ;
#11685 = CIRCLE ( 'NONE', #10587, 1.900000000000012790 ) ;
#11686 = ORIENTED_EDGE ( 'NONE', *, *, #7521, .T. ) ;
#11687 = ORIENTED_EDGE ( 'NONE', *, *, #3586, .T. ) ;
#11688 = AXIS2_PLACEMENT_3D ( 'NONE', #6504, #12499, #4195 ) ;
#11689 = CARTESIAN_POINT ( 'NONE',  ( 191.9588390266749229, 23.74264681229803386, 9.400000000000000355 ) ) ;
#11690 = EDGE_CURVE ( 'NONE', #2974, #7793, #8866, .T. ) ;
#11691 = ORIENTED_EDGE ( 'NONE', *, *, #3652, .T. ) ;
#11692 = EDGE_CURVE ( 'NONE', #7296, #3068, #1424, .T. ) ;
#11693 = CARTESIAN_POINT ( 'NONE',  ( 197.3288390266748991, 79.80500000000019156, 4.400000000000001243 ) ) ;
#11694 = FACE_OUTER_BOUND ( 'NONE', #5174, .T. ) ;
#11695 = ORIENTED_EDGE ( 'NONE', *, *, #3387, .T. ) ;
#11696 = ORIENTED_EDGE ( 'NONE', *, *, #799, .F. ) ;
#11697 = DIRECTION ( 'NONE',  ( -0.000000000000000000, -0.000000000000000000, -1.000000000000000000 ) ) ;
#11698 = DIRECTION ( 'NONE',  ( -0.000000000000000000, -0.000000000000000000, -1.000000000000000000 ) ) ;
#11699 = VECTOR ( 'NONE', #1894, 1000.000000000000114 ) ;
#11700 = ORIENTED_EDGE ( 'NONE', *, *, #10245, .T. ) ;
#11701 = ORIENTED_EDGE ( 'NONE', *, *, #9713, .T. ) ;
#11702 = AXIS2_PLACEMENT_3D ( 'NONE', #666, #13167, #6925 ) ;
#11703 = CARTESIAN_POINT ( 'NONE',  ( 192.1588390266744000, 82.80500000000017735, 4.400000000000001243 ) ) ;
#11704 = DIRECTION ( 'NONE',  ( -0.000000000000000000, 0.000000000000000000, 1.000000000000000000 ) ) ;
#11705 = ORIENTED_EDGE ( 'NONE', *, *, #12559, .F. ) ;
#11706 = EDGE_CURVE ( 'NONE', #6218, #8022, #5763, .T. ) ;
#11707 = AXIS2_PLACEMENT_3D ( 'NONE', #9537, #6226, #1080 ) ;
#11708 = ORIENTED_EDGE ( 'NONE', *, *, #3409, .T. ) ;
#11709 = DIRECTION ( 'NONE',  ( 0.000000000000000000, -1.000000000000000000, 0.000000000000000000 ) ) ;
#11710 = DIRECTION ( 'NONE',  ( 1.000000000000000000, 0.000000000000000000, 0.000000000000000000 ) ) ;
#11711 = LINE ( 'NONE', #6485, #276 ) ;
#11712 = AXIS2_PLACEMENT_3D ( 'NONE', #1886, #3975, #8035 ) ;
#11713 = CARTESIAN_POINT ( 'NONE',  ( 0.000000000000000000, 84.90966637033203313, 10.40000000000000213 ) ) ;
#11714 = ORIENTED_EDGE ( 'NONE', *, *, #4056, .F. ) ;
#11715 = CARTESIAN_POINT ( 'NONE',  ( 174.4627247140765292, 138.8970351559032963, 10.00000000000000000 ) ) ;
#11716 = CARTESIAN_POINT ( 'NONE',  ( 69.35833726339713223, 95.27330718339189275, 10.00000000000000000 ) ) ;
#11717 = ORIENTED_EDGE ( 'NONE', *, *, #8545, .T. ) ;
#11718 = DIRECTION ( 'NONE',  ( 1.000000000000000000, 0.000000000000000000, 0.000000000000000000 ) ) ;
#11719 = ORIENTED_EDGE ( 'NONE', *, *, #8914, .T. ) ;
#11720 = DIRECTION ( 'NONE',  ( -1.000000000000000000, 0.000000000000000000, 0.000000000000000000 ) ) ;
#11721 = AXIS2_PLACEMENT_3D ( 'NONE', #10871, #493, #8552 ) ;
#11722 = DIRECTION ( 'NONE',  ( -0.000000000000000000, 0.000000000000000000, 1.000000000000000000 ) ) ;
#11723 = CONICAL_SURFACE ( 'NONE', #8012, 7.649999999999962164, 0.7853981633974639331 ) ;
#11724 = CARTESIAN_POINT ( 'NONE',  ( 205.0000000000004547, 28.60989453229147017, 10.00000000000000000 ) ) ;
#11725 = EDGE_LOOP ( 'NONE', ( #11846, #6293, #12124, #12259, #6634 ) ) ;
#11726 = EDGE_CURVE ( 'NONE', #6181, #3806, #606, .T. ) ;
#11727 = DIRECTION ( 'NONE',  ( -0.000000000000000000, -0.000000000000000000, -1.000000000000000000 ) ) ;
#11728 = CARTESIAN_POINT ( 'NONE',  ( 174.7485405866029851, 53.53183226581801790, 8.800000000000000711 ) ) ;
#11729 = DIRECTION ( 'NONE',  ( 0.000000000000000000, 0.000000000000000000, 1.000000000000000000 ) ) ;
#11730 = LINE ( 'NONE', #5553, #12563 ) ;
#11731 = ORIENTED_EDGE ( 'NONE', *, *, #1974, .F. ) ;
#11732 = CARTESIAN_POINT ( 'NONE',  ( 200.5000000000004547, -7.389999999999986358, 7.000000000000000000 ) ) ;
#11733 = CARTESIAN_POINT ( 'NONE',  ( 136.1762620681504927, 66.92288104716577379, 0.000000000000000000 ) ) ;
#11734 = CIRCLE ( 'NONE', #4501, 1.750000000000001554 ) ;
#11735 = DIRECTION ( 'NONE',  ( -1.000000000000000000, 0.000000000000000000, 0.000000000000000000 ) ) ;
#11736 = ORIENTED_EDGE ( 'NONE', *, *, #10583, .F. ) ;
#11737 = CARTESIAN_POINT ( 'NONE',  ( 172.7879805785753149, 48.38256379482365332, 10.00000000000000000 ) ) ;
#11738 = DIRECTION ( 'NONE',  ( -0.000000000000000000, -0.000000000000000000, -1.000000000000000000 ) ) ;
#11739 = CYLINDRICAL_SURFACE ( 'NONE', #3468, 1.750000000000029310 ) ;
#11740 = ADVANCED_FACE ( 'NONE', ( #12077 ), #1348, .F. ) ;
#11741 = CARTESIAN_POINT ( 'NONE',  ( 81.05166045703634836, 13.10754140209606078, 10.40000000000000213 ) ) ;
#11742 = CIRCLE ( 'NONE', #2141, 8.649999999999948841 ) ;
#11743 = DIRECTION ( 'NONE',  ( 0.7071067811865482389, 8.659560562354941486E-17, -0.7071067811865469066 ) ) ;
#11744 = VECTOR ( 'NONE', #3651, 1000.000000000000000 ) ;
#11745 = EDGE_CURVE ( 'NONE', #9947, #11747, #1240, .T. ) ;
#11746 = EDGE_CURVE ( 'NONE', #12716, #2150, #1897, .T. ) ;
#11747 = VERTEX_POINT ( 'NONE', #5836 ) ;
#11748 = FACE_OUTER_BOUND ( 'NONE', #12443, .T. ) ;
#11749 = CARTESIAN_POINT ( 'NONE',  ( 42.86730598147647697, 126.1887866701237044, 0.000000000000000000 ) ) ;
#11750 = CARTESIAN_POINT ( 'NONE',  ( 207.5000000000004547, 129.3050000000002058, 0.000000000000000000 ) ) ;
#11751 = AXIS2_PLACEMENT_3D ( 'NONE', #2263, #6401, #10588 ) ;
#11752 = FACE_BOUND ( 'NONE', #8153, .T. ) ;
#11753 = ORIENTED_EDGE ( 'NONE', *, *, #265, .T. ) ;
#11754 = CIRCLE ( 'NONE', #406, 1.900000000000012790 ) ;
#11755 = ORIENTED_EDGE ( 'NONE', *, *, #5812, .F. ) ;
#11756 = EDGE_CURVE ( 'NONE', #5367, #13301, #13313, .T. ) ;
#11757 = ORIENTED_EDGE ( 'NONE', *, *, #12172, .F. ) ;
#11758 = DIRECTION ( 'NONE',  ( 1.000000000000000000, 0.000000000000000000, 0.000000000000000000 ) ) ;
#11759 = FACE_OUTER_BOUND ( 'NONE', #8016, .T. ) ;
#11760 = EDGE_CURVE ( 'NONE', #12229, #3830, #6884, .T. ) ;
#11761 = CARTESIAN_POINT ( 'NONE',  ( 145.1908573292052722, 16.07759220218804330, 10.40000000000000213 ) ) ;
#11762 = VERTEX_POINT ( 'NONE', #12426 ) ;
#11763 = DIRECTION ( 'NONE',  ( 1.000000000000000000, 0.000000000000000000, 0.000000000000000000 ) ) ;
#11764 = DIRECTION ( 'NONE',  ( 0.000000000000000000, 0.000000000000000000, 1.000000000000000000 ) ) ;
#11765 = CARTESIAN_POINT ( 'NONE',  ( 173.4236035672193736, 130.4637916983506329, 10.00000000000000000 ) ) ;
#11766 = ORIENTED_EDGE ( 'NONE', *, *, #5946, .T. ) ;
#11767 = ORIENTED_EDGE ( 'NONE', *, *, #2664, .F. ) ;
#11768 = CARTESIAN_POINT ( 'NONE',  ( 134.2762620681505155, 106.1427854106715074, 0.000000000000000000 ) ) ;
#11769 = DIRECTION ( 'NONE',  ( -0.000000000000000000, -0.000000000000000000, -1.000000000000000000 ) ) ;
#11770 = ORIENTED_EDGE ( 'NONE', *, *, #12106, .F. ) ;
#11771 = DIRECTION ( 'NONE',  ( -0.000000000000000000, 0.000000000000000000, 1.000000000000000000 ) ) ;
#11772 = EDGE_CURVE ( 'NONE', #2500, #8219, #4475, .T. ) ;
#11773 = ORIENTED_EDGE ( 'NONE', *, *, #7989, .F. ) ;
#11774 = DIRECTION ( 'NONE',  ( 1.000000000000000000, 0.000000000000000000, 0.000000000000000000 ) ) ;
#11775 = ADVANCED_FACE ( 'NONE', ( #2861 ), #13445, .F. ) ;
#11776 = CARTESIAN_POINT ( 'NONE',  ( 12.49999999999989875, 150.6000000000007617, 0.000000000000000000 ) ) ;
#11777 = CARTESIAN_POINT ( 'NONE',  ( 125.0383251953235941, 137.2223487795121173, 10.00000000000000000 ) ) ;
#11778 = DIRECTION ( 'NONE',  ( -0.000000000000000000, 0.000000000000000000, 1.000000000000000000 ) ) ;
#11779 = LINE ( 'NONE', #2417, #12536 ) ;
#11780 = CIRCLE ( 'NONE', #5430, 1.750000000000001554 ) ;
#11781 = EDGE_LOOP ( 'NONE', ( #8338, #12975 ) ) ;
#11782 = ORIENTED_EDGE ( 'NONE', *, *, #3820, .F. ) ;
#11783 = LINE ( 'NONE', #6961, #7753 ) ;
#11784 = DIRECTION ( 'NONE',  ( -0.000000000000000000, -0.000000000000000000, -1.000000000000000000 ) ) ;
#11785 = PLANE ( 'NONE',  #11909 ) ;
#11786 = ORIENTED_EDGE ( 'NONE', *, *, #709, .F. ) ;
#11787 = DIRECTION ( 'NONE',  ( 1.000000000000000000, 0.000000000000000000, 0.000000000000000000 ) ) ;
#11788 = FACE_OUTER_BOUND ( 'NONE', #2998, .T. ) ;
#11789 = EDGE_LOOP ( 'NONE', ( #7970, #11229 ) ) ;
#11791 = EDGE_CURVE ( 'NONE', #7279, #439, #1826, .T. ) ;
#11790 = CIRCLE ( 'NONE', #447, 1.900000000000012790 ) ;
#11792 = LINE ( 'NONE', #9805, #632 ) ;
#11793 = VERTEX_POINT ( 'NONE', #3789 ) ;
#11794 = EDGE_CURVE ( 'NONE', #5268, #6274, #7778, .T. ) ;
#11795 = CYLINDRICAL_SURFACE ( 'NONE', #11439, 1.750000000000001554 ) ;
#11796 = CARTESIAN_POINT ( 'NONE',  ( 14.29999999999999893, 153.0000000000004547, 10.00000000000000000 ) ) ;
#11797 = VERTEX_POINT ( 'NONE', #12154 ) ;
#11798 = DIRECTION ( 'NONE',  ( -0.7071067811865475727, 0.7071067811865475727, 0.000000000000000000 ) ) ;
#11799 = CARTESIAN_POINT ( 'NONE',  ( 174.5379805785753149, 9.540354232463158723, 10.00000000000000000 ) ) ;
#11800 = DIRECTION ( 'NONE',  ( -0.000000000000000000, 0.000000000000000000, 1.000000000000000000 ) ) ;
#11801 = CARTESIAN_POINT ( 'NONE',  ( 172.9985405866029851, 92.35531679854540243, 10.00000000000000000 ) ) ;
#11802 = CARTESIAN_POINT ( 'NONE',  ( 45.11403200266500590, 133.7801504420406502, 10.00000000000000000 ) ) ;
#11803 = ORIENTED_EDGE ( 'NONE', *, *, #2821, .F. ) ;
#11804 = ORIENTED_EDGE ( 'NONE', *, *, #1521, .T. ) ;
#11805 = FACE_OUTER_BOUND ( 'NONE', #8091, .T. ) ;
#11806 = DIRECTION ( 'NONE',  ( 1.000000000000000000, 0.000000000000000000, 0.000000000000000000 ) ) ;
#11807 = ORIENTED_EDGE ( 'NONE', *, *, #13074, .F. ) ;
#11808 = CARTESIAN_POINT ( 'NONE',  ( 176.1969638841047754, 102.3592244094420209, 10.40000000000000213 ) ) ;
#11809 = CARTESIAN_POINT ( 'NONE',  ( 44.60258495182370098, 19.47317995467786389, 10.00000000000000000 ) ) ;
#11810 = EDGE_CURVE ( 'NONE', #9444, #6274, #2995, .T. ) ;
#11811 = DIRECTION ( 'NONE',  ( -1.000000000000000000, 0.000000000000000000, 0.000000000000000000 ) ) ;
#11812 = CARTESIAN_POINT ( 'NONE',  ( 88.68604971557492433, 51.91583020066806142, 10.40000000000000213 ) ) ;
#11813 = LINE ( 'NONE', #3338, #5564 ) ;
#11814 = CARTESIAN_POINT ( 'NONE',  ( 42.86730598147647697, 91.97633033906204503, 10.00000000000000000 ) ) ;
#11815 = FACE_OUTER_BOUND ( 'NONE', #3044, .T. ) ;
#11816 = ORIENTED_EDGE ( 'NONE', *, *, #2048, .F. ) ;
#11817 = ORIENTED_EDGE ( 'NONE', *, *, #7493, .T. ) ;
#11818 = FACE_BOUND ( 'NONE', #3843, .T. ) ;
#11819 = EDGE_CURVE ( 'NONE', #2753, #10131, #4877, .T. ) ;
#11820 = ORIENTED_EDGE ( 'NONE', *, *, #4543, .F. ) ;
#11821 = ORIENTED_EDGE ( 'NONE', *, *, #7043, .T. ) ;
#11822 = AXIS2_PLACEMENT_3D ( 'NONE', #4625, #10794, #427 ) ;
#11823 = CARTESIAN_POINT ( 'NONE',  ( 25.34116097332609385, 83.05906438913005729, 4.400000000000001243 ) ) ;
#11824 = ORIENTED_EDGE ( 'NONE', *, *, #4036, .T. ) ;
#11825 = CARTESIAN_POINT ( 'NONE',  ( 148.0597551873219118, 11.65909888836609731, 8.800000000000000711 ) ) ;
#11826 = DIRECTION ( 'NONE',  ( 1.000000000000000000, 0.000000000000000000, 0.000000000000000000 ) ) ;
#11827 = EDGE_CURVE ( 'NONE', #3210, #11924, #9528, .T. ) ;
#11828 = ORIENTED_EDGE ( 'NONE', *, *, #9661, .F. ) ;
#11829 = AXIS2_PLACEMENT_3D ( 'NONE', #1616, #6927, #1819 ) ;
#11830 = ORIENTED_EDGE ( 'NONE', *, *, #11745, .T. ) ;
#11831 = FACE_OUTER_BOUND ( 'NONE', #8139, .T. ) ;
#11832 = CARTESIAN_POINT ( 'NONE',  ( 10.00000000000000711, 120.3048945322916978, 0.000000000000000000 ) ) ;
#11833 = EDGE_CURVE ( 'NONE', #12051, #1528, #4807, .T. ) ;
#11834 = EDGE_CURVE ( 'NONE', #10057, #9392, #938, .T. ) ;
#11835 = VERTEX_POINT ( 'NONE', #9273 ) ;
#11836 = ORIENTED_EDGE ( 'NONE', *, *, #7755, .F. ) ;
#11837 = CARTESIAN_POINT ( 'NONE',  ( 42.29991227250986441, 42.29957746703009036, 10.40000000000000213 ) ) ;
#11838 = DIRECTION ( 'NONE',  ( 0.000000000000000000, -1.000000000000000000, 0.000000000000000000 ) ) ;
#11839 = AXIS2_PLACEMENT_3D ( 'NONE', #3961, #1942, #11423 ) ;
#11840 = CARTESIAN_POINT ( 'NONE',  ( 174.7485405866029851, 53.53183226581801790, 8.800000000000000711 ) ) ;
#11841 = LINE ( 'NONE', #8559, #7934 ) ;
#11842 = ORIENTED_EDGE ( 'NONE', *, *, #12863, .T. ) ;
#11843 = CARTESIAN_POINT ( 'NONE',  ( 81.05166045703634836, 13.10754140209606078, 10.40000000000000213 ) ) ;
#11844 = EDGE_CURVE ( 'NONE', #6365, #6607, #13247, .T. ) ;
#11845 = DIRECTION ( 'NONE',  ( -0.000000000000000000, -0.000000000000000000, -1.000000000000000000 ) ) ;
#11846 = ORIENTED_EDGE ( 'NONE', *, *, #3401, .F. ) ;
#11847 = FACE_OUTER_BOUND ( 'NONE', #9399, .T. ) ;
#11848 = CARTESIAN_POINT ( 'NONE',  ( 45.11403200266500590, 50.66125931876361221, 8.800000000000000711 ) ) ;
#11849 = EDGE_CURVE ( 'NONE', #4021, #10452, #8043, .T. ) ;
#11850 = AXIS2_PLACEMENT_3D ( 'NONE', #5349, #12445, #957 ) ;
#11851 = EDGE_LOOP ( 'NONE', ( #1728, #10242, #2343, #7787 ) ) ;
#11852 = CARTESIAN_POINT ( 'NONE',  ( 205.0000000000004832, -6.590065050462867724, 0.09867340162348593735 ) ) ;
#11853 = CIRCLE ( 'NONE', #2254, 1.900000000000012790 ) ;
#11854 = LINE ( 'NONE', #6636, #3452 ) ;
#11855 = ORIENTED_EDGE ( 'NONE', *, *, #5966, .T. ) ;
#11856 = DIRECTION ( 'NONE',  ( 0.000000000000000000, -1.000000000000000000, 0.000000000000000000 ) ) ;
#11857 = DIRECTION ( 'NONE',  ( 1.000000000000000000, 0.000000000000000000, -0.000000000000000000 ) ) ;
#11858 = VERTEX_POINT ( 'NONE', #12287 ) ;
#11859 = AXIS2_PLACEMENT_3D ( 'NONE', #7433, #11670, #7233 ) ;
#11860 = CARTESIAN_POINT ( 'NONE',  ( 88.60672948317446185, 59.72174035506507295, 8.800000000000000711 ) ) ;
#11861 = AXIS2_PLACEMENT_3D ( 'NONE', #1815, #13162, #2847 ) ;
#11862 = ADVANCED_FACE ( 'NONE', ( #2926 ), #11254, .F. ) ;
#11863 = DIRECTION ( 'NONE',  ( -0.000000000000000000, 0.000000000000000000, 1.000000000000000000 ) ) ;
#11864 = CARTESIAN_POINT ( 'NONE',  ( 174.9485405866030021, 136.4482890466690037, 8.800000000000000711 ) ) ;
#11865 = EDGE_CURVE ( 'NONE', #5854, #1524, #9736, .T. ) ;
#11866 = DIRECTION ( 'NONE',  ( -0.000000000000000000, 0.000000000000000000, 1.000000000000000000 ) ) ;
#11867 = ORIENTED_EDGE ( 'NONE', *, *, #7, .F. ) ;
#11868 = ORIENTED_EDGE ( 'NONE', *, *, #7082, .F. ) ;
#11869 = CARTESIAN_POINT ( 'NONE',  ( 0.000000000000000000, 63.55093561087003451, 10.40000000000000213 ) ) ;
#11870 = DIRECTION ( 'NONE',  ( -0.000000000000000000, -0.000000000000000000, -1.000000000000000000 ) ) ;
#11871 = VECTOR ( 'NONE', #13315, 1000.000000000000000 ) ;
#11872 = VERTEX_POINT ( 'NONE', #3986 ) ;
#11873 = CARTESIAN_POINT ( 'NONE',  ( 41.73171607547544681, 121.8673531877020793, 8.800000000000000711 ) ) ;
#11874 = CARTESIAN_POINT ( 'NONE',  ( 43.36403200266500590, 94.46799953652343618, 0.000000000000000000 ) ) ;
#11875 = VECTOR ( 'NONE', #2469, 1000.000000000000114 ) ;
#11876 = VECTOR ( 'NONE', #9240, 1000.000000000000000 ) ;
#11877 = CARTESIAN_POINT ( 'NONE',  ( 92.40672948317448743, 98.95013237564819519, 10.00000000000000000 ) ) ;
#11878 = LINE ( 'NONE', #2525, #1821 ) ;
#11879 = AXIS2_PLACEMENT_3D ( 'NONE', #10762, #1422, #10834 ) ;
#11880 = EDGE_CURVE ( 'NONE', #1309, #1856, #7349, .T. ) ;
#11881 = VECTOR ( 'NONE', #10470, 1000.000000000000000 ) ;
#11882 = AXIS2_PLACEMENT_3D ( 'NONE', #2973, #7121, #7914 ) ;
#11883 = LINE ( 'NONE', #3731, #4644 ) ;
#11884 = FACE_OUTER_BOUND ( 'NONE', #5882, .T. ) ;
#11885 = CARTESIAN_POINT ( 'NONE',  ( 164.1148687235520072, 35.44184017470649195, 9.400000000000007461 ) ) ;
#11886 = DIRECTION ( 'NONE',  ( -0.000000000000000000, -0.000000000000000000, -1.000000000000000000 ) ) ;
#11887 = CARTESIAN_POINT ( 'NONE',  ( 0.000000000000000000, 63.55093561087003451, 10.40000000000000213 ) ) ;
#11888 = VERTEX_POINT ( 'NONE', #9468 ) ;
#11889 = ORIENTED_EDGE ( 'NONE', *, *, #9187, .F. ) ;
#11890 = CARTESIAN_POINT ( 'NONE',  ( 164.1148687235520072, 35.44184017470649195, 10.40000000000000213 ) ) ;
#11891 = VECTOR ( 'NONE', #3470, 1000.000000000000000 ) ;
#11892 = ORIENTED_EDGE ( 'NONE', *, *, #140, .F. ) ;
#11893 = DIRECTION ( 'NONE',  ( 1.000000000000000000, 0.000000000000000000, 0.000000000000000000 ) ) ;
#11894 = ORIENTED_EDGE ( 'NONE', *, *, #3980, .F. ) ;
#11895 = FACE_OUTER_BOUND ( 'NONE', #5521, .T. ) ;
#11896 = AXIS2_PLACEMENT_3D ( 'NONE', #7325, #11422, #5385 ) ;
#11897 = CYLINDRICAL_SURFACE ( 'NONE', #9335, 1.899999999999985034 ) ;
#11898 = ORIENTED_EDGE ( 'NONE', *, *, #388, .F. ) ;
#11899 = EDGE_CURVE ( 'NONE', #6577, #6840, #242, .T. ) ;
#11900 = CIRCLE ( 'NONE', #557, 1.750000000000001554 ) ;
#11901 = CARTESIAN_POINT ( 'NONE',  ( 127.0962509126547531, 86.03334357308700930, 8.800000000000000711 ) ) ;
#11902 = CARTESIAN_POINT ( 'NONE',  ( 81.03604971557493286, 51.91583020066806142, 8.800000000000000711 ) ) ;
#11903 = ORIENTED_EDGE ( 'NONE', *, *, #5846, .F. ) ;
#11904 = ORIENTED_EDGE ( 'NONE', *, *, #8479, .T. ) ;
#11905 = CARTESIAN_POINT ( 'NONE',  ( 92.55321194845042498, 86.83428515614535570, 10.00000000000000000 ) ) ;
#11906 = CARTESIAN_POINT ( 'NONE',  ( 43.36403200266500590, 123.7087698414060526, 0.000000000000000000 ) ) ;
#11907 = ORIENTED_EDGE ( 'NONE', *, *, #9713, .F. ) ;
#11908 = ORIENTED_EDGE ( 'NONE', *, *, #7866, .F. ) ;
#11909 = AXIS2_PLACEMENT_3D ( 'NONE', #2422, #970, #12455 ) ;
#11910 = DIRECTION ( 'NONE',  ( -0.000000000000000000, -0.000000000000000000, -1.000000000000000000 ) ) ;
#11911 = EDGE_CURVE ( 'NONE', #5500, #4919, #5566, .T. ) ;
#11912 = DIRECTION ( 'NONE',  ( -0.000000000000000000, -0.000000000000000000, -1.000000000000000000 ) ) ;
#11913 = ORIENTED_EDGE ( 'NONE', *, *, #5631, .T. ) ;
#11914 = EDGE_CURVE ( 'NONE', #1675, #7229, #9098, .T. ) ;
#11915 = CARTESIAN_POINT ( 'NONE',  ( 90.65321194845041930, 125.7367331634828815, 0.000000000000000000 ) ) ;
#11916 = CARTESIAN_POINT ( 'NONE',  ( 174.9485405866030021, 131.3223178114732264, 10.00000000000000000 ) ) ;
#11917 = CIRCLE ( 'NONE', #10379, 1.900000000000012790 ) ;
#11918 = VERTEX_POINT ( 'NONE', #12685 ) ;
#11919 = CARTESIAN_POINT ( 'NONE',  ( 173.2784538548301612, 54.48122417702511200, 10.00000000000000000 ) ) ;
#11920 = LINE ( 'NONE', #307, #9322 ) ;
#11921 = EDGE_LOOP ( 'NONE', ( #5618, #7916, #4936, #1939 ) ) ;
#11922 = CARTESIAN_POINT ( 'NONE',  ( 197.3288390266748991, -4.192077597143913259, 9.000000000000000000 ) ) ;
#11923 = LINE ( 'NONE', #8776, #2590 ) ;
#11924 = VERTEX_POINT ( 'NONE', #8370 ) ;
#11925 = FACE_OUTER_BOUND ( 'NONE', #8336, .T. ) ;
#11926 = EDGE_CURVE ( 'NONE', #3477, #7652, #6422, .T. ) ;
#11927 = VECTOR ( 'NONE', #12015, 1000.000000000000000 ) ;
#11928 = CARTESIAN_POINT ( 'NONE',  ( 174.7485405866029851, 92.35531679854540243, 10.00000000000000000 ) ) ;
#11929 = ORIENTED_EDGE ( 'NONE', *, *, #4926, .T. ) ;
#11930 = VECTOR ( 'NONE', #4608, 1000.000000000000000 ) ;
#11931 = EDGE_CURVE ( 'NONE', #7996, #3410, #13459, .T. ) ;
#11932 = DIRECTION ( 'NONE',  ( -0.7071067811865474617, -0.7071067811865474617, 0.000000000000000000 ) ) ;
#11933 = ADVANCED_FACE ( 'NONE', ( #10416 ), #9345, .F. ) ;
#11934 = DIRECTION ( 'NONE',  ( -0.000000000000000000, 0.000000000000000000, 1.000000000000000000 ) ) ;
#11935 = DIRECTION ( 'NONE',  ( 1.000000000000000000, 0.000000000000000000, 0.000000000000000000 ) ) ;
#11936 = CARTESIAN_POINT ( 'NONE',  ( 53.52200227285262457, 71.43544571980734759, 10.40000000000000213 ) ) ;
#11937 = DIRECTION ( 'NONE',  ( 1.000000000000000000, 0.000000000000000000, 0.000000000000000000 ) ) ;
#11938 = ORIENTED_EDGE ( 'NONE', *, *, #8961, .F. ) ;
#11939 = DIRECTION ( 'NONE',  ( 1.000000000000000000, 0.000000000000000000, 0.000000000000000000 ) ) ;
#11940 = AXIS2_PLACEMENT_3D ( 'NONE', #6350, #9601, #12553 ) ;
#11941 = CARTESIAN_POINT ( 'NONE',  ( 174.5379805785753149, 9.540354232463158723, 8.800000000000000711 ) ) ;
#11942 = ORIENTED_EDGE ( 'NONE', *, *, #692, .T. ) ;
#11943 = LINE ( 'NONE', #534, #7228 ) ;
#11944 = DIRECTION ( 'NONE',  ( -0.000000000000000000, 0.000000000000000000, 1.000000000000000000 ) ) ;
#11945 = VECTOR ( 'NONE', #12280, 1000.000000000000000 ) ;
#11946 = EDGE_CURVE ( 'NONE', #11835, #3074, #3212, .T. ) ;
#11947 = CARTESIAN_POINT ( 'NONE',  ( 173.9920709003524451, 134.9827974092708871, 8.800000000000000711 ) ) ;
#11948 = ADVANCED_FACE ( 'NONE', ( #3190 ), #9407, .F. ) ;
#11949 = CARTESIAN_POINT ( 'NONE',  ( 136.5252465877439079, 54.88588100076002974, 10.40000000000000213 ) ) ;
#11950 = AXIS2_PLACEMENT_3D ( 'NONE', #1316, #1455, #8695 ) ;
#11951 = AXIS2_PLACEMENT_3D ( 'NONE', #12395, #147, #12596 ) ;
#11952 = CARTESIAN_POINT ( 'NONE',  ( 175.7983587449205913, 62.55093561087003451, 10.40000000000000213 ) ) ;
#11953 = AXIS2_PLACEMENT_3D ( 'NONE', #6041, #9086, #12233 ) ;
#11954 = DIRECTION ( 'NONE',  ( 1.000000000000000000, 0.000000000000000000, 0.000000000000000000 ) ) ;
#11955 = LINE ( 'NONE', #2596, #13252 ) ;
#11956 = CARTESIAN_POINT ( 'NONE',  ( 175.8139694863819784, 23.74264681229802676, 9.400000000000007461 ) ) ;
#11957 = CARTESIAN_POINT ( 'NONE',  ( 43.36403200266500590, 123.7087698414060526, 8.800000000000000711 ) ) ;
#11958 = CARTESIAN_POINT ( 'NONE',  ( 138.8492919255787115, 120.7500671661881455, 0.000000000000000000 ) ) ;
#11959 = EDGE_LOOP ( 'NONE', ( #11304, #9770, #11736, #2917, #13289 ) ) ;
#11960 = ORIENTED_EDGE ( 'NONE', *, *, #1901, .T. ) ;
#11961 = DIRECTION ( 'NONE',  ( -1.000000000000000000, 0.000000000000000000, 0.000000000000000000 ) ) ;
#11962 = CIRCLE ( 'NONE', #4960, 1.750000000000001554 ) ;
#11963 = CARTESIAN_POINT ( 'NONE',  ( 172.4876398314652590, 61.11163158215092750, 10.00000000000000000 ) ) ;
#11964 = ORIENTED_EDGE ( 'NONE', *, *, #3453, .T. ) ;
#11965 = DIRECTION ( 'NONE',  ( -0.000000000000000000, 0.000000000000000000, 1.000000000000000000 ) ) ;
#11966 = CIRCLE ( 'NONE', #4289, 1.750000000000001554 ) ;
#11967 = ORIENTED_EDGE ( 'NONE', *, *, #8215, .F. ) ;
#11968 = ADVANCED_FACE ( 'NONE', ( #10544 ), #11517, .F. ) ;
#11969 = CIRCLE ( 'NONE', #9351, 1.750000000000001554 ) ;
#11970 = CARTESIAN_POINT ( 'NONE',  ( 45.08002210663563858, 6.715518501719201616, 0.000000000000000000 ) ) ;
#11971 = ORIENTED_EDGE ( 'NONE', *, *, #5871, .T. ) ;
#11972 = AXIS2_PLACEMENT_3D ( 'NONE', #3119, #9603, #11718 ) ;
#11973 = DIRECTION ( 'NONE',  ( -0.000000000000000000, -0.000000000000000000, -1.000000000000000000 ) ) ;
#11974 = CARTESIAN_POINT ( 'NONE',  ( 138.6244221264163912, 81.91230903241692829, 0.000000000000000000 ) ) ;
#11975 = CARTESIAN_POINT ( 'NONE',  ( 187.0936175437515487, 47.10137757176002538, 9.400000000000000355 ) ) ;
#11976 = AXIS2_PLACEMENT_3D ( 'NONE', #8272, #13400, #9428 ) ;
#11977 = ORIENTED_EDGE ( 'NONE', *, *, #8720, .T. ) ;
#11978 = VERTEX_POINT ( 'NONE', #4312 ) ;
#11979 = DIRECTION ( 'NONE',  ( -1.000000000000000000, 0.000000000000000000, 0.000000000000000000 ) ) ;
#11981 = DIRECTION ( 'NONE',  ( -0.000000000000000000, -0.000000000000000000, -1.000000000000000000 ) ) ;
#11980 = DIRECTION ( 'NONE',  ( 1.000000000000000000, 0.000000000000000000, 0.000000000000000000 ) ) ;
#11982 = ORIENTED_EDGE ( 'NONE', *, *, #1866, .T. ) ;
#11983 = VECTOR ( 'NONE', #8029, 1000.000000000000000 ) ;
#11984 = EDGE_LOOP ( 'NONE', ( #1960, #12358, #5803, #12269 ) ) ;
#11985 = CARTESIAN_POINT ( 'NONE',  ( 73.38604971557494139, 51.91583020066806142, 10.40000000000000213 ) ) ;
#11987 = ADVANCED_FACE ( 'NONE', ( #2018 ), #11383, .F. ) ;
#11986 =( GEOMETRIC_REPRESENTATION_CONTEXT ( 3 ) GLOBAL_UNCERTAINTY_ASSIGNED_CONTEXT ( ( #6996 ) ) GLOBAL_UNIT_ASSIGNED_CONTEXT ( ( #3620, #5789, #5585 ) ) REPRESENTATION_CONTEXT ( 'NONE', 'WORKASPACE' ) );
#11988 = FACE_OUTER_BOUND ( 'NONE', #3768, .T. ) ;
#11989 = FACE_OUTER_BOUND ( 'NONE', #4797, .T. ) ;
#11990 = CARTESIAN_POINT ( 'NONE',  ( 173.1985405866030021, 131.3223178114732264, 0.000000000000000000 ) ) ;
#11991 = EDGE_LOOP ( 'NONE', ( #12500, #5049 ) ) ;
#11992 = CARTESIAN_POINT ( 'NONE',  ( 13.40000000000004654, 153.0000000000004547, 1.500000000000000444 ) ) ;
#11993 = DIRECTION ( 'NONE',  ( 0.000000000000000000, 0.000000000000000000, 1.000000000000000000 ) ) ;
#11994 = EDGE_LOOP ( 'NONE', ( #8273, #9022, #9656, #10731, #2640, #12516, #13353, #8210, #11533, #4974, #1996, #6472 ) ) ;
#11995 = CYLINDRICAL_SURFACE ( 'NONE', #12999, 1.750000000000001554 ) ;
#11996 = DIRECTION ( 'NONE',  ( -0.000000000000000000, -0.000000000000000000, -1.000000000000000000 ) ) ;
#11997 = ORIENTED_EDGE ( 'NONE', *, *, #4718, .F. ) ;
#11998 = CARTESIAN_POINT ( 'NONE',  ( 187.0936175437515487, 47.10137757176002538, 10.40000000000000213 ) ) ;
#11999 = ORIENTED_EDGE ( 'NONE', *, *, #3750, .F. ) ;
#12000 = DIRECTION ( 'NONE',  ( -0.000000000000000000, -0.000000000000000000, -1.000000000000000000 ) ) ;
#12001 = EDGE_CURVE ( 'NONE', #2034, #6468, #3116, .T. ) ;
#12002 = AXIS2_PLACEMENT_3D ( 'NONE', #90, #7459, #4234 ) ;
#12003 = FACE_OUTER_BOUND ( 'NONE', #44, .T. ) ;
#12004 = ORIENTED_EDGE ( 'NONE', *, *, #12920, .T. ) ;
#12005 = CARTESIAN_POINT ( 'NONE',  ( 175.7431846376827025, 124.7179551689040551, 9.400000000000000355 ) ) ;
#12006 = EDGE_LOOP ( 'NONE', ( #7751, #5014, #1622, #9594 ) ) ;
#12007 = DIRECTION ( 'NONE',  ( 1.000000000000000000, 0.000000000000000000, 0.000000000000000000 ) ) ;
#12008 = DIRECTION ( 'NONE',  ( 1.000000000000000000, 0.000000000000000000, 0.000000000000000000 ) ) ;
#12009 = DIRECTION ( 'NONE',  ( 1.000000000000000000, 0.000000000000000000, 0.000000000000000000 ) ) ;
#12010 = DIRECTION ( 'NONE',  ( 1.000000000000000000, 0.000000000000000000, 0.000000000000000000 ) ) ;
#12011 = EDGE_LOOP ( 'NONE', ( #87, #7219, #6403, #11782 ) ) ;
#12012 = EDGE_CURVE ( 'NONE', #4044, #5268, #816, .T. ) ;
#12013 = AXIS2_PLACEMENT_3D ( 'NONE', #943, #7216, #4957 ) ;
#12014 = CARTESIAN_POINT ( 'NONE',  ( 0.000000000000000000, 0.000000000000000000, 10.00000000000000000 ) ) ;
#12015 = DIRECTION ( 'NONE',  ( -0.000000000000000000, -0.000000000000000000, -1.000000000000000000 ) ) ;
#12016 = VERTEX_POINT ( 'NONE', #1136 ) ;
#12017 = DIRECTION ( 'NONE',  ( -0.000000000000000000, -0.000000000000000000, -1.000000000000000000 ) ) ;
#12018 = DIRECTION ( 'NONE',  ( -1.000000000000000000, 0.000000000000000000, 0.000000000000000000 ) ) ;
#12019 = EDGE_CURVE ( 'NONE', #8039, #12545, #6018, .T. ) ;
#12020 = EDGE_CURVE ( 'NONE', #9637, #5260, #4488, .T. ) ;
#12021 = CARTESIAN_POINT ( 'NONE',  ( 89.70166045703631141, 13.10754140209606255, 9.400000000000034106 ) ) ;
#12022 = CARTESIAN_POINT ( 'NONE',  ( 172.7879805785753149, 9.540354232463158723, 8.800000000000000711 ) ) ;
#12023 = DIRECTION ( 'NONE',  ( -0.000000000000000000, 0.000000000000000000, 1.000000000000000000 ) ) ;
#12024 = AXIS2_PLACEMENT_3D ( 'NONE', #11606, #6385, #12782 ) ;
#12025 = CARTESIAN_POINT ( 'NONE',  ( 17.00000000000000000, -7.389999999999980140, 10.00000000000000000 ) ) ;
#12026 = LINE ( 'NONE', #10847, #2716 ) ;
#12027 = DIRECTION ( 'NONE',  ( 1.000000000000000000, 0.000000000000000000, 0.000000000000000000 ) ) ;
#12028 = CARTESIAN_POINT ( 'NONE',  ( 170.7627247140764837, 12.21742430899847776, 8.800000000000000711 ) ) ;
#12029 = EDGE_CURVE ( 'NONE', #6102, #1885, #10835, .T. ) ;
#12030 = CARTESIAN_POINT ( 'NONE',  ( 173.1707809144666896, 88.26512760964008919, 10.00000000000000000 ) ) ;
#12031 = CARTESIAN_POINT ( 'NONE',  ( 76.91811639599669093, 103.0761435058214914, 10.00000000000000000 ) ) ;
#12032 = ORIENTED_EDGE ( 'NONE', *, *, #10362, .T. ) ;
#12033 = ORIENTED_EDGE ( 'NONE', *, *, #7343, .T. ) ;
#12034 = CARTESIAN_POINT ( 'NONE',  ( 174.7379805785753035, 126.1960381709627512, 0.000000000000000000 ) ) ;
#12035 = ORIENTED_EDGE ( 'NONE', *, *, #6045, .T. ) ;
#12036 = DIRECTION ( 'NONE',  ( -1.000000000000000000, 0.000000000000000000, 0.000000000000000000 ) ) ;
#12037 = ORIENTED_EDGE ( 'NONE', *, *, #5423, .T. ) ;
#12038 = DIRECTION ( 'NONE',  ( -0.000000000000000000, -0.000000000000000000, -1.000000000000000000 ) ) ;
#12039 = CLOSED_SHELL ( 'NONE', ( #2412, #4074, #3814, #5142, #6934, #13119, #12708, #5699, #12339, #8576, #6999, #1694, #6221, #10754, #8302, #2424, #1833, #1814, #6308, #9497, #76, #5714, #6523, #2193, #12159, #13300, #12860, #11200, #7458, #12043, #8458, #11108, #413, #10073, #4795, #11948, #6277, #12600, #6044, #9609, #9920, #5455, #6946, #5621, #1907, #12662, #12795, #4380, #1594, #2793, #5914, #10651, #6176, #2491, #6548, #1650, #7877, #5003, #146, #10326, #9968, #9715, #3252, #7379, #3011, #11025, #3795, #8986, #6322, #9282, #9005, #2914, #12694, #6691, #9164, #8101, #7468, #9612, #3204, #7841, #5525, #1711, #6446, #10681, #5540, #1312, #5047, #10903, #2162, #8076, #12110, #2690, #9133, #7010, #5645, #4650, #6117, #10441, #1977, #10538, #4294, #13038, #4973, #2741, #9478, #786, #6378, #9378, #11345, #2083, #12848, #11112, #11218, #633, #8406, #7249, #9664, #6133, #11156, #3733, #2555, #13115, #11505, #8532, #13468, #8502, #10097, #2759, #7937, #8607, #6624, #13088, #3478, #9871, #8160, #5333, #1053, #7083, #3995, #11542, #11083, #919, #7402, #5303, #1846, #11663, #9036, #4408, #5653, #11775, #10491, #5373, #10956, #10891, #2723, #738, #4768, #5814, #4826, #12507, #8761, #9905, #13224, #6141, #115, #2658, #11862, #13291, #2703, #12204, #2981, #9643, #397, #9698, #4321, #567, #11968, #1193, #11332, #8341, #4348, #12672, #8268, #10309, #12972, #7569, #1742, #1663, #9246, #12940, #7234, #7586, #11264, #5162, #1175, #5767, #3253, #5577, #11987, #10929, #12374, #12267, #10807, #7405, #2484, #7078, #1228, #3022, #3393, #863, #8412, #12177, #11403, #7840, #1021, #5474, #12522, #13207, #8167, #1578, #12731, #3710, #11933, #969, #361, #8516, #4941, #407, #1163, #8687, #1877, #1254, #8201, #2391, #7992, #2851, #7326, #1583, #8421, #5729, #10484, #11554, #6659, #6875, #10463, #2633, #3081, #4853, #7575, #6063, #10617, #3726, #7810, #9119, #2414, #9799, #7837, #61, #4231, #7190, #12773, #2571, #12537, #4894, #8070, #3219, #424, #8841, #8198, #1560, #6910, #10263, #7556, #2179, #3897, #9245, #8959, #7590, #3957, #6414, #9783, #5219, #1940, #11303, #3539, #9347, #10916, #7058, #1801, #9765, #2069, #12292, #8355, #4124, #2650, #8775, #9840, #11740, #1782, #8846, #1256, #5073, #9006, #3633, #3245, #7854, #6883, #4868, #8441, #9584, #10106, #12251, #11013, #10170, #8638, #13509, #3844, #8184, #650, #8811, #5959, #6626, #6811, #12796, #812, #12282, #8928, #8375, #11099, #12449, #43, #10438, #5189, #9523, #2243, #159, #6676, #6894, #1110, #5243, #7170, #5289, #12128, #13026, #989, #13272, #9216, #12493, #11447, #7505, #2743, #7331, #1627, #3993, #1317, #3344, #12831, #13329, #10021, #10344, #3157, #8827, #12766, #6602, #12637, #1751, #3105, #12198, #3833, #4358, #2692, #8737, #12649, #5021, #4251, #10645, #4441, #5060, #11164, #3417, #8944, #348, #6462, #4876, #8046, #11155, #5395, #1994, #11092, #4089, #6448, #3407, #12190, #7994, #3040, #11138, #10216, #3006, #3962, #7669, #7188, #4844, #1847, #7522, #4131, #896, #12042, #1893 ) ) ;
#12040 = ORIENTED_EDGE ( 'NONE', *, *, #9755, .F. ) ;
#12041 = CARTESIAN_POINT ( 'NONE',  ( 170.7376398314652590, 94.83529219940430721, 0.000000000000000000 ) ) ;
#12042 = ADVANCED_FACE ( 'NONE', ( #178 ), #3314, .F. ) ;
#12043 = ADVANCED_FACE ( 'NONE', ( #2427 ), #1399, .F. ) ;
#12044 = LINE ( 'NONE', #9724, #11260 ) ;
#12045 = ORIENTED_EDGE ( 'NONE', *, *, #2330, .F. ) ;
#12046 = EDGE_LOOP ( 'NONE', ( #10215, #9363, #10328, #13476 ) ) ;
#12048 = CARTESIAN_POINT ( 'NONE',  ( 31.80638245624897564, 4.072344013842892800E-15, 8.800000000000000711 ) ) ;
#12047 = FACE_OUTER_BOUND ( 'NONE', #9418, .T. ) ;
#12049 = ORIENTED_EDGE ( 'NONE', *, *, #12574, .F. ) ;
#12050 = AXIS2_PLACEMENT_3D ( 'NONE', #1556, #5695, #2614 ) ;
#12051 = VERTEX_POINT ( 'NONE', #508 ) ;
#12052 = CARTESIAN_POINT ( 'NONE',  ( 148.0597551873219118, 50.50888774354142896, 0.000000000000000000 ) ) ;
#12053 = ORIENTED_EDGE ( 'NONE', *, *, #10245, .F. ) ;
#12054 = AXIS2_PLACEMENT_3D ( 'NONE', #11442, #7345, #13505 ) ;
#12055 = CARTESIAN_POINT ( 'NONE',  ( 172.7879805785753149, 48.38256379482365332, 8.800000000000000711 ) ) ;
#12056 = CYLINDRICAL_SURFACE ( 'NONE', #3968, 1.750000000000001554 ) ;
#12057 = EDGE_CURVE ( 'NONE', #10765, #11978, #2359, .T. ) ;
#12058 = ORIENTED_EDGE ( 'NONE', *, *, #754, .F. ) ;
#12059 = CARTESIAN_POINT ( 'NONE',  ( 172.4876398314652590, 22.29570046879387135, 0.000000000000000000 ) ) ;
#12060 = VERTEX_POINT ( 'NONE', #8640 ) ;
#12061 = ORIENTED_EDGE ( 'NONE', *, *, #1535, .T. ) ;
#12062 = DIRECTION ( 'NONE',  ( -0.000000000000000000, 0.000000000000000000, 1.000000000000000000 ) ) ;
#12063 = VECTOR ( 'NONE', #1328, 1000.000000000000114 ) ;
#12064 = CARTESIAN_POINT ( 'NONE',  ( 43.36403200266500590, 55.61338254596925168, 0.000000000000000000 ) ) ;
#12065 = EDGE_LOOP ( 'NONE', ( #5573, #9620, #10352, #627 ) ) ;
#12066 = DIRECTION ( 'NONE',  ( -0.000000000000000000, -0.000000000000000000, -1.000000000000000000 ) ) ;
#12067 = ORIENTED_EDGE ( 'NONE', *, *, #6830, .T. ) ;
#12068 = DIRECTION ( 'NONE',  ( 1.000000000000000000, 0.000000000000000000, 0.000000000000000000 ) ) ;
#12069 = CYLINDRICAL_SURFACE ( 'NONE', #8248, 1.750000000000001554 ) ;
#12070 = DIRECTION ( 'NONE',  ( 0.5773502691896311712, 0.5773502691896310601, 0.5773502691896150729 ) ) ;
#12071 = EDGE_CURVE ( 'NONE', #11489, #12620, #4579, .T. ) ;
#12072 = AXIS2_PLACEMENT_3D ( 'NONE', #12083, #6865, #7009 ) ;
#12073 = CARTESIAN_POINT ( 'NONE',  ( 69.35833726339713223, 17.18080354114162489, 8.800000000000000711 ) ) ;
#12074 = ORIENTED_EDGE ( 'NONE', *, *, #13156, .F. ) ;
#12075 = EDGE_LOOP ( 'NONE', ( #2815, #11159, #10885, #9441 ) ) ;
#12076 = CARTESIAN_POINT ( 'NONE',  ( 45.11403200266500590, 55.61338254596925168, 0.000000000000000000 ) ) ;
#12077 = FACE_OUTER_BOUND ( 'NONE', #4990, .T. ) ;
#12078 = EDGE_LOOP ( 'NONE', ( #1181, #10023, #3207, #2843 ) ) ;
#12079 = DIRECTION ( 'NONE',  ( 1.000000000000000000, 0.000000000000000000, 0.000000000000000000 ) ) ;
#12080 = PLANE ( 'NONE',  #8156 ) ;
#12081 = CIRCLE ( 'NONE', #11626, 1.900000000000012790 ) ;
#12082 = VECTOR ( 'NONE', #4301, 1000.000000000000000 ) ;
#12083 = CARTESIAN_POINT ( 'NONE',  ( 174.9485405866030021, 136.4482890466690037, 0.000000000000000000 ) ) ;
#12084 = EDGE_CURVE ( 'NONE', #8626, #8004, #12163, .T. ) ;
#12085 = EDGE_LOOP ( 'NONE', ( #2025, #3874 ) ) ;
#12086 = LINE ( 'NONE', #10033, #3348 ) ;
#12087 = CARTESIAN_POINT ( 'NONE',  ( 43.90740921684027143, 127.5961548734684499, 0.000000000000000000 ) ) ;
#12088 = EDGE_CURVE ( 'NONE', #10873, #13238, #445, .T. ) ;
#12089 = AXIS2_PLACEMENT_3D ( 'NONE', #13524, #9554, #8320 ) ;
#12090 = DIRECTION ( 'NONE',  ( -1.000000000000000000, 0.000000000000000000, 0.000000000000000000 ) ) ;
#12091 = CARTESIAN_POINT ( 'NONE',  ( 90.50672948317448174, 20.93033631178033005, 10.00000000000000000 ) ) ;
#12092 = DIRECTION ( 'NONE',  ( 0.7071067811865480168, -0.7071067811865470176, 0.000000000000000000 ) ) ;
#12093 = AXIS2_PLACEMENT_3D ( 'NONE', #3863, #678, #2864 ) ;
#12094 = CARTESIAN_POINT ( 'NONE',  ( 191.9588390266749229, 28.60989453229146662, 8.800000000000000711 ) ) ;
#12095 = EDGE_LOOP ( 'NONE', ( #5933, #1629, #11425, #8727 ) ) ;
#12096 = AXIS2_PLACEMENT_3D ( 'NONE', #9997, #648, #4782 ) ;
#12097 = ORIENTED_EDGE ( 'NONE', *, *, #6205, .T. ) ;
#12098 = LINE ( 'NONE', #689, #3431 ) ;
#12099 = ORIENTED_EDGE ( 'NONE', *, *, #10900, .F. ) ;
#12100 = CARTESIAN_POINT ( 'NONE',  ( 127.0962509126547531, 86.03334357308700930, 10.00000000000000000 ) ) ;
#12101 = ORIENTED_EDGE ( 'NONE', *, *, #9726, .T. ) ;
#12102 = CARTESIAN_POINT ( 'NONE',  ( 89.67043897411348041, 90.72411899924007628, 10.40000000000000213 ) ) ;
#12103 = AXIS2_PLACEMENT_3D ( 'NONE', #10250, #3884, #3942 ) ;
#12104 = AXIS2_PLACEMENT_3D ( 'NONE', #12014, #2649, #10965 ) ;
#12105 = CYLINDRICAL_SURFACE ( 'NONE', #1719, 1.750000000000001554 ) ;
#12106 = EDGE_CURVE ( 'NONE', #662, #10089, #7544, .T. ) ;
#12107 = CARTESIAN_POINT ( 'NONE',  ( 25.54116097332610025, 121.8673531877020793, 10.40000000000000213 ) ) ;
#12108 = AXIS2_PLACEMENT_3D ( 'NONE', #10177, #626, #13134 ) ;
#12109 = ORIENTED_EDGE ( 'NONE', *, *, #1828, .T. ) ;
#12110 = ADVANCED_FACE ( 'NONE', ( #9728 ), #6632, .F. ) ;
#12111 = CARTESIAN_POINT ( 'NONE',  ( 20.17116097332560898, 79.80500000000016314, 0.000000000000000000 ) ) ;
#12112 = EDGE_CURVE ( 'NONE', #3753, #8473, #7561, .T. ) ;
#12113 = DIRECTION ( 'NONE',  ( 1.000000000000000000, 0.000000000000000000, 0.000000000000000000 ) ) ;
#12114 = DIRECTION ( 'NONE',  ( 0.000000000000000000, 0.000000000000000000, 1.000000000000000000 ) ) ;
#12115 = CARTESIAN_POINT ( 'NONE',  ( 43.33002210663563858, 6.715518501719201616, 8.800000000000000711 ) ) ;
#12116 = CIRCLE ( 'NONE', #9061, 1.900000000000012790 ) ;
#12117 = DIRECTION ( 'NONE',  ( 1.000000000000000000, 0.000000000000000000, 0.000000000000000000 ) ) ;
#12118 = ORIENTED_EDGE ( 'NONE', *, *, #9595, .T. ) ;
#12119 = CIRCLE ( 'NONE', #4224, 1.750000000000029310 ) ;
#12120 = ORIENTED_EDGE ( 'NONE', *, *, #9955, .T. ) ;
#12122 = CARTESIAN_POINT ( 'NONE',  ( 89.67043897411348041, 90.72411899924007628, 8.800000000000000711 ) ) ;
#12121 = DIRECTION ( 'NONE',  ( -0.000000000000000000, -0.000000000000000000, -1.000000000000000000 ) ) ;
#12123 = CIRCLE ( 'NONE', #10789, 7.649999999999962164 ) ;
#12124 = ORIENTED_EDGE ( 'NONE', *, *, #5062, .F. ) ;
#12125 = CARTESIAN_POINT ( 'NONE',  ( 174.5379805785753149, 48.38256379482365332, 10.00000000000000000 ) ) ;
#12126 = VERTEX_POINT ( 'NONE', #4653 ) ;
#12127 = EDGE_CURVE ( 'NONE', #12397, #7378, #1470, .T. ) ;
#12128 = ADVANCED_FACE ( 'NONE', ( #3639 ), #9652, .F. ) ;
#12129 = CARTESIAN_POINT ( 'NONE',  ( 45.11403200266500590, 11.86983023117878666, 8.800000000000000711 ) ) ;
#12130 = EDGE_LOOP ( 'NONE', ( #1947, #4051, #12615, #6458 ) ) ;
#12131 = AXIS2_PLACEMENT_3D ( 'NONE', #6202, #1311, #10392 ) ;
#12132 = DIRECTION ( 'NONE',  ( -0.000000000000000000, 0.000000000000000000, 1.000000000000000000 ) ) ;
#12133 = LINE ( 'NONE', #5808, #500 ) ;
#12134 = ORIENTED_EDGE ( 'NONE', *, *, #7434, .F. ) ;
#12135 = CYLINDRICAL_SURFACE ( 'NONE', #1464, 1.750000000000001554 ) ;
#12136 = CIRCLE ( 'NONE', #10162, 1.750000000000001554 ) ;
#12137 = ORIENTED_EDGE ( 'NONE', *, *, #9510, .F. ) ;
#12138 = ORIENTED_EDGE ( 'NONE', *, *, #294, .T. ) ;
#12139 = CYLINDRICAL_SURFACE ( 'NONE', #2479, 1.750000000000001554 ) ;
#12140 = DIRECTION ( 'NONE',  ( -1.000000000000000000, 0.000000000000000000, 0.000000000000000000 ) ) ;
#12141 = EDGE_CURVE ( 'NONE', #8710, #6613, #11920, .T. ) ;
#12142 = CYLINDRICAL_SURFACE ( 'NONE', #13396, 1.900000000000012790 ) ;
#12143 = VERTEX_POINT ( 'NONE', #1538 ) ;
#12144 = CIRCLE ( 'NONE', #11688, 1.750000000000001554 ) ;
#12145 = LINE ( 'NONE', #10082, #1494 ) ;
#12146 = ORIENTED_EDGE ( 'NONE', *, *, #3187, .F. ) ;
#12147 = DIRECTION ( 'NONE',  ( -0.000000000000000000, 0.000000000000000000, 1.000000000000000000 ) ) ;
#12148 = CARTESIAN_POINT ( 'NONE',  ( 20.17116097332561608, 31.60989453229146662, 4.400000000000001243 ) ) ;
#12149 = CARTESIAN_POINT ( 'NONE',  ( 127.0962509126547531, 46.80401707400540090, 8.800000000000000711 ) ) ;
#12150 = DIRECTION ( 'NONE',  ( -0.000000000000000000, -0.000000000000000000, -1.000000000000000000 ) ) ;
#12151 = VERTEX_POINT ( 'NONE', #10682 ) ;
#12152 = ORIENTED_EDGE ( 'NONE', *, *, #5045, .F. ) ;
#12153 = DIRECTION ( 'NONE',  ( 1.000000000000000000, 0.000000000000000000, -0.000000000000000000 ) ) ;
#12154 = CARTESIAN_POINT ( 'NONE',  ( 12.50000000000050093, 28.60989453229144885, 0.000000000000000000 ) ) ;
#12155 = ORIENTED_EDGE ( 'NONE', *, *, #7724, .F. ) ;
#12156 = CARTESIAN_POINT ( 'NONE',  ( 45.11403200266500590, 84.41004697847179727, 10.00000000000000000 ) ) ;
#12157 = CIRCLE ( 'NONE', #584, 1.750000000000029310 ) ;
#12158 = CARTESIAN_POINT ( 'NONE',  ( 20.17116097332603530, 82.80500000000016314, 9.000000000000003553 ) ) ;
#12159 = ADVANCED_FACE ( 'NONE', ( #4721 ), #7817, .F. ) ;
#12160 = AXIS2_PLACEMENT_3D ( 'NONE', #10691, #321, #6566 ) ;
#12161 = ORIENTED_EDGE ( 'NONE', *, *, #10927, .T. ) ;
#12162 = PLANE ( 'NONE',  #2115 ) ;
#12163 = CIRCLE ( 'NONE', #5580, 1.750000000000001554 ) ;
#12164 = DIRECTION ( 'NONE',  ( 1.000000000000000000, 0.000000000000000000, 0.000000000000000000 ) ) ;
#12165 = CARTESIAN_POINT ( 'NONE',  ( 90.50672948317448174, 20.93033631178033005, 8.800000000000000711 ) ) ;
#12166 = LINE ( 'NONE', #12236, #8802 ) ;
#12167 = DIRECTION ( 'NONE',  ( 1.000000000000000000, 0.000000000000000000, 0.000000000000000000 ) ) ;
#12168 = AXIS2_PLACEMENT_3D ( 'NONE', #1902, #4963, #5163 ) ;
#12169 = LINE ( 'NONE', #750, #7103 ) ;
#12170 = VERTEX_POINT ( 'NONE', #6704 ) ;
#12171 = ORIENTED_EDGE ( 'NONE', *, *, #5069, .T. ) ;
#12172 = EDGE_CURVE ( 'NONE', #12469, #11793, #3000, .T. ) ;
#12173 = CARTESIAN_POINT ( 'NONE',  ( 191.9588390266749514, 85.90966637033203313, 8.800000000000000711 ) ) ;
#12174 = ORIENTED_EDGE ( 'NONE', *, *, #1087, .F. ) ;
#12176 = EDGE_CURVE ( 'NONE', #4778, #8282, #9964, .T. ) ;
#12175 = CIRCLE ( 'NONE', #6238, 1.900000000000012790 ) ;
#12177 = ADVANCED_FACE ( 'NONE', ( #5675 ), #6769, .F. ) ;
#12178 = AXIS2_PLACEMENT_3D ( 'NONE', #2181, #4978, #9166 ) ;
#12179 = AXIS2_PLACEMENT_3D ( 'NONE', #8860, #6780, #13040 ) ;
#12180 = CARTESIAN_POINT ( 'NONE',  ( 172.4876398314652590, 89.87628193518300179, 10.00000000000000000 ) ) ;
#12181 = ORIENTED_EDGE ( 'NONE', *, *, #8483, .T. ) ;
#12182 = FACE_OUTER_BOUND ( 'NONE', #13443, .T. ) ;
#12183 = FACE_OUTER_BOUND ( 'NONE', #8050, .T. ) ;
#12184 = DIRECTION ( 'NONE',  ( -0.000000000000000000, -0.000000000000000000, -1.000000000000000000 ) ) ;
#12185 = CARTESIAN_POINT ( 'NONE',  ( 20.17116097332560898, 82.80500000000016314, 0.000000000000000000 ) ) ;
#12186 = AXIS2_PLACEMENT_3D ( 'NONE', #12772, #12841, #8593 ) ;
#12187 = DIRECTION ( 'NONE',  ( -0.000000000000000000, 0.000000000000000000, 1.000000000000000000 ) ) ;
#12188 = ORIENTED_EDGE ( 'NONE', *, *, #910, .F. ) ;
#12189 = ORIENTED_EDGE ( 'NONE', *, *, #1144, .F. ) ;
#12190 = ADVANCED_FACE ( 'NONE', ( #11788 ), #5881, .T. ) ;
#12191 = AXIS2_PLACEMENT_3D ( 'NONE', #8886, #5984, #3681 ) ;
#12192 = VECTOR ( 'NONE', #11393, 1000.000000000000000 ) ;
#12193 = FACE_OUTER_BOUND ( 'NONE', #89, .T. ) ;
#12194 = DIRECTION ( 'NONE',  ( -1.000000000000000000, 0.000000000000000000, 0.000000000000000000 ) ) ;
#12195 = ORIENTED_EDGE ( 'NONE', *, *, #10853, .F. ) ;
#12196 = VERTEX_POINT ( 'NONE', #7128 ) ;
#12197 = EDGE_CURVE ( 'NONE', #8398, #6577, #4934, .T. ) ;
#12198 = ADVANCED_FACE ( 'NONE', ( #7878 ), #8889, .T. ) ;
#12199 = AXIS2_PLACEMENT_3D ( 'NONE', #4882, #7006, #2792 ) ;
#12200 = CARTESIAN_POINT ( 'NONE',  ( 172.4876398314652590, 51.05117720286586547, 0.000000000000000000 ) ) ;
#12201 = EDGE_LOOP ( 'NONE', ( #1095, #10224, #942, #3089 ) ) ;
#12202 = VECTOR ( 'NONE', #2911, 1000.000000000000000 ) ;
#12203 = CARTESIAN_POINT ( 'NONE',  ( 20.17116097332604951, -4.192077597143913259, 9.000000000000000000 ) ) ;
#12204 = ADVANCED_FACE ( 'NONE', ( #8155 ), #12135, .F. ) ;
#12205 = CIRCLE ( 'NONE', #11538, 1.750000000000001554 ) ;
#12206 = EDGE_CURVE ( 'NONE', #6537, #3701, #4269, .T. ) ;
#12207 = CIRCLE ( 'NONE', #412, 1.900000000000012790 ) ;
#12208 = CARTESIAN_POINT ( 'NONE',  ( 43.62048673464667559, 93.55595648250675822, 0.000000000000000000 ) ) ;
#12209 = ORIENTED_EDGE ( 'NONE', *, *, #250, .F. ) ;
#12210 = ORIENTED_EDGE ( 'NONE', *, *, #8676, .T. ) ;
#12211 = AXIS2_PLACEMENT_3D ( 'NONE', #5508, #1370, #7516 ) ;
#12212 = CARTESIAN_POINT ( 'NONE',  ( 172.4876398314652590, 61.11163158215092750, 8.800000000000000711 ) ) ;
#12213 = CARTESIAN_POINT ( 'NONE',  ( 81.03604971557493286, 51.91583020066806142, 10.40000000000000213 ) ) ;
#12214 = DIRECTION ( 'NONE',  ( -0.000000000000000000, -0.000000000000000000, -1.000000000000000000 ) ) ;
#12215 = ORIENTED_EDGE ( 'NONE', *, *, #11791, .F. ) ;
#12216 = CYLINDRICAL_SURFACE ( 'NONE', #9566, 1.750000000000001554 ) ;
#12217 = VERTEX_POINT ( 'NONE', #3906 ) ;
#12218 = DIRECTION ( 'NONE',  ( 0.000000000000000000, 1.000000000000000000, 0.000000000000000000 ) ) ;
#12219 = UNCERTAINTY_MEASURE_WITH_UNIT (LENGTH_MEASURE( 1.000000000000000082E-05 ), #373, 'distance_accuracy_value', 'NONE');
#12220 = CARTESIAN_POINT ( 'NONE',  ( 81.05166045703634836, 13.10754140209606078, 10.40000000000000213 ) ) ;
#12221 = CARTESIAN_POINT ( 'NONE',  ( 46.86403200266500590, 123.7087698414060526, 0.000000000000000000 ) ) ;
#12222 = DIRECTION ( 'NONE',  ( -1.000000000000000000, 0.000000000000000000, 0.000000000000000000 ) ) ;
#12223 = ORIENTED_EDGE ( 'NONE', *, *, #1326, .F. ) ;
#12224 = VERTEX_POINT ( 'NONE', #4999 ) ;
#12225 = EDGE_CURVE ( 'NONE', #11162, #168, #654, .T. ) ;
#12226 = CARTESIAN_POINT ( 'NONE',  ( 174.7485405866029851, 58.64993458377050217, 0.000000000000000000 ) ) ;
#12227 = EDGE_CURVE ( 'NONE', #8108, #12945, #9058, .T. ) ;
#12228 = DIRECTION ( 'NONE',  ( 1.000000000000000000, 0.000000000000000000, 0.000000000000000000 ) ) ;
#12229 = VERTEX_POINT ( 'NONE', #8919 ) ;
#12230 = CYLINDRICAL_SURFACE ( 'NONE', #5830, 1.750000000000001554 ) ;
#12231 = CARTESIAN_POINT ( 'NONE',  ( 41.78689018271332145, 59.70033362966805157, 8.800000000000000711 ) ) ;
#12232 = ORIENTED_EDGE ( 'NONE', *, *, #10820, .T. ) ;
#12233 = DIRECTION ( 'NONE',  ( 1.000000000000000000, 0.000000000000000000, 0.000000000000000000 ) ) ;
#12234 = CARTESIAN_POINT ( 'NONE',  ( 170.7627247140764837, 12.21742430899847776, 10.00000000000000000 ) ) ;
#12235 = DIRECTION ( 'NONE',  ( 1.000000000000000000, 1.801302180350779826E-16, 0.000000000000000000 ) ) ;
#12236 = CARTESIAN_POINT ( 'NONE',  ( 173.8082065792008279, 95.98359680393012638, 10.00000000000000000 ) ) ;
#12237 = CARTESIAN_POINT ( 'NONE',  ( 12.50000000000001243, 117.8048945322916836, 0.000000000000000000 ) ) ;
#12238 = EDGE_CURVE ( 'NONE', #4205, #2216, #2978, .T. ) ;
#12239 = CARTESIAN_POINT ( 'NONE',  ( 174.7485405866029851, 14.69285506076201742, 10.00000000000000000 ) ) ;
#12240 = VERTEX_POINT ( 'NONE', #4788 ) ;
#12241 = ORIENTED_EDGE ( 'NONE', *, *, #8077, .T. ) ;
#12242 = DIRECTION ( 'NONE',  ( -0.000000000000000000, 0.000000000000000000, 1.000000000000000000 ) ) ;
#12243 = DIRECTION ( 'NONE',  ( -0.000000000000000000, -0.000000000000000000, -1.000000000000000000 ) ) ;
#12244 = CIRCLE ( 'NONE', #8966, 1.900000000000012790 ) ;
#12245 = ORIENTED_EDGE ( 'NONE', *, *, #5565, .F. ) ;
#12246 = CARTESIAN_POINT ( 'NONE',  ( 136.5408573292053234, 16.07759220218804330, 10.40000000000000213 ) ) ;
#12247 = ORIENTED_EDGE ( 'NONE', *, *, #9367, .T. ) ;
#12248 = FACE_OUTER_BOUND ( 'NONE', #4635, .T. ) ;
#12249 = CARTESIAN_POINT ( 'NONE',  ( 17.00000000000004263, 153.0000000000004547, 1.500000000000000444 ) ) ;
#12250 = CARTESIAN_POINT ( 'NONE',  ( 47.07524033018137999, 46.93312698107254732, -3.367206648595582941 ) ) ;
#12251 = ADVANCED_FACE ( 'NONE', ( #11231 ), #716, .F. ) ;
#12252 = LINE ( 'NONE', #11349, #8414 ) ;
#12253 = ORIENTED_EDGE ( 'NONE', *, *, #8685, .F. ) ;
#12254 = EDGE_LOOP ( 'NONE', ( #6246, #13518, #12606, #4843 ) ) ;
#12256 = CARTESIAN_POINT ( 'NONE',  ( 78.81811639599669661, 142.0078835394621706, 8.800000000000000711 ) ) ;
#12255 = CARTESIAN_POINT ( 'NONE',  ( 81.00482823265210186, 129.5324077978120840, 10.40000000000000213 ) ) ;
#12257 = ORIENTED_EDGE ( 'NONE', *, *, #5244, .F. ) ;
#12258 = DIRECTION ( 'NONE',  ( -0.000000000000000000, 0.000000000000000000, 1.000000000000000000 ) ) ;
#12259 = ORIENTED_EDGE ( 'NONE', *, *, #3918, .F. ) ;
#12260 = DIRECTION ( 'NONE',  ( -0.7071039827808559552, 0.7071095795811642715, 0.000000000000000000 ) ) ;
#12261 = DIRECTION ( 'NONE',  ( -0.000000000000000000, -0.000000000000000000, -1.000000000000000000 ) ) ;
#12262 = EDGE_CURVE ( 'NONE', #9226, #8749, #1038, .T. ) ;
#12263 = ORIENTED_EDGE ( 'NONE', *, *, #8471, .F. ) ;
#12264 = CARTESIAN_POINT ( 'NONE',  ( 46.86403200266500590, 133.7801504420406502, 10.00000000000000000 ) ) ;
#12265 = DIRECTION ( 'NONE',  ( 0.000000000000000000, 0.000000000000000000, 1.000000000000000000 ) ) ;
#12266 = EDGE_CURVE ( 'NONE', #9819, #11107, #2775, .T. ) ;
#12267 = ADVANCED_FACE ( 'NONE', ( #13157 ), #788, .F. ) ;
#12268 = AXIS2_PLACEMENT_3D ( 'NONE', #2521, #1426, #8868 ) ;
#12269 = ORIENTED_EDGE ( 'NONE', *, *, #4036, .F. ) ;
#12270 = EDGE_LOOP ( 'NONE', ( #3893, #6354, #2130, #4248 ) ) ;
#12271 = FACE_OUTER_BOUND ( 'NONE', #1207, .T. ) ;
#12272 = EDGE_LOOP ( 'NONE', ( #4196, #11216 ) ) ;
#12273 = ORIENTED_EDGE ( 'NONE', *, *, #6334, .F. ) ;
#12274 = CYLINDRICAL_SURFACE ( 'NONE', #5617, 1.750000000000001554 ) ;
#12275 = CIRCLE ( 'NONE', #7015, 1.750000000000001554 ) ;
#12276 = CARTESIAN_POINT ( 'NONE',  ( 44.38963011071806619, 91.11317957266672352, 0.000000000000000000 ) ) ;
#12277 = EDGE_CURVE ( 'NONE', #13221, #7011, #13256, .T. ) ;
#12278 = VERTEX_POINT ( 'NONE', #13231 ) ;
#12279 = VERTEX_POINT ( 'NONE', #12208 ) ;
#12280 = DIRECTION ( 'NONE',  ( -1.000000000000000000, 0.000000000000000000, 0.000000000000000000 ) ) ;
#12281 = DIRECTION ( 'NONE',  ( -0.000000000000000000, 0.000000000000000000, 1.000000000000000000 ) ) ;
#12282 = ADVANCED_FACE ( 'NONE', ( #6015 ), #2839, .F. ) ;
#12283 = DIRECTION ( 'NONE',  ( -0.000000000000000000, 0.000000000000000000, 1.000000000000000000 ) ) ;
#12284 = ORIENTED_EDGE ( 'NONE', *, *, #8705, .T. ) ;
#12285 = ORIENTED_EDGE ( 'NONE', *, *, #7639, .T. ) ;
#12286 = DIRECTION ( 'NONE',  ( 0.5000000000000038858, -0.5000000000000031086, -0.7071067811865425767 ) ) ;
#12287 = CARTESIAN_POINT ( 'NONE',  ( 173.9853725012132770, 93.93014201851191558, 8.800000000000000711 ) ) ;
#12288 = ORIENTED_EDGE ( 'NONE', *, *, #9084, .T. ) ;
#12289 = VECTOR ( 'NONE', #3913, 1000.000000000000000 ) ;
#12290 = DIRECTION ( 'NONE',  ( -1.000000000000000000, 0.000000000000000000, 0.000000000000000000 ) ) ;
#12291 = DIRECTION ( 'NONE',  ( -1.000000000000000000, 0.000000000000000000, 0.000000000000000000 ) ) ;
#12292 = ADVANCED_FACE ( 'NONE', ( #12271 ), #9128, .F. ) ;
#12293 = ORIENTED_EDGE ( 'NONE', *, *, #6749, .T. ) ;
#12294 = EDGE_CURVE ( 'NONE', #11211, #4107, #12175, .T. ) ;
#12295 = FACE_OUTER_BOUND ( 'NONE', #7827, .T. ) ;
#12296 = VECTOR ( 'NONE', #7674, 1000.000000000000000 ) ;
#12297 = CARTESIAN_POINT ( 'NONE',  ( 127.4155958739632837, 124.8090237033039358, 8.800000000000000711 ) ) ;
#12298 = CARTESIAN_POINT ( 'NONE',  ( 125.0383251953235941, 137.2223487795121173, 8.800000000000000711 ) ) ;
#12299 = LINE ( 'NONE', #3803, #1983 ) ;
#12300 = CYLINDRICAL_SURFACE ( 'NONE', #3616, 1.750000000000001554 ) ;
#12301 = ORIENTED_EDGE ( 'NONE', *, *, #6396, .T. ) ;
#12302 = ORIENTED_EDGE ( 'NONE', *, *, #8667, .T. ) ;
#12303 = DIRECTION ( 'NONE',  ( 0.000000000000000000, 0.000000000000000000, -1.000000000000000000 ) ) ;
#12304 = CIRCLE ( 'NONE', #5489, 1.750000000000001554 ) ;
#12305 = EDGE_LOOP ( 'NONE', ( #6857, #6953, #9410, #9872 ) ) ;
#12306 = CARTESIAN_POINT ( 'NONE',  ( 45.11403200266500590, 128.8636569258251825, 10.00000000000000000 ) ) ;
#12307 = EDGE_CURVE ( 'NONE', #7600, #1287, #2122, .T. ) ;
#12308 = VECTOR ( 'NONE', #8747, 1000.000000000000000 ) ;
#12309 = CARTESIAN_POINT ( 'NONE',  ( 44.38205363708638629, 130.4532190266330929, 8.800000000000000711 ) ) ;
#12310 = ORIENTED_EDGE ( 'NONE', *, *, #8312, .F. ) ;
#12311 = LINE ( 'NONE', #7104, #259 ) ;
#12312 = DIRECTION ( 'NONE',  ( 0.000000000000000000, -0.000000000000000000, -1.000000000000000000 ) ) ;
#12313 = CARTESIAN_POINT ( 'NONE',  ( 76.91811639599669093, 142.0078835394621706, 0.000000000000000000 ) ) ;
#12314 = CARTESIAN_POINT ( 'NONE',  ( 172.7127247140765007, 128.8646821786008445, 8.800000000000000711 ) ) ;
#12315 = FACE_BOUND ( 'NONE', #5068, .T. ) ;
#12316 = ORIENTED_EDGE ( 'NONE', *, *, #1649, .F. ) ;
#12317 = ORIENTED_EDGE ( 'NONE', *, *, #12029, .F. ) ;
#12318 = FACE_OUTER_BOUND ( 'NONE', #1186, .T. ) ;
#12319 = DIRECTION ( 'NONE',  ( 1.000000000000000000, 0.000000000000000000, 0.000000000000000000 ) ) ;
#12320 = CIRCLE ( 'NONE', #7717, 1.750000000000001554 ) ;
#12321 = ORIENTED_EDGE ( 'NONE', *, *, #7094, .T. ) ;
#12322 = ORIENTED_EDGE ( 'NONE', *, *, #10697, .F. ) ;
#12323 = VECTOR ( 'NONE', #13211, 1000.000000000000000 ) ;
#12324 = CIRCLE ( 'NONE', #10769, 1.750000000000001554 ) ;
#12325 = DIRECTION ( 'NONE',  ( -0.000000000000000000, -0.000000000000000000, -1.000000000000000000 ) ) ;
#12326 = EDGE_CURVE ( 'NONE', #13110, #9178, #161, .T. ) ;
#12327 = CARTESIAN_POINT ( 'NONE',  ( 45.11403200266500590, 123.7087698414060526, 10.00000000000000000 ) ) ;
#12328 = DIRECTION ( 'NONE',  ( -1.000000000000000000, 0.000000000000000000, 0.000000000000000000 ) ) ;
#12329 = VERTEX_POINT ( 'NONE', #10329 ) ;
#12330 = AXIS2_PLACEMENT_3D ( 'NONE', #469, #12989, #6799 ) ;
#12331 = AXIS2_PLACEMENT_3D ( 'NONE', #4673, #6575, #8728 ) ;
#12332 = DIRECTION ( 'NONE',  ( -0.000000000000000000, 0.000000000000000000, 1.000000000000000000 ) ) ;
#12333 = CARTESIAN_POINT ( 'NONE',  ( 19.17116097332607083, 28.60989453229145241, 10.00000000000000000 ) ) ;
#12334 = CIRCLE ( 'NONE', #5529, 1.750000000000001554 ) ;
#12335 = VERTEX_POINT ( 'NONE', #6335 ) ;
#12336 = VERTEX_POINT ( 'NONE', #2001 ) ;
#12337 = DIRECTION ( 'NONE',  ( -0.000000000000000000, 0.000000000000000000, 1.000000000000000000 ) ) ;
#12338 = ORIENTED_EDGE ( 'NONE', *, *, #12057, .F. ) ;
#12339 = ADVANCED_FACE ( 'NONE', ( #2200 ), #605, .T. ) ;
#12340 = ORIENTED_EDGE ( 'NONE', *, *, #467, .F. ) ;
#12341 = AXIS2_PLACEMENT_3D ( 'NONE', #3390, #6716, #9668 ) ;
#12342 = EDGE_CURVE ( 'NONE', #9190, #662, #5375, .T. ) ;
#12343 = CIRCLE ( 'NONE', #1434, 3.599999999999992095 ) ;
#12344 = EDGE_CURVE ( 'NONE', #7035, #3148, #8453, .T. ) ;
#12345 = FACE_OUTER_BOUND ( 'NONE', #3805, .T. ) ;
#12346 = DIRECTION ( 'NONE',  ( -1.000000000000000000, 0.000000000000000000, 0.000000000000000000 ) ) ;
#12347 = VERTEX_POINT ( 'NONE', #1182 ) ;
#12348 = ORIENTED_EDGE ( 'NONE', *, *, #10508, .F. ) ;
#12349 = CARTESIAN_POINT ( 'NONE',  ( 43.36403200266500590, 123.7087698414060526, 10.00000000000000000 ) ) ;
#12350 = FACE_OUTER_BOUND ( 'NONE', #2195, .T. ) ;
#12351 = VECTOR ( 'NONE', #13279, 1000.000000000000000 ) ;
#12352 = CARTESIAN_POINT ( 'NONE',  ( 170.7376398314652590, 17.14497833867034871, 10.00000000000000000 ) ) ;
#12353 = ORIENTED_EDGE ( 'NONE', *, *, #6640, .F. ) ;
#12354 = EDGE_LOOP ( 'NONE', ( #9775, #10993, #7139, #12456 ) ) ;
#12355 = CARTESIAN_POINT ( 'NONE',  ( 200.5000000000004547, -7.389999999999986358, 0.000000000000000000 ) ) ;
#12356 = AXIS2_PLACEMENT_3D ( 'NONE', #1074, #1265, #1004 ) ;
#12357 = DIRECTION ( 'NONE',  ( -0.000000000000000000, -0.000000000000000000, -1.000000000000000000 ) ) ;
#12358 = ORIENTED_EDGE ( 'NONE', *, *, #11513, .T. ) ;
#12359 = EDGE_CURVE ( 'NONE', #793, #8993, #992, .T. ) ;
#12360 = CARTESIAN_POINT ( 'NONE',  ( 132.3762620681505382, 66.92288104716577379, 0.000000000000000000 ) ) ;
#12361 = ORIENTED_EDGE ( 'NONE', *, *, #48, .T. ) ;
#12362 = DIRECTION ( 'NONE',  ( -1.000000000000000000, 0.000000000000000000, -0.000000000000000000 ) ) ;
#12363 = EDGE_CURVE ( 'NONE', #3239, #4907, #4229, .T. ) ;
#12364 = EDGE_CURVE ( 'NONE', #5690, #1952, #1122, .T. ) ;
#12365 = ORIENTED_EDGE ( 'NONE', *, *, #8327, .F. ) ;
#12366 = CARTESIAN_POINT ( 'NONE',  ( 174.7485405866029851, 97.45949380390098327, 0.000000000000000000 ) ) ;
#12367 = DIRECTION ( 'NONE',  ( -0.000000000000000000, 0.000000000000000000, 1.000000000000000000 ) ) ;
#12368 = CARTESIAN_POINT ( 'NONE',  ( 83.10734701375183420, 78.84319752287538563, 10.00000000000000000 ) ) ;
#12369 = VECTOR ( 'NONE', #10763, 1000.000000000000000 ) ;
#12370 = LINE ( 'NONE', #10630, #578 ) ;
#12371 = ORIENTED_EDGE ( 'NONE', *, *, #12992, .F. ) ;
#12372 = ORIENTED_EDGE ( 'NONE', *, *, #388, .T. ) ;
#12373 = EDGE_CURVE ( 'NONE', #10581, #3900, #4278, .T. ) ;
#12374 = ADVANCED_FACE ( 'NONE', ( #5259 ), #9450, .F. ) ;
#12375 = VECTOR ( 'NONE', #11604, 1000.000000000000000 ) ;
#12376 = DIRECTION ( 'NONE',  ( -0.000000000000000000, -0.000000000000000000, -1.000000000000000000 ) ) ;
#12377 = ORIENTED_EDGE ( 'NONE', *, *, #835, .F. ) ;
#12378 = CARTESIAN_POINT ( 'NONE',  ( 45.11403200266500590, 84.41004697847179727, 0.000000000000000000 ) ) ;
#12379 = AXIS2_PLACEMENT_3D ( 'NONE', #5214, #2219, #4115 ) ;
#12380 = CARTESIAN_POINT ( 'NONE',  ( 10.00000000000000000, 1.081565855712203221E-16, 10.00000000000000000 ) ) ;
#12381 = VERTEX_POINT ( 'NONE', #3042 ) ;
#12382 = AXIS2_PLACEMENT_3D ( 'NONE', #3675, #524, #12007 ) ;
#12383 = CARTESIAN_POINT ( 'NONE',  ( 42.86730598147647697, 97.12233422291699014, 0.000000000000000000 ) ) ;
#12384 = DIRECTION ( 'NONE',  ( 1.000000000000000000, 0.000000000000000000, 0.000000000000000000 ) ) ;
#12385 = DIRECTION ( 'NONE',  ( -0.000000000000000000, -0.000000000000000000, -1.000000000000000000 ) ) ;
#12386 = VERTEX_POINT ( 'NONE', #85 ) ;
#12387 = ORIENTED_EDGE ( 'NONE', *, *, #9937, .T. ) ;
#12388 = FACE_BOUND ( 'NONE', #5088, .T. ) ;
#12389 = EDGE_CURVE ( 'NONE', #11747, #9947, #5587, .T. ) ;
#12390 = DIRECTION ( 'NONE',  ( -0.000000000000000000, 0.000000000000000000, 1.000000000000000000 ) ) ;
#12391 = CIRCLE ( 'NONE', #6445, 3.599999999999992095 ) ;
#12392 = ORIENTED_EDGE ( 'NONE', *, *, #4992, .T. ) ;
#12393 = EDGE_LOOP ( 'NONE', ( #8625, #8905, #7507, #12777, #934, #6425, #1546, #855, #12263, #2333, #9372, #1016, #7202, #7685, #4284, #12174, #3622, #5346 ) ) ;
#12394 = AXIS2_PLACEMENT_3D ( 'NONE', #9011, #7777, #8949 ) ;
#12395 = CARTESIAN_POINT ( 'NONE',  ( 172.7127247140765007, 138.8970351559032963, 0.000000000000000000 ) ) ;
#12396 = DIRECTION ( 'NONE',  ( -0.000000000000000000, -0.000000000000000000, -1.000000000000000000 ) ) ;
#12397 = VERTEX_POINT ( 'NONE', #8422 ) ;
#12398 = CIRCLE ( 'NONE', #4715, 1.900000000000012790 ) ;
#12399 = CARTESIAN_POINT ( 'NONE',  ( 182.5067104090678356, 78.74623853767096193, 25.59530292680091534 ) ) ;
#12400 = AXIS2_PLACEMENT_3D ( 'NONE', #6972, #11152, #2971 ) ;
#12401 = CARTESIAN_POINT ( 'NONE',  ( 85.04083265857170204, 0.7544085079435804975, 0.000000000000000000 ) ) ;
#12402 = VECTOR ( 'NONE', #4667, 1000.000000000000000 ) ;
#12403 = ORIENTED_EDGE ( 'NONE', *, *, #6156, .F. ) ;
#12404 = EDGE_CURVE ( 'NONE', #11536, #2034, #4101, .T. ) ;
#12405 = CARTESIAN_POINT ( 'NONE',  ( 197.3288390266748706, 149.8940936094211054, 8.800000000000000711 ) ) ;
#12406 = VERTEX_POINT ( 'NONE', #4293 ) ;
#12407 = ORIENTED_EDGE ( 'NONE', *, *, #10233, .T. ) ;
#12408 = AXIS2_PLACEMENT_3D ( 'NONE', #9675, #261, #10566 ) ;
#12409 = DIRECTION ( 'NONE',  ( 0.000000000000000000, -0.000000000000000000, 1.000000000000000000 ) ) ;
#12410 = AXIS2_PLACEMENT_3D ( 'NONE', #7358, #7221, #11330 ) ;
#12411 = CARTESIAN_POINT ( 'NONE',  ( 81.09259020484469715, 81.09194835378376354, 10.40000000000000213 ) ) ;
#12412 = CARTESIAN_POINT ( 'NONE',  ( 43.88854327116730047, 88.27087967958746617, 10.00000000000000000 ) ) ;
#12413 = ORIENTED_EDGE ( 'NONE', *, *, #11169, .T. ) ;
#12414 = VERTEX_POINT ( 'NONE', #6142 ) ;
#12415 = AXIS2_PLACEMENT_3D ( 'NONE', #10399, #25, #4166 ) ;
#12416 = DIRECTION ( 'NONE',  ( -0.000000000000000000, 0.000000000000000000, 1.000000000000000000 ) ) ;
#12417 = FACE_OUTER_BOUND ( 'NONE', #13366, .T. ) ;
#12418 = DIRECTION ( 'NONE',  ( -0.5773502691896262862, 0.5773502691896255090, -0.5773502691896255090 ) ) ;
#12419 = AXIS2_PLACEMENT_3D ( 'NONE', #1766, #3923, #12290 ) ;
#12420 = CARTESIAN_POINT ( 'NONE',  ( 136.5096358462825208, 93.69416979933204459, 8.800000000000000711 ) ) ;
#12421 = EDGE_LOOP ( 'NONE', ( #10459, #9313 ) ) ;
#12422 = ORIENTED_EDGE ( 'NONE', *, *, #11445, .T. ) ;
#12423 = DIRECTION ( 'NONE',  ( -0.000000000000000000, -0.000000000000000000, -1.000000000000000000 ) ) ;
#12424 = VECTOR ( 'NONE', #695, 1000.000000000000000 ) ;
#12425 = EDGE_CURVE ( 'NONE', #7442, #3035, #8666, .T. ) ;
#12426 = CARTESIAN_POINT ( 'NONE',  ( 44.37826414041501977, 47.14179872390654680, 0.000000000000000000 ) ) ;
#12427 = ORIENTED_EDGE ( 'NONE', *, *, #7315, .T. ) ;
#12428 = CARTESIAN_POINT ( 'NONE',  ( 138.6244221264163912, 81.91230903241692829, 0.000000000000000000 ) ) ;
#12429 = EDGE_LOOP ( 'NONE', ( #5535, #6690, #9109, #8505 ) ) ;
#12430 = CARTESIAN_POINT ( 'NONE',  ( 136.1762620681504927, 66.92288104716577379, 8.800000000000000711 ) ) ;
#12431 = CARTESIAN_POINT ( 'NONE',  ( 0.000000000000000000, 0.000000000000000000, 4.400000000000001243 ) ) ;
#12432 = CYLINDRICAL_SURFACE ( 'NONE', #1386, 1.750000000000001554 ) ;
#12433 = ORIENTED_EDGE ( 'NONE', *, *, #1522, .F. ) ;
#12434 = LINE ( 'NONE', #8314, #10637 ) ;
#12435 = EDGE_CURVE ( 'NONE', #439, #11762, #6683, .T. ) ;
#12436 = DIRECTION ( 'NONE',  ( 1.000000000000000000, 0.000000000000000000, 0.000000000000000000 ) ) ;
#12437 = CARTESIAN_POINT ( 'NONE',  ( 136.1762620681504927, 106.1427854106715074, 10.00000000000000000 ) ) ;
#12438 = EDGE_LOOP ( 'NONE', ( #8438, #8843, #4920, #5970 ) ) ;
#12439 = CARTESIAN_POINT ( 'NONE',  ( 176.3173879116660885, 87.21061876881715591, 0.000000000000000000 ) ) ;
#12440 = EDGE_CURVE ( 'NONE', #1865, #7733, #11066, .T. ) ;
#12441 = LINE ( 'NONE', #7019, #3195 ) ;
#12442 = EDGE_LOOP ( 'NONE', ( #6358, #9719, #9312, #5648 ) ) ;
#12443 = EDGE_LOOP ( 'NONE', ( #2444, #371, #5378, #2125, #4760, #2042, #7029, #13494 ) ) ;
#12444 = DIRECTION ( 'NONE',  ( -0.000000000000000000, 0.000000000000000000, 1.000000000000000000 ) ) ;
#12445 = DIRECTION ( 'NONE',  ( -0.000000000000000000, 0.000000000000000000, 1.000000000000000000 ) ) ;
#12446 = LINE ( 'NONE', #5104, #12963 ) ;
#12447 = VECTOR ( 'NONE', #2891, 1000.000000000000000 ) ;
#12448 = PLANE ( 'NONE',  #10430 ) ;
#12449 = ADVANCED_FACE ( 'NONE', ( #2138 ), #6272, .F. ) ;
#12450 = ORIENTED_EDGE ( 'NONE', *, *, #6158, .F. ) ;
#12451 = CARTESIAN_POINT ( 'NONE',  ( 174.2376398314652590, 61.11163158215092750, 10.00000000000000000 ) ) ;
#12452 = DIRECTION ( 'NONE',  ( 1.000000000000000000, 0.000000000000000000, 0.000000000000000000 ) ) ;
#12453 = DIRECTION ( 'NONE',  ( -0.000000000000000000, -0.000000000000000000, -1.000000000000000000 ) ) ;
#12454 = EDGE_CURVE ( 'NONE', #12217, #2307, #7527, .T. ) ;
#12455 = DIRECTION ( 'NONE',  ( -0.7071067811865473507, -0.7071067811865477948, 0.000000000000000000 ) ) ;
#12456 = ORIENTED_EDGE ( 'NONE', *, *, #11359, .F. ) ;
#12457 = AXIS2_PLACEMENT_3D ( 'NONE', #1590, #11214, #776 ) ;
#12458 = DIRECTION ( 'NONE',  ( -0.000000000000000000, -0.000000000000000000, -1.000000000000000000 ) ) ;
#12459 = ORIENTED_EDGE ( 'NONE', *, *, #8820, .F. ) ;
#12460 = EDGE_LOOP ( 'NONE', ( #2070, #2927, #8809, #12120 ) ) ;
#12461 = DIRECTION ( 'NONE',  ( -0.000000000000000000, 0.000000000000000000, 1.000000000000000000 ) ) ;
#12462 = CYLINDRICAL_SURFACE ( 'NONE', #8021, 1.750000000000029310 ) ;
#12464 = EDGE_CURVE ( 'NONE', #5723, #6014, #830, .T. ) ;
#12463 = VECTOR ( 'NONE', #9291, 1000.000000000000000 ) ;
#12465 = ORIENTED_EDGE ( 'NONE', *, *, #3920, .T. ) ;
#12466 = EDGE_CURVE ( 'NONE', #2307, #473, #11299, .T. ) ;
#12467 = DIRECTION ( 'NONE',  ( 1.000000000000000000, 0.000000000000000000, 0.000000000000000000 ) ) ;
#12468 = LINE ( 'NONE', #4996, #11404 ) ;
#12469 = VERTEX_POINT ( 'NONE', #6471 ) ;
#12470 = EDGE_LOOP ( 'NONE', ( #11078, #13409, #6423, #3592 ) ) ;
#12471 = CARTESIAN_POINT ( 'NONE',  ( 174.7485405866029851, 92.35531679854540243, 8.800000000000000711 ) ) ;
#12472 = ORIENTED_EDGE ( 'NONE', *, *, #984, .T. ) ;
#12473 = CARTESIAN_POINT ( 'NONE',  ( 42.85258495182370098, 9.196027637130681498, 0.000000000000000000 ) ) ;
#12474 = DIRECTION ( 'NONE',  ( 1.000000000000000000, 0.000000000000000000, 0.000000000000000000 ) ) ;
#12475 = DIRECTION ( 'NONE',  ( -1.000000000000000000, 0.000000000000000000, -0.000000000000000000 ) ) ;
#12476 = CARTESIAN_POINT ( 'NONE',  ( 88.60672948317446185, 59.72174035506507295, 0.000000000000000000 ) ) ;
#12477 = EDGE_LOOP ( 'NONE', ( #4724, #643, #927, #124 ) ) ;
#12478 = EDGE_CURVE ( 'NONE', #6650, #1120, #1695, .T. ) ;
#12479 = CIRCLE ( 'NONE', #2432, 7.649999999999989697 ) ;
#12480 = ORIENTED_EDGE ( 'NONE', *, *, #10723, .F. ) ;
#12481 = DIRECTION ( 'NONE',  ( 1.000000000000000000, 0.000000000000000000, 0.000000000000000000 ) ) ;
#12482 = CARTESIAN_POINT ( 'NONE',  ( 132.3762620681505382, 106.1427854106715074, 8.800000000000000711 ) ) ;
#12483 = CARTESIAN_POINT ( 'NONE',  ( 45.11403200266500590, 55.61338254596925168, 8.800000000000000711 ) ) ;
#12484 = ORIENTED_EDGE ( 'NONE', *, *, #4200, .F. ) ;
#12485 = LINE ( 'NONE', #7275, #1864 ) ;
#12486 = DIRECTION ( 'NONE',  ( -1.000000000000000000, 0.000000000000000000, 0.000000000000000000 ) ) ;
#12487 = ORIENTED_EDGE ( 'NONE', *, *, #2772, .F. ) ;
#12488 = CARTESIAN_POINT ( 'NONE',  ( 136.1762620681504927, 28.07725675849961888, 0.000000000000000000 ) ) ;
#12489 = EDGE_LOOP ( 'NONE', ( #4424, #12118, #4296, #2367 ) ) ;
#12490 = AXIS2_PLACEMENT_3D ( 'NONE', #11280, #836, #12566 ) ;
#12491 = CARTESIAN_POINT ( 'NONE',  ( 125.1962509126547332, 46.80401707400540090, 0.000000000000000000 ) ) ;
#12492 = ORIENTED_EDGE ( 'NONE', *, *, #5983, .F. ) ;
#12493 = ADVANCED_FACE ( 'NONE', ( #7663 ), #2619, .F. ) ;
#12494 = CARTESIAN_POINT ( 'NONE',  ( 129.3155958739632467, 124.8090237033039358, 10.00000000000000000 ) ) ;
#12495 = AXIS2_PLACEMENT_3D ( 'NONE', #10555, #4384, #7555 ) ;
#12496 = DIRECTION ( 'NONE',  ( 1.000000000000000000, 0.000000000000000000, 0.000000000000000000 ) ) ;
#12497 = ORIENTED_EDGE ( 'NONE', *, *, #1242, .T. ) ;
#12498 = CARTESIAN_POINT ( 'NONE',  ( 42.86730598147647697, 126.1887866701237044, 10.00000000000000000 ) ) ;
#12499 = DIRECTION ( 'NONE',  ( -0.000000000000000000, 0.000000000000000000, 1.000000000000000000 ) ) ;
#12500 = ORIENTED_EDGE ( 'NONE', *, *, #65, .F. ) ;
#12501 = DIRECTION ( 'NONE',  ( -0.000000000000000000, 0.000000000000000000, 1.000000000000000000 ) ) ;
#12502 = EDGE_CURVE ( 'NONE', #3148, #3758, #1914, .T. ) ;
#12503 = ORIENTED_EDGE ( 'NONE', *, *, #6459, .T. ) ;
#12504 = DIRECTION ( 'NONE',  ( -0.000000000000000000, -0.000000000000000000, -1.000000000000000000 ) ) ;
#12505 = EDGE_CURVE ( 'NONE', #8386, #13442, #6755, .T. ) ;
#12506 = CARTESIAN_POINT ( 'NONE',  ( 46.86403200266500590, 11.86983023117878666, 0.000000000000000000 ) ) ;
#12507 = ADVANCED_FACE ( 'NONE', ( #5519 ), #9638, .F. ) ;
#12508 = ORIENTED_EDGE ( 'NONE', *, *, #9825, .T. ) ;
#12509 = CARTESIAN_POINT ( 'NONE',  ( 14.29999999999999893, 153.0000000000004547, 7.000000000000000000 ) ) ;
#12510 = DIRECTION ( 'NONE',  ( -0.000000000000000000, 0.000000000000000000, 1.000000000000000000 ) ) ;
#12511 = CARTESIAN_POINT ( 'NONE',  ( 43.58456331740231349, 129.7140836074390791, 10.00000000000000000 ) ) ;
#12512 = CARTESIAN_POINT ( 'NONE',  ( 172.4592763556042598, 56.02765497882714385, 0.000000000000000000 ) ) ;
#12513 = CIRCLE ( 'NONE', #3545, 1.900000000000012790 ) ;
#12514 = DIRECTION ( 'NONE',  ( -0.000000000000000000, 0.000000000000000000, 1.000000000000000000 ) ) ;
#12515 = CIRCLE ( 'NONE', #12072, 1.750000000000001554 ) ;
#12516 = ORIENTED_EDGE ( 'NONE', *, *, #1831, .T. ) ;
#12517 = FACE_BOUND ( 'NONE', #7474, .T. ) ;
#12518 = ORIENTED_EDGE ( 'NONE', *, *, #3864, .F. ) ;
#12519 = EDGE_CURVE ( 'NONE', #7011, #13221, #10624, .T. ) ;
#12520 = ORIENTED_EDGE ( 'NONE', *, *, #13174, .F. ) ;
#12521 = CYLINDRICAL_SURFACE ( 'NONE', #13489, 1.750000000000001554 ) ;
#12522 = ADVANCED_FACE ( 'NONE', ( #9709 ), #287, .F. ) ;
#12523 = VECTOR ( 'NONE', #3155, 1000.000000000000000 ) ;
#12524 = CARTESIAN_POINT ( 'NONE',  ( 41.76293755839827071, 44.25077559055805665, 10.40000000000000213 ) ) ;
#12525 = EDGE_CURVE ( 'NONE', #4692, #11659, #12398, .T. ) ;
#12526 = AXIS2_PLACEMENT_3D ( 'NONE', #10751, #1409, #9606 ) ;
#12527 = ORIENTED_EDGE ( 'NONE', *, *, #937, .F. ) ;
#12528 = DIRECTION ( 'NONE',  ( -1.000000000000000000, 0.000000000000000000, 0.000000000000000000 ) ) ;
#12529 = CARTESIAN_POINT ( 'NONE',  ( 81.02043897411351736, 90.72411899924007628, 9.400000000000030553 ) ) ;
#12530 = CARTESIAN_POINT ( 'NONE',  ( 20.17116097332560898, 31.60989453229145241, 4.400000000000001243 ) ) ;
#12531 = AXIS2_PLACEMENT_3D ( 'NONE', #6147, #9696, #11893 ) ;
#12532 = ORIENTED_EDGE ( 'NONE', *, *, #379, .T. ) ;
#12533 = CARTESIAN_POINT ( 'NONE',  ( 174.7485405866029851, 53.53183226581801790, 0.000000000000000000 ) ) ;
#12534 = CIRCLE ( 'NONE', #3777, 1.900000000000012790 ) ;
#12535 = VERTEX_POINT ( 'NONE', #5449 ) ;
#12536 = VECTOR ( 'NONE', #502, 1000.000000000000000 ) ;
#12537 = ADVANCED_FACE ( 'NONE', ( #5391 ), #2548, .F. ) ;
#12538 = ORIENTED_EDGE ( 'NONE', *, *, #10289, .T. ) ;
#12539 = EDGE_CURVE ( 'NONE', #1318, #7712, #12391, .T. ) ;
#12540 = DIRECTION ( 'NONE',  ( -0.000000000000000000, 0.000000000000000000, 1.000000000000000000 ) ) ;
#12541 = CIRCLE ( 'NONE', #10995, 1.750000000000001554 ) ;
#12542 = VECTOR ( 'NONE', #13246, 1000.000000000000000 ) ;
#12543 = LINE ( 'NONE', #3177, #3036 ) ;
#12544 = DIRECTION ( 'NONE',  ( 0.000000000000000000, 0.000000000000000000, -1.000000000000000000 ) ) ;
#12545 = VERTEX_POINT ( 'NONE', #11906 ) ;
#12546 = ORIENTED_EDGE ( 'NONE', *, *, #574, .T. ) ;
#12547 = CARTESIAN_POINT ( 'NONE',  ( 88.60672948317446185, 137.9047134621627038, 0.000000000000000000 ) ) ;
#12548 = CARTESIAN_POINT ( 'NONE',  ( 174.7485405866029851, 14.69285506076201742, 10.00000000000000000 ) ) ;
#12549 = LINE ( 'NONE', #13308, #5918 ) ;
#12550 = CARTESIAN_POINT ( 'NONE',  ( 12.50000000000001243, 82.80489453229172625, 10.00000000000000000 ) ) ;
#12551 = EDGE_LOOP ( 'NONE', ( #7614, #3771, #2984, #8930 ) ) ;
#12552 = DIRECTION ( 'NONE',  ( 0.7071067811865473507, 0.7071067811865477948, -0.000000000000000000 ) ) ;
#12553 = DIRECTION ( 'NONE',  ( -1.000000000000000000, 0.000000000000000000, 0.000000000000000000 ) ) ;
#12554 = CIRCLE ( 'NONE', #542, 1.750000000000001554 ) ;
#12555 = ORIENTED_EDGE ( 'NONE', *, *, #7743, .T. ) ;
#12556 = AXIS2_PLACEMENT_3D ( 'NONE', #9114, #12258, #2894 ) ;
#12557 = CARTESIAN_POINT ( 'NONE',  ( 69.35833726339713223, 95.27330718339189275, 8.800000000000000711 ) ) ;
#12558 = ORIENTED_EDGE ( 'NONE', *, *, #651, .F. ) ;
#12559 = EDGE_CURVE ( 'NONE', #2925, #2256, #10401, .T. ) ;
#12560 = LINE ( 'NONE', #13450, #11411 ) ;
#12561 = FACE_OUTER_BOUND ( 'NONE', #3427, .T. ) ;
#12562 = EDGE_LOOP ( 'NONE', ( #12322, #7181, #12983, #3643 ) ) ;
#12563 = VECTOR ( 'NONE', #9744, 1000.000000000000000 ) ;
#12564 = FACE_OUTER_BOUND ( 'NONE', #3873, .T. ) ;
#12565 = DIRECTION ( 'NONE',  ( -0.000000000000000000, -0.000000000000000000, -1.000000000000000000 ) ) ;
#12566 = DIRECTION ( 'NONE',  ( 1.000000000000000000, 0.000000000000000000, 0.000000000000000000 ) ) ;
#12567 = AXIS2_PLACEMENT_3D ( 'NONE', #12617, #4240, #12481 ) ;
#12568 = LINE ( 'NONE', #3129, #5312 ) ;
#12569 = ORIENTED_EDGE ( 'NONE', *, *, #4571, .T. ) ;
#12570 = CARTESIAN_POINT ( 'NONE',  ( 138.6244221264163912, 81.91230903241692829, 10.00000000000000000 ) ) ;
#12571 = FACE_OUTER_BOUND ( 'NONE', #6850, .T. ) ;
#12572 = VERTEX_POINT ( 'NONE', #3425 ) ;
#12573 = CARTESIAN_POINT ( 'NONE',  ( 200.5000000000004547, -7.389999999999986358, 10.00000000000000000 ) ) ;
#12574 = EDGE_CURVE ( 'NONE', #8822, #10383, #1380, .T. ) ;
#12575 = VECTOR ( 'NONE', #172, 1000.000000000000000 ) ;
#12576 = ORIENTED_EDGE ( 'NONE', *, *, #3510, .F. ) ;
#12577 = CARTESIAN_POINT ( 'NONE',  ( 205.0000000000004547, -9.790000000000118163, 0.000000000000000000 ) ) ;
#12578 = CIRCLE ( 'NONE', #568, 1.900000000000012790 ) ;
#12579 = DIRECTION ( 'NONE',  ( 1.000000000000000000, 0.000000000000000000, 0.000000000000000000 ) ) ;
#12580 = ORIENTED_EDGE ( 'NONE', *, *, #416, .T. ) ;
#12581 = CIRCLE ( 'NONE', #7539, 7.649999999999989697 ) ;
#12582 = CARTESIAN_POINT ( 'NONE',  ( 44.40188494886661630, 86.00859212133335063, 0.000000000000000000 ) ) ;
#12583 = LINE ( 'NONE', #12651, #2323 ) ;
#12584 = CARTESIAN_POINT ( 'NONE',  ( 67.45833726339711234, 17.18080354114162489, 10.00000000000000000 ) ) ;
#12585 = AXIS2_PLACEMENT_3D ( 'NONE', #13187, #7847, #7979 ) ;
#12586 = FACE_BOUND ( 'NONE', #10714, .T. ) ;
#12587 = EDGE_LOOP ( 'NONE', ( #1072, #2238, #7388, #148 ) ) ;
#12588 = FACE_BOUND ( 'NONE', #12085, .T. ) ;
#12589 = EDGE_CURVE ( 'NONE', #7291, #55, #10729, .T. ) ;
#12590 = EDGE_LOOP ( 'NONE', ( #4943, #1049 ) ) ;
#12591 = ORIENTED_EDGE ( 'NONE', *, *, #12227, .T. ) ;
#12592 = VECTOR ( 'NONE', #11870, 1000.000000000000000 ) ;
#12593 = CARTESIAN_POINT ( 'NONE',  ( 42.86730598147647697, 58.29192021169607330, 8.800000000000000711 ) ) ;
#12594 = DIRECTION ( 'NONE',  ( 1.000000000000000000, 0.000000000000000000, 0.000000000000000000 ) ) ;
#12595 = AXIS2_PLACEMENT_3D ( 'NONE', #1709, #1636, #8880 ) ;
#12596 = DIRECTION ( 'NONE',  ( 1.000000000000000000, 0.000000000000000000, 0.000000000000000000 ) ) ;
#12597 = ORIENTED_EDGE ( 'NONE', *, *, #5056, .T. ) ;
#12598 = DIRECTION ( 'NONE',  ( -0.000000000000000000, -0.000000000000000000, -1.000000000000000000 ) ) ;
#12599 = CARTESIAN_POINT ( 'NONE',  ( 190.0936175437515487, 28.60989453229146662, 4.400000000000001243 ) ) ;
#12600 = ADVANCED_FACE ( 'NONE', ( #9788 ), #433, .F. ) ;
#12601 = AXIS2_PLACEMENT_3D ( 'NONE', #4854, #1744, #10071 ) ;
#12602 = EDGE_LOOP ( 'NONE', ( #6021, #6826 ) ) ;
#12603 = AXIS2_PLACEMENT_3D ( 'NONE', #11394, #11331, #948 ) ;
#12604 = DIRECTION ( 'NONE',  ( 1.000000000000000000, 0.000000000000000000, 0.000000000000000000 ) ) ;
#12605 = EDGE_CURVE ( 'NONE', #10837, #4097, #3857, .T. ) ;
#12606 = ORIENTED_EDGE ( 'NONE', *, *, #2285, .F. ) ;
#12607 = VERTEX_POINT ( 'NONE', #11082 ) ;
#12608 = DIRECTION ( 'NONE',  ( 1.000000000000000000, 0.000000000000000000, 0.000000000000000000 ) ) ;
#12609 = VECTOR ( 'NONE', #3101, 1000.000000000000000 ) ;
#12610 = FACE_OUTER_BOUND ( 'NONE', #415, .T. ) ;
#12611 = AXIS2_PLACEMENT_3D ( 'NONE', #1993, #982, #5123 ) ;
#12612 = DIRECTION ( 'NONE',  ( -0.000000000000000000, 0.000000000000000000, 1.000000000000000000 ) ) ;
#12613 = EDGE_LOOP ( 'NONE', ( #3110, #5313 ) ) ;
#12614 = VECTOR ( 'NONE', #8785, 1000.000000000000000 ) ;
#12615 = ORIENTED_EDGE ( 'NONE', *, *, #11682, .F. ) ;
#12616 = EDGE_CURVE ( 'NONE', #446, #6833, #2684, .T. ) ;
#12617 = CARTESIAN_POINT ( 'NONE',  ( 45.11403200266500590, 84.41004697847179727, 0.000000000000000000 ) ) ;
#12618 = CARTESIAN_POINT ( 'NONE',  ( 172.9985405866029851, 92.35531679854540243, 0.000000000000000000 ) ) ;
#12619 = CARTESIAN_POINT ( 'NONE',  ( -2.222727697148868519E-13, 82.80499999999966576, 8.800000000000000711 ) ) ;
#12620 = VERTEX_POINT ( 'NONE', #8902 ) ;
#12621 = FACE_OUTER_BOUND ( 'NONE', #13034, .T. ) ;
#12622 = VECTOR ( 'NONE', #1792, 1000.000000000000000 ) ;
#12623 = DIRECTION ( 'NONE',  ( 0.000000000000000000, 1.000000000000000000, 0.000000000000000000 ) ) ;
#12624 = ORIENTED_EDGE ( 'NONE', *, *, #7142, .F. ) ;
#12625 = AXIS2_PLACEMENT_3D ( 'NONE', #10806, #11015, #7808 ) ;
#12626 = DIRECTION ( 'NONE',  ( -0.000000000000000000, -0.000000000000000000, -1.000000000000000000 ) ) ;
#12627 = ORIENTED_EDGE ( 'NONE', *, *, #4452, .F. ) ;
#12628 = VECTOR ( 'NONE', #8450, 1000.000000000000000 ) ;
#12629 = CARTESIAN_POINT ( 'NONE',  ( 30.40638245624893798, 83.05906438913005729, 4.400000000000001243 ) ) ;
#12630 = CYLINDRICAL_SURFACE ( 'NONE', #7472, 1.899999999999957279 ) ;
#12631 = ORIENTED_EDGE ( 'NONE', *, *, #7774, .T. ) ;
#12632 = AXIS2_PLACEMENT_3D ( 'NONE', #11385, #5082, #5020 ) ;
#12633 = DIRECTION ( 'NONE',  ( -0.000000000000000000, -0.000000000000000000, -1.000000000000000000 ) ) ;
#12634 = EDGE_CURVE ( 'NONE', #12545, #702, #1476, .T. ) ;
#12635 = CYLINDRICAL_SURFACE ( 'NONE', #5593, 1.750000000000029310 ) ;
#12636 = DIRECTION ( 'NONE',  ( -0.000000000000000000, 0.000000000000000000, 1.000000000000000000 ) ) ;
#12637 = ADVANCED_FACE ( 'NONE', ( #9177 ), #1730, .T. ) ;
#12638 = AXIS2_PLACEMENT_3D ( 'NONE', #11840, #11778, #2482 ) ;
#12639 = DIRECTION ( 'NONE',  ( -0.000000000000000000, -0.000000000000000000, -1.000000000000000000 ) ) ;
#12640 = ORIENTED_EDGE ( 'NONE', *, *, #1490, .T. ) ;
#12641 = CARTESIAN_POINT ( 'NONE',  ( 44.37490328837139941, 13.45608013069231923, 8.800000000000000711 ) ) ;
#12642 = LINE ( 'NONE', #197, #9302 ) ;
#12643 = ORIENTED_EDGE ( 'NONE', *, *, #174, .F. ) ;
#12644 = LINE ( 'NONE', #11737, #2202 ) ;
#12645 = AXIS2_PLACEMENT_3D ( 'NONE', #6760, #5396, #3428 ) ;
#12646 = CIRCLE ( 'NONE', #11751, 1.750000000000001554 ) ;
#12647 = CARTESIAN_POINT ( 'NONE',  ( 44.60258495182370098, 9.196027637130681498, 0.000000000000000000 ) ) ;
#12648 = VERTEX_POINT ( 'NONE', #3890 ) ;
#12649 = ADVANCED_FACE ( 'NONE', ( #12318 ), #7151, .T. ) ;
#12650 = DIRECTION ( 'NONE',  ( -0.000000000000000000, 0.000000000000000000, -1.000000000000000000 ) ) ;
#12651 = CARTESIAN_POINT ( 'NONE',  ( 43.36403200266500590, 128.8636569258251825, 10.00000000000000000 ) ) ;
#12652 = DIRECTION ( 'NONE',  ( -0.7071039827808556222, 0.7071095795811647156, 0.000000000000000000 ) ) ;
#12653 = DIRECTION ( 'NONE',  ( -0.000000000000000000, -0.000000000000000000, -1.000000000000000000 ) ) ;
#12654 = CYLINDRICAL_SURFACE ( 'NONE', #6197, 1.900000000000012790 ) ;
#12655 = ORIENTED_EDGE ( 'NONE', *, *, #8659, .T. ) ;
#12656 = PRODUCT_DEFINITION_SHAPE ( 'NONE', 'NONE',  #13346 ) ;
#12657 = CARTESIAN_POINT ( 'NONE',  ( 173.2356782389795171, 59.52956377675079835, 8.800000000000000711 ) ) ;
#12658 = ORIENTED_EDGE ( 'NONE', *, *, #11914, .T. ) ;
#12659 = VERTEX_POINT ( 'NONE', #9111 ) ;
#12660 = DIRECTION ( 'NONE',  ( -0.000000000000000000, -0.000000000000000000, -1.000000000000000000 ) ) ;
#12661 = ORIENTED_EDGE ( 'NONE', *, *, #12519, .F. ) ;
#12662 = ADVANCED_FACE ( 'NONE', ( #12047 ), #10934, .F. ) ;
#12663 = DIRECTION ( 'NONE',  ( 0.7071067811865441310, 0.7071067811865507924, -0.000000000000000000 ) ) ;
#12664 = DIRECTION ( 'NONE',  ( -0.000000000000000000, -0.000000000000000000, 1.000000000000000000 ) ) ;
#12665 = ORIENTED_EDGE ( 'NONE', *, *, #3481, .T. ) ;
#12666 = ORIENTED_EDGE ( 'NONE', *, *, #2618, .T. ) ;
#12667 = DIRECTION ( 'NONE',  ( -0.000000000000000000, 0.000000000000000000, 1.000000000000000000 ) ) ;
#12668 = ORIENTED_EDGE ( 'NONE', *, *, #1037, .F. ) ;
#12669 = DIRECTION ( 'NONE',  ( -0.7071067811865470176, -0.7071067811865480168, 0.000000000000000000 ) ) ;
#12670 = VERTEX_POINT ( 'NONE', #8075 ) ;
#12671 = DIRECTION ( 'NONE',  ( -0.000000000000000000, 0.000000000000000000, 1.000000000000000000 ) ) ;
#12672 = ADVANCED_FACE ( 'NONE', ( #6822 ), #4706, .F. ) ;
#12673 = AXIS2_PLACEMENT_3D ( 'NONE', #3734, #2599, #13127 ) ;
#12674 = CYLINDRICAL_SURFACE ( 'NONE', #12734, 1.750000000000001554 ) ;
#12675 = VERTEX_POINT ( 'NONE', #13284 ) ;
#12676 = EDGE_CURVE ( 'NONE', #10298, #6495, #7038, .T. ) ;
#12677 = EDGE_CURVE ( 'NONE', #9068, #8743, #4845, .T. ) ;
#12678 = ORIENTED_EDGE ( 'NONE', *, *, #1478, .T. ) ;
#12679 = DIRECTION ( 'NONE',  ( -1.000000000000000000, 0.000000000000000000, 0.000000000000000000 ) ) ;
#12680 = LINE ( 'NONE', #5403, #10953 ) ;
#12681 = CARTESIAN_POINT ( 'NONE',  ( 25.34116097332609385, 0.000000000000000000, 8.800000000000000711 ) ) ;
#12682 = VERTEX_POINT ( 'NONE', #3756 ) ;
#12683 = VECTOR ( 'NONE', #6175, 1000.000000000000000 ) ;
#12684 = CARTESIAN_POINT ( 'NONE',  ( 170.9627247140764723, 138.8970351559032963, 8.800000000000000711 ) ) ;
#12685 = CARTESIAN_POINT ( 'NONE',  ( 67.45833726339711234, 95.27330718339189275, 8.800000000000000711 ) ) ;
#12686 = ORIENTED_EDGE ( 'NONE', *, *, #5157, .F. ) ;
#12687 = CARTESIAN_POINT ( 'NONE',  ( 200.5000000000004547, 153.0000000000004547, 1.500000000000000444 ) ) ;
#12688 = EDGE_LOOP ( 'NONE', ( #12858, #8247, #10014, #9096 ) ) ;
#12689 = DIRECTION ( 'NONE',  ( 1.000000000000000000, 0.000000000000000000, 0.000000000000000000 ) ) ;
#12690 = EDGE_CURVE ( 'NONE', #11793, #9878, #4916, .T. ) ;
#12691 = DIRECTION ( 'NONE',  ( -0.000000000000000000, -0.000000000000000000, -1.000000000000000000 ) ) ;
#12692 = ORIENTED_EDGE ( 'NONE', *, *, #3880, .T. ) ;
#12693 = EDGE_CURVE ( 'NONE', #8123, #6833, #13345, .T. ) ;
#12694 = ADVANCED_FACE ( 'NONE', ( #10059 ), #1867, .F. ) ;
#12695 = DIRECTION ( 'NONE',  ( 1.000000000000000000, 0.000000000000000000, 0.000000000000000000 ) ) ;
#12696 = CARTESIAN_POINT ( 'NONE',  ( 43.36403200266500590, 11.86983023117878666, 0.000000000000000000 ) ) ;
#12697 = FACE_OUTER_BOUND ( 'NONE', #6280, .T. ) ;
#12698 = ORIENTED_EDGE ( 'NONE', *, *, #573, .F. ) ;
#12699 = CARTESIAN_POINT ( 'NONE',  ( 43.36403200266500590, 94.46799953652343618, 8.800000000000000711 ) ) ;
#12700 = DIRECTION ( 'NONE',  ( -0.000000000000000000, -0.000000000000000000, 1.000000000000000000 ) ) ;
#12701 = EDGE_LOOP ( 'NONE', ( #3484, #7488 ) ) ;
#12702 = CIRCLE ( 'NONE', #3730, 1.750000000000001554 ) ;
#12703 = VERTEX_POINT ( 'NONE', #5929 ) ;
#12704 = DIRECTION ( 'NONE',  ( -0.000000000000000000, -0.000000000000000000, -1.000000000000000000 ) ) ;
#12705 = FACE_OUTER_BOUND ( 'NONE', #10432, .T. ) ;
#12706 = EDGE_CURVE ( 'NONE', #4714, #12792, #10190, .T. ) ;
#12707 = CARTESIAN_POINT ( 'NONE',  ( 41.80250092417472985, 20.89204483109605803, 9.400000000000028777 ) ) ;
#12708 = ADVANCED_FACE ( 'NONE', ( #12193 ), #9984, .T. ) ;
#12709 = CIRCLE ( 'NONE', #10294, 1.750000000000001554 ) ;
#12710 = ORIENTED_EDGE ( 'NONE', *, *, #32, .F. ) ;
#12711 = CYLINDRICAL_SURFACE ( 'NONE', #83, 1.900000000000012790 ) ;
#12712 = DIRECTION ( 'NONE',  ( -0.000000000000000000, 0.000000000000000000, 1.000000000000000000 ) ) ;
#12713 = CARTESIAN_POINT ( 'NONE',  ( 89.70166045703631141, 13.10754140209606255, 10.40000000000000213 ) ) ;
#12714 = CARTESIAN_POINT ( 'NONE',  ( 197.3288390266748706, 149.8940936094211054, 9.000000000000000000 ) ) ;
#12715 = ORIENTED_EDGE ( 'NONE', *, *, #5643, .F. ) ;
#12716 = VERTEX_POINT ( 'NONE', #10126 ) ;
#12717 = VECTOR ( 'NONE', #10002, 1000.000000000000000 ) ;
#12718 = ORIENTED_EDGE ( 'NONE', *, *, #3229, .F. ) ;
#12719 = EDGE_CURVE ( 'NONE', #6195, #7783, #11962, .T. ) ;
#12720 = DIRECTION ( 'NONE',  ( 1.000000000000000000, 0.000000000000000000, 0.000000000000000000 ) ) ;
#12721 = EDGE_LOOP ( 'NONE', ( #5542, #1652, #2004, #715 ) ) ;
#12722 = VECTOR ( 'NONE', #9281, 1000.000000000000000 ) ;
#12723 = DIRECTION ( 'NONE',  ( 1.000000000000000000, 0.000000000000000000, 0.000000000000000000 ) ) ;
#12724 = LINE ( 'NONE', #12530, #5107 ) ;
#12725 = ORIENTED_EDGE ( 'NONE', *, *, #1121, .F. ) ;
#12726 = ORIENTED_EDGE ( 'NONE', *, *, #4689, .T. ) ;
#12727 = CARTESIAN_POINT ( 'NONE',  ( 41.80250092417472985, 20.89204483109605803, 8.800000000000000711 ) ) ;
#12728 = DIRECTION ( 'NONE',  ( -1.000000000000000000, 0.000000000000000000, 0.000000000000000000 ) ) ;
#12729 = ORIENTED_EDGE ( 'NONE', *, *, #218, .T. ) ;
#12730 = ORIENTED_EDGE ( 'NONE', *, *, #9443, .F. ) ;
#12731 = ADVANCED_FACE ( 'NONE', ( #1223 ), #10633, .F. ) ;
#12732 = CIRCLE ( 'NONE', #6815, 1.750000000000001554 ) ;
#12733 = DIRECTION ( 'NONE',  ( -1.000000000000000000, -2.684291645611831623E-15, -0.000000000000000000 ) ) ;
#12734 = AXIS2_PLACEMENT_3D ( 'NONE', #7264, #6146, #11566 ) ;
#12735 = LINE ( 'NONE', #12944, #3144 ) ;
#12736 = ORIENTED_EDGE ( 'NONE', *, *, #9315, .F. ) ;
#12737 = CIRCLE ( 'NONE', #6823, 1.750000000000001554 ) ;
#12738 = ORIENTED_EDGE ( 'NONE', *, *, #1918, .T. ) ;
#12739 = DIRECTION ( 'NONE',  ( -1.000000000000000000, 0.000000000000000000, 0.000000000000000000 ) ) ;
#12740 = LINE ( 'NONE', #5532, #5544 ) ;
#12741 = DIRECTION ( 'NONE',  ( -0.000000000000000000, 0.000000000000000000, 1.000000000000000000 ) ) ;
#12742 = VECTOR ( 'NONE', #5790, 1000.000000000000000 ) ;
#12743 = VECTOR ( 'NONE', #7461, 1000.000000000000000 ) ;
#12744 = CARTESIAN_POINT ( 'NONE',  ( 42.85258495182370098, 131.3036457082470179, 0.000000000000000000 ) ) ;
#12745 = ORIENTED_EDGE ( 'NONE', *, *, #7260, .F. ) ;
#12746 = EDGE_CURVE ( 'NONE', #9466, #1865, #1988, .T. ) ;
#12747 = LINE ( 'NONE', #11715, #8836 ) ;
#12748 = CARTESIAN_POINT ( 'NONE',  ( 92.59275623606896488, 47.62245696408325557, 10.00000000000000000 ) ) ;
#12749 = ORIENTED_EDGE ( 'NONE', *, *, #9331, .F. ) ;
#12750 = CARTESIAN_POINT ( 'NONE',  ( 174.7485405866029851, 53.53183226581801790, 10.00000000000000000 ) ) ;
#12751 = ORIENTED_EDGE ( 'NONE', *, *, #8278, .T. ) ;
#12752 = DIRECTION ( 'NONE',  ( -0.000000000000000000, -0.000000000000000000, -1.000000000000000000 ) ) ;
#12753 = CIRCLE ( 'NONE', #3151, 3.599999999999995648 ) ;
#12754 = CARTESIAN_POINT ( 'NONE',  ( 69.35833726339713223, 17.18080354114162489, 0.000000000000000000 ) ) ;
#12755 = CIRCLE ( 'NONE', #4423, 1.750000000000001554 ) ;
#12756 = CIRCLE ( 'NONE', #7945, 8.649999999999963052 ) ;
#12757 = CARTESIAN_POINT ( 'NONE',  ( 191.9588390266749229, 23.74264681229803386, 8.800000000000000711 ) ) ;
#12758 = ORIENTED_EDGE ( 'NONE', *, *, #2345, .T. ) ;
#12759 = DIRECTION ( 'NONE',  ( -1.801302180350779826E-16, 1.000000000000000000, 0.000000000000000000 ) ) ;
#12760 = DIRECTION ( 'NONE',  ( 1.000000000000000000, 0.000000000000000000, 0.000000000000000000 ) ) ;
#12761 = CARTESIAN_POINT ( 'NONE',  ( 45.11403200266500590, 133.7801504420406502, 0.000000000000000000 ) ) ;
#12762 = CIRCLE ( 'NONE', #7075, 8.649999999999963052 ) ;
#12763 = VECTOR ( 'NONE', #8369, 1000.000000000000000 ) ;
#12764 = CARTESIAN_POINT ( 'NONE',  ( 200.5000000000004547, -7.389999999999986358, 7.000000000000000000 ) ) ;
#12765 = ORIENTED_EDGE ( 'NONE', *, *, #12088, .F. ) ;
#12766 = ADVANCED_FACE ( 'NONE', ( #8212 ), #11288, .F. ) ;
#12767 = DIRECTION ( 'NONE',  ( 0.000000000000000000, -0.000000000000000000, -1.000000000000000000 ) ) ;
#12768 = VECTOR ( 'NONE', #3565, 1000.000000000000000 ) ;
#12769 = LINE ( 'NONE', #8322, #4034 ) ;
#12770 = ORIENTED_EDGE ( 'NONE', *, *, #3189, .F. ) ;
#12771 = DIRECTION ( 'NONE',  ( -0.000000000000000000, 0.000000000000000000, 1.000000000000000000 ) ) ;
#12772 = CARTESIAN_POINT ( 'NONE',  ( 33.40638245624898417, 4.277200709857013472E-15, 10.40000000000000213 ) ) ;
#12773 = ADVANCED_FACE ( 'NONE', ( #6070 ), #6373, .F. ) ;
#12774 = CARTESIAN_POINT ( 'NONE',  ( 45.08002210663563858, 6.715518501719201616, 0.000000000000000000 ) ) ;
#12775 = AXIS2_PLACEMENT_3D ( 'NONE', #12764, #5689, #7763 ) ;
#12776 = CIRCLE ( 'NONE', #8408, 1.900000000000012790 ) ;
#12777 = ORIENTED_EDGE ( 'NONE', *, *, #7432, .F. ) ;
#12778 = DIRECTION ( 'NONE',  ( -0.000000000000000000, -0.000000000000000000, -1.000000000000000000 ) ) ;
#12779 = CARTESIAN_POINT ( 'NONE',  ( 33.40638245624897706, 83.05906438913005729, 10.40000000000000568 ) ) ;
#12780 = CARTESIAN_POINT ( 'NONE',  ( 42.85258495182370098, 9.196027637130681498, 8.800000000000000711 ) ) ;
#12781 = EDGE_CURVE ( 'NONE', #10288, #1909, #8679, .T. ) ;
#12782 = DIRECTION ( 'NONE',  ( 1.000000000000000000, 0.000000000000000000, 0.000000000000000000 ) ) ;
#12783 = EDGE_CURVE ( 'NONE', #1952, #12240, #10415, .T. ) ;
#12784 = AXIS2_PLACEMENT_3D ( 'NONE', #2119, #12514, #10509 ) ;
#12785 = FACE_BOUND ( 'NONE', #8294, .T. ) ;
#12786 = VERTEX_POINT ( 'NONE', #5118 ) ;
#12787 = CARTESIAN_POINT ( 'NONE',  ( 128.9962509126547729, 7.991974365494981747, 8.800000000000000711 ) ) ;
#12788 = ORIENTED_EDGE ( 'NONE', *, *, #13265, .F. ) ;
#12789 = VERTEX_POINT ( 'NONE', #5362 ) ;
#12790 = VECTOR ( 'NONE', #10297, 1000.000000000000000 ) ;
#12791 = DIRECTION ( 'NONE',  ( -0.000000000000000000, -0.000000000000000000, -1.000000000000000000 ) ) ;
#12792 = VERTEX_POINT ( 'NONE', #334 ) ;
#12793 = CARTESIAN_POINT ( 'NONE',  ( 198.3288390266748706, 28.60989453229147017, 10.00000000000000000 ) ) ;
#12794 = CARTESIAN_POINT ( 'NONE',  ( 174.1289209303734538, 127.8366314614928285, 10.00000000000000000 ) ) ;
#12795 = ADVANCED_FACE ( 'NONE', ( #3028 ), #7180, .F. ) ;
#12796 = ADVANCED_FACE ( 'NONE', ( #11598 ), #11354, .F. ) ;
#12797 = ORIENTED_EDGE ( 'NONE', *, *, #1460, .F. ) ;
#12798 = VERTEX_POINT ( 'NONE', #974 ) ;
#12799 = CARTESIAN_POINT ( 'NONE',  ( 17.00000000000004263, 153.0000000000004547, 1.500000000000000444 ) ) ;
#12800 = DIRECTION ( 'NONE',  ( 0.000000000000000000, 0.000000000000000000, -1.000000000000000000 ) ) ;
#12801 = AXIS2_PLACEMENT_3D ( 'NONE', #9818, #8729, #11806 ) ;
#12802 = EDGE_LOOP ( 'NONE', ( #12710, #10398, #2671, #5715 ) ) ;
#12803 = VERTEX_POINT ( 'NONE', #7565 ) ;
#12804 = AXIS2_PLACEMENT_3D ( 'NONE', #5826, #5892, #8171 ) ;
#12805 = LINE ( 'NONE', #13019, #9366 ) ;
#12806 = CARTESIAN_POINT ( 'NONE',  ( 172.4876398314652590, 89.87628193518300179, 8.800000000000000711 ) ) ;
#12807 = EDGE_LOOP ( 'NONE', ( #3831, #13245 ) ) ;
#12808 = VECTOR ( 'NONE', #12886, 1000.000000000000114 ) ;
#12809 = ORIENTED_EDGE ( 'NONE', *, *, #10855, .T. ) ;
#12810 = DIRECTION ( 'NONE',  ( -0.000000000000000000, -0.000000000000000000, 1.000000000000000000 ) ) ;
#12811 = DIRECTION ( 'NONE',  ( -0.000000000000000000, 0.000000000000000000, 1.000000000000000000 ) ) ;
#12812 = EDGE_CURVE ( 'NONE', #9201, #421, #623, .T. ) ;
#12813 = VECTOR ( 'NONE', #682, 1000.000000000000000 ) ;
#12814 = CARTESIAN_POINT ( 'NONE',  ( 174.2442451392241765, 138.0503089974815794, 0.000000000000000000 ) ) ;
#12815 = ORIENTED_EDGE ( 'NONE', *, *, #8394, .F. ) ;
#12816 = CARTESIAN_POINT ( 'NONE',  ( 17.69410731555077376, 90.66156877046471152, 1.552946342224645671 ) ) ;
#12817 = ORIENTED_EDGE ( 'NONE', *, *, #4470, .T. ) ;
#12818 = DIRECTION ( 'NONE',  ( -0.000000000000000000, -0.000000000000000000, -1.000000000000000000 ) ) ;
#12819 = ORIENTED_EDGE ( 'NONE', *, *, #1672, .F. ) ;
#12820 = DIRECTION ( 'NONE',  ( -1.000000000000000000, 0.000000000000000000, -0.000000000000000000 ) ) ;
#12821 = AXIS2_PLACEMENT_3D ( 'NONE', #12533, #3169, #7328 ) ;
#12822 = AXIS2_PLACEMENT_3D ( 'NONE', #5192, #9383, #2194 ) ;
#12823 = AXIS2_PLACEMENT_3D ( 'NONE', #3654, #5687, #12008 ) ;
#12824 = DIRECTION ( 'NONE',  ( 0.000000000000000000, -1.000000000000000000, 0.000000000000000000 ) ) ;
#12825 = ORIENTED_EDGE ( 'NONE', *, *, #732, .F. ) ;
#12826 = DIRECTION ( 'NONE',  ( -0.000000000000000000, 0.000000000000000000, 1.000000000000000000 ) ) ;
#12827 = CARTESIAN_POINT ( 'NONE',  ( 22.10000000000004761, -7.390000000000535252, 1.500000000000000444 ) ) ;
#12828 = DIRECTION ( 'NONE',  ( 1.000000000000000000, 0.000000000000000000, 0.000000000000000000 ) ) ;
#12829 = DIRECTION ( 'NONE',  ( 1.000000000000000000, 0.000000000000000000, 0.000000000000000000 ) ) ;
#12831 = ADVANCED_FACE ( 'NONE', ( #9235 ), #10256, .F. ) ;
#12830 = VECTOR ( 'NONE', #10028, 1000.000000000000114 ) ;
#12832 = DIRECTION ( 'NONE',  ( -0.7071067811865482389, 0.000000000000000000, -0.7071067811865469066 ) ) ;
#12833 = EDGE_LOOP ( 'NONE', ( #4315, #311, #10602, #12869 ) ) ;
#12834 = VECTOR ( 'NONE', #5190, 1000.000000000000000 ) ;
#12835 = ORIENTED_EDGE ( 'NONE', *, *, #1242, .F. ) ;
#12836 = CARTESIAN_POINT ( 'NONE',  ( 41.89847560493171841, 83.05906438913005729, 10.40000000000000213 ) ) ;
#12837 = CIRCLE ( 'NONE', #6251, 1.750000000000001554 ) ;
#12838 = DIRECTION ( 'NONE',  ( -0.2810860865953603294, -0.6785980444720317584, 0.6785980444720129956 ) ) ;
#12839 = ORIENTED_EDGE ( 'NONE', *, *, #1737, .F. ) ;
#12840 = DIRECTION ( 'NONE',  ( 0.000000000000000000, 0.000000000000000000, 1.000000000000000000 ) ) ;
#12841 = DIRECTION ( 'NONE',  ( 0.7071067811865470176, 9.053472432690947504E-17, -0.7071067811865480168 ) ) ;
#12842 = DIRECTION ( 'NONE',  ( 1.000000000000000000, 0.000000000000000000, 0.000000000000000000 ) ) ;
#12843 = VECTOR ( 'NONE', #4314, 1000.000000000000000 ) ;
#12844 = EDGE_CURVE ( 'NONE', #7691, #1856, #2131, .T. ) ;
#12845 = CIRCLE ( 'NONE', #10866, 1.900000000000012790 ) ;
#12846 = ORIENTED_EDGE ( 'NONE', *, *, #12019, .T. ) ;
#12847 = EDGE_CURVE ( 'NONE', #1745, #11094, #906, .T. ) ;
#12848 = ADVANCED_FACE ( 'NONE', ( #5044 ), #3277, .F. ) ;
#12849 = CARTESIAN_POINT ( 'NONE',  ( 45.11403200266500590, 133.7801504420406502, 10.00000000000000000 ) ) ;
#12850 = CYLINDRICAL_SURFACE ( 'NONE', #1233, 1.750000000000001554 ) ;
#12851 = DIRECTION ( 'NONE',  ( -0.000000000000000000, -0.000000000000000000, 1.000000000000000000 ) ) ;
#12852 = DIRECTION ( 'NONE',  ( -1.000000000000000000, 0.000000000000000000, 0.000000000000000000 ) ) ;
#12853 = CARTESIAN_POINT ( 'NONE',  ( 81.02043897411351736, 90.72411899924007628, 8.800000000000000711 ) ) ;
#12854 = ORIENTED_EDGE ( 'NONE', *, *, #5825, .F. ) ;
#12855 = DIRECTION ( 'NONE',  ( -0.000000000000000000, 0.000000000000000000, 1.000000000000000000 ) ) ;
#12856 = CIRCLE ( 'NONE', #385, 1.899999999999985034 ) ;
#12857 = ORIENTED_EDGE ( 'NONE', *, *, #9512, .T. ) ;
#12858 = ORIENTED_EDGE ( 'NONE', *, *, #11641, .F. ) ;
#12859 = DIRECTION ( 'NONE',  ( -1.000000000000000000, 0.000000000000000000, 0.000000000000000000 ) ) ;
#12860 = ADVANCED_FACE ( 'NONE', ( #1352 ), #13410, .F. ) ;
#12861 = CARTESIAN_POINT ( 'NONE',  ( 12.49999999999989875, 158.3619026473821805, 10.00000000000000000 ) ) ;
#12862 = ORIENTED_EDGE ( 'NONE', *, *, #582, .F. ) ;
#12863 = EDGE_CURVE ( 'NONE', #9504, #8443, #5818, .T. ) ;
#12864 = CARTESIAN_POINT ( 'NONE',  ( 172.9985405866029851, 58.64993458377050217, 8.800000000000000711 ) ) ;
#12865 = APPLICATION_PROTOCOL_DEFINITION ( 'draft international standard', 'automotive_design', 1998, #6203 ) ;
#12866 = DIRECTION ( 'NONE',  ( -0.000000000000000000, 0.000000000000000000, 1.000000000000000000 ) ) ;
#12867 = CARTESIAN_POINT ( 'NONE',  ( 173.3217843622783505, 127.2240888880707388, 10.00000000000000000 ) ) ;
#12868 = EDGE_LOOP ( 'NONE', ( #4485, #11971, #12839, #4553 ) ) ;
#12869 = ORIENTED_EDGE ( 'NONE', *, *, #7903, .T. ) ;
#12870 = VECTOR ( 'NONE', #9562, 1000.000000000000000 ) ;
#12871 = CARTESIAN_POINT ( 'NONE',  ( 78.81811639599669661, 103.0761435058214914, 10.00000000000000000 ) ) ;
#12872 = DIRECTION ( 'NONE',  ( 0.000000000000000000, -0.000000000000000000, -1.000000000000000000 ) ) ;
#12873 = VERTEX_POINT ( 'NONE', #11874 ) ;
#12874 = ORIENTED_EDGE ( 'NONE', *, *, #3291, .F. ) ;
#12875 = DIRECTION ( 'NONE',  ( -1.485289157052436882E-16, 1.000000000000000000, 0.000000000000000000 ) ) ;
#12876 = LINE ( 'NONE', #5668, #6696 ) ;
#12877 = EDGE_CURVE ( 'NONE', #5926, #11430, #5838, .T. ) ;
#12878 = EDGE_CURVE ( 'NONE', #1791, #13457, #841, .T. ) ;
#12879 = DIRECTION ( 'NONE',  ( -0.000000000000000000, 0.000000000000000000, 1.000000000000000000 ) ) ;
#12880 = CIRCLE ( 'NONE', #3700, 3.599999999999992095 ) ;
#12881 = ORIENTED_EDGE ( 'NONE', *, *, #1521, .F. ) ;
#12882 = CARTESIAN_POINT ( 'NONE',  ( 12.49999999999989875, 158.3619026473821805, 0.000000000000000000 ) ) ;
#12883 = DIRECTION ( 'NONE',  ( 1.000000000000000000, 0.000000000000000000, 0.000000000000000000 ) ) ;
#12884 = CARTESIAN_POINT ( 'NONE',  ( 46.86403200266500590, 16.77682456503958619, 0.000000000000000000 ) ) ;
#12885 = ORIENTED_EDGE ( 'NONE', *, *, #5917, .F. ) ;
#12886 = DIRECTION ( 'NONE',  ( 0.5773502691896243988, 0.5773502691896263972, 0.5773502691896263972 ) ) ;
#12887 = ORIENTED_EDGE ( 'NONE', *, *, #6430, .F. ) ;
#12888 = DIRECTION ( 'NONE',  ( -0.000000000000000000, 0.000000000000000000, 1.000000000000000000 ) ) ;
#12889 = AXIS2_PLACEMENT_3D ( 'NONE', #10935, #7868, #8826 ) ;
#12890 = DIRECTION ( 'NONE',  ( -1.000000000000000000, 0.000000000000000000, 0.000000000000000000 ) ) ;
#12891 = ORIENTED_EDGE ( 'NONE', *, *, #1726, .F. ) ;
#12892 = DIRECTION ( 'NONE',  ( -1.000000000000000000, 0.000000000000000000, 0.000000000000000000 ) ) ;
#12893 = EDGE_CURVE ( 'NONE', #2797, #1570, #2522, .T. ) ;
#12894 = DIRECTION ( 'NONE',  ( 0.000000000000000000, 0.000000000000000000, 1.000000000000000000 ) ) ;
#12895 = VERTEX_POINT ( 'NONE', #8869 ) ;
#12896 = CARTESIAN_POINT ( 'NONE',  ( 128.9962509126547729, 46.80401707400540090, 10.00000000000000000 ) ) ;
#12897 = CARTESIAN_POINT ( 'NONE',  ( 197.3288390266748706, 82.80500000000019156, 8.999999999999994671 ) ) ;
#12898 = LINE ( 'NONE', #8518, #9761 ) ;
#12899 = CARTESIAN_POINT ( 'NONE',  ( 47.82330765310179999, 28.83385039370485003, 24.81692519685280374 ) ) ;
#12900 = DIRECTION ( 'NONE',  ( 1.000000000000000000, 0.000000000000000000, 0.000000000000000000 ) ) ;
#12901 = ORIENTED_EDGE ( 'NONE', *, *, #4114, .F. ) ;
#12902 = EDGE_LOOP ( 'NONE', ( #3, #621, #8072, #1591 ) ) ;
#12903 = DIRECTION ( 'NONE',  ( 0.000000000000000000, 0.000000000000000000, -1.000000000000000000 ) ) ;
#12904 = CARTESIAN_POINT ( 'NONE',  ( 45.08002210663563858, 6.715518501719201616, 8.800000000000000711 ) ) ;
#12905 = ORIENTED_EDGE ( 'NONE', *, *, #2757, .F. ) ;
#12906 = CARTESIAN_POINT ( 'NONE',  ( 140.7492919255787172, 120.7500671661881455, 0.000000000000000000 ) ) ;
#12907 = DIRECTION ( 'NONE',  ( -0.000000000000000000, -0.000000000000000000, -1.000000000000000000 ) ) ;
#12908 = DIRECTION ( 'NONE',  ( -0.000000000000000000, -0.000000000000000000, -1.000000000000000000 ) ) ;
#12909 = LINE ( 'NONE', #9757, #9886 ) ;
#12910 = EDGE_CURVE ( 'NONE', #5302, #5990, #2719, .T. ) ;
#12911 = LINE ( 'NONE', #5490, #2468 ) ;
#12912 = VECTOR ( 'NONE', #5559, 1000.000000000000114 ) ;
#12913 = LINE ( 'NONE', #7704, #5105 ) ;
#12914 = DIRECTION ( 'NONE',  ( -0.000000000000000000, -0.000000000000000000, -1.000000000000000000 ) ) ;
#12915 = CARTESIAN_POINT ( 'NONE',  ( 172.7879805785753149, 48.38256379482365332, 0.000000000000000000 ) ) ;
#12916 = CARTESIAN_POINT ( 'NONE',  ( 43.61065178279114463, 124.6045085948894666, 10.00000000000000000 ) ) ;
#12917 = DIRECTION ( 'NONE',  ( -0.000000000000000000, 0.000000000000000000, 1.000000000000000000 ) ) ;
#12918 = ORIENTED_EDGE ( 'NONE', *, *, #10723, .T. ) ;
#12919 = ORIENTED_EDGE ( 'NONE', *, *, #7043, .F. ) ;
#12920 = EDGE_CURVE ( 'NONE', #10420, #5199, #6040, .T. ) ;
#12921 = CARTESIAN_POINT ( 'NONE',  ( 25.54116097332608959, 28.60989453229144885, 9.400000000000028777 ) ) ;
#12922 = ORIENTED_EDGE ( 'NONE', *, *, #2930, .T. ) ;
#12923 = ORIENTED_EDGE ( 'NONE', *, *, #5638, .T. ) ;
#12924 = EDGE_CURVE ( 'NONE', #1307, #7856, #5383, .T. ) ;
#12925 = EDGE_CURVE ( 'NONE', #12060, #4035, #11044, .T. ) ;
#12926 = EDGE_CURVE ( 'NONE', #2434, #2086, #8028, .T. ) ;
#12927 = VECTOR ( 'NONE', #11973, 1000.000000000000000 ) ;
#12928 = PLANE ( 'NONE',  #8051 ) ;
#12929 = EDGE_LOOP ( 'NONE', ( #7445, #4064 ) ) ;
#12930 = CARTESIAN_POINT ( 'NONE',  ( 76.91811639599669093, 103.0761435058214914, 0.000000000000000000 ) ) ;
#12931 = DIRECTION ( 'NONE',  ( 0.000000000000000000, -0.000000000000000000, -1.000000000000000000 ) ) ;
#12932 = EDGE_LOOP ( 'NONE', ( #12738, #11687, #3018, #9129 ) ) ;
#12933 = VECTOR ( 'NONE', #13169, 1000.000000000000000 ) ;
#12934 = ORIENTED_EDGE ( 'NONE', *, *, #5806, .T. ) ;
#12935 = EDGE_CURVE ( 'NONE', #13144, #1123, #10840, .T. ) ;
#12936 = CARTESIAN_POINT ( 'NONE',  ( 124.8267149358792949, 20.09410048508981816, 0.000000000000000000 ) ) ;
#12937 = ORIENTED_EDGE ( 'NONE', *, *, #5256, .T. ) ;
#12938 = VERTEX_POINT ( 'NONE', #9004 ) ;
#12939 = CARTESIAN_POINT ( 'NONE',  ( 134.5762620681505553, 145.0023251711596401, 8.800000000000000711 ) ) ;
#12940 = ADVANCED_FACE ( 'NONE', ( #4679 ), #1498, .F. ) ;
#12941 = CARTESIAN_POINT ( 'NONE',  ( 174.9485405866030021, 131.3223178114732264, 0.000000000000000000 ) ) ;
#12942 = EDGE_CURVE ( 'NONE', #168, #6000, #6916, .T. ) ;
#12943 = VECTOR ( 'NONE', #8020, 1000.000000000000000 ) ;
#12944 = CARTESIAN_POINT ( 'NONE',  ( 100.4861135185663983, 100.4853181670007132, 10.40000000000000213 ) ) ;
#12945 = VERTEX_POINT ( 'NONE', #6723 ) ;
#12946 = LINE ( 'NONE', #1598, #9279 ) ;
#12947 = CARTESIAN_POINT ( 'NONE',  ( 203.2000000000004718, -7.389999999999986358, 10.00000000000000000 ) ) ;
#12948 = ORIENTED_EDGE ( 'NONE', *, *, #5825, .T. ) ;
#12949 = EDGE_CURVE ( 'NONE', #10852, #3713, #7636, .T. ) ;
#12950 = LINE ( 'NONE', #13030, #11451 ) ;
#12951 = EDGE_CURVE ( 'NONE', #8026, #11001, #7374, .T. ) ;
#12952 = DIRECTION ( 'NONE',  ( -0.000000000000000000, -0.000000000000000000, -1.000000000000000000 ) ) ;
#12953 = AXIS2_PLACEMENT_3D ( 'NONE', #3211, #4268, #8463 ) ;
#12954 = EDGE_LOOP ( 'NONE', ( #24, #11429, #4007, #1035, #7452, #4693, #4228 ) ) ;
#12955 = LINE ( 'NONE', #11922, #3860 ) ;
#12956 = AXIS2_PLACEMENT_3D ( 'NONE', #3196, #3263, #3066 ) ;
#12957 = CARTESIAN_POINT ( 'NONE',  ( 90.50672948317448174, 59.72174035506507295, 10.00000000000000000 ) ) ;
#12958 = VERTEX_POINT ( 'NONE', #4539 ) ;
#12959 = CARTESIAN_POINT ( 'NONE',  ( 197.3288390266748991, 28.60989453229147017, -55.14129099142832047 ) ) ;
#12960 = VECTOR ( 'NONE', #6771, 1000.000000000000000 ) ;
#12961 = LINE ( 'NONE', #11724, #7494 ) ;
#12962 = VERTEX_POINT ( 'NONE', #13116 ) ;
#12963 = VECTOR ( 'NONE', #2178, 1000.000000000000000 ) ;
#12964 = DIRECTION ( 'NONE',  ( 1.000000000000000000, 0.000000000000000000, 0.000000000000000000 ) ) ;
#12965 = AXIS2_PLACEMENT_3D ( 'NONE', #926, #4043, #13500 ) ;
#12966 = CARTESIAN_POINT ( 'NONE',  ( 124.8267149358792949, 58.91592920418546697, 0.000000000000000000 ) ) ;
#12967 = DIRECTION ( 'NONE',  ( -0.000000000000000000, -0.000000000000000000, -1.000000000000000000 ) ) ;
#12968 = CARTESIAN_POINT ( 'NONE',  ( 45.08002210663563858, 6.715518501719201616, 10.00000000000000000 ) ) ;
#12969 = DIRECTION ( 'NONE',  ( -1.000000000000000000, 0.000000000000000000, 0.000000000000000000 ) ) ;
#12970 = ORIENTED_EDGE ( 'NONE', *, *, #10899, .F. ) ;
#12971 = FACE_OUTER_BOUND ( 'NONE', #8508, .T. ) ;
#12972 = ADVANCED_FACE ( 'NONE', ( #9821 ), #5766, .F. ) ;
#12973 = DIRECTION ( 'NONE',  ( -1.081565855712203252E-17, 1.000000000000000000, 0.000000000000000000 ) ) ;
#12974 = AXIS2_PLACEMENT_3D ( 'NONE', #12471, #11500, #2074 ) ;
#12975 = ORIENTED_EDGE ( 'NONE', *, *, #11328, .F. ) ;
#12976 = CARTESIAN_POINT ( 'NONE',  ( 176.2879805785753149, 9.540354232463158723, 0.000000000000000000 ) ) ;
#12977 = DIRECTION ( 'NONE',  ( -0.000000000000000000, -0.000000000000000000, -1.000000000000000000 ) ) ;
#12978 = CIRCLE ( 'NONE', #7065, 1.750000000000001554 ) ;
#12979 = AXIS2_PLACEMENT_3D ( 'NONE', #7811, #8015, #6832 ) ;
#12980 = DIRECTION ( 'NONE',  ( -0.000000000000000000, -0.000000000000000000, -1.000000000000000000 ) ) ;
#12981 = CARTESIAN_POINT ( 'NONE',  ( 205.0000000000003979, -6.990550615668164269, 0.1252272915132048581 ) ) ;
#12982 = CARTESIAN_POINT ( 'NONE',  ( 92.40672948317448743, 137.9047134621627038, 8.800000000000000711 ) ) ;
#12983 = ORIENTED_EDGE ( 'NONE', *, *, #7676, .T. ) ;
#12984 = CIRCLE ( 'NONE', #9274, 1.900000000000012790 ) ;
#12985 = AXIS2_PLACEMENT_3D ( 'NONE', #12355, #9203, #11116 ) ;
#12986 = DIRECTION ( 'NONE',  ( 0.000000000000000000, 0.000000000000000000, 1.000000000000000000 ) ) ;
#12987 = VECTOR ( 'NONE', #6384, 1000.000000000000114 ) ;
#12988 = AXIS2_PLACEMENT_3D ( 'NONE', #8644, #12820, #9733 ) ;
#12989 = DIRECTION ( 'NONE',  ( 0.000000000000000000, 0.000000000000000000, 1.000000000000000000 ) ) ;
#12990 = CARTESIAN_POINT ( 'NONE',  ( 17.00000000000000000, 153.0000000000004547, 10.00000000000000000 ) ) ;
#12991 = FACE_OUTER_BOUND ( 'NONE', #10332, .T. ) ;
#12992 = EDGE_CURVE ( 'NONE', #8969, #2621, #1503, .T. ) ;
#12993 = CARTESIAN_POINT ( 'NONE',  ( 45.11403200266500590, 89.52015041444528265, 10.00000000000000000 ) ) ;
#12994 = ORIENTED_EDGE ( 'NONE', *, *, #9658, .T. ) ;
#12995 = ORIENTED_EDGE ( 'NONE', *, *, #4200, .T. ) ;
#12996 = FACE_BOUND ( 'NONE', #3596, .T. ) ;
#12997 = AXIS2_PLACEMENT_3D ( 'NONE', #669, #4803, #5013 ) ;
#12998 = EDGE_LOOP ( 'NONE', ( #3323, #11701, #7237, #7046, #5481, #105, #10938, #10439, #9275, #2091, #705, #6050, #3987, #772, #6717, #7559, #12372, #9738 ) ) ;
#12999 = AXIS2_PLACEMENT_3D ( 'NONE', #4517, #2495, #6631 ) ;
#13000 = EDGE_LOOP ( 'NONE', ( #2980, #790, #12288, #12665 ) ) ;
#13001 = AXIS2_PLACEMENT_3D ( 'NONE', #7047, #4031, #12467 ) ;
#13002 = DIRECTION ( 'NONE',  ( -0.000000000000000000, -0.000000000000000000, -1.000000000000000000 ) ) ;
#13003 = ORIENTED_EDGE ( 'NONE', *, *, #10077, .T. ) ;
#13004 = FACE_OUTER_BOUND ( 'NONE', #2963, .T. ) ;
#13005 = CIRCLE ( 'NONE', #3385, 1.750000000000029310 ) ;
#13006 = LINE ( 'NONE', #7794, #12927 ) ;
#13007 = CARTESIAN_POINT ( 'NONE',  ( 42.85258495182370098, 136.4729333453784932, 10.00000000000000000 ) ) ;
#13008 = EDGE_CURVE ( 'NONE', #2753, #4004, #188, .T. ) ;
#13009 = VECTOR ( 'NONE', #10740, 1000.000000000000000 ) ;
#13010 = ORIENTED_EDGE ( 'NONE', *, *, #11865, .T. ) ;
#13011 = ORIENTED_EDGE ( 'NONE', *, *, #7111, .T. ) ;
#13012 = LINE ( 'NONE', #492, #1306 ) ;
#13014 = CYLINDRICAL_SURFACE ( 'NONE', #6511, 1.750000000000001554 ) ;
#13013 = DIRECTION ( 'NONE',  ( -0.7071039827808556222, 0.7071095795811647156, 0.000000000000000000 ) ) ;
#13015 = ORIENTED_EDGE ( 'NONE', *, *, #11582, .T. ) ;
#13016 = VERTEX_POINT ( 'NONE', #608 ) ;
#13017 = DIRECTION ( 'NONE',  ( 0.7071067811865379138, 0.000000000000000000, 0.7071067811865570096 ) ) ;
#13018 = CIRCLE ( 'NONE', #133, 1.750000000000001554 ) ;
#13019 = CARTESIAN_POINT ( 'NONE',  ( 25.34116097332609385, 83.05906438913005729, 4.400000000000001243 ) ) ;
#13020 = AXIS2_PLACEMENT_3D ( 'NONE', #3943, #7174, #3086 ) ;
#13021 = DIRECTION ( 'NONE',  ( 1.000000000000000000, 0.000000000000000000, 0.000000000000000000 ) ) ;
#13022 = EDGE_CURVE ( 'NONE', #7664, #4927, #3442, .T. ) ;
#13023 = EDGE_LOOP ( 'NONE', ( #13332, #8553, #364, #12624 ) ) ;
#13024 =( NAMED_UNIT ( * ) SI_UNIT ( $, .STERADIAN. ) SOLID_ANGLE_UNIT ( ) );
#13025 = CARTESIAN_POINT ( 'NONE',  ( 138.6244221264163912, 42.67048316991452594, 8.800000000000000711 ) ) ;
#13026 = ADVANCED_FACE ( 'NONE', ( #2863 ), #7971, .F. ) ;
#13028 = EDGE_CURVE ( 'NONE', #13238, #2797, #2021, .T. ) ;
#13027 = AXIS2_PLACEMENT_3D ( 'NONE', #12853, #4759, #686 ) ;
#13029 = VERTEX_POINT ( 'NONE', #8112 ) ;
#13030 = CARTESIAN_POINT ( 'NONE',  ( 175.7431846376827025, 124.7179551689040551, 8.800000000000000711 ) ) ;
#13031 = CARTESIAN_POINT ( 'NONE',  ( 41.11730598147647697, 53.15839306104777506, 10.00000000000000000 ) ) ;
#13032 = ORIENTED_EDGE ( 'NONE', *, *, #5671, .F. ) ;
#13033 = CYLINDRICAL_SURFACE ( 'NONE', #7816, 1.900000000000012790 ) ;
#13034 = EDGE_LOOP ( 'NONE', ( #5295, #6787 ) ) ;
#13035 = FACE_OUTER_BOUND ( 'NONE', #11520, .T. ) ;
#13036 = AXIS2_PLACEMENT_3D ( 'NONE', #8178, #10091, #12228 ) ;
#13037 = DIRECTION ( 'NONE',  ( -0.000000000000000000, -0.000000000000000000, -1.000000000000000000 ) ) ;
#13038 = ADVANCED_FACE ( 'NONE', ( #11324 ), #7146, .F. ) ;
#13039 = ORIENTED_EDGE ( 'NONE', *, *, #4893, .T. ) ;
#13040 = DIRECTION ( 'NONE',  ( 0.000000000000000000, 0.000000000000000000, -1.000000000000000000 ) ) ;
#13041 = CARTESIAN_POINT ( 'NONE',  ( 41.77127944125191306, 98.50862242824007353, 8.800000000000000711 ) ) ;
#13042 = CARTESIAN_POINT ( 'NONE',  ( 200.5000000000004547, 153.0000000000004547, 10.00000000000000000 ) ) ;
#13043 = EDGE_LOOP ( 'NONE', ( #5121, #12678 ) ) ;
#13044 = DIRECTION ( 'NONE',  ( -0.000000000000000000, -0.000000000000000000, -1.000000000000000000 ) ) ;
#13045 = AXIS2_PLACEMENT_3D ( 'NONE', #11642, #8442, #13512 ) ;
#13046 = CARTESIAN_POINT ( 'NONE',  ( 41.80250092417472985, 20.89204483109605803, 10.40000000000000213 ) ) ;
#13047 = EDGE_LOOP ( 'NONE', ( #8682, #1410 ) ) ;
#13048 = CARTESIAN_POINT ( 'NONE',  ( 92.55321194845042498, 125.7367331634828815, 10.00000000000000000 ) ) ;
#13049 = DIRECTION ( 'NONE',  ( 1.000000000000000000, 0.000000000000000000, 0.000000000000000000 ) ) ;
#13050 = VECTOR ( 'NONE', #11262, 1000.000000000000000 ) ;
#13051 = FACE_OUTER_BOUND ( 'NONE', #1780, .T. ) ;
#13052 = CARTESIAN_POINT ( 'NONE',  ( 205.0000000000005684, 155.4000000000002046, 0.000000000000000000 ) ) ;
#13053 = EDGE_CURVE ( 'NONE', #4238, #13374, #9207, .T. ) ;
#13054 = ORIENTED_EDGE ( 'NONE', *, *, #5144, .T. ) ;
#13055 = EDGE_CURVE ( 'NONE', #2089, #13095, #1961, .T. ) ;
#13056 = AXIS2_PLACEMENT_3D ( 'NONE', #13493, #7455, #5198 ) ;
#13057 = VECTOR ( 'NONE', #5652, 1000.000000000000000 ) ;
#13058 = CARTESIAN_POINT ( 'NONE',  ( 94.49275623606898478, 8.774332390532082471, 0.000000000000000000 ) ) ;
#13059 = CIRCLE ( 'NONE', #11953, 1.750000000000001554 ) ;
#13060 = DIRECTION ( 'NONE',  ( 1.000000000000000000, 0.000000000000000000, 0.000000000000000000 ) ) ;
#13061 = DIRECTION ( 'NONE',  ( -0.000000000000000000, 0.000000000000000000, 1.000000000000000000 ) ) ;
#13062 = CARTESIAN_POINT ( 'NONE',  ( 174.2627247140765121, 99.94750278602708704, 0.000000000000000000 ) ) ;
#13063 = CARTESIAN_POINT ( 'NONE',  ( 172.9985405866029851, 14.69285506076201742, 10.00000000000000000 ) ) ;
#13064 = CARTESIAN_POINT ( 'NONE',  ( 205.0000000000005684, 131.8050000000002626, 0.000000000000000000 ) ) ;
#13065 = EDGE_LOOP ( 'NONE', ( #9381, #5920, #3908, #12919 ) ) ;
#13066 = EDGE_LOOP ( 'NONE', ( #4847, #13502 ) ) ;
#13067 = AXIS2_PLACEMENT_3D ( 'NONE', #7769, #11944, #12079 ) ;
#13068 = CARTESIAN_POINT ( 'NONE',  ( 173.9920709003524451, 134.9827974092708871, 0.000000000000000000 ) ) ;
#13069 = CARTESIAN_POINT ( 'NONE',  ( 138.6244221264163912, 42.67048316991452594, 0.000000000000000000 ) ) ;
#13070 = ORIENTED_EDGE ( 'NONE', *, *, #3652, .F. ) ;
#13071 = CIRCLE ( 'NONE', #2349, 1.750000000000001554 ) ;
#13072 = ORIENTED_EDGE ( 'NONE', *, *, #5506, .F. ) ;
#13073 = AXIS2_PLACEMENT_3D ( 'NONE', #998, #2982, #925 ) ;
#13074 = EDGE_CURVE ( 'NONE', #9546, #5517, #5607, .T. ) ;
#13075 = DIRECTION ( 'NONE',  ( 1.000000000000000000, 0.000000000000000000, 0.000000000000000000 ) ) ;
#13076 = ORIENTED_EDGE ( 'NONE', *, *, #5144, .F. ) ;
#13077 = AXIS2_PLACEMENT_3D ( 'NONE', #5696, #12977, #3725 ) ;
#13078 = LINE ( 'NONE', #11765, #4864 ) ;
#13079 = CIRCLE ( 'NONE', #4523, 8.649999999999948841 ) ;
#13080 = CARTESIAN_POINT ( 'NONE',  ( 139.2787914509012808, 139.2776890537543864, 10.40000000000000213 ) ) ;
#13081 = VERTEX_POINT ( 'NONE', #5964 ) ;
#13082 = ORIENTED_EDGE ( 'NONE', *, *, #13189, .T. ) ;
#13083 = DIRECTION ( 'NONE',  ( 1.000000000000000000, -0.000000000000000000, -0.000000000000000000 ) ) ;
#13084 = ORIENTED_EDGE ( 'NONE', *, *, #4468, .T. ) ;
#13085 = ORIENTED_EDGE ( 'NONE', *, *, #5176, .T. ) ;
#13086 = AXIS2_PLACEMENT_3D ( 'NONE', #4286, #6529, #9582 ) ;
#13087 = CARTESIAN_POINT ( 'NONE',  ( 0.000000000000000000, -14.38999999999998636, 10.00000000000000000 ) ) ;
#13088 = ADVANCED_FACE ( 'NONE', ( #11120 ), #13178, .F. ) ;
#13089 = DIRECTION ( 'NONE',  ( -0.000000000000000000, 0.000000000000000000, 1.000000000000000000 ) ) ;
#13090 = ORIENTED_EDGE ( 'NONE', *, *, #12605, .F. ) ;
#13091 = DIRECTION ( 'NONE',  ( -0.000000000000000000, -0.000000000000000000, -1.000000000000000000 ) ) ;
#13092 = DIRECTION ( 'NONE',  ( -1.000000000000000000, 0.000000000000000000, 0.000000000000000000 ) ) ;
#13093 = ORIENTED_EDGE ( 'NONE', *, *, #9267, .F. ) ;
#13094 = CARTESIAN_POINT ( 'NONE',  ( 172.5127247140765121, 99.94750278602708704, 0.000000000000000000 ) ) ;
#13095 = VERTEX_POINT ( 'NONE', #10160 ) ;
#13096 = EDGE_CURVE ( 'NONE', #1738, #1865, #2807, .T. ) ;
#13097 = EDGE_LOOP ( 'NONE', ( #10154, #11639 ) ) ;
#13098 = DIRECTION ( 'NONE',  ( -1.000000000000000000, 0.000000000000000000, 0.000000000000000000 ) ) ;
#13099 = VECTOR ( 'NONE', #6408, 1000.000000000000000 ) ;
#13100 = EDGE_CURVE ( 'NONE', #2216, #4534, #2997, .T. ) ;
#13101 = EDGE_CURVE ( 'NONE', #9218, #4534, #1935, .T. ) ;
#13102 = FACE_OUTER_BOUND ( 'NONE', #3934, .T. ) ;
#13103 = ORIENTED_EDGE ( 'NONE', *, *, #1477, .F. ) ;
#13104 = CARTESIAN_POINT ( 'NONE',  ( -5.719366779482737861, 5.719366779482631280, 0.000000000000000000 ) ) ;
#13105 = ORIENTED_EDGE ( 'NONE', *, *, #10483, .F. ) ;
#13106 = DIRECTION ( 'NONE',  ( -0.000000000000000000, 0.000000000000000000, 1.000000000000000000 ) ) ;
#13107 = DIRECTION ( 'NONE',  ( -0.000000000000000000, 0.000000000000000000, 1.000000000000000000 ) ) ;
#13108 = DIRECTION ( 'NONE',  ( 1.000000000000000000, 0.000000000000000000, 0.000000000000000000 ) ) ;
#13109 = ORIENTED_EDGE ( 'NONE', *, *, #2454, .T. ) ;
#13110 = VERTEX_POINT ( 'NONE', #9277 ) ;
#13111 = AXIS2_PLACEMENT_3D ( 'NONE', #12378, #9756, #5634 ) ;
#13112 = PLANE ( 'NONE',  #7289 ) ;
#13113 = DIRECTION ( 'NONE',  ( -0.000000000000000000, 0.000000000000000000, 1.000000000000000000 ) ) ;
#13114 = ORIENTED_EDGE ( 'NONE', *, *, #8249, .F. ) ;
#13115 = ADVANCED_FACE ( 'NONE', ( #8045 ), #12230, .F. ) ;
#13116 = CARTESIAN_POINT ( 'NONE',  ( 149.9597551873219174, 50.50888774354142896, 0.000000000000000000 ) ) ;
#13117 = CARTESIAN_POINT ( 'NONE',  ( 173.2513894976437143, 52.62572045327607384, 10.00000000000000000 ) ) ;
#13118 = EDGE_CURVE ( 'NONE', #11337, #8319, #10863, .T. ) ;
#13119 = ADVANCED_FACE ( 'NONE', ( #2928 ), #8688, .T. ) ;
#13120 = CARTESIAN_POINT ( 'NONE',  ( 140.5244221264164253, 42.67048316991452594, 8.800000000000000711 ) ) ;
#13121 = ORIENTED_EDGE ( 'NONE', *, *, #5655, .T. ) ;
#13122 = FACE_OUTER_BOUND ( 'NONE', #8935, .T. ) ;
#13123 = DIRECTION ( 'NONE',  ( -0.000000000000000000, -0.000000000000000000, -1.000000000000000000 ) ) ;
#13124 = CARTESIAN_POINT ( 'NONE',  ( 127.4155958739632837, 124.8090237033039358, 0.000000000000000000 ) ) ;
#13125 = CARTESIAN_POINT ( 'NONE',  ( 19.70000000000000284, -7.389999999999980140, 7.000000000000000000 ) ) ;
#13126 = CARTESIAN_POINT ( 'NONE',  ( 9.748121265352788001, -9.748121265352788001, 10.40000000000000213 ) ) ;
#13127 = DIRECTION ( 'NONE',  ( -1.000000000000000000, 0.000000000000000000, 0.000000000000000000 ) ) ;
#13128 = DIRECTION ( 'NONE',  ( -1.000000000000000000, 0.000000000000000000, 0.000000000000000000 ) ) ;
#13129 = VERTEX_POINT ( 'NONE', #8246 ) ;
#13130 = EDGE_CURVE ( 'NONE', #8669, #4616, #1715, .T. ) ;
#13131 = EDGE_CURVE ( 'NONE', #3811, #1496, #736, .T. ) ;
#13132 = DIRECTION ( 'NONE',  ( -0.000000000000000000, 0.000000000000000000, 1.000000000000000000 ) ) ;
#13133 = VERTEX_POINT ( 'NONE', #8182 ) ;
#13134 = DIRECTION ( 'NONE',  ( 1.000000000000000000, 0.000000000000000000, 0.000000000000000000 ) ) ;
#13135 = VERTEX_POINT ( 'NONE', #12360 ) ;
#13136 = DIRECTION ( 'NONE',  ( -0.000000000000000000, 0.000000000000000000, 1.000000000000000000 ) ) ;
#13137 = AXIS2_PLACEMENT_3D ( 'NONE', #2308, #7564, #7298 ) ;
#13138 = ORIENTED_EDGE ( 'NONE', *, *, #12454, .F. ) ;
#13139 = LINE ( 'NONE', #3485, #1999 ) ;
#13140 = DIRECTION ( 'NONE',  ( 1.000000000000000000, 0.000000000000000000, 0.000000000000000000 ) ) ;
#13141 = DIRECTION ( 'NONE',  ( 0.000000000000000000, 0.000000000000000000, 1.000000000000000000 ) ) ;
#13142 = FACE_OUTER_BOUND ( 'NONE', #9559, .T. ) ;
#13143 = VERTEX_POINT ( 'NONE', #9539 ) ;
#13144 = VERTEX_POINT ( 'NONE', #2090 ) ;
#13145 = EDGE_CURVE ( 'NONE', #4021, #11918, #11087, .T. ) ;
#13146 = CARTESIAN_POINT ( 'NONE',  ( 172.4592763556042598, 56.02765497882714385, 10.00000000000000000 ) ) ;
#13147 = ORIENTED_EDGE ( 'NONE', *, *, #8748, .F. ) ;
#13148 = AXIS2_PLACEMENT_3D ( 'NONE', #697, #6062, #13208 ) ;
#13149 = ORIENTED_EDGE ( 'NONE', *, *, #8331, .F. ) ;
#13150 = FACE_BOUND ( 'NONE', #12807, .T. ) ;
#13151 = CARTESIAN_POINT ( 'NONE',  ( 90.50672948317448174, 59.72174035506507295, 0.000000000000000000 ) ) ;
#13152 = ORIENTED_EDGE ( 'NONE', *, *, #7604, .F. ) ;
#13153 = CIRCLE ( 'NONE', #4833, 8.649999999999963052 ) ;
#13154 = DIRECTION ( 'NONE',  ( -0.7071067811865573427, 0.000000000000000000, -0.7071067811865378028 ) ) ;
#13155 = DIRECTION ( 'NONE',  ( -0.000000000000000000, 0.000000000000000000, 1.000000000000000000 ) ) ;
#13156 = EDGE_CURVE ( 'NONE', #10928, #13248, #9356, .T. ) ;
#13157 = FACE_OUTER_BOUND ( 'NONE', #12688, .T. ) ;
#13158 = ORIENTED_EDGE ( 'NONE', *, *, #12783, .F. ) ;
#13159 = ORIENTED_EDGE ( 'NONE', *, *, #2618, .F. ) ;
#13160 = FACE_OUTER_BOUND ( 'NONE', #9599, .T. ) ;
#13161 = DIRECTION ( 'NONE',  ( -0.000000000000000000, -0.000000000000000000, -1.000000000000000000 ) ) ;
#13162 = DIRECTION ( 'NONE',  ( -0.000000000000000000, -0.000000000000000000, -1.000000000000000000 ) ) ;
#13163 = VERTEX_POINT ( 'NONE', #4118 ) ;
#13164 = DIRECTION ( 'NONE',  ( 0.7071067811865410224, 0.7071067811865540120, -0.000000000000000000 ) ) ;
#13165 = EDGE_LOOP ( 'NONE', ( #7756, #2102, #3514, #7037 ) ) ;
#13166 = EDGE_CURVE ( 'NONE', #4326, #13110, #6292, .T. ) ;
#13167 = DIRECTION ( 'NONE',  ( -0.000000000000000000, 0.000000000000000000, 1.000000000000000000 ) ) ;
#13168 = CARTESIAN_POINT ( 'NONE',  ( 192.1588390266744000, 0.000000000000000000, 8.800000000000000711 ) ) ;
#13169 = DIRECTION ( 'NONE',  ( -0.000000000000000000, -0.000000000000000000, -1.000000000000000000 ) ) ;
#13170 = DIRECTION ( 'NONE',  ( -0.000000000000000000, -0.000000000000000000, -1.000000000000000000 ) ) ;
#13171 = ORIENTED_EDGE ( 'NONE', *, *, #7493, .F. ) ;
#13172 = EDGE_LOOP ( 'NONE', ( #1843, #5939, #520, #8756 ) ) ;
#13173 = LINE ( 'NONE', #8109, #11224 ) ;
#13174 = EDGE_CURVE ( 'NONE', #2974, #12648, #6424, .T. ) ;
#13175 = DIRECTION ( 'NONE',  ( 1.000000000000000000, 0.000000000000000000, 0.000000000000000000 ) ) ;
#13176 = VERTEX_POINT ( 'NONE', #12488 ) ;
#13177 = EDGE_CURVE ( 'NONE', #6650, #9498, #5183, .T. ) ;
#13178 = CYLINDRICAL_SURFACE ( 'NONE', #8918, 1.750000000000001554 ) ;
#13179 = LINE ( 'NONE', #12158, #521 ) ;
#13180 = AXIS2_PLACEMENT_3D ( 'NONE', #1475, #4725, #2638 ) ;
#13181 = AXIS2_PLACEMENT_3D ( 'NONE', #7955, #10148, #4939 ) ;
#13182 = CARTESIAN_POINT ( 'NONE',  ( 41.77127944125191306, 98.50862242824007353, 9.400000000000002132 ) ) ;
#13183 = EDGE_CURVE ( 'NONE', #8473, #1738, #4298, .T. ) ;
#13184 = DIRECTION ( 'NONE',  ( -1.000000000000000000, 0.000000000000000000, 0.000000000000000000 ) ) ;
#13185 = CIRCLE ( 'NONE', #7930, 1.750000000000001554 ) ;
#13186 = FACE_OUTER_BOUND ( 'NONE', #2137, .T. ) ;
#13187 = CARTESIAN_POINT ( 'NONE',  ( 124.8267149358792949, 98.15027427408116978, 0.000000000000000000 ) ) ;
#13188 = CYLINDRICAL_SURFACE ( 'NONE', #10055, 1.900000000000012790 ) ;
#13189 = EDGE_CURVE ( 'NONE', #10193, #4616, #11519, .T. ) ;
#13190 = EDGE_CURVE ( 'NONE', #6143, #3380, #1083, .T. ) ;
#13191 = AXIS2_PLACEMENT_3D ( 'NONE', #8001, #7175, #9305 ) ;
#13192 = FACE_OUTER_BOUND ( 'NONE', #9535, .T. ) ;
#13193 = ORIENTED_EDGE ( 'NONE', *, *, #4394, .T. ) ;
#13194 = VECTOR ( 'NONE', #10198, 1000.000000000000000 ) ;
#13195 = ORIENTED_EDGE ( 'NONE', *, *, #2100, .F. ) ;
#13196 = ORIENTED_EDGE ( 'NONE', *, *, #8277, .F. ) ;
#13197 = CARTESIAN_POINT ( 'NONE',  ( 173.4279738388674446, 96.31118919937517830, 10.00000000000000000 ) ) ;
#13198 = ORIENTED_EDGE ( 'NONE', *, *, #3765, .T. ) ;
#13199 = DIRECTION ( 'NONE',  ( 1.000000000000000000, 0.000000000000000000, 0.000000000000000000 ) ) ;
#13200 = VECTOR ( 'NONE', #13403, 1000.000000000000000 ) ;
#13201 = CIRCLE ( 'NONE', #94, 1.750000000000001554 ) ;
#13202 = AXIS2_PLACEMENT_3D ( 'NONE', #234, #8562, #12739 ) ;
#13203 = CARTESIAN_POINT ( 'NONE',  ( 176.2879805785753149, 9.540354232463158723, 10.00000000000000000 ) ) ;
#13204 = AXIS2_PLACEMENT_3D ( 'NONE', #8197, #10301, #3448 ) ;
#13205 = EDGE_CURVE ( 'NONE', #9143, #277, #6928, .T. ) ;
#13206 = ORIENTED_EDGE ( 'NONE', *, *, #1340, .F. ) ;
#13207 = ADVANCED_FACE ( 'NONE', ( #10685 ), #4373, .F. ) ;
#13208 = DIRECTION ( 'NONE',  ( 1.000000000000000000, 0.000000000000000000, 0.000000000000000000 ) ) ;
#13209 = DIRECTION ( 'NONE',  ( 0.000000000000000000, 0.000000000000000000, -1.000000000000000000 ) ) ;
#13210 = CARTESIAN_POINT ( 'NONE',  ( 205.0000000000004547, -12.75190264738178669, 10.00000000000000000 ) ) ;
#13211 = DIRECTION ( 'NONE',  ( -0.000000000000000000, -0.000000000000000000, -1.000000000000000000 ) ) ;
#13212 = AXIS2_PLACEMENT_3D ( 'NONE', #1708, #12367, #9289 ) ;
#13213 = DIRECTION ( 'NONE',  ( -1.000000000000000000, 0.000000000000000000, 0.000000000000000000 ) ) ;
#13214 = ORIENTED_EDGE ( 'NONE', *, *, #10258, .T. ) ;
#13215 = AXIS2_PLACEMENT_3D ( 'NONE', #2967, #8081, #11150 ) ;
#13216 = EDGE_LOOP ( 'NONE', ( #2357, #7617 ) ) ;
#13217 = CARTESIAN_POINT ( 'NONE',  ( 191.9588390266749514, 101.3592244094420494, 10.40000000000000213 ) ) ;
#13218 = CIRCLE ( 'NONE', #3800, 1.750000000000001554 ) ;
#13219 = ORIENTED_EDGE ( 'NONE', *, *, #10556, .F. ) ;
#13220 = CARTESIAN_POINT ( 'NONE',  ( 17.00000000000004619, -7.390000000000535252, 7.000000000000000000 ) ) ;
#13221 = VERTEX_POINT ( 'NONE', #10419 ) ;
#13222 = VECTOR ( 'NONE', #3055, 1000.000000000000000 ) ;
#13223 = DIRECTION ( 'NONE',  ( -0.000000000000000000, 0.000000000000000000, 1.000000000000000000 ) ) ;
#13224 = ADVANCED_FACE ( 'NONE', ( #1334 ), #9349, .F. ) ;
#13225 = ORIENTED_EDGE ( 'NONE', *, *, #4614, .T. ) ;
#13226 = EDGE_CURVE ( 'NONE', #8226, #6365, #8572, .T. ) ;
#13227 = VECTOR ( 'NONE', #2488, 1000.000000000000000 ) ;
#13228 = DIRECTION ( 'NONE',  ( -0.000000000000000000, 0.000000000000000000, 1.000000000000000000 ) ) ;
#13229 = DIRECTION ( 'NONE',  ( -0.000000000000000000, 0.000000000000000000, 1.000000000000000000 ) ) ;
#13230 = ORIENTED_EDGE ( 'NONE', *, *, #4926, .F. ) ;
#13231 = CARTESIAN_POINT ( 'NONE',  ( 31.80638245624896854, 59.70033362966805157, 8.800000000000000711 ) ) ;
#13232 = ORIENTED_EDGE ( 'NONE', *, *, #4812, .F. ) ;
#13233 = VERTEX_POINT ( 'NONE', #8309 ) ;
#13234 = CARTESIAN_POINT ( 'NONE',  ( 41.11730598147647697, 58.29192021169607330, 8.800000000000000711 ) ) ;
#13235 = ORIENTED_EDGE ( 'NONE', *, *, #1151, .F. ) ;
#13236 = EDGE_CURVE ( 'NONE', #1909, #13233, #9409, .T. ) ;
#13237 = VECTOR ( 'NONE', #9217, 1000.000000000000000 ) ;
#13238 = VERTEX_POINT ( 'NONE', #38 ) ;
#13239 = LINE ( 'NONE', #6995, #4061 ) ;
#13240 = DIRECTION ( 'NONE',  ( -0.000000000000000000, -0.000000000000000000, -1.000000000000000000 ) ) ;
#13241 = DIRECTION ( 'NONE',  ( -1.000000000000000000, 0.000000000000000000, 0.000000000000000000 ) ) ;
#13242 = VECTOR ( 'NONE', #3802, 1000.000000000000000 ) ;
#13243 = CARTESIAN_POINT ( 'NONE',  ( 72.38604971557496981, 51.91583020066806142, 8.800000000000000711 ) ) ;
#13244 = ORIENTED_EDGE ( 'NONE', *, *, #11760, .F. ) ;
#13245 = ORIENTED_EDGE ( 'NONE', *, *, #10571, .F. ) ;
#13246 = DIRECTION ( 'NONE',  ( 0.7071067811865240360, 0.7071067811865711095, 0.000000000000000000 ) ) ;
#13247 = LINE ( 'NONE', #4054, #11699 ) ;
#13248 = VERTEX_POINT ( 'NONE', #3317 ) ;
#13249 = CARTESIAN_POINT ( 'NONE',  ( 45.11403200266500590, 123.7087698414060526, 10.00000000000000000 ) ) ;
#13250 = AXIS2_PLACEMENT_3D ( 'NONE', #6370, #257, #5629 ) ;
#13251 = LINE ( 'NONE', #7081, #7283 ) ;
#13252 = VECTOR ( 'NONE', #10913, 1000.000000000000000 ) ;
#13253 = ORIENTED_EDGE ( 'NONE', *, *, #6569, .F. ) ;
#13254 = EDGE_CURVE ( 'NONE', #8476, #6327, #4183, .T. ) ;
#13255 = FACE_OUTER_BOUND ( 'NONE', #1324, .T. ) ;
#13256 = CIRCLE ( 'NONE', #12601, 1.900000000000012790 ) ;
#13257 = CARTESIAN_POINT ( 'NONE',  ( 17.17116097332566227, 28.60989453229145241, 4.400000000000001243 ) ) ;
#13258 = CARTESIAN_POINT ( 'NONE',  ( 164.0992579820906201, 74.25012897327849259, 9.400000000000003908 ) ) ;
#13259 = CARTESIAN_POINT ( 'NONE',  ( 73.40166045703635689, 13.10754140209606078, 10.40000000000000213 ) ) ;
#13260 = DIRECTION ( 'NONE',  ( -0.000000000000000000, -0.000000000000000000, -1.000000000000000000 ) ) ;
#13261 = EDGE_LOOP ( 'NONE', ( #452, #4330, #34, #5945 ) ) ;
#13262 = ORIENTED_EDGE ( 'NONE', *, *, #7739, .T. ) ;
#13263 = DIRECTION ( 'NONE',  ( -0.000000000000000000, -0.000000000000000000, -1.000000000000000000 ) ) ;
#13264 = LINE ( 'NONE', #12173, #4425 ) ;
#13265 = EDGE_CURVE ( 'NONE', #10542, #6559, #11742, .T. ) ;
#13266 = VERTEX_POINT ( 'NONE', #11579 ) ;
#13267 = CARTESIAN_POINT ( 'NONE',  ( 44.38205363708638629, 130.4532190266330929, 0.000000000000000000 ) ) ;
#13268 = AXIS2_PLACEMENT_3D ( 'NONE', #2890, #6895, #4776 ) ;
#13269 = CIRCLE ( 'NONE', #7799, 1.750000000000001554 ) ;
#13270 = CIRCLE ( 'NONE', #7801, 1.900000000000012790 ) ;
#13271 = EDGE_CURVE ( 'NONE', #10383, #8715, #8444, .T. ) ;
#13272 = ADVANCED_FACE ( 'NONE', ( #8510 ), #11644, .F. ) ;
#13273 = CARTESIAN_POINT ( 'NONE',  ( 132.3762620681505382, 66.92288104716577379, 10.00000000000000000 ) ) ;
#13274 = ORIENTED_EDGE ( 'NONE', *, *, #10003, .T. ) ;
#13275 = DIRECTION ( 'NONE',  ( -0.000000000000000000, -0.000000000000000000, 1.000000000000000000 ) ) ;
#13276 = DIRECTION ( 'NONE',  ( 1.000000000000000000, -0.000000000000000000, 0.000000000000000000 ) ) ;
#13277 = DIRECTION ( 'NONE',  ( -0.000000000000000000, -0.000000000000000000, -1.000000000000000000 ) ) ;
#13278 = VECTOR ( 'NONE', #4600, 1000.000000000000000 ) ;
#13279 = DIRECTION ( 'NONE',  ( -0.000000000000000000, -0.000000000000000000, -1.000000000000000000 ) ) ;
#13280 = ORIENTED_EDGE ( 'NONE', *, *, #9680, .T. ) ;
#13281 = VERTEX_POINT ( 'NONE', #6706 ) ;
#13282 = VECTOR ( 'NONE', #11838, 1000.000000000000000 ) ;
#13283 = CIRCLE ( 'NONE', #5835, 1.750000000000001554 ) ;
#13285 = CARTESIAN_POINT ( 'NONE',  ( 17.00000000000000000, -7.389999999999980140, 10.00000000000000000 ) ) ;
#13284 = CARTESIAN_POINT ( 'NONE',  ( 176.2879805785753149, 48.38256379482365332, 8.800000000000000711 ) ) ;
#13286 = VERTEX_POINT ( 'NONE', #5612 ) ;
#13287 = DIRECTION ( 'NONE',  ( 1.000000000000000000, 0.000000000000000000, 0.000000000000000000 ) ) ;
#13288 = EDGE_CURVE ( 'NONE', #1926, #9803, #11792, .T. ) ;
#13289 = ORIENTED_EDGE ( 'NONE', *, *, #4961, .F. ) ;
#13290 = DIRECTION ( 'NONE',  ( -1.000000000000000000, 0.000000000000000000, -0.000000000000000000 ) ) ;
#13291 = ADVANCED_FACE ( 'NONE', ( #4582 ), #2565, .F. ) ;
#13292 = DIRECTION ( 'NONE',  ( 0.000000000000000000, -1.000000000000000000, 0.000000000000000000 ) ) ;
#13293 = ORIENTED_EDGE ( 'NONE', *, *, #4040, .T. ) ;
#13294 = DIRECTION ( 'NONE',  ( -0.000000000000000000, 0.000000000000000000, 1.000000000000000000 ) ) ;
#13295 = VERTEX_POINT ( 'NONE', #4521 ) ;
#13296 = VERTEX_POINT ( 'NONE', #3576 ) ;
#13297 = VECTOR ( 'NONE', #12663, 1000.000000000000114 ) ;
#13298 = CARTESIAN_POINT ( 'NONE',  ( 205.0000000000005684, 158.8050000000003763, 0.000000000000000000 ) ) ;
#13299 = ORIENTED_EDGE ( 'NONE', *, *, #12127, .F. ) ;
#13300 = ADVANCED_FACE ( 'NONE', ( #9731 ), #13033, .F. ) ;
#13301 = VERTEX_POINT ( 'NONE', #1542 ) ;
#13302 = EDGE_CURVE ( 'NONE', #4649, #3816, #11923, .T. ) ;
#13303 = CARTESIAN_POINT ( 'NONE',  ( 0.000000000000000000, 21.89204483109605803, 10.40000000000000213 ) ) ;
#13304 = EDGE_LOOP ( 'NONE', ( #10902, #921, #4149, #1823 ) ) ;
#13305 = EDGE_LOOP ( 'NONE', ( #7984, #11376, #2631, #1453 ) ) ;
#13306 = DIRECTION ( 'NONE',  ( 1.000000000000000000, 0.000000000000000000, 0.000000000000000000 ) ) ;
#13307 = CARTESIAN_POINT ( 'NONE',  ( 45.11403200266500590, 128.8636569258251825, 0.000000000000000000 ) ) ;
#13308 = CARTESIAN_POINT ( 'NONE',  ( 190.9588390266749798, 0.000000000000000000, 10.40000000000000213 ) ) ;
#13309 = DIRECTION ( 'NONE',  ( -0.000000000000000000, 0.000000000000000000, 1.000000000000000000 ) ) ;
#13310 = ORIENTED_EDGE ( 'NONE', *, *, #7421, .T. ) ;
#13311 = ORIENTED_EDGE ( 'NONE', *, *, #13100, .T. ) ;
#13312 = DIRECTION ( 'NONE',  ( 1.000000000000000000, 0.000000000000000000, 0.000000000000000000 ) ) ;
#13313 = LINE ( 'NONE', #5961, #11486 ) ;
#13314 = ORIENTED_EDGE ( 'NONE', *, *, #5173, .T. ) ;
#13315 = DIRECTION ( 'NONE',  ( -0.000000000000000000, -0.000000000000000000, -1.000000000000000000 ) ) ;
#13316 = AXIS2_PLACEMENT_3D ( 'NONE', #8228, #10335, #2073 ) ;
#13317 = DIRECTION ( 'NONE',  ( -0.000000000000000000, -0.000000000000000000, 1.000000000000000000 ) ) ;
#13318 = EDGE_CURVE ( 'NONE', #12335, #590, #7750, .T. ) ;
#13319 = FACE_OUTER_BOUND ( 'NONE', #6552, .T. ) ;
#13320 = ORIENTED_EDGE ( 'NONE', *, *, #10427, .F. ) ;
#13321 = CARTESIAN_POINT ( 'NONE',  ( 190.0936175437515487, 83.05906438913014256, 4.400000000000001243 ) ) ;
#13322 = AXIS2_PLACEMENT_3D ( 'NONE', #11768, #5662, #7526 ) ;
#13323 = CARTESIAN_POINT ( 'NONE',  ( 195.4000000000004604, 153.0000000000004547, 1.500000000000000444 ) ) ;
#13324 = DIRECTION ( 'NONE',  ( -0.2810860865953503374, -0.6785980444720149940, -0.6785980444720337568 ) ) ;
#13325 = DIRECTION ( 'NONE',  ( -1.000000000000000000, 0.000000000000000000, 0.000000000000000000 ) ) ;
#13326 = LINE ( 'NONE', #1775, #12790 ) ;
#13327 = VERTEX_POINT ( 'NONE', #7820 ) ;
#13328 = ORIENTED_EDGE ( 'NONE', *, *, #2223, .T. ) ;
#13329 = ADVANCED_FACE ( 'NONE', ( #7680 ), #8714, .F. ) ;
#13330 = CARTESIAN_POINT ( 'NONE',  ( 136.4940251048210769, 132.5024585979040523, 9.400000000000028777 ) ) ;
#13331 = CIRCLE ( 'NONE', #12024, 8.649999999999963052 ) ;
#13332 = ORIENTED_EDGE ( 'NONE', *, *, #9855, .F. ) ;
#13333 = CARTESIAN_POINT ( 'NONE',  ( 200.5000000000003695, -7.390000000000313207, 1.500000000000000444 ) ) ;
#13334 = CARTESIAN_POINT ( 'NONE',  ( 0.000000000000000000, 60.70033362966805157, 10.40000000000000213 ) ) ;
#13335 = ORIENTED_EDGE ( 'NONE', *, *, #6718, .T. ) ;
#13336 = LINE ( 'NONE', #9168, #8329 ) ;
#13337 = DIRECTION ( 'NONE',  ( -0.000000000000000000, -0.000000000000000000, -1.000000000000000000 ) ) ;
#13338 = LINE ( 'NONE', #9228, #8426 ) ;
#13339 = CARTESIAN_POINT ( 'NONE',  ( 136.5096358462825208, 93.69416979933204459, 9.400000000000044764 ) ) ;
#13340 = EDGE_CURVE ( 'NONE', #12716, #1307, #1401, .T. ) ;
#13341 = VECTOR ( 'NONE', #10169, 1000.000000000000000 ) ;
#13342 = FACE_BOUND ( 'NONE', #6482, .T. ) ;
#13343 = ORIENTED_EDGE ( 'NONE', *, *, #8575, .F. ) ;
#13344 = ORIENTED_EDGE ( 'NONE', *, *, #9508, .F. ) ;
#13345 = LINE ( 'NONE', #13217, #8908 ) ;
#13346 = PRODUCT_DEFINITION ( 'æœ', '', #11327, #1415 ) ;
#13347 = EDGE_CURVE ( 'NONE', #198, #11203, #13506, .T. ) ;
#13348 = ORIENTED_EDGE ( 'NONE', *, *, #1411, .T. ) ;
#13349 = ORIENTED_EDGE ( 'NONE', *, *, #11946, .F. ) ;
#13350 = VECTOR ( 'NONE', #9882, 1000.000000000000000 ) ;
#13351 = DIRECTION ( 'NONE',  ( -0.5000019787638022573, -0.4999980212283512415, -0.7071067811865585639 ) ) ;
#13352 = FACE_OUTER_BOUND ( 'NONE', #3172, .T. ) ;
#13353 = ORIENTED_EDGE ( 'NONE', *, *, #12359, .F. ) ;
#13354 = CARTESIAN_POINT ( 'NONE',  ( 81.03604971557493286, 51.91583020066806142, 9.400000000000032330 ) ) ;
#13355 = EDGE_CURVE ( 'NONE', #11747, #10408, #2499, .T. ) ;
#13356 = CIRCLE ( 'NONE', #9429, 1.750000000000001554 ) ;
#13357 = ORIENTED_EDGE ( 'NONE', *, *, #8828, .F. ) ;
#13358 = ORIENTED_EDGE ( 'NONE', *, *, #7127, .T. ) ;
#13359 = DIRECTION ( 'NONE',  ( -0.000000000000000000, 0.000000000000000000, 1.000000000000000000 ) ) ;
#13360 = EDGE_CURVE ( 'NONE', #37, #10123, #7172, .T. ) ;
#13361 = ORIENTED_EDGE ( 'NONE', *, *, #5492, .F. ) ;
#13362 = EDGE_CURVE ( 'NONE', #10581, #7025, #11854, .T. ) ;
#13363 = ORIENTED_EDGE ( 'NONE', *, *, #2005, .F. ) ;
#13364 = AXIS2_PLACEMENT_3D ( 'NONE', #10894, #2783, #6998 ) ;
#13365 = CARTESIAN_POINT ( 'NONE',  ( 200.5000000000004547, -7.389999999999986358, 10.00000000000000000 ) ) ;
#13366 = EDGE_LOOP ( 'NONE', ( #12, #13501, #11824, #8946 ) ) ;
#13367 = ORIENTED_EDGE ( 'NONE', *, *, #10048, .F. ) ;
#13368 = EDGE_CURVE ( 'NONE', #7300, #8219, #6269, .T. ) ;
#13369 = CYLINDRICAL_SURFACE ( 'NONE', #11712, 1.750000000000001554 ) ;
#13370 = CARTESIAN_POINT ( 'NONE',  ( 172.4592763556042598, 56.02765497882714385, 0.000000000000000000 ) ) ;
#13371 = DIRECTION ( 'NONE',  ( -0.000000000000000000, 0.000000000000000000, 1.000000000000000000 ) ) ;
#13372 = EDGE_CURVE ( 'NONE', #9552, #11100, #9703, .T. ) ;
#13373 = CARTESIAN_POINT ( 'NONE',  ( 12.50000000000047429, -5.390755016379947584, 7.623296525288699970E-18 ) ) ;
#13374 = VERTEX_POINT ( 'NONE', #1118 ) ;
#13375 = ORIENTED_EDGE ( 'NONE', *, *, #7491, .T. ) ;
#13376 = FACE_OUTER_BOUND ( 'NONE', #3809, .T. ) ;
#13377 = DIRECTION ( 'NONE',  ( 1.000000000000000000, 0.000000000000000000, 0.000000000000000000 ) ) ;
#13378 = VERTEX_POINT ( 'NONE', #9447 ) ;
#13379 = AXIS2_PLACEMENT_3D ( 'NONE', #4099, #10268, #7124 ) ;
#13380 = CARTESIAN_POINT ( 'NONE',  ( 45.11403200266500590, 133.7801504420406502, 8.800000000000000711 ) ) ;
#13381 = DIRECTION ( 'NONE',  ( 1.000000000000000000, -0.000000000000000000, -0.000000000000000000 ) ) ;
#13382 = ORIENTED_EDGE ( 'NONE', *, *, #4893, .F. ) ;
#13383 = CARTESIAN_POINT ( 'NONE',  ( 45.11403200266500590, 89.52015041444528265, 10.00000000000000000 ) ) ;
#13384 = AXIS2_PLACEMENT_3D ( 'NONE', #3124, #7285, #10552 ) ;
#13385 = LINE ( 'NONE', #12494, #10196 ) ;
#13386 = EDGE_CURVE ( 'NONE', #9800, #8954, #12207, .T. ) ;
#13387 = LINE ( 'NONE', #3005, #6390 ) ;
#13388 = DIRECTION ( 'NONE',  ( -1.000000000000000000, 0.000000000000000000, 0.000000000000000000 ) ) ;
#13389 = CARTESIAN_POINT ( 'NONE',  ( 205.0000000000005684, 131.8050000000002626, 0.000000000000000000 ) ) ;
#13390 = ORIENTED_EDGE ( 'NONE', *, *, #9678, .F. ) ;
#13391 = VERTEX_POINT ( 'NONE', #282 ) ;
#13392 = CARTESIAN_POINT ( 'NONE',  ( 174.9485405866030021, 136.4482890466690037, 10.00000000000000000 ) ) ;
#13393 = CARTESIAN_POINT ( 'NONE',  ( 174.2309708550598657, 132.9184361280065332, 0.000000000000000000 ) ) ;
#13394 = AXIS2_PLACEMENT_3D ( 'NONE', #2589, #264, #8796 ) ;
#13395 = CYLINDRICAL_SURFACE ( 'NONE', #728, 1.750000000000001554 ) ;
#13396 = AXIS2_PLACEMENT_3D ( 'NONE', #8098, #8926, #6847 ) ;
#13397 = ORIENTED_EDGE ( 'NONE', *, *, #483, .F. ) ;
#13398 = CARTESIAN_POINT ( 'NONE',  ( 164.0836472406292046, 113.0584177718505430, 8.800000000000000711 ) ) ;
#13399 = AXIS2_PLACEMENT_3D ( 'NONE', #589, #7023, #10372 ) ;
#13400 = DIRECTION ( 'NONE',  ( 0.000000000000000000, 0.000000000000000000, 1.000000000000000000 ) ) ;
#13401 = EDGE_LOOP ( 'NONE', ( #13070, #6525, #11406, #12597, #1333, #5755, #6563, #9836, #12918, #5473, #1463, #9017, #199, #13515, #12472, #2201, #3142, #6893, #5837, #4823, #9391, #7400, #5793, #11468, #13344, #10277, #7340, #1883, #1176, #8631, #9412, #4239, #7818, #622, #13358, #5637, #9471, #7748, #1513, #5405 ) ) ;
#13402 = EDGE_CURVE ( 'NONE', #9085, #8692, #7602, .T. ) ;
#13403 = DIRECTION ( 'NONE',  ( -0.000000000000000000, -0.000000000000000000, -1.000000000000000000 ) ) ;
#13404 = DIRECTION ( 'NONE',  ( -0.000000000000000000, -0.000000000000000000, -1.000000000000000000 ) ) ;
#13405 = DIRECTION ( 'NONE',  ( -1.000000000000000000, 0.000000000000000000, 0.000000000000000000 ) ) ;
#13406 = FACE_OUTER_BOUND ( 'NONE', #12562, .T. ) ;
#13407 = FACE_BOUND ( 'NONE', #12613, .T. ) ;
#13408 = ORIENTED_EDGE ( 'NONE', *, *, #9389, .F. ) ;
#13409 = ORIENTED_EDGE ( 'NONE', *, *, #7654, .F. ) ;
#13410 = CYLINDRICAL_SURFACE ( 'NONE', #391, 1.900000000000012790 ) ;
#13411 = AXIS2_PLACEMENT_3D ( 'NONE', #5368, #9373, #10639 ) ;
#13412 = ORIENTED_EDGE ( 'NONE', *, *, #5272, .T. ) ;
#13413 = VECTOR ( 'NONE', #3788, 1000.000000000000000 ) ;
#13414 = DIRECTION ( 'NONE',  ( -1.000000000000000000, 0.000000000000000000, 0.000000000000000000 ) ) ;
#13415 = EDGE_LOOP ( 'NONE', ( #2508, #3556, #6113, #11773 ) ) ;
#13416 = VECTOR ( 'NONE', #11479, 1000.000000000000000 ) ;
#13417 = VECTOR ( 'NONE', #12261, 1000.000000000000000 ) ;
#13418 = LINE ( 'NONE', #13485, #2058 ) ;
#13419 = ORIENTED_EDGE ( 'NONE', *, *, #2836, .F. ) ;
#13420 = EDGE_CURVE ( 'NONE', #1421, #7852, #7591, .T. ) ;
#13421 = AXIS2_PLACEMENT_3D ( 'NONE', #8454, #2029, #6173 ) ;
#13422 = CARTESIAN_POINT ( 'NONE',  ( 149.9597551873219174, 50.50888774354142896, 8.800000000000000711 ) ) ;
#13423 = DIRECTION ( 'NONE',  ( 0.7071039827808556222, -0.7071095795811647156, 0.000000000000000000 ) ) ;
#13424 = AXIS2_PLACEMENT_3D ( 'NONE', #8287, #3837, #3037 ) ;
#13425 = EDGE_LOOP ( 'NONE', ( #11006, #2038, #11462, #351 ) ) ;
#13426 = CARTESIAN_POINT ( 'NONE',  ( 174.7485405866029851, 92.35531679854540243, 10.00000000000000000 ) ) ;
#13427 = ORIENTED_EDGE ( 'NONE', *, *, #12464, .T. ) ;
#13428 = ORIENTED_EDGE ( 'NONE', *, *, #1212, .F. ) ;
#13429 = VECTOR ( 'NONE', #6783, 1000.000000000000000 ) ;
#13430 = LINE ( 'NONE', #6211, #5191 ) ;
#13431 = CIRCLE ( 'NONE', #744, 3.599999999999999201 ) ;
#13432 = EDGE_CURVE ( 'NONE', #3210, #7764, #6329, .T. ) ;
#13433 = LINE ( 'NONE', #11373, #635 ) ;
#13434 = DIRECTION ( 'NONE',  ( -0.7071039827808559552, 0.7071095795811642715, 0.000000000000000000 ) ) ;
#13435 = ORIENTED_EDGE ( 'NONE', *, *, #12781, .F. ) ;
#13436 = EDGE_CURVE ( 'NONE', #8551, #1684, #4758, .T. ) ;
#13437 = ORIENTED_EDGE ( 'NONE', *, *, #2591, .F. ) ;
#13438 = DIRECTION ( 'NONE',  ( -0.000000000000000000, 0.000000000000000000, 1.000000000000000000 ) ) ;
#13439 = DIRECTION ( 'NONE',  ( 0.000000000000000000, -1.000000000000000000, 0.000000000000000000 ) ) ;
#13440 = DIRECTION ( 'NONE',  ( 1.000000000000000000, 0.000000000000000000, 0.000000000000000000 ) ) ;
#13441 = DIRECTION ( 'NONE',  ( 1.000000000000000000, 0.000000000000000000, 0.000000000000000000 ) ) ;
#13442 = VERTEX_POINT ( 'NONE', #4157 ) ;
#13443 = EDGE_LOOP ( 'NONE', ( #10828, #13311, #9044, #7666 ) ) ;
#13444 = DIRECTION ( 'NONE',  ( -0.000000000000000000, -0.000000000000000000, -1.000000000000000000 ) ) ;
#13445 = CYLINDRICAL_SURFACE ( 'NONE', #6217, 1.750000000000001554 ) ;
#13446 = ORIENTED_EDGE ( 'NONE', *, *, #6646, .T. ) ;
#13447 = DIRECTION ( 'NONE',  ( 1.000000000000000000, 0.000000000000000000, 0.000000000000000000 ) ) ;
#13448 = VERTEX_POINT ( 'NONE', #5512 ) ;
#13449 = EDGE_CURVE ( 'NONE', #9025, #4784, #10457, .T. ) ;
#13450 = CARTESIAN_POINT ( 'NONE',  ( 187.0936175437515487, 46.10137757176004669, 10.40000000000000213 ) ) ;
#13451 = CIRCLE ( 'NONE', #8634, 1.900000000000012790 ) ;
#13452 = DIRECTION ( 'NONE',  ( 0.000000000000000000, 1.000000000000000000, 0.000000000000000000 ) ) ;
#13453 = VERTEX_POINT ( 'NONE', #8346 ) ;
#13454 = AXIS2_PLACEMENT_3D ( 'NONE', #135, #5495, #5241 ) ;
#13455 = PLANE ( 'NONE',  #12603 ) ;
#13456 = CARTESIAN_POINT ( 'NONE',  ( 162.2757495865102726, 68.75062814824323709, -23.20859626119972674 ) ) ;
#13457 = VERTEX_POINT ( 'NONE', #8617 ) ;
#13458 = LINE ( 'NONE', #7158, #13341 ) ;
#13459 = CIRCLE ( 'NONE', #3205, 1.899999999999985034 ) ;
#13460 = LINE ( 'NONE', #11191, #2310 ) ;
#13461 = ORIENTED_EDGE ( 'NONE', *, *, #9088, .T. ) ;
#13462 = EDGE_LOOP ( 'NONE', ( #12862, #5029, #3563, #10115 ) ) ;
#13463 = AXIS2_PLACEMENT_3D ( 'NONE', #11799, #6779, #9811 ) ;
#13464 = CARTESIAN_POINT ( 'NONE',  ( 69.35833726339713223, 56.04032460332424392, 10.00000000000000000 ) ) ;
#13465 = EDGE_CURVE ( 'NONE', #12659, #9025, #2334, .T. ) ;
#13466 = ORIENTED_EDGE ( 'NONE', *, *, #2217, .T. ) ;
#13467 = CARTESIAN_POINT ( 'NONE',  ( 205.0000000000005400, 151.0007550163807366, -6.956258079325939562E-16 ) ) ;
#13468 = ADVANCED_FACE ( 'NONE', ( #6465 ), #10519, .F. ) ;
#13469 = AXIS2_PLACEMENT_3D ( 'NONE', #4247, #10351, #1202 ) ;
#13470 = DIRECTION ( 'NONE',  ( -0.7071067811865540120, 0.7071067811865410224, 0.000000000000000000 ) ) ;
#13471 = EDGE_LOOP ( 'NONE', ( #13230, #2182 ) ) ;
#13472 = CIRCLE ( 'NONE', #7566, 1.750000000000001554 ) ;
#13473 = CARTESIAN_POINT ( 'NONE',  ( 134.2762620681505155, 28.07725675849961888, 0.000000000000000000 ) ) ;
#13474 = CARTESIAN_POINT ( 'NONE',  ( 44.61730598147647697, 97.12233422291699014, 0.000000000000000000 ) ) ;
#13475 = FACE_BOUND ( 'NONE', #7609, .T. ) ;
#13476 = ORIENTED_EDGE ( 'NONE', *, *, #8623, .F. ) ;
#13477 = ORIENTED_EDGE ( 'NONE', *, *, #8751, .T. ) ;
#13478 = FACE_BOUND ( 'NONE', #10516, .T. ) ;
#13479 = DIRECTION ( 'NONE',  ( -1.000000000000000000, 0.000000000000000000, 0.000000000000000000 ) ) ;
#13480 = VECTOR ( 'NONE', #8825, 1000.000000000000000 ) ;
#13481 = ORIENTED_EDGE ( 'NONE', *, *, #11371, .T. ) ;
#13482 = CIRCLE ( 'NONE', #9553, 1.750000000000001554 ) ;
#13483 = EDGE_LOOP ( 'NONE', ( #5440, #117, #1180, #9219 ) ) ;
#13484 = EDGE_CURVE ( 'NONE', #6174, #6519, #10005, .T. ) ;
#13485 = CARTESIAN_POINT ( 'NONE',  ( 81.20734701375181430, 117.7494076238474747, 10.00000000000000000 ) ) ;
#13486 = ORIENTED_EDGE ( 'NONE', *, *, #8077, .F. ) ;
#13487 = AXIS2_PLACEMENT_3D ( 'NONE', #3397, #4093, #4392 ) ;
#13488 = CARTESIAN_POINT ( 'NONE',  ( 41.73171607547544681, 121.8673531877020793, 8.800000000000000711 ) ) ;
#13489 = AXIS2_PLACEMENT_3D ( 'NONE', #8413, #9629, #2128 ) ;
#13490 = CARTESIAN_POINT ( 'NONE',  ( 174.7485405866029851, 92.35531679854540243, 10.00000000000000000 ) ) ;
#13491 = VERTEX_POINT ( 'NONE', #12793 ) ;
#13492 = ADVANCED_BREP_SHAPE_REPRESENTATION ( '\X2\6d6e52a8677f\X0\', ( #3969, #201 ), #11986 ) ;
#13493 = CARTESIAN_POINT ( 'NONE',  ( 45.11403200266500590, 123.7087698414060526, 8.800000000000000711 ) ) ;
#13494 = ORIENTED_EDGE ( 'NONE', *, *, #1332, .T. ) ;
#13495 = VERTEX_POINT ( 'NONE', #2401 ) ;
#13497 = EDGE_CURVE ( 'NONE', #13374, #6879, #9150, .T. ) ;
#13496 = AXIS2_PLACEMENT_3D ( 'NONE', #6790, #10969, #1625 ) ;
#13498 = CARTESIAN_POINT ( 'NONE',  ( 172.4592763556042598, 56.02765497882714385, 10.00000000000000000 ) ) ;
#13499 = DIRECTION ( 'NONE',  ( 1.000000000000000000, 0.000000000000000000, 0.000000000000000000 ) ) ;
#13500 = DIRECTION ( 'NONE',  ( 1.000000000000000000, 0.000000000000000000, -0.000000000000000000 ) ) ;
#13501 = ORIENTED_EDGE ( 'NONE', *, *, #3978, .T. ) ;
#13502 = ORIENTED_EDGE ( 'NONE', *, *, #2808, .F. ) ;
#13503 = VECTOR ( 'NONE', #5262, 1000.000000000000000 ) ;
#13504 = CARTESIAN_POINT ( 'NONE',  ( 26.37377171478753013, 83.05906438913005729, 3.367389258538567631 ) ) ;
#13505 = DIRECTION ( 'NONE',  ( 0.000000000000000000, 0.000000000000000000, 1.000000000000000000 ) ) ;
#13506 = CIRCLE ( 'NONE', #8699, 1.900000000000012790 ) ;
#13507 = CARTESIAN_POINT ( 'NONE',  ( 187.0936175437515487, 82.80500000000024841, 10.40000000000000213 ) ) ;
#13508 = VERTEX_POINT ( 'NONE', #4225 ) ;
#13509 = ADVANCED_FACE ( 'NONE', ( #149 ), #1310, .F. ) ;
#13510 = DIRECTION ( 'NONE',  ( -0.000000000000000000, -0.000000000000000000, -1.000000000000000000 ) ) ;
#13511 = AXIS2_PLACEMENT_3D ( 'NONE', #5065, #4168, #11239 ) ;
#13512 = DIRECTION ( 'NONE',  ( -1.000000000000000000, 0.000000000000000000, 0.000000000000000000 ) ) ;
#13513 = ORIENTED_EDGE ( 'NONE', *, *, #5212, .T. ) ;
#13514 = DIRECTION ( 'NONE',  ( -1.000000000000000000, -0.000000000000000000, -0.000000000000000000 ) ) ;
#13515 = ORIENTED_EDGE ( 'NONE', *, *, #9377, .F. ) ;
#13516 = EDGE_CURVE ( 'NONE', #3307, #9178, #9633, .T. ) ;
#13517 = FACE_OUTER_BOUND ( 'NONE', #9631, .T. ) ;
#13518 = ORIENTED_EDGE ( 'NONE', *, *, #8862, .T. ) ;
#13519 = DIRECTION ( 'NONE',  ( 0.7071067811865474617, -0.7071067811865474617, 0.000000000000000000 ) ) ;
#13520 = CARTESIAN_POINT ( 'NONE',  ( 173.1985405866030021, 136.4482890466690037, 0.000000000000000000 ) ) ;
#13521 = CARTESIAN_POINT ( 'NONE',  ( 83.10734701375183420, 117.7494076238474747, 10.00000000000000000 ) ) ;
#13522 = ORIENTED_EDGE ( 'NONE', *, *, #2527, .F. ) ;
#13523 = EDGE_CURVE ( 'NONE', #8344, #9100, #8274, .T. ) ;
#13524 = CARTESIAN_POINT ( 'NONE',  ( 164.0992579820906201, 74.25012897327849259, 10.40000000000000213 ) ) ;
#13525 = CARTESIAN_POINT ( 'NONE',  ( 44.18123765362386735, 49.18058558616856857, 8.800000000000000711 ) ) ;
#13526 = LINE ( 'NONE', #11665, #5776 ) ;
#13527 = ORIENTED_EDGE ( 'NONE', *, *, #174, .T. ) ;
#13528 = CARTESIAN_POINT ( 'NONE',  ( 14.30000000000000249, -7.389999999999980140, 7.000000000000000000 ) ) ;
#13529 = DIRECTION ( 'NONE',  ( -1.000000000000000000, 0.000000000000000000, 0.000000000000000000 ) ) ;
#13530 = EDGE_CURVE ( 'NONE', #8719, #10786, #12646, .T. ) ;
#13531 = EDGE_CURVE ( 'NONE', #13029, #7691, #9579, .T. ) ;
#13532 = ORIENTED_EDGE ( 'NONE', *, *, #6214, .T. ) ;
#13533 = DIRECTION ( 'NONE',  ( -0.000000000000000000, -0.000000000000000000, -1.000000000000000000 ) ) ;
ENDSEC;
END-ISO-10303-21;
